year,snap_counts_coverage,snap_counts_run_defense,player_game_count,snap_counts_dl_over_t,snap_counts_fs,snap_counts_pass_rush,grades_defense,grades_run_defense,grades_pass_rush_defense,grades_tackle,snap_counts_defense,snap_counts_dl_outside_t,snap_counts_slot,player,team_name,grades_coverage_defense,grades_defense_penalty,snap_counts_dl_a_gap,player_id,snap_counts_offball,position,snap_counts_dl,snap_counts_dl_b_gap,snap_counts_box,snap_counts_corner
2023,312,243,14,0,0,4,64.7,47.7,53.3,51.4,559,5,73,Antonio Hamilton Sr.,ARZ,69.1,84.2,0,11353,554,CB,5,0,86,395
2023,390,352,12,0,380,21,64.8,67.0,49.2,79.9,763,22,92,Budda Baker,ARZ,63.1,85.2,0,11791,741,S,22,0,267,2
2023,0,18,2,10,0,25,60.4,57.9,61.4,71.9,43,1,0,Carlos Watkins,ARZ,,76.7,1,11897,0,DI,43,31,0,0
2023,0,278,12,243,0,233,36.2,30.0,60.0,52.8,511,55,0,Jonathan Ledbetter,ARZ,61.2,57.5,6,18645,0,DI,511,207,0,0
2023,215,174,10,0,6,19,60.1,58.9,64.4,61.4,408,36,14,Krys Barnes,ARZ,59.2,82.9,0,42548,372,LB,36,0,351,1
2023,3,2,1,0,0,0,22.8,54.4,,,5,0,0,Tyreek Maddox-Williams,ARZ,33.1,68.2,0,42694,5,LB,0,0,5,0
2023,3,1,1,0,4,0,62.3,60.0,,,4,0,0,Qwuantrezz Knight,ARZ,60.3,67.8,0,43322,4,S,0,0,0,0
2023,0,68,5,43,0,66,45.4,49.3,52.6,40.1,134,13,0,Ben Stille,ARZ,,38.9,2,43555,0,DI,134,76,0,0
2023,0,105,12,25,0,66,40.3,43.4,52.7,75.6,171,16,0,Naquan Jones,ARZ,60.7,18.7,36,44363,0,DI,171,94,0,0
2023,363,309,11,0,6,36,58.9,60.3,52.1,74.4,708,20,41,Kyzir White,ARZ,59.8,57.0,0,44485,688,LB,20,0,640,1
2023,0,164,11,51,0,133,46.1,40.7,54.0,46.4,297,1,0,Leki Fotu,ARZ,83.2,83.7,133,44614,0,DI,297,112,0,0
2023,0,19,2,18,0,23,51.7,52.4,55.3,69.5,42,5,0,Eric Banks,ARZ,,77.1,1,45507,0,DI,42,18,0,0
2023,0,213,14,14,0,182,65.4,64.2,60.6,36.6,395,0,0,Roy Lopez,ARZ,68.5,66.7,191,48676,0,DI,395,190,0,0
2023,0,11,1,14,0,26,36.9,47.4,42.9,23.6,37,0,0,L.J. Collier,ARZ,,75.8,0,48822,0,DI,37,23,0,0
2023,0,238,14,149,0,229,50.1,46.6,61.2,37.3,467,41,0,Kevin Strong,ARZ,60.1,56.0,67,48981,0,DI,467,210,0,0
2023,280,261,11,0,4,27,31.8,29.0,52.8,29.0,568,70,21,Josh Woods,ARZ,46.0,86.3,0,49023,498,LB,70,0,473,0
2023,510,413,15,0,174,15,71.3,54.6,69.6,70.1,938,2,377,Jalen Thompson,ARZ,77.0,39.0,0,49116,936,S,2,0,355,30
2023,21,28,2,0,0,1,39.4,53.7,60.0,56.2,50,10,3,Ezekiel Turner,ARZ,45.3,0.0,0,49167,40,LB,10,0,37,0
2023,285,174,17,0,198,8,71.1,70.1,49.3,61.9,467,12,141,Andre Chachere,ARZ,69.4,85.6,0,51194,455,S,12,0,105,11
2023,39,195,16,3,0,151,67.5,60.5,66.7,70.3,385,354,0,Victor Dimukeje,ARZ,65.8,86.0,0,56347,26,ED,359,2,25,1
2023,0,67,5,44,0,57,45.9,46.1,53.3,51.1,124,7,0,Phil Hoskins,ARZ,,80.6,20,56672,0,DI,124,53,0,0
2023,12,13,6,0,18,0,66.9,48.6,,79.4,25,0,3,Joey Blount,ARZ,72.6,73.4,0,62771,25,S,0,0,4,0
2023,112,156,17,0,0,242,67.6,44.5,81.2,52.7,510,437,58,Dennis Gardeck,ARZ,61.9,54.9,0,66928,73,ED,437,0,14,1
2023,0,245,15,262,0,288,59.3,60.1,53.8,59.0,533,47,0,Dante Stills,ARZ,67.1,72.8,10,76937,0,DI,533,214,0,0
2023,112,252,17,0,0,272,72.1,73.9,61.9,67.7,636,567,34,Zaven Collins,ARZ,67.0,88.2,0,77190,67,ED,569,2,32,1
2023,19,81,12,0,0,32,48.2,57.6,54.1,37.8,132,122,8,Jesse Luketa,ARZ,32.1,82.0,0,81361,10,ED,122,0,1,1
2023,18,137,15,2,0,200,58.5,55.7,64.8,67.4,355,341,0,Cameron Thomas,ARZ,38.9,65.5,1,82387,10,ED,345,1,10,0
2023,246,226,11,0,0,1,46.1,53.4,60.0,75.9,473,0,3,Starling Thomas V,ARZ,44.1,83.8,0,83098,473,CB,0,0,68,402
2023,43,52,2,0,0,1,45.6,59.3,60.0,37.2,96,1,0,Divaad Wilson,ARZ,40.4,76.5,0,83218,95,CB,1,0,27,68
2023,0,13,3,0,0,6,28.0,28.3,54.1,70.5,19,19,0,Tyreke Smith,ARZ,,74.4,0,83513,0,ED,19,0,0,0
2023,54,40,6,0,0,20,65.3,49.1,69.8,61.4,114,16,4,Owen Pappoe,ARZ,69.9,78.1,0,99006,98,LB,16,0,94,0
2023,232,127,9,0,8,1,56.7,53.8,59.0,59.8,360,0,292,Garrett Williams,ARZ,57.2,82.5,0,99723,360,CB,0,0,50,10
2023,281,182,8,0,0,1,53.0,50.4,60.0,54.8,464,0,5,Kei'Trel Clark,ARZ,53.4,85.1,0,104163,464,CB,0,0,50,409
2023,73,175,17,0,0,161,64.8,56.9,64.1,77.7,409,332,48,BJ Ojulari,ARZ,66.9,86.1,0,124105,77,ED,332,0,28,1
2023,10,289,17,164,0,413,80.0,80.2,68.5,31.9,712,447,5,Calais Campbell,ATL,63.1,80.9,24,4364,17,ED,695,60,12,0
2023,0,1,1,0,0,0,61.6,60.0,,,1,0,0,Keith Smith,ATL,,60.1,0,9302,1,FB,0,0,0,0
2023,19,273,16,2,0,433,56.0,65.4,51.3,35.8,725,719,3,Bud Dupree,ATL,48.6,77.5,0,9455,3,ED,722,1,0,0
2023,2,121,8,34,0,195,70.1,66.9,70.3,44.7,318,0,0,Grady Jarrett,ATL,55.6,63.9,32,9570,2,DI,316,250,2,0
2023,3,243,14,134,0,348,83.3,77.1,72.8,58.0,594,3,0,David Onyemata,ATL,68.1,36.6,34,10754,7,DI,587,416,7,0
2023,0,1,1,0,0,0,60.0,60.0,,,1,0,0,Mack Hollins,ATL,,60.0,0,11873,1,WR,0,0,0,0
2023,0,1,1,0,0,0,60.0,60.0,,,1,0,0,KhaDarel Hodge,ATL,,60.0,0,26104,1,WR,0,0,0,0
2023,0,29,2,5,0,19,62.0,62.3,57.3,72.8,48,40,0,Joe Gaziano,ATL,,80.7,0,27949,0,ED,48,3,0,0
2023,201,127,14,0,2,5,51.8,54.3,82.7,37.6,333,7,235,Mike Hughes,ATL,49.1,82.6,0,34057,326,CB,7,0,28,60
2023,1,160,13,2,0,156,47.8,47.0,52.3,75.8,317,0,0,Albert Huggins,ATL,59.4,86.0,99,36862,0,DI,317,216,0,0
2023,526,380,17,0,418,39,51.5,62.5,76.6,57.7,945,80,133,Richie Grant,ATL,42.4,88.4,0,43196,865,S,80,0,291,22
2023,2,107,13,46,0,158,55.1,57.7,59.5,43.1,267,3,0,Kentavius Street,ATL,47.3,60.4,21,48404,2,DI,265,195,2,0
2023,0,4,1,0,0,5,77.3,68.1,67.8,65.9,9,0,0,Eli Ankou,ATL,,72.5,3,48856,0,DI,9,6,0,0
2023,109,88,9,0,1,3,53.9,91.2,52.3,75.2,200,4,8,Tre Flowers,ATL,41.9,83.2,0,49059,196,CB,4,0,12,174
2023,643,476,17,0,762,15,90.6,89.8,59.2,84.7,1134,27,151,Jessie Bates III,ATL,90.2,90.3,0,49162,1107,S,27,0,188,6
2023,13,192,17,1,0,226,67.0,69.6,60.2,47.4,431,427,2,Lorenzo Carter,ATL,48.9,88.3,0,50126,2,ED,429,1,0,0
2023,45,65,5,0,0,3,77.1,75.2,68.3,62.7,113,2,15,Andre Smith,ATL,67.5,77.0,0,50897,111,LB,2,0,95,0
2023,18,4,3,0,17,2,57.5,60.0,57.2,79.0,24,1,0,Micah Abernathy,ATL,58.0,80.7,0,51344,23,S,1,0,4,1
2023,533,448,17,0,0,101,75.4,79.0,73.3,79.3,1082,214,64,Kaden Elliss,ATL,64.8,73.9,0,51485,868,LB,214,0,798,6
2023,611,454,17,0,0,0,74.6,70.0,,47.6,1065,1,30,A.J. Terrell,ATL,74.6,68.7,0,55586,1064,CB,1,0,62,972
2023,370,226,13,0,1,0,50.5,68.8,,66.9,596,3,18,Jeff Okudah,ATL,46.0,85.2,0,55674,593,CB,3,0,66,508
2023,72,138,17,3,0,175,61.4,54.8,70.1,63.0,385,362,16,Arnold Ebiketie,ATL,44.4,86.0,0,56862,20,ED,365,0,4,0
2023,2,188,15,40,0,174,59.1,59.8,58.7,55.0,364,0,0,Ta'Quon Graham,ATL,58.4,66.9,2,56868,0,DI,364,322,0,0
2023,0,2,3,0,0,1,61.2,60.0,58.3,70.6,3,2,0,DeAngelo Malone,ATL,,66.1,0,56941,1,ED,2,0,0,0
2023,73,56,2,0,0,10,50.6,48.2,56.6,43.3,139,2,16,Troy Andersen,ATL,56.0,78.6,0,57317,137,LB,2,0,118,3
2023,398,371,16,0,1,40,72.0,85.4,52.7,58.6,809,34,55,Nate Landman,ATL,56.7,85.7,0,57788,775,LB,34,0,718,1
2023,2,108,7,1,0,94,65.9,72.5,56.9,59.1,204,0,0,LaCale London,ATL,55.5,55.4,83,87179,0,DI,204,120,0,0
2023,2,177,16,65,0,164,63.0,68.2,51.2,56.2,343,255,2,Zach Harrison,ATL,60.6,88.1,0,98503,3,ED,340,20,0,0
2023,249,117,11,0,255,4,65.2,75.3,69.3,72.7,370,11,27,DeMarcco Hellams,ATL,61.3,34.6,0,98863,359,S,11,0,68,8
2023,337,220,13,0,7,14,70.0,62.8,49.5,57.5,571,12,457,Dee Alford,ATL,72.8,51.6,0,110542,559,CB,12,0,42,53
2023,231,181,7,0,2,2,59.0,65.0,55.0,46.6,414,3,33,Clark Phillips III,ATL,58.5,40.9,0,131871,411,CB,3,0,39,337
2023,22,180,19,18,0,545,82.9,74.6,79.0,46.7,747,724,0,Jadeveon Clowney,BLT,62.6,65.9,0,8636,4,ED,743,1,4,0
2023,43,143,16,0,0,376,75.0,55.7,77.2,54.4,562,541,3,Kyle Van Noy,BLT,69.5,61.0,0,8675,21,ED,541,0,15,3
2023,2,146,19,84,0,161,63.0,60.9,58.5,38.7,309,111,0,Brent Urban,BLT,62.8,86.2,0,8769,0,DI,309,114,0,0
2023,385,168,13,0,1,1,70.8,56.0,57.7,61.2,554,0,13,Ronald Darby,BLT,72.9,51.1,0,9483,554,CB,0,0,26,514
2023,81,43,7,0,69,0,69.5,55.9,,85.7,124,2,32,Daryl Worley,BLT,70.1,80.0,0,10711,122,S,2,0,18,3
2023,12,1,2,0,0,0,68.8,60.0,,78.6,13,0,13,Kevon Seymour,BLT,68.9,72.6,0,10852,13,CB,0,0,0,0
2023,18,245,19,28,0,435,80.1,77.9,72.9,48.9,698,3,0,Michael Pierce,BLT,56.6,78.0,146,11101,2,DI,696,519,2,0
2023,3,18,2,0,8,0,44.9,41.4,,22.9,21,0,4,Andrew Adams,BLT,61.1,72.4,0,11240,21,S,0,0,9,0
2023,381,167,11,0,2,5,65.3,57.9,92.8,52.4,553,5,27,Marlon Humphrey,BLT,63.2,85.5,0,11771,548,CB,5,0,37,482
2023,500,261,13,0,502,4,73.8,60.2,54.3,62.6,765,14,118,Marcus Williams,BLT,76.4,92.0,0,11797,751,S,14,0,126,5
2023,333,103,16,0,0,22,68.6,73.2,80.2,49.7,458,10,388,Arthur Maulet,BLT,64.2,83.7,0,12224,448,CB,10,0,40,20
2023,5,54,6,0,0,43,60.7,63.1,53.5,77.4,102,98,1,Jeremiah Moon,BLT,61.7,83.6,0,26453,3,ED,99,1,2,0
2023,59,131,16,0,0,36,74.3,71.1,66.5,59.8,226,188,24,Malik Harrison,BLT,69.4,83.7,0,28081,38,LB,188,0,14,0
2023,17,257,19,297,0,575,77.4,66.4,79.6,61.5,849,51,0,Nnamdi Madubuike,BLT,59.4,52.6,20,44304,5,DI,844,476,5,0
2023,812,389,18,0,14,5,67.4,68.8,73.3,65.8,1206,2,28,Brandon Stephens,BLT,65.5,89.7,0,45644,1204,CB,2,0,75,1087
2023,180,101,11,0,0,0,63.4,55.5,,83.8,281,0,5,Rock Ya-Sin,BLT,64.0,83.5,0,49564,281,CB,0,0,16,260
2023,5,180,18,86,0,267,46.6,44.6,54.5,31.2,452,32,0,Broderick Washington,BLT,54.4,86.6,34,50049,0,DI,452,300,0,0
2023,725,362,18,0,5,105,77.9,72.0,57.8,78.5,1192,67,58,Roquan Smith,BLT,83.2,37.2,0,50892,1125,LB,67,0,1060,2
2023,685,304,19,0,696,11,72.2,34.2,48.5,48.5,1000,25,110,Geno Stone,BLT,85.3,90.3,0,55967,975,S,25,0,159,10
2023,36,43,9,0,0,2,56.7,30.0,54.9,42.1,81,3,2,Del'Shawn Phillips,BLT,86.9,74.3,0,57868,78,LB,3,0,76,0
2023,732,391,19,0,7,123,73.0,66.3,67.8,49.5,1246,99,112,Patrick Queen,BLT,74.4,71.4,0,57941,1147,LB,99,0,1020,8
2023,8,186,19,29,0,324,68.1,66.9,65.0,43.9,518,17,0,Travis Jones,BLT,62.3,60.9,96,76914,0,DI,518,376,0,0
2023,87,21,3,0,0,7,65.3,71.5,74.5,59.4,115,1,100,Ar'Darius Washington,BLT,61.1,78.7,0,77848,114,CB,1,0,9,5
2023,22,117,15,6,0,352,77.5,71.7,77.4,52.0,491,479,0,Odafe Oweh,BLT,54.3,43.9,2,82161,3,ED,488,1,3,0
2023,21,6,3,0,0,1,63.1,60.8,60.0,78.5,28,2,15,Jalyn Armour-Davis,BLT,62.8,75.7,0,83120,26,CB,2,0,0,11
2023,9,19,3,0,0,55,59.0,57.9,56.8,43.8,83,80,0,David Ojabo,BLT,64.5,80.2,0,101420,3,ED,80,0,3,0
2023,684,336,17,0,301,45,86.4,48.5,92.8,66.0,1065,58,465,Kyle Hamilton,BLT,90.1,63.5,0,102684,1007,S,58,0,236,5
2023,8,35,6,0,0,6,76.3,66.3,63.3,54.9,49,11,0,Trenton Simpson,BLT,77.4,77.4,0,122157,38,LB,11,0,38,0
2023,10,165,18,18,0,163,55.9,64.5,44.9,55.5,338,317,0,Tavius Robinson,BLT,70.7,70.9,0,124147,1,ED,337,2,1,0
2023,0,86,9,0,0,103,43.3,33.3,58.2,57.1,189,0,0,Linval Joseph,BUF,75.2,84.7,137,5571,0,DI,189,52,0,0
2023,16,75,14,0,0,207,53.3,52.0,52.7,28.2,298,296,0,Von Miller,BUF,74.7,63.2,0,6154,2,ED,296,0,2,0
2023,0,5,1,0,0,0,47.5,54.4,,70.5,5,4,0,Josh Norman,BUF,,70.1,0,7649,1,CB,4,0,0,1
2023,56,33,2,0,1,4,35.0,48.7,64.4,85.4,93,0,4,A.J. Klein,BUF,35.9,76.7,0,7930,93,LB,0,0,87,1
2023,574,319,16,0,460,19,66.2,50.2,60.4,62.6,912,15,199,Micah Hyde,BUF,69.8,88.5,0,7941,897,S,15,0,227,11
2023,664,395,18,0,334,44,67.2,65.7,54.1,79.3,1103,53,218,Jordan Poyer,BUF,69.5,49.8,0,8000,1050,S,53,0,487,10
2023,0,88,9,28,0,152,82.9,74.6,80.9,29.6,240,0,0,DaQuan Jones,BUF,60.0,57.6,29,8747,2,DI,238,181,2,0
2023,2,139,14,124,0,250,35.8,30.0,57.4,25.3,391,12,0,Jordan Phillips,BUF,59.3,21.2,23,9485,1,DI,390,231,1,0
2023,20,182,19,3,0,425,58.7,56.1,64.3,29.2,627,615,0,Leonard Floyd,BUF,33.4,54.3,0,10643,3,ED,624,6,3,0
2023,8,154,18,17,0,192,46.2,48.5,54.5,28.5,354,331,0,Shaq Lawson,BUF,36.7,54.0,0,10653,2,ED,352,4,1,0
2023,13,5,4,0,0,1,53.7,55.4,60.0,76.0,19,0,1,Tyler Matakevich,BUF,57.6,72.8,0,10880,19,LB,0,0,16,0
2023,116,64,4,0,0,2,68.0,29.9,68.7,51.8,182,5,2,Tre'Davious White,BUF,79.0,5.3,0,11782,177,CB,5,0,22,153
2023,617,417,17,0,1,6,81.0,78.0,69.9,55.8,1040,16,24,Rasul Douglas,BUF,81.8,29.3,0,11854,1024,CB,16,0,78,921
2023,122,75,5,0,5,14,70.9,65.4,59.5,45.0,211,7,23,Matt Milano,BUF,73.6,11.9,0,11918,204,LB,7,0,175,1
2023,38,9,8,0,1,3,42.1,63.8,74.0,78.5,50,0,36,Siran Neal,BUF,35.8,85.6,0,27130,50,CB,0,0,10,1
2023,383,194,14,0,0,1,62.7,28.8,60.0,33.6,578,21,4,Dane Jackson,BUF,69.7,87.3,0,32989,557,CB,21,0,14,539
2023,0,0,1,0,0,1,60.0,,60.0,,1,0,0,Reggie Gilliam,BUF,,60.0,0,40951,1,FB,0,0,0,0
2023,6,272,18,372,0,539,65.6,48.5,77.3,41.0,817,45,0,Ed Oliver,BUF,67.3,30.1,11,42200,12,DI,805,377,12,0
2023,25,5,4,0,13,1,61.9,56.2,59.1,71.6,31,4,6,Damar Hamlin,BUF,64.5,75.1,0,43291,27,S,4,0,8,0
2023,1,64,8,21,0,86,59.3,47.6,71.5,37.8,151,1,0,Poona Ford,BUF,59.5,81.4,3,48875,0,DI,151,126,0,0
2023,3,161,19,51,0,249,55.2,43.5,63.5,26.9,413,1,0,Tim Settle,BUF,62.9,86.7,13,48966,1,DI,412,347,0,0
2023,0,31,2,16,0,31,38.1,30.1,60.6,31.0,62,25,0,Kendal Vickers,BUF,,79.7,0,48993,0,DI,62,21,0,0
2023,149,29,13,0,72,1,65.3,70.9,59.4,72.8,179,2,76,Cam Lewis,BUF,63.0,81.1,0,49395,177,S,2,0,27,0
2023,654,356,19,0,7,34,77.3,61.5,69.3,75.9,1044,38,770,Taron Johnson,BUF,81.0,66.8,0,49511,1006,CB,38,0,220,9
2023,293,254,16,0,1,42,90.2,86.1,72.8,54.7,589,33,53,Tyrel Dodson,BUF,88.4,53.9,0,51045,556,LB,33,0,490,11
2023,284,133,14,0,252,5,56.4,57.9,77.1,85.6,422,12,72,Taylor Rapp,BUF,57.6,4.8,0,51172,410,S,12,0,82,2
2023,1,7,1,0,0,0,63.0,60.9,,,8,1,0,Ja'Marcus Ingram,BUF,60.0,70.2,0,55738,7,CB,1,0,2,5
2023,8,181,17,3,0,249,75.8,53.0,75.0,42.8,438,433,0,A.J. Epenesa,BUF,85.2,63.4,0,56369,1,ED,437,1,0,0
2023,1,24,12,0,0,72,77.7,63.3,74.7,53.0,97,96,0,Kingsley Jonathan,BUF,60.7,81.0,0,56856,1,ED,96,0,0,0
2023,589,368,18,0,13,74,65.9,69.9,79.5,43.7,1031,17,51,Terrel Bernard,BUF,54.8,86.9,0,57739,1014,LB,17,0,947,2
2023,21,21,5,0,0,1,45.8,62.3,60.0,78.9,43,0,2,Baylon Spector,BUF,39.1,74.4,0,57782,43,LB,0,0,40,0
2023,0,0,1,0,0,1,60.0,,60.0,,1,0,0,Quintin Morris,BUF,,60.1,0,61182,1,TE,0,0,0,0
2023,19,222,18,77,0,419,87.1,79.6,75.2,38.6,660,547,0,Greg Rousseau,BUF,75.7,90.3,0,76889,4,ED,656,32,3,0
2023,552,284,16,0,1,1,83.0,75.7,58.8,83.7,837,4,5,Christian Benford,BUF,83.3,63.7,0,79181,833,CB,4,0,28,798
2023,0,0,1,0,0,1,60.0,,60.0,,1,0,0,Khalil Shakir,BUF,,60.4,0,84140,1,WR,0,0,0,0
2023,1,0,1,0,0,0,70.2,,,,1,0,0,Deonte Harty,BUF,60.7,60.0,0,91470,1,WR,0,0,0,0
2023,125,94,14,0,0,19,52.9,71.8,65.4,43.3,238,6,9,Dorian Williams,BUF,41.1,15.6,0,97694,232,LB,6,0,219,4
2023,134,74,3,0,0,2,65.7,62.3,54.9,63.6,210,6,3,Kaiir Elam,BUF,65.8,82.6,0,98693,204,CB,6,0,14,187
2023,30,35,2,0,0,3,65.3,65.8,64.3,43.2,68,0,3,Shaq Thompson,CAR,59.9,75.2,0,9458,68,LB,0,0,65,0
2023,317,160,16,0,1,16,61.3,58.4,41.0,40.7,493,3,360,Troy Hill,CAR,66.9,0.0,0,9881,490,CB,3,0,65,64
2023,0,204,16,180,0,239,50.0,46.1,58.1,32.3,443,48,0,DeShawn Williams,CAR,60.4,69.2,4,9891,0,DI,443,211,0,0
2023,195,89,13,0,0,29,66.3,43.8,72.8,47.1,313,9,51,Deion Jones,CAR,76.7,0.0,0,10686,304,LB,9,0,253,0
2023,408,367,13,0,383,2,63.9,59.8,68.2,71.1,777,19,96,Vonn Bell,CAR,63.8,86.2,0,10695,758,S,19,0,272,7
2023,151,237,16,0,0,15,48.6,40.0,70.2,32.7,403,10,28,Kamu Grugier-Hill,CAR,59.7,82.6,0,10842,392,LB,11,1,363,1
2023,32,36,2,0,39,0,28.8,34.3,,25.2,68,0,4,Matthias Farley,CAR,35.5,76.3,0,10953,68,S,0,0,25,0
2023,0,30,5,33,0,16,44.3,41.5,62.6,72.5,46,5,0,Chris Wormley,CAR,,76.4,0,11829,0,DI,46,8,0,0
2023,290,168,10,0,0,1,67.0,61.9,60.0,69.8,459,1,3,Shaquill Griffin,CAR,67.0,84.0,0,11845,458,CB,1,0,46,409
2023,427,363,14,0,446,5,80.3,73.7,50.3,67.3,795,12,121,Xavier Woods,CAR,81.7,54.8,0,11946,783,S,12,0,210,6
2023,1,0,1,0,0,0,61.6,,,,1,0,0,Tae Davis,CAR,60.0,64.2,0,26296,1,LB,0,0,1,0
2023,0,329,17,2,0,218,52.9,52.8,57.8,44.9,547,0,0,Shy Tuttle,CAR,60.0,46.4,394,37279,0,DI,547,151,0,0
2023,107,75,3,0,0,1,62.4,53.0,56.2,42.7,183,1,1,Dicaprio Bootle,CAR,64.1,80.9,0,42913,182,CB,1,0,16,165
2023,144,128,12,0,2,13,57.7,68.1,58.4,62.8,285,14,143,Jeremy Chinn,CAR,51.6,79.7,0,43179,271,S,14,0,107,19
2023,149,140,8,0,173,0,58.0,38.4,,29.2,289,3,51,Sam Franklin Jr.,CAR,65.4,84.4,0,43580,286,S,3,0,58,4
2023,0,427,17,481,0,511,90.1,90.0,78.1,74.9,938,20,0,Derrick Brown,CAR,67.3,47.3,35,43883,0,DI,938,402,0,0
2023,69,366,16,0,0,379,73.8,62.7,75.2,48.9,814,804,5,Brian Burns,CAR,77.7,51.2,0,44522,10,ED,804,0,4,1
2023,481,420,16,0,0,1,64.3,52.3,60.0,47.2,902,2,5,Donte Jackson,CAR,66.6,87.7,0,49377,900,CB,2,0,84,811
2023,0,238,17,63,0,130,63.4,65.4,55.0,42.5,368,6,0,Nick Thurman,CAR,60.0,66.2,151,49607,0,DI,368,148,0,0
2023,19,51,7,0,0,72,71.9,84.3,56.5,61.2,142,138,3,Marquis Haynes Sr.,CAR,60.1,81.9,0,50244,4,ED,138,0,0,1
2023,422,463,17,0,4,104,80.0,74.0,90.1,50.5,989,83,28,Frankie Luvu,CAR,67.7,86.1,0,51028,906,LB,83,0,873,1
2023,198,206,11,0,0,3,45.4,46.9,79.2,61.3,407,2,0,CJ Henderson,CAR,43.9,83.3,0,55593,405,CB,2,0,53,352
2023,25,10,1,0,0,0,65.2,61.5,,34.9,35,0,30,A.J. Parker,CAR,65.0,73.6,0,55983,35,CB,0,0,5,0
2023,52,221,12,38,0,192,65.4,66.4,65.2,49.9,465,401,11,Yetur Gross-Matos,CAR,56.3,54.8,0,56444,11,ED,454,15,0,0
2023,0,217,17,236,0,139,54.6,59.2,44.9,65.4,356,4,0,LaBryan Ray,CAR,60.7,83.2,1,56501,0,DI,356,115,0,0
2023,14,134,13,5,0,83,50.4,53.1,53.3,48.6,231,220,4,DJ Johnson,CAR,43.9,83.3,0,56704,5,ED,226,1,1,0
2023,17,27,2,0,0,3,54.3,55.2,55.9,79.4,47,0,1,Chandler Wooten,CAR,58.3,75.9,0,57726,47,LB,0,0,46,0
2023,81,73,4,0,98,1,56.6,58.4,60.0,29.0,155,0,19,Alex Cook,CAR,56.6,81.7,0,61805,155,S,0,0,38,0
2023,59,46,7,0,0,2,47.2,53.1,77.3,78.9,107,0,2,D'Shawn Jamison,CAR,43.5,78.5,0,76791,107,CB,0,0,16,89
2023,12,35,7,0,0,30,65.6,63.6,59.3,29.4,77,74,2,Eku Leota,CAR,66.5,79.0,0,82363,2,ED,75,1,0,0
2023,150,125,6,0,0,0,84.1,79.7,,79.1,275,3,0,Jaycee Horn,CAR,83.0,82.1,0,83375,272,CB,3,0,31,241
2023,39,23,5,0,2,2,64.8,63.5,70.4,58.2,64,0,38,Jammie Robinson,CAR,62.0,75.6,0,98836,64,S,0,0,24,0
2023,12,89,12,0,0,88,64.0,72.8,58.0,60.0,189,185,2,Amare Barno,CAR,49.8,49.7,0,99780,2,ED,187,2,0,0
2023,1,9,1,0,0,0,41.8,43.9,,,10,1,1,Sam Webb,CAR,60.0,68.4,0,134606,9,CB,1,0,5,3
2023,18,166,13,4,0,408,39.9,37.7,47.6,28.9,592,586,0,Yannick Ngakoue,CHI,52.6,70.8,0,10703,2,ED,590,0,1,1
2023,2,239,17,19,0,265,66.3,55.3,75.2,41.2,506,0,0,Andrew Billings,CHI,73.8,61.9,306,10756,1,DI,505,180,1,0
2023,10,229,17,169,0,475,59.1,57.9,64.0,55.5,714,469,0,DeMarcus Walker,CHI,52.3,72.0,6,11806,2,ED,712,68,2,0
2023,417,227,12,0,494,2,58.6,55.3,58.9,60.9,646,8,70,Eddie Jackson,CHI,60.0,55.4,0,11867,638,S,8,0,64,10
2023,1,2,2,0,0,0,50.1,60.0,,,3,1,1,Dylan Cole,CHI,60.5,68.9,0,24304,2,LB,1,0,0,1
2023,11,235,17,9,0,518,74.8,72.9,70.6,75.1,764,751,0,Montez Sweat,CHI,51.9,75.6,0,27271,1,ED,763,3,0,1
2023,609,356,17,0,8,77,79.6,76.5,74.5,71.8,1042,76,76,T.J. Edwards,CHI,75.4,85.0,0,30737,966,LB,76,0,872,10
2023,1,4,1,3,0,21,67.7,60.3,52.2,69.2,26,22,0,Khalid Kareem,CHI,63.1,78.5,0,42993,0,ED,26,1,0,0
2023,5,155,17,29,0,225,50.6,48.7,52.1,44.9,385,348,0,Rasheem Green,CHI,66.0,73.8,0,48731,1,ED,384,7,1,0
2023,13,240,17,255,0,487,49.3,47.4,52.5,38.2,740,9,0,Justin Jones,CHI,62.8,67.7,16,48940,0,DI,740,460,0,0
2023,102,35,5,0,3,13,66.6,80.3,53.8,70.5,150,0,130,Greg Stroman Jr.,CHI,67.6,0.0,0,49354,150,CB,0,0,14,3
2023,96,49,11,0,2,3,61.8,70.4,70.8,72.4,148,2,31,Jaylon Jones,CHI,61.0,0.0,0,49374,146,CB,2,0,7,106
2023,546,287,15,0,24,43,56.6,57.5,42.5,61.4,876,16,56,Tremaine Edmunds,CHI,58.3,86.3,0,50905,860,LB,16,0,776,4
2023,322,163,14,0,382,2,46.2,67.4,76.5,29.8,487,5,42,Elijah Hicks,CHI,40.2,86.8,0,55584,482,S,5,0,53,5
2023,11,9,3,0,0,1,28.5,84.4,60.3,83.1,21,1,15,Josh Blackwell,CHI,24.8,72.8,0,55589,20,CB,1,0,3,2
2023,530,279,14,0,1,0,90.1,67.2,,46.4,809,29,19,Jaylon Johnson,CHI,90.4,88.8,0,56259,780,CB,29,0,13,747
2023,6,0,1,0,6,0,62.6,,,,6,0,0,A.J. Thomas,CHI,61.8,74.8,0,56309,6,S,0,0,0,0
2023,10,77,11,5,0,155,35.3,33.2,45.5,44.4,242,232,0,Dominique Robinson,CHI,62.9,41.6,0,61436,4,ED,238,1,4,0
2023,23,12,3,0,23,0,57.4,61.9,,78.0,35,1,3,Quindell Johnson,CHI,56.6,77.5,0,76689,34,S,1,0,8,0
2023,192,199,17,0,3,21,67.3,71.1,56.3,51.7,412,48,73,Jack Sanborn,CHI,63.8,46.0,0,82566,364,LB,48,0,288,0
2023,262,115,11,0,0,0,69.6,83.2,,71.6,377,8,6,Terell Smith,CHI,65.4,85.0,0,83302,369,CB,8,0,19,344
2023,427,179,13,0,7,40,65.6,58.3,54.8,70.2,646,18,501,Kyler Gordon,CHI,68.2,55.6,0,83451,628,CB,18,0,98,22
2023,553,277,16,0,0,0,60.2,60.6,,66.4,830,13,23,Tyrique Stevenson,CHI,59.1,87.3,0,97562,817,CB,13,0,82,712
2023,1,115,17,27,0,148,54.9,44.1,62.9,36.7,264,0,0,Zacch Pickens,CHI,74.7,84.1,54,98911,2,DI,262,181,2,0
2023,572,300,15,0,316,24,66.7,71.7,81.8,78.3,896,41,113,Jaquan Brisker,CHI,62.4,41.1,0,101665,855,S,41,0,392,34
2023,2,134,17,71,0,297,50.9,36.2,65.9,38.5,433,8,0,Gervon Dexter Sr.,CHI,55.2,70.4,25,124374,1,DI,432,328,1,0
2023,4,23,5,0,0,0,86.5,74.8,,77.6,27,2,5,Noah Sewell,CHI,78.8,72.0,0,131722,25,LB,2,0,20,0
2023,4,217,14,7,0,314,82.2,75.3,79.1,29.0,535,0,0,DJ Reader,CIN,59.8,59.7,106,10800,1,DI,534,421,1,0
2023,540,285,17,0,34,51,77.4,64.2,61.7,58.7,876,20,678,Mike Hilton,CIN,80.4,63.0,0,10898,856,CB,20,0,125,19
2023,16,9,2,0,0,0,46.8,60.4,,72.5,25,1,2,Sidney Jones IV,CIN,44.6,74.5,0,11798,24,CB,1,0,1,21
2023,446,273,15,0,1,3,62.6,68.0,56.2,72.1,722,5,53,Chidobe Awuzie,CIN,62.3,32.3,0,11815,717,CB,5,0,74,589
2023,30,243,17,10,0,469,82.3,51.0,90.7,60.9,742,721,0,Trey Hendrickson,CIN,47.5,51.6,0,11858,4,ED,738,7,2,2
2023,0,150,14,1,0,137,52.1,50.3,55.7,53.5,287,0,0,Josh Tupou,CIN,60.0,83.9,88,12093,0,DI,287,198,0,0
2023,530,392,17,0,6,53,63.3,57.3,63.5,66.4,975,108,59,Germaine Pratt,CIN,65.3,86.9,0,29407,867,LB,108,0,790,12
2023,611,402,17,0,15,55,62.6,66.5,60.1,76.6,1068,54,74,Logan Wilson,CIN,57.9,86.2,0,29623,1014,LB,54,0,921,4
2023,40,50,11,0,0,8,58.7,57.3,69.8,55.0,98,20,8,Akeem Davis-Gaither,CIN,56.7,78.1,0,34788,78,LB,20,0,70,0
2023,3,2,3,0,0,0,70.0,60.0,,83.6,5,1,0,Devin Harper,CIN,64.1,68.9,0,42494,4,LB,1,0,3,0
2023,4,4,6,0,0,2,55.5,68.3,59.6,73.3,10,4,0,Joe Bachie,CIN,45.6,70.0,0,43250,6,LB,4,0,6,0
2023,54,250,15,19,0,409,61.9,61.1,57.5,60.9,713,672,2,Sam Hubbard,CIN,73.6,62.6,0,48457,14,ED,699,8,12,0
2023,360,181,17,0,247,28,44.0,53.6,75.0,61.0,569,22,86,Nick Scott,CIN,38.8,83.2,0,49012,547,S,22,0,194,20
2023,12,16,8,0,1,1,60.8,73.3,60.0,77.7,29,5,5,Markus Bailey,CIN,49.5,74.4,0,49681,24,LB,5,0,18,0
2023,8,269,17,114,0,499,67.7,63.3,65.8,58.3,776,21,0,B.J. Hill,CIN,67.9,59.9,54,49894,1,DI,775,586,1,0
2023,35,18,12,0,0,0,51.4,72.4,,36.2,53,0,34,Jalen Davis,CIN,46.5,75.5,0,50431,53,CB,0,0,9,10
2023,0,241,17,57,0,259,51.2,49.1,53.9,57.3,500,3,0,Zach Carter,CIN,66.5,71.9,14,56349,0,DI,500,426,0,0
2023,12,155,17,61,0,208,61.6,61.8,62.4,82.2,375,291,0,Cam Sample,CIN,49.8,69.6,0,56462,1,ED,374,22,0,1
2023,0,54,10,6,0,42,47.8,47.2,54.3,56.3,96,0,0,Jay Tufele,CIN,60.0,80.3,4,56913,0,DI,96,86,0,0
2023,14,7,5,0,0,0,86.8,60.2,,72.8,21,0,4,DJ Ivey,CIN,88.5,75.5,0,76670,21,CB,0,0,0,17
2023,8,60,14,40,0,109,68.4,64.2,64.1,31.0,177,126,0,Joseph Ossai,CIN,65.9,82.9,0,77205,2,ED,175,9,1,1
2023,0,22,2,2,0,8,51.9,53.6,54.4,69.5,30,0,0,Travis Bell,CIN,,77.0,12,79253,0,DI,30,16,0,0
2023,420,233,12,0,0,0,64.5,46.7,,49.3,653,3,41,Cam Taylor-Britt,CIN,70.3,5.3,0,83326,650,CB,3,0,64,545
2023,649,413,17,0,605,27,50.9,70.9,67.2,76.6,1089,37,187,Dax Hill,CIN,43.0,29.7,0,97519,1052,S,37,0,230,30
2023,283,219,17,0,250,22,82.5,81.3,69.6,76.7,524,17,44,Jordan Battle,CIN,76.4,82.0,0,98857,507,S,17,0,201,12
2023,518,309,17,0,0,0,51.5,64.4,63.8,68.9,827,1,55,DJ Turner II,CIN,48.4,88.0,0,101376,826,CB,1,0,36,735
2023,14,125,17,12,0,165,58.2,50.3,64.3,51.5,304,288,0,Myles Murphy,CIN,58.6,66.7,0,122154,0,ED,304,4,0,0
2023,169,106,10,0,136,5,54.1,61.3,52.5,50.3,280,15,69,Rodney McLeod,CLV,52.5,83.0,0,7271,265,S,15,0,48,12
2023,139,76,7,0,87,7,60.4,49.9,69.4,89.9,222,6,35,Duron Harmon,CLV,62.3,78.7,0,7872,216,S,6,0,87,7
2023,6,203,18,30,0,253,70.8,68.8,75.3,43.1,462,4,0,Shelby Harris,CLV,59.8,16.9,15,8869,1,DI,461,412,1,0
2023,15,186,17,38,0,402,83.1,59.6,86.8,44.8,603,528,1,Za'Darius Smith,CLV,87.1,29.6,0,9555,24,ED,579,13,23,0
2023,21,301,17,8,0,522,93.9,83.7,94.7,65.7,844,818,0,Myles Garrett,CLV,59.5,7.6,0,11756,16,ED,828,2,16,0
2023,5,239,17,28,0,406,61.2,49.2,72.6,35.8,650,5,0,Dalvin Tomlinson,CLV,60.0,55.6,53,11810,0,DI,650,564,0,0
2023,245,177,12,0,10,32,71.1,59.1,54.9,56.6,454,15,21,Anthony Walker Jr.,CLV,76.8,83.9,0,11916,439,LB,15,0,406,2
2023,321,249,16,0,14,38,70.7,68.2,54.3,58.1,608,16,13,Sione Takitaki,CLV,70.2,83.1,0,12666,592,LB,16,0,564,1
2023,3,26,2,0,0,50,66.0,76.6,57.4,74.2,79,60,0,Sam Kamara,CLV,60.4,26.5,0,24176,0,ED,79,19,0,0
2023,41,46,10,0,0,9,44.2,46.2,73.7,29.5,96,10,10,Matthew Adams,CLV,44.1,78.5,1,38526,83,LB,13,2,72,1
2023,26,30,4,0,1,4,62.1,49.5,51.1,58.8,60,1,0,Jordan Kunaszyk,CLV,73.1,76.4,0,38548,59,LB,1,0,58,0
2023,3,126,13,56,0,173,81.0,76.5,75.9,47.5,302,6,0,Maurice Hurst,CLV,67.5,10.0,4,38563,0,DI,302,236,0,0
2023,419,236,14,0,1,2,69.4,63.1,55.5,56.1,657,1,22,Denzel Ward,CLV,69.4,86.3,0,49558,656,CB,1,0,30,603
2023,15,157,15,6,0,287,65.3,59.3,62.8,82.7,459,441,0,Ogbo Okoronkwo,CLV,75.2,75.4,0,50130,11,ED,448,1,11,0
2023,377,261,12,0,501,5,66.5,72.0,83.8,76.0,643,11,61,Juan Thornhill,CLV,62.6,53.6,0,50426,632,S,11,0,67,3
2023,108,45,12,0,1,6,56.8,29.7,64.7,74.6,159,2,56,Mike Ford,CLV,64.2,0.0,0,50535,157,CB,2,0,9,91
2023,2,224,18,23,0,240,47.3,45.1,63.9,48.7,466,2,0,Jordan Elliott,CLV,65.5,6.6,7,56734,0,DI,466,434,0,0
2023,113,124,17,0,1,16,50.6,50.5,48.2,69.9,253,20,8,Tony Fields II,CLV,55.9,78.7,0,57698,233,LB,20,0,224,0
2023,406,316,17,1,9,80,76.8,66.9,87.4,56.2,802,115,47,Jeremiah Owusu-Koramoah,CLV,73.2,65.4,0,58089,686,LB,116,0,620,10
2023,399,298,13,0,122,41,70.0,53.4,71.5,55.0,738,91,183,Grant Delpit,CLV,75.5,83.9,0,60685,647,S,91,0,327,15
2023,17,0,1,0,0,2,59.3,,55.6,74.8,19,0,17,Tanner McCalister,CLV,60.5,72.8,0,76591,19,CB,0,0,2,0
2023,56,48,7,0,0,0,67.2,53.6,,54.0,104,0,2,Kahlef Hailassie,CLV,69.9,79.1,0,83072,104,CB,0,0,10,92
2023,24,20,1,0,0,0,73.5,34.0,,28.9,44,0,1,Vincent Gray,CLV,85.3,76.5,0,83297,44,CB,0,0,3,40
2023,480,293,15,0,8,22,66.0,48.2,64.4,30.1,795,6,412,Greg Newsome II,CLV,69.9,61.4,0,83341,789,CB,6,0,83,286
2023,209,63,14,0,2,11,58.6,40.0,68.4,42.9,283,6,203,Cameron Mitchell,CLV,60.5,82.4,0,97340,277,CB,6,0,27,45
2023,232,88,11,0,272,2,70.6,61.2,57.4,71.5,322,2,27,Ronnie Hickman Jr.,CLV,70.2,83.7,0,97702,320,S,2,0,20,1
2023,566,331,17,0,1,0,63.2,59.5,,34.4,897,1,18,Martin Emerson Jr.,CLV,63.6,66.3,0,97872,896,CB,1,0,54,823
2023,13,163,17,28,0,231,55.6,52.1,61.6,62.0,407,351,0,Alex Wright,CLV,60.2,44.9,0,98318,1,ED,406,27,1,0
2023,1,47,5,5,0,55,29.0,31.3,51.5,67.3,103,0,0,Siaki Ika,CLV,59.7,0.0,5,98328,0,DI,103,93,0,0
2023,6,18,6,0,0,2,70.3,68.8,57.8,75.7,26,4,1,Mohamoud Diabate,CLV,62.8,70.4,0,98780,22,LB,4,0,21,0
2023,3,34,4,1,0,56,46.9,35.2,64.6,53.5,93,91,0,Isaiah McGuire,CLV,62.0,33.8,0,98948,1,ED,92,0,1,0
2023,159,87,13,0,103,10,76.3,81.7,59.5,77.7,256,17,61,D'Anthony Bell,CLV,69.8,81.0,0,111578,239,S,17,0,74,1
2023,622,433,18,0,2,0,71.2,72.9,,76.2,1055,4,58,Stephon Gilmore,DAL,69.3,88.0,0,7016,1051,CB,4,0,76,915
2023,2,198,15,18,0,187,53.6,52.4,62.0,50.2,387,1,0,Johnathan Hankins,DAL,65.4,34.9,145,7830,0,DI,387,223,0,0
2023,8,238,18,79,0,401,91.0,92.2,79.3,49.7,647,507,0,DeMarcus Lawrence,DAL,64.9,57.8,7,8669,12,ED,635,42,12,0
2023,14,3,2,0,0,0,69.2,60.0,,75.4,17,0,0,C.J. Goodwin,DAL,69.3,82.1,0,9243,17,CB,0,0,0,16
2023,4,65,18,10,0,206,63.8,62.0,69.9,32.0,275,259,0,Dante Fowler Jr.,DAL,64.3,0.0,1,9436,3,ED,272,2,2,0
2023,0,24,3,0,0,6,42.4,44.4,57.3,69.8,30,0,0,Carl Davis Jr.,DAL,,76.3,14,9523,0,DI,30,16,0,0
2023,469,359,17,0,169,32,44.9,54.7,60.7,69.5,860,87,186,Jayron Kearse,DAL,43.6,10.1,0,10878,773,S,87,0,381,37
2023,530,326,17,0,721,6,77.2,88.3,53.1,74.6,862,12,43,Malik Hooker,DAL,71.7,88.5,0,11770,850,S,12,0,82,4
2023,491,273,17,0,3,7,50.1,90.8,48.3,74.4,771,11,635,Jourdan Lewis,DAL,39.5,34.4,0,11846,760,CB,11,0,104,18
2023,1,145,18,45,0,158,59.5,54.6,66.5,65.2,304,2,0,Neville Gallimore,DAL,59.9,59.0,30,28094,1,DI,303,226,1,0
2023,71,30,2,0,0,0,80.7,62.0,,80.7,101,1,6,Trevon Diggs,DAL,82.8,79.1,0,41817,100,CB,1,0,12,82
2023,2,130,18,136,0,190,66.1,49.9,75.0,48.6,322,20,0,Chauncey Golston,DAL,60.6,84.7,2,42718,2,DI,320,162,1,0
2023,1,303,18,174,0,372,77.0,65.1,78.7,40.9,676,10,0,Osa Odighizuwa,DAL,66.8,65.3,20,42754,1,DI,675,471,0,0
2023,2,1,3,0,0,0,75.2,60.0,,,3,0,0,KaVontae Turpin,DAL,76.6,60.0,0,47658,3,WR,0,0,0,0
2023,10,168,18,58,0,290,69.6,58.1,69.7,71.4,468,321,0,Dorance Armstrong,DAL,72.4,74.1,1,48557,33,ED,435,55,31,0
2023,453,303,16,0,296,20,66.2,62.1,80.7,56.8,776,49,92,Donovan Wilson,DAL,66.6,37.3,0,49408,727,S,49,0,321,18
2023,25,39,7,0,0,8,45.8,47.2,50.2,80.2,72,10,4,Rashaan Evans,DAL,54.7,91.3,0,50213,62,LB,10,0,57,0
2023,0,7,1,0,5,0,50.5,53.7,,23.7,7,0,0,Sheldrick Redwine,DAL,,67.2,0,50458,7,S,0,0,2,0
2023,0,6,1,0,0,0,44.1,49.3,,28.8,6,2,0,Malik Jefferson,DAL,,69.4,0,50884,4,LB,2,0,4,0
2023,133,105,5,1,0,31,65.5,70.0,51.0,89.0,269,65,19,Leighton Vander Esch,DAL,62.4,84.3,0,50950,203,LB,66,0,183,1
2023,401,279,18,0,1,21,76.8,62.5,67.8,78.1,701,22,56,Markquese Bell,DAL,83.5,57.7,0,56033,679,LB,22,0,608,12
2023,614,402,18,0,0,4,89.5,90.0,69.6,70.7,1020,5,107,DaRon Bland,DAL,86.4,89.1,0,56158,1015,CB,5,0,77,830
2023,1,1,1,0,0,0,67.4,60.7,,75.8,2,0,1,Buddy Johnson,DAL,62.2,64.4,0,58189,2,LB,0,0,1,0
2023,0,1,2,0,0,1,51.2,60.0,60.0,68.5,2,0,0,Peyton Hendershot,DAL,60.0,60.1,0,60915,2,TE,0,0,0,0
2023,17,8,2,0,0,0,31.9,60.8,,,25,0,1,Noah Igbinoghene,DAL,29.7,74.9,0,61155,25,CB,0,0,1,23
2023,2,0,2,0,0,0,34.0,,,95.4,2,0,0,Jalen Tolbert,DAL,20.4,64.9,0,61637,2,WR,0,0,0,0
2023,0,0,1,0,0,1,60.0,,60.0,,1,0,0,Princeton Fant,DAL,,60.0,0,62982,1,TE,0,0,0,0
2023,110,79,14,0,58,3,81.1,58.3,53.3,47.2,192,3,39,Juanyeh Thomas,DAL,85.9,80.0,0,76655,189,S,3,0,73,16
2023,387,393,18,2,0,54,62.7,56.8,55.5,83.6,834,103,50,Damone Clark,DAL,68.8,65.8,0,81282,729,LB,105,0,674,4
2023,19,359,18,20,0,532,92.4,65.9,93.7,66.7,910,765,1,Micah Parsons,DAL,68.6,37.8,4,81360,109,ED,801,12,108,0
2023,47,30,10,0,33,0,76.3,69.7,,78.8,77,0,5,Israel Mukuamu,DAL,73.3,77.3,0,83377,77,S,0,0,5,32
2023,0,0,1,0,0,1,60.0,,60.0,,1,0,0,Hunter Luepke,DAL,,60.0,0,91319,1,FB,0,0,0,0
2023,8,113,18,36,0,193,68.2,62.2,73.0,68.1,314,267,0,Sam Williams,DAL,58.3,28.2,0,99106,4,ED,310,7,1,0
2023,33,19,8,0,0,0,60.1,64.6,,29.5,52,0,0,Nahshon Wright,DAL,58.2,83.5,0,100412,52,CB,0,0,5,45
2023,0,152,18,39,0,156,47.2,31.8,70.0,74.3,308,0,0,Mazi Smith,DAL,61.1,86.3,48,101419,1,DI,307,220,0,0
2023,10,11,7,0,0,11,40.7,69.6,51.2,24.5,32,19,1,Tyrus Wheat,DAL,30.0,77.8,0,124191,13,ED,19,0,11,0
2023,6,249,16,1,0,208,49.8,50.4,57.8,28.8,463,0,0,Mike Purcell,DEN,45.2,58.8,369,8530,4,DI,459,89,2,0
2023,0,1,1,0,0,0,60.0,60.0,,,1,0,0,Michael Burton,DEN,,60.0,0,9601,1,FB,0,0,0,0
2023,573,433,17,0,2,83,61.2,78.2,75.9,48.4,1089,19,84,Alex Singleton,DEN,42.9,48.0,0,9994,1070,LB,19,0,980,4
2023,597,378,15,0,594,10,67.9,77.6,71.3,72.1,985,13,144,Justin Simmons,DEN,63.4,60.4,0,10732,972,S,13,0,230,3
2023,0,1,1,0,0,0,60.0,60.0,,,1,0,0,Dwayne Washington,DEN,,60.0,0,10870,1,HB,0,0,0,0
2023,465,272,15,0,2,2,62.4,55.5,54.6,64.6,739,2,33,Fabian Moreau,DEN,62.9,87.0,0,11836,737,CB,2,0,62,640
2023,2,236,16,49,0,330,56.2,49.0,58.5,27.2,568,3,0,D.J. Jones,DEN,76.2,87.5,95,11953,2,DI,566,419,2,0
2023,1,3,3,0,0,0,69.8,60.0,,,4,0,0,Tremon Smith,DEN,60.0,79.9,0,28196,4,CB,0,0,1,0
2023,0,3,3,0,0,0,60.0,60.0,,,3,0,0,Justin Strnad,DEN,,99.9,0,42659,3,LB,0,0,0,0
2023,82,333,17,0,0,421,65.2,65.7,71.0,61.9,836,819,4,Jonathon Cooper,DEN,36.0,61.3,0,43021,15,ED,821,2,9,1
2023,0,17,3,11,0,14,44.4,37.7,67.7,69.2,31,0,0,Elijah Garcia,DEN,,75.5,1,44498,0,DI,31,19,0,0
2023,1,21,3,6,0,20,29.8,29.7,51.5,66.8,42,2,0,Tyler Lancaster,DEN,60.0,77.9,12,48604,0,DI,42,22,0,0
2023,4,349,17,489,0,560,71.9,66.6,68.8,42.5,913,123,0,Zach Allen,DEN,63.4,71.8,15,49605,4,DI,909,282,2,0
2023,404,320,16,0,0,72,67.2,63.1,71.6,75.5,796,6,59,Josey Jewell,DEN,64.2,85.2,0,50720,790,LB,6,0,729,1
2023,0,1,1,0,0,0,60.0,60.0,,,1,0,0,Ben Niemann,DEN,,60.5,0,51099,1,LB,0,0,0,0
2023,334,193,12,0,317,11,64.0,74.8,93.3,59.1,538,7,79,P.J. Locke,DEN,55.2,18.7,0,51189,531,S,7,0,132,3
2023,253,184,12,0,0,3,35.2,34.2,53.4,29.5,440,0,12,Damarri Mathis,DEN,36.7,84.8,0,56143,440,CB,0,0,39,387
2023,0,114,17,76,0,112,46.6,46.1,54.2,29.6,226,15,0,Matt Henningsen,DEN,58.9,83.7,13,56484,2,DI,224,120,0,0
2023,35,164,10,0,0,246,74.5,80.7,74.7,53.8,445,439,5,Baron Browning,DEN,46.4,22.8,0,58095,6,ED,439,0,1,0
2023,1,1,1,0,0,0,62.5,60.0,,,2,0,0,Caden Sterns,DEN,60.0,62.6,0,76725,2,S,0,0,2,0
2023,19,65,7,0,0,65,38.9,40.3,52.4,29.2,149,146,2,Ronnie Perkins,DEN,44.8,53.8,0,76830,3,ED,146,0,0,1
2023,50,198,15,0,0,276,64.0,53.9,69.5,28.1,524,510,2,Nik Bonitto,DEN,56.4,72.8,0,77196,14,ED,510,0,11,1
2023,105,104,10,0,147,3,40.9,33.1,81.8,46.0,212,3,15,Delarrin Turner-Yell,DEN,48.3,83.3,0,77836,209,S,3,0,44,1
2023,669,446,17,0,0,6,69.0,78.7,74.0,84.4,1121,0,29,Pat Surtain II,DEN,64.7,89.4,0,83119,1121,CB,0,0,92,999
2023,21,3,8,0,0,1,66.5,60.0,59.1,84.2,25,0,12,Riley Moss,DEN,65.0,80.5,0,83259,25,CB,0,0,8,3
2023,0,2,2,0,0,0,60.0,60.0,,,2,0,0,Nate Adkins,DEN,,60.0,0,87625,2,TE,0,0,0,0
2023,0,1,1,0,0,0,60.0,60.0,,,1,0,0,Michael Bandy,DEN,,60.0,0,91824,1,WR,0,0,0,0
2023,2,232,17,194,0,295,52.0,52.8,51.3,58.2,529,22,0,Jonathan Harris,DEN,60.5,86.2,1,94361,1,DI,528,311,0,0
2023,439,209,15,0,0,21,68.4,84.9,67.7,55.0,669,5,605,Ja'Quan McMillian,DEN,62.1,85.5,0,100931,664,CB,5,0,41,17
2023,0,0,1,0,0,1,59.1,,58.5,,1,1,0,JL Skinner,DEN,,65.0,0,101311,0,S,1,0,0,0
2023,0,1,1,0,0,0,60.0,60.0,,,1,0,0,Marvin Mims Jr.,DEN,,60.0,0,122937,1,WR,0,0,0,0
2023,74,113,15,0,0,73,37.2,46.0,52.3,30.0,260,126,19,Drew Sanders,DEN,37.0,44.5,0,123933,134,LB,126,0,110,3
2023,0,11,4,0,0,9,31.2,48.6,51.5,27.7,20,20,0,Thomas Incoom,DEN,,0.0,0,145694,0,ED,20,0,0,0
2023,0,66,5,32,0,86,50.3,48.1,52.3,73.5,152,1,0,Tyson Alualu,DET,61.3,81.7,6,5535,0,DI,152,113,0,0
2023,23,110,19,14,0,197,66.8,63.1,63.8,28.0,330,307,0,Romeo Okwara,DET,59.9,88.4,0,11250,0,ED,330,9,0,0
2023,24,68,13,1,0,199,55.9,64.8,53.7,69.4,291,278,1,Charles Harris,DET,64.6,42.8,0,11777,12,ED,279,0,10,1
2023,690,395,19,0,3,104,69.8,70.4,72.6,41.5,1189,52,122,Alex Anzalone,DET,66.1,36.1,0,11831,1137,LB,52,0,993,19
2023,826,427,20,0,7,8,52.3,67.2,61.5,55.8,1261,22,48,Cameron Sutton,DET,49.0,72.6,0,11850,1239,CB,22,0,84,1100
2023,85,14,13,0,5,22,88.6,93.6,76.3,66.6,121,7,18,Jalen Reeves-Maybin,DET,73.5,77.4,0,11879,114,LB,7,0,84,7
2023,50,29,4,0,0,1,52.4,56.8,60.0,78.0,80,0,3,Khalil Dorsey,DET,51.9,77.7,0,27819,80,CB,0,0,10,67
2023,1,57,13,29,0,106,68.5,58.3,68.7,37.6,164,2,0,Levi Onwuzurike,DET,62.4,82.0,0,43679,0,DI,164,133,0,0
2023,4,271,20,25,0,327,39.1,32.3,56.4,31.7,602,2,0,Benito Jones,DET,55.5,75.4,124,44035,0,DI,602,451,0,0
2023,19,19,9,0,0,82,60.2,72.7,62.5,75.7,120,118,1,Julian Okwara,DET,47.3,41.0,0,44152,2,ED,118,0,1,0
2023,271,115,9,0,1,2,49.0,63.6,74.9,76.4,388,2,12,Kindle Vildor,DET,45.5,84.0,0,49346,386,CB,2,0,27,346
2023,197,84,6,0,153,10,61.7,65.5,50.7,39.8,291,9,35,C.J. Gardner-Johnson,DET,64.2,0.0,0,49371,282,S,9,0,83,11
2023,1,1,1,0,0,0,60.6,60.0,,,2,0,0,Emmanuel Moseley,DET,60.0,64.3,0,50430,2,CB,0,0,1,1
2023,360,172,12,0,274,9,62.8,67.7,84.3,69.2,541,19,114,Tracy Walker III,DET,57.8,84.0,0,51266,522,S,19,0,127,7
2023,126,61,14,0,0,8,43.0,57.1,46.4,58.6,195,1,115,Will Harris,DET,41.4,80.1,0,51336,194,CB,1,0,25,54
2023,356,159,14,0,233,20,82.1,74.4,90.4,54.4,535,10,113,Ifeatu Melifonwu,DET,75.8,84.3,0,56203,525,S,10,0,168,11
2023,1,110,10,25,0,144,62.3,58.5,59.5,49.1,255,3,0,Isaiah Buggs,DET,63.3,84.5,70,56503,0,DI,255,157,0,0
2023,9,9,3,0,0,24,45.2,45.9,57.8,73.0,42,39,3,James Houston,DET,44.1,77.5,0,57810,3,ED,39,0,0,0
2023,6,173,15,150,0,331,59.1,62.1,52.3,42.1,510,282,0,Josh Paschal,DET,64.1,88.8,4,57908,0,ED,510,74,0,0
2023,374,293,19,0,0,124,60.7,69.0,55.9,62.2,791,195,51,Derrick Barnes,DET,53.2,89.4,1,58120,595,LB,196,0,539,5
2023,81,62,14,0,1,19,57.4,62.0,55.0,46.0,162,6,4,Malcolm Rodriguez,DET,55.8,79.3,0,60731,156,LB,6,0,151,0
2023,2,251,16,74,0,429,86.8,76.9,78.6,36.8,682,1,0,Alim McNeill,DET,64.6,88.0,49,76996,0,DI,682,558,0,0
2023,47,381,20,70,0,718,91.0,63.7,91.4,40.9,1146,1053,2,Aidan Hutchinson,DET,85.2,73.0,0,82330,16,ED,1130,7,13,1
2023,479,260,13,0,6,4,57.1,70.8,73.3,48.6,743,5,17,Jerry Jacobs,DET,54.5,34.2,0,83025,738,CB,5,0,77,638
2023,669,369,18,0,525,5,56.5,72.6,80.6,54.5,1043,8,238,Kerby Joseph,DET,50.9,46.4,0,83239,1035,S,8,0,264,8
2023,1,1,1,0,0,0,61.8,60.0,,,2,0,0,Steven Gilmore,DET,60.0,66.3,0,83286,2,CB,0,0,0,2
2023,6,223,19,352,0,434,58.9,65.7,52.3,52.4,663,170,0,John Cominsky,DET,53.1,87.9,37,88313,2,DI,661,102,2,0
2023,0,15,3,0,0,13,57.1,59.8,53.4,71.1,28,0,0,Brodric Martin,DET,,75.3,13,91288,0,DI,28,15,0,0
2023,1,4,2,0,0,0,62.5,60.0,,,5,4,0,Anthony Pittman,DET,60.0,69.6,0,94372,1,ED,4,0,1,0
2023,341,307,20,0,2,97,52.1,75.8,50.6,66.4,745,161,37,Jack Campbell,DET,35.3,67.6,0,101515,584,LB,161,0,540,5
2023,554,268,18,0,34,51,78.9,83.9,64.2,70.4,873,42,624,Brian Branch,DET,77.7,21.9,0,123907,831,CB,42,0,127,46
2023,50,296,19,3,0,492,70.5,72.4,66.2,59.6,838,816,8,Preston Smith,GB,54.8,68.8,0,9471,16,ED,822,3,8,0
2023,9,348,19,283,0,556,70.4,61.4,76.0,42.0,913,102,0,Kenny Clark,GB,61.4,38.3,49,10661,4,DI,909,475,4,0
2023,387,277,13,0,4,26,65.1,68.7,73.0,65.5,690,45,147,De'Vondre Campbell,GB,59.9,60.8,0,10749,645,LB,45,0,487,7
2023,348,275,12,0,323,3,69.9,60.8,56.1,75.9,626,15,92,Rudy Ford,GB,72.9,53.4,0,11963,611,S,15,0,190,6
2023,100,90,7,0,0,0,65.7,40.7,,56.3,190,8,11,David Long Jr.,GB,75.6,10.8,0,27377,182,CB,8,0,31,140
2023,3,3,2,0,0,0,64.4,60.0,,,6,0,0,Robert Rochell,GB,63.3,70.1,0,33693,6,CB,0,0,0,5
2023,419,278,12,0,429,4,75.5,71.8,52.2,52.8,701,9,109,Darnell Savage,GB,74.2,87.7,0,34247,692,S,9,0,147,7
2023,11,3,2,0,12,0,29.8,60.0,,77.2,14,0,1,Zayne Anderson,GB,31.8,74.1,0,34622,14,S,0,0,0,0
2023,94,39,11,0,1,11,56.5,76.8,56.0,60.8,144,3,26,Eric Wilson,GB,47.5,78.5,0,38587,141,LB,3,0,113,0
2023,4,223,19,1,0,440,79.0,75.4,74.2,52.8,667,660,1,Rashan Gary,GB,90.1,32.8,0,42905,4,ED,663,2,2,1
2023,6,0,2,0,0,0,53.6,,,71.6,6,0,6,Innis Gaines,GB,53.5,68.9,0,44443,6,CB,0,0,0,0
2023,7,2,3,0,8,0,65.4,60.0,,77.3,9,0,0,Dallin Leavitt,GB,63.8,71.6,0,49120,9,S,0,0,0,1
2023,338,221,9,0,1,1,75.9,59.8,39.8,60.6,560,3,18,Jaire Alexander,GB,78.6,86.1,0,49350,557,CB,3,0,38,500
2023,0,1,1,0,0,0,60.0,60.0,,,1,0,0,Kristian Welch,GB,,60.4,0,51283,1,LB,0,0,0,0
2023,537,308,17,0,1,1,57.5,45.1,58.6,59.5,846,0,24,Carrington Valentine,GB,59.1,86.6,0,53750,846,CB,0,0,69,752
2023,69,41,2,0,0,0,51.5,76.1,,79.6,110,0,8,Eric Stokes,GB,45.9,80.1,0,55912,110,CB,0,0,3,99
2023,633,296,19,0,2,8,60.0,55.2,74.0,49.1,937,2,752,Keisean Nixon,GB,60.4,63.4,0,56167,935,CB,2,0,120,60
2023,0,376,19,19,0,303,62.3,59.5,61.5,50.5,679,3,0,T.J. Slaton,GB,60.0,67.4,191,56597,0,DI,679,466,0,0
2023,298,224,15,0,1,29,57.1,59.6,64.4,77.1,551,13,71,Isaiah McDuffie,GB,55.5,51.1,0,57754,538,LB,13,0,463,3
2023,580,342,17,0,434,5,59.6,58.6,66.2,68.0,927,18,137,Jonathan Owens,GB,59.6,63.2,0,66930,909,S,18,0,322,16
2023,236,98,13,0,237,0,47.9,37.7,,29.7,334,0,40,Anthony Johnson Jr.,GB,53.9,27.9,0,76736,334,S,0,0,54,3
2023,1,130,19,207,0,309,69.8,46.8,70.0,52.7,440,23,0,Karl Brooks,GB,68.3,69.2,5,76941,1,DI,439,204,0,0
2023,0,4,3,0,0,1,58.2,52.1,60.0,,5,4,0,Brenton Cox Jr.,GB,,69.0,0,81957,1,ED,4,0,0,0
2023,2,272,19,211,0,370,59.6,44.7,76.7,26.7,644,49,0,Devonte Wyatt,GB,59.5,41.4,9,82268,2,DI,642,373,2,0
2023,0,2,1,0,0,0,59.8,60.0,,,2,2,0,Keshawn Banks,GB,,67.7,0,82385,0,ED,2,0,0,0
2023,23,229,18,2,0,241,62.5,63.1,63.9,57.9,493,488,0,Kingsley Enagbare,GB,47.1,59.1,0,82409,1,ED,492,2,0,0
2023,520,377,16,0,10,76,58.5,63.5,58.2,81.8,973,48,41,Quay Walker,GB,54.7,64.9,0,82547,925,LB,48,0,866,8
2023,3,0,2,0,3,0,60.4,,,,3,0,0,Benny Sapp III,GB,60.3,65.4,0,83304,3,S,0,0,0,0
2023,325,209,12,0,0,0,60.8,50.0,,56.6,534,1,19,Corey Ballentine,GB,62.3,86.3,0,83833,533,CB,1,0,31,483
2023,0,1,1,0,0,0,60.0,60.0,,,1,0,0,Henry Pearson,GB,,60.0,0,83930,1,FB,0,0,0,0
2023,0,151,19,114,0,147,57.6,51.0,61.5,42.6,298,64,0,Colby Wooden,GB,62.9,85.1,4,98312,0,DI,298,116,0,0
2023,6,200,19,13,0,238,62.3,60.7,58.5,69.3,444,426,1,Lukas Van Ness,GB,71.7,74.8,0,129482,2,ED,442,3,0,0
2023,296,233,11,0,312,1,66.4,47.7,62.8,60.8,530,4,78,Kareem Jackson,HST,75.4,0.0,0,5545,526,S,4,0,127,9
2023,9,189,17,3,0,276,67.7,58.5,67.2,36.5,474,464,0,Jerry Hughes,HST,64.8,78.1,0,5556,2,ED,472,5,2,0
2023,314,187,10,0,199,5,68.4,73.9,50.7,83.9,506,9,171,Jimmie Ward,HST,67.8,13.1,0,8665,497,S,9,0,124,3
2023,0,32,6,1,0,67,60.3,52.7,62.0,74.5,99,95,0,Kerry Hyder Jr.,HST,60.0,83.9,0,9045,0,ED,99,3,0,0
2023,328,280,14,0,1,25,56.4,77.9,68.6,49.9,633,5,24,Denzel Perryman,HST,38.4,23.4,0,9481,628,LB,5,0,602,1
2023,737,454,19,0,0,1,73.1,61.6,60.0,70.4,1192,7,6,Steven Nelson,HST,74.0,89.6,0,9531,1185,CB,7,0,87,1092
2023,208,186,15,0,236,1,72.2,89.7,60.0,79.1,395,4,60,Adrian Amos,HST,60.7,86.1,0,9575,391,S,4,0,92,3
2023,0,3,1,0,0,0,65.7,62.7,,71.7,3,0,0,Neville Hewitt,HST,,63.0,0,9836,3,LB,0,0,3,0
2023,1,241,17,396,0,431,62.7,39.1,74.7,26.8,673,3,0,Sheldon Rankins,HST,69.1,76.5,31,10646,1,DI,672,242,1,0
2023,3,270,18,356,0,507,60.9,44.5,68.4,44.0,780,5,0,Maliek Collins,HST,67.5,56.0,5,10701,0,DI,780,414,0,0
2023,110,64,6,0,117,2,60.9,50.2,56.2,29.2,176,2,19,Eric Murray,HST,63.6,82.7,0,10740,174,S,2,0,37,1
2023,0,30,3,9,0,32,47.4,48.8,52.8,70.8,62,0,0,Hassan Ridgeway,HST,,78.9,3,10750,0,DI,62,50,0,0
2023,361,227,14,0,399,1,56.5,54.8,57.9,67.2,589,12,84,DeAndre Houston-Carson,HST,56.4,88.9,0,10819,577,S,12,0,94,0
2023,10,14,3,0,0,0,38.8,47.1,,41.0,24,1,3,Cory Littleton,HST,46.6,72.3,0,11190,23,LB,1,0,20,0
2023,5,197,16,11,0,213,82.4,74.3,73.9,48.9,415,402,2,Derek Barnett,HST,77.4,88.1,0,11769,2,ED,413,0,0,0
2023,230,152,10,0,2,18,74.2,80.5,57.4,79.6,400,12,332,Desmond King II,HST,80.7,0.0,0,11906,388,CB,12,0,51,3
2023,13,6,3,0,1,0,41.1,60.0,,79.4,19,0,11,D'Angelo Ross,HST,39.5,73.6,0,27732,19,CB,0,0,0,7
2023,7,7,2,0,0,0,53.9,60.3,,72.5,14,0,0,Kris Boyd,HST,52.1,72.6,0,34222,14,CB,0,0,0,14
2023,413,286,15,0,3,47,82.1,82.3,71.5,74.5,746,28,81,Blake Cashman,HST,75.3,81.6,0,35413,718,LB,28,0,630,4
2023,89,51,5,0,14,3,71.4,40.0,73.8,60.1,143,2,113,Grayland Arnold,HST,77.0,79.5,0,43528,141,CB,2,0,13,1
2023,26,25,8,0,0,3,70.1,64.3,54.6,38.4,54,7,8,Jake Hansen,HST,71.4,75.4,0,43645,47,LB,7,0,39,0
2023,10,247,17,9,0,440,76.7,69.7,72.9,31.6,697,677,0,Jonathan Greenard,HST,69.1,65.2,0,48407,3,ED,694,8,3,0
2023,0,7,1,0,0,8,31.8,36.2,54.5,67.3,15,0,0,Michael Dogbe,HST,,74.2,0,48850,0,DI,15,15,0,0
2023,0,212,17,133,0,269,64.4,60.7,63.7,53.5,481,1,0,Khalil Davis,HST,67.0,55.8,5,48988,0,DI,481,342,0,0
2023,103,59,6,0,101,4,60.4,74.1,63.5,58.4,166,4,26,M.J. Stewart,HST,54.9,80.8,0,49397,162,S,4,0,35,0
2023,62,69,10,0,0,0,62.1,70.5,,78.8,131,1,3,Ka'dar Hollman,HST,58.5,79.5,0,49446,130,CB,1,0,16,111
2023,2,264,19,71,0,276,43.6,47.5,55.5,30.1,542,0,0,Kurt Hinish,HST,52.7,34.3,48,56787,1,DI,541,422,1,0
2023,592,402,17,0,620,38,61.8,62.4,64.5,54.0,1032,41,118,Jalen Pitre,HST,61.6,45.8,0,57737,991,S,41,0,245,8
2023,226,113,7,0,1,13,72.2,83.2,44.3,60.8,352,3,303,Tavierre Thomas,HST,69.5,81.8,0,66931,349,CB,3,0,44,1
2023,0,72,9,4,0,117,61.8,64.3,56.4,76.0,189,183,0,Myjai Sanders,HST,,86.3,0,76816,0,ED,189,2,0,0
2023,3,76,10,2,0,96,55.9,51.8,50.7,30.3,175,173,0,Dylan Horton,HST,69.4,86.9,0,81335,0,ED,175,0,0,0
2023,5,190,13,6,0,183,54.0,49.0,65.2,57.2,378,0,0,Teair Tart,HST,63.5,50.2,143,82261,1,DI,377,228,1,0
2023,488,324,13,0,1,0,82.1,59.5,,55.9,812,1,2,Derek Stingley Jr.,HST,85.3,86.2,0,98253,811,CB,1,0,73,735
2023,250,180,14,0,1,29,45.0,56.5,45.0,29.7,459,8,28,Henry To'oTo'o,HST,41.8,82.4,0,98982,451,LB,8,0,421,1
2023,483,342,18,0,2,44,65.0,49.0,78.2,47.1,869,42,88,Christian Harris,HST,72.2,82.6,0,98996,827,LB,42,0,735,2
2023,1,0,1,0,1,0,60.0,,,,1,0,0,Brandon Hill,HST,60.0,62.6,0,99742,1,S,0,0,0,0
2023,3,238,17,28,0,454,81.6,77.4,76.6,66.8,695,660,0,Will Anderson Jr.,HST,70.0,44.7,0,123903,1,ED,694,6,1,0
2023,10,336,17,347,0,495,81.8,63.8,87.1,54.5,841,33,0,DeForest Buckner,IND,69.3,41.6,14,10641,4,DI,837,443,4,0
2023,6,247,17,3,0,450,84.4,80.0,72.6,51.5,703,690,0,Samson Ebukam,IND,75.8,82.9,0,11880,10,ED,693,0,7,3
2023,3,224,11,14,0,218,76.2,77.3,64.7,71.1,445,0,0,Grover Stewart,IND,58.5,70.7,25,11899,0,DI,445,406,0,0
2023,1,154,14,10,0,110,30.5,29.3,56.7,59.3,265,0,0,Eric Johnson,IND,59.5,60.1,2,33698,0,DI,265,253,0,0
2023,0,1,1,0,0,0,59.9,60.0,,,1,0,0,Kylen Granson,IND,,60.0,0,40630,1,TE,0,0,0,0
2023,0,7,1,2,0,6,50.1,47.7,65.7,68.7,13,0,0,McTelvin Agim,IND,,73.5,0,43069,0,DI,13,11,0,0
2023,306,163,11,0,0,0,52.9,43.6,,27.6,469,2,0,Darrell Baker Jr.,IND,54.4,84.8,0,43542,467,CB,2,0,26,440
2023,0,178,17,102,0,259,73.7,61.9,76.6,53.7,437,292,0,Tyquan Lewis,IND,60.0,60.4,2,48475,0,ED,437,41,0,0
2023,4,190,17,66,0,149,51.3,43.7,68.7,49.0,343,2,0,Taven Bryan,IND,58.8,65.6,7,48753,0,DI,343,268,0,0
2023,120,111,7,0,82,3,64.9,64.1,67.8,55.2,234,5,12,Ronnie Harrison,IND,61.9,79.1,0,49206,229,LB,5,0,135,0
2023,30,26,2,0,0,0,27.6,33.7,,27.2,56,0,0,Tony Brown,IND,29.3,0.0,0,49255,56,CB,0,0,11,45
2023,44,14,1,0,0,2,53.6,56.6,56.5,42.8,60,1,46,Chris Lammons,IND,59.0,0.0,0,49368,59,CB,1,0,10,3
2023,545,423,15,0,308,19,68.3,59.2,50.2,81.1,987,30,175,Julian Blackmon,IND,72.6,83.5,0,49434,957,S,30,0,468,6
2023,576,471,16,0,22,43,60.9,66.1,56.8,51.9,1090,10,65,Zaire Franklin,IND,56.4,66.6,0,49834,1080,LB,10,0,993,0
2023,0,85,17,1,0,107,62.1,49.7,71.5,37.1,192,189,0,Jacob Martin,IND,,58.0,0,50152,2,ED,190,0,1,0
2023,594,467,16,0,13,28,76.8,71.5,68.1,59.7,1089,37,685,Kenny Moore II,IND,78.4,31.9,0,51596,1052,CB,37,0,175,179
2023,0,1,1,0,0,0,59.9,60.0,,,1,0,0,D.J. Montgomery,IND,,60.0,0,55003,1,WR,0,0,0,0
2023,1,12,3,0,0,0,72.0,72.5,,72.3,13,0,0,Ameer Speed,IND,60.0,70.1,0,55918,13,CB,0,0,4,8
2023,11,14,5,0,0,7,32.6,52.1,49.6,32.8,32,3,3,Grant Stuard,IND,33.7,73.5,0,55933,29,LB,3,0,25,0
2023,3,287,16,8,0,410,74.3,78.1,62.2,67.9,700,682,0,Kwity Paye,IND,57.6,91.6,0,56713,3,ED,697,7,1,2
2023,1,257,17,109,0,365,56.9,49.1,68.2,60.4,623,410,0,Dayo Odeyingbo,IND,60.0,27.7,12,56923,3,ED,620,89,2,1
2023,0,7,3,0,2,0,50.4,52.2,,,7,4,0,Trevor Denbow,IND,,86.5,0,77165,3,S,4,0,0,0
2023,0,8,3,0,0,0,82.7,77.3,,80.8,8,0,0,Cameron McGrone,IND,,94.2,0,81300,8,LB,0,0,7,0
2023,295,202,9,0,1,0,63.2,58.8,,61.7,497,2,3,JuJu Brents,IND,64.5,47.4,0,83256,495,CB,2,0,51,440
2023,394,294,16,1,11,42,65.0,78.8,69.1,35.4,730,36,114,E.J. Speed,IND,56.1,0.0,0,94351,693,LB,37,0,566,1
2023,166,119,14,0,210,7,71.8,81.2,70.4,66.7,292,4,37,Nick Cross,IND,63.2,84.5,0,97514,288,S,4,0,39,2
2023,0,62,9,43,0,70,27.5,24.1,62.5,23.3,132,0,0,Adetomiwa Adebawore,IND,62.7,37.3,0,97934,1,DI,131,88,1,0
2023,0,12,6,0,0,19,70.6,75.4,57.8,74.2,31,31,0,Isaiah Land,IND,,79.3,0,102108,0,ED,31,0,0,0
2023,549,411,17,0,799,2,58.2,48.1,60.5,40.1,962,0,80,Rodney Thomas II,IND,60.1,92.4,0,108389,962,S,0,0,80,2
2023,475,313,15,0,0,0,56.8,57.1,,72.1,788,14,6,Jaylon Jones,IND,55.8,88.2,0,124328,774,CB,14,0,48,720
2023,62,49,5,0,1,4,56.2,44.1,64.9,29.5,115,4,9,Segun Olubi,IND,66.9,79.4,0,128312,111,LB,4,0,100,0
2023,176,128,4,0,0,0,66.4,45.0,,34.6,304,6,1,Dallis Flowers,IND,70.6,84.2,0,156091,298,CB,6,0,22,275
2023,1,75,11,79,0,139,53.8,66.1,48.5,28.3,215,9,0,Angelo Blackson,JAX,57.8,54.9,1,9533,0,DI,215,126,0,0
2023,2,175,17,184,0,250,61.0,63.4,55.3,42.4,427,31,1,Adam Gotsis,JAX,65.2,70.1,2,10697,2,DI,425,208,0,0
2023,1,218,17,246,0,464,62.3,62.3,58.8,28.9,683,40,0,Roy Robertson-Harris,JAX,64.8,75.6,28,11341,2,DI,681,367,2,0
2023,23,87,12,122,0,230,42.4,38.4,50.0,28.8,340,174,1,Dawuane Smoot,JAX,47.6,86.4,3,11823,5,ED,335,36,4,0
2023,677,376,17,0,335,46,60.9,63.8,63.4,69.3,1099,29,188,Rayshawn Jenkins,JAX,59.6,48.2,0,11868,1070,S,29,0,489,58
2023,5,158,17,85,0,206,49.0,56.1,50.1,58.0,369,5,0,Jeremiah Ledbetter,JAX,55.6,48.3,86,11960,1,DI,368,192,1,0
2023,0,1,1,0,0,0,59.9,60.0,,,1,0,0,Caleb Johnson,JAX,,60.0,0,12488,1,LB,0,0,0,0
2023,624,383,17,0,6,103,75.2,70.2,73.0,73.4,1110,7,64,Foyesade Oluokun,JAX,72.6,83.8,0,24904,1103,LB,7,0,1027,6
2023,1,103,8,15,0,86,36.2,37.4,51.0,35.3,190,0,0,DaVon Hamilton,JAX,60.0,51.7,56,28072,1,DI,189,118,1,0
2023,1,191,16,27,0,223,61.0,60.7,58.8,53.0,415,1,0,Folorunso Fatukasi,JAX,53.6,86.3,186,38558,0,DI,415,201,0,0
2023,5,9,6,0,10,0,51.6,60.7,,75.2,14,0,1,Daniel Thomas,JAX,61.7,0.0,0,42544,14,S,0,0,3,0
2023,179,144,17,0,190,7,79.4,71.3,77.5,67.8,330,2,24,Andrew Wingard,JAX,75.1,80.9,0,49268,328,S,2,0,111,2
2023,90,277,17,14,0,513,89.5,73.2,89.4,45.1,880,855,8,Josh Hines-Allen,JAX,62.8,83.7,0,50235,11,ED,869,0,3,0
2023,368,88,16,0,12,26,70.8,29.7,87.0,43.7,482,5,424,Tre Herndon,JAX,73.1,84.5,0,50380,477,CB,5,0,26,14
2023,1,5,4,0,0,2,58.6,61.8,53.8,,8,4,0,Shaquille Quarterman,JAX,60.0,72.3,0,51048,4,LB,4,0,4,0
2023,705,328,17,0,1,2,79.5,29.9,57.1,58.0,1035,0,30,Darious Williams,JAX,85.3,89.0,0,55724,1035,CB,0,0,25,979
2023,318,157,9,0,0,0,51.3,32.9,,28.5,475,0,33,Montaric Brown,JAX,54.5,85.6,0,55797,475,CB,0,0,27,415
2023,31,98,17,7,0,154,54.7,58.0,58.2,78.7,283,268,5,K'Lavon Chaisson,JAX,60.1,24.0,0,57945,8,ED,275,0,2,1
2023,558,342,15,0,13,66,78.1,90.3,59.2,65.7,966,47,73,Devin Lloyd,JAX,67.8,45.1,0,58238,919,LB,47,0,824,9
2023,0,1,1,0,0,0,60.1,60.0,,,1,0,0,Tim Jones,JAX,,89.4,0,61669,1,WR,0,0,0,0
2023,78,54,11,0,1,14,38.1,29.9,53.7,35.9,146,14,16,Chad Muma,JAX,55.8,0.0,0,75818,132,LB,14,0,114,0
2023,553,277,15,0,606,18,68.9,66.1,56.7,63.2,848,12,87,Andre Cisco,JAX,71.5,35.9,0,76641,836,S,12,0,140,3
2023,0,71,15,55,0,74,58.2,59.1,55.3,75.0,145,7,0,Tyler Lacy,JAX,60.0,81.1,4,76836,0,DI,145,79,0,0
2023,4,16,5,0,0,25,30.7,52.6,62.9,72.0,45,45,0,Yasir Abdullah,JAX,25.5,77.6,0,77100,0,ED,45,0,0,0
2023,394,194,11,0,0,1,61.5,86.5,60.0,72.5,589,1,34,Tyson Campbell,JAX,56.4,53.6,0,83217,588,CB,1,0,43,511
2023,1,0,1,0,0,0,60.3,,,,1,0,0,Tevaughn Campbell,JAX,60.0,64.2,0,91247,1,CB,0,0,0,1
2023,86,298,17,17,0,485,53.9,49.7,58.1,30.1,869,826,11,Travon Walker,JAX,59.2,59.0,0,98940,13,ED,856,13,1,1
2023,0,1,1,0,0,0,69.1,66.9,,68.4,1,0,0,Brenton Strange,JAX,,60.0,0,101694,1,TE,0,0,0,0
2023,0,1,1,0,0,0,59.9,60.0,,,1,0,0,Tank Bigsby,JAX,,60.0,0,123974,1,HB,0,0,0,0
2023,101,63,10,0,7,8,73.8,64.9,76.8,70.4,172,5,121,Antonio Johnson,JAX,72.0,80.4,0,124326,167,CB,5,0,27,11
2023,0,1,1,0,0,0,59.9,60.0,,,1,0,0,Parker Washington,JAX,,60.0,0,129799,1,WR,0,0,0,0
2023,52,40,5,0,0,2,65.2,84.7,77.8,67.4,94,1,62,Gregory Junior,JAX,55.5,80.3,0,156090,93,CB,1,0,11,19
2023,2,0,2,0,2,0,60.7,,,,2,0,0,Travis Kelce,KC,60.6,64.6,0,7844,2,TE,0,0,0,0
2023,0,1,1,0,0,0,60.0,60.0,,,1,0,0,Jerick McKinnon,KC,,60.4,0,8731,1,HB,0,0,0,0
2023,2,78,7,0,0,80,60.5,67.3,52.8,60.2,160,0,0,Mike Pennel,KC,51.0,82.1,17,9316,0,DI,160,143,0,0
2023,2,312,20,321,0,633,88.1,60.0,90.4,29.6,947,154,0,Chris Jones,KC,69.8,65.2,5,10671,3,DI,944,464,3,0
2023,74,22,8,0,55,1,63.5,36.5,59.0,29.7,97,1,18,Deon Bush,KC,69.4,81.0,0,10758,96,S,1,0,22,0
2023,0,2,2,0,0,0,60.0,60.0,,,2,0,0,Richie James,KC,,60.0,0,28991,2,WR,0,0,0,0
2023,10,172,21,38,0,343,58.1,46.9,67.5,32.7,525,7,0,Tershawn Wharton,KC,57.8,73.3,67,40292,4,DI,521,409,2,0
2023,781,461,20,0,0,18,72.5,70.8,61.6,63.5,1260,47,29,L'Jarius Sneed,KC,73.8,25.0,0,40588,1213,CB,47,0,42,1142
2023,0,1,1,0,0,0,60.0,60.0,,,1,0,0,Cole Christiansen,KC,,60.0,0,43856,1,LB,0,0,0,0
2023,28,323,20,121,0,581,62.3,56.1,58.6,74.4,932,640,0,Mike Danna,KC,69.1,91.5,33,48415,8,ED,924,130,6,0
2023,734,457,20,0,335,56,57.7,63.8,73.2,68.0,1247,92,328,Justin Reid,KC,51.8,72.9,0,49048,1155,S,92,0,452,39
2023,1,107,13,2,0,98,44.8,40.1,53.7,74.3,206,0,0,Matt Dickerson,KC,65.6,83.8,38,49601,0,DI,206,166,0,0
2023,10,256,18,2,0,241,41.4,42.0,51.8,32.3,507,0,0,Derrick Nnadi,KC,53.7,74.1,85,49970,2,DI,505,418,0,0
2023,6,178,14,86,0,318,65.1,54.0,70.6,35.9,502,348,0,Charles Omenihu,KC,56.0,64.1,6,50612,0,ED,502,62,0,0
2023,369,283,19,0,1,69,68.4,55.9,84.3,70.8,721,77,37,Drue Tranquill,KC,66.9,88.5,0,51276,644,LB,77,0,599,4
2023,559,235,21,0,468,15,56.9,53.6,65.1,39.3,809,15,118,Mike Edwards,KC,58.6,33.8,0,51282,794,S,15,0,195,13
2023,378,215,12,0,406,0,65.2,66.4,,58.1,593,10,110,Bryan Cook,KC,63.1,88.0,0,55940,583,S,10,0,55,10
2023,0,8,1,0,0,20,49.0,43.7,59.0,27.8,28,26,0,BJ Thompson,KC,,78.8,0,56330,0,ED,28,2,0,0
2023,0,29,5,0,0,33,51.8,57.0,60.5,29.9,62,0,0,Neil Farrell Jr.,KC,58.7,78.9,11,56401,1,DI,61,50,1,0
2023,5,85,11,20,0,123,52.3,51.8,52.6,58.5,213,178,0,Malik Herring,KC,71.7,60.2,0,56616,0,ED,213,15,0,0
2023,329,298,19,0,0,71,55.9,72.7,56.5,60.2,698,103,63,Willie Gay,KC,41.1,84.8,0,57987,595,LB,103,0,529,1
2023,0,1,1,0,0,0,61.6,60.0,,,1,0,0,Noah Gray,KC,,60.1,0,60878,1,TE,0,0,0,0
2023,100,68,10,0,0,15,54.0,53.8,52.6,73.7,183,12,19,Jack Cochrane,KC,56.9,84.3,0,63345,171,LB,12,0,149,0
2023,0,1,1,0,0,0,60.0,60.0,,,1,0,0,Montrell Washington,KC,,60.0,0,64310,1,WR,0,0,0,0
2023,718,455,20,0,1,70,84.8,71.8,91.6,49.4,1243,76,608,Trent McDuffie,KC,81.5,73.0,0,72191,1167,CB,76,0,188,368
2023,300,143,21,0,208,25,81.0,79.6,56.0,54.3,468,23,145,Chamarri Conner,KC,78.4,86.3,0,76662,445,S,23,0,86,3
2023,10,5,1,0,0,0,66.9,60.0,,,15,0,0,Ekow Boye-Doe,KC,66.3,72.3,0,76742,15,CB,0,0,1,14
2023,49,25,3,0,3,8,65.6,80.4,84.3,39.5,82,10,15,Cam Jones,KC,50.3,78.1,0,81244,72,LB,10,0,52,1
2023,395,255,12,0,1,58,59.4,74.0,60.6,65.9,708,34,44,Nick Bolton,KC,50.5,32.1,0,81322,674,LB,34,0,621,7
2023,47,16,2,0,0,5,48.7,63.6,67.7,78.4,68,2,55,Nic Jones,KC,43.6,77.1,0,97327,66,CB,2,0,10,1
2023,45,323,20,99,0,605,65.4,58.4,65.4,67.1,973,819,0,George Karlaftis,KC,58.2,85.9,9,98319,7,ED,966,39,5,0
2023,173,272,21,2,0,82,84.0,90.6,71.6,74.2,527,166,48,Leo Chenal,KC,61.1,86.2,0,101463,359,LB,168,0,306,1
2023,15,57,18,13,0,153,53.4,51.5,52.0,59.2,225,200,0,Felix Anudike-Uzomah,KC,65.7,86.8,2,122582,1,ED,224,9,1,0
2023,380,143,20,0,0,10,68.5,70.6,71.7,79.3,533,17,16,Jaylen Watson,KC,66.2,86.7,0,131960,516,CB,17,0,27,471
2023,310,106,20,0,2,4,74.4,62.6,52.7,77.3,420,10,12,Joshua Williams,KC,75.2,86.5,0,156083,410,CB,10,0,19,374
2023,2,318,17,463,0,596,90.8,71.7,91.5,56.3,916,72,0,Aaron Donald,LA,49.8,62.5,19,8648,13,DI,903,349,13,0
2023,0,1,1,0,0,0,60.0,60.0,,,1,0,0,Demarcus Robinson,LA,,60.0,0,10760,1,WR,0,0,0,0
2023,692,422,18,0,0,1,62.8,70.2,56.2,36.0,1115,4,0,Ahkello Witherspoon,LA,60.0,87.3,0,11821,1111,CB,4,0,160,950
2023,397,171,14,0,357,6,58.4,57.4,50.8,81.6,574,5,77,John Johnson III,LA,58.3,91.3,0,11847,569,S,5,0,133,2
2023,0,2,2,0,0,0,60.1,60.0,,,2,0,0,Ben Skowronek,LA,,73.0,0,27948,2,WR,0,0,0,0
2023,88,98,9,0,0,8,45.7,57.0,62.3,48.7,194,2,10,Troy Reeder,LA,38.7,84.3,0,38268,192,LB,2,0,180,0
2023,0,8,1,1,0,3,62.0,62.6,56.7,66.8,11,0,0,Marquise Copeland,LA,,72.5,0,38540,0,DI,11,10,0,0
2023,19,32,9,0,0,45,57.4,68.9,53.7,76.9,96,91,4,Keir Thomas,LA,59.1,24.2,0,42509,5,ED,91,0,0,0
2023,0,303,18,383,0,333,53.7,61.0,46.8,67.3,636,136,0,Jonah Williams,LA,60.0,76.0,4,44597,0,DI,636,113,0,0
2023,664,383,17,0,692,10,66.7,75.0,49.6,71.9,1057,7,131,Jordan Fuller,LA,63.3,83.7,0,45326,1050,S,7,0,226,1
2023,0,1,1,0,0,0,59.9,60.0,,,1,0,0,Brycen Hopkins,LA,,60.0,0,47338,1,TE,0,0,0,0
2023,45,31,4,0,0,0,42.5,71.6,,79.7,76,0,10,Duke Shelley,LA,36.9,77.9,0,49569,76,CB,0,0,5,61
2023,339,204,18,0,0,36,47.9,42.2,61.5,34.8,579,0,61,Christian Rozeboom,LA,51.8,80.2,0,49862,579,LB,0,0,515,1
2023,0,2,2,0,0,0,60.1,60.0,,,2,0,0,Austin Trammell,LA,,60.0,0,52195,2,WR,0,0,0,0
2023,519,302,18,0,405,15,57.0,60.5,60.4,30.1,836,15,194,Russ Yeast,LA,55.6,67.0,0,55629,821,S,15,0,221,1
2023,337,151,15,0,20,18,70.0,77.1,63.7,79.6,506,10,378,Quentin Lake,LA,66.6,83.5,0,56245,496,CB,10,0,91,7
2023,0,25,7,28,0,31,54.8,62.1,59.6,71.2,56,15,0,Earnest Brown IV,LA,55.3,78.7,0,56428,0,DI,56,13,0,0
2023,0,21,4,0,0,23,36.3,29.3,57.4,40.2,44,0,0,Cory Durden,LA,69.5,77.6,33,56976,0,DI,44,11,0,0
2023,0,128,16,84,0,133,48.6,53.4,46.2,62.8,261,36,0,Larrell Murchison,LA,,84.0,1,57004,0,DI,261,140,0,0
2023,35,8,6,0,1,2,75.5,58.6,57.7,59.0,45,1,4,Jake Hummel,LA,76.2,74.3,0,57879,44,LB,1,0,37,0
2023,0,1,1,0,0,0,60.0,60.0,,,1,0,0,Hunter Long,LA,,60.0,0,60859,1,TE,0,0,0,0
2023,0,231,18,59,0,498,83.2,68.8,81.2,44.3,729,2,0,Kobie Turner,LA,62.7,78.0,219,66894,2,DI,727,447,2,0
2023,3,19,6,2,0,53,52.6,58.2,50.7,72.8,75,72,0,Ochaun Mathis,LA,64.0,79.3,0,76838,1,ED,74,0,1,0
2023,0,42,12,41,0,63,59.5,62.7,55.2,73.1,105,10,0,Desjuan Johnson,LA,,80.4,1,76850,0,DI,105,53,0,0
2023,35,9,4,0,35,0,36.1,53.3,,56.1,44,0,4,Jason Taylor II,LA,41.5,85.5,0,77842,44,S,0,0,3,0
2023,571,299,18,0,0,1,59.7,65.4,74.4,48.3,871,2,8,Derion Kendrick,LA,60.4,2.5,0,78022,869,CB,2,0,54,806
2023,448,224,17,0,2,11,57.0,63.2,63.0,52.5,683,11,349,Cobie Durant,LA,54.7,86.1,0,79126,672,CB,11,0,55,265
2023,10,28,8,0,0,32,58.1,52.4,74.0,75.7,70,66,2,Nick Hampton,LA,53.1,10.1,0,81162,4,ED,66,0,1,0
2023,487,360,16,0,0,141,78.8,86.2,83.1,77.6,988,54,44,Ernest Jones,LA,57.5,88.3,0,81399,934,LB,54,0,890,0
2023,0,173,14,5,0,162,72.1,68.8,65.2,65.5,335,0,0,Bobby Brown III,LA,60.0,85.6,235,82429,0,DI,335,95,0,0
2023,39,6,5,0,0,0,44.7,61.4,,81.3,45,0,0,Tre Tomlinson,LA,42.5,77.4,0,99256,45,CB,0,0,0,44
2023,15,42,9,0,0,39,31.6,29.7,61.8,56.5,96,91,4,Zach VanValkenburg,LA,29.4,80.3,0,101450,5,ED,91,0,1,0
2023,256,378,18,39,0,382,58.2,60.9,66.8,34.4,1016,911,61,Michael Hoecht,LA,38.7,89.9,0,108840,66,ED,950,0,5,0
2023,0,1,1,0,0,0,59.9,60.0,,,1,0,0,Zach Evans,LA,,60.4,0,123072,1,HB,0,0,0,0
2023,132,371,18,5,0,518,64.1,61.6,60.2,42.6,1021,977,35,Byron Young,LA,68.3,74.0,0,146932,39,ED,982,0,3,1
2023,0,204,14,12,0,195,59.7,51.0,63.5,39.8,399,0,0,Nick Williams,LAC,81.3,86.1,200,8006,0,DI,399,187,0,0
2023,53,347,17,1,0,534,91.8,90.8,86.3,72.3,934,911,18,Khalil Mack,LAC,86.1,90.5,0,8640,22,ED,912,0,3,1
2023,465,322,15,0,1,60,72.3,73.6,82.5,83.4,847,32,81,Eric Kendricks,LAC,62.1,85.9,0,9478,815,LB,32,0,729,4
2023,204,94,9,0,194,0,60.7,63.9,82.0,67.0,298,4,26,Dean Marlowe,LAC,57.5,84.8,0,9966,294,S,4,0,71,2
2023,10,102,9,1,0,208,78.4,70.7,80.3,66.8,320,317,2,Joey Bosa,LAC,65.4,18.1,0,10637,2,ED,318,0,0,0
2023,0,307,17,116,0,334,45.7,48.4,49.3,59.9,641,2,0,Austin Johnson,LAC,60.0,63.4,95,10677,0,DI,641,428,0,0
2023,3,115,17,162,0,319,58.0,43.1,64.6,30.0,437,35,0,Morgan Fox,LAC,68.1,69.5,14,11184,2,DI,435,224,2,0
2023,550,334,15,0,0,2,56.5,64.1,77.8,51.7,886,12,19,Michael Davis,LAC,54.3,64.8,0,12040,874,CB,12,0,81,774
2023,544,381,14,0,660,3,86.1,75.2,56.6,66.7,928,4,92,Alohi Gilman,LAC,89.2,65.6,0,41662,924,S,4,0,170,2
2023,1,4,1,0,0,5,49.0,61.0,65.5,69.9,10,10,0,Ty Shelby,LAC,47.0,73.0,0,41752,0,ED,10,0,0,0
2023,1,5,3,0,0,0,72.6,65.8,,74.9,6,0,0,Amen Ogbongbemiga,LAC,60.0,99.9,0,42449,6,LB,0,0,5,0
2023,144,85,9,0,0,18,71.6,64.5,66.0,80.2,247,15,18,Nick Niemann,LAC,71.2,79.8,0,43500,232,LB,15,0,213,0
2023,224,121,12,0,14,8,52.2,39.2,47.4,27.1,353,5,284,Essang Bassey,LAC,58.7,33.4,0,45258,348,CB,5,0,48,2
2023,0,1,1,0,0,0,60.0,60.0,,,1,0,0,Blake Lynch,LAC,,60.0,0,47621,1,LB,0,0,0,0
2023,14,79,11,0,0,104,53.3,71.3,46.8,52.7,197,195,2,Justin Hollins,LAC,50.5,50.8,0,48498,2,ED,195,0,0,0
2023,560,400,16,0,385,41,60.1,74.4,69.5,69.9,1001,62,225,Derwin James Jr.,LAC,57.0,0.0,0,51368,939,S,62,0,304,25
2023,88,49,11,0,111,0,53.4,70.1,,74.3,137,0,12,Jaylinn Hawkins,LAC,50.6,82.1,0,51423,137,S,0,0,13,1
2023,361,157,13,0,2,16,56.2,47.3,53.4,29.9,534,9,436,Ja'Sir Taylor,LAC,58.0,83.6,0,55426,525,CB,9,0,58,28
2023,51,24,3,0,52,1,61.5,68.1,60.0,80.1,76,3,8,Raheem Layne,LAC,62.6,0.0,0,55960,73,S,3,0,13,0
2023,7,33,6,0,0,63,58.2,50.4,59.9,76.9,103,103,0,Chris Rumph II,LAC,64.4,81.9,0,56345,0,ED,103,0,0,0
2023,509,380,15,0,1,79,52.1,48.2,63.9,68.2,968,62,59,Kenneth Murray Jr.,LAC,54.4,66.1,0,58099,906,LB,62,0,842,4
2023,0,1,1,0,0,0,60.0,60.0,,,1,0,0,Stone Smartt,LAC,,60.0,0,60492,1,TE,0,0,0,0
2023,33,18,6,0,0,3,69.9,64.5,55.2,83.1,54,3,4,Daiyan Henley,LAC,69.4,75.6,0,61500,51,LB,3,0,46,0
2023,672,438,17,0,0,1,73.9,60.6,59.1,42.7,1111,10,24,Asante Samuel Jr.,LAC,75.6,69.9,0,76625,1101,CB,10,0,57,1020
2023,48,13,3,0,44,0,54.8,61.1,,44.5,61,0,7,JT Woods,LAC,54.9,78.5,0,77837,61,S,0,0,10,0
2023,0,1,1,0,0,0,60.0,60.0,,,1,0,0,Derius Davis,LAC,,60.0,0,78196,1,WR,0,0,0,0
2023,0,119,8,69,0,104,50.4,43.6,60.1,75.5,223,2,0,Otito Ogbonnia,LAC,61.7,83.1,2,82450,0,DI,223,150,0,0
2023,1,134,12,85,0,131,36.8,38.8,46.5,62.5,266,4,0,Scott Matlock,LAC,56.5,83.7,2,82482,0,DI,266,175,0,0
2023,1,7,2,0,0,4,29.8,36.4,55.3,,12,12,0,Brevin Allen,LAC,60.0,73.3,0,88418,0,ED,12,0,0,0
2023,20,7,5,0,18,0,64.3,60.1,,,27,0,3,AJ Finley,LAC,62.6,75.1,0,98887,27,S,0,0,5,0
2023,1,46,3,1,0,34,56.8,57.6,55.2,72.2,81,0,0,Christopher Hinton,LAC,60.0,80.2,44,101418,0,DI,81,36,0,0
2023,3,30,7,0,0,28,63.1,71.8,55.8,27.4,61,59,1,Andrew Farmer,LAC,51.3,79.8,0,106311,2,ED,59,0,0,0
2023,127,94,6,0,0,1,57.3,45.3,60.0,43.4,222,4,4,Deane Leonard,LAC,60.0,83.6,0,124140,218,CB,4,0,16,197
2023,69,339,17,9,0,444,71.0,88.4,61.1,41.3,852,796,18,Tuli Tuipulotu,LAC,30.1,90.4,0,131840,42,ED,810,5,18,6
2023,1,0,1,0,0,0,70.2,,,,1,0,0,Brandon Bolden,LV,60.7,60.4,0,7469,1,HB,0,0,0,0
2023,0,323,17,2,0,272,61.2,55.6,66.7,63.0,595,0,0,John Jenkins,LV,59.1,87.3,124,7863,1,DI,594,468,0,0
2023,426,306,12,0,4,0,68.8,50.7,,30.0,732,27,8,Marcus Peters,LV,71.3,86.8,0,9451,705,CB,27,0,53,640
2023,1,0,1,0,0,0,70.2,,,,1,0,0,DeAndre Carter,LV,60.7,60.0,0,9859,1,WR,0,0,0,0
2023,11,14,1,0,0,0,55.9,50.6,,75.0,25,1,0,Jaylon Smith,LV,65.7,72.4,0,10668,24,LB,1,0,24,0
2023,13,79,8,11,0,28,58.8,70.9,44.1,59.3,120,105,2,Isaac Rochell,LV,43.2,82.5,0,11980,2,ED,118,2,0,0
2023,15,149,17,62,0,362,60.1,39.4,70.2,47.1,526,3,0,Adam Butler,LV,64.0,87.0,82,12214,6,DI,520,373,6,0
2023,0,423,17,20,0,657,92.1,92.7,84.3,61.4,1080,1054,0,Maxx Crosby,LV,68.0,61.6,0,26316,4,ED,1076,2,4,0
2023,1,293,17,115,0,322,51.6,49.4,54.7,63.2,616,1,0,Bilal Nichols,LV,63.9,75.3,7,28451,1,DI,615,492,0,0
2023,323,146,11,0,1,2,71.6,81.7,69.4,56.4,471,5,21,Jack Jones,LV,71.9,0.0,0,29050,466,CB,5,0,23,421
2023,8,8,3,0,0,0,29.0,56.6,,73.2,16,0,0,Curtis Bolton,LV,29.0,72.6,0,39043,16,LB,0,0,15,0
2023,433,298,15,0,1,40,60.6,60.4,62.3,80.4,771,82,50,Divine Deablo,LV,60.2,61.1,0,42208,689,LB,82,0,633,5
2023,3,31,6,4,0,44,56.3,71.3,56.6,51.1,78,68,3,Janarius Robinson,LV,77.8,0.0,0,42447,4,ED,74,2,0,0
2023,103,52,9,0,2,6,72.7,74.7,50.7,82.0,161,1,129,Tyler Hall,LV,71.9,80.5,0,43958,160,CB,1,0,21,7
2023,91,87,14,0,0,4,86.9,88.7,54.1,53.0,182,4,20,Luke Masterson,LV,76.2,78.4,0,45046,178,LB,4,0,157,0
2023,0,221,17,211,0,283,67.7,63.1,67.5,45.3,504,79,0,Jerry Tillery,LV,63.8,55.8,1,49949,0,DI,504,213,0,0
2023,27,17,3,0,0,0,51.7,42.9,,47.2,44,0,3,Brandon Facyson,LV,55.4,75.2,0,50564,44,CB,0,0,10,31
2023,606,439,17,0,2,55,77.1,89.0,87.7,69.1,1100,63,40,Robert Spillane,LV,59.0,50.6,0,50918,1037,LB,63,0,989,6
2023,614,404,17,0,640,12,65.4,69.7,57.5,54.1,1030,25,120,Marcus Epps,LV,62.3,87.7,0,51391,1005,S,25,0,235,10
2023,19,27,4,0,10,0,51.9,65.5,,83.0,46,0,7,Roderic Teamer,LV,47.3,71.7,0,51405,46,S,0,0,26,3
2023,9,148,17,15,0,344,81.3,66.3,78.9,51.4,501,482,0,Malcolm Koonce,LV,67.0,77.7,0,55015,1,ED,500,3,0,0
2023,419,251,14,0,3,4,63.4,54.5,74.7,53.2,674,7,100,Amik Robertson,LV,65.8,29.6,0,55619,667,CB,7,0,58,506
2023,470,281,13,0,1,24,69.0,78.8,45.8,42.3,775,19,504,Nate Hobbs,LV,68.1,36.3,0,55948,756,CB,19,0,140,111
2023,65,64,10,0,83,1,55.4,30.4,69.1,62.5,130,7,13,Isaiah Pola-Mao,LV,66.6,80.7,0,60781,123,S,7,0,26,1
2023,0,4,2,2,0,7,65.6,62.0,63.0,66.8,11,0,0,Matthew Butler,LV,,72.4,0,62931,0,DI,11,9,0,0
2023,0,12,2,0,0,12,43.9,46.7,52.2,68.7,24,0,0,Nesta Jade Silvera,LV,60.0,75.6,0,76888,0,DI,24,24,0,0
2023,656,439,17,0,600,10,70.2,73.4,64.7,71.5,1105,17,149,Tre'von Moehrig,LV,68.0,68.1,0,77847,1088,S,17,0,326,13
2023,8,3,1,0,0,0,53.9,62.0,,28.6,11,0,0,Kana'i Mauga,LV,52.7,69.4,0,81982,11,LB,0,0,11,0
2023,9,176,17,79,0,308,47.1,47.6,50.4,44.5,493,374,0,Tyree Wilson,LV,76.9,47.9,4,82432,1,ED,492,35,0,0
2023,10,12,1,0,18,0,64.9,60.7,,,22,0,2,Chris Smith II,LV,63.2,76.9,0,83220,22,S,0,0,2,0
2023,43,42,4,0,0,4,53.9,58.1,48.8,58.7,89,0,4,Amari Burney,LV,55.2,75.6,0,83811,89,LB,0,0,84,1
2023,0,48,6,6,0,51,45.6,45.1,53.3,70.6,99,0,0,Byron Young,LV,60.0,80.5,0,98923,0,DI,99,93,0,0
2023,223,138,12,0,0,0,42.4,49.4,,44.1,361,5,14,Jakorian Bennett,LV,41.1,84.4,0,129496,356,CB,5,0,35,306
2023,0,14,3,5,0,8,65.8,70.5,51.3,71.4,22,15,0,Jason Pierre-Paul,MIA,,75.7,0,5540,1,ED,21,1,1,0
2023,19,68,8,2,0,112,63.7,54.3,61.9,47.1,199,193,3,Justin Houston,MIA,82.9,51.7,0,6222,4,ED,195,0,1,0
2023,5,4,4,0,0,45,35.9,52.0,55.2,69.2,54,54,0,Bruce Irvin,MIA,29.1,9.2,0,7021,0,ED,54,0,0,0
2023,8,67,4,0,0,75,53.2,61.1,52.7,51.9,150,140,6,Melvin Ingram III,MIA,41.9,81.5,0,7024,10,ED,140,0,4,0
2023,86,35,10,0,1,5,67.6,65.6,90.9,85.2,126,0,88,Justin Bethel,MIA,62.0,79.9,0,7654,126,CB,0,0,30,5
2023,421,236,11,0,2,2,65.6,68.8,55.9,66.3,659,1,15,Jalen Ramsey,MIA,65.0,57.6,0,10639,658,CB,1,0,40,601
2023,384,240,11,0,0,0,51.7,88.7,84.7,40.1,624,3,11,Eli Apple,MIA,43.4,86.8,0,10644,621,CB,3,0,34,576
2023,6,108,15,1,0,172,55.4,41.4,63.6,29.1,286,279,4,Emmanuel Ogbah,MIA,74.7,63.8,0,10666,6,ED,280,0,0,0
2023,475,266,13,0,1,2,55.1,63.9,78.9,52.9,743,2,3,Xavien Howard,MIA,51.9,85.8,0,10672,741,CB,2,0,70,667
2023,242,185,16,0,0,46,71.5,69.3,76.0,41.8,473,5,10,Duke Riley,MIA,64.2,82.3,0,11830,468,LB,5,0,451,5
2023,15,7,3,0,0,1,73.6,67.8,59.9,76.9,23,0,0,Calvin Munson,MIA,68.9,73.2,0,12236,23,LB,0,0,23,0
2023,397,262,13,0,3,54,66.6,56.7,57.9,58.0,713,10,40,Jerome Baker,MIA,74.4,29.7,0,28091,702,LB,11,1,653,6
2023,619,367,16,0,589,1,68.6,83.5,66.9,73.4,987,13,113,DeShon Elliott,MIA,60.3,89.2,0,28854,974,S,13,0,266,6
2023,454,357,18,0,0,88,62.5,92.6,62.1,58.3,899,24,175,David Long Jr.,MIA,29.8,64.7,0,29367,875,LB,24,0,696,4
2023,147,259,17,0,3,321,91.1,76.3,90.6,49.9,727,561,56,Andrew Van Ginkel,MIA,87.3,77.4,0,30267,166,ED,561,0,105,1
2023,11,24,9,0,0,40,71.7,73.2,63.1,74.2,75,70,5,Cameron Goode,MIA,64.6,78.9,0,38410,5,ED,70,0,0,0
2023,330,201,14,0,361,11,75.4,64.4,75.7,54.1,542,6,54,Brandon Jones,MIA,76.2,50.6,0,43049,536,S,6,0,119,1
2023,0,251,18,32,0,280,57.5,51.5,60.3,59.6,531,3,0,Raekwon Davis,MIA,69.9,87.3,173,44582,2,DI,529,321,0,0
2023,1,1,2,0,0,0,70.6,60.0,,,2,0,0,Braxton Berrios,MIA,60.7,60.0,0,47961,2,WR,0,0,0,0
2023,0,100,16,30,0,119,87.6,84.3,68.5,35.4,219,0,0,Da'Shawn Hand,MIA,64.3,83.5,5,48386,0,DI,219,184,0,0
2023,0,3,2,0,0,2,57.2,60.0,56.2,,5,5,0,Chase Winovich,MIA,,70.6,0,48523,0,ED,5,0,0,0
2023,57,305,16,2,0,475,88.8,71.1,84.9,51.8,837,814,15,Bradley Chubb,MIA,88.5,58.4,0,48526,21,ED,816,0,5,0
2023,21,50,5,0,0,23,51.0,52.6,62.5,57.5,94,74,9,Malik Reed,MIA,45.2,80.3,0,48567,20,ED,74,0,10,1
2023,97,44,11,0,86,0,56.2,52.1,,53.3,141,0,23,Elijah Campbell,MIA,57.9,82.2,0,49190,141,S,0,0,31,0
2023,1,358,18,254,0,609,71.8,69.5,70.8,54.8,968,20,0,Christian Wilkins,MIA,64.5,35.8,31,50293,2,DI,966,661,0,0
2023,60,11,11,0,1,2,50.8,61.7,56.3,56.8,73,2,57,Nik Needham,MIA,49.7,79.7,0,50356,71,CB,2,0,10,2
2023,53,25,3,0,1,6,61.1,65.8,68.4,79.9,84,0,63,Parry Nickerson,MIA,58.0,78.3,0,50511,84,CB,0,0,7,13
2023,32,126,8,1,0,208,79.8,77.7,71.2,77.5,366,349,13,Jaelan Phillips,MIA,64.6,86.7,0,56902,16,ED,350,0,3,0
2023,0,16,4,6,0,13,55.6,59.4,52.3,69.0,29,0,0,Brandon Pili,MIA,,75.9,2,57036,0,DI,29,21,0,0
2023,0,351,18,173,0,573,68.3,63.4,67.1,29.9,924,23,0,Zach Sieler,MIA,68.6,62.3,13,66917,4,DI,920,711,2,0
2023,5,7,2,0,0,0,78.2,74.2,,79.0,12,0,1,Channing Tindall,MIA,64.3,67.8,0,82548,12,LB,0,0,11,0
2023,12,11,2,0,0,0,91.0,92.7,,76.7,23,0,0,Ethan Bonner,MIA,81.3,80.6,0,83091,23,CB,0,0,1,21
2023,434,267,12,0,362,6,90.4,82.5,51.7,84.0,707,8,121,Jevon Holland,MIA,89.9,86.6,0,83873,699,S,8,0,211,5
2023,15,7,5,0,0,0,73.3,61.3,,75.2,22,0,0,Cam Smith,MIA,73.7,74.1,0,98837,22,CB,0,0,2,18
2023,640,328,18,0,1,17,64.8,69.8,88.7,42.6,985,4,647,Kader Kohou,MIA,62.0,43.6,0,156070,981,CB,4,0,91,242
2023,593,419,17,0,346,99,68.9,66.2,58.6,61.2,1111,185,151,Harrison Smith,MIN,69.5,88.3,0,7641,926,S,185,0,390,39
2023,18,10,4,0,0,20,70.6,59.9,52.8,70.5,48,37,2,Anthony Barr,MIN,82.5,79.2,0,8644,11,LB,37,0,9,0
2023,366,324,13,1,6,123,74.6,74.2,64.2,71.3,813,120,21,Jordan Hicks,MIN,70.2,66.7,0,9517,692,LB,121,0,665,0
2023,14,376,17,87,0,614,78.0,51.7,79.1,60.1,1004,859,0,Danielle Hunter,MIN,75.0,87.1,0,9521,53,ED,951,5,53,0
2023,8,309,17,278,0,326,46.3,53.7,46.9,62.6,643,121,0,Jonathan Bullard,MIN,59.8,43.1,4,10706,1,DI,642,239,1,0
2023,1,60,6,35,0,64,61.4,58.5,54.1,26.7,125,10,0,Sheldon Day,MIN,66.0,81.2,1,10737,1,DI,124,78,1,0
2023,11,117,9,105,0,109,47.4,53.1,53.6,28.5,237,9,0,Dean Lowry,MIN,55.0,55.8,1,10771,0,DI,237,122,0,0
2023,58,29,8,0,0,25,60.7,57.7,58.9,72.5,112,29,9,Troy Dye,MIN,62.0,79.8,0,28251,83,LB,29,0,74,0
2023,43,13,3,0,0,0,49.4,63.9,,75.2,56,0,3,Joejuan Williams,MIN,47.3,77.9,0,29113,56,CB,0,0,1,52
2023,0,25,3,18,0,19,55.8,60.0,50.8,71.4,44,9,0,T.J. Smith,MIN,,77.4,1,36851,0,DI,44,16,0,0
2023,691,420,17,0,561,9,73.2,79.1,56.1,70.4,1120,42,282,Camryn Bynum,MIN,69.7,89.3,0,38408,1078,S,42,0,186,49
2023,556,391,17,0,55,116,69.2,67.8,75.8,67.5,1063,205,396,Josh Metellus,MIN,64.5,72.5,0,43395,857,S,206,1,377,29
2023,47,199,17,33,0,388,37.5,39.8,45.6,34.6,634,442,0,Pat Jones II,MIN,52.9,61.6,8,43974,97,ED,537,54,97,0
2023,570,322,14,0,9,14,58.0,65.1,48.4,29.0,906,19,214,Byron Murphy Jr.,MIN,58.2,42.9,0,44027,887,CB,19,0,68,596
2023,83,278,15,2,0,465,62.3,68.6,56.8,66.1,826,793,5,D.J. Wonnum,MIN,53.4,88.1,0,44550,30,ED,796,1,25,0
2023,28,372,17,68,0,438,59.7,65.6,53.6,42.2,838,2,0,Harrison Phillips,MIN,56.2,70.0,249,48690,3,DI,835,516,3,0
2023,1,40,4,18,0,77,55.4,52.3,60.1,27.4,118,90,0,Marcus Davenport,MIN,53.4,81.3,0,50291,8,ED,110,2,8,0
2023,0,109,13,35,0,79,67.7,58.1,70.4,74.3,188,1,0,Khyiris Tonga,MIN,71.6,82.5,42,52000,0,DI,188,110,0,0
2023,319,276,17,0,1,109,77.1,61.2,78.0,67.0,704,59,3,Ivan Pace Jr.,MIN,77.7,86.4,0,53587,645,LB,59,0,641,0
2023,100,20,15,0,10,5,67.6,47.3,65.0,32.8,125,27,45,Theo Jackson,MIN,69.2,81.1,0,62919,98,S,27,0,33,10
2023,524,326,15,0,1,5,54.9,60.2,62.9,29.6,855,10,38,Akayleb Evans,MIN,52.6,86.8,0,65033,845,CB,10,0,125,681
2023,8,25,5,0,0,3,38.3,27.6,68.3,52.2,36,9,7,Brian Asamoah II,MIN,72.5,76.1,0,77195,27,LB,9,0,20,0
2023,1,0,1,0,1,0,60.0,,,,1,0,0,NaJee Thompson,MIN,60.0,62.6,0,78869,1,CB,0,0,0,0
2023,329,104,15,0,0,1,71.8,63.9,60.0,90.3,434,4,18,Mekhi Blackmon,MIN,71.8,84.8,0,83036,430,CB,4,0,30,382
2023,11,13,2,0,0,0,38.6,65.2,,25.9,24,0,0,Jaylin Williams,MIN,31.8,74.7,0,83246,24,CB,0,0,3,21
2023,22,11,6,0,6,2,67.8,63.9,54.6,78.0,35,1,17,Jay Ward,MIN,74.7,0.0,0,98833,34,S,1,0,8,3
2023,1,7,1,0,1,0,66.3,63.2,,73.3,8,0,0,Lewis Cine,MIN,60.0,66.0,0,98879,8,S,0,0,7,0
2023,99,52,10,0,0,0,68.6,59.8,,81.6,151,0,9,Andrew Booth Jr.,MIN,69.1,80.0,0,99744,151,CB,0,0,21,121
2023,6,13,8,0,0,49,54.0,67.1,48.9,72.4,68,49,0,Andre Carter II,MIN,63.0,80.8,0,102780,17,ED,51,2,17,0
2023,4,47,12,2,0,44,58.3,63.1,55.1,50.5,95,0,0,Jaquelin Roy,MIN,56.8,79.7,35,124111,0,DI,95,58,0,0
2023,1,0,2,0,1,1,60.0,,60.0,,2,0,0,Matthew Slater,NE,60.0,99.9,0,4467,2,WR,0,0,0,0
2023,0,301,17,225,0,221,45.5,47.3,44.9,62.2,522,53,0,Lawrence Guy Sr.,NE,63.5,87.0,4,6385,1,DI,521,239,0,0
2023,83,45,13,0,15,11,46.5,64.3,39.5,28.3,139,14,18,Adrian Phillips,NE,45.3,79.2,0,9177,125,S,14,0,86,5
2023,21,69,4,0,0,94,70.2,67.3,60.4,61.8,184,174,6,Matthew Judon,NE,76.2,83.0,0,10780,10,ED,174,0,4,0
2023,303,144,17,0,159,12,59.1,84.1,65.5,54.8,459,31,136,Jalen Mills,NE,52.2,46.5,0,10867,428,S,31,0,106,27
2023,423,300,14,0,3,1,76.5,74.0,59.1,83.9,724,14,51,Jonathan Jones,NE,75.1,87.6,0,11217,710,CB,14,0,42,614
2023,526,390,15,0,424,39,87.3,90.7,54.0,59.5,955,50,134,Jabrill Peppers,NE,83.2,88.6,0,11780,905,S,50,0,267,80
2023,1,223,16,215,0,391,54.3,49.7,59.0,78.3,615,268,0,Deatrich Wise Jr.,NE,67.3,41.8,3,11886,3,ED,612,126,2,0
2023,2,351,17,10,0,332,50.2,51.6,50.0,59.7,685,2,0,Davon Godchaux,NE,60.0,78.5,489,11934,0,DI,685,184,0,0
2023,58,344,15,0,0,275,63.2,85.9,55.3,46.7,677,657,14,Anfernee Jennings,NE,28.0,65.9,0,25449,20,ED,657,0,4,2
2023,38,66,15,0,0,227,57.1,61.5,66.8,54.6,331,314,7,Joshua Uche,NE,28.8,63.9,0,27379,17,ED,314,0,9,1
2023,2,0,3,0,2,1,78.2,,60.0,,3,0,0,Brenden Schooler,NE,66.9,67.5,0,28253,3,S,0,0,0,0
2023,1,0,2,0,1,1,60.0,,60.0,,2,0,0,Chris Board,NE,60.0,72.3,0,29456,2,LB,0,0,0,0
2023,324,198,10,0,0,2,34.8,56.6,56.2,63.5,524,4,42,J.C. Jackson,NE,30.8,85.8,0,42781,520,CB,4,0,47,431
2023,102,95,16,0,0,108,81.5,71.7,63.2,64.5,305,131,2,Mack Wilson Sr.,NE,86.9,84.9,0,43190,174,LB,131,0,171,1
2023,545,290,17,0,62,17,66.6,84.3,52.9,63.5,852,4,541,Myles Bryant,NE,63.1,63.8,0,43336,848,CB,4,0,78,166
2023,0,2,1,1,0,2,60.2,60.5,58.7,,4,0,0,Trysten Hill,NE,,68.8,1,44519,0,DI,4,2,0,0
2023,0,15,3,6,0,38,63.1,72.0,51.8,70.1,53,0,0,Daniel Ekuale,NE,,77.6,24,48874,0,DI,53,23,0,0
2023,461,397,16,0,1,126,65.8,67.7,63.8,57.2,984,50,11,Ja'Whaun Bentley,NE,59.7,85.2,0,50966,934,LB,50,0,919,3
2023,333,419,17,0,0,86,86.6,86.2,63.5,68.6,838,302,65,Jahlani Tavai,NE,82.7,60.2,0,51055,536,LB,302,0,446,24
2023,399,304,12,0,0,1,41.7,50.8,48.0,53.6,704,0,4,Marco Wilson,NE,40.4,86.8,0,55592,704,CB,0,0,101,599
2023,213,135,11,0,0,0,62.2,73.2,,69.2,348,3,26,Shaun Wade,NE,59.1,84.2,0,55673,345,CB,3,0,26,293
2023,30,14,2,0,1,0,64.2,72.9,,78.0,44,0,11,Marcus Jones,NE,61.0,77.3,0,55717,44,CB,0,0,0,32
2023,105,92,14,0,60,7,50.0,51.4,59.5,62.3,204,8,34,Marte Mapu,NE,54.0,10.0,0,56159,196,S,8,0,94,8
2023,10,211,16,135,0,301,64.2,67.8,52.3,44.4,522,298,6,Keion White,NE,83.8,87.1,6,60998,9,ED,513,74,2,0
2023,67,43,6,0,0,9,45.4,61.6,67.4,47.7,119,0,10,Christian Elliss,NE,36.4,77.2,0,61853,119,LB,0,0,107,2
2023,0,272,17,290,0,478,83.8,67.8,84.9,61.5,750,33,0,Christian Barmore,NE,66.0,57.5,107,82198,1,DI,749,319,1,0
2023,616,445,17,0,371,55,61.7,79.6,66.5,77.4,1116,45,168,Kyle Dugger,NE,50.0,86.0,0,90621,1071,S,45,0,478,53
2023,122,94,7,0,0,0,62.0,62.3,,67.8,216,0,14,Alex Austin,NE,63.5,10.1,0,97683,216,CB,0,0,19,183
2023,127,80,4,0,4,2,80.8,71.3,75.1,79.0,209,0,18,Christian Gonzalez,NE,79.3,82.4,0,131679,209,CB,0,0,10,177
2023,0,45,7,42,0,56,47.3,39.7,60.0,45.3,101,7,0,Sam Roberts,NE,,80.1,1,156069,1,DI,100,50,0,0
2023,0,48,12,7,0,42,69.9,59.5,68.9,35.2,90,0,0,Jeremiah Pharms Jr.,NE,71.7,80.5,48,156117,0,DI,90,35,0,0
2023,11,310,17,71,0,449,73.5,72.0,63.8,56.5,770,684,0,Cameron Jordan,NO,82.9,81.6,0,6176,0,ED,770,15,0,0
2023,567,429,17,0,8,78,89.6,82.8,73.9,75.7,1074,83,67,Demario Davis,NO,85.4,88.4,0,7079,991,LB,83,0,908,8
2023,648,432,17,0,565,16,81.3,71.1,61.5,72.9,1096,78,88,Tyrann Mathieu,NO,87.4,49.8,0,7850,1018,S,78,0,354,11
2023,6,3,2,0,4,0,46.4,60.0,,22.6,9,3,0,Daniel Sorensen,NO,47.7,70.8,0,9253,6,S,3,0,1,1
2023,400,221,10,0,0,0,67.4,58.1,,71.8,621,3,28,Marshon Lattimore,NO,69.1,56.4,0,11766,618,CB,3,0,35,555
2023,247,184,7,0,206,13,57.6,57.2,55.6,51.3,444,54,76,Marcus Maye,NO,57.6,86.3,0,11794,390,S,54,0,94,14
2023,3,139,17,97,0,264,67.7,61.6,65.0,52.7,406,228,1,Tanoh Kpassagnon,NO,62.9,87.8,12,11814,2,ED,404,67,0,0
2023,0,0,1,0,0,1,60.0,,60.0,,1,0,0,Taysom Hill,NO,,60.0,0,12112,1,TE,0,0,0,0
2023,4,303,17,139,0,286,47.5,30.3,77.4,41.3,593,1,0,Nathan Shepherd,NO,62.5,62.4,12,24614,1,DI,592,440,1,0
2023,0,1,2,0,0,1,59.0,60.0,60.0,,2,0,0,Ty Summers,NO,,64.8,0,30242,2,LB,0,0,0,0
2023,1,276,17,1,0,245,61.6,57.0,68.7,48.0,522,0,0,Khalen Saunders,NO,59.9,59.3,159,31534,1,DI,521,361,1,0
2023,56,110,17,0,0,137,71.1,70.3,63.6,48.4,303,252,15,Zack Baun,NO,66.9,85.5,0,34632,51,ED,252,0,33,1
2023,129,74,8,0,71,6,57.1,77.8,60.5,38.3,209,29,34,Johnathan Abram,NO,48.7,82.6,0,34646,180,S,29,0,69,5
2023,0,29,5,10,0,27,52.0,47.6,60.0,38.7,56,45,0,Kyle Phillips,NO,,80.6,0,36340,0,ED,56,1,0,0
2023,5,5,2,0,0,0,57.3,48.2,,26.7,10,0,1,Shemar Jean-Charles,NO,65.6,70.9,0,42496,10,CB,0,0,1,8
2023,0,10,1,1,0,7,57.1,59.7,54.3,68.6,17,0,0,Jack Heflin,NO,,73.8,3,44570,0,DI,17,13,0,0
2023,20,332,17,44,0,522,74.1,70.8,63.6,59.1,874,803,2,Carl Granderson,NO,84.0,59.3,0,48500,4,ED,870,23,1,0
2023,45,34,8,0,0,4,64.3,71.3,53.4,72.1,83,5,56,Ugo Amadi,NO,61.9,77.5,0,49352,78,CB,5,0,12,10
2023,319,197,16,0,0,1,81.1,74.7,60.0,49.0,517,12,37,Isaac Yiadom,NO,80.4,88.5,0,49355,505,CB,12,0,8,458
2023,0,1,1,0,0,0,60.0,60.0,,,1,1,0,Ryan Connelly,NO,,65.0,0,49840,0,LB,1,0,0,0
2023,2,139,12,13,0,149,72.9,72.5,62.9,59.2,290,0,0,Malcolm Roach,NO,58.7,84.2,48,50191,0,DI,290,229,0,0
2023,4,2,3,0,4,0,45.7,60.0,,77.3,6,1,0,J.T. Gray,NO,62.6,72.3,0,51495,5,S,1,0,0,0
2023,568,377,15,0,0,3,78.6,66.4,52.0,79.2,948,6,55,Paulson Adebo,NO,80.5,66.2,0,52280,942,CB,6,0,40,847
2023,110,12,9,0,110,2,62.7,64.0,55.4,29.7,124,2,5,Lonnie Johnson Jr.,NO,61.6,81.6,0,55615,122,S,2,0,4,1
2023,23,32,7,0,0,4,85.6,78.2,52.1,82.3,59,11,7,Nephi Sewell,NO,81.0,90.7,0,56107,48,LB,11,0,38,1
2023,0,12,2,1,0,13,60.5,60.5,58.2,70.5,25,24,0,Payton Turner,NO,,78.2,0,56624,0,ED,25,0,0,0
2023,5,3,3,0,0,1,40.4,72.2,60.0,78.8,9,0,0,D'Marco Jackson,NO,32.0,69.8,0,57691,9,LB,0,0,7,0
2023,34,46,6,0,0,6,69.4,71.1,50.4,72.1,86,1,1,Monty Rice,NO,63.8,76.3,0,57839,85,LB,1,0,84,0
2023,471,374,16,0,2,74,57.5,70.4,52.0,71.0,919,162,78,Pete Werner,NO,47.6,87.8,0,58093,757,LB,162,0,670,7
2023,0,1,1,0,0,0,59.9,60.0,,,1,0,0,Lynn Bowden,NO,,60.0,0,61361,1,WR,0,0,0,0
2023,1,0,1,0,0,0,70.2,,,,1,0,0,Rashid Shaheed,NO,60.7,60.0,0,63707,1,WR,0,0,0,0
2023,0,24,4,7,0,18,43.2,40.1,63.2,71.2,42,0,0,PJ Mustipher,NO,,76.6,9,82505,0,DI,42,26,0,0
2023,373,187,15,0,341,9,67.0,62.3,77.1,58.6,569,51,68,Jordan Howden,NO,65.2,87.3,0,83305,518,S,51,0,97,11
2023,562,351,17,0,1,37,45.7,29.7,48.6,48.4,950,29,718,Alontae Taylor,NO,51.8,66.3,0,83469,921,CB,29,0,79,122
2023,0,34,9,1,0,50,62.2,62.3,52.9,76.4,84,77,0,Isaiah Foskey,NO,63.3,84.7,0,102728,1,ED,83,5,0,0
2023,5,148,17,85,0,386,45.5,30.1,67.6,40.8,539,2,0,Bryan Bresee,NO,52.2,23.1,84,122142,0,DI,539,368,0,0
2023,11,8,2,0,3,0,49.0,41.2,,23.2,19,0,12,Bobby McCain,NYG,57.4,73.5,0,9578,19,CB,0,0,3,1
2023,4,219,16,80,0,238,46.3,43.8,50.5,34.9,461,2,0,Rakeem Nunez-Roches,NYG,63.8,86.7,66,9650,0,DI,461,313,0,0
2023,48,285,17,111,0,328,42.4,40.4,53.9,38.0,661,471,0,Jihad Ward,NYG,49.5,64.9,7,10678,10,ED,651,62,10,0
2023,2,262,17,201,0,251,58.6,60.6,52.8,58.9,515,82,0,A'Shawn Robinson,NYG,63.9,73.3,5,10680,1,DI,514,226,1,0
2023,451,336,14,0,1,5,48.6,59.9,50.1,37.6,792,11,115,Adoree' Jackson,NYG,45.9,87.3,0,11773,781,CB,11,0,57,608
2023,5,258,16,19,0,446,92.9,89.5,92.6,58.2,709,2,0,Dexter Lawrence,NYG,41.0,79.1,502,25991,7,DI,702,179,7,0
2023,203,84,17,0,2,91,68.9,54.7,44.1,41.6,378,137,65,Isaiah Simmons,NYG,82.7,86.1,0,42451,241,LB,137,0,166,8
2023,3,3,1,1,0,13,57.5,64.4,50.6,,19,18,0,Tomon Fox,NYG,60.5,77.0,0,42486,0,ED,19,0,0,0
2023,0,2,1,0,0,0,59.5,60.0,,,2,2,0,Carter Coughlin,NYG,,66.9,0,43498,0,LB,2,0,0,0
2023,0,30,4,3,0,34,46.0,57.0,58.3,70.2,64,0,0,Timmy Horne,NYG,,0.0,9,43918,0,DI,64,52,0,0
2023,4,105,13,2,0,85,55.0,57.3,50.8,62.6,194,189,0,Boogie Basham,NYG,63.9,82.9,0,44320,0,ED,194,3,0,0
2023,13,19,3,1,0,20,70.2,60.5,63.9,29.8,52,48,0,Oshane Ximines,NYG,85.2,1.6,0,48538,3,ED,49,0,2,1
2023,182,128,13,0,0,2,74.8,45.3,56.4,48.5,312,2,25,Nick McCloud,NYG,80.7,82.9,0,49535,310,CB,2,0,41,244
2023,526,465,17,0,9,137,78.9,74.4,58.9,80.0,1128,35,45,Bobby Okereke,NYG,82.5,31.6,0,50954,1093,LB,35,0,1026,13
2023,1,6,4,0,0,7,30.0,55.7,51.4,25.0,14,14,0,Benton Whitley,NYG,60.0,73.1,0,54444,0,ED,14,0,0,0
2023,614,465,17,0,464,49,87.5,70.5,58.5,89.1,1128,82,167,Xavier McKinney,NYG,91.2,50.8,0,55775,1046,S,82,0,388,27
2023,547,424,16,0,650,40,67.8,67.9,66.2,58.4,1011,60,122,Jason Pinnock,NYG,64.8,90.2,0,56144,951,S,60,0,164,15
2023,77,44,8,0,0,2,63.9,44.0,54.1,68.4,123,0,87,Darnay Holmes,NYG,68.7,79.0,0,56247,123,CB,0,0,10,26
2023,0,131,15,4,0,113,51.6,47.7,68.1,28.6,244,1,0,D.J. Davidson,NYG,,33.5,134,56523,0,DI,244,105,0,0
2023,1,75,8,0,0,59,33.1,32.3,51.6,33.1,135,0,0,Jordon Riley,NYG,60.0,82.6,107,56759,0,DI,135,28,0,0
2023,274,376,16,2,0,86,65.6,68.1,64.2,28.8,736,84,17,Micah McFadden,NYG,57.1,86.7,0,81246,650,LB,86,0,620,13
2023,24,135,11,4,0,265,51.8,47.6,50.7,64.4,424,417,0,Azeez Ojulari,NYG,72.7,87.1,0,81959,1,ED,423,2,0,1
2023,84,377,17,4,0,520,58.4,52.3,62.9,59.4,981,960,3,Kayvon Thibodeaux,NYG,57.3,66.1,0,98444,14,ED,967,3,10,1
2023,332,171,14,0,0,16,53.4,49.2,41.7,39.9,519,1,432,Cor'Dale Flott,NYG,59.4,0.0,0,98834,518,CB,1,0,41,45
2023,496,346,15,0,2,2,51.5,61.6,55.5,60.8,844,1,61,Deonte Banks,NYG,48.6,88.5,0,101384,843,CB,1,0,57,723
2023,165,116,17,0,117,14,51.7,37.1,61.1,36.9,295,15,33,Dane Belton,NYG,59.0,80.2,0,101398,280,S,15,0,119,11
2023,211,135,10,0,1,0,52.6,74.5,,63.5,346,0,28,Tre Hawkins III,NYG,47.2,83.8,0,145387,346,CB,0,0,32,285
2023,0,74,6,2,0,66,54.0,55.4,53.0,71.5,140,0,0,Al Woods,NYJ,,81.4,16,5646,0,DI,140,122,0,0
2023,600,486,17,0,7,41,82.9,63.8,72.9,73.7,1127,29,37,C.J. Mosley,NYJ,90.6,30.1,0,8652,1098,LB,29,0,1053,1
2023,3,225,14,242,0,240,52.8,38.7,73.2,63.3,468,15,0,Quinton Jefferson,NYJ,60.8,56.0,27,10781,2,DI,466,182,2,0
2023,4,256,17,143,0,223,37.0,32.2,62.0,52.1,483,1,0,Solomon Thomas,NYJ,60.6,28.7,4,11758,0,DI,483,335,0,0
2023,0,42,6,1,0,59,60.3,64.8,53.6,75.2,101,99,0,Carl Lawson,NYJ,,83.9,0,11871,1,ED,100,0,1,0
2023,0,38,4,12,0,25,27.5,28.1,56.9,26.5,63,0,0,Tanzel Smart,NYJ,54.5,78.2,1,11944,0,DI,63,50,0,0
2023,2,12,5,0,0,0,42.5,65.7,,73.3,14,9,0,Sam Eguavoen,NYJ,39.8,70.7,0,15301,5,LB,9,0,5,0
2023,27,15,2,0,0,0,79.0,63.3,,72.5,42,0,5,Craig James,NYJ,79.8,76.5,0,26360,42,CB,0,0,1,36
2023,542,449,15,0,2,2,77.9,70.2,58.0,66.6,993,8,15,D.J. Reed,NYJ,79.5,47.2,0,26940,985,CB,8,0,62,906
2023,13,134,17,8,0,334,79.7,48.0,86.8,74.0,481,457,0,Bryce Huff,NYJ,68.2,50.1,0,27128,14,ED,467,2,13,1
2023,13,0,1,0,0,0,35.1,,,79.2,13,0,1,Tae Hayes,NYJ,34.2,72.8,0,35173,13,CB,0,0,0,12
2023,0,9,3,0,0,0,78.2,71.2,,75.1,9,0,0,Chazz Surratt,NYJ,,68.1,0,40313,9,LB,0,0,9,0
2023,101,37,5,0,0,0,66.4,80.3,,59.5,138,0,4,Bryce Hall,NYJ,62.8,80.7,0,42313,138,CB,0,0,12,122
2023,6,307,17,266,0,465,90.6,90.4,84.5,47.5,778,24,0,Quinnen Williams,NYJ,63.0,36.8,51,44216,0,DI,778,437,0,0
2023,0,46,5,21,0,35,28.9,29.8,54.0,48.5,81,0,0,Jalyn Holmes,NYJ,60.0,0.0,2,48400,0,DI,81,58,0,0
2023,0,24,2,1,0,13,61.3,63.1,53.4,70.3,37,0,0,Bruce Hector,NYJ,,76.8,0,48759,0,DI,37,36,0,0
2023,598,473,17,0,507,5,68.2,66.1,53.7,43.5,1076,18,218,Jordan Whitehead,NYJ,68.9,64.0,0,49196,1058,S,18,0,326,7
2023,110,105,17,0,46,3,72.6,56.4,76.4,57.6,218,5,79,Ashtyn Davis,NYJ,75.2,77.9,0,49560,213,S,5,0,85,3
2023,576,475,17,0,4,41,81.1,70.4,69.2,60.1,1092,50,132,Quincy Williams,NYJ,88.7,32.3,0,49779,1042,LB,50,0,896,10
2023,4,263,17,169,0,359,70.4,64.3,67.4,48.3,626,423,0,John Franklin-Myers,NYJ,77.4,67.7,2,50088,1,ED,625,31,1,0
2023,506,365,15,0,366,8,68.0,69.7,56.2,53.2,879,6,220,Tony Adams,NYJ,65.2,89.6,0,55953,873,S,6,0,273,14
2023,1,210,16,19,0,157,65.9,66.3,57.9,39.7,368,337,0,Micheal Clemons,NYJ,63.1,73.7,0,56872,0,ED,368,12,0,0
2023,434,219,15,0,4,18,80.4,63.5,52.8,73.3,671,2,571,Michael Carter II,NYJ,83.3,84.5,0,60644,669,CB,2,0,65,29
2023,2,82,15,2,0,99,71.6,63.2,68.9,59.8,183,179,0,Will McDonald IV,NYJ,63.1,86.0,0,76842,2,ED,181,0,2,0
2023,0,4,2,0,4,0,60.1,60.0,,,4,0,0,Jarrick Bernard-Converse,NYJ,,66.9,0,77841,4,S,0,0,0,0
2023,45,141,16,1,0,7,76.1,78.9,79.4,79.9,193,37,26,Jamien Sherwood,NYJ,56.7,77.4,0,83175,155,LB,38,0,129,0
2023,94,47,12,0,0,2,56.1,80.6,58.2,30.7,143,2,112,Brandin Echols,NYJ,53.2,0.0,0,98900,141,CB,2,0,13,16
2023,7,296,17,4,0,445,83.0,71.0,73.7,69.8,748,703,0,Jermaine Johnson,NYJ,95.1,57.3,0,99015,37,ED,711,4,36,1
2023,583,463,16,0,1,3,88.6,57.0,54.5,55.6,1049,8,15,Sauce Gardner,NYJ,90.8,87.2,0,100903,1041,CB,8,0,100,925
2023,0,9,1,1,0,4,27.2,31.8,56.6,68.7,13,0,0,Perrion Winfrey,NYJ,,0.0,0,122952,0,DI,13,12,0,0
2023,22,157,18,30,0,248,84.0,72.1,80.2,73.4,427,364,6,Brandon Graham,PHI,69.0,73.4,8,5538,10,ED,417,15,3,1
2023,0,211,16,293,0,510,76.5,68.8,72.2,70.8,721,37,0,Fletcher Cox,PHI,67.0,68.3,36,7018,0,DI,721,355,0,0
2023,616,258,13,0,1,0,66.0,62.8,,66.6,874,5,37,Darius Slay,PHI,65.4,88.1,0,7817,869,CB,5,0,34,797
2023,254,119,10,0,1,6,56.9,50.2,68.2,31.1,379,8,316,Bradley Roby,PHI,57.0,82.8,0,8666,371,CB,8,0,37,17
2023,726,361,17,0,0,3,54.4,63.6,53.7,67.8,1090,3,127,James Bradberry,PHI,52.0,88.7,0,10696,1087,CB,3,0,75,885
2023,726,448,17,0,551,13,72.8,83.6,58.6,88.0,1187,11,234,Kevin Byard,PHI,68.0,66.7,0,10698,1176,S,11,0,378,13
2023,48,275,18,1,0,587,73.0,63.7,73.9,54.4,910,883,12,Haason Reddick,PHI,51.6,73.1,0,11768,24,ED,886,2,12,0
2023,152,44,4,0,134,1,63.1,67.0,58.3,90.0,197,0,33,Justin Evans,PHI,61.2,81.1,0,11805,197,S,0,0,30,0
2023,519,215,14,0,8,53,67.6,71.5,49.9,48.4,787,40,64,Zach Cunningham,PHI,67.9,36.9,0,11812,747,LB,40,0,658,17
2023,290,311,14,0,8,17,62.8,66.9,64.3,64.8,618,15,43,Shaquille Leonard,PHI,55.9,81.6,0,49684,603,LB,15,0,552,0
2023,24,254,18,21,0,597,67.2,54.2,72.1,50.9,875,835,6,Josh Sweat,PHI,69.7,41.7,0,50120,8,ED,867,11,2,0
2023,147,64,5,0,41,0,44.8,71.2,,56.2,211,2,129,Avonte Maddox,PHI,39.3,79.4,0,50543,209,CB,2,0,35,4
2023,526,327,16,0,9,45,68.1,77.0,79.9,77.9,898,16,89,Nicholas Morrow,PHI,56.1,63.9,0,51674,882,LB,16,0,778,6
2023,14,3,1,0,0,0,60.0,60.0,,73.0,17,0,14,Josiah Scott,PHI,59.3,71.7,0,55634,17,CB,0,0,3,0
2023,617,316,15,0,682,9,73.4,61.2,59.2,70.7,942,10,94,Reed Blankenship,PHI,78.0,71.2,0,56065,932,S,10,0,149,7
2023,3,16,3,0,0,19,47.3,53.9,46.1,23.6,38,37,0,Patrick Johnson,PHI,61.7,77.6,0,56460,1,ED,37,0,1,0
2023,0,200,17,241,0,322,70.4,69.8,62.0,41.7,522,25,0,Milton Williams,PHI,66.8,71.3,3,56682,0,DI,522,253,0,0
2023,0,92,15,38,0,86,58.5,59.4,54.6,59.7,178,7,0,Marlon Tuipulotu,PHI,60.0,82.1,37,57035,0,DI,178,96,0,0
2023,19,10,1,0,17,0,76.6,78.9,,82.7,29,0,2,Tristin McCollum,PHI,65.7,73.7,0,66771,29,S,0,0,10,0
2023,59,11,3,0,1,0,50.4,62.4,,26.2,70,0,52,Mario Goodrich,PHI,48.6,75.0,0,76578,70,CB,0,0,14,3
2023,0,29,8,23,0,39,67.9,70.8,57.5,70.2,68,4,0,Moro Ojomo,PHI,,78.9,2,76927,0,DI,68,39,0,0
2023,21,29,2,0,0,0,69.5,63.0,,81.7,50,2,1,Ben VanSumeren,PHI,69.7,76.1,0,82523,48,LB,2,0,47,0
2023,179,60,9,0,0,1,40.8,30.9,60.0,27.1,240,0,7,Josh Jobe,PHI,42.7,82.6,0,83122,240,CB,0,0,15,218
2023,221,107,13,0,137,6,62.0,56.7,49.9,64.2,334,1,141,Sydney Brown,PHI,64.9,28.4,0,83241,333,S,1,0,54,1
2023,0,257,18,4,0,304,70.9,63.4,66.5,39.1,561,0,0,Jordan Davis,PHI,70.3,87.0,255,94854,1,DI,560,301,1,0
2023,24,84,18,0,0,95,55.8,65.8,55.5,57.0,203,186,3,Nolan Smith,PHI,45.6,49.8,0,99014,15,ED,188,2,12,0
2023,127,47,5,0,1,8,61.7,80.2,83.4,89.2,182,2,23,Nakobe Dean,PHI,49.2,78.9,0,99018,180,LB,2,0,156,0
2023,17,10,2,0,17,0,51.1,54.5,,,27,0,2,Mekhi Garner,PHI,55.4,72.4,0,102900,27,S,0,0,8,0
2023,0,172,17,222,0,427,87.4,69.4,84.6,51.5,599,15,0,Jalen Carter,PHI,68.2,37.2,26,124019,0,DI,599,336,0,0
2023,134,98,7,0,1,1,64.7,74.2,83.2,76.2,233,1,4,Kelee Ringo,PHI,63.5,0.0,0,124035,232,CB,1,0,26,201
2023,244,72,15,0,3,0,45.3,58.2,,50.9,316,0,144,Eli Ricks,PHI,43.5,83.3,0,124109,316,CB,0,0,17,152
2023,716,438,18,0,220,8,58.9,57.1,59.4,39.8,1162,3,225,Patrick Peterson,PIT,59.8,50.6,0,6157,1159,CB,3,0,115,599
2023,0,192,12,162,0,305,73.1,67.7,64.8,62.1,497,48,0,Cameron Heyward,PIT,67.4,85.7,17,6183,1,DI,496,269,1,0
2023,144,64,4,0,85,4,64.9,71.7,52.6,58.4,212,3,54,Eric Rowe,PIT,61.8,80.6,0,9480,209,S,3,0,61,9
2023,21,143,17,1,0,117,83.5,75.3,77.6,67.7,281,273,6,Markus Golden,PIT,66.0,84.8,0,9491,7,ED,274,0,1,0
2023,187,145,9,0,0,30,59.2,30.3,81.0,39.5,362,13,24,Kwon Alexander,PIT,74.4,80.3,0,9557,349,LB,13,0,319,6
2023,266,154,9,0,102,10,59.6,65.1,60.2,50.2,430,22,108,Keanu Neal,PIT,56.4,81.1,0,10651,408,S,22,0,178,20
2023,107,39,4,0,0,11,55.3,72.0,63.0,52.6,157,4,17,Myles Jack,PIT,47.8,78.5,0,10670,153,LB,4,0,136,0
2023,91,17,10,0,21,3,64.1,72.4,55.6,69.8,111,7,25,Miles Killebrew,PIT,61.1,76.6,0,10745,104,S,7,0,53,5
2023,7,14,1,0,0,0,85.1,79.7,,79.5,21,0,1,Blake Martinez,PIT,66.5,71.3,0,10765,21,LB,0,0,20,0
2023,297,287,17,0,1,38,72.2,72.5,59.6,65.8,622,7,34,Elandon Roberts,PIT,69.0,52.9,0,10848,615,LB,7,0,576,4
2023,56,323,17,0,0,551,91.9,80.7,91.7,59.0,930,910,7,T.J. Watt,PIT,70.6,69.5,0,11785,20,ED,910,0,13,0
2023,4,320,18,348,0,492,58.7,53.2,58.6,42.4,816,39,0,Larry Ogunjobi,PIT,67.3,79.9,26,11820,1,DI,815,402,1,0
2023,1,173,14,14,0,253,59.0,50.6,67.0,45.7,427,0,0,Montravius Adams,PIT,61.5,69.4,158,11848,0,DI,427,255,0,0
2023,506,280,15,0,647,5,60.1,55.7,52.4,49.8,791,11,59,Damontae Kazee,PIT,62.3,53.2,0,11904,780,S,11,0,63,11
2023,502,260,17,0,2,0,57.9,44.1,,63.3,762,3,26,Levi Wallace,PIT,60.4,61.8,0,25445,759,CB,3,0,40,691
2023,0,131,16,112,0,155,77.3,75.2,65.6,35.4,286,27,0,Armon Watts,PIT,61.2,84.5,16,27844,0,DI,286,131,0,0
2023,128,81,6,0,86,3,56.8,42.9,53.6,64.7,212,4,36,Trenton Thompson,PIT,63.8,80.4,0,43455,208,S,4,0,78,8
2023,86,357,18,4,0,531,90.0,77.3,85.9,66.2,974,918,32,Alex Highsmith,PIT,86.3,63.3,0,43507,48,ED,926,4,16,0
2023,0,107,16,82,0,77,55.2,57.8,47.2,32.6,184,26,0,Isaiahh Loudermilk,PIT,60.7,82.3,3,44416,0,DI,184,73,0,0
2023,34,14,5,0,9,2,79.8,47.9,70.5,29.9,50,3,10,Elijah Riley,PIT,84.5,73.4,0,44440,47,S,3,0,22,6
2023,255,150,18,0,0,37,60.4,42.4,57.1,54.8,442,13,366,Chandon Sullivan,PIT,65.9,43.0,0,49349,429,CB,13,0,46,17
2023,232,182,8,0,0,33,65.5,72.2,60.8,79.7,447,32,36,Cole Holcomb,PIT,57.2,82.9,0,49753,415,LB,32,0,374,5
2023,337,260,11,0,270,19,73.3,83.1,57.1,83.1,616,17,149,Minkah Fitzpatrick,PIT,67.9,54.3,0,51206,599,S,17,0,157,23
2023,64,102,9,0,0,7,51.1,66.8,61.5,83.6,173,2,3,Mark Robinson,PIT,33.8,77.3,0,55265,171,LB,2,0,165,3
2023,167,134,9,0,0,20,52.3,50.2,64.8,63.8,321,11,40,Mykal Walker,PIT,53.9,80.1,0,57834,310,LB,11,0,265,5
2023,0,0,1,0,0,1,58.8,,58.3,,1,1,0,Kyron Johnson,PIT,,66.7,0,57890,0,ED,1,0,0,0
2023,24,4,6,0,0,0,40.4,61.2,,75.7,28,0,4,James Pierre,PIT,37.9,75.8,0,60649,28,CB,0,0,1,23
2023,38,1,2,0,5,0,54.4,60.0,,79.7,39,0,20,Darius Rush,PIT,54.1,76.2,0,84416,39,CB,0,0,8,6
2023,0,99,12,106,0,107,47.5,48.1,51.5,63.7,206,33,0,DeMarvin Leal,PIT,60.0,82.4,3,98919,1,DI,205,63,1,0
2023,565,290,18,0,0,0,64.3,64.7,,56.3,855,2,49,Joey Porter Jr.,PIT,66.6,1.4,0,101364,853,CB,2,0,39,765
2023,0,235,18,18,0,281,76.9,58.9,82.6,58.5,516,7,0,Keeanu Benton,PIT,74.8,86.7,198,101536,1,DI,515,292,1,0
2023,23,107,18,0,0,81,81.0,78.1,81.6,35.2,211,198,6,Nick Herbig,PIT,44.3,83.3,0,129920,10,ED,201,3,3,1
2023,4,11,7,0,0,1,65.1,77.0,58.3,71.7,16,0,1,Nick Bellore,SEA,45.5,70.6,0,6515,16,LB,0,0,14,0
2023,615,474,17,0,8,81,82.4,91.5,75.1,90.2,1170,7,57,Bobby Wagner,SEA,60.0,85.7,0,7050,1163,LB,7,0,1096,2
2023,1,381,18,128,0,502,76.2,68.5,76.2,37.8,884,22,0,Leonard Williams,SEA,69.0,46.4,50,9439,0,DI,884,684,0,0
2023,0,168,15,82,0,225,68.0,59.8,78.4,46.6,393,14,0,Mario Edwards Jr.,SEA,60.0,20.5,34,9468,0,DI,393,263,0,0
2023,7,59,8,3,0,112,37.6,42.0,48.4,28.0,178,175,0,Frank Clark,SEA,42.3,52.6,0,9496,0,ED,178,0,0,0
2023,680,474,17,0,1020,1,55.1,55.7,58.8,47.3,1155,6,40,Quandre Diggs,SEA,55.4,48.8,0,9633,1149,S,6,0,87,2
2023,162,66,8,0,1,4,66.5,65.4,76.8,55.6,232,8,202,Artie Burns,SEA,66.6,18.3,0,10659,224,CB,8,0,16,4
2023,4,322,16,125,0,483,63.5,53.0,70.8,29.9,809,0,0,Jarran Reed,SEA,64.3,61.8,185,10683,1,DI,808,498,1,0
2023,287,201,9,0,85,30,54.9,52.8,85.5,29.9,518,28,183,Jamal Adams,SEA,50.7,82.2,0,11761,490,S,28,0,208,14
2023,12,0,1,0,12,0,46.1,,,,12,0,0,Teez Tabor,SEA,49.6,74.6,0,11808,12,S,0,0,0,0
2023,111,131,9,0,0,9,57.5,57.9,63.6,76.2,251,11,38,Devin Bush,SEA,56.3,80.4,0,27375,240,LB,11,0,200,1
2023,11,314,17,128,0,437,61.7,61.8,65.1,67.7,762,343,0,Dre'Mont Jones,SEA,57.9,32.8,4,28075,3,DI,759,284,3,0
2023,0,26,9,14,0,61,63.5,36.6,74.6,71.1,87,2,0,Myles Adams,SEA,63.9,80.4,8,28430,0,DI,87,63,0,0
2023,34,196,17,3,0,292,50.9,45.2,58.7,44.9,522,517,2,Darrell Taylor,SEA,49.0,74.6,0,36001,2,ED,520,0,0,0
2023,23,97,6,1,0,163,68.5,70.0,65.7,28.1,283,277,4,Uchenna Nwosu,SEA,64.9,40.2,0,50084,5,ED,278,0,0,1
2023,279,192,15,0,0,3,77.0,71.5,53.7,60.1,474,17,7,Mike Jackson,SEA,76.9,85.4,0,50437,457,CB,17,0,39,410
2023,412,347,16,0,0,43,57.3,49.3,85.0,40.9,802,29,71,Jordyn Brooks,SEA,59.9,37.0,0,50851,773,LB,29,0,695,7
2023,545,388,17,0,386,4,72.8,55.2,90.0,67.3,937,53,168,Julian Love,SEA,80.4,44.8,0,51081,884,S,53,0,312,18
2023,91,49,6,0,1,7,34.0,28.0,75.3,48.4,147,7,86,Coby Bryant,SEA,38.7,78.3,0,55088,140,S,7,0,43,9
2023,29,336,16,8,0,443,73.9,61.3,77.8,44.7,808,797,0,Boye Mafe,SEA,53.5,71.4,0,55220,1,ED,807,2,1,0
2023,1,1,2,0,1,0,42.0,62.2,,71.4,2,0,0,DeeJay Dallas,SEA,60.0,0.0,0,55632,2,HB,0,0,0,0
2023,378,223,15,0,0,2,62.8,64.0,80.5,48.1,603,16,11,Tre Brown,SEA,64.1,1.7,0,55677,587,CB,16,0,22,554
2023,0,16,2,0,0,6,64.5,61.0,65.6,23.1,22,0,0,Austin Faoliu,SEA,,76.7,10,56800,0,DI,22,12,0,0
2023,7,13,4,0,0,1,72.3,70.1,59.3,57.1,21,0,0,Jon Rhattigan,SEA,65.2,69.8,0,57718,21,LB,0,0,20,0
2023,1,1,2,0,0,0,62.1,60.0,,,2,1,0,Brady Russell,SEA,60.0,64.3,0,60876,1,TE,1,0,0,0
2023,541,395,16,0,2,4,67.1,37.3,52.0,38.6,940,38,9,Tariq Woolen,SEA,75.0,47.5,0,61790,902,CB,38,0,44,846
2023,1,1,2,0,0,0,62.1,60.0,,,2,1,0,Jake Bobo,SEA,60.0,70.3,0,77997,1,WR,1,0,0,0
2023,0,101,15,1,0,100,58.8,52.9,60.9,28.1,201,0,0,Cameron Young,SEA,73.6,85.0,109,82499,0,DI,201,91,0,0
2023,12,9,2,0,0,0,54.2,61.5,,75.1,21,0,0,Kelvin Joseph,SEA,52.4,73.8,0,83051,21,CB,0,0,1,20
2023,0,2,1,0,0,0,60.0,60.0,,,2,0,0,Lance Boykin,SEA,,66.3,0,83066,2,CB,0,0,0,2
2023,2,3,3,0,0,0,55.4,74.3,,28.8,5,0,1,Drake Thomas,SEA,43.0,70.2,0,97525,5,LB,0,0,4,0
2023,25,146,17,1,0,137,44.4,32.7,57.4,40.4,308,302,4,Derick Hall,SEA,63.5,85.7,0,98130,5,ED,303,0,0,1
2023,0,1,1,0,0,0,59.9,60.0,,,1,0,0,Kenny McIntosh,SEA,,60.0,0,99158,1,HB,0,0,0,0
2023,19,10,3,0,19,0,54.8,61.8,,46.3,29,0,2,Jerrick Reed II,SEA,53.7,73.3,0,101322,29,S,0,0,8,0
2023,518,335,14,0,2,30,84.1,80.0,90.8,62.1,883,21,421,Devon Witherspoon,SEA,79.7,64.0,0,101388,862,CB,21,0,91,348
2023,0,15,1,4,0,11,63.4,61.9,60.7,25.0,26,0,0,Mike Morris,SEA,,76.1,8,101421,0,DI,26,14,0,0
2023,802,374,19,0,701,18,67.8,84.6,52.4,67.2,1194,19,243,Tashaun Gipson Sr.,SF,63.8,53.0,0,7288,1175,S,19,0,216,15
2023,175,89,6,0,95,4,61.6,61.6,55.4,52.0,268,5,92,Logan Ryan,SF,60.9,81.1,0,7864,263,S,5,0,73,3
2023,4,1,1,0,0,0,45.1,60.0,,,5,0,5,Jason Verrett,SF,45.5,68.9,0,8660,5,CB,0,0,0,0
2023,1,199,15,202,0,461,78.4,52.7,86.5,49.1,661,11,0,Arik Armstead,SF,71.3,55.1,2,9450,1,DI,660,445,1,0
2023,10,175,19,5,0,303,46.8,55.8,54.5,36.6,488,470,0,Randy Gregory,SF,41.1,35.4,0,9493,11,ED,477,2,11,0
2023,0,25,2,6,0,26,33.8,30.8,56.4,21.1,51,1,0,T.Y. McGill,SF,,77.9,1,10156,0,DI,51,43,0,0
2023,3,1,1,0,4,0,60.5,60.0,,,4,0,0,Erik Harris,SF,60.0,71.2,0,10346,4,S,0,0,0,0
2023,4,226,19,76,0,545,74.9,51.4,86.5,62.4,775,6,0,Javon Hargrave,SF,62.4,47.7,21,10723,0,DI,775,672,0,0
2023,1,0,1,0,0,0,60.4,,,,1,0,0,Anthony Brown,SF,60.0,64.5,0,10823,1,CB,0,0,0,1
2023,1,176,17,16,0,294,60.7,47.4,60.4,61.4,471,453,0,Clelin Ferrell,SF,67.6,90.5,0,25955,0,ED,471,2,0,0
2023,3,159,20,76,0,292,53.1,42.2,65.1,53.3,454,0,0,Kevin Givens,SF,61.6,56.4,7,28308,0,DI,454,371,0,0
2023,28,11,6,0,31,0,64.7,65.0,,78.6,39,0,3,George Odum,SF,61.3,73.2,0,31342,39,S,0,0,4,0
2023,0,13,2,0,0,23,69.6,63.8,66.3,69.6,36,35,0,Austin Bryant,SF,,79.8,0,36248,0,ED,36,1,0,0
2023,0,1,1,0,0,0,60.0,60.0,,,1,0,0,Charlie Woerner,SF,,60.0,0,42257,1,TE,0,0,0,0
2023,32,32,1,0,49,3,34.2,67.3,40.5,54.9,67,3,6,Tayler Hawkins,SF,36.2,78.8,0,42606,64,S,3,0,8,1
2023,4,324,20,9,0,694,92.2,76.4,92.3,37.1,1022,999,0,Nick Bosa,SF,65.8,46.9,0,42741,7,ED,1015,7,7,0
2023,2,1,1,0,0,0,89.9,60.0,,71.7,3,0,0,Curtis Robinson,SF,76.7,65.7,0,42871,3,LB,0,0,3,0
2023,784,363,20,0,0,1,84.7,67.2,39.4,71.7,1148,19,17,Charvarius Ward,SF,86.5,88.5,0,43034,1129,CB,19,0,70,1042
2023,0,1,1,0,0,0,60.0,60.0,,,1,0,0,Ray-Ray McCloud III,SF,,60.0,0,47895,1,WR,0,0,0,0
2023,96,75,10,0,0,3,52.6,60.3,54.2,64.5,174,8,16,Demetrius Flannigan-Fowles,SF,49.2,76.9,0,49231,166,LB,8,0,149,0
2023,1,272,19,203,0,350,60.0,55.9,62.5,55.0,623,27,0,Sebastian Joseph-Day,SF,60.0,76.4,3,49935,0,DI,623,390,0,0
2023,233,181,18,0,0,19,58.9,57.5,50.9,75.5,433,22,70,Oren Burks,SF,60.9,80.4,0,50203,411,LB,22,0,338,3
2023,339,147,17,0,3,17,67.6,59.8,58.0,51.8,503,29,424,Isaiah Oliver,SF,70.9,17.5,0,50393,474,CB,29,0,34,12
2023,760,380,20,2,3,60,90.0,90.3,80.6,53.1,1200,25,77,Fred Warner,SF,83.3,69.5,1,51222,1172,LB,28,0,1082,10
2023,635,308,18,0,0,56,73.1,68.3,57.0,66.4,999,44,112,Dre Greenlaw,SF,79.5,9.3,0,51503,955,LB,44,0,835,8
2023,1,20,3,1,0,33,47.4,37.9,64.4,67.3,54,0,0,Kalia Davis,SF,59.8,78.1,2,55389,0,DI,54,51,0,0
2023,801,378,20,0,3,19,75.8,79.8,66.2,75.6,1198,30,418,Deommodore Lenoir,SF,74.3,54.2,0,55686,1168,CB,30,0,99,648
2023,419,154,16,0,0,0,61.5,56.1,,79.1,573,4,9,Ambry Thomas,SF,61.5,87.3,0,56058,569,CB,4,0,31,528
2023,15,303,19,13,0,573,74.7,63.5,74.5,48.6,891,870,1,Chase Young,SF,69.8,61.0,0,56436,6,ED,885,2,5,0
2023,2,181,20,116,0,361,53.8,35.6,71.9,69.7,544,5,0,Javon Kinlaw,SF,62.7,46.0,4,56834,1,DI,543,418,1,0
2023,0,18,6,0,0,36,59.8,68.6,51.5,74.0,54,54,0,Robert Beal Jr.,SF,60.0,81.4,0,57840,0,ED,54,0,0,0
2023,0,1,1,0,0,0,60.0,60.0,,,1,0,0,Jordan Mason,SF,,60.0,0,62946,1,HB,0,0,0,0
2023,42,27,5,0,0,1,66.5,65.7,60.0,44.0,70,2,1,Samuel Womack III,SF,65.7,78.8,0,65771,68,CB,2,0,1,66
2023,2,42,8,1,0,155,62.6,38.9,64.1,75.3,199,194,0,Drake Jackson,SF,70.9,87.3,1,70839,1,ED,198,2,1,0
2023,0,1,1,0,0,0,60.0,60.0,,,1,0,0,Brayden Willis,SF,,60.0,0,77917,1,TE,0,0,0,0
2023,384,178,10,0,343,15,70.5,77.1,76.3,79.1,577,22,69,Talanoa Hufanga,SF,66.3,50.6,0,83903,555,S,22,0,141,2
2023,44,17,10,0,0,1,29.4,47.2,59.1,28.0,62,1,17,Dee Winters,SF,29.4,74.3,0,99376,61,LB,1,0,43,0
2023,35,29,4,0,0,0,64.7,71.5,,79.0,64,0,0,Darrell Luter Jr.,SF,61.4,77.7,0,121428,64,CB,0,0,5,59
2023,371,167,12,0,389,8,73.4,72.7,56.9,72.8,546,11,65,Ji'Ayir Brown,SF,71.5,85.9,0,129767,535,S,11,0,78,2
2023,629,366,17,0,2,91,72.3,75.0,70.9,74.8,1086,94,94,Lavonte David,TB,68.6,35.2,0,7060,992,LB,94,0,878,18
2023,0,149,17,105,0,137,62.8,62.7,57.1,47.3,286,30,0,William Gholston,TB,62.1,61.5,3,7908,0,DI,286,148,0,0
2023,99,242,18,2,0,405,73.1,68.9,82.6,64.4,746,708,8,Shaquil Barrett,TB,42.9,35.9,0,9000,36,ED,710,0,27,1
2023,0,33,10,19,0,29,55.3,58.8,52.0,28.5,62,2,0,Patrick O'Connor,TB,,78.3,2,12005,0,DI,62,39,0,0
2023,344,111,13,0,245,0,63.6,40.4,,38.2,455,8,77,Dee Delaney,TB,67.9,83.4,0,31078,447,S,8,0,93,32
2023,15,27,11,0,0,39,75.7,78.4,71.2,60.1,81,76,0,Cam Gill,TB,54.4,80.1,0,33560,5,ED,76,0,5,0
2023,539,275,15,0,0,10,74.3,82.7,46.2,83.4,824,2,38,Jamel Dean,TB,72.5,63.5,0,34918,822,CB,2,0,62,722
2023,724,442,19,0,753,64,90.7,91.5,92.7,87.0,1230,47,155,Antoine Winfield Jr.,TB,84.0,87.9,0,42475,1183,S,47,0,252,23
2023,473,313,16,0,0,147,47.4,31.4,63.3,74.4,933,15,28,Devin White,TB,58.5,63.2,0,43089,918,LB,15,0,877,13
2023,65,172,18,21,0,209,59.4,53.4,60.0,61.6,446,409,4,Anthony Nelson,TB,63.7,74.8,0,48405,9,ED,437,7,5,0
2023,4,214,19,26,0,307,52.2,48.5,60.3,43.2,525,7,0,Greg Gaines,TB,58.8,59.7,198,48706,1,DI,524,293,1,0
2023,0,10,2,0,0,8,53.6,56.0,54.9,65.9,18,0,0,Deadrin Senat,TB,,74.8,6,48815,0,DI,18,12,0,0
2023,7,236,17,64,0,448,80.0,67.9,78.2,64.5,691,9,0,Vita Vea,TB,65.8,77.1,156,48956,1,DI,690,461,1,0
2023,349,245,16,0,204,21,46.5,65.8,45.4,73.5,615,49,96,Ryan Neal,TB,39.1,84.2,0,49132,566,S,49,0,245,21
2023,542,302,14,0,0,3,63.1,66.7,55.8,50.9,847,3,47,Carlton Davis III,TB,63.3,38.8,0,49335,844,CB,3,0,48,749
2023,1,70,10,56,0,97,40.4,29.5,59.5,42.9,168,12,0,Mike Greene,TB,67.1,47.2,1,56664,0,DI,168,99,0,0
2023,123,102,12,0,0,27,70.5,72.0,60.9,70.9,252,4,12,K.J. Britt,TB,64.4,79.8,0,57727,248,LB,4,0,230,6
2023,24,34,1,0,0,13,79.2,69.9,75.0,80.8,71,0,3,J.J. Russell,TB,67.8,77.4,0,57958,71,LB,0,0,68,0
2023,98,224,19,9,0,303,63.0,60.2,67.9,51.1,625,587,11,Joe Tryon-Shoyinka,TB,61.0,30.9,0,58272,28,ED,597,1,17,0
2023,7,11,1,0,0,0,43.5,64.5,,26.8,18,0,2,Derrek Pitts,TB,36.7,71.0,0,60785,18,CB,0,0,6,10
2023,574,295,17,0,36,1,50.4,71.7,60.0,58.2,870,9,95,Zyon McCollum,TB,46.3,64.2,0,66769,861,CB,9,0,66,664
2023,13,16,2,0,0,0,55.3,60.4,,76.5,29,0,2,Josh Hayes,TB,53.7,74.0,0,66798,29,CB,0,0,5,22
2023,1,233,18,234,0,366,52.3,42.2,60.4,32.9,600,126,0,Logan Hall,TB,61.4,87.7,6,76919,0,DI,600,234,0,0
2023,83,76,9,0,91,5,55.4,33.3,65.1,39.4,164,6,15,Kaevon Merriweather,TB,67.1,79.1,0,83257,158,S,6,0,48,4
2023,499,205,19,0,7,76,67.7,81.7,46.5,62.6,780,26,657,Christian Izien,TB,67.2,61.9,0,83360,754,CB,26,0,57,33
2023,11,7,6,1,0,27,63.2,66.9,71.4,49.8,45,40,0,Markees Watts,TB,55.9,0.0,0,84537,2,ED,43,2,2,0
2023,59,42,10,0,1,3,64.7,48.4,68.2,27.8,104,13,7,SirVocea Dennis,TB,72.6,78.8,0,99767,91,LB,13,0,83,0
2023,5,215,16,258,0,443,49.7,29.5,68.9,38.8,663,48,0,Calijah Kancey,TB,64.0,65.0,13,99822,5,DI,658,339,5,0
2023,34,214,19,33,0,342,60.8,66.5,56.0,45.5,590,515,5,Yaya Diaby,TB,60.6,65.3,0,122705,17,ED,573,25,12,0
2023,10,258,17,223,0,499,61.7,52.0,66.0,38.8,767,494,0,Denico Autry,TEN,68.7,54.2,1,8982,1,ED,766,48,1,0
2023,1,188,13,42,0,153,38.6,34.4,57.1,24.8,342,9,1,Kyle Peko,TEN,61.2,66.2,53,11027,1,DI,341,237,0,0
2023,1,144,12,6,0,125,54.0,49.0,66.0,66.4,270,0,0,Jaleel Johnson,TEN,60.0,61.0,45,11864,0,DI,270,219,0,0
2023,20,4,2,0,15,0,56.7,60.0,,26.6,24,1,4,Shyheim Carter,TEN,56.9,73.9,0,25451,23,S,1,0,4,0
2023,0,0,1,0,0,1,60.0,,60.0,,1,1,0,Dane Cruikshank,TEN,,65.6,0,25546,0,S,1,0,0,0
2023,510,327,14,0,0,3,57.6,69.3,76.7,60.5,840,9,4,Sean Murphy-Bunting,TEN,54.4,62.6,0,25891,831,CB,9,0,74,753
2023,16,8,2,0,0,0,82.5,61.7,,76.6,24,0,0,Kendall Sheffield,TEN,83.9,74.1,0,34105,24,CB,0,0,2,21
2023,2,35,7,0,0,39,89.6,66.3,89.3,50.3,76,76,0,Trevis Gipson,TEN,62.7,83.1,0,35241,0,ED,76,0,0,0
2023,487,307,13,0,349,13,68.1,60.6,60.5,65.6,807,9,115,K'Von Wallace,TEN,70.7,59.5,0,42467,798,S,9,0,326,8
2023,6,104,15,5,0,130,50.7,48.9,51.3,33.0,240,231,0,Rashad Weaver,TEN,62.8,87.9,0,42495,1,ED,239,3,1,0
2023,388,254,11,0,1,2,46.4,44.1,56.3,35.9,644,5,7,Kristian Fulton,TEN,46.9,87.0,0,42894,639,CB,5,0,42,589
2023,10,254,12,189,0,393,68.4,63.1,75.2,45.1,657,42,0,Jeffery Simmons,TEN,58.4,22.4,11,43742,8,DI,649,407,8,0
2023,0,25,4,9,0,44,49.6,43.6,58.9,69.6,69,0,0,Ross Blacklock,TEN,60.0,79.1,0,44526,0,DI,69,60,0,0
2023,89,316,17,1,0,435,64.6,64.2,62.6,67.3,840,779,20,Harold Landry III,TEN,57.8,75.8,0,48600,57,ED,783,3,37,0
2023,1,63,5,43,0,99,59.2,59.5,57.0,74.6,163,14,0,Marlon Davidson,TEN,60.0,82.4,0,48741,0,DI,163,106,0,0
2023,0,3,1,2,0,3,59.7,61.7,55.7,,6,0,0,Taylor Stallworth,TEN,,70.5,0,48935,0,DI,6,4,0,0
2023,608,434,17,0,6,59,64.7,73.7,46.8,60.3,1101,25,47,Azeez Al-Shaair,TEN,61.3,29.7,0,49792,1076,LB,25,0,1011,12
2023,17,234,17,42,0,476,69.4,60.1,73.0,65.0,727,646,0,Arden Key,TEN,61.8,44.0,5,50201,9,ED,718,25,9,0
2023,2,6,3,0,0,0,41.8,61.3,,,8,5,1,Luke Gifford,TEN,47.3,71.8,0,50675,3,LB,5,0,2,0
2023,328,130,15,0,245,17,63.0,70.2,76.1,80.2,475,8,60,Terrell Edmunds,TEN,60.3,6.7,0,51334,467,S,8,0,159,3
2023,505,353,13,0,279,9,67.5,71.1,48.3,71.5,867,3,297,Amani Hooker,TEN,65.0,87.6,0,51378,864,S,3,0,281,7
2023,76,36,8,0,55,1,60.3,76.0,59.1,84.4,113,3,24,Mike Brown,TEN,58.7,0.0,0,56054,110,S,3,0,29,2
2023,211,148,11,0,1,1,44.2,30.1,68.5,66.8,360,7,3,Tre Avery,TEN,46.2,84.7,0,56146,353,CB,7,0,22,327
2023,433,240,15,0,274,27,56.0,66.1,53.8,79.3,700,5,198,Elijah Molden,TEN,52.4,84.7,0,56290,695,S,5,0,222,1
2023,0,75,6,1,0,38,59.1,65.0,50.1,72.9,113,0,0,Quinton Bohanna,TEN,,33.6,36,56673,0,DI,113,76,0,0
2023,0,0,1,3,0,4,55.0,,55.3,,4,0,0,Jayden Peevy,TEN,,68.9,0,56876,0,DI,4,1,0,0
2023,290,316,14,0,0,22,71.2,72.9,77.4,75.0,628,8,26,Jack Gibbens,TEN,61.3,83.3,0,57662,620,LB,8,0,593,1
2023,0,2,1,0,1,0,64.1,60.6,,75.2,2,0,0,Matthew Jackson,TEN,,63.4,0,57797,2,S,0,0,1,0
2023,27,19,3,0,0,2,67.5,70.0,56.1,63.0,48,2,3,Garret Wallow,TEN,62.6,73.9,0,60761,46,LB,2,0,43,0
2023,0,58,5,1,0,49,66.0,64.2,61.5,44.5,107,0,0,Keondre Coburn,TEN,,81.3,28,76928,0,DI,107,78,0,0
2023,0,5,1,0,0,0,33.2,43.9,,75.9,5,0,0,Chance Campbell,TEN,,69.6,0,81295,5,LB,0,0,5,0
2023,542,354,15,0,5,38,71.3,62.0,70.0,54.4,934,6,585,Roger McCreary,TEN,72.2,63.8,0,83176,928,CB,6,0,120,218
2023,43,45,3,0,0,2,76.9,69.1,56.5,61.2,90,1,6,Otis Reese IV,TEN,75.6,75.5,0,83219,89,LB,1,0,81,2
2023,231,114,9,0,0,5,59.7,65.2,80.9,52.7,350,0,134,Eric Garror,TEN,58.1,31.6,0,83274,350,CB,0,0,21,195
2023,0,59,7,60,0,42,47.5,42.7,55.4,27.2,101,12,0,TK McLendon Jr.,TEN,60.0,79.9,0,150239,0,DI,101,29,0,0
2023,0,2,2,0,0,2,57.8,60.0,57.9,,4,4,0,Caleb Murphy,TEN,,71.7,0,169634,0,ED,4,0,0,0
2023,2,1,2,0,1,0,61.3,60.0,,,3,0,0,Anthony Kendall,TEN,60.5,65.3,0,169860,3,S,0,0,1,1
2023,173,164,9,0,0,12,55.7,72.2,75.3,67.6,349,4,7,David Mayo,WAS,38.3,82.5,0,9602,345,LB,4,0,337,1
2023,2,33,5,7,0,63,44.0,25.9,71.8,71.7,98,73,0,Efe Obada,WAS,64.4,83.2,1,10235,1,ED,97,16,0,1
2023,627,392,15,0,0,1,83.1,78.1,56.2,86.0,1020,3,28,Kendall Fuller,WAS,82.8,68.1,0,10718,1017,CB,3,0,37,952
2023,3,325,16,248,0,539,59.7,37.9,77.6,46.5,867,17,0,Jonathan Allen,WAS,61.8,69.4,28,11772,4,DI,863,570,4,0
2023,0,1,1,0,0,0,60.1,60.0,,,1,1,0,Jabril Cox,WAS,,65.6,0,30669,0,LB,1,0,0,0
2023,1,56,7,14,0,56,64.8,61.4,61.2,39.2,113,1,0,Abdullah Anderson,WAS,61.8,81.1,19,32708,0,DI,113,79,0,0
2023,10,193,16,3,0,291,52.1,51.7,54.0,47.4,494,490,0,Casey Toohill,WAS,49.6,90.8,0,38472,0,ED,494,1,0,0
2023,15,18,1,0,0,0,64.7,65.3,,75.4,33,0,1,Christian Holmes,WAS,63.1,75.9,0,43393,33,CB,0,0,0,32
2023,0,3,2,0,0,0,30.0,60.0,,,3,1,0,De'Jon Harris,WAS,,65.3,0,43858,2,LB,1,0,2,0
2023,66,54,5,0,52,0,49.6,66.9,,79.2,120,1,18,Terrell Burgess,WAS,44.4,78.4,0,45255,119,S,1,0,46,3
2023,4,168,13,13,0,246,58.6,61.4,50.0,29.2,418,403,0,James Smith-Williams,WAS,69.3,75.5,0,48455,0,ED,418,2,0,0
2023,3,346,17,293,0,575,61.2,58.7,57.1,30.5,924,32,0,Daron Payne,WAS,69.6,56.9,38,48698,0,DI,924,561,0,0
2023,193,187,13,0,0,25,64.6,63.8,67.0,71.3,405,40,80,Khaleke Hudson,WAS,61.8,79.8,0,49073,365,LB,40,0,274,11
2023,151,53,8,0,1,4,49.0,57.9,52.7,54.4,208,4,178,Danny Johnson,WAS,48.0,81.4,0,49379,204,CB,4,0,12,13
2023,0,17,1,1,0,11,51.7,54.0,53.5,66.8,28,12,0,Benning Potoa'e,WAS,,77.1,2,50195,0,DI,28,13,0,0
2023,453,357,13,0,2,34,53.9,43.9,61.1,82.9,844,25,48,Cody Barton,WAS,66.2,17.4,0,50727,819,LB,25,0,765,4
2023,39,24,1,0,50,0,59.7,60.8,,52.1,63,0,3,Sean Chandler,WAS,59.0,78.2,0,51315,63,S,0,0,10,0
2023,193,130,5,0,193,5,61.1,66.9,51.5,47.9,328,5,42,Darrick Forrest,WAS,58.4,83.7,0,55087,323,S,5,0,84,4
2023,11,10,1,0,0,0,29.4,48.8,,27.5,21,0,1,Tariq Castro-Fields,WAS,29.2,74.5,0,55689,21,CB,0,0,0,20
2023,638,429,16,0,422,21,66.6,63.1,49.5,67.9,1088,45,166,Kamren Curl,WAS,67.8,86.5,0,55800,1043,S,45,0,428,27
2023,639,413,16,0,1,11,59.9,75.1,77.2,58.0,1063,19,332,Benjamin St-Juste,WAS,56.4,29.8,0,56061,1044,CB,19,0,109,602
2023,1,45,5,0,0,41,59.3,61.0,53.7,75.5,87,87,0,Jalen Harris,WAS,61.5,83.6,0,56321,0,ED,87,0,0,0
2023,3,75,9,1,0,93,52.6,48.3,52.2,50.2,171,170,0,Andre Jones Jr.,WAS,64.3,86.4,0,56395,0,ED,171,0,0,0
2023,0,106,10,9,0,96,42.7,32.2,66.5,55.3,202,4,0,Phidarian Mathis,WAS,60.0,83.6,12,56504,0,DI,202,177,0,0
2023,385,296,13,0,0,61,67.6,76.1,71.6,77.6,742,43,80,Jamin Davis,WAS,56.5,59.1,0,57905,699,LB,43,0,589,30
2023,0,191,17,2,0,164,39.5,33.8,56.7,42.0,355,0,0,John Ridgeway,WAS,60.0,86.1,180,66694,0,DI,355,173,0,0
2023,4,122,9,3,0,155,56.9,57.4,53.4,51.9,281,276,0,KJ Henry,WAS,62.1,88.5,0,76808,0,ED,281,2,0,0
2023,233,116,12,0,77,16,65.4,66.4,90.7,51.5,365,14,191,Quan Martin,WAS,58.8,82.6,0,83236,351,S,14,0,78,5
2023,525,305,15,0,543,5,62.7,71.2,62.5,48.0,835,3,129,Percy Butler,WAS,58.0,90.1,0,83271,832,S,3,0,155,5
2023,14,5,3,0,0,1,43.0,63.9,60.0,81.7,20,0,17,Kyu Blu Kelly,WAS,39.1,81.7,0,100375,20,CB,0,0,0,2
2023,318,163,14,0,0,1,50.9,28.4,60.0,41.9,482,4,17,Emmanuel Forbes,WAS,57.6,38.6,0,124166,478,CB,4,0,18,443
2023,0,0,1,0,0,1,58.9,,58.5,,1,1,0,Joshua Pryor,WAS,,67.0,0,153400,0,ED,1,0,0,0
2023,5,10,1,0,0,0,55.3,46.2,,23.2,15,0,0,Nick Whiteside,WAS,64.6,71.9,0,169772,15,CB,0,0,2,13
