season,game_type,team,week,gsis_id,position,full_name,first_name,last_name,report_primary_injury,report_secondary_injury,report_status,practice_primary_injury,practice_secondary_injury,practice_status,date_modified,source_file,injury_score,original_position,original_team
2023,REG,ARZ,1,00-0035662,WR,Marquise Brown,Marquise,Brown,Hamstring,,Questionable,Hamstring,,Limited Participation in Practice,2023-09-08 18:50:02,injury_reports_2023.csv,1.0,WR,ARI
2023,REG,ARZ,1,00-0030061,TE,Zach Ertz,Zach,Ertz,Knee,,Questionable,Knee,,Limited Participation in Practice,2023-09-08 18:50:02,injury_reports_2023.csv,1.0,TE,ARI
2023,REG,ATL,1,00-0033858,TE,Jonnu Smith,Jonnu,Smith,,,,Not injury related - resting player,,Did Not Participate In Practice,2023-09-06 20:54:47,injury_reports_2023.csv,0.0,TE,ATL
2023,REG,ATL,1,00-0034854,WR,KhaDarel Hodge,KhaDarel,Hodge,Ankle,,Questionable,Ankle,,Full Participation in Practice,2023-09-08 17:43:18,injury_reports_2023.csv,1.0,WR,ATL
2023,REG,BLT,1,00-0031235,WR,Odell Beckham,Odell,Beckham,,,,Ankle,,Full Participation in Practice,2023-09-08 19:57:07,injury_reports_2023.csv,0.0,WR,BAL
2023,REG,BLT,1,00-0034753,TE,Mark Andrews,Mark,Andrews,Quadricep,,Questionable,Quadricep,,Limited Participation in Practice,2023-09-08 19:57:27,injury_reports_2023.csv,1.0,TE,BAL
2023,REG,CAR,1,00-0036955,WR,Terrace Marshall,Terrace,Marshall,,,,Back,,Full Participation in Practice,2023-09-08 16:58:19,injury_reports_2023.csv,0.0,WR,CAR
2023,REG,CAR,1,00-0036635,WR,Ihmir Smith-Marsette,Ihmir,Smith-Marsette,,,,Ankle,,Full Participation in Practice,2023-09-08 16:58:43,injury_reports_2023.csv,0.0,WR,CAR
2023,REG,CAR,1,00-0034777,WR,D.J. Chark,D.J.,Chark,Hamstring,,Out,Hamstring,,Limited Participation in Practice,2023-09-08 16:59:01,injury_reports_2023.csv,3.0,WR,CAR
2023,REG,CAR,1,00-0030035,WR,Adam Thielen,Adam,Thielen,Ankle,,Questionable,Ankle,,Limited Participation in Practice,2023-09-08 16:59:20,injury_reports_2023.csv,1.0,WR,CAR
2023,REG,CHI,1,00-0024243,TE,Marcedes Lewis,Marcedes,Lewis,,,,Not injury related - resting player,,Full Participation in Practice,2023-09-08 18:13:52,injury_reports_2023.csv,0.0,TE,CHI
2023,REG,CHI,1,00-0033757,TE,Robert Tonyan,Robert,Tonyan,Back,,Questionable,,,"
    ",2023-09-09 21:52:37,injury_reports_2023.csv,1.0,TE,CHI
2023,REG,CIN,1,00-0033009,WR,Tyler Boyd,Tyler,Boyd,,,,Toe,,Full Participation in Practice,2023-09-08 18:25:09,injury_reports_2023.csv,0.0,WR,CIN
2023,REG,CLV,1,00-0031544,WR,Amari Cooper,Amari,Cooper,,,,Not injury related - resting player,,Full Participation in Practice,2023-09-08 18:52:17,injury_reports_2023.csv,0.0,WR,CLE
2023,REG,CLV,1,00-0030068,WR,Marquise Goodwin,Marquise,Goodwin,,,,Illness,,Limited Participation in Practice,2023-09-08 18:52:17,injury_reports_2023.csv,0.0,WR,CLE
2023,REG,DEN,1,00-0037252,TE,Greg Dulcich,Greg,Dulcich,,,,Not injury related - personal matter,,Full Participation in Practice,2023-09-08 20:13:48,injury_reports_2023.csv,0.0,TE,DEN
2023,REG,DEN,1,00-0031484,TE,Chris Manhertz,Chris,Manhertz,,,,Chest,,Full Participation in Practice,2023-09-08 20:13:48,injury_reports_2023.csv,0.0,TE,DEN
2023,REG,DEN,1,00-0036407,WR,Jerry Jeudy,Jerry,Jeudy,Hamstring,,Questionable,Hamstring,,Limited Participation in Practice,2023-09-08 20:14:00,injury_reports_2023.csv,1.0,WR,DEN
2023,REG,GB,1,00-0038393,WR,Dontayvion Wicks,Dontayvion,Wicks,,,,Hamstring,,Full Participation in Practice,2023-09-08 18:51:02,injury_reports_2023.csv,0.0,WR,GB
2023,REG,GB,1,00-0038124,WR,Christian Watson,Christian,Watson,Hamstring,,Out,Hamstring,,Did Not Participate In Practice,2023-09-08 18:52:30,injury_reports_2023.csv,3.0,WR,GB
2023,REG,GB,1,00-0037816,WR,Romeo Doubs,Romeo,Doubs,Hamstring,,Questionable,Hamstring,,Limited Participation in Practice,2023-09-08 18:51:10,injury_reports_2023.csv,1.0,WR,GB
2023,REG,HST,1,00-0037614,WR,John Metchie,John,Metchie,Hamstring,,Out,Hamstring,,Did Not Participate In Practice,2023-09-08 20:10:32,injury_reports_2023.csv,3.0,WR,HOU
2023,REG,KC,1,00-0034286,WR,Richie James,Richie,James,,,,Knee,,Full Participation in Practice,2023-09-06 19:49:55,injury_reports_2023.csv,0.0,WR,KC
2023,REG,KC,1,00-0036913,WR,Kadarius Toney,Kadarius,Toney,,,,Knee,,Full Participation in Practice,2023-09-06 19:50:17,injury_reports_2023.csv,0.0,WR,KC
2023,REG,KC,1,00-0030506,TE,Travis Kelce,Travis,Kelce,Knee,,Questionable,Knee,,Did Not Participate In Practice,2023-09-06 19:50:22,injury_reports_2023.csv,1.0,TE,KC
2023,REG,LA,1,00-0036415,WR,Van Jefferson,Van,Jefferson,,,,Not injury related - resting player,,Did Not Participate In Practice,2023-09-08 19:52:35,injury_reports_2023.csv,0.0,WR,LA
2023,REG,LA,1,00-0033908,WR,Cooper Kupp,Cooper,Kupp,Hamstring,,Questionable,Hamstring,,Did Not Participate In Practice,2023-09-08 19:53:13,injury_reports_2023.csv,1.0,WR,LA
2023,REG,LA,1,00-0037004,TE,Hunter Long,Hunter,Long,Thigh,,Questionable,Thigh,,Did Not Participate In Practice,2023-09-08 19:53:13,injury_reports_2023.csv,1.0,TE,LA
2023,REG,LV,1,00-0031763,WR,DeAndre Carter,DeAndre,Carter,Knee,,Questionable,Knee,,Limited Participation in Practice,2023-09-08 20:24:05,injury_reports_2023.csv,1.0,WR,LV
2023,REG,MIA,1,00-0036613,WR,Jaylen Waddle,Jaylen,Waddle,,,,Oblique,,Full Participation in Practice,2023-09-08 19:44:37,injury_reports_2023.csv,0.0,WR,MIA
2023,REG,MIA,1,00-0038720,TE,Julian Hill,Julian,Hill,Ankle,,Questionable,Ankle,,Limited Participation in Practice,2023-09-08 19:46:46,injury_reports_2023.csv,1.0,TE,MIA
2023,REG,NE,1,00-0031547,WR,DeVante Parker,DeVante,Parker,Knee,,Questionable,Knee,,Limited Participation in Practice,2023-09-08 20:05:24,injury_reports_2023.csv,1.0,WR,NE
2023,REG,NO,1,00-0027696,TE,Jimmy Graham,Jimmy,Graham,,,,Not injury related - resting player,,Full Participation in Practice,2023-09-08 19:19:08,injury_reports_2023.csv,0.0,TE,NO
2023,REG,NO,1,00-0034765,WR,Tre'Quan Smith,Tre'Quan,Smith,Groin,,Out,Groin,,Did Not Participate In Practice,2023-09-08 19:19:30,injury_reports_2023.csv,3.0,WR,NO
2023,REG,NYG,1,00-0036145,TE,Lawrence Cager,Lawrence,Cager,,,,Ankle,,Limited Participation in Practice,2023-09-08 18:23:47,injury_reports_2023.csv,0.0,TE,NYG
2023,REG,NYG,1,00-0038117,WR,Wan'Dale Robinson,Wan'Dale,Robinson,Knee,,Doubtful,Knee,,Limited Participation in Practice,2023-09-08 18:25:21,injury_reports_2023.csv,2.0,WR,NYG
2023,REG,NYG,1,00-0031610,TE,Darren Waller,Darren,Waller,Hamstring,,Questionable,Hamstring,,Limited Participation in Practice,2023-09-08 18:24:21,injury_reports_2023.csv,1.0,TE,NYG
2023,REG,SEA,1,00-0038543,WR,Jaxon Smith-Njigba,Jaxon,Smith-Njigba,,,,Wrist,,Full Participation in Practice,2023-09-08 21:04:43,injury_reports_2023.csv,0.0,WR,SEA
2023,REG,SEA,1,00-0035164,WR,Cody Thompson,Cody,Thompson,,,,Shoulder,,Full Participation in Practice,2023-09-08 21:04:43,injury_reports_2023.csv,0.0,WR,SEA
2023,REG,SF,1,00-0034407,WR,Ray-Ray McCloud,Ray-Ray,McCloud,,,,Wrist,,Full Participation in Practice,2023-09-08 19:45:24,injury_reports_2023.csv,0.0,WR,SF
2023,REG,SF,1,00-0033288,TE,George Kittle,George,Kittle,Groin,,Questionable,Groin,,Limited Participation in Practice,2023-09-08 19:46:24,injury_reports_2023.csv,1.0,TE,SF
2023,REG,TEN,1,00-0037742,WR,Treylon Burks,Treylon,Burks,,,,Knee,,Full Participation in Practice,2023-09-08 19:03:44,injury_reports_2023.csv,0.0,WR,TEN
2023,REG,TEN,1,00-0030564,WR,DeAndre Hopkins,DeAndre,Hopkins,,,,Not injury related - resting player,,Full Participation in Practice,2023-09-08 19:04:03,injury_reports_2023.csv,0.0,WR,TEN
2023,REG,TEN,1,00-0035259,TE,Trevon Wesco,Trevon,Wesco,,,,Not injury related - resting player,,Full Participation in Practice,2023-09-08 19:04:24,injury_reports_2023.csv,0.0,TE,TEN
2023,REG,WAS,1,00-0036671,WR,Dax Milne,Dax,Milne,,,,Groin,,Did Not Participate In Practice,2023-09-07 19:33:51,injury_reports_2023.csv,0.0,WR,WAS
2023,REG,WAS,1,00-0035659,WR,Terry McLaurin,Terry,McLaurin,,,,Toe,,Full Participation in Practice,2023-09-08 17:15:41,injury_reports_2023.csv,0.0,WR,WAS
2023,REG,ATL,2,00-0033858,TE,Jonnu Smith,Jonnu,Smith,,,,Not injury related - resting player,,Did Not Participate In Practice,2023-09-13 20:56:38,injury_reports_2023.csv,0.0,TE,ATL
2023,REG,BLT,2,00-0034753,TE,Mark Andrews,Mark,Andrews,Quadricep,,Questionable,Quadricep,,Full Participation in Practice,2023-09-15 18:37:04,injury_reports_2023.csv,1.0,TE,BAL
2023,REG,CAR,2,00-0034777,WR,D.J. Chark,D.J.,Chark,Hamstring,,Questionable,Hamstring,,Full Participation in Practice,2023-09-16 17:56:05,injury_reports_2023.csv,1.0,WR,CAR
2023,REG,CHI,2,00-0024243,TE,Marcedes Lewis,Marcedes,Lewis,,,,Not injury related - resting player,,Did Not Participate In Practice,2023-09-14 19:03:27,injury_reports_2023.csv,0.0,TE,CHI
2023,REG,CLV,2,00-0031544,WR,Amari Cooper,Amari,Cooper,Groin,,Questionable,Not injury related - resting player,Groin,Limited Participation in Practice,2023-09-16 17:57:33,injury_reports_2023.csv,1.0,WR,CLE
2023,REG,DAL,2,00-0031236,WR,Brandin Cooks,Brandin,Cooks,Knee,,Questionable,Knee,,Did Not Participate In Practice,2023-09-15 19:09:29,injury_reports_2023.csv,1.0,WR,DAL
2023,REG,DEN,2,00-0036407,WR,Jerry Jeudy,Jerry,Jeudy,,,,Hamstring,,Full Participation in Practice,2023-09-15 20:17:12,injury_reports_2023.csv,0.0,WR,DEN
2023,REG,DEN,2,00-0037252,TE,Greg Dulcich,Greg,Dulcich,Hamstring,,Out,Hamstring,,Did Not Participate In Practice,2023-09-15 20:17:29,injury_reports_2023.csv,3.0,TE,DEN
2023,REG,GB,2,00-0037816,WR,Romeo Doubs,Romeo,Doubs,,,,Hamstring,,Full Participation in Practice,2023-09-15 19:06:16,injury_reports_2023.csv,0.0,WR,GB
2023,REG,GB,2,00-0038124,WR,Christian Watson,Christian,Watson,Hamstring,,Questionable,Hamstring,,Limited Participation in Practice,2023-09-15 19:09:24,injury_reports_2023.csv,1.0,WR,GB
2023,REG,HST,2,00-0037614,WR,John Metchie,John,Metchie,,,,Hamstring,,Full Participation in Practice,2023-09-15 20:09:16,injury_reports_2023.csv,0.0,WR,HOU
2023,REG,HST,2,00-0034383,TE,Dalton Schultz,Dalton,Schultz,,,,Thigh,,Full Participation in Practice,2023-09-15 20:08:55,injury_reports_2023.csv,0.0,TE,HOU
2023,REG,HST,2,00-0030431,WR,Robert Woods,Robert,Woods,,,,Not injury related - resting player,,Full Participation in Practice,2023-09-15 20:08:55,injury_reports_2023.csv,0.0,WR,HOU
2023,REG,IND,2,00-0036876,TE,Kylen Granson,Kylen,Granson,Hamstring,,Questionable,,,"
    ",2023-09-16 16:07:40,injury_reports_2023.csv,1.0,TE,IND
2023,REG,IND,2,00-0037292,TE,Andrew Ogletree,Andrew,Ogletree,Concussion,,Questionable,Concussion,,Full Participation in Practice,2023-09-15 19:11:00,injury_reports_2023.csv,1.0,TE,IND
2023,REG,KC,2,00-0034286,WR,Richie James,Richie,James,,,,Knee,,Full Participation in Practice,2023-09-15 19:06:40,injury_reports_2023.csv,0.0,WR,KC
2023,REG,KC,2,00-0036913,WR,Kadarius Toney,Kadarius,Toney,,,,Knee,,Full Participation in Practice,2023-09-15 19:06:40,injury_reports_2023.csv,0.0,WR,KC
2023,REG,KC,2,00-0030506,TE,Travis Kelce,Travis,Kelce,Knee,,Questionable,Knee,,Limited Participation in Practice,2023-09-15 19:08:03,injury_reports_2023.csv,1.0,TE,KC
2023,REG,LA,2,00-0039075,WR,Puka Nacua,Puka,Nacua,Oblique,,Questionable,Oblique,,Limited Participation in Practice,2023-09-15 20:01:18,injury_reports_2023.csv,1.0,WR,LA
2023,REG,LV,2,00-0031381,WR,Davante Adams,Davante,Adams,,,,Foot,,Full Participation in Practice,2023-09-15 20:14:40,injury_reports_2023.csv,0.0,WR,LV
2023,REG,LV,2,00-0031763,WR,DeAndre Carter,DeAndre,Carter,,,,Knee,,Full Participation in Practice,2023-09-15 20:15:24,injury_reports_2023.csv,0.0,WR,LV
2023,REG,LV,2,00-0034960,WR,Jakobi Meyers,Jakobi,Meyers,Concussion,,Out,Concussion,,Did Not Participate In Practice,2023-09-15 20:21:13,injury_reports_2023.csv,3.0,WR,LV
2023,REG,MIA,2,00-0036613,WR,Jaylen Waddle,Jaylen,Waddle,,,,Oblique,,Full Participation in Practice,2023-09-15 19:57:20,injury_reports_2023.csv,0.0,WR,MIA
2023,REG,MIA,2,00-0038720,TE,Julian Hill,Julian,Hill,Ankle,,Questionable,Ankle,,Limited Participation in Practice,2023-09-15 19:59:05,injury_reports_2023.csv,1.0,TE,MIA
2023,REG,NE,2,00-0038608,WR,Kayshon Boutte,Kayshon,Boutte,,,,Hamstring,,Limited Participation in Practice,2023-09-14 19:52:11,injury_reports_2023.csv,0.0,WR,NE
2023,REG,NE,2,00-0031547,WR,DeVante Parker,DeVante,Parker,Knee,,Questionable,Knee,,Limited Participation in Practice,2023-09-15 19:31:23,injury_reports_2023.csv,1.0,WR,NE
2023,REG,NO,2,00-0027696,TE,Jimmy Graham,Jimmy,Graham,,,,Not injury related - resting player,,Full Participation in Practice,2023-09-16 19:11:18,injury_reports_2023.csv,0.0,TE,NO
2023,REG,NO,2,00-0036040,TE,Juwan Johnson,Juwan,Johnson,,,,Calf,,Full Participation in Practice,2023-09-16 19:11:18,injury_reports_2023.csv,0.0,TE,NO
2023,REG,NYG,2,00-0032385,WR,Sterling Shepard,Sterling,Shepard,,,,Not injury related - resting player,,Full Participation in Practice,2023-09-15 18:28:58,injury_reports_2023.csv,0.0,WR,NYG
2023,REG,NYG,2,00-0031610,TE,Darren Waller,Darren,Waller,,,,Hamstring,,Limited Participation in Practice,2023-09-15 18:25:09,injury_reports_2023.csv,0.0,TE,NYG
2023,REG,NYG,2,00-0038117,WR,Wan'Dale Robinson,Wan'Dale,Robinson,Knee,,Doubtful,Knee,,Limited Participation in Practice,2023-09-15 18:30:08,injury_reports_2023.csv,2.0,WR,NYG
2023,REG,PIT,2,00-0036894,TE,Pat Freiermuth,Pat,Freiermuth,,,,Chest,,Full Participation in Practice,2023-09-16 17:45:41,injury_reports_2023.csv,0.0,TE,PIT
2023,REG,PIT,2,00-0037247,WR,George Pickens,George,Pickens,,,,Hamstring,,Limited Participation in Practice,2023-09-16 17:46:46,injury_reports_2023.csv,0.0,WR,PIT
2023,REG,PIT,2,00-0035216,WR,Diontae Johnson,Diontae,Johnson,Hamstring,,Out,Hamstring,,Did Not Participate In Practice,2023-09-16 17:47:16,injury_reports_2023.csv,3.0,WR,PIT
2023,REG,SEA,2,00-0034159,TE,Will Dissly,Will,Dissly,,,,Shoulder,,Full Participation in Practice,2023-09-13 22:46:21,injury_reports_2023.csv,0.0,TE,SEA
2023,REG,SF,2,00-0033288,TE,George Kittle,George,Kittle,,,,Groin,,Full Participation in Practice,2023-09-15 20:52:35,injury_reports_2023.csv,0.0,TE,SF
2023,REG,SF,2,00-0034407,WR,Ray-Ray McCloud,Ray-Ray,McCloud,,,,Wrist,,Full Participation in Practice,2023-09-15 20:52:35,injury_reports_2023.csv,0.0,WR,SF
2023,REG,TB,2,00-0031408,WR,Mike Evans,Mike,Evans,,,,Not injury related - resting player,,Did Not Participate In Practice,2023-09-15 17:55:29,injury_reports_2023.csv,0.0,WR,TB
2023,REG,TEN,2,00-0037742,WR,Treylon Burks,Treylon,Burks,,,,Not injury related - personal matter,,Full Participation in Practice,2023-09-15 19:49:26,injury_reports_2023.csv,0.0,WR,TEN
2023,REG,TEN,2,00-0030564,WR,DeAndre Hopkins,DeAndre,Hopkins,Ankle,,Questionable,Ankle,,Did Not Participate In Practice,2023-09-15 19:50:41,injury_reports_2023.csv,1.0,WR,TEN
2023,REG,WAS,2,00-0035659,WR,Terry McLaurin,Terry,McLaurin,,,,Toe,,Full Participation in Practice,2023-09-15 17:26:32,injury_reports_2023.csv,0.0,WR,WAS
2023,REG,WAS,2,00-0033282,WR,Curtis Samuel,Curtis,Samuel,,,,Hip,,Limited Participation in Practice,2023-09-15 17:26:32,injury_reports_2023.csv,0.0,WR,WAS
2023,REG,BLT,3,00-0036331,WR,Devin Duvernay,Devin,Duvernay,,,,Shoulder,,Full Participation in Practice,2023-09-22 19:03:40,injury_reports_2023.csv,0.0,WR,BAL
2023,REG,BLT,3,00-0031235,WR,Odell Beckham,Odell,Beckham,Ankle,,Out,Ankle,,Did Not Participate In Practice,2023-09-22 19:04:04,injury_reports_2023.csv,3.0,WR,BAL
2023,REG,BUF,3,00-0035689,TE,Dawson Knox,Dawson,Knox,,,,Back,,Full Participation in Practice,2023-09-22 18:06:54,injury_reports_2023.csv,0.0,TE,BUF
2023,REG,CHI,3,00-0024243,TE,Marcedes Lewis,Marcedes,Lewis,,,,Not injury related - resting player,,Did Not Participate In Practice,2023-09-21 22:12:39,injury_reports_2023.csv,0.0,TE,CHI
2023,REG,CHI,3,00-0036309,WR,Darnell Mooney,Darnell,Mooney,,,,Knee,,Full Participation in Practice,2023-09-22 19:11:06,injury_reports_2023.csv,0.0,WR,CHI
2023,REG,CIN,3,00-0034970,TE,Irv Smith,Irv,Smith,Hamstring,,Doubtful,Hamstring,,Limited Participation in Practice,2023-09-23 18:36:40,injury_reports_2023.csv,2.0,TE,CIN
2023,REG,CLV,3,00-0033885,TE,David Njoku,David,Njoku,,,,Not injury related - resting player,,Full Participation in Practice,2023-09-22 18:37:18,injury_reports_2023.csv,0.0,TE,CLE
2023,REG,CLV,3,00-0031544,WR,Amari Cooper,Amari,Cooper,,,,Groin,Shoulder,Limited Participation in Practice,2023-09-22 18:36:15,injury_reports_2023.csv,0.0,WR,CLE
2023,REG,DAL,3,00-0031236,WR,Brandin Cooks,Brandin,Cooks,,,,Knee,,Full Participation in Practice,2023-09-22 18:40:32,injury_reports_2023.csv,0.0,WR,DAL
2023,REG,DET,3,00-0038627,WR,Antoine Green,Antoine,Green,,,,gameday concussion protocol evaluation,,Full Participation in Practice,2023-09-20 19:47:31,injury_reports_2023.csv,0.0,WR,DET
2023,REG,DET,3,00-0033943,WR,Josh Reynolds,Josh,Reynolds,Groin,,Questionable,Groin,,Full Participation in Practice,2023-09-22 19:54:26,injury_reports_2023.csv,1.0,WR,DET
2023,REG,DET,3,00-0036963,WR,Amon-Ra St. Brown,Amon-Ra,St. Brown,Toe,,Questionable,Toe,,Full Participation in Practice,2023-09-22 19:54:26,injury_reports_2023.csv,1.0,WR,DET
2023,REG,GB,3,00-0038124,WR,Christian Watson,Christian,Watson,Hamstring,,Questionable,Hamstring,,Limited Participation in Practice,2023-09-22 19:38:29,injury_reports_2023.csv,1.0,WR,GB
2023,REG,HST,3,00-0038977,WR,Tank Dell,Tank,Dell,,,,Thigh,,Full Participation in Practice,2023-09-22 19:59:25,injury_reports_2023.csv,0.0,WR,HOU
2023,REG,HST,3,00-0030431,WR,Robert Woods,Robert,Woods,,,,Not injury related - resting player,,Full Participation in Practice,2023-09-22 19:59:25,injury_reports_2023.csv,0.0,WR,HOU
2023,REG,JAX,3,00-0033891,WR,Zay Jones,Zay,Jones,Knee,,Out,Knee,,Did Not Participate In Practice,2023-09-22 18:03:17,injury_reports_2023.csv,3.0,WR,JAX
2023,REG,KC,3,00-0034386,WR,Justin Watson,Justin,Watson,,,,Ankle,,Full Participation in Practice,2023-09-22 19:28:21,injury_reports_2023.csv,0.0,WR,KC
2023,REG,KC,3,00-0034286,WR,Richie James,Richie,James,Knee,,Out,Knee,,Did Not Participate In Practice,2023-09-22 19:35:27,injury_reports_2023.csv,3.0,WR,KC
2023,REG,KC,3,00-0036913,WR,Kadarius Toney,Kadarius,Toney,Toe,,Questionable,Toe,,Limited Participation in Practice,2023-09-22 19:33:32,injury_reports_2023.csv,1.0,WR,KC
2023,REG,LA,3,00-0039075,WR,Puka Nacua,Puka,Nacua,Oblique,,Questionable,Oblique,,Limited Participation in Practice,2023-09-23 19:40:19,injury_reports_2023.csv,1.0,WR,LA
2023,REG,LAC,3,00-0033536,WR,Mike Williams,Mike,Williams,,,,Ankle,,Full Participation in Practice,2023-09-22 20:06:35,injury_reports_2023.csv,0.0,WR,LAC
2023,REG,LV,3,00-0031381,WR,Davante Adams,Davante,Adams,,,,gameday concussion protocol evaluation,,Full Participation in Practice,2023-09-20 22:14:35,injury_reports_2023.csv,0.0,WR,LV
2023,REG,LV,3,00-0034960,WR,Jakobi Meyers,Jakobi,Meyers,,,,Concussion,,Full Participation in Practice,2023-09-22 20:42:12,injury_reports_2023.csv,0.0,WR,LV
2023,REG,MIA,3,00-0033040,WR,Tyreek Hill,Tyreek,Hill,,,,Ankle,,Full Participation in Practice,2023-09-22 19:50:47,injury_reports_2023.csv,0.0,WR,MIA
2023,REG,MIA,3,00-0038720,TE,Julian Hill,Julian,Hill,Ankle,,Questionable,Ankle,,Full Participation in Practice,2023-09-22 19:54:54,injury_reports_2023.csv,1.0,TE,MIA
2023,REG,MIA,3,00-0032214,TE,Tyler Kroft,Tyler,Kroft,Back,,Questionable,Back,,Limited Participation in Practice,2023-09-22 19:53:09,injury_reports_2023.csv,1.0,TE,MIA
2023,REG,MIA,3,00-0036613,WR,Jaylen Waddle,Jaylen,Waddle,Concussion,,Questionable,Concussion,,Limited Participation in Practice,2023-09-22 19:54:04,injury_reports_2023.csv,1.0,WR,MIA
2023,REG,MIN,3,00-0037291,WR,Jalen Nailor,Jalen,Nailor,,,,Hamstring,,Limited Participation in Practice,2023-09-20 21:30:45,injury_reports_2023.csv,0.0,WR,MIN
2023,REG,NE,3,00-0031547,WR,DeVante Parker,DeVante,Parker,,,,Knee,,Limited Participation in Practice,2023-09-21 19:41:24,injury_reports_2023.csv,0.0,WR,NE
2023,REG,NO,3,00-0034981,TE,Foster Moreau,Foster,Moreau,Ankle,,Doubtful,Ankle,,Did Not Participate In Practice,2023-09-22 19:11:04,injury_reports_2023.csv,2.0,TE,NO
2023,REG,NYG,3,00-0038117,WR,Wan'Dale Robinson,Wan'Dale,Robinson,Knee,,Questionable,Knee,,Limited Participation in Practice,2023-09-20 18:36:26,injury_reports_2023.csv,1.0,WR,NYG
2023,REG,PHI,3,00-0036912,WR,DeVonta Smith,DeVonta,Smith,,,,Hamstring,Thigh,Full Participation in Practice,2023-09-23 19:48:22,injury_reports_2023.csv,0.0,WR,PHI
2023,REG,PHI,3,00-0036741,TE,Jack Stoll,Jack,Stoll,,,,Ankle,,Full Participation in Practice,2023-09-23 19:48:30,injury_reports_2023.csv,0.0,TE,PHI
2023,REG,PHI,3,00-0036271,WR,Quez Watkins,Quez,Watkins,Hamstring,,Out,Hamstring,,Did Not Participate In Practice,2023-09-23 19:49:27,injury_reports_2023.csv,3.0,WR,PHI
2023,REG,PIT,3,00-0038558,TE,Darnell Washington,Darnell,Washington,,,,Knee,,Full Participation in Practice,2023-09-22 18:51:36,injury_reports_2023.csv,0.0,TE,PIT
2023,REG,PIT,3,00-0035645,WR,Gunner Olszewski,Gunner,Olszewski,Concussion,,Out,Concussion,,Did Not Participate In Practice,2023-09-22 18:52:15,injury_reports_2023.csv,3.0,WR,PIT
2023,REG,SEA,3,00-0035644,TE,Noah Fant,Noah,Fant,,,,Ribs,,Full Participation in Practice,2023-09-20 22:54:25,injury_reports_2023.csv,0.0,TE,SEA
2023,REG,SEA,3,00-0034159,TE,Will Dissly,Will,Dissly,Shoulder,,Doubtful,Shoulder,,Did Not Participate In Practice,2023-09-22 19:51:37,injury_reports_2023.csv,2.0,TE,SEA
2023,REG,SEA,3,00-0035640,WR,DK Metcalf,DK,Metcalf,Ribs,,Questionable,Ribs,,Full Participation in Practice,2023-09-22 19:52:46,injury_reports_2023.csv,1.0,WR,SEA
2023,REG,SF,3,00-0036261,WR,Brandon Aiyuk,Brandon,Aiyuk,Shoulder,,Questionable,Shoulder,,Limited Participation in Practice,2023-09-20 19:26:42,injury_reports_2023.csv,1.0,WR,SF
2023,REG,TB,3,00-0031408,WR,Mike Evans,Mike,Evans,,,,Not injury related - resting player,,Did Not Participate In Practice,2023-09-23 19:46:55,injury_reports_2023.csv,0.0,WR,TB
2023,REG,TEN,3,00-0038969,WR,Kearis Jackson,Kearis,Jackson,Ankle,,Out,Ankle,,Did Not Participate In Practice,2023-09-22 20:28:06,injury_reports_2023.csv,3.0,WR,TEN
2023,REG,TEN,3,00-0030564,WR,DeAndre Hopkins,DeAndre,Hopkins,Ankle,,Questionable,Ankle,,Did Not Participate In Practice,2023-09-22 20:27:45,injury_reports_2023.csv,1.0,WR,TEN
2023,REG,WAS,3,00-0031260,TE,Logan Thomas,Logan,Thomas,Concussion,,Out,Concussion,,Did Not Participate In Practice,2023-09-22 17:22:31,injury_reports_2023.csv,3.0,TE,WAS
2023,REG,WAS,3,00-0033282,WR,Curtis Samuel,Curtis,Samuel,Illness,Hip,Questionable,Illness,Hip,Did Not Participate In Practice,2023-09-22 17:22:17,injury_reports_2023.csv,1.0,WR,WAS
2023,REG,ARZ,4,00-0035662,WR,Marquise Brown,Marquise,Brown,Thumb,,Questionable,Thumb,,Limited Participation in Practice,2023-09-29 19:35:35,injury_reports_2023.csv,1.0,WR,ARI
2023,REG,ATL,4,00-0038149,WR,Josh Ali,Josh,Ali,Ankle,,Out,Ankle,,Did Not Participate In Practice,2023-09-29 15:57:32,injury_reports_2023.csv,3.0,WR,ATL
2023,REG,BLT,4,00-0036550,WR,Rashod Bateman,Rashod,Bateman,Hamstring,,Out,Hamstring,,Did Not Participate In Practice,2023-09-29 19:22:04,injury_reports_2023.csv,3.0,WR,BAL
2023,REG,BLT,4,00-0031235,WR,Odell Beckham,Odell,Beckham,Ankle,,Out,Ankle,,Did Not Participate In Practice,2023-09-29 19:22:13,injury_reports_2023.csv,3.0,WR,BAL
2023,REG,CAR,4,00-0030035,WR,Adam Thielen,Adam,Thielen,,,,Not injury related - resting player,,Did Not Participate In Practice,2023-09-28 19:16:00,injury_reports_2023.csv,0.0,WR,CAR
2023,REG,CAR,4,00-0034777,WR,D.J. Chark,D.J.,Chark,,,,Hamstring,,Full Participation in Practice,2023-09-29 17:05:08,injury_reports_2023.csv,0.0,WR,CAR
2023,REG,CAR,4,00-0039062,WR,Jonathan Mingo,Jonathan,Mingo,Concussion,,Questionable,Concussion,,Full Participation in Practice,2023-09-29 17:07:23,injury_reports_2023.csv,1.0,WR,CAR
2023,REG,CHI,4,00-0024243,TE,Marcedes Lewis,Marcedes,Lewis,,,,Not injury related - resting player,,Did Not Participate In Practice,2023-09-28 19:01:29,injury_reports_2023.csv,0.0,TE,CHI
2023,REG,CIN,4,00-0038576,WR,Charlie Jones,Charlie,Jones,Thumb,,Out,Thumb,,Did Not Participate In Practice,2023-09-29 18:03:36,injury_reports_2023.csv,3.0,WR,CIN
2023,REG,CIN,4,00-0034970,TE,Irv Smith,Irv,Smith,Hamstring,,Out,Hamstring,,Did Not Participate In Practice,2023-09-29 18:03:50,injury_reports_2023.csv,3.0,TE,CIN
2023,REG,CLV,4,00-0031544,WR,Amari Cooper,Amari,Cooper,,,,Not injury related - resting player,,Did Not Participate In Practice,2023-09-27 20:06:50,injury_reports_2023.csv,0.0,WR,CLE
2023,REG,CLV,4,00-0033885,TE,David Njoku,David,Njoku,Face,Arm,Questionable,,,"
    ",2023-09-30 17:12:14,injury_reports_2023.csv,1.0,TE,CLE
2023,REG,DAL,4,00-0036358,WR,CeeDee Lamb,CeeDee,Lamb,,,,Not injury related - resting player,,Did Not Participate In Practice,2023-09-27 19:32:07,injury_reports_2023.csv,0.0,WR,DAL
2023,REG,DAL,4,00-0037569,TE,Peyton Hendershot,Peyton,Hendershot,Ankle,,Questionable,Ankle,,Limited Participation in Practice,2023-09-29 18:49:50,injury_reports_2023.csv,1.0,TE,DAL
2023,REG,DEN,4,00-0036407,WR,Jerry Jeudy,Jerry,Jeudy,,,,Knee,,Full Participation in Practice,2023-09-29 20:19:52,injury_reports_2023.csv,0.0,WR,DEN
2023,REG,GB,4,00-0038124,WR,Christian Watson,Christian,Watson,Hamstring,,Questionable,Hamstring,,Limited Participation in Practice,2023-09-27 19:52:50,injury_reports_2023.csv,1.0,WR,GB
2023,REG,HST,4,00-0030431,WR,Robert Woods,Robert,Woods,,,,Not injury related - resting player,,Did Not Participate In Practice,2023-09-27 21:43:22,injury_reports_2023.csv,0.0,WR,HOU
2023,REG,HST,4,00-0038977,WR,Tank Dell,Tank,Dell,,,,Not injury related - resting player,,Limited Participation in Practice,2023-09-27 21:45:24,injury_reports_2023.csv,0.0,WR,HOU
2023,REG,JAX,4,00-0033891,WR,Zay Jones,Zay,Jones,Knee,,Out,Knee,,Did Not Participate In Practice,2023-09-29 20:31:05,injury_reports_2023.csv,3.0,WR,JAX
2023,REG,JAX,4,00-0033572,WR,Jamal Agnew,Jamal,Agnew,Quadricep,,Questionable,Quadricep,,Limited Participation in Practice,2023-09-29 20:30:32,injury_reports_2023.csv,1.0,WR,JAX
2023,REG,KC,4,00-0036637,TE,Noah Gray,Noah,Gray,,,,Illness,,Full Participation in Practice,2023-09-29 18:50:21,injury_reports_2023.csv,0.0,TE,KC
2023,REG,KC,4,00-0034386,WR,Justin Watson,Justin,Watson,,,,Ankle,,Full Participation in Practice,2023-09-29 18:50:13,injury_reports_2023.csv,0.0,WR,KC
2023,REG,KC,4,00-0036913,WR,Kadarius Toney,Kadarius,Toney,,,,Toe,,Limited Participation in Practice,2023-09-29 18:50:13,injury_reports_2023.csv,0.0,WR,KC
2023,REG,LA,4,00-0039075,WR,Puka Nacua,Puka,Nacua,,,,Oblique,,Full Participation in Practice,2023-09-29 19:41:58,injury_reports_2023.csv,0.0,WR,LA
2023,REG,LA,4,00-0033110,TE,Tyler Higbee,Tyler,Higbee,Achilles,,Questionable,Achilles,,Limited Participation in Practice,2023-09-29 19:52:11,injury_reports_2023.csv,1.0,TE,LA
2023,REG,LA,4,00-0036862,WR,Ben Skowronek,Ben,Skowronek,Achilles,,Questionable,Achilles,,Limited Participation in Practice,2023-09-29 19:51:53,injury_reports_2023.csv,1.0,WR,LA
2023,REG,LAC,4,00-0033895,TE,Gerald Everett,Gerald,Everett,,,,Illness,,Full Participation in Practice,2023-09-29 20:07:18,injury_reports_2023.csv,0.0,TE,LAC
2023,REG,LAC,4,00-0030279,WR,Keenan Allen,Keenan,Allen,,,,Hip,,Limited Participation in Practice,2023-09-29 20:07:10,injury_reports_2023.csv,0.0,WR,LAC
2023,REG,MIA,4,00-0034054,WR,River Cracraft,River,Cracraft,,,,Shoulder,,Did Not Participate In Practice,2023-09-28 19:33:37,injury_reports_2023.csv,0.0,WR,MIA
2023,REG,MIA,4,00-0038092,WR,Erik Ezukanma,Erik,Ezukanma,,,,Neck,,Did Not Participate In Practice,2023-09-28 19:33:37,injury_reports_2023.csv,0.0,WR,MIA
2023,REG,MIA,4,00-0038720,TE,Julian Hill,Julian,Hill,,,,Ankle,,Full Participation in Practice,2023-09-29 19:55:37,injury_reports_2023.csv,0.0,TE,MIA
2023,REG,MIA,4,00-0032214,TE,Tyler Kroft,Tyler,Kroft,,,,Back,,Full Participation in Practice,2023-09-29 19:55:59,injury_reports_2023.csv,0.0,TE,MIA
2023,REG,MIA,4,00-0034798,TE,Durham Smythe,Durham,Smythe,,,,Hamstring,,Full Participation in Practice,2023-09-29 19:55:37,injury_reports_2023.csv,0.0,TE,MIA
2023,REG,MIA,4,00-0036613,WR,Jaylen Waddle,Jaylen,Waddle,,,,Concussion,,Full Participation in Practice,2023-09-27 20:12:08,injury_reports_2023.csv,0.0,WR,MIA
2023,REG,NO,4,00-0027696,TE,Jimmy Graham,Jimmy,Graham,,,,Not injury related - resting player,,Did Not Participate In Practice,2023-09-27 20:04:45,injury_reports_2023.csv,0.0,TE,NO
2023,REG,NO,4,00-0034981,TE,Foster Moreau,Foster,Moreau,Ankle,,Questionable,Ankle,,Limited Participation in Practice,2023-09-29 19:09:46,injury_reports_2023.csv,1.0,TE,NO
2023,REG,NYG,4,00-0038115,TE,Daniel Bellinger,Daniel,Bellinger,,,,Neck,,Full Participation in Practice,2023-09-30 18:03:10,injury_reports_2023.csv,0.0,TE,NYG
2023,REG,PHI,4,00-0037132,WR,Britain Covey,Britain,Covey,,,,Hamstring,,Full Participation in Practice,2023-09-29 19:36:00,injury_reports_2023.csv,0.0,WR,PHI
2023,REG,PHI,4,00-0036912,WR,DeVonta Smith,DeVonta,Smith,,,,Illness,,Limited Participation in Practice,2023-09-29 19:36:38,injury_reports_2023.csv,0.0,WR,PHI
2023,REG,PHI,4,00-0036271,WR,Quez Watkins,Quez,Watkins,Hamstring,,Out,Hamstring,,Limited Participation in Practice,2023-09-29 19:37:11,injury_reports_2023.csv,3.0,WR,PHI
2023,REG,PIT,4,00-0037304,TE,Connor Heyward,Connor,Heyward,,,,Ankle,,Full Participation in Practice,2023-09-29 19:16:01,injury_reports_2023.csv,0.0,TE,PIT
2023,REG,PIT,4,00-0035645,WR,Gunner Olszewski,Gunner,Olszewski,,,,Concussion,,Full Participation in Practice,2023-09-29 19:16:01,injury_reports_2023.csv,0.0,WR,PIT
2023,REG,PIT,4,00-0031428,WR,Allen Robinson,Allen,Robinson,,,,Ankle,,Full Participation in Practice,2023-09-29 19:16:18,injury_reports_2023.csv,0.0,WR,PIT
2023,REG,PIT,4,00-0038558,TE,Darnell Washington,Darnell,Washington,,,,Knee,,Full Participation in Practice,2023-09-29 19:16:24,injury_reports_2023.csv,0.0,TE,PIT
2023,REG,SEA,4,00-0035640,WR,DK Metcalf,DK,Metcalf,,,,Ribs,,Full Participation in Practice,2023-09-30 21:16:53,injury_reports_2023.csv,0.0,WR,SEA
2023,REG,SEA,4,00-0035644,TE,Noah Fant,Noah,Fant,Knee,,Questionable,Knee,,Did Not Participate In Practice,2023-09-30 19:53:58,injury_reports_2023.csv,1.0,TE,SEA
2023,REG,SEA,4,00-0034159,TE,Will Dissly,Will,Dissly,Shoulder,,Questionable,Shoulder,,Full Participation in Practice,2023-09-30 19:54:50,injury_reports_2023.csv,1.0,TE,SEA
2023,REG,SF,4,00-0036261,WR,Brandon Aiyuk,Brandon,Aiyuk,,,,Shoulder,,Full Participation in Practice,2023-09-29 20:19:38,injury_reports_2023.csv,0.0,WR,SF
2023,REG,SF,4,00-0036259,WR,Jauan Jennings,Jauan,Jennings,Shin,,Doubtful,Shin,,Did Not Participate In Practice,2023-09-29 20:20:52,injury_reports_2023.csv,2.0,WR,SF
2023,REG,SF,4,00-0035719,WR,Deebo Samuel,Deebo,Samuel,Ribs,Knee,Questionable,Ribs,Knee,Limited Participation in Practice,2023-09-29 20:20:35,injury_reports_2023.csv,1.0,WR,SF
2023,REG,TEN,4,00-0030564,WR,DeAndre Hopkins,DeAndre,Hopkins,,,,Ankle,,Full Participation in Practice,2023-09-29 19:24:00,injury_reports_2023.csv,0.0,WR,TEN
2023,REG,TEN,4,00-0038589,TE,Josh Whyle,Josh,Whyle,,,,Illness,,Full Participation in Practice,2023-09-29 19:23:37,injury_reports_2023.csv,0.0,TE,TEN
2023,REG,TEN,4,00-0037742,WR,Treylon Burks,Treylon,Burks,Knee,,Out,Knee,,Did Not Participate In Practice,2023-09-29 19:24:55,injury_reports_2023.csv,3.0,WR,TEN
2023,REG,WAS,4,00-0031260,TE,Logan Thomas,Logan,Thomas,,,,Concussion,,Full Participation in Practice,2023-09-29 17:29:43,injury_reports_2023.csv,0.0,TE,WAS
2023,REG,BLT,5,00-0036550,WR,Rashod Bateman,Rashod,Bateman,,,,Hamstring,,Full Participation in Practice,2023-10-06 18:44:53,injury_reports_2023.csv,0.0,WR,BAL
2023,REG,BLT,5,00-0031235,WR,Odell Beckham,Odell,Beckham,Ankle,,Questionable,Ankle,,Limited Participation in Practice,2023-10-06 18:46:43,injury_reports_2023.csv,1.0,WR,BAL
2023,REG,BUF,5,00-0035689,TE,Dawson Knox,Dawson,Knox,,,,Quadricep,,Full Participation in Practice,2023-10-06 21:32:52,injury_reports_2023.csv,0.0,TE,BUF
2023,REG,CAR,5,00-0035956,TE,Giovanni Ricci,Giovanni,Ricci,,,,Shoulder,,Full Participation in Practice,2023-10-06 16:42:08,injury_reports_2023.csv,0.0,TE,CAR
2023,REG,CAR,5,00-0036438,TE,Stephen Sullivan,Stephen,Sullivan,Hip,,Out,Hip,,Full Participation in Practice,2023-10-06 16:43:29,injury_reports_2023.csv,3.0,TE,CAR
2023,REG,CHI,5,00-0036326,WR,Chase Claypool,Chase,Claypool,not injury related - team decision,,Out,not injury related - team decision,,Did Not Participate In Practice,2023-10-04 17:54:09,injury_reports_2023.csv,3.0,WR,CHI
2023,REG,CIN,5,00-0034970,TE,Irv Smith,Irv,Smith,,,,Hamstring,,Full Participation in Practice,2023-10-06 19:29:03,injury_reports_2023.csv,0.0,TE,CIN
2023,REG,CIN,5,00-0036410,WR,Tee Higgins,Tee,Higgins,Ribs,,Questionable,Ribs,,Limited Participation in Practice,2023-10-06 19:31:17,injury_reports_2023.csv,1.0,WR,CIN
2023,REG,DAL,5,00-0036358,WR,CeeDee Lamb,CeeDee,Lamb,,,,Not injury related - resting player,Knee,Full Participation in Practice,2023-10-06 19:30:07,injury_reports_2023.csv,0.0,WR,DAL
2023,REG,DAL,5,00-0037569,TE,Peyton Hendershot,Peyton,Hendershot,Ankle,,Out,Ankle,,Did Not Participate In Practice,2023-10-06 19:31:06,injury_reports_2023.csv,3.0,TE,DAL
2023,REG,DEN,5,00-0036407,WR,Jerry Jeudy,Jerry,Jeudy,,,,Knee,,Full Participation in Practice,2023-10-06 20:22:00,injury_reports_2023.csv,0.0,WR,DEN
2023,REG,DET,5,00-0037282,TE,James Mitchell,James,Mitchell,Hamstring,,Doubtful,Hamstring,,Did Not Participate In Practice,2023-10-06 19:35:49,injury_reports_2023.csv,2.0,TE,DET
2023,REG,DET,5,00-0036963,WR,Amon-Ra St. Brown,Amon-Ra,St. Brown,Abdomen,,Doubtful,Abdomen,,Did Not Participate In Practice,2023-10-06 19:36:03,injury_reports_2023.csv,2.0,WR,DET
2023,REG,DET,5,00-0033943,WR,Josh Reynolds,Josh,Reynolds,Groin,,Questionable,Groin,,Full Participation in Practice,2023-10-06 19:35:22,injury_reports_2023.csv,1.0,WR,DET
2023,REG,DET,5,00-0037240,WR,Jameson Williams,Jameson,Williams,not injury related - returning from suspension,,Questionable,not injury related - returning from suspension,,Full Participation in Practice,2023-10-06 19:35:22,injury_reports_2023.csv,1.0,WR,DET
2023,REG,GB,5,00-0039144,TE,Luke Musgrave,Luke,Musgrave,,,,Concussion,,Full Participation in Practice,2023-10-07 19:43:15,injury_reports_2023.csv,0.0,TE,GB
2023,REG,GB,5,00-0038124,WR,Christian Watson,Christian,Watson,,,,Hamstring,,Limited Participation in Practice,2023-10-07 19:43:15,injury_reports_2023.csv,0.0,WR,GB
2023,REG,HST,5,00-0030431,WR,Robert Woods,Robert,Woods,,,,Not injury related - resting player,,Did Not Participate In Practice,2023-10-04 21:20:19,injury_reports_2023.csv,0.0,WR,HOU
2023,REG,HST,5,00-0037614,WR,John Metchie,John,Metchie,Illness,,Questionable,Illness,,Full Participation in Practice,2023-10-06 19:40:42,injury_reports_2023.csv,1.0,WR,HOU
2023,REG,IND,5,00-0033217,TE,Mo Alie-Cox,Mo,Alie-Cox,,,,Ankle,,Full Participation in Practice,2023-10-06 19:50:44,injury_reports_2023.csv,0.0,TE,IND
2023,REG,JAX,5,00-0038606,WR,Parker Washington,Parker,Washington,Knee,,Out,Knee,,Did Not Participate In Practice,2023-10-06 21:39:03,injury_reports_2023.csv,3.0,WR,JAX
2023,REG,JAX,5,00-0033572,WR,Jamal Agnew,Jamal,Agnew,Quadricep,,Questionable,Quadricep,,Limited Participation in Practice,2023-10-06 21:38:21,injury_reports_2023.csv,1.0,WR,JAX
2023,REG,JAX,5,00-0033891,WR,Zay Jones,Zay,Jones,Knee,,Questionable,Knee,,Limited Participation in Practice,2023-10-06 21:38:21,injury_reports_2023.csv,1.0,WR,JAX
2023,REG,KC,5,00-0036913,WR,Kadarius Toney,Kadarius,Toney,,,,Toe,,Full Participation in Practice,2023-10-06 19:08:56,injury_reports_2023.csv,0.0,WR,KC
2023,REG,LA,5,00-0033908,WR,Cooper Kupp,Cooper,Kupp,,,,Hamstring,,Full Participation in Practice,2023-10-06 19:45:00,injury_reports_2023.csv,0.0,WR,LA
2023,REG,LA,5,00-0036862,WR,Ben Skowronek,Ben,Skowronek,,,,Achilles,,Full Participation in Practice,2023-10-06 19:45:00,injury_reports_2023.csv,0.0,WR,LA
2023,REG,LV,5,00-0031381,WR,Davante Adams,Davante,Adams,Shoulder,,Questionable,Shoulder,,Limited Participation in Practice,2023-10-07 20:35:44,injury_reports_2023.csv,1.0,WR,LV
2023,REG,MIA,5,00-0034419,WR,Braxton Berrios,Braxton,Berrios,,,,Knee,,Full Participation in Practice,2023-10-06 19:52:39,injury_reports_2023.csv,0.0,WR,MIA
2023,REG,NO,5,00-0027696,TE,Jimmy Graham,Jimmy,Graham,,,,Not injury related - resting player,,Did Not Participate In Practice,2023-10-04 19:47:00,injury_reports_2023.csv,0.0,TE,NO
2023,REG,NO,5,00-0034981,TE,Foster Moreau,Foster,Moreau,,,,Ankle,,Full Participation in Practice,2023-10-06 19:37:04,injury_reports_2023.csv,0.0,TE,NO
2023,REG,NO,5,00-0036040,TE,Juwan Johnson,Juwan,Johnson,Calf,,Out,Calf,,Did Not Participate In Practice,2023-10-06 19:38:28,injury_reports_2023.csv,3.0,TE,NO
2023,REG,NYG,5,00-0038117,WR,Wan'Dale Robinson,Wan'Dale,Robinson,,,,Knee,,Limited Participation in Practice,2023-10-06 18:15:00,injury_reports_2023.csv,0.0,WR,NYG
2023,REG,NYG,5,00-0038115,TE,Daniel Bellinger,Daniel,Bellinger,Knee,,Questionable,Knee,,Limited Participation in Practice,2023-10-06 18:15:15,injury_reports_2023.csv,1.0,TE,NYG
2023,REG,PHI,5,00-0036271,WR,Quez Watkins,Quez,Watkins,,,,Hamstring,,Full Participation in Practice,2023-10-06 19:51:55,injury_reports_2023.csv,0.0,WR,PHI
2023,REG,PHI,5,00-0037132,WR,Britain Covey,Britain,Covey,Concussion,,Questionable,Concussion,,Full Participation in Practice,2023-10-06 19:52:51,injury_reports_2023.csv,1.0,WR,PHI
2023,REG,PIT,5,00-0036894,TE,Pat Freiermuth,Pat,Freiermuth,Hamstring,,Out,Hamstring,,Did Not Participate In Practice,2023-10-06 18:35:54,injury_reports_2023.csv,3.0,TE,PIT
2023,REG,SF,5,00-0036259,WR,Jauan Jennings,Jauan,Jennings,,,,Shin,,Full Participation in Practice,2023-10-06 21:20:14,injury_reports_2023.csv,0.0,WR,SF
2023,REG,SF,5,00-0035719,WR,Deebo Samuel,Deebo,Samuel,,,,Ribs,Knee,Full Participation in Practice,2023-10-06 21:20:20,injury_reports_2023.csv,0.0,WR,SF
2023,REG,TEN,5,00-0030564,WR,DeAndre Hopkins,DeAndre,Hopkins,,,,Not injury related - resting player,,Full Participation in Practice,2023-10-06 19:21:28,injury_reports_2023.csv,0.0,WR,TEN
2023,REG,TEN,5,00-0037273,WR,Kyle Philips,Kyle,Philips,,,,Knee,,Full Participation in Practice,2023-10-06 19:21:01,injury_reports_2023.csv,0.0,WR,TEN
2023,REG,TEN,5,00-0038589,TE,Josh Whyle,Josh,Whyle,,,,Ankle,,Full Participation in Practice,2023-10-06 19:21:01,injury_reports_2023.csv,0.0,TE,TEN
2023,REG,TEN,5,00-0037742,WR,Treylon Burks,Treylon,Burks,Knee,,Out,Knee,,Did Not Participate In Practice,2023-10-06 19:23:27,injury_reports_2023.csv,3.0,WR,TEN
2023,REG,WAS,5,00-0037741,WR,Jahan Dotson,Jahan,Dotson,,,,Ankle,,Full Participation in Practice,2023-10-04 16:19:17,injury_reports_2023.csv,0.0,WR,WAS
2023,REG,WAS,5,00-0033282,WR,Curtis Samuel,Curtis,Samuel,,,,Quadricep,,Limited Participation in Practice,2023-10-04 16:18:59,injury_reports_2023.csv,0.0,WR,WAS
2023,REG,ARZ,6,00-0035662,WR,Marquise Brown,Marquise,Brown,Illness,,Questionable,Illness,,Limited Participation in Practice,2023-10-13 19:46:10,injury_reports_2023.csv,1.0,WR,ARI
2023,REG,ARZ,6,00-0039041,TE,Elijah Higgins,Elijah,Higgins,Illness,,Questionable,Illness,,Limited Participation in Practice,2023-10-13 19:46:10,injury_reports_2023.csv,1.0,TE,ARI
2023,REG,ATL,6,00-0033858,TE,Jonnu Smith,Jonnu,Smith,,,,Ankle,,Full Participation in Practice,2023-10-13 17:07:54,injury_reports_2023.csv,0.0,TE,ATL
2023,REG,BLT,6,00-0031235,WR,Odell Beckham,Odell,Beckham,,,,Ankle,,Full Participation in Practice,2023-10-13 15:15:08,injury_reports_2023.csv,0.0,WR,BAL
2023,REG,BUF,6,00-0038933,TE,Dalton Kincaid,Dalton,Kincaid,Concussion,,Questionable,Concussion,,Limited Participation in Practice,2023-10-13 18:12:05,injury_reports_2023.csv,1.0,TE,BUF
2023,REG,BUF,6,00-0035689,TE,Dawson Knox,Dawson,Knox,Wrist,,Questionable,Wrist,,Limited Participation in Practice,2023-10-13 18:12:05,injury_reports_2023.csv,1.0,TE,BUF
2023,REG,CAR,6,00-0030035,WR,Adam Thielen,Adam,Thielen,,,,Not injury related - resting player,,Did Not Participate In Practice,2023-10-11 19:02:48,injury_reports_2023.csv,0.0,WR,CAR
2023,REG,CAR,6,00-0035956,TE,Giovanni Ricci,Giovanni,Ricci,Shoulder,,Out,Shoulder,,Did Not Participate In Practice,2023-10-13 16:47:38,injury_reports_2023.csv,3.0,TE,CAR
2023,REG,CAR,6,00-0036438,TE,Stephen Sullivan,Stephen,Sullivan,Hip,,Questionable,Hip,,Full Participation in Practice,2023-10-13 16:49:37,injury_reports_2023.csv,1.0,TE,CAR
2023,REG,CAR,6,00-0034365,TE,Ian Thomas,Ian,Thomas,Calf,,Questionable,Calf,,Limited Participation in Practice,2023-10-13 16:49:51,injury_reports_2023.csv,1.0,TE,CAR
2023,REG,CHI,6,00-0024243,TE,Marcedes Lewis,Marcedes,Lewis,,,,Not injury related - resting player,,Did Not Participate In Practice,2023-10-12 20:36:07,injury_reports_2023.csv,0.0,TE,CHI
2023,REG,CHI,6,00-0036290,TE,Cole Kmet,Cole,Kmet,,,,Hamstring,,Full Participation in Practice,2023-10-13 20:51:12,injury_reports_2023.csv,0.0,TE,CHI
2023,REG,CHI,6,00-0034279,WR,Equanimeous St. Brown,Equanimeous,St. Brown,Hamstring,,Out,Hamstring,,Did Not Participate In Practice,2023-10-13 20:52:29,injury_reports_2023.csv,3.0,WR,CHI
2023,REG,CIN,6,00-0036410,WR,Tee Higgins,Tee,Higgins,Ribs,,Questionable,Ribs,,Full Participation in Practice,2023-10-13 18:28:17,injury_reports_2023.csv,1.0,WR,CIN
2023,REG,CLV,6,00-0031544,WR,Amari Cooper,Amari,Cooper,,,,Not injury related - resting player,,Did Not Participate In Practice,2023-10-11 23:31:19,injury_reports_2023.csv,0.0,WR,CLE
2023,REG,CLV,6,00-0038979,WR,Cedric Tillman,Cedric,Tillman,Hip,,Out,Hip,,Did Not Participate In Practice,2023-10-13 19:24:20,injury_reports_2023.csv,3.0,WR,CLE
2023,REG,CLV,6,00-0033885,TE,David Njoku,David,Njoku,Hand,Face,Questionable,Hand,Face,Limited Participation in Practice,2023-10-13 19:24:00,injury_reports_2023.csv,1.0,TE,CLE
2023,REG,DAL,6,00-0037801,WR,Kavontae Turpin,Kavontae,Turpin,,,,Ankle,,Full Participation in Practice,2023-10-14 19:03:21,injury_reports_2023.csv,0.0,WR,DAL
2023,REG,DEN,6,00-0037252,TE,Greg Dulcich,Greg,Dulcich,Hamstring,,Questionable,Hamstring,,Full Participation in Practice,2023-10-11 20:01:58,injury_reports_2023.csv,1.0,TE,DEN
2023,REG,DET,6,00-0036963,WR,Amon-Ra St. Brown,Amon-Ra,St. Brown,,,,Abdomen,,Full Participation in Practice,2023-10-13 19:51:13,injury_reports_2023.csv,0.0,WR,DET
2023,REG,DET,6,00-0037282,TE,James Mitchell,James,Mitchell,Hamstring,,Out,Hamstring,,Did Not Participate In Practice,2023-10-13 19:53:30,injury_reports_2023.csv,3.0,TE,DET
2023,REG,DET,6,00-0039065,TE,Sam LaPorta,Sam,LaPorta,Calf,,Questionable,Calf,,Limited Participation in Practice,2023-10-13 19:52:40,injury_reports_2023.csv,1.0,TE,DET
2023,REG,HST,6,00-0033591,WR,Noah Brown,Noah,Brown,,,,Groin,,Full Participation in Practice,2023-10-13 20:00:48,injury_reports_2023.csv,0.0,WR,HOU
2023,REG,HST,6,00-0030431,WR,Robert Woods,Robert,Woods,Ribs,,Questionable,Ribs,,Full Participation in Practice,2023-10-13 20:02:44,injury_reports_2023.csv,1.0,WR,HOU
2023,REG,HST,6,00-0038977,WR,Tank Dell,Tank,Dell,Concussion,,Questionable,Concussion,,Limited Participation in Practice,2023-10-13 20:02:44,injury_reports_2023.csv,1.0,WR,HOU
2023,REG,IND,6,00-0033217,TE,Mo Alie-Cox,Mo,Alie-Cox,Concussion,,Questionable,Concussion,,Full Participation in Practice,2023-10-13 19:29:42,injury_reports_2023.csv,1.0,TE,IND
2023,REG,JAX,6,00-0033891,WR,Zay Jones,Zay,Jones,Knee,,Out,Knee,,Did Not Participate In Practice,2023-10-13 19:32:01,injury_reports_2023.csv,3.0,WR,JAX
2023,REG,KC,6,00-0036913,WR,Kadarius Toney,Kadarius,Toney,,,,Toe,,Full Participation in Practice,2023-10-11 19:07:47,injury_reports_2023.csv,0.0,WR,KC
2023,REG,KC,6,00-0030506,TE,Travis Kelce,Travis,Kelce,Ankle,,Questionable,Ankle,,Limited Participation in Practice,2023-10-11 19:08:30,injury_reports_2023.csv,1.0,TE,KC
2023,REG,LA,6,00-0036862,WR,Ben Skowronek,Ben,Skowronek,,,,Achilles,,Full Participation in Practice,2023-10-13 19:56:17,injury_reports_2023.csv,0.0,WR,LA
2023,REG,LAC,6,00-0035329,TE,Donald Parham,Donald,Parham,Wrist,,Questionable,Wrist,,Full Participation in Practice,2023-10-14 20:00:15,injury_reports_2023.csv,1.0,TE,LAC
2023,REG,LV,6,00-0031381,WR,Davante Adams,Davante,Adams,,,,Shoulder,,Full Participation in Practice,2023-10-13 20:51:50,injury_reports_2023.csv,0.0,WR,LV
2023,REG,LV,6,00-0034960,WR,Jakobi Meyers,Jakobi,Meyers,,,,Wrist,,Full Participation in Practice,2023-10-13 20:51:45,injury_reports_2023.csv,0.0,WR,LV
2023,REG,LV,6,00-0038563,WR,Tre Tucker,Tre,Tucker,,,,Knee,,Full Participation in Practice,2023-10-13 20:51:54,injury_reports_2023.csv,0.0,WR,LV
2023,REG,MIA,6,00-0034419,WR,Braxton Berrios,Braxton,Berrios,,,,Knee,,Full Participation in Practice,2023-10-13 19:36:39,injury_reports_2023.csv,0.0,WR,MIA
2023,REG,MIA,6,00-0033040,WR,Tyreek Hill,Tyreek,Hill,,,,Not injury related - resting player,,Limited Participation in Practice,2023-10-11 20:27:24,injury_reports_2023.csv,0.0,WR,MIA
2023,REG,MIN,6,00-0038994,WR,Jordan Addison,Jordan,Addison,,,,Ankle,,Full Participation in Practice,2023-10-13 18:29:43,injury_reports_2023.csv,0.0,WR,MIN
2023,REG,NE,6,00-0038621,WR,Demario Douglas,Demario,Douglas,Concussion,,Out,Concussion,,Did Not Participate In Practice,2023-10-13 18:27:08,injury_reports_2023.csv,3.0,WR,NE
2023,REG,NE,6,00-0033857,WR,JuJu Smith-Schuster,JuJu,Smith-Schuster,Concussion,,Out,Concussion,,Did Not Participate In Practice,2023-10-13 18:27:37,injury_reports_2023.csv,3.0,WR,NE
2023,REG,NE,6,00-0038104,WR,Tyquan Thornton,Tyquan,Thornton,Shoulder,,Questionable,Shoulder,,Limited Participation in Practice,2023-10-13 18:26:48,injury_reports_2023.csv,1.0,WR,NE
2023,REG,NO,6,00-0037239,WR,Chris Olave,Chris,Olave,,,,Toe,,Full Participation in Practice,2023-10-13 19:10:48,injury_reports_2023.csv,0.0,WR,NO
2023,REG,NO,6,00-0027696,TE,Jimmy Graham,Jimmy,Graham,,,,Not injury related - resting player,,Limited Participation in Practice,2023-10-11 19:51:16,injury_reports_2023.csv,0.0,TE,NO
2023,REG,NO,6,00-0036040,TE,Juwan Johnson,Juwan,Johnson,Calf,,Out,Calf,,Did Not Participate In Practice,2023-10-13 19:12:21,injury_reports_2023.csv,3.0,TE,NO
2023,REG,NYG,6,00-0038117,WR,Wan'Dale Robinson,Wan'Dale,Robinson,,,,Knee,,Limited Participation in Practice,2023-10-13 18:08:43,injury_reports_2023.csv,0.0,WR,NYG
2023,REG,NYG,6,00-0031610,TE,Darren Waller,Darren,Waller,Groin,,Questionable,Groin,,Limited Participation in Practice,2023-10-13 18:10:55,injury_reports_2023.csv,1.0,TE,NYG
2023,REG,NYJ,6,00-0038496,WR,Xavier Gipson,Xavier,Gipson,Ankle,,Questionable,Ankle,,Limited Participation in Practice,2023-10-13 20:14:00,injury_reports_2023.csv,1.0,WR,NYJ
2023,REG,PHI,6,00-0036741,TE,Jack Stoll,Jack,Stoll,,,,Shoulder,,Full Participation in Practice,2023-10-13 19:41:22,injury_reports_2023.csv,0.0,TE,PHI
2023,REG,PHI,6,00-0036271,WR,Quez Watkins,Quez,Watkins,Hamstring,,Out,Hamstring,,Did Not Participate In Practice,2023-10-13 19:51:36,injury_reports_2023.csv,3.0,WR,PHI
2023,REG,SEA,6,00-0035640,WR,DK Metcalf,DK,Metcalf,,,,Ribs,,Full Participation in Practice,2023-10-13 21:02:57,injury_reports_2023.csv,0.0,WR,SEA
2023,REG,SF,6,00-0033288,TE,George Kittle,George,Kittle,,,,Not injury related - resting player,,Did Not Participate In Practice,2023-10-11 23:08:20,injury_reports_2023.csv,0.0,TE,SF
2023,REG,TB,6,00-0031408,WR,Mike Evans,Mike,Evans,,,,Hamstring,,Full Participation in Practice,2023-10-13 19:35:02,injury_reports_2023.csv,0.0,WR,TB
2023,REG,TEN,6,00-0030564,WR,DeAndre Hopkins,DeAndre,Hopkins,,,,Not injury related - resting player,,Limited Participation in Practice,2023-10-11 19:19:02,injury_reports_2023.csv,0.0,WR,TEN
2023,REG,TEN,6,00-0037742,WR,Treylon Burks,Treylon,Burks,Knee,,Out,Knee,,Did Not Participate In Practice,2023-10-13 14:59:12,injury_reports_2023.csv,3.0,WR,TEN
2023,REG,WAS,6,00-0037164,TE,Curtis Hodges,Curtis,Hodges,,,,Illness,,Full Participation in Practice,2023-10-13 17:13:07,injury_reports_2023.csv,0.0,TE,WAS
2023,REG,WAS,6,00-0033282,WR,Curtis Samuel,Curtis,Samuel,,,,Finger,,Full Participation in Practice,2023-10-13 17:13:07,injury_reports_2023.csv,0.0,WR,WAS
2023,REG,ARZ,7,00-0033251,WR,Zach Pascal,Zach,Pascal,Neck,,Questionable,Neck,,Did Not Participate In Practice,2023-10-20 19:41:34,injury_reports_2023.csv,1.0,WR,ARI
2023,REG,BUF,7,00-0038933,TE,Dalton Kincaid,Dalton,Kincaid,,,,Concussion,,Full Participation in Practice,2023-10-20 20:54:56,injury_reports_2023.csv,0.0,TE,BUF
2023,REG,BUF,7,00-0035689,TE,Dawson Knox,Dawson,Knox,,,,Wrist,,Full Participation in Practice,2023-10-20 20:54:56,injury_reports_2023.csv,0.0,TE,BUF
2023,REG,BUF,7,00-0036590,TE,Quintin Morris,Quintin,Morris,Ankle,,Out,Ankle,,Did Not Participate In Practice,2023-10-20 20:56:30,injury_reports_2023.csv,3.0,TE,BUF
2023,REG,CHI,7,00-0024243,TE,Marcedes Lewis,Marcedes,Lewis,,,,Not injury related - resting player,,Did Not Participate In Practice,2023-10-19 18:52:36,injury_reports_2023.csv,0.0,TE,CHI
2023,REG,CLV,7,00-0031544,WR,Amari Cooper,Amari,Cooper,,,,Not injury related - resting player,Ankle,Full Participation in Practice,2023-10-20 17:57:09,injury_reports_2023.csv,0.0,WR,CLE
2023,REG,CLV,7,00-0038979,WR,Cedric Tillman,Cedric,Tillman,,,,Hip,,Full Participation in Practice,2023-10-20 17:56:41,injury_reports_2023.csv,0.0,WR,CLE
2023,REG,CLV,7,00-0036232,TE,Harrison Bryant,Harrison,Bryant,Hip,,Questionable,Hip,,Limited Participation in Practice,2023-10-20 17:57:56,injury_reports_2023.csv,1.0,TE,CLE
2023,REG,DEN,7,00-0037252,TE,Greg Dulcich,Greg,Dulcich,Hamstring,,Out,Hamstring,,Did Not Participate In Practice,2023-10-20 20:19:45,injury_reports_2023.csv,3.0,TE,DEN
2023,REG,DET,7,00-0039065,TE,Sam LaPorta,Sam,LaPorta,,,,Calf,,Full Participation in Practice,2023-10-20 19:47:15,injury_reports_2023.csv,0.0,TE,DET
2023,REG,DET,7,00-0029293,WR,Marvin Jones,Marvin,Jones,Not injury related - personal matter,,Out,,,"
    ",2023-10-21 16:26:10,injury_reports_2023.csv,3.0,WR,DET
2023,REG,DET,7,00-0037282,TE,James Mitchell,James,Mitchell,Hamstring,,Questionable,Hamstring,,Limited Participation in Practice,2023-10-20 19:47:56,injury_reports_2023.csv,1.0,TE,DET
2023,REG,IND,7,00-0036876,TE,Kylen Granson,Kylen,Granson,Concussion,,Out,Concussion,,Did Not Participate In Practice,2023-10-20 18:12:55,injury_reports_2023.csv,3.0,TE,IND
2023,REG,IND,7,00-0037664,WR,Alec Pierce,Alec,Pierce,Shoulder,,Questionable,Shoulder,,Full Participation in Practice,2023-10-20 18:12:46,injury_reports_2023.csv,1.0,WR,IND
2023,REG,JAX,7,00-0033891,WR,Zay Jones,Zay,Jones,Knee,,Out,Knee,,Did Not Participate In Practice,2023-10-18 18:48:58,injury_reports_2023.csv,3.0,WR,JAX
2023,REG,KC,7,00-0030506,TE,Travis Kelce,Travis,Kelce,,,,Ankle,,Full Participation in Practice,2023-10-20 20:10:29,injury_reports_2023.csv,0.0,TE,KC
2023,REG,KC,7,00-0036913,WR,Kadarius Toney,Kadarius,Toney,,,,Toe,,Full Participation in Practice,2023-10-20 20:10:29,injury_reports_2023.csv,0.0,WR,KC
2023,REG,KC,7,00-0034386,WR,Justin Watson,Justin,Watson,Elbow,,Out,Elbow,,Did Not Participate In Practice,2023-10-20 20:12:11,injury_reports_2023.csv,3.0,WR,KC
2023,REG,LA,7,00-0036862,WR,Ben Skowronek,Ben,Skowronek,Achilles,,Questionable,Ankle,,Limited Participation in Practice,2023-10-20 19:56:14,injury_reports_2023.csv,1.0,WR,LA
2023,REG,LAC,7,00-0030279,WR,Keenan Allen,Keenan,Allen,,,,Not injury related - personal matter,,Did Not Participate In Practice,2023-10-19 21:19:21,injury_reports_2023.csv,0.0,WR,LAC
2023,REG,LAC,7,00-0035329,TE,Donald Parham,Donald,Parham,,,,Wrist,,Full Participation in Practice,2023-10-20 20:15:40,injury_reports_2023.csv,0.0,TE,LAC
2023,REG,LAC,7,00-0035414,WR,Jalen Guyton,Jalen,Guyton,Knee,,Out,Knee,,Limited Participation in Practice,2023-10-20 20:16:48,injury_reports_2023.csv,3.0,WR,LAC
2023,REG,LV,7,00-0031381,WR,Davante Adams,Davante,Adams,,,,Shoulder,,Full Participation in Practice,2023-10-20 20:23:43,injury_reports_2023.csv,0.0,WR,LV
2023,REG,MIA,7,00-0036326,WR,Chase Claypool,Chase,Claypool,,,,Knee,,Full Participation in Practice,2023-10-20 19:42:57,injury_reports_2023.csv,0.0,WR,MIA
2023,REG,MIN,7,00-0037291,WR,Jalen Nailor,Jalen,Nailor,Hamstring,,Questionable,Hamstring,,Limited Participation in Practice,2023-10-21 19:03:23,injury_reports_2023.csv,1.0,WR,MIN
2023,REG,NE,7,00-0038608,WR,Kayshon Boutte,Kayshon,Boutte,Hamstring,,Questionable,Hamstring,,Limited Participation in Practice,2023-10-20 19:39:47,injury_reports_2023.csv,1.0,WR,NE
2023,REG,NE,7,00-0038621,WR,Demario Douglas,Demario,Douglas,Concussion,,Questionable,Concussion,,Limited Participation in Practice,2023-10-20 19:39:47,injury_reports_2023.csv,1.0,WR,NE
2023,REG,NE,7,00-0033090,TE,Hunter Henry,Hunter,Henry,Ankle,,Questionable,Ankle,,Limited Participation in Practice,2023-10-20 19:39:47,injury_reports_2023.csv,1.0,TE,NE
2023,REG,NE,7,00-0033857,WR,JuJu Smith-Schuster,JuJu,Smith-Schuster,Concussion,,Questionable,Concussion,,Limited Participation in Practice,2023-10-20 19:39:47,injury_reports_2023.csv,1.0,WR,NE
2023,REG,NO,7,00-0037239,WR,Chris Olave,Chris,Olave,,,,Toe,,Full Participation in Practice,2023-10-18 19:12:40,injury_reports_2023.csv,0.0,WR,NO
2023,REG,NO,7,00-0036040,TE,Juwan Johnson,Juwan,Johnson,Calf,,Out,Calf,,Did Not Participate In Practice,2023-10-18 19:13:22,injury_reports_2023.csv,3.0,TE,NO
2023,REG,NYG,7,00-0038117,WR,Wan'Dale Robinson,Wan'Dale,Robinson,,,,Knee,,Full Participation in Practice,2023-10-20 18:09:11,injury_reports_2023.csv,0.0,WR,NYG
2023,REG,PHI,7,00-0034351,TE,Dallas Goedert,Dallas,Goedert,,,,Groin,,Limited Participation in Practice,2023-10-20 19:53:23,injury_reports_2023.csv,0.0,TE,PHI
2023,REG,PHI,7,00-0036912,WR,DeVonta Smith,DeVonta,Smith,,,,Hamstring,,Limited Participation in Practice,2023-10-20 19:53:23,injury_reports_2023.csv,0.0,WR,PHI
2023,REG,PIT,7,00-0035216,WR,Diontae Johnson,Diontae,Johnson,,,,Hamstring,,Full Participation in Practice,2023-10-20 20:01:56,injury_reports_2023.csv,0.0,WR,PIT
2023,REG,PIT,7,00-0036894,TE,Pat Freiermuth,Pat,Freiermuth,Hamstring,,Out,Hamstring,,Did Not Participate In Practice,2023-10-20 20:02:37,injury_reports_2023.csv,3.0,TE,PIT
2023,REG,SEA,7,00-0032211,WR,Tyler Lockett,Tyler,Lockett,,,,Hamstring,,Did Not Participate In Practice,2023-10-20 21:14:52,injury_reports_2023.csv,0.0,WR,SEA
2023,REG,SEA,7,00-0035640,WR,DK Metcalf,DK,Metcalf,Ribs,Hip,Questionable,Ribs,Hip,Limited Participation in Practice,2023-10-20 19:59:47,injury_reports_2023.csv,1.0,WR,SEA
2023,REG,SF,7,00-0035719,WR,Deebo Samuel,Deebo,Samuel,Shoulder,,Out,Shoulder,,Did Not Participate In Practice,2023-10-21 21:02:59,injury_reports_2023.csv,3.0,WR,SF
2023,REG,TB,7,00-0031408,WR,Mike Evans,Mike,Evans,,,,Not injury related - resting player,,Did Not Participate In Practice,2023-10-20 18:06:06,injury_reports_2023.csv,0.0,WR,TB
2023,REG,ARZ,8,00-0033251,WR,Zach Pascal,Zach,Pascal,,,,Neck,,Full Participation in Practice,2023-10-27 20:01:14,injury_reports_2023.csv,0.0,WR,ARI
2023,REG,ARZ,8,00-0035500,WR,Greg Dortch,Greg,Dortch,Ankle,,Questionable,Ankle,,Did Not Participate In Practice,2023-10-27 20:01:42,injury_reports_2023.csv,1.0,WR,ARI
2023,REG,BLT,8,00-0031235,WR,Odell Beckham,Odell,Beckham,,,,Shoulder,,Full Participation in Practice,2023-10-27 21:11:25,injury_reports_2023.csv,0.0,WR,BAL
2023,REG,BLT,8,00-0036630,WR,Tylan Wallace,Tylan,Wallace,Hamstring,,Questionable,Hamstring,,Full Participation in Practice,2023-10-27 21:12:05,injury_reports_2023.csv,1.0,WR,BAL
2023,REG,BUF,8,00-0035689,TE,Dawson Knox,Dawson,Knox,Wrist,,Out,Wrist,,Did Not Participate In Practice,2023-10-25 17:39:13,injury_reports_2023.csv,3.0,TE,BUF
2023,REG,BUF,8,00-0036590,TE,Quintin Morris,Quintin,Morris,Ankle,,Out,Ankle,,Did Not Participate In Practice,2023-10-25 17:39:24,injury_reports_2023.csv,3.0,TE,BUF
2023,REG,CAR,8,00-0030035,WR,Adam Thielen,Adam,Thielen,,,,Not injury related - resting player,,Did Not Participate In Practice,2023-10-25 19:05:11,injury_reports_2023.csv,0.0,WR,CAR
2023,REG,CAR,8,00-0036438,TE,Stephen Sullivan,Stephen,Sullivan,,,,Illness,,Full Participation in Practice,2023-10-27 16:34:00,injury_reports_2023.csv,0.0,TE,CAR
2023,REG,CAR,8,00-0036268,WR,Laviska Shenault,Laviska,Shenault,Ankle,,Out,Ankle,,Did Not Participate In Practice,2023-10-27 16:35:00,injury_reports_2023.csv,3.0,WR,CAR
2023,REG,CHI,8,00-0024243,TE,Marcedes Lewis,Marcedes,Lewis,,,,Not injury related - resting player,,Did Not Participate In Practice,2023-10-26 19:42:34,injury_reports_2023.csv,0.0,TE,CHI
2023,REG,CLV,8,00-0036232,TE,Harrison Bryant,Harrison,Bryant,,,,Hip,,Full Participation in Practice,2023-10-27 18:48:19,injury_reports_2023.csv,0.0,TE,CLE
2023,REG,CLV,8,00-0031544,WR,Amari Cooper,Amari,Cooper,,,,Not injury related - resting player,Ankle,Full Participation in Practice,2023-10-27 18:48:19,injury_reports_2023.csv,0.0,WR,CLE
2023,REG,CLV,8,00-0033885,TE,David Njoku,David,Njoku,,,,Knee,,Limited Participation in Practice,2023-10-27 18:48:19,injury_reports_2023.csv,0.0,TE,CLE
2023,REG,CLV,8,00-0030068,WR,Marquise Goodwin,Marquise,Goodwin,Back,,Questionable,Back,,Limited Participation in Practice,2023-10-27 18:49:58,injury_reports_2023.csv,1.0,WR,CLE
2023,REG,DEN,8,00-0037382,WR,Brandon Johnson,Brandon,Johnson,Hamstring,,Questionable,Hamstring,,Did Not Participate In Practice,2023-10-27 20:19:25,injury_reports_2023.csv,1.0,WR,DEN
2023,REG,DET,8,00-0036963,WR,Amon-Ra St. Brown,Amon-Ra,St. Brown,Illness,,Questionable,,,"
    ",2023-10-29 19:44:32,injury_reports_2023.csv,1.0,WR,DET
2023,REG,GB,8,00-0038124,WR,Christian Watson,Christian,Watson,,,,Knee,,Full Participation in Practice,2023-10-27 19:30:42,injury_reports_2023.csv,0.0,WR,GB
2023,REG,GB,8,00-0039144,TE,Luke Musgrave,Luke,Musgrave,Ankle,,Questionable,Ankle,,Limited Participation in Practice,2023-10-27 19:32:06,injury_reports_2023.csv,1.0,TE,GB
2023,REG,HST,8,00-0038977,WR,Tank Dell,Tank,Dell,,,,Concussion,,Full Participation in Practice,2023-10-27 19:43:04,injury_reports_2023.csv,0.0,WR,HOU
2023,REG,HST,8,00-0036556,TE,Brevin Jordan,Brevin,Jordan,Foot,,Out,Foot,,Did Not Participate In Practice,2023-10-27 19:52:22,injury_reports_2023.csv,3.0,TE,HOU
2023,REG,HST,8,00-0030431,WR,Robert Woods,Robert,Woods,Foot,,Out,Foot,,Did Not Participate In Practice,2023-10-27 19:52:04,injury_reports_2023.csv,3.0,WR,HOU
2023,REG,HST,8,00-0038618,WR,Xavier Hutchinson,Xavier,Hutchinson,Foot,,Questionable,Foot,,Full Participation in Practice,2023-10-27 19:51:21,injury_reports_2023.csv,1.0,WR,HOU
2023,REG,IND,8,00-0036876,TE,Kylen Granson,Kylen,Granson,Concussion,,Out,Concussion,,Limited Participation in Practice,2023-10-27 19:34:07,injury_reports_2023.csv,3.0,TE,IND
2023,REG,JAX,8,00-0033891,WR,Zay Jones,Zay,Jones,Knee,,Out,Knee,,Did Not Participate In Practice,2023-10-27 18:22:27,injury_reports_2023.csv,3.0,WR,JAX
2023,REG,KC,8,00-0034386,WR,Justin Watson,Justin,Watson,,,,Elbow,,Full Participation in Practice,2023-10-27 18:53:18,injury_reports_2023.csv,0.0,WR,KC
2023,REG,LA,8,00-0037004,TE,Hunter Long,Hunter,Long,Hamstring,,Out,Hamstring,,Full Participation in Practice,2023-10-27 19:47:04,injury_reports_2023.csv,3.0,TE,LA
2023,REG,LA,8,00-0036862,WR,Ben Skowronek,Ben,Skowronek,Achilles,,Questionable,Achilles,,Limited Participation in Practice,2023-10-27 19:46:45,injury_reports_2023.csv,1.0,WR,LA
2023,REG,LAC,8,00-0030279,WR,Keenan Allen,Keenan,Allen,,,,Back,,Limited Participation in Practice,2023-10-27 20:22:10,injury_reports_2023.csv,0.0,WR,LAC
2023,REG,LAC,8,00-0033895,TE,Gerald Everett,Gerald,Everett,Hip,,Questionable,Hip,,Full Participation in Practice,2023-10-27 20:24:34,injury_reports_2023.csv,1.0,TE,LAC
2023,REG,LAC,8,00-0035414,WR,Jalen Guyton,Jalen,Guyton,Knee,,Questionable,Knee,,Full Participation in Practice,2023-10-27 20:24:34,injury_reports_2023.csv,1.0,WR,LAC
2023,REG,LAC,8,00-0036988,WR,Josh Palmer,Josh,Palmer,Knee,,Questionable,Knee,,Limited Participation in Practice,2023-10-27 20:24:34,injury_reports_2023.csv,1.0,WR,LAC
2023,REG,LV,8,00-0031381,WR,Davante Adams,Davante,Adams,,,,Shoulder,,Full Participation in Practice,2023-10-28 20:24:22,injury_reports_2023.csv,0.0,WR,LV
2023,REG,MIA,8,00-0034419,WR,Braxton Berrios,Braxton,Berrios,,,,Not injury related - personal matter,,Did Not Participate In Practice,2023-10-27 19:54:05,injury_reports_2023.csv,0.0,WR,MIA
2023,REG,MIA,8,00-0033040,WR,Tyreek Hill,Tyreek,Hill,,,,Hip,,Limited Participation in Practice,2023-10-27 19:53:45,injury_reports_2023.csv,0.0,WR,MIA
2023,REG,MIA,8,00-0036613,WR,Jaylen Waddle,Jaylen,Waddle,,,,Back,,Limited Participation in Practice,2023-10-27 19:53:45,injury_reports_2023.csv,0.0,WR,MIA
2023,REG,MIA,8,00-0034054,WR,River Cracraft,River,Cracraft,Shoulder,,Questionable,Shoulder,,Limited Participation in Practice,2023-10-27 19:54:10,injury_reports_2023.csv,1.0,WR,MIA
2023,REG,MIN,8,00-0035229,TE,T.J. Hockenson,T.J.,Hockenson,,,,Foot,,Full Participation in Practice,2023-10-27 18:42:11,injury_reports_2023.csv,0.0,TE,MIN
2023,REG,MIN,8,00-0037291,WR,Jalen Nailor,Jalen,Nailor,Hamstring,,Questionable,Hamstring,,Limited Participation in Practice,2023-10-27 18:42:15,injury_reports_2023.csv,1.0,WR,MIN
2023,REG,NE,8,00-0033090,TE,Hunter Henry,Hunter,Henry,,,,Ankle,,Full Participation in Practice,2023-10-27 19:50:13,injury_reports_2023.csv,0.0,TE,NE
2023,REG,NE,8,00-0032200,WR,Ty Montgomery,Ty,Montgomery,,,,Not injury related - personal matter,,Full Participation in Practice,2023-10-27 19:49:52,injury_reports_2023.csv,0.0,WR,NE
2023,REG,NO,8,00-0032765,WR,Michael Thomas,Michael,Thomas,Illness,,Questionable,,,"
    ",2023-10-29 00:43:51,injury_reports_2023.csv,1.0,WR,NO
2023,REG,NO,8,00-0036040,TE,Juwan Johnson,Juwan,Johnson,Calf,,Questionable,Calf,,Full Participation in Practice,2023-10-27 19:08:25,injury_reports_2023.csv,1.0,TE,NO
2023,REG,NO,8,00-0027696,TE,Jimmy Graham,Jimmy,Graham,Illness,,Questionable,Illness,,Limited Participation in Practice,2023-10-27 19:08:25,injury_reports_2023.csv,1.0,TE,NO
2023,REG,NYG,8,00-0038117,WR,Wan'Dale Robinson,Wan'Dale,Robinson,,,,Knee,,Limited Participation in Practice,2023-10-27 18:05:37,injury_reports_2023.csv,0.0,WR,NYG
2023,REG,NYG,8,00-0031610,TE,Darren Waller,Darren,Waller,Hamstring,,Questionable,Hamstring,,Limited Participation in Practice,2023-10-27 18:06:23,injury_reports_2023.csv,1.0,TE,NYG
2023,REG,NYJ,8,00-0037156,WR,Irvin Charles,Irvin,Charles,Shoulder,,Doubtful,Shoulder,,Did Not Participate In Practice,2023-10-27 18:41:22,injury_reports_2023.csv,2.0,WR,NYJ
2023,REG,NYJ,8,00-0028002,WR,Randall Cobb,Randall,Cobb,Shoulder,,Questionable,Shoulder,,Limited Participation in Practice,2023-10-27 18:41:14,injury_reports_2023.csv,1.0,WR,NYJ
2023,REG,PIT,8,00-0035216,WR,Diontae Johnson,Diontae,Johnson,,,,Hamstring,,Full Participation in Practice,2023-10-27 19:01:40,injury_reports_2023.csv,0.0,WR,PIT
2023,REG,SEA,8,00-0036620,WR,D'Wayne Eskridge,D'Wayne,Eskridge,,,,Knee,,Full Participation in Practice,2023-10-27 21:06:01,injury_reports_2023.csv,0.0,WR,SEA
2023,REG,SEA,8,00-0035644,TE,Noah Fant,Noah,Fant,,,,Toe,,Full Participation in Practice,2023-10-27 21:06:01,injury_reports_2023.csv,0.0,TE,SEA
2023,REG,SEA,8,00-0035640,WR,DK Metcalf,DK,Metcalf,,,,Ribs,Hip,Full Participation in Practice,2023-10-26 22:54:42,injury_reports_2023.csv,0.0,WR,SEA
2023,REG,SEA,8,00-0032211,WR,Tyler Lockett,Tyler,Lockett,Hamstring,,Questionable,Hamstring,,Full Participation in Practice,2023-10-27 19:34:11,injury_reports_2023.csv,1.0,WR,SEA
2023,REG,SF,8,00-0035719,WR,Deebo Samuel,Deebo,Samuel,Shoulder,,Out,Shoulder,,Did Not Participate In Practice,2023-10-27 21:09:07,injury_reports_2023.csv,3.0,WR,SF
2023,REG,TB,8,00-0033921,WR,Chris Godwin,Chris,Godwin,Neck,,Questionable,Neck,,Full Participation in Practice,2023-10-25 15:34:43,injury_reports_2023.csv,1.0,WR,TB
2023,REG,TEN,8,00-0037742,WR,Treylon Burks,Treylon,Burks,,,,Knee,,Full Participation in Practice,2023-10-27 19:40:15,injury_reports_2023.csv,0.0,WR,TEN
2023,REG,TEN,8,00-0030564,WR,DeAndre Hopkins,DeAndre,Hopkins,,,,Not injury related - resting player,,Full Participation in Practice,2023-10-27 19:40:41,injury_reports_2023.csv,0.0,WR,TEN
2023,REG,TEN,8,00-0032398,WR,Chris Moore,Chris,Moore,,,,Concussion,,Full Participation in Practice,2023-10-27 19:40:15,injury_reports_2023.csv,0.0,WR,TEN
2023,REG,TEN,8,00-0038589,TE,Josh Whyle,Josh,Whyle,Concussion,,Out,Concussion,,Did Not Participate In Practice,2023-10-27 19:44:46,injury_reports_2023.csv,3.0,TE,TEN
2023,REG,WAS,8,00-0037078,TE,Cole Turner,Cole,Turner,,,,Ankle,,Full Participation in Practice,2023-10-27 17:21:13,injury_reports_2023.csv,0.0,TE,WAS
2023,REG,WAS,8,00-0033282,WR,Curtis Samuel,Curtis,Samuel,Foot,,Questionable,Foot,,Limited Participation in Practice,2023-10-27 17:21:39,injury_reports_2023.csv,1.0,WR,WAS
2023,REG,ARZ,9,00-0038559,WR,Michael Wilson,Michael,Wilson,Shoulder,,Questionable,Shoulder,,Did Not Participate In Practice,2023-11-03 19:26:53,injury_reports_2023.csv,1.0,WR,ARI
2023,REG,ARZ,9,00-0035500,WR,Greg Dortch,Greg,Dortch,Ankle,,Questionable,Ankle,,Limited Participation in Practice,2023-11-03 19:26:53,injury_reports_2023.csv,1.0,WR,ARI
2023,REG,ATL,9,00-0037238,WR,Drake London,Drake,London,Groin,,Out,Groin,,Did Not Participate In Practice,2023-11-03 17:14:25,injury_reports_2023.csv,3.0,WR,ATL
2023,REG,BLT,9,00-0031235,WR,Odell Beckham,Odell,Beckham,,,,Shoulder,,Full Participation in Practice,2023-11-03 19:52:36,injury_reports_2023.csv,0.0,WR,BAL
2023,REG,BUF,9,00-0036590,TE,Quintin Morris,Quintin,Morris,,,,Ankle,,Full Participation in Practice,2023-11-03 18:03:05,injury_reports_2023.csv,0.0,TE,BUF
2023,REG,CAR,9,00-0030035,WR,Adam Thielen,Adam,Thielen,,,,Not injury related - resting player,,Did Not Participate In Practice,2023-11-01 18:56:42,injury_reports_2023.csv,0.0,WR,CAR
2023,REG,CAR,9,00-0034830,TE,Hayden Hurst,Hayden,Hurst,,,,Illness,,Full Participation in Practice,2023-11-03 17:40:41,injury_reports_2023.csv,0.0,TE,CAR
2023,REG,CAR,9,00-0036268,WR,Laviska Shenault,Laviska,Shenault,Ankle,,Out,Ankle,,Did Not Participate In Practice,2023-11-03 17:43:20,injury_reports_2023.csv,3.0,WR,CAR
2023,REG,CAR,9,00-0034777,WR,D.J. Chark,D.J.,Chark,Elbow,,Questionable,Elbow,,Limited Participation in Practice,2023-11-03 17:43:45,injury_reports_2023.csv,1.0,WR,CAR
2023,REG,CHI,9,00-0024243,TE,Marcedes Lewis,Marcedes,Lewis,,,,Not injury related - resting player,,Did Not Participate In Practice,2023-11-02 18:55:33,injury_reports_2023.csv,0.0,TE,CHI
2023,REG,CLV,9,00-0031544,WR,Amari Cooper,Amari,Cooper,,,,Not injury related - resting player,Ankle,Full Participation in Practice,2023-11-03 19:09:30,injury_reports_2023.csv,0.0,WR,CLE
2023,REG,CLV,9,00-0030068,WR,Marquise Goodwin,Marquise,Goodwin,,,,Illness,,Full Participation in Practice,2023-11-03 19:11:33,injury_reports_2023.csv,0.0,WR,CLE
2023,REG,CLV,9,00-0033885,TE,David Njoku,David,Njoku,,,,Ankle,,Full Participation in Practice,2023-11-03 19:11:51,injury_reports_2023.csv,0.0,TE,CLE
2023,REG,CLV,9,00-0037257,WR,David Bell,David,Bell,Knee,,Out,Knee,,Did Not Participate In Practice,2023-11-03 19:12:43,injury_reports_2023.csv,3.0,WR,CLE
2023,REG,DAL,9,00-0034764,WR,Michael Gallup,Michael,Gallup,,,,Illness,,Full Participation in Practice,2023-11-03 18:18:38,injury_reports_2023.csv,0.0,WR,DAL
2023,REG,DAL,9,00-0031236,WR,Brandin Cooks,Brandin,Cooks,,,,Not injury related - resting player,,Limited Participation in Practice,2023-11-01 19:32:58,injury_reports_2023.csv,0.0,WR,DAL
2023,REG,GB,9,00-0039144,TE,Luke Musgrave,Luke,Musgrave,,,,Ankle,,Limited Participation in Practice,2023-11-03 19:30:17,injury_reports_2023.csv,0.0,TE,GB
2023,REG,HST,9,00-0036556,TE,Brevin Jordan,Brevin,Jordan,Knee,,Out,Foot,,Did Not Participate In Practice,2023-11-03 19:52:42,injury_reports_2023.csv,3.0,TE,HOU
2023,REG,HST,9,00-0030431,WR,Robert Woods,Robert,Woods,Foot,,Out,Foot,,Did Not Participate In Practice,2023-11-03 19:53:05,injury_reports_2023.csv,3.0,WR,HOU
2023,REG,IND,9,00-0036876,TE,Kylen Granson,Kylen,Granson,,,,Concussion,,Full Participation in Practice,2023-11-03 18:25:40,injury_reports_2023.csv,0.0,TE,IND
2023,REG,IND,9,00-0038997,WR,Josh Downs,Josh,Downs,Knee,,Questionable,Knee,,Limited Participation in Practice,2023-11-03 18:26:46,injury_reports_2023.csv,1.0,WR,IND
2023,REG,KC,9,00-0038090,WR,Skyy Moore,Skyy,Moore,,,,Heel,,Full Participation in Practice,2023-11-03 21:29:44,injury_reports_2023.csv,0.0,WR,KC
2023,REG,KC,9,00-0036913,WR,Kadarius Toney,Kadarius,Toney,,,,Ankle,,Full Participation in Practice,2023-11-03 21:29:44,injury_reports_2023.csv,0.0,WR,KC
2023,REG,KC,9,00-0034386,WR,Justin Watson,Justin,Watson,,,,Elbow,,Full Participation in Practice,2023-11-03 21:29:44,injury_reports_2023.csv,0.0,WR,KC
2023,REG,KC,9,00-0034286,WR,Richie James,Richie,James,Knee,,Questionable,Knee,,Full Participation in Practice,2023-11-03 21:29:51,injury_reports_2023.csv,1.0,WR,KC
2023,REG,LA,9,00-0036862,WR,Ben Skowronek,Ben,Skowronek,,,,Achilles,,Full Participation in Practice,2023-11-03 19:42:22,injury_reports_2023.csv,0.0,WR,LA
2023,REG,LA,9,00-0036841,WR,Austin Trammell,Austin,Trammell,,,,Hip,,Full Participation in Practice,2023-11-03 19:42:22,injury_reports_2023.csv,0.0,WR,LA
2023,REG,LA,9,00-0037004,TE,Hunter Long,Hunter,Long,Hamstring,,Out,Hamstring,,Full Participation in Practice,2023-11-03 21:43:18,injury_reports_2023.csv,3.0,TE,LA
2023,REG,LA,9,00-0039075,WR,Puka Nacua,Puka,Nacua,Knee,,Questionable,Knee,,Limited Participation in Practice,2023-11-03 21:41:00,injury_reports_2023.csv,1.0,WR,LA
2023,REG,LAC,9,00-0033895,TE,Gerald Everett,Gerald,Everett,,,,Hip,,Full Participation in Practice,2023-11-04 20:18:03,injury_reports_2023.csv,0.0,TE,LAC
2023,REG,LAC,9,00-0036988,WR,Josh Palmer,Josh,Palmer,Knee,,Out,Knee,,Did Not Participate In Practice,2023-11-04 20:18:59,injury_reports_2023.csv,3.0,WR,LAC
2023,REG,LAC,9,00-0035414,WR,Jalen Guyton,Jalen,Guyton,Knee,,Questionable,Knee,,Full Participation in Practice,2023-11-04 20:18:38,injury_reports_2023.csv,1.0,WR,LAC
2023,REG,MIA,9,00-0036613,WR,Jaylen Waddle,Jaylen,Waddle,,,,Back,,Full Participation in Practice,2023-11-03 15:49:29,injury_reports_2023.csv,0.0,WR,MIA
2023,REG,MIA,9,00-0034419,WR,Braxton Berrios,Braxton,Berrios,Hamstring,,Questionable,Hamstring,,Limited Participation in Practice,2023-11-03 15:50:51,injury_reports_2023.csv,1.0,WR,MIA
2023,REG,MIA,9,00-0034054,WR,River Cracraft,River,Cracraft,Shoulder,,Questionable,Shoulder,,Limited Participation in Practice,2023-11-03 15:50:51,injury_reports_2023.csv,1.0,WR,MIA
2023,REG,MIA,9,00-0034798,TE,Durham Smythe,Durham,Smythe,Ankle,,Questionable,Ankle,,Limited Participation in Practice,2023-11-03 15:50:51,injury_reports_2023.csv,1.0,TE,MIA
2023,REG,MIN,9,00-0036345,WR,K.J. Osborn,K.J.,Osborn,,,,Chest,,Full Participation in Practice,2023-11-03 19:08:07,injury_reports_2023.csv,0.0,WR,MIN
2023,REG,MIN,9,00-0034646,WR,Brandon Powell,Brandon,Powell,,,,Shoulder,,Full Participation in Practice,2023-11-03 19:08:13,injury_reports_2023.csv,0.0,WR,MIN
2023,REG,MIN,9,00-0037291,WR,Jalen Nailor,Jalen,Nailor,Hamstring,,Questionable,Hamstring,,Full Participation in Practice,2023-11-03 19:08:17,injury_reports_2023.csv,1.0,WR,MIN
2023,REG,NE,9,00-0031547,WR,DeVante Parker,DeVante,Parker,Concussion,,Out,Concussion,,Did Not Participate In Practice,2023-11-03 19:17:32,injury_reports_2023.csv,3.0,WR,NE
2023,REG,NE,9,00-0033439,TE,Pharaoh Brown,Pharaoh,Brown,Back,,Questionable,Back,,Limited Participation in Practice,2023-11-03 19:17:13,injury_reports_2023.csv,1.0,TE,NE
2023,REG,NE,9,00-0038104,WR,Tyquan Thornton,Tyquan,Thornton,Foot,,Questionable,Foot,,Limited Participation in Practice,2023-11-03 19:17:13,injury_reports_2023.csv,1.0,WR,NE
2023,REG,NO,9,00-0036364,WR,Lynn Bowden,Lynn,Bowden,,,,Illness,,Full Participation in Practice,2023-11-03 19:07:08,injury_reports_2023.csv,0.0,WR,NO
2023,REG,NO,9,00-0032765,WR,Michael Thomas,Michael,Thomas,,,,Not injury related - resting player,,Full Participation in Practice,2023-11-03 19:06:45,injury_reports_2023.csv,0.0,WR,NO
2023,REG,NO,9,00-0027696,TE,Jimmy Graham,Jimmy,Graham,,,,Not injury related - resting player,,Limited Participation in Practice,2023-11-01 20:12:29,injury_reports_2023.csv,0.0,TE,NO
2023,REG,NYG,9,00-0038117,WR,Wan'Dale Robinson,Wan'Dale,Robinson,,,,Knee,,Full Participation in Practice,2023-11-03 18:22:16,injury_reports_2023.csv,0.0,WR,NYG
2023,REG,NYG,9,00-0031610,TE,Darren Waller,Darren,Waller,Hamstring,,Out,Hamstring,,Did Not Participate In Practice,2023-11-03 18:23:54,injury_reports_2023.csv,3.0,TE,NYG
2023,REG,NYJ,9,00-0037156,WR,Irvin Charles,Irvin,Charles,,,,Shoulder,,Full Participation in Practice,2023-11-04 19:53:11,injury_reports_2023.csv,0.0,WR,NYJ
2023,REG,NYJ,9,00-0028002,WR,Randall Cobb,Randall,Cobb,,,,Shoulder,,Full Participation in Practice,2023-11-04 19:53:11,injury_reports_2023.csv,0.0,WR,NYJ
2023,REG,NYJ,9,00-0038496,WR,Xavier Gipson,Xavier,Gipson,,,,Ankle,,Full Participation in Practice,2023-11-04 19:53:30,injury_reports_2023.csv,0.0,WR,NYJ
2023,REG,NYJ,9,00-0034521,WR,Allen Lazard,Allen,Lazard,Knee,,Questionable,Knee,,Limited Participation in Practice,2023-11-04 19:54:33,injury_reports_2023.csv,1.0,WR,NYJ
2023,REG,PHI,9,00-0036741,TE,Jack Stoll,Jack,Stoll,,,,Ankle,,Full Participation in Practice,2023-11-03 19:53:17,injury_reports_2023.csv,0.0,TE,PHI
2023,REG,PHI,9,00-0037086,TE,Grant Calcaterra,Grant,Calcaterra,Concussion,,Out,Concussion,,Limited Participation in Practice,2023-11-03 19:54:29,injury_reports_2023.csv,3.0,TE,PHI
2023,REG,SEA,9,00-0032211,WR,Tyler Lockett,Tyler,Lockett,,,,Hamstring,,Full Participation in Practice,2023-11-03 21:07:31,injury_reports_2023.csv,0.0,WR,SEA
2023,REG,SEA,9,00-0035640,WR,DK Metcalf,DK,Metcalf,,,,Hip,,Full Participation in Practice,2023-11-03 21:07:22,injury_reports_2023.csv,0.0,WR,SEA
2023,REG,SEA,9,00-0038488,TE,Brady Russell,Brady,Russell,,,,Biceps,,Full Participation in Practice,2023-11-01 22:53:33,injury_reports_2023.csv,0.0,TE,SEA
2023,REG,TB,9,00-0031408,WR,Mike Evans,Mike,Evans,,,,Not injury related - resting player,,Did Not Participate In Practice,2023-11-03 18:16:18,injury_reports_2023.csv,0.0,WR,TB
2023,REG,TB,9,00-0037311,TE,Ko Kieft,Ko,Kieft,,,,Ankle,,Full Participation in Practice,2023-11-03 18:15:40,injury_reports_2023.csv,0.0,TE,TB
2023,REG,TEN,9,00-0032398,WR,Chris Moore,Chris,Moore,,,,Not injury related - personal matter,,Full Participation in Practice,2023-11-01 19:20:34,injury_reports_2023.csv,0.0,WR,TEN
2023,REG,TEN,9,00-0038589,TE,Josh Whyle,Josh,Whyle,,,,Concussion,,Full Participation in Practice,2023-11-01 19:20:05,injury_reports_2023.csv,0.0,TE,TEN
2023,REG,TEN,9,00-0030564,WR,DeAndre Hopkins,DeAndre,Hopkins,Toe,,Questionable,Toe,,Did Not Participate In Practice,2023-11-01 19:21:19,injury_reports_2023.csv,1.0,WR,TEN
2023,REG,WAS,9,00-0031260,TE,Logan Thomas,Logan,Thomas,,,,Heel,,Full Participation in Practice,2023-11-03 17:24:05,injury_reports_2023.csv,0.0,TE,WAS
2023,REG,WAS,9,00-0033282,WR,Curtis Samuel,Curtis,Samuel,Toe,,Out,Toe,,Did Not Participate In Practice,2023-11-03 17:24:28,injury_reports_2023.csv,3.0,WR,WAS
2023,REG,ARZ,10,00-0032141,TE,Geoff Swaim,Geoff,Swaim,Back,,Questionable,Back,,Limited Participation in Practice,2023-11-10 19:53:44,injury_reports_2023.csv,1.0,TE,ARI
2023,REG,ARZ,10,00-0038559,WR,Michael Wilson,Michael,Wilson,Shoulder,,Questionable,Shoulder,,Limited Participation in Practice,2023-11-10 19:53:44,injury_reports_2023.csv,1.0,WR,ARI
2023,REG,ATL,10,00-0036970,TE,Kyle Pitts,Kyle,Pitts,,,,Not injury related - personal matter,,Did Not Participate In Practice,2023-11-10 18:55:57,injury_reports_2023.csv,0.0,TE,ATL
2023,REG,ATL,10,00-0037238,WR,Drake London,Drake,London,,,,Groin,,Full Participation in Practice,2023-11-10 18:56:44,injury_reports_2023.csv,0.0,WR,ATL
2023,REG,ATL,10,00-0033555,WR,Mack Hollins,Mack,Hollins,Ankle,,Out,Ankle,,Did Not Participate In Practice,2023-11-10 19:00:01,injury_reports_2023.csv,3.0,WR,ATL
2023,REG,BLT,10,00-0036550,WR,Rashod Bateman,Rashod,Bateman,,,,Back,,Full Participation in Practice,2023-11-10 20:59:17,injury_reports_2023.csv,0.0,WR,BAL
2023,REG,BLT,10,00-0031235,WR,Odell Beckham,Odell,Beckham,,,,Not injury related - resting player,Knee,Full Participation in Practice,2023-11-10 20:58:10,injury_reports_2023.csv,0.0,WR,BAL
2023,REG,BUF,10,00-0031588,WR,Stefon Diggs,Stefon,Diggs,,,,Back,,Limited Participation in Practice,2023-11-11 19:15:39,injury_reports_2023.csv,0.0,WR,BUF
2023,REG,CAR,10,00-0037005,TE,Tommy Tremble,Tommy,Tremble,,,,Shoulder,,Full Participation in Practice,2023-11-08 17:34:37,injury_reports_2023.csv,0.0,TE,CAR
2023,REG,CAR,10,00-0036268,WR,Laviska Shenault,Laviska,Shenault,Ankle,,Out,Ankle,,Did Not Participate In Practice,2023-11-08 17:36:04,injury_reports_2023.csv,3.0,WR,CAR
2023,REG,CAR,10,00-0036438,TE,Stephen Sullivan,Stephen,Sullivan,Shoulder,,Out,Shoulder,,Did Not Participate In Practice,2023-11-08 17:36:15,injury_reports_2023.csv,3.0,TE,CAR
2023,REG,CAR,10,00-0034777,WR,D.J. Chark,D.J.,Chark,Elbow,,Doubtful,Elbow,,Did Not Participate In Practice,2023-11-08 17:36:30,injury_reports_2023.csv,2.0,WR,CAR
2023,REG,CHI,10,00-0036290,TE,Cole Kmet,Cole,Kmet,,,,Knee,,Full Participation in Practice,2023-11-08 21:17:55,injury_reports_2023.csv,0.0,TE,CHI
2023,REG,CHI,10,00-0034279,WR,Equanimeous St. Brown,Equanimeous,St. Brown,Hamstring,,Questionable,Hamstring,,Full Participation in Practice,2023-11-08 21:18:16,injury_reports_2023.csv,1.0,WR,CHI
2023,REG,CIN,10,00-0036410,WR,Tee Higgins,Tee,Higgins,Hamstring,,Out,Hamstring,,Did Not Participate In Practice,2023-11-10 19:01:11,injury_reports_2023.csv,3.0,WR,CIN
2023,REG,CIN,10,00-0038576,WR,Charlie Jones,Charlie,Jones,Thumb,,Questionable,Thumb,,Full Participation in Practice,2023-11-10 19:02:23,injury_reports_2023.csv,1.0,WR,CIN
2023,REG,CIN,10,00-0036900,WR,Ja'Marr Chase,Ja'Marr,Chase,Back,,Questionable,Back,,Limited Participation in Practice,2023-11-10 19:01:59,injury_reports_2023.csv,1.0,WR,CIN
2023,REG,CLV,10,00-0031544,WR,Amari Cooper,Amari,Cooper,,,,Not injury related - resting player,Ankle,Full Participation in Practice,2023-11-10 20:45:52,injury_reports_2023.csv,0.0,WR,CLE
2023,REG,CLV,10,00-0033885,TE,David Njoku,David,Njoku,,,,Knee,,Full Participation in Practice,2023-11-10 20:46:04,injury_reports_2023.csv,0.0,TE,CLE
2023,REG,CLV,10,00-0037257,WR,David Bell,David,Bell,Knee,,Out,Knee,,Did Not Participate In Practice,2023-11-10 20:46:26,injury_reports_2023.csv,3.0,WR,CLE
2023,REG,CLV,10,00-0030068,WR,Marquise Goodwin,Marquise,Goodwin,Concussion,,Out,Concussion,,Did Not Participate In Practice,2023-11-10 20:46:47,injury_reports_2023.csv,3.0,WR,CLE
2023,REG,DAL,10,00-0037801,WR,Kavontae Turpin,Kavontae,Turpin,Shoulder,,Questionable,Shoulder,,Did Not Participate In Practice,2023-11-10 19:59:39,injury_reports_2023.csv,1.0,WR,DAL
2023,REG,DET,10,00-0036233,WR,Donovan Peoples-Jones,Donovan,Peoples-Jones,Ribs,,Questionable,Ribs,,Limited Participation in Practice,2023-11-10 21:51:55,injury_reports_2023.csv,1.0,WR,DET
2023,REG,GB,10,00-0038124,WR,Christian Watson,Christian,Watson,,,,Back,,Full Participation in Practice,2023-11-10 20:54:24,injury_reports_2023.csv,0.0,WR,GB
2023,REG,HST,10,00-0037614,WR,John Metchie,John,Metchie,,,,Ribs,,Full Participation in Practice,2023-11-10 20:54:16,injury_reports_2023.csv,0.0,WR,HOU
2023,REG,HST,10,00-0036554,WR,Nico Collins,Nico,Collins,Calf,,Out,Calf,,Did Not Participate In Practice,2023-11-10 20:58:33,injury_reports_2023.csv,3.0,WR,HOU
2023,REG,HST,10,00-0036556,TE,Brevin Jordan,Brevin,Jordan,Foot,,Out,Foot,,Did Not Participate In Practice,2023-11-10 20:59:22,injury_reports_2023.csv,3.0,TE,HOU
2023,REG,HST,10,00-0030431,WR,Robert Woods,Robert,Woods,Foot,,Questionable,Foot,,Full Participation in Practice,2023-11-10 20:57:10,injury_reports_2023.csv,1.0,WR,HOU
2023,REG,IND,10,00-0037292,TE,Andrew Ogletree,Andrew,Ogletree,Foot,,Out,Foot,,Did Not Participate In Practice,2023-11-10 19:20:11,injury_reports_2023.csv,3.0,TE,IND
2023,REG,IND,10,00-0038997,WR,Josh Downs,Josh,Downs,Knee,,Questionable,Knee,,Did Not Participate In Practice,2023-11-10 19:19:44,injury_reports_2023.csv,1.0,WR,IND
2023,REG,IND,10,00-0037664,WR,Alec Pierce,Alec,Pierce,Ankle,,Questionable,Ankle,,Full Participation in Practice,2023-11-10 19:19:44,injury_reports_2023.csv,1.0,WR,IND
2023,REG,JAX,10,00-0033891,WR,Zay Jones,Zay,Jones,Knee,,Out,Knee,,Limited Participation in Practice,2023-11-10 20:21:07,injury_reports_2023.csv,3.0,WR,JAX
2023,REG,LV,10,00-0031381,WR,Davante Adams,Davante,Adams,,,,Not injury related - resting player,,Did Not Participate In Practice,2023-11-10 21:40:48,injury_reports_2023.csv,0.0,WR,LV
2023,REG,LV,10,00-0032392,TE,Austin Hooper,Austin,Hooper,,,,Calf,,Full Participation in Practice,2023-11-10 21:40:00,injury_reports_2023.csv,0.0,TE,LV
2023,REG,MIN,10,00-0033246,TE,Johnny Mundt,Johnny,Mundt,,,,Knee,,Full Participation in Practice,2023-11-10 19:51:06,injury_reports_2023.csv,0.0,TE,MIN
2023,REG,MIN,10,00-0037291,WR,Jalen Nailor,Jalen,Nailor,,,,Hamstring,,Full Participation in Practice,2023-11-10 19:50:40,injury_reports_2023.csv,0.0,WR,MIN
2023,REG,MIN,10,00-0036345,WR,K.J. Osborn,K.J.,Osborn,Concussion,,Questionable,Concussion,,Full Participation in Practice,2023-11-10 19:54:13,injury_reports_2023.csv,1.0,WR,MIN
2023,REG,MIN,10,00-0035229,TE,T.J. Hockenson,T.J.,Hockenson,Ribs,,Questionable,Ribs,,Limited Participation in Practice,2023-11-10 19:54:13,injury_reports_2023.csv,1.0,TE,MIN
2023,REG,MIN,10,00-0036322,WR,Justin Jefferson,Justin,Jefferson,Hamstring,,Questionable,Hamstring,,Limited Participation in Practice,2023-11-10 19:54:13,injury_reports_2023.csv,1.0,WR,MIN
2023,REG,NE,10,00-0031547,WR,DeVante Parker,DeVante,Parker,Concussion,,Out,Concussion,,Did Not Participate In Practice,2023-11-10 16:56:39,injury_reports_2023.csv,3.0,WR,NE
2023,REG,NE,10,00-0038621,WR,Demario Douglas,Demario,Douglas,Ankle,,Questionable,Ankle,,Limited Participation in Practice,2023-11-10 16:55:41,injury_reports_2023.csv,1.0,WR,NE
2023,REG,NE,10,00-0026293,WR,Matt Slater,Matt,Slater,Ankle,,Questionable,Ankle,,Limited Participation in Practice,2023-11-10 16:55:41,injury_reports_2023.csv,1.0,WR,NE
2023,REG,NO,10,00-0027696,TE,Jimmy Graham,Jimmy,Graham,,,,Not injury related - resting player,,Limited Participation in Practice,2023-11-08 20:46:53,injury_reports_2023.csv,0.0,TE,NO
2023,REG,NYG,10,00-0035639,WR,Parris Campbell,Parris,Campbell,Hamstring,,Questionable,Hamstring,,Limited Participation in Practice,2023-11-10 19:08:04,injury_reports_2023.csv,1.0,WR,NYG
2023,REG,NYJ,10,00-0034521,WR,Allen Lazard,Allen,Lazard,,,,Knee,,Full Participation in Practice,2023-11-10 20:50:59,injury_reports_2023.csv,0.0,WR,NYJ
2023,REG,NYJ,10,00-0037805,TE,Jeremy Ruckert,Jeremy,Ruckert,,,,Shoulder,,Full Participation in Practice,2023-11-10 20:51:04,injury_reports_2023.csv,0.0,TE,NYJ
2023,REG,SEA,10,00-0033872,WR,Jamal Adams,Jamal,Adams,,,,Knee,,Full Participation in Practice,2023-11-10 22:14:48,injury_reports_2023.csv,0.0,WR,SEA
2023,REG,SEA,10,00-0035644,TE,Noah Fant,Noah,Fant,,,,Wrist,,Full Participation in Practice,2023-11-10 22:14:48,injury_reports_2023.csv,0.0,TE,SEA
2023,REG,SEA,10,00-0032211,WR,Tyler Lockett,Tyler,Lockett,,,,Hamstring,,Full Participation in Practice,2023-11-10 22:14:48,injury_reports_2023.csv,0.0,WR,SEA
2023,REG,SEA,10,00-0035640,WR,DK Metcalf,DK,Metcalf,,,,Hip,,Full Participation in Practice,2023-11-10 22:15:45,injury_reports_2023.csv,0.0,WR,SEA
2023,REG,SEA,10,00-0038543,WR,Jaxon Smith-Njigba,Jaxon,Smith-Njigba,,,,Hip,,Full Participation in Practice,2023-11-10 22:14:48,injury_reports_2023.csv,0.0,WR,SEA
2023,REG,SEA,10,00-0037093,WR,Dareke Young,Dareke,Young,,,,Groin,,Full Participation in Practice,2023-11-10 22:14:48,injury_reports_2023.csv,0.0,WR,SEA
2023,REG,SEA,10,00-0036244,TE,Colby Parkinson,Colby,Parkinson,Biceps,,Questionable,Biceps,,Full Participation in Practice,2023-11-10 20:50:59,injury_reports_2023.csv,1.0,TE,SEA
2023,REG,SF,10,00-0034407,WR,Ray-Ray McCloud,Ray-Ray,McCloud,,,,Illness,,Full Participation in Practice,2023-11-10 20:56:43,injury_reports_2023.csv,0.0,WR,SF
2023,REG,SF,10,00-0035719,WR,Deebo Samuel,Deebo,Samuel,,,,Shoulder,,Full Participation in Practice,2023-11-10 20:56:43,injury_reports_2023.csv,0.0,WR,SF
2023,REG,TB,10,00-0031408,WR,Mike Evans,Mike,Evans,,,,Not injury related - resting player,,Did Not Participate In Practice,2023-11-10 20:21:00,injury_reports_2023.csv,0.0,WR,TB
2023,REG,TB,10,00-0037487,WR,Deven Thompkins,Deven,Thompkins,,,,Not injury related - personal matter,,Full Participation in Practice,2023-11-10 20:19:29,injury_reports_2023.csv,0.0,WR,TB
2023,REG,TB,10,00-0039052,WR,Trey Palmer,Trey,Palmer,Neck,Illness,Questionable,Neck,Illness,Full Participation in Practice,2023-11-10 20:22:12,injury_reports_2023.csv,1.0,WR,TB
2023,REG,TEN,10,00-0030564,WR,DeAndre Hopkins,DeAndre,Hopkins,,,,Not injury related - resting player,,Full Participation in Practice,2023-11-10 19:57:54,injury_reports_2023.csv,0.0,WR,TEN
2023,REG,TEN,10,00-0037742,WR,Treylon Burks,Treylon,Burks,Concussion,,Out,Concussion,,Did Not Participate In Practice,2023-11-10 19:59:04,injury_reports_2023.csv,3.0,WR,TEN
2023,REG,WAS,10,00-0037741,WR,Jahan Dotson,Jahan,Dotson,,,,Not injury related - personal matter,,Did Not Participate In Practice,2023-11-08 20:06:57,injury_reports_2023.csv,0.0,WR,WAS
2023,REG,WAS,10,00-0033282,WR,Curtis Samuel,Curtis,Samuel,Toe,,Questionable,Toe,,Limited Participation in Practice,2023-11-10 18:13:55,injury_reports_2023.csv,1.0,WR,WAS
2023,REG,ARZ,11,00-0033251,WR,Zach Pascal,Zach,Pascal,Hamstring,,Out,Hamstring,,Did Not Participate In Practice,2023-11-17 20:45:59,injury_reports_2023.csv,3.0,WR,ARI
2023,REG,ARZ,11,00-0038559,WR,Michael Wilson,Michael,Wilson,Shoulder,,Questionable,Shoulder,,Limited Participation in Practice,2023-11-17 20:45:31,injury_reports_2023.csv,1.0,WR,ARI
2023,REG,BLT,11,00-0031235,WR,Odell Beckham,Odell,Beckham,,,,Not injury related - resting player,,Did Not Participate In Practice,2023-11-15 00:54:32,injury_reports_2023.csv,0.0,WR,BAL
2023,REG,BLT,11,00-0036331,WR,Devin Duvernay,Devin,Duvernay,Hamstring,,Questionable,Hamstring,,Did Not Participate In Practice,2023-11-15 19:32:55,injury_reports_2023.csv,1.0,WR,BAL
2023,REG,BUF,11,00-0034487,WR,Trent Sherfield,Trent,Sherfield,Ankle,,Questionable,Ankle,,Full Participation in Practice,2023-11-17 20:16:54,injury_reports_2023.csv,1.0,WR,BUF
2023,REG,CAR,11,00-0034777,WR,D.J. Chark,D.J.,Chark,,,,Elbow,,Full Participation in Practice,2023-11-17 18:31:45,injury_reports_2023.csv,0.0,WR,CAR
2023,REG,CAR,11,00-0034830,TE,Hayden Hurst,Hayden,Hurst,Concussion,,Out,Concussion,,Did Not Participate In Practice,2023-11-17 18:34:02,injury_reports_2023.csv,3.0,TE,CAR
2023,REG,CAR,11,00-0036268,WR,Laviska Shenault,Laviska,Shenault,Ankle,,Questionable,Ankle,,Full Participation in Practice,2023-11-17 18:35:09,injury_reports_2023.csv,1.0,WR,CAR
2023,REG,CAR,11,00-0036438,TE,Stephen Sullivan,Stephen,Sullivan,Shoulder,,Questionable,Shoulder,,Full Participation in Practice,2023-11-17 18:35:21,injury_reports_2023.csv,1.0,TE,CAR
2023,REG,CAR,11,00-0034365,TE,Ian Thomas,Ian,Thomas,Calf,,Questionable,Calf,,Full Participation in Practice,2023-11-17 18:35:33,injury_reports_2023.csv,1.0,TE,CAR
2023,REG,CHI,11,00-0024243,TE,Marcedes Lewis,Marcedes,Lewis,,,,Not injury related - resting player,,Did Not Participate In Practice,2023-11-16 19:49:15,injury_reports_2023.csv,0.0,TE,CHI
2023,REG,CIN,11,00-0036410,WR,Tee Higgins,Tee,Higgins,Hamstring,,Out,Hamstring,,Did Not Participate In Practice,2023-11-15 18:27:22,injury_reports_2023.csv,3.0,WR,CIN
2023,REG,CIN,11,00-0038619,WR,Andrei Iosivas,Andrei,Iosivas,Knee,,Out,Knee,,Did Not Participate In Practice,2023-11-15 18:27:44,injury_reports_2023.csv,3.0,WR,CIN
2023,REG,CIN,11,00-0038576,WR,Charlie Jones,Charlie,Jones,Thumb,,Questionable,Thumb,,Full Participation in Practice,2023-11-15 18:27:54,injury_reports_2023.csv,1.0,WR,CIN
2023,REG,CLV,11,00-0031544,WR,Amari Cooper,Amari,Cooper,,,,Not injury related - resting player,Ankle,Did Not Participate In Practice,2023-11-15 20:47:17,injury_reports_2023.csv,0.0,WR,CLE
2023,REG,CLV,11,00-0037257,WR,David Bell,David,Bell,,,,Knee,,Full Participation in Practice,2023-11-17 19:59:11,injury_reports_2023.csv,0.0,WR,CLE
2023,REG,CLV,11,00-0033885,TE,David Njoku,David,Njoku,,,,Not injury related - resting player,Knee,Full Participation in Practice,2023-11-17 19:59:35,injury_reports_2023.csv,0.0,TE,CLE
2023,REG,CLV,11,00-0030068,WR,Marquise Goodwin,Marquise,Goodwin,Concussion,,Out,Concussion,,Did Not Participate In Practice,2023-11-17 20:00:02,injury_reports_2023.csv,3.0,WR,CLE
2023,REG,DAL,11,00-0037569,TE,Peyton Hendershot,Peyton,Hendershot,,,,Ankle,,Full Participation in Practice,2023-11-17 19:27:10,injury_reports_2023.csv,0.0,TE,DAL
2023,REG,DAL,11,00-0037666,WR,Jalen Tolbert,Jalen,Tolbert,,,,Knee,,Full Participation in Practice,2023-11-17 19:27:10,injury_reports_2023.csv,0.0,WR,DAL
2023,REG,DAL,11,00-0037801,WR,Kavontae Turpin,Kavontae,Turpin,,,,Shoulder,,Full Participation in Practice,2023-11-17 19:27:10,injury_reports_2023.csv,0.0,WR,DAL
2023,REG,DEN,11,00-0036407,WR,Jerry Jeudy,Jerry,Jeudy,,,,Hip,,Full Participation in Practice,2023-11-17 22:02:14,injury_reports_2023.csv,0.0,WR,DEN
2023,REG,DEN,11,00-0038976,WR,Marvin Mims,Marvin,Mims,,,,Ankle,,Full Participation in Practice,2023-11-17 22:02:00,injury_reports_2023.csv,0.0,WR,DEN
2023,REG,DET,11,00-0036233,WR,Donovan Peoples-Jones,Donovan,Peoples-Jones,,,,Ribs,,Full Participation in Practice,2023-11-17 20:55:59,injury_reports_2023.csv,0.0,WR,DET
2023,REG,DET,11,00-0032464,WR,Kalif Raymond,Kalif,Raymond,,,,Ankle,,Full Participation in Practice,2023-11-17 20:55:59,injury_reports_2023.csv,0.0,WR,DET
2023,REG,GB,11,00-0038124,WR,Christian Watson,Christian,Watson,,,,Shoulder,,Limited Participation in Practice,2023-11-17 20:50:15,injury_reports_2023.csv,0.0,WR,GB
2023,REG,HST,11,00-0036554,WR,Nico Collins,Nico,Collins,,,,Calf,,Full Participation in Practice,2023-11-17 21:08:26,injury_reports_2023.csv,0.0,WR,HOU
2023,REG,HST,11,00-0036556,TE,Brevin Jordan,Brevin,Jordan,,,,Foot,,Full Participation in Practice,2023-11-17 21:05:02,injury_reports_2023.csv,0.0,TE,HOU
2023,REG,HST,11,00-0034383,TE,Dalton Schultz,Dalton,Schultz,,,,Hamstring,,Full Participation in Practice,2023-11-17 21:03:56,injury_reports_2023.csv,0.0,TE,HOU
2023,REG,HST,11,00-0030431,WR,Robert Woods,Robert,Woods,,,,Foot,,Full Participation in Practice,2023-11-17 21:03:56,injury_reports_2023.csv,0.0,WR,HOU
2023,REG,HST,11,00-0033591,WR,Noah Brown,Noah,Brown,Knee,,Questionable,Knee,,Did Not Participate In Practice,2023-11-17 21:08:34,injury_reports_2023.csv,1.0,WR,HOU
2023,REG,JAX,11,00-0033572,WR,Jamal Agnew,Jamal,Agnew,Shoulder,Ribs,Out,Shoulder,Ribs,Did Not Participate In Practice,2023-11-17 18:30:09,injury_reports_2023.csv,3.0,WR,JAX
2023,REG,JAX,11,00-0033891,WR,Zay Jones,Zay,Jones,Knee,,Questionable,Knee,,Limited Participation in Practice,2023-11-17 18:30:00,injury_reports_2023.csv,1.0,WR,JAX
2023,REG,JAX,11,00-0038606,WR,Parker Washington,Parker,Washington,Knee,,Questionable,Knee,,Limited Participation in Practice,2023-11-17 18:30:00,injury_reports_2023.csv,1.0,WR,JAX
2023,REG,KC,11,00-0036913,WR,Kadarius Toney,Kadarius,Toney,,,,Ankle,,Full Participation in Practice,2023-11-18 19:23:44,injury_reports_2023.csv,0.0,WR,KC
2023,REG,KC,11,00-0034386,WR,Justin Watson,Justin,Watson,,,,Elbow,,Full Participation in Practice,2023-11-18 19:23:44,injury_reports_2023.csv,0.0,WR,KC
2023,REG,KC,11,00-0034286,WR,Richie James,Richie,James,Knee,,Questionable,Knee,,Full Participation in Practice,2023-11-18 19:25:20,injury_reports_2023.csv,1.0,WR,KC
2023,REG,LA,11,00-0033908,WR,Cooper Kupp,Cooper,Kupp,,,,Not injury related - resting player,,Did Not Participate In Practice,2023-11-17 20:48:28,injury_reports_2023.csv,0.0,WR,LA
2023,REG,LA,11,00-0037004,TE,Hunter Long,Hunter,Long,,,,Hamstring,,Full Participation in Practice,2023-11-17 20:46:39,injury_reports_2023.csv,0.0,TE,LA
2023,REG,LA,11,00-0039075,WR,Puka Nacua,Puka,Nacua,,,,Knee,,Full Participation in Practice,2023-11-17 20:46:39,injury_reports_2023.csv,0.0,WR,LA
2023,REG,LAC,11,00-0035329,TE,Donald Parham,Donald,Parham,,,,Hip,,Full Participation in Practice,2023-11-17 21:12:38,injury_reports_2023.csv,0.0,TE,LAC
2023,REG,LAC,11,00-0033895,TE,Gerald Everett,Gerald,Everett,Chest,,Out,Chest,,Did Not Participate In Practice,2023-11-17 21:18:33,injury_reports_2023.csv,3.0,TE,LAC
2023,REG,LAC,11,00-0030279,WR,Keenan Allen,Keenan,Allen,Shoulder,,Questionable,Shoulder,,Full Participation in Practice,2023-11-17 21:18:27,injury_reports_2023.csv,1.0,WR,LAC
2023,REG,LAC,11,00-0035414,WR,Jalen Guyton,Jalen,Guyton,Groin,,Questionable,Groin,,Limited Participation in Practice,2023-11-17 21:18:27,injury_reports_2023.csv,1.0,WR,LAC
2023,REG,MIA,11,00-0036613,WR,Jaylen Waddle,Jaylen,Waddle,,,,Knee,,Full Participation in Practice,2023-11-15 21:35:24,injury_reports_2023.csv,0.0,WR,MIA
2023,REG,MIA,11,00-0033040,WR,Tyreek Hill,Tyreek,Hill,,,,Foot,,Limited Participation in Practice,2023-11-17 20:48:27,injury_reports_2023.csv,0.0,WR,MIA
2023,REG,MIA,11,00-0036326,WR,Chase Claypool,Chase,Claypool,Knee,,Out,Knee,,Did Not Participate In Practice,2023-11-17 20:47:44,injury_reports_2023.csv,3.0,WR,MIA
2023,REG,MIA,11,00-0034419,WR,Braxton Berrios,Braxton,Berrios,Hamstring,,Questionable,Hamstring,,Limited Participation in Practice,2023-11-17 20:49:25,injury_reports_2023.csv,1.0,WR,MIA
2023,REG,MIA,11,00-0034798,TE,Durham Smythe,Durham,Smythe,Ankle,,Questionable,Ankle,,Limited Participation in Practice,2023-11-17 20:50:13,injury_reports_2023.csv,1.0,TE,MIA
2023,REG,MIN,11,00-0035229,TE,T.J. Hockenson,T.J.,Hockenson,,,,Ribs,,Full Participation in Practice,2023-11-17 20:05:39,injury_reports_2023.csv,0.0,TE,MIN
2023,REG,MIN,11,00-0036345,WR,K.J. Osborn,K.J.,Osborn,,,,Concussion,,Full Participation in Practice,2023-11-17 20:05:10,injury_reports_2023.csv,0.0,WR,MIN
2023,REG,MIN,11,00-0036322,WR,Justin Jefferson,Justin,Jefferson,Hamstring,,Questionable,Hamstring,,Limited Participation in Practice,2023-11-17 20:06:50,injury_reports_2023.csv,1.0,WR,MIN
2023,REG,NYG,11,00-0038938,WR,Jalin Hyatt,Jalin,Hyatt,,,,Concussion,,Full Participation in Practice,2023-11-17 20:47:42,injury_reports_2023.csv,0.0,WR,NYG
2023,REG,NYG,11,00-0038117,WR,Wan'Dale Robinson,Wan'Dale,Robinson,,,,Knee,,Limited Participation in Practice,2023-11-17 20:45:37,injury_reports_2023.csv,0.0,WR,NYG
2023,REG,NYJ,11,00-0036510,TE,Kenny Yeboah,Kenny,Yeboah,Hamstring,,Out,Hamstring,,Full Participation in Practice,2023-11-17 19:52:02,injury_reports_2023.csv,3.0,TE,NYJ
2023,REG,NYJ,11,00-0037740,WR,Garrett Wilson,Garrett,Wilson,Elbow,,Questionable,Elbow,,Limited Participation in Practice,2023-11-17 19:51:22,injury_reports_2023.csv,1.0,WR,NYJ
2023,REG,PHI,11,00-0037086,TE,Grant Calcaterra,Grant,Calcaterra,,,,Concussion,,Full Participation in Practice,2023-11-18 20:42:36,injury_reports_2023.csv,0.0,TE,PHI
2023,REG,PHI,11,00-0034351,TE,Dallas Goedert,Dallas,Goedert,Forearm,,Out,Forearm,,Did Not Participate In Practice,2023-11-18 20:43:05,injury_reports_2023.csv,3.0,TE,PHI
2023,REG,PIT,11,00-0035216,WR,Diontae Johnson,Diontae,Johnson,,,,Thumb,,Full Participation in Practice,2023-11-17 20:00:44,injury_reports_2023.csv,0.0,WR,PIT
2023,REG,PIT,11,00-0036894,TE,Pat Freiermuth,Pat,Freiermuth,Hamstring,,Questionable,Hamstring,,Full Participation in Practice,2023-11-17 20:02:07,injury_reports_2023.csv,1.0,TE,PIT
2023,REG,SEA,11,00-0036244,TE,Colby Parkinson,Colby,Parkinson,,,,Biceps,,Full Participation in Practice,2023-11-17 22:25:21,injury_reports_2023.csv,0.0,TE,SEA
2023,REG,SEA,11,00-0037093,WR,Dareke Young,Dareke,Young,Abdomen,,Out,Abdomen,,Did Not Participate In Practice,2023-11-17 20:59:58,injury_reports_2023.csv,3.0,WR,SEA
2023,REG,SEA,11,00-0032211,WR,Tyler Lockett,Tyler,Lockett,Hamstring,,Questionable,Hamstring,,Did Not Participate In Practice,2023-11-17 21:01:04,injury_reports_2023.csv,1.0,WR,SEA
2023,REG,TB,11,00-0031408,WR,Mike Evans,Mike,Evans,,,,Quadricep,Not injury related - resting p,Did Not Participate In Practice,2023-11-17 20:50:46,injury_reports_2023.csv,0.0,WR,TB
2023,REG,TEN,11,00-0030564,WR,DeAndre Hopkins,DeAndre,Hopkins,,,,Not injury related - resting player,,Full Participation in Practice,2023-11-17 20:16:58,injury_reports_2023.csv,0.0,WR,TEN
2023,REG,TEN,11,00-0037742,WR,Treylon Burks,Treylon,Burks,Concussion,,Out,Concussion,,Did Not Participate In Practice,2023-11-17 20:17:51,injury_reports_2023.csv,3.0,WR,TEN
2023,REG,WAS,11,00-0033282,WR,Curtis Samuel,Curtis,Samuel,,,,Toe,,Full Participation in Practice,2023-11-17 18:29:26,injury_reports_2023.csv,0.0,WR,WAS
2023,REG,ARZ,12,00-0038559,WR,Michael Wilson,Michael,Wilson,Shoulder,,Out,Shoulder,,Did Not Participate In Practice,2023-11-24 20:56:16,injury_reports_2023.csv,3.0,WR,ARI
2023,REG,ARZ,12,00-0035662,WR,Marquise Brown,Marquise,Brown,Heel,,Questionable,Heel,,Did Not Participate In Practice,2023-11-24 20:55:44,injury_reports_2023.csv,1.0,WR,ARI
2023,REG,ARZ,12,00-0033251,WR,Zach Pascal,Zach,Pascal,Hamstring,,Questionable,Hamstring,,Limited Participation in Practice,2023-11-24 20:55:44,injury_reports_2023.csv,1.0,WR,ARI
2023,REG,ATL,12,00-0033555,WR,Mack Hollins,Mack,Hollins,Ankle,,Out,Ankle,,Did Not Participate In Practice,2023-11-24 18:24:43,injury_reports_2023.csv,3.0,WR,ATL
2023,REG,BLT,12,00-0036550,WR,Rashod Bateman,Rashod,Bateman,,,,Foot,,Full Participation in Practice,2023-11-24 21:21:56,injury_reports_2023.csv,0.0,WR,BAL
2023,REG,BLT,12,00-0036331,WR,Devin Duvernay,Devin,Duvernay,,,,Knee,,Full Participation in Practice,2023-11-24 21:21:56,injury_reports_2023.csv,0.0,WR,BAL
2023,REG,BLT,12,00-0034753,TE,Mark Andrews,Mark,Andrews,Ankle,,Out,Ankle,,Did Not Participate In Practice,2023-11-24 21:28:28,injury_reports_2023.csv,3.0,TE,BAL
2023,REG,BLT,12,00-0038046,TE,Charlie Kolar,Charlie,Kolar,Illness,,Questionable,Illness,,Did Not Participate In Practice,2023-11-24 21:25:20,injury_reports_2023.csv,1.0,TE,BAL
2023,REG,BLT,12,00-0031235,WR,Odell Beckham,Odell,Beckham,Shoulder,,Questionable,Shoulder,,Full Participation in Practice,2023-11-24 21:25:20,injury_reports_2023.csv,1.0,WR,BAL
2023,REG,BLT,12,00-0039064,WR,Zay Flowers,Zay,Flowers,Hip,,Questionable,Hip,,Full Participation in Practice,2023-11-24 21:25:20,injury_reports_2023.csv,1.0,WR,BAL
2023,REG,BUF,12,00-0034487,WR,Trent Sherfield,Trent,Sherfield,,,,Ankle,,Full Participation in Practice,2023-11-24 21:34:33,injury_reports_2023.csv,0.0,WR,BUF
2023,REG,CAR,12,00-0030035,WR,Adam Thielen,Adam,Thielen,,,,Not injury related - resting player,,Did Not Participate In Practice,2023-11-22 19:54:01,injury_reports_2023.csv,0.0,WR,CAR
2023,REG,CAR,12,00-0034830,TE,Hayden Hurst,Hayden,Hurst,Concussion,,Out,Concussion,,Did Not Participate In Practice,2023-11-24 17:55:00,injury_reports_2023.csv,3.0,TE,CAR
2023,REG,CHI,12,00-0024243,TE,Marcedes Lewis,Marcedes,Lewis,,,,Not injury related - resting player,,Did Not Participate In Practice,2023-11-24 19:52:11,injury_reports_2023.csv,0.0,TE,CHI
2023,REG,CIN,12,00-0038619,WR,Andrei Iosivas,Andrei,Iosivas,,,,Knee,,Full Participation in Practice,2023-11-24 19:12:12,injury_reports_2023.csv,0.0,WR,CIN
2023,REG,CIN,12,00-0035341,WR,Trenton Irwin,Trenton,Irwin,,,,Hip,,Full Participation in Practice,2023-11-24 19:12:12,injury_reports_2023.csv,0.0,WR,CIN
2023,REG,CIN,12,00-0036410,WR,Tee Higgins,Tee,Higgins,Hamstring,,Out,Hamstring,,Did Not Participate In Practice,2023-11-24 19:13:39,injury_reports_2023.csv,3.0,WR,CIN
2023,REG,CLV,12,00-0031544,WR,Amari Cooper,Amari,Cooper,,,,Not injury related - resting player,,Did Not Participate In Practice,2023-11-22 22:26:44,injury_reports_2023.csv,0.0,WR,CLE
2023,REG,CLV,12,00-0033885,TE,David Njoku,David,Njoku,,,,Not injury related - resting player,Knee,Full Participation in Practice,2023-11-24 20:14:07,injury_reports_2023.csv,0.0,TE,CLE
2023,REG,CLV,12,00-0030068,WR,Marquise Goodwin,Marquise,Goodwin,Concussion,,Out,Concussion,,Did Not Participate In Practice,2023-11-24 20:15:26,injury_reports_2023.csv,3.0,WR,CLE
2023,REG,DAL,12,00-0034764,WR,Michael Gallup,Michael,Gallup,,,,Not injury related - personal matter,,Did Not Participate In Practice,2023-11-21 20:44:04,injury_reports_2023.csv,0.0,WR,DAL
2023,REG,DAL,12,00-0037569,TE,Peyton Hendershot,Peyton,Hendershot,,,,Ankle,,Full Participation in Practice,2023-11-22 17:18:33,injury_reports_2023.csv,0.0,TE,DAL
2023,REG,DAL,12,00-0036358,WR,CeeDee Lamb,CeeDee,Lamb,,,,Ankle,,Full Participation in Practice,2023-11-22 17:18:33,injury_reports_2023.csv,0.0,WR,DAL
2023,REG,DAL,12,00-0037801,WR,Kavontae Turpin,Kavontae,Turpin,,,,Shoulder,,Full Participation in Practice,2023-11-22 17:18:33,injury_reports_2023.csv,0.0,WR,DAL
2023,REG,GB,12,00-0039144,TE,Luke Musgrave,Luke,Musgrave,,,,Abdomen,,Did Not Participate In Practice,2023-11-21 20:47:48,injury_reports_2023.csv,0.0,TE,GB
2023,REG,GB,12,00-0039146,WR,Jayden Reed,Jayden,Reed,,,,Chest,,Full Participation in Practice,2023-11-22 21:23:31,injury_reports_2023.csv,0.0,WR,GB
2023,REG,GB,12,00-0038124,WR,Christian Watson,Christian,Watson,,,,Shoulder,,Full Participation in Practice,2023-11-22 21:20:42,injury_reports_2023.csv,0.0,WR,GB
2023,REG,GB,12,00-0036332,TE,Josiah Deguara,Josiah,Deguara,Hip,,Doubtful,Hip,,Did Not Participate In Practice,2023-11-22 21:32:58,injury_reports_2023.csv,2.0,TE,GB
2023,REG,GB,12,00-0038393,WR,Dontayvion Wicks,Dontayvion,Wicks,Concussion,Knee,Questionable,Concussion,Knee,Limited Participation in Practice,2023-11-22 21:24:58,injury_reports_2023.csv,1.0,WR,GB
2023,REG,HST,12,00-0030431,WR,Robert Woods,Robert,Woods,,,,Not injury related - resting player,,Did Not Participate In Practice,2023-11-22 21:09:26,injury_reports_2023.csv,0.0,WR,HOU
2023,REG,HST,12,00-0033591,WR,Noah Brown,Noah,Brown,Knee,,Out,Knee,,Did Not Participate In Practice,2023-11-24 20:22:30,injury_reports_2023.csv,3.0,WR,HOU
2023,REG,IND,12,00-0037292,TE,Andrew Ogletree,Andrew,Ogletree,Foot,,Out,Foot,,Did Not Participate In Practice,2023-11-24 20:16:05,injury_reports_2023.csv,3.0,TE,IND
2023,REG,JAX,12,00-0033891,WR,Zay Jones,Zay,Jones,Knee,,Questionable,Knee,,Limited Participation in Practice,2023-11-24 20:16:57,injury_reports_2023.csv,1.0,WR,JAX
2023,REG,KC,12,00-0035140,WR,Mecole Hardman,Mecole,Hardman,Thumb,,Out,Thumb,,Did Not Participate In Practice,2023-11-24 19:43:21,injury_reports_2023.csv,3.0,WR,KC
2023,REG,KC,12,00-0036913,WR,Kadarius Toney,Kadarius,Toney,Ankle,Hip,Out,Knee,,Full Participation in Practice,2023-11-25 21:28:44,injury_reports_2023.csv,3.0,WR,KC
2023,REG,LA,12,00-0033908,WR,Cooper Kupp,Cooper,Kupp,,,,Ankle,,Full Participation in Practice,2023-11-24 21:49:15,injury_reports_2023.csv,0.0,WR,LA
2023,REG,LA,12,00-0039075,WR,Puka Nacua,Puka,Nacua,,,,Shoulder,,Full Participation in Practice,2023-11-24 21:47:26,injury_reports_2023.csv,0.0,WR,LA
2023,REG,LA,12,00-0036862,WR,Ben Skowronek,Ben,Skowronek,Hip,,Questionable,Hip,,Limited Participation in Practice,2023-11-24 21:53:49,injury_reports_2023.csv,1.0,WR,LA
2023,REG,LAC,12,00-0030279,WR,Keenan Allen,Keenan,Allen,,,,Shoulder,,Full Participation in Practice,2023-11-24 21:13:55,injury_reports_2023.csv,0.0,WR,LAC
2023,REG,LAC,12,00-0035329,TE,Donald Parham,Donald,Parham,,,,Hip,,Full Participation in Practice,2023-11-24 21:13:55,injury_reports_2023.csv,0.0,TE,LAC
2023,REG,LAC,12,00-0032394,TE,Nick Vannett,Nick,Vannett,Concussion,,Out,Concussion,,Did Not Participate In Practice,2023-11-24 21:14:20,injury_reports_2023.csv,3.0,TE,LAC
2023,REG,LAC,12,00-0033895,TE,Gerald Everett,Gerald,Everett,Chest,,Questionable,Chest,,Full Participation in Practice,2023-11-24 21:14:07,injury_reports_2023.csv,1.0,TE,LAC
2023,REG,LAC,12,00-0035414,WR,Jalen Guyton,Jalen,Guyton,Groin,,Questionable,Groin,,Limited Participation in Practice,2023-11-24 21:14:07,injury_reports_2023.csv,1.0,WR,LAC
2023,REG,MIA,12,00-0034419,WR,Braxton Berrios,Braxton,Berrios,,,,Hamstring,,Full Participation in Practice,2023-11-23 16:47:27,injury_reports_2023.csv,0.0,WR,MIA
2023,REG,MIA,12,00-0033040,WR,Tyreek Hill,Tyreek,Hill,,,,Hand,,Limited Participation in Practice,2023-11-23 16:47:27,injury_reports_2023.csv,0.0,WR,MIA
2023,REG,MIA,12,00-0036326,WR,Chase Claypool,Chase,Claypool,Knee,,Questionable,Knee,,Limited Participation in Practice,2023-11-23 16:47:32,injury_reports_2023.csv,1.0,WR,MIA
2023,REG,MIA,12,00-0034798,TE,Durham Smythe,Durham,Smythe,Ankle,,Questionable,Ankle,,Limited Participation in Practice,2023-11-23 16:47:32,injury_reports_2023.csv,1.0,TE,MIA
2023,REG,MIN,12,00-0035229,TE,T.J. Hockenson,T.J.,Hockenson,,,,Ribs,,Full Participation in Practice,2023-11-25 20:58:43,injury_reports_2023.csv,0.0,TE,MIN
2023,REG,MIN,12,00-0036322,WR,Justin Jefferson,Justin,Jefferson,Hamstring,,Questionable,Hamstring,,Limited Participation in Practice,2023-11-25 20:59:20,injury_reports_2023.csv,1.0,WR,MIN
2023,REG,NE,12,00-0031547,WR,DeVante Parker,DeVante,Parker,Concussion,,Questionable,Concussion,,Limited Participation in Practice,2023-11-24 20:39:18,injury_reports_2023.csv,1.0,WR,NE
2023,REG,NE,12,00-0026293,WR,Matt Slater,Matt,Slater,Ankle,,Questionable,Ankle,,Limited Participation in Practice,2023-11-24 20:39:18,injury_reports_2023.csv,1.0,WR,NE
2023,REG,NO,12,00-0027696,TE,Jimmy Graham,Jimmy,Graham,,,,Not injury related - resting player,,Did Not Participate In Practice,2023-11-22 20:51:06,injury_reports_2023.csv,0.0,TE,NO
2023,REG,NYG,12,00-0032385,WR,Sterling Shepard,Sterling,Shepard,,,,Hip,,Full Participation in Practice,2023-11-24 20:48:33,injury_reports_2023.csv,0.0,WR,NYG
2023,REG,NYG,12,00-0035535,WR,Darius Slayton,Darius,Slayton,Neck,,Doubtful,Neck,,Limited Participation in Practice,2023-11-24 20:51:57,injury_reports_2023.csv,2.0,WR,NYG
2023,REG,NYJ,12,00-0037805,TE,Jeremy Ruckert,Jeremy,Ruckert,,,,Shoulder,,Full Participation in Practice,2023-11-23 19:09:41,injury_reports_2023.csv,0.0,TE,NYJ
2023,REG,NYJ,12,00-0037740,WR,Garrett Wilson,Garrett,Wilson,,,,Elbow,,Full Participation in Practice,2023-11-23 19:09:41,injury_reports_2023.csv,0.0,WR,NYJ
2023,REG,NYJ,12,00-0036510,TE,Kenny Yeboah,Kenny,Yeboah,Hamstring,,Questionable,Hamstring,,Full Participation in Practice,2023-11-23 19:10:32,injury_reports_2023.csv,1.0,TE,NYJ
2023,REG,PHI,12,00-0036912,WR,DeVonta Smith,DeVonta,Smith,,,,Knee,,Did Not Participate In Practice,2023-11-24 20:43:03,injury_reports_2023.csv,0.0,WR,PHI
2023,REG,PHI,12,00-0035676,WR,A.J. Brown,A.J.,Brown,,,,Thigh,,Full Participation in Practice,2023-11-24 20:43:22,injury_reports_2023.csv,0.0,WR,PHI
2023,REG,PHI,12,00-0027944,WR,Julio Jones,Julio,Jones,,,,Knee,,Full Participation in Practice,2023-11-24 20:42:48,injury_reports_2023.csv,0.0,WR,PHI
2023,REG,PHI,12,00-0037086,TE,Grant Calcaterra,Grant,Calcaterra,Ankle,,Out,Ankle,,Did Not Participate In Practice,2023-11-24 20:43:55,injury_reports_2023.csv,3.0,TE,PHI
2023,REG,PHI,12,00-0034351,TE,Dallas Goedert,Dallas,Goedert,Forearm,,Out,Forearm,,Did Not Participate In Practice,2023-11-24 20:44:07,injury_reports_2023.csv,3.0,TE,PHI
2023,REG,PHI,12,00-0036271,WR,Quez Watkins,Quez,Watkins,Hamstring,,Questionable,Hamstring,,Limited Participation in Practice,2023-11-24 20:43:48,injury_reports_2023.csv,1.0,WR,PHI
2023,REG,PIT,12,00-0037247,WR,George Pickens,George,Pickens,,,,Shin,,Full Participation in Practice,2023-11-24 19:00:39,injury_reports_2023.csv,0.0,WR,PIT
2023,REG,SEA,12,00-0038752,WR,Jake Bobo,Jake,Bobo,,,,Shoulder,,Full Participation in Practice,2023-11-22 21:20:27,injury_reports_2023.csv,0.0,WR,SEA
2023,REG,SEA,12,00-0032211,WR,Tyler Lockett,Tyler,Lockett,,,,Hamstring,,Full Participation in Practice,2023-11-22 21:20:27,injury_reports_2023.csv,0.0,WR,SEA
2023,REG,SEA,12,00-0035640,WR,DK Metcalf,DK,Metcalf,,,,Toe,,Full Participation in Practice,2023-11-22 21:20:37,injury_reports_2023.csv,0.0,WR,SEA
2023,REG,SEA,12,00-0036244,TE,Colby Parkinson,Colby,Parkinson,,,,Biceps,,Full Participation in Practice,2023-11-22 21:20:27,injury_reports_2023.csv,0.0,TE,SEA
2023,REG,SEA,12,00-0037093,WR,Dareke Young,Dareke,Young,Abdomen,,Doubtful,Abdomen,,Did Not Participate In Practice,2023-11-22 20:42:31,injury_reports_2023.csv,2.0,WR,SEA
2023,REG,SF,12,00-0034407,WR,Ray-Ray McCloud,Ray-Ray,McCloud,,,,Rib,,Full Participation in Practice,2023-11-22 20:43:07,injury_reports_2023.csv,0.0,WR,SF
2023,REG,TB,12,00-0033921,WR,Chris Godwin,Chris,Godwin,,,,Knee,Elbow,Limited Participation in Practice,2023-11-24 19:03:50,injury_reports_2023.csv,0.0,WR,TB
2023,REG,TEN,12,00-0030564,WR,DeAndre Hopkins,DeAndre,Hopkins,,,,Not injury related - resting player,,Full Participation in Practice,2023-11-24 20:12:37,injury_reports_2023.csv,0.0,WR,TEN
2023,REG,TEN,12,00-0037742,WR,Treylon Burks,Treylon,Burks,Concussion,,Out,Concussion,,Did Not Participate In Practice,2023-11-24 20:13:33,injury_reports_2023.csv,3.0,WR,TEN
2023,REG,WAS,12,00-0033282,WR,Curtis Samuel,Curtis,Samuel,,,,Toe,,Full Participation in Practice,2023-11-22 16:21:10,injury_reports_2023.csv,0.0,WR,WAS
2023,REG,ARZ,13,00-0038559,WR,Michael Wilson,Michael,Wilson,Shoulder,,Out,Shoulder,,Did Not Participate In Practice,2023-12-01 19:24:54,injury_reports_2023.csv,3.0,WR,ARI
2023,REG,ARZ,13,00-0035662,WR,Marquise Brown,Marquise,Brown,Heel,,Questionable,Heel,,Did Not Participate In Practice,2023-12-01 19:24:24,injury_reports_2023.csv,1.0,WR,ARI
2023,REG,ARZ,13,00-0033251,WR,Zach Pascal,Zach,Pascal,Not injury related - personal matter,,Questionable,Not injury related - personal matter,,Did Not Participate In Practice,2023-12-01 19:24:24,injury_reports_2023.csv,1.0,WR,ARI
2023,REG,ARZ,13,00-0037744,TE,Trey McBride,Trey,McBride,Groin,,Questionable,Groin,,Limited Participation in Practice,2023-12-01 19:24:24,injury_reports_2023.csv,1.0,TE,ARI
2023,REG,ATL,13,00-0033555,WR,Mack Hollins,Mack,Hollins,Ankle,,Questionable,Ankle,,Limited Participation in Practice,2023-12-01 19:33:45,injury_reports_2023.csv,1.0,WR,ATL
2023,REG,CAR,13,00-0036268,WR,Laviska Shenault,Laviska,Shenault,,,,Ankle,,Did Not Participate In Practice,2023-11-29 20:02:37,injury_reports_2023.csv,0.0,WR,CAR
2023,REG,CAR,13,00-0030035,WR,Adam Thielen,Adam,Thielen,,,,Not injury related - resting player,,Did Not Participate In Practice,2023-11-29 20:02:46,injury_reports_2023.csv,0.0,WR,CAR
2023,REG,CAR,13,00-0039062,WR,Jonathan Mingo,Jonathan,Mingo,,,,Achilles,,Full Participation in Practice,2023-12-01 17:49:57,injury_reports_2023.csv,0.0,WR,CAR
2023,REG,CAR,13,00-0034830,TE,Hayden Hurst,Hayden,Hurst,Concussion,,Out,Concussion,,Did Not Participate In Practice,2023-12-01 17:51:31,injury_reports_2023.csv,3.0,TE,CAR
2023,REG,CAR,13,00-0037005,TE,Tommy Tremble,Tommy,Tremble,Hip,,Doubtful,Hip,,Did Not Participate In Practice,2023-12-01 17:51:47,injury_reports_2023.csv,2.0,TE,CAR
2023,REG,CIN,13,00-0036410,WR,Tee Higgins,Tee,Higgins,,,,Hamstring,Ankle,Full Participation in Practice,2023-12-02 19:23:55,injury_reports_2023.csv,0.0,WR,CIN
2023,REG,CIN,13,00-0034613,TE,Tanner Hudson,Tanner,Hudson,,,,Finger,Ankle,Full Participation in Practice,2023-12-02 19:24:25,injury_reports_2023.csv,0.0,TE,CIN
2023,REG,CIN,13,00-0035631,TE,Drew Sample,Drew,Sample,,,,Foot,,Full Participation in Practice,2023-12-02 19:23:55,injury_reports_2023.csv,0.0,TE,CIN
2023,REG,CLV,13,00-0033885,TE,David Njoku,David,Njoku,,,,Not injury related - resting player,Knee,Full Participation in Practice,2023-12-01 22:55:18,injury_reports_2023.csv,0.0,TE,CLE
2023,REG,CLV,13,00-0031544,WR,Amari Cooper,Amari,Cooper,,,,Not injury related - resting player,Ribs,Limited Participation in Practice,2023-12-01 22:55:18,injury_reports_2023.csv,0.0,WR,CLE
2023,REG,CLV,13,00-0030068,WR,Marquise Goodwin,Marquise,Goodwin,Concussion,,Out,Concussion,,Did Not Participate In Practice,2023-12-01 21:33:07,injury_reports_2023.csv,3.0,WR,CLE
2023,REG,DAL,13,00-0037569,TE,Peyton Hendershot,Peyton,Hendershot,Ankle,,Questionable,Ankle,,Full Participation in Practice,2023-11-29 22:55:17,injury_reports_2023.csv,1.0,TE,DAL
2023,REG,DEN,13,00-0036407,WR,Jerry Jeudy,Jerry,Jeudy,,,,Groin,,Full Participation in Practice,2023-12-01 21:11:44,injury_reports_2023.csv,0.0,WR,DEN
2023,REG,DEN,13,00-0037382,WR,Brandon Johnson,Brandon,Johnson,,,,Hamstring,,Full Participation in Practice,2023-11-29 22:09:47,injury_reports_2023.csv,0.0,WR,DEN
2023,REG,DEN,13,00-0031484,TE,Chris Manhertz,Chris,Manhertz,,,,Not injury related - resting player,,Full Participation in Practice,2023-12-01 21:11:57,injury_reports_2023.csv,0.0,TE,DEN
2023,REG,DEN,13,00-0038976,WR,Marvin Mims,Marvin,Mims,,,,Hamstring,,Full Participation in Practice,2023-12-01 21:12:12,injury_reports_2023.csv,0.0,WR,DEN
2023,REG,GB,13,00-0036332,TE,Josiah Deguara,Josiah,Deguara,Hip,,Questionable,Hip,,Limited Participation in Practice,2023-12-01 20:20:35,injury_reports_2023.csv,1.0,TE,GB
2023,REG,GB,13,00-0039146,WR,Jayden Reed,Jayden,Reed,Chest,,Questionable,Chest,,Limited Participation in Practice,2023-12-01 20:20:35,injury_reports_2023.csv,1.0,WR,GB
2023,REG,GB,13,00-0038393,WR,Dontayvion Wicks,Dontayvion,Wicks,Knee,,Questionable,Knee,,Limited Participation in Practice,2023-12-01 20:20:35,injury_reports_2023.csv,1.0,WR,GB
2023,REG,HST,13,00-0030431,WR,Robert Woods,Robert,Woods,,,,Not injury related - resting player,,Did Not Participate In Practice,2023-11-29 21:22:27,injury_reports_2023.csv,0.0,WR,HOU
2023,REG,HST,13,00-0034383,TE,Dalton Schultz,Dalton,Schultz,Hamstring,,Out,Hamstring,,Did Not Participate In Practice,2023-12-01 21:37:58,injury_reports_2023.csv,3.0,TE,HOU
2023,REG,HST,13,00-0033591,WR,Noah Brown,Noah,Brown,Knee,,Questionable,Knee,,Did Not Participate In Practice,2023-12-01 21:37:34,injury_reports_2023.csv,1.0,WR,HOU
2023,REG,HST,13,00-0038977,WR,Tank Dell,Tank,Dell,Calf,,Questionable,Calf,,Limited Participation in Practice,2023-12-01 21:37:34,injury_reports_2023.csv,1.0,WR,HOU
2023,REG,IND,13,00-0033466,WR,Isaiah McKenzie,Isaiah,McKenzie,,,,Toe,,Full Participation in Practice,2023-12-01 20:24:26,injury_reports_2023.csv,0.0,WR,IND
2023,REG,IND,13,00-0037292,TE,Andrew Ogletree,Andrew,Ogletree,,,,Foot,,Full Participation in Practice,2023-12-01 20:24:26,injury_reports_2023.csv,0.0,TE,IND
2023,REG,JAX,13,00-0038935,TE,Brenton Strange,Brenton,Strange,Foot,,Questionable,Foot,,Did Not Participate In Practice,2023-12-02 19:35:49,injury_reports_2023.csv,1.0,TE,JAX
2023,REG,JAX,13,00-0036887,TE,Luke Farrell,Luke,Farrell,Toe,,Questionable,Toe,,Limited Participation in Practice,2023-12-02 19:35:49,injury_reports_2023.csv,1.0,TE,JAX
2023,REG,KC,13,00-0038090,WR,Skyy Moore,Skyy,Moore,,,,Knee,,Full Participation in Practice,2023-12-01 19:40:03,injury_reports_2023.csv,0.0,WR,KC
2023,REG,KC,13,00-0039067,WR,Rashee Rice,Rashee,Rice,,,,Foot,,Full Participation in Practice,2023-12-01 19:40:03,injury_reports_2023.csv,0.0,WR,KC
2023,REG,KC,13,00-0036913,WR,Kadarius Toney,Kadarius,Toney,,,,Ankle,Hip,Full Participation in Practice,2023-12-01 19:40:03,injury_reports_2023.csv,0.0,WR,KC
2023,REG,LA,13,00-0033908,WR,Cooper Kupp,Cooper,Kupp,,,,Ankle,,Full Participation in Practice,2023-12-01 20:38:37,injury_reports_2023.csv,0.0,WR,LA
2023,REG,LA,13,00-0036862,WR,Ben Skowronek,Ben,Skowronek,,,,Hip,,Full Participation in Practice,2023-12-01 20:38:37,injury_reports_2023.csv,0.0,WR,LA
2023,REG,LAC,13,00-0033895,TE,Gerald Everett,Gerald,Everett,,,,Shoulder,,Full Participation in Practice,2023-12-01 22:14:09,injury_reports_2023.csv,0.0,TE,LAC
2023,REG,LAC,13,00-0038544,WR,Quentin Johnston,Quentin,Johnston,,,,Ribs,Finger,Full Participation in Practice,2023-12-01 22:14:09,injury_reports_2023.csv,0.0,WR,LAC
2023,REG,LAC,13,00-0032394,TE,Nick Vannett,Nick,Vannett,Concussion,,Out,Concussion,,Did Not Participate In Practice,2023-12-01 22:14:53,injury_reports_2023.csv,3.0,TE,LAC
2023,REG,LAC,13,00-0030279,WR,Keenan Allen,Keenan,Allen,Quadricep,,Questionable,Quadricep,,Limited Participation in Practice,2023-12-01 22:14:30,injury_reports_2023.csv,1.0,WR,LAC
2023,REG,MIA,13,00-0036326,WR,Chase Claypool,Chase,Claypool,,,,Knee,,Full Participation in Practice,2023-12-01 20:25:37,injury_reports_2023.csv,0.0,WR,MIA
2023,REG,MIA,13,00-0033040,WR,Tyreek Hill,Tyreek,Hill,,,,Ankle,,Limited Participation in Practice,2023-12-01 20:17:58,injury_reports_2023.csv,0.0,WR,MIA
2023,REG,MIA,13,00-0034798,TE,Durham Smythe,Durham,Smythe,,,,Ankle,,Limited Participation in Practice,2023-12-01 20:17:58,injury_reports_2023.csv,0.0,TE,MIA
2023,REG,NE,13,00-0032200,WR,Ty Montgomery,Ty,Montgomery,,,,Illness,,Full Participation in Practice,2023-11-30 21:18:59,injury_reports_2023.csv,0.0,WR,NE
2023,REG,NE,13,00-0026293,WR,Matt Slater,Matt,Slater,,,,Ankle,,Full Participation in Practice,2023-12-01 20:33:37,injury_reports_2023.csv,0.0,WR,NE
2023,REG,NE,13,00-0038608,WR,Kayshon Boutte,Kayshon,Boutte,Shoulder,Illness,Out,Shoulder,Illness,Did Not Participate In Practice,2023-12-01 20:35:35,injury_reports_2023.csv,3.0,WR,NE
2023,REG,NE,13,00-0038621,WR,Demario Douglas,Demario,Douglas,Concussion,,Out,Concussion,,Did Not Participate In Practice,2023-12-01 20:35:44,injury_reports_2023.csv,3.0,WR,NE
2023,REG,NO,13,00-0027696,TE,Jimmy Graham,Jimmy,Graham,,,,Not injury related - resting player,,Limited Participation in Practice,2023-11-29 20:55:38,injury_reports_2023.csv,0.0,TE,NO
2023,REG,NO,13,00-0037545,WR,Rashid Shaheed,Rashid,Shaheed,Thigh,,Out,Thigh,,Did Not Participate In Practice,2023-12-01 20:16:15,injury_reports_2023.csv,3.0,WR,NO
2023,REG,NO,13,00-0037239,WR,Chris Olave,Chris,Olave,Concussion,,Questionable,Concussion,,Full Participation in Practice,2023-12-01 20:15:51,injury_reports_2023.csv,1.0,WR,NO
2023,REG,NYJ,13,00-0036510,TE,Kenny Yeboah,Kenny,Yeboah,Hamstring,,Questionable,Hamstring,,Full Participation in Practice,2023-12-01 20:05:48,injury_reports_2023.csv,1.0,TE,NYJ
2023,REG,PHI,13,00-0035676,WR,A.J. Brown,A.J.,Brown,,,,Thigh,,Full Participation in Practice,2023-12-01 20:50:39,injury_reports_2023.csv,0.0,WR,PHI
2023,REG,PHI,13,00-0036912,WR,DeVonta Smith,DeVonta,Smith,,,,Knee,,Full Participation in Practice,2023-12-01 20:50:31,injury_reports_2023.csv,0.0,WR,PHI
2023,REG,PHI,13,00-0027944,WR,Julio Jones,Julio,Jones,,,,Knee,,Limited Participation in Practice,2023-12-01 20:50:31,injury_reports_2023.csv,0.0,WR,PHI
2023,REG,PHI,13,00-0034351,TE,Dallas Goedert,Dallas,Goedert,Forearm,,Doubtful,Forearm,,Limited Participation in Practice,2023-12-01 20:51:54,injury_reports_2023.csv,2.0,TE,PHI
2023,REG,PHI,13,00-0037086,TE,Grant Calcaterra,Grant,Calcaterra,Ankle,,Questionable,Ankle,,Limited Participation in Practice,2023-12-01 20:51:23,injury_reports_2023.csv,1.0,TE,PHI
2023,REG,PIT,13,00-0037837,WR,Calvin Austin,Calvin,Austin,,,,Ankle,,Full Participation in Practice,2023-12-01 19:56:54,injury_reports_2023.csv,0.0,WR,PIT
2023,REG,PIT,13,00-0035216,WR,Diontae Johnson,Diontae,Johnson,,,,Illness,,Full Participation in Practice,2023-12-01 19:57:07,injury_reports_2023.csv,0.0,WR,PIT
2023,REG,PIT,13,00-0031428,WR,Allen Robinson,Allen,Robinson,,,,Not injury related - resting player,Foot,Full Participation in Practice,2023-12-01 19:56:44,injury_reports_2023.csv,0.0,WR,PIT
2023,REG,SEA,13,00-0038752,WR,Jake Bobo,Jake,Bobo,,,,Shoulder,,Full Participation in Practice,2023-11-29 21:02:56,injury_reports_2023.csv,0.0,WR,SEA
2023,REG,SEA,13,00-0037093,WR,Dareke Young,Dareke,Young,Abdomen,,Doubtful,Abdomen,,Limited Participation in Practice,2023-11-29 20:41:36,injury_reports_2023.csv,2.0,WR,SEA
2023,REG,SEA,13,00-0036620,WR,D'Wayne Eskridge,D'Wayne,Eskridge,Ribs,,Questionable,Ribs,,Did Not Participate In Practice,2023-11-29 20:42:49,injury_reports_2023.csv,1.0,WR,SEA
2023,REG,SEA,13,00-0034159,TE,Will Dissly,Will,Dissly,Hip,,Questionable,Hip,,Full Participation in Practice,2023-11-29 20:42:30,injury_reports_2023.csv,1.0,TE,SEA
2023,REG,SF,13,00-0034407,WR,Ray-Ray McCloud,Ray-Ray,McCloud,Rib,,Questionable,Rib,,Limited Participation in Practice,2023-12-01 20:46:21,injury_reports_2023.csv,1.0,WR,SF
2023,REG,TB,13,00-0033921,WR,Chris Godwin,Chris,Godwin,Neck,,Questionable,Neck,,Did Not Participate In Practice,2023-12-01 21:21:44,injury_reports_2023.csv,1.0,WR,TB
2023,REG,TEN,13,00-0030564,WR,DeAndre Hopkins,DeAndre,Hopkins,,,,Not injury related - resting player,,Full Participation in Practice,2023-12-01 20:15:54,injury_reports_2023.csv,0.0,WR,TEN
2023,REG,TEN,13,00-0037742,WR,Treylon Burks,Treylon,Burks,Concussion,,Questionable,Concussion,,Full Participation in Practice,2023-12-01 20:16:36,injury_reports_2023.csv,1.0,WR,TEN
2023,REG,ATL,14,00-0033555,WR,Mack Hollins,Mack,Hollins,Ankle,,Questionable,Ankle,,Full Participation in Practice,2023-12-08 19:05:10,injury_reports_2023.csv,1.0,WR,ATL
2023,REG,BLT,14,00-0031235,WR,Odell Beckham,Odell,Beckham,,,,Not injury related - resting player,,Did Not Participate In Practice,2023-12-08 20:45:19,injury_reports_2023.csv,0.0,WR,BAL
2023,REG,BLT,14,00-0036550,WR,Rashod Bateman,Rashod,Bateman,,,,Illness,,Full Participation in Practice,2023-12-08 20:44:58,injury_reports_2023.csv,0.0,WR,BAL
2023,REG,BUF,14,00-0038933,TE,Dalton Kincaid,Dalton,Kincaid,,,,Thumb,,Full Participation in Practice,2023-12-08 19:06:49,injury_reports_2023.csv,0.0,TE,BUF
2023,REG,BUF,14,00-0035689,TE,Dawson Knox,Dawson,Knox,Wrist,,Questionable,Wrist,,Full Participation in Practice,2023-12-08 19:06:59,injury_reports_2023.csv,1.0,TE,BUF
2023,REG,CAR,14,00-0030035,WR,Adam Thielen,Adam,Thielen,,,,Not injury related - resting player,,Did Not Participate In Practice,2023-12-06 19:51:56,injury_reports_2023.csv,0.0,WR,CAR
2023,REG,CAR,14,00-0034830,TE,Hayden Hurst,Hayden,Hurst,Concussion,,Out,Concussion,,Limited Participation in Practice,2023-12-08 17:26:10,injury_reports_2023.csv,3.0,TE,CAR
2023,REG,CAR,14,00-0036438,TE,Stephen Sullivan,Stephen,Sullivan,Shoulder,,Questionable,Shoulder,,Full Participation in Practice,2023-12-08 17:27:02,injury_reports_2023.csv,1.0,TE,CAR
2023,REG,CAR,14,00-0037005,TE,Tommy Tremble,Tommy,Tremble,Hip,,Questionable,Hip,,Full Participation in Practice,2023-12-08 17:27:12,injury_reports_2023.csv,1.0,TE,CAR
2023,REG,CHI,14,00-0024243,TE,Marcedes Lewis,Marcedes,Lewis,,,,Not injury related - resting player,,Did Not Participate In Practice,2023-12-07 21:14:32,injury_reports_2023.csv,0.0,TE,CHI
2023,REG,CHI,14,00-0034279,WR,Equanimeous St. Brown,Equanimeous,St. Brown,Pectoral,,Out,Pectoral,,Did Not Participate In Practice,2023-12-08 19:51:40,injury_reports_2023.csv,3.0,WR,CHI
2023,REG,CHI,14,00-0037745,WR,Velus Jones,Velus,Jones,Illness,,Questionable,Illness,,Did Not Participate In Practice,2023-12-08 19:51:31,injury_reports_2023.csv,1.0,WR,CHI
2023,REG,CHI,14,00-0038941,WR,Tyler Scott,Tyler,Scott,Hamstring,,Questionable,Hamstring,,Limited Participation in Practice,2023-12-08 19:51:31,injury_reports_2023.csv,1.0,WR,CHI
2023,REG,CIN,14,00-0033009,WR,Tyler Boyd,Tyler,Boyd,Ankle,,Questionable,Ankle,,Limited Participation in Practice,2023-12-08 18:48:29,injury_reports_2023.csv,1.0,WR,CIN
2023,REG,CLV,14,00-0030068,WR,Marquise Goodwin,Marquise,Goodwin,,,,Concussion,,Full Participation in Practice,2023-12-08 19:46:44,injury_reports_2023.csv,0.0,WR,CLE
2023,REG,CLV,14,00-0033885,TE,David Njoku,David,Njoku,,,,Not injury related - resting player,Knee,Limited Participation in Practice,2023-12-08 19:47:51,injury_reports_2023.csv,0.0,TE,CLE
2023,REG,CLV,14,00-0031544,WR,Amari Cooper,Amari,Cooper,Concussion,,Questionable,Concussion,Ribs,Limited Participation in Practice,2023-12-08 19:49:32,injury_reports_2023.csv,1.0,WR,CLE
2023,REG,DAL,14,00-0031236,WR,Brandin Cooks,Brandin,Cooks,,,,Not injury related - resting player,,Limited Participation in Practice,2023-12-06 20:29:51,injury_reports_2023.csv,0.0,WR,DAL
2023,REG,DAL,14,00-0037569,TE,Peyton Hendershot,Peyton,Hendershot,Ankle,,Questionable,Ankle,,Full Participation in Practice,2023-12-08 20:48:24,injury_reports_2023.csv,1.0,TE,DAL
2023,REG,DEN,14,00-0031484,TE,Chris Manhertz,Chris,Manhertz,,,,Not injury related - resting player,,Full Participation in Practice,2023-12-08 21:26:59,injury_reports_2023.csv,0.0,TE,DEN
2023,REG,DEN,14,00-0038976,WR,Marvin Mims,Marvin,Mims,,,,Ribs,,Full Participation in Practice,2023-12-08 21:26:47,injury_reports_2023.csv,0.0,WR,DEN
2023,REG,GB,14,00-0036332,TE,Josiah Deguara,Josiah,Deguara,,,,Hip,,Full Participation in Practice,2023-12-09 19:52:28,injury_reports_2023.csv,0.0,TE,GB
2023,REG,GB,14,00-0039146,WR,Jayden Reed,Jayden,Reed,,,,Chest,,Limited Participation in Practice,2023-12-09 19:52:28,injury_reports_2023.csv,0.0,WR,GB
2023,REG,GB,14,00-0038124,WR,Christian Watson,Christian,Watson,Hamstring,,Out,Hamstring,,Did Not Participate In Practice,2023-12-09 19:54:05,injury_reports_2023.csv,3.0,WR,GB
2023,REG,HST,14,00-0030431,WR,Robert Woods,Robert,Woods,,,,Not injury related - resting player,,Did Not Participate In Practice,2023-12-06 21:16:09,injury_reports_2023.csv,0.0,WR,HOU
2023,REG,HST,14,00-0034383,TE,Dalton Schultz,Dalton,Schultz,Hamstring,,Out,Hamstring,,Did Not Participate In Practice,2023-12-08 20:49:07,injury_reports_2023.csv,3.0,TE,HOU
2023,REG,HST,14,00-0033591,WR,Noah Brown,Noah,Brown,Knee,,Questionable,Knee,,Did Not Participate In Practice,2023-12-08 20:48:38,injury_reports_2023.csv,1.0,WR,HOU
2023,REG,JAX,14,00-0034775,WR,Christian Kirk,Christian,Kirk,,,,Groin,,Did Not Participate In Practice,2023-12-07 20:36:41,injury_reports_2023.csv,0.0,WR,JAX
2023,REG,JAX,14,00-0033891,WR,Zay Jones,Zay,Jones,,,,Knee,,Limited Participation in Practice,2023-12-08 20:08:01,injury_reports_2023.csv,0.0,WR,JAX
2023,REG,JAX,14,00-0038935,TE,Brenton Strange,Brenton,Strange,Foot,,Out,Foot,,Did Not Participate In Practice,2023-12-08 20:12:19,injury_reports_2023.csv,3.0,TE,JAX
2023,REG,KC,14,00-0038090,WR,Skyy Moore,Skyy,Moore,,,,Knee,,Full Participation in Practice,2023-12-08 20:00:40,injury_reports_2023.csv,0.0,WR,KC
2023,REG,KC,14,00-0038519,WR,Nikko Remigio,Nikko,Remigio,,,,Foot,,Full Participation in Practice,2023-12-07 21:33:49,injury_reports_2023.csv,0.0,WR,KC
2023,REG,KC,14,00-0039067,WR,Rashee Rice,Rashee,Rice,,,,Foot,,Full Participation in Practice,2023-12-08 20:01:41,injury_reports_2023.csv,0.0,WR,KC
2023,REG,KC,14,00-0036913,WR,Kadarius Toney,Kadarius,Toney,,,,Hip,,Full Participation in Practice,2023-12-08 20:00:40,injury_reports_2023.csv,0.0,WR,KC
2023,REG,LA,14,00-0039075,WR,Puka Nacua,Puka,Nacua,,,,Shoulder,,Full Participation in Practice,2023-12-08 20:50:59,injury_reports_2023.csv,0.0,WR,LA
2023,REG,LA,14,00-0033110,TE,Tyler Higbee,Tyler,Higbee,Neck,,Doubtful,Neck,,Did Not Participate In Practice,2023-12-08 20:52:30,injury_reports_2023.csv,2.0,TE,LA
2023,REG,LAC,14,00-0030279,WR,Keenan Allen,Keenan,Allen,,,,Not injury related - resting player,,Did Not Participate In Practice,2023-12-06 21:19:24,injury_reports_2023.csv,0.0,WR,LAC
2023,REG,LAC,14,00-0032394,TE,Nick Vannett,Nick,Vannett,,,,Concussion,,Full Participation in Practice,2023-12-08 21:12:40,injury_reports_2023.csv,0.0,TE,LAC
2023,REG,LAC,14,00-0036988,WR,Josh Palmer,Josh,Palmer,Knee,,Out,Knee,,Limited Participation in Practice,2023-12-08 21:14:42,injury_reports_2023.csv,3.0,WR,LAC
2023,REG,MIA,14,00-0033040,WR,Tyreek Hill,Tyreek,Hill,,,,Ankle,Wrist,Limited Participation in Practice,2023-12-09 21:29:04,injury_reports_2023.csv,0.0,WR,MIA
2023,REG,MIA,14,00-0034798,TE,Durham Smythe,Durham,Smythe,,,,Ankle,,Limited Participation in Practice,2023-12-09 21:29:04,injury_reports_2023.csv,0.0,TE,MIA
2023,REG,MIN,14,00-0036322,WR,Justin Jefferson,Justin,Jefferson,,,,Hamstring,,Full Participation in Practice,2023-12-08 20:02:51,injury_reports_2023.csv,0.0,WR,MIN
2023,REG,NE,14,00-0038621,WR,Demario Douglas,Demario,Douglas,Concussion,,Out,Concussion,,Did Not Participate In Practice,2023-12-06 19:37:09,injury_reports_2023.csv,3.0,WR,NE
2023,REG,NE,14,00-0038608,WR,Kayshon Boutte,Kayshon,Boutte,Shoulder,,Out,Shoulder,,Limited Participation in Practice,2023-12-06 19:38:20,injury_reports_2023.csv,3.0,WR,NE
2023,REG,NE,14,00-0031547,WR,DeVante Parker,DeVante,Parker,Knee,,Questionable,Knee,,Limited Participation in Practice,2023-12-06 19:36:44,injury_reports_2023.csv,1.0,WR,NE
2023,REG,NE,14,00-0033857,WR,JuJu Smith-Schuster,JuJu,Smith-Schuster,Ankle,,Questionable,Ankle,,Limited Participation in Practice,2023-12-06 19:36:44,injury_reports_2023.csv,1.0,WR,NE
2023,REG,NO,14,00-0027696,TE,Jimmy Graham,Jimmy,Graham,,,,Not injury related - resting player,,Limited Participation in Practice,2023-12-06 21:00:50,injury_reports_2023.csv,0.0,TE,NO
2023,REG,NO,14,00-0037239,WR,Chris Olave,Chris,Olave,Illness,,Questionable,Illness,,Did Not Participate In Practice,2023-12-08 20:23:22,injury_reports_2023.csv,1.0,WR,NO
2023,REG,NO,14,00-0037545,WR,Rashid Shaheed,Rashid,Shaheed,Thigh,,Questionable,Thigh,,Did Not Participate In Practice,2023-12-08 20:23:22,injury_reports_2023.csv,1.0,WR,NO
2023,REG,NO,14,00-0036040,TE,Juwan Johnson,Juwan,Johnson,Quadricep,,Questionable,Quadricep,,Limited Participation in Practice,2023-12-08 20:23:22,injury_reports_2023.csv,1.0,TE,NO
2023,REG,NYG,14,00-0038115,TE,Daniel Bellinger,Daniel,Bellinger,Illness,,Questionable,Illness,,Did Not Participate In Practice,2023-12-09 19:07:02,injury_reports_2023.csv,1.0,TE,NYG
2023,REG,NYG,14,00-0035639,WR,Parris Campbell,Parris,Campbell,Knee,,Questionable,Knee,,Did Not Participate In Practice,2023-12-09 19:07:02,injury_reports_2023.csv,1.0,WR,NYG
2023,REG,NYJ,14,00-0034270,TE,Tyler Conklin,Tyler,Conklin,,,,Hamstring,,Full Participation in Practice,2023-12-08 20:53:45,injury_reports_2023.csv,0.0,TE,NYJ
2023,REG,NYJ,14,00-0038492,WR,Jason Brownlee,Jason,Brownlee,Ankle,,Out,Ankle,,Did Not Participate In Practice,2023-12-08 20:54:19,injury_reports_2023.csv,3.0,WR,NYJ
2023,REG,PHI,14,00-0037086,TE,Grant Calcaterra,Grant,Calcaterra,,,,Ankle,,Full Participation in Practice,2023-12-08 20:48:03,injury_reports_2023.csv,0.0,TE,PHI
2023,REG,PHI,14,00-0034351,TE,Dallas Goedert,Dallas,Goedert,,,,Forearm,,Full Participation in Practice,2023-12-08 20:48:03,injury_reports_2023.csv,0.0,TE,PHI
2023,REG,PHI,14,00-0036741,TE,Jack Stoll,Jack,Stoll,,,,Knee,,Full Participation in Practice,2023-12-08 20:48:03,injury_reports_2023.csv,0.0,TE,PHI
2023,REG,PHI,14,00-0027944,WR,Julio Jones,Julio,Jones,,,,Groin,,Limited Participation in Practice,2023-12-08 20:48:20,injury_reports_2023.csv,0.0,WR,PHI
2023,REG,SEA,14,00-0038752,WR,Jake Bobo,Jake,Bobo,,,,Knee,Shoulder,Full Participation in Practice,2023-12-08 22:08:45,injury_reports_2023.csv,0.0,WR,SEA
2023,REG,SEA,14,00-0037093,WR,Dareke Young,Dareke,Young,,,,Abdomen,,Full Participation in Practice,2023-12-08 22:08:45,injury_reports_2023.csv,0.0,WR,SEA
2023,REG,SEA,14,00-0036620,WR,D'Wayne Eskridge,D'Wayne,Eskridge,Ribs,,Questionable,Ribs,,Limited Participation in Practice,2023-12-08 20:42:16,injury_reports_2023.csv,1.0,WR,SEA
2023,REG,SF,14,00-0034073,TE,Ross Dwelley,Ross,Dwelley,Ankle,,Out,Ankle,,Did Not Participate In Practice,2023-12-08 22:24:28,injury_reports_2023.csv,3.0,TE,SF
2023,REG,SF,14,00-0034407,WR,Ray-Ray McCloud,Ray-Ray,McCloud,Rib,,Out,Rib,,Did Not Participate In Practice,2023-12-08 22:24:38,injury_reports_2023.csv,3.0,WR,SF
2023,REG,TB,14,00-0033921,WR,Chris Godwin,Chris,Godwin,,,,Not injury related - resting player,,Full Participation in Practice,2023-12-08 18:26:00,injury_reports_2023.csv,0.0,WR,TB
2023,REG,TEN,14,00-0030564,WR,DeAndre Hopkins,DeAndre,Hopkins,,,,Not injury related - resting player,,Full Participation in Practice,2023-12-09 19:30:02,injury_reports_2023.csv,0.0,WR,TEN
2023,REG,TEN,14,00-0035259,TE,Trevon Wesco,Trevon,Wesco,,,,Ankle,,Full Participation in Practice,2023-12-09 19:30:02,injury_reports_2023.csv,0.0,TE,TEN
2023,REG,TEN,14,00-0038589,TE,Josh Whyle,Josh,Whyle,Knee,,Out,Knee,,Did Not Participate In Practice,2023-12-09 19:33:34,injury_reports_2023.csv,3.0,TE,TEN
2023,REG,ARZ,15,00-0035662,WR,Marquise Brown,Marquise,Brown,Heel,,Questionable,Heel,,Limited Participation in Practice,2023-12-15 20:49:02,injury_reports_2023.csv,1.0,WR,ARI
2023,REG,ARZ,15,00-0032141,TE,Geoff Swaim,Geoff,Swaim,Back,,Questionable,Back,,Limited Participation in Practice,2023-12-15 20:49:02,injury_reports_2023.csv,1.0,TE,ARI
2023,REG,ARZ,15,00-0038559,WR,Michael Wilson,Michael,Wilson,Neck,,Questionable,Neck,,Limited Participation in Practice,2023-12-15 20:49:02,injury_reports_2023.csv,1.0,WR,ARI
2023,REG,BLT,15,00-0031235,WR,Odell Beckham,Odell,Beckham,,,,Not injury related - resting player,,Limited Participation in Practice,2023-12-13 21:24:36,injury_reports_2023.csv,0.0,WR,BAL
2023,REG,BUF,15,00-0035689,TE,Dawson Knox,Dawson,Knox,,,,Wrist,,Full Participation in Practice,2023-12-15 20:55:18,injury_reports_2023.csv,0.0,TE,BUF
2023,REG,BUF,15,00-0038933,TE,Dalton Kincaid,Dalton,Kincaid,,,,Thumb,Shoulder,Limited Participation in Practice,2023-12-15 20:55:18,injury_reports_2023.csv,0.0,TE,BUF
2023,REG,BUF,15,00-0038590,WR,Justin Shorter,Justin,Shorter,Hamstring,,Questionable,Hamstring,,Full Participation in Practice,2023-12-15 20:56:46,injury_reports_2023.csv,1.0,WR,BUF
2023,REG,CAR,15,00-0030035,WR,Adam Thielen,Adam,Thielen,,,,Not injury related - resting player,,Did Not Participate In Practice,2023-12-13 19:06:15,injury_reports_2023.csv,0.0,WR,CAR
2023,REG,CAR,15,00-0037005,TE,Tommy Tremble,Tommy,Tremble,,,,Hip,,Full Participation in Practice,2023-12-15 17:29:25,injury_reports_2023.csv,0.0,TE,CAR
2023,REG,CAR,15,00-0034830,TE,Hayden Hurst,Hayden,Hurst,Concussion,,Out,Concussion,,Did Not Participate In Practice,2023-12-15 17:30:30,injury_reports_2023.csv,3.0,TE,CAR
2023,REG,CAR,15,00-0034365,TE,Ian Thomas,Ian,Thomas,Ankle,,Out,Ankle,,Did Not Participate In Practice,2023-12-15 17:30:53,injury_reports_2023.csv,3.0,TE,CAR
2023,REG,CHI,15,00-0024243,TE,Marcedes Lewis,Marcedes,Lewis,,,,Not injury related - resting player,,Did Not Participate In Practice,2023-12-14 21:15:19,injury_reports_2023.csv,0.0,TE,CHI
2023,REG,CHI,15,00-0034279,WR,Equanimeous St. Brown,Equanimeous,St. Brown,Pectoral,,Out,Pectoral,,Did Not Participate In Practice,2023-12-15 19:45:38,injury_reports_2023.csv,3.0,WR,CHI
2023,REG,CHI,15,00-0034827,WR,D.J. Moore,D.J.,Moore,Ankle,,Questionable,Ankle,,Full Participation in Practice,2023-12-15 19:45:21,injury_reports_2023.csv,1.0,WR,CHI
2023,REG,CIN,15,00-0033009,WR,Tyler Boyd,Tyler,Boyd,,,,Foot,Ankle,Full Participation in Practice,2023-12-14 19:16:13,injury_reports_2023.csv,0.0,WR,CIN
2023,REG,CIN,15,00-0036900,WR,Ja'Marr Chase,Ja'Marr,Chase,,,,Ankle,,Full Participation in Practice,2023-12-14 19:16:19,injury_reports_2023.csv,0.0,WR,CIN
2023,REG,CIN,15,00-0035771,TE,Mitchell Wilcox,Mitchell,Wilcox,,,,Knee,,Full Participation in Practice,2023-12-14 19:16:03,injury_reports_2023.csv,0.0,TE,CIN
2023,REG,CIN,15,00-0035631,TE,Drew Sample,Drew,Sample,Illness,,Questionable,,,"
    ",2023-12-15 18:54:24,injury_reports_2023.csv,1.0,TE,CIN
2023,REG,CLV,15,00-0031544,WR,Amari Cooper,Amari,Cooper,,,,Not injury related - resting player,Ribs,Full Participation in Practice,2023-12-15 19:54:20,injury_reports_2023.csv,0.0,WR,CLE
2023,REG,CLV,15,00-0033885,TE,David Njoku,David,Njoku,,,,Not injury related - resting player,Knee,Full Participation in Practice,2023-12-15 19:56:04,injury_reports_2023.csv,0.0,TE,CLE
2023,REG,DAL,15,00-0031236,WR,Brandin Cooks,Brandin,Cooks,Not injury related - resting player,Illness,Questionable,Not injury related - resting player,Illness,Did Not Participate In Practice,2023-12-15 19:22:30,injury_reports_2023.csv,1.0,WR,DAL
2023,REG,DAL,15,00-0037666,WR,Jalen Tolbert,Jalen,Tolbert,Illness,,Questionable,Illness,,Limited Participation in Practice,2023-12-15 19:22:30,injury_reports_2023.csv,1.0,WR,DAL
2023,REG,DEN,15,00-0031484,TE,Chris Manhertz,Chris,Manhertz,,,,Not injury related - resting player,,Limited Participation in Practice,2023-12-14 21:58:27,injury_reports_2023.csv,0.0,TE,DEN
2023,REG,DEN,15,00-0037252,TE,Greg Dulcich,Greg,Dulcich,Hamstring,Foot,Out,Hamstring,Foot,Did Not Participate In Practice,2023-12-14 21:58:55,injury_reports_2023.csv,3.0,TE,DEN
2023,REG,DET,15,00-0033943,WR,Josh Reynolds,Josh,Reynolds,Back,,Questionable,Back,,Limited Participation in Practice,2023-12-14 20:40:22,injury_reports_2023.csv,1.0,WR,DET
2023,REG,GB,15,00-0039146,WR,Jayden Reed,Jayden,Reed,,,,Ankle,,Limited Participation in Practice,2023-12-15 19:37:37,injury_reports_2023.csv,0.0,WR,GB
2023,REG,GB,15,00-0038124,WR,Christian Watson,Christian,Watson,Hamstring,,Doubtful,Hamstring,,Did Not Participate In Practice,2023-12-15 19:39:48,injury_reports_2023.csv,2.0,WR,GB
2023,REG,GB,15,00-0038393,WR,Dontayvion Wicks,Dontayvion,Wicks,Ankle,,Questionable,Ankle,,Limited Participation in Practice,2023-12-15 19:38:20,injury_reports_2023.csv,1.0,WR,GB
2023,REG,HST,15,00-0034383,TE,Dalton Schultz,Dalton,Schultz,,,,Hamstring,,Full Participation in Practice,2023-12-15 20:17:08,injury_reports_2023.csv,0.0,TE,HOU
2023,REG,HST,15,00-0030431,WR,Robert Woods,Robert,Woods,,,,Not injury related - resting player,,Limited Participation in Practice,2023-12-13 23:02:50,injury_reports_2023.csv,0.0,WR,HOU
2023,REG,HST,15,00-0036554,WR,Nico Collins,Nico,Collins,Calf,,Questionable,Calf,,Did Not Participate In Practice,2023-12-15 20:17:51,injury_reports_2023.csv,1.0,WR,HOU
2023,REG,HST,15,00-0033591,WR,Noah Brown,Noah,Brown,Knee,,Questionable,Knee,,Limited Participation in Practice,2023-12-15 20:17:51,injury_reports_2023.csv,1.0,WR,HOU
2023,REG,IND,15,00-0038394,TE,Will Mallory,Will,Mallory,,,,Rib,,Full Participation in Practice,2023-12-14 20:11:18,injury_reports_2023.csv,0.0,TE,IND
2023,REG,JAX,15,00-0033891,WR,Zay Jones,Zay,Jones,,,,Knee,,Limited Participation in Practice,2023-12-15 19:49:11,injury_reports_2023.csv,0.0,WR,JAX
2023,REG,JAX,15,00-0033572,WR,Jamal Agnew,Jamal,Agnew,Shoulder,,Questionable,Shoulder,,Limited Participation in Practice,2023-12-15 19:50:10,injury_reports_2023.csv,1.0,WR,JAX
2023,REG,JAX,15,00-0038935,TE,Brenton Strange,Brenton,Strange,Foot,,Questionable,Foot,,Limited Participation in Practice,2023-12-15 19:50:10,injury_reports_2023.csv,1.0,TE,JAX
2023,REG,KC,15,00-0036913,WR,Kadarius Toney,Kadarius,Toney,,,,Hip,,Full Participation in Practice,2023-12-15 19:48:03,injury_reports_2023.csv,0.0,WR,KC
2023,REG,KC,15,00-0037216,WR,Justyn Ross,Justyn,Ross,Returning from Suspension,,Doubtful,Returning from Suspension,,Full Participation in Practice,2023-12-15 19:49:00,injury_reports_2023.csv,2.0,WR,KC
2023,REG,LA,15,00-0033110,TE,Tyler Higbee,Tyler,Higbee,,,,Neck,,Full Participation in Practice,2023-12-15 20:04:16,injury_reports_2023.csv,0.0,TE,LA
2023,REG,LA,15,00-0036862,WR,Ben Skowronek,Ben,Skowronek,,,,Ankle,,Full Participation in Practice,2023-12-15 20:05:19,injury_reports_2023.csv,0.0,WR,LA
2023,REG,LA,15,00-0036849,WR,Tutu Atwell,Tutu,Atwell,Concussion,,Questionable,Concussion,,Full Participation in Practice,2023-12-15 20:06:36,injury_reports_2023.csv,1.0,WR,LA
2023,REG,LAC,15,00-0033895,TE,Gerald Everett,Gerald,Everett,,,,Hip,,Full Participation in Practice,2023-12-13 22:28:32,injury_reports_2023.csv,0.0,TE,LAC
2023,REG,LAC,15,00-0036988,WR,Josh Palmer,Josh,Palmer,,,,Knee,,Full Participation in Practice,2023-12-13 22:28:28,injury_reports_2023.csv,0.0,WR,LAC
2023,REG,LAC,15,00-0030279,WR,Keenan Allen,Keenan,Allen,Heel,,Out,Heel,,Did Not Participate In Practice,2023-12-13 22:29:21,injury_reports_2023.csv,3.0,WR,LAC
2023,REG,LAC,15,00-0035329,TE,Donald Parham,Donald,Parham,Shoulder,,Questionable,Shoulder,,Limited Participation in Practice,2023-12-13 22:29:10,injury_reports_2023.csv,1.0,TE,LAC
2023,REG,LV,15,00-0031381,WR,Davante Adams,Davante,Adams,Illness,,Questionable,Illness,,Did Not Participate In Practice,2023-12-13 21:30:30,injury_reports_2023.csv,1.0,WR,LV
2023,REG,MIA,15,00-0033040,WR,Tyreek Hill,Tyreek,Hill,Ankle,,Questionable,Ankle,,Did Not Participate In Practice,2023-12-15 20:57:32,injury_reports_2023.csv,1.0,WR,MIA
2023,REG,MIN,15,00-0037291,WR,Jalen Nailor,Jalen,Nailor,Concussion,,Out,Concussion,,Did Not Participate In Practice,2023-12-14 19:48:52,injury_reports_2023.csv,3.0,WR,MIN
2023,REG,MIN,15,00-0036322,WR,Justin Jefferson,Justin,Jefferson,Chest,,Questionable,Chest,,Full Participation in Practice,2023-12-14 19:48:38,injury_reports_2023.csv,1.0,WR,MIN
2023,REG,NE,15,00-0038608,WR,Kayshon Boutte,Kayshon,Boutte,,,,Shoulder,,Limited Participation in Practice,2023-12-14 20:53:33,injury_reports_2023.csv,0.0,WR,NE
2023,REG,NE,15,00-0038621,WR,Demario Douglas,Demario,Douglas,,,,Concussion,,Limited Participation in Practice,2023-12-14 20:53:33,injury_reports_2023.csv,0.0,WR,NE
2023,REG,NE,15,00-0033439,TE,Pharaoh Brown,Pharaoh,Brown,Foot,,Questionable,,,"
    ",2023-12-16 20:49:13,injury_reports_2023.csv,1.0,TE,NE
2023,REG,NE,15,00-0031547,WR,DeVante Parker,DeVante,Parker,Knee,,Questionable,Knee,,Limited Participation in Practice,2023-12-15 20:54:18,injury_reports_2023.csv,1.0,WR,NE
2023,REG,NE,15,00-0026293,WR,Matt Slater,Matt,Slater,Groin,,Questionable,Groin,,Limited Participation in Practice,2023-12-15 20:54:18,injury_reports_2023.csv,1.0,WR,NE
2023,REG,NE,15,00-0033857,WR,JuJu Smith-Schuster,JuJu,Smith-Schuster,Ankle,,Questionable,Ankle,,Limited Participation in Practice,2023-12-15 20:54:18,injury_reports_2023.csv,1.0,WR,NE
2023,REG,NE,15,00-0038104,WR,Tyquan Thornton,Tyquan,Thornton,Hamstring,,Questionable,Hamstring,,Limited Participation in Practice,2023-12-15 20:54:18,injury_reports_2023.csv,1.0,WR,NE
2023,REG,NO,15,00-0027696,TE,Jimmy Graham,Jimmy,Graham,,,,Not injury related - resting player,,Limited Participation in Practice,2023-12-13 20:36:10,injury_reports_2023.csv,0.0,TE,NO
2023,REG,NO,15,00-0037545,WR,Rashid Shaheed,Rashid,Shaheed,,,,Thigh,,Limited Participation in Practice,2023-12-15 20:02:59,injury_reports_2023.csv,0.0,WR,NO
2023,REG,NO,15,00-0037239,WR,Chris Olave,Chris,Olave,Ankle,,Questionable,Ankle,,Did Not Participate In Practice,2023-12-15 20:03:38,injury_reports_2023.csv,1.0,WR,NO
2023,REG,NYG,15,00-0035639,WR,Parris Campbell,Parris,Campbell,,,,Knee,,Full Participation in Practice,2023-12-15 19:20:25,injury_reports_2023.csv,0.0,WR,NYG
2023,REG,NYG,15,00-0038117,WR,Wan'Dale Robinson,Wan'Dale,Robinson,,,,Quadricep,,Limited Participation in Practice,2023-12-15 19:21:52,injury_reports_2023.csv,0.0,WR,NYG
2023,REG,NYG,15,00-0031610,TE,Darren Waller,Darren,Waller,Hamstring,,Questionable,Hamstring,,Limited Participation in Practice,2023-12-15 19:22:24,injury_reports_2023.csv,1.0,TE,NYG
2023,REG,NYJ,15,00-0038492,WR,Jason Brownlee,Jason,Brownlee,Ankle,,Out,Ankle,,Did Not Participate In Practice,2023-12-15 20:53:04,injury_reports_2023.csv,3.0,WR,NYJ
2023,REG,PIT,15,00-0035216,WR,Diontae Johnson,Diontae,Johnson,,,,Knee,,Full Participation in Practice,2023-12-14 19:56:28,injury_reports_2023.csv,0.0,WR,PIT
2023,REG,SEA,15,00-0036620,WR,D'Wayne Eskridge,D'Wayne,Eskridge,Ribs,,Questionable,Ribs,,Did Not Participate In Practice,2023-12-16 20:47:07,injury_reports_2023.csv,1.0,WR,SEA
2023,REG,SF,15,00-0034073,TE,Ross Dwelley,Ross,Dwelley,Ankle,,Out,Ankle,,Did Not Participate In Practice,2023-12-15 22:03:34,injury_reports_2023.csv,3.0,TE,SF
2023,REG,TB,15,00-0033921,WR,Chris Godwin,Chris,Godwin,Knee,,Questionable,Knee,,Full Participation in Practice,2023-12-15 19:01:40,injury_reports_2023.csv,1.0,WR,TB
2023,REG,TEN,15,00-0030564,WR,DeAndre Hopkins,DeAndre,Hopkins,,,,Not injury related - resting player,,Full Participation in Practice,2023-12-15 19:44:10,injury_reports_2023.csv,0.0,WR,TEN
2023,REG,TEN,15,00-0034193,TE,Kevin Rader,Kevin,Rader,,,,Illness,,Full Participation in Practice,2023-12-15 19:44:44,injury_reports_2023.csv,0.0,TE,TEN
2023,REG,TEN,15,00-0037809,TE,Chigoziem Okonkwo,Chigoziem,Okonkwo,,,,Ribs,,Limited Participation in Practice,2023-12-15 19:46:22,injury_reports_2023.csv,0.0,TE,TEN
2023,REG,TEN,15,00-0037273,WR,Kyle Philips,Kyle,Philips,Hamstring,,Out,Hamstring,,Did Not Participate In Practice,2023-12-15 19:48:01,injury_reports_2023.csv,3.0,WR,TEN
2023,REG,TEN,15,00-0038589,TE,Josh Whyle,Josh,Whyle,Knee,,Out,Knee,,Did Not Participate In Practice,2023-12-15 19:48:39,injury_reports_2023.csv,3.0,TE,TEN
2023,REG,TEN,15,00-0036182,WR,Nick Westbrook-Ikhine,Nick,Westbrook-Ikhine,Illness,,Questionable,Illness,,Did Not Participate In Practice,2023-12-15 19:47:11,injury_reports_2023.csv,1.0,WR,TEN
2023,REG,WAS,15,00-0037164,TE,Curtis Hodges,Curtis,Hodges,Back,,Out,Back,,Did Not Participate In Practice,2023-12-15 18:56:25,injury_reports_2023.csv,3.0,TE,WAS
2023,REG,ARZ,16,00-0038456,TE,Travis Vokolek,Travis,Vokolek,,,,not injury related - travel,,Did Not Participate In Practice,2023-12-20 22:32:54,injury_reports_2023.csv,0.0,TE,ARI
2023,REG,ARZ,16,00-0035662,WR,Marquise Brown,Marquise,Brown,Heel,,Out,Heel,,Did Not Participate In Practice,2023-12-22 20:06:07,injury_reports_2023.csv,3.0,WR,ARI
2023,REG,ARZ,16,00-0035500,WR,Greg Dortch,Greg,Dortch,Shoulder,,Questionable,Shoulder,,Limited Participation in Practice,2023-12-22 20:05:33,injury_reports_2023.csv,1.0,WR,ARI
2023,REG,BLT,16,00-0031235,WR,Odell Beckham,Odell,Beckham,,,,Illness,,Full Participation in Practice,2023-12-23 22:10:46,injury_reports_2023.csv,0.0,WR,BAL
2023,REG,BLT,16,00-0039064,WR,Zay Flowers,Zay,Flowers,Foot,,Questionable,Foot,,Full Participation in Practice,2023-12-23 22:11:20,injury_reports_2023.csv,1.0,WR,BAL
2023,REG,BUF,16,00-0035689,TE,Dawson Knox,Dawson,Knox,,,,Wrist,,Full Participation in Practice,2023-12-21 20:14:54,injury_reports_2023.csv,0.0,TE,BUF
2023,REG,BUF,16,00-0038933,TE,Dalton Kincaid,Dalton,Kincaid,,,,Shoulder,,Limited Participation in Practice,2023-12-21 20:14:54,injury_reports_2023.csv,0.0,TE,BUF
2023,REG,BUF,16,00-0038590,WR,Justin Shorter,Justin,Shorter,Hamstring,,Out,Hamstring,,Full Participation in Practice,2023-12-21 20:16:45,injury_reports_2023.csv,3.0,WR,BUF
2023,REG,CAR,16,00-0036438,TE,Stephen Sullivan,Stephen,Sullivan,,,,Shoulder,,Full Participation in Practice,2023-12-22 17:21:36,injury_reports_2023.csv,0.0,TE,CAR
2023,REG,CAR,16,00-0030035,WR,Adam Thielen,Adam,Thielen,,,,Not injury related - resting player,,Limited Participation in Practice,2023-12-20 19:07:01,injury_reports_2023.csv,0.0,WR,CAR
2023,REG,CAR,16,00-0037005,TE,Tommy Tremble,Tommy,Tremble,,,,Illness,,Limited Participation in Practice,2023-12-21 18:36:28,injury_reports_2023.csv,0.0,TE,CAR
2023,REG,CAR,16,00-0034365,TE,Ian Thomas,Ian,Thomas,Ankle,,Questionable,Ankle,,Full Participation in Practice,2023-12-22 17:23:55,injury_reports_2023.csv,1.0,TE,CAR
2023,REG,CHI,16,00-0024243,TE,Marcedes Lewis,Marcedes,Lewis,,,,Not injury related - resting player,,Did Not Participate In Practice,2023-12-22 22:34:20,injury_reports_2023.csv,0.0,TE,CHI
2023,REG,CHI,16,00-0036309,WR,Darnell Mooney,Darnell,Mooney,,,,Illness,,Full Participation in Practice,2023-12-22 20:30:10,injury_reports_2023.csv,0.0,WR,CHI
2023,REG,CHI,16,00-0034279,WR,Equanimeous St. Brown,Equanimeous,St. Brown,Pectoral,,Out,Pectoral,,Did Not Participate In Practice,2023-12-22 20:31:27,injury_reports_2023.csv,3.0,WR,CHI
2023,REG,CHI,16,00-0036290,TE,Cole Kmet,Cole,Kmet,Quadricep,,Questionable,Quadricep,,Limited Participation in Practice,2023-12-22 20:30:45,injury_reports_2023.csv,1.0,TE,CHI
2023,REG,CIN,16,00-0036900,WR,Ja'Marr Chase,Ja'Marr,Chase,Shoulder,,Out,Shoulder,,Did Not Participate In Practice,2023-12-21 18:04:03,injury_reports_2023.csv,3.0,WR,CIN
2023,REG,CLV,16,00-0031544,WR,Amari Cooper,Amari,Cooper,,,,Not injury related - resting player,,Did Not Participate In Practice,2023-12-20 20:53:46,injury_reports_2023.csv,0.0,WR,CLE
2023,REG,CLV,16,00-0033885,TE,David Njoku,David,Njoku,,,,Not injury related - resting player,Knee,Full Participation in Practice,2023-12-22 20:49:56,injury_reports_2023.csv,0.0,TE,CLE
2023,REG,CLV,16,00-0038979,WR,Cedric Tillman,Cedric,Tillman,,,,Knee,,Limited Participation in Practice,2023-12-22 20:50:28,injury_reports_2023.csv,0.0,WR,CLE
2023,REG,DAL,16,00-0031236,WR,Brandin Cooks,Brandin,Cooks,,,,Not injury related - resting player,,Limited Participation in Practice,2023-12-20 23:25:20,injury_reports_2023.csv,0.0,WR,DAL
2023,REG,DEN,16,00-0031484,TE,Chris Manhertz,Chris,Manhertz,,,,Not injury related - resting player,,Full Participation in Practice,2023-12-22 21:37:26,injury_reports_2023.csv,0.0,TE,DEN
2023,REG,DEN,16,00-0037252,TE,Greg Dulcich,Greg,Dulcich,Hamstring,Foot,Out,Hamstring,Foot,Did Not Participate In Practice,2023-12-22 21:40:50,injury_reports_2023.csv,3.0,TE,DEN
2023,REG,DET,16,00-0036754,TE,Brock Wright,Brock,Wright,Hip,,Out,Hip,,Did Not Participate In Practice,2023-12-22 20:13:42,injury_reports_2023.csv,3.0,TE,DET
2023,REG,GB,16,00-0039144,TE,Luke Musgrave,Luke,Musgrave,kidney,,Out,kidney,,Did Not Participate In Practice,2023-12-22 20:42:09,injury_reports_2023.csv,3.0,TE,GB
2023,REG,GB,16,00-0038124,WR,Christian Watson,Christian,Watson,Hamstring,,Doubtful,Hamstring,,Did Not Participate In Practice,2023-12-22 20:42:44,injury_reports_2023.csv,2.0,WR,GB
2023,REG,GB,16,00-0039146,WR,Jayden Reed,Jayden,Reed,Toe,Chest,Questionable,Toe,Chest,Did Not Participate In Practice,2023-12-22 20:41:39,injury_reports_2023.csv,1.0,WR,GB
2023,REG,GB,16,00-0038393,WR,Dontayvion Wicks,Dontayvion,Wicks,Ankle,,Questionable,Ankle,,Limited Participation in Practice,2023-12-22 20:41:39,injury_reports_2023.csv,1.0,WR,GB
2023,REG,HST,16,00-0033591,WR,Noah Brown,Noah,Brown,,,,Knee,,Full Participation in Practice,2023-12-22 21:17:30,injury_reports_2023.csv,0.0,WR,HOU
2023,REG,HST,16,00-0036556,TE,Brevin Jordan,Brevin,Jordan,,,,Illness,,Full Participation in Practice,2023-12-22 21:23:03,injury_reports_2023.csv,0.0,TE,HOU
2023,REG,HST,16,00-0037614,WR,John Metchie,John,Metchie,,,,Illness,,Full Participation in Practice,2023-12-22 21:23:12,injury_reports_2023.csv,0.0,WR,HOU
2023,REG,HST,16,00-0030431,WR,Robert Woods,Robert,Woods,,,,Not injury related - resting player,,Limited Participation in Practice,2023-12-20 21:35:14,injury_reports_2023.csv,0.0,WR,HOU
2023,REG,HST,16,00-0036554,WR,Nico Collins,Nico,Collins,Calf,,Questionable,Calf,,Limited Participation in Practice,2023-12-22 21:19:12,injury_reports_2023.csv,1.0,WR,HOU
2023,REG,IND,16,00-0036252,WR,Michael Pittman,Michael,Pittman,Shoulder,,Questionable,Shoulder,,Limited Participation in Practice,2023-12-22 20:29:27,injury_reports_2023.csv,1.0,WR,IND
2023,REG,JAX,16,00-0033891,WR,Zay Jones,Zay,Jones,Knee,Hamstring,Questionable,Knee,Hamstring,Limited Participation in Practice,2023-12-22 19:55:30,injury_reports_2023.csv,1.0,WR,JAX
2023,REG,JAX,16,00-0038935,TE,Brenton Strange,Brenton,Strange,Foot,,Questionable,Foot,,Limited Participation in Practice,2023-12-22 19:56:57,injury_reports_2023.csv,1.0,TE,JAX
2023,REG,KC,16,00-0030506,TE,Travis Kelce,Travis,Kelce,,,,Neck,,Full Participation in Practice,2023-12-23 19:57:57,injury_reports_2023.csv,0.0,TE,KC
2023,REG,KC,16,00-0039067,WR,Rashee Rice,Rashee,Rice,,,,Hamstring,,Full Participation in Practice,2023-12-23 19:57:57,injury_reports_2023.csv,0.0,WR,KC
2023,REG,KC,16,00-0036913,WR,Kadarius Toney,Kadarius,Toney,Hip,,Out,Hip,,Did Not Participate In Practice,2023-12-23 19:59:15,injury_reports_2023.csv,3.0,WR,KC
2023,REG,KC,16,00-0035140,WR,Mecole Hardman,Mecole,Hardman,Thumb,,Out,Thumb,,Limited Participation in Practice,2023-12-23 19:58:56,injury_reports_2023.csv,3.0,WR,KC
2023,REG,LA,16,00-0036849,WR,Tutu Atwell,Tutu,Atwell,,,,Concussion,,Full Participation in Practice,2023-12-20 20:14:26,injury_reports_2023.csv,0.0,WR,LA
2023,REG,LAC,16,00-0030279,WR,Keenan Allen,Keenan,Allen,Heel,,Out,Heel,,Did Not Participate In Practice,2023-12-21 20:11:48,injury_reports_2023.csv,3.0,WR,LAC
2023,REG,LAC,16,00-0032394,TE,Nick Vannett,Nick,Vannett,Back,,Questionable,Back,,Limited Participation in Practice,2023-12-21 20:11:44,injury_reports_2023.csv,1.0,TE,LAC
2023,REG,LV,16,00-0039066,TE,Michael Mayer,Michael,Mayer,Toe,,Out,Toe,,Did Not Participate In Practice,2023-12-23 20:08:12,injury_reports_2023.csv,3.0,TE,LV
2023,REG,LV,16,00-0035562,TE,Jesper Horsted,Jesper,Horsted,Hamstring,,Questionable,Hamstring,,Limited Participation in Practice,2023-12-23 20:07:57,injury_reports_2023.csv,1.0,TE,LV
2023,REG,LV,16,00-0036527,WR,D.J. Turner,D.J.,Turner,Shoulder,,Questionable,Shoulder,,Limited Participation in Practice,2023-12-23 20:07:57,injury_reports_2023.csv,1.0,WR,LV
2023,REG,MIA,16,00-0034798,TE,Durham Smythe,Durham,Smythe,,,,Ankle,,Limited Participation in Practice,2023-12-22 20:56:16,injury_reports_2023.csv,0.0,TE,MIA
2023,REG,MIA,16,00-0033040,WR,Tyreek Hill,Tyreek,Hill,Ankle,,Questionable,Ankle,,Limited Participation in Practice,2023-12-22 20:57:44,injury_reports_2023.csv,1.0,WR,MIA
2023,REG,MIN,16,00-0037291,WR,Jalen Nailor,Jalen,Nailor,Concussion,,Out,Concussion,,Did Not Participate In Practice,2023-12-22 19:47:26,injury_reports_2023.csv,3.0,WR,MIN
2023,REG,NE,16,00-0033857,WR,JuJu Smith-Schuster,JuJu,Smith-Schuster,Ankle,,Out,Ankle,,Did Not Participate In Practice,2023-12-22 20:22:28,injury_reports_2023.csv,3.0,WR,NE
2023,REG,NE,16,00-0033090,TE,Hunter Henry,Hunter,Henry,Knee,,Questionable,Knee,,Limited Participation in Practice,2023-12-22 20:22:03,injury_reports_2023.csv,1.0,TE,NE
2023,REG,NE,16,00-0026293,WR,Matt Slater,Matt,Slater,Hamstring,,Questionable,Hamstring,,Limited Participation in Practice,2023-12-22 20:22:03,injury_reports_2023.csv,1.0,WR,NE
2023,REG,NO,16,00-0037239,WR,Chris Olave,Chris,Olave,,,,Ankle,,Full Participation in Practice,2023-12-20 20:02:25,injury_reports_2023.csv,0.0,WR,NO
2023,REG,NYG,16,00-0031610,TE,Darren Waller,Darren,Waller,,,,Hamstring,,Full Participation in Practice,2023-12-23 19:05:29,injury_reports_2023.csv,0.0,TE,NYG
2023,REG,NYG,16,00-0036145,TE,Lawrence Cager,Lawrence,Cager,Groin,,Questionable,Groin,,Limited Participation in Practice,2023-12-23 19:07:26,injury_reports_2023.csv,1.0,TE,NYG
2023,REG,NYJ,16,00-0038492,WR,Jason Brownlee,Jason,Brownlee,,,,Ankle,,Full Participation in Practice,2023-12-22 19:40:25,injury_reports_2023.csv,0.0,WR,NYJ
2023,REG,PHI,16,00-0036912,WR,DeVonta Smith,DeVonta,Smith,,,,Knee,,Limited Participation in Practice,2023-12-23 20:42:34,injury_reports_2023.csv,0.0,WR,PHI
2023,REG,PIT,16,00-0036894,TE,Pat Freiermuth,Pat,Freiermuth,,,,Knee,,Full Participation in Practice,2023-12-21 19:53:34,injury_reports_2023.csv,0.0,TE,PIT
2023,REG,SEA,16,00-0035644,TE,Noah Fant,Noah,Fant,,,,Toe,,Full Participation in Practice,2023-12-22 22:12:41,injury_reports_2023.csv,0.0,TE,SEA
2023,REG,SEA,16,00-0036620,WR,D'Wayne Eskridge,D'Wayne,Eskridge,Ribs,,Out,Ribs,,Did Not Participate In Practice,2023-12-22 20:47:02,injury_reports_2023.csv,3.0,WR,SEA
2023,REG,SF,16,00-0034073,TE,Ross Dwelley,Ross,Dwelley,Ankle,,Out,Ankle,,Did Not Participate In Practice,2023-12-23 21:56:14,injury_reports_2023.csv,3.0,TE,SF
2023,REG,SF,16,00-0036259,WR,Jauan Jennings,Jauan,Jennings,Concussion,,Out,Concussion,,Did Not Participate In Practice,2023-12-23 21:56:28,injury_reports_2023.csv,3.0,WR,SF
2023,REG,TB,16,00-0033921,WR,Chris Godwin,Chris,Godwin,,,,Knee,Not injury related - resting p,Full Participation in Practice,2023-12-22 20:46:08,injury_reports_2023.csv,0.0,WR,TB
2023,REG,TB,16,00-0038821,WR,Rakim Jarrett,Rakim,Jarrett,Quadricep,,Out,Quadricep,,Full Participation in Practice,2023-12-22 20:47:03,injury_reports_2023.csv,3.0,WR,TB
2023,REG,TEN,16,00-0036182,WR,Nick Westbrook-Ikhine,Nick,Westbrook-Ikhine,,,,Hand,,Did Not Participate In Practice,2023-12-20 21:07:42,injury_reports_2023.csv,0.0,WR,TEN
2023,REG,TEN,16,00-0037742,WR,Treylon Burks,Treylon,Burks,,,,Illness,,Full Participation in Practice,2023-12-22 20:21:13,injury_reports_2023.csv,0.0,WR,TEN
2023,REG,TEN,16,00-0030564,WR,DeAndre Hopkins,DeAndre,Hopkins,,,,Not injury related - resting player,,Full Participation in Practice,2023-12-22 20:21:40,injury_reports_2023.csv,0.0,WR,TEN
2023,REG,TEN,16,00-0037273,WR,Kyle Philips,Kyle,Philips,Hamstring,,Out,Hamstring,,Did Not Participate In Practice,2023-12-22 20:27:23,injury_reports_2023.csv,3.0,WR,TEN
2023,REG,TEN,16,00-0037809,TE,Chigoziem Okonkwo,Chigoziem,Okonkwo,Illness,,Questionable,Illness,,Did Not Participate In Practice,2023-12-22 20:25:11,injury_reports_2023.csv,1.0,TE,TEN
2023,REG,TEN,16,00-0038589,TE,Josh Whyle,Josh,Whyle,Knee,,Questionable,Knee,,Full Participation in Practice,2023-12-22 20:25:11,injury_reports_2023.csv,1.0,TE,TEN
2023,REG,TEN,16,00-0035259,TE,Trevon Wesco,Trevon,Wesco,Shin,,Questionable,Shin,,Limited Participation in Practice,2023-12-22 20:25:11,injury_reports_2023.csv,1.0,TE,TEN
2023,REG,ARZ,17,00-0035662,WR,Marquise Brown,Marquise,Brown,Heel,,Out,Heel,,Did Not Participate In Practice,2023-12-29 19:35:19,injury_reports_2023.csv,3.0,WR,ARI
2023,REG,BLT,17,00-0031235,WR,Odell Beckham,Odell,Beckham,,,,Not injury related - resting player,,Did Not Participate In Practice,2023-12-29 21:28:32,injury_reports_2023.csv,0.0,WR,BAL
2023,REG,BLT,17,00-0039064,WR,Zay Flowers,Zay,Flowers,Calf,,Questionable,Calf,,Limited Participation in Practice,2023-12-29 21:30:19,injury_reports_2023.csv,1.0,WR,BAL
2023,REG,BUF,17,00-0031588,WR,Stefon Diggs,Stefon,Diggs,,,,Not injury related - resting player,,Did Not Participate In Practice,2023-12-29 20:31:42,injury_reports_2023.csv,0.0,WR,BUF
2023,REG,BUF,17,00-0038590,WR,Justin Shorter,Justin,Shorter,Hamstring,,Questionable,Hamstring,,Full Participation in Practice,2023-12-29 20:32:47,injury_reports_2023.csv,1.0,WR,BUF
2023,REG,CAR,17,00-0030035,WR,Adam Thielen,Adam,Thielen,,,,Not injury related - resting player,,Did Not Participate In Practice,2023-12-27 18:58:05,injury_reports_2023.csv,0.0,WR,CAR
2023,REG,CAR,17,00-0036438,TE,Stephen Sullivan,Stephen,Sullivan,,,,Wrist,,Full Participation in Practice,2023-12-29 18:53:16,injury_reports_2023.csv,0.0,TE,CAR
2023,REG,CAR,17,00-0037005,TE,Tommy Tremble,Tommy,Tremble,,,,Back,,Full Participation in Practice,2023-12-29 18:53:26,injury_reports_2023.csv,0.0,TE,CAR
2023,REG,CHI,17,00-0024243,TE,Marcedes Lewis,Marcedes,Lewis,,,,Not injury related - resting player,,Did Not Participate In Practice,2023-12-28 19:16:28,injury_reports_2023.csv,0.0,TE,CHI
2023,REG,CHI,17,00-0034279,WR,Equanimeous St. Brown,Equanimeous,St. Brown,,,,Pectoral,,Full Participation in Practice,2023-12-29 21:47:12,injury_reports_2023.csv,0.0,WR,CHI
2023,REG,CHI,17,00-0036309,WR,Darnell Mooney,Darnell,Mooney,Concussion,,Out,Concussion,,Did Not Participate In Practice,2023-12-29 21:48:58,injury_reports_2023.csv,3.0,WR,CHI
2023,REG,CHI,17,00-0036290,TE,Cole Kmet,Cole,Kmet,Knee,,Questionable,Knee,,Limited Participation in Practice,2023-12-29 21:48:46,injury_reports_2023.csv,1.0,TE,CHI
2023,REG,CIN,17,00-0035771,TE,Mitchell Wilcox,Mitchell,Wilcox,,,,Foot,,Full Participation in Practice,2023-12-29 19:06:17,injury_reports_2023.csv,0.0,TE,CIN
2023,REG,CIN,17,00-0036900,WR,Ja'Marr Chase,Ja'Marr,Chase,Shoulder,,Questionable,Shoulder,,Limited Participation in Practice,2023-12-29 19:07:02,injury_reports_2023.csv,1.0,WR,CIN
2023,REG,CLV,17,00-0033885,TE,David Njoku,David,Njoku,,,,Not injury related - resting player,Knee,Full Participation in Practice,2023-12-27 20:26:02,injury_reports_2023.csv,0.0,TE,CLE
2023,REG,CLV,17,00-0038979,WR,Cedric Tillman,Cedric,Tillman,,,,Knee,,Full Participation in Practice,2023-12-27 20:24:36,injury_reports_2023.csv,0.0,WR,CLE
2023,REG,CLV,17,00-0031544,WR,Amari Cooper,Amari,Cooper,Not injury related - resting player,Heel,Questionable,Not injury related - resting player,Heel,Did Not Participate In Practice,2023-12-27 20:26:59,injury_reports_2023.csv,1.0,WR,CLE
2023,REG,CLV,17,00-0030068,WR,Marquise Goodwin,Marquise,Goodwin,Knee,,Questionable,Knee,,Limited Participation in Practice,2023-12-27 20:26:59,injury_reports_2023.csv,1.0,WR,CLE
2023,REG,DAL,17,00-0031236,WR,Brandin Cooks,Brandin,Cooks,,,,Not injury related - resting player,,Limited Participation in Practice,2023-12-26 18:46:32,injury_reports_2023.csv,0.0,WR,DAL
2023,REG,DEN,17,00-0031484,TE,Chris Manhertz,Chris,Manhertz,,,,Not injury related - resting player,,Full Participation in Practice,2023-12-29 21:14:40,injury_reports_2023.csv,0.0,TE,DEN
2023,REG,DEN,17,00-0037252,TE,Greg Dulcich,Greg,Dulcich,Hamstring,Foot,Out,Hamstring,Foot,Did Not Participate In Practice,2023-12-29 21:40:15,injury_reports_2023.csv,3.0,TE,DEN
2023,REG,DEN,17,00-0034348,WR,Courtland Sutton,Courtland,Sutton,Concussion,,Out,Concussion,,Did Not Participate In Practice,2023-12-29 21:41:02,injury_reports_2023.csv,3.0,WR,DEN
2023,REG,DEN,17,00-0036407,WR,Jerry Jeudy,Jerry,Jeudy,Illness,,Questionable,Illness,,Did Not Participate In Practice,2023-12-29 21:40:27,injury_reports_2023.csv,1.0,WR,DEN
2023,REG,DEN,17,00-0038976,WR,Marvin Mims,Marvin,Mims,Hamstring,,Questionable,Hamstring,,Did Not Participate In Practice,2023-12-29 21:40:38,injury_reports_2023.csv,1.0,WR,DEN
2023,REG,DET,17,00-0036754,TE,Brock Wright,Brock,Wright,Hip,,Out,Hip,,Did Not Participate In Practice,2023-12-28 20:51:18,injury_reports_2023.csv,3.0,TE,DET
2023,REG,GB,17,00-0039146,WR,Jayden Reed,Jayden,Reed,,,,Toe,Chest,Limited Participation in Practice,2023-12-29 19:43:42,injury_reports_2023.csv,0.0,WR,GB
2023,REG,GB,17,00-0038124,WR,Christian Watson,Christian,Watson,Hamstring,,Doubtful,Hamstring,,Did Not Participate In Practice,2023-12-29 19:45:05,injury_reports_2023.csv,2.0,WR,GB
2023,REG,GB,17,00-0039144,TE,Luke Musgrave,Luke,Musgrave,kidney,,Doubtful,kidney,,Limited Participation in Practice,2023-12-29 19:44:37,injury_reports_2023.csv,2.0,TE,GB
2023,REG,GB,17,00-0038393,WR,Dontayvion Wicks,Dontayvion,Wicks,Chest,Ankle,Questionable,Chest,Ankle,Did Not Participate In Practice,2023-12-29 19:44:14,injury_reports_2023.csv,1.0,WR,GB
2023,REG,HST,17,00-0033591,WR,Noah Brown,Noah,Brown,,,,Knee,,Full Participation in Practice,2023-12-29 20:56:44,injury_reports_2023.csv,0.0,WR,HOU
2023,REG,HST,17,00-0036554,WR,Nico Collins,Nico,Collins,,,,Calf,,Full Participation in Practice,2023-12-29 20:56:10,injury_reports_2023.csv,0.0,WR,HOU
2023,REG,HST,17,00-0030431,WR,Robert Woods,Robert,Woods,,,,Not injury related - resting player,,Limited Participation in Practice,2023-12-27 21:48:09,injury_reports_2023.csv,0.0,WR,HOU
2023,REG,IND,17,00-0035045,WR,D.J. Montgomery,D.J.,Montgomery,Groin,,Questionable,Groin,,Full Participation in Practice,2023-12-29 20:29:56,injury_reports_2023.csv,1.0,WR,IND
2023,REG,IND,17,00-0036252,WR,Michael Pittman,Michael,Pittman,Concussion,Shoulder,Questionable,Concussion,Shoulder,Full Participation in Practice,2023-12-29 20:29:56,injury_reports_2023.csv,1.0,WR,IND
2023,REG,JAX,17,00-0038935,TE,Brenton Strange,Brenton,Strange,,,,Foot,,Limited Participation in Practice,2023-12-29 19:43:57,injury_reports_2023.csv,0.0,TE,JAX
2023,REG,JAX,17,00-0033891,WR,Zay Jones,Zay,Jones,Knee,Hamstring,Questionable,Knee,Hamstring,Limited Participation in Practice,2023-12-29 19:44:05,injury_reports_2023.csv,1.0,WR,JAX
2023,REG,KC,17,00-0036913,WR,Kadarius Toney,Kadarius,Toney,Hip,,Out,Hip,,Did Not Participate In Practice,2023-12-29 20:47:21,injury_reports_2023.csv,3.0,WR,KC
2023,REG,KC,17,00-0035140,WR,Mecole Hardman,Mecole,Hardman,Thumb,,Questionable,Thumb,,Full Participation in Practice,2023-12-29 20:47:01,injury_reports_2023.csv,1.0,WR,KC
2023,REG,LA,17,00-0039075,WR,Puka Nacua,Puka,Nacua,Hip,,Questionable,Hip,,Did Not Participate In Practice,2023-12-29 20:39:57,injury_reports_2023.csv,1.0,WR,LA
2023,REG,LAC,17,00-0030279,WR,Keenan Allen,Keenan,Allen,Heel,,Out,Heel,,Did Not Participate In Practice,2023-12-29 20:23:32,injury_reports_2023.csv,3.0,WR,LAC
2023,REG,LAC,17,00-0036988,WR,Josh Palmer,Josh,Palmer,Concussion,,Out,Concussion,,Did Not Participate In Practice,2023-12-29 20:23:58,injury_reports_2023.csv,3.0,WR,LAC
2023,REG,LAC,17,00-0032394,TE,Nick Vannett,Nick,Vannett,Back,,Questionable,Back,,Full Participation in Practice,2023-12-29 20:23:25,injury_reports_2023.csv,1.0,TE,LAC
2023,REG,LV,17,00-0035562,TE,Jesper Horsted,Jesper,Horsted,,,,Hamstring,,Did Not Participate In Practice,2023-12-27 22:19:24,injury_reports_2023.csv,0.0,TE,LV
2023,REG,LV,17,00-0036527,WR,D.J. Turner,D.J.,Turner,,,,Shoulder,,Limited Participation in Practice,2023-12-29 20:30:19,injury_reports_2023.csv,0.0,WR,LV
2023,REG,LV,17,00-0039066,TE,Michael Mayer,Michael,Mayer,Toe,,Out,Toe,,Did Not Participate In Practice,2023-12-29 20:30:59,injury_reports_2023.csv,3.0,TE,LV
2023,REG,MIA,17,00-0032688,WR,Robbie Chosen,Robbie,Chosen,,,,Concussion,,Full Participation in Practice,2023-12-29 20:53:47,injury_reports_2023.csv,0.0,WR,MIA
2023,REG,MIA,17,00-0033040,WR,Tyreek Hill,Tyreek,Hill,,,,Ankle,,Full Participation in Practice,2023-12-29 20:53:57,injury_reports_2023.csv,0.0,WR,MIA
2023,REG,MIA,17,00-0036613,WR,Jaylen Waddle,Jaylen,Waddle,Ankle,,Out,Ankle,,Did Not Participate In Practice,2023-12-29 20:56:30,injury_reports_2023.csv,3.0,WR,MIA
2023,REG,MIN,17,00-0037291,WR,Jalen Nailor,Jalen,Nailor,Concussion,,Out,Concussion,,Did Not Participate In Practice,2023-12-29 19:33:14,injury_reports_2023.csv,3.0,WR,MIN
2023,REG,MIN,17,00-0038994,WR,Jordan Addison,Jordan,Addison,Ankle,,Questionable,Ankle,,Limited Participation in Practice,2023-12-29 19:32:02,injury_reports_2023.csv,1.0,WR,MIN
2023,REG,NE,17,00-0038608,WR,Kayshon Boutte,Kayshon,Boutte,Illness,,Out,Not injury related - personal matter,,Did Not Participate In Practice,2023-12-30 18:11:55,injury_reports_2023.csv,3.0,WR,NE
2023,REG,NE,17,00-0033857,WR,JuJu Smith-Schuster,JuJu,Smith-Schuster,Ankle,,Out,Ankle,,Did Not Participate In Practice,2023-12-29 20:01:33,injury_reports_2023.csv,3.0,WR,NE
2023,REG,NE,17,00-0033090,TE,Hunter Henry,Hunter,Henry,Knee,,Questionable,Knee,,Limited Participation in Practice,2023-12-29 20:01:21,injury_reports_2023.csv,1.0,TE,NE
2023,REG,NE,17,00-0026293,WR,Matt Slater,Matt,Slater,Hamstring,,Questionable,Hamstring,,Limited Participation in Practice,2023-12-29 20:01:21,injury_reports_2023.csv,1.0,WR,NE
2023,REG,NO,17,00-0027696,TE,Jimmy Graham,Jimmy,Graham,,,,Not injury related - resting player,,Limited Participation in Practice,2023-12-27 20:43:46,injury_reports_2023.csv,0.0,TE,NO
2023,REG,NO,17,00-0037239,WR,Chris Olave,Chris,Olave,,,,Ankle,,Limited Participation in Practice,2023-12-29 20:02:19,injury_reports_2023.csv,0.0,WR,NO
2023,REG,NYG,17,00-0031610,TE,Darren Waller,Darren,Waller,,,,Knee,,Full Participation in Practice,2023-12-29 19:24:20,injury_reports_2023.csv,0.0,TE,NYG
2023,REG,NYG,17,00-0036145,TE,Lawrence Cager,Lawrence,Cager,Groin,,Doubtful,Groin,,Limited Participation in Practice,2023-12-29 19:28:02,injury_reports_2023.csv,2.0,TE,NYG
2023,REG,NYG,17,00-0038117,WR,Wan'Dale Robinson,Wan'Dale,Robinson,Quadricep,,Questionable,Quadricep,,Limited Participation in Practice,2023-12-29 19:27:43,injury_reports_2023.csv,1.0,WR,NYG
2023,REG,NYJ,17,00-0037805,TE,Jeremy Ruckert,Jeremy,Ruckert,Concussion,,Out,Concussion,,Did Not Participate In Practice,2023-12-27 20:29:35,injury_reports_2023.csv,3.0,TE,NYJ
2023,REG,NYJ,17,00-0034521,WR,Allen Lazard,Allen,Lazard,Illness,,Questionable,Illness,,Did Not Participate In Practice,2023-12-27 20:27:17,injury_reports_2023.csv,1.0,WR,NYJ
2023,REG,PHI,17,00-0036423,TE,Albert Okwuegbunam,Albert,Okwuegbunam,Hamstring,,Questionable,Hamstring,,Limited Participation in Practice,2023-12-29 20:47:52,injury_reports_2023.csv,1.0,TE,PHI
2023,REG,SEA,17,00-0038752,WR,Jake Bobo,Jake,Bobo,,,,Knee,,Full Participation in Practice,2023-12-29 22:09:18,injury_reports_2023.csv,0.0,WR,SEA
2023,REG,SEA,17,00-0035644,TE,Noah Fant,Noah,Fant,,,,Knee,,Full Participation in Practice,2023-12-29 22:09:18,injury_reports_2023.csv,0.0,TE,SEA
2023,REG,SEA,17,00-0038543,WR,Jaxon Smith-Njigba,Jaxon,Smith-Njigba,,,,Knee,,Full Participation in Practice,2023-12-29 22:09:18,injury_reports_2023.csv,0.0,WR,SEA
2023,REG,SEA,17,00-0032211,WR,Tyler Lockett,Tyler,Lockett,,,,Not injury related - resting player,,Limited Participation in Practice,2023-12-27 23:54:46,injury_reports_2023.csv,0.0,WR,SEA
2023,REG,SEA,17,00-0036620,WR,D'Wayne Eskridge,D'Wayne,Eskridge,Ribs,,Out,Ribs,,Did Not Participate In Practice,2023-12-29 20:56:53,injury_reports_2023.csv,3.0,WR,SEA
2023,REG,SEA,17,00-0035640,WR,DK Metcalf,DK,Metcalf,Back,,Questionable,Back,,Did Not Participate In Practice,2023-12-29 21:04:15,injury_reports_2023.csv,1.0,WR,SEA
2023,REG,SF,17,00-0035719,WR,Deebo Samuel,Deebo,Samuel,,,,Neck,,Full Participation in Practice,2023-12-29 20:56:58,injury_reports_2023.csv,0.0,WR,SF
2023,REG,SF,17,00-0034073,TE,Ross Dwelley,Ross,Dwelley,Ankle,,Out,Ankle,,Did Not Participate In Practice,2023-12-29 20:57:55,injury_reports_2023.csv,3.0,TE,SF
2023,REG,SF,17,00-0036259,WR,Jauan Jennings,Jauan,Jennings,Concussion,,Out,Concussion,,Did Not Participate In Practice,2023-12-29 20:58:12,injury_reports_2023.csv,3.0,WR,SF
2023,REG,SF,17,00-0037828,WR,Danny Gray,Danny,Gray,Shoulder,,Questionable,Shoulder,,Full Participation in Practice,2023-12-29 20:57:32,injury_reports_2023.csv,1.0,WR,SF
2023,REG,TB,17,00-0037311,TE,Ko Kieft,Ko,Kieft,Shoulder,,Out,Shoulder,,Did Not Participate In Practice,2023-12-29 19:10:03,injury_reports_2023.csv,3.0,TE,TB
2023,REG,TB,17,00-0038821,WR,Rakim Jarrett,Rakim,Jarrett,Quadricep,,Out,Quadricep,,Full Participation in Practice,2023-12-29 19:09:58,injury_reports_2023.csv,3.0,WR,TB
2023,REG,TEN,17,00-0038632,WR,Colton Dowell,Colton,Dowell,,,,Hip,,Full Participation in Practice,2023-12-29 19:53:37,injury_reports_2023.csv,0.0,WR,TEN
2023,REG,TEN,17,00-0030564,WR,DeAndre Hopkins,DeAndre,Hopkins,,,,Not injury related - resting player,,Full Participation in Practice,2023-12-29 19:53:56,injury_reports_2023.csv,0.0,WR,TEN
2023,REG,TEN,17,00-0037273,WR,Kyle Philips,Kyle,Philips,,,,Hamstring,,Full Participation in Practice,2023-12-29 19:52:35,injury_reports_2023.csv,0.0,WR,TEN
2023,REG,TEN,17,00-0035259,TE,Trevon Wesco,Trevon,Wesco,,,,Shin,,Full Participation in Practice,2023-12-29 19:52:35,injury_reports_2023.csv,0.0,TE,TEN
2023,REG,TEN,17,00-0032398,WR,Chris Moore,Chris,Moore,,,,Ribs,,Limited Participation in Practice,2023-12-29 19:52:35,injury_reports_2023.csv,0.0,WR,TEN
2023,REG,TEN,17,00-0038589,TE,Josh Whyle,Josh,Whyle,Knee,,Questionable,Knee,,Limited Participation in Practice,2023-12-29 19:57:51,injury_reports_2023.csv,1.0,TE,TEN
2023,REG,ARZ,18,00-0033251,WR,Zach Pascal,Zach,Pascal,Hamstring,,Questionable,Hamstring,,Limited Participation in Practice,2024-01-05 20:41:56,injury_reports_2023.csv,1.0,WR,ARI
2023,REG,BLT,18,00-0031235,WR,Odell Beckham,Odell,Beckham,Not injury related - resting player,coach decision,Out,Not injury related - resting player,coach decision,Did Not Participate In Practice,2024-01-04 23:53:21,injury_reports_2023.csv,3.0,WR,BAL
2023,REG,BLT,18,00-0039064,WR,Zay Flowers,Zay,Flowers,Calf,,Doubtful,Calf,,Did Not Participate In Practice,2024-01-04 22:40:05,injury_reports_2023.csv,2.0,WR,BAL
2023,REG,BLT,18,00-0036630,WR,Tylan Wallace,Tylan,Wallace,Knee,,Questionable,Knee,,Limited Participation in Practice,2024-01-04 22:38:38,injury_reports_2023.csv,1.0,WR,BAL
2023,REG,BUF,18,00-0031588,WR,Stefon Diggs,Stefon,Diggs,,,,Not injury related - resting player,,Did Not Participate In Practice,2024-01-05 19:50:05,injury_reports_2023.csv,0.0,WR,BUF
2023,REG,CAR,18,00-0034777,WR,D.J. Chark,D.J.,Chark,,,,Foot,,Full Participation in Practice,2024-01-05 17:23:46,injury_reports_2023.csv,0.0,WR,CAR
2023,REG,CAR,18,00-0036635,WR,Ihmir Smith-Marsette,Ihmir,Smith-Marsette,,,,Hip,,Full Participation in Practice,2024-01-05 17:24:40,injury_reports_2023.csv,0.0,WR,CAR
2023,REG,CHI,18,00-0024243,TE,Marcedes Lewis,Marcedes,Lewis,,,,Not injury related - resting player,,Did Not Participate In Practice,2024-01-04 20:24:09,injury_reports_2023.csv,0.0,TE,CHI
2023,REG,CHI,18,00-0034827,WR,D.J. Moore,D.J.,Moore,,,,Ankle,,Full Participation in Practice,2024-01-05 19:55:59,injury_reports_2023.csv,0.0,WR,CHI
2023,REG,CHI,18,00-0036309,WR,Darnell Mooney,Darnell,Mooney,Concussion,,Out,Concussion,,Did Not Participate In Practice,2024-01-05 19:58:16,injury_reports_2023.csv,3.0,WR,CHI
2023,REG,CHI,18,00-0036290,TE,Cole Kmet,Cole,Kmet,Knee,,Questionable,Knee,,Full Participation in Practice,2024-01-05 19:57:37,injury_reports_2023.csv,1.0,TE,CHI
2023,REG,CIN,18,00-0036900,WR,Ja'Marr Chase,Ja'Marr,Chase,,,,Shoulder,,Full Participation in Practice,2024-01-05 19:30:39,injury_reports_2023.csv,0.0,WR,CIN
2023,REG,CIN,18,00-0035341,WR,Trenton Irwin,Trenton,Irwin,,,,Hamstring,,Full Participation in Practice,2024-01-05 19:31:07,injury_reports_2023.csv,0.0,WR,CIN
2023,REG,CIN,18,00-0036410,WR,Tee Higgins,Tee,Higgins,Hamstring,,Doubtful,Hamstring,,Did Not Participate In Practice,2024-01-05 19:31:17,injury_reports_2023.csv,2.0,WR,CIN
2023,REG,CLV,18,00-0033885,TE,David Njoku,David,Njoku,,,,Not injury related - resting player,"Knee, Illness",Limited Participation in Practice,2024-01-05 19:53:21,injury_reports_2023.csv,0.0,TE,CLE
2023,REG,CLV,18,00-0031544,WR,Amari Cooper,Amari,Cooper,Not injury related - resting player,Heel,Out,Not injury related - resting player,Heel,Did Not Participate In Practice,2024-01-05 20:01:10,injury_reports_2023.csv,3.0,WR,CLE
2023,REG,CLV,18,00-0030068,WR,Marquise Goodwin,Marquise,Goodwin,Knee,,Questionable,Knee,,Did Not Participate In Practice,2024-01-05 20:01:00,injury_reports_2023.csv,1.0,WR,CLE
2023,REG,CLV,18,00-0036980,WR,Elijah Moore,Elijah,Moore,Concussion,,Questionable,Concussion,,Limited Participation in Practice,2024-01-05 20:01:00,injury_reports_2023.csv,1.0,WR,CLE
2023,REG,DAL,18,00-0031236,WR,Brandin Cooks,Brandin,Cooks,,,,Not injury related - resting player,,Limited Participation in Practice,2024-01-03 20:47:32,injury_reports_2023.csv,0.0,WR,DAL
2023,REG,DEN,18,00-0038976,WR,Marvin Mims,Marvin,Mims,,,,Hamstring,,Full Participation in Practice,2024-01-05 21:37:22,injury_reports_2023.csv,0.0,WR,DEN
2023,REG,DEN,18,00-0034348,WR,Courtland Sutton,Courtland,Sutton,,,,Concussion,,Full Participation in Practice,2024-01-05 21:37:22,injury_reports_2023.csv,0.0,WR,DEN
2023,REG,DEN,18,00-0031484,TE,Chris Manhertz,Chris,Manhertz,Illness,,Out,Illness,,Did Not Participate In Practice,2024-01-05 21:38:25,injury_reports_2023.csv,3.0,TE,DEN
2023,REG,DET,18,00-0039065,TE,Sam LaPorta,Sam,LaPorta,,,,Ankle,,Full Participation in Practice,2024-01-05 20:41:48,injury_reports_2023.csv,0.0,TE,DET
2023,REG,DET,18,00-0037240,WR,Jameson Williams,Jameson,Williams,Ankle,Illness,Out,Ankle,Illness,Did Not Participate In Practice,2024-01-05 20:43:04,injury_reports_2023.csv,3.0,WR,DET
2023,REG,DET,18,00-0036754,TE,Brock Wright,Brock,Wright,Hip,,Out,Hip,,Did Not Participate In Practice,2024-01-05 20:43:12,injury_reports_2023.csv,3.0,TE,DET
2023,REG,GB,18,00-0038124,WR,Christian Watson,Christian,Watson,Hamstring,,Questionable,Hamstring,,Did Not Participate In Practice,2024-01-05 20:03:48,injury_reports_2023.csv,1.0,WR,GB
2023,REG,GB,18,00-0038393,WR,Dontayvion Wicks,Dontayvion,Wicks,Chest,,Questionable,Chest,,Full Participation in Practice,2024-01-05 20:03:48,injury_reports_2023.csv,1.0,WR,GB
2023,REG,GB,18,00-0039144,TE,Luke Musgrave,Luke,Musgrave,kidney,,Questionable,kidney,,Limited Participation in Practice,2024-01-05 20:03:48,injury_reports_2023.csv,1.0,TE,GB
2023,REG,GB,18,00-0039146,WR,Jayden Reed,Jayden,Reed,Chest,,Questionable,Chest,,Limited Participation in Practice,2024-01-05 20:03:48,injury_reports_2023.csv,1.0,WR,GB
2023,REG,HST,18,00-0033591,WR,Noah Brown,Noah,Brown,Back,,Out,Back,,Did Not Participate In Practice,2024-01-04 21:06:05,injury_reports_2023.csv,3.0,WR,HOU
2023,REG,HST,18,00-0030431,WR,Robert Woods,Robert,Woods,Hip,,Questionable,Hip,,Did Not Participate In Practice,2024-01-04 21:05:53,injury_reports_2023.csv,1.0,WR,HOU
2023,REG,JAX,18,00-0033891,WR,Zay Jones,Zay,Jones,Knee,Hamstring,Questionable,Knee,Hamstring,Limited Participation in Practice,2024-01-05 18:52:04,injury_reports_2023.csv,1.0,WR,JAX
2023,REG,JAX,18,00-0034775,WR,Christian Kirk,Christian,Kirk,Groin,,Questionable,Groin,,Limited Participation in Practice,2024-01-05 18:52:29,injury_reports_2023.csv,1.0,WR,JAX
2023,REG,KC,18,00-0032062,TE,Blake Bell,Blake,Bell,,,,Finger,,Full Participation in Practice,2024-01-05 21:00:51,injury_reports_2023.csv,0.0,TE,KC
2023,REG,KC,18,00-0036637,TE,Noah Gray,Noah,Gray,,,,Ribs,,Full Participation in Practice,2024-01-05 21:00:51,injury_reports_2023.csv,0.0,TE,KC
2023,REG,KC,18,00-0037216,WR,Justyn Ross,Justyn,Ross,,,,Illness,,Full Participation in Practice,2024-01-04 23:47:54,injury_reports_2023.csv,0.0,WR,KC
2023,REG,KC,18,00-0030506,TE,Travis Kelce,Travis,Kelce,,,,Neck,,Limited Participation in Practice,2024-01-05 21:00:51,injury_reports_2023.csv,0.0,TE,KC
2023,REG,KC,18,00-0039067,WR,Rashee Rice,Rashee,Rice,Hamstring,,Out,Hamstring,,Did Not Participate In Practice,2024-01-05 21:05:32,injury_reports_2023.csv,3.0,WR,KC
2023,REG,KC,18,00-0036913,WR,Kadarius Toney,Kadarius,Toney,Hip,Ankle,Out,Hip,Ankle,Did Not Participate In Practice,2024-01-05 21:05:42,injury_reports_2023.csv,3.0,WR,KC
2023,REG,LA,18,00-0033110,TE,Tyler Higbee,Tyler,Higbee,Shoulder,,Doubtful,Shoulder,,Did Not Participate In Practice,2024-01-05 20:39:01,injury_reports_2023.csv,2.0,TE,LA
2023,REG,LA,18,00-0033908,WR,Cooper Kupp,Cooper,Kupp,Coach's decision,,Doubtful,Coach's decision,,Full Participation in Practice,2024-01-05 20:40:13,injury_reports_2023.csv,2.0,WR,LA
2023,REG,LAC,18,00-0036988,WR,Josh Palmer,Josh,Palmer,,,,Concussion,,Full Participation in Practice,2024-01-05 20:04:45,injury_reports_2023.csv,0.0,WR,LAC
2023,REG,LAC,18,00-0030279,WR,Keenan Allen,Keenan,Allen,Heel,,Out,Heel,,Did Not Participate In Practice,2024-01-05 20:05:06,injury_reports_2023.csv,3.0,WR,LAC
2023,REG,LAC,18,00-0037475,TE,Stone Smartt,Stone,Smartt,Shoulder,,Questionable,Shoulder,,Full Participation in Practice,2024-01-05 20:05:02,injury_reports_2023.csv,1.0,TE,LAC
2023,REG,LV,18,00-0039066,TE,Michael Mayer,Michael,Mayer,Toe,,Out,Toe,,Did Not Participate In Practice,2024-01-05 21:47:03,injury_reports_2023.csv,3.0,TE,LV
2023,REG,MIA,18,00-0033040,WR,Tyreek Hill,Tyreek,Hill,,,,Ankle,,Full Participation in Practice,2024-01-05 20:49:08,injury_reports_2023.csv,0.0,WR,MIA
2023,REG,MIA,18,00-0036613,WR,Jaylen Waddle,Jaylen,Waddle,Ankle,,Questionable,Ankle,,Limited Participation in Practice,2024-01-05 20:51:16,injury_reports_2023.csv,1.0,WR,MIA
2023,REG,MIN,18,00-0037317,TE,Nick Muse,Nick,Muse,,,,Knee,,Full Participation in Practice,2024-01-05 19:46:52,injury_reports_2023.csv,0.0,TE,MIN
2023,REG,MIN,18,00-0037291,WR,Jalen Nailor,Jalen,Nailor,Concussion,,Out,Concussion,,Did Not Participate In Practice,2024-01-05 19:48:41,injury_reports_2023.csv,3.0,WR,MIN
2023,REG,NE,18,00-0033090,TE,Hunter Henry,Hunter,Henry,Knee,,Out,Knee,,Did Not Participate In Practice,2024-01-05 20:39:40,injury_reports_2023.csv,3.0,TE,NE
2023,REG,NE,18,00-0033439,TE,Pharaoh Brown,Pharaoh,Brown,Ribs,,Questionable,Ribs,,Limited Participation in Practice,2024-01-05 20:39:21,injury_reports_2023.csv,1.0,TE,NE
2023,REG,NE,18,00-0031547,WR,DeVante Parker,DeVante,Parker,Ribs,,Questionable,Ribs,,Limited Participation in Practice,2024-01-05 20:39:21,injury_reports_2023.csv,1.0,WR,NE
2023,REG,NE,18,00-0026293,WR,Matt Slater,Matt,Slater,Hamstring,,Questionable,Hamstring,,Limited Participation in Practice,2024-01-05 20:39:21,injury_reports_2023.csv,1.0,WR,NE
2023,REG,NE,18,00-0038104,WR,Tyquan Thornton,Tyquan,Thornton,Ankle,,Questionable,Ankle,,Limited Participation in Practice,2024-01-05 20:39:21,injury_reports_2023.csv,1.0,WR,NE
2023,REG,NO,18,00-0037239,WR,Chris Olave,Chris,Olave,,,,Ankle,,Full Participation in Practice,2024-01-05 20:08:18,injury_reports_2023.csv,0.0,WR,NO
2023,REG,NO,18,00-0027696,TE,Jimmy Graham,Jimmy,Graham,,,,Not injury related - resting player,,Limited Participation in Practice,2024-01-03 20:46:18,injury_reports_2023.csv,0.0,TE,NO
2023,REG,NO,18,00-0038612,WR,A.T. Perry,A.T.,Perry,Illness,,Questionable,Illness,,Full Participation in Practice,2024-01-05 20:08:20,injury_reports_2023.csv,1.0,WR,NO
2023,REG,NO,18,00-0036040,TE,Juwan Johnson,Juwan,Johnson,Chest,,Questionable,Chest,,Limited Participation in Practice,2024-01-05 20:08:20,injury_reports_2023.csv,1.0,TE,NO
2023,REG,NYJ,18,00-0034521,WR,Allen Lazard,Allen,Lazard,,,,Illness,,Full Participation in Practice,2024-01-05 19:50:13,injury_reports_2023.csv,0.0,WR,NYJ
2023,REG,NYJ,18,00-0037805,TE,Jeremy Ruckert,Jeremy,Ruckert,Concussion,,Out,Concussion,,Did Not Participate In Practice,2024-01-05 19:50:43,injury_reports_2023.csv,3.0,TE,NYJ
2023,REG,PHI,18,00-0036912,WR,DeVonta Smith,DeVonta,Smith,Ankle,,Out,Ankle,,Did Not Participate In Practice,2024-01-05 20:54:37,injury_reports_2023.csv,3.0,WR,PHI
2023,REG,SEA,18,00-0032211,WR,Tyler Lockett,Tyler,Lockett,,,,Toe,,Full Participation in Practice,2024-01-05 22:03:23,injury_reports_2023.csv,0.0,WR,SEA
2023,REG,SF,18,00-0034073,TE,Ross Dwelley,Ross,Dwelley,Ankle,,Out,Ankle,,Did Not Participate In Practice,2024-01-05 21:45:41,injury_reports_2023.csv,3.0,TE,SF
2023,REG,SF,18,00-0037828,WR,Danny Gray,Danny,Gray,Shoulder,,Questionable,Shoulder,,Full Participation in Practice,2024-01-05 21:45:13,injury_reports_2023.csv,1.0,WR,SF
2023,REG,SF,18,00-0034407,WR,Ray-Ray McCloud,Ray-Ray,McCloud,Rib,,Questionable,Rib,,Full Participation in Practice,2024-01-05 21:45:13,injury_reports_2023.csv,1.0,WR,SF
2023,REG,SF,18,00-0036259,WR,Jauan Jennings,Jauan,Jennings,Concussion,,Questionable,Concussion,,Limited Participation in Practice,2024-01-05 21:45:13,injury_reports_2023.csv,1.0,WR,SF
2023,REG,TB,18,00-0038821,WR,Rakim Jarrett,Rakim,Jarrett,Quadricep,,Questionable,Quadricep,,Full Participation in Practice,2024-01-05 17:59:20,injury_reports_2023.csv,1.0,WR,TB
2023,REG,TB,18,00-0037311,TE,Ko Kieft,Ko,Kieft,Shoulder,,Questionable,Shoulder,,Full Participation in Practice,2024-01-05 17:59:20,injury_reports_2023.csv,1.0,TE,TB
2023,REG,TB,18,00-0039052,WR,Trey Palmer,Trey,Palmer,Hip,,Questionable,Hip,,Limited Participation in Practice,2024-01-05 17:59:20,injury_reports_2023.csv,1.0,WR,TB
2023,REG,TEN,18,00-0030564,WR,DeAndre Hopkins,DeAndre,Hopkins,,,,Not injury related - resting player,,Full Participation in Practice,2024-01-05 19:55:18,injury_reports_2023.csv,0.0,WR,TEN
2023,REG,TEN,18,00-0038632,WR,Colton Dowell,Colton,Dowell,Knee,,Out,Knee,,Did Not Participate In Practice,2024-01-05 19:56:58,injury_reports_2023.csv,3.0,WR,TEN
2023,REG,TEN,18,00-0034193,TE,Kevin Rader,Kevin,Rader,Hip,,Questionable,Hip,,Full Participation in Practice,2024-01-05 19:56:38,injury_reports_2023.csv,1.0,TE,TEN
2023,REG,WAS,18,00-0033282,WR,Curtis Samuel,Curtis,Samuel,,,,Hamstring,,Full Participation in Practice,2024-01-05 19:59:14,injury_reports_2023.csv,0.0,WR,WAS
2023,WC,BUF,19,00-0031588,WR,Stefon Diggs,Stefon,Diggs,,,,Not injury related - resting player,,Did Not Participate In Practice,2024-01-12 19:54:52,injury_reports_2023.csv,0.0,WR,BUF
2023,WC,BUF,19,00-0035215,WR,Deonte Harty,Deonte,Harty,,,,Not injury related - personal matter,,Full Participation in Practice,2024-01-12 19:55:36,injury_reports_2023.csv,0.0,WR,BUF
2023,WC,BUF,19,00-0035689,TE,Dawson Knox,Dawson,Knox,,,,Illness,,Full Participation in Practice,2024-01-12 19:55:48,injury_reports_2023.csv,0.0,TE,BUF
2023,WC,BUF,19,00-0036196,WR,Gabe Davis,Gabe,Davis,Knee,,Out,Knee,,Did Not Participate In Practice,2024-01-12 19:57:05,injury_reports_2023.csv,3.0,WR,BUF
2023,WC,CLV,19,00-0037257,WR,David Bell,David,Bell,,,,Back,,Full Participation in Practice,2024-01-09 21:18:50,injury_reports_2023.csv,0.0,WR,CLE
2023,WC,CLV,19,00-0031544,WR,Amari Cooper,Amari,Cooper,,,,Not injury related - resting player,Heel,Full Participation in Practice,2024-01-11 20:12:10,injury_reports_2023.csv,0.0,WR,CLE
2023,WC,CLV,19,00-0030068,WR,Marquise Goodwin,Marquise,Goodwin,,,,Knee,,Full Participation in Practice,2024-01-11 20:12:44,injury_reports_2023.csv,0.0,WR,CLE
2023,WC,CLV,19,00-0033885,TE,David Njoku,David,Njoku,,,,Not injury related - resting player,Knee,Full Participation in Practice,2024-01-11 20:13:25,injury_reports_2023.csv,0.0,TE,CLE
2023,WC,CLV,19,00-0038979,WR,Cedric Tillman,Cedric,Tillman,Concussion,,Out,Concussion,,Did Not Participate In Practice,2024-01-11 20:14:56,injury_reports_2023.csv,3.0,WR,CLE
2023,WC,DAL,19,00-0031236,WR,Brandin Cooks,Brandin,Cooks,,,,Not injury related - resting player,,Limited Participation in Practice,2024-01-10 20:50:53,injury_reports_2023.csv,0.0,WR,DAL
2023,WC,DET,19,00-0037240,WR,Jameson Williams,Jameson,Williams,,,,Ankle,,Full Participation in Practice,2024-01-12 20:35:13,injury_reports_2023.csv,0.0,WR,DET
2023,WC,DET,19,00-0036754,TE,Brock Wright,Brock,Wright,,,,Hip,,Full Participation in Practice,2024-01-12 20:35:13,injury_reports_2023.csv,0.0,TE,DET
2023,WC,DET,19,00-0037282,TE,James Mitchell,James,Mitchell,Hand,,Out,Hand,,Did Not Participate In Practice,2024-01-12 20:36:34,injury_reports_2023.csv,3.0,TE,DET
2023,WC,DET,19,00-0032464,WR,Kalif Raymond,Kalif,Raymond,Knee,,Out,Knee,,Did Not Participate In Practice,2024-01-12 20:36:39,injury_reports_2023.csv,3.0,WR,DET
2023,WC,DET,19,00-0039065,TE,Sam LaPorta,Sam,LaPorta,Knee,,Questionable,Knee,,Full Participation in Practice,2024-01-12 20:36:15,injury_reports_2023.csv,1.0,TE,DET
2023,WC,GB,19,00-0039144,TE,Luke Musgrave,Luke,Musgrave,,,,kidney,,Full Participation in Practice,2024-01-12 20:12:00,injury_reports_2023.csv,0.0,TE,GB
2023,WC,GB,19,00-0039146,WR,Jayden Reed,Jayden,Reed,,,,Chest,,Full Participation in Practice,2024-01-12 20:12:00,injury_reports_2023.csv,0.0,WR,GB
2023,WC,GB,19,00-0037816,WR,Romeo Doubs,Romeo,Doubs,,,,Chest,,Limited Participation in Practice,2024-01-12 20:12:00,injury_reports_2023.csv,0.0,WR,GB
2023,WC,GB,19,00-0038124,WR,Christian Watson,Christian,Watson,Hamstring,,Questionable,Hamstring,,Limited Participation in Practice,2024-01-12 20:12:41,injury_reports_2023.csv,1.0,WR,GB
2023,WC,HST,19,00-0033591,WR,Noah Brown,Noah,Brown,Back,,Questionable,Back,,Limited Participation in Practice,2024-01-11 20:29:41,injury_reports_2023.csv,1.0,WR,HOU
2023,WC,HST,19,00-0030431,WR,Robert Woods,Robert,Woods,Hip,,Questionable,Hip,,Limited Participation in Practice,2024-01-11 20:29:41,injury_reports_2023.csv,1.0,WR,HOU
2023,WC,KC,19,00-0036637,TE,Noah Gray,Noah,Gray,,,,Elbow,,Full Participation in Practice,2024-01-11 20:19:40,injury_reports_2023.csv,0.0,TE,KC
2023,WC,KC,19,00-0039067,WR,Rashee Rice,Rashee,Rice,,,,Hamstring,,Full Participation in Practice,2024-01-11 20:19:40,injury_reports_2023.csv,0.0,WR,KC
2023,WC,KC,19,00-0034272,WR,Marquez Valdes-Scantling,Marquez,Valdes-Scantling,,,,Oblique,,Full Participation in Practice,2024-01-11 20:19:40,injury_reports_2023.csv,0.0,WR,KC
2023,WC,KC,19,00-0037216,WR,Justyn Ross,Justyn,Ross,Hamstring,,Questionable,Hamstring,,Limited Participation in Practice,2024-01-11 20:20:00,injury_reports_2023.csv,1.0,WR,KC
2023,WC,KC,19,00-0036913,WR,Kadarius Toney,Kadarius,Toney,Hip,Ankle,Questionable,Hip,Ankle,Limited Participation in Practice,2024-01-11 20:28:17,injury_reports_2023.csv,1.0,WR,KC
2023,WC,LA,19,00-0033110,TE,Tyler Higbee,Tyler,Higbee,Shoulder,,Questionable,Shoulder,,Limited Participation in Practice,2024-01-12 20:42:50,injury_reports_2023.csv,1.0,TE,LA
2023,WC,MIA,19,00-0033040,WR,Tyreek Hill,Tyreek,Hill,,,,Ankle,Quadricep,Limited Participation in Practice,2024-01-11 20:56:07,injury_reports_2023.csv,0.0,WR,MIA
2023,WC,MIA,19,00-0036613,WR,Jaylen Waddle,Jaylen,Waddle,Ankle,,Questionable,Ankle,,Limited Participation in Practice,2024-01-11 20:57:10,injury_reports_2023.csv,1.0,WR,MIA
2023,WC,PHI,19,00-0037132,WR,Britain Covey,Britain,Covey,,,,Groin,,Full Participation in Practice,2024-01-13 20:46:09,injury_reports_2023.csv,0.0,WR,PHI
2023,WC,PHI,19,00-0036912,WR,DeVonta Smith,DeVonta,Smith,,,,Ankle,,Full Participation in Practice,2024-01-13 20:45:59,injury_reports_2023.csv,0.0,WR,PHI
2023,WC,PHI,19,00-0035676,WR,A.J. Brown,A.J.,Brown,Knee,,Out,Knee,,Did Not Participate In Practice,2024-01-13 20:46:23,injury_reports_2023.csv,3.0,WR,PHI
2023,WC,TB,19,00-0031408,WR,Mike Evans,Mike,Evans,,,,Not injury related - resting player,,Did Not Participate In Practice,2024-01-13 20:44:33,injury_reports_2023.csv,0.0,WR,TB
2023,WC,TB,19,00-0033921,WR,Chris Godwin,Chris,Godwin,,,,Knee,Not injury related - resting p,Full Participation in Practice,2024-01-13 20:44:03,injury_reports_2023.csv,0.0,WR,TB
