season,game_type,team,week,gsis_id,position,full_name,first_name,last_name,report_primary_injury,report_secondary_injury,report_status,practice_primary_injury,practice_secondary_injury,practice_status,date_modified,source_file,injury_score,original_position,original_team
2023,REG,ARZ,1,00-0034473,LB,Dennis Gardeck,Dennis,Gardeck,,,,Knee,,Full Participation in Practice,2023-09-08 18:49:43,injury_reports_2023.csv,0.0,LB,ARI
2023,REG,ATL,1,00-0036274,CB,Jeff Okudah,Jeff,Okudah,Foot,,Out,Foot,,Did Not Participate In Practice,2023-09-08 17:42:34,injury_reports_2023.csv,3.0,CB,ATL
2023,REG,BLT,1,00-0033281,CB,Marlon Humphrey,Marlon,Humphrey,Foot,,Out,Foot,,Did Not Participate In Practice,2023-09-08 19:57:41,injury_reports_2023.csv,3.0,CB,BAL
2023,REG,BUF,1,00-0030090,S,Micah Hyde,Micah,Hyde,,,,Back,,Full Participation in Practice,2023-09-09 17:24:16,injury_reports_2023.csv,0.0,S,BUF
2023,REG,CAR,1,00-0036037,S,Sam Franklin,Sam,Franklin,,,,Knee,,Full Participation in Practice,2023-09-08 16:58:07,injury_reports_2023.csv,0.0,S,CAR
2023,REG,CAR,1,00-0031795,DI,DeShawn Williams,DeShawn,Williams,,,,Illness,,Full Participation in Practice,2023-09-08 16:58:33,injury_reports_2023.csv,0.0,DT,CAR
2023,REG,CHI,1,00-0038135,S,Jaquan Brisker,Jaquan,Brisker,,,,Groin,,Full Participation in Practice,2023-09-08 18:13:30,injury_reports_2023.csv,0.0,S,CHI
2023,REG,CHI,1,00-0033784,S,Eddie Jackson,Eddie,Jackson,,,,Ankle,,Full Participation in Practice,2023-09-08 18:13:30,injury_reports_2023.csv,0.0,S,CHI
2023,REG,CHI,1,00-0033782,ED,DeMarcus Walker,DeMarcus,Walker,,,,Calf,,Full Participation in Practice,2023-09-08 18:13:30,injury_reports_2023.csv,0.0,DE,CHI
2023,REG,CHI,1,00-0033765,LB,Dylan Cole,Dylan,Cole,Hamstring,,Questionable,Hamstring,,Limited Participation in Practice,2023-09-08 18:14:10,injury_reports_2023.csv,1.0,LB,CHI
2023,REG,CIN,1,00-0033548,CB,Chidobe Awuzie,Chidobe,Awuzie,,,,Not injury related - resting player,,Limited Participation in Practice,2023-09-08 18:25:28,injury_reports_2023.csv,0.0,CB,CIN
2023,REG,CIN,1,00-0036902,ED,Joseph Ossai,Joseph,Ossai,Ankle,,Out,Ankle,,Did Not Participate In Practice,2023-09-08 18:25:40,injury_reports_2023.csv,3.0,DE,CIN
2023,REG,CLV,1,00-0034856,CB,Denzel Ward,Denzel,Ward,,,,Concussion,,Full Participation in Practice,2023-09-08 18:52:48,injury_reports_2023.csv,0.0,CB,CLE
2023,REG,CLV,1,00-0037251,ED,Alex Wright,Alex,Wright,,,,Knee,,Full Participation in Practice,2023-09-08 19:33:42,injury_reports_2023.csv,0.0,DE,CLE
2023,REG,CLV,1,00-0035625,S,Juan Thornhill,Juan,Thornhill,Calf,,Questionable,Calf,,Did Not Participate In Practice,2023-09-08 18:53:12,injury_reports_2023.csv,1.0,S,CLE
2023,REG,DAL,1,00-0033928,CB,Jourdan Lewis,Jourdan,Lewis,,,,Foot,,Full Participation in Practice,2023-09-08 19:27:16,injury_reports_2023.csv,0.0,CB,DAL
2023,REG,DAL,1,00-0035301,S,Donovan Wilson,Donovan,Wilson,Calf,,Doubtful,Calf,,Did Not Participate In Practice,2023-09-08 19:37:03,injury_reports_2023.csv,2.0,S,DAL
2023,REG,DAL,1,00-0033877,S,Malik Hooker,Malik,Hooker,Illness,,Questionable,,,"
    ",2023-09-09 21:53:23,injury_reports_2023.csv,1.0,S,DAL
2023,REG,DAL,1,00-0037665,ED,Sam Williams,Sam,Williams,Foot,,Questionable,Foot,,Full Participation in Practice,2023-09-08 19:35:58,injury_reports_2023.csv,1.0,DE,DAL
2023,REG,DEN,1,00-0036874,CB,Patrick Surtain,Patrick,Surtain,,,,Ankle,,Limited Participation in Practice,2023-09-08 20:14:27,injury_reports_2023.csv,0.0,CB,DEN
2023,REG,DEN,1,00-0038552,CB,Riley Moss,Riley,Moss,Abdomen,,Questionable,Abdomen,,Limited Participation in Practice,2023-09-08 20:14:00,injury_reports_2023.csv,1.0,CB,DEN
2023,REG,DET,1,00-0035219,DI,Isaiah Buggs,Isaiah,Buggs,,,,Illness,,Full Participation in Practice,2023-09-06 20:47:39,injury_reports_2023.csv,0.0,DT,DET
2023,REG,DET,1,00-0036993,S,Ifeatu Melifonwu,Ifeatu,Melifonwu,,,,Hamstring,,Full Participation in Practice,2023-09-06 20:47:39,injury_reports_2023.csv,0.0,S,DET
2023,REG,DET,1,00-0034096,CB,Emmanuel Moseley,Emmanuel,Moseley,Knee,,Out,Knee,,Limited Participation in Practice,2023-09-06 20:49:21,injury_reports_2023.csv,3.0,CB,DET
2023,REG,GB,1,00-0038411,CB,Anthony Johnson,Anthony,Johnson,,,,Knee,,Full Participation in Practice,2023-09-08 18:51:02,injury_reports_2023.csv,0.0,CB,GB
2023,REG,GB,1,00-0034967,LB,Rashan Gary,Rashan,Gary,,,,Knee,,Limited Participation in Practice,2023-09-08 18:51:02,injury_reports_2023.csv,0.0,LB,GB
2023,REG,HST,1,00-0037823,LB,Christian Harris,Christian,Harris,,,,Shoulder,,Full Participation in Practice,2023-09-08 20:10:16,injury_reports_2023.csv,0.0,LB,HOU
2023,REG,HST,1,00-0035276,LB,Blake Cashman,Blake,Cashman,Hamstring,,Out,Hamstring,,Did Not Participate In Practice,2023-09-08 20:10:25,injury_reports_2023.csv,3.0,LB,HOU
2023,REG,HST,1,00-0031298,S,Jimmie Ward,Jimmie,Ward,Hip,,Out,Hip,,Did Not Participate In Practice,2023-09-08 20:10:38,injury_reports_2023.csv,3.0,S,HOU
2023,REG,IND,1,00-0039156,CB,Julius Brents,Julius,Brents,,,,Not injury related - personal matter,,Did Not Participate In Practice,2023-09-08 19:05:01,injury_reports_2023.csv,0.0,CB,IND
2023,REG,IND,1,00-0034846,LB,Shaquille Leonard,Shaquille,Leonard,,,,Concussion,,Full Participation in Practice,2023-09-08 19:04:45,injury_reports_2023.csv,0.0,LB,IND
2023,REG,IND,1,00-0032378,DI,DeForest Buckner,DeForest,Buckner,,,,Forearm,,Limited Participation in Practice,2023-09-08 19:05:12,injury_reports_2023.csv,0.0,DT,IND
2023,REG,JAX,1,00-0038596,S,Antonio Johnson,Antonio,Johnson,Hamstring,,Out,Hamstring,,Did Not Participate In Practice,2023-09-08 18:14:40,injury_reports_2023.csv,3.0,S,JAX
2023,REG,JAX,1,00-0038940,ED,Tyler Lacy,Tyler,Lacy,Hip,,Out,Hip,,Limited Participation in Practice,2023-09-08 18:14:48,injury_reports_2023.csv,3.0,DE,JAX
2023,REG,KC,1,00-0038986,CB,Nic Jones,Nic,Jones,,,,Hand,,Full Participation in Practice,2023-09-06 19:49:55,injury_reports_2023.csv,0.0,CB,KC
2023,REG,KC,1,00-0036374,CB,L'Jarius Sneed,L'Jarius,Sneed,,,,Knee,,Full Participation in Practice,2023-09-06 19:50:11,injury_reports_2023.csv,0.0,CB,KC
2023,REG,KC,1,00-0038983,ED,B.J. Thompson,B.J.,Thompson,,,,Hamstring,,Full Participation in Practice,2023-09-06 19:49:55,injury_reports_2023.csv,0.0,DE,KC
2023,REG,KC,1,00-0035890,DI,Tershawn Wharton,Tershawn,Wharton,,,,Knee,,Full Participation in Practice,2023-09-06 19:49:55,injury_reports_2023.csv,0.0,DT,KC
2023,REG,LAC,1,00-0038553,LB,Daiyan Henley,Daiyan,Henley,Hamstring,,Doubtful,Hamstring,,Did Not Participate In Practice,2023-09-08 20:17:56,injury_reports_2023.csv,2.0,LB,LAC
2023,REG,LAC,1,00-0036867,LB,Chris Rumph,Chris,Rumph,Hamstring,,Doubtful,Hamstring,,Did Not Participate In Practice,2023-09-08 20:18:00,injury_reports_2023.csv,2.0,LB,LAC
2023,REG,LV,1,00-0034545,CB,Brandon Facyson,Brandon,Facyson,Shin,,Out,Shin,,Did Not Participate In Practice,2023-09-08 20:24:12,injury_reports_2023.csv,3.0,CB,LV
2023,REG,LV,1,00-0029585,ED,Chandler Jones,Chandler,Jones,Not injury related - personal matter,,Out,Not injury related - personal matter,,Did Not Participate In Practice,2023-09-08 20:24:16,injury_reports_2023.csv,3.0,DE,LV
2023,REG,MIA,1,00-0036213,DI,Raekwon Davis,Raekwon,Davis,,,,Elbow,,Full Participation in Practice,2023-09-08 19:44:37,injury_reports_2023.csv,0.0,DT,MIA
2023,REG,MIA,1,00-0036221,S,Brandon Jones,Brandon,Jones,,,,Knee,,Full Participation in Practice,2023-09-08 19:44:37,injury_reports_2023.csv,0.0,S,MIA
2023,REG,MIA,1,00-0034248,S,Elijah Campbell,Elijah,Campbell,Knee,,Out,Knee,,Did Not Participate In Practice,2023-09-08 19:46:05,injury_reports_2023.csv,3.0,S,MIA
2023,REG,MIA,1,00-0029530,CB,Justin Bethel,Justin,Bethel,Knee,,Questionable,Knee,,Limited Participation in Practice,2023-09-08 19:46:23,injury_reports_2023.csv,1.0,CB,MIA
2023,REG,MIN,1,00-0036338,LB,Troy Dye,Troy,Dye,,,,Elbow,,Full Participation in Practice,2023-09-08 18:34:38,injury_reports_2023.csv,0.0,LB,MIN
2023,REG,MIN,1,00-0034344,ED,Marcus Davenport,Marcus,Davenport,Ankle,,Questionable,Ankle,,Limited Participation in Practice,2023-09-08 18:37:31,injury_reports_2023.csv,1.0,DE,MIN
2023,REG,NE,1,00-0038039,CB,Jack Jones,Jack,Jones,Hamstring,,Out,Hamstring,,Did Not Participate In Practice,2023-09-08 20:05:36,injury_reports_2023.csv,3.0,CB,NE
2023,REG,NO,1,00-0033874,CB,Marshon Lattimore,Marshon,Lattimore,,,,Knee,,Full Participation in Practice,2023-09-08 19:19:08,injury_reports_2023.csv,0.0,CB,NO
2023,REG,NO,1,00-0034116,S,J.T. Gray,J.T.,Gray,Shoulder,,Out,Shoulder,,Did Not Participate In Practice,2023-09-08 19:19:47,injury_reports_2023.csv,3.0,S,NO
2023,REG,NYG,1,00-0037758,CB,Cordale Flott,Cordale,Flott,Hamstring,,Doubtful,Hamstring,,Limited Participation in Practice,2023-09-08 18:24:50,injury_reports_2023.csv,2.0,CB,NYG
2023,REG,NYG,1,00-0038413,S,Gervarrius Owens,Gervarrius,Owens,Hamstring,,Doubtful,Hamstring,,Limited Participation in Practice,2023-09-08 18:25:09,injury_reports_2023.csv,2.0,S,NYG
2023,REG,NYG,1,00-0036400,LB,Cam Brown,Cam,Brown,Ankle,,Questionable,Ankle,,Limited Participation in Practice,2023-09-08 18:24:21,injury_reports_2023.csv,1.0,LB,NYG
2023,REG,NYG,1,00-0037260,DI,D.J. Davidson,D.J.,Davidson,Knee,,Questionable,Knee,,Limited Participation in Practice,2023-09-08 18:24:21,injury_reports_2023.csv,1.0,DT,NYG
2023,REG,NYJ,1,00-0036501,CB,Michael Carter,Michael,Carter,,,,Elbow,,Full Participation in Practice,2023-09-09 19:00:26,injury_reports_2023.csv,0.0,CB,NYJ
2023,REG,PHI,1,00-0037136,CB,Mario Goodrich,Mario,Goodrich,,,,Illness,,Full Participation in Practice,2023-09-08 19:46:44,injury_reports_2023.csv,0.0,CB,PHI
2023,REG,PHI,1,00-0037137,CB,Josh Jobe,Josh,Jobe,,,,Illness,,Full Participation in Practice,2023-09-08 19:46:38,injury_reports_2023.csv,0.0,CB,PHI
2023,REG,PIT,1,00-0027969,DI,Cameron Heyward,Cameron,Heyward,,,,Not injury related - resting player,Stomach,Full Participation in Practice,2023-09-08 19:26:09,injury_reports_2023.csv,0.0,DT,PIT
2023,REG,PIT,1,00-0033905,DI,Larry Ogunjobi,Larry,Ogunjobi,Foot,,Questionable,Foot,,Limited Participation in Practice,2023-09-08 19:26:55,injury_reports_2023.csv,1.0,DT,PIT
2023,REG,SEA,1,00-0036409,LB,Jordyn Brooks,Jordyn,Brooks,,,,Not injury related - resting player,Knee,Full Participation in Practice,2023-09-08 21:04:53,injury_reports_2023.csv,0.0,LB,SEA
2023,REG,SEA,1,00-0039047,LB,Derick Hall,Derick,Hall,,,,Shoulder,,Full Participation in Practice,2023-09-08 21:05:17,injury_reports_2023.csv,0.0,LB,SEA
2023,REG,SEA,1,00-0038133,LB,Boye Mafe,Boye,Mafe,,,,Illness,,Full Participation in Practice,2023-09-08 21:05:06,injury_reports_2023.csv,0.0,LB,SEA
2023,REG,SEA,1,00-0038591,ED,Mike Morris,Mike,Morris,,,,Shoulder,,Full Participation in Practice,2023-09-08 21:04:43,injury_reports_2023.csv,0.0,DE,SEA
2023,REG,SEA,1,00-0032387,DI,Jarran Reed,Jarran,Reed,,,,Toe,,Full Participation in Practice,2023-09-08 21:06:00,injury_reports_2023.csv,0.0,DT,SEA
2023,REG,SEA,1,00-0036413,LB,Darrell Taylor,Darrell,Taylor,,,,Shoulder,,Full Participation in Practice,2023-09-08 21:04:43,injury_reports_2023.csv,0.0,LB,SEA
2023,REG,SEA,1,00-0033872,S,Jamal Adams,Jamal,Adams,Knee,,Out,Knee,,Did Not Participate In Practice,2023-09-08 19:48:24,injury_reports_2023.csv,3.0,S,SEA
2023,REG,SEA,1,00-0039169,CB,Devon Witherspoon,Devon,Witherspoon,Hamstring,,Questionable,Hamstring,,Limited Participation in Practice,2023-09-08 19:49:41,injury_reports_2023.csv,1.0,CB,SEA
2023,REG,SF,1,00-0035717,ED,Nick Bosa,Nick,Bosa,,,,Not injury related - resting player,,Full Participation in Practice,2023-09-08 19:44:52,injury_reports_2023.csv,0.0,DE,SF
2023,REG,SF,1,00-0034754,LB,Oren Burks,Oren,Burks,,,,Knee,,Full Participation in Practice,2023-09-08 19:45:52,injury_reports_2023.csv,0.0,LB,SF
2023,REG,SF,1,00-0028924,S,Tashaun Gipson,Tashaun,Gipson,,,,Back,,Full Participation in Practice,2023-09-08 19:45:34,injury_reports_2023.csv,0.0,S,SF
2023,REG,SF,1,00-0036564,S,Talanoa Hufanga,Talanoa,Hufanga,,,,Knee,Not injury related - personal ,Full Participation in Practice,2023-09-08 19:45:44,injury_reports_2023.csv,0.0,S,SF
2023,REG,SF,1,00-0034091,S,George Odum,George,Odum,,,,Shoulder,,Full Participation in Practice,2023-09-08 19:44:30,injury_reports_2023.csv,0.0,S,SF
2023,REG,SF,1,00-0034573,CB,Charvarius Ward,Charvarius,Ward,Heel,,Questionable,Heel,,Limited Participation in Practice,2023-09-08 19:46:24,injury_reports_2023.csv,1.0,CB,SF
2023,REG,TB,1,00-0038823,S,Kaevon Merriweather,Kaevon,Merriweather,,,,Quadricep,,Full Participation in Practice,2023-09-08 18:41:45,injury_reports_2023.csv,0.0,S,TB
2023,REG,TB,1,00-0035254,LB,Anthony Nelson,Anthony,Nelson,,,,Hamstring,,Full Participation in Practice,2023-09-08 18:42:08,injury_reports_2023.csv,0.0,LB,TB
2023,REG,TB,1,00-0036411,S,Antoine Winfield,Antoine,Winfield,,,,Calf,,Full Participation in Practice,2023-09-08 18:41:45,injury_reports_2023.csv,0.0,S,TB
2023,REG,TB,1,00-0039063,DI,Calijah Kancey,Calijah,Kancey,Calf,,Questionable,Calf,,Full Participation in Practice,2023-09-08 18:42:16,injury_reports_2023.csv,1.0,DT,TB
2023,REG,TEN,1,00-0034825,LB,Arden Key,Arden,Key,,,,Calf,,Full Participation in Practice,2023-09-08 19:03:44,injury_reports_2023.csv,0.0,LB,TEN
2023,REG,TEN,1,00-0037593,CB,Tre Avery,Tre,Avery,Hamstring,,Out,Hamstring,,Did Not Participate In Practice,2023-09-08 19:04:45,injury_reports_2023.csv,3.0,CB,TEN
2023,REG,TEN,1,00-0034828,LB,Harold Landry,Harold,Landry,Abdomen,,Questionable,Abdomen,,Full Participation in Practice,2023-09-08 19:04:37,injury_reports_2023.csv,1.0,LB,TEN
2023,REG,WAS,1,00-0036625,CB,Benjamin St-Juste,Benjamin,St-Juste,,,,Ankle,,Full Participation in Practice,2023-09-08 17:15:41,injury_reports_2023.csv,0.0,CB,WAS
2023,REG,WAS,1,00-0036351,ED,James Smith-Williams,James,Smith-Williams,Oblique,,Questionable,Oblique,,Limited Participation in Practice,2023-09-08 17:16:07,injury_reports_2023.csv,1.0,DE,WAS
2023,REG,WAS,1,00-0036321,ED,Chase Young,Chase,Young,Neck,,Questionable,Neck,,Limited Participation in Practice,2023-09-08 17:16:07,injury_reports_2023.csv,1.0,DE,WAS
2023,REG,ARZ,2,00-0035636,ED,L.J. Collier,L.J.,Collier,Biceps,,Out,Biceps,,Did Not Participate In Practice,2023-09-15 19:55:48,injury_reports_2023.csv,3.0,DE,ARI
2023,REG,ARZ,2,00-0034801,LB,Josh Woods,Josh,Woods,Ankle,,Out,Ankle,,Did Not Participate In Practice,2023-09-15 19:55:40,injury_reports_2023.csv,3.0,LB,ARI
2023,REG,ARZ,2,00-0033890,S,Budda Baker,Budda,Baker,Hamstring,,Questionable,Hamstring,,Limited Participation in Practice,2023-09-15 19:54:13,injury_reports_2023.csv,1.0,S,ARI
2023,REG,ARZ,2,00-0036371,DI,Leki Fotu,Leki,Fotu,Shoulder,,Questionable,Shoulder,,Limited Participation in Practice,2023-09-15 19:54:13,injury_reports_2023.csv,1.0,DT,ARI
2023,REG,ATL,2,00-0026190,ED,Calais Campbell,Calais,Campbell,,,,Not injury related - resting player,,Did Not Participate In Practice,2023-09-13 20:56:52,injury_reports_2023.csv,0.0,DE,ATL
2023,REG,ATL,2,00-0037810,LB,Troy Andersen,Troy,Andersen,Concussion,,Out,Concussion,,Limited Participation in Practice,2023-09-15 17:32:51,injury_reports_2023.csv,3.0,LB,ATL
2023,REG,ATL,2,00-0036274,CB,Jeff Okudah,Jeff,Okudah,Foot,,Questionable,Foot,,Limited Participation in Practice,2023-09-15 17:33:09,injury_reports_2023.csv,1.0,CB,ATL
2023,REG,BLT,2,00-0033281,CB,Marlon Humphrey,Marlon,Humphrey,Foot,,Out,Foot,,Did Not Participate In Practice,2023-09-15 18:37:14,injury_reports_2023.csv,3.0,CB,BAL
2023,REG,BLT,2,00-0033894,S,Marcus Williams,Marcus,Williams,Pectoral,,Out,Pectoral,,Did Not Participate In Practice,2023-09-15 18:37:40,injury_reports_2023.csv,3.0,S,BAL
2023,REG,CAR,2,00-0036944,CB,Jaycee Horn,Jaycee,Horn,,,,Hamstring,,Did Not Participate In Practice,2023-09-15 17:02:27,injury_reports_2023.csv,0.0,CB,CAR
2023,REG,CHI,2,00-0038111,CB,Kyler Gordon,Kyler,Gordon,,,,Hand,,Did Not Participate In Practice,2023-09-13 18:52:03,injury_reports_2023.csv,0.0,CB,CHI
2023,REG,CHI,2,00-0033765,LB,Dylan Cole,Dylan,Cole,,,,Hamstring,,Full Participation in Practice,2023-09-15 19:41:35,injury_reports_2023.csv,0.0,LB,CHI
2023,REG,CHI,2,00-0037129,CB,Josh Blackwell,Josh,Blackwell,Hamstring,,Doubtful,Hamstring,,Did Not Participate In Practice,2023-09-15 19:42:03,injury_reports_2023.csv,2.0,CB,CHI
2023,REG,CIN,2,00-0037743,S,Dax Hill,Dax,Hill,,,,Hand,,Full Participation in Practice,2023-09-15 18:00:48,injury_reports_2023.csv,0.0,S,CIN
2023,REG,CIN,2,00-0036850,ED,Cam Sample,Cam,Sample,,,,Ankle,,Full Participation in Practice,2023-09-15 18:01:32,injury_reports_2023.csv,0.0,DE,CIN
2023,REG,CIN,2,00-0036294,LB,Logan Wilson,Logan,Wilson,,,,Ankle,,Full Participation in Practice,2023-09-15 18:00:48,injury_reports_2023.csv,0.0,LB,CIN
2023,REG,CIN,2,00-0033548,CB,Chidobe Awuzie,Chidobe,Awuzie,,,,Not injury related - resting player,,Limited Participation in Practice,2023-09-15 18:01:46,injury_reports_2023.csv,0.0,CB,CIN
2023,REG,CIN,2,00-0036314,LB,Markus Bailey,Markus,Bailey,Knee,,Questionable,Knee,,Did Not Participate In Practice,2023-09-15 18:02:03,injury_reports_2023.csv,1.0,LB,CIN
2023,REG,CIN,2,00-0036902,ED,Joseph Ossai,Joseph,Ossai,Ankle,,Questionable,Ankle,,Limited Participation in Practice,2023-09-15 18:02:43,injury_reports_2023.csv,1.0,DE,CIN
2023,REG,CLV,2,00-0033868,ED,Myles Garrett,Myles,Garrett,,,,Not injury related - resting player,,Full Participation in Practice,2023-09-16 17:54:30,injury_reports_2023.csv,0.0,DE,CLE
2023,REG,CLV,2,00-0031270,DI,Shelby Harris,Shelby,Harris,,,,Achilles,,Full Participation in Practice,2023-09-16 17:55:41,injury_reports_2023.csv,0.0,DT,CLE
2023,REG,CLV,2,00-0034746,DI,Maurice Hurst,Maurice,Hurst,,,,Hamstring,,Full Participation in Practice,2023-09-16 17:55:51,injury_reports_2023.csv,0.0,DT,CLE
2023,REG,CLV,2,00-0033570,LB,Anthony Walker,Anthony,Walker,,,,Not injury related - resting player,,Full Participation in Practice,2023-09-16 17:54:30,injury_reports_2023.csv,0.0,LB,CLE
2023,REG,CLV,2,00-0038561,DI,Siaki Ika,Siaki,Ika,Foot,,Questionable,Foot,,Did Not Participate In Practice,2023-09-16 17:56:58,injury_reports_2023.csv,1.0,DT,CLE
2023,REG,CLV,2,00-0035625,S,Juan Thornhill,Juan,Thornhill,Calf,,Questionable,Calf,,Limited Participation in Practice,2023-09-16 17:56:58,injury_reports_2023.csv,1.0,S,CLE
2023,REG,DAL,2,00-0037665,ED,Sam Williams,Sam,Williams,,,,Not injury related - personal matter,,Did Not Participate In Practice,2023-09-15 19:08:38,injury_reports_2023.csv,0.0,DE,DAL
2023,REG,DAL,2,00-0035301,S,Donovan Wilson,Donovan,Wilson,Calf,,Doubtful,Calf,,Limited Participation in Practice,2023-09-15 19:10:08,injury_reports_2023.csv,2.0,S,DAL
2023,REG,DEN,2,00-0033297,DI,D.J. Jones,D.J.,Jones,,,,Knee,,Full Participation in Practice,2023-09-15 20:17:12,injury_reports_2023.csv,0.0,DT,DEN
2023,REG,DEN,2,00-0038552,CB,Riley Moss,Riley,Moss,,,,Abdomen,,Full Participation in Practice,2023-09-15 20:17:12,injury_reports_2023.csv,0.0,CB,DEN
2023,REG,DEN,2,00-0032210,LB,Frank Clark,Frank,Clark,Hip,,Out,Hip,,Did Not Participate In Practice,2023-09-15 20:17:25,injury_reports_2023.csv,3.0,LB,DEN
2023,REG,DET,2,00-0036124,CB,Khalil Dorsey,Khalil,Dorsey,Illness,,Out,Illness,,Did Not Participate In Practice,2023-09-15 19:56:42,injury_reports_2023.csv,3.0,CB,DET
2023,REG,DET,2,00-0034096,CB,Emmanuel Moseley,Emmanuel,Moseley,Knee,Hamstring,Out,Knee,Hamstring,Did Not Participate In Practice,2023-09-15 19:56:47,injury_reports_2023.csv,3.0,CB,DET
2023,REG,DET,2,00-0038096,ED,Josh Paschal,Josh,Paschal,Knee,,Out,Knee,,Did Not Participate In Practice,2023-09-15 19:53:54,injury_reports_2023.csv,3.0,DE,DET
2023,REG,GB,2,00-0038411,S,Anthony Johnson,Anthony,Johnson,,,,Knee,,Full Participation in Practice,2023-09-15 19:06:04,injury_reports_2023.csv,0.0,S,GB
2023,REG,GB,2,00-0034967,LB,Rashan Gary,Rashan,Gary,,,,Knee,,Limited Participation in Practice,2023-09-15 19:06:04,injury_reports_2023.csv,0.0,LB,GB
2023,REG,GB,2,00-0037074,LB,Quay Walker,Quay,Walker,Concussion,,Questionable,Concussion,,Limited Participation in Practice,2023-09-15 19:09:24,injury_reports_2023.csv,1.0,LB,GB
2023,REG,HST,2,00-0035995,S,Grayland Arnold,Grayland,Arnold,,,,Hamstring,,Full Participation in Practice,2023-09-15 20:08:55,injury_reports_2023.csv,0.0,S,HOU
2023,REG,HST,2,00-0035276,LB,Blake Cashman,Blake,Cashman,,,,Hamstring,,Full Participation in Practice,2023-09-15 20:09:22,injury_reports_2023.csv,0.0,LB,HOU
2023,REG,HST,2,00-0032103,LB,Denzel Perryman,Denzel,Perryman,,,,Ankle,Wrist,Full Participation in Practice,2023-09-15 20:08:55,injury_reports_2023.csv,0.0,LB,HOU
2023,REG,HST,2,00-0037246,S,Jalen Pitre,Jalen,Pitre,Chest,,Out,Chest,,Did Not Participate In Practice,2023-09-15 20:10:56,injury_reports_2023.csv,3.0,S,HOU
2023,REG,HST,2,00-0031298,S,Jimmie Ward,Jimmie,Ward,Hip,,Out,Hip,,Did Not Participate In Practice,2023-09-15 20:10:51,injury_reports_2023.csv,3.0,S,HOU
2023,REG,HST,2,00-0031740,LB,Neville Hewitt,Neville,Hewitt,Illness,,Questionable,Illness,,Limited Participation in Practice,2023-09-15 20:10:17,injury_reports_2023.csv,1.0,LB,HOU
2023,REG,JAX,2,00-0038596,S,Antonio Johnson,Antonio,Johnson,Hamstring,,Out,Hamstring,,Did Not Participate In Practice,2023-09-15 19:14:49,injury_reports_2023.csv,3.0,S,JAX
2023,REG,JAX,2,00-0037296,CB,Gregory Junior,Gregory,Junior,Hamstring,,Out,Hamstring,,Did Not Participate In Practice,2023-09-15 19:14:58,injury_reports_2023.csv,3.0,CB,JAX
2023,REG,JAX,2,00-0038940,ED,Tyler Lacy,Tyler,Lacy,Hip,,Questionable,Hip,,Limited Participation in Practice,2023-09-15 19:14:28,injury_reports_2023.csv,1.0,DE,JAX
2023,REG,KC,2,00-0036621,LB,Nick Bolton,Nick,Bolton,,,,Not injury related - personal matter,,Did Not Participate In Practice,2023-09-15 19:07:32,injury_reports_2023.csv,0.0,LB,KC
2023,REG,KC,2,00-0038986,CB,Nic Jones,Nic,Jones,,,,Hand,,Full Participation in Practice,2023-09-15 19:06:40,injury_reports_2023.csv,0.0,CB,KC
2023,REG,KC,2,00-0035890,DI,Tershawn Wharton,Tershawn,Wharton,,,,Knee,,Full Participation in Practice,2023-09-15 19:06:40,injury_reports_2023.csv,0.0,DT,KC
2023,REG,KC,2,00-0032762,DI,Chris Jones,Chris,Jones,,,,Not injury related - resting player,,Limited Participation in Practice,2023-09-15 19:06:40,injury_reports_2023.csv,0.0,DT,KC
2023,REG,KC,2,00-0036374,CB,L'Jarius Sneed,L'Jarius,Sneed,,,,Knee,,Limited Participation in Practice,2023-09-15 19:06:40,injury_reports_2023.csv,0.0,CB,KC
2023,REG,LA,2,00-0031388,DI,Aaron Donald,Aaron,Donald,,,,Not injury related - resting player,,Did Not Participate In Practice,2023-09-15 20:00:24,injury_reports_2023.csv,0.0,DT,LA
2023,REG,LA,2,00-0033783,CB,Ahkello Witherspoon,Ahkello,Witherspoon,,,,Hip,,Full Participation in Practice,2023-09-15 19:58:01,injury_reports_2023.csv,0.0,CB,LA
2023,REG,LA,2,00-0039060,S,Jason Taylor,Jason,Taylor,,,,Groin,,Limited Participation in Practice,2023-09-14 23:29:58,injury_reports_2023.csv,0.0,S,LA
2023,REG,LA,2,00-0036994,LB,Ernest Jones,Ernest,Jones,Illness,,Questionable,Illness,,Did Not Participate In Practice,2023-09-15 20:02:26,injury_reports_2023.csv,1.0,LB,LA
2023,REG,LA,2,00-0037844,S,Russ Yeast,Russ,Yeast,Knee,,Questionable,Knee,,Limited Participation in Practice,2023-09-15 20:01:55,injury_reports_2023.csv,1.0,S,LA
2023,REG,LAC,2,00-0031554,LB,Eric Kendricks,Eric,Kendricks,Hamstring,Not injury related - personal matter,Doubtful,Hamstring,Not injury related - personal ,Did Not Participate In Practice,2023-09-15 20:03:44,injury_reports_2023.csv,2.0,LB,LAC
2023,REG,LAC,2,00-0038553,LB,Daiyan Henley,Daiyan,Henley,Hamstring,,Doubtful,Hamstring,,Limited Participation in Practice,2023-09-15 20:03:53,injury_reports_2023.csv,2.0,LB,LAC
2023,REG,LAC,2,00-0036867,ED,Chris Rumph,Chris,Rumph,Hamstring,,Doubtful,Hamstring,,Limited Participation in Practice,2023-09-15 20:03:38,injury_reports_2023.csv,2.0,DE,LAC
2023,REG,LAC,2,00-0033156,ED,Joey Bosa,Joey,Bosa,Hamstring,,Questionable,Hamstring,,Limited Participation in Practice,2023-09-15 20:03:27,injury_reports_2023.csv,1.0,DE,LAC
2023,REG,LV,2,00-0036962,S,Trevon Moehrig,Trevon,Moehrig,,,,Thumb,,Full Participation in Practice,2023-09-15 20:14:40,injury_reports_2023.csv,0.0,S,LV
2023,REG,LV,2,00-0029585,ED,Chandler Jones,Chandler,Jones,Not injury related - personal matter,,Out,Not injury related - personal matter,,Did Not Participate In Practice,2023-09-15 20:20:56,injury_reports_2023.csv,3.0,DE,LV
2023,REG,MIA,2,00-0033050,CB,Xavien Howard,Xavien,Howard,,,,Thumb,,Full Participation in Practice,2023-09-15 19:57:20,injury_reports_2023.csv,0.0,CB,MIA
2023,REG,MIA,2,00-0036221,S,Brandon Jones,Brandon,Jones,,,,Knee,,Full Participation in Practice,2023-09-15 19:57:20,injury_reports_2023.csv,0.0,S,MIA
2023,REG,MIA,2,00-0036935,CB,Kelvin Joseph,Kelvin,Joseph,Not injury related - personal matter,,Out,,,"
    ",2023-09-16 17:47:33,injury_reports_2023.csv,3.0,CB,MIA
2023,REG,MIA,2,00-0034248,S,Elijah Campbell,Elijah,Campbell,Knee,,Questionable,Knee,,Limited Participation in Practice,2023-09-15 19:58:27,injury_reports_2023.csv,1.0,S,MIA
2023,REG,MIA,2,00-0036934,LB,Jaelan Phillips,Jaelan,Phillips,Back,,Questionable,Back,,Limited Participation in Practice,2023-09-15 19:58:48,injury_reports_2023.csv,1.0,LB,MIA
2023,REG,MIN,2,00-0034344,ED,Marcus Davenport,Marcus,Davenport,Ankle,,Questionable,Ankle,,Limited Participation in Practice,2023-09-13 17:29:39,injury_reports_2023.csv,1.0,DE,MIN
2023,REG,NE,2,00-0032580,CB,Jonathan Jones,Jonathan,Jones,Ankle,,Questionable,Ankle,,Did Not Participate In Practice,2023-09-15 19:31:23,injury_reports_2023.csv,1.0,CB,NE
2023,REG,NO,2,00-0034116,S,J.T. Gray,J.T.,Gray,Shoulder,,Questionable,Shoulder,,Limited Participation in Practice,2023-09-16 19:11:23,injury_reports_2023.csv,1.0,S,NO
2023,REG,NYG,2,00-0039000,CB,Deonte Banks,Deonte,Banks,,,,Calf,,Full Participation in Practice,2023-09-15 18:25:18,injury_reports_2023.csv,0.0,CB,NYG
2023,REG,NYG,2,00-0036400,LB,Cam Brown,Cam,Brown,,,,Ankle,,Full Participation in Practice,2023-09-15 18:25:33,injury_reports_2023.csv,0.0,LB,NYG
2023,REG,NYG,2,00-0037758,CB,Cordale Flott,Cordale,Flott,,,,Hamstring,,Full Participation in Practice,2023-09-15 18:28:11,injury_reports_2023.csv,0.0,CB,NYG
2023,REG,NYG,2,00-0038413,S,Gervarrius Owens,Gervarrius,Owens,,,,Hamstring,,Full Participation in Practice,2023-09-15 18:28:35,injury_reports_2023.csv,0.0,S,NYG
2023,REG,NYG,2,00-0036552,ED,Azeez Ojulari,Azeez,Ojulari,Hamstring,,Doubtful,Hamstring,,Limited Participation in Practice,2023-09-15 18:29:56,injury_reports_2023.csv,2.0,DE,NYG
2023,REG,PHI,2,00-0037615,LB,Nakobe Dean,Nakobe,Dean,,,,Foot,,Did Not Participate In Practice,2023-09-11 22:10:04,injury_reports_2023.csv,0.0,LB,PHI
2023,REG,PHI,2,00-0037130,S,Reed Blankenship,Reed,Blankenship,Ribs,,Out,Ribs,,Did Not Participate In Practice,2023-09-13 19:51:45,injury_reports_2023.csv,3.0,S,PHI
2023,REG,PHI,2,00-0032890,CB,James Bradberry,James,Bradberry,Concussion,,Out,Concussion,,Did Not Participate In Practice,2023-09-13 19:51:52,injury_reports_2023.csv,3.0,CB,PHI
2023,REG,PHI,2,00-0029653,DI,Fletcher Cox,Fletcher,Cox,Ribs,,Questionable,Ribs,,Limited Participation in Practice,2023-09-13 19:51:38,injury_reports_2023.csv,1.0,DT,PHI
2023,REG,PIT,2,00-0033905,DI,Larry Ogunjobi,Larry,Ogunjobi,,,,Foot,,Full Participation in Practice,2023-09-16 17:46:08,injury_reports_2023.csv,0.0,DT,PIT
2023,REG,SEA,2,00-0032387,DI,Jarran Reed,Jarran,Reed,,,,Not injury related - resting player,,Did Not Participate In Practice,2023-09-15 21:07:11,injury_reports_2023.csv,0.0,DT,SEA
2023,REG,SEA,2,00-0036409,LB,Jordyn Brooks,Jordyn,Brooks,,,,Not injury related - resting player,Knee,Full Participation in Practice,2023-09-15 21:07:42,injury_reports_2023.csv,0.0,LB,SEA
2023,REG,SEA,2,00-0039169,CB,Devon Witherspoon,Devon,Witherspoon,,,,Hamstring,,Full Participation in Practice,2023-09-14 23:00:07,injury_reports_2023.csv,0.0,CB,SEA
2023,REG,SEA,2,00-0038572,DI,Cameron Young,Cameron,Young,,,,Knee,,Full Participation in Practice,2023-09-13 22:47:13,injury_reports_2023.csv,0.0,DT,SEA
2023,REG,SEA,2,00-0038591,ED,Mike Morris,Mike,Morris,Shoulder,,Out,Shoulder,,Did Not Participate In Practice,2023-09-15 19:44:35,injury_reports_2023.csv,3.0,DE,SEA
2023,REG,SEA,2,00-0033872,S,Jamal Adams,Jamal,Adams,Knee,,Out,Knee,,Limited Participation in Practice,2023-09-15 19:43:57,injury_reports_2023.csv,3.0,S,SEA
2023,REG,SEA,2,00-0038133,LB,Boye Mafe,Boye,Mafe,Knee,,Questionable,Knee,,Did Not Participate In Practice,2023-09-15 19:45:02,injury_reports_2023.csv,1.0,LB,SEA
2023,REG,SEA,2,00-0035525,LB,Devin Bush,Devin,Bush,Shoulder,,Questionable,Shoulder,,Limited Participation in Practice,2023-09-15 19:45:30,injury_reports_2023.csv,1.0,LB,SEA
2023,REG,SF,2,00-0034982,LB,Dre Greenlaw,Dre,Greenlaw,,,,Groin,,Full Participation in Practice,2023-09-15 20:52:55,injury_reports_2023.csv,0.0,LB,SF
2023,REG,SF,2,00-0037830,CB,Samuel Womack,Samuel,Womack,Knee,,Out,Knee,,Did Not Participate In Practice,2023-09-15 20:53:14,injury_reports_2023.csv,3.0,CB,SF
2023,REG,TB,2,00-0029562,LB,Lavonte David,Lavonte,David,,,,Not injury related - resting player,,Did Not Participate In Practice,2023-09-15 17:55:47,injury_reports_2023.csv,0.0,LB,TB
2023,REG,TB,2,00-0034778,CB,Carlton Davis,Carlton,Davis,Toe,,Out,Toe,,Did Not Participate In Practice,2023-09-15 17:55:56,injury_reports_2023.csv,3.0,CB,TB
2023,REG,TB,2,00-0039049,LB,SirVocea Dennis,SirVocea,Dennis,Hamstring,,Out,Hamstring,,Did Not Participate In Practice,2023-09-15 17:56:02,injury_reports_2023.csv,3.0,LB,TB
2023,REG,TB,2,00-0039063,DI,Calijah Kancey,Calijah,Kancey,Calf,,Out,Calf,,Did Not Participate In Practice,2023-09-15 17:56:12,injury_reports_2023.csv,3.0,DT,TB
2023,REG,TB,2,00-0038820,S,Christian Izien,Christian,Izien,Concussion,,Questionable,Concussion,,Full Participation in Practice,2023-09-15 17:55:49,injury_reports_2023.csv,1.0,S,TB
2023,REG,TEN,2,00-0037593,CB,Tre Avery,Tre,Avery,,,,Hamstring,,Full Participation in Practice,2023-09-15 19:49:26,injury_reports_2023.csv,0.0,CB,TEN
2023,REG,TEN,2,00-0036181,DI,Teair Tart,Teair,Tart,,,,Groin,Knee,Full Participation in Practice,2023-09-15 19:50:02,injury_reports_2023.csv,0.0,DT,TEN
2023,REG,TEN,2,00-0035632,S,Amani Hooker,Amani,Hooker,Concussion,,Out,Concussion,,Did Not Participate In Practice,2023-09-15 19:51:02,injury_reports_2023.csv,3.0,S,TEN
2023,REG,TEN,2,00-0036416,CB,Kristian Fulton,Kristian,Fulton,Hamstring,,Out,Hamstring,,Limited Participation in Practice,2023-09-15 19:50:54,injury_reports_2023.csv,3.0,CB,TEN
2023,REG,WAS,2,00-0036321,ED,Chase Young,Chase,Young,,,,Neck,,Full Participation in Practice,2023-09-15 17:26:32,injury_reports_2023.csv,0.0,DE,WAS
2023,REG,WAS,2,00-0039149,CB,Quan Martin,Quan,Martin,Concussion,,Out,Concussion,,Did Not Participate In Practice,2023-09-15 17:26:50,injury_reports_2023.csv,3.0,CB,WAS
2023,REG,ARZ,3,00-0033563,ED,Carlos Watkins,Carlos,Watkins,Biceps,,Out,Biceps,,Did Not Participate In Practice,2023-09-22 19:29:46,injury_reports_2023.csv,3.0,DE,ARI
2023,REG,ARZ,3,00-0034801,LB,Josh Woods,Josh,Woods,Ankle,,Out,Ankle,,Did Not Participate In Practice,2023-09-22 19:29:54,injury_reports_2023.csv,3.0,LB,ARI
2023,REG,ARZ,3,00-0036371,DI,Leki Fotu,Leki,Fotu,Shoulder,,Questionable,Shoulder,,Limited Participation in Practice,2023-09-22 19:29:35,injury_reports_2023.csv,1.0,DT,ARI
2023,REG,ATL,3,00-0026190,ED,Calais Campbell,Calais,Campbell,,,,Not injury related - resting player,,Did Not Participate In Practice,2023-09-20 20:36:59,injury_reports_2023.csv,0.0,DE,ATL
2023,REG,ATL,3,00-0032146,LB,Bud Dupree,Bud,Dupree,,,,Illness,,Did Not Participate In Practice,2023-09-21 20:31:18,injury_reports_2023.csv,0.0,LB,ATL
2023,REG,ATL,3,00-0037810,LB,Troy Andersen,Troy,Andersen,,,,Concussion,,Full Participation in Practice,2023-09-20 20:36:45,injury_reports_2023.csv,0.0,LB,ATL
2023,REG,ATL,3,00-0036274,CB,Jeff Okudah,Jeff,Okudah,Foot,,Questionable,Foot,,Full Participation in Practice,2023-09-22 17:23:20,injury_reports_2023.csv,1.0,CB,ATL
2023,REG,BLT,3,00-0031364,LB,Jadeveon Clowney,Jadeveon,Clowney,,,,Illness,,Full Participation in Practice,2023-09-22 19:03:40,injury_reports_2023.csv,0.0,LB,BAL
2023,REG,BLT,3,00-0033281,CB,Marlon Humphrey,Marlon,Humphrey,Foot,,Out,Foot,,Did Not Participate In Practice,2023-09-22 19:04:12,injury_reports_2023.csv,3.0,CB,BAL
2023,REG,BLT,3,00-0036940,LB,Odafe Oweh,Odafe,Oweh,Ankle,,Out,Ankle,,Did Not Participate In Practice,2023-09-22 19:04:21,injury_reports_2023.csv,3.0,LB,BAL
2023,REG,BLT,3,00-0033894,S,Marcus Williams,Marcus,Williams,Pectoral,,Out,Pectoral,,Did Not Participate In Practice,2023-09-22 19:04:29,injury_reports_2023.csv,3.0,S,BAL
2023,REG,BUF,3,00-0030114,S,Jordan Poyer,Jordan,Poyer,,,,Not injury related - resting player,,Did Not Participate In Practice,2023-09-21 19:32:25,injury_reports_2023.csv,0.0,S,BUF
2023,REG,BUF,3,00-0033884,CB,Tre'Davious White,Tre'Davious,White,,,,Not injury related - personal matter,,Did Not Participate In Practice,2023-09-22 18:07:24,injury_reports_2023.csv,0.0,CB,BUF
2023,REG,BUF,3,00-0037254,LB,Terrel Bernard,Terrel,Bernard,,,,Knee,Quadricep,Full Participation in Practice,2023-09-22 18:06:23,injury_reports_2023.csv,0.0,LB,BUF
2023,REG,BUF,3,00-0033072,ED,Leonard Floyd,Leonard,Floyd,,,,Ankle,,Full Participation in Practice,2023-09-22 18:06:44,injury_reports_2023.csv,0.0,DE,BUF
2023,REG,BUF,3,00-0030090,S,Micah Hyde,Micah,Hyde,,,,Hamstring,,Full Participation in Practice,2023-09-22 18:06:49,injury_reports_2023.csv,0.0,S,BUF
2023,REG,BUF,3,00-0031557,DI,Jordan Phillips,Jordan,Phillips,,,,Illness,,Full Participation in Practice,2023-09-22 18:06:12,injury_reports_2023.csv,0.0,DT,BUF
2023,REG,CAR,3,00-0037043,LB,Amare Barno,Amare,Barno,,,,Thigh,,Full Participation in Practice,2023-09-22 17:09:18,injury_reports_2023.csv,0.0,LB,CAR
2023,REG,CAR,3,00-0035713,LB,Brian Burns,Brian,Burns,,,,Ankle,,Full Participation in Practice,2023-09-22 17:08:18,injury_reports_2023.csv,0.0,LB,CAR
2023,REG,CAR,3,00-0037560,LB,Chandler Wooten,Chandler,Wooten,,,,Knee,,Full Participation in Practice,2023-09-22 17:09:05,injury_reports_2023.csv,0.0,LB,CAR
2023,REG,CAR,3,00-0028008,LB,Justin Houston,Justin,Houston,Calf,,Questionable,Calf,,Full Participation in Practice,2023-09-22 17:09:56,injury_reports_2023.csv,1.0,LB,CAR
2023,REG,CHI,3,00-0037129,CB,Josh Blackwell,Josh,Blackwell,,,,Hamstring,,Full Participation in Practice,2023-09-22 19:10:21,injury_reports_2023.csv,0.0,CB,CHI
2023,REG,CHI,3,00-0036341,LB,Khalid Kareem,Khalid,Kareem,Hip,,Out,Hip,,Did Not Participate In Practice,2023-09-22 19:11:28,injury_reports_2023.csv,3.0,LB,CHI
2023,REG,CHI,3,00-0033784,S,Eddie Jackson,Eddie,Jackson,Foot,,Doubtful,Foot,,Did Not Participate In Practice,2023-09-22 19:11:24,injury_reports_2023.csv,2.0,S,CHI
2023,REG,CIN,3,00-0036298,LB,Akeem Davis-Gaither,Akeem,Davis-Gaither,,,,Knee,,Did Not Participate In Practice,2023-09-23 18:35:52,injury_reports_2023.csv,0.0,LB,CIN
2023,REG,CIN,3,00-0037752,S,Tycen Anderson,Tycen,Anderson,,,,Calf,,Full Participation in Practice,2023-09-23 18:35:31,injury_reports_2023.csv,0.0,S,CIN
2023,REG,CIN,3,00-0036902,ED,Joseph Ossai,Joseph,Ossai,,,,Ankle,,Full Participation in Practice,2023-09-23 18:35:31,injury_reports_2023.csv,0.0,DE,CIN
2023,REG,CIN,3,00-0035669,S,Nick Scott,Nick,Scott,,,,Concussion,,Full Participation in Practice,2023-09-23 18:35:31,injury_reports_2023.csv,0.0,S,CIN
2023,REG,CIN,3,00-0033548,CB,Chidobe Awuzie,Chidobe,Awuzie,,,,Not injury related - resting player,,Limited Participation in Practice,2023-09-23 18:36:29,injury_reports_2023.csv,0.0,CB,CIN
2023,REG,CLV,3,00-0033868,ED,Myles Garrett,Myles,Garrett,,,,Not injury related - resting player,,Full Participation in Practice,2023-09-22 18:36:15,injury_reports_2023.csv,0.0,DE,CLE
2023,REG,CLV,3,00-0038561,DI,Siaki Ika,Siaki,Ika,,,,Foot,,Full Participation in Practice,2023-09-22 18:36:15,injury_reports_2023.csv,0.0,DT,CLE
2023,REG,CLV,3,00-0031576,ED,Za'Darius Smith,Za'Darius,Smith,,,,Ankle,Thigh,Full Participation in Practice,2023-09-22 18:37:27,injury_reports_2023.csv,0.0,DE,CLE
2023,REG,CLV,3,00-0035646,LB,Sione Takitaki,Sione,Takitaki,,,,Shoulder,,Full Participation in Practice,2023-09-22 18:37:36,injury_reports_2023.csv,0.0,LB,CLE
2023,REG,CLV,3,00-0035625,S,Juan Thornhill,Juan,Thornhill,,,,Calf,,Full Participation in Practice,2023-09-22 18:36:15,injury_reports_2023.csv,0.0,S,CLE
2023,REG,CLV,3,00-0033570,LB,Anthony Walker,Anthony,Walker,,,,Pectoral,,Full Participation in Practice,2023-09-22 18:37:46,injury_reports_2023.csv,0.0,LB,CLE
2023,REG,CLV,3,00-0036996,CB,Greg Newsome,Greg,Newsome,Elbow,,Out,Elbow,,Did Not Participate In Practice,2023-09-22 18:39:05,injury_reports_2023.csv,3.0,CB,CLE
2023,REG,DAL,3,00-0032454,S,Jayron Kearse,Jayron,Kearse,,,,Illness,,Full Participation in Practice,2023-09-22 18:41:17,injury_reports_2023.csv,0.0,S,DAL
2023,REG,DAL,3,00-0035301,S,Donovan Wilson,Donovan,Wilson,,,,Calf,,Full Participation in Practice,2023-09-22 18:40:32,injury_reports_2023.csv,0.0,S,DAL
2023,REG,DAL,3,00-0036361,CB,Trevon Diggs,Trevon,Diggs,Knee,,Out,Knee,,Did Not Participate In Practice,2023-09-22 18:42:14,injury_reports_2023.csv,3.0,CB,DAL
2023,REG,DEN,3,00-0032210,LB,Frank Clark,Frank,Clark,Hip,,Out,Hip,,Did Not Participate In Practice,2023-09-22 20:09:16,injury_reports_2023.csv,3.0,LB,DEN
2023,REG,DEN,3,00-0032971,S,Justin Simmons,Justin,Simmons,Hip,,Out,Hip,,Did Not Participate In Practice,2023-09-22 20:09:21,injury_reports_2023.csv,3.0,S,DEN
2023,REG,DEN,3,00-0029890,DI,Mike Purcell,Mike,Purcell,Ankle,,Questionable,Ankle,,Limited Participation in Practice,2023-09-22 20:09:10,injury_reports_2023.csv,1.0,DT,DEN
2023,REG,DET,3,00-0037667,S,Kerby Joseph,Kerby,Joseph,Hip,,Out,Hip,,Did Not Participate In Practice,2023-09-22 19:54:35,injury_reports_2023.csv,3.0,S,DET
2023,REG,DET,3,00-0034096,CB,Emmanuel Moseley,Emmanuel,Moseley,Knee,Hamstring,Out,Knee,Hamstring,Did Not Participate In Practice,2023-09-22 19:54:43,injury_reports_2023.csv,3.0,CB,DET
2023,REG,GB,3,00-0034967,LB,Rashan Gary,Rashan,Gary,,,,Knee,,Limited Participation in Practice,2023-09-22 19:37:35,injury_reports_2023.csv,0.0,LB,GB
2023,REG,GB,3,00-0036677,S,Zayne Anderson,Zayne,Anderson,Hamstring,,Out,Hamstring,,Did Not Participate In Practice,2023-09-22 19:38:40,injury_reports_2023.csv,3.0,S,GB
2023,REG,GB,3,00-0034728,CB,Jaire Alexander,Jaire,Alexander,Back,,Questionable,Back,,Limited Participation in Practice,2023-09-22 19:38:29,injury_reports_2023.csv,1.0,CB,GB
2023,REG,GB,3,00-0039112,LB,Lukas Van Ness,Lukas,Van Ness,Elbow,,Questionable,Elbow,,Limited Participation in Practice,2023-09-22 19:38:29,injury_reports_2023.csv,1.0,LB,GB
2023,REG,HST,3,00-0036224,ED,Jonathan Greenard,Jonathan,Greenard,,,,Knee,,Full Participation in Practice,2023-09-22 19:59:25,injury_reports_2023.csv,0.0,DE,HOU
2023,REG,HST,3,00-0033038,S,Eric Murray,Eric,Murray,,,,Concussion,,Full Participation in Practice,2023-09-22 19:59:25,injury_reports_2023.csv,0.0,S,HOU
2023,REG,HST,3,00-0031298,S,Jimmie Ward,Jimmie,Ward,,,,Hip,,Full Participation in Practice,2023-09-22 19:59:25,injury_reports_2023.csv,0.0,S,HOU
2023,REG,HST,3,00-0032103,LB,Denzel Perryman,Denzel,Perryman,Hand,Wrist,Out,Hand,Wrist,Did Not Participate In Practice,2023-09-22 19:59:51,injury_reports_2023.csv,3.0,LB,HOU
2023,REG,HST,3,00-0037246,S,Jalen Pitre,Jalen,Pitre,Chest,,Out,Chest,,Did Not Participate In Practice,2023-09-22 19:59:56,injury_reports_2023.csv,3.0,S,HOU
2023,REG,HST,3,00-0037237,CB,Derek Stingley,Derek,Stingley,Hamstring,,Out,Hamstring,,Did Not Participate In Practice,2023-09-22 20:00:02,injury_reports_2023.csv,3.0,CB,HOU
2023,REG,HST,3,00-0034488,CB,Tavierre Thomas,Tavierre,Thomas,Hand,,Out,Hand,,Did Not Participate In Practice,2023-09-22 20:00:07,injury_reports_2023.csv,3.0,CB,HOU
2023,REG,IND,3,00-0033952,DI,Grover Stewart,Grover,Stewart,,,,Foot,,Full Participation in Practice,2023-09-22 18:31:09,injury_reports_2023.csv,0.0,DT,IND
2023,REG,IND,3,00-0037395,CB,Dallis Flowers,Dallis,Flowers,Ankle,,Questionable,Ankle,,Limited Participation in Practice,2023-09-22 18:31:41,injury_reports_2023.csv,1.0,CB,IND
2023,REG,IND,3,00-0033393,CB,Kenny Moore,Kenny,Moore,Knee,,Questionable,Knee,,Limited Participation in Practice,2023-09-22 18:31:41,injury_reports_2023.csv,1.0,CB,IND
2023,REG,JAX,3,00-0038596,S,Antonio Johnson,Antonio,Johnson,Hamstring,,Out,Hamstring,,Did Not Participate In Practice,2023-09-22 18:03:28,injury_reports_2023.csv,3.0,S,JAX
2023,REG,JAX,3,00-0034275,DI,Folorunso Fatukasi,Folorunso,Fatukasi,Shoulder,,Questionable,Shoulder,,Limited Participation in Practice,2023-09-22 18:02:54,injury_reports_2023.csv,1.0,DT,JAX
2023,REG,JAX,3,00-0035642,LB,Josh Hines-Allen,Josh,Hines-Allen,Shoulder,,Questionable,Shoulder,,Limited Participation in Practice,2023-09-22 18:02:54,injury_reports_2023.csv,1.0,LB,JAX
2023,REG,JAX,3,00-0035378,S,Andrew Wingard,Andrew,Wingard,Shoulder,,Questionable,Shoulder,,Limited Participation in Practice,2023-09-22 18:02:54,injury_reports_2023.csv,1.0,S,JAX
2023,REG,KC,3,00-0038986,CB,Nic Jones,Nic,Jones,,,,Hand,,Full Participation in Practice,2023-09-22 19:28:21,injury_reports_2023.csv,0.0,CB,KC
2023,REG,KC,3,00-0036374,CB,L'Jarius Sneed,L'Jarius,Sneed,,,,Knee,,Full Participation in Practice,2023-09-22 19:28:21,injury_reports_2023.csv,0.0,CB,KC
2023,REG,KC,3,00-0037195,CB,Jaylen Watson,Jaylen,Watson,,,,Shoulder,,Full Participation in Practice,2023-09-22 19:28:21,injury_reports_2023.csv,0.0,CB,KC
2023,REG,KC,3,00-0036621,LB,Nick Bolton,Nick,Bolton,Ankle,,Out,Ankle,,Did Not Participate In Practice,2023-09-22 19:35:13,injury_reports_2023.csv,3.0,LB,KC
2023,REG,KC,3,00-0036362,LB,Willie Gay,Willie,Gay,Quadricep,,Questionable,Quadricep,,Limited Participation in Practice,2023-09-22 19:33:32,injury_reports_2023.csv,1.0,LB,KC
2023,REG,LA,3,00-0037839,CB,Cobie Durant,Cobie,Durant,,,,Groin,,Full Participation in Practice,2023-09-23 19:39:36,injury_reports_2023.csv,0.0,CB,LA
2023,REG,LA,3,00-0035944,ED,Jonah Williams,Jonah,Williams,,,,Back,,Full Participation in Practice,2023-09-23 19:39:20,injury_reports_2023.csv,0.0,DE,LA
2023,REG,LAC,3,00-0031040,ED,Khalil Mack,Khalil,Mack,,,,Not injury related - resting player,,Full Participation in Practice,2023-09-21 21:21:51,injury_reports_2023.csv,0.0,DE,LAC
2023,REG,LAC,3,00-0031554,LB,Eric Kendricks,Eric,Kendricks,Hamstring,,Out,Hamstring,,Did Not Participate In Practice,2023-09-22 20:07:46,injury_reports_2023.csv,3.0,LB,LAC
2023,REG,LAC,3,00-0038553,LB,Daiyan Henley,Daiyan,Henley,Hamstring,,Questionable,Hamstring,,Full Participation in Practice,2023-09-22 20:07:33,injury_reports_2023.csv,1.0,LB,LAC
2023,REG,LAC,3,00-0036867,ED,Chris Rumph,Chris,Rumph,Hamstring,,Questionable,Hamstring,,Full Participation in Practice,2023-09-22 20:07:33,injury_reports_2023.csv,1.0,DE,LAC
2023,REG,LAC,3,00-0033156,ED,Joey Bosa,Joey,Bosa,Hamstring,,Questionable,Hamstring,,Limited Participation in Practice,2023-09-22 20:07:33,injury_reports_2023.csv,1.0,DE,LAC
2023,REG,LAC,3,00-0037375,DI,Christopher Hinton,Christopher,Hinton,Back,,Questionable,Back,,Limited Participation in Practice,2023-09-22 20:07:33,injury_reports_2023.csv,1.0,DT,LAC
2023,REG,LV,3,00-0039072,CB,Jakorian Bennett,Jakorian,Bennett,,,,Hamstring,,Full Participation in Practice,2023-09-22 20:42:17,injury_reports_2023.csv,0.0,CB,LV
2023,REG,LV,3,00-0036990,LB,Divine Deablo,Divine,Deablo,,,,Rib,,Full Participation in Practice,2023-09-22 20:42:12,injury_reports_2023.csv,0.0,LB,LV
2023,REG,LV,3,00-0034993,S,Marcus Epps,Marcus,Epps,,,,Quadricep,,Full Participation in Practice,2023-09-22 20:42:12,injury_reports_2023.csv,0.0,S,LV
2023,REG,LV,3,00-0038602,S,Christopher Smith,Christopher,Smith,,,,Illness,,Full Participation in Practice,2023-09-22 20:42:30,injury_reports_2023.csv,0.0,S,LV
2023,REG,LV,3,00-0034387,DI,Bilal Nichols,Bilal,Nichols,,,,Hamstring,Hand,Limited Participation in Practice,2023-09-22 20:42:12,injury_reports_2023.csv,0.0,DT,LV
2023,REG,LV,3,00-0038541,ED,Tyree Wilson,Tyree,Wilson,Illness,,Questionable,Illness,,Limited Participation in Practice,2023-09-22 20:42:38,injury_reports_2023.csv,1.0,DE,LV
2023,REG,MIA,3,00-0033050,CB,Xavien Howard,Xavien,Howard,,,,Not injury related - resting player,,Did Not Participate In Practice,2023-09-20 21:36:29,injury_reports_2023.csv,0.0,CB,MIA
2023,REG,MIA,3,00-0035272,LB,Andrew Van Ginkel,Andrew,Van Ginkel,,,,Ankle,,Full Participation in Practice,2023-09-22 19:50:47,injury_reports_2023.csv,0.0,LB,MIA
2023,REG,MIA,3,00-0034248,S,Elijah Campbell,Elijah,Campbell,Knee,,Questionable,Knee,,Full Participation in Practice,2023-09-22 19:54:25,injury_reports_2023.csv,1.0,S,MIA
2023,REG,MIA,3,00-0036213,DI,Raekwon Davis,Raekwon,Davis,Wrist,,Questionable,Wrist,,Full Participation in Practice,2023-09-22 19:54:42,injury_reports_2023.csv,1.0,DT,MIA
2023,REG,MIA,3,00-0036934,LB,Jaelan Phillips,Jaelan,Phillips,Back,,Questionable,Back,,Full Participation in Practice,2023-09-22 19:55:17,injury_reports_2023.csv,1.0,LB,MIA
2023,REG,MIN,3,00-0032129,LB,Jordan Hicks,Jordan,Hicks,,,,Shin,,Full Participation in Practice,2023-09-22 19:41:43,injury_reports_2023.csv,0.0,LB,MIN
2023,REG,MIN,3,00-0036348,S,Josh Metellus,Josh,Metellus,,,,Shoulder,,Full Participation in Practice,2023-09-22 19:41:48,injury_reports_2023.csv,0.0,S,MIN
2023,REG,MIN,3,00-0034344,ED,Marcus Davenport,Marcus,Davenport,Ankle,,Out,Ankle,,Did Not Participate In Practice,2023-09-22 19:42:06,injury_reports_2023.csv,3.0,DE,MIN
2023,REG,NE,3,00-0033860,DI,Davon Godchaux,Davon,Godchaux,,,,Not injury related - personal matter,,Did Not Participate In Practice,2023-09-20 19:50:29,injury_reports_2023.csv,0.0,DT,NE
2023,REG,NE,3,00-0037253,CB,Marcus Jones,Marcus,Jones,,,,Shoulder,,Did Not Participate In Practice,2023-09-21 19:41:24,injury_reports_2023.csv,0.0,CB,NE
2023,REG,NE,3,00-0036981,DI,Christian Barmore,Christian,Barmore,Knee,,Questionable,Knee,,Limited Participation in Practice,2023-09-22 19:46:30,injury_reports_2023.csv,1.0,DT,NE
2023,REG,NE,3,00-0032580,CB,Jonathan Jones,Jonathan,Jones,Ankle,,Questionable,Ankle,,Limited Participation in Practice,2023-09-22 19:46:30,injury_reports_2023.csv,1.0,CB,NE
2023,REG,NO,3,00-0038588,S,Jordan Howden,Jordan,Howden,,,,Finger,,Full Participation in Practice,2023-09-22 19:10:29,injury_reports_2023.csv,0.0,S,NO
2023,REG,NO,3,00-0036937,CB,Paulson Adebo,Paulson,Adebo,Hamstring,,Questionable,Hamstring,,Did Not Participate In Practice,2023-09-22 19:10:45,injury_reports_2023.csv,1.0,CB,NO
2023,REG,NO,3,00-0035142,S,Ugochukwu Amadi,Ugochukwu,Amadi,Knee,,Questionable,Knee,,Limited Participation in Practice,2023-09-22 19:11:46,injury_reports_2023.csv,1.0,S,NO
2023,REG,NYG,3,00-0036552,ED,Azeez Ojulari,Azeez,Ojulari,Hamstring,,Out,Hamstring,,Limited Participation in Practice,2023-09-20 18:37:03,injury_reports_2023.csv,3.0,DE,NYG
2023,REG,NYG,3,00-0037259,LB,Micah McFadden,Micah,McFadden,Neck,,Questionable,Neck,,Limited Participation in Practice,2023-09-20 18:36:26,injury_reports_2023.csv,1.0,LB,NYG
2023,REG,NYJ,3,00-0036501,CB,Michael Carter,Michael,Carter,,,,Elbow,,Full Participation in Practice,2023-09-22 19:53:24,injury_reports_2023.csv,0.0,CB,NYJ
2023,REG,NYJ,3,00-0035680,LB,Quincy Williams,Quincy,Williams,,,,Knee,,Full Participation in Practice,2023-09-22 19:53:43,injury_reports_2023.csv,0.0,LB,NYJ
2023,REG,NYJ,3,00-0037155,S,Tony Adams,Tony,Adams,Hamstring,,Out,Hamstring,,Did Not Participate In Practice,2023-09-22 19:54:26,injury_reports_2023.csv,3.0,S,NYJ
2023,REG,NYJ,3,00-0034805,ED,John Franklin-Myers,John,Franklin-Myers,Hip,,Questionable,Hip,,Full Participation in Practice,2023-09-22 19:54:19,injury_reports_2023.csv,1.0,DE,NYJ
2023,REG,PHI,3,00-0037130,S,Reed Blankenship,Reed,Blankenship,,,,Ribs,,Full Participation in Practice,2023-09-23 19:47:40,injury_reports_2023.csv,0.0,S,PHI
2023,REG,PHI,3,00-0032890,CB,James Bradberry,James,Bradberry,,,,Concussion,,Full Participation in Practice,2023-09-23 19:47:40,injury_reports_2023.csv,0.0,CB,PHI
2023,REG,PHI,3,00-0029653,DI,Fletcher Cox,Fletcher,Cox,,,,Ribs,,Full Participation in Practice,2023-09-23 19:47:40,injury_reports_2023.csv,0.0,DT,PHI
2023,REG,PHI,3,00-0033547,LB,Zach Cunningham,Zach,Cunningham,,,,Ribs,,Full Participation in Practice,2023-09-23 19:47:56,injury_reports_2023.csv,0.0,LB,PHI
2023,REG,PHI,3,00-0037073,DI,Jordan Davis,Jordan,Davis,,,,Ankle,,Full Participation in Practice,2023-09-23 19:48:04,injury_reports_2023.csv,0.0,DT,PHI
2023,REG,PHI,3,00-0034858,S,Terrell Edmunds,Terrell,Edmunds,,,,Illness,,Full Participation in Practice,2023-09-23 19:48:12,injury_reports_2023.csv,0.0,S,PHI
2023,REG,PHI,3,00-0034381,ED,Josh Sweat,Josh,Sweat,,,,Toe,,Full Participation in Practice,2023-09-23 19:48:39,injury_reports_2023.csv,0.0,DE,PHI
2023,REG,PIT,3,00-0034789,S,Minkah Fitzpatrick,Minkah,Fitzpatrick,,,,Chest,,Full Participation in Practice,2023-09-22 18:51:10,injury_reports_2023.csv,0.0,S,PIT
2023,REG,PIT,3,00-0032127,LB,Markus Golden,Markus,Golden,,,,Knee,,Full Participation in Practice,2023-09-22 18:51:16,injury_reports_2023.csv,0.0,LB,PIT
2023,REG,PIT,3,00-0033512,S,Damontae Kazee,Damontae,Kazee,,,,Calf,,Full Participation in Practice,2023-09-22 18:51:21,injury_reports_2023.csv,0.0,S,PIT
2023,REG,PIT,3,00-0033905,DI,Larry Ogunjobi,Larry,Ogunjobi,,,,Foot,,Full Participation in Practice,2023-09-22 18:51:26,injury_reports_2023.csv,0.0,DT,PIT
2023,REG,PIT,3,00-0027943,CB,Patrick Peterson,Patrick,Peterson,,,,Not injury related - resting player,,Full Participation in Practice,2023-09-21 20:29:30,injury_reports_2023.csv,0.0,CB,PIT
2023,REG,SEA,3,00-0036409,LB,Jordyn Brooks,Jordyn,Brooks,,,,Not injury related - resting player,Knee,Did Not Participate In Practice,2023-09-21 23:01:08,injury_reports_2023.csv,0.0,LB,SEA
2023,REG,SEA,3,00-0035525,LB,Devin Bush,Devin,Bush,,,,Shoulder,,Full Participation in Practice,2023-09-22 21:19:34,injury_reports_2023.csv,0.0,LB,SEA
2023,REG,SEA,3,00-0038133,LB,Boye Mafe,Boye,Mafe,,,,Knee,,Full Participation in Practice,2023-09-22 21:19:26,injury_reports_2023.csv,0.0,LB,SEA
2023,REG,SEA,3,00-0039047,LB,Derick Hall,Derick,Hall,,,,Shoulder,,Limited Participation in Practice,2023-09-22 21:17:33,injury_reports_2023.csv,0.0,LB,SEA
2023,REG,SEA,3,00-0038136,CB,Coby Bryant,Coby,Bryant,Toe,,Out,Toe,,Did Not Participate In Practice,2023-09-22 19:51:24,injury_reports_2023.csv,3.0,CB,SEA
2023,REG,SEA,3,00-0037079,CB,Tariq Woolen,Tariq,Woolen,Chest,,Doubtful,Chest,,Did Not Participate In Practice,2023-09-22 19:51:51,injury_reports_2023.csv,2.0,CB,SEA
2023,REG,SEA,3,00-0031608,S,Quandre Diggs,Quandre,Diggs,Hamstring,,Questionable,Hamstring,,Did Not Participate In Practice,2023-09-22 19:54:18,injury_reports_2023.csv,1.0,S,SEA
2023,REG,SEA,3,00-0033872,S,Jamal Adams,Jamal,Adams,Knee,,Questionable,Knee,,Full Participation in Practice,2023-09-22 19:55:32,injury_reports_2023.csv,1.0,S,SEA
2023,REG,SEA,3,00-0032387,DI,Jarran Reed,Jarran,Reed,Groin,,Questionable,Groin,,Full Participation in Practice,2023-09-22 19:53:37,injury_reports_2023.csv,1.0,DT,SEA
2023,REG,SEA,3,00-0034974,S,Julian Love,Julian,Love,Hamstring,,Questionable,Hamstring,,Limited Participation in Practice,2023-09-22 19:53:10,injury_reports_2023.csv,1.0,S,SEA
2023,REG,SF,3,00-0037008,CB,Ambry Thomas,Ambry,Thomas,Knee,,Questionable,Knee,,Limited Participation in Practice,2023-09-20 19:26:42,injury_reports_2023.csv,1.0,CB,SF
2023,REG,TB,3,00-0029562,LB,Lavonte David,Lavonte,David,,,,Not injury related - resting player,,Did Not Participate In Practice,2023-09-23 19:46:27,injury_reports_2023.csv,0.0,LB,TB
2023,REG,TB,3,00-0034527,S,Ryan Neal,Ryan,Neal,,,,Ribs,Knee,Full Participation in Practice,2023-09-23 19:44:48,injury_reports_2023.csv,0.0,S,TB
2023,REG,TB,3,00-0039049,LB,SirVocea Dennis,SirVocea,Dennis,Hamstring,,Out,Hamstring,,Did Not Participate In Practice,2023-09-23 19:47:58,injury_reports_2023.csv,3.0,LB,TB
2023,REG,TB,3,00-0039063,DI,Calijah Kancey,Calijah,Kancey,Calf,,Out,Calf,,Did Not Participate In Practice,2023-09-23 19:48:23,injury_reports_2023.csv,3.0,DT,TB
2023,REG,TB,3,00-0034778,CB,Carlton Davis,Carlton,Davis,Toe,,Questionable,Toe,,Limited Participation in Practice,2023-09-23 19:47:01,injury_reports_2023.csv,1.0,CB,TB
2023,REG,TB,3,00-0034773,DI,Vita Vea,Vita,Vea,Pectoral,,Questionable,Pectoral,,Limited Participation in Practice,2023-09-23 19:47:01,injury_reports_2023.csv,1.0,DT,TB
2023,REG,TB,3,00-0035707,LB,Devin White,Devin,White,Groin,,Questionable,Groin,,Limited Participation in Practice,2023-09-23 19:47:01,injury_reports_2023.csv,1.0,LB,TB
2023,REG,TEN,3,00-0036416,CB,Kristian Fulton,Kristian,Fulton,,,,Hamstring,,Full Participation in Practice,2023-09-22 20:25:50,injury_reports_2023.csv,0.0,CB,TEN
2023,REG,TEN,3,00-0035413,LB,Luke Gifford,Luke,Gifford,,,,Quadricep,,Full Participation in Practice,2023-09-22 20:26:15,injury_reports_2023.csv,0.0,LB,TEN
2023,REG,TEN,3,00-0035632,S,Amani Hooker,Amani,Hooker,,,,Concussion,,Full Participation in Practice,2023-09-22 20:25:50,injury_reports_2023.csv,0.0,S,TEN
2023,REG,TEN,3,00-0034828,LB,Harold Landry,Harold,Landry,,,,Hamstring,,Full Participation in Practice,2023-09-22 20:26:55,injury_reports_2023.csv,0.0,LB,TEN
2023,REG,TEN,3,00-0036181,DI,Teair Tart,Teair,Tart,,,,Knee,,Full Participation in Practice,2023-09-22 20:27:04,injury_reports_2023.csv,0.0,DT,TEN
2023,REG,TEN,3,00-0031254,ED,Denico Autry,Denico,Autry,Foot,Groin,Questionable,Foot,Groin,Limited Participation in Practice,2023-09-22 20:27:45,injury_reports_2023.csv,1.0,DE,TEN
2023,REG,TEN,3,00-0038848,CB,Anthony Kendall,Anthony,Kendall,Hip,,Questionable,Hip,,Limited Participation in Practice,2023-09-22 20:27:45,injury_reports_2023.csv,1.0,CB,TEN
2023,REG,WAS,3,00-0039149,CB,Quan Martin,Quan,Martin,,,,Concussion,,Full Participation in Practice,2023-09-22 17:18:54,injury_reports_2023.csv,0.0,CB,WAS
2023,REG,WAS,3,00-0034333,DI,Daron Payne,Daron,Payne,,,,Ankle,,Full Participation in Practice,2023-09-22 17:19:00,injury_reports_2023.csv,0.0,DT,WAS
2023,REG,WAS,3,00-0036349,S,Kamren Curl,Kamren,Curl,Illness,,Questionable,Illness,,Did Not Participate In Practice,2023-09-22 17:22:17,injury_reports_2023.csv,1.0,S,WAS
2023,REG,ARZ,4,00-0036933,LB,Zaven Collins,Zaven,Collins,,,,Eye,,Full Participation in Practice,2023-09-29 19:34:27,injury_reports_2023.csv,0.0,LB,ARI
2023,REG,ARZ,4,00-0035343,ED,Jonathan Ledbetter,Jonathan,Ledbetter,Finger,,Out,Finger,,Did Not Participate In Practice,2023-09-29 19:35:52,injury_reports_2023.csv,3.0,DE,ARI
2023,REG,ARZ,4,00-0034801,LB,Josh Woods,Josh,Woods,Ankle,,Out,Ankle,,Did Not Participate In Practice,2023-09-29 19:35:59,injury_reports_2023.csv,3.0,LB,ARI
2023,REG,ARZ,4,00-0035961,LB,Krys Barnes,Krys,Barnes,Finger,,Questionable,Finger,,Limited Participation in Practice,2023-09-29 19:35:35,injury_reports_2023.csv,1.0,LB,ARI
2023,REG,ATL,4,00-0026190,ED,Calais Campbell,Calais,Campbell,,,,Not injury related - resting player,,Did Not Participate In Practice,2023-09-27 20:01:01,injury_reports_2023.csv,0.0,DE,ATL
2023,REG,BLT,4,00-0033281,CB,Marlon Humphrey,Marlon,Humphrey,Foot,,Out,Foot,,Did Not Participate In Practice,2023-09-29 19:22:30,injury_reports_2023.csv,3.0,CB,BAL
2023,REG,BLT,4,00-0038142,LB,David Ojabo,David,Ojabo,Ankle,Knee,Out,Ankle,Knee,Did Not Participate In Practice,2023-09-29 19:22:40,injury_reports_2023.csv,3.0,LB,BAL
2023,REG,BLT,4,00-0036940,LB,Odafe Oweh,Odafe,Oweh,Ankle,,Out,Ankle,,Did Not Participate In Practice,2023-09-29 19:22:44,injury_reports_2023.csv,3.0,LB,BAL
2023,REG,BLT,4,00-0038038,S,Kyle Hamilton,Kyle,Hamilton,Back,,Questionable,Back,,Full Participation in Practice,2023-09-29 19:22:23,injury_reports_2023.csv,1.0,S,BAL
2023,REG,BLT,4,00-0033894,S,Marcus Williams,Marcus,Williams,Pectoral,,Questionable,Pectoral,,Full Participation in Practice,2023-09-29 19:21:58,injury_reports_2023.csv,1.0,S,BAL
2023,REG,BUF,4,00-0033884,CB,Tre'Davious White,Tre'Davious,White,,,,Not injury related - resting player,,Did Not Participate In Practice,2023-09-29 17:57:26,injury_reports_2023.csv,0.0,CB,BUF
2023,REG,BUF,4,00-0033072,ED,Leonard Floyd,Leonard,Floyd,,,,Ankle,,Full Participation in Practice,2023-09-29 17:57:13,injury_reports_2023.csv,0.0,DE,BUF
2023,REG,BUF,4,00-0030090,S,Micah Hyde,Micah,Hyde,,,,Hamstring,,Full Participation in Practice,2023-09-29 17:57:13,injury_reports_2023.csv,0.0,S,BUF
2023,REG,BUF,4,00-0034376,CB,Taron Johnson,Taron,Johnson,,,,Hip,,Full Participation in Practice,2023-09-29 17:57:13,injury_reports_2023.csv,0.0,CB,BUF
2023,REG,BUF,4,00-0034391,CB,Siran Neal,Siran,Neal,,,,Ankle,,Full Participation in Practice,2023-09-29 17:57:47,injury_reports_2023.csv,0.0,CB,BUF
2023,REG,BUF,4,00-0030114,S,Jordan Poyer,Jordan,Poyer,Knee,,Out,Knee,,Did Not Participate In Practice,2023-09-29 17:58:00,injury_reports_2023.csv,3.0,S,BUF
2023,REG,CAR,4,00-0036281,CB,C.J. Henderson,C.J.,Henderson,,,,Ankle,,Full Participation in Practice,2023-09-29 17:05:22,injury_reports_2023.csv,0.0,CB,CAR
2023,REG,CAR,4,00-0037203,ED,LaBryan Ray,LaBryan,Ray,,,,Finger,,Full Participation in Practice,2023-09-29 17:05:59,injury_reports_2023.csv,0.0,DE,CAR
2023,REG,CAR,4,00-0033579,S,Xavier Woods,Xavier,Woods,Hamstring,,Out,Hamstring,,Did Not Participate In Practice,2023-09-29 17:06:49,injury_reports_2023.csv,3.0,S,CAR
2023,REG,CAR,4,00-0034302,LB,Frankie Luvu,Frankie,Luvu,Hip,,Questionable,Hip,,Limited Participation in Practice,2023-09-29 17:07:14,injury_reports_2023.csv,1.0,LB,CAR
2023,REG,CHI,4,00-0039071,CB,Tyrique Stevenson,Tyrique,Stevenson,,,,Illness,,Full Participation in Practice,2023-09-29 19:08:35,injury_reports_2023.csv,0.0,CB,CHI
2023,REG,CHI,4,00-0037129,CB,Josh Blackwell,Josh,Blackwell,Hamstring,,Out,Hamstring,,Did Not Participate In Practice,2023-09-29 19:09:23,injury_reports_2023.csv,3.0,CB,CHI
2023,REG,CHI,4,00-0033784,S,Eddie Jackson,Eddie,Jackson,Foot,,Out,Foot,,Did Not Participate In Practice,2023-09-29 19:09:10,injury_reports_2023.csv,3.0,S,CHI
2023,REG,CHI,4,00-0036292,CB,Jaylon Johnson,Jaylon,Johnson,Hamstring,,Out,Hamstring,,Did Not Participate In Practice,2023-09-29 19:09:32,injury_reports_2023.csv,3.0,CB,CHI
2023,REG,CIN,4,00-0033548,CB,Chidobe Awuzie,Chidobe,Awuzie,,,,Not injury related - resting player,,Limited Participation in Practice,2023-09-29 18:03:25,injury_reports_2023.csv,0.0,CB,CIN
2023,REG,CIN,4,00-0036298,LB,Akeem Davis-Gaither,Akeem,Davis-Gaither,Knee,,Questionable,Knee,,Did Not Participate In Practice,2023-09-29 18:04:14,injury_reports_2023.csv,1.0,LB,CIN
2023,REG,CLV,4,00-0033868,ED,Myles Garrett,Myles,Garrett,,,,Not injury related - resting player,,Did Not Participate In Practice,2023-09-27 20:07:19,injury_reports_2023.csv,0.0,DE,CLE
2023,REG,CLV,4,00-0031576,ED,Za'Darius Smith,Za'Darius,Smith,,,,Not injury related - resting player,,Did Not Participate In Practice,2023-09-27 20:08:34,injury_reports_2023.csv,0.0,DE,CLE
2023,REG,CLV,4,00-0036996,CB,Greg Newsome,Greg,Newsome,,,,Elbow,,Full Participation in Practice,2023-09-29 19:12:37,injury_reports_2023.csv,0.0,CB,CLE
2023,REG,DAL,4,00-0031411,ED,Demarcus Lawrence,Demarcus,Lawrence,,,,Not injury related - resting player,,Did Not Participate In Practice,2023-09-27 19:32:19,injury_reports_2023.csv,0.0,DE,DAL
2023,REG,DEN,4,00-0032210,LB,Frank Clark,Frank,Clark,Hip,,Out,Hip,,Did Not Participate In Practice,2023-09-29 20:24:02,injury_reports_2023.csv,3.0,LB,DEN
2023,REG,DEN,4,00-0034368,LB,Josey Jewell,Josey,Jewell,Hip,,Out,Hip,,Did Not Participate In Practice,2023-09-29 20:24:37,injury_reports_2023.csv,3.0,LB,DEN
2023,REG,DEN,4,00-0029890,DI,Mike Purcell,Mike,Purcell,Ribs,,Out,Ribs,,Did Not Participate In Practice,2023-09-29 20:24:49,injury_reports_2023.csv,3.0,DT,DEN
2023,REG,DEN,4,00-0032971,S,Justin Simmons,Justin,Simmons,Hip,,Questionable,Hip,,Did Not Participate In Practice,2023-09-29 20:22:53,injury_reports_2023.csv,1.0,S,DEN
2023,REG,DET,4,00-0037667,S,Kerby Joseph,Kerby,Joseph,Hip,,Questionable,Hip,,Limited Participation in Practice,2023-09-27 19:52:13,injury_reports_2023.csv,1.0,S,DET
2023,REG,DET,4,00-0034096,CB,Emmanuel Moseley,Emmanuel,Moseley,Knee,Hamstring,Questionable,Knee,Hamstring,Limited Participation in Practice,2023-09-27 19:52:13,injury_reports_2023.csv,1.0,CB,DET
2023,REG,GB,4,00-0034967,LB,Rashan Gary,Rashan,Gary,,,,Knee,,Limited Participation in Practice,2023-09-27 19:51:18,injury_reports_2023.csv,0.0,LB,GB
2023,REG,GB,4,00-0036677,S,Zayne Anderson,Zayne,Anderson,Hamstring,,Out,Hamstring,,Did Not Participate In Practice,2023-09-27 19:52:59,injury_reports_2023.csv,3.0,S,GB
2023,REG,GB,4,00-0032401,LB,De'Vondre Campbell,De'Vondre,Campbell,Ankle,,Out,Ankle,,Did Not Participate In Practice,2023-09-27 19:53:13,injury_reports_2023.csv,3.0,LB,GB
2023,REG,GB,4,00-0034728,CB,Jaire Alexander,Jaire,Alexander,Back,,Questionable,Back,,Limited Participation in Practice,2023-09-27 19:52:50,injury_reports_2023.csv,1.0,CB,GB
2023,REG,GB,4,00-0038408,CB,Carrington Valentine,Carrington,Valentine,Biceps,,Questionable,Biceps,,Limited Participation in Practice,2023-09-27 19:52:50,injury_reports_2023.csv,1.0,CB,GB
2023,REG,HST,4,00-0036224,ED,Jonathan Greenard,Jonathan,Greenard,,,,Knee,,Full Participation in Practice,2023-09-29 20:37:55,injury_reports_2023.csv,0.0,DE,HOU
2023,REG,HST,4,00-0033926,CB,Shaquill Griffin,Shaquill,Griffin,,,,Foot,,Full Participation in Practice,2023-09-29 20:37:55,injury_reports_2023.csv,0.0,CB,HOU
2023,REG,HST,4,00-0037246,S,Jalen Pitre,Jalen,Pitre,,,,Chest,,Full Participation in Practice,2023-09-29 20:37:55,injury_reports_2023.csv,0.0,S,HOU
2023,REG,HST,4,00-0031298,S,Jimmie Ward,Jimmie,Ward,,,,Not injury related - resting player,,Limited Participation in Practice,2023-09-27 21:46:43,injury_reports_2023.csv,0.0,S,HOU
2023,REG,HST,4,00-0032103,LB,Denzel Perryman,Denzel,Perryman,Hand,Wrist,Out,Hand,Wrist,Did Not Participate In Practice,2023-09-29 20:38:59,injury_reports_2023.csv,3.0,LB,HOU
2023,REG,HST,4,00-0034488,CB,Tavierre Thomas,Tavierre,Thomas,Hand,,Out,Hand,,Did Not Participate In Practice,2023-09-29 20:39:07,injury_reports_2023.csv,3.0,CB,HOU
2023,REG,IND,4,00-0033952,DI,Grover Stewart,Grover,Stewart,,,,Foot,,Did Not Participate In Practice,2023-09-29 19:28:56,injury_reports_2023.csv,0.0,DT,IND
2023,REG,IND,4,00-0037395,CB,Dallis Flowers,Dallis,Flowers,,,,Back,,Full Participation in Practice,2023-09-29 19:27:54,injury_reports_2023.csv,0.0,CB,IND
2023,REG,IND,4,00-0032378,DI,DeForest Buckner,DeForest,Buckner,Groin,Back,Questionable,Groin,Back,Did Not Participate In Practice,2023-09-29 19:29:44,injury_reports_2023.csv,1.0,DT,IND
2023,REG,JAX,4,00-0035642,LB,Josh Hines-Allen,Josh,Hines-Allen,,,,Shoulder,,Full Participation in Practice,2023-09-29 20:30:22,injury_reports_2023.csv,0.0,LB,JAX
2023,REG,JAX,4,00-0035378,S,Andrew Wingard,Andrew,Wingard,,,,Shoulder,,Full Participation in Practice,2023-09-29 20:30:29,injury_reports_2023.csv,0.0,S,JAX
2023,REG,JAX,4,00-0037244,LB,Devin Lloyd,Devin,Lloyd,Thumb,,Out,Thumb,,Did Not Participate In Practice,2023-09-29 20:31:39,injury_reports_2023.csv,3.0,LB,JAX
2023,REG,JAX,4,00-0038596,S,Antonio Johnson,Antonio,Johnson,Hamstring,,Out,Hamstring,,Limited Participation in Practice,2023-09-29 20:31:28,injury_reports_2023.csv,3.0,S,JAX
2023,REG,JAX,4,00-0034275,DI,Folorunso Fatukasi,Folorunso,Fatukasi,Shoulder,,Questionable,Shoulder,,Limited Participation in Practice,2023-09-29 20:30:32,injury_reports_2023.csv,1.0,DT,JAX
2023,REG,KC,4,00-0037193,S,Bryan Cook,Bryan,Cook,,,,Elbow,,Full Participation in Practice,2023-09-29 18:50:13,injury_reports_2023.csv,0.0,S,KC
2023,REG,KC,4,00-0035681,S,Mike Edwards,Mike,Edwards,,,,Biceps,,Full Participation in Practice,2023-09-29 18:50:13,injury_reports_2023.csv,0.0,S,KC
2023,REG,KC,4,00-0036362,LB,Willie Gay,Willie,Gay,,,,Quadricep,,Full Participation in Practice,2023-09-29 18:50:13,injury_reports_2023.csv,0.0,LB,KC
2023,REG,KC,4,00-0038986,CB,Nic Jones,Nic,Jones,,,,Hand,,Full Participation in Practice,2023-09-29 18:50:13,injury_reports_2023.csv,0.0,CB,KC
2023,REG,KC,4,00-0036374,CB,L'Jarius Sneed,L'Jarius,Sneed,,,,Knee,,Full Participation in Practice,2023-09-29 18:50:13,injury_reports_2023.csv,0.0,CB,KC
2023,REG,KC,4,00-0032762,DI,Chris Jones,Chris,Jones,,,,Groin,,Limited Participation in Practice,2023-09-29 18:50:13,injury_reports_2023.csv,0.0,DT,KC
2023,REG,KC,4,00-0036621,LB,Nick Bolton,Nick,Bolton,Ankle,,Out,Ankle,,Did Not Participate In Practice,2023-09-29 18:53:54,injury_reports_2023.csv,3.0,LB,KC
2023,REG,KC,4,00-0037195,CB,Jaylen Watson,Jaylen,Watson,Shoulder,,Out,Shoulder,,Did Not Participate In Practice,2023-09-29 18:53:59,injury_reports_2023.csv,3.0,CB,KC
2023,REG,LA,4,00-0031388,DI,Aaron Donald,Aaron,Donald,,,,Not injury related - resting player,,Did Not Participate In Practice,2023-09-29 19:45:07,injury_reports_2023.csv,0.0,DT,LA
2023,REG,LA,4,00-0033927,S,John Johnson,John,Johnson,Face,,Questionable,Face,,Did Not Participate In Practice,2023-09-29 19:52:35,injury_reports_2023.csv,1.0,S,LA
2023,REG,LAC,4,00-0031040,ED,Khalil Mack,Khalil,Mack,,,,Not injury related - resting player,,Did Not Participate In Practice,2023-09-27 20:52:27,injury_reports_2023.csv,0.0,DE,LAC
2023,REG,LAC,4,00-0031554,LB,Eric Kendricks,Eric,Kendricks,,,,Hamstring,,Full Participation in Practice,2023-09-29 20:07:29,injury_reports_2023.csv,0.0,LB,LAC
2023,REG,LAC,4,00-0036441,LB,Kenneth Murray,Kenneth,Murray,,,,Groin,,Full Participation in Practice,2023-09-29 20:07:58,injury_reports_2023.csv,0.0,LB,LAC
2023,REG,LAC,4,00-0038091,S,J.T. Woods,J.T.,Woods,Illness,,Out,Illness,,Did Not Participate In Practice,2023-09-29 20:09:05,injury_reports_2023.csv,3.0,S,LAC
2023,REG,LAC,4,00-0034790,S,Derwin James,Derwin,James,Hamstring,,Doubtful,Hamstring,,Did Not Participate In Practice,2023-09-29 20:08:38,injury_reports_2023.csv,2.0,S,LAC
2023,REG,LAC,4,00-0037320,CB,Deane Leonard,Deane,Leonard,Hamstring,,Doubtful,Hamstring,,Did Not Participate In Practice,2023-09-29 20:08:48,injury_reports_2023.csv,2.0,CB,LAC
2023,REG,LAC,4,00-0033156,ED,Joey Bosa,Joey,Bosa,Hamstring,Toe,Questionable,Hamstring,Toe,Did Not Participate In Practice,2023-09-29 20:08:21,injury_reports_2023.csv,1.0,DE,LAC
2023,REG,LAC,4,00-0036380,S,Alohi Gilman,Alohi,Gilman,Heel,,Questionable,Heel,,Limited Participation in Practice,2023-09-29 20:08:21,injury_reports_2023.csv,1.0,S,LAC
2023,REG,LV,4,00-0039072,CB,Jakorian Bennett,Jakorian,Bennett,,,,Hamstring,,Limited Participation in Practice,2023-09-29 20:32:49,injury_reports_2023.csv,0.0,CB,LV
2023,REG,LV,4,00-0038978,DI,Byron Young,Byron,Young,,,,Ankle,,Limited Participation in Practice,2023-09-29 20:32:49,injury_reports_2023.csv,0.0,DT,LV
2023,REG,LV,4,00-0035076,LB,Curtis Bolton,Curtis,Bolton,Knee,,Out,Knee,,Did Not Participate In Practice,2023-09-29 20:34:08,injury_reports_2023.csv,3.0,LB,LV
2023,REG,LV,4,00-0034973,ED,Maxx Crosby,Maxx,Crosby,Knee,,Questionable,Knee,,Limited Participation in Practice,2023-09-29 20:34:01,injury_reports_2023.csv,1.0,DE,LV
2023,REG,LV,4,00-0036871,CB,Nate Hobbs,Nate,Hobbs,Ankle,,Questionable,Ankle,,Limited Participation in Practice,2023-09-29 20:34:01,injury_reports_2023.csv,1.0,CB,LV
2023,REG,LV,4,00-0036989,ED,Malcolm Koonce,Malcolm,Koonce,Groin,,Questionable,Groin,,Limited Participation in Practice,2023-09-29 20:34:01,injury_reports_2023.csv,1.0,DE,LV
2023,REG,LV,4,00-0035437,S,Roderic Teamer,Roderic,Teamer,Achilles,,Questionable,Achilles,,Limited Participation in Practice,2023-09-29 20:34:01,injury_reports_2023.csv,1.0,S,LV
2023,REG,MIA,4,00-0032379,CB,Eli Apple,Eli,Apple,,,,Neck,,Full Participation in Practice,2023-09-29 19:55:37,injury_reports_2023.csv,0.0,CB,MIA
2023,REG,MIA,4,00-0036934,LB,Jaelan Phillips,Jaelan,Phillips,Oblique,,Out,Oblique,,Did Not Participate In Practice,2023-09-29 19:56:15,injury_reports_2023.csv,3.0,LB,MIA
2023,REG,MIA,4,00-0034277,S,DeShon Elliott,DeShon,Elliott,Ankle,Groin,Questionable,Ankle,Groin,Limited Participation in Practice,2023-09-29 19:57:35,injury_reports_2023.csv,1.0,S,MIA
2023,REG,MIN,4,00-0034782,DI,Harrison Phillips,Harrison,Phillips,,,,Not injury related - resting player,,Did Not Participate In Practice,2023-09-27 20:36:56,injury_reports_2023.csv,0.0,DT,MIN
2023,REG,MIN,4,00-0029606,S,Harrison Smith,Harrison,Smith,,,,Not injury related - resting player,,Did Not Participate In Practice,2023-09-27 20:36:39,injury_reports_2023.csv,0.0,S,MIN
2023,REG,MIN,4,00-0037007,ED,Patrick Jones,Patrick,Jones,,,,Knee,,Full Participation in Practice,2023-09-29 18:42:53,injury_reports_2023.csv,0.0,DE,MIN
2023,REG,MIN,4,00-0036348,S,Josh Metellus,Josh,Metellus,,,,Shoulder,,Full Participation in Practice,2023-09-29 18:43:19,injury_reports_2023.csv,0.0,S,MIN
2023,REG,MIN,4,00-0035236,CB,Byron Murphy,Byron,Murphy,,,,Hip,,Full Participation in Practice,2023-09-29 18:43:24,injury_reports_2023.csv,0.0,CB,MIN
2023,REG,MIN,4,00-0037245,S,Lewis Cine,Lewis,Cine,Hamstring,,Out,Hamstring,,Did Not Participate In Practice,2023-09-29 18:45:39,injury_reports_2023.csv,3.0,S,MIN
2023,REG,MIN,4,00-0034344,ED,Marcus Davenport,Marcus,Davenport,Ankle,,Questionable,Ankle,,Full Participation in Practice,2023-09-29 18:45:19,injury_reports_2023.csv,1.0,DE,MIN
2023,REG,NE,4,00-0036981,DI,Christian Barmore,Christian,Barmore,Knee,,Questionable,Knee,,Limited Participation in Practice,2023-09-29 19:09:37,injury_reports_2023.csv,1.0,DT,NE
2023,REG,NE,4,00-0033860,DI,Davon Godchaux,Davon,Godchaux,Ankle,,Questionable,Ankle,,Limited Participation in Practice,2023-09-29 19:09:37,injury_reports_2023.csv,1.0,DT,NE
2023,REG,NE,4,00-0032580,CB,Jonathan Jones,Jonathan,Jones,Ankle,,Questionable,Ankle,,Limited Participation in Practice,2023-09-29 19:09:37,injury_reports_2023.csv,1.0,CB,NE
2023,REG,NE,4,00-0036559,CB,Shaun Wade,Shaun,Wade,Shoulder,,Questionable,Shoulder,,Limited Participation in Practice,2023-09-29 19:09:37,injury_reports_2023.csv,1.0,CB,NE
2023,REG,NO,4,00-0036937,CB,Paulson Adebo,Paulson,Adebo,Hamstring,,Out,Hamstring,,Did Not Participate In Practice,2023-09-29 19:09:51,injury_reports_2023.csv,3.0,CB,NO
2023,REG,NO,4,00-0038588,S,Jordan Howden,Jordan,Howden,Finger,,Out,Finger,,Did Not Participate In Practice,2023-09-29 19:09:58,injury_reports_2023.csv,3.0,S,NO
2023,REG,NYG,4,00-0037260,DI,D.J. Davidson,D.J.,Davidson,,,,Elbow,,Full Participation in Practice,2023-09-30 18:03:19,injury_reports_2023.csv,0.0,DT,NYG
2023,REG,NYG,4,00-0036552,ED,Azeez Ojulari,Azeez,Ojulari,,,,Hamstring,,Full Participation in Practice,2023-09-30 18:03:27,injury_reports_2023.csv,0.0,DE,NYG
2023,REG,NYJ,4,00-0038107,ED,Micheal Clemons,Micheal,Clemons,,,,Elbow,,Full Participation in Practice,2023-09-27 19:37:14,injury_reports_2023.csv,0.0,DE,NYJ
2023,REG,NYJ,4,00-0037155,S,Tony Adams,Tony,Adams,Hamstring,,Out,Hamstring,,Did Not Participate In Practice,2023-09-29 19:14:39,injury_reports_2023.csv,3.0,S,NYJ
2023,REG,PHI,4,00-0033547,LB,Zach Cunningham,Zach,Cunningham,,,,Ribs,,Full Participation in Practice,2023-09-29 19:36:00,injury_reports_2023.csv,0.0,LB,PHI
2023,REG,PHI,4,00-0029653,DI,Fletcher Cox,Fletcher,Cox,,,,Knee,,Limited Participation in Practice,2023-09-29 19:36:00,injury_reports_2023.csv,0.0,DT,PHI
2023,REG,PHI,4,00-0039002,S,Sydney Brown,Sydney,Brown,Hamstring,,Out,Hamstring,,Did Not Participate In Practice,2023-09-29 19:36:50,injury_reports_2023.csv,3.0,S,PHI
2023,REG,PHI,4,00-0033898,S,Justin Evans,Justin,Evans,Neck,,Questionable,Neck,,Full Participation in Practice,2023-09-29 19:36:45,injury_reports_2023.csv,1.0,S,PHI
2023,REG,PIT,4,00-0027943,CB,Patrick Peterson,Patrick,Peterson,,,,Not injury related - resting player,,Did Not Participate In Practice,2023-09-27 21:39:57,injury_reports_2023.csv,0.0,CB,PIT
2023,REG,PIT,4,00-0032399,S,Miles Killebrew,Miles,Killebrew,,,,Knee,,Full Participation in Practice,2023-09-29 19:16:01,injury_reports_2023.csv,0.0,S,PIT
2023,REG,PIT,4,00-0033905,DI,Larry Ogunjobi,Larry,Ogunjobi,,,,Foot,,Full Participation in Practice,2023-09-29 19:16:11,injury_reports_2023.csv,0.0,DT,PIT
2023,REG,SEA,4,00-0033872,S,Jamal Adams,Jamal,Adams,,,,Knee,,Full Participation in Practice,2023-09-30 21:16:53,injury_reports_2023.csv,0.0,S,SEA
2023,REG,SEA,4,00-0031608,S,Quandre Diggs,Quandre,Diggs,,,,Hamstring,,Full Participation in Practice,2023-09-30 21:18:01,injury_reports_2023.csv,0.0,S,SEA
2023,REG,SEA,4,00-0034974,S,Julian Love,Julian,Love,,,,Hamstring,,Full Participation in Practice,2023-09-30 21:17:54,injury_reports_2023.csv,0.0,S,SEA
2023,REG,SEA,4,00-0034350,LB,Uchenna Nwosu,Uchenna,Nwosu,,,,Ankle,,Full Participation in Practice,2023-09-30 21:16:53,injury_reports_2023.csv,0.0,LB,SEA
2023,REG,SEA,4,00-0032387,DI,Jarran Reed,Jarran,Reed,,,,Quadricep,,Full Participation in Practice,2023-09-30 21:16:53,injury_reports_2023.csv,0.0,DT,SEA
2023,REG,SEA,4,00-0036413,LB,Darrell Taylor,Darrell,Taylor,,,,Shin,,Full Participation in Practice,2023-09-30 21:16:53,injury_reports_2023.csv,0.0,LB,SEA
2023,REG,SEA,4,00-0037079,CB,Tariq Woolen,Tariq,Woolen,,,,Chest,,Full Participation in Practice,2023-09-30 21:16:53,injury_reports_2023.csv,0.0,CB,SEA
2023,REG,SEA,4,00-0036885,CB,Tre Brown,Tre,Brown,Concussion,,Out,Concussion,,Did Not Participate In Practice,2023-09-30 19:52:02,injury_reports_2023.csv,3.0,CB,SEA
2023,REG,SEA,4,00-0033103,CB,Artie Burns,Artie,Burns,Hamstring,,Out,Hamstring,,Did Not Participate In Practice,2023-09-30 19:51:48,injury_reports_2023.csv,3.0,CB,SEA
2023,REG,SEA,4,00-0038136,CB,Coby Bryant,Coby,Bryant,Toe,,Doubtful,Toe,,Did Not Participate In Practice,2023-09-30 19:52:30,injury_reports_2023.csv,2.0,CB,SEA
2023,REG,SEA,4,00-0035678,ED,Dre'Mont Jones,Dre'Mont,Jones,Hip,,Questionable,Hip,,Did Not Participate In Practice,2023-09-30 19:53:10,injury_reports_2023.csv,1.0,DE,SEA
2023,REG,SEA,4,00-0039047,LB,Derick Hall,Derick,Hall,Knee,,Questionable,Knee,,Full Participation in Practice,2023-09-30 19:53:35,injury_reports_2023.csv,1.0,LB,SEA
2023,REG,SF,4,00-0037008,CB,Ambry Thomas,Ambry,Thomas,,,,Knee,,Full Participation in Practice,2023-09-29 20:19:42,injury_reports_2023.csv,0.0,CB,SF
2023,REG,SF,4,00-0035020,LB,Demetrius Flannigan-Fowles,Demetrius,Flannigan-Fowles,Ankle,,Questionable,Ankle,,Limited Participation in Practice,2023-09-29 20:20:35,injury_reports_2023.csv,1.0,LB,SF
2023,REG,SF,4,00-0034982,LB,Dre Greenlaw,Dre,Greenlaw,Ankle,,Questionable,Ankle,,Limited Participation in Practice,2023-09-29 20:20:35,injury_reports_2023.csv,1.0,LB,SF
2023,REG,TB,4,00-0035699,CB,Jamel Dean,Jamel,Dean,Neck,Shoulder,Out,Neck,Shoulder,Did Not Participate In Practice,2023-09-29 19:21:11,injury_reports_2023.csv,3.0,CB,TB
2023,REG,TB,4,00-0039049,LB,SirVocea Dennis,SirVocea,Dennis,Hamstring,,Out,Hamstring,,Did Not Participate In Practice,2023-09-29 19:21:17,injury_reports_2023.csv,3.0,LB,TB
2023,REG,TB,4,00-0039063,DI,Calijah Kancey,Calijah,Kancey,Calf,,Out,Calf,,Did Not Participate In Practice,2023-09-29 19:21:23,injury_reports_2023.csv,3.0,DT,TB
2023,REG,TB,4,00-0038827,CB,Derrek Pitts,Derrek,Pitts,Hamstring,,Out,Hamstring,,Did Not Participate In Practice,2023-09-29 19:21:27,injury_reports_2023.csv,3.0,CB,TB
2023,REG,TB,4,00-0034778,CB,Carlton Davis,Carlton,Davis,Toe,,Questionable,Toe,,Limited Participation in Practice,2023-09-29 19:21:05,injury_reports_2023.csv,1.0,CB,TB
2023,REG,TB,4,00-0034773,DI,Vita Vea,Vita,Vea,Pectoral,,Questionable,Pectoral,,Limited Participation in Practice,2023-09-29 19:21:05,injury_reports_2023.csv,1.0,DT,TB
2023,REG,TB,4,00-0035707,LB,Devin White,Devin,White,Foot,,Questionable,Foot,,Limited Participation in Practice,2023-09-29 19:21:05,injury_reports_2023.csv,1.0,LB,TB
2023,REG,TEN,4,00-0034828,LB,Harold Landry,Harold,Landry,,,,Hamstring,,Full Participation in Practice,2023-09-29 19:23:37,injury_reports_2023.csv,0.0,LB,TEN
2023,REG,TEN,4,00-0035413,LB,Luke Gifford,Luke,Gifford,Hamstring,,Out,Hamstring,,Did Not Participate In Practice,2023-09-29 19:25:04,injury_reports_2023.csv,3.0,LB,TEN
2023,REG,TEN,4,00-0036992,CB,Elijah Molden,Elijah,Molden,Hamstring,,Out,Hamstring,,Did Not Participate In Practice,2023-09-29 19:25:20,injury_reports_2023.csv,3.0,CB,TEN
2023,REG,TEN,4,00-0031254,ED,Denico Autry,Denico,Autry,Groin,,Questionable,Groin,,Limited Participation in Practice,2023-09-29 19:24:44,injury_reports_2023.csv,1.0,DE,TEN
2023,REG,TEN,4,00-0036181,DI,Teair Tart,Teair,Tart,Knee,,Questionable,Knee,,Limited Participation in Practice,2023-09-29 19:24:44,injury_reports_2023.csv,1.0,DT,TEN
2023,REG,WAS,4,00-0039151,CB,Emmanuel Forbes,Emmanuel,Forbes,,,,Elbow,,Full Participation in Practice,2023-09-29 17:29:43,injury_reports_2023.csv,0.0,CB,WAS
2023,REG,WAS,4,00-0036625,CB,Benjamin St-Juste,Benjamin,St-Juste,,,,Neck,,Full Participation in Practice,2023-09-29 17:29:43,injury_reports_2023.csv,0.0,CB,WAS
2023,REG,WAS,4,00-0038100,S,Percy Butler,Percy,Butler,Foot,,Questionable,Foot,,Full Participation in Practice,2023-09-29 17:30:02,injury_reports_2023.csv,1.0,S,WAS
2023,REG,ARZ,5,00-0035961,LB,Krys Barnes,Krys,Barnes,,,,Finger,,Full Participation in Practice,2023-10-06 19:50:27,injury_reports_2023.csv,0.0,LB,ARI
2023,REG,ARZ,5,00-0035343,ED,Jonathan Ledbetter,Jonathan,Ledbetter,Finger,,Out,Finger,,Did Not Participate In Practice,2023-10-06 19:51:50,injury_reports_2023.csv,3.0,DE,ARI
2023,REG,ARZ,5,00-0039007,CB,Garrett Williams,Garrett,Williams,Knee,,Out,Knee,,Limited Participation in Practice,2023-10-06 19:51:40,injury_reports_2023.csv,3.0,CB,ARI
2023,REG,ARZ,5,00-0034801,LB,Josh Woods,Josh,Woods,Ankle,,Questionable,Ankle,,Full Participation in Practice,2023-10-06 19:51:24,injury_reports_2023.csv,1.0,LB,ARI
2023,REG,BLT,5,00-0038119,CB,Jalyn Armour-Davis,Jalyn,Armour-Davis,,,,Hamstring,,Full Participation in Practice,2023-10-06 18:44:53,injury_reports_2023.csv,0.0,CB,BAL
2023,REG,BLT,5,00-0033894,S,Marcus Williams,Marcus,Williams,,,,Pectoral,,Full Participation in Practice,2023-10-06 18:44:53,injury_reports_2023.csv,0.0,S,BAL
2023,REG,BLT,5,00-0036940,LB,Odafe Oweh,Odafe,Oweh,Ankle,,Out,Ankle,,Did Not Participate In Practice,2023-10-06 18:47:06,injury_reports_2023.csv,3.0,LB,BAL
2023,REG,BLT,5,00-0032891,S,Daryl Worley,Daryl,Worley,Shoulder,,Out,Shoulder,,Did Not Participate In Practice,2023-10-06 18:47:18,injury_reports_2023.csv,3.0,S,BAL
2023,REG,BLT,5,00-0033281,CB,Marlon Humphrey,Marlon,Humphrey,Foot,,Questionable,Foot,,Full Participation in Practice,2023-10-06 18:46:43,injury_reports_2023.csv,1.0,CB,BAL
2023,REG,BUF,5,00-0033072,ED,Leonard Floyd,Leonard,Floyd,,,,Not injury related - resting player,,Did Not Participate In Practice,2023-10-04 19:20:12,injury_reports_2023.csv,0.0,DE,BUF
2023,REG,BUF,5,00-0030090,S,Micah Hyde,Micah,Hyde,,,,Not injury related - resting player,,Did Not Participate In Practice,2023-10-04 19:20:41,injury_reports_2023.csv,0.0,S,BUF
2023,REG,BUF,5,00-0033571,LB,Matt Milano,Matt,Milano,,,,Not injury related - resting player,,Did Not Participate In Practice,2023-10-04 19:21:14,injury_reports_2023.csv,0.0,LB,BUF
2023,REG,BUF,5,00-0030114,S,Jordan Poyer,Jordan,Poyer,,,,Knee,,Full Participation in Practice,2023-10-06 21:31:41,injury_reports_2023.csv,0.0,S,BUF
2023,REG,BUF,5,00-0033884,CB,Tre'Davious White,Tre'Davious,White,Achilles,,Out,Achilles,,Did Not Participate In Practice,2023-10-06 21:35:43,injury_reports_2023.csv,3.0,CB,BUF
2023,REG,BUF,5,00-0036914,ED,Gregory Rousseau,Gregory,Rousseau,Foot,,Doubtful,Foot,,Did Not Participate In Practice,2023-10-06 21:35:33,injury_reports_2023.csv,2.0,DE,BUF
2023,REG,BUF,5,00-0033096,ED,Shaq Lawson,Shaq,Lawson,Toe,,Questionable,,,"
    ",2023-10-07 20:56:18,injury_reports_2023.csv,1.0,DE,BUF
2023,REG,BUF,5,00-0037288,CB,Christian Benford,Christian,Benford,Shoulder,,Questionable,Shoulder,,Limited Participation in Practice,2023-10-06 21:33:02,injury_reports_2023.csv,1.0,CB,BUF
2023,REG,BUF,5,00-0027940,LB,Von Miller,Von,Miller,Knee,,Questionable,Knee,,Limited Participation in Practice,2023-10-06 21:33:02,injury_reports_2023.csv,1.0,LB,BUF
2023,REG,CAR,5,00-0028008,LB,Justin Houston,Justin,Houston,,,,Not injury related - resting player,,Did Not Participate In Practice,2023-10-04 19:09:54,injury_reports_2023.csv,0.0,LB,CAR
2023,REG,CAR,5,00-0038493,LB,Claudin Cherelus,Claudin,Cherelus,,,,Ankle,,Full Participation in Practice,2023-10-06 16:41:24,injury_reports_2023.csv,0.0,LB,CAR
2023,REG,CAR,5,00-0031795,ED,DeShawn Williams,DeShawn,Williams,,,,Elbow,,Full Participation in Practice,2023-10-06 16:42:31,injury_reports_2023.csv,0.0,DE,CAR
2023,REG,CAR,5,00-0034302,LB,Frankie Luvu,Frankie,Luvu,,,,Hip,,Limited Participation in Practice,2023-10-06 16:41:10,injury_reports_2023.csv,0.0,LB,CAR
2023,REG,CAR,5,00-0033579,S,Xavier Woods,Xavier,Woods,Hamstring,,Out,Hamstring,,Did Not Participate In Practice,2023-10-06 16:40:50,injury_reports_2023.csv,3.0,S,CAR
2023,REG,CAR,5,00-0034356,CB,Donte Jackson,Donte,Jackson,Shoulder,,Questionable,Shoulder,,Full Participation in Practice,2023-10-06 16:41:53,injury_reports_2023.csv,1.0,CB,CAR
2023,REG,CHI,5,00-0033784,S,Eddie Jackson,Eddie,Jackson,Foot,,Out,Foot,,Did Not Participate In Practice,2023-10-04 17:54:19,injury_reports_2023.csv,3.0,S,CHI
2023,REG,CHI,5,00-0036292,CB,Jaylon Johnson,Jaylon,Johnson,Hamstring,,Out,Hamstring,,Did Not Participate In Practice,2023-10-04 17:54:25,injury_reports_2023.csv,3.0,CB,CHI
2023,REG,CHI,5,00-0038135,S,Jaquan Brisker,Jaquan,Brisker,Hamstring,,Questionable,Hamstring,,Limited Participation in Practice,2023-10-04 17:53:58,injury_reports_2023.csv,1.0,S,CHI
2023,REG,CIN,5,00-0036298,LB,Akeem Davis-Gaither,Akeem,Davis-Gaither,Knee,,Out,Knee,,Did Not Participate In Practice,2023-10-06 19:30:37,injury_reports_2023.csv,3.0,LB,CIN
2023,REG,CIN,5,00-0033548,CB,Chidobe Awuzie,Chidobe,Awuzie,Back,,Questionable,Back,,Did Not Participate In Practice,2023-10-06 19:30:50,injury_reports_2023.csv,1.0,CB,CIN
2023,REG,CIN,5,00-0033935,ED,Trey Hendrickson,Trey,Hendrickson,Back,,Questionable,Back,,Did Not Participate In Practice,2023-10-06 19:31:02,injury_reports_2023.csv,1.0,DE,CIN
2023,REG,CIN,5,00-0037753,CB,Cam Taylor-Britt,Cam,Taylor-Britt,Concussion,,Questionable,Concussion,,Full Participation in Practice,2023-10-06 19:31:34,injury_reports_2023.csv,1.0,CB,CIN
2023,REG,DAL,5,00-0029542,CB,Stephon Gilmore,Stephon,Gilmore,,,,Not injury related - resting player,,Did Not Participate In Practice,2023-10-04 19:39:25,injury_reports_2023.csv,0.0,CB,DAL
2023,REG,DAL,5,00-0030063,DI,Johnathan Hankins,Johnathan,Hankins,,,,Not injury related - resting player,,Did Not Participate In Practice,2023-10-04 21:48:11,injury_reports_2023.csv,0.0,DT,DAL
2023,REG,DAL,5,00-0031411,ED,Demarcus Lawrence,Demarcus,Lawrence,,,,Not injury related - resting player,,Did Not Participate In Practice,2023-10-04 19:40:17,injury_reports_2023.csv,0.0,DE,DAL
2023,REG,DAL,5,00-0033877,S,Malik Hooker,Malik,Hooker,,,,Shoulder,,Full Participation in Practice,2023-10-06 19:30:16,injury_reports_2023.csv,0.0,S,DAL
2023,REG,DAL,5,00-0036932,LB,Micah Parsons,Micah,Parsons,,,,Knee,,Full Participation in Practice,2023-10-06 19:30:36,injury_reports_2023.csv,0.0,LB,DAL
2023,REG,DAL,5,00-0037281,LB,Damone Clark,Damone,Clark,Shoulder,,Questionable,Shoulder,,Limited Participation in Practice,2023-10-06 19:30:51,injury_reports_2023.csv,1.0,LB,DAL
2023,REG,DEN,5,00-0032210,LB,Frank Clark,Frank,Clark,,,,Hip,,Full Participation in Practice,2023-10-06 20:22:20,injury_reports_2023.csv,0.0,LB,DEN
2023,REG,DEN,5,00-0034368,LB,Josey Jewell,Josey,Jewell,,,,Hip,,Full Participation in Practice,2023-10-06 20:22:00,injury_reports_2023.csv,0.0,LB,DEN
2023,REG,DEN,5,00-0035227,S,P.J. Locke,P.J.,Locke,,,,Toe,,Full Participation in Practice,2023-10-04 20:52:44,injury_reports_2023.csv,0.0,S,DEN
2023,REG,DEN,5,00-0032971,S,Justin Simmons,Justin,Simmons,,,,Hip,,Full Participation in Practice,2023-10-06 20:22:34,injury_reports_2023.csv,0.0,S,DEN
2023,REG,DEN,5,00-0032197,LB,Randy Gregory,Randy,Gregory,not injury related - team decision,,Out,not injury related - team decision,,Did Not Participate In Practice,2023-10-06 21:58:23,injury_reports_2023.csv,3.0,LB,DEN
2023,REG,DEN,5,00-0036995,LB,Baron Browning,Baron,Browning,Knee,,Out,Knee,,Limited Participation in Practice,2023-10-06 20:23:22,injury_reports_2023.csv,3.0,LB,DEN
2023,REG,DEN,5,00-0029890,DI,Mike Purcell,Mike,Purcell,Ribs,,Questionable,Ribs,,Limited Participation in Practice,2023-10-06 20:22:52,injury_reports_2023.csv,1.0,DT,DEN
2023,REG,DET,5,00-0039141,CB,Brian Branch,Brian,Branch,Ankle,,Out,Ankle,,Did Not Participate In Practice,2023-10-06 19:35:36,injury_reports_2023.csv,3.0,CB,DET
2023,REG,DET,5,00-0037667,S,Kerby Joseph,Kerby,Joseph,Hip,,Questionable,Hip,,Full Participation in Practice,2023-10-06 19:35:22,injury_reports_2023.csv,1.0,S,DET
2023,REG,DET,5,00-0034096,CB,Emmanuel Moseley,Emmanuel,Moseley,Knee,Hamstring,Questionable,Knee,Hamstring,Full Participation in Practice,2023-10-06 19:35:22,injury_reports_2023.csv,1.0,CB,DET
2023,REG,DET,5,00-0036249,LB,Julian Okwara,Julian,Okwara,Shoulder,,Questionable,Shoulder,,Full Participation in Practice,2023-10-06 19:35:22,injury_reports_2023.csv,1.0,LB,DET
2023,REG,GB,5,00-0038408,CB,Carrington Valentine,Carrington,Valentine,,,,Biceps,,Full Participation in Practice,2023-10-07 19:43:15,injury_reports_2023.csv,0.0,CB,GB
2023,REG,GB,5,00-0036677,S,Zayne Anderson,Zayne,Anderson,Hamstring,,Out,Hamstring,,Did Not Participate In Practice,2023-10-07 19:43:33,injury_reports_2023.csv,3.0,S,GB
2023,REG,GB,5,00-0032401,LB,De'Vondre Campbell,De'Vondre,Campbell,Ankle,,Out,Ankle,,Did Not Participate In Practice,2023-10-07 19:43:40,injury_reports_2023.csv,3.0,LB,GB
2023,REG,GB,5,00-0034728,CB,Jaire Alexander,Jaire,Alexander,Back,,Questionable,Back,,Limited Participation in Practice,2023-10-07 19:43:26,injury_reports_2023.csv,1.0,CB,GB
2023,REG,GB,5,00-0033792,S,Rudy Ford,Rudy,Ford,Oblique,,Questionable,Oblique,,Limited Participation in Practice,2023-10-07 19:43:26,injury_reports_2023.csv,1.0,S,GB
2023,REG,GB,5,00-0036901,CB,Eric Stokes,Eric,Stokes,Foot,,Questionable,Foot,,Limited Participation in Practice,2023-10-07 19:43:26,injury_reports_2023.csv,1.0,CB,GB
2023,REG,HST,5,00-0031298,S,Jimmie Ward,Jimmie,Ward,,,,Not injury related - resting player,,Did Not Participate In Practice,2023-10-04 21:20:11,injury_reports_2023.csv,0.0,S,HOU
2023,REG,HST,5,00-0032103,LB,Denzel Perryman,Denzel,Perryman,,,,Hand,,Full Participation in Practice,2023-10-06 19:39:17,injury_reports_2023.csv,0.0,LB,HOU
2023,REG,HST,5,00-0034488,CB,Tavierre Thomas,Tavierre,Thomas,,,,Hand,,Full Participation in Practice,2023-10-06 19:39:17,injury_reports_2023.csv,0.0,CB,HOU
2023,REG,HST,5,00-0032150,CB,Steven Nelson,Steven,Nelson,,,,Not injury related - resting player,,Limited Participation in Practice,2023-10-04 21:20:51,injury_reports_2023.csv,0.0,CB,HOU
2023,REG,HST,5,00-0037823,LB,Christian Harris,Christian,Harris,Concussion,,Out,Concussion,,Did Not Participate In Practice,2023-10-06 19:41:25,injury_reports_2023.csv,3.0,LB,HOU
2023,REG,HST,5,00-0033131,DI,Maliek Collins,Maliek,Collins,Abdomen,,Questionable,Abdomen,,Limited Participation in Practice,2023-10-06 19:40:42,injury_reports_2023.csv,1.0,DT,HOU
2023,REG,HST,5,00-0033926,CB,Shaquill Griffin,Shaquill,Griffin,Calf,,Questionable,Calf,,Limited Participation in Practice,2023-10-06 19:40:42,injury_reports_2023.csv,1.0,CB,HOU
2023,REG,HST,5,00-0037457,LB,Jake Hansen,Jake,Hansen,Neck,,Questionable,Neck,,Limited Participation in Practice,2023-10-06 19:40:42,injury_reports_2023.csv,1.0,LB,HOU
2023,REG,IND,5,00-0032378,DI,DeForest Buckner,DeForest,Buckner,,,,Back,,Full Participation in Practice,2023-10-06 19:51:00,injury_reports_2023.csv,0.0,DT,IND
2023,REG,IND,5,00-0034359,ED,Tyquan Lewis,Tyquan,Lewis,,,,Knee,,Full Participation in Practice,2023-10-06 19:51:06,injury_reports_2023.csv,0.0,DE,IND
2023,REG,IND,5,00-0034846,LB,Shaquille Leonard,Shaquille,Leonard,Groin,,Out,Groin,,Did Not Participate In Practice,2023-10-06 19:51:44,injury_reports_2023.csv,3.0,LB,IND
2023,REG,IND,5,00-0036479,ED,Kwity Paye,Kwity,Paye,Concussion,,Out,Concussion,,Did Not Participate In Practice,2023-10-06 19:51:49,injury_reports_2023.csv,3.0,DE,IND
2023,REG,JAX,5,00-0035642,LB,Josh Hines-Allen,Josh,Hines-Allen,,,,Shoulder,,Full Participation in Practice,2023-10-06 21:37:40,injury_reports_2023.csv,0.0,LB,JAX
2023,REG,JAX,5,00-0038616,CB,Christian Braswell,Christian,Braswell,Hamstring,,Out,Hamstring,,Did Not Participate In Practice,2023-10-06 21:39:14,injury_reports_2023.csv,3.0,CB,JAX
2023,REG,JAX,5,00-0037244,LB,Devin Lloyd,Devin,Lloyd,Thumb,,Out,Thumb,,Did Not Participate In Practice,2023-10-06 21:39:44,injury_reports_2023.csv,3.0,LB,JAX
2023,REG,JAX,5,00-0033907,LB,Dawuane Smoot,Dawuane,Smoot,Achilles,,Out,Achilles,,Limited Participation in Practice,2023-10-06 21:38:57,injury_reports_2023.csv,3.0,LB,JAX
2023,REG,JAX,5,00-0034275,DI,Folorunso Fatukasi,Folorunso,Fatukasi,Shoulder,,Questionable,Shoulder,,Limited Participation in Practice,2023-10-06 21:38:21,injury_reports_2023.csv,1.0,DT,JAX
2023,REG,JAX,5,00-0038596,S,Antonio Johnson,Antonio,Johnson,Hamstring,,Questionable,Hamstring,,Limited Participation in Practice,2023-10-06 21:38:21,injury_reports_2023.csv,1.0,S,JAX
2023,REG,KC,5,00-0037208,LB,Jack Cochrane,Jack,Cochrane,,,,Calf,,Full Participation in Practice,2023-10-06 19:08:56,injury_reports_2023.csv,0.0,LB,KC
2023,REG,KC,5,00-0032762,DI,Chris Jones,Chris,Jones,,,,Groin,,Full Participation in Practice,2023-10-06 19:08:56,injury_reports_2023.csv,0.0,DT,KC
2023,REG,KC,5,00-0037192,ED,George Karlaftis,George,Karlaftis,,,,Knee,,Full Participation in Practice,2023-10-06 19:08:56,injury_reports_2023.csv,0.0,DE,KC
2023,REG,KC,5,00-0036374,CB,L'Jarius Sneed,L'Jarius,Sneed,,,,Knee,,Full Participation in Practice,2023-10-06 19:08:56,injury_reports_2023.csv,0.0,CB,KC
2023,REG,KC,5,00-0035262,LB,Drue Tranquill,Drue,Tranquill,,,,Wrist,,Full Participation in Practice,2023-10-06 19:08:56,injury_reports_2023.csv,0.0,LB,KC
2023,REG,KC,5,00-0037195,CB,Jaylen Watson,Jaylen,Watson,,,,Shoulder,,Full Participation in Practice,2023-10-06 19:08:56,injury_reports_2023.csv,0.0,CB,KC
2023,REG,KC,5,00-0036621,LB,Nick Bolton,Nick,Bolton,Ankle,,Questionable,Ankle,,Limited Participation in Practice,2023-10-06 19:09:30,injury_reports_2023.csv,1.0,LB,KC
2023,REG,KC,5,00-0034657,DI,Matt Dickerson,Matt,Dickerson,Knee,,Questionable,Knee,,Limited Participation in Practice,2023-10-06 19:09:30,injury_reports_2023.csv,1.0,DT,KC
2023,REG,LA,5,00-0039135,LB,Ochaun Mathis,Ochaun,Mathis,,,,Knee,,Full Participation in Practice,2023-10-06 19:45:00,injury_reports_2023.csv,0.0,LB,LA
2023,REG,LA,5,00-0035942,LB,Christian Rozeboom,Christian,Rozeboom,,,,Neck,,Full Participation in Practice,2023-10-06 19:45:39,injury_reports_2023.csv,0.0,LB,LA
2023,REG,LA,5,00-0039061,DI,Desjuan Johnson,Desjuan,Johnson,Thumb,,Doubtful,Thumb,,Limited Participation in Practice,2023-10-06 19:48:03,injury_reports_2023.csv,2.0,DT,LA
2023,REG,LV,5,00-0034993,S,Marcus Epps,Marcus,Epps,,,,Knee,,Full Participation in Practice,2023-10-07 20:35:09,injury_reports_2023.csv,0.0,S,LV
2023,REG,LV,5,00-0036989,ED,Malcolm Koonce,Malcolm,Koonce,,,,Groin,,Full Participation in Practice,2023-10-07 20:34:46,injury_reports_2023.csv,0.0,DE,LV
2023,REG,LV,5,00-0034973,ED,Maxx Crosby,Maxx,Crosby,,,,Knee,,Limited Participation in Practice,2023-10-07 20:34:31,injury_reports_2023.csv,0.0,DE,LV
2023,REG,LV,5,00-0036871,CB,Nate Hobbs,Nate,Hobbs,Ankle,,Out,Ankle,,Did Not Participate In Practice,2023-10-07 20:35:56,injury_reports_2023.csv,3.0,CB,LV
2023,REG,LV,5,00-0039072,CB,Jakorian Bennett,Jakorian,Bennett,Hamstring,Shoulder,Questionable,Hamstring,Shoulder,Limited Participation in Practice,2023-10-07 20:35:44,injury_reports_2023.csv,1.0,CB,LV
2023,REG,LV,5,00-0035665,CB,David Long,David,Long,Ankle,,Questionable,Ankle,,Limited Participation in Practice,2023-10-07 20:35:44,injury_reports_2023.csv,1.0,CB,LV
2023,REG,MIA,5,00-0029530,CB,Justin Bethel,Justin,Bethel,,,,Not injury related - resting player,,Did Not Participate In Practice,2023-10-04 20:10:17,injury_reports_2023.csv,0.0,CB,MIA
2023,REG,MIA,5,00-0034277,S,DeShon Elliott,DeShon,Elliott,,,,Groin,,Full Participation in Practice,2023-10-06 19:52:39,injury_reports_2023.csv,0.0,S,MIA
2023,REG,MIA,5,00-0035346,CB,Nik Needham,Nik,Needham,Achilles,,Out,Achilles,,Limited Participation in Practice,2023-10-06 19:53:18,injury_reports_2023.csv,3.0,CB,MIA
2023,REG,MIA,5,00-0036934,LB,Jaelan Phillips,Jaelan,Phillips,Oblique,,Questionable,Oblique,,Limited Participation in Practice,2023-10-06 19:53:53,injury_reports_2023.csv,1.0,LB,MIA
2023,REG,MIN,5,00-0032129,LB,Jordan Hicks,Jordan,Hicks,,,,Not injury related - resting player,,Did Not Participate In Practice,2023-10-04 20:27:37,injury_reports_2023.csv,0.0,LB,MIN
2023,REG,MIN,5,00-0029606,S,Harrison Smith,Harrison,Smith,,,,Not injury related - resting player,,Did Not Participate In Practice,2023-10-04 20:28:06,injury_reports_2023.csv,0.0,S,MIN
2023,REG,MIN,5,00-0036348,S,Josh Metellus,Josh,Metellus,,,,Shoulder,,Full Participation in Practice,2023-10-06 18:46:00,injury_reports_2023.csv,0.0,S,MIN
2023,REG,MIN,5,00-0034344,ED,Marcus Davenport,Marcus,Davenport,Ankle,,Questionable,Ankle,,Full Participation in Practice,2023-10-06 18:47:32,injury_reports_2023.csv,1.0,DE,MIN
2023,REG,MIN,5,00-0037822,LB,Brian Asamoah,Brian,Asamoah,Toe,,Questionable,Toe,,Limited Participation in Practice,2023-10-06 18:47:32,injury_reports_2023.csv,1.0,LB,MIN
2023,REG,MIN,5,00-0037245,S,Lewis Cine,Lewis,Cine,Hamstring,,Questionable,Hamstring,,Limited Participation in Practice,2023-10-06 18:47:32,injury_reports_2023.csv,1.0,S,MIN
2023,REG,NE,5,00-0039147,CB,Christian Gonzalez,Christian,Gonzalez,Shoulder,,Questionable,Shoulder,,Did Not Participate In Practice,2023-10-06 19:35:31,injury_reports_2023.csv,1.0,CB,NE
2023,REG,NE,5,00-0032415,LB,Matt Judon,Matt,Judon,Elbow,,Questionable,Elbow,,Did Not Participate In Practice,2023-10-06 19:35:31,injury_reports_2023.csv,1.0,LB,NE
2023,REG,NE,5,00-0036981,DI,Christian Barmore,Christian,Barmore,Knee,,Questionable,Knee,,Limited Participation in Practice,2023-10-06 19:35:31,injury_reports_2023.csv,1.0,DT,NE
2023,REG,NE,5,00-0029764,S,Cody Davis,Cody,Davis,Knee,,Questionable,Knee,,Limited Participation in Practice,2023-10-06 19:35:31,injury_reports_2023.csv,1.0,S,NE
2023,REG,NE,5,00-0031566,ED,Trey Flowers,Trey,Flowers,Foot,,Questionable,Foot,,Limited Participation in Practice,2023-10-06 19:35:31,injury_reports_2023.csv,1.0,DE,NE
2023,REG,NE,5,00-0033860,DI,Davon Godchaux,Davon,Godchaux,Ankle,,Questionable,Ankle,,Limited Participation in Practice,2023-10-06 19:35:31,injury_reports_2023.csv,1.0,DT,NE
2023,REG,NE,5,00-0032580,CB,Jonathan Jones,Jonathan,Jones,Ankle,,Questionable,Ankle,,Limited Participation in Practice,2023-10-06 19:35:31,injury_reports_2023.csv,1.0,CB,NE
2023,REG,NE,5,00-0036559,CB,Shaun Wade,Shaun,Wade,Shoulder,,Questionable,Shoulder,,Limited Participation in Practice,2023-10-06 19:35:31,injury_reports_2023.csv,1.0,CB,NE
2023,REG,NO,5,00-0038995,DI,Bryan Bresee,Bryan,Bresee,,,,Illness,,Full Participation in Practice,2023-10-06 19:37:04,injury_reports_2023.csv,0.0,DT,NO
2023,REG,NO,5,00-0038588,S,Jordan Howden,Jordan,Howden,,,,Finger,,Full Participation in Practice,2023-10-06 19:37:04,injury_reports_2023.csv,0.0,S,NO
2023,REG,NO,5,00-0035244,S,Lonnie Johnson,Lonnie,Johnson,Hamstring,,Out,Hamstring,,Did Not Participate In Practice,2023-10-06 19:38:56,injury_reports_2023.csv,3.0,S,NO
2023,REG,NO,5,00-0036937,CB,Paulson Adebo,Paulson,Adebo,Hamstring,,Questionable,Hamstring,,Limited Participation in Practice,2023-10-06 19:39:38,injury_reports_2023.csv,1.0,CB,NO
2023,REG,NYG,5,00-0036552,ED,Azeez Ojulari,Azeez,Ojulari,,,,Hamstring,,Limited Participation in Practice,2023-10-06 18:15:00,injury_reports_2023.csv,0.0,DE,NYG
2023,REG,NYG,5,00-0037259,LB,Micah McFadden,Micah,McFadden,Ankle,,Questionable,Ankle,,Limited Participation in Practice,2023-10-06 18:15:15,injury_reports_2023.csv,1.0,LB,NYG
2023,REG,NYJ,5,00-0037155,S,Tony Adams,Tony,Adams,,,,Hamstring,,Full Participation in Practice,2023-10-06 19:51:55,injury_reports_2023.csv,0.0,S,NYJ
2023,REG,NYJ,5,00-0036504,CB,Brandin Echols,Brandin,Echols,Hamstring,,Out,Hamstring,,Did Not Participate In Practice,2023-10-06 19:53:11,injury_reports_2023.csv,3.0,CB,NYJ
2023,REG,NYJ,5,00-0034384,CB,D.J. Reed,D.J.,Reed,Concussion,,Out,Concussion,,Did Not Participate In Practice,2023-10-06 19:53:03,injury_reports_2023.csv,3.0,CB,NYJ
2023,REG,NYJ,5,00-0038401,S,Jarrick Bernard-Converse,Jarrick,Bernard-Converse,Foot,,Questionable,Foot,,Full Participation in Practice,2023-10-06 19:52:59,injury_reports_2023.csv,1.0,S,NYJ
2023,REG,NYJ,5,00-0034902,LB,Sam Eguavoen,Sam,Eguavoen,Ankle,,Questionable,Ankle,,Limited Participation in Practice,2023-10-06 19:52:41,injury_reports_2023.csv,1.0,LB,NYJ
2023,REG,PHI,5,00-0033445,LB,Nicholas Morrow,Nicholas,Morrow,,,,Not injury related - personal matter,,Did Not Participate In Practice,2023-10-06 19:52:37,injury_reports_2023.csv,0.0,LB,PHI
2023,REG,PHI,5,00-0033898,S,Justin Evans,Justin,Evans,,,,Neck,,Full Participation in Practice,2023-10-06 19:51:55,injury_reports_2023.csv,0.0,S,PHI
2023,REG,PHI,5,00-0029653,DI,Fletcher Cox,Fletcher,Cox,Back,,Out,Back,,Did Not Participate In Practice,2023-10-06 19:53:07,injury_reports_2023.csv,3.0,DT,PHI
2023,REG,PHI,5,00-0036920,DI,Marlon Tuipulotu,Marlon,Tuipulotu,Triceps,,Out,Triceps,,Did Not Participate In Practice,2023-10-06 19:53:28,injury_reports_2023.csv,3.0,DT,PHI
2023,REG,PHI,5,00-0039002,S,Sydney Brown,Sydney,Brown,Hamstring,,Out,Hamstring,,Limited Participation in Practice,2023-10-06 19:52:58,injury_reports_2023.csv,3.0,S,PHI
2023,REG,PIT,5,00-0027943,CB,Patrick Peterson,Patrick,Peterson,,,,Not injury related - resting player,,Did Not Participate In Practice,2023-10-04 20:07:45,injury_reports_2023.csv,0.0,CB,PIT
2023,REG,PIT,5,00-0035286,LB,Cole Holcomb,Cole,Holcomb,,,,Back,,Full Participation in Practice,2023-10-06 18:32:00,injury_reports_2023.csv,0.0,LB,PIT
2023,REG,PIT,5,00-0037759,ED,DeMarvin Leal,DeMarvin,Leal,Concussion,,Out,Concussion,,Did Not Participate In Practice,2023-10-06 18:36:06,injury_reports_2023.csv,3.0,DE,PIT
2023,REG,PIT,5,00-0036333,LB,Alex Highsmith,Alex,Highsmith,Groin,,Questionable,Groin,,Limited Participation in Practice,2023-10-06 18:34:44,injury_reports_2023.csv,1.0,LB,PIT
2023,REG,SF,5,00-0034982,LB,Dre Greenlaw,Dre,Greenlaw,,,,Ankle,,Full Participation in Practice,2023-10-06 21:20:04,injury_reports_2023.csv,0.0,LB,SF
2023,REG,SF,5,00-0034573,CB,Charvarius Ward,Charvarius,Ward,,,,Heel,,Full Participation in Practice,2023-10-06 21:19:53,injury_reports_2023.csv,0.0,CB,SF
2023,REG,TEN,5,00-0031254,ED,Denico Autry,Denico,Autry,,,,Groin,,Full Participation in Practice,2023-10-06 19:21:11,injury_reports_2023.csv,0.0,DE,TEN
2023,REG,TEN,5,00-0036992,CB,Elijah Molden,Elijah,Molden,,,,Hamstring,,Full Participation in Practice,2023-10-06 19:21:01,injury_reports_2023.csv,0.0,CB,TEN
2023,REG,TEN,5,00-0035643,DI,Jeffery Simmons,Jeffery,Simmons,,,,Ankle,,Limited Participation in Practice,2023-10-06 19:22:09,injury_reports_2023.csv,0.0,DT,TEN
2023,REG,TEN,5,00-0035413,LB,Luke Gifford,Luke,Gifford,Hamstring,,Out,Hamstring,,Did Not Participate In Practice,2023-10-06 19:23:35,injury_reports_2023.csv,3.0,LB,TEN
2023,REG,TEN,5,00-0036181,DI,Teair Tart,Teair,Tart,Toe,,Out,Toe,,Did Not Participate In Practice,2023-10-06 19:24:10,injury_reports_2023.csv,3.0,DT,TEN
2023,REG,WAS,5,00-0037095,CB,Christian Holmes,Christian,Holmes,,,,Back,,Full Participation in Practice,2023-10-04 16:19:27,injury_reports_2023.csv,0.0,CB,WAS
2023,REG,WAS,5,00-0039149,CB,Quan Martin,Quan,Martin,,,,Thumb,,Full Participation in Practice,2023-10-04 16:18:59,injury_reports_2023.csv,0.0,CB,WAS
2023,REG,WAS,5,00-0036625,CB,Benjamin St-Juste,Benjamin,St-Juste,,,,Neck,,Full Participation in Practice,2023-10-04 16:18:59,injury_reports_2023.csv,0.0,CB,WAS
2023,REG,ARZ,6,00-0037815,LB,Cameron Thomas,Cameron,Thomas,,,,Thigh,,Limited Participation in Practice,2023-10-13 19:45:21,injury_reports_2023.csv,0.0,LB,ARI
2023,REG,ARZ,6,00-0035705,S,Jalen Thompson,Jalen,Thompson,Hamstring,,Out,Hamstring,,Did Not Participate In Practice,2023-10-13 19:46:28,injury_reports_2023.csv,3.0,S,ARI
2023,REG,ARZ,6,00-0035343,ED,Jonathan Ledbetter,Jonathan,Ledbetter,Finger,,Questionable,Finger,,Limited Participation in Practice,2023-10-13 19:46:10,injury_reports_2023.csv,1.0,DE,ARI
2023,REG,ARZ,6,00-0037330,LB,Jesse Luketa,Jesse,Luketa,Shoulder,,Questionable,Shoulder,,Limited Participation in Practice,2023-10-13 19:46:10,injury_reports_2023.csv,1.0,LB,ARI
2023,REG,ARZ,6,00-0037751,LB,Myjai Sanders,Myjai,Sanders,Thumb,,Questionable,Thumb,,Limited Participation in Practice,2023-10-13 19:46:10,injury_reports_2023.csv,1.0,LB,ARI
2023,REG,ARZ,6,00-0039007,CB,Garrett Williams,Garrett,Williams,Knee,,Questionable,Knee,,Limited Participation in Practice,2023-10-13 19:46:10,injury_reports_2023.csv,1.0,CB,ARI
2023,REG,ARZ,6,00-0034801,LB,Josh Woods,Josh,Woods,Ankle,,Questionable,Ankle,,Limited Participation in Practice,2023-10-13 19:46:10,injury_reports_2023.csv,1.0,LB,ARI
2023,REG,ATL,6,00-0026190,ED,Calais Campbell,Calais,Campbell,,,,Not injury related - resting player,,Did Not Participate In Practice,2023-10-11 20:45:54,injury_reports_2023.csv,0.0,DE,ATL
2023,REG,ATL,6,00-0032146,LB,Bud Dupree,Bud,Dupree,,,,Wrist,,Full Participation in Practice,2023-10-13 17:07:54,injury_reports_2023.csv,0.0,LB,ATL
2023,REG,BLT,6,00-0031364,LB,Jadeveon Clowney,Jadeveon,Clowney,,,,Illness,,Full Participation in Practice,2023-10-13 15:15:08,injury_reports_2023.csv,0.0,LB,BAL
2023,REG,BLT,6,00-0033281,CB,Marlon Humphrey,Marlon,Humphrey,,,,Foot,,Full Participation in Practice,2023-10-13 15:15:08,injury_reports_2023.csv,0.0,CB,BAL
2023,REG,BLT,6,00-0036199,S,Geno Stone,Geno,Stone,,,,Hamstring,,Full Participation in Practice,2023-10-13 15:15:16,injury_reports_2023.csv,0.0,S,BAL
2023,REG,BLT,6,00-0036940,LB,Odafe Oweh,Odafe,Oweh,Ankle,,Out,Ankle,,Did Not Participate In Practice,2023-10-13 15:15:56,injury_reports_2023.csv,3.0,LB,BAL
2023,REG,BUF,6,00-0037288,CB,Christian Benford,Christian,Benford,,,,Shoulder,,Full Participation in Practice,2023-10-13 18:11:24,injury_reports_2023.csv,0.0,CB,BUF
2023,REG,BUF,6,00-0033096,ED,Shaq Lawson,Shaq,Lawson,,,,Toe,,Full Participation in Practice,2023-10-13 18:11:24,injury_reports_2023.csv,0.0,DE,BUF
2023,REG,BUF,6,00-0036914,ED,Gregory Rousseau,Gregory,Rousseau,,,,Foot,,Full Participation in Practice,2023-10-13 18:11:50,injury_reports_2023.csv,0.0,DE,BUF
2023,REG,BUF,6,00-0037318,LB,Baylon Spector,Baylon,Spector,,,,Hamstring,,Full Participation in Practice,2023-10-13 18:11:24,injury_reports_2023.csv,0.0,LB,BUF
2023,REG,BUF,6,00-0036166,CB,Dane Jackson,Dane,Jackson,Foot,,Questionable,Foot,,Limited Participation in Practice,2023-10-13 18:12:05,injury_reports_2023.csv,1.0,CB,BUF
2023,REG,CAR,6,00-0028008,LB,Justin Houston,Justin,Houston,,,,Not injury related - resting player,,Did Not Participate In Practice,2023-10-11 19:02:36,injury_reports_2023.csv,0.0,LB,CAR
2023,REG,CAR,6,00-0032437,LB,Kamu Grugier-Hill,Kamu,Grugier-Hill,,,,Back,,Full Participation in Practice,2023-10-13 16:46:05,injury_reports_2023.csv,0.0,LB,CAR
2023,REG,CAR,6,00-0034356,CB,Donte Jackson,Donte,Jackson,,,,Shoulder,,Full Participation in Practice,2023-10-13 16:45:49,injury_reports_2023.csv,0.0,CB,CAR
2023,REG,CAR,6,00-0032939,S,Vonn Bell,Vonn,Bell,Quadricep,,Out,Quadricep,,Did Not Participate In Practice,2023-10-13 16:47:25,injury_reports_2023.csv,3.0,S,CAR
2023,REG,CAR,6,00-0033579,S,Xavier Woods,Xavier,Woods,Hamstring,,Out,Hamstring,,Did Not Participate In Practice,2023-10-13 16:48:07,injury_reports_2023.csv,3.0,S,CAR
2023,REG,CAR,6,00-0035713,LB,Brian Burns,Brian,Burns,Ankle,,Questionable,Ankle,,Full Participation in Practice,2023-10-13 16:49:24,injury_reports_2023.csv,1.0,LB,CAR
2023,REG,CAR,6,00-0036220,ED,Derrick Brown,Derrick,Brown,Knee,Ankle,Questionable,Knee,Ankle,Limited Participation in Practice,2023-10-13 16:49:08,injury_reports_2023.csv,1.0,DE,CAR
2023,REG,CHI,6,00-0038111,CB,Kyler Gordon,Kyler,Gordon,,,,Hand,,Full Participation in Practice,2023-10-13 20:51:22,injury_reports_2023.csv,0.0,CB,CHI
2023,REG,CHI,6,00-0036292,CB,Jaylon Johnson,Jaylon,Johnson,,,,Hamstring,,Full Participation in Practice,2023-10-13 20:50:30,injury_reports_2023.csv,0.0,CB,CHI
2023,REG,CHI,6,00-0038395,CB,Terell Smith,Terell,Smith,Ankle,Illness,Out,Ankle,Illness,Did Not Participate In Practice,2023-10-13 20:52:22,injury_reports_2023.csv,3.0,CB,CHI
2023,REG,CHI,6,00-0033784,S,Eddie Jackson,Eddie,Jackson,Foot,,Questionable,Foot,,Limited Participation in Practice,2023-10-13 20:51:38,injury_reports_2023.csv,1.0,S,CHI
2023,REG,CIN,6,00-0038546,ED,Myles Murphy,Myles,Murphy,,,,Not injury related - personal matter,,Did Not Participate In Practice,2023-10-13 18:26:55,injury_reports_2023.csv,0.0,DE,CIN
2023,REG,CIN,6,00-0036298,LB,Akeem Davis-Gaither,Akeem,Davis-Gaither,Knee,,Out,Knee,,Did Not Participate In Practice,2023-10-13 18:27:36,injury_reports_2023.csv,3.0,LB,CIN
2023,REG,CIN,6,00-0033347,DI,Josh Tupou,Josh,Tupou,Toe,,Questionable,Toe,,Did Not Participate In Practice,2023-10-13 18:28:37,injury_reports_2023.csv,1.0,DT,CIN
2023,REG,CIN,6,00-0037293,LB,Devin Harper,Devin,Harper,Hamstring,,Questionable,Hamstring,,Full Participation in Practice,2023-10-13 18:28:05,injury_reports_2023.csv,1.0,LB,CIN
2023,REG,CIN,6,00-0033548,CB,Chidobe Awuzie,Chidobe,Awuzie,Back,,Questionable,Back,,Limited Participation in Practice,2023-10-13 18:27:48,injury_reports_2023.csv,1.0,CB,CIN
2023,REG,CLV,6,00-0033868,ED,Myles Garrett,Myles,Garrett,,,,Foot,,Full Participation in Practice,2023-10-13 19:23:45,injury_reports_2023.csv,0.0,DE,CLE
2023,REG,DAL,6,00-0029542,CB,Stephon Gilmore,Stephon,Gilmore,,,,Not injury related - resting player,,Did Not Participate In Practice,2023-10-12 19:41:31,injury_reports_2023.csv,0.0,CB,DAL
2023,REG,DAL,6,00-0031411,ED,Demarcus Lawrence,Demarcus,Lawrence,,,,Not injury related - resting player,,Did Not Participate In Practice,2023-10-12 19:44:54,injury_reports_2023.csv,0.0,DE,DAL
2023,REG,DAL,6,00-0037561,LB,Markquese Bell,Markquese,Bell,,,,Shoulder,,Full Participation in Practice,2023-10-14 19:03:21,injury_reports_2023.csv,0.0,LB,DAL
2023,REG,DAL,6,00-0037281,LB,Damone Clark,Damone,Clark,,,,Shoulder,,Full Participation in Practice,2023-10-14 19:03:34,injury_reports_2023.csv,0.0,LB,DAL
2023,REG,DAL,6,00-0036366,DI,Neville Gallimore,Neville,Gallimore,,,,Knee,,Full Participation in Practice,2023-10-14 19:03:21,injury_reports_2023.csv,0.0,DT,DAL
2023,REG,DAL,6,00-0030063,DI,Johnathan Hankins,Johnathan,Hankins,,,,Not injury related - resting player,Illness,Full Participation in Practice,2023-10-14 19:03:45,injury_reports_2023.csv,0.0,DT,DAL
2023,REG,DAL,6,00-0033877,S,Malik Hooker,Malik,Hooker,,,,Shoulder,,Full Participation in Practice,2023-10-14 19:03:21,injury_reports_2023.csv,0.0,S,DAL
2023,REG,DAL,6,00-0035301,S,Donovan Wilson,Donovan,Wilson,,,,Ankle,,Full Participation in Practice,2023-10-14 19:03:21,injury_reports_2023.csv,0.0,S,DAL
2023,REG,DAL,6,00-0036986,CB,Nahshon Wright,Nahshon,Wright,,,,Ankle,,Full Participation in Practice,2023-10-14 19:03:21,injury_reports_2023.csv,0.0,CB,DAL
2023,REG,DAL,6,00-0031357,CB,C.J. Goodwin,C.J.,Goodwin,Pectoral,,Out,Pectoral,,Did Not Participate In Practice,2023-10-14 19:04:33,injury_reports_2023.csv,3.0,CB,DAL
2023,REG,DAL,6,00-0034674,LB,Leighton Vander Esch,Leighton,Vander Esch,Neck,Concussion,Out,Neck,Concussion,Did Not Participate In Practice,2023-10-14 19:05:11,injury_reports_2023.csv,3.0,LB,DAL
2023,REG,DAL,6,00-0037578,S,Juanyeh Thomas,Juanyeh,Thomas,Hamstring,,Doubtful,Hamstring,,Did Not Participate In Practice,2023-10-14 19:04:47,injury_reports_2023.csv,2.0,S,DAL
2023,REG,DEN,6,00-0029890,DI,Mike Purcell,Mike,Purcell,,,,Ribs,,Full Participation in Practice,2023-10-11 20:15:05,injury_reports_2023.csv,0.0,DT,DEN
2023,REG,DEN,6,00-0032971,S,Justin Simmons,Justin,Simmons,,,,Hip,,Full Participation in Practice,2023-10-11 20:15:13,injury_reports_2023.csv,0.0,S,DEN
2023,REG,DEN,6,00-0036428,LB,Justin Strnad,Justin,Strnad,,,,Back,,Full Participation in Practice,2023-10-11 20:15:23,injury_reports_2023.csv,0.0,LB,DEN
2023,REG,DEN,6,00-0032210,LB,Frank Clark,Frank,Clark,Illness,,Out,Illness,,Did Not Participate In Practice,2023-10-11 20:01:23,injury_reports_2023.csv,3.0,LB,DEN
2023,REG,DEN,6,00-0033297,DI,D.J. Jones,D.J.,Jones,Knee,,Out,Knee,,Did Not Participate In Practice,2023-10-11 20:02:35,injury_reports_2023.csv,3.0,DT,DEN
2023,REG,DEN,6,00-0036995,LB,Baron Browning,Baron,Browning,Knee,,Out,Knee,,Limited Participation in Practice,2023-10-11 20:02:14,injury_reports_2023.csv,3.0,LB,DEN
2023,REG,DET,6,00-0039141,S,Brian Branch,Brian,Branch,Ankle,,Out,Ankle,,Did Not Participate In Practice,2023-10-13 19:52:48,injury_reports_2023.csv,3.0,S,DET
2023,REG,DET,6,00-0034096,CB,Emmanuel Moseley,Emmanuel,Moseley,Knee,,Out,Knee,,Did Not Participate In Practice,2023-10-13 19:53:36,injury_reports_2023.csv,3.0,CB,DET
2023,REG,DET,6,00-0038096,ED,Josh Paschal,Josh,Paschal,Knee,,Out,Knee,,Limited Participation in Practice,2023-10-13 19:53:42,injury_reports_2023.csv,3.0,DE,DET
2023,REG,DET,6,00-0036124,CB,Khalil Dorsey,Khalil,Dorsey,Illness,,Questionable,Illness,,Full Participation in Practice,2023-10-13 19:52:40,injury_reports_2023.csv,1.0,CB,DET
2023,REG,HST,6,00-0035276,LB,Blake Cashman,Blake,Cashman,,,,Wrist,,Full Participation in Practice,2023-10-13 20:00:48,injury_reports_2023.csv,0.0,LB,HOU
2023,REG,HST,6,00-0033131,DI,Maliek Collins,Maliek,Collins,,,,Abdomen,,Full Participation in Practice,2023-10-13 20:00:48,injury_reports_2023.csv,0.0,DT,HOU
2023,REG,HST,6,00-0033926,CB,Shaquill Griffin,Shaquill,Griffin,,,,Calf,,Full Participation in Practice,2023-10-13 20:00:48,injury_reports_2023.csv,0.0,CB,HOU
2023,REG,HST,6,00-0032103,LB,Denzel Perryman,Denzel,Perryman,,,,Hand,Wrist,Full Participation in Practice,2023-10-13 20:00:48,injury_reports_2023.csv,0.0,LB,HOU
2023,REG,HST,6,00-0034488,CB,Tavierre Thomas,Tavierre,Thomas,,,,Hand,,Full Participation in Practice,2023-10-13 20:00:48,injury_reports_2023.csv,0.0,CB,HOU
2023,REG,HST,6,00-0037823,LB,Christian Harris,Christian,Harris,Concussion,,Questionable,Concussion,,Full Participation in Practice,2023-10-13 20:03:36,injury_reports_2023.csv,1.0,LB,HOU
2023,REG,IND,6,00-0032378,DI,DeForest Buckner,DeForest,Buckner,,,,Back,,Did Not Participate In Practice,2023-10-13 19:28:45,injury_reports_2023.csv,0.0,DT,IND
2023,REG,IND,6,00-0033952,DI,Grover Stewart,Grover,Stewart,,,,Foot,,Did Not Participate In Practice,2023-10-13 19:29:09,injury_reports_2023.csv,0.0,DT,IND
2023,REG,IND,6,00-0034846,LB,Shaquille Leonard,Shaquille,Leonard,,,,Groin,,Full Participation in Practice,2023-10-13 19:28:18,injury_reports_2023.csv,0.0,LB,IND
2023,REG,IND,6,00-0036479,ED,Kwity Paye,Kwity,Paye,,,,Concussion,,Full Participation in Practice,2023-10-13 19:28:18,injury_reports_2023.csv,0.0,DE,IND
2023,REG,JAX,6,00-0033907,ED,Dawuane Smoot,Dawuane,Smoot,,,,Achilles,,Full Participation in Practice,2023-10-13 19:30:09,injury_reports_2023.csv,0.0,DE,JAX
2023,REG,JAX,6,00-0038616,CB,Christian Braswell,Christian,Braswell,Hamstring,,Out,Hamstring,,Did Not Participate In Practice,2023-10-13 19:31:28,injury_reports_2023.csv,3.0,CB,JAX
2023,REG,JAX,6,00-0036262,DI,Davon Hamilton,Davon,Hamilton,Back,,Out,Back,,Limited Participation in Practice,2023-10-13 19:34:48,injury_reports_2023.csv,3.0,DT,JAX
2023,REG,JAX,6,00-0037244,LB,Devin Lloyd,Devin,Lloyd,Thumb,,Questionable,Thumb,,Limited Participation in Practice,2023-10-13 19:31:13,injury_reports_2023.csv,1.0,LB,JAX
2023,REG,KC,6,00-0036621,LB,Nick Bolton,Nick,Bolton,,,,Ankle,,Full Participation in Practice,2023-10-11 19:07:52,injury_reports_2023.csv,0.0,LB,KC
2023,REG,KC,6,00-0036378,ED,Michael Danna,Michael,Danna,,,,Rib,,Full Participation in Practice,2023-10-11 19:07:47,injury_reports_2023.csv,0.0,DE,KC
2023,REG,KC,6,00-0034657,DI,Matt Dickerson,Matt,Dickerson,,,,Knee,,Full Participation in Practice,2023-10-11 19:07:47,injury_reports_2023.csv,0.0,DT,KC
2023,REG,KC,6,00-0037191,CB,Trent McDuffie,Trent,McDuffie,,,,Quadricep,,Full Participation in Practice,2023-10-11 19:07:47,injury_reports_2023.csv,0.0,CB,KC
2023,REG,KC,6,00-0036374,CB,L'Jarius Sneed,L'Jarius,Sneed,,,,Knee,,Full Participation in Practice,2023-10-11 19:07:47,injury_reports_2023.csv,0.0,CB,KC
2023,REG,KC,6,00-0035262,LB,Drue Tranquill,Drue,Tranquill,,,,Knee,,Full Participation in Practice,2023-10-11 19:07:47,injury_reports_2023.csv,0.0,LB,KC
2023,REG,KC,6,00-0037192,ED,George Karlaftis,George,Karlaftis,Hamstring,,Questionable,Hamstring,,Limited Participation in Practice,2023-10-11 19:08:30,injury_reports_2023.csv,1.0,DE,KC
2023,REG,LA,6,00-0031388,DI,Aaron Donald,Aaron,Donald,,,,Not injury related - resting player,,Did Not Participate In Practice,2023-10-13 19:55:36,injury_reports_2023.csv,0.0,DT,LA
2023,REG,LA,6,00-0035942,LB,Christian Rozeboom,Christian,Rozeboom,,,,Thigh,,Full Participation in Practice,2023-10-13 19:56:23,injury_reports_2023.csv,0.0,LB,LA
2023,REG,LA,6,00-0036994,LB,Ernest Jones,Ernest,Jones,Knee,,Questionable,Knee,,Limited Participation in Practice,2023-10-13 19:57:52,injury_reports_2023.csv,1.0,LB,LA
2023,REG,LA,6,00-0036237,DI,Larrell Murchison,Larrell,Murchison,Knee,,Questionable,Knee,,Limited Participation in Practice,2023-10-13 19:57:33,injury_reports_2023.csv,1.0,DT,LA
2023,REG,LAC,6,00-0031040,ED,Khalil Mack,Khalil,Mack,,,,Not injury related - resting player,,Did Not Participate In Practice,2023-10-12 20:56:51,injury_reports_2023.csv,0.0,DE,LAC
2023,REG,LAC,6,00-0034790,S,Derwin James,Derwin,James,,,,Hamstring,,Full Participation in Practice,2023-10-14 20:00:06,injury_reports_2023.csv,0.0,S,LAC
2023,REG,LAC,6,00-0036380,S,Alohi Gilman,Alohi,Gilman,Heel,,Doubtful,Heel,,Did Not Participate In Practice,2023-10-14 20:00:26,injury_reports_2023.csv,2.0,S,LAC
2023,REG,LAC,6,00-0037320,CB,Deane Leonard,Deane,Leonard,Hamstring,,Doubtful,Hamstring,,Did Not Participate In Practice,2023-10-14 20:00:34,injury_reports_2023.csv,2.0,CB,LAC
2023,REG,LAC,6,00-0033156,ED,Joey Bosa,Joey,Bosa,Toe,,Questionable,Toe,,Limited Participation in Practice,2023-10-14 20:00:15,injury_reports_2023.csv,1.0,DE,LAC
2023,REG,LAC,6,00-0030500,DI,Nicholas Williams,Nicholas,Williams,Back,,Questionable,Back,,Limited Participation in Practice,2023-10-14 20:00:15,injury_reports_2023.csv,1.0,DT,LAC
2023,REG,LV,6,00-0034993,S,Marcus Epps,Marcus,Epps,,,,Knee,,Full Participation in Practice,2023-10-13 20:51:45,injury_reports_2023.csv,0.0,S,LV
2023,REG,LV,6,00-0036989,ED,Malcolm Koonce,Malcolm,Koonce,,,,Knee,,Full Participation in Practice,2023-10-13 20:51:45,injury_reports_2023.csv,0.0,DE,LV
2023,REG,LV,6,00-0035665,CB,David Long,David,Long,,,,Ankle,,Full Participation in Practice,2023-10-13 20:51:45,injury_reports_2023.csv,0.0,CB,LV
2023,REG,LV,6,00-0036375,CB,Amik Robertson,Amik,Robertson,,,,Knee,,Full Participation in Practice,2023-10-13 20:51:45,injury_reports_2023.csv,0.0,CB,LV
2023,REG,LV,6,00-0034973,ED,Maxx Crosby,Maxx,Crosby,,,,Knee,,Limited Participation in Practice,2023-10-13 20:51:45,injury_reports_2023.csv,0.0,DE,LV
2023,REG,LV,6,00-0036871,CB,Nate Hobbs,Nate,Hobbs,Ankle,,Out,Ankle,,Did Not Participate In Practice,2023-10-13 20:52:25,injury_reports_2023.csv,3.0,CB,LV
2023,REG,LV,6,00-0039072,CB,Jakorian Bennett,Jakorian,Bennett,Shoulder,,Questionable,Shoulder,,Limited Participation in Practice,2023-10-13 20:52:10,injury_reports_2023.csv,1.0,CB,LV
2023,REG,MIA,6,00-0033050,CB,Xavien Howard,Xavien,Howard,,,,Not injury related - resting player,,Did Not Participate In Practice,2023-10-11 20:26:38,injury_reports_2023.csv,0.0,CB,MIA
2023,REG,MIA,6,00-0035346,CB,Nik Needham,Nik,Needham,Achilles,,Doubtful,Achilles,,Limited Participation in Practice,2023-10-13 19:37:50,injury_reports_2023.csv,2.0,CB,MIA
2023,REG,MIA,6,00-0036934,LB,Jaelan Phillips,Jaelan,Phillips,Oblique,,Questionable,Oblique,,Limited Participation in Practice,2023-10-13 19:40:17,injury_reports_2023.csv,1.0,LB,MIA
2023,REG,MIN,6,00-0037245,S,Lewis Cine,Lewis,Cine,,,,Hamstring,,Full Participation in Practice,2023-10-13 18:29:34,injury_reports_2023.csv,0.0,S,MIN
2023,REG,MIN,6,00-0034344,ED,Marcus Davenport,Marcus,Davenport,,,,Elbow,,Full Participation in Practice,2023-10-13 18:29:34,injury_reports_2023.csv,0.0,DE,MIN
2023,REG,MIN,6,00-0038101,CB,Akayleb Evans,Akayleb,Evans,,,,Knee,,Full Participation in Practice,2023-10-13 18:29:50,injury_reports_2023.csv,0.0,CB,MIN
2023,REG,NE,6,00-0032415,LB,Matt Judon,Matt,Judon,Elbow,,Out,Elbow,,Did Not Participate In Practice,2023-10-13 18:27:17,injury_reports_2023.csv,3.0,LB,NE
2023,REG,NE,6,00-0029764,S,Cody Davis,Cody,Davis,Knee,,Out,Knee,,Limited Participation in Practice,2023-10-13 18:26:59,injury_reports_2023.csv,3.0,S,NE
2023,REG,NE,6,00-0036981,DI,Christian Barmore,Christian,Barmore,Knee,,Questionable,Knee,,Limited Participation in Practice,2023-10-13 18:26:48,injury_reports_2023.csv,1.0,DT,NE
2023,REG,NE,6,00-0036231,S,Kyle Dugger,Kyle,Dugger,Foot,,Questionable,Foot,,Limited Participation in Practice,2023-10-13 18:26:48,injury_reports_2023.csv,1.0,S,NE
2023,REG,NE,6,00-0031566,ED,Trey Flowers,Trey,Flowers,Foot,,Questionable,Foot,,Limited Participation in Practice,2023-10-13 18:26:48,injury_reports_2023.csv,1.0,DE,NE
2023,REG,NE,6,00-0033860,DI,Davon Godchaux,Davon,Godchaux,Ankle,,Questionable,Ankle,,Limited Participation in Practice,2023-10-13 18:26:48,injury_reports_2023.csv,1.0,DT,NE
2023,REG,NE,6,00-0032580,CB,Jonathan Jones,Jonathan,Jones,Ankle,,Questionable,Ankle,,Limited Participation in Practice,2023-10-13 18:26:48,injury_reports_2023.csv,1.0,CB,NE
2023,REG,NE,6,00-0036159,LB,Josh Uche,Josh,Uche,Knee,,Questionable,Knee,,Limited Participation in Practice,2023-10-13 18:26:48,injury_reports_2023.csv,1.0,LB,NE
2023,REG,NE,6,00-0036559,CB,Shaun Wade,Shaun,Wade,Shoulder,,Questionable,Shoulder,,Limited Participation in Practice,2023-10-13 18:26:48,injury_reports_2023.csv,1.0,CB,NE
2023,REG,NO,6,00-0027962,ED,Cameron Jordan,Cameron,Jordan,,,,Back,,Full Participation in Practice,2023-10-13 19:10:58,injury_reports_2023.csv,0.0,DE,NO
2023,REG,NO,6,00-0033892,S,Marcus Maye,Marcus,Maye,,,,Return from suspension,,Full Participation in Practice,2023-10-11 19:53:28,injury_reports_2023.csv,0.0,S,NO
2023,REG,NO,6,00-0034116,S,J.T. Gray,J.T.,Gray,Hamstring,,Out,Hamstring,,Did Not Participate In Practice,2023-10-13 19:12:10,injury_reports_2023.csv,3.0,S,NO
2023,REG,NO,6,00-0035244,CB,Lonnie Johnson,Lonnie,Johnson,Hamstring,,Out,Hamstring,,Did Not Participate In Practice,2023-10-13 19:12:27,injury_reports_2023.csv,3.0,CB,NO
2023,REG,NYG,6,00-0039000,CB,Deonte Banks,Deonte,Banks,,,,Ankle,,Full Participation in Practice,2023-10-13 18:09:18,injury_reports_2023.csv,0.0,CB,NYG
2023,REG,NYG,6,00-0037758,CB,Cordale Flott,Cordale,Flott,,,,Ankle,,Full Participation in Practice,2023-10-13 18:09:49,injury_reports_2023.csv,0.0,CB,NYG
2023,REG,NYG,6,00-0033878,CB,Adoree' Jackson,Adoree',Jackson,,,,Ribs,,Full Participation in Practice,2023-10-13 18:09:04,injury_reports_2023.csv,0.0,CB,NYG
2023,REG,NYG,6,00-0036552,ED,Azeez Ojulari,Azeez,Ojulari,Ankle,,Out,Ankle,,Did Not Participate In Practice,2023-10-13 18:11:41,injury_reports_2023.csv,3.0,DE,NYG
2023,REG,NYG,6,00-0037260,DI,D.J. Davidson,D.J.,Davidson,Knee,,Questionable,Knee,,Did Not Participate In Practice,2023-10-13 18:10:55,injury_reports_2023.csv,1.0,DT,NYG
2023,REG,NYG,6,00-0037259,LB,Micah McFadden,Micah,McFadden,Ankle,,Questionable,Ankle,,Limited Participation in Practice,2023-10-13 18:10:55,injury_reports_2023.csv,1.0,LB,NYG
2023,REG,NYJ,6,00-0036504,CB,Brandin Echols,Brandin,Echols,Hamstring,,Out,Hamstring,,Did Not Participate In Practice,2023-10-13 20:14:11,injury_reports_2023.csv,3.0,CB,NYJ
2023,REG,NYJ,6,00-0033770,CB,Justin Hardee,Justin,Hardee,Hamstring,,Out,Hamstring,,Did Not Participate In Practice,2023-10-13 20:14:21,injury_reports_2023.csv,3.0,CB,NYJ
2023,REG,NYJ,6,00-0034384,CB,D.J. Reed,D.J.,Reed,Concussion,,Out,Concussion,,Did Not Participate In Practice,2023-10-13 20:14:28,injury_reports_2023.csv,3.0,CB,NYJ
2023,REG,NYJ,6,00-0037190,CB,Ahmad Gardner,Ahmad,Gardner,Illness,,Questionable,Illness,,Did Not Participate In Practice,2023-10-13 20:14:00,injury_reports_2023.csv,1.0,CB,NYJ
2023,REG,NYJ,6,00-0038107,ED,Micheal Clemons,Micheal,Clemons,Ankle,,Questionable,Ankle,,Limited Participation in Practice,2023-10-13 20:14:00,injury_reports_2023.csv,1.0,DE,NYJ
2023,REG,PHI,6,00-0029653,DI,Fletcher Cox,Fletcher,Cox,,,,Back,,Full Participation in Practice,2023-10-13 19:40:35,injury_reports_2023.csv,0.0,DT,PHI
2023,REG,PHI,6,00-0037615,LB,Nakobe Dean,Nakobe,Dean,,,,Foot,,Full Participation in Practice,2023-10-13 19:41:02,injury_reports_2023.csv,0.0,LB,PHI
2023,REG,PHI,6,00-0038386,DI,Jalen Carter,Jalen,Carter,Ankle,,Out,Ankle,,Did Not Participate In Practice,2023-10-13 19:50:56,injury_reports_2023.csv,3.0,DT,PHI
2023,REG,PHI,6,00-0033898,S,Justin Evans,Justin,Evans,Knee,,Out,Knee,,Did Not Participate In Practice,2023-10-13 19:51:07,injury_reports_2023.csv,3.0,S,PHI
2023,REG,PHI,6,00-0030062,CB,Darius Slay,Darius,Slay,Knee,,Out,Knee,,Did Not Participate In Practice,2023-10-13 19:51:18,injury_reports_2023.csv,3.0,CB,PHI
2023,REG,PHI,6,00-0039002,S,Sydney Brown,Sydney,Brown,Hamstring,,Questionable,Hamstring,,Limited Participation in Practice,2023-10-13 19:50:16,injury_reports_2023.csv,1.0,S,PHI
2023,REG,PHI,6,00-0036920,DI,Marlon Tuipulotu,Marlon,Tuipulotu,Triceps,,Questionable,Triceps,,Limited Participation in Practice,2023-10-13 19:50:16,injury_reports_2023.csv,1.0,DT,PHI
2023,REG,SEA,6,00-0036409,LB,Jordyn Brooks,Jordyn,Brooks,,,,Knee,,Full Participation in Practice,2023-10-13 21:03:28,injury_reports_2023.csv,0.0,LB,SEA
2023,REG,SEA,6,00-0035678,ED,Dre'Mont Jones,Dre'Mont,Jones,,,,Ankle,,Full Participation in Practice,2023-10-13 21:02:47,injury_reports_2023.csv,0.0,DE,SEA
2023,REG,SEA,6,00-0032387,DI,Jarran Reed,Jarran,Reed,,,,Shin,,Full Participation in Practice,2023-10-13 21:02:47,injury_reports_2023.csv,0.0,DT,SEA
2023,REG,SEA,6,00-0033872,S,Jamal Adams,Jamal,Adams,,,,Not injury related - resting player,Knee,Limited Participation in Practice,2023-10-13 21:04:14,injury_reports_2023.csv,0.0,S,SEA
2023,REG,SEA,6,00-0038136,CB,Coby Bryant,Coby,Bryant,Toe,,Out,Toe,,Did Not Participate In Practice,2023-10-13 19:53:08,injury_reports_2023.csv,3.0,CB,SEA
2023,REG,SEA,6,00-0033103,CB,Artie Burns,Artie,Burns,Hamstring,,Out,Hamstring,,Did Not Participate In Practice,2023-10-13 19:53:27,injury_reports_2023.csv,3.0,CB,SEA
2023,REG,SF,6,00-0034982,LB,Dre Greenlaw,Dre,Greenlaw,Hamstring,,Questionable,Hamstring,,Limited Participation in Practice,2023-10-13 20:16:50,injury_reports_2023.csv,1.0,LB,SF
2023,REG,TB,6,00-0029562,LB,Lavonte David,Lavonte,David,,,,Not injury related - resting player,,Did Not Participate In Practice,2023-10-13 19:35:29,injury_reports_2023.csv,0.0,LB,TB
2023,REG,TB,6,00-0035699,CB,Jamel Dean,Jamel,Dean,,,,Neck,Shoulder,Full Participation in Practice,2023-10-13 19:34:54,injury_reports_2023.csv,0.0,CB,TB
2023,REG,TB,6,00-0039049,LB,SirVocea Dennis,SirVocea,Dennis,,,,Hamstring,,Full Participation in Practice,2023-10-13 19:34:54,injury_reports_2023.csv,0.0,LB,TB
2023,REG,TB,6,00-0039063,DI,Calijah Kancey,Calijah,Kancey,,,,Calf,,Full Participation in Practice,2023-10-13 19:34:54,injury_reports_2023.csv,0.0,DT,TB
2023,REG,TB,6,00-0034527,S,Ryan Neal,Ryan,Neal,,,,Concussion,,Full Participation in Practice,2023-10-13 19:34:54,injury_reports_2023.csv,0.0,S,TB
2023,REG,TB,6,00-0038827,CB,Derrek Pitts,Derrek,Pitts,,,,Hamstring,,Full Participation in Practice,2023-10-13 19:34:54,injury_reports_2023.csv,0.0,CB,TB
2023,REG,TB,6,00-0035707,LB,Devin White,Devin,White,,,,Foot,,Full Participation in Practice,2023-10-13 19:34:54,injury_reports_2023.csv,0.0,LB,TB
2023,REG,TB,6,00-0035254,LB,Anthony Nelson,Anthony,Nelson,Concussion,,Doubtful,Concussion,,Full Participation in Practice,2023-10-14 13:39:50,injury_reports_2023.csv,2.0,LB,TB
2023,REG,TB,6,00-0031101,LB,Shaquil Barrett,Shaquil,Barrett,Illness,,Questionable,Illness,,Did Not Participate In Practice,2023-10-13 19:35:33,injury_reports_2023.csv,1.0,LB,TB
2023,REG,TEN,6,00-0035166,LB,Azeez Al-Shaair,Azeez,Al-Shaair,,,,Neck,,Full Participation in Practice,2023-10-13 14:57:02,injury_reports_2023.csv,0.0,LB,TEN
2023,REG,TEN,6,00-0031254,ED,Denico Autry,Denico,Autry,,,,Finger,,Full Participation in Practice,2023-10-13 14:57:11,injury_reports_2023.csv,0.0,DE,TEN
2023,REG,TEN,6,00-0035632,S,Amani Hooker,Amani,Hooker,,,,Thumb,,Full Participation in Practice,2023-10-13 14:57:29,injury_reports_2023.csv,0.0,S,TEN
2023,REG,TEN,6,00-0035643,DI,Jeffery Simmons,Jeffery,Simmons,,,,Shoulder,,Limited Participation in Practice,2023-10-13 14:56:51,injury_reports_2023.csv,0.0,DT,TEN
2023,REG,TEN,6,00-0035413,LB,Luke Gifford,Luke,Gifford,Hamstring,,Out,Hamstring,,Did Not Participate In Practice,2023-10-13 14:59:20,injury_reports_2023.csv,3.0,LB,TEN
2023,REG,TEN,6,00-0036992,CB,Elijah Molden,Elijah,Molden,Hamstring,,Out,Hamstring,,Did Not Participate In Practice,2023-10-13 14:59:34,injury_reports_2023.csv,3.0,CB,TEN
2023,REG,TEN,6,00-0036181,DI,Teair Tart,Teair,Tart,Toe,,Questionable,Toe,,Limited Participation in Practice,2023-10-13 14:58:26,injury_reports_2023.csv,1.0,DT,TEN
2023,REG,WAS,6,00-0037095,CB,Christian Holmes,Christian,Holmes,Hamstring,,Out,Hamstring,,Did Not Participate In Practice,2023-10-13 17:13:26,injury_reports_2023.csv,3.0,CB,WAS
2023,REG,WAS,6,00-0031500,ED,Efe Obada,Efe,Obada,Knee,,Questionable,Knee,,Full Participation in Practice,2023-10-13 17:13:19,injury_reports_2023.csv,1.0,DE,WAS
2023,REG,ARZ,7,00-0036933,LB,Zaven Collins,Zaven,Collins,,,,Illness,,Did Not Participate In Practice,2023-10-20 19:41:01,injury_reports_2023.csv,0.0,LB,ARI
2023,REG,ARZ,7,00-0035343,ED,Jonathan Ledbetter,Jonathan,Ledbetter,,,,Finger,,Full Participation in Practice,2023-10-20 19:40:40,injury_reports_2023.csv,0.0,DE,ARI
2023,REG,ARZ,7,00-0032933,CB,Antonio Hamilton,Antonio,Hamilton,Groin,,Out,Groin,,Did Not Participate In Practice,2023-10-20 19:41:52,injury_reports_2023.csv,3.0,CB,ARI
2023,REG,ARZ,7,00-0035705,S,Jalen Thompson,Jalen,Thompson,Hamstring,,Out,Hamstring,,Did Not Participate In Practice,2023-10-20 19:41:58,injury_reports_2023.csv,3.0,S,ARI
2023,REG,ARZ,7,00-0033890,S,Budda Baker,Budda,Baker,Hamstring,,Questionable,Hamstring,,Limited Participation in Practice,2023-10-20 19:41:34,injury_reports_2023.csv,1.0,S,ARI
2023,REG,ARZ,7,00-0038984,CB,Kei'Trel Clark,Kei'Trel,Clark,Hamstring,,Questionable,Hamstring,,Limited Participation in Practice,2023-10-20 19:41:34,injury_reports_2023.csv,1.0,CB,ARI
2023,REG,ARZ,7,00-0035334,DI,Kevin Strong,Kevin,Strong,Calf,,Questionable,Calf,,Limited Participation in Practice,2023-10-20 19:41:34,injury_reports_2023.csv,1.0,DT,ARI
2023,REG,ARZ,7,00-0039007,CB,Garrett Williams,Garrett,Williams,Knee,,Questionable,Knee,,Limited Participation in Practice,2023-10-20 19:41:34,injury_reports_2023.csv,1.0,CB,ARI
2023,REG,ARZ,7,00-0034801,LB,Josh Woods,Josh,Woods,Back,,Questionable,Back,,Limited Participation in Practice,2023-10-20 19:41:34,injury_reports_2023.csv,1.0,LB,ARI
2023,REG,ATL,7,00-0026190,ED,Calais Campbell,Calais,Campbell,,,,Not injury related - resting player,,Did Not Participate In Practice,2023-10-18 20:48:03,injury_reports_2023.csv,0.0,DE,ATL
2023,REG,BLT,7,00-0031364,LB,Jadeveon Clowney,Jadeveon,Clowney,,,,Not injury related - resting player,Knee,Full Participation in Practice,2023-10-20 19:29:45,injury_reports_2023.csv,0.0,LB,BAL
2023,REG,BLT,7,00-0032195,CB,Ronald Darby,Ronald,Darby,,,,Illness,,Full Participation in Practice,2023-10-20 19:29:58,injury_reports_2023.csv,0.0,CB,BAL
2023,REG,BLT,7,00-0036280,LB,Malik Harrison,Malik,Harrison,,,,Concussion,,Full Participation in Practice,2023-10-20 19:29:45,injury_reports_2023.csv,0.0,LB,BAL
2023,REG,BLT,7,00-0036940,LB,Odafe Oweh,Odafe,Oweh,,,,Ankle,,Full Participation in Practice,2023-10-20 19:29:45,injury_reports_2023.csv,0.0,LB,BAL
2023,REG,BLT,7,00-0031177,ED,Brent Urban,Brent,Urban,,,,Neck,,Full Participation in Practice,2023-10-20 19:30:09,injury_reports_2023.csv,0.0,DE,BAL
2023,REG,BLT,7,00-0032942,CB,Kevon Seymour,Kevon,Seymour,Ankle,,Out,Ankle,,Did Not Participate In Practice,2023-10-20 19:31:01,injury_reports_2023.csv,3.0,CB,BAL
2023,REG,BLT,7,00-0033894,S,Marcus Williams,Marcus,Williams,Hamstring,,Out,Hamstring,,Did Not Participate In Practice,2023-10-20 19:31:05,injury_reports_2023.csv,3.0,S,BAL
2023,REG,BLT,7,00-0033281,CB,Marlon Humphrey,Marlon,Humphrey,Illness,,Questionable,,,"
    ",2023-10-21 23:27:34,injury_reports_2023.csv,1.0,CB,BAL
2023,REG,BUF,7,00-0036192,ED,A.J. Epenesa,A.J.,Epenesa,,,,Quadricep,,Full Participation in Practice,2023-10-20 20:54:56,injury_reports_2023.csv,0.0,DE,BUF
2023,REG,BUF,7,00-0036166,CB,Dane Jackson,Dane,Jackson,,,,Foot,,Full Participation in Practice,2023-10-20 20:54:56,injury_reports_2023.csv,0.0,CB,BUF
2023,REG,BUF,7,00-0036914,ED,Gregory Rousseau,Gregory,Rousseau,,,,Foot,,Full Participation in Practice,2023-10-20 20:54:56,injury_reports_2023.csv,0.0,DE,BUF
2023,REG,BUF,7,00-0037242,CB,Kaiir Elam,Kaiir,Elam,,,,Ankle,,Limited Participation in Practice,2023-10-20 20:54:56,injury_reports_2023.csv,0.0,CB,BUF
2023,REG,BUF,7,00-0035230,DI,Ed Oliver,Ed,Oliver,Toe,,Out,Toe,,Did Not Participate In Practice,2023-10-20 20:56:46,injury_reports_2023.csv,3.0,DT,BUF
2023,REG,BUF,7,00-0035357,CB,Cameron Lewis,Cameron,Lewis,Shoulder,,Questionable,Shoulder,,Full Participation in Practice,2023-10-20 20:55:51,injury_reports_2023.csv,1.0,CB,BUF
2023,REG,CHI,7,00-0033123,ED,Yannick Ngakoue,Yannick,Ngakoue,,,,Back,,Full Participation in Practice,2023-10-20 18:36:45,injury_reports_2023.csv,0.0,DE,CHI
2023,REG,CHI,7,00-0033784,S,Eddie Jackson,Eddie,Jackson,Foot,,Out,Foot,,Did Not Participate In Practice,2023-10-20 18:38:09,injury_reports_2023.csv,3.0,S,CHI
2023,REG,CHI,7,00-0038395,CB,Terell Smith,Terell,Smith,Illness,,Out,Illness,,Did Not Participate In Practice,2023-10-20 18:38:03,injury_reports_2023.csv,3.0,CB,CHI
2023,REG,CHI,7,00-0038135,S,Jaquan Brisker,Jaquan,Brisker,Groin,,Questionable,Groin,,Limited Participation in Practice,2023-10-20 18:37:29,injury_reports_2023.csv,1.0,S,CHI
2023,REG,CLV,7,00-0033868,ED,Myles Garrett,Myles,Garrett,,,,Not injury related - resting player,,Did Not Participate In Practice,2023-10-18 19:55:54,injury_reports_2023.csv,0.0,DE,CLE
2023,REG,CLV,7,00-0033546,DI,Dalvin Tomlinson,Dalvin,Tomlinson,,,,Not injury related - resting player,,Did Not Participate In Practice,2023-10-18 19:56:48,injury_reports_2023.csv,0.0,DT,CLE
2023,REG,CLV,7,00-0033570,LB,Anthony Walker,Anthony,Walker,,,,Concussion,,Full Participation in Practice,2023-10-20 17:57:43,injury_reports_2023.csv,0.0,LB,CLE
2023,REG,CLV,7,00-0035646,LB,Sione Takitaki,Sione,Takitaki,Hamstring,,Out,Hamstring,,Did Not Participate In Practice,2023-10-20 17:58:13,injury_reports_2023.csv,3.0,LB,CLE
2023,REG,CLV,7,00-0036996,CB,Greg Newsome,Greg,Newsome,Hamstring,,Questionable,Hamstring,,Limited Participation in Practice,2023-10-20 17:57:56,injury_reports_2023.csv,1.0,CB,CLE
2023,REG,DEN,7,00-0036995,LB,Baron Browning,Baron,Browning,,,,Knee,Wrist,Full Participation in Practice,2023-10-20 20:19:12,injury_reports_2023.csv,0.0,LB,DEN
2023,REG,DEN,7,00-0027872,S,Kareem Jackson,Kareem,Jackson,,,,Neck,,Full Participation in Practice,2023-10-20 20:19:12,injury_reports_2023.csv,0.0,S,DEN
2023,REG,DEN,7,00-0033297,DI,D.J. Jones,D.J.,Jones,,,,Knee,,Full Participation in Practice,2023-10-20 20:19:12,injury_reports_2023.csv,0.0,DT,DEN
2023,REG,DEN,7,00-0032971,S,Justin Simmons,Justin,Simmons,,,,Hip,,Full Participation in Practice,2023-10-20 20:19:32,injury_reports_2023.csv,0.0,S,DEN
2023,REG,DET,7,00-0039141,S,Brian Branch,Brian,Branch,,,,Ankle,,Full Participation in Practice,2023-10-20 19:46:58,injury_reports_2023.csv,0.0,S,DET
2023,REG,DET,7,00-0036748,CB,Jerry Jacobs,Jerry,Jacobs,Knee,,Questionable,,,"
    ",2023-10-21 16:25:59,injury_reports_2023.csv,1.0,CB,DET
2023,REG,DET,7,00-0038096,ED,Josh Paschal,Josh,Paschal,Knee,,Questionable,Knee,,Limited Participation in Practice,2023-10-20 19:47:56,injury_reports_2023.csv,1.0,DE,DET
2023,REG,GB,7,00-0032401,LB,De'Vondre Campbell,De'Vondre,Campbell,Ankle,,Doubtful,Ankle,,Limited Participation in Practice,2023-10-20 19:12:40,injury_reports_2023.csv,2.0,LB,GB
2023,REG,GB,7,00-0034728,CB,Jaire Alexander,Jaire,Alexander,Back,,Questionable,Back,,Did Not Participate In Practice,2023-10-20 19:12:29,injury_reports_2023.csv,1.0,CB,GB
2023,REG,GB,7,00-0036677,S,Zayne Anderson,Zayne,Anderson,Hamstring,,Questionable,Hamstring,,Limited Participation in Practice,2023-10-20 19:12:29,injury_reports_2023.csv,1.0,S,GB
2023,REG,GB,7,00-0034968,S,Darnell Savage,Darnell,Savage,Calf,,Questionable,Calf,,Limited Participation in Practice,2023-10-20 19:12:29,injury_reports_2023.csv,1.0,S,GB
2023,REG,GB,7,00-0036901,CB,Eric Stokes,Eric,Stokes,Foot,,Questionable,Foot,,Limited Participation in Practice,2023-10-20 19:12:29,injury_reports_2023.csv,1.0,CB,GB
2023,REG,GB,7,00-0037074,LB,Quay Walker,Quay,Walker,Knee,,Questionable,Knee,,Limited Participation in Practice,2023-10-20 19:12:29,injury_reports_2023.csv,1.0,LB,GB
2023,REG,GB,7,00-0037075,ED,Devonte Wyatt,Devonte,Wyatt,Knee,,Questionable,Knee,,Limited Participation in Practice,2023-10-20 19:12:29,injury_reports_2023.csv,1.0,DE,GB
2023,REG,IND,7,00-0032378,DI,DeForest Buckner,DeForest,Buckner,,,,Not injury related - resting player,,Did Not Participate In Practice,2023-10-20 18:12:10,injury_reports_2023.csv,0.0,DT,IND
2023,REG,IND,7,00-0034540,CB,Tony Brown,Tony,Brown,,,,Back,,Full Participation in Practice,2023-10-20 18:11:51,injury_reports_2023.csv,0.0,CB,IND
2023,REG,JAX,7,00-0036974,CB,Tyson Campbell,Tyson,Campbell,Hamstring,,Out,Hamstring,,Did Not Participate In Practice,2023-10-18 18:48:45,injury_reports_2023.csv,3.0,CB,JAX
2023,REG,JAX,7,00-0036262,DI,Davon Hamilton,Davon,Hamilton,Back,,Out,Back,,Full Participation in Practice,2023-10-18 18:48:53,injury_reports_2023.csv,3.0,DT,JAX
2023,REG,KC,7,00-0036621,LB,Nick Bolton,Nick,Bolton,,,,Ankle,,Full Participation in Practice,2023-10-20 20:10:29,injury_reports_2023.csv,0.0,LB,KC
2023,REG,KC,7,00-0037193,S,Bryan Cook,Bryan,Cook,,,,Neck,,Full Participation in Practice,2023-10-20 20:10:29,injury_reports_2023.csv,0.0,S,KC
2023,REG,KC,7,00-0037192,ED,George Karlaftis,George,Karlaftis,,,,Hamstring,,Full Participation in Practice,2023-10-20 20:10:29,injury_reports_2023.csv,0.0,DE,KC
2023,REG,KC,7,00-0035279,ED,Charles Omenihu,Charles,Omenihu,,,,not injury related - returning from suspension,,Full Participation in Practice,2023-10-20 20:10:29,injury_reports_2023.csv,0.0,DE,KC
2023,REG,KC,7,00-0036374,CB,L'Jarius Sneed,L'Jarius,Sneed,,,,Knee,,Full Participation in Practice,2023-10-20 20:10:29,injury_reports_2023.csv,0.0,CB,KC
2023,REG,KC,7,00-0037195,CB,Jaylen Watson,Jaylen,Watson,Thigh,,Questionable,Thigh,,Limited Participation in Practice,2023-10-20 20:11:56,injury_reports_2023.csv,1.0,CB,KC
2023,REG,LA,7,00-0031388,DI,Aaron Donald,Aaron,Donald,,,,Not injury related - resting player,,Did Not Participate In Practice,2023-10-20 19:53:11,injury_reports_2023.csv,0.0,DT,LA
2023,REG,LA,7,00-0039138,DI,Kobie Turner,Kobie,Turner,,,,Shoulder,,Full Participation in Practice,2023-10-20 19:52:56,injury_reports_2023.csv,0.0,DT,LA
2023,REG,LA,7,00-0036237,DI,Larrell Murchison,Larrell,Murchison,Knee,,Out,Knee,,Did Not Participate In Practice,2023-10-20 19:55:49,injury_reports_2023.csv,3.0,DT,LA
2023,REG,LA,7,00-0036994,LB,Ernest Jones,Ernest,Jones,Knee,,Questionable,Knee,,Limited Participation in Practice,2023-10-20 19:55:17,injury_reports_2023.csv,1.0,LB,LA
2023,REG,LA,7,00-0037842,CB,Derion Kendrick,Derion,Kendrick,Not injury related - personal matter,,Questionable,Not injury related - personal matter,,Limited Participation in Practice,2023-10-20 19:56:34,injury_reports_2023.csv,1.0,CB,LA
2023,REG,LAC,7,00-0037468,S,Raheem Layne,Raheem,Layne,,,,Knee,,Did Not Participate In Practice,2023-10-18 19:37:35,injury_reports_2023.csv,0.0,S,LAC
2023,REG,LAC,7,00-0033156,ED,Joey Bosa,Joey,Bosa,,,,Toe,,Full Participation in Practice,2023-10-20 20:15:54,injury_reports_2023.csv,0.0,DE,LAC
2023,REG,LAC,7,00-0034810,DI,Sebastian Joseph,Sebastian,Joseph,,,,Knee,,Full Participation in Practice,2023-10-20 20:16:16,injury_reports_2023.csv,0.0,DT,LAC
2023,REG,LAC,7,00-0036302,S,Jaylinn Hawkins,Jaylinn,Hawkins,,,,Illness,,Limited Participation in Practice,2023-10-20 20:15:40,injury_reports_2023.csv,0.0,S,LAC
2023,REG,LAC,7,00-0036380,S,Alohi Gilman,Alohi,Gilman,Heel,,Out,Heel,,Did Not Participate In Practice,2023-10-20 20:16:42,injury_reports_2023.csv,3.0,S,LAC
2023,REG,LAC,7,00-0037320,CB,Deane Leonard,Deane,Leonard,Hamstring,,Out,Hamstring,,Did Not Participate In Practice,2023-10-20 20:17:00,injury_reports_2023.csv,3.0,CB,LAC
2023,REG,LAC,7,00-0037270,DI,Otito Ogbonnia,Otito,Ogbonnia,Knee,,Out,Knee,,Limited Participation in Practice,2023-10-20 20:17:11,injury_reports_2023.csv,3.0,DT,LAC
2023,REG,LAC,7,00-0034790,S,Derwin James,Derwin,James,Ankle,,Questionable,Ankle,,Did Not Participate In Practice,2023-10-20 20:16:31,injury_reports_2023.csv,1.0,S,LAC
2023,REG,LAC,7,00-0036716,LB,Amen Ogbongbemiga,Amen,Ogbongbemiga,Groin,,Questionable,Groin,,Did Not Participate In Practice,2023-10-20 20:16:31,injury_reports_2023.csv,1.0,LB,LAC
2023,REG,LV,7,00-0034720,LB,Robert Spillane,Robert,Spillane,,,,Knee,Shoulder,Full Participation in Practice,2023-10-20 20:23:43,injury_reports_2023.csv,0.0,LB,LV
2023,REG,LV,7,00-0034973,ED,Maxx Crosby,Maxx,Crosby,,,,Knee,Thumb,Limited Participation in Practice,2023-10-20 20:23:43,injury_reports_2023.csv,0.0,DE,LV
2023,REG,LV,7,00-0035783,CB,Tyler Hall,Tyler,Hall,,,,Ankle,,Limited Participation in Practice,2023-10-20 20:23:43,injury_reports_2023.csv,0.0,CB,LV
2023,REG,LV,7,00-0039072,CB,Jakorian Bennett,Jakorian,Bennett,Shoulder,Knee,Out,Shoulder,Knee,Did Not Participate In Practice,2023-10-20 20:25:09,injury_reports_2023.csv,3.0,CB,LV
2023,REG,LV,7,00-0036871,CB,Nate Hobbs,Nate,Hobbs,Ankle,,Out,Ankle,,Did Not Participate In Practice,2023-10-20 20:25:23,injury_reports_2023.csv,3.0,CB,LV
2023,REG,MIA,7,00-0037353,CB,Kader Kohou,Kader,Kohou,,,,Neck,,Full Participation in Practice,2023-10-20 19:52:57,injury_reports_2023.csv,0.0,CB,MIA
2023,REG,MIA,7,00-0036934,LB,Jaelan Phillips,Jaelan,Phillips,,,,Oblique,,Full Participation in Practice,2023-10-20 19:42:57,injury_reports_2023.csv,0.0,LB,MIA
2023,REG,MIA,7,00-0035272,LB,Andrew Van Ginkel,Andrew,Van Ginkel,,,,Illness,,Full Participation in Practice,2023-10-20 19:43:24,injury_reports_2023.csv,0.0,LB,MIA
2023,REG,MIA,7,00-0033055,CB,Jalen Ramsey,Jalen,Ramsey,Knee,,Out,Knee,,Limited Participation in Practice,2023-10-20 19:46:14,injury_reports_2023.csv,3.0,CB,MIA
2023,REG,MIA,7,00-0035346,CB,Nik Needham,Nik,Needham,Achilles,,Questionable,Achilles,,Full Participation in Practice,2023-10-20 19:47:30,injury_reports_2023.csv,1.0,CB,MIA
2023,REG,MIA,7,00-0033050,CB,Xavien Howard,Xavien,Howard,Groin,,Questionable,Groin,,Limited Participation in Practice,2023-10-20 19:46:26,injury_reports_2023.csv,1.0,CB,MIA
2023,REG,MIN,7,00-0037007,ED,Patrick Jones,Patrick,Jones,,,,Shoulder,,Full Participation in Practice,2023-10-21 19:03:19,injury_reports_2023.csv,0.0,DE,MIN
2023,REG,MIN,7,00-0038101,CB,Akayleb Evans,Akayleb,Evans,Oblique,,Questionable,Oblique,,Limited Participation in Practice,2023-10-21 19:03:23,injury_reports_2023.csv,1.0,CB,MIN
2023,REG,NE,7,00-0033883,S,Jabrill Peppers,Jabrill,Peppers,,,,Knee,,Limited Participation in Practice,2023-10-19 19:59:36,injury_reports_2023.csv,0.0,S,NE
2023,REG,NE,7,00-0036159,LB,Josh Uche,Josh,Uche,Knee,Foot,Out,Knee,Foot,Did Not Participate In Practice,2023-10-20 19:40:14,injury_reports_2023.csv,3.0,LB,NE
2023,REG,NE,7,00-0039148,ED,Keion White,Keion,White,Concussion,,Out,Concussion,,Did Not Participate In Practice,2023-10-20 19:40:35,injury_reports_2023.csv,3.0,DE,NE
2023,REG,NE,7,00-0036981,DI,Christian Barmore,Christian,Barmore,Knee,,Questionable,Knee,,Limited Participation in Practice,2023-10-20 19:39:47,injury_reports_2023.csv,1.0,DT,NE
2023,REG,NE,7,00-0029764,S,Cody Davis,Cody,Davis,Knee,,Questionable,Knee,,Limited Participation in Practice,2023-10-20 19:39:47,injury_reports_2023.csv,1.0,S,NE
2023,REG,NE,7,00-0036231,S,Kyle Dugger,Kyle,Dugger,Foot,,Questionable,Foot,,Limited Participation in Practice,2023-10-20 19:39:47,injury_reports_2023.csv,1.0,S,NE
2023,REG,NE,7,00-0031566,LB,Trey Flowers,Trey,Flowers,Foot,,Questionable,Foot,,Limited Participation in Practice,2023-10-20 19:39:47,injury_reports_2023.csv,1.0,LB,NE
2023,REG,NE,7,00-0033860,DI,Davon Godchaux,Davon,Godchaux,Ankle,,Questionable,Ankle,,Limited Participation in Practice,2023-10-20 19:39:47,injury_reports_2023.csv,1.0,DT,NE
2023,REG,NE,7,00-0032580,CB,Jonathan Jones,Jonathan,Jones,Knee,,Questionable,Knee,,Limited Participation in Practice,2023-10-20 19:39:47,injury_reports_2023.csv,1.0,CB,NE
2023,REG,NE,7,00-0038039,CB,Jack Jones,Jack,Jones,Hamstring,,Questionable,Hamstring,,Limited Participation in Practice,2023-10-20 19:39:47,injury_reports_2023.csv,1.0,CB,NE
2023,REG,NE,7,00-0036559,CB,Shaun Wade,Shaun,Wade,Shoulder,,Questionable,Shoulder,,Limited Participation in Practice,2023-10-20 19:39:47,injury_reports_2023.csv,1.0,CB,NE
2023,REG,NO,7,00-0027962,ED,Cameron Jordan,Cameron,Jordan,,,,Back,,Full Participation in Practice,2023-10-18 19:12:33,injury_reports_2023.csv,0.0,DE,NO
2023,REG,NO,7,00-0034116,S,J.T. Gray,J.T.,Gray,Hamstring,,Out,Hamstring,,Did Not Participate In Practice,2023-10-18 19:13:29,injury_reports_2023.csv,3.0,S,NO
2023,REG,NO,7,00-0029607,LB,Demario Davis,Demario,Davis,Knee,,Questionable,Knee,,Did Not Participate In Practice,2023-10-18 19:14:11,injury_reports_2023.csv,1.0,LB,NO
2023,REG,NO,7,00-0035244,S,Lonnie Johnson,Lonnie,Johnson,Hamstring,,Questionable,Hamstring,,Limited Participation in Practice,2023-10-18 19:12:46,injury_reports_2023.csv,1.0,S,NO
2023,REG,NO,7,00-0030459,S,Tyrann Mathieu,Tyrann,Mathieu,Foot,,Questionable,Foot,,Limited Participation in Practice,2023-10-18 19:12:46,injury_reports_2023.csv,1.0,S,NO
2023,REG,NYG,7,00-0037260,DI,D.J. Davidson,D.J.,Davidson,,,,Knee,,Full Participation in Practice,2023-10-20 18:09:11,injury_reports_2023.csv,0.0,DT,NYG
2023,REG,NYG,7,00-0037758,CB,Cordale Flott,Cordale,Flott,,,,Ankle,Shoulder,Full Participation in Practice,2023-10-20 18:09:11,injury_reports_2023.csv,0.0,CB,NYG
2023,REG,NYG,7,00-0038403,CB,Tre Hawkins,Tre,Hawkins,,,,Knee,,Full Participation in Practice,2023-10-20 18:09:11,injury_reports_2023.csv,0.0,CB,NYG
2023,REG,NYG,7,00-0033878,CB,Adoree' Jackson,Adoree',Jackson,Neck,,Questionable,Neck,,Limited Participation in Practice,2023-10-20 18:09:41,injury_reports_2023.csv,1.0,CB,NYG
2023,REG,PHI,7,00-0039002,S,Sydney Brown,Sydney,Brown,,,,Hamstring,,Full Participation in Practice,2023-10-20 19:53:23,injury_reports_2023.csv,0.0,S,PHI
2023,REG,PHI,7,00-0038487,CB,Eli Ricks,Eli,Ricks,,,,Knee,,Full Participation in Practice,2023-10-20 19:53:23,injury_reports_2023.csv,0.0,CB,PHI
2023,REG,PHI,7,00-0030062,CB,Darius Slay,Darius,Slay,,,,Knee,,Full Participation in Practice,2023-10-20 19:53:23,injury_reports_2023.csv,0.0,CB,PHI
2023,REG,PHI,7,00-0036920,DI,Marlon Tuipulotu,Marlon,Tuipulotu,,,,Triceps,,Full Participation in Practice,2023-10-20 19:53:23,injury_reports_2023.csv,0.0,DT,PHI
2023,REG,PHI,7,00-0036916,DI,Milton Williams,Milton,Williams,,,,Ankle,,Full Participation in Practice,2023-10-20 19:53:23,injury_reports_2023.csv,0.0,DT,PHI
2023,REG,PHI,7,00-0038386,DI,Jalen Carter,Jalen,Carter,,,,Ankle,,Limited Participation in Practice,2023-10-20 19:53:23,injury_reports_2023.csv,0.0,DT,PHI
2023,REG,PHI,7,00-0037130,S,Reed Blankenship,Reed,Blankenship,Ribs,,Out,Ribs,,Did Not Participate In Practice,2023-10-20 19:54:15,injury_reports_2023.csv,3.0,S,PHI
2023,REG,PHI,7,00-0031372,CB,Bradley Roby,Bradley,Roby,Shoulder,,Out,Shoulder,,Did Not Participate In Practice,2023-10-20 19:54:29,injury_reports_2023.csv,3.0,CB,PHI
2023,REG,PIT,7,00-0038577,LB,Nick Herbig,Nick,Herbig,,,,Quadricep,,Full Participation in Practice,2023-10-20 20:02:18,injury_reports_2023.csv,0.0,LB,PIT
2023,REG,PIT,7,00-0033886,LB,T.J. Watt,T.J.,Watt,,,,Heel,,Full Participation in Practice,2023-10-20 20:02:12,injury_reports_2023.csv,0.0,LB,PIT
2023,REG,PIT,7,00-0027943,CB,Patrick Peterson,Patrick,Peterson,,,,Not injury related - resting player,,Limited Participation in Practice,2023-10-18 21:35:59,injury_reports_2023.csv,0.0,CB,PIT
2023,REG,SEA,7,00-0033872,S,Jamal Adams,Jamal,Adams,,,,Not injury related - resting player,Knee,Did Not Participate In Practice,2023-10-20 21:13:16,injury_reports_2023.csv,0.0,S,SEA
2023,REG,SEA,7,00-0036885,CB,Tre Brown,Tre,Brown,,,,Toe,,Did Not Participate In Practice,2023-10-20 21:12:38,injury_reports_2023.csv,0.0,CB,SEA
2023,REG,SEA,7,00-0033103,CB,Artie Burns,Artie,Burns,,,,Hamstring,,Full Participation in Practice,2023-10-20 21:12:30,injury_reports_2023.csv,0.0,CB,SEA
2023,REG,SF,7,00-0034091,S,George Odum,George,Odum,,,,Quadricep,,Full Participation in Practice,2023-10-21 21:01:52,injury_reports_2023.csv,0.0,S,SF
2023,REG,SF,7,00-0034357,CB,Isaiah Oliver,Isaiah,Oliver,,,,Knee,,Full Participation in Practice,2023-10-21 21:02:30,injury_reports_2023.csv,0.0,CB,SF
2023,REG,SF,7,00-0034982,LB,Dre Greenlaw,Dre,Greenlaw,Hamstring,,Questionable,Hamstring,,Limited Participation in Practice,2023-10-21 21:02:42,injury_reports_2023.csv,1.0,LB,SF
2023,REG,TB,7,00-0029562,LB,Lavonte David,Lavonte,David,,,,Not injury related - resting player,,Did Not Participate In Practice,2023-10-20 18:05:50,injury_reports_2023.csv,0.0,LB,TB
2023,REG,TB,7,00-0035254,LB,Anthony Nelson,Anthony,Nelson,Concussion,,Questionable,Concussion,,Full Participation in Practice,2023-10-20 18:06:25,injury_reports_2023.csv,1.0,LB,TB
2023,REG,TB,7,00-0034773,DI,Vita Vea,Vita,Vea,Foot,,Questionable,Foot,,Limited Participation in Practice,2023-10-20 18:06:43,injury_reports_2023.csv,1.0,DT,TB
2023,REG,WAS,7,00-0033523,DI,Jonathan Allen,Jonathan,Allen,,,,Knee,,Full Participation in Practice,2023-10-20 17:17:15,injury_reports_2023.csv,0.0,DT,WAS
2023,REG,WAS,7,00-0036349,S,Kamren Curl,Kamren,Curl,,,,Ankle,,Full Participation in Practice,2023-10-20 17:17:11,injury_reports_2023.csv,0.0,S,WAS
2023,REG,WAS,7,00-0037095,CB,Christian Holmes,Christian,Holmes,,,,Hamstring,,Full Participation in Practice,2023-10-20 17:17:26,injury_reports_2023.csv,0.0,CB,WAS
2023,REG,WAS,7,00-0036351,ED,James Smith-Williams,James,Smith-Williams,,,,Foot,,Full Participation in Practice,2023-10-20 17:17:31,injury_reports_2023.csv,0.0,DE,WAS
2023,REG,WAS,7,00-0036625,CB,Benjamin St-Juste,Benjamin,St-Juste,,,,Hand,,Full Participation in Practice,2023-10-20 17:17:11,injury_reports_2023.csv,0.0,CB,WAS
2023,REG,WAS,7,00-0035647,ED,Montez Sweat,Montez,Sweat,,,,Finger,,Full Participation in Practice,2023-10-20 17:17:11,injury_reports_2023.csv,0.0,DE,WAS
2023,REG,WAS,7,00-0033084,CB,Kendall Fuller,Kendall,Fuller,,,,Knee,,Limited Participation in Practice,2023-10-20 17:17:21,injury_reports_2023.csv,0.0,CB,WAS
2023,REG,ARZ,8,00-0035961,LB,Krys Barnes,Krys,Barnes,Hamstring,,Out,Hamstring,,Did Not Participate In Practice,2023-10-27 20:01:58,injury_reports_2023.csv,3.0,LB,ARI
2023,REG,ARZ,8,00-0035334,DI,Kevin Strong,Kevin,Strong,Shoulder,,Out,Shoulder,,Did Not Participate In Practice,2023-10-27 20:02:05,injury_reports_2023.csv,3.0,DT,ARI
2023,REG,ARZ,8,00-0032933,CB,Antonio Hamilton,Antonio,Hamilton,Groin,,Questionable,Groin,,Limited Participation in Practice,2023-10-27 20:01:42,injury_reports_2023.csv,1.0,CB,ARI
2023,REG,ARZ,8,00-0035705,S,Jalen Thompson,Jalen,Thompson,Hamstring,,Questionable,Hamstring,,Limited Participation in Practice,2023-10-27 20:01:42,injury_reports_2023.csv,1.0,S,ARI
2023,REG,ATL,8,00-0026190,ED,Calais Campbell,Calais,Campbell,,,,Not injury related - resting player,,Did Not Participate In Practice,2023-10-25 20:27:58,injury_reports_2023.csv,0.0,DE,ATL
2023,REG,ATL,8,00-0034500,LB,Tae Davis,Tae,Davis,Concussion,,Out,Concussion,,Limited Participation in Practice,2023-10-27 18:13:59,injury_reports_2023.csv,3.0,LB,ATL
2023,REG,ATL,8,00-0032146,LB,Bud Dupree,Bud,Dupree,Groin,,Questionable,Groin,,Limited Participation in Practice,2023-10-27 18:13:38,injury_reports_2023.csv,1.0,LB,ATL
2023,REG,BLT,8,00-0032942,CB,Kevon Seymour,Kevon,Seymour,,,,Ankle,,Full Participation in Practice,2023-10-27 21:10:28,injury_reports_2023.csv,0.0,CB,BAL
2023,REG,BLT,8,00-0034874,LB,Roquan Smith,Roquan,Smith,,,,Shoulder,,Full Participation in Practice,2023-10-27 21:10:28,injury_reports_2023.csv,0.0,LB,BAL
2023,REG,BLT,8,00-0033894,S,Marcus Williams,Marcus,Williams,Hamstring,,Out,Hamstring,,Did Not Participate In Practice,2023-10-27 21:13:18,injury_reports_2023.csv,3.0,S,BAL
2023,REG,BLT,8,00-0036940,LB,Odafe Oweh,Odafe,Oweh,Ankle,,Questionable,Ankle,,Did Not Participate In Practice,2023-10-27 21:12:05,injury_reports_2023.csv,1.0,LB,BAL
2023,REG,BUF,8,00-0037254,LB,Terrel Bernard,Terrel,Bernard,,,,Knee,,Full Participation in Practice,2023-10-25 17:38:10,injury_reports_2023.csv,0.0,LB,BUF
2023,REG,BUF,8,00-0037242,CB,Kaiir Elam,Kaiir,Elam,,,,Ankle,,Full Participation in Practice,2023-10-25 17:38:10,injury_reports_2023.csv,0.0,CB,BUF
2023,REG,BUF,8,00-0027940,LB,Von Miller,Von,Miller,,,,Not injury related - resting player,Knee,Full Participation in Practice,2023-10-25 17:38:46,injury_reports_2023.csv,0.0,LB,BUF
2023,REG,BUF,8,00-0031557,DI,Jordan Phillips,Jordan,Phillips,,,,Back,,Full Participation in Practice,2023-10-25 17:38:25,injury_reports_2023.csv,0.0,DT,BUF
2023,REG,BUF,8,00-0037318,LB,Baylon Spector,Baylon,Spector,Hamstring,,Out,Hamstring,,Did Not Participate In Practice,2023-10-25 17:39:41,injury_reports_2023.csv,3.0,LB,BUF
2023,REG,BUF,8,00-0035230,DI,Ed Oliver,Ed,Oliver,Toe,,Questionable,Toe,,Limited Participation in Practice,2023-10-25 17:39:00,injury_reports_2023.csv,1.0,DT,BUF
2023,REG,CAR,8,00-0028008,LB,Justin Houston,Justin,Houston,,,,Not injury related - resting player,,Did Not Participate In Practice,2023-10-25 19:04:32,injury_reports_2023.csv,0.0,LB,CAR
2023,REG,CAR,8,00-0032939,S,Vonn Bell,Vonn,Bell,Quadricep,,Out,Quadricep,,Did Not Participate In Practice,2023-10-27 16:34:50,injury_reports_2023.csv,3.0,S,CAR
2023,REG,CAR,8,00-0035713,LB,Brian Burns,Brian,Burns,Elbow,,Questionable,Elbow,,Did Not Participate In Practice,2023-10-27 16:35:20,injury_reports_2023.csv,1.0,LB,CAR
2023,REG,CAR,8,00-0032437,LB,Kamu Grugier-Hill,Kamu,Grugier-Hill,Illness,,Questionable,Illness,,Did Not Participate In Practice,2023-10-27 16:35:32,injury_reports_2023.csv,1.0,LB,CAR
2023,REG,CAR,8,00-0033579,S,Xavier Woods,Xavier,Woods,Hamstring,,Questionable,Hamstring,,Full Participation in Practice,2023-10-27 16:36:13,injury_reports_2023.csv,1.0,S,CAR
2023,REG,CAR,8,00-0034302,LB,Frankie Luvu,Frankie,Luvu,Hip,,Questionable,Hip,,Limited Participation in Practice,2023-10-27 16:35:46,injury_reports_2023.csv,1.0,LB,CAR
2023,REG,CHI,8,00-0036341,ED,Khalid Kareem,Khalid,Kareem,,,,Hip,,Full Participation in Practice,2023-10-27 19:06:03,injury_reports_2023.csv,0.0,DE,CHI
2023,REG,CHI,8,00-0038395,CB,Terell Smith,Terell,Smith,Illness,,Out,Illness,,Did Not Participate In Practice,2023-10-27 19:07:10,injury_reports_2023.csv,3.0,CB,CHI
2023,REG,CHI,8,00-0038135,S,Jaquan Brisker,Jaquan,Brisker,Illness,,Questionable,Illness,,Did Not Participate In Practice,2023-10-27 19:06:31,injury_reports_2023.csv,1.0,S,CHI
2023,REG,CHI,8,00-0033784,S,Eddie Jackson,Eddie,Jackson,Foot,,Questionable,Foot,,Full Participation in Practice,2023-10-27 19:06:31,injury_reports_2023.csv,1.0,S,CHI
2023,REG,CIN,8,00-0037293,LB,Devin Harper,Devin,Harper,,,,Hamstring,,Full Participation in Practice,2023-10-27 17:59:11,injury_reports_2023.csv,0.0,LB,CIN
2023,REG,CIN,8,00-0033347,DI,Josh Tupou,Josh,Tupou,,,,Toe,,Full Participation in Practice,2023-10-27 17:59:11,injury_reports_2023.csv,0.0,DT,CIN
2023,REG,CIN,8,00-0036298,LB,Akeem Davis-Gaither,Akeem,Davis-Gaither,Knee,,Out,Knee,,Did Not Participate In Practice,2023-10-27 17:59:55,injury_reports_2023.csv,3.0,LB,CIN
2023,REG,CLV,8,00-0031576,ED,Za'Darius Smith,Za'Darius,Smith,,,,Not injury related - resting player,,Did Not Participate In Practice,2023-10-25 23:23:34,injury_reports_2023.csv,0.0,DE,CLE
2023,REG,CLV,8,00-0036634,LB,Tony Fields,Tony,Fields,,,,Hip,,Full Participation in Practice,2023-10-27 18:48:19,injury_reports_2023.csv,0.0,LB,CLE
2023,REG,CLV,8,00-0034807,ED,Ogbonnia Okoronkwo,Ogbonnia,Okoronkwo,,,,Ribs,,Full Participation in Practice,2023-10-27 18:48:58,injury_reports_2023.csv,0.0,DE,CLE
2023,REG,CLV,8,00-0033570,LB,Anthony Walker,Anthony,Walker,,,,Shoulder,,Full Participation in Practice,2023-10-27 18:49:42,injury_reports_2023.csv,0.0,LB,CLE
2023,REG,CLV,8,00-0037251,ED,Alex Wright,Alex,Wright,,,,gameday concussion protocol evaluation,,Full Participation in Practice,2023-10-27 18:48:19,injury_reports_2023.csv,0.0,DE,CLE
2023,REG,CLV,8,00-0035646,LB,Sione Takitaki,Sione,Takitaki,Hamstring,,Questionable,Hamstring,,Limited Participation in Practice,2023-10-27 18:49:58,injury_reports_2023.csv,1.0,LB,CLE
2023,REG,DAL,8,00-0037578,S,Juanyeh Thomas,Juanyeh,Thomas,,,,Hamstring,,Full Participation in Practice,2023-10-27 19:51:05,injury_reports_2023.csv,0.0,S,DAL
2023,REG,DEN,8,00-0036995,LB,Baron Browning,Baron,Browning,,,,Wrist,,Full Participation in Practice,2023-10-27 20:17:38,injury_reports_2023.csv,0.0,LB,DEN
2023,REG,DEN,8,00-0032971,S,Justin Simmons,Justin,Simmons,,,,Hip,,Full Participation in Practice,2023-10-27 20:17:38,injury_reports_2023.csv,0.0,S,DEN
2023,REG,DET,8,00-0036748,CB,Jerry Jacobs,Jerry,Jacobs,,,,Knee,,Full Participation in Practice,2023-10-28 19:45:37,injury_reports_2023.csv,0.0,CB,DET
2023,REG,DET,8,00-0038096,ED,Josh Paschal,Josh,Paschal,Knee,,Questionable,Knee,,Did Not Participate In Practice,2023-10-28 19:46:15,injury_reports_2023.csv,1.0,DE,DET
2023,REG,DET,8,00-0035841,DI,Benito Jones,Benito,Jones,Ankle,,Questionable,Ankle,,Full Participation in Practice,2023-10-28 19:46:15,injury_reports_2023.csv,1.0,DT,DET
2023,REG,DET,8,00-0037289,LB,Malcolm Rodriguez,Malcolm,Rodriguez,Ankle,,Questionable,Ankle,,Limited Participation in Practice,2023-10-28 19:46:15,injury_reports_2023.csv,1.0,LB,DET
2023,REG,GB,8,00-0036677,S,Zayne Anderson,Zayne,Anderson,,,,Hamstring,,Full Participation in Practice,2023-10-27 19:30:42,injury_reports_2023.csv,0.0,S,GB
2023,REG,GB,8,00-0031935,LB,Preston Smith,Preston,Smith,,,,Illness,,Full Participation in Practice,2023-10-27 19:31:47,injury_reports_2023.csv,0.0,LB,GB
2023,REG,GB,8,00-0037075,ED,Devonte Wyatt,Devonte,Wyatt,,,,Knee,,Full Participation in Practice,2023-10-27 19:31:54,injury_reports_2023.csv,0.0,DE,GB
2023,REG,GB,8,00-0034728,CB,Jaire Alexander,Jaire,Alexander,Back,,Questionable,Back,,Limited Participation in Practice,2023-10-27 19:32:06,injury_reports_2023.csv,1.0,CB,GB
2023,REG,GB,8,00-0032401,LB,De'Vondre Campbell,De'Vondre,Campbell,Ankle,,Questionable,Ankle,,Limited Participation in Practice,2023-10-27 19:32:06,injury_reports_2023.csv,1.0,LB,GB
2023,REG,HST,8,00-0035276,LB,Blake Cashman,Blake,Cashman,,,,Wrist,,Full Participation in Practice,2023-10-27 19:43:04,injury_reports_2023.csv,0.0,LB,HOU
2023,REG,HST,8,00-0032103,LB,Denzel Perryman,Denzel,Perryman,,,,Hand,,Full Participation in Practice,2023-10-27 19:43:04,injury_reports_2023.csv,0.0,LB,HOU
2023,REG,HST,8,00-0034488,CB,Tavierre Thomas,Tavierre,Thomas,,,,Hand,,Full Participation in Practice,2023-10-27 19:43:04,injury_reports_2023.csv,0.0,CB,HOU
2023,REG,HST,8,00-0031298,S,Jimmie Ward,Jimmie,Ward,,,,Not injury related - resting player,,Limited Participation in Practice,2023-10-25 20:30:43,injury_reports_2023.csv,0.0,S,HOU
2023,REG,HST,8,00-0032759,DI,Sheldon Rankins,Sheldon,Rankins,Knee,,Out,Knee,,Did Not Participate In Practice,2023-10-27 19:52:12,injury_reports_2023.csv,3.0,DT,HOU
2023,REG,HST,8,00-0032402,DI,Hassan Ridgeway,Hassan,Ridgeway,Calf,,Questionable,Calf,,Full Participation in Practice,2023-10-27 19:51:21,injury_reports_2023.csv,1.0,DT,HOU
2023,REG,IND,8,00-0032378,DI,DeForest Buckner,DeForest,Buckner,,,,Not injury related - resting player,,Did Not Participate In Practice,2023-10-27 19:33:10,injury_reports_2023.csv,0.0,DT,IND
2023,REG,IND,8,00-0039156,CB,Julius Brents,Julius,Brents,Quadricep,,Out,Quadricep,,Did Not Participate In Practice,2023-10-27 19:34:00,injury_reports_2023.csv,3.0,CB,IND
2023,REG,IND,8,00-0034540,CB,Tony Brown,Tony,Brown,Ribs,,Questionable,Ribs,,Did Not Participate In Practice,2023-10-27 19:33:42,injury_reports_2023.csv,1.0,CB,IND
2023,REG,IND,8,00-0037269,DI,Eric Johnson,Eric,Johnson,Ankle,,Questionable,Ankle,,Full Participation in Practice,2023-10-27 19:33:42,injury_reports_2023.csv,1.0,DT,IND
2023,REG,JAX,8,00-0036262,DI,Davon Hamilton,Davon,Hamilton,,,,Back,,Full Participation in Practice,2023-10-27 18:19:48,injury_reports_2023.csv,0.0,DT,JAX
2023,REG,JAX,8,00-0037296,CB,Gregory Junior,Gregory,Junior,Hamstring,,Out,Hamstring,,Full Participation in Practice,2023-10-27 18:22:46,injury_reports_2023.csv,3.0,CB,JAX
2023,REG,JAX,8,00-0036974,CB,Tyson Campbell,Tyson,Campbell,Hamstring,,Questionable,Hamstring,,Limited Participation in Practice,2023-10-27 18:20:10,injury_reports_2023.csv,1.0,CB,JAX
2023,REG,JAX,8,00-0036941,S,Andre Cisco,Andre,Cisco,Hamstring,,Questionable,Hamstring,,Limited Participation in Practice,2023-10-27 18:20:10,injury_reports_2023.csv,1.0,S,JAX
2023,REG,KC,8,00-0035681,S,Mike Edwards,Mike,Edwards,,,,Elbow,,Full Participation in Practice,2023-10-27 18:53:18,injury_reports_2023.csv,0.0,S,KC
2023,REG,KC,8,00-0036621,LB,Nick Bolton,Nick,Bolton,Wrist,,Out,Wrist,,Did Not Participate In Practice,2023-10-27 18:53:44,injury_reports_2023.csv,3.0,LB,KC
2023,REG,LA,8,00-0031388,DI,Aaron Donald,Aaron,Donald,,,,Not injury related - resting player,,Did Not Participate In Practice,2023-10-27 19:44:46,injury_reports_2023.csv,0.0,DT,LA
2023,REG,LA,8,00-0036237,DI,Larrell Murchison,Larrell,Murchison,,,,Knee,,Full Participation in Practice,2023-10-27 19:45:41,injury_reports_2023.csv,0.0,DT,LA
2023,REG,LA,8,00-0037844,S,Russ Yeast,Russ,Yeast,,,,Hip,,Full Participation in Practice,2023-10-27 19:44:29,injury_reports_2023.csv,0.0,S,LA
2023,REG,LA,8,00-0039137,LB,Byron Young,Byron,Young,,,,Knee,,Full Participation in Practice,2023-10-27 19:44:29,injury_reports_2023.csv,0.0,LB,LA
2023,REG,LA,8,00-0036994,LB,Ernest Jones,Ernest,Jones,Knee,,Questionable,Knee,,Limited Participation in Practice,2023-10-27 19:46:24,injury_reports_2023.csv,1.0,LB,LA
2023,REG,LAC,8,00-0031040,ED,Khalil Mack,Khalil,Mack,,,,Not injury related - resting player,,Did Not Participate In Practice,2023-10-25 20:31:26,injury_reports_2023.csv,0.0,DE,LAC
2023,REG,LAC,8,00-0034810,DI,Sebastian Joseph,Sebastian,Joseph,,,,Knee,,Full Participation in Practice,2023-10-27 20:21:53,injury_reports_2023.csv,0.0,DT,LAC
2023,REG,LAC,8,00-0036716,LB,Amen Ogbongbemiga,Amen,Ogbongbemiga,,,,Groin,,Full Participation in Practice,2023-10-27 20:21:53,injury_reports_2023.csv,0.0,LB,LAC
2023,REG,LAC,8,00-0036380,S,Alohi Gilman,Alohi,Gilman,Heel,,Questionable,Heel,,Full Participation in Practice,2023-10-27 20:24:34,injury_reports_2023.csv,1.0,S,LAC
2023,REG,LAC,8,00-0037270,DI,Otito Ogbonnia,Otito,Ogbonnia,Knee,,Questionable,Knee,,Full Participation in Practice,2023-10-27 20:24:34,injury_reports_2023.csv,1.0,DT,LAC
2023,REG,LAC,8,00-0037320,CB,Deane Leonard,Deane,Leonard,Hamstring,,Questionable,Hamstring,,Limited Participation in Practice,2023-10-27 20:24:34,injury_reports_2023.csv,1.0,CB,LAC
2023,REG,LV,8,00-0039072,CB,Jakorian Bennett,Jakorian,Bennett,,,,Shoulder,Knee,Full Participation in Practice,2023-10-28 20:24:28,injury_reports_2023.csv,0.0,CB,LV
2023,REG,LV,8,00-0035783,CB,Tyler Hall,Tyler,Hall,,,,Foot,,Full Participation in Practice,2023-10-28 20:24:22,injury_reports_2023.csv,0.0,CB,LV
2023,REG,LV,8,00-0034973,ED,Maxx Crosby,Maxx,Crosby,,,,Knee,,Limited Participation in Practice,2023-10-28 20:24:22,injury_reports_2023.csv,0.0,DE,LV
2023,REG,LV,8,00-0032165,CB,Marcus Peters,Marcus,Peters,,,,Back,,Limited Participation in Practice,2023-10-28 20:24:22,injury_reports_2023.csv,0.0,CB,LV
2023,REG,LV,8,00-0036990,LB,Divine Deablo,Divine,Deablo,Ankle,,Out,Ankle,,Did Not Participate In Practice,2023-10-28 20:24:48,injury_reports_2023.csv,3.0,LB,LV
2023,REG,LV,8,00-0035076,LB,Curtis Bolton,Curtis,Bolton,Knee,,Questionable,Knee,,Limited Participation in Practice,2023-10-28 20:24:35,injury_reports_2023.csv,1.0,LB,LV
2023,REG,LV,8,00-0036871,CB,Nate Hobbs,Nate,Hobbs,Ankle,,Questionable,Ankle,,Limited Participation in Practice,2023-10-28 20:24:35,injury_reports_2023.csv,1.0,CB,LV
2023,REG,MIA,8,00-0035292,LB,David Long,David,Long,,,,Knee,,Full Participation in Practice,2023-10-27 19:53:45,injury_reports_2023.csv,0.0,LB,MIA
2023,REG,MIA,8,00-0037353,CB,Kader Kohou,Kader,Kohou,,,,Neck,,Limited Participation in Practice,2023-10-27 19:53:45,injury_reports_2023.csv,0.0,CB,MIA
2023,REG,MIA,8,00-0036998,S,Jevon Holland,Jevon,Holland,Concussion,,Questionable,Concussion,,Limited Participation in Practice,2023-10-27 19:54:10,injury_reports_2023.csv,1.0,S,MIA
2023,REG,MIA,8,00-0033050,CB,Xavien Howard,Xavien,Howard,Groin,,Questionable,Groin,,Limited Participation in Practice,2023-10-27 19:54:10,injury_reports_2023.csv,1.0,CB,MIA
2023,REG,MIA,8,00-0035346,CB,Nik Needham,Nik,Needham,Achilles,,Questionable,Achilles,,Limited Participation in Practice,2023-10-27 19:54:10,injury_reports_2023.csv,1.0,CB,MIA
2023,REG,MIA,8,00-0033055,CB,Jalen Ramsey,Jalen,Ramsey,Knee,,Questionable,Knee,,Limited Participation in Practice,2023-10-27 19:54:10,injury_reports_2023.csv,1.0,CB,MIA
2023,REG,MIA,8,00-0039133,CB,Cam Smith,Cam,Smith,Foot,,Questionable,Foot,,Limited Participation in Practice,2023-10-27 19:54:10,injury_reports_2023.csv,1.0,CB,MIA
2023,REG,MIN,8,00-0037822,LB,Brian Asamoah,Brian,Asamoah,Ankle,,Out,Ankle,,Did Not Participate In Practice,2023-10-27 18:42:33,injury_reports_2023.csv,3.0,LB,MIN
2023,REG,NE,8,00-0033860,DI,Davon Godchaux,Davon,Godchaux,,,,Ankle,,Full Participation in Practice,2023-10-27 19:50:02,injury_reports_2023.csv,0.0,DT,NE
2023,REG,NE,8,00-0036981,DI,Christian Barmore,Christian,Barmore,Knee,,Questionable,Knee,,Limited Participation in Practice,2023-10-27 19:50:43,injury_reports_2023.csv,1.0,DT,NE
2023,REG,NE,8,00-0032580,CB,Jonathan Jones,Jonathan,Jones,Knee,,Questionable,Knee,,Limited Participation in Practice,2023-10-27 19:50:43,injury_reports_2023.csv,1.0,CB,NE
2023,REG,NE,8,00-0036159,LB,Josh Uche,Josh,Uche,Ankle,Toe,Questionable,Ankle,Toe,Limited Participation in Practice,2023-10-27 19:50:43,injury_reports_2023.csv,1.0,LB,NE
2023,REG,NE,8,00-0036559,CB,Shaun Wade,Shaun,Wade,Shoulder,,Questionable,Shoulder,,Limited Participation in Practice,2023-10-27 19:50:43,injury_reports_2023.csv,1.0,CB,NE
2023,REG,NE,8,00-0039148,ED,Keion White,Keion,White,Concussion,,Questionable,Concussion,,Limited Participation in Practice,2023-10-27 19:50:43,injury_reports_2023.csv,1.0,DE,NE
2023,REG,NE,8,00-0033947,ED,Deatrich Wise,Deatrich,Wise,Shoulder,,Questionable,Shoulder,,Limited Participation in Practice,2023-10-27 19:50:43,injury_reports_2023.csv,1.0,DE,NE
2023,REG,NO,8,00-0033892,S,Marcus Maye,Marcus,Maye,Illness,,Questionable,Illness,,Did Not Participate In Practice,2023-10-27 19:08:25,injury_reports_2023.csv,1.0,S,NO
2023,REG,NO,8,00-0030459,S,Tyrann Mathieu,Tyrann,Mathieu,Foot,,Questionable,Foot,,Full Participation in Practice,2023-10-27 19:08:25,injury_reports_2023.csv,1.0,S,NO
2023,REG,NO,8,00-0029607,LB,Demario Davis,Demario,Davis,Knee,,Questionable,Knee,,Limited Participation in Practice,2023-10-27 19:08:25,injury_reports_2023.csv,1.0,LB,NO
2023,REG,NO,8,00-0034116,S,J.T. Gray,J.T.,Gray,Hamstring,,Questionable,Hamstring,,Limited Participation in Practice,2023-10-27 19:08:25,injury_reports_2023.csv,1.0,S,NO
2023,REG,NO,8,00-0038121,CB,Alontae Taylor,Alontae,Taylor,Hip,,Questionable,Hip,,Limited Participation in Practice,2023-10-27 19:28:15,injury_reports_2023.csv,1.0,CB,NO
2023,REG,NYG,8,00-0035683,DI,Dexter Lawrence,Dexter,Lawrence,,,,Not injury related - resting player,,Full Participation in Practice,2023-10-27 18:06:07,injury_reports_2023.csv,0.0,DT,NYG
2023,REG,NYG,8,00-0031933,DI,Leonard Williams,Leonard,Williams,,,,Not injury related - resting player,,Full Participation in Practice,2023-10-27 18:05:37,injury_reports_2023.csv,0.0,DT,NYG
2023,REG,NYG,8,00-0033878,CB,Adoree' Jackson,Adoree',Jackson,Neck,,Questionable,Neck,,Limited Participation in Practice,2023-10-27 18:06:23,injury_reports_2023.csv,1.0,CB,NYG
2023,REG,NYG,8,00-0037611,LB,Kayvon Thibodeaux,Kayvon,Thibodeaux,Knee,,Questionable,Knee,,Limited Participation in Practice,2023-10-27 18:06:23,injury_reports_2023.csv,1.0,LB,NYG
2023,REG,NYJ,8,00-0038107,ED,Micheal Clemons,Micheal,Clemons,,,,Ankle,,Full Participation in Practice,2023-10-27 18:40:24,injury_reports_2023.csv,0.0,DE,NYJ
2023,REG,NYJ,8,00-0036504,CB,Brandin Echols,Brandin,Echols,,,,Hamstring,,Full Participation in Practice,2023-10-27 18:40:24,injury_reports_2023.csv,0.0,CB,NYJ
2023,REG,NYJ,8,00-0037190,CB,Ahmad Gardner,Ahmad,Gardner,,,,Concussion,,Full Participation in Practice,2023-10-27 18:40:24,injury_reports_2023.csv,0.0,CB,NYJ
2023,REG,NYJ,8,00-0037663,LB,Jermaine Johnson,Jermaine,Johnson,,,,Foot,,Full Participation in Practice,2023-10-27 18:40:24,injury_reports_2023.csv,0.0,LB,NYJ
2023,REG,NYJ,8,00-0034384,CB,D.J. Reed,D.J.,Reed,,,,Concussion,,Full Participation in Practice,2023-10-27 18:40:24,injury_reports_2023.csv,0.0,CB,NYJ
2023,REG,NYJ,8,00-0036501,CB,Michael Carter,Michael,Carter,Hamstring,,Questionable,Hamstring,,Full Participation in Practice,2023-10-27 18:41:14,injury_reports_2023.csv,1.0,CB,NYJ
2023,REG,NYJ,8,00-0039142,ED,Will McDonald,Will,McDonald,Back,,Questionable,Back,,Full Participation in Practice,2023-10-27 18:41:14,injury_reports_2023.csv,1.0,DE,NYJ
2023,REG,PHI,8,00-0037130,S,Reed Blankenship,Reed,Blankenship,,,,Ribs,,Full Participation in Practice,2023-10-27 19:54:47,injury_reports_2023.csv,0.0,S,PHI
2023,REG,PHI,8,00-0036916,DI,Milton Williams,Milton,Williams,,,,Heel,,Full Participation in Practice,2023-10-27 19:55:19,injury_reports_2023.csv,0.0,DT,PHI
2023,REG,PHI,8,00-0032890,CB,James Bradberry,James,Bradberry,,,,Ankle,,Limited Participation in Practice,2023-10-27 19:54:47,injury_reports_2023.csv,0.0,CB,PHI
2023,REG,PHI,8,00-0033547,LB,Zach Cunningham,Zach,Cunningham,,,,Ankle,,Limited Participation in Practice,2023-10-27 19:54:47,injury_reports_2023.csv,0.0,LB,PHI
2023,REG,PHI,8,00-0031372,CB,Bradley Roby,Bradley,Roby,Shoulder,,Out,Shoulder,,Did Not Participate In Practice,2023-10-27 19:55:45,injury_reports_2023.csv,3.0,CB,PHI
2023,REG,PHI,8,00-0037073,DI,Jordan Davis,Jordan,Davis,Hamstring,,Questionable,Hamstring,,Did Not Participate In Practice,2023-10-27 19:55:23,injury_reports_2023.csv,1.0,DT,PHI
2023,REG,PIT,8,00-0027969,DI,Cameron Heyward,Cameron,Heyward,,,,Groin,,Full Participation in Practice,2023-10-27 19:01:46,injury_reports_2023.csv,0.0,DT,PIT
2023,REG,PIT,8,00-0035286,LB,Cole Holcomb,Cole,Holcomb,,,,Ankle,,Full Participation in Practice,2023-10-27 19:01:24,injury_reports_2023.csv,0.0,LB,PIT
2023,REG,PIT,8,00-0033905,DI,Larry Ogunjobi,Larry,Ogunjobi,,,,Shoulder,,Full Participation in Practice,2023-10-27 19:01:53,injury_reports_2023.csv,0.0,DT,PIT
2023,REG,PIT,8,00-0027943,CB,Patrick Peterson,Patrick,Peterson,,,,Not injury related - resting player,,Limited Participation in Practice,2023-10-25 20:02:46,injury_reports_2023.csv,0.0,CB,PIT
2023,REG,PIT,8,00-0033886,LB,T.J. Watt,T.J.,Watt,,,,Heel,,Limited Participation in Practice,2023-10-27 19:02:28,injury_reports_2023.csv,0.0,LB,PIT
2023,REG,PIT,8,00-0035795,CB,James Pierre,James,Pierre,Ankle,,Questionable,Ankle,,Did Not Participate In Practice,2023-10-27 19:03:34,injury_reports_2023.csv,1.0,CB,PIT
2023,REG,PIT,8,00-0039167,CB,Joey Porter,Joey,Porter,Calf,,Questionable,Calf,,Limited Participation in Practice,2023-10-27 19:03:19,injury_reports_2023.csv,1.0,CB,PIT
2023,REG,PIT,8,00-0034514,CB,Levi Wallace,Levi,Wallace,Foot,,Questionable,Foot,,Limited Participation in Practice,2023-10-27 19:03:00,injury_reports_2023.csv,1.0,CB,PIT
2023,REG,SEA,8,00-0035678,ED,Dre'Mont Jones,Dre'Mont,Jones,,,,Not injury related - resting player,,Did Not Participate In Practice,2023-10-25 22:54:51,injury_reports_2023.csv,0.0,DE,SEA
2023,REG,SEA,8,00-0034350,LB,Uchenna Nwosu,Uchenna,Nwosu,,,,Pectoral,,Did Not Participate In Practice,2023-10-25 23:14:05,injury_reports_2023.csv,0.0,LB,SEA
2023,REG,SEA,8,00-0032387,DI,Jarran Reed,Jarran,Reed,,,,Not injury related - resting player,,Did Not Participate In Practice,2023-10-25 22:55:06,injury_reports_2023.csv,0.0,DT,SEA
2023,REG,SEA,8,00-0036409,LB,Jordyn Brooks,Jordyn,Brooks,,,,Calf,,Full Participation in Practice,2023-10-27 21:06:01,injury_reports_2023.csv,0.0,LB,SEA
2023,REG,SEA,8,00-0036885,CB,Tre Brown,Tre,Brown,,,,Toe,,Full Participation in Practice,2023-10-26 22:54:42,injury_reports_2023.csv,0.0,CB,SEA
2023,REG,SEA,8,00-0033103,CB,Artie Burns,Artie,Burns,,,,Hamstring,,Full Participation in Practice,2023-10-25 23:01:57,injury_reports_2023.csv,0.0,CB,SEA
2023,REG,SEA,8,00-0029255,LB,Bobby Wagner,Bobby,Wagner,,,,Ankle,,Full Participation in Practice,2023-10-27 21:06:56,injury_reports_2023.csv,0.0,LB,SEA
2023,REG,SEA,8,00-0036767,DI,Austin Faoliu,Austin,Faoliu,Knee,,Out,Knee,,Full Participation in Practice,2023-10-27 19:33:18,injury_reports_2023.csv,3.0,DT,SEA
2023,REG,SEA,8,00-0033872,S,Jamal Adams,Jamal,Adams,Knee,,Questionable,Not injury related - resting player,Knee,Full Participation in Practice,2023-10-27 19:35:22,injury_reports_2023.csv,1.0,S,SEA
2023,REG,SF,8,00-0034982,LB,Dre Greenlaw,Dre,Greenlaw,,,,Not injury related - resting player,,Did Not Participate In Practice,2023-10-25 22:46:41,injury_reports_2023.csv,0.0,LB,SF
2023,REG,SF,8,00-0035020,LB,Demetrius Flannigan-Fowles,Demetrius,Flannigan-Fowles,,,,Ankle,,Full Participation in Practice,2023-10-27 21:08:48,injury_reports_2023.csv,0.0,LB,SF
2023,REG,TB,8,00-0038823,S,Kaevon Merriweather,Kaevon,Merriweather,Ankle,,Out,Ankle,,Did Not Participate In Practice,2023-10-25 15:34:59,injury_reports_2023.csv,3.0,S,TB
2023,REG,TB,8,00-0034773,DI,Vita Vea,Vita,Vea,Groin,,Questionable,Groin,,Did Not Participate In Practice,2023-10-25 15:34:43,injury_reports_2023.csv,1.0,DT,TB
2023,REG,TEN,8,00-0031254,ED,Denico Autry,Denico,Autry,,,,Not injury related - resting player,,Full Participation in Practice,2023-10-27 19:40:15,injury_reports_2023.csv,0.0,DE,TEN
2023,REG,TEN,8,00-0035413,LB,Luke Gifford,Luke,Gifford,,,,Hamstring,,Full Participation in Practice,2023-10-27 19:40:15,injury_reports_2023.csv,0.0,LB,TEN
2023,REG,TEN,8,00-0036992,CB,Elijah Molden,Elijah,Molden,,,,Hamstring,,Full Participation in Practice,2023-10-27 19:40:15,injury_reports_2023.csv,0.0,CB,TEN
2023,REG,TEN,8,00-0035643,DI,Jeffery Simmons,Jeffery,Simmons,,,,Shoulder,,Full Participation in Practice,2023-10-27 19:40:15,injury_reports_2023.csv,0.0,DT,TEN
2023,REG,TEN,8,00-0036181,DI,Teair Tart,Teair,Tart,,,,Toe,,Full Participation in Practice,2023-10-27 19:40:15,injury_reports_2023.csv,0.0,DT,TEN
2023,REG,TEN,8,00-0038125,CB,Roger McCreary,Roger,McCreary,Hamstring,,Out,Hamstring,,Limited Participation in Practice,2023-10-27 19:44:17,injury_reports_2023.csv,3.0,CB,TEN
2023,REG,TEN,8,00-0036695,DI,Naquan Jones,Naquan,Jones,Illness,,Questionable,Illness,,Did Not Participate In Practice,2023-10-27 19:43:54,injury_reports_2023.csv,1.0,DT,TEN
2023,REG,WAS,8,00-0033084,CB,Kendall Fuller,Kendall,Fuller,,,,Not injury related - resting player,,Did Not Participate In Practice,2023-10-25 19:15:19,injury_reports_2023.csv,0.0,CB,WAS
2023,REG,WAS,8,00-0033523,DI,Jonathan Allen,Jonathan,Allen,,,,Knee,,Full Participation in Practice,2023-10-27 17:21:13,injury_reports_2023.csv,0.0,DT,WAS
2023,REG,WAS,8,00-0036625,CB,Benjamin St-Juste,Benjamin,St-Juste,,,,Thigh,,Full Participation in Practice,2023-10-27 17:21:19,injury_reports_2023.csv,0.0,CB,WAS
2023,REG,WAS,8,00-0035647,ED,Montez Sweat,Montez,Sweat,,,,Finger,,Full Participation in Practice,2023-10-27 17:21:13,injury_reports_2023.csv,0.0,DE,WAS
2023,REG,WAS,8,00-0035672,LB,Cody Barton,Cody,Barton,Ankle,,Out,Ankle,,Did Not Participate In Practice,2023-10-27 17:21:47,injury_reports_2023.csv,3.0,LB,WAS
2023,REG,WAS,8,00-0038099,DI,Phidarian Mathis,Phidarian,Mathis,Calf,,Questionable,Calf,,Full Participation in Practice,2023-10-27 17:21:39,injury_reports_2023.csv,1.0,DT,WAS
2023,REG,ARZ,9,00-0035961,LB,Krys Barnes,Krys,Barnes,Hamstring,,Questionable,Hamstring,,Limited Participation in Practice,2023-11-03 19:26:53,injury_reports_2023.csv,1.0,LB,ARI
2023,REG,ARZ,9,00-0035334,DI,Kevin Strong,Kevin,Strong,Shoulder,,Questionable,Shoulder,,Limited Participation in Practice,2023-11-03 19:26:53,injury_reports_2023.csv,1.0,DT,ARI
2023,REG,ATL,9,00-0026190,ED,Calais Campbell,Calais,Campbell,,,,Not injury related - resting player,,Did Not Participate In Practice,2023-11-01 20:30:37,injury_reports_2023.csv,0.0,DE,ATL
2023,REG,ATL,9,00-0033051,DI,David Onyemata,David,Onyemata,,,,Not injury related - resting player,,Did Not Participate In Practice,2023-11-01 20:30:18,injury_reports_2023.csv,0.0,DT,ATL
2023,REG,ATL,9,00-0034500,LB,Tae Davis,Tae,Davis,,,,Concussion,,Full Participation in Practice,2023-11-03 17:13:57,injury_reports_2023.csv,0.0,LB,ATL
2023,REG,ATL,9,00-0034843,CB,Mike Hughes,Mike,Hughes,,,,Shoulder,,Full Participation in Practice,2023-11-03 17:14:02,injury_reports_2023.csv,0.0,CB,ATL
2023,REG,ATL,9,00-0038628,S,DeMarcco Hellams,DeMarcco,Hellams,Hamstring,,Out,Hamstring,,Did Not Participate In Practice,2023-11-03 17:14:42,injury_reports_2023.csv,3.0,S,ATL
2023,REG,BLT,9,00-0036940,LB,Odafe Oweh,Odafe,Oweh,,,,Ankle,Knee,Full Participation in Practice,2023-11-03 19:52:36,injury_reports_2023.csv,0.0,LB,BAL
2023,REG,BLT,9,00-0032891,S,Daryl Worley,Daryl,Worley,Shoulder,,Questionable,Shoulder,,Full Participation in Practice,2023-11-03 19:53:35,injury_reports_2023.csv,1.0,S,BAL
2023,REG,BLT,9,00-0035637,CB,Rock Ya-Sin,Rock,Ya-Sin,Illness,,Questionable,Illness,,Full Participation in Practice,2023-11-03 19:53:35,injury_reports_2023.csv,1.0,CB,BAL
2023,REG,BLT,9,00-0033894,S,Marcus Williams,Marcus,Williams,Hamstring,,Questionable,Hamstring,,Limited Participation in Practice,2023-11-03 19:53:35,injury_reports_2023.csv,1.0,S,BAL
2023,REG,BUF,9,00-0033551,CB,Rasul Douglas,Rasul,Douglas,,,,not injury related - travel,,Did Not Participate In Practice,2023-11-01 19:32:25,injury_reports_2023.csv,0.0,CB,BUF
2023,REG,BUF,9,00-0037242,CB,Kaiir Elam,Kaiir,Elam,,,,Ankle,,Did Not Participate In Practice,2023-11-01 19:26:22,injury_reports_2023.csv,0.0,CB,BUF
2023,REG,BUF,9,00-0036888,S,Damar Hamlin,Damar,Hamlin,,,,Illness,,Full Participation in Practice,2023-11-03 18:03:05,injury_reports_2023.csv,0.0,S,BUF
2023,REG,BUF,9,00-0037288,CB,Christian Benford,Christian,Benford,,,,Hamstring,,Limited Participation in Practice,2023-11-03 18:03:24,injury_reports_2023.csv,0.0,CB,BUF
2023,REG,BUF,9,00-0030463,LB,A.J. Klein,A.J.,Klein,Back,,Out,Back,,Did Not Participate In Practice,2023-11-03 18:03:44,injury_reports_2023.csv,3.0,LB,BUF
2023,REG,BUF,9,00-0037318,LB,Baylon Spector,Baylon,Spector,Hamstring,,Out,Hamstring,,Did Not Participate In Practice,2023-11-03 18:03:50,injury_reports_2023.csv,3.0,LB,BUF
2023,REG,CAR,9,00-0035713,LB,Brian Burns,Brian,Burns,,,,Elbow,,Full Participation in Practice,2023-11-03 17:39:47,injury_reports_2023.csv,0.0,LB,CAR
2023,REG,CAR,9,00-0038475,S,Alex Cook,Alex,Cook,,,,Shoulder,,Full Participation in Practice,2023-11-03 17:40:02,injury_reports_2023.csv,0.0,S,CAR
2023,REG,CAR,9,00-0031785,CB,Troy Hill,Troy,Hill,,,,Illness,,Full Participation in Practice,2023-11-03 17:40:29,injury_reports_2023.csv,0.0,CB,CAR
2023,REG,CAR,9,00-0034302,LB,Frankie Luvu,Frankie,Luvu,,,,Hip,,Full Participation in Practice,2023-11-03 17:41:09,injury_reports_2023.csv,0.0,LB,CAR
2023,REG,CAR,9,00-0033579,S,Xavier Woods,Xavier,Woods,,,,Abdomen,,Full Participation in Practice,2023-11-03 17:41:55,injury_reports_2023.csv,0.0,S,CAR
2023,REG,CAR,9,00-0037560,LB,Chandler Wooten,Chandler,Wooten,,,,Hamstring,,Full Participation in Practice,2023-11-03 17:42:08,injury_reports_2023.csv,0.0,LB,CAR
2023,REG,CAR,9,00-0038493,LB,Claudin Cherelus,Claudin,Cherelus,Knee,,Out,Knee,,Did Not Participate In Practice,2023-11-03 17:42:44,injury_reports_2023.csv,3.0,LB,CAR
2023,REG,CAR,9,00-0028008,LB,Justin Houston,Justin,Houston,Hamstring,,Out,Hamstring,,Did Not Participate In Practice,2023-11-03 17:43:06,injury_reports_2023.csv,3.0,LB,CAR
2023,REG,CAR,9,00-0032939,S,Vonn Bell,Vonn,Bell,Quadricep,,Doubtful,Quadricep,,Limited Participation in Practice,2023-11-03 17:43:34,injury_reports_2023.csv,2.0,S,CAR
2023,REG,CAR,9,00-0034356,CB,Donte Jackson,Donte,Jackson,Quadricep,,Questionable,Quadricep,,Full Participation in Practice,2023-11-03 17:43:59,injury_reports_2023.csv,1.0,CB,CAR
2023,REG,CHI,9,00-0033784,S,Eddie Jackson,Eddie,Jackson,,,,Foot,,Full Participation in Practice,2023-11-03 18:37:45,injury_reports_2023.csv,0.0,S,CHI
2023,REG,CHI,9,00-0038135,S,Jaquan Brisker,Jaquan,Brisker,Concussion,,Out,Concussion,,Did Not Participate In Practice,2023-11-03 18:38:31,injury_reports_2023.csv,3.0,S,CHI
2023,REG,CHI,9,00-0034673,LB,Tremaine Edmunds,Tremaine,Edmunds,Knee,,Out,Knee,,Did Not Participate In Practice,2023-11-03 18:39:32,injury_reports_2023.csv,3.0,LB,CHI
2023,REG,CHI,9,00-0038395,CB,Terell Smith,Terell,Smith,Illness,,Out,Illness,,Did Not Participate In Practice,2023-11-03 18:39:48,injury_reports_2023.csv,3.0,CB,CHI
2023,REG,CIN,9,00-0037752,S,Tycen Anderson,Tycen,Anderson,,,,Knee,,Did Not Participate In Practice,2023-11-02 20:20:34,injury_reports_2023.csv,0.0,S,CIN
2023,REG,CIN,9,00-0037293,LB,Devin Harper,Devin,Harper,,,,Hamstring,,Full Participation in Practice,2023-11-03 18:05:40,injury_reports_2023.csv,0.0,LB,CIN
2023,REG,CIN,9,00-0033935,ED,Trey Hendrickson,Trey,Hendrickson,,,,Foot,,Full Participation in Practice,2023-11-03 18:05:52,injury_reports_2023.csv,0.0,DE,CIN
2023,REG,CIN,9,00-0033347,DI,Josh Tupou,Josh,Tupou,Shoulder,,Out,Shoulder,,Did Not Participate In Practice,2023-11-03 18:06:20,injury_reports_2023.csv,3.0,DT,CIN
2023,REG,CIN,9,00-0036298,LB,Akeem Davis-Gaither,Akeem,Davis-Gaither,Knee,,Questionable,Knee,,Limited Participation in Practice,2023-11-03 18:06:36,injury_reports_2023.csv,1.0,LB,CIN
2023,REG,CLV,9,00-0036282,S,Grant Delpit,Grant,Delpit,,,,Ankle,Shoulder,Full Participation in Practice,2023-11-03 19:09:49,injury_reports_2023.csv,0.0,S,CLE
2023,REG,CLV,9,00-0036634,LB,Tony Fields,Tony,Fields,,,,Shoulder,,Full Participation in Practice,2023-11-03 19:09:06,injury_reports_2023.csv,0.0,LB,CLE
2023,REG,CLV,9,00-0034639,CB,Mike Ford,Mike,Ford,,,,Glute,,Full Participation in Practice,2023-11-03 19:10:18,injury_reports_2023.csv,0.0,CB,CLE
2023,REG,CLV,9,00-0033868,ED,Myles Garrett,Myles,Garrett,,,,Not injury related - resting player,Shoulder,Full Participation in Practice,2023-11-03 19:09:06,injury_reports_2023.csv,0.0,DE,CLE
2023,REG,CLV,9,00-0038585,CB,Cameron Mitchell,Cameron,Mitchell,,,,Shoulder,,Full Participation in Practice,2023-11-03 19:09:06,injury_reports_2023.csv,0.0,CB,CLE
2023,REG,CLV,9,00-0031576,ED,Za'Darius Smith,Za'Darius,Smith,,,,Not injury related - resting player,Neck,Full Participation in Practice,2023-11-03 19:12:00,injury_reports_2023.csv,0.0,DE,CLE
2023,REG,CLV,9,00-0035646,LB,Sione Takitaki,Sione,Takitaki,,,,Hamstring,,Full Participation in Practice,2023-11-03 19:12:10,injury_reports_2023.csv,0.0,LB,CLE
2023,REG,CLV,9,00-0033570,LB,Anthony Walker,Anthony,Walker,,,,Shoulder,,Full Participation in Practice,2023-11-03 19:09:06,injury_reports_2023.csv,0.0,LB,CLE
2023,REG,CLV,9,00-0036996,CB,Greg Newsome,Greg,Newsome,Groin,,Out,Groin,,Did Not Participate In Practice,2023-11-03 19:13:05,injury_reports_2023.csv,3.0,CB,CLE
2023,REG,CLV,9,00-0037251,ED,Alex Wright,Alex,Wright,Knee,,Out,Knee,,Did Not Participate In Practice,2023-11-03 19:13:15,injury_reports_2023.csv,3.0,DE,CLE
2023,REG,DAL,9,00-0029542,CB,Stephon Gilmore,Stephon,Gilmore,,,,Not injury related - resting player,,Did Not Participate In Practice,2023-11-01 19:33:32,injury_reports_2023.csv,0.0,CB,DAL
2023,REG,DAL,9,00-0031411,ED,Demarcus Lawrence,Demarcus,Lawrence,,,,Not injury related - resting player,,Did Not Participate In Practice,2023-11-01 19:34:00,injury_reports_2023.csv,0.0,DE,DAL
2023,REG,DAL,9,00-0032454,S,Jayron Kearse,Jayron,Kearse,,,,Toe,,Full Participation in Practice,2023-11-03 18:18:38,injury_reports_2023.csv,0.0,S,DAL
2023,REG,DAL,9,00-0030063,DI,Johnathan Hankins,Johnathan,Hankins,,,,Not injury related - resting player,,Limited Participation in Practice,2023-11-01 19:33:46,injury_reports_2023.csv,0.0,DT,DAL
2023,REG,DAL,9,00-0033928,CB,Jourdan Lewis,Jourdan,Lewis,,,,Not injury related - resting player,,Limited Participation in Practice,2023-11-01 19:34:11,injury_reports_2023.csv,0.0,CB,DAL
2023,REG,GB,9,00-0034728,CB,Jaire Alexander,Jaire,Alexander,,,,Back,,Limited Participation in Practice,2023-11-03 19:30:17,injury_reports_2023.csv,0.0,CB,GB
2023,REG,GB,9,00-0033792,S,Rudy Ford,Rudy,Ford,Calf,,Questionable,Calf,,Did Not Participate In Practice,2023-11-03 19:30:59,injury_reports_2023.csv,1.0,S,GB
2023,REG,GB,9,00-0037074,LB,Quay Walker,Quay,Walker,Groin,,Questionable,Groin,,Did Not Participate In Practice,2023-11-03 19:30:59,injury_reports_2023.csv,1.0,LB,GB
2023,REG,HST,9,00-0035276,LB,Blake Cashman,Blake,Cashman,,,,Wrist,,Full Participation in Practice,2023-11-03 19:50:30,injury_reports_2023.csv,0.0,LB,HOU
2023,REG,HST,9,00-0034990,CB,Ka'dar Hollman,Ka'dar,Hollman,,,,Ankle,,Full Participation in Practice,2023-11-03 19:50:30,injury_reports_2023.csv,0.0,CB,HOU
2023,REG,HST,9,00-0032103,LB,Denzel Perryman,Denzel,Perryman,,,,Hand,Wrist,Full Participation in Practice,2023-11-03 19:50:30,injury_reports_2023.csv,0.0,LB,HOU
2023,REG,HST,9,00-0034488,CB,Tavierre Thomas,Tavierre,Thomas,,,,Hand,,Full Participation in Practice,2023-11-03 19:50:30,injury_reports_2023.csv,0.0,CB,HOU
2023,REG,HST,9,00-0031298,S,Jimmie Ward,Jimmie,Ward,,,,Not injury related - resting player,,Limited Participation in Practice,2023-11-01 21:24:23,injury_reports_2023.csv,0.0,S,HOU
2023,REG,HST,9,00-0032759,DI,Sheldon Rankins,Sheldon,Rankins,Knee,,Questionable,Knee,,Limited Participation in Practice,2023-11-03 19:51:23,injury_reports_2023.csv,1.0,DT,HOU
2023,REG,IND,9,00-0037269,DI,Eric Johnson,Eric,Johnson,,,,Ankle,,Full Participation in Practice,2023-11-03 18:25:40,injury_reports_2023.csv,0.0,DT,IND
2023,REG,IND,9,00-0036480,ED,Dayo Odeyingbo,Dayo,Odeyingbo,,,,Shoulder,Toe,Full Participation in Practice,2023-11-03 18:25:45,injury_reports_2023.csv,0.0,DE,IND
2023,REG,IND,9,00-0039156,CB,Julius Brents,Julius,Brents,Quadricep,,Out,Quadricep,,Did Not Participate In Practice,2023-11-03 18:27:06,injury_reports_2023.csv,3.0,CB,IND
2023,REG,IND,9,00-0034431,LB,Zaire Franklin,Zaire,Franklin,Knee,,Questionable,Knee,,Did Not Participate In Practice,2023-11-03 18:26:46,injury_reports_2023.csv,1.0,LB,IND
2023,REG,IND,9,00-0037323,S,Rodney Thomas,Rodney,Thomas,Knee,,Questionable,Knee,,Full Participation in Practice,2023-11-03 18:26:46,injury_reports_2023.csv,1.0,S,IND
2023,REG,KC,9,00-0035681,S,Mike Edwards,Mike,Edwards,,,,Elbow,,Full Participation in Practice,2023-11-03 21:29:44,injury_reports_2023.csv,0.0,S,KC
2023,REG,KC,9,00-0036374,CB,L'Jarius Sneed,L'Jarius,Sneed,,,,Knee,,Full Participation in Practice,2023-11-03 21:29:44,injury_reports_2023.csv,0.0,CB,KC
2023,REG,KC,9,00-0036362,LB,Willie Gay,Willie,Gay,Back,,Questionable,Back,,Limited Participation in Practice,2023-11-03 21:29:51,injury_reports_2023.csv,1.0,LB,KC
2023,REG,LA,9,00-0031388,DI,Aaron Donald,Aaron,Donald,,,,Not injury related - resting player,,Did Not Participate In Practice,2023-11-03 19:43:44,injury_reports_2023.csv,0.0,DT,LA
2023,REG,LA,9,00-0036994,LB,Ernest Jones,Ernest,Jones,Knee,,Out,Knee,,Did Not Participate In Practice,2023-11-03 21:43:09,injury_reports_2023.csv,3.0,LB,LA
2023,REG,LA,9,00-0037839,CB,Cobie Durant,Cobie,Durant,Shoulder,,Questionable,Shoulder,,Limited Participation in Practice,2023-11-03 21:41:00,injury_reports_2023.csv,1.0,CB,LA
2023,REG,LA,9,00-0036237,DI,Larrell Murchison,Larrell,Murchison,Knee,,Questionable,Knee,,Limited Participation in Practice,2023-11-03 21:41:00,injury_reports_2023.csv,1.0,DT,LA
2023,REG,LAC,9,00-0034810,DI,Sebastian Joseph,Sebastian,Joseph,Illness,,Questionable,Illness,,Did Not Participate In Practice,2023-11-04 20:18:38,injury_reports_2023.csv,1.0,DT,LAC
2023,REG,LAC,9,00-0032671,DI,Morgan Fox,Morgan,Fox,Oblique,,Questionable,Oblique,,Full Participation in Practice,2023-11-04 20:18:38,injury_reports_2023.csv,1.0,DT,LAC
2023,REG,LAC,9,00-0031554,LB,Eric Kendricks,Eric,Kendricks,Ribs,,Questionable,Ribs,,Full Participation in Practice,2023-11-04 20:18:38,injury_reports_2023.csv,1.0,LB,LAC
2023,REG,LAC,9,00-0037270,DI,Otito Ogbonnia,Otito,Ogbonnia,Knee,,Questionable,Knee,,Full Participation in Practice,2023-11-04 20:18:38,injury_reports_2023.csv,1.0,DT,LAC
2023,REG,LAC,9,00-0036441,LB,Kenneth Murray,Kenneth,Murray,Shoulder,,Questionable,Shoulder,,Limited Participation in Practice,2023-11-04 20:18:38,injury_reports_2023.csv,1.0,LB,LAC
2023,REG,LV,9,00-0034973,ED,Maxx Crosby,Maxx,Crosby,,,,Knee,Ankle,Limited Participation in Practice,2023-11-03 20:33:47,injury_reports_2023.csv,0.0,DE,LV
2023,REG,LV,9,00-0036871,CB,Nate Hobbs,Nate,Hobbs,,,,Ankle,,Limited Participation in Practice,2023-11-03 20:33:47,injury_reports_2023.csv,0.0,CB,LV
2023,REG,LV,9,00-0036990,LB,Divine Deablo,Divine,Deablo,Ankle,,Out,Ankle,,Did Not Participate In Practice,2023-11-03 20:34:55,injury_reports_2023.csv,3.0,LB,LV
2023,REG,LV,9,00-0037517,LB,Luke Masterson,Luke,Masterson,Concussion,,Out,Concussion,,Did Not Participate In Practice,2023-11-03 20:35:17,injury_reports_2023.csv,3.0,LB,LV
2023,REG,LV,9,00-0034720,LB,Robert Spillane,Robert,Spillane,Hand,,Questionable,Hand,,Limited Participation in Practice,2023-11-03 20:34:40,injury_reports_2023.csv,1.0,LB,LV
2023,REG,MIA,9,00-0033055,CB,Jalen Ramsey,Jalen,Ramsey,,,,Knee,,Limited Participation in Practice,2023-11-03 15:49:29,injury_reports_2023.csv,0.0,CB,MIA
2023,REG,MIA,9,00-0036221,S,Brandon Jones,Brandon,Jones,Concussion,,Out,Concussion,,Did Not Participate In Practice,2023-11-03 15:51:12,injury_reports_2023.csv,3.0,S,MIA
2023,REG,MIA,9,00-0029530,CB,Justin Bethel,Justin,Bethel,Foot,,Questionable,Foot,,Limited Participation in Practice,2023-11-03 15:50:51,injury_reports_2023.csv,1.0,CB,MIA
2023,REG,MIA,9,00-0033050,CB,Xavien Howard,Xavien,Howard,Groin,,Questionable,Groin,,Limited Participation in Practice,2023-11-03 15:50:51,injury_reports_2023.csv,1.0,CB,MIA
2023,REG,MIA,9,00-0035346,CB,Nik Needham,Nik,Needham,Achilles,,Questionable,Achilles,,Limited Participation in Practice,2023-11-03 15:50:51,injury_reports_2023.csv,1.0,CB,MIA
2023,REG,MIN,9,00-0038101,CB,Akayleb Evans,Akayleb,Evans,,,,Neck,,Full Participation in Practice,2023-11-03 19:07:59,injury_reports_2023.csv,0.0,CB,MIN
2023,REG,MIN,9,00-0032412,ED,Dean Lowry,Dean,Lowry,Groin,,Out,Groin,,Did Not Participate In Practice,2023-11-03 19:08:26,injury_reports_2023.csv,3.0,DE,MIN
2023,REG,MIN,9,00-0037822,LB,Brian Asamoah,Brian,Asamoah,Ankle,,Questionable,Ankle,,Limited Participation in Practice,2023-11-03 19:08:17,injury_reports_2023.csv,1.0,LB,MIN
2023,REG,NE,9,00-0036087,CB,Myles Bryant,Myles,Bryant,,,,Chest,,Limited Participation in Practice,2023-11-02 20:00:20,injury_reports_2023.csv,0.0,CB,NE
2023,REG,NE,9,00-0033860,DI,Davon Godchaux,Davon,Godchaux,Illness,,Questionable,Illness,,Did Not Participate In Practice,2023-11-03 19:17:13,injury_reports_2023.csv,1.0,DT,NE
2023,REG,NE,9,00-0036981,DI,Christian Barmore,Christian,Barmore,Knee,,Questionable,Knee,,Limited Participation in Practice,2023-11-03 19:17:13,injury_reports_2023.csv,1.0,DT,NE
2023,REG,NE,9,00-0034385,LB,Ja'Whaun Bentley,Ja'Whaun,Bentley,Hamstring,,Questionable,Hamstring,,Limited Participation in Practice,2023-11-03 19:17:13,injury_reports_2023.csv,1.0,LB,NE
2023,REG,NE,9,00-0032580,CB,Jonathan Jones,Jonathan,Jones,Knee,,Questionable,Knee,,Limited Participation in Practice,2023-11-03 19:17:13,injury_reports_2023.csv,1.0,CB,NE
2023,REG,NE,9,00-0036159,LB,Josh Uche,Josh,Uche,Ankle,Toe,Questionable,Ankle,Toe,Limited Participation in Practice,2023-11-03 19:17:13,injury_reports_2023.csv,1.0,LB,NE
2023,REG,NE,9,00-0033947,ED,Deatrich Wise,Deatrich,Wise,Shoulder,,Questionable,Shoulder,,Limited Participation in Practice,2023-11-03 19:17:13,injury_reports_2023.csv,1.0,DE,NE
2023,REG,NO,9,00-0033892,S,Marcus Maye,Marcus,Maye,,,,Illness,,Full Participation in Practice,2023-11-01 20:13:45,injury_reports_2023.csv,0.0,S,NO
2023,REG,NO,9,00-0029607,LB,Demario Davis,Demario,Davis,,,,Knee,,Limited Participation in Practice,2023-11-03 19:06:59,injury_reports_2023.csv,0.0,LB,NO
2023,REG,NO,9,00-0034999,LB,Ty Summers,Ty,Summers,Concussion,Hamstring,Out,Concussion,Hamstring,Did Not Participate In Practice,2023-11-03 19:08:41,injury_reports_2023.csv,3.0,LB,NO
2023,REG,NO,9,00-0035763,DI,Malcolm Roach,Malcolm,Roach,Illness,,Questionable,Illness,,Limited Participation in Practice,2023-11-03 19:08:02,injury_reports_2023.csv,1.0,DT,NO
2023,REG,NYG,9,00-0035683,DI,Dexter Lawrence,Dexter,Lawrence,,,,Not injury related - resting player,,Full Participation in Practice,2023-11-03 18:22:07,injury_reports_2023.csv,0.0,DT,NYG
2023,REG,NYG,9,00-0037611,LB,Kayvon Thibodeaux,Kayvon,Thibodeaux,,,,Back,,Limited Participation in Practice,2023-11-03 18:21:44,injury_reports_2023.csv,0.0,LB,NYG
2023,REG,NYJ,9,00-0037003,LB,Chazz Surratt,Chazz,Surratt,Ankle,,Out,Ankle,,Did Not Participate In Practice,2023-11-04 19:54:57,injury_reports_2023.csv,3.0,LB,NYJ
2023,REG,NYJ,9,00-0031584,S,Adrian Amos,Adrian,Amos,Ankle,,Questionable,Ankle,,Limited Participation in Practice,2023-11-04 19:54:33,injury_reports_2023.csv,1.0,S,NYJ
2023,REG,PHI,9,00-0038386,DI,Jalen Carter,Jalen,Carter,,,,Back,,Full Participation in Practice,2023-11-03 19:52:36,injury_reports_2023.csv,0.0,DT,PHI
2023,REG,PHI,9,00-0037073,DI,Jordan Davis,Jordan,Davis,,,,Hamstring,,Full Participation in Practice,2023-11-03 19:52:58,injury_reports_2023.csv,0.0,DT,PHI
2023,REG,PHI,9,00-0036916,DI,Milton Williams,Milton,Williams,,,,Shoulder,,Full Participation in Practice,2023-11-03 19:53:26,injury_reports_2023.csv,0.0,DT,PHI
2023,REG,PHI,9,00-0032890,CB,James Bradberry,James,Bradberry,,,,Thigh,,Limited Participation in Practice,2023-11-03 19:53:37,injury_reports_2023.csv,0.0,CB,PHI
2023,REG,PHI,9,00-0031372,CB,Bradley Roby,Bradley,Roby,Shoulder,,Out,Shoulder,,Did Not Participate In Practice,2023-11-03 19:54:18,injury_reports_2023.csv,3.0,CB,PHI
2023,REG,PIT,9,00-0027969,DI,Cameron Heyward,Cameron,Heyward,,,,Groin,,Full Participation in Practice,2023-11-01 20:04:43,injury_reports_2023.csv,0.0,DT,PIT
2023,REG,PIT,9,00-0033512,S,Damontae Kazee,Damontae,Kazee,,,,Hand,,Full Participation in Practice,2023-11-01 20:04:43,injury_reports_2023.csv,0.0,S,PIT
2023,REG,PIT,9,00-0034789,S,Minkah Fitzpatrick,Minkah,Fitzpatrick,Hamstring,,Out,Hamstring,,Did Not Participate In Practice,2023-11-01 20:05:20,injury_reports_2023.csv,3.0,S,PIT
2023,REG,PIT,9,00-0034514,CB,Levi Wallace,Levi,Wallace,Foot,,Questionable,Foot,,Limited Participation in Practice,2023-11-01 20:05:37,injury_reports_2023.csv,1.0,CB,PIT
2023,REG,SEA,9,00-0031608,S,Quandre Diggs,Quandre,Diggs,,,,Not injury related - resting player,,Did Not Participate In Practice,2023-11-03 21:07:11,injury_reports_2023.csv,0.0,S,SEA
2023,REG,SEA,9,00-0029255,LB,Bobby Wagner,Bobby,Wagner,,,,Not injury related - resting player,,Did Not Participate In Practice,2023-11-02 23:03:39,injury_reports_2023.csv,0.0,LB,SEA
2023,REG,SEA,9,00-0033872,S,Jamal Adams,Jamal,Adams,,,,Not injury related - resting player,Knee,Full Participation in Practice,2023-11-03 21:06:45,injury_reports_2023.csv,0.0,S,SEA
2023,REG,SEA,9,00-0038133,LB,Boye Mafe,Boye,Mafe,,,,Shoulder,,Full Participation in Practice,2023-11-03 21:07:26,injury_reports_2023.csv,0.0,LB,SEA
2023,REG,SEA,9,00-0038613,S,Jerrick Reed,Jerrick,Reed,,,,Shoulder,,Full Participation in Practice,2023-11-03 21:06:24,injury_reports_2023.csv,0.0,S,SEA
2023,REG,SEA,9,00-0036767,DI,Austin Faoliu,Austin,Faoliu,Knee,,Questionable,Knee,,Full Participation in Practice,2023-11-03 19:56:32,injury_reports_2023.csv,1.0,DT,SEA
2023,REG,TB,9,00-0029562,LB,Lavonte David,Lavonte,David,,,,Not injury related - resting player,,Did Not Participate In Practice,2023-11-03 18:16:04,injury_reports_2023.csv,0.0,LB,TB
2023,REG,TB,9,00-0038127,ED,Logan Hall,Logan,Hall,Groin,,Out,Groin,,Did Not Participate In Practice,2023-11-03 18:19:38,injury_reports_2023.csv,3.0,DE,TB
2023,REG,TB,9,00-0037627,DI,Mike Greene,Mike,Greene,Illness,,Questionable,,,"
    ",2023-11-04 22:34:19,injury_reports_2023.csv,1.0,DT,TB
2023,REG,TB,9,00-0038820,S,Christian Izien,Christian,Izien,Illness,,Questionable,Illness,,Did Not Participate In Practice,2023-11-03 18:18:41,injury_reports_2023.csv,1.0,S,TB
2023,REG,TB,9,00-0038823,S,Kaevon Merriweather,Kaevon,Merriweather,Ankle,,Questionable,Ankle,,Full Participation in Practice,2023-11-03 18:18:41,injury_reports_2023.csv,1.0,S,TB
2023,REG,TB,9,00-0034773,DI,Vita Vea,Vita,Vea,Groin,,Questionable,Groin,,Full Participation in Practice,2023-11-03 18:18:41,injury_reports_2023.csv,1.0,DT,TB
2023,REG,TEN,9,00-0031254,ED,Denico Autry,Denico,Autry,,,,Not injury related - resting player,,Full Participation in Practice,2023-11-01 19:20:11,injury_reports_2023.csv,0.0,DE,TEN
2023,REG,TEN,9,00-0038848,CB,Anthony Kendall,Anthony,Kendall,,,,Knee,,Full Participation in Practice,2023-11-01 19:20:05,injury_reports_2023.csv,0.0,CB,TEN
2023,REG,TEN,9,00-0035239,CB,Sean Murphy-Bunting,Sean,Murphy-Bunting,,,,Thumb,,Full Participation in Practice,2023-11-01 19:20:05,injury_reports_2023.csv,0.0,CB,TEN
2023,REG,TEN,9,00-0035643,DI,Jeffery Simmons,Jeffery,Simmons,,,,Ankle,,Limited Participation in Practice,2023-11-01 19:20:51,injury_reports_2023.csv,0.0,DT,TEN
2023,REG,TEN,9,00-0037493,S,Mike Brown,Mike,Brown,Ankle,,Out,Ankle,,Full Participation in Practice,2023-11-01 19:21:29,injury_reports_2023.csv,3.0,S,TEN
2023,REG,TEN,9,00-0038125,CB,Roger McCreary,Roger,McCreary,Hamstring,,Out,Hamstring,,Limited Participation in Practice,2023-11-01 19:21:50,injury_reports_2023.csv,3.0,CB,TEN
2023,REG,WAS,9,00-0033523,DI,Jonathan Allen,Jonathan,Allen,,,,Not injury related - resting player,,Did Not Participate In Practice,2023-11-01 19:11:15,injury_reports_2023.csv,0.0,DT,WAS
2023,REG,WAS,9,00-0033084,CB,Kendall Fuller,Kendall,Fuller,,,,Not injury related - resting player,,Did Not Participate In Practice,2023-11-01 19:11:27,injury_reports_2023.csv,0.0,CB,WAS
2023,REG,WAS,9,00-0038100,S,Percy Butler,Percy,Butler,Calf,,Questionable,Calf,,Full Participation in Practice,2023-11-03 17:24:22,injury_reports_2023.csv,1.0,S,WAS
2023,REG,ARZ,10,00-0037815,LB,Cameron Thomas,Cameron,Thomas,,,,Illness,,Full Participation in Practice,2023-11-09 21:38:05,injury_reports_2023.csv,0.0,LB,ARI
2023,REG,ARZ,10,00-0036884,CB,Marco Wilson,Marco,Wilson,,,,Knee,,Full Participation in Practice,2023-11-10 19:52:21,injury_reports_2023.csv,0.0,CB,ARI
2023,REG,ARZ,10,00-0034490,LB,Ezekiel Turner,Ezekiel,Turner,Hamstring,,Questionable,Hamstring,,Did Not Participate In Practice,2023-11-10 19:53:44,injury_reports_2023.csv,1.0,LB,ARI
2023,REG,ATL,10,00-0026190,ED,Calais Campbell,Calais,Campbell,,,,Not injury related - resting player,,Did Not Participate In Practice,2023-11-08 21:25:24,injury_reports_2023.csv,0.0,DE,ATL
2023,REG,ATL,10,00-0036961,S,Richie Grant,Richie,Grant,,,,Neck,,Full Participation in Practice,2023-11-10 18:58:25,injury_reports_2023.csv,0.0,S,ATL
2023,REG,ATL,10,00-0038628,S,DeMarcco Hellams,DeMarcco,Hellams,,,,Hamstring,,Full Participation in Practice,2023-11-10 18:58:38,injury_reports_2023.csv,0.0,S,ATL
2023,REG,ATL,10,00-0037034,CB,Dee Alford,Dee,Alford,Ankle,,Out,Ankle,,Did Not Participate In Practice,2023-11-10 18:59:51,injury_reports_2023.csv,3.0,CB,ATL
2023,REG,ATL,10,00-0033051,DI,David Onyemata,David,Onyemata,Ankle,,Questionable,Ankle,,Limited Participation in Practice,2023-11-10 18:59:41,injury_reports_2023.csv,1.0,DT,ATL
2023,REG,BLT,10,00-0032574,DI,Michael Pierce,Michael,Pierce,,,,Illness,,Full Participation in Practice,2023-11-10 20:59:39,injury_reports_2023.csv,0.0,DT,BAL
2023,REG,BLT,10,00-0033894,S,Marcus Williams,Marcus,Williams,,,,Hamstring,,Full Participation in Practice,2023-11-10 20:58:10,injury_reports_2023.csv,0.0,S,BAL
2023,REG,BLT,10,00-0038119,CB,Jalyn Armour-Davis,Jalyn,Armour-Davis,Illness,,Questionable,Illness,,Full Participation in Practice,2023-11-10 21:00:06,injury_reports_2023.csv,1.0,CB,BAL
2023,REG,BLT,10,00-0033281,CB,Marlon Humphrey,Marlon,Humphrey,Hamstring,,Questionable,Hamstring,,Limited Participation in Practice,2023-11-10 21:00:06,injury_reports_2023.csv,1.0,CB,BAL
2023,REG,BUF,10,00-0033072,ED,Leonard Floyd,Leonard,Floyd,,,,Illness,,Full Participation in Practice,2023-11-11 19:15:39,injury_reports_2023.csv,0.0,DE,BUF
2023,REG,BUF,10,00-0030463,LB,A.J. Klein,A.J.,Klein,,,,Back,,Full Participation in Practice,2023-11-11 19:15:39,injury_reports_2023.csv,0.0,LB,BUF
2023,REG,BUF,10,00-0030114,S,Jordan Poyer,Jordan,Poyer,,,,Shin,,Full Participation in Practice,2023-11-11 19:15:39,injury_reports_2023.csv,0.0,S,BUF
2023,REG,BUF,10,00-0037318,LB,Baylon Spector,Baylon,Spector,,,,Hamstring,,Full Participation in Practice,2023-11-11 19:15:39,injury_reports_2023.csv,0.0,LB,BUF
2023,REG,BUF,10,00-0037288,CB,Christian Benford,Christian,Benford,Hamstring,,Out,Hamstring,,Did Not Participate In Practice,2023-11-11 19:16:27,injury_reports_2023.csv,3.0,CB,BUF
2023,REG,BUF,10,00-0030090,S,Micah Hyde,Micah,Hyde,Neck,,Out,Neck,,Did Not Participate In Practice,2023-11-11 19:16:32,injury_reports_2023.csv,3.0,S,BUF
2023,REG,BUF,10,00-0037254,LB,Terrel Bernard,Terrel,Bernard,Concussion,,Questionable,Concussion,,Limited Participation in Practice,2023-11-11 19:15:56,injury_reports_2023.csv,1.0,LB,BUF
2023,REG,CAR,10,00-0037499,LB,Luiji Vilain,Luiji,Vilain,,,,Knee,,Did Not Participate In Practice,2023-11-07 19:24:15,injury_reports_2023.csv,0.0,LB,CAR
2023,REG,CAR,10,00-0037560,LB,Chandler Wooten,Chandler,Wooten,,,,Ankle,,Did Not Participate In Practice,2023-11-06 21:39:27,injury_reports_2023.csv,0.0,LB,CAR
2023,REG,CAR,10,00-0034302,LB,Frankie Luvu,Frankie,Luvu,,,,Hip,,Full Participation in Practice,2023-11-08 17:34:26,injury_reports_2023.csv,0.0,LB,CAR
2023,REG,CAR,10,00-0035713,LB,Brian Burns,Brian,Burns,Concussion,Elbow,Out,Concussion,Elbow,Did Not Participate In Practice,2023-11-08 17:35:36,injury_reports_2023.csv,3.0,LB,CAR
2023,REG,CAR,10,00-0036281,CB,C.J. Henderson,C.J.,Henderson,Concussion,,Out,Concussion,,Did Not Participate In Practice,2023-11-08 17:35:50,injury_reports_2023.csv,3.0,CB,CAR
2023,REG,CAR,10,00-0032939,S,Vonn Bell,Vonn,Bell,Quadricep,,Questionable,Quadricep,,Full Participation in Practice,2023-11-08 17:36:59,injury_reports_2023.csv,1.0,S,CAR
2023,REG,CAR,10,00-0034382,LB,Marquis Haynes,Marquis,Haynes,Back,,Questionable,Back,,Full Participation in Practice,2023-11-08 17:37:16,injury_reports_2023.csv,1.0,LB,CAR
2023,REG,CAR,10,00-0033579,S,Xavier Woods,Xavier,Woods,Thigh,,Questionable,Thigh,,Limited Participation in Practice,2023-11-08 17:36:45,injury_reports_2023.csv,1.0,S,CAR
2023,REG,CHI,10,00-0038135,S,Jaquan Brisker,Jaquan,Brisker,,,,Concussion,,Full Participation in Practice,2023-11-08 21:17:55,injury_reports_2023.csv,0.0,S,CHI
2023,REG,CHI,10,00-0039071,CB,Tyrique Stevenson,Tyrique,Stevenson,,,,Ankle,,Full Participation in Practice,2023-11-08 21:17:55,injury_reports_2023.csv,0.0,CB,CHI
2023,REG,CHI,10,00-0034673,LB,Tremaine Edmunds,Tremaine,Edmunds,Knee,,Out,Knee,,Did Not Participate In Practice,2023-11-08 21:18:58,injury_reports_2023.csv,3.0,LB,CHI
2023,REG,CHI,10,00-0038395,CB,Terell Smith,Terell,Smith,Illness,,Out,Illness,,Limited Participation in Practice,2023-11-08 21:19:18,injury_reports_2023.csv,3.0,CB,CHI
2023,REG,CHI,10,00-0037129,CB,Josh Blackwell,Josh,Blackwell,Hamstring,,Questionable,Hamstring,,Full Participation in Practice,2023-11-08 21:18:16,injury_reports_2023.csv,1.0,CB,CHI
2023,REG,CIN,10,00-0034446,CB,Jalen Davis,Jalen,Davis,,,,Ankle,,Full Participation in Practice,2023-11-10 19:00:25,injury_reports_2023.csv,0.0,CB,CIN
2023,REG,CIN,10,00-0037753,CB,Cam Taylor-Britt,Cam,Taylor-Britt,,,,Quadricep,,Full Participation in Practice,2023-11-10 19:00:25,injury_reports_2023.csv,0.0,CB,CIN
2023,REG,CIN,10,00-0036298,LB,Akeem Davis-Gaither,Akeem,Davis-Gaither,,,,Knee,,Limited Participation in Practice,2023-11-10 19:00:25,injury_reports_2023.csv,0.0,LB,CIN
2023,REG,CIN,10,00-0034834,ED,Sam Hubbard,Sam,Hubbard,Ankle,,Out,Ankle,,Did Not Participate In Practice,2023-11-10 19:01:28,injury_reports_2023.csv,3.0,DE,CIN
2023,REG,CIN,10,00-0033347,DI,Josh Tupou,Josh,Tupou,Shoulder,,Doubtful,Shoulder,,Limited Participation in Practice,2023-11-10 19:01:43,injury_reports_2023.csv,2.0,DT,CIN
2023,REG,CLV,10,00-0033868,ED,Myles Garrett,Myles,Garrett,,,,Not injury related - resting player,,Did Not Participate In Practice,2023-11-10 20:45:41,injury_reports_2023.csv,0.0,DE,CLE
2023,REG,CLV,10,00-0036282,S,Grant Delpit,Grant,Delpit,,,,Shoulder,,Full Participation in Practice,2023-11-10 20:45:41,injury_reports_2023.csv,0.0,S,CLE
2023,REG,CLV,10,00-0034807,ED,Ogbonnia Okoronkwo,Ogbonnia,Okoronkwo,,,,Groin,,Full Participation in Practice,2023-11-10 20:46:13,injury_reports_2023.csv,0.0,DE,CLE
2023,REG,CLV,10,00-0037251,ED,Alex Wright,Alex,Wright,,,,Knee,,Limited Participation in Practice,2023-11-10 20:45:41,injury_reports_2023.csv,0.0,DE,CLE
2023,REG,CLV,10,00-0036996,CB,Greg Newsome,Greg,Newsome,Groin,,Questionable,Groin,,Limited Participation in Practice,2023-11-10 20:46:19,injury_reports_2023.csv,1.0,CB,CLE
2023,REG,DAL,10,00-0032454,S,Jayron Kearse,Jayron,Kearse,,,,Toe,,Full Participation in Practice,2023-11-10 19:58:35,injury_reports_2023.csv,0.0,S,DAL
2023,REG,DAL,10,00-0036942,DI,Osa Odighizuwa,Osa,Odighizuwa,,,,Hamstring,,Full Participation in Practice,2023-11-10 19:58:57,injury_reports_2023.csv,0.0,DT,DAL
2023,REG,DAL,10,00-0037561,LB,Markquese Bell,Markquese,Bell,,,,Calf,,Limited Participation in Practice,2023-11-10 19:58:35,injury_reports_2023.csv,0.0,LB,DAL
2023,REG,DEN,10,00-0036995,LB,Baron Browning,Baron,Browning,,,,Wrist,,Full Participation in Practice,2023-11-11 21:15:30,injury_reports_2023.csv,0.0,LB,DEN
2023,REG,DET,10,00-0036124,CB,Khalil Dorsey,Khalil,Dorsey,,,,Knee,,Full Participation in Practice,2023-11-10 21:51:53,injury_reports_2023.csv,0.0,CB,DET
2023,REG,DET,10,00-0036954,ED,Levi Onwuzurike,Levi,Onwuzurike,Hip,,Doubtful,Hip,,Did Not Participate In Practice,2023-11-10 21:53:42,injury_reports_2023.csv,2.0,DE,DET
2023,REG,GB,10,00-0034728,CB,Jaire Alexander,Jaire,Alexander,Shoulder,,Doubtful,Shoulder,,Did Not Participate In Practice,2023-11-10 20:54:39,injury_reports_2023.csv,2.0,CB,GB
2023,REG,GB,10,00-0037074,LB,Quay Walker,Quay,Walker,Groin,,Doubtful,Groin,,Did Not Participate In Practice,2023-11-10 20:54:58,injury_reports_2023.csv,2.0,LB,GB
2023,REG,GB,10,00-0033120,ED,Kenny Clark,Kenny,Clark,Shoulder,,Questionable,Shoulder,,Limited Participation in Practice,2023-11-10 20:54:33,injury_reports_2023.csv,1.0,DE,GB
2023,REG,GB,10,00-0033792,S,Rudy Ford,Rudy,Ford,Calf,,Questionable,Calf,,Limited Participation in Practice,2023-11-10 20:54:33,injury_reports_2023.csv,1.0,S,GB
2023,REG,HST,10,00-0039108,ED,Will Anderson,Will,Anderson,,,,Knee,,Full Participation in Practice,2023-11-10 20:54:29,injury_reports_2023.csv,0.0,DE,HOU
2023,REG,HST,10,00-0035276,LB,Blake Cashman,Blake,Cashman,,,,Knee,,Full Participation in Practice,2023-11-10 20:54:35,injury_reports_2023.csv,0.0,LB,HOU
2023,REG,HST,10,00-0036224,ED,Jonathan Greenard,Jonathan,Greenard,,,,Shoulder,,Full Participation in Practice,2023-11-10 20:54:46,injury_reports_2023.csv,0.0,DE,HOU
2023,REG,HST,10,00-0037823,LB,Christian Harris,Christian,Harris,,,,Hand,,Full Participation in Practice,2023-11-10 20:54:16,injury_reports_2023.csv,0.0,LB,HOU
2023,REG,HST,10,00-0032759,DI,Sheldon Rankins,Sheldon,Rankins,,,,Knee,,Full Participation in Practice,2023-11-10 20:54:16,injury_reports_2023.csv,0.0,DT,HOU
2023,REG,HST,10,00-0037751,LB,Myjai Sanders,Myjai,Sanders,,,,Knee,,Full Participation in Practice,2023-11-10 20:54:59,injury_reports_2023.csv,0.0,LB,HOU
2023,REG,HST,10,00-0037237,CB,Derek Stingley,Derek,Stingley,,,,Hamstring,,Full Participation in Practice,2023-11-10 20:54:16,injury_reports_2023.csv,0.0,CB,HOU
2023,REG,HST,10,00-0037457,LB,Jake Hansen,Jake,Hansen,Hamstring,Hand,Out,Hamstring,Hand,Did Not Participate In Practice,2023-11-10 20:58:48,injury_reports_2023.csv,3.0,LB,HOU
2023,REG,HST,10,00-0038599,LB,Henry To'oTo'o,Henry,To'oTo'o,Concussion,,Out,Concussion,,Did Not Participate In Practice,2023-11-10 20:59:41,injury_reports_2023.csv,3.0,LB,HOU
2023,REG,HST,10,00-0031298,S,Jimmie Ward,Jimmie,Ward,Hamstring,,Out,Hamstring,,Did Not Participate In Practice,2023-11-10 20:59:50,injury_reports_2023.csv,3.0,S,HOU
2023,REG,HST,10,00-0032150,CB,Steven Nelson,Steven,Nelson,Back,Neck,Questionable,Back,Neck,Did Not Participate In Practice,2023-11-10 20:57:10,injury_reports_2023.csv,1.0,CB,HOU
2023,REG,HST,10,00-0027881,ED,Jerry Hughes,Jerry,Hughes,Back,,Questionable,Back,,Full Participation in Practice,2023-11-10 20:57:10,injury_reports_2023.csv,1.0,DE,HOU
2023,REG,IND,10,00-0034540,CB,Tony Brown,Tony,Brown,,,,Concussion,,Full Participation in Practice,2023-11-10 19:19:06,injury_reports_2023.csv,0.0,CB,IND
2023,REG,IND,10,00-0039156,CB,Julius Brents,Julius,Brents,Quadricep,,Out,Quadricep,,Did Not Participate In Practice,2023-11-10 19:20:05,injury_reports_2023.csv,3.0,CB,IND
2023,REG,IND,10,00-0034431,LB,Zaire Franklin,Zaire,Franklin,Knee,,Questionable,Knee,,Full Participation in Practice,2023-11-10 19:19:44,injury_reports_2023.csv,1.0,LB,IND
2023,REG,JAX,10,00-0038580,LB,Yasir Abdullah,Yasir,Abdullah,,,,Illness,,Full Participation in Practice,2023-11-10 20:15:47,injury_reports_2023.csv,0.0,LB,JAX
2023,REG,JAX,10,00-0037296,CB,Gregory Junior,Gregory,Junior,,,,Hamstring,,Full Participation in Practice,2023-11-10 20:15:47,injury_reports_2023.csv,0.0,CB,JAX
2023,REG,JAX,10,00-0036974,CB,Tyson Campbell,Tyson,Campbell,Hamstring,,Questionable,Hamstring,,Limited Participation in Practice,2023-11-10 20:15:51,injury_reports_2023.csv,1.0,CB,JAX
2023,REG,JAX,10,00-0036941,S,Andre Cisco,Andre,Cisco,Hamstring,,Questionable,Hamstring,,Limited Participation in Practice,2023-11-10 20:15:51,injury_reports_2023.csv,1.0,S,JAX
2023,REG,JAX,10,00-0036306,S,Daniel Thomas,Daniel,Thomas,Hamstring,,Questionable,Hamstring,,Limited Participation in Practice,2023-11-10 20:15:51,injury_reports_2023.csv,1.0,S,JAX
2023,REG,LAC,10,00-0033697,CB,Michael Davis,Michael,Davis,,,,Illness,,Did Not Participate In Practice,2023-11-10 21:33:29,injury_reports_2023.csv,0.0,CB,LAC
2023,REG,LAC,10,00-0033156,ED,Joey Bosa,Joey,Bosa,,,,Illness,,Full Participation in Practice,2023-11-10 21:33:17,injury_reports_2023.csv,0.0,DE,LAC
2023,REG,LV,10,00-0037517,LB,Luke Masterson,Luke,Masterson,,,,Concussion,,Full Participation in Practice,2023-11-10 21:39:51,injury_reports_2023.csv,0.0,LB,LV
2023,REG,LV,10,00-0034720,LB,Robert Spillane,Robert,Spillane,,,,Hand,,Full Participation in Practice,2023-11-10 21:39:51,injury_reports_2023.csv,0.0,LB,LV
2023,REG,LV,10,00-0034973,ED,Maxx Crosby,Maxx,Crosby,,,,Knee,,Limited Participation in Practice,2023-11-10 21:39:51,injury_reports_2023.csv,0.0,DE,LV
2023,REG,LV,10,00-0036990,LB,Divine Deablo,Divine,Deablo,,,,Ankle,,Limited Participation in Practice,2023-11-10 21:39:51,injury_reports_2023.csv,0.0,LB,LV
2023,REG,LV,10,00-0036871,CB,Nate Hobbs,Nate,Hobbs,,,,Ankle,,Limited Participation in Practice,2023-11-10 21:39:51,injury_reports_2023.csv,0.0,CB,LV
2023,REG,LV,10,00-0032165,CB,Marcus Peters,Marcus,Peters,Knee,,Questionable,Knee,,Limited Participation in Practice,2023-11-10 21:44:55,injury_reports_2023.csv,1.0,CB,LV
2023,REG,MIN,10,00-0029606,S,Harrison Smith,Harrison,Smith,,,,Not injury related - resting player,,Did Not Participate In Practice,2023-11-09 21:21:58,injury_reports_2023.csv,0.0,S,MIN
2023,REG,MIN,10,00-0032412,ED,Dean Lowry,Dean,Lowry,Groin,,Doubtful,Groin,,Limited Participation in Practice,2023-11-10 19:54:41,injury_reports_2023.csv,2.0,DE,MIN
2023,REG,MIN,10,00-0037822,LB,Brian Asamoah,Brian,Asamoah,Ankle,,Questionable,Ankle,,Limited Participation in Practice,2023-11-10 19:54:13,injury_reports_2023.csv,1.0,LB,MIN
2023,REG,NE,10,00-0034591,CB,J.C. Jackson,J.C.,Jackson,Not injury related - personal matter,,Out,Not injury related - personal matter,,Did Not Participate In Practice,2023-11-10 16:56:20,injury_reports_2023.csv,3.0,CB,NE
2023,REG,NE,10,00-0036981,DI,Christian Barmore,Christian,Barmore,Knee,,Questionable,Knee,,Limited Participation in Practice,2023-11-10 16:55:41,injury_reports_2023.csv,1.0,DT,NE
2023,REG,NE,10,00-0034385,LB,Ja'Whaun Bentley,Ja'Whaun,Bentley,Hamstring,,Questionable,Hamstring,,Limited Participation in Practice,2023-11-10 16:55:41,injury_reports_2023.csv,1.0,LB,NE
2023,REG,NE,10,00-0036087,CB,Myles Bryant,Myles,Bryant,Chest,,Questionable,Chest,,Limited Participation in Practice,2023-11-10 16:55:41,injury_reports_2023.csv,1.0,CB,NE
2023,REG,NE,10,00-0038039,CB,Jack Jones,Jack,Jones,Knee,,Questionable,Knee,,Limited Participation in Practice,2023-11-10 16:55:41,injury_reports_2023.csv,1.0,CB,NE
2023,REG,NE,10,00-0032580,CB,Jonathan Jones,Jonathan,Jones,Knee,,Questionable,Knee,,Limited Participation in Practice,2023-11-10 16:55:41,injury_reports_2023.csv,1.0,CB,NE
2023,REG,NE,10,00-0033947,ED,Deatrich Wise,Deatrich,Wise,Shoulder,,Questionable,Shoulder,,Limited Participation in Practice,2023-11-10 16:55:41,injury_reports_2023.csv,1.0,DE,NE
2023,REG,NO,10,00-0029607,LB,Demario Davis,Demario,Davis,,,,Knee,,Full Participation in Practice,2023-11-10 20:06:53,injury_reports_2023.csv,0.0,LB,NO
2023,REG,NO,10,00-0034999,LB,Ty Summers,Ty,Summers,,,,Hamstring,,Full Participation in Practice,2023-11-10 20:22:37,injury_reports_2023.csv,0.0,LB,NO
2023,REG,NO,10,00-0039143,ED,Isaiah Foskey,Isaiah,Foskey,Quadricep,,Out,Quadricep,,Did Not Participate In Practice,2023-11-10 20:08:26,injury_reports_2023.csv,3.0,DE,NO
2023,REG,NYG,10,00-0038123,S,Dane Belton,Dane,Belton,,,,Back,,Full Participation in Practice,2023-11-10 19:06:10,injury_reports_2023.csv,0.0,S,NYG
2023,REG,NYG,10,00-0035683,DI,Dexter Lawrence,Dexter,Lawrence,,,,Not injury related - resting player,,Full Participation in Practice,2023-11-10 19:06:10,injury_reports_2023.csv,0.0,DT,NYG
2023,REG,NYG,10,00-0033878,CB,Adoree' Jackson,Adoree',Jackson,Concussion,Neck,Out,Concussion,Neck,Did Not Participate In Practice,2023-11-10 19:08:30,injury_reports_2023.csv,3.0,CB,NYG
2023,REG,NYG,10,00-0036552,ED,Azeez Ojulari,Azeez,Ojulari,Ankle,,Questionable,Ankle,,Limited Participation in Practice,2023-11-10 19:08:04,injury_reports_2023.csv,1.0,DE,NYG
2023,REG,NYJ,10,00-0035680,LB,Quincy Williams,Quincy,Williams,,,,Knee,,Full Participation in Practice,2023-11-10 20:51:11,injury_reports_2023.csv,0.0,LB,NYJ
2023,REG,NYJ,10,00-0037003,LB,Chazz Surratt,Chazz,Surratt,Ankle,,Out,Ankle,,Did Not Participate In Practice,2023-11-10 20:52:21,injury_reports_2023.csv,3.0,LB,NYJ
2023,REG,NYJ,10,00-0039142,ED,Will McDonald,Will,McDonald,Ankle,,Questionable,Ankle,,Did Not Participate In Practice,2023-11-10 20:52:04,injury_reports_2023.csv,1.0,DE,NYJ
2023,REG,PIT,10,00-0032442,LB,Elandon Roberts,Elandon,Roberts,,,,Knee,,Full Participation in Practice,2023-11-10 20:32:48,injury_reports_2023.csv,0.0,LB,PIT
2023,REG,PIT,10,00-0038577,LB,Nick Herbig,Nick,Herbig,,,,Calf,,Limited Participation in Practice,2023-11-10 20:33:07,injury_reports_2023.csv,0.0,LB,PIT
2023,REG,PIT,10,00-0027969,DI,Cameron Heyward,Cameron,Heyward,,,,Groin,,Limited Participation in Practice,2023-11-10 20:32:43,injury_reports_2023.csv,0.0,DT,PIT
2023,REG,PIT,10,00-0033929,DI,Montravius Adams,Montravius,Adams,Ankle,,Out,Ankle,,Did Not Participate In Practice,2023-11-10 20:34:12,injury_reports_2023.csv,3.0,DT,PIT
2023,REG,PIT,10,00-0034789,S,Minkah Fitzpatrick,Minkah,Fitzpatrick,Hamstring,,Out,Hamstring,,Did Not Participate In Practice,2023-11-10 20:33:49,injury_reports_2023.csv,3.0,S,PIT
2023,REG,SEA,10,00-0032265,ED,Mario Edwards,Mario,Edwards,,,,Not injury related - resting player,,Did Not Participate In Practice,2023-11-09 23:56:33,injury_reports_2023.csv,0.0,DE,SEA
2023,REG,SEA,10,00-0036885,CB,Tre Brown,Tre,Brown,,,,Toe,,Full Participation in Practice,2023-11-10 22:14:48,injury_reports_2023.csv,0.0,CB,SEA
2023,REG,SEA,10,00-0039047,LB,Derick Hall,Derick,Hall,,,,Shoulder,,Full Participation in Practice,2023-11-10 22:14:48,injury_reports_2023.csv,0.0,LB,SEA
2023,REG,SEA,10,00-0032387,DI,Jarran Reed,Jarran,Reed,,,,Tooth,,Full Participation in Practice,2023-11-10 22:14:48,injury_reports_2023.csv,0.0,DT,SEA
2023,REG,SEA,10,00-0036409,LB,Jordyn Brooks,Jordyn,Brooks,Hamstring,,Questionable,Hamstring,,Full Participation in Practice,2023-11-10 20:50:13,injury_reports_2023.csv,1.0,LB,SEA
2023,REG,SF,10,00-0034982,LB,Dre Greenlaw,Dre,Greenlaw,,,,Shoulder,,Full Participation in Practice,2023-11-10 20:56:43,injury_reports_2023.csv,0.0,LB,SF
2023,REG,SF,10,00-0037826,ED,Drake Jackson,Drake,Jackson,Knee,,Out,Knee,,Did Not Participate In Practice,2023-11-10 20:58:32,injury_reports_2023.csv,3.0,DE,SF
2023,REG,SF,10,00-0035020,LB,Demetrius Flannigan-Fowles,Demetrius,Flannigan-Fowles,Ankle,,Questionable,Ankle,,Did Not Participate In Practice,2023-11-10 20:57:06,injury_reports_2023.csv,1.0,LB,SF
2023,REG,SF,10,00-0038603,ED,Robert Beal,Robert,Beal,Hamstring,,Questionable,Hamstring,,Full Participation in Practice,2023-11-10 20:57:06,injury_reports_2023.csv,1.0,DE,SF
2023,REG,SF,10,00-0038594,CB,Darrell Luter,Darrell,Luter,Knee,,Questionable,Knee,,Full Participation in Practice,2023-11-10 20:57:06,injury_reports_2023.csv,1.0,CB,SF
2023,REG,SF,10,00-0037830,CB,Samuel Womack,Samuel,Womack,Knee,,Questionable,Knee,,Full Participation in Practice,2023-11-10 20:57:06,injury_reports_2023.csv,1.0,CB,SF
2023,REG,SF,10,00-0033109,DI,Javon Hargrave,Javon,Hargrave,Knee,,Questionable,Knee,,Limited Participation in Practice,2023-11-10 20:57:06,injury_reports_2023.csv,1.0,DT,SF
2023,REG,TB,10,00-0029562,LB,Lavonte David,Lavonte,David,,,,Not injury related - resting player,,Did Not Participate In Practice,2023-11-10 20:20:48,injury_reports_2023.csv,0.0,LB,TB
2023,REG,TB,10,00-0034773,DI,Vita Vea,Vita,Vea,,,,Groin,,Full Participation in Practice,2023-11-10 20:19:29,injury_reports_2023.csv,0.0,DT,TB
2023,REG,TB,10,00-0039051,CB,Josh Hayes,Josh,Hayes,Concussion,,Out,Concussion,,Did Not Participate In Practice,2023-11-10 20:21:32,injury_reports_2023.csv,3.0,CB,TB
2023,REG,TB,10,00-0035699,CB,Jamel Dean,Jamel,Dean,Concussion,,Questionable,Concussion,,Full Participation in Practice,2023-11-10 20:21:05,injury_reports_2023.csv,1.0,CB,TB
2023,REG,TB,10,00-0038127,ED,Logan Hall,Logan,Hall,Groin,,Questionable,Groin,,Full Participation in Practice,2023-11-10 20:21:05,injury_reports_2023.csv,1.0,DE,TB
2023,REG,TB,10,00-0034778,CB,Carlton Davis,Carlton,Davis,Toe,,Questionable,Toe,,Limited Participation in Practice,2023-11-10 20:21:05,injury_reports_2023.csv,1.0,CB,TB
2023,REG,TB,10,00-0039063,ED,Calijah Kancey,Calijah,Kancey,Quadricep,,Questionable,Quadricep,,Limited Participation in Practice,2023-11-10 20:21:05,injury_reports_2023.csv,1.0,DE,TB
2023,REG,TEN,10,00-0035166,LB,Azeez Al-Shaair,Azeez,Al-Shaair,,,,Ankle,,Full Participation in Practice,2023-11-10 19:57:18,injury_reports_2023.csv,0.0,LB,TEN
2023,REG,TEN,10,00-0031254,ED,Denico Autry,Denico,Autry,,,,Not injury related - resting player,,Full Participation in Practice,2023-11-10 19:57:26,injury_reports_2023.csv,0.0,DE,TEN
2023,REG,TEN,10,00-0037596,LB,Jack Gibbens,Jack,Gibbens,,,,Shoulder,,Full Participation in Practice,2023-11-10 19:57:12,injury_reports_2023.csv,0.0,LB,TEN
2023,REG,TEN,10,00-0035413,LB,Luke Gifford,Luke,Gifford,,,,Shoulder,,Full Participation in Practice,2023-11-10 19:57:41,injury_reports_2023.csv,0.0,LB,TEN
2023,REG,TEN,10,00-0038125,CB,Roger McCreary,Roger,McCreary,,,,Hamstring,,Full Participation in Practice,2023-11-10 19:57:12,injury_reports_2023.csv,0.0,CB,TEN
2023,REG,TEN,10,00-0035239,CB,Sean Murphy-Bunting,Sean,Murphy-Bunting,Thumb,,Out,Thumb,,Did Not Participate In Practice,2023-11-10 19:59:55,injury_reports_2023.csv,3.0,CB,TEN
2023,REG,TEN,10,00-0037493,S,Mike Brown,Mike,Brown,Ankle,,Out,Ankle,,Full Participation in Practice,2023-11-10 19:58:49,injury_reports_2023.csv,3.0,S,TEN
2023,REG,TEN,10,00-0038848,CB,Anthony Kendall,Anthony,Kendall,Hamstring,,Questionable,Hamstring,,Limited Participation in Practice,2023-11-10 19:58:39,injury_reports_2023.csv,1.0,CB,TEN
2023,REG,WAS,10,00-0033523,DI,Jonathan Allen,Jonathan,Allen,,,,Not injury related - resting player,,Did Not Participate In Practice,2023-11-08 20:06:45,injury_reports_2023.csv,0.0,DT,WAS
2023,REG,WAS,10,00-0033084,CB,Kendall Fuller,Kendall,Fuller,,,,Not injury related - resting player,,Did Not Participate In Practice,2023-11-08 20:07:12,injury_reports_2023.csv,0.0,CB,WAS
2023,REG,WAS,10,00-0039151,CB,Emmanuel Forbes,Emmanuel,Forbes,,,,Achilles,,Full Participation in Practice,2023-11-10 18:13:49,injury_reports_2023.csv,0.0,CB,WAS
2023,REG,ARZ,11,00-0037330,LB,Jesse Luketa,Jesse,Luketa,,,,Ankle,,Full Participation in Practice,2023-11-17 20:44:29,injury_reports_2023.csv,0.0,LB,ARI
2023,REG,ARZ,11,00-0037141,S,Joey Blount,Joey,Blount,Knee,,Out,Knee,,Did Not Participate In Practice,2023-11-17 20:45:40,injury_reports_2023.csv,3.0,S,ARI
2023,REG,ARZ,11,00-0035343,ED,Jonathan Ledbetter,Jonathan,Ledbetter,Shoulder,,Out,Shoulder,,Did Not Participate In Practice,2023-11-17 20:45:52,injury_reports_2023.csv,3.0,DE,ARI
2023,REG,ARZ,11,00-0035334,DI,Kevin Strong,Kevin,Strong,Knee,,Questionable,Knee,,Limited Participation in Practice,2023-11-17 20:45:31,injury_reports_2023.csv,1.0,DT,ARI
2023,REG,ARZ,11,00-0034490,LB,Ezekiel Turner,Ezekiel,Turner,Hamstring,,Questionable,Hamstring,,Limited Participation in Practice,2023-11-17 20:45:31,injury_reports_2023.csv,1.0,LB,ARI
2023,REG,BLT,11,00-0031364,LB,Jadeveon Clowney,Jadeveon,Clowney,,,,Not injury related - resting player,,Did Not Participate In Practice,2023-11-15 00:54:47,injury_reports_2023.csv,0.0,LB,BAL
2023,REG,BLT,11,00-0038504,LB,Trenton Simpson,Trenton,Simpson,Concussion,,Out,Concussion,,Did Not Participate In Practice,2023-11-15 19:33:57,injury_reports_2023.csv,3.0,LB,BAL
2023,REG,BLT,11,00-0033281,CB,Marlon Humphrey,Marlon,Humphrey,Calf,,Doubtful,Calf,,Did Not Participate In Practice,2023-11-15 19:33:16,injury_reports_2023.csv,2.0,CB,BAL
2023,REG,BLT,11,00-0031360,LB,Kyle Van Noy,Kyle,Van Noy,Groin,,Questionable,Groin,,Full Participation in Practice,2023-11-15 19:32:55,injury_reports_2023.csv,1.0,LB,BAL
2023,REG,BLT,11,00-0032891,S,Daryl Worley,Daryl,Worley,Hamstring,,Questionable,Hamstring,,Full Participation in Practice,2023-11-15 19:32:55,injury_reports_2023.csv,1.0,S,BAL
2023,REG,BUF,11,00-0037288,CB,Christian Benford,Christian,Benford,,,,Hamstring,,Full Participation in Practice,2023-11-17 20:16:14,injury_reports_2023.csv,0.0,CB,BUF
2023,REG,BUF,11,00-0030090,S,Micah Hyde,Micah,Hyde,,,,Neck,,Full Participation in Practice,2023-11-17 20:16:19,injury_reports_2023.csv,0.0,S,BUF
2023,REG,BUF,11,00-0035357,CB,Cameron Lewis,Cameron,Lewis,,,,Shoulder,,Full Participation in Practice,2023-11-17 20:16:25,injury_reports_2023.csv,0.0,CB,BUF
2023,REG,BUF,11,00-0038557,LB,Dorian Williams,Dorian,Williams,,,,Knee,,Full Participation in Practice,2023-11-17 20:16:40,injury_reports_2023.csv,0.0,LB,BUF
2023,REG,BUF,11,00-0031557,DI,Jordan Phillips,Jordan,Phillips,Knee,,Questionable,Knee,,Full Participation in Practice,2023-11-17 20:16:54,injury_reports_2023.csv,1.0,DT,BUF
2023,REG,CAR,11,00-0031795,ED,DeShawn Williams,DeShawn,Williams,,,,Not injury related - personal matter,,Did Not Participate In Practice,2023-11-15 20:00:17,injury_reports_2023.csv,0.0,DE,CAR
2023,REG,CAR,11,00-0035713,LB,Brian Burns,Brian,Burns,,,,Concussion,,Full Participation in Practice,2023-11-17 18:31:35,injury_reports_2023.csv,0.0,LB,CAR
2023,REG,CAR,11,00-0036281,CB,C.J. Henderson,C.J.,Henderson,Concussion,,Out,Concussion,,Did Not Participate In Practice,2023-11-17 18:34:13,injury_reports_2023.csv,3.0,CB,CAR
2023,REG,CAR,11,00-0034382,LB,Marquis Haynes,Marquis,Haynes,Back,,Out,Back,,Limited Participation in Practice,2023-11-17 18:34:25,injury_reports_2023.csv,3.0,LB,CAR
2023,REG,CAR,11,00-0036944,CB,Jaycee Horn,Jaycee,Horn,Hamstring,,Out,Hamstring,,Limited Participation in Practice,2023-11-17 18:34:36,injury_reports_2023.csv,3.0,CB,CAR
2023,REG,CAR,11,00-0033579,S,Xavier Woods,Xavier,Woods,Thigh,,Questionable,Thigh,,Full Participation in Practice,2023-11-17 18:35:47,injury_reports_2023.csv,1.0,S,CAR
2023,REG,CHI,11,00-0038395,CB,Terell Smith,Terell,Smith,,,,Illness,,Full Participation in Practice,2023-11-17 19:40:20,injury_reports_2023.csv,0.0,CB,CHI
2023,REG,CHI,11,00-0038390,LB,Noah Sewell,Noah,Sewell,Knee,,Out,Knee,,Did Not Participate In Practice,2023-11-17 19:41:11,injury_reports_2023.csv,3.0,LB,CHI
2023,REG,CHI,11,00-0037109,LB,Jack Sanborn,Jack,Sanborn,Ankle,Illness,Questionable,Ankle,Illness,Did Not Participate In Practice,2023-11-17 19:40:50,injury_reports_2023.csv,1.0,LB,CHI
2023,REG,CHI,11,00-0034673,LB,Tremaine Edmunds,Tremaine,Edmunds,Knee,,Questionable,Knee,,Limited Participation in Practice,2023-11-17 19:40:50,injury_reports_2023.csv,1.0,LB,CHI
2023,REG,CIN,11,00-0033548,CB,Chidobe Awuzie,Chidobe,Awuzie,,,,Knee,,Full Participation in Practice,2023-11-15 18:26:55,injury_reports_2023.csv,0.0,CB,CIN
2023,REG,CIN,11,00-0036298,LB,Akeem Davis-Gaither,Akeem,Davis-Gaither,,,,Knee,,Full Participation in Practice,2023-11-15 18:27:02,injury_reports_2023.csv,0.0,LB,CIN
2023,REG,CIN,11,00-0033935,ED,Trey Hendrickson,Trey,Hendrickson,,,,Knee,,Full Participation in Practice,2023-11-15 18:27:08,injury_reports_2023.csv,0.0,DE,CIN
2023,REG,CIN,11,00-0032424,DI,D.J. Reader,D.J.,Reader,,,,Knee,,Full Participation in Practice,2023-11-15 18:26:55,injury_reports_2023.csv,0.0,DT,CIN
2023,REG,CIN,11,00-0037753,CB,Cam Taylor-Britt,Cam,Taylor-Britt,,,,Finger,,Full Participation in Practice,2023-11-15 18:26:55,injury_reports_2023.csv,0.0,CB,CIN
2023,REG,CIN,11,00-0033347,DI,Josh Tupou,Josh,Tupou,,,,Shoulder,,Full Participation in Practice,2023-11-15 18:26:55,injury_reports_2023.csv,0.0,DT,CIN
2023,REG,CIN,11,00-0034834,ED,Sam Hubbard,Sam,Hubbard,Ankle,,Out,Ankle,,Did Not Participate In Practice,2023-11-15 18:27:34,injury_reports_2023.csv,3.0,DE,CIN
2023,REG,CLV,11,00-0034424,LB,Matthew Adams,Matthew,Adams,,,,Not injury related - personal matter,,Did Not Participate In Practice,2023-11-16 20:49:47,injury_reports_2023.csv,0.0,LB,CLE
2023,REG,CLV,11,00-0028899,S,Rodney McLeod,Rodney,McLeod,,,,Not injury related - resting player,,Did Not Participate In Practice,2023-11-15 20:48:26,injury_reports_2023.csv,0.0,S,CLE
2023,REG,CLV,11,00-0031576,ED,Za'Darius Smith,Za'Darius,Smith,,,,Not injury related - resting player,,Did Not Participate In Practice,2023-11-15 20:49:21,injury_reports_2023.csv,0.0,DE,CLE
2023,REG,CLV,11,00-0033570,LB,Anthony Walker,Anthony,Walker,,,,Not injury related - resting player,,Did Not Participate In Practice,2023-11-15 20:50:35,injury_reports_2023.csv,0.0,LB,CLE
2023,REG,CLV,11,00-0036282,S,Grant Delpit,Grant,Delpit,,,,Not injury related - resting player,Shoulder,Full Participation in Practice,2023-11-17 19:59:19,injury_reports_2023.csv,0.0,S,CLE
2023,REG,CLV,11,00-0036996,CB,Greg Newsome,Greg,Newsome,,,,Groin,,Full Participation in Practice,2023-11-17 19:58:55,injury_reports_2023.csv,0.0,CB,CLE
2023,REG,CLV,11,00-0034807,ED,Ogbonnia Okoronkwo,Ogbonnia,Okoronkwo,,,,Groin,,Full Participation in Practice,2023-11-17 19:59:43,injury_reports_2023.csv,0.0,DE,CLE
2023,REG,CLV,11,00-0034856,CB,Denzel Ward,Denzel,Ward,,,,Neck,,Full Participation in Practice,2023-11-17 19:58:55,injury_reports_2023.csv,0.0,CB,CLE
2023,REG,CLV,11,00-0037251,ED,Alex Wright,Alex,Wright,,,,Knee,,Full Participation in Practice,2023-11-17 19:58:55,injury_reports_2023.csv,0.0,DE,CLE
2023,REG,CLV,11,00-0035625,S,Juan Thornhill,Juan,Thornhill,Calf,,Out,Calf,,Did Not Participate In Practice,2023-11-17 20:00:08,injury_reports_2023.csv,3.0,S,CLE
2023,REG,DAL,11,00-0038575,ED,Viliami Fehoko,Viliami,Fehoko,,,,Knee,,Full Participation in Practice,2023-11-17 19:27:10,injury_reports_2023.csv,0.0,DE,DAL
2023,REG,DAL,11,00-0033928,CB,Jourdan Lewis,Jourdan,Lewis,,,,Neck,,Full Participation in Practice,2023-11-17 19:27:10,injury_reports_2023.csv,0.0,CB,DAL
2023,REG,DAL,11,00-0036942,DI,Osa Odighizuwa,Osa,Odighizuwa,,,,Hamstring,,Full Participation in Practice,2023-11-17 19:27:10,injury_reports_2023.csv,0.0,DT,DAL
2023,REG,DEN,11,00-0036995,LB,Baron Browning,Baron,Browning,,,,Wrist,Knee,Full Participation in Practice,2023-11-17 22:02:00,injury_reports_2023.csv,0.0,LB,DEN
2023,REG,DEN,11,00-0036978,ED,Ronnie Perkins,Ronnie,Perkins,,,,Quadricep,,Full Participation in Practice,2023-11-17 22:02:00,injury_reports_2023.csv,0.0,DE,DEN
2023,REG,DEN,11,00-0035227,S,P.J. Locke,P.J.,Locke,Ankle,,Out,Ankle,,Did Not Participate In Practice,2023-11-17 22:03:39,injury_reports_2023.csv,3.0,S,DEN
2023,REG,DET,11,00-0036954,ED,Levi Onwuzurike,Levi,Onwuzurike,,,,Hip,,Full Participation in Practice,2023-11-17 20:55:59,injury_reports_2023.csv,0.0,DE,DET
2023,REG,DET,11,00-0035219,DI,Isaiah Buggs,Isaiah,Buggs,Illness,,Out,Illness,,Did Not Participate In Practice,2023-11-17 20:56:22,injury_reports_2023.csv,3.0,DT,DET
2023,REG,DET,11,00-0036993,S,Ifeatu Melifonwu,Ifeatu,Melifonwu,Hand,,Questionable,Hand,,Full Participation in Practice,2023-11-17 20:56:17,injury_reports_2023.csv,1.0,S,DET
2023,REG,GB,11,00-0033120,ED,Kenny Clark,Kenny,Clark,,,,Shoulder,,Limited Participation in Practice,2023-11-17 20:50:15,injury_reports_2023.csv,0.0,DE,GB
2023,REG,GB,11,00-0033792,S,Rudy Ford,Rudy,Ford,Biceps,,Doubtful,Biceps,,Did Not Participate In Practice,2023-11-17 20:51:02,injury_reports_2023.csv,2.0,S,GB
2023,REG,GB,11,00-0034728,CB,Jaire Alexander,Jaire,Alexander,Shoulder,,Questionable,Shoulder,,Limited Participation in Practice,2023-11-17 20:50:50,injury_reports_2023.csv,1.0,CB,GB
2023,REG,GB,11,00-0034967,LB,Rashan Gary,Rashan,Gary,Shoulder,,Questionable,Shoulder,,Limited Participation in Practice,2023-11-17 20:50:50,injury_reports_2023.csv,1.0,LB,GB
2023,REG,GB,11,00-0037074,LB,Quay Walker,Quay,Walker,Groin,,Questionable,Groin,,Limited Participation in Practice,2023-11-17 20:50:50,injury_reports_2023.csv,1.0,LB,GB
2023,REG,HST,11,00-0036224,ED,Jonathan Greenard,Jonathan,Greenard,,,,Shoulder,,Full Participation in Practice,2023-11-17 21:03:56,injury_reports_2023.csv,0.0,DE,HOU
2023,REG,HST,11,00-0037459,DI,Kurt Hinish,Kurt,Hinish,,,,Knee,,Full Participation in Practice,2023-11-17 21:03:56,injury_reports_2023.csv,0.0,DT,HOU
2023,REG,HST,11,00-0027881,ED,Jerry Hughes,Jerry,Hughes,,,,Back,,Full Participation in Practice,2023-11-17 21:03:56,injury_reports_2023.csv,0.0,DE,HOU
2023,REG,HST,11,00-0032150,CB,Steven Nelson,Steven,Nelson,,,,Back,Neck,Full Participation in Practice,2023-11-17 21:03:56,injury_reports_2023.csv,0.0,CB,HOU
2023,REG,HST,11,00-0035995,S,Grayland Arnold,Grayland,Arnold,Calf,,Out,Calf,,Did Not Participate In Practice,2023-11-17 21:09:26,injury_reports_2023.csv,3.0,S,HOU
2023,REG,HST,11,00-0037457,LB,Jake Hansen,Jake,Hansen,Hamstring,Hand,Out,Hamstring,Hand,Did Not Participate In Practice,2023-11-17 21:09:32,injury_reports_2023.csv,3.0,LB,HOU
2023,REG,HST,11,00-0038599,LB,Henry To'oTo'o,Henry,To'oTo'o,Concussion,,Out,Concussion,,Did Not Participate In Practice,2023-11-17 21:09:46,injury_reports_2023.csv,3.0,LB,HOU
2023,REG,HST,11,00-0031298,S,Jimmie Ward,Jimmie,Ward,Hamstring,,Out,Hamstring,,Did Not Participate In Practice,2023-11-17 21:09:59,injury_reports_2023.csv,3.0,S,HOU
2023,REG,HST,11,00-0039108,ED,Will Anderson,Will,Anderson,Knee,,Questionable,Knee,,Did Not Participate In Practice,2023-11-17 21:08:34,injury_reports_2023.csv,1.0,DE,HOU
2023,REG,HST,11,00-0039009,ED,Dylan Horton,Dylan,Horton,Knee,,Questionable,Knee,,Full Participation in Practice,2023-11-17 21:08:34,injury_reports_2023.csv,1.0,DE,HOU
2023,REG,JAX,11,00-0036974,CB,Tyson Campbell,Tyson,Campbell,Hamstring,,Out,Hamstring,,Did Not Participate In Practice,2023-11-17 18:30:17,injury_reports_2023.csv,3.0,CB,JAX
2023,REG,JAX,11,00-0032667,DI,Roy Robertson-Harris,Roy,Robertson-Harris,Ankle,,Questionable,Ankle,,Limited Participation in Practice,2023-11-17 18:30:00,injury_reports_2023.csv,1.0,DT,JAX
2023,REG,KC,11,00-0034361,S,Justin Reid,Justin,Reid,,,,Calf,,Full Participation in Practice,2023-11-18 19:23:44,injury_reports_2023.csv,0.0,S,KC
2023,REG,KC,11,00-0036374,CB,L'Jarius Sneed,L'Jarius,Sneed,,,,Knee,,Full Participation in Practice,2023-11-18 19:23:44,injury_reports_2023.csv,0.0,CB,KC
2023,REG,KC,11,00-0035262,LB,Drue Tranquill,Drue,Tranquill,,,,Shoulder,,Full Participation in Practice,2023-11-18 19:23:44,injury_reports_2023.csv,0.0,LB,KC
2023,REG,LA,11,00-0031388,DI,Aaron Donald,Aaron,Donald,,,,Not injury related - resting player,,Did Not Participate In Practice,2023-11-17 20:48:17,injury_reports_2023.csv,0.0,DT,LA
2023,REG,LA,11,00-0036903,DI,Bobby Brown,Bobby,Brown,,,,Knee,,Full Participation in Practice,2023-11-17 20:46:39,injury_reports_2023.csv,0.0,DT,LA
2023,REG,LA,11,00-0036994,LB,Ernest Jones,Ernest,Jones,,,,Knee,,Full Participation in Practice,2023-11-17 20:46:39,injury_reports_2023.csv,0.0,LB,LA
2023,REG,LA,11,00-0036237,DI,Larrell Murchison,Larrell,Murchison,,,,Knee,,Full Participation in Practice,2023-11-17 20:47:12,injury_reports_2023.csv,0.0,DT,LA
2023,REG,LA,11,00-0037839,CB,Cobie Durant,Cobie,Durant,Shoulder,,Questionable,Shoulder,,Limited Participation in Practice,2023-11-17 20:48:56,injury_reports_2023.csv,1.0,CB,LA
2023,REG,LAC,11,00-0031040,ED,Khalil Mack,Khalil,Mack,,,,Not injury related - resting player,,Did Not Participate In Practice,2023-11-15 21:35:27,injury_reports_2023.csv,0.0,DE,LAC
2023,REG,LAC,11,00-0033156,ED,Joey Bosa,Joey,Bosa,,,,Hand,,Full Participation in Practice,2023-11-17 21:12:08,injury_reports_2023.csv,0.0,DE,LAC
2023,REG,LAC,11,00-0036380,S,Alohi Gilman,Alohi,Gilman,,,,Elbow,,Full Participation in Practice,2023-11-17 21:12:08,injury_reports_2023.csv,0.0,S,LAC
2023,REG,LAC,11,00-0034810,DI,Sebastian Joseph,Sebastian,Joseph,,,,Knee,,Full Participation in Practice,2023-11-17 21:12:34,injury_reports_2023.csv,0.0,DT,LAC
2023,REG,LAC,11,00-0038091,S,J.T. Woods,J.T.,Woods,Illness,,Out,Illness,,Limited Participation in Practice,2023-11-17 21:18:49,injury_reports_2023.csv,3.0,S,LAC
2023,REG,LV,11,00-0035076,LB,Curtis Bolton,Curtis,Bolton,,,,Illness,,Full Participation in Practice,2023-11-17 20:31:17,injury_reports_2023.csv,0.0,LB,LV
2023,REG,LV,11,00-0033381,DI,Adam Butler,Adam,Butler,,,,Knee,,Full Participation in Practice,2023-11-17 20:31:17,injury_reports_2023.csv,0.0,DT,LV
2023,REG,LV,11,00-0036990,LB,Divine Deablo,Divine,Deablo,,,,Ankle,,Full Participation in Practice,2023-11-17 20:31:17,injury_reports_2023.csv,0.0,LB,LV
2023,REG,LV,11,00-0036871,CB,Nate Hobbs,Nate,Hobbs,,,,Ankle,,Full Participation in Practice,2023-11-17 20:31:17,injury_reports_2023.csv,0.0,CB,LV
2023,REG,LV,11,00-0036375,CB,Amik Robertson,Amik,Robertson,,,,Concussion,,Full Participation in Practice,2023-11-17 20:31:36,injury_reports_2023.csv,0.0,CB,LV
2023,REG,LV,11,00-0034973,ED,Maxx Crosby,Maxx,Crosby,,,,Knee,,Limited Participation in Practice,2023-11-17 20:31:17,injury_reports_2023.csv,0.0,DE,LV
2023,REG,LV,11,00-0032165,CB,Marcus Peters,Marcus,Peters,,,,Knee,,Limited Participation in Practice,2023-11-17 20:31:17,injury_reports_2023.csv,0.0,CB,LV
2023,REG,LV,11,00-0035437,S,Roderic Teamer,Roderic,Teamer,Hamstring,,Questionable,Hamstring,,Full Participation in Practice,2023-11-17 20:31:45,injury_reports_2023.csv,1.0,S,LV
2023,REG,MIA,11,00-0036998,S,Jevon Holland,Jevon,Holland,,,,Back,,Full Participation in Practice,2023-11-17 20:46:47,injury_reports_2023.csv,0.0,S,MIA
2023,REG,MIA,11,00-0036934,LB,Jaelan Phillips,Jaelan,Phillips,,,,Back,Toe,Full Participation in Practice,2023-11-17 20:46:47,injury_reports_2023.csv,0.0,LB,MIA
2023,REG,MIN,11,00-0032412,ED,Dean Lowry,Dean,Lowry,,,,Groin,,Full Participation in Practice,2023-11-17 20:05:10,injury_reports_2023.csv,0.0,DE,MIN
2023,REG,MIN,11,00-0038101,CB,Akayleb Evans,Akayleb,Evans,Calf,,Out,Calf,,Did Not Participate In Practice,2023-11-17 20:06:58,injury_reports_2023.csv,3.0,CB,MIN
2023,REG,MIN,11,00-0037822,LB,Brian Asamoah,Brian,Asamoah,Ankle,,Questionable,Ankle,,Full Participation in Practice,2023-11-17 20:06:50,injury_reports_2023.csv,1.0,LB,MIN
2023,REG,NYG,11,00-0039000,CB,Deonte Banks,Deonte,Banks,,,,Ankle,,Full Participation in Practice,2023-11-17 20:46:38,injury_reports_2023.csv,0.0,CB,NYG
2023,REG,NYG,11,00-0037758,CB,Cordale Flott,Cordale,Flott,,,,Shoulder,,Full Participation in Practice,2023-11-17 20:47:24,injury_reports_2023.csv,0.0,CB,NYG
2023,REG,NYG,11,00-0035683,DI,Dexter Lawrence,Dexter,Lawrence,,,,Not injury related - resting player,,Full Participation in Practice,2023-11-17 20:45:37,injury_reports_2023.csv,0.0,DT,NYG
2023,REG,NYG,11,00-0036388,S,Xavier McKinney,Xavier,McKinney,,,,Rib,,Full Participation in Practice,2023-11-17 20:45:37,injury_reports_2023.csv,0.0,S,NYG
2023,REG,NYG,11,00-0036502,S,Jason Pinnock,Jason,Pinnock,,,,Thumb,Ankle,Full Participation in Practice,2023-11-17 20:45:37,injury_reports_2023.csv,0.0,S,NYG
2023,REG,NYG,11,00-0037611,LB,Kayvon Thibodeaux,Kayvon,Thibodeaux,,,,Concussion,,Full Participation in Practice,2023-11-17 20:48:40,injury_reports_2023.csv,0.0,LB,NYG
2023,REG,NYG,11,00-0036552,ED,Azeez Ojulari,Azeez,Ojulari,,,,Ankle,,Limited Participation in Practice,2023-11-17 20:45:37,injury_reports_2023.csv,0.0,DE,NYG
2023,REG,NYG,11,00-0035687,LB,Bobby Okereke,Bobby,Okereke,,,,Hip,,Limited Participation in Practice,2023-11-17 20:45:37,injury_reports_2023.csv,0.0,LB,NYG
2023,REG,NYG,11,00-0033878,CB,Adoree' Jackson,Adoree',Jackson,Concussion,,Out,Concussion,,Did Not Participate In Practice,2023-11-17 20:49:19,injury_reports_2023.csv,3.0,CB,NYG
2023,REG,NYG,11,00-0031587,S,Bobby McCain,Bobby,McCain,Illness,,Questionable,,,"
    ",2023-11-18 21:45:35,injury_reports_2023.csv,1.0,S,NYG
2023,REG,NYJ,11,00-0034805,ED,John Franklin-Myers,John,Franklin-Myers,,,,Knee,,Full Participation in Practice,2023-11-17 19:50:57,injury_reports_2023.csv,0.0,DE,NYJ
2023,REG,NYJ,11,00-0035680,LB,Quincy Williams,Quincy,Williams,,,,Knee,,Full Participation in Practice,2023-11-17 19:50:57,injury_reports_2023.csv,0.0,LB,NYJ
2023,REG,NYJ,11,00-0034902,LB,Sam Eguavoen,Sam,Eguavoen,Hip,,Out,Hip,,Did Not Participate In Practice,2023-11-17 19:51:35,injury_reports_2023.csv,3.0,LB,NYJ
2023,REG,NYJ,11,00-0037003,LB,Chazz Surratt,Chazz,Surratt,Ankle,,Out,Ankle,,Did Not Participate In Practice,2023-11-17 19:51:44,injury_reports_2023.csv,3.0,LB,NYJ
2023,REG,NYJ,11,00-0039142,ED,Will McDonald,Will,McDonald,Ankle,,Questionable,Ankle,,Limited Participation in Practice,2023-11-17 19:51:22,injury_reports_2023.csv,1.0,DE,NYJ
2023,REG,PHI,11,00-0031372,CB,Bradley Roby,Bradley,Roby,,,,Shoulder,,Full Participation in Practice,2023-11-18 20:42:36,injury_reports_2023.csv,0.0,CB,PHI
2023,REG,PHI,11,00-0033898,S,Justin Evans,Justin,Evans,Knee,,Out,Knee,,Limited Participation in Practice,2023-11-18 20:42:59,injury_reports_2023.csv,3.0,S,PHI
2023,REG,PIT,11,00-0027943,CB,Patrick Peterson,Patrick,Peterson,,,,Not injury related - resting player,,Did Not Participate In Practice,2023-11-15 20:59:03,injury_reports_2023.csv,0.0,CB,PIT
2023,REG,PIT,11,00-0027969,DI,Cameron Heyward,Cameron,Heyward,,,,Groin,,Limited Participation in Practice,2023-11-17 20:00:44,injury_reports_2023.csv,0.0,DT,PIT
2023,REG,PIT,11,00-0033929,DI,Montravius Adams,Montravius,Adams,Ankle,,Out,Ankle,,Did Not Participate In Practice,2023-11-17 20:01:24,injury_reports_2023.csv,3.0,DT,PIT
2023,REG,PIT,11,00-0034789,S,Minkah Fitzpatrick,Minkah,Fitzpatrick,Hamstring,,Out,Hamstring,,Did Not Participate In Practice,2023-11-17 20:01:12,injury_reports_2023.csv,3.0,S,PIT
2023,REG,PIT,11,00-0032382,S,Keanu Neal,Keanu,Neal,Rib,,Out,Rib,,Did Not Participate In Practice,2023-11-17 20:01:47,injury_reports_2023.csv,3.0,S,PIT
2023,REG,SEA,11,00-0031933,DI,Leonard Williams,Leonard,Williams,,,,Not injury related - resting player,,Did Not Participate In Practice,2023-11-15 23:49:04,injury_reports_2023.csv,0.0,DT,SEA
2023,REG,SEA,11,00-0036409,LB,Jordyn Brooks,Jordyn,Brooks,,,,Knee,Not injury related - resting p,Full Participation in Practice,2023-11-17 22:24:28,injury_reports_2023.csv,0.0,LB,SEA
2023,REG,SEA,11,00-0033872,S,Jamal Adams,Jamal,Adams,Knee,,Questionable,Knee,Not injury related - resting p,Did Not Participate In Practice,2023-11-17 21:00:44,injury_reports_2023.csv,1.0,S,SEA
2023,REG,SEA,11,00-0036885,CB,Tre Brown,Tre,Brown,Foot,,Questionable,Foot,,Did Not Participate In Practice,2023-11-17 21:01:21,injury_reports_2023.csv,1.0,CB,SEA
2023,REG,SF,11,00-0035020,LB,Demetrius Flannigan-Fowles,Demetrius,Flannigan-Fowles,,,,Ankle,,Full Participation in Practice,2023-11-17 22:02:04,injury_reports_2023.csv,0.0,LB,SF
2023,REG,SF,11,00-0038603,ED,Robert Beal,Robert,Beal,Hamstring,,Questionable,Hamstring,,Full Participation in Practice,2023-11-17 22:02:10,injury_reports_2023.csv,1.0,DE,SF
2023,REG,SF,11,00-0038594,CB,Darrell Luter,Darrell,Luter,Knee,,Questionable,Knee,,Full Participation in Practice,2023-11-17 22:02:10,injury_reports_2023.csv,1.0,CB,SF
2023,REG,SF,11,00-0037830,CB,Samuel Womack,Samuel,Womack,Knee,,Questionable,Knee,,Full Participation in Practice,2023-11-17 22:02:10,injury_reports_2023.csv,1.0,CB,SF
2023,REG,TB,11,00-0029562,LB,Lavonte David,Lavonte,David,,,,Not injury related - resting player,,Did Not Participate In Practice,2023-11-17 20:49:56,injury_reports_2023.csv,0.0,LB,TB
2023,REG,TB,11,00-0034527,S,Ryan Neal,Ryan,Neal,Thumb,,Out,Thumb,,Did Not Participate In Practice,2023-11-17 20:51:35,injury_reports_2023.csv,3.0,S,TB
2023,REG,TB,11,00-0034778,CB,Carlton Davis,Carlton,Davis,Toe,,Questionable,Toe,,Full Participation in Practice,2023-11-17 20:52:06,injury_reports_2023.csv,1.0,CB,TB
2023,REG,TB,11,00-0039051,CB,Josh Hayes,Josh,Hayes,Concussion,,Questionable,Concussion,,Full Participation in Practice,2023-11-17 20:52:40,injury_reports_2023.csv,1.0,CB,TB
2023,REG,TB,11,00-0035707,LB,Devin White,Devin,White,Foot,,Questionable,Foot,,Full Participation in Practice,2023-11-17 20:53:13,injury_reports_2023.csv,1.0,LB,TB
2023,REG,TEN,11,00-0037312,LB,Chance Campbell,Chance,Campbell,,,,Knee,,Did Not Participate In Practice,2023-11-15 21:36:06,injury_reports_2023.csv,0.0,LB,TEN
2023,REG,TEN,11,00-0031254,ED,Denico Autry,Denico,Autry,,,,Not injury related - resting player,,Full Participation in Practice,2023-11-17 20:16:22,injury_reports_2023.csv,0.0,DE,TEN
2023,REG,TEN,11,00-0037493,S,Mike Brown,Mike,Brown,,,,Ankle,,Full Participation in Practice,2023-11-17 20:16:16,injury_reports_2023.csv,0.0,S,TEN
2023,REG,TEN,11,00-0038961,CB,Eric Garror,Eric,Garror,,,,Neck,,Full Participation in Practice,2023-11-17 20:16:16,injury_reports_2023.csv,0.0,CB,TEN
2023,REG,TEN,11,00-0037596,LB,Jack Gibbens,Jack,Gibbens,,,,Shoulder,,Full Participation in Practice,2023-11-17 20:16:16,injury_reports_2023.csv,0.0,LB,TEN
2023,REG,TEN,11,00-0038848,CB,Anthony Kendall,Anthony,Kendall,,,,Hamstring,,Limited Participation in Practice,2023-11-17 20:17:08,injury_reports_2023.csv,0.0,CB,TEN
2023,REG,TEN,11,00-0035239,CB,Sean Murphy-Bunting,Sean,Murphy-Bunting,Thumb,,Out,Thumb,,Limited Participation in Practice,2023-11-17 20:18:42,injury_reports_2023.csv,3.0,CB,TEN
2023,REG,TEN,11,00-0035413,LB,Luke Gifford,Luke,Gifford,Shin,,Questionable,Shin,,Did Not Participate In Practice,2023-11-17 20:17:38,injury_reports_2023.csv,1.0,LB,TEN
2023,REG,WAS,11,00-0033523,DI,Jonathan Allen,Jonathan,Allen,,,,Not injury related - resting player,,Did Not Participate In Practice,2023-11-15 20:10:03,injury_reports_2023.csv,0.0,DT,WAS
2023,REG,WAS,11,00-0033084,CB,Kendall Fuller,Kendall,Fuller,,,,Not injury related - resting player,,Did Not Participate In Practice,2023-11-15 20:10:29,injury_reports_2023.csv,0.0,CB,WAS
2023,REG,WAS,11,00-0036625,CB,Benjamin St-Juste,Benjamin,St-Juste,,,,Illness,,Full Participation in Practice,2023-11-17 18:29:20,injury_reports_2023.csv,0.0,CB,WAS
2023,REG,WAS,11,00-0036351,ED,James Smith-Williams,James,Smith-Williams,Hamstring,,Out,Hamstring,,Did Not Participate In Practice,2023-11-17 18:30:10,injury_reports_2023.csv,3.0,DE,WAS
2023,REG,ARZ,12,00-0032933,CB,Antonio Hamilton,Antonio,Hamilton,Groin,,Out,Groin,,Did Not Participate In Practice,2023-11-24 20:56:03,injury_reports_2023.csv,3.0,CB,ARI
2023,REG,ARZ,12,00-0035334,DI,Kevin Strong,Kevin,Strong,Knee,,Out,Knee,,Did Not Participate In Practice,2023-11-24 20:56:10,injury_reports_2023.csv,3.0,DT,ARI
2023,REG,ARZ,12,00-0035705,S,Jalen Thompson,Jalen,Thompson,Back,,Questionable,,,"
    ",2023-11-25 21:37:13,injury_reports_2023.csv,1.0,S,ARI
2023,REG,ARZ,12,00-0037141,S,Joey Blount,Joey,Blount,Knee,,Questionable,Knee,,Limited Participation in Practice,2023-11-24 20:55:44,injury_reports_2023.csv,1.0,S,ARI
2023,REG,ARZ,12,00-0035343,ED,Jonathan Ledbetter,Jonathan,Ledbetter,Shoulder,,Questionable,Shoulder,,Limited Participation in Practice,2023-11-24 20:55:44,injury_reports_2023.csv,1.0,DE,ARI
2023,REG,ARZ,12,00-0037330,LB,Jesse Luketa,Jesse,Luketa,Ankle,,Questionable,Ankle,,Limited Participation in Practice,2023-11-24 20:55:44,injury_reports_2023.csv,1.0,LB,ARI
2023,REG,ATL,12,00-0026190,ED,Calais Campbell,Calais,Campbell,,,,Not injury related - resting player,,Did Not Participate In Practice,2023-11-22 21:15:20,injury_reports_2023.csv,0.0,DE,ATL
2023,REG,ATL,12,00-0037034,CB,Dee Alford,Dee,Alford,,,,Ankle,,Full Participation in Practice,2023-11-24 18:24:01,injury_reports_2023.csv,0.0,CB,ATL
2023,REG,ATL,12,00-0033051,DI,David Onyemata,David,Onyemata,,,,Ankle,,Full Participation in Practice,2023-11-24 18:24:06,injury_reports_2023.csv,0.0,DT,ATL
2023,REG,BLT,12,00-0033503,CB,Arthur Maulet,Arthur,Maulet,,,,Illness,,Full Participation in Practice,2023-11-24 21:21:56,injury_reports_2023.csv,0.0,CB,BAL
2023,REG,BLT,12,00-0038504,LB,Trenton Simpson,Trenton,Simpson,Concussion,,Out,Concussion,,Did Not Participate In Practice,2023-11-24 21:25:43,injury_reports_2023.csv,3.0,LB,BAL
2023,REG,BLT,12,00-0036280,LB,Malik Harrison,Malik,Harrison,Groin,,Doubtful,Groin,,Did Not Participate In Practice,2023-11-24 21:25:53,injury_reports_2023.csv,2.0,LB,BAL
2023,REG,BLT,12,00-0037984,CB,Damarion Williams,Damarion,Williams,Ankle,,Questionable,Ankle,,Full Participation in Practice,2023-11-24 21:25:20,injury_reports_2023.csv,1.0,CB,BAL
2023,REG,BLT,12,00-0033281,CB,Marlon Humphrey,Marlon,Humphrey,Calf,,Questionable,Calf,,Limited Participation in Practice,2023-11-24 21:25:20,injury_reports_2023.csv,1.0,CB,BAL
2023,REG,BUF,12,00-0030090,S,Micah Hyde,Micah,Hyde,,,,Neck,,Full Participation in Practice,2023-11-24 21:38:13,injury_reports_2023.csv,0.0,S,BUF
2023,REG,BUF,12,00-0034376,CB,Taron Johnson,Taron,Johnson,,,,Concussion,,Full Participation in Practice,2023-11-24 21:38:28,injury_reports_2023.csv,0.0,CB,BUF
2023,REG,BUF,12,00-0035357,CB,Cameron Lewis,Cameron,Lewis,,,,Shoulder,,Full Participation in Practice,2023-11-24 21:38:43,injury_reports_2023.csv,0.0,CB,BUF
2023,REG,BUF,12,00-0038557,LB,Dorian Williams,Dorian,Williams,,,,Knee,,Full Participation in Practice,2023-11-24 21:34:33,injury_reports_2023.csv,0.0,LB,BUF
2023,REG,BUF,12,00-0036166,CB,Dane Jackson,Dane,Jackson,Concussion,,Out,Concussion,,Did Not Participate In Practice,2023-11-24 21:41:52,injury_reports_2023.csv,3.0,CB,BUF
2023,REG,BUF,12,00-0035663,S,Taylor Rapp,Taylor,Rapp,Neck,,Out,Neck,,Did Not Participate In Practice,2023-11-24 21:42:08,injury_reports_2023.csv,3.0,S,BUF
2023,REG,CAR,12,00-0036293,S,Jeremy Chinn,Jeremy,Chinn,Quadricep,,Out,Quadricep,,Limited Participation in Practice,2023-11-24 17:55:20,injury_reports_2023.csv,3.0,S,CAR
2023,REG,CAR,12,00-0036288,LB,Yetur Gross-Matos,Yetur,Gross-Matos,Hamstring,,Out,Hamstring,,Limited Participation in Practice,2023-11-24 17:55:33,injury_reports_2023.csv,3.0,LB,CAR
2023,REG,CAR,12,00-0036281,CB,C.J. Henderson,C.J.,Henderson,Concussion,,Doubtful,Concussion,,Full Participation in Practice,2023-11-24 17:56:03,injury_reports_2023.csv,2.0,CB,CAR
2023,REG,CAR,12,00-0036944,CB,Jaycee Horn,Jaycee,Horn,Hamstring,,Doubtful,Hamstring,,Limited Participation in Practice,2023-11-24 17:55:51,injury_reports_2023.csv,2.0,CB,CAR
2023,REG,CAR,12,00-0036037,S,Sam Franklin,Sam,Franklin,Quadricep,,Questionable,Quadricep,,Limited Participation in Practice,2023-11-24 17:56:16,injury_reports_2023.csv,1.0,S,CAR
2023,REG,CAR,12,00-0034382,LB,Marquis Haynes,Marquis,Haynes,Back,,Questionable,Back,,Limited Participation in Practice,2023-11-24 17:56:38,injury_reports_2023.csv,1.0,LB,CAR
2023,REG,CAR,12,00-0034302,LB,Frankie Luvu,Frankie,Luvu,Shoulder,,Questionable,Shoulder,,Limited Participation in Practice,2023-11-24 17:56:53,injury_reports_2023.csv,1.0,LB,CAR
2023,REG,CHI,12,00-0038390,LB,Noah Sewell,Noah,Sewell,Knee,,Out,Knee,,Did Not Participate In Practice,2023-11-25 19:50:11,injury_reports_2023.csv,3.0,LB,CHI
2023,REG,CHI,12,00-0039071,CB,Tyrique Stevenson,Tyrique,Stevenson,Ankle,,Questionable,Ankle,,Limited Participation in Practice,2023-11-25 19:49:52,injury_reports_2023.csv,1.0,CB,CHI
2023,REG,CIN,12,00-0034800,DI,B.J. Hill,B.J.,Hill,,,,Knee,,Full Participation in Practice,2023-11-24 19:13:07,injury_reports_2023.csv,0.0,DT,CIN
2023,REG,CIN,12,00-0034834,ED,Sam Hubbard,Sam,Hubbard,,,,Ankle,,Full Participation in Practice,2023-11-24 19:13:15,injury_reports_2023.csv,0.0,DE,CIN
2023,REG,CIN,12,00-0032424,DI,D.J. Reader,D.J.,Reader,,,,Illness,,Full Participation in Practice,2023-11-24 19:12:12,injury_reports_2023.csv,0.0,DT,CIN
2023,REG,CIN,12,00-0036850,ED,Cam Sample,Cam,Sample,,,,Knee,,Full Participation in Practice,2023-11-24 19:12:12,injury_reports_2023.csv,0.0,DE,CIN
2023,REG,CIN,12,00-0037753,CB,Cam Taylor-Britt,Cam,Taylor-Britt,Quadricep,,Out,Quadricep,,Did Not Participate In Practice,2023-11-24 19:13:47,injury_reports_2023.csv,3.0,CB,CIN
2023,REG,CIN,12,00-0035697,LB,Germaine Pratt,Germaine,Pratt,Illness,,Questionable,Illness,,Did Not Participate In Practice,2023-11-24 19:14:44,injury_reports_2023.csv,1.0,LB,CIN
2023,REG,CIN,12,00-0036298,LB,Akeem Davis-Gaither,Akeem,Davis-Gaither,Illness,,Questionable,Knee,,Full Participation in Practice,2023-11-25 18:31:41,injury_reports_2023.csv,1.0,LB,CIN
2023,REG,CLV,12,00-0033546,DI,Dalvin Tomlinson,Dalvin,Tomlinson,,,,Not injury related - resting player,,Did Not Participate In Practice,2023-11-22 22:32:13,injury_reports_2023.csv,0.0,DT,CLE
2023,REG,CLV,12,00-0034424,LB,Matthew Adams,Matthew,Adams,,,,Quadricep,,Full Participation in Practice,2023-11-24 20:13:14,injury_reports_2023.csv,0.0,LB,CLE
2023,REG,CLV,12,00-0036282,S,Grant Delpit,Grant,Delpit,,,,Thigh,,Full Participation in Practice,2023-11-24 20:13:33,injury_reports_2023.csv,0.0,S,CLE
2023,REG,CLV,12,00-0034639,CB,Mike Ford,Mike,Ford,,,,Thumb,Ribs,Full Participation in Practice,2023-11-24 20:13:14,injury_reports_2023.csv,0.0,CB,CLE
2023,REG,CLV,12,00-0033868,ED,Myles Garrett,Myles,Garrett,,,,Not injury related - resting player,Ankle,Full Participation in Practice,2023-11-24 20:13:46,injury_reports_2023.csv,0.0,DE,CLE
2023,REG,CLV,12,00-0036996,CB,Greg Newsome,Greg,Newsome,,,,Calf,,Full Participation in Practice,2023-11-24 20:13:59,injury_reports_2023.csv,0.0,CB,CLE
2023,REG,CLV,12,00-0034807,ED,Ogbonnia Okoronkwo,Ogbonnia,Okoronkwo,,,,Groin,,Full Participation in Practice,2023-11-24 20:14:20,injury_reports_2023.csv,0.0,DE,CLE
2023,REG,CLV,12,00-0031576,ED,Za'Darius Smith,Za'Darius,Smith,,,,Not injury related - resting player,Not injury related - personal ,Full Participation in Practice,2023-11-24 20:14:34,injury_reports_2023.csv,0.0,DE,CLE
2023,REG,CLV,12,00-0035646,LB,Sione Takitaki,Sione,Takitaki,,,,Knee,,Full Participation in Practice,2023-11-24 20:14:55,injury_reports_2023.csv,0.0,LB,CLE
2023,REG,CLV,12,00-0034856,CB,Denzel Ward,Denzel,Ward,Shoulder,,Out,Shoulder,,Did Not Participate In Practice,2023-11-24 20:15:31,injury_reports_2023.csv,3.0,CB,CLE
2023,REG,CLV,12,00-0035444,LB,Jordan Kunaszyk,Jordan,Kunaszyk,Knee,,Questionable,Knee,,Full Participation in Practice,2023-11-24 20:15:18,injury_reports_2023.csv,1.0,LB,CLE
2023,REG,CLV,12,00-0035625,S,Juan Thornhill,Juan,Thornhill,Calf,,Questionable,Calf,,Limited Participation in Practice,2023-11-24 20:15:18,injury_reports_2023.csv,1.0,S,CLE
2023,REG,CLV,12,00-0033570,LB,Anthony Walker,Anthony,Walker,Hamstring,,Questionable,Hamstring,,Limited Participation in Practice,2023-11-24 20:15:18,injury_reports_2023.csv,1.0,LB,CLE
2023,REG,DAL,12,00-0030063,DI,Johnathan Hankins,Johnathan,Hankins,,,,Not injury related - personal matter,,Did Not Participate In Practice,2023-11-22 17:19:24,injury_reports_2023.csv,0.0,DT,DAL
2023,REG,DAL,12,00-0036942,DI,Osa Odighizuwa,Osa,Odighizuwa,,,,Hamstring,,Full Participation in Practice,2023-11-22 17:18:33,injury_reports_2023.csv,0.0,DT,DAL
2023,REG,DAL,12,00-0032454,S,Jayron Kearse,Jayron,Kearse,Back,,Doubtful,Back,,Did Not Participate In Practice,2023-11-22 17:20:07,injury_reports_2023.csv,2.0,S,DAL
2023,REG,DEN,12,00-0037249,LB,Nik Bonitto,Nik,Bonitto,,,,Shoulder,,Full Participation in Practice,2023-11-24 21:52:29,injury_reports_2023.csv,0.0,LB,DEN
2023,REG,DEN,12,00-0036995,LB,Baron Browning,Baron,Browning,,,,Wrist,,Full Participation in Practice,2023-11-24 21:52:29,injury_reports_2023.csv,0.0,LB,DEN
2023,REG,DEN,12,00-0034368,LB,Josey Jewell,Josey,Jewell,,,,Back,,Full Participation in Practice,2023-11-24 21:52:29,injury_reports_2023.csv,0.0,LB,DEN
2023,REG,DEN,12,00-0033297,DI,D.J. Jones,D.J.,Jones,,,,Knee,,Full Participation in Practice,2023-11-24 21:52:43,injury_reports_2023.csv,0.0,DT,DEN
2023,REG,DEN,12,00-0029890,DI,Mike Purcell,Mike,Purcell,,,,Elbow,,Full Participation in Practice,2023-11-24 21:52:29,injury_reports_2023.csv,0.0,DT,DEN
2023,REG,DEN,12,00-0035227,S,P.J. Locke,P.J.,Locke,Ankle,,Questionable,Ankle,,Full Participation in Practice,2023-11-24 21:53:23,injury_reports_2023.csv,1.0,S,DEN
2023,REG,DET,12,00-0035219,DI,Isaiah Buggs,Isaiah,Buggs,,,,Illness,,Full Participation in Practice,2023-11-22 20:44:13,injury_reports_2023.csv,0.0,DT,DET
2023,REG,DET,12,00-0036993,S,Ifeatu Melifonwu,Ifeatu,Melifonwu,,,,Hand,,Full Participation in Practice,2023-11-22 20:44:13,injury_reports_2023.csv,0.0,S,DET
2023,REG,GB,12,00-0035633,CB,Corey Ballentine,Corey,Ballentine,,,,Shoulder,,Full Participation in Practice,2023-11-22 21:20:42,injury_reports_2023.csv,0.0,CB,GB
2023,REG,GB,12,00-0034967,LB,Rashan Gary,Rashan,Gary,,,,Shoulder,,Full Participation in Practice,2023-11-22 21:20:42,injury_reports_2023.csv,0.0,LB,GB
2023,REG,GB,12,00-0035133,CB,Keisean Nixon,Keisean,Nixon,,,,Ankle,,Full Participation in Practice,2023-11-22 21:23:13,injury_reports_2023.csv,0.0,CB,GB
2023,REG,GB,12,00-0033120,ED,Kenny Clark,Kenny,Clark,,,,Shoulder,,Limited Participation in Practice,2023-11-22 21:20:42,injury_reports_2023.csv,0.0,DE,GB
2023,REG,GB,12,00-0034968,S,Darnell Savage,Darnell,Savage,Calf,,Out,Calf,,Limited Participation in Practice,2023-11-22 21:34:27,injury_reports_2023.csv,3.0,S,GB
2023,REG,GB,12,00-0032401,LB,De'Vondre Campbell,De'Vondre,Campbell,Neck,,Questionable,Neck,,Full Participation in Practice,2023-11-22 21:24:58,injury_reports_2023.csv,1.0,LB,GB
2023,REG,GB,12,00-0034728,CB,Jaire Alexander,Jaire,Alexander,Shoulder,,Questionable,Shoulder,,Limited Participation in Practice,2023-11-22 21:24:58,injury_reports_2023.csv,1.0,CB,GB
2023,REG,GB,12,00-0033792,S,Rudy Ford,Rudy,Ford,Biceps,,Questionable,Biceps,,Limited Participation in Practice,2023-11-22 21:24:58,injury_reports_2023.csv,1.0,S,GB
2023,REG,HST,12,00-0039009,ED,Dylan Horton,Dylan,Horton,,,,Illness,,Did Not Participate In Practice,2023-11-22 21:07:41,injury_reports_2023.csv,0.0,DE,HOU
2023,REG,HST,12,00-0039108,ED,Will Anderson,Will,Anderson,,,,Knee,,Full Participation in Practice,2023-11-24 20:21:55,injury_reports_2023.csv,0.0,DE,HOU
2023,REG,HST,12,00-0038599,LB,Henry To'oTo'o,Henry,To'oTo'o,,,,Concussion,,Full Participation in Practice,2023-11-24 20:21:55,injury_reports_2023.csv,0.0,LB,HOU
2023,REG,HST,12,00-0037457,LB,Jake Hansen,Jake,Hansen,Hamstring,Hand,Out,Hamstring,Hand,Did Not Participate In Practice,2023-11-24 20:22:35,injury_reports_2023.csv,3.0,LB,HOU
2023,REG,HST,12,00-0031298,S,Jimmie Ward,Jimmie,Ward,Hamstring,,Out,Hamstring,,Did Not Participate In Practice,2023-11-24 20:22:40,injury_reports_2023.csv,3.0,S,HOU
2023,REG,IND,12,00-0037323,S,Rodney Thomas,Rodney,Thomas,,,,Knee,,Full Participation in Practice,2023-11-24 20:15:14,injury_reports_2023.csv,0.0,S,IND
2023,REG,IND,12,00-0039156,CB,Julius Brents,Julius,Brents,Quadricep,,Out,Quadricep,,Did Not Participate In Practice,2023-11-24 20:15:51,injury_reports_2023.csv,3.0,CB,IND
2023,REG,IND,12,00-0036672,LB,Grant Stuard,Grant,Stuard,Illness,,Questionable,Illness,,Limited Participation in Practice,2023-11-24 20:15:41,injury_reports_2023.csv,1.0,LB,IND
2023,REG,JAX,12,00-0033582,ED,Jeremiah Ledbetter,Jeremiah,Ledbetter,,,,Not injury related - personal matter,,Full Participation in Practice,2023-11-24 20:16:19,injury_reports_2023.csv,0.0,DE,JAX
2023,REG,JAX,12,00-0036974,CB,Tyson Campbell,Tyson,Campbell,Hamstring,,Out,Hamstring,,Did Not Participate In Practice,2023-11-24 20:16:41,injury_reports_2023.csv,3.0,CB,JAX
2023,REG,JAX,12,00-0032667,DI,Roy Robertson-Harris,Roy,Robertson-Harris,Ankle,,Questionable,Ankle,,Limited Participation in Practice,2023-11-24 20:17:51,injury_reports_2023.csv,1.0,DT,JAX
2023,REG,KC,12,00-0036374,CB,L'Jarius Sneed,L'Jarius,Sneed,,,,Knee,,Full Participation in Practice,2023-11-24 19:41:41,injury_reports_2023.csv,0.0,CB,KC
2023,REG,KC,12,00-0038043,CB,Joshua Williams,Joshua,Williams,,,,Shoulder,,Full Participation in Practice,2023-11-24 19:41:41,injury_reports_2023.csv,0.0,CB,KC
2023,REG,LA,12,00-0031388,DI,Aaron Donald,Aaron,Donald,,,,Not injury related - resting player,,Did Not Participate In Practice,2023-11-24 21:53:02,injury_reports_2023.csv,0.0,DT,LA
2023,REG,LA,12,00-0037839,CB,Cobie Durant,Cobie,Durant,,,,Shoulder,,Full Participation in Practice,2023-11-24 21:47:26,injury_reports_2023.csv,0.0,CB,LA
2023,REG,LA,12,00-0035933,LB,Michael Hoecht,Michael,Hoecht,,,,Shoulder,,Full Participation in Practice,2023-11-24 21:47:26,injury_reports_2023.csv,0.0,LB,LA
2023,REG,LA,12,00-0036237,DI,Larrell Murchison,Larrell,Murchison,,,,Knee,,Full Participation in Practice,2023-11-24 21:50:43,injury_reports_2023.csv,0.0,DT,LA
2023,REG,LA,12,00-0039060,S,Jason Taylor,Jason,Taylor,,,,Hip,,Full Participation in Practice,2023-11-24 21:47:26,injury_reports_2023.csv,0.0,S,LA
2023,REG,LA,12,00-0036994,LB,Ernest Jones,Ernest,Jones,,,,Knee,,Limited Participation in Practice,2023-11-24 21:53:39,injury_reports_2023.csv,0.0,LB,LA
2023,REG,LA,12,00-0037841,S,Quentin Lake,Quentin,Lake,Hamstring,,Out,Hamstring,,Did Not Participate In Practice,2023-11-24 21:55:02,injury_reports_2023.csv,3.0,S,LA
2023,REG,LAC,12,00-0031040,ED,Khalil Mack,Khalil,Mack,,,,Not injury related - resting player,,Did Not Participate In Practice,2023-11-22 21:29:08,injury_reports_2023.csv,0.0,DE,LAC
2023,REG,LAC,12,00-0036380,S,Alohi Gilman,Alohi,Gilman,,,,Elbow,,Full Participation in Practice,2023-11-24 21:13:55,injury_reports_2023.csv,0.0,S,LAC
2023,REG,LAC,12,00-0034810,DI,Sebastian Joseph,Sebastian,Joseph,,,,Wrist,,Full Participation in Practice,2023-11-24 21:13:55,injury_reports_2023.csv,0.0,DT,LAC
2023,REG,LAC,12,00-0038091,S,J.T. Woods,J.T.,Woods,Illness,,Out,Illness,,Limited Participation in Practice,2023-11-24 21:14:25,injury_reports_2023.csv,3.0,S,LAC
2023,REG,LV,12,00-0038039,CB,Jack Jones,Jack,Jones,,,,Knee,Hip,Full Participation in Practice,2023-11-24 22:23:26,injury_reports_2023.csv,0.0,CB,LV
2023,REG,LV,12,00-0036962,S,Trevon Moehrig,Trevon,Moehrig,,,,Back,,Full Participation in Practice,2023-11-24 22:23:33,injury_reports_2023.csv,0.0,S,LV
2023,REG,LV,12,00-0034973,ED,Maxx Crosby,Maxx,Crosby,Knee,,Doubtful,Knee,,Did Not Participate In Practice,2023-11-24 22:23:59,injury_reports_2023.csv,2.0,DE,LV
2023,REG,LV,12,00-0035437,S,Roderic Teamer,Roderic,Teamer,Hamstring,,Questionable,Hamstring,,Full Participation in Practice,2023-11-24 22:23:55,injury_reports_2023.csv,1.0,S,LV
2023,REG,LV,12,00-0034993,S,Marcus Epps,Marcus,Epps,Neck,,Questionable,Neck,,Limited Participation in Practice,2023-11-24 22:23:55,injury_reports_2023.csv,1.0,S,LV
2023,REG,LV,12,00-0034720,LB,Robert Spillane,Robert,Spillane,Ankle,,Questionable,Ankle,,Limited Participation in Practice,2023-11-24 22:23:55,injury_reports_2023.csv,1.0,LB,LV
2023,REG,MIN,12,00-0037822,LB,Brian Asamoah,Brian,Asamoah,,,,Ankle,,Full Participation in Practice,2023-11-25 20:58:21,injury_reports_2023.csv,0.0,LB,MIN
2023,REG,MIN,12,00-0038101,CB,Akayleb Evans,Akayleb,Evans,Calf,,Questionable,Calf,,Full Participation in Practice,2023-11-25 20:59:20,injury_reports_2023.csv,1.0,CB,MIN
2023,REG,MIN,12,00-0036909,DI,Khyiris Tonga,Khyiris,Tonga,Knee,,Questionable,Knee,,Limited Participation in Practice,2023-11-25 20:59:20,injury_reports_2023.csv,1.0,DT,MIN
2023,REG,NE,12,00-0036981,DI,Christian Barmore,Christian,Barmore,,,,Knee,,Limited Participation in Practice,2023-11-23 19:32:18,injury_reports_2023.csv,0.0,DT,NE
2023,REG,NE,12,00-0036087,CB,Myles Bryant,Myles,Bryant,,,,Chest,,Limited Participation in Practice,2023-11-23 19:32:18,injury_reports_2023.csv,0.0,CB,NE
2023,REG,NE,12,00-0034385,LB,Ja'Whaun Bentley,Ja'Whaun,Bentley,Hamstring,,Questionable,Hamstring,,Limited Participation in Practice,2023-11-24 20:39:18,injury_reports_2023.csv,1.0,LB,NE
2023,REG,NE,12,00-0032580,CB,Jonathan Jones,Jonathan,Jones,Knee,,Questionable,Knee,,Limited Participation in Practice,2023-11-24 20:39:18,injury_reports_2023.csv,1.0,CB,NE
2023,REG,NE,12,00-0033947,ED,Deatrich Wise,Deatrich,Wise,Shoulder,,Questionable,Shoulder,,Limited Participation in Practice,2023-11-24 20:39:18,injury_reports_2023.csv,1.0,DE,NE
2023,REG,NO,12,00-0033874,CB,Marshon Lattimore,Marshon,Lattimore,Ankle,,Out,Ankle,,Did Not Participate In Practice,2023-11-24 21:19:30,injury_reports_2023.csv,3.0,CB,NO
2023,REG,NO,12,00-0039143,ED,Isaiah Foskey,Isaiah,Foskey,Quadricep,,Questionable,Quadricep,,Limited Participation in Practice,2023-11-24 21:20:21,injury_reports_2023.csv,1.0,DE,NO
2023,REG,NYG,12,00-0033878,CB,Adoree' Jackson,Adoree',Jackson,,,,Concussion,,Full Participation in Practice,2023-11-24 20:48:33,injury_reports_2023.csv,0.0,CB,NYG
2023,REG,NYG,12,00-0031587,S,Bobby McCain,Bobby,McCain,,,,Illness,,Full Participation in Practice,2023-11-24 20:48:33,injury_reports_2023.csv,0.0,S,NYG
2023,REG,NYG,12,00-0038403,CB,Tre Hawkins,Tre,Hawkins,,,,Shoulder,,Limited Participation in Practice,2023-11-24 20:48:33,injury_reports_2023.csv,0.0,CB,NYG
2023,REG,NYG,12,00-0035687,LB,Bobby Okereke,Bobby,Okereke,,,,Hip,Rib,Limited Participation in Practice,2023-11-24 20:48:33,injury_reports_2023.csv,0.0,LB,NYG
2023,REG,NYG,12,00-0032889,DI,A'Shawn Robinson,A'Shawn,Robinson,,,,Back,,Limited Participation in Practice,2023-11-24 20:48:33,injury_reports_2023.csv,0.0,DT,NYG
2023,REG,NYG,12,00-0035683,DI,Dexter Lawrence,Dexter,Lawrence,Hamstring,,Doubtful,Hamstring,,Did Not Participate In Practice,2023-11-24 20:51:20,injury_reports_2023.csv,2.0,DT,NYG
2023,REG,NYJ,12,00-0037155,S,Tony Adams,Tony,Adams,,,,Finger,,Full Participation in Practice,2023-11-23 19:09:41,injury_reports_2023.csv,0.0,S,NYJ
2023,REG,NYJ,12,00-0034805,ED,John Franklin-Myers,John,Franklin-Myers,,,,Knee,,Full Participation in Practice,2023-11-23 19:09:41,injury_reports_2023.csv,0.0,DE,NYJ
2023,REG,NYJ,12,00-0037663,LB,Jermaine Johnson,Jermaine,Johnson,,,,Hip,,Full Participation in Practice,2023-11-23 19:09:41,injury_reports_2023.csv,0.0,LB,NYJ
2023,REG,NYJ,12,00-0037003,LB,Chazz Surratt,Chazz,Surratt,,,,Ankle,,Full Participation in Practice,2023-11-23 19:09:41,injury_reports_2023.csv,0.0,LB,NYJ
2023,REG,NYJ,12,00-0035680,LB,Quincy Williams,Quincy,Williams,,,,Knee,,Full Participation in Practice,2023-11-23 19:09:41,injury_reports_2023.csv,0.0,LB,NYJ
2023,REG,NYJ,12,00-0036501,CB,Michael Carter,Michael,Carter,Hamstring,,Doubtful,Hamstring,,Did Not Participate In Practice,2023-11-23 19:10:53,injury_reports_2023.csv,2.0,CB,NYJ
2023,REG,NYJ,12,00-0034902,LB,Sam Eguavoen,Sam,Eguavoen,Hip,,Questionable,Hip,,Limited Participation in Practice,2023-11-23 19:10:32,injury_reports_2023.csv,1.0,LB,NYJ
2023,REG,PHI,12,00-0033876,ED,Derek Barnett,Derek,Barnett,,,,Not injury related - personal matter,,Did Not Participate In Practice,2023-11-23 20:41:06,injury_reports_2023.csv,0.0,DE,PHI
2023,REG,PHI,12,00-0033898,S,Justin Evans,Justin,Evans,Knee,,Out,Knee,,Did Not Participate In Practice,2023-11-24 20:44:01,injury_reports_2023.csv,3.0,S,PHI
2023,REG,PHI,12,00-0036916,DI,Milton Williams,Milton,Williams,Concussion,,Out,Concussion,,Did Not Participate In Practice,2023-11-24 20:44:21,injury_reports_2023.csv,3.0,DT,PHI
2023,REG,PIT,12,00-0027943,CB,Patrick Peterson,Patrick,Peterson,,,,Not injury related - resting player,,Did Not Participate In Practice,2023-11-22 20:31:31,injury_reports_2023.csv,0.0,CB,PIT
2023,REG,PIT,12,00-0034514,CB,Levi Wallace,Levi,Wallace,,,,Not injury related - resting player,,Did Not Participate In Practice,2023-11-22 20:31:55,injury_reports_2023.csv,0.0,CB,PIT
2023,REG,PIT,12,00-0038577,LB,Nick Herbig,Nick,Herbig,,,,Hamstring,,Full Participation in Practice,2023-11-24 19:01:01,injury_reports_2023.csv,0.0,LB,PIT
2023,REG,PIT,12,00-0027969,DI,Cameron Heyward,Cameron,Heyward,,,,Not injury related - resting player,Groin,Limited Participation in Practice,2023-11-24 18:59:57,injury_reports_2023.csv,0.0,DT,PIT
2023,REG,PIT,12,00-0034789,S,Minkah Fitzpatrick,Minkah,Fitzpatrick,Hamstring,,Out,Hamstring,,Did Not Participate In Practice,2023-11-24 19:01:39,injury_reports_2023.csv,3.0,S,PIT
2023,REG,PIT,12,00-0033929,DI,Montravius Adams,Montravius,Adams,Ankle,,Out,Ankle,,Limited Participation in Practice,2023-11-24 19:01:57,injury_reports_2023.csv,3.0,DT,PIT
2023,REG,PIT,12,00-0035795,CB,James Pierre,James,Pierre,Shoulder,,Questionable,Shoulder,,Did Not Participate In Practice,2023-11-24 19:02:18,injury_reports_2023.csv,1.0,CB,PIT
2023,REG,SEA,12,00-0033872,S,Jamal Adams,Jamal,Adams,,,,Knee,,Full Participation in Practice,2023-11-22 21:20:27,injury_reports_2023.csv,0.0,S,SEA
2023,REG,SEA,12,00-0036885,CB,Tre Brown,Tre,Brown,,,,Foot,,Full Participation in Practice,2023-11-22 21:20:27,injury_reports_2023.csv,0.0,CB,SEA
2023,REG,SEA,12,00-0038136,CB,Coby Bryant,Coby,Bryant,,,,Toe,,Full Participation in Practice,2023-11-22 21:20:27,injury_reports_2023.csv,0.0,CB,SEA
2023,REG,SEA,12,00-0037079,CB,Tariq Woolen,Tariq,Woolen,,,,Shoulder,,Full Participation in Practice,2023-11-22 21:20:53,injury_reports_2023.csv,0.0,CB,SEA
2023,REG,SEA,12,00-0038613,S,Jerrick Reed,Jerrick,Reed,Knee,,Out,Knee,,Did Not Participate In Practice,2023-11-22 20:41:45,injury_reports_2023.csv,3.0,S,SEA
2023,REG,SF,12,00-0036564,S,Talanoa Hufanga,Talanoa,Hufanga,,,,Knee,,Did Not Participate In Practice,2023-11-20 22:02:30,injury_reports_2023.csv,0.0,S,SF
2023,REG,SF,12,00-0033109,DI,Javon Hargrave,Javon,Hargrave,,,,Thumb,,Full Participation in Practice,2023-11-22 20:43:17,injury_reports_2023.csv,0.0,DT,SF
2023,REG,SF,12,00-0036645,CB,Shemar Jean-Charles,Shemar,Jean-Charles,,,,Shoulder,,Full Participation in Practice,2023-11-22 20:43:23,injury_reports_2023.csv,0.0,CB,SF
2023,REG,SF,12,00-0038603,ED,Robert Beal,Robert,Beal,Hamstring,,Questionable,Hamstring,,Full Participation in Practice,2023-11-22 20:43:25,injury_reports_2023.csv,1.0,DE,SF
2023,REG,SF,12,00-0037830,CB,Samuel Womack,Samuel,Womack,Knee,,Questionable,Knee,,Full Participation in Practice,2023-11-22 20:43:25,injury_reports_2023.csv,1.0,CB,SF
2023,REG,TB,12,00-0034527,S,Ryan Neal,Ryan,Neal,,,,Thumb,,Full Participation in Practice,2023-11-24 19:03:50,injury_reports_2023.csv,0.0,S,TB
2023,REG,TB,12,00-0029562,LB,Lavonte David,Lavonte,David,Groin,,Out,Groin,,Did Not Participate In Practice,2023-11-24 19:05:15,injury_reports_2023.csv,3.0,LB,TB
2023,REG,TB,12,00-0035699,CB,Jamel Dean,Jamel,Dean,Ankle,Foot,Out,Ankle,Foot,Did Not Participate In Practice,2023-11-24 19:05:21,injury_reports_2023.csv,3.0,CB,TB
2023,REG,TB,12,00-0037627,DI,Mike Greene,Mike,Greene,Calf,,Questionable,Calf,,Did Not Participate In Practice,2023-11-24 19:05:08,injury_reports_2023.csv,1.0,DT,TB
2023,REG,TB,12,00-0038127,ED,Logan Hall,Logan,Hall,Illness,,Questionable,Illness,,Did Not Participate In Practice,2023-11-24 19:05:08,injury_reports_2023.csv,1.0,DE,TB
2023,REG,TB,12,00-0034778,CB,Carlton Davis,Carlton,Davis,Hip,,Questionable,Hip,,Full Participation in Practice,2023-11-24 19:05:08,injury_reports_2023.csv,1.0,CB,TB
2023,REG,TB,12,00-0035707,LB,Devin White,Devin,White,Foot,,Questionable,Foot,,Limited Participation in Practice,2023-11-24 19:05:08,injury_reports_2023.csv,1.0,LB,TB
2023,REG,TEN,12,00-0031254,ED,Denico Autry,Denico,Autry,,,,Not injury related - resting player,,Full Participation in Practice,2023-11-24 20:12:37,injury_reports_2023.csv,0.0,DE,TEN
2023,REG,TEN,12,00-0035239,CB,Sean Murphy-Bunting,Sean,Murphy-Bunting,,,,Thumb,,Full Participation in Practice,2023-11-24 20:12:37,injury_reports_2023.csv,0.0,CB,TEN
2023,REG,TEN,12,00-0036395,S,K'Von Wallace,K'Von,Wallace,,,,Concussion,Neck,Full Participation in Practice,2023-11-24 20:12:37,injury_reports_2023.csv,0.0,S,TEN
2023,REG,TEN,12,00-0035413,LB,Luke Gifford,Luke,Gifford,Shin,,Questionable,Shin,,Full Participation in Practice,2023-11-24 20:13:20,injury_reports_2023.csv,1.0,LB,TEN
2023,REG,TEN,12,00-0034858,S,Terrell Edmunds,Terrell,Edmunds,Shoulder,,Questionable,Shoulder,,Limited Participation in Practice,2023-11-24 20:13:20,injury_reports_2023.csv,1.0,S,TEN
2023,REG,WAS,12,00-0036090,LB,De'Jon Harris,De'Jon,Harris,,,,Quadricep,,Did Not Participate In Practice,2023-11-21 20:10:11,injury_reports_2023.csv,0.0,LB,WAS
2023,REG,WAS,12,00-0031500,ED,Efe Obada,Efe,Obada,,,,Fibula,Tibia,Did Not Participate In Practice,2023-11-20 20:43:26,injury_reports_2023.csv,0.0,DE,WAS
2023,REG,WAS,12,00-0035672,LB,Cody Barton,Cody,Barton,,,,Ankle,,Full Participation in Practice,2023-11-22 16:21:10,injury_reports_2023.csv,0.0,LB,WAS
2023,REG,WAS,12,00-0039149,S,Quan Martin,Quan,Martin,,,,Shoulder,,Full Participation in Practice,2023-11-22 16:21:42,injury_reports_2023.csv,0.0,S,WAS
2023,REG,WAS,12,00-0039151,CB,Emmanuel Forbes,Emmanuel,Forbes,Elbow,,Out,Elbow,,Did Not Participate In Practice,2023-11-22 16:22:20,injury_reports_2023.csv,3.0,CB,WAS
2023,REG,WAS,12,00-0036351,ED,James Smith-Williams,James,Smith-Williams,Hamstring,,Out,Hamstring,,Did Not Participate In Practice,2023-11-22 16:22:34,injury_reports_2023.csv,3.0,DE,WAS
2023,REG,WAS,12,00-0036343,LB,Khaleke Hudson,Khaleke,Hudson,Back,,Questionable,Back,,Limited Participation in Practice,2023-11-22 16:22:05,injury_reports_2023.csv,1.0,LB,WAS
2023,REG,ARZ,13,00-0032933,CB,Antonio Hamilton,Antonio,Hamilton,Groin,,Out,Groin,,Did Not Participate In Practice,2023-12-01 19:24:33,injury_reports_2023.csv,3.0,CB,ARI
2023,REG,ARZ,13,00-0038663,CB,Starling Thomas,Starling,Thomas,Ankle,,Out,Ankle,,Did Not Participate In Practice,2023-12-01 19:24:41,injury_reports_2023.csv,3.0,CB,ARI
2023,REG,ARZ,13,00-0037141,S,Joey Blount,Joey,Blount,Knee,,Questionable,Knee,,Limited Participation in Practice,2023-12-01 19:24:24,injury_reports_2023.csv,1.0,S,ARI
2023,REG,ARZ,13,00-0035334,DI,Kevin Strong,Kevin,Strong,Knee,,Questionable,Knee,,Limited Participation in Practice,2023-12-01 19:24:24,injury_reports_2023.csv,1.0,DT,ARI
2023,REG,ARZ,13,00-0035705,S,Jalen Thompson,Jalen,Thompson,Ribs,,Questionable,Ribs,,Limited Participation in Practice,2023-12-01 19:24:24,injury_reports_2023.csv,1.0,S,ARI
2023,REG,ATL,13,00-0026190,ED,Calais Campbell,Calais,Campbell,,,,Not injury related - resting player,,Did Not Participate In Practice,2023-11-29 21:14:55,injury_reports_2023.csv,0.0,DE,ATL
2023,REG,ATL,13,00-0037587,LB,Nate Landman,Nate,Landman,,,,Thigh,,Limited Participation in Practice,2023-12-01 19:32:54,injury_reports_2023.csv,0.0,LB,ATL
2023,REG,ATL,13,00-0034843,CB,Mike Hughes,Mike,Hughes,Hand,,Questionable,Hand,,Full Participation in Practice,2023-12-01 19:33:23,injury_reports_2023.csv,1.0,CB,ATL
2023,REG,CAR,13,00-0036281,CB,C.J. Henderson,C.J.,Henderson,,,,Concussion,,Full Participation in Practice,2023-12-01 17:49:19,injury_reports_2023.csv,0.0,CB,CAR
2023,REG,CAR,13,00-0033579,S,Xavier Woods,Xavier,Woods,,,,Thigh,,Full Participation in Practice,2023-12-01 17:50:24,injury_reports_2023.csv,0.0,S,CAR
2023,REG,CAR,13,00-0032939,S,Vonn Bell,Vonn,Bell,Shoulder,,Out,Shoulder,,Did Not Participate In Practice,2023-12-01 17:51:19,injury_reports_2023.csv,3.0,S,CAR
2023,REG,CAR,13,00-0038535,LB,D.J. Johnson,D.J.,Johnson,Elbow,,Questionable,Elbow,,Full Participation in Practice,2023-12-01 17:53:51,injury_reports_2023.csv,1.0,LB,CAR
2023,REG,CAR,13,00-0036293,S,Jeremy Chinn,Jeremy,Chinn,Quadricep,,Questionable,Quadricep,,Limited Participation in Practice,2023-12-01 17:52:09,injury_reports_2023.csv,1.0,S,CAR
2023,REG,CAR,13,00-0036288,LB,Yetur Gross-Matos,Yetur,Gross-Matos,Hamstring,,Questionable,Hamstring,,Limited Participation in Practice,2023-12-01 17:52:27,injury_reports_2023.csv,1.0,LB,CAR
2023,REG,CAR,13,00-0034382,LB,Marquis Haynes,Marquis,Haynes,Back,,Questionable,Back,,Limited Participation in Practice,2023-12-01 17:52:55,injury_reports_2023.csv,1.0,LB,CAR
2023,REG,CAR,13,00-0031785,CB,Troy Hill,Troy,Hill,Hip,,Questionable,Hip,,Limited Participation in Practice,2023-12-01 17:52:39,injury_reports_2023.csv,1.0,CB,CAR
2023,REG,CAR,13,00-0036944,CB,Jaycee Horn,Jaycee,Horn,Hamstring,,Questionable,Hamstring,,Limited Participation in Practice,2023-12-01 17:53:26,injury_reports_2023.csv,1.0,CB,CAR
2023,REG,CIN,13,00-0033548,CB,Chidobe Awuzie,Chidobe,Awuzie,,,,Illness,,Full Participation in Practice,2023-12-02 19:23:55,injury_reports_2023.csv,0.0,CB,CIN
2023,REG,CIN,13,00-0036298,LB,Akeem Davis-Gaither,Akeem,Davis-Gaither,,,,Not injury related - resting player,,Full Participation in Practice,2023-12-02 19:24:09,injury_reports_2023.csv,0.0,LB,CIN
2023,REG,CIN,13,00-0033935,ED,Trey Hendrickson,Trey,Hendrickson,,,,Not injury related - resting player,,Full Participation in Practice,2023-12-02 19:23:55,injury_reports_2023.csv,0.0,DE,CIN
2023,REG,CIN,13,00-0034800,DI,B.J. Hill,B.J.,Hill,,,,Not injury related - resting player,,Full Participation in Practice,2023-12-02 19:24:15,injury_reports_2023.csv,0.0,DT,CIN
2023,REG,CIN,13,00-0034834,ED,Sam Hubbard,Sam,Hubbard,,,,Not injury related - resting player,,Full Participation in Practice,2023-12-02 19:23:55,injury_reports_2023.csv,0.0,DE,CIN
2023,REG,CIN,13,00-0036294,LB,Logan Wilson,Logan,Wilson,,,,Ankle,Foot,Full Participation in Practice,2023-12-02 19:23:55,injury_reports_2023.csv,0.0,LB,CIN
2023,REG,CIN,13,00-0037753,CB,Cam Taylor-Britt,Cam,Taylor-Britt,Quadricep,Ankle,Out,Quadricep,Ankle,Did Not Participate In Practice,2023-12-02 19:26:54,injury_reports_2023.csv,3.0,CB,CIN
2023,REG,CIN,13,00-0036881,DI,Jay Tufele,Jay,Tufele,Illness,,Questionable,Illness,,Did Not Participate In Practice,2023-12-02 19:27:30,injury_reports_2023.csv,1.0,DT,CIN
2023,REG,CLV,13,00-0036266,DI,Jordan Elliott,Jordan,Elliott,,,,Ankle,,Full Participation in Practice,2023-12-01 22:55:18,injury_reports_2023.csv,0.0,DT,CLE
2023,REG,CLV,13,00-0034639,CB,Mike Ford,Mike,Ford,,,,Ribs,,Full Participation in Practice,2023-12-01 22:55:18,injury_reports_2023.csv,0.0,CB,CLE
2023,REG,CLV,13,00-0033868,ED,Myles Garrett,Myles,Garrett,,,,Not injury related - resting player,Shoulder,Full Participation in Practice,2023-12-01 22:55:56,injury_reports_2023.csv,0.0,DE,CLE
2023,REG,CLV,13,00-0034807,ED,Ogbonnia Okoronkwo,Ogbonnia,Okoronkwo,,,,Groin,,Full Participation in Practice,2023-12-01 22:55:18,injury_reports_2023.csv,0.0,DE,CLE
2023,REG,CLV,13,00-0035646,LB,Sione Takitaki,Sione,Takitaki,,,,Knee,,Full Participation in Practice,2023-12-01 22:55:18,injury_reports_2023.csv,0.0,LB,CLE
2023,REG,CLV,13,00-0035625,S,Juan Thornhill,Juan,Thornhill,,,,Calf,,Limited Participation in Practice,2023-12-01 22:55:18,injury_reports_2023.csv,0.0,S,CLE
2023,REG,CLV,13,00-0033570,LB,Anthony Walker,Anthony,Walker,,,,Hamstring,Illness,Limited Participation in Practice,2023-12-01 22:57:23,injury_reports_2023.csv,0.0,LB,CLE
2023,REG,CLV,13,00-0034856,CB,Denzel Ward,Denzel,Ward,Shoulder,,Out,Shoulder,,Did Not Participate In Practice,2023-12-01 21:33:57,injury_reports_2023.csv,3.0,CB,CLE
2023,REG,DAL,13,00-0032052,ED,Dante Fowler,Dante,Fowler,,,,Illness,,Full Participation in Practice,2023-11-29 18:11:58,injury_reports_2023.csv,0.0,DE,DAL
2023,REG,DAL,13,00-0032454,S,Jayron Kearse,Jayron,Kearse,,,,Back,,Full Participation in Practice,2023-11-29 18:11:47,injury_reports_2023.csv,0.0,S,DAL
2023,REG,DAL,13,00-0036932,LB,Micah Parsons,Micah,Parsons,,,,Illness,,Full Participation in Practice,2023-11-29 18:12:04,injury_reports_2023.csv,0.0,LB,DAL
2023,REG,DAL,13,00-0038545,DI,Mazi Smith,Mazi,Smith,,,,Shoulder,,Full Participation in Practice,2023-11-29 18:11:47,injury_reports_2023.csv,0.0,DT,DAL
2023,REG,DAL,13,00-0038742,LB,Tyrus Wheat,Tyrus,Wheat,,,,Concussion,,Full Participation in Practice,2023-11-29 18:11:47,injury_reports_2023.csv,0.0,LB,DAL
2023,REG,DEN,13,00-0036995,LB,Baron Browning,Baron,Browning,,,,Wrist,,Full Participation in Practice,2023-12-01 21:11:35,injury_reports_2023.csv,0.0,LB,DEN
2023,REG,DEN,13,00-0029890,DI,Mike Purcell,Mike,Purcell,,,,Not injury related - resting player,,Full Participation in Practice,2023-12-01 21:12:19,injury_reports_2023.csv,0.0,DT,DEN
2023,REG,DEN,13,00-0038105,CB,Damarri Mathis,Damarri,Mathis,Back,,Questionable,Back,,Did Not Participate In Practice,2023-12-01 21:21:08,injury_reports_2023.csv,1.0,CB,DEN
2023,REG,DET,13,00-0036993,S,Ifeatu Melifonwu,Ifeatu,Melifonwu,,,,Hand,,Full Participation in Practice,2023-12-01 20:33:34,injury_reports_2023.csv,0.0,S,DET
2023,REG,DET,13,00-0034745,S,Tracy Walker,Tracy,Walker,,,,Shoulder,,Full Participation in Practice,2023-12-01 20:33:34,injury_reports_2023.csv,0.0,S,DET
2023,REG,DET,13,00-0033914,LB,Alex Anzalone,Alex,Anzalone,Hand,,Doubtful,Hand,,Did Not Participate In Practice,2023-12-01 20:34:07,injury_reports_2023.csv,2.0,LB,DET
2023,REG,GB,13,00-0035133,CB,Keisean Nixon,Keisean,Nixon,,,,Wrist,,Full Participation in Practice,2023-12-01 20:20:15,injury_reports_2023.csv,0.0,CB,GB
2023,REG,GB,13,00-0037075,ED,Devonte Wyatt,Devonte,Wyatt,,,,Heel,,Full Participation in Practice,2023-12-01 20:20:15,injury_reports_2023.csv,0.0,DE,GB
2023,REG,GB,13,00-0033120,ED,Kenny Clark,Kenny,Clark,,,,Shoulder,,Limited Participation in Practice,2023-12-01 20:20:15,injury_reports_2023.csv,0.0,DE,GB
2023,REG,GB,13,00-0034967,LB,Rashan Gary,Rashan,Gary,,,,Shoulder,,Limited Participation in Practice,2023-12-01 20:20:15,injury_reports_2023.csv,0.0,LB,GB
2023,REG,GB,13,00-0036901,CB,Eric Stokes,Eric,Stokes,Hamstring,,Doubtful,Hamstring,,Limited Participation in Practice,2023-12-01 20:21:06,injury_reports_2023.csv,2.0,CB,GB
2023,REG,GB,13,00-0036904,CB,Robert Rochell,Robert,Rochell,Calf,,Questionable,Calf,,Did Not Participate In Practice,2023-12-01 20:20:35,injury_reports_2023.csv,1.0,CB,GB
2023,REG,GB,13,00-0034968,S,Darnell Savage,Darnell,Savage,Calf,,Questionable,Calf,,Full Participation in Practice,2023-12-01 20:20:35,injury_reports_2023.csv,1.0,S,GB
2023,REG,GB,13,00-0034728,CB,Jaire Alexander,Jaire,Alexander,Shoulder,,Questionable,Shoulder,,Limited Participation in Practice,2023-12-01 20:20:35,injury_reports_2023.csv,1.0,CB,GB
2023,REG,GB,13,00-0032401,LB,De'Vondre Campbell,De'Vondre,Campbell,Neck,,Questionable,Neck,,Limited Participation in Practice,2023-12-01 20:20:35,injury_reports_2023.csv,1.0,LB,GB
2023,REG,GB,13,00-0033792,S,Rudy Ford,Rudy,Ford,Biceps,Groin,Questionable,Biceps,Groin,Limited Participation in Practice,2023-12-01 20:20:35,injury_reports_2023.csv,1.0,S,GB
2023,REG,HST,13,00-0033131,DI,Maliek Collins,Maliek,Collins,,,,Not injury related - personal matter,,Did Not Participate In Practice,2023-11-29 20:39:41,injury_reports_2023.csv,0.0,DT,HOU
2023,REG,HST,13,00-0031298,S,Jimmie Ward,Jimmie,Ward,,,,Hamstring,,Full Participation in Practice,2023-12-01 21:36:41,injury_reports_2023.csv,0.0,S,HOU
2023,REG,HST,13,00-0037457,LB,Jake Hansen,Jake,Hansen,Hamstring,Hand,Questionable,Hamstring,Hand,Full Participation in Practice,2023-12-01 21:37:34,injury_reports_2023.csv,1.0,LB,HOU
2023,REG,HST,13,00-0032759,DI,Sheldon Rankins,Sheldon,Rankins,Elbow,,Questionable,Elbow,,Limited Participation in Practice,2023-12-01 21:37:34,injury_reports_2023.csv,1.0,DT,HOU
2023,REG,IND,13,00-0032378,DI,DeForest Buckner,DeForest,Buckner,,,,Shoulder,Not injury related - resting p,Did Not Participate In Practice,2023-12-01 20:24:42,injury_reports_2023.csv,0.0,DT,IND
2023,REG,IND,13,00-0039156,CB,Julius Brents,Julius,Brents,Quadricep,,Out,Quadricep,,Did Not Participate In Practice,2023-12-01 20:25:30,injury_reports_2023.csv,3.0,CB,IND
2023,REG,JAX,13,00-0036974,CB,Tyson Campbell,Tyson,Campbell,Hamstring,,Questionable,Hamstring,,Limited Participation in Practice,2023-12-02 19:35:49,injury_reports_2023.csv,1.0,CB,JAX
2023,REG,KC,13,00-0037193,S,Bryan Cook,Bryan,Cook,,,,Biceps,,Full Participation in Practice,2023-12-01 19:40:03,injury_reports_2023.csv,0.0,S,KC
2023,REG,KC,13,00-0036374,CB,L'Jarius Sneed,L'Jarius,Sneed,,,,Knee,,Full Participation in Practice,2023-12-01 19:40:03,injury_reports_2023.csv,0.0,CB,KC
2023,REG,KC,13,00-0036621,LB,Nick Bolton,Nick,Bolton,Wrist,,Out,Wrist,,Limited Participation in Practice,2023-12-01 19:54:00,injury_reports_2023.csv,3.0,LB,KC
2023,REG,LA,13,00-0031388,DI,Aaron Donald,Aaron,Donald,,,,Not injury related - resting player,,Did Not Participate In Practice,2023-12-01 20:39:07,injury_reports_2023.csv,0.0,DT,LA
2023,REG,LA,13,00-0036237,DI,Larrell Murchison,Larrell,Murchison,,,,Knee,,Full Participation in Practice,2023-12-01 20:38:37,injury_reports_2023.csv,0.0,DT,LA
2023,REG,LA,13,00-0037841,S,Quentin Lake,Quentin,Lake,Hamstring,,Out,Hamstring,,Did Not Participate In Practice,2023-12-01 20:40:21,injury_reports_2023.csv,3.0,S,LA
2023,REG,LA,13,00-0035933,LB,Michael Hoecht,Michael,Hoecht,Knee,,Questionable,Knee,,Did Not Participate In Practice,2023-12-01 20:40:38,injury_reports_2023.csv,1.0,LB,LA
2023,REG,LAC,13,00-0031040,ED,Khalil Mack,Khalil,Mack,,,,Not injury related - resting player,,Did Not Participate In Practice,2023-11-29 21:17:47,injury_reports_2023.csv,0.0,DE,LAC
2023,REG,LAC,13,00-0031554,LB,Eric Kendricks,Eric,Kendricks,,,,Knee,,Full Participation in Practice,2023-12-01 22:14:09,injury_reports_2023.csv,0.0,LB,LAC
2023,REG,LAC,13,00-0036441,LB,Kenneth Murray,Kenneth,Murray,,,,Shoulder,,Full Participation in Practice,2023-12-01 22:14:09,injury_reports_2023.csv,0.0,LB,LAC
2023,REG,LAC,13,00-0037270,DI,Otito Ogbonnia,Otito,Ogbonnia,,,,Knee,,Full Participation in Practice,2023-12-01 22:14:09,injury_reports_2023.csv,0.0,DT,LAC
2023,REG,LAC,13,00-0037307,CB,Ja'Sir Taylor,Ja'Sir,Taylor,Illness,,Out,Illness,,Did Not Participate In Practice,2023-12-01 22:14:56,injury_reports_2023.csv,3.0,CB,LAC
2023,REG,LAC,13,00-0038091,S,J.T. Woods,J.T.,Woods,Illness,,Out,Illness,,Limited Participation in Practice,2023-12-01 22:14:49,injury_reports_2023.csv,3.0,S,LAC
2023,REG,MIA,13,00-0034248,S,Elijah Campbell,Elijah,Campbell,,,,Shoulder,,Full Participation in Practice,2023-12-01 20:25:18,injury_reports_2023.csv,0.0,S,MIA
2023,REG,MIA,13,00-0034832,LB,Bradley Chubb,Bradley,Chubb,,,,Knee,,Full Participation in Practice,2023-12-01 20:25:27,injury_reports_2023.csv,0.0,LB,MIA
2023,REG,MIA,13,00-0037353,CB,Kader Kohou,Kader,Kohou,,,,Hamstring,,Limited Participation in Practice,2023-12-01 20:24:56,injury_reports_2023.csv,0.0,CB,MIA
2023,REG,MIA,13,00-0036998,S,Jevon Holland,Jevon,Holland,Knee,Knee,Questionable,Knee,Knee,Limited Participation in Practice,2023-12-01 20:26:16,injury_reports_2023.csv,1.0,S,MIA
2023,REG,NE,13,00-0034385,LB,Ja'Whaun Bentley,Ja'Whaun,Bentley,,,,Hamstring,,Full Participation in Practice,2023-12-01 20:33:03,injury_reports_2023.csv,0.0,LB,NE
2023,REG,NE,13,00-0034787,LB,Chris Board,Chris,Board,Back,,Questionable,Back,,Limited Participation in Practice,2023-12-01 20:35:18,injury_reports_2023.csv,1.0,LB,NE
2023,REG,NE,13,00-0033947,ED,Deatrich Wise,Deatrich,Wise,Shoulder,,Questionable,Shoulder,,Limited Participation in Practice,2023-12-01 20:35:18,injury_reports_2023.csv,1.0,DE,NE
2023,REG,NO,13,00-0033892,S,Marcus Maye,Marcus,Maye,Shoulder,,Out,Shoulder,,Did Not Participate In Practice,2023-12-01 20:16:01,injury_reports_2023.csv,3.0,S,NO
2023,REG,NO,13,00-0036927,LB,Pete Werner,Pete,Werner,Shoulder,Oblique,Out,Shoulder,Oblique,Did Not Participate In Practice,2023-12-01 20:16:22,injury_reports_2023.csv,3.0,LB,NO
2023,REG,NO,13,00-0027962,ED,Cameron Jordan,Cameron,Jordan,Ankle,,Questionable,Ankle,,Did Not Participate In Practice,2023-12-01 20:15:51,injury_reports_2023.csv,1.0,DE,NO
2023,REG,NYJ,13,00-0036501,CB,Michael Carter,Michael,Carter,,,,Hamstring,,Full Participation in Practice,2023-12-01 19:47:49,injury_reports_2023.csv,0.0,CB,NYJ
2023,REG,NYJ,13,00-0034902,LB,Sam Eguavoen,Sam,Eguavoen,,,,Hip,,Full Participation in Practice,2023-12-01 19:47:49,injury_reports_2023.csv,0.0,LB,NYJ
2023,REG,NYJ,13,00-0033770,CB,Justin Hardee,Justin,Hardee,,,,Hamstring,,Full Participation in Practice,2023-12-01 19:47:49,injury_reports_2023.csv,0.0,CB,NYJ
2023,REG,NYJ,13,00-0039142,ED,Will McDonald,Will,McDonald,,,,Shoulder,,Full Participation in Practice,2023-12-01 19:47:49,injury_reports_2023.csv,0.0,DE,NYJ
2023,REG,NYJ,13,00-0035680,LB,Quincy Williams,Quincy,Williams,,,,Knee,,Full Participation in Practice,2023-12-01 19:49:05,injury_reports_2023.csv,0.0,LB,NYJ
2023,REG,PHI,13,00-0037073,DI,Jordan Davis,Jordan,Davis,,,,Hamstring,,Full Participation in Practice,2023-12-01 20:51:03,injury_reports_2023.csv,0.0,DT,PHI
2023,REG,PHI,13,00-0036916,DI,Milton Williams,Milton,Williams,,,,Concussion,,Full Participation in Practice,2023-12-01 20:50:31,injury_reports_2023.csv,0.0,DT,PHI
2023,REG,PHI,13,00-0033547,LB,Zach Cunningham,Zach,Cunningham,Hamstring,,Out,Hamstring,,Did Not Participate In Practice,2023-12-01 20:51:36,injury_reports_2023.csv,3.0,LB,PHI
2023,REG,PHI,13,00-0033898,S,Justin Evans,Justin,Evans,Knee,,Out,Knee,,Did Not Participate In Practice,2023-12-01 20:51:44,injury_reports_2023.csv,3.0,S,PHI
2023,REG,PHI,13,00-0029653,DI,Fletcher Cox,Fletcher,Cox,Groin,,Questionable,Groin,,Did Not Participate In Practice,2023-12-01 20:51:23,injury_reports_2023.csv,1.0,DT,PHI
2023,REG,PIT,13,00-0027943,CB,Patrick Peterson,Patrick,Peterson,,,,Not injury related - resting player,,Did Not Participate In Practice,2023-11-29 21:03:09,injury_reports_2023.csv,0.0,CB,PIT
2023,REG,PIT,13,00-0034789,S,Minkah Fitzpatrick,Minkah,Fitzpatrick,,,,Hamstring,,Full Participation in Practice,2023-12-01 19:56:44,injury_reports_2023.csv,0.0,S,PIT
2023,REG,PIT,13,00-0027969,DI,Cameron Heyward,Cameron,Heyward,,,,Not injury related - resting player,Groin,Full Participation in Practice,2023-12-01 19:57:02,injury_reports_2023.csv,0.0,DT,PIT
2023,REG,PIT,13,00-0035795,CB,James Pierre,James,Pierre,,,,Shoulder,,Limited Participation in Practice,2023-12-01 19:57:12,injury_reports_2023.csv,0.0,CB,PIT
2023,REG,PIT,13,00-0033929,DI,Montravius Adams,Montravius,Adams,Ankle,,Questionable,Ankle,,Limited Participation in Practice,2023-12-01 19:57:35,injury_reports_2023.csv,1.0,DT,PIT
2023,REG,SEA,13,00-0033872,S,Jamal Adams,Jamal,Adams,,,,Knee,,Full Participation in Practice,2023-11-29 21:03:21,injury_reports_2023.csv,0.0,S,SEA
2023,REG,SEA,13,00-0039047,LB,Derick Hall,Derick,Hall,,,,Shoulder,,Full Participation in Practice,2023-11-29 21:02:56,injury_reports_2023.csv,0.0,LB,SEA
2023,REG,SEA,13,00-0031933,DI,Leonard Williams,Leonard,Williams,Ankle,,Questionable,Ankle,,Full Participation in Practice,2023-11-29 20:42:05,injury_reports_2023.csv,1.0,DT,SEA
2023,REG,SF,13,00-0035717,ED,Nick Bosa,Nick,Bosa,,,,Toe,,Limited Participation in Practice,2023-12-01 20:43:54,injury_reports_2023.csv,0.0,DE,SF
2023,REG,SF,13,00-0032164,DI,Arik Armstead,Arik,Armstead,Foot,,Questionable,Foot,,Limited Participation in Practice,2023-12-01 20:46:21,injury_reports_2023.csv,1.0,DT,SF
2023,REG,TB,13,00-0034515,CB,Dee Delaney,Dee,Delaney,,,,Not injury related - personal matter,,Did Not Participate In Practice,2023-12-01 21:21:05,injury_reports_2023.csv,0.0,CB,TB
2023,REG,TB,13,00-0034778,CB,Carlton Davis,Carlton,Davis,,,,Ankle,,Full Participation in Practice,2023-12-01 21:19:51,injury_reports_2023.csv,0.0,CB,TB
2023,REG,TB,13,00-0039068,LB,YaYa Diaby,YaYa,Diaby,,,,Ankle,,Full Participation in Practice,2023-12-01 21:21:19,injury_reports_2023.csv,0.0,LB,TB
2023,REG,TB,13,00-0029562,LB,Lavonte David,Lavonte,David,Groin,,Out,Groin,,Did Not Participate In Practice,2023-12-01 21:21:54,injury_reports_2023.csv,3.0,LB,TB
2023,REG,TB,13,00-0035699,CB,Jamel Dean,Jamel,Dean,Ankle,Foot,Out,Ankle,Foot,Did Not Participate In Practice,2023-12-01 21:22:27,injury_reports_2023.csv,3.0,CB,TB
2023,REG,TB,13,00-0037627,DI,Mike Greene,Mike,Greene,Calf,,Out,Calf,,Did Not Participate In Practice,2023-12-01 21:22:06,injury_reports_2023.csv,3.0,DT,TB
2023,REG,TB,13,00-0035707,LB,Devin White,Devin,White,Foot,,Out,Foot,,Did Not Participate In Practice,2023-12-01 21:22:13,injury_reports_2023.csv,3.0,LB,TB
2023,REG,TB,13,00-0039049,LB,SirVocea Dennis,SirVocea,Dennis,Illness,,Doubtful,Illness,,Did Not Participate In Practice,2023-12-01 21:22:36,injury_reports_2023.csv,2.0,LB,TB
2023,REG,TEN,13,00-0031254,ED,Denico Autry,Denico,Autry,,,,Not injury related - resting player,,Full Participation in Practice,2023-12-01 20:15:19,injury_reports_2023.csv,0.0,DE,TEN
2023,REG,TEN,13,00-0034858,S,Terrell Edmunds,Terrell,Edmunds,,,,Shoulder,,Full Participation in Practice,2023-12-01 20:15:11,injury_reports_2023.csv,0.0,S,TEN
2023,REG,TEN,13,00-0035413,LB,Luke Gifford,Luke,Gifford,,,,Shin,,Limited Participation in Practice,2023-12-01 20:15:11,injury_reports_2023.csv,0.0,LB,TEN
2023,REG,TEN,13,00-0038125,CB,Roger McCreary,Roger,McCreary,,,,Foot,,Limited Participation in Practice,2023-12-01 20:15:11,injury_reports_2023.csv,0.0,CB,TEN
2023,REG,WAS,13,00-0039151,CB,Emmanuel Forbes,Emmanuel,Forbes,Elbow,,Out,Elbow,,Did Not Participate In Practice,2023-12-01 18:44:48,injury_reports_2023.csv,3.0,CB,WAS
2023,REG,WAS,13,00-0036351,ED,James Smith-Williams,James,Smith-Williams,Hamstring,,Out,Hamstring,,Did Not Participate In Practice,2023-12-01 18:44:53,injury_reports_2023.csv,3.0,DE,WAS
2023,REG,ATL,14,00-0026190,ED,Calais Campbell,Calais,Campbell,,,,Not injury related - resting player,,Did Not Participate In Practice,2023-12-06 21:09:40,injury_reports_2023.csv,0.0,DE,ATL
2023,REG,ATL,14,00-0037587,LB,Nate Landman,Nate,Landman,Knee,,Out,Knee,,Did Not Participate In Practice,2023-12-08 19:03:13,injury_reports_2023.csv,3.0,LB,ATL
2023,REG,ATL,14,00-0033051,DI,David Onyemata,David,Onyemata,Ankle,,Out,Ankle,,Did Not Participate In Practice,2023-12-08 19:04:36,injury_reports_2023.csv,3.0,DT,ATL
2023,REG,ATL,14,00-0036204,DI,Lacale London,Lacale,London,Knee,,Out,Knee,,Full Participation in Practice,2023-12-08 19:03:24,injury_reports_2023.csv,3.0,DT,ATL
2023,REG,ATL,14,00-0034843,CB,Mike Hughes,Mike,Hughes,Hand,,Questionable,Hand,,Full Participation in Practice,2023-12-08 19:05:22,injury_reports_2023.csv,1.0,CB,ATL
2023,REG,ATL,14,00-0036285,CB,A.J. Terrell,A.J.,Terrell,Concussion,,Questionable,Concussion,,Full Participation in Practice,2023-12-08 19:04:58,injury_reports_2023.csv,1.0,CB,ATL
2023,REG,ATL,14,00-0036274,CB,Jeff Okudah,Jeff,Okudah,Ankle,,Questionable,Ankle,,Limited Participation in Practice,2023-12-08 19:04:49,injury_reports_2023.csv,1.0,CB,ATL
2023,REG,BLT,14,00-0033281,CB,Marlon Humphrey,Marlon,Humphrey,,,,Calf,,Full Participation in Practice,2023-12-08 20:44:58,injury_reports_2023.csv,0.0,CB,BAL
2023,REG,BLT,14,00-0036130,DI,Nnamdi Madubuike,Nnamdi,Madubuike,,,,Concussion,,Full Participation in Practice,2023-12-08 20:44:58,injury_reports_2023.csv,0.0,DT,BAL
2023,REG,BLT,14,00-0038504,LB,Trenton Simpson,Trenton,Simpson,,,,Concussion,,Full Participation in Practice,2023-12-08 20:44:58,injury_reports_2023.csv,0.0,LB,BAL
2023,REG,BLT,14,00-0038448,LB,Malik Hamm,Malik,Hamm,Ankle,,Questionable,Ankle,,Full Participation in Practice,2023-12-08 20:45:51,injury_reports_2023.csv,1.0,LB,BAL
2023,REG,BLT,14,00-0037984,CB,Damarion Williams,Damarion,Williams,Ankle,,Questionable,Ankle,,Full Participation in Practice,2023-12-08 20:45:51,injury_reports_2023.csv,1.0,CB,BAL
2023,REG,BLT,14,00-0036280,LB,Malik Harrison,Malik,Harrison,Groin,,Questionable,Groin,,Limited Participation in Practice,2023-12-08 20:45:51,injury_reports_2023.csv,1.0,LB,BAL
2023,REG,BUF,14,00-0033072,ED,Leonard Floyd,Leonard,Floyd,,,,Wrist,,Full Participation in Practice,2023-12-08 19:06:49,injury_reports_2023.csv,0.0,DE,BUF
2023,REG,BUF,14,00-0036166,CB,Dane Jackson,Dane,Jackson,,,,Concussion,,Full Participation in Practice,2023-12-08 19:06:49,injury_reports_2023.csv,0.0,CB,BUF
2023,REG,BUF,14,00-0027940,LB,Von Miller,Von,Miller,,,,Not injury related - resting player,,Full Participation in Practice,2023-12-08 19:06:49,injury_reports_2023.csv,0.0,LB,BUF
2023,REG,BUF,14,00-0035663,S,Taylor Rapp,Taylor,Rapp,,,,Neck,,Full Participation in Practice,2023-12-08 19:06:49,injury_reports_2023.csv,0.0,S,BUF
2023,REG,BUF,14,00-0037242,CB,Kaiir Elam,Kaiir,Elam,Ankle,,Questionable,Ankle,,Full Participation in Practice,2023-12-08 19:06:59,injury_reports_2023.csv,1.0,CB,BUF
2023,REG,CAR,14,00-0038535,LB,D.J. Johnson,D.J.,Johnson,,,,Not injury related - personal matter,,Did Not Participate In Practice,2023-12-07 20:01:50,injury_reports_2023.csv,0.0,LB,CAR
2023,REG,CAR,14,00-0037043,LB,Amare Barno,Amare,Barno,,,,Ankle,,Full Participation in Practice,2023-12-08 17:24:12,injury_reports_2023.csv,0.0,LB,CAR
2023,REG,CAR,14,00-0032939,S,Vonn Bell,Vonn,Bell,,,,Shoulder,,Full Participation in Practice,2023-12-08 17:24:24,injury_reports_2023.csv,0.0,S,CAR
2023,REG,CAR,14,00-0036293,S,Jeremy Chinn,Jeremy,Chinn,,,,Quadricep,,Limited Participation in Practice,2023-12-08 17:22:56,injury_reports_2023.csv,0.0,S,CAR
2023,REG,CAR,14,00-0031785,CB,Troy Hill,Troy,Hill,,,,Ankle,,Limited Participation in Practice,2023-12-08 17:23:28,injury_reports_2023.csv,0.0,CB,CAR
2023,REG,CAR,14,00-0036944,CB,Jaycee Horn,Jaycee,Horn,,,,Hamstring,,Limited Participation in Practice,2023-12-08 17:23:42,injury_reports_2023.csv,0.0,CB,CAR
2023,REG,CAR,14,00-0031795,ED,DeShawn Williams,DeShawn,Williams,Knee,,Out,Knee,,Did Not Participate In Practice,2023-12-08 17:25:58,injury_reports_2023.csv,3.0,DE,CAR
2023,REG,CAR,14,00-0034382,LB,Marquis Haynes,Marquis,Haynes,Back,,Questionable,Back,,Full Participation in Practice,2023-12-08 17:26:50,injury_reports_2023.csv,1.0,LB,CAR
2023,REG,CAR,14,00-0036288,LB,Yetur Gross-Matos,Yetur,Gross-Matos,Hamstring,,Questionable,Hamstring,,Limited Participation in Practice,2023-12-08 17:26:23,injury_reports_2023.csv,1.0,LB,CAR
2023,REG,CHI,14,00-0038390,LB,Noah Sewell,Noah,Sewell,,,,Knee,,Full Participation in Practice,2023-12-08 19:50:54,injury_reports_2023.csv,0.0,LB,CHI
2023,REG,CHI,14,00-0039071,CB,Tyrique Stevenson,Tyrique,Stevenson,,,,Ankle,,Full Participation in Practice,2023-12-08 19:50:54,injury_reports_2023.csv,0.0,CB,CHI
2023,REG,CHI,14,00-0033123,ED,Yannick Ngakoue,Yannick,Ngakoue,Knee,,Questionable,Knee,,Full Participation in Practice,2023-12-08 19:51:31,injury_reports_2023.csv,1.0,DE,CHI
2023,REG,CIN,14,00-0036298,LB,Akeem Davis-Gaither,Akeem,Davis-Gaither,,,,Not injury related - resting player,,Full Participation in Practice,2023-12-08 18:47:38,injury_reports_2023.csv,0.0,LB,CIN
2023,REG,CIN,14,00-0034800,DI,B.J. Hill,B.J.,Hill,,,,Not injury related - resting player,,Full Participation in Practice,2023-12-08 18:47:43,injury_reports_2023.csv,0.0,DT,CIN
2023,REG,CIN,14,00-0034834,ED,Sam Hubbard,Sam,Hubbard,,,,Not injury related - resting player,,Full Participation in Practice,2023-12-08 18:47:48,injury_reports_2023.csv,0.0,DE,CIN
2023,REG,CIN,14,00-0038549,CB,D.J. Turner,D.J.,Turner,,,,Hamstring,,Full Participation in Practice,2023-12-08 18:47:55,injury_reports_2023.csv,0.0,CB,CIN
2023,REG,CIN,14,00-0032424,DI,D.J. Reader,D.J.,Reader,Back,,Questionable,Back,,Did Not Participate In Practice,2023-12-08 18:48:41,injury_reports_2023.csv,1.0,DT,CIN
2023,REG,CLV,14,00-0036282,S,Grant Delpit,Grant,Delpit,,,,Knee,,Did Not Participate In Practice,2023-12-08 19:46:34,injury_reports_2023.csv,0.0,S,CLE
2023,REG,CLV,14,00-0033868,ED,Myles Garrett,Myles,Garrett,,,,Not injury related - resting player,Shoulder,Full Participation in Practice,2023-12-08 19:45:38,injury_reports_2023.csv,0.0,DE,CLE
2023,REG,CLV,14,00-0031270,DI,Shelby Harris,Shelby,Harris,,,,Achilles,,Full Participation in Practice,2023-12-08 19:45:38,injury_reports_2023.csv,0.0,DT,CLE
2023,REG,CLV,14,00-0034746,DI,Maurice Hurst,Maurice,Hurst,,,,Groin,,Full Participation in Practice,2023-12-08 19:47:10,injury_reports_2023.csv,0.0,DT,CLE
2023,REG,CLV,14,00-0034807,ED,Ogbonnia Okoronkwo,Ogbonnia,Okoronkwo,,,,Foot,Groin,Full Participation in Practice,2023-12-08 19:48:03,injury_reports_2023.csv,0.0,DE,CLE
2023,REG,CLV,14,00-0035625,S,Juan Thornhill,Juan,Thornhill,,,,Calf,,Full Participation in Practice,2023-12-08 19:48:26,injury_reports_2023.csv,0.0,S,CLE
2023,REG,CLV,14,00-0038585,CB,Cameron Mitchell,Cameron,Mitchell,Hamstring,,Questionable,Hamstring,,Full Participation in Practice,2023-12-08 19:49:05,injury_reports_2023.csv,1.0,CB,CLE
2023,REG,CLV,14,00-0034856,CB,Denzel Ward,Denzel,Ward,Shoulder,,Questionable,Shoulder,,Limited Participation in Practice,2023-12-08 19:49:05,injury_reports_2023.csv,1.0,CB,CLE
2023,REG,DAL,14,00-0029542,CB,Stephon Gilmore,Stephon,Gilmore,,,,Not injury related - resting player,,Limited Participation in Practice,2023-12-06 20:30:11,injury_reports_2023.csv,0.0,CB,DAL
2023,REG,DAL,14,00-0030063,DI,Johnathan Hankins,Johnathan,Hankins,,,,Not injury related - resting player,,Limited Participation in Practice,2023-12-06 20:30:23,injury_reports_2023.csv,0.0,DT,DAL
2023,REG,DAL,14,00-0031411,ED,Demarcus Lawrence,Demarcus,Lawrence,,,,Not injury related - resting player,,Limited Participation in Practice,2023-12-06 20:30:43,injury_reports_2023.csv,0.0,DE,DAL
2023,REG,DEN,14,00-0035248,ED,Zach Allen,Zach,Allen,,,,Elbow,,Full Participation in Practice,2023-12-08 21:26:47,injury_reports_2023.csv,0.0,DE,DEN
2023,REG,DEN,14,00-0036995,LB,Baron Browning,Baron,Browning,,,,Wrist,,Full Participation in Practice,2023-12-08 21:26:47,injury_reports_2023.csv,0.0,LB,DEN
2023,REG,DEN,14,00-0029890,DI,Mike Purcell,Mike,Purcell,,,,Not injury related - resting player,,Full Participation in Practice,2023-12-08 21:26:53,injury_reports_2023.csv,0.0,DT,DEN
2023,REG,DEN,14,00-0036874,CB,Patrick Surtain,Patrick,Surtain,,,,Knee,,Full Participation in Practice,2023-12-08 21:26:47,injury_reports_2023.csv,0.0,CB,DEN
2023,REG,DEN,14,00-0037264,S,Delarrin Turner-Yell,Delarrin,Turner-Yell,,,,Back,,Full Participation in Practice,2023-12-08 21:26:47,injury_reports_2023.csv,0.0,S,DEN
2023,REG,DET,14,00-0033914,LB,Alex Anzalone,Alex,Anzalone,,,,Hand,,Full Participation in Practice,2023-12-08 20:42:22,injury_reports_2023.csv,0.0,LB,DET
2023,REG,DET,14,00-0037289,LB,Malcolm Rodriguez,Malcolm,Rodriguez,Ankle,,Questionable,Ankle,,Limited Participation in Practice,2023-12-08 20:42:26,injury_reports_2023.csv,1.0,LB,DET
2023,REG,GB,14,00-0032401,LB,De'Vondre Campbell,De'Vondre,Campbell,,,,Neck,,Full Participation in Practice,2023-12-09 19:52:38,injury_reports_2023.csv,0.0,LB,GB
2023,REG,GB,14,00-0034967,LB,Rashan Gary,Rashan,Gary,,,,Shoulder,,Full Participation in Practice,2023-12-09 19:52:49,injury_reports_2023.csv,0.0,LB,GB
2023,REG,GB,14,00-0035133,CB,Keisean Nixon,Keisean,Nixon,,,,Wrist,,Full Participation in Practice,2023-12-09 19:52:28,injury_reports_2023.csv,0.0,CB,GB
2023,REG,GB,14,00-0034485,S,Jonathan Owens,Jonathan,Owens,,,,Knee,,Full Participation in Practice,2023-12-09 19:53:06,injury_reports_2023.csv,0.0,S,GB
2023,REG,GB,14,00-0037075,ED,Devonte Wyatt,Devonte,Wyatt,,,,Elbow,,Limited Participation in Practice,2023-12-09 19:52:28,injury_reports_2023.csv,0.0,DE,GB
2023,REG,GB,14,00-0037074,LB,Quay Walker,Quay,Walker,Shoulder,,Doubtful,Shoulder,,Did Not Participate In Practice,2023-12-09 19:53:58,injury_reports_2023.csv,2.0,LB,GB
2023,REG,GB,14,00-0036901,CB,Eric Stokes,Eric,Stokes,Hamstring,,Questionable,Hamstring,,Full Participation in Practice,2023-12-09 19:53:26,injury_reports_2023.csv,1.0,CB,GB
2023,REG,GB,14,00-0034728,CB,Jaire Alexander,Jaire,Alexander,Shoulder,,Questionable,Shoulder,,Limited Participation in Practice,2023-12-09 19:53:26,injury_reports_2023.csv,1.0,CB,GB
2023,REG,GB,14,00-0034968,S,Darnell Savage,Darnell,Savage,Chest,,Questionable,Chest,,Limited Participation in Practice,2023-12-09 19:53:26,injury_reports_2023.csv,1.0,S,GB
2023,REG,HST,14,00-0039108,ED,Will Anderson,Will,Anderson,,,,Shoulder,,Did Not Participate In Practice,2023-12-08 20:47:49,injury_reports_2023.csv,0.0,DE,HOU
2023,REG,HST,14,00-0031740,LB,Neville Hewitt,Neville,Hewitt,,,,Hamstring,,Full Participation in Practice,2023-12-08 20:48:04,injury_reports_2023.csv,0.0,LB,HOU
2023,REG,HST,14,00-0032103,LB,Denzel Perryman,Denzel,Perryman,,,,Knee,,Full Participation in Practice,2023-12-08 20:48:14,injury_reports_2023.csv,0.0,LB,HOU
2023,REG,HST,14,00-0031298,S,Jimmie Ward,Jimmie,Ward,,,,Shoulder,,Full Participation in Practice,2023-12-08 20:48:23,injury_reports_2023.csv,0.0,S,HOU
2023,REG,HST,14,00-0032790,S,DeAndre Houston-Carson,DeAndre,Houston-Carson,Illness,,Out,,,"
    ",2023-12-10 13:14:09,injury_reports_2023.csv,3.0,S,HOU
2023,REG,HST,14,00-0032759,DI,Sheldon Rankins,Sheldon,Rankins,Elbow,Shoulder,Questionable,Elbow,Shoulder,Limited Participation in Practice,2023-12-08 20:48:38,injury_reports_2023.csv,1.0,DT,HOU
2023,REG,IND,14,00-0032378,DI,DeForest Buckner,DeForest,Buckner,,,,Shoulder,Not injury related - resting p,Did Not Participate In Practice,2023-12-08 19:27:26,injury_reports_2023.csv,0.0,DT,IND
2023,REG,IND,14,00-0034359,ED,Tyquan Lewis,Tyquan,Lewis,,,,Ankle,,Full Participation in Practice,2023-12-08 19:28:11,injury_reports_2023.csv,0.0,DE,IND
2023,REG,IND,14,00-0033952,DI,Grover Stewart,Grover,Stewart,,,,Not Injury Related - Returning From Suspension,,Full Participation in Practice,2023-12-06 20:29:30,injury_reports_2023.csv,0.0,DT,IND
2023,REG,IND,14,00-0038624,CB,Ameer Speed,Ameer,Speed,Hip,,Questionable,Hip,,Did Not Participate In Practice,2023-12-08 19:28:47,injury_reports_2023.csv,1.0,CB,IND
2023,REG,IND,14,00-0039156,CB,Julius Brents,Julius,Brents,Quadricep,,Questionable,Quadricep,,Limited Participation in Practice,2023-12-08 19:28:47,injury_reports_2023.csv,1.0,CB,IND
2023,REG,IND,14,00-0034987,LB,E.J. Speed,E.J.,Speed,Knee,,Questionable,Knee,,Limited Participation in Practice,2023-12-08 19:28:47,injury_reports_2023.csv,1.0,LB,IND
2023,REG,JAX,14,00-0036941,S,Andre Cisco,Andre,Cisco,,,,Shoulder,,Full Participation in Practice,2023-12-08 20:09:18,injury_reports_2023.csv,0.0,S,JAX
2023,REG,JAX,14,00-0034516,CB,Tre Herndon,Tre,Herndon,Concussion,,Out,Concussion,,Did Not Participate In Practice,2023-12-08 20:10:45,injury_reports_2023.csv,3.0,CB,JAX
2023,REG,JAX,14,00-0038616,CB,Christian Braswell,Christian,Braswell,Hamstring,,Out,Hamstring,,Limited Participation in Practice,2023-12-08 20:08:49,injury_reports_2023.csv,3.0,CB,JAX
2023,REG,JAX,14,00-0036974,CB,Tyson Campbell,Tyson,Campbell,Quadricep,,Questionable,Quadricep,,Limited Participation in Practice,2023-12-08 20:09:10,injury_reports_2023.csv,1.0,CB,JAX
2023,REG,JAX,14,00-0034275,DI,Folorunso Fatukasi,Folorunso,Fatukasi,Heel,,Questionable,Heel,,Limited Participation in Practice,2023-12-08 20:10:24,injury_reports_2023.csv,1.0,DT,JAX
2023,REG,KC,14,00-0036621,LB,Nick Bolton,Nick,Bolton,,,,Wrist,,Full Participation in Practice,2023-12-08 20:00:40,injury_reports_2023.csv,0.0,LB,KC
2023,REG,KC,14,00-0035157,LB,Darius Harris,Darius,Harris,,,,Wrist,,Full Participation in Practice,2023-12-08 20:00:40,injury_reports_2023.csv,0.0,LB,KC
2023,REG,KC,14,00-0036374,CB,L'Jarius Sneed,L'Jarius,Sneed,,,,Knee,,Limited Participation in Practice,2023-12-08 20:01:00,injury_reports_2023.csv,0.0,CB,KC
2023,REG,KC,14,00-0037193,S,Bryan Cook,Bryan,Cook,Ankle,,Out,Ankle,,Did Not Participate In Practice,2023-12-08 20:02:20,injury_reports_2023.csv,3.0,S,KC
2023,REG,KC,14,00-0035262,LB,Drue Tranquill,Drue,Tranquill,Concussion,,Out,Concussion,,Did Not Participate In Practice,2023-12-08 20:02:46,injury_reports_2023.csv,3.0,LB,KC
2023,REG,LA,14,00-0031388,DI,Aaron Donald,Aaron,Donald,,,,Not injury related - resting player,,Did Not Participate In Practice,2023-12-08 20:51:20,injury_reports_2023.csv,0.0,DT,LA
2023,REG,LA,14,00-0036237,DI,Larrell Murchison,Larrell,Murchison,,,,Elbow,,Full Participation in Practice,2023-12-08 20:50:59,injury_reports_2023.csv,0.0,DT,LA
2023,REG,LA,14,00-0035933,LB,Michael Hoecht,Michael,Hoecht,Knee,,Questionable,Knee,,Limited Participation in Practice,2023-12-08 20:53:04,injury_reports_2023.csv,1.0,LB,LA
2023,REG,LA,14,00-0037841,S,Quentin Lake,Quentin,Lake,Hamstring,,Questionable,Hamstring,,Limited Participation in Practice,2023-12-08 20:54:42,injury_reports_2023.csv,1.0,S,LA
2023,REG,LA,14,00-0039137,LB,Byron Young,Byron,Young,Knee,,Questionable,Knee,,Limited Participation in Practice,2023-12-08 20:53:19,injury_reports_2023.csv,1.0,LB,LA
2023,REG,LAC,14,00-0031040,ED,Khalil Mack,Khalil,Mack,,,,Not injury related - resting player,,Did Not Participate In Practice,2023-12-06 21:21:13,injury_reports_2023.csv,0.0,DE,LAC
2023,REG,LAC,14,00-0035591,LB,Justin Hollins,Justin,Hollins,,,,Chest,,Full Participation in Practice,2023-12-08 21:12:40,injury_reports_2023.csv,0.0,LB,LAC
2023,REG,LAC,14,00-0034810,DI,Sebastian Joseph,Sebastian,Joseph,,,,Ankle,,Full Participation in Practice,2023-12-08 21:12:40,injury_reports_2023.csv,0.0,DT,LAC
2023,REG,LAC,14,00-0036441,LB,Kenneth Murray,Kenneth,Murray,,,,Shoulder,,Full Participation in Practice,2023-12-08 21:12:40,injury_reports_2023.csv,0.0,LB,LAC
2023,REG,LAC,14,00-0037307,CB,Ja'Sir Taylor,Ja'Sir,Taylor,,,,Illness,,Full Participation in Practice,2023-12-08 21:12:40,injury_reports_2023.csv,0.0,CB,LAC
2023,REG,LAC,14,00-0030500,DI,Nicholas Williams,Nicholas,Williams,,,,Foot,,Full Participation in Practice,2023-12-08 21:13:58,injury_reports_2023.csv,0.0,DT,LAC
2023,REG,LAC,14,00-0035984,LB,Blake Lynch,Blake,Lynch,,,,Ankle,,Limited Participation in Practice,2023-12-08 21:13:06,injury_reports_2023.csv,0.0,LB,LAC
2023,REG,LAC,14,00-0037320,CB,Deane Leonard,Deane,Leonard,Ankle,Heel,Out,Ankle,Heel,Did Not Participate In Practice,2023-12-08 21:14:22,injury_reports_2023.csv,3.0,CB,LAC
2023,REG,LAC,14,00-0036716,LB,Amen Ogbongbemiga,Amen,Ogbongbemiga,Hamstring,,Questionable,Hamstring,,Did Not Participate In Practice,2023-12-08 21:14:04,injury_reports_2023.csv,1.0,LB,LAC
2023,REG,LAC,14,00-0037270,DI,Otito Ogbonnia,Otito,Ogbonnia,Knee,,Questionable,Knee,,Limited Participation in Practice,2023-12-08 21:14:04,injury_reports_2023.csv,1.0,DT,LAC
2023,REG,LV,14,00-0030070,DI,John Jenkins,John,Jenkins,,,,Not injury related - resting player,,Full Participation in Practice,2023-12-08 22:11:16,injury_reports_2023.csv,0.0,DT,LV
2023,REG,LV,14,00-0036989,ED,Malcolm Koonce,Malcolm,Koonce,,,,Ankle,,Full Participation in Practice,2023-12-08 22:11:20,injury_reports_2023.csv,0.0,DE,LV
2023,REG,LV,14,00-0034545,CB,Brandon Facyson,Brandon,Facyson,Shin,,Questionable,Shin,,Full Participation in Practice,2023-12-08 22:11:44,injury_reports_2023.csv,1.0,CB,LV
2023,REG,LV,14,00-0037383,LB,Kana'i Mauga,Kana'i,Mauga,Knee,,Questionable,Knee,,Full Participation in Practice,2023-12-08 22:11:44,injury_reports_2023.csv,1.0,LB,LV
2023,REG,LV,14,00-0034973,ED,Maxx Crosby,Maxx,Crosby,Knee,,Questionable,Knee,,Limited Participation in Practice,2023-12-08 22:11:44,injury_reports_2023.csv,1.0,DE,LV
2023,REG,MIA,14,00-0034797,LB,Jerome Baker,Jerome,Baker,,,,Knee,,Did Not Participate In Practice,2023-12-08 20:31:19,injury_reports_2023.csv,0.0,LB,MIA
2023,REG,MIA,14,00-0035231,ED,Christian Wilkins,Christian,Wilkins,,,,Groin,,Full Participation in Practice,2023-12-09 21:29:40,injury_reports_2023.csv,0.0,DE,MIA
2023,REG,MIA,14,00-0036998,S,Jevon Holland,Jevon,Holland,Knee,Knee,Questionable,Knee,Knee,Limited Participation in Practice,2023-12-09 21:29:44,injury_reports_2023.csv,1.0,S,MIA
2023,REG,MIN,14,00-0038101,CB,Akayleb Evans,Akayleb,Evans,,,,Calf,,Full Participation in Practice,2023-12-08 20:02:51,injury_reports_2023.csv,0.0,CB,MIN
2023,REG,MIN,14,00-0038811,CB,NaJee Thompson,NaJee,Thompson,,,,Knee,,Full Participation in Practice,2023-12-08 20:02:51,injury_reports_2023.csv,0.0,CB,MIN
2023,REG,MIN,14,00-0036909,DI,Khyiris Tonga,Khyiris,Tonga,,,,Knee,,Full Participation in Practice,2023-12-08 20:02:51,injury_reports_2023.csv,0.0,DT,MIN
2023,REG,MIN,14,00-0037301,S,Theo Jackson,Theo,Jackson,Illness,,Questionable,Illness,,Full Participation in Practice,2023-12-08 20:03:12,injury_reports_2023.csv,1.0,S,MIN
2023,REG,NE,14,00-0033947,ED,Deatrich Wise,Deatrich,Wise,,,,Illness,,Did Not Participate In Practice,2023-12-04 20:40:43,injury_reports_2023.csv,0.0,DE,NE
2023,REG,NE,14,00-0034787,LB,Chris Board,Chris,Board,,,,Back,,Limited Participation in Practice,2023-12-05 21:19:34,injury_reports_2023.csv,0.0,LB,NE
2023,REG,NE,14,00-0036559,CB,Shaun Wade,Shaun,Wade,Illness,,Out,Illness,,Limited Participation in Practice,2023-12-06 19:39:22,injury_reports_2023.csv,3.0,CB,NE
2023,REG,NE,14,00-0036981,DI,Christian Barmore,Christian,Barmore,Shoulder,,Questionable,Shoulder,,Limited Participation in Practice,2023-12-06 19:36:44,injury_reports_2023.csv,1.0,DT,NE
2023,REG,NO,14,00-0033892,S,Marcus Maye,Marcus,Maye,,,,Shoulder,,Did Not Participate In Practice,2023-12-06 20:57:49,injury_reports_2023.csv,0.0,S,NO
2023,REG,NO,14,00-0035763,DI,Malcolm Roach,Malcolm,Roach,,,,Knee,,Did Not Participate In Practice,2023-12-06 20:57:36,injury_reports_2023.csv,0.0,DT,NO
2023,REG,NO,14,00-0039143,ED,Isaiah Foskey,Isaiah,Foskey,Quadricep,,Out,Quadricep,,Did Not Participate In Practice,2023-12-08 20:23:31,injury_reports_2023.csv,3.0,DE,NO
2023,REG,NO,14,00-0027962,ED,Cameron Jordan,Cameron,Jordan,Ankle,,Questionable,Ankle,,Limited Participation in Practice,2023-12-08 20:23:22,injury_reports_2023.csv,1.0,DE,NO
2023,REG,NO,14,00-0036927,LB,Pete Werner,Pete,Werner,Shoulder,Oblique,Questionable,Shoulder,Oblique,Limited Participation in Practice,2023-12-08 20:23:22,injury_reports_2023.csv,1.0,LB,NO
2023,REG,NYG,14,00-0036402,LB,Carter Coughlin,Carter,Coughlin,,,,Hip,,Full Participation in Practice,2023-12-09 19:06:20,injury_reports_2023.csv,0.0,LB,NYG
2023,REG,NYG,14,00-0035683,DI,Dexter Lawrence,Dexter,Lawrence,Hamstring,,Questionable,Hamstring,,Limited Participation in Practice,2023-12-09 19:07:02,injury_reports_2023.csv,1.0,DT,NYG
2023,REG,NYG,14,00-0032889,DI,A'Shawn Robinson,A'Shawn,Robinson,Hamstring,,Questionable,Hamstring,,Limited Participation in Practice,2023-12-09 19:07:02,injury_reports_2023.csv,1.0,DT,NYG
2023,REG,NYG,14,00-0036356,LB,Isaiah Simmons,Isaiah,Simmons,Ankle,,Questionable,Ankle,,Limited Participation in Practice,2023-12-09 19:07:02,injury_reports_2023.csv,1.0,LB,NYG
2023,REG,NYJ,14,00-0035680,LB,Quincy Williams,Quincy,Williams,,,,Knee,,Full Participation in Practice,2023-12-08 20:54:01,injury_reports_2023.csv,0.0,LB,NYJ
2023,REG,NYJ,14,00-0034805,ED,John Franklin-Myers,John,Franklin-Myers,Ankle,,Questionable,Ankle,,Limited Participation in Practice,2023-12-08 20:54:12,injury_reports_2023.csv,1.0,DE,NYJ
2023,REG,PHI,14,00-0029653,DI,Fletcher Cox,Fletcher,Cox,,,,Groin,,Full Participation in Practice,2023-12-08 20:48:03,injury_reports_2023.csv,0.0,DT,PHI
2023,REG,PHI,14,00-0033547,LB,Zach Cunningham,Zach,Cunningham,,,,Hamstring,,Full Participation in Practice,2023-12-08 20:48:11,injury_reports_2023.csv,0.0,LB,PHI
2023,REG,PHI,14,00-0030062,CB,Darius Slay,Darius,Slay,,,,Not injury related - resting player,Knee,Full Participation in Practice,2023-12-08 20:48:28,injury_reports_2023.csv,0.0,CB,PHI
2023,REG,PIT,14,00-0027943,CB,Patrick Peterson,Patrick,Peterson,,,,Not injury related - resting player,,Did Not Participate In Practice,2023-12-04 19:46:04,injury_reports_2023.csv,0.0,CB,PIT
2023,REG,PIT,14,00-0033929,DI,Montravius Adams,Montravius,Adams,,,,Ankle,,Full Participation in Practice,2023-12-06 21:01:40,injury_reports_2023.csv,0.0,DT,PIT
2023,REG,PIT,14,00-0034789,S,Minkah Fitzpatrick,Minkah,Fitzpatrick,,,,Hand,,Full Participation in Practice,2023-12-06 21:01:40,injury_reports_2023.csv,0.0,S,PIT
2023,REG,PIT,14,00-0039110,DI,Keeanu Benton,Keeanu,Benton,,,,Oblique,,Limited Participation in Practice,2023-12-06 21:01:40,injury_reports_2023.csv,0.0,DT,PIT
2023,REG,PIT,14,00-0027969,DI,Cameron Heyward,Cameron,Heyward,,,,Not injury related - resting player,Groin,Limited Participation in Practice,2023-12-06 21:01:40,injury_reports_2023.csv,0.0,DT,PIT
2023,REG,PIT,14,00-0035795,CB,James Pierre,James,Pierre,Shoulder,,Out,Shoulder,,Did Not Participate In Practice,2023-12-06 21:06:26,injury_reports_2023.csv,3.0,CB,PIT
2023,REG,PIT,14,00-0032442,LB,Elandon Roberts,Elandon,Roberts,Groin,,Questionable,Groin,,Limited Participation in Practice,2023-12-06 21:06:48,injury_reports_2023.csv,1.0,LB,PIT
2023,REG,SEA,14,00-0033872,S,Jamal Adams,Jamal,Adams,,,,Knee,,Full Participation in Practice,2023-12-08 22:10:30,injury_reports_2023.csv,0.0,S,SEA
2023,REG,SEA,14,00-0031933,DI,Leonard Williams,Leonard,Williams,,,,Ankle,,Full Participation in Practice,2023-12-08 22:10:36,injury_reports_2023.csv,0.0,DT,SEA
2023,REG,SEA,14,00-0032210,LB,Frank Clark,Frank,Clark,Inactive,,Out,,,"
    ",2023-12-09 20:11:57,injury_reports_2023.csv,3.0,LB,SEA
2023,REG,SEA,14,00-0032387,DI,Jarran Reed,Jarran,Reed,Hamstring,,Questionable,Hamstring,,Did Not Participate In Practice,2023-12-08 20:41:38,injury_reports_2023.csv,1.0,DT,SEA
2023,REG,SEA,14,00-0036409,LB,Jordyn Brooks,Jordyn,Brooks,Ankle,,Questionable,Ankle,,Limited Participation in Practice,2023-12-08 20:43:07,injury_reports_2023.csv,1.0,LB,SEA
2023,REG,SEA,14,00-0036885,CB,Tre Brown,Tre,Brown,Heel,,Questionable,Heel,,Limited Participation in Practice,2023-12-08 20:43:36,injury_reports_2023.csv,1.0,CB,SEA
2023,REG,SF,14,00-0032164,DI,Arik Armstead,Arik,Armstead,Foot,Knee,Out,Foot,Knee,Did Not Participate In Practice,2023-12-08 22:24:19,injury_reports_2023.csv,3.0,DT,SF
2023,REG,SF,14,00-0038594,CB,Darrell Luter,Darrell,Luter,Hamstring,,Doubtful,Hamstring,,Did Not Participate In Practice,2023-12-08 22:24:50,injury_reports_2023.csv,2.0,CB,SF
2023,REG,TB,14,00-0037491,LB,J.J. Russell,J.J.,Russell,,,,Not injury related - personal matter,,Did Not Participate In Practice,2023-12-06 20:30:59,injury_reports_2023.csv,0.0,LB,TB
2023,REG,TB,14,00-0029562,DI,Lavonte David,Lavonte,David,,,,Groin,,Full Participation in Practice,2023-12-08 18:25:29,injury_reports_2023.csv,0.0,DT,TB
2023,REG,TB,14,00-0039049,LB,SirVocea Dennis,SirVocea,Dennis,,,,Illness,,Full Participation in Practice,2023-12-08 18:25:29,injury_reports_2023.csv,0.0,LB,TB
2023,REG,TB,14,00-0039051,CB,Josh Hayes,Josh,Hayes,,,,Illness,,Full Participation in Practice,2023-12-08 18:26:16,injury_reports_2023.csv,0.0,CB,TB
2023,REG,TB,14,00-0035699,CB,Jamel Dean,Jamel,Dean,Ankle,Foot,Out,Ankle,Foot,Did Not Participate In Practice,2023-12-08 18:26:52,injury_reports_2023.csv,3.0,CB,TB
2023,REG,TB,14,00-0035707,LB,Devin White,Devin,White,Foot,,Out,Foot,,Did Not Participate In Practice,2023-12-08 18:27:11,injury_reports_2023.csv,3.0,LB,TB
2023,REG,TB,14,00-0034773,DI,Vita Vea,Vita,Vea,Toe,,Questionable,Toe,,Did Not Participate In Practice,2023-12-08 18:26:41,injury_reports_2023.csv,1.0,DT,TB
2023,REG,TB,14,00-0036643,LB,K.J. Britt,K.J.,Britt,Back,,Questionable,Back,,Full Participation in Practice,2023-12-08 18:26:41,injury_reports_2023.csv,1.0,LB,TB
2023,REG,TEN,14,00-0033659,LB,Joseph Jones,Joseph,Jones,,,,Finger,,Did Not Participate In Practice,2023-12-08 20:43:00,injury_reports_2023.csv,0.0,LB,TEN
2023,REG,TEN,14,00-0031254,ED,Denico Autry,Denico,Autry,,,,Not injury related - resting player,,Full Participation in Practice,2023-12-09 19:30:07,injury_reports_2023.csv,0.0,DE,TEN
2023,REG,TEN,14,00-0034858,S,Terrell Edmunds,Terrell,Edmunds,,,,Shoulder,,Full Participation in Practice,2023-12-09 19:30:02,injury_reports_2023.csv,0.0,S,TEN
2023,REG,TEN,14,00-0038850,ED,T.K. McLendon,T.K.,McLendon,,,,Toe,,Full Participation in Practice,2023-12-09 19:30:02,injury_reports_2023.csv,0.0,DE,TEN
2023,REG,TEN,14,00-0035413,LB,Luke Gifford,Luke,Gifford,,,,Shin,,Limited Participation in Practice,2023-12-09 19:30:31,injury_reports_2023.csv,0.0,LB,TEN
2023,REG,TEN,14,00-0038848,CB,Anthony Kendall,Anthony,Kendall,,,,Knee,,Limited Participation in Practice,2023-12-09 19:31:26,injury_reports_2023.csv,0.0,CB,TEN
2023,REG,TEN,14,00-0036416,CB,Kristian Fulton,Kristian,Fulton,Hamstring,,Out,Hamstring,,Did Not Participate In Practice,2023-12-09 19:32:58,injury_reports_2023.csv,3.0,CB,TEN
2023,REG,TEN,14,00-0035643,DI,Jeffery Simmons,Jeffery,Simmons,Knee,,Out,Knee,,Did Not Participate In Practice,2023-12-09 19:33:23,injury_reports_2023.csv,3.0,DT,TEN
2023,REG,TEN,14,00-0036181,DI,Teair Tart,Teair,Tart,Not injury related - personal matter,,Questionable,Not injury related - personal matter,,Limited Participation in Practice,2023-12-09 19:32:45,injury_reports_2023.csv,1.0,DT,TEN
2023,REG,ARZ,15,00-0032933,CB,Antonio Hamilton,Antonio,Hamilton,,,,Groin,,Full Participation in Practice,2023-12-15 20:46:51,injury_reports_2023.csv,0.0,CB,ARI
2023,REG,ARZ,15,00-0035334,DI,Kevin Strong,Kevin,Strong,,,,Knee,,Full Participation in Practice,2023-12-15 20:47:02,injury_reports_2023.csv,0.0,DT,ARI
2023,REG,ARZ,15,00-0038663,CB,Starling Thomas,Starling,Thomas,,,,Ankle,,Full Participation in Practice,2023-12-15 20:47:13,injury_reports_2023.csv,0.0,CB,ARI
2023,REG,ARZ,15,00-0035705,S,Jalen Thompson,Jalen,Thompson,,,,Toe,,Full Participation in Practice,2023-12-15 20:47:22,injury_reports_2023.csv,0.0,S,ARI
2023,REG,ARZ,15,00-0037080,LB,Tyreke Smith,Tyreke,Smith,not injury related - travel,,Out,not injury related - travel,,Did Not Participate In Practice,2023-12-15 21:43:43,injury_reports_2023.csv,3.0,LB,ARI
2023,REG,ARZ,15,00-0036011,CB,Bobby Price,Bobby,Price,Quadricep,,Out,Quadricep,,Limited Participation in Practice,2023-12-15 20:49:11,injury_reports_2023.csv,3.0,CB,ARI
2023,REG,ARZ,15,00-0035961,LB,Krys Barnes,Krys,Barnes,Ribs,,Questionable,Ribs,,Limited Participation in Practice,2023-12-15 20:49:02,injury_reports_2023.csv,1.0,LB,ARI
2023,REG,ATL,15,00-0026190,ED,Calais Campbell,Calais,Campbell,,,,Not injury related - resting player,,Did Not Participate In Practice,2023-12-13 21:13:40,injury_reports_2023.csv,0.0,DE,ATL
2023,REG,ATL,15,00-0036274,CB,Jeff Okudah,Jeff,Okudah,,,,Ankle,,Full Participation in Practice,2023-12-15 20:01:05,injury_reports_2023.csv,0.0,CB,ATL
2023,REG,ATL,15,00-0034320,DI,Kentavius Street,Kentavius,Street,Pectoral,,Out,Pectoral,,Did Not Participate In Practice,2023-12-15 20:05:21,injury_reports_2023.csv,3.0,DT,ATL
2023,REG,ATL,15,00-0036204,DI,Lacale London,Lacale,London,Knee,,Questionable,Knee,,Full Participation in Practice,2023-12-15 20:05:00,injury_reports_2023.csv,1.0,DT,ATL
2023,REG,ATL,15,00-0032146,LB,Bud Dupree,Bud,Dupree,Back,,Questionable,Back,,Limited Participation in Practice,2023-12-15 20:03:11,injury_reports_2023.csv,1.0,LB,ATL
2023,REG,ATL,15,00-0037587,LB,Nate Landman,Nate,Landman,Knee,,Questionable,Knee,,Limited Participation in Practice,2023-12-15 20:03:30,injury_reports_2023.csv,1.0,LB,ATL
2023,REG,ATL,15,00-0033051,DI,David Onyemata,David,Onyemata,Ankle,,Questionable,Ankle,,Limited Participation in Practice,2023-12-15 20:05:11,injury_reports_2023.csv,1.0,DT,ATL
2023,REG,BLT,15,00-0036280,LB,Malik Harrison,Malik,Harrison,,,,Groin,,Full Participation in Practice,2023-12-15 20:39:52,injury_reports_2023.csv,0.0,LB,BAL
2023,REG,BLT,15,00-0034874,LB,Roquan Smith,Roquan,Smith,,,,Back,,Full Participation in Practice,2023-12-15 20:39:52,injury_reports_2023.csv,0.0,LB,BAL
2023,REG,BLT,15,00-0038038,S,Kyle Hamilton,Kyle,Hamilton,Knee,,Questionable,Knee,,Full Participation in Practice,2023-12-15 20:40:37,injury_reports_2023.csv,1.0,S,BAL
2023,REG,BLT,15,00-0038448,LB,Malik Hamm,Malik,Hamm,Ankle,,Questionable,Ankle,,Full Participation in Practice,2023-12-15 20:40:37,injury_reports_2023.csv,1.0,LB,BAL
2023,REG,BUF,15,00-0033072,ED,Leonard Floyd,Leonard,Floyd,,,,Wrist,,Full Participation in Practice,2023-12-15 20:55:18,injury_reports_2023.csv,0.0,DE,BUF
2023,REG,BUF,15,00-0027940,LB,Von Miller,Von,Miller,,,,Not injury related - resting player,,Full Participation in Practice,2023-12-15 20:55:18,injury_reports_2023.csv,0.0,LB,BUF
2023,REG,BUF,15,00-0034376,CB,Taron Johnson,Taron,Johnson,,,,Ankle,,Limited Participation in Practice,2023-12-15 20:55:18,injury_reports_2023.csv,0.0,CB,BUF
2023,REG,BUF,15,00-0036192,ED,A.J. Epenesa,A.J.,Epenesa,Rib,,Out,Rib,,Did Not Participate In Practice,2023-12-15 20:57:00,injury_reports_2023.csv,3.0,DE,BUF
2023,REG,BUF,15,00-0030090,S,Micah Hyde,Micah,Hyde,Neck,,Out,Neck,,Did Not Participate In Practice,2023-12-15 20:57:08,injury_reports_2023.csv,3.0,S,BUF
2023,REG,BUF,15,00-0037242,CB,Kaiir Elam,Kaiir,Elam,Ankle,,Questionable,Ankle,,Full Participation in Practice,2023-12-15 20:56:46,injury_reports_2023.csv,1.0,CB,BUF
2023,REG,CAR,15,00-0031785,CB,Troy Hill,Troy,Hill,,,,Not injury related - resting player,,Did Not Participate In Practice,2023-12-13 19:04:28,injury_reports_2023.csv,0.0,CB,CAR
2023,REG,CAR,15,00-0036944,CB,Jaycee Horn,Jaycee,Horn,,,,Not injury related - resting player,,Did Not Participate In Practice,2023-12-13 19:04:41,injury_reports_2023.csv,0.0,CB,CAR
2023,REG,CAR,15,00-0038535,LB,D.J. Johnson,D.J.,Johnson,,,,Illness,,Did Not Participate In Practice,2023-12-13 19:05:27,injury_reports_2023.csv,0.0,LB,CAR
2023,REG,CAR,15,00-0034382,LB,Marquis Haynes,Marquis,Haynes,,,,Back,,Full Participation in Practice,2023-12-15 17:28:23,injury_reports_2023.csv,0.0,LB,CAR
2023,REG,CAR,15,00-0031795,ED,DeShawn Williams,DeShawn,Williams,,,,Knee,,Full Participation in Practice,2023-12-15 17:29:38,injury_reports_2023.csv,0.0,DE,CAR
2023,REG,CAR,15,00-0037043,LB,Amare Barno,Amare,Barno,Illness,,Questionable,Illness,,Did Not Participate In Practice,2023-12-15 17:31:16,injury_reports_2023.csv,1.0,LB,CAR
2023,REG,CAR,15,00-0038877,CB,D'Shawn Jamison,D'Shawn,Jamison,Illness,,Questionable,Illness,,Did Not Participate In Practice,2023-12-15 17:31:28,injury_reports_2023.csv,1.0,CB,CAR
2023,REG,CAR,15,00-0033579,S,Xavier Woods,Xavier,Woods,Illness,,Questionable,Illness,,Did Not Participate In Practice,2023-12-15 17:31:45,injury_reports_2023.csv,1.0,S,CAR
2023,REG,CAR,15,00-0038587,S,Jammie Robinson,Jammie,Robinson,Finger,,Questionable,Finger,,Full Participation in Practice,2023-12-15 17:32:42,injury_reports_2023.csv,1.0,S,CAR
2023,REG,CAR,15,00-0035713,LB,Brian Burns,Brian,Burns,Ankle,,Questionable,Ankle,,Limited Participation in Practice,2023-12-15 17:32:01,injury_reports_2023.csv,1.0,LB,CAR
2023,REG,CAR,15,00-0036037,S,Sam Franklin,Sam,Franklin,Illness,,Questionable,Illness,,Limited Participation in Practice,2023-12-15 17:32:14,injury_reports_2023.csv,1.0,S,CAR
2023,REG,CAR,15,00-0036288,LB,Yetur Gross-Matos,Yetur,Gross-Matos,Knee,,Questionable,Knee,,Limited Participation in Practice,2023-12-15 17:32:29,injury_reports_2023.csv,1.0,LB,CAR
2023,REG,CHI,15,00-0033765,LB,Dylan Cole,Dylan,Cole,,,,Not injury related - personal matter,,Full Participation in Practice,2023-12-15 19:44:50,injury_reports_2023.csv,0.0,LB,CHI
2023,REG,CHI,15,00-0038390,LB,Noah Sewell,Noah,Sewell,Knee,,Out,Knee,,Did Not Participate In Practice,2023-12-15 19:45:34,injury_reports_2023.csv,3.0,LB,CHI
2023,REG,CHI,15,00-0038135,S,Jaquan Brisker,Jaquan,Brisker,Groin,,Questionable,Groin,,Limited Participation in Practice,2023-12-15 19:45:21,injury_reports_2023.csv,1.0,S,CHI
2023,REG,CIN,15,00-0033548,CB,Chidobe Awuzie,Chidobe,Awuzie,,,,Shoulder,,Full Participation in Practice,2023-12-14 19:16:03,injury_reports_2023.csv,0.0,CB,CIN
2023,REG,CIN,15,00-0038549,CB,D.J. Turner,D.J.,Turner,,,,Ankle,,Full Participation in Practice,2023-12-14 19:16:23,injury_reports_2023.csv,0.0,CB,CIN
2023,REG,CIN,15,00-0035895,LB,Joe Bachie,Joe,Bachie,Oblique,,Questionable,Oblique,,Limited Participation in Practice,2023-12-14 19:16:37,injury_reports_2023.csv,1.0,LB,CIN
2023,REG,CLV,15,00-0033868,ED,Myles Garrett,Myles,Garrett,,,,Not injury related - resting player,Shoulder,Full Participation in Practice,2023-12-15 19:54:20,injury_reports_2023.csv,0.0,DE,CLE
2023,REG,CLV,15,00-0035444,LB,Jordan Kunaszyk,Jordan,Kunaszyk,Calf,,Out,Calf,,Did Not Participate In Practice,2023-12-15 19:56:34,injury_reports_2023.csv,3.0,LB,CLE
2023,REG,CLV,15,00-0034807,ED,Ogbonnia Okoronkwo,Ogbonnia,Okoronkwo,Pectoral,,Out,Pectoral,,Did Not Participate In Practice,2023-12-15 19:56:43,injury_reports_2023.csv,3.0,DE,CLE
2023,REG,CLV,15,00-0035625,S,Juan Thornhill,Juan,Thornhill,Calf,,Out,Calf,,Did Not Participate In Practice,2023-12-15 19:57:00,injury_reports_2023.csv,3.0,S,CLE
2023,REG,CLV,15,00-0036266,DI,Jordan Elliott,Jordan,Elliott,Concussion,,Questionable,Concussion,,Limited Participation in Practice,2023-12-15 19:56:21,injury_reports_2023.csv,1.0,DT,CLE
2023,REG,CLV,15,00-0033570,LB,Anthony Walker,Anthony,Walker,Not injury related - resting player,Knee,Questionable,Not injury related - resting player,Knee,Limited Participation in Practice,2023-12-15 19:56:21,injury_reports_2023.csv,1.0,LB,CLE
2023,REG,CLV,15,00-0034856,CB,Denzel Ward,Denzel,Ward,Shoulder,,Questionable,Shoulder,,Limited Participation in Practice,2023-12-15 19:56:21,injury_reports_2023.csv,1.0,CB,CLE
2023,REG,DAL,15,00-0036932,LB,Micah Parsons,Micah,Parsons,,,,Illness,,Full Participation in Practice,2023-12-15 19:17:08,injury_reports_2023.csv,0.0,LB,DAL
2023,REG,DAL,15,00-0031411,ED,Demarcus Lawrence,Demarcus,Lawrence,,,,Not injury related - resting player,,Limited Participation in Practice,2023-12-13 19:45:58,injury_reports_2023.csv,0.0,DE,DAL
2023,REG,DAL,15,00-0033928,CB,Jourdan Lewis,Jourdan,Lewis,,,,Not injury related - resting player,,Limited Participation in Practice,2023-12-13 19:46:22,injury_reports_2023.csv,0.0,CB,DAL
2023,REG,DAL,15,00-0030063,DI,Johnathan Hankins,Johnathan,Hankins,Knee,Ankle,Out,Knee,Ankle,Did Not Participate In Practice,2023-12-15 19:23:24,injury_reports_2023.csv,3.0,DT,DAL
2023,REG,DAL,15,00-0029542,CB,Stephon Gilmore,Stephon,Gilmore,Not injury related - resting player,Illness,Questionable,Not injury related - resting player,Illness,Did Not Participate In Practice,2023-12-15 19:22:30,injury_reports_2023.csv,1.0,CB,DAL
2023,REG,DAL,15,00-0038575,ED,Viliami Fehoko,Viliami,Fehoko,Knee,,Questionable,Knee,,Full Participation in Practice,2023-12-15 19:22:30,injury_reports_2023.csv,1.0,DE,DAL
2023,REG,DAL,15,00-0033877,S,Malik Hooker,Malik,Hooker,Ankle,,Questionable,Ankle,,Limited Participation in Practice,2023-12-15 19:22:30,injury_reports_2023.csv,1.0,S,DAL
2023,REG,DEN,15,00-0029890,DI,Mike Purcell,Mike,Purcell,,,,Not injury related - resting player,,Did Not Participate In Practice,2023-12-14 21:58:16,injury_reports_2023.csv,0.0,DT,DEN
2023,REG,DEN,15,00-0036952,LB,Jonathon Cooper,Jonathon,Cooper,,,,Ankle,,Limited Participation in Practice,2023-12-14 21:45:09,injury_reports_2023.csv,0.0,LB,DEN
2023,REG,DEN,15,00-0037249,LB,Nik Bonitto,Nik,Bonitto,Knee,,Out,Knee,,Did Not Participate In Practice,2023-12-14 21:58:39,injury_reports_2023.csv,3.0,LB,DEN
2023,REG,DEN,15,00-0035227,S,P.J. Locke,P.J.,Locke,Neck,,Questionable,Neck,,Limited Participation in Practice,2023-12-14 21:59:33,injury_reports_2023.csv,1.0,S,DEN
2023,REG,DET,15,00-0035841,DI,Benito Jones,Benito,Jones,Neck,,Questionable,Neck,,Full Participation in Practice,2023-12-14 20:40:22,injury_reports_2023.csv,1.0,DT,DET
2023,REG,GB,15,00-0037083,LB,Kingsley Enagbare,Kingsley,Enagbare,,,,Toe,,Limited Participation in Practice,2023-12-15 19:37:37,injury_reports_2023.csv,0.0,LB,GB
2023,REG,GB,15,00-0035133,CB,Keisean Nixon,Keisean,Nixon,,,,Quadricep,,Limited Participation in Practice,2023-12-15 19:37:37,injury_reports_2023.csv,0.0,CB,GB
2023,REG,GB,15,00-0034485,S,Jonathan Owens,Jonathan,Owens,,,,Knee,,Limited Participation in Practice,2023-12-15 19:37:37,injury_reports_2023.csv,0.0,S,GB
2023,REG,GB,15,00-0036642,DI,Tedarrell Slaton,Tedarrell,Slaton,,,,Quadricep,,Limited Participation in Practice,2023-12-15 19:37:37,injury_reports_2023.csv,0.0,DT,GB
2023,REG,GB,15,00-0034968,S,Darnell Savage,Darnell,Savage,Shoulder,,Questionable,Shoulder,,Did Not Participate In Practice,2023-12-15 19:38:20,injury_reports_2023.csv,1.0,S,GB
2023,REG,GB,15,00-0036901,CB,Eric Stokes,Eric,Stokes,Hamstring,,Questionable,Hamstring,,Full Participation in Practice,2023-12-15 19:38:20,injury_reports_2023.csv,1.0,CB,GB
2023,REG,GB,15,00-0034728,CB,Jaire Alexander,Jaire,Alexander,Shoulder,,Questionable,Shoulder,,Limited Participation in Practice,2023-12-15 19:38:20,injury_reports_2023.csv,1.0,CB,GB
2023,REG,GB,15,00-0037074,DI,Quay Walker,Quay,Walker,Shoulder,,Questionable,Shoulder,,Limited Participation in Practice,2023-12-15 19:38:20,injury_reports_2023.csv,1.0,DT,GB
2023,REG,HST,15,00-0033131,DI,Maliek Collins,Maliek,Collins,,,,Chest,,Full Participation in Practice,2023-12-15 20:17:15,injury_reports_2023.csv,0.0,DT,HOU
2023,REG,HST,15,00-0039108,ED,Will Anderson,Will,Anderson,Ankle,,Out,Ankle,,Did Not Participate In Practice,2023-12-15 20:18:14,injury_reports_2023.csv,3.0,DE,HOU
2023,REG,HST,15,00-0035276,LB,Blake Cashman,Blake,Cashman,Hamstring,,Out,Hamstring,,Did Not Participate In Practice,2023-12-15 20:18:21,injury_reports_2023.csv,3.0,LB,HOU
2023,REG,HST,15,00-0034488,CB,Tavierre Thomas,Tavierre,Thomas,Hamstring,,Out,Hamstring,,Did Not Participate In Practice,2023-12-15 20:18:30,injury_reports_2023.csv,3.0,CB,HOU
2023,REG,HST,15,00-0032150,CB,Steven Nelson,Steven,Nelson,Wrist,,Questionable,,,"
    ",2023-12-16 19:55:48,injury_reports_2023.csv,1.0,CB,HOU
2023,REG,HST,15,00-0038599,LB,Henry To'oTo'o,Henry,To'oTo'o,Hamstring,,Questionable,Hamstring,,Limited Participation in Practice,2023-12-15 20:17:51,injury_reports_2023.csv,1.0,LB,HOU
2023,REG,IND,15,00-0032378,DI,DeForest Buckner,DeForest,Buckner,,,,Back,Not injury related - resting p,Did Not Participate In Practice,2023-12-14 20:11:27,injury_reports_2023.csv,0.0,DT,IND
2023,REG,IND,15,00-0039156,CB,Julius Brents,Julius,Brents,,,,Quadricep,,Full Participation in Practice,2023-12-14 20:11:18,injury_reports_2023.csv,0.0,CB,IND
2023,REG,IND,15,00-0034431,LB,Zaire Franklin,Zaire,Franklin,,,,Illness,,Full Participation in Practice,2023-12-14 20:11:18,injury_reports_2023.csv,0.0,LB,IND
2023,REG,IND,15,00-0038407,CB,Jaylon Jones,Jaylon,Jones,,,,Ankle,,Full Participation in Practice,2023-12-14 20:11:18,injury_reports_2023.csv,0.0,CB,IND
2023,REG,IND,15,00-0034987,LB,E.J. Speed,E.J.,Speed,,,,Knee,,Full Participation in Practice,2023-12-14 20:11:18,injury_reports_2023.csv,0.0,LB,IND
2023,REG,IND,15,00-0037527,LB,Segun Olubi,Segun,Olubi,Hip,,Questionable,Hip,,Did Not Participate In Practice,2023-12-14 20:12:03,injury_reports_2023.csv,1.0,LB,IND
2023,REG,JAX,15,00-0036974,CB,Tyson Campbell,Tyson,Campbell,Quadricep,,Out,Quadricep,,Did Not Participate In Practice,2023-12-15 19:50:29,injury_reports_2023.csv,3.0,CB,JAX
2023,REG,JAX,15,00-0036941,S,Andre Cisco,Andre,Cisco,Groin,,Out,Groin,,Did Not Participate In Practice,2023-12-15 19:50:40,injury_reports_2023.csv,3.0,S,JAX
2023,REG,JAX,15,00-0038616,CB,Christian Braswell,Christian,Braswell,Hamstring,,Questionable,Hamstring,,Limited Participation in Practice,2023-12-15 19:50:10,injury_reports_2023.csv,1.0,CB,JAX
2023,REG,JAX,15,00-0034516,CB,Tre Herndon,Tre,Herndon,Concussion,,Questionable,Concussion,,Limited Participation in Practice,2023-12-15 19:50:10,injury_reports_2023.csv,1.0,CB,JAX
2023,REG,KC,15,00-0036621,LB,Nick Bolton,Nick,Bolton,,,,Wrist,Abdomen,Full Participation in Practice,2023-12-15 19:48:11,injury_reports_2023.csv,0.0,LB,KC
2023,REG,KC,15,00-0037819,LB,Leo Chenal,Leo,Chenal,,,,Illness,,Full Participation in Practice,2023-12-15 19:48:03,injury_reports_2023.csv,0.0,LB,KC
2023,REG,KC,15,00-0035681,S,Mike Edwards,Mike,Edwards,,,,Illness,,Full Participation in Practice,2023-12-15 19:48:18,injury_reports_2023.csv,0.0,S,KC
2023,REG,KC,15,00-0034361,S,Justin Reid,Justin,Reid,,,,Knee,,Full Participation in Practice,2023-12-15 19:48:03,injury_reports_2023.csv,0.0,S,KC
2023,REG,KC,15,00-0036374,CB,L'Jarius Sneed,L'Jarius,Sneed,,,,Knee,,Full Participation in Practice,2023-12-15 19:48:03,injury_reports_2023.csv,0.0,CB,KC
2023,REG,KC,15,00-0035262,LB,Drue Tranquill,Drue,Tranquill,,,,Concussion,,Full Participation in Practice,2023-12-15 19:48:03,injury_reports_2023.csv,0.0,LB,KC
2023,REG,LA,15,00-0035933,LB,Michael Hoecht,Michael,Hoecht,,,,Knee,,Full Participation in Practice,2023-12-15 20:05:29,injury_reports_2023.csv,0.0,LB,LA
2023,REG,LA,15,00-0037841,S,Quentin Lake,Quentin,Lake,,,,Hamstring,,Full Participation in Practice,2023-12-15 20:04:16,injury_reports_2023.csv,0.0,S,LA
2023,REG,LA,15,00-0031388,DI,Aaron Donald,Aaron,Donald,Groin,,Questionable,Not injury related - resting player,,Did Not Participate In Practice,2023-12-16 22:44:28,injury_reports_2023.csv,1.0,DT,LA
2023,REG,LAC,15,00-0035591,LB,Justin Hollins,Justin,Hollins,,,,Knee,,Full Participation in Practice,2023-12-13 22:28:28,injury_reports_2023.csv,0.0,LB,LAC
2023,REG,LAC,15,00-0034810,DI,Sebastian Joseph,Sebastian,Joseph,,,,Ankle,,Full Participation in Practice,2023-12-13 22:28:48,injury_reports_2023.csv,0.0,DT,LAC
2023,REG,LAC,15,00-0036441,LB,Kenneth Murray,Kenneth,Murray,,,,Shoulder,,Full Participation in Practice,2023-12-13 22:28:28,injury_reports_2023.csv,0.0,LB,LAC
2023,REG,LAC,15,00-0037320,CB,Deane Leonard,Deane,Leonard,Ankle,Heel,Out,Ankle,Heel,Did Not Participate In Practice,2023-12-13 22:29:28,injury_reports_2023.csv,3.0,CB,LAC
2023,REG,LAC,15,00-0037270,DI,Otito Ogbonnia,Otito,Ogbonnia,Knee,,Questionable,Knee,,Full Participation in Practice,2023-12-13 22:29:10,injury_reports_2023.csv,1.0,DT,LAC
2023,REG,LAC,15,00-0036716,LB,Amen Ogbongbemiga,Amen,Ogbongbemiga,Hamstring,,Questionable,Hamstring,,Limited Participation in Practice,2023-12-13 22:29:10,injury_reports_2023.csv,1.0,LB,LAC
2023,REG,LAC,15,00-0030500,DI,Nicholas Williams,Nicholas,Williams,Shoulder,,Questionable,Shoulder,,Limited Participation in Practice,2023-12-14 23:34:17,injury_reports_2023.csv,1.0,DT,LAC
2023,REG,LV,15,00-0037383,LB,Kana'i Mauga,Kana'i,Mauga,,,,Knee,,Did Not Participate In Practice,2023-12-11 21:54:31,injury_reports_2023.csv,0.0,LB,LV
2023,REG,LV,15,00-0035076,LB,Curtis Bolton,Curtis,Bolton,,,,Groin,,Full Participation in Practice,2023-12-13 21:29:59,injury_reports_2023.csv,0.0,LB,LV
2023,REG,LV,15,00-0036375,CB,Amik Robertson,Amik,Robertson,,,,Wrist,,Limited Participation in Practice,2023-12-13 21:29:52,injury_reports_2023.csv,0.0,CB,LV
2023,REG,LV,15,00-0034545,CB,Brandon Facyson,Brandon,Facyson,Shin,,Questionable,Shin,,Full Participation in Practice,2023-12-13 21:30:30,injury_reports_2023.csv,1.0,CB,LV
2023,REG,LV,15,00-0033381,DI,Adam Butler,Adam,Butler,Ankle,,Questionable,Ankle,,Limited Participation in Practice,2023-12-13 21:30:30,injury_reports_2023.csv,1.0,DT,LV
2023,REG,LV,15,00-0034973,ED,Maxx Crosby,Maxx,Crosby,Knee,,Questionable,Knee,,Limited Participation in Practice,2023-12-13 21:30:30,injury_reports_2023.csv,1.0,DE,LV
2023,REG,MIA,15,00-0034277,S,DeShon Elliott,DeShon,Elliott,Concussion,,Out,Concussion,,Did Not Participate In Practice,2023-12-15 20:57:47,injury_reports_2023.csv,3.0,S,MIA
2023,REG,MIA,15,00-0036998,S,Jevon Holland,Jevon,Holland,Knee,Knee,Questionable,Knee,Knee,Limited Participation in Practice,2023-12-15 20:57:32,injury_reports_2023.csv,1.0,S,MIA
2023,REG,MIA,15,00-0033050,CB,Xavien Howard,Xavien,Howard,Hip,,Questionable,Hip,,Limited Participation in Practice,2023-12-15 20:57:32,injury_reports_2023.csv,1.0,CB,MIA
2023,REG,MIA,15,00-0035272,LB,Andrew Van Ginkel,Andrew,Van Ginkel,Oblique,,Questionable,Oblique,,Limited Participation in Practice,2023-12-15 20:57:32,injury_reports_2023.csv,1.0,LB,MIA
2023,REG,NE,15,00-0037205,S,Brenden Schooler,Brenden,Schooler,,,,Illness,,Did Not Participate In Practice,2023-12-14 20:54:26,injury_reports_2023.csv,0.0,S,NE
2023,REG,NE,15,00-0036981,DI,Christian Barmore,Christian,Barmore,Shoulder,,Questionable,Shoulder,,Did Not Participate In Practice,2023-12-15 20:54:18,injury_reports_2023.csv,1.0,DT,NE
2023,REG,NE,15,00-0034385,LB,Ja'Whaun Bentley,Ja'Whaun,Bentley,Knee,,Questionable,Knee,,Limited Participation in Practice,2023-12-15 20:54:18,injury_reports_2023.csv,1.0,LB,NE
2023,REG,NO,15,00-0027962,ED,Cameron Jordan,Cameron,Jordan,,,,Ankle,,Limited Participation in Practice,2023-12-15 20:02:59,injury_reports_2023.csv,0.0,DE,NO
2023,REG,NO,15,00-0039143,ED,Isaiah Foskey,Isaiah,Foskey,Quadricep,,Out,Quadricep,,Did Not Participate In Practice,2023-12-15 20:03:44,injury_reports_2023.csv,3.0,DE,NO
2023,REG,NO,15,00-0036926,ED,Payton Turner,Payton,Turner,Toe,,Out,Toe,,Limited Participation in Practice,2023-12-15 20:04:29,injury_reports_2023.csv,3.0,DE,NO
2023,REG,NYG,15,00-0036552,ED,Azeez Ojulari,Azeez,Ojulari,,,,Shoulder,,Full Participation in Practice,2023-12-15 19:20:25,injury_reports_2023.csv,0.0,DE,NYG
2023,REG,NYG,15,00-0036400,LB,Cam Brown,Cam,Brown,,,,Hamstring,,Limited Participation in Practice,2023-12-15 19:20:59,injury_reports_2023.csv,0.0,LB,NYG
2023,REG,NYG,15,00-0037758,CB,Cordale Flott,Cordale,Flott,,,,Shoulder,,Limited Participation in Practice,2023-12-15 19:20:25,injury_reports_2023.csv,0.0,CB,NYG
2023,REG,NYG,15,00-0032889,DI,A'Shawn Robinson,A'Shawn,Robinson,,,,Hamstring,Finger,Limited Participation in Practice,2023-12-15 19:20:25,injury_reports_2023.csv,0.0,DT,NYG
2023,REG,NYG,15,00-0036356,LB,Isaiah Simmons,Isaiah,Simmons,,,,Ankle,,Limited Participation in Practice,2023-12-15 19:20:25,injury_reports_2023.csv,0.0,LB,NYG
2023,REG,NYG,15,00-0035683,DI,Dexter Lawrence,Dexter,Lawrence,Hamstring,,Questionable,Hamstring,,Limited Participation in Practice,2023-12-15 19:22:24,injury_reports_2023.csv,1.0,DT,NYG
2023,REG,NYJ,15,00-0033870,DI,Solomon Thomas,Solomon,Thomas,,,,Knee,,Full Participation in Practice,2023-12-15 20:51:43,injury_reports_2023.csv,0.0,DT,NYJ
2023,REG,NYJ,15,00-0035680,LB,Quincy Williams,Quincy,Williams,,,,Knee,,Full Participation in Practice,2023-12-15 20:51:43,injury_reports_2023.csv,0.0,LB,NYJ
2023,REG,NYJ,15,00-0038399,LB,Zaire Barnes,Zaire,Barnes,Hamstring,,Out,,,"
    ",2023-12-16 22:45:47,injury_reports_2023.csv,3.0,LB,NYJ
2023,REG,NYJ,15,00-0039142,ED,Will McDonald,Will,McDonald,Knee,,Questionable,Knee,,Did Not Participate In Practice,2023-12-15 20:52:56,injury_reports_2023.csv,1.0,DE,NYJ
2023,REG,NYJ,15,00-0034805,ED,John Franklin-Myers,John,Franklin-Myers,Ankle,,Questionable,Ankle,,Full Participation in Practice,2023-12-15 20:52:56,injury_reports_2023.csv,1.0,DE,NYJ
2023,REG,PHI,15,00-0034381,ED,Josh Sweat,Josh,Sweat,,,,Not injury related - personal matter,,Did Not Participate In Practice,2023-12-16 20:47:44,injury_reports_2023.csv,0.0,DE,PHI
2023,REG,PHI,15,00-0037130,S,Reed Blankenship,Reed,Blankenship,,,,Concussion,,Full Participation in Practice,2023-12-16 20:47:01,injury_reports_2023.csv,0.0,S,PHI
2023,REG,PHI,15,00-0033547,LB,Zach Cunningham,Zach,Cunningham,Knee,,Out,Knee,,Did Not Participate In Practice,2023-12-16 20:48:08,injury_reports_2023.csv,3.0,LB,PHI
2023,REG,PHI,15,00-0030062,CB,Darius Slay,Darius,Slay,Knee,,Out,Knee,,Did Not Participate In Practice,2023-12-16 20:48:20,injury_reports_2023.csv,3.0,CB,PHI
2023,REG,PIT,15,00-0039110,DI,Keeanu Benton,Keeanu,Benton,,,,Oblique,,Full Participation in Practice,2023-12-14 19:56:17,injury_reports_2023.csv,0.0,DT,PIT
2023,REG,PIT,15,00-0027969,DI,Cameron Heyward,Cameron,Heyward,,,,Groin,,Full Participation in Practice,2023-12-14 19:56:11,injury_reports_2023.csv,0.0,DT,PIT
2023,REG,PIT,15,00-0036333,LB,Alex Highsmith,Alex,Highsmith,,,,Concussion,,Full Participation in Practice,2023-12-14 19:56:24,injury_reports_2023.csv,0.0,LB,PIT
2023,REG,PIT,15,00-0033512,S,Damontae Kazee,Damontae,Kazee,,,,Ankle,,Full Participation in Practice,2023-12-14 19:56:11,injury_reports_2023.csv,0.0,S,PIT
2023,REG,PIT,15,00-0035795,CB,James Pierre,James,Pierre,,,,Shoulder,,Full Participation in Practice,2023-12-14 19:56:11,injury_reports_2023.csv,0.0,CB,PIT
2023,REG,PIT,15,00-0032442,LB,Elandon Roberts,Elandon,Roberts,,,,Groin,,Full Participation in Practice,2023-12-14 19:56:36,injury_reports_2023.csv,0.0,LB,PIT
2023,REG,PIT,15,00-0033886,LB,T.J. Watt,T.J.,Watt,,,,Concussion,,Full Participation in Practice,2023-12-14 19:56:11,injury_reports_2023.csv,0.0,LB,PIT
2023,REG,SEA,15,00-0036409,LB,Jordyn Brooks,Jordyn,Brooks,,,,Ankle,,Full Participation in Practice,2023-12-16 22:11:49,injury_reports_2023.csv,0.0,LB,SEA
2023,REG,SEA,15,00-0036885,CB,Tre Brown,Tre,Brown,,,,Heel,,Full Participation in Practice,2023-12-16 22:11:30,injury_reports_2023.csv,0.0,CB,SEA
2023,REG,SEA,15,00-0033103,CB,Artie Burns,Artie,Burns,,,,Knee,,Full Participation in Practice,2023-12-16 22:11:30,injury_reports_2023.csv,0.0,CB,SEA
2023,REG,SEA,15,00-0032387,DI,Jarran Reed,Jarran,Reed,,,,Wrist,,Full Participation in Practice,2023-12-16 22:11:30,injury_reports_2023.csv,0.0,DT,SEA
2023,REG,SEA,15,00-0036413,LB,Darrell Taylor,Darrell,Taylor,,,,Abdomen,,Full Participation in Practice,2023-12-16 22:11:38,injury_reports_2023.csv,0.0,LB,SEA
2023,REG,SEA,15,00-0031933,DI,Leonard Williams,Leonard,Williams,,,,Ankle,,Full Participation in Practice,2023-12-16 22:11:30,injury_reports_2023.csv,0.0,DT,SEA
2023,REG,SEA,15,00-0033872,S,Jamal Adams,Jamal,Adams,Knee,,Questionable,Knee,,Did Not Participate In Practice,2023-12-16 20:45:52,injury_reports_2023.csv,1.0,S,SEA
2023,REG,SEA,15,00-0028292,LB,Nick Bellore,Nick,Bellore,Knee,,Questionable,Knee,,Did Not Participate In Practice,2023-12-16 20:46:17,injury_reports_2023.csv,1.0,LB,SEA
2023,REG,SEA,15,00-0039169,CB,Devon Witherspoon,Devon,Witherspoon,Hip,,Questionable,Hip,,Did Not Participate In Practice,2023-12-16 20:46:36,injury_reports_2023.csv,1.0,CB,SEA
2023,REG,SF,15,00-0037008,CB,Ambry Thomas,Ambry,Thomas,,,,Not injury related - personal matter,,Did Not Participate In Practice,2023-12-13 23:07:16,injury_reports_2023.csv,0.0,CB,SF
2023,REG,SF,15,00-0038594,CB,Darrell Luter,Darrell,Luter,,,,Hamstring,,Full Participation in Practice,2023-12-15 22:02:23,injury_reports_2023.csv,0.0,CB,SF
2023,REG,SF,15,00-0032164,DI,Arik Armstead,Arik,Armstead,Foot,Knee,Out,Foot,Knee,Did Not Participate In Practice,2023-12-15 22:03:24,injury_reports_2023.csv,3.0,DT,SF
2023,REG,SF,15,00-0034754,LB,Oren Burks,Oren,Burks,Knee,,Out,Knee,,Did Not Participate In Practice,2023-12-15 22:03:53,injury_reports_2023.csv,3.0,LB,SF
2023,REG,SF,15,00-0033109,DI,Javon Hargrave,Javon,Hargrave,Hamstring,,Out,Hamstring,,Did Not Participate In Practice,2023-12-15 22:04:02,injury_reports_2023.csv,3.0,DT,SF
2023,REG,SF,15,00-0034982,LB,Dre Greenlaw,Dre,Greenlaw,Hip,Ankle,Questionable,Hip,Ankle,Limited Participation in Practice,2023-12-15 22:03:12,injury_reports_2023.csv,1.0,LB,SF
2023,REG,SF,15,00-0034573,CB,Charvarius Ward,Charvarius,Ward,Groin,,Questionable,Groin,,Limited Participation in Practice,2023-12-15 22:03:12,injury_reports_2023.csv,1.0,CB,SF
2023,REG,TB,15,00-0034778,CB,Carlton Davis,Carlton,Davis,Groin,,Out,Groin,,Did Not Participate In Practice,2023-12-15 19:01:46,injury_reports_2023.csv,3.0,CB,TB
2023,REG,TB,15,00-0030386,ED,William Gholston,William,Gholston,Knee,Ankle,Out,Knee,Ankle,Did Not Participate In Practice,2023-12-15 19:01:52,injury_reports_2023.csv,3.0,DE,TB
2023,REG,TB,15,00-0034527,S,Ryan Neal,Ryan,Neal,Back,,Doubtful,Back,,Did Not Participate In Practice,2023-12-15 19:02:01,injury_reports_2023.csv,2.0,S,TB
2023,REG,TB,15,00-0034773,DI,Vita Vea,Vita,Vea,Toe,,Doubtful,Toe,,Did Not Participate In Practice,2023-12-15 19:02:07,injury_reports_2023.csv,2.0,DT,TB
2023,REG,TB,15,00-0035699,CB,Jamel Dean,Jamel,Dean,Ankle,Foot,Questionable,Ankle,Foot,Full Participation in Practice,2023-12-15 19:01:40,injury_reports_2023.csv,1.0,CB,TB
2023,REG,TB,15,00-0035707,LB,Devin White,Devin,White,Foot,,Questionable,Foot,,Full Participation in Practice,2023-12-15 19:01:40,injury_reports_2023.csv,1.0,LB,TB
2023,REG,TEN,15,00-0036171,ED,Aaron Brewer,Aaron,Brewer,,,,Neck,,Limited Participation in Practice,2023-12-15 19:42:19,injury_reports_2023.csv,0.0,DE,TEN
2023,REG,TEN,15,00-0038848,CB,Anthony Kendall,Anthony,Kendall,,,,Knee,,Limited Participation in Practice,2023-12-15 19:42:19,injury_reports_2023.csv,0.0,CB,TEN
2023,REG,TEN,15,00-0035239,CB,Sean Murphy-Bunting,Sean,Murphy-Bunting,,,,Knee,,Limited Participation in Practice,2023-12-15 19:44:32,injury_reports_2023.csv,0.0,CB,TEN
2023,REG,TEN,15,00-0035643,DI,Jeffery Simmons,Jeffery,Simmons,Knee,,Out,Knee,,Did Not Participate In Practice,2023-12-15 19:48:13,injury_reports_2023.csv,3.0,DT,TEN
2023,REG,TEN,15,00-0036181,DI,Teair Tart,Teair,Tart,Not injury related - personal matter,,Out,Not injury related - personal matter,,Did Not Participate In Practice,2023-12-15 19:48:21,injury_reports_2023.csv,3.0,DT,TEN
2023,REG,TEN,15,00-0031254,ED,Denico Autry,Denico,Autry,Knee,Illness,Questionable,Knee,Illness,Did Not Participate In Practice,2023-12-15 19:47:11,injury_reports_2023.csv,1.0,DE,TEN
2023,REG,TEN,15,00-0037596,LB,Jack Gibbens,Jack,Gibbens,Back,,Questionable,Back,,Limited Participation in Practice,2023-12-15 19:47:11,injury_reports_2023.csv,1.0,LB,TEN
2023,REG,TEN,15,00-0036395,S,K'Von Wallace,K'Von,Wallace,Quadricep,,Questionable,Quadricep,,Limited Participation in Practice,2023-12-15 19:47:11,injury_reports_2023.csv,1.0,S,TEN
2023,REG,WAS,15,00-0036614,LB,Jamin Davis,Jamin,Davis,,,,Shoulder,,Did Not Participate In Practice,2023-12-13 18:56:02,injury_reports_2023.csv,0.0,LB,WAS
2023,REG,WAS,15,00-0039151,CB,Emmanuel Forbes,Emmanuel,Forbes,,,,Elbow,,Full Participation in Practice,2023-12-15 18:55:52,injury_reports_2023.csv,0.0,CB,WAS
2023,REG,WAS,15,00-0036351,ED,James Smith-Williams,James,Smith-Williams,Hamstring,,Out,Hamstring,,Did Not Participate In Practice,2023-12-15 18:56:38,injury_reports_2023.csv,3.0,DE,WAS
2023,REG,ARZ,16,00-0035334,DI,Kevin Strong,Kevin,Strong,,,,Knee,,Full Participation in Practice,2023-12-22 20:05:01,injury_reports_2023.csv,0.0,DT,ARI
2023,REG,ARZ,16,00-0039007,CB,Garrett Williams,Garrett,Williams,Knee,,Out,Knee,,Did Not Participate In Practice,2023-12-22 20:05:43,injury_reports_2023.csv,3.0,CB,ARI
2023,REG,ARZ,16,00-0036011,CB,Bobby Price,Bobby,Price,Quadricep,,Out,Quadricep,,Limited Participation in Practice,2023-12-22 20:05:50,injury_reports_2023.csv,3.0,CB,ARI
2023,REG,ARZ,16,00-0034623,S,Andre Chachere,Andre,Chachere,Shoulder,,Questionable,Shoulder,,Limited Participation in Practice,2023-12-22 20:05:33,injury_reports_2023.csv,1.0,S,ARI
2023,REG,ARZ,16,00-0036896,LB,Victor Dimukeje,Victor,Dimukeje,Foot,,Questionable,Foot,,Limited Participation in Practice,2023-12-22 20:05:33,injury_reports_2023.csv,1.0,LB,ARI
2023,REG,ARZ,16,00-0032933,CB,Antonio Hamilton,Antonio,Hamilton,Calf,,Questionable,Calf,,Limited Participation in Practice,2023-12-22 20:05:33,injury_reports_2023.csv,1.0,CB,ARI
2023,REG,ATL,16,00-0026190,ED,Calais Campbell,Calais,Campbell,,,,Illness,,Full Participation in Practice,2023-12-22 20:28:05,injury_reports_2023.csv,0.0,DE,ATL
2023,REG,ATL,16,00-0032146,LB,Bud Dupree,Bud,Dupree,Back,,Questionable,Back,,Limited Participation in Practice,2023-12-22 20:29:10,injury_reports_2023.csv,1.0,LB,ATL
2023,REG,ATL,16,00-0033051,DI,David Onyemata,David,Onyemata,Ankle,,Questionable,Ankle,,Limited Participation in Practice,2023-12-22 20:29:34,injury_reports_2023.csv,1.0,DT,ATL
2023,REG,BLT,16,00-0033894,S,Marcus Williams,Marcus,Williams,,,,Groin,,Full Participation in Practice,2023-12-23 22:10:46,injury_reports_2023.csv,0.0,S,BAL
2023,REG,BLT,16,00-0038119,CB,Jalyn Armour-Davis,Jalyn,Armour-Davis,Concussion,,Out,Concussion,,Did Not Participate In Practice,2023-12-23 22:12:13,injury_reports_2023.csv,3.0,CB,BAL
2023,REG,BLT,16,00-0033503,CB,Arthur Maulet,Arthur,Maulet,Knee,,Out,Knee,,Did Not Participate In Practice,2023-12-23 22:11:45,injury_reports_2023.csv,3.0,CB,BAL
2023,REG,BLT,16,00-0038448,LB,Malik Hamm,Malik,Hamm,Ankle,,Questionable,Ankle,,Full Participation in Practice,2023-12-23 22:11:20,injury_reports_2023.csv,1.0,LB,BAL
2023,REG,BUF,16,00-0031557,DI,Jordan Phillips,Jordan,Phillips,,,,Wrist,,Did Not Participate In Practice,2023-12-20 20:02:20,injury_reports_2023.csv,0.0,DT,BUF
2023,REG,BUF,16,00-0027940,LB,Von Miller,Von,Miller,,,,Not injury related - resting player,,Full Participation in Practice,2023-12-21 20:16:01,injury_reports_2023.csv,0.0,LB,BUF
2023,REG,BUF,16,00-0033072,ED,Leonard Floyd,Leonard,Floyd,,,,Wrist,Rib,Limited Participation in Practice,2023-12-21 20:14:54,injury_reports_2023.csv,0.0,DE,BUF
2023,REG,BUF,16,00-0030090,S,Micah Hyde,Micah,Hyde,Neck,,Out,Neck,,Limited Participation in Practice,2023-12-21 20:16:24,injury_reports_2023.csv,3.0,S,BUF
2023,REG,BUF,16,00-0037242,CB,Kaiir Elam,Kaiir,Elam,Ankle,,Questionable,Ankle,,Full Participation in Practice,2023-12-21 20:16:09,injury_reports_2023.csv,1.0,CB,BUF
2023,REG,BUF,16,00-0036192,ED,A.J. Epenesa,A.J.,Epenesa,Rib,,Questionable,Rib,,Limited Participation in Practice,2023-12-21 20:16:09,injury_reports_2023.csv,1.0,DE,BUF
2023,REG,BUF,16,00-0031054,DI,DaQuan Jones,DaQuan,Jones,Pectoral,,Questionable,Pectoral,,Limited Participation in Practice,2023-12-21 20:16:09,injury_reports_2023.csv,1.0,DT,BUF
2023,REG,CAR,16,00-0031785,CB,Troy Hill,Troy,Hill,,,,Not injury related - resting player,,Did Not Participate In Practice,2023-12-20 19:05:54,injury_reports_2023.csv,0.0,CB,CAR
2023,REG,CAR,16,00-0035713,LB,Brian Burns,Brian,Burns,,,,Illness,,Full Participation in Practice,2023-12-22 17:20:12,injury_reports_2023.csv,0.0,LB,CAR
2023,REG,CAR,16,00-0036288,LB,Yetur Gross-Matos,Yetur,Gross-Matos,,,,Illness,,Full Participation in Practice,2023-12-22 17:20:58,injury_reports_2023.csv,0.0,LB,CAR
2023,REG,CAR,16,00-0034382,LB,Marquis Haynes,Marquis,Haynes,,,,Back,Illness,Full Participation in Practice,2023-12-22 17:21:13,injury_reports_2023.csv,0.0,LB,CAR
2023,REG,CAR,16,00-0033579,S,Xavier Woods,Xavier,Woods,,,,Illness,,Full Participation in Practice,2023-12-22 17:21:59,injury_reports_2023.csv,0.0,S,CAR
2023,REG,CAR,16,00-0038493,LB,Claudin Cherelus,Claudin,Cherelus,Knee,,Questionable,Knee,,Full Participation in Practice,2023-12-22 17:23:18,injury_reports_2023.csv,1.0,LB,CAR
2023,REG,CAR,16,00-0036037,S,Sam Franklin,Sam,Franklin,Quadricep,Back,Questionable,Quadricep,Back,Limited Participation in Practice,2023-12-22 17:22:56,injury_reports_2023.csv,1.0,S,CAR
2023,REG,CHI,16,00-0037106,CB,Jaylon Jones,Jaylon,Jones,,,,Calf,,Full Participation in Practice,2023-12-22 20:29:45,injury_reports_2023.csv,0.0,CB,CHI
2023,REG,CHI,16,00-0033782,ED,DeMarcus Walker,DeMarcus,Walker,,,,Shin,,Full Participation in Practice,2023-12-22 20:30:44,injury_reports_2023.csv,0.0,DE,CHI
2023,REG,CHI,16,00-0038390,LB,Noah Sewell,Noah,Sewell,Knee,,Out,Knee,,Did Not Participate In Practice,2023-12-22 20:31:34,injury_reports_2023.csv,3.0,LB,CHI
2023,REG,CIN,16,00-0035895,LB,Joe Bachie,Joe,Bachie,,,,Oblique,,Full Participation in Practice,2023-12-21 18:03:39,injury_reports_2023.csv,0.0,LB,CIN
2023,REG,CIN,16,00-0036850,ED,Cam Sample,Cam,Sample,,,,Knee,,Full Participation in Practice,2023-12-21 18:03:39,injury_reports_2023.csv,0.0,DE,CIN
2023,REG,CLV,16,00-0034424,LB,Matthew Adams,Matthew,Adams,,,,Not injury related - personal matter,,Did Not Participate In Practice,2023-12-22 20:49:24,injury_reports_2023.csv,0.0,LB,CLE
2023,REG,CLV,16,00-0031576,ED,Za'Darius Smith,Za'Darius,Smith,,,,Not injury related - personal matter,,Did Not Participate In Practice,2023-12-21 20:59:51,injury_reports_2023.csv,0.0,DE,CLE
2023,REG,CLV,16,00-0033868,ED,Myles Garrett,Myles,Garrett,,,,Not injury related - resting player,Shoulder,Full Participation in Practice,2023-12-22 20:49:04,injury_reports_2023.csv,0.0,DE,CLE
2023,REG,CLV,16,00-0034856,CB,Denzel Ward,Denzel,Ward,,,,Shoulder,,Full Participation in Practice,2023-12-22 20:49:04,injury_reports_2023.csv,0.0,CB,CLE
2023,REG,CLV,16,00-0035444,LB,Jordan Kunaszyk,Jordan,Kunaszyk,Calf,,Out,Calf,,Did Not Participate In Practice,2023-12-22 20:50:59,injury_reports_2023.csv,3.0,LB,CLE
2023,REG,CLV,16,00-0034807,ED,Ogbonnia Okoronkwo,Ogbonnia,Okoronkwo,Pectoral,,Out,Pectoral,,Did Not Participate In Practice,2023-12-22 20:51:05,injury_reports_2023.csv,3.0,DE,CLE
2023,REG,CLV,16,00-0035625,S,Juan Thornhill,Juan,Thornhill,Calf,,Out,Calf,,Did Not Participate In Practice,2023-12-22 20:51:11,injury_reports_2023.csv,3.0,S,CLE
2023,REG,CLV,16,00-0033570,LB,Anthony Walker,Anthony,Walker,Knee,,Out,Knee,,Did Not Participate In Practice,2023-12-22 20:51:21,injury_reports_2023.csv,3.0,LB,CLE
2023,REG,DAL,16,00-0029542,CB,Stephon Gilmore,Stephon,Gilmore,,,,Not injury related - resting player,,Did Not Participate In Practice,2023-12-20 23:25:50,injury_reports_2023.csv,0.0,CB,DAL
2023,REG,DAL,16,00-0031411,ED,Demarcus Lawrence,Demarcus,Lawrence,,,,Not injury related - resting player,,Did Not Participate In Practice,2023-12-20 23:26:23,injury_reports_2023.csv,0.0,DE,DAL
2023,REG,DAL,16,00-0033928,CB,Jourdan Lewis,Jourdan,Lewis,,,,Not injury related - resting player,,Limited Participation in Practice,2023-12-20 23:26:35,injury_reports_2023.csv,0.0,CB,DAL
2023,REG,DAL,16,00-0030063,DI,Johnathan Hankins,Johnathan,Hankins,Knee,Ankle,Out,Knee,Ankle,Did Not Participate In Practice,2023-12-22 19:17:54,injury_reports_2023.csv,3.0,DT,DAL
2023,REG,DAL,16,00-0038575,ED,Viliami Fehoko,Viliami,Fehoko,Knee,,Questionable,Knee,,Full Participation in Practice,2023-12-22 19:17:44,injury_reports_2023.csv,1.0,DE,DAL
2023,REG,DAL,16,00-0033877,S,Malik Hooker,Malik,Hooker,Ankle,,Questionable,Ankle,,Limited Participation in Practice,2023-12-22 19:17:44,injury_reports_2023.csv,1.0,S,DAL
2023,REG,DEN,16,00-0036952,LB,Jonathon Cooper,Jonathon,Cooper,,,,Ankle,,Full Participation in Practice,2023-12-22 21:37:08,injury_reports_2023.csv,0.0,LB,DEN
2023,REG,DEN,16,00-0029890,DI,Mike Purcell,Mike,Purcell,,,,Not injury related - resting player,,Full Participation in Practice,2023-12-22 21:38:27,injury_reports_2023.csv,0.0,DT,DEN
2023,REG,DEN,16,00-0037249,LB,Nik Bonitto,Nik,Bonitto,Knee,,Out,Knee,,Did Not Participate In Practice,2023-12-22 21:42:25,injury_reports_2023.csv,3.0,LB,DEN
2023,REG,DET,16,00-0036954,DI,Levi Onwuzurike,Levi,Onwuzurike,,,,Knee,,Full Participation in Practice,2023-12-22 20:12:25,injury_reports_2023.csv,0.0,DT,DET
2023,REG,DET,16,00-0036748,CB,Jerry Jacobs,Jerry,Jacobs,Hamstring,,Out,Hamstring,,Did Not Participate In Practice,2023-12-22 20:13:29,injury_reports_2023.csv,3.0,CB,DET
2023,REG,DET,16,00-0035253,S,Chauncey Gardner-Johnson,Chauncey,Gardner-Johnson,Pectoral,,Out,Pectoral,,Limited Participation in Practice,2023-12-22 20:13:24,injury_reports_2023.csv,3.0,S,DET
2023,REG,DET,16,00-0036964,LB,Derrick Barnes,Derrick,Barnes,Shoulder,,Doubtful,Shoulder,,Limited Participation in Practice,2023-12-22 20:13:12,injury_reports_2023.csv,2.0,LB,DET
2023,REG,GB,16,00-0037083,LB,Kingsley Enagbare,Kingsley,Enagbare,,,,Toe,,Limited Participation in Practice,2023-12-22 20:39:31,injury_reports_2023.csv,0.0,LB,GB
2023,REG,GB,16,00-0034485,S,Jonathan Owens,Jonathan,Owens,,,,Knee,,Limited Participation in Practice,2023-12-22 20:39:31,injury_reports_2023.csv,0.0,S,GB
2023,REG,GB,16,00-0037074,LB,Quay Walker,Quay,Walker,,,,Shoulder,,Limited Participation in Practice,2023-12-22 20:39:31,injury_reports_2023.csv,0.0,LB,GB
2023,REG,GB,16,00-0032401,LB,De'Vondre Campbell,De'Vondre,Campbell,Neck,,Out,Neck,,Did Not Participate In Practice,2023-12-22 20:41:46,injury_reports_2023.csv,3.0,LB,GB
2023,REG,GB,16,00-0034968,S,Darnell Savage,Darnell,Savage,Shoulder,,Out,Shoulder,,Did Not Participate In Practice,2023-12-22 20:42:22,injury_reports_2023.csv,3.0,S,GB
2023,REG,GB,16,00-0034728,CB,Jaire Alexander,Jaire,Alexander,Shoulder,,Questionable,Shoulder,,Limited Participation in Practice,2023-12-22 20:41:39,injury_reports_2023.csv,1.0,CB,GB
2023,REG,GB,16,00-0033792,S,Rudy Ford,Rudy,Ford,Back,,Questionable,Back,,Limited Participation in Practice,2023-12-22 20:41:39,injury_reports_2023.csv,1.0,S,GB
2023,REG,GB,16,00-0036904,CB,Robert Rochell,Robert,Rochell,Neck,,Questionable,Neck,,Limited Participation in Practice,2023-12-22 20:41:39,injury_reports_2023.csv,1.0,CB,GB
2023,REG,GB,16,00-0036642,DI,Tedarrell Slaton,Tedarrell,Slaton,Knee,Foot,Questionable,Knee,Foot,Limited Participation in Practice,2023-12-22 20:41:39,injury_reports_2023.csv,1.0,DT,GB
2023,REG,HST,16,00-0032150,CB,Steven Nelson,Steven,Nelson,,,,Hand,,Full Participation in Practice,2023-12-22 21:17:25,injury_reports_2023.csv,0.0,CB,HOU
2023,REG,HST,16,00-0031298,S,Jimmie Ward,Jimmie,Ward,,,,Concussion,,Full Participation in Practice,2023-12-22 21:23:22,injury_reports_2023.csv,0.0,S,HOU
2023,REG,HST,16,00-0039108,ED,Will Anderson,Will,Anderson,Ankle,,Out,Ankle,,Did Not Participate In Practice,2023-12-22 21:19:51,injury_reports_2023.csv,3.0,DE,HOU
2023,REG,HST,16,00-0035276,LB,Blake Cashman,Blake,Cashman,Hamstring,,Out,Hamstring,,Did Not Participate In Practice,2023-12-22 21:21:58,injury_reports_2023.csv,3.0,LB,HOU
2023,REG,HST,16,00-0033131,DI,Maliek Collins,Maliek,Collins,Hip,,Questionable,Hip,,Limited Participation in Practice,2023-12-22 21:19:12,injury_reports_2023.csv,1.0,DT,HOU
2023,REG,HST,16,00-0032103,LB,Denzel Perryman,Denzel,Perryman,Achilles,,Questionable,Achilles,,Limited Participation in Practice,2023-12-22 21:19:12,injury_reports_2023.csv,1.0,LB,HOU
2023,REG,IND,16,00-0032378,DI,DeForest Buckner,DeForest,Buckner,,,,Not injury related - resting player,,Did Not Participate In Practice,2023-12-22 20:28:57,injury_reports_2023.csv,0.0,DT,IND
2023,REG,IND,16,00-0037269,DI,Eric Johnson,Eric,Johnson,,,,Ankle,,Full Participation in Practice,2023-12-22 20:28:09,injury_reports_2023.csv,0.0,DT,IND
2023,REG,IND,16,00-0037527,LB,Segun Olubi,Segun,Olubi,Hip,,Out,Hip,,Did Not Participate In Practice,2023-12-22 20:29:58,injury_reports_2023.csv,3.0,LB,IND
2023,REG,JAX,16,00-0038616,CB,Christian Braswell,Christian,Braswell,Hamstring,,Questionable,Hamstring,,Limited Participation in Practice,2023-12-22 19:54:16,injury_reports_2023.csv,1.0,CB,JAX
2023,REG,JAX,16,00-0036974,CB,Tyson Campbell,Tyson,Campbell,Quadricep,,Questionable,Quadricep,,Limited Participation in Practice,2023-12-22 19:54:32,injury_reports_2023.csv,1.0,CB,JAX
2023,REG,JAX,16,00-0036941,S,Andre Cisco,Andre,Cisco,Groin,,Questionable,Groin,,Limited Participation in Practice,2023-12-22 19:54:57,injury_reports_2023.csv,1.0,S,JAX
2023,REG,KC,16,00-0036621,LB,Nick Bolton,Nick,Bolton,,,,Wrist,Abdomen / Illness,Full Participation in Practice,2023-12-23 19:57:57,injury_reports_2023.csv,0.0,LB,KC
2023,REG,KC,16,00-0038513,LB,Cam Jones,Cam,Jones,,,,Illness,,Full Participation in Practice,2023-12-23 19:58:05,injury_reports_2023.csv,0.0,LB,KC
2023,REG,KC,16,00-0034361,S,Justin Reid,Justin,Reid,,,,Knee,,Full Participation in Practice,2023-12-23 19:57:57,injury_reports_2023.csv,0.0,S,KC
2023,REG,KC,16,00-0036374,CB,L'Jarius Sneed,L'Jarius,Sneed,,,,Knee,,Full Participation in Practice,2023-12-23 19:57:57,injury_reports_2023.csv,0.0,CB,KC
2023,REG,LA,16,00-0033783,CB,Ahkello Witherspoon,Ahkello,Witherspoon,,,,Groin,,Full Participation in Practice,2023-12-20 20:14:26,injury_reports_2023.csv,0.0,CB,LA
2023,REG,LA,16,00-0039134,CB,Tre'Vius Tomlinson,Tre'Vius,Tomlinson,Hamstring,,Out,Hamstring,,Did Not Participate In Practice,2023-12-20 20:14:46,injury_reports_2023.csv,3.0,CB,LA
2023,REG,LAC,16,00-0031040,ED,Khalil Mack,Khalil,Mack,,,,Not injury related - resting player,,Did Not Participate In Practice,2023-12-19 21:37:13,injury_reports_2023.csv,0.0,DE,LAC
2023,REG,LAC,16,00-0036716,LB,Amen Ogbongbemiga,Amen,Ogbongbemiga,,,,Hamstring,,Full Participation in Practice,2023-12-21 20:11:17,injury_reports_2023.csv,0.0,LB,LAC
2023,REG,LAC,16,00-0033156,ED,Joey Bosa,Joey,Bosa,Foot,,Out,Foot,,Limited Participation in Practice,2023-12-21 20:11:54,injury_reports_2023.csv,3.0,DE,LAC
2023,REG,LAC,16,00-0036368,LB,Tanner Muse,Tanner,Muse,Knee,,Doubtful,Knee,,Full Participation in Practice,2023-12-21 20:12:09,injury_reports_2023.csv,2.0,LB,LAC
2023,REG,LAC,16,00-0037320,CB,Deane Leonard,Deane,Leonard,Heel,,Doubtful,Heel,,Limited Participation in Practice,2023-12-21 20:12:02,injury_reports_2023.csv,2.0,CB,LAC
2023,REG,LAC,16,00-0035862,CB,Essang Bassey,Essang,Bassey,Concussion,,Questionable,Concussion,,Full Participation in Practice,2023-12-21 20:11:44,injury_reports_2023.csv,1.0,CB,LAC
2023,REG,LAC,16,00-0030500,DI,Nicholas Williams,Nicholas,Williams,Shoulder,,Questionable,Shoulder,,Limited Participation in Practice,2023-12-21 20:11:44,injury_reports_2023.csv,1.0,DT,LAC
2023,REG,LV,16,00-0034387,DI,Bilal Nichols,Bilal,Nichols,,,,Back,,Full Participation in Practice,2023-12-23 20:07:09,injury_reports_2023.csv,0.0,DT,LV
2023,REG,LV,16,00-0034720,LB,Robert Spillane,Robert,Spillane,,,,Illness,,Full Participation in Practice,2023-12-23 20:06:04,injury_reports_2023.csv,0.0,LB,LV
2023,REG,LV,16,00-0034973,ED,Maxx Crosby,Maxx,Crosby,,,,Knee,,Limited Participation in Practice,2023-12-23 20:06:08,injury_reports_2023.csv,0.0,DE,LV
2023,REG,LV,16,00-0034545,CB,Brandon Facyson,Brandon,Facyson,Shin,,Questionable,Shin,,Full Participation in Practice,2023-12-23 20:07:57,injury_reports_2023.csv,1.0,CB,LV
2023,REG,LV,16,00-0038039,CB,Jack Jones,Jack,Jones,Knee,,Questionable,Knee,,Limited Participation in Practice,2023-12-23 20:07:57,injury_reports_2023.csv,1.0,CB,LV
2023,REG,MIA,16,00-0034277,S,DeShon Elliott,DeShon,Elliott,,,,Concussion,,Full Participation in Practice,2023-12-22 20:56:16,injury_reports_2023.csv,0.0,S,MIA
2023,REG,MIA,16,00-0035272,LB,Andrew Van Ginkel,Andrew,Van Ginkel,,,,Oblique,Nose,Full Participation in Practice,2023-12-22 20:57:32,injury_reports_2023.csv,0.0,LB,MIA
2023,REG,MIA,16,00-0037353,CB,Kader Kohou,Kader,Kohou,,,,Hip,,Limited Participation in Practice,2023-12-22 20:56:16,injury_reports_2023.csv,0.0,CB,MIA
2023,REG,MIA,16,00-0033055,CB,Jalen Ramsey,Jalen,Ramsey,,,,Not injury related - resting player,,Limited Participation in Practice,2023-12-20 23:13:35,injury_reports_2023.csv,0.0,CB,MIA
2023,REG,MIA,16,00-0034248,S,Elijah Campbell,Elijah,Campbell,Knee,,Questionable,Knee,,Limited Participation in Practice,2023-12-22 20:57:44,injury_reports_2023.csv,1.0,S,MIA
2023,REG,MIA,16,00-0036998,S,Jevon Holland,Jevon,Holland,Knee,Knee,Questionable,Knee,Knee,Limited Participation in Practice,2023-12-22 20:57:44,injury_reports_2023.csv,1.0,S,MIA
2023,REG,MIA,16,00-0033050,CB,Xavien Howard,Xavien,Howard,Hip,,Questionable,Hip,,Limited Participation in Practice,2023-12-22 20:57:44,injury_reports_2023.csv,1.0,CB,MIA
2023,REG,MIA,16,00-0033073,ED,Emmanuel Ogbah,Emmanuel,Ogbah,Hamstring,,Questionable,Hamstring,,Limited Participation in Practice,2023-12-22 20:57:44,injury_reports_2023.csv,1.0,DE,MIA
2023,REG,MIA,16,00-0039133,CB,Cam Smith,Cam,Smith,Hamstring,,Questionable,Hamstring,,Limited Participation in Practice,2023-12-22 20:57:44,injury_reports_2023.csv,1.0,CB,MIA
2023,REG,MIN,16,00-0033010,DI,Sheldon Day,Sheldon,Day,,,,Ankle,,Full Participation in Practice,2023-12-22 19:44:10,injury_reports_2023.csv,0.0,DT,MIN
2023,REG,MIN,16,00-0031565,ED,Danielle Hunter,Danielle,Hunter,,,,Illness,,Full Participation in Practice,2023-12-22 19:44:23,injury_reports_2023.csv,0.0,DE,MIN
2023,REG,MIN,16,00-0035236,CB,Byron Murphy,Byron,Murphy,Knee,,Out,Knee,,Did Not Participate In Practice,2023-12-22 19:47:06,injury_reports_2023.csv,3.0,CB,MIN
2023,REG,MIN,16,00-0032129,LB,Jordan Hicks,Jordan,Hicks,Shin,,Questionable,Shin,,Full Participation in Practice,2023-12-22 19:46:34,injury_reports_2023.csv,1.0,LB,MIN
2023,REG,MIN,16,00-0033093,DI,Jonathan Bullard,Jonathan,Bullard,Ankle,,Questionable,Ankle,,Limited Participation in Practice,2023-12-22 19:46:34,injury_reports_2023.csv,1.0,DT,MIN
2023,REG,MIN,16,00-0038807,LB,Ivan Pace,Ivan,Pace,Shoulder,,Questionable,Shoulder,,Limited Participation in Practice,2023-12-22 19:46:34,injury_reports_2023.csv,1.0,LB,MIN
2023,REG,MIN,16,00-0034782,DI,Harrison Phillips,Harrison,Phillips,Back,,Questionable,Back,,Limited Participation in Practice,2023-12-22 19:46:34,injury_reports_2023.csv,1.0,DT,MIN
2023,REG,NE,16,00-0029764,S,Cody Davis,Cody,Davis,,,,Illness,,Did Not Participate In Practice,2023-12-21 21:00:01,injury_reports_2023.csv,0.0,S,NE
2023,REG,NE,16,00-0033883,S,Jabrill Peppers,Jabrill,Peppers,Hamstring,,Out,Hamstring,,Did Not Participate In Practice,2023-12-22 20:22:18,injury_reports_2023.csv,3.0,S,NE
2023,REG,NE,16,00-0036981,DI,Christian Barmore,Christian,Barmore,Shoulder,,Questionable,Shoulder,,Limited Participation in Practice,2023-12-22 20:22:03,injury_reports_2023.csv,1.0,DT,NE
2023,REG,NE,16,00-0034385,LB,Ja'Whaun Bentley,Ja'Whaun,Bentley,Knee,,Questionable,Knee,,Limited Participation in Practice,2023-12-22 20:22:03,injury_reports_2023.csv,1.0,LB,NE
2023,REG,NE,16,00-0036193,LB,Anfernee Jennings,Anfernee,Jennings,Illness,,Questionable,Illness,,Limited Participation in Practice,2023-12-22 20:22:03,injury_reports_2023.csv,1.0,LB,NE
2023,REG,NE,16,00-0032580,CB,Jonathan Jones,Jonathan,Jones,Knee,,Questionable,Knee,,Limited Participation in Practice,2023-12-22 20:22:03,injury_reports_2023.csv,1.0,CB,NE
2023,REG,NE,16,00-0035240,LB,Jahlani Tavai,Jahlani,Tavai,Ankle,,Questionable,Ankle,,Limited Participation in Practice,2023-12-22 20:22:03,injury_reports_2023.csv,1.0,LB,NE
2023,REG,NO,16,00-0035402,ED,Carl Granderson,Carl,Granderson,,,,Shoulder,,Full Participation in Practice,2023-12-20 20:02:33,injury_reports_2023.csv,0.0,DE,NO
2023,REG,NO,16,00-0027962,ED,Cameron Jordan,Cameron,Jordan,,,,Ankle,,Limited Participation in Practice,2023-12-20 20:02:19,injury_reports_2023.csv,0.0,DE,NO
2023,REG,NO,16,00-0039143,ED,Isaiah Foskey,Isaiah,Foskey,Quadricep,,Out,Quadricep,,Did Not Participate In Practice,2023-12-20 20:02:45,injury_reports_2023.csv,3.0,DE,NO
2023,REG,NO,16,00-0035244,CB,Lonnie Johnson,Lonnie,Johnson,Knee,,Out,Knee,,Did Not Participate In Practice,2023-12-20 20:02:52,injury_reports_2023.csv,3.0,CB,NO
2023,REG,NO,16,00-0036926,ED,Payton Turner,Payton,Turner,Toe,,Out,Toe,,Limited Participation in Practice,2023-12-20 20:03:12,injury_reports_2023.csv,3.0,DE,NO
2023,REG,NYG,16,00-0036402,LB,Carter Coughlin,Carter,Coughlin,,,,Neck,,Full Participation in Practice,2023-12-23 19:06:09,injury_reports_2023.csv,0.0,LB,NYG
2023,REG,NYG,16,00-0036388,S,Xavier McKinney,Xavier,McKinney,,,,Illness,,Full Participation in Practice,2023-12-23 19:06:34,injury_reports_2023.csv,0.0,S,NYG
2023,REG,NYG,16,00-0031957,DI,Rakeem Nunez-Roches,Rakeem,Nunez-Roches,Knee,,Out,Knee,,Did Not Participate In Practice,2023-12-23 19:08:15,injury_reports_2023.csv,3.0,DT,NYG
2023,REG,NYG,16,00-0035683,DI,Dexter Lawrence,Dexter,Lawrence,Hamstring,,Questionable,Hamstring,,Limited Participation in Practice,2023-12-23 19:07:26,injury_reports_2023.csv,1.0,DT,NYG
2023,REG,NYG,16,00-0032889,DI,A'Shawn Robinson,A'Shawn,Robinson,Back,,Questionable,Back,,Limited Participation in Practice,2023-12-23 19:07:26,injury_reports_2023.csv,1.0,DT,NYG
2023,REG,NYJ,16,00-0034264,ED,Jalyn Holmes,Jalyn,Holmes,,,,Elbow,,Full Participation in Practice,2023-12-22 19:40:25,injury_reports_2023.csv,0.0,DE,NYJ
2023,REG,NYJ,16,00-0033870,DI,Solomon Thomas,Solomon,Thomas,,,,Knee,,Full Participation in Practice,2023-12-22 19:40:25,injury_reports_2023.csv,0.0,DT,NYJ
2023,REG,NYJ,16,00-0035680,LB,Quincy Williams,Quincy,Williams,,,,Knee,,Full Participation in Practice,2023-12-22 19:40:25,injury_reports_2023.csv,0.0,LB,NYJ
2023,REG,NYJ,16,00-0034805,ED,John Franklin-Myers,John,Franklin-Myers,Hip,,Questionable,Hip,,Did Not Participate In Practice,2023-12-22 19:40:51,injury_reports_2023.csv,1.0,DE,NYJ
2023,REG,NYJ,16,00-0034374,S,Jordan Whitehead,Jordan,Whitehead,Knee,,Questionable,Knee,,Limited Participation in Practice,2023-12-22 19:40:51,injury_reports_2023.csv,1.0,S,NYJ
2023,REG,PHI,16,00-0033547,LB,Zach Cunningham,Zach,Cunningham,Knee,,Out,Knee,,Did Not Participate In Practice,2023-12-23 20:43:00,injury_reports_2023.csv,3.0,LB,PHI
2023,REG,PHI,16,00-0030062,CB,Darius Slay,Darius,Slay,Knee,,Out,Knee,,Did Not Participate In Practice,2023-12-23 20:43:31,injury_reports_2023.csv,3.0,CB,PHI
2023,REG,PHI,16,00-0034377,CB,Avonte Maddox,Avonte,Maddox,Pectoral,,Out,Pectoral,,Full Participation in Practice,2023-12-23 20:43:20,injury_reports_2023.csv,3.0,CB,PHI
2023,REG,PHI,16,00-0033445,LB,Nicholas Morrow,Nicholas,Morrow,Abdomen,,Questionable,Abdomen,,Did Not Participate In Practice,2023-12-23 20:42:48,injury_reports_2023.csv,1.0,LB,PHI
2023,REG,PIT,16,00-0027969,DI,Cameron Heyward,Cameron,Heyward,,,,Concussion,,Full Participation in Practice,2023-12-21 19:53:34,injury_reports_2023.csv,0.0,DT,PIT
2023,REG,PIT,16,00-0034789,S,Minkah Fitzpatrick,Minkah,Fitzpatrick,Knee,,Out,Knee,,Did Not Participate In Practice,2023-12-21 20:00:24,injury_reports_2023.csv,3.0,S,PIT
2023,REG,PIT,16,00-0037377,S,Trenton Thompson,Trenton,Thompson,Neck,,Out,Neck,,Did Not Participate In Practice,2023-12-21 20:00:51,injury_reports_2023.csv,3.0,S,PIT
2023,REG,PIT,16,00-0036002,S,Elijah Riley,Elijah,Riley,Ankle,,Questionable,Ankle,,Full Participation in Practice,2023-12-21 20:00:11,injury_reports_2023.csv,1.0,S,PIT
2023,REG,SEA,16,00-0031608,S,Quandre Diggs,Quandre,Diggs,,,,Not injury related - resting player,,Did Not Participate In Practice,2023-12-20 23:50:35,injury_reports_2023.csv,0.0,S,SEA
2023,REG,SEA,16,00-0034974,S,Julian Love,Julian,Love,,,,Not injury related - personal matter,,Did Not Participate In Practice,2023-12-22 22:12:41,injury_reports_2023.csv,0.0,S,SEA
2023,REG,SEA,16,00-0029255,LB,Bobby Wagner,Bobby,Wagner,,,,Not injury related - resting player,,Did Not Participate In Practice,2023-12-22 00:03:20,injury_reports_2023.csv,0.0,LB,SEA
2023,REG,SEA,16,00-0028292,LB,Nick Bellore,Nick,Bellore,,,,Knee,,Full Participation in Practice,2023-12-22 22:12:41,injury_reports_2023.csv,0.0,LB,SEA
2023,REG,SEA,16,00-0036409,LB,Jordyn Brooks,Jordyn,Brooks,,,,Ankle,,Full Participation in Practice,2023-12-22 22:12:41,injury_reports_2023.csv,0.0,LB,SEA
2023,REG,SEA,16,00-0031933,DI,Leonard Williams,Leonard,Williams,,,,Ankle,,Full Participation in Practice,2023-12-22 22:15:13,injury_reports_2023.csv,0.0,DT,SEA
2023,REG,SEA,16,00-0033872,S,Jamal Adams,Jamal,Adams,Knee,,Out,Knee,,Did Not Participate In Practice,2023-12-22 20:46:06,injury_reports_2023.csv,3.0,S,SEA
2023,REG,SEA,16,00-0032210,LB,Frank Clark,Frank,Clark,Illness,,Out,Illness,,Did Not Participate In Practice,2023-12-22 20:46:43,injury_reports_2023.csv,3.0,LB,SEA
2023,REG,SEA,16,00-0036885,CB,Tre Brown,Tre,Brown,Heel,,Questionable,Heel,,Full Participation in Practice,2023-12-22 20:47:45,injury_reports_2023.csv,1.0,CB,SEA
2023,REG,SEA,16,00-0039169,CB,Devon Witherspoon,Devon,Witherspoon,Hip,,Questionable,Hip,,Limited Participation in Practice,2023-12-22 20:48:25,injury_reports_2023.csv,1.0,CB,SEA
2023,REG,SF,16,00-0035717,ED,Nick Bosa,Nick,Bosa,,,,Not injury related - resting player,,Did Not Participate In Practice,2023-12-21 23:04:23,injury_reports_2023.csv,0.0,DE,SF
2023,REG,SF,16,00-0035692,ED,Clelin Ferrell,Clelin,Ferrell,,,,Ankle,,Full Participation in Practice,2023-12-23 21:55:03,injury_reports_2023.csv,0.0,DE,SF
2023,REG,SF,16,00-0036563,CB,Deommodore Lenoir,Deommodore,Lenoir,,,,Rib,,Full Participation in Practice,2023-12-23 21:54:15,injury_reports_2023.csv,0.0,CB,SF
2023,REG,SF,16,00-0032164,DI,Arik Armstead,Arik,Armstead,Foot,Knee,Out,Foot,Knee,Did Not Participate In Practice,2023-12-23 21:55:53,injury_reports_2023.csv,3.0,DT,SF
2023,REG,SF,16,00-0034754,LB,Oren Burks,Oren,Burks,Knee,,Out,Knee,,Did Not Participate In Practice,2023-12-23 21:56:09,injury_reports_2023.csv,3.0,LB,SF
2023,REG,SF,16,00-0033109,DI,Javon Hargrave,Javon,Hargrave,Hamstring,,Questionable,Hamstring,,Limited Participation in Practice,2023-12-23 21:55:31,injury_reports_2023.csv,1.0,DT,SF
2023,REG,TB,16,00-0034778,CB,Carlton Davis,Carlton,Davis,,,,Groin,,Full Participation in Practice,2023-12-22 20:45:48,injury_reports_2023.csv,0.0,CB,TB
2023,REG,TB,16,00-0039051,CB,Josh Hayes,Josh,Hayes,,,,Illness,,Full Participation in Practice,2023-12-22 20:45:48,injury_reports_2023.csv,0.0,CB,TB
2023,REG,TB,16,00-0034527,S,Ryan Neal,Ryan,Neal,,,,Back,,Full Participation in Practice,2023-12-22 20:45:48,injury_reports_2023.csv,0.0,S,TB
2023,REG,TB,16,00-0034773,DI,Vita Vea,Vita,Vea,,,,Toe,,Full Participation in Practice,2023-12-22 20:45:48,injury_reports_2023.csv,0.0,DT,TB
2023,REG,TB,16,00-0035707,LB,Devin White,Devin,White,,,,Foot,,Full Participation in Practice,2023-12-22 20:45:48,injury_reports_2023.csv,0.0,LB,TB
2023,REG,TB,16,00-0036411,S,Antoine Winfield,Antoine,Winfield,Calf,,Questionable,Calf,,Did Not Participate In Practice,2023-12-22 20:46:45,injury_reports_2023.csv,1.0,S,TB
2023,REG,TB,16,00-0030386,ED,William Gholston,William,Gholston,Knee,Ankle,Questionable,Knee,Ankle,Limited Participation in Practice,2023-12-22 20:46:45,injury_reports_2023.csv,1.0,DE,TB
2023,REG,TEN,16,00-0031254,ED,Denico Autry,Denico,Autry,,,,Not injury related - resting player,,Full Participation in Practice,2023-12-22 20:20:31,injury_reports_2023.csv,0.0,DE,TEN
2023,REG,TEN,16,00-0034825,LB,Arden Key,Arden,Key,,,,Back,,Full Participation in Practice,2023-12-22 20:21:50,injury_reports_2023.csv,0.0,LB,TEN
2023,REG,TEN,16,00-0037596,LB,Jack Gibbens,Jack,Gibbens,Back,,Out,Back,,Did Not Participate In Practice,2023-12-22 20:25:49,injury_reports_2023.csv,3.0,LB,TEN
2023,REG,TEN,16,00-0035413,LB,Luke Gifford,Luke,Gifford,Hamstring,,Out,Hamstring,,Did Not Participate In Practice,2023-12-22 20:25:56,injury_reports_2023.csv,3.0,LB,TEN
2023,REG,TEN,16,00-0035632,S,Amani Hooker,Amani,Hooker,Knee,,Out,Knee,,Did Not Participate In Practice,2023-12-22 20:26:05,injury_reports_2023.csv,3.0,S,TEN
2023,REG,TEN,16,00-0038850,ED,T.K. McLendon,T.K.,McLendon,Shoulder,,Out,Shoulder,,Did Not Participate In Practice,2023-12-22 20:26:37,injury_reports_2023.csv,3.0,DE,TEN
2023,REG,TEN,16,00-0035239,CB,Sean Murphy-Bunting,Sean,Murphy-Bunting,Hip,,Out,Hip,,Did Not Participate In Practice,2023-12-22 20:26:46,injury_reports_2023.csv,3.0,CB,TEN
2023,REG,TEN,16,00-0035643,DI,Jeffery Simmons,Jeffery,Simmons,Knee,,Out,Knee,,Did Not Participate In Practice,2023-12-22 20:27:37,injury_reports_2023.csv,3.0,DT,TEN
2023,REG,TEN,16,00-0036395,S,K'Von Wallace,K'Von,Wallace,Quadricep,,Out,Quadricep,,Did Not Participate In Practice,2023-12-22 20:27:46,injury_reports_2023.csv,3.0,S,TEN
2023,REG,TEN,16,00-0036615,CB,Caleb Farley,Caleb,Farley,Back,,Out,Back,,Limited Participation in Practice,2023-12-22 20:25:42,injury_reports_2023.csv,3.0,CB,TEN
2023,REG,WAS,16,00-0033523,DI,Jonathan Allen,Jonathan,Allen,,,,Not injury related - resting player,,Did Not Participate In Practice,2023-12-20 19:06:33,injury_reports_2023.csv,0.0,DT,WAS
2023,REG,WAS,16,00-0033084,CB,Kendall Fuller,Kendall,Fuller,,,,Not injury related - resting player,,Did Not Participate In Practice,2023-12-20 19:06:42,injury_reports_2023.csv,0.0,CB,WAS
2023,REG,WAS,16,00-0035672,LB,Cody Barton,Cody,Barton,,,,Knee,,Full Participation in Practice,2023-12-22 18:13:48,injury_reports_2023.csv,0.0,LB,WAS
2023,REG,WAS,16,00-0039151,CB,Emmanuel Forbes,Emmanuel,Forbes,,,,Elbow,,Full Participation in Practice,2023-12-22 18:13:48,injury_reports_2023.csv,0.0,CB,WAS
2023,REG,WAS,16,00-0038835,ED,Joshua Pryor,Joshua,Pryor,,,,Illness,,Full Participation in Practice,2023-12-22 18:14:18,injury_reports_2023.csv,0.0,DE,WAS
2023,REG,WAS,16,00-0036351,ED,James Smith-Williams,James,Smith-Williams,,,,Hamstring,,Full Participation in Practice,2023-12-22 18:14:24,injury_reports_2023.csv,0.0,DE,WAS
2023,REG,WAS,16,00-0037283,DI,John Ridgeway,John,Ridgeway,,,,Foot,,Limited Participation in Practice,2023-12-22 18:13:48,injury_reports_2023.csv,0.0,DT,WAS
2023,REG,WAS,16,00-0038100,S,Percy Butler,Percy,Butler,Illness,,Questionable,Illness,,Did Not Participate In Practice,2023-12-22 18:14:45,injury_reports_2023.csv,1.0,S,WAS
2023,REG,ARZ,17,00-0034623,S,Andre Chachere,Andre,Chachere,,,,Shoulder,,Full Participation in Practice,2023-12-29 19:33:44,injury_reports_2023.csv,0.0,S,ARI
2023,REG,ARZ,17,00-0036933,LB,Zaven Collins,Zaven,Collins,,,,Ankle,,Full Participation in Practice,2023-12-29 19:33:49,injury_reports_2023.csv,0.0,LB,ARI
2023,REG,ARZ,17,00-0036896,LB,Victor Dimukeje,Victor,Dimukeje,,,,Foot,,Full Participation in Practice,2023-12-29 19:33:54,injury_reports_2023.csv,0.0,LB,ARI
2023,REG,ARZ,17,00-0035334,DI,Kevin Strong,Kevin,Strong,,,,Knee,,Full Participation in Practice,2023-12-29 19:34:15,injury_reports_2023.csv,0.0,DT,ARI
2023,REG,ARZ,17,00-0035343,ED,Jonathan Ledbetter,Jonathan,Ledbetter,Knee,,Out,Knee,,Did Not Participate In Practice,2023-12-29 19:35:27,injury_reports_2023.csv,3.0,DE,ARI
2023,REG,ARZ,17,00-0038660,LB,Trevor Nowaske,Trevor,Nowaske,not injury related - travel,,Out,not injury related - travel,,Did Not Participate In Practice,2023-12-29 21:53:44,injury_reports_2023.csv,3.0,LB,ARI
2023,REG,ARZ,17,00-0036371,DI,Leki Fotu,Leki,Fotu,Hand,,Out,Hand,,Limited Participation in Practice,2023-12-29 19:35:34,injury_reports_2023.csv,3.0,DT,ARI
2023,REG,ARZ,17,00-0036011,CB,Bobby Price,Bobby,Price,Quadricep,,Questionable,Quadricep,,Full Participation in Practice,2023-12-29 19:34:54,injury_reports_2023.csv,1.0,CB,ARI
2023,REG,ARZ,17,00-0038600,LB,Owen Pappoe,Owen,Pappoe,Ankle,,Questionable,Ankle,,Limited Participation in Practice,2023-12-29 19:34:54,injury_reports_2023.csv,1.0,LB,ARI
2023,REG,ARZ,17,00-0039007,CB,Garrett Williams,Garrett,Williams,Knee,,Questionable,Knee,,Limited Participation in Practice,2023-12-29 19:34:54,injury_reports_2023.csv,1.0,CB,ARI
2023,REG,ATL,17,00-0026190,ED,Calais Campbell,Calais,Campbell,,,,Not injury related - resting player,,Did Not Participate In Practice,2023-12-27 21:01:57,injury_reports_2023.csv,0.0,DE,ATL
2023,REG,ATL,17,00-0034360,LB,Lorenzo Carter,Lorenzo,Carter,,,,Neck,,Full Participation in Practice,2023-12-29 18:23:59,injury_reports_2023.csv,0.0,LB,ATL
2023,REG,ATL,17,00-0033051,DI,David Onyemata,David,Onyemata,,,,Ankle,,Full Participation in Practice,2023-12-29 18:24:20,injury_reports_2023.csv,0.0,DT,ATL
2023,REG,BLT,17,00-0033503,CB,Arthur Maulet,Arthur,Maulet,,,,Knee,,Full Participation in Practice,2023-12-29 21:29:23,injury_reports_2023.csv,0.0,CB,BAL
2023,REG,BLT,17,00-0036323,LB,Patrick Queen,Patrick,Queen,,,,Shoulder,,Full Participation in Practice,2023-12-29 21:27:37,injury_reports_2023.csv,0.0,LB,BAL
2023,REG,BLT,17,00-0034874,LB,Roquan Smith,Roquan,Smith,,,,Pectoral,,Full Participation in Practice,2023-12-29 21:27:37,injury_reports_2023.csv,0.0,LB,BAL
2023,REG,BLT,17,00-0036081,ED,Broderick Washington,Broderick,Washington,,,,Elbow,,Full Participation in Practice,2023-12-29 21:27:37,injury_reports_2023.csv,0.0,DE,BAL
2023,REG,BLT,17,00-0038119,CB,Jalyn Armour-Davis,Jalyn,Armour-Davis,Concussion,,Out,Concussion,,Did Not Participate In Practice,2023-12-29 21:30:35,injury_reports_2023.csv,3.0,CB,BAL
2023,REG,BLT,17,00-0038038,S,Kyle Hamilton,Kyle,Hamilton,Knee,,Questionable,Knee,,Did Not Participate In Practice,2023-12-29 21:30:19,injury_reports_2023.csv,1.0,S,BAL
2023,REG,BLT,17,00-0035202,LB,Del'Shawn Phillips,Del'Shawn,Phillips,Shoulder,,Questionable,Shoulder,,Did Not Participate In Practice,2023-12-29 21:30:19,injury_reports_2023.csv,1.0,LB,BAL
2023,REG,BLT,17,00-0036987,CB,Brandon Stephens,Brandon,Stephens,Ankle,,Questionable,Ankle,,Did Not Participate In Practice,2023-12-29 21:30:19,injury_reports_2023.csv,1.0,CB,BAL
2023,REG,BUF,17,00-0035357,CB,Cameron Lewis,Cameron,Lewis,,,,Thumb,Not injury related - personal ,Did Not Participate In Practice,2023-12-29 20:32:32,injury_reports_2023.csv,0.0,CB,BUF
2023,REG,BUF,17,00-0033072,ED,Leonard Floyd,Leonard,Floyd,,,,Wrist,"rib, not injury related - rest",Full Participation in Practice,2023-12-29 20:29:40,injury_reports_2023.csv,0.0,DE,BUF
2023,REG,BUF,17,00-0030090,S,Micah Hyde,Micah,Hyde,,,,neck stinger,,Full Participation in Practice,2023-12-29 20:32:10,injury_reports_2023.csv,0.0,S,BUF
2023,REG,BUF,17,00-0033096,ED,Shaq Lawson,Shaq,Lawson,,,,Illness,,Full Participation in Practice,2023-12-29 20:32:23,injury_reports_2023.csv,0.0,DE,BUF
2023,REG,BUF,17,00-0027940,LB,Von Miller,Von,Miller,,,,Not injury related - resting player,,Full Participation in Practice,2023-12-29 20:29:40,injury_reports_2023.csv,0.0,LB,BUF
2023,REG,BUF,17,00-0038557,LB,Dorian Williams,Dorian,Williams,,,,Knee,,Full Participation in Practice,2023-12-29 20:29:40,injury_reports_2023.csv,0.0,LB,BUF
2023,REG,BUF,17,00-0037254,LB,Terrel Bernard,Terrel,Bernard,,,,Ankle,,Limited Participation in Practice,2023-12-29 20:29:40,injury_reports_2023.csv,0.0,LB,BUF
2023,REG,BUF,17,00-0036192,ED,A.J. Epenesa,A.J.,Epenesa,Rib,,Questionable,Rib,,Full Participation in Practice,2023-12-29 20:32:47,injury_reports_2023.csv,1.0,DE,BUF
2023,REG,BUF,17,00-0031054,DI,DaQuan Jones,DaQuan,Jones,Pectoral,,Questionable,Pectoral,,Full Participation in Practice,2023-12-29 20:32:47,injury_reports_2023.csv,1.0,DT,BUF
2023,REG,BUF,17,00-0036888,S,Damar Hamlin,Damar,Hamlin,Shoulder,,Questionable,Shoulder,,Limited Participation in Practice,2023-12-29 20:32:47,injury_reports_2023.csv,1.0,S,BUF
2023,REG,CAR,17,00-0038493,LB,Claudin Cherelus,Claudin,Cherelus,,,,Knee,,Full Participation in Practice,2023-12-29 18:51:11,injury_reports_2023.csv,0.0,LB,CAR
2023,REG,CAR,17,00-0034356,CB,Donte Jackson,Donte,Jackson,,,,Ankle,,Full Participation in Practice,2023-12-29 18:52:20,injury_reports_2023.csv,0.0,CB,CAR
2023,REG,CAR,17,00-0031785,CB,Troy Hill,Troy,Hill,Concussion,,Out,Concussion,,Did Not Participate In Practice,2023-12-29 18:53:50,injury_reports_2023.csv,3.0,CB,CAR
2023,REG,CAR,17,00-0034382,LB,Marquis Haynes,Marquis,Haynes,Back,,Questionable,Back,,Full Participation in Practice,2023-12-29 18:54:43,injury_reports_2023.csv,1.0,LB,CAR
2023,REG,CAR,17,00-0036944,CB,Jaycee Horn,Jaycee,Horn,Toe,,Questionable,Toe,,Limited Participation in Practice,2023-12-29 18:54:16,injury_reports_2023.csv,1.0,CB,CAR
2023,REG,CAR,17,00-0034302,LB,Frankie Luvu,Frankie,Luvu,Quadricep,,Questionable,Quadricep,,Limited Participation in Practice,2023-12-29 18:54:29,injury_reports_2023.csv,1.0,LB,CAR
2023,REG,CHI,17,00-0038390,LB,Noah Sewell,Noah,Sewell,,,,Knee,,Full Participation in Practice,2023-12-29 21:47:12,injury_reports_2023.csv,0.0,LB,CHI
2023,REG,CIN,17,00-0036850,ED,Cam Sample,Cam,Sample,,,,Knee,,Full Participation in Practice,2023-12-29 19:06:12,injury_reports_2023.csv,0.0,DE,CIN
2023,REG,CIN,17,00-0037753,CB,Cam Taylor-Britt,Cam,Taylor-Britt,,,,Ankle,,Full Participation in Practice,2023-12-29 19:06:12,injury_reports_2023.csv,0.0,CB,CIN
2023,REG,CIN,17,00-0034446,CB,Jalen Davis,Jalen,Davis,Groin,,Questionable,Groin,,Limited Participation in Practice,2023-12-29 19:07:19,injury_reports_2023.csv,1.0,CB,CIN
2023,REG,CLV,17,00-0037250,CB,Martin Emerson,Martin,Emerson,,,,Ankle,,Full Participation in Practice,2023-12-27 20:25:13,injury_reports_2023.csv,0.0,CB,CLE
2023,REG,CLV,17,00-0033868,ED,Myles Garrett,Myles,Garrett,,,,Not injury related - personal matter,Shoulder,Full Participation in Practice,2023-12-27 20:25:28,injury_reports_2023.csv,0.0,DE,CLE
2023,REG,CLV,17,00-0035444,LB,Jordan Kunaszyk,Jordan,Kunaszyk,,,,Calf,,Full Participation in Practice,2023-12-27 20:25:50,injury_reports_2023.csv,0.0,LB,CLE
2023,REG,CLV,17,00-0034856,CB,Denzel Ward,Denzel,Ward,,,,Shoulder,,Full Participation in Practice,2023-12-27 20:24:36,injury_reports_2023.csv,0.0,CB,CLE
2023,REG,CLV,17,00-0031576,ED,Za'Darius Smith,Za'Darius,Smith,,,,Pectoral,,Limited Participation in Practice,2023-12-27 20:26:30,injury_reports_2023.csv,0.0,DE,CLE
2023,REG,CLV,17,00-0034807,ED,Ogbonnia Okoronkwo,Ogbonnia,Okoronkwo,Pectoral,,Out,Pectoral,,Did Not Participate In Practice,2023-12-27 20:27:36,injury_reports_2023.csv,3.0,DE,CLE
2023,REG,CLV,17,00-0033570,LB,Anthony Walker,Anthony,Walker,Knee,,Out,Knee,,Did Not Participate In Practice,2023-12-27 20:27:44,injury_reports_2023.csv,3.0,LB,CLE
2023,REG,CLV,17,00-0035625,S,Juan Thornhill,Juan,Thornhill,Calf,,Questionable,Calf,,Full Participation in Practice,2023-12-27 20:26:59,injury_reports_2023.csv,1.0,S,CLE
2023,REG,DAL,17,00-0033877,S,Malik Hooker,Malik,Hooker,,,,Ankle,,Full Participation in Practice,2023-12-28 20:43:50,injury_reports_2023.csv,0.0,S,DAL
2023,REG,DAL,17,00-0029542,CB,Stephon Gilmore,Stephon,Gilmore,,,,Not injury related - resting player,,Limited Participation in Practice,2023-12-26 18:47:03,injury_reports_2023.csv,0.0,CB,DAL
2023,REG,DAL,17,00-0031411,ED,Demarcus Lawrence,Demarcus,Lawrence,,,,Not injury related - resting player,,Limited Participation in Practice,2023-12-26 18:47:29,injury_reports_2023.csv,0.0,DE,DAL
2023,REG,DAL,17,00-0033928,CB,Jourdan Lewis,Jourdan,Lewis,,,,Not injury related - resting player,,Limited Participation in Practice,2023-12-26 18:47:40,injury_reports_2023.csv,0.0,CB,DAL
2023,REG,DAL,17,00-0030063,DI,Johnathan Hankins,Johnathan,Hankins,Knee,Ankle,Out,Knee,Ankle,Did Not Participate In Practice,2023-12-28 20:45:44,injury_reports_2023.csv,3.0,DT,DAL
2023,REG,DAL,17,00-0038575,ED,Viliami Fehoko,Viliami,Fehoko,Knee,,Questionable,Knee,,Full Participation in Practice,2023-12-28 20:45:08,injury_reports_2023.csv,1.0,DE,DAL
2023,REG,DEN,17,00-0037249,LB,Nik Bonitto,Nik,Bonitto,,,,Knee,,Full Participation in Practice,2023-12-29 21:12:12,injury_reports_2023.csv,0.0,LB,DEN
2023,REG,DEN,17,00-0029890,DI,Mike Purcell,Mike,Purcell,,,,Not injury related - resting player,,Full Participation in Practice,2023-12-29 21:16:03,injury_reports_2023.csv,0.0,DT,DEN
2023,REG,DEN,17,00-0032971,S,Justin Simmons,Justin,Simmons,,,,Illness,,Full Participation in Practice,2023-12-29 21:15:03,injury_reports_2023.csv,0.0,S,DEN
2023,REG,DEN,17,00-0036995,LB,Baron Browning,Baron,Browning,Concussion,,Out,Concussion,,Did Not Participate In Practice,2023-12-29 21:39:58,injury_reports_2023.csv,3.0,LB,DEN
2023,REG,DET,17,00-0036964,LB,Derrick Barnes,Derrick,Barnes,,,,Shoulder,,Full Participation in Practice,2023-12-28 20:45:36,injury_reports_2023.csv,0.0,LB,DET
2023,REG,DET,17,00-0036748,CB,Jerry Jacobs,Jerry,Jacobs,,,,Hamstring,,Full Participation in Practice,2023-12-28 20:45:36,injury_reports_2023.csv,0.0,CB,DET
2023,REG,DET,17,00-0035253,S,Chauncey Gardner-Johnson,Chauncey,Gardner-Johnson,Pectoral,,Out,Pectoral,,Limited Participation in Practice,2023-12-28 20:51:03,injury_reports_2023.csv,3.0,S,DET
2023,REG,DET,17,00-0037310,LB,James Houston,James,Houston,Ankle,,Out,Ankle,,Limited Participation in Practice,2023-12-28 20:51:08,injury_reports_2023.csv,3.0,LB,DET
2023,REG,DET,17,00-0033930,CB,Cameron Sutton,Cameron,Sutton,Toe,,Questionable,Toe,,Did Not Participate In Practice,2023-12-28 20:50:51,injury_reports_2023.csv,1.0,CB,DET
2023,REG,GB,17,00-0037083,LB,Kingsley Enagbare,Kingsley,Enagbare,,,,Toe,,Full Participation in Practice,2023-12-29 19:43:42,injury_reports_2023.csv,0.0,LB,GB
2023,REG,GB,17,00-0034485,S,Jonathan Owens,Jonathan,Owens,,,,Knee,,Limited Participation in Practice,2023-12-29 19:43:42,injury_reports_2023.csv,0.0,S,GB
2023,REG,GB,17,00-0037074,LB,Quay Walker,Quay,Walker,,,,Shoulder,,Limited Participation in Practice,2023-12-29 19:43:42,injury_reports_2023.csv,0.0,LB,GB
2023,REG,GB,17,00-0036901,CB,Eric Stokes,Eric,Stokes,Hamstring,,Out,,,"
    ",2023-12-30 23:11:11,injury_reports_2023.csv,3.0,CB,GB
2023,REG,GB,17,00-0032401,LB,De'Vondre Campbell,De'Vondre,Campbell,Neck,,Doubtful,Neck,,Did Not Participate In Practice,2023-12-29 19:44:21,injury_reports_2023.csv,2.0,LB,GB
2023,REG,GB,17,00-0036904,CB,Robert Rochell,Robert,Rochell,Neck,,Questionable,Neck,,Limited Participation in Practice,2023-12-29 19:44:14,injury_reports_2023.csv,1.0,CB,GB
2023,REG,GB,17,00-0034968,S,Darnell Savage,Darnell,Savage,Shoulder,,Questionable,Shoulder,,Limited Participation in Practice,2023-12-29 19:44:14,injury_reports_2023.csv,1.0,S,GB
2023,REG,GB,17,00-0036642,DI,Tedarrell Slaton,Tedarrell,Slaton,Knee,Foot,Questionable,Knee,Foot,Limited Participation in Practice,2023-12-29 19:44:14,injury_reports_2023.csv,1.0,DT,GB
2023,REG,HST,17,00-0031584,S,Adrian Amos,Adrian,Amos,,,,Not injury related - personal matter,,Did Not Participate In Practice,2023-12-27 21:43:42,injury_reports_2023.csv,0.0,S,HOU
2023,REG,HST,17,00-0035276,LB,Blake Cashman,Blake,Cashman,,,,Hamstring,,Full Participation in Practice,2023-12-29 20:56:48,injury_reports_2023.csv,0.0,LB,HOU
2023,REG,HST,17,00-0032103,DI,Denzel Perryman,Denzel,Perryman,,,,Ankle,,Full Participation in Practice,2023-12-29 20:56:59,injury_reports_2023.csv,0.0,DT,HOU
2023,REG,HST,17,00-0036224,ED,Jonathan Greenard,Jonathan,Greenard,Ankle,,Out,Ankle,,Did Not Participate In Practice,2023-12-29 20:58:03,injury_reports_2023.csv,3.0,DE,HOU
2023,REG,HST,17,00-0033131,DI,Maliek Collins,Maliek,Collins,Hip,,Questionable,Hip,,Did Not Participate In Practice,2023-12-29 20:57:29,injury_reports_2023.csv,1.0,DT,HOU
2023,REG,HST,17,00-0032150,CB,Steven Nelson,Steven,Nelson,Foot,Hamstring,Questionable,Foot,Hamstring,Did Not Participate In Practice,2023-12-29 20:57:29,injury_reports_2023.csv,1.0,CB,HOU
2023,REG,HST,17,00-0039108,ED,Will Anderson,Will,Anderson,Ankle,,Questionable,Ankle,,Limited Participation in Practice,2023-12-29 20:57:29,injury_reports_2023.csv,1.0,DE,HOU
2023,REG,HST,17,00-0032759,DI,Sheldon Rankins,Sheldon,Rankins,Ankle,,Questionable,Ankle,,Limited Participation in Practice,2023-12-29 20:57:29,injury_reports_2023.csv,1.0,DT,HOU
2023,REG,IND,17,00-0032378,DI,DeForest Buckner,DeForest,Buckner,,,,Not injury related - resting player,,Did Not Participate In Practice,2023-12-29 20:29:13,injury_reports_2023.csv,0.0,DT,IND
2023,REG,IND,17,00-0037527,LB,Segun Olubi,Segun,Olubi,,,,Hip,,Full Participation in Practice,2023-12-29 20:29:00,injury_reports_2023.csv,0.0,LB,IND
2023,REG,IND,17,00-0038624,CB,Ameer Speed,Ameer,Speed,,,,Knee,,Full Participation in Practice,2023-12-29 20:28:40,injury_reports_2023.csv,0.0,CB,IND
2023,REG,IND,17,00-0036644,LB,Cameron McGrone,Cameron,McGrone,Illness,,Questionable,Illness,,Did Not Participate In Practice,2023-12-29 20:29:56,injury_reports_2023.csv,1.0,LB,IND
2023,REG,IND,17,00-0033393,CB,Kenny Moore,Kenny,Moore,Back,,Questionable,Back,,Did Not Participate In Practice,2023-12-29 20:29:56,injury_reports_2023.csv,1.0,CB,IND
2023,REG,JAX,17,00-0038616,CB,Christian Braswell,Christian,Braswell,,,,Hamstring,,Limited Participation in Practice,2023-12-27 20:26:18,injury_reports_2023.csv,0.0,CB,JAX
2023,REG,JAX,17,00-0036974,CB,Tyson Campbell,Tyson,Campbell,,,,Finger,,Limited Participation in Practice,2023-12-29 19:43:57,injury_reports_2023.csv,0.0,CB,JAX
2023,REG,JAX,17,00-0036941,S,Andre Cisco,Andre,Cisco,,,,Groin,,Limited Participation in Practice,2023-12-29 19:43:57,injury_reports_2023.csv,0.0,S,JAX
2023,REG,KC,17,00-0036621,LB,Nick Bolton,Nick,Bolton,,,,Wrist,Abdomen,Full Participation in Practice,2023-12-29 20:46:13,injury_reports_2023.csv,0.0,LB,KC
2023,REG,KC,17,00-0035681,S,Mike Edwards,Mike,Edwards,,,,Knee,,Full Participation in Practice,2023-12-29 20:46:13,injury_reports_2023.csv,0.0,S,KC
2023,REG,KC,17,00-0037191,CB,Trent McDuffie,Trent,McDuffie,,,,Shoulder,,Full Participation in Practice,2023-12-29 20:46:13,injury_reports_2023.csv,0.0,CB,KC
2023,REG,KC,17,00-0035279,ED,Charles Omenihu,Charles,Omenihu,,,,Groin,,Full Participation in Practice,2023-12-29 20:46:13,injury_reports_2023.csv,0.0,DE,KC
2023,REG,KC,17,00-0037195,CB,Jaylen Watson,Jaylen,Watson,,,,Illness,,Full Participation in Practice,2023-12-29 20:46:13,injury_reports_2023.csv,0.0,CB,KC
2023,REG,KC,17,00-0038043,CB,Joshua Williams,Joshua,Williams,,,,Neck,,Full Participation in Practice,2023-12-27 21:55:48,injury_reports_2023.csv,0.0,CB,KC
2023,REG,KC,17,00-0036374,CB,L'Jarius Sneed,L'Jarius,Sneed,Calf,,Questionable,Calf,,Did Not Participate In Practice,2023-12-29 20:47:01,injury_reports_2023.csv,1.0,CB,KC
2023,REG,LA,17,00-0031388,DI,Aaron Donald,Aaron,Donald,,,,Not injury related - resting player,,Did Not Participate In Practice,2023-12-29 20:35:47,injury_reports_2023.csv,0.0,DT,LA
2023,REG,LA,17,00-0039134,CB,Tre'Vius Tomlinson,Tre'Vius,Tomlinson,Hamstring,,Out,Hamstring,,Did Not Participate In Practice,2023-12-29 20:39:20,injury_reports_2023.csv,3.0,CB,LA
2023,REG,LA,17,00-0036994,LB,Ernest Jones,Ernest,Jones,Illness,,Questionable,Illness,,Did Not Participate In Practice,2023-12-29 20:40:12,injury_reports_2023.csv,1.0,LB,LA
2023,REG,LAC,17,00-0031040,ED,Khalil Mack,Khalil,Mack,,,,Not injury related - resting player,,Did Not Participate In Practice,2023-12-27 21:24:24,injury_reports_2023.csv,0.0,DE,LAC
2023,REG,LAC,17,00-0033697,CB,Michael Davis,Michael,Davis,,,,Not injury related - personal matter,,Full Participation in Practice,2023-12-29 20:22:46,injury_reports_2023.csv,0.0,CB,LAC
2023,REG,LAC,17,00-0033156,ED,Joey Bosa,Joey,Bosa,Foot,,Out,Foot,,Limited Participation in Practice,2023-12-29 20:23:37,injury_reports_2023.csv,3.0,DE,LAC
2023,REG,LAC,17,00-0036441,LB,Kenneth Murray,Kenneth,Murray,Shoulder,,Doubtful,Shoulder,,Did Not Participate In Practice,2023-12-29 20:23:46,injury_reports_2023.csv,2.0,LB,LAC
2023,REG,LAC,17,00-0030500,DI,Nicholas Williams,Nicholas,Williams,Shoulder,,Doubtful,Shoulder,,Did Not Participate In Practice,2023-12-29 20:24:06,injury_reports_2023.csv,2.0,DT,LAC
2023,REG,LAC,17,00-0036368,LB,Tanner Muse,Tanner,Muse,Knee,,Doubtful,Knee,,Full Participation in Practice,2023-12-29 20:23:50,injury_reports_2023.csv,2.0,LB,LAC
2023,REG,LAC,17,00-0037320,CB,Deane Leonard,Deane,Leonard,Heel,,Questionable,Heel,,Limited Participation in Practice,2023-12-29 20:23:25,injury_reports_2023.csv,1.0,CB,LAC
2023,REG,LV,17,00-0034973,ED,Maxx Crosby,Maxx,Crosby,,,,Knee,,Limited Participation in Practice,2023-12-29 20:30:19,injury_reports_2023.csv,0.0,DE,LV
2023,REG,LV,17,00-0036989,ED,Malcolm Koonce,Malcolm,Koonce,,,,Ribs,,Limited Participation in Practice,2023-12-29 20:30:19,injury_reports_2023.csv,0.0,DE,LV
2023,REG,MIA,17,00-0035272,LB,Andrew Van Ginkel,Andrew,Van Ginkel,,,,Wrist,,Full Participation in Practice,2023-12-29 20:54:38,injury_reports_2023.csv,0.0,LB,MIA
2023,REG,MIA,17,00-0036998,S,Jevon Holland,Jevon,Holland,Knee,Knee,Questionable,Knee,Knee,Limited Participation in Practice,2023-12-29 20:55:13,injury_reports_2023.csv,1.0,S,MIA
2023,REG,MIA,17,00-0033050,CB,Xavien Howard,Xavien,Howard,Hip,Thumb,Questionable,Hip,Thumb,Limited Participation in Practice,2023-12-29 20:55:13,injury_reports_2023.csv,1.0,CB,MIA
2023,REG,MIA,17,00-0033055,CB,Jalen Ramsey,Jalen,Ramsey,Knee,,Questionable,Knee,,Limited Participation in Practice,2023-12-29 20:55:13,injury_reports_2023.csv,1.0,CB,MIA
2023,REG,MIN,17,00-0033010,DI,Sheldon Day,Sheldon,Day,,,,Ankle,,Full Participation in Practice,2023-12-29 19:30:45,injury_reports_2023.csv,0.0,DT,MIN
2023,REG,MIN,17,00-0038807,LB,Ivan Pace,Ivan,Pace,,,,Shoulder,,Full Participation in Practice,2023-12-29 19:30:30,injury_reports_2023.csv,0.0,LB,MIN
2023,REG,MIN,17,00-0034782,DI,Harrison Phillips,Harrison,Phillips,,,,Back,,Full Participation in Practice,2023-12-29 19:30:30,injury_reports_2023.csv,0.0,DT,MIN
2023,REG,MIN,17,00-0037301,S,Theo Jackson,Theo,Jackson,Toe,,Out,Toe,,Did Not Participate In Practice,2023-12-29 19:32:29,injury_reports_2023.csv,3.0,S,MIN
2023,REG,MIN,17,00-0035236,CB,Byron Murphy,Byron,Murphy,Knee,,Out,Knee,,Did Not Participate In Practice,2023-12-29 19:33:02,injury_reports_2023.csv,3.0,CB,MIN
2023,REG,MIN,17,00-0038584,DI,Jaquelin Roy,Jaquelin,Roy,Ankle,,Out,Ankle,,Did Not Participate In Practice,2023-12-29 19:33:44,injury_reports_2023.csv,3.0,DT,MIN
2023,REG,MIN,17,00-0038565,CB,Mekhi Blackmon,Mekhi,Blackmon,Shoulder,,Questionable,Shoulder,,Limited Participation in Practice,2023-12-29 19:32:02,injury_reports_2023.csv,1.0,CB,MIN
2023,REG,MIN,17,00-0036338,LB,Troy Dye,Troy,Dye,Wrist,,Questionable,Wrist,,Limited Participation in Practice,2023-12-29 19:32:02,injury_reports_2023.csv,1.0,LB,MIN
2023,REG,NE,17,00-0032803,CB,Jalen Mills,Jalen,Mills,,,,Concussion,,Did Not Participate In Practice,2023-12-28 20:50:55,injury_reports_2023.csv,0.0,CB,NE
2023,REG,NE,17,00-0034385,LB,Ja'Whaun Bentley,Ja'Whaun,Bentley,,,,Knee,,Limited Participation in Practice,2023-12-28 20:50:55,injury_reports_2023.csv,0.0,LB,NE
2023,REG,NE,17,00-0036231,S,Kyle Dugger,Kyle,Dugger,Illness,,Questionable,Illness,,Did Not Participate In Practice,2023-12-29 20:01:21,injury_reports_2023.csv,1.0,S,NE
2023,REG,NE,17,00-0036981,DI,Christian Barmore,Christian,Barmore,Knee,,Questionable,Knee,,Limited Participation in Practice,2023-12-29 20:01:21,injury_reports_2023.csv,1.0,DT,NE
2023,REG,NE,17,00-0036087,CB,Myles Bryant,Myles,Bryant,Chest,,Questionable,Chest,,Limited Participation in Practice,2023-12-29 20:01:21,injury_reports_2023.csv,1.0,CB,NE
2023,REG,NE,17,00-0036193,LB,Anfernee Jennings,Anfernee,Jennings,Knee,,Questionable,Knee,,Limited Participation in Practice,2023-12-29 20:01:21,injury_reports_2023.csv,1.0,LB,NE
2023,REG,NE,17,00-0032580,CB,Jonathan Jones,Jonathan,Jones,Knee,,Questionable,Knee,,Limited Participation in Practice,2023-12-29 20:01:21,injury_reports_2023.csv,1.0,CB,NE
2023,REG,NE,17,00-0033883,S,Jabrill Peppers,Jabrill,Peppers,Hamstring,,Questionable,Hamstring,,Limited Participation in Practice,2023-12-29 20:01:21,injury_reports_2023.csv,1.0,S,NE
2023,REG,NE,17,00-0036559,CB,Shaun Wade,Shaun,Wade,Hip,,Questionable,Hip,,Limited Participation in Practice,2023-12-29 20:01:21,injury_reports_2023.csv,1.0,CB,NE
2023,REG,NO,17,00-0038588,S,Jordan Howden,Jordan,Howden,,,,Illness,,Full Participation in Practice,2023-12-29 20:02:28,injury_reports_2023.csv,0.0,S,NO
2023,REG,NO,17,00-0027962,ED,Cameron Jordan,Cameron,Jordan,,,,Ankle,,Limited Participation in Practice,2023-12-29 20:02:19,injury_reports_2023.csv,0.0,DE,NO
2023,REG,NO,17,00-0035244,CB,Lonnie Johnson,Lonnie,Johnson,Knee,,Out,Knee,,Did Not Participate In Practice,2023-12-29 20:03:29,injury_reports_2023.csv,3.0,CB,NO
2023,REG,NO,17,00-0039143,ED,Isaiah Foskey,Isaiah,Foskey,Quadricep,,Questionable,Quadricep,,Limited Participation in Practice,2023-12-29 20:03:04,injury_reports_2023.csv,1.0,DE,NO
2023,REG,NO,17,00-0036926,ED,Payton Turner,Payton,Turner,Toe,,Questionable,Toe,,Limited Participation in Practice,2023-12-29 20:03:04,injury_reports_2023.csv,1.0,DE,NO
2023,REG,NYG,17,00-0033878,CB,Adoree' Jackson,Adoree',Jackson,,,,Ankle,,Full Participation in Practice,2023-12-29 19:24:20,injury_reports_2023.csv,0.0,CB,NYG
2023,REG,NYG,17,00-0035683,DI,Dexter Lawrence,Dexter,Lawrence,,,,Hamstring,,Limited Participation in Practice,2023-12-29 19:24:20,injury_reports_2023.csv,0.0,DT,NYG
2023,REG,NYG,17,00-0031957,DI,Rakeem Nunez-Roches,Rakeem,Nunez-Roches,,,,Knee,,Limited Participation in Practice,2023-12-29 19:24:20,injury_reports_2023.csv,0.0,DT,NYG
2023,REG,NYG,17,00-0032889,DI,A'Shawn Robinson,A'Shawn,Robinson,,,,Back,,Limited Participation in Practice,2023-12-29 19:24:20,injury_reports_2023.csv,0.0,DT,NYG
2023,REG,NYG,17,00-0039000,CB,Deonte Banks,Deonte,Banks,Shoulder,,Questionable,Shoulder,,Limited Participation in Practice,2023-12-29 19:27:43,injury_reports_2023.csv,1.0,CB,NYG
2023,REG,NYJ,17,00-0036329,S,Ashtyn Davis,Ashtyn,Davis,,,,Abdomen,,Full Participation in Practice,2023-12-27 20:20:12,injury_reports_2023.csv,0.0,S,NYJ
2023,REG,NYJ,17,00-0034805,ED,John Franklin-Myers,John,Franklin-Myers,,,,Ankle,Groin,Full Participation in Practice,2023-12-27 20:20:12,injury_reports_2023.csv,0.0,DE,NYJ
2023,REG,NYJ,17,00-0033770,CB,Justin Hardee,Justin,Hardee,,,,Foot,,Full Participation in Practice,2023-12-27 20:20:12,injury_reports_2023.csv,0.0,CB,NYJ
2023,REG,PHI,17,00-0034377,CB,Avonte Maddox,Avonte,Maddox,,,,Pectoral,,Full Participation in Practice,2023-12-29 20:47:02,injury_reports_2023.csv,0.0,CB,PHI
2023,REG,PHI,17,00-0033445,LB,Nicholas Morrow,Nicholas,Morrow,,,,Abdomen,,Limited Participation in Practice,2023-12-29 20:47:02,injury_reports_2023.csv,0.0,LB,PHI
2023,REG,PHI,17,00-0030062,CB,Darius Slay,Darius,Slay,Knee,,Out,Knee,,Did Not Participate In Practice,2023-12-29 20:48:25,injury_reports_2023.csv,3.0,CB,PHI
2023,REG,PHI,17,00-0033547,LB,Zach Cunningham,Zach,Cunningham,Knee,,Questionable,Knee,,Limited Participation in Practice,2023-12-29 20:47:52,injury_reports_2023.csv,1.0,LB,PHI
2023,REG,PIT,17,00-0034789,S,Minkah Fitzpatrick,Minkah,Fitzpatrick,Knee,,Out,Knee,,Did Not Participate In Practice,2023-12-29 20:30:52,injury_reports_2023.csv,3.0,S,PIT
2023,REG,PIT,17,00-0032442,LB,Elandon Roberts,Elandon,Roberts,Pectoral,,Out,Pectoral,,Did Not Participate In Practice,2023-12-29 20:30:46,injury_reports_2023.csv,3.0,LB,PIT
2023,REG,PIT,17,00-0037377,S,Trenton Thompson,Trenton,Thompson,Neck,,Out,Neck,,Did Not Participate In Practice,2023-12-29 20:31:00,injury_reports_2023.csv,3.0,S,PIT
2023,REG,SEA,17,00-0032387,DI,Jarran Reed,Jarran,Reed,,,,Not injury related - resting player,,Did Not Participate In Practice,2023-12-27 23:50:16,injury_reports_2023.csv,0.0,DT,SEA
2023,REG,SEA,17,00-0029255,LB,Bobby Wagner,Bobby,Wagner,,,,Not injury related - resting player,,Did Not Participate In Practice,2023-12-27 23:49:49,injury_reports_2023.csv,0.0,LB,SEA
2023,REG,SEA,17,00-0036885,CB,Tre Brown,Tre,Brown,,,,Heel,,Full Participation in Practice,2023-12-29 22:09:18,injury_reports_2023.csv,0.0,CB,SEA
2023,REG,SEA,17,00-0035678,ED,Dre'Mont Jones,Dre'Mont,Jones,,,,Shoulder,,Full Participation in Practice,2023-12-29 22:09:36,injury_reports_2023.csv,0.0,DE,SEA
2023,REG,SEA,17,00-0031933,DI,Leonard Williams,Leonard,Williams,,,,Ankle,,Full Participation in Practice,2023-12-29 22:09:18,injury_reports_2023.csv,0.0,DT,SEA
2023,REG,SEA,17,00-0031608,S,Quandre Diggs,Quandre,Diggs,,,,Not injury related - resting player,,Limited Participation in Practice,2023-12-27 23:54:28,injury_reports_2023.csv,0.0,S,SEA
2023,REG,SEA,17,00-0033872,S,Jamal Adams,Jamal,Adams,Knee,,Out,Knee,,Did Not Participate In Practice,2023-12-29 21:02:07,injury_reports_2023.csv,3.0,S,SEA
2023,REG,SEA,17,00-0032210,LB,Frank Clark,Frank,Clark,Not injury related - resting player,,Out,Not injury related - resting player,,Did Not Participate In Practice,2023-12-29 21:01:43,injury_reports_2023.csv,3.0,LB,SEA
2023,REG,SEA,17,00-0032265,ED,Mario Edwards,Mario,Edwards,Knee,,Out,Knee,,Did Not Participate In Practice,2023-12-29 22:15:49,injury_reports_2023.csv,3.0,DE,SEA
2023,REG,SEA,17,00-0028292,LB,Nick Bellore,Nick,Bellore,Knee,,Questionable,Knee,,Did Not Participate In Practice,2023-12-29 21:03:00,injury_reports_2023.csv,1.0,LB,SEA
2023,REG,SEA,17,00-0036409,LB,Jordyn Brooks,Jordyn,Brooks,Ankle,,Questionable,Ankle,,Limited Participation in Practice,2023-12-29 21:03:22,injury_reports_2023.csv,1.0,LB,SEA
2023,REG,SEA,17,00-0039169,CB,Devon Witherspoon,Devon,Witherspoon,Hip,,Questionable,Hip,,Limited Participation in Practice,2023-12-29 21:04:41,injury_reports_2023.csv,1.0,CB,SEA
2023,REG,SF,17,00-0034754,LB,Oren Burks,Oren,Burks,,,,Knee,,Full Participation in Practice,2023-12-29 20:56:37,injury_reports_2023.csv,0.0,LB,SF
2023,REG,SF,17,00-0034982,LB,Dre Greenlaw,Dre,Greenlaw,,,,Shoulder,,Full Participation in Practice,2023-12-29 20:57:15,injury_reports_2023.csv,0.0,LB,SF
2023,REG,SF,17,00-0033109,DI,Javon Hargrave,Javon,Hargrave,,,,Hamstring,,Full Participation in Practice,2023-12-29 20:56:23,injury_reports_2023.csv,0.0,DT,SF
2023,REG,SF,17,00-0032164,DI,Arik Armstead,Arik,Armstead,Foot,Knee,Out,Foot,Knee,Did Not Participate In Practice,2023-12-29 20:57:38,injury_reports_2023.csv,3.0,DT,SF
2023,REG,SF,17,00-0038554,S,Ji'Ayir Brown,Ji'Ayir,Brown,Knee,,Out,Knee,,Did Not Participate In Practice,2023-12-29 20:57:47,injury_reports_2023.csv,3.0,S,SF
2023,REG,SF,17,00-0035020,LB,Demetrius Flannigan-Fowles,Demetrius,Flannigan-Fowles,Illness,,Questionable,Illness,,Did Not Participate In Practice,2023-12-29 20:57:32,injury_reports_2023.csv,1.0,LB,SF
2023,REG,SF,17,00-0037008,CB,Ambry Thomas,Ambry,Thomas,Knee,Hand,Questionable,Knee,Hand,Limited Participation in Practice,2023-12-29 20:57:32,injury_reports_2023.csv,1.0,CB,SF
2023,REG,TB,17,00-0036045,LB,Cam Gill,Cam,Gill,,,,Knee,Not injury related - resting p,Did Not Participate In Practice,2023-12-28 20:34:59,injury_reports_2023.csv,0.0,LB,TB
2023,REG,TB,17,00-0031101,LB,Shaquil Barrett,Shaquil,Barrett,Groin,,Out,Groin,,Did Not Participate In Practice,2023-12-29 19:09:43,injury_reports_2023.csv,3.0,LB,TB
2023,REG,TB,17,00-0034778,CB,Carlton Davis,Carlton,Davis,Concussion,,Out,Concussion,,Did Not Participate In Practice,2023-12-29 19:09:48,injury_reports_2023.csv,3.0,CB,TB
2023,REG,TB,17,00-0037627,DI,Mike Greene,Mike,Greene,Calf,,Out,Calf,,Full Participation in Practice,2023-12-29 19:09:53,injury_reports_2023.csv,3.0,DT,TB
2023,REG,TEN,17,00-0031254,ED,Denico Autry,Denico,Autry,,,,Not injury related - resting player,,Full Participation in Practice,2023-12-29 19:52:43,injury_reports_2023.csv,0.0,DE,TEN
2023,REG,TEN,17,00-0038850,ED,T.K. McLendon,T.K.,McLendon,,,,Shoulder,,Full Participation in Practice,2023-12-29 19:52:35,injury_reports_2023.csv,0.0,DE,TEN
2023,REG,TEN,17,00-0035239,CB,Sean Murphy-Bunting,Sean,Murphy-Bunting,,,,Hip,,Full Participation in Practice,2023-12-29 19:56:08,injury_reports_2023.csv,0.0,CB,TEN
2023,REG,TEN,17,00-0036395,S,K'Von Wallace,K'Von,Wallace,,,,Quadricep,,Full Participation in Practice,2023-12-29 19:52:35,injury_reports_2023.csv,0.0,S,TEN
2023,REG,TEN,17,00-0038848,CB,Anthony Kendall,Anthony,Kendall,,,,Knee,,Limited Participation in Practice,2023-12-29 19:57:14,injury_reports_2023.csv,0.0,CB,TEN
2023,REG,TEN,17,00-0038851,LB,Caleb Murphy,Caleb,Murphy,,,,Shoulder,,Limited Participation in Practice,2023-12-29 19:52:35,injury_reports_2023.csv,0.0,LB,TEN
2023,REG,TEN,17,00-0036649,DI,Quinton Bohanna,Quinton,Bohanna,Not injury related - personal matter,,Out,Not injury related - personal matter,,Full Participation in Practice,2023-12-30 18:51:15,injury_reports_2023.csv,3.0,DT,TEN
2023,REG,TEN,17,00-0036615,CB,Caleb Farley,Caleb,Farley,Back,,Out,Back,,Limited Participation in Practice,2023-12-29 19:58:33,injury_reports_2023.csv,3.0,CB,TEN
2023,REG,TEN,17,00-0037393,LB,JoJo Domann,JoJo,Domann,Illness,,Questionable,,,"
    ",2023-12-30 18:50:46,injury_reports_2023.csv,1.0,LB,TEN
2023,REG,TEN,17,00-0037593,CB,Tre Avery,Tre,Avery,Knee,,Questionable,Knee,,Full Participation in Practice,2023-12-29 19:57:51,injury_reports_2023.csv,1.0,CB,TEN
2023,REG,TEN,17,00-0036291,DI,Marlon Davidson,Marlon,Davidson,Groin,,Questionable,Groin,,Limited Participation in Practice,2023-12-29 19:57:51,injury_reports_2023.csv,1.0,DT,TEN
2023,REG,WAS,17,00-0033523,DI,Jonathan Allen,Jonathan,Allen,,,,Not injury related - resting player,,Did Not Participate In Practice,2023-12-27 19:10:25,injury_reports_2023.csv,0.0,DT,WAS
2023,REG,WAS,17,00-0036090,LB,De'Jon Harris,De'Jon,Harris,,,,Quadricep,,Full Participation in Practice,2023-12-29 19:11:55,injury_reports_2023.csv,0.0,LB,WAS
2023,REG,WAS,17,00-0031596,LB,David Mayo,David,Mayo,,,,Knee,,Full Participation in Practice,2023-12-29 19:11:55,injury_reports_2023.csv,0.0,LB,WAS
2023,REG,WAS,17,00-0036351,ED,James Smith-Williams,James,Smith-Williams,,,,Illness,,Full Participation in Practice,2023-12-29 19:12:18,injury_reports_2023.csv,0.0,DE,WAS
2023,REG,WAS,17,00-0037283,DI,John Ridgeway,John,Ridgeway,,,,Foot,,Limited Participation in Practice,2023-12-29 19:11:55,injury_reports_2023.csv,0.0,DT,WAS
2023,REG,WAS,17,00-0038100,S,Percy Butler,Percy,Butler,Wrist,,Out,Wrist,,Did Not Participate In Practice,2023-12-29 19:12:49,injury_reports_2023.csv,3.0,S,WAS
2023,REG,WAS,17,00-0033084,CB,Kendall Fuller,Kendall,Fuller,Knee,,Out,Knee,,Did Not Participate In Practice,2023-12-29 19:12:54,injury_reports_2023.csv,3.0,CB,WAS
2023,REG,WAS,17,00-0036625,CB,Benjamin St-Juste,Benjamin,St-Juste,Concussion,,Out,Concussion,,Did Not Participate In Practice,2023-12-29 19:13:13,injury_reports_2023.csv,3.0,CB,WAS
2023,REG,ARZ,18,00-0035334,DI,Kevin Strong,Kevin,Strong,,,,Knee,,Limited Participation in Practice,2024-01-04 22:45:03,injury_reports_2023.csv,0.0,DT,ARI
2023,REG,ARZ,18,00-0038623,ED,Dante Stills,Dante,Stills,Knee,,Out,Knee,,Did Not Participate In Practice,2024-01-05 20:42:06,injury_reports_2023.csv,3.0,DE,ARI
2023,REG,ARZ,18,00-0039007,CB,Garrett Williams,Garrett,Williams,Ankle,,Out,Ankle,,Did Not Participate In Practice,2024-01-05 20:42:17,injury_reports_2023.csv,3.0,CB,ARI
2023,REG,ARZ,18,00-0034623,S,Andre Chachere,Andre,Chachere,Shoulder,,Questionable,Shoulder,,Limited Participation in Practice,2024-01-05 20:41:56,injury_reports_2023.csv,1.0,S,ARI
2023,REG,ARZ,18,00-0036896,LB,Victor Dimukeje,Victor,Dimukeje,Foot,,Questionable,Foot,,Limited Participation in Practice,2024-01-05 20:41:56,injury_reports_2023.csv,1.0,LB,ARI
2023,REG,ARZ,18,00-0036371,DI,Leki Fotu,Leki,Fotu,Hand,,Questionable,Hand,,Limited Participation in Practice,2024-01-05 20:41:56,injury_reports_2023.csv,1.0,DT,ARI
2023,REG,ARZ,18,00-0034473,LB,Dennis Gardeck,Dennis,Gardeck,Knee,,Questionable,Knee,,Limited Participation in Practice,2024-01-05 20:41:56,injury_reports_2023.csv,1.0,LB,ARI
2023,REG,ATL,18,00-0026190,ED,Calais Campbell,Calais,Campbell,,,,Not injury related - resting player,,Did Not Participate In Practice,2024-01-03 21:05:19,injury_reports_2023.csv,0.0,DE,ATL
2023,REG,ATL,18,00-0038628,S,DeMarcco Hellams,DeMarcco,Hellams,Concussion,,Out,Concussion,,Did Not Participate In Practice,2024-01-05 18:50:14,injury_reports_2023.csv,3.0,S,ATL
2023,REG,ATL,18,00-0037810,LB,Troy Andersen,Troy,Andersen,Pectoral,,Out,Pectoral,,Limited Participation in Practice,2024-01-05 18:50:27,injury_reports_2023.csv,3.0,LB,ATL
2023,REG,ATL,18,00-0034843,CB,Mike Hughes,Mike,Hughes,Concussion,,Questionable,Concussion,,Full Participation in Practice,2024-01-05 18:49:45,injury_reports_2023.csv,1.0,CB,ATL
2023,REG,ATL,18,00-0038980,ED,Zach Harrison,Zach,Harrison,Knee,,Questionable,Knee,,Limited Participation in Practice,2024-01-05 18:49:59,injury_reports_2023.csv,1.0,DE,ATL
2023,REG,BLT,18,00-0035202,LB,Del'Shawn Phillips,Del'Shawn,Phillips,,,,Shoulder,,Full Participation in Practice,2024-01-04 22:34:55,injury_reports_2023.csv,0.0,LB,BAL
2023,REG,BLT,18,00-0036323,LB,Patrick Queen,Patrick,Queen,,,,Shoulder,,Full Participation in Practice,2024-01-04 22:35:07,injury_reports_2023.csv,0.0,LB,BAL
2023,REG,BLT,18,00-0031360,LB,Kyle Van Noy,Kyle,Van Noy,,,,Calf,,Full Participation in Practice,2024-01-04 22:35:50,injury_reports_2023.csv,0.0,LB,BAL
2023,REG,BLT,18,00-0036280,LB,Malik Harrison,Malik,Harrison,Groin,,Out,Groin,,Did Not Participate In Practice,2024-01-04 22:39:49,injury_reports_2023.csv,3.0,LB,BAL
2023,REG,BLT,18,00-0033281,CB,Marlon Humphrey,Marlon,Humphrey,Calf,,Out,Calf,,Did Not Participate In Practice,2024-01-04 22:39:56,injury_reports_2023.csv,3.0,CB,BAL
2023,REG,BLT,18,00-0032891,S,Daryl Worley,Daryl,Worley,Ankle,Shoulder,Out,Ankle,Shoulder,Did Not Participate In Practice,2024-01-04 22:39:28,injury_reports_2023.csv,3.0,S,BAL
2023,REG,BLT,18,00-0032195,CB,Ronald Darby,Ronald,Darby,Illness,,Questionable,Illness,,Did Not Participate In Practice,2024-01-04 22:38:38,injury_reports_2023.csv,1.0,CB,BAL
2023,REG,BLT,18,00-0033503,CB,Arthur Maulet,Arthur,Maulet,Hip,,Questionable,Hip,,Full Participation in Practice,2024-01-04 22:38:38,injury_reports_2023.csv,1.0,CB,BAL
2023,REG,BLT,18,00-0036987,CB,Brandon Stephens,Brandon,Stephens,Ankle,,Questionable,Ankle,,Full Participation in Practice,2024-01-04 22:38:38,injury_reports_2023.csv,1.0,CB,BAL
2023,REG,BLT,18,00-0038038,S,Kyle Hamilton,Kyle,Hamilton,Knee,,Questionable,Knee,,Limited Participation in Practice,2024-01-04 22:38:38,injury_reports_2023.csv,1.0,S,BAL
2023,REG,BLT,18,00-0036587,S,Ar'Darius Washington,Ar'Darius,Washington,Pectoral,,Questionable,Pectoral,,Limited Participation in Practice,2024-01-04 22:38:38,injury_reports_2023.csv,1.0,S,BAL
2023,REG,BUF,18,00-0033072,ED,Leonard Floyd,Leonard,Floyd,,,,Rib,Not injury related - resting p,Full Participation in Practice,2024-01-05 19:49:30,injury_reports_2023.csv,0.0,DE,BUF
2023,REG,BUF,18,00-0030090,S,Micah Hyde,Micah,Hyde,,,,Neck,,Full Participation in Practice,2024-01-05 19:49:30,injury_reports_2023.csv,0.0,S,BUF
2023,REG,BUF,18,00-0027940,LB,Von Miller,Von,Miller,,,,Not injury related - resting player,,Full Participation in Practice,2024-01-05 19:49:30,injury_reports_2023.csv,0.0,LB,BUF
2023,REG,BUF,18,00-0036888,S,Damar Hamlin,Damar,Hamlin,,,,Shoulder,,Limited Participation in Practice,2024-01-05 19:49:30,injury_reports_2023.csv,0.0,S,BUF
2023,REG,CAR,18,00-0035713,LB,Brian Burns,Brian,Burns,,,,Knee,,Full Participation in Practice,2024-01-05 17:23:37,injury_reports_2023.csv,0.0,LB,CAR
2023,REG,CAR,18,00-0032437,LB,Kamu Grugier-Hill,Kamu,Grugier-Hill,,,,Groin,,Full Participation in Practice,2024-01-05 17:23:57,injury_reports_2023.csv,0.0,LB,CAR
2023,REG,CAR,18,00-0031785,CB,Troy Hill,Troy,Hill,,,,Concussion,,Full Participation in Practice,2024-01-05 17:24:07,injury_reports_2023.csv,0.0,CB,CAR
2023,REG,CAR,18,00-0034382,LB,Marquis Haynes,Marquis,Haynes,Concussion,,Out,Concussion,,Did Not Participate In Practice,2024-01-05 17:25:23,injury_reports_2023.csv,3.0,LB,CAR
2023,REG,CAR,18,00-0034500,LB,Tae Davis,Tae,Davis,Illness,,Questionable,Illness,,Did Not Participate In Practice,2024-01-05 17:25:58,injury_reports_2023.csv,1.0,LB,CAR
2023,REG,CAR,18,00-0036944,CB,Jaycee Horn,Jaycee,Horn,Toe,,Questionable,Toe,,Full Participation in Practice,2024-01-05 17:26:09,injury_reports_2023.csv,1.0,CB,CAR
2023,REG,CHI,18,00-0036292,CB,Jaylon Johnson,Jaylon,Johnson,Shoulder,,Doubtful,Shoulder,,Did Not Participate In Practice,2024-01-05 19:58:05,injury_reports_2023.csv,2.0,CB,CHI
2023,REG,CHI,18,00-0038111,CB,Kyler Gordon,Kyler,Gordon,Calf,,Questionable,Calf,,Limited Participation in Practice,2024-01-05 19:57:37,injury_reports_2023.csv,1.0,CB,CHI
2023,REG,CIN,18,00-0033548,CB,Chidobe Awuzie,Chidobe,Awuzie,Shoulder,Calf,Questionable,Shoulder,,Did Not Participate In Practice,2024-01-05 19:31:31,injury_reports_2023.csv,1.0,CB,CIN
2023,REG,CIN,18,00-0034446,CB,Jalen Davis,Jalen,Davis,Groin,,Questionable,Groin,,Limited Participation in Practice,2024-01-05 19:31:44,injury_reports_2023.csv,1.0,CB,CIN
2023,REG,CLV,18,00-0033570,LB,Anthony Walker,Anthony,Walker,,,,Knee,,Did Not Participate In Practice,2024-01-04 20:57:35,injury_reports_2023.csv,0.0,LB,CLE
2023,REG,CLV,18,00-0034856,CB,Denzel Ward,Denzel,Ward,,,,Shoulder,,Full Participation in Practice,2024-01-05 19:53:21,injury_reports_2023.csv,0.0,CB,CLE
2023,REG,CLV,18,00-0030383,S,Duron Harmon,Duron,Harmon,,,,Ankle,,Limited Participation in Practice,2024-01-05 19:54:00,injury_reports_2023.csv,0.0,S,CLE
2023,REG,CLV,18,00-0031270,DI,Shelby Harris,Shelby,Harris,,,,Back,,Limited Participation in Practice,2024-01-05 19:54:16,injury_reports_2023.csv,0.0,DT,CLE
2023,REG,CLV,18,00-0034807,ED,Ogbonnia Okoronkwo,Ogbonnia,Okoronkwo,,,,Pectoral,,Limited Participation in Practice,2024-01-05 19:53:21,injury_reports_2023.csv,0.0,DE,CLE
2023,REG,CLV,18,00-0034639,CB,Mike Ford,Mike,Ford,Calf,,Out,Calf,,Did Not Participate In Practice,2024-01-05 20:01:18,injury_reports_2023.csv,3.0,CB,CLE
2023,REG,CLV,18,00-0033868,ED,Myles Garrett,Myles,Garrett,Shoulder,,Out,Shoulder,,Did Not Participate In Practice,2024-01-05 20:01:26,injury_reports_2023.csv,3.0,DE,CLE
2023,REG,CLV,18,00-0036996,CB,Greg Newsome,Greg,Newsome,Knee,,Out,Knee,,Did Not Participate In Practice,2024-01-05 20:01:55,injury_reports_2023.csv,3.0,CB,CLE
2023,REG,CLV,18,00-0035625,S,Juan Thornhill,Juan,Thornhill,Calf,,Out,Calf,,Did Not Participate In Practice,2024-01-05 20:02:13,injury_reports_2023.csv,3.0,S,CLE
2023,REG,CLV,18,00-0035444,LB,Jordan Kunaszyk,Jordan,Kunaszyk,Calf,,Questionable,Calf,,Limited Participation in Practice,2024-01-05 20:01:00,injury_reports_2023.csv,1.0,LB,CLE
2023,REG,DAL,18,00-0031411,ED,Demarcus Lawrence,Demarcus,Lawrence,,,,Not injury related - resting player,,Did Not Participate In Practice,2024-01-03 20:48:45,injury_reports_2023.csv,0.0,DE,DAL
2023,REG,DAL,18,00-0033928,CB,Jourdan Lewis,Jourdan,Lewis,,,,Not injury related - resting player,,Did Not Participate In Practice,2024-01-03 20:48:55,injury_reports_2023.csv,0.0,CB,DAL
2023,REG,DAL,18,00-0038575,ED,Viliami Fehoko,Viliami,Fehoko,,,,Knee,,Full Participation in Practice,2024-01-05 19:29:21,injury_reports_2023.csv,0.0,DE,DAL
2023,REG,DAL,18,00-0029542,CB,Stephon Gilmore,Stephon,Gilmore,,,,Not injury related - resting player,,Limited Participation in Practice,2024-01-03 20:48:09,injury_reports_2023.csv,0.0,CB,DAL
2023,REG,DAL,18,00-0036982,ED,Chauncey Golston,Chauncey,Golston,Illness,,Questionable,Illness,,Did Not Participate In Practice,2024-01-05 19:31:00,injury_reports_2023.csv,1.0,DE,DAL
2023,REG,DAL,18,00-0034373,ED,Dorance Armstrong,Dorance,Armstrong,Ankle,,Questionable,Ankle,,Limited Participation in Practice,2024-01-05 19:31:00,injury_reports_2023.csv,1.0,DE,DAL
2023,REG,DAL,18,00-0030063,DI,Johnathan Hankins,Johnathan,Hankins,Knee,Ankle,Questionable,Knee,Ankle,Limited Participation in Practice,2024-01-05 19:31:00,injury_reports_2023.csv,1.0,DT,DAL
2023,REG,DAL,18,00-0033877,S,Malik Hooker,Malik,Hooker,Ankle,Illness,Questionable,Ankle,Illness,Limited Participation in Practice,2024-01-05 19:31:00,injury_reports_2023.csv,1.0,S,DAL
2023,REG,DAL,18,00-0037578,S,Juanyeh Thomas,Juanyeh,Thomas,Illness,,Questionable,Illness,,Limited Participation in Practice,2024-01-05 19:31:00,injury_reports_2023.csv,1.0,S,DAL
2023,REG,DEN,18,00-0037264,S,Delarrin Turner-Yell,Delarrin,Turner-Yell,,,,Knee,,Did Not Participate In Practice,2024-01-03 21:12:57,injury_reports_2023.csv,0.0,S,DEN
2023,REG,DEN,18,00-0036995,LB,Baron Browning,Baron,Browning,,,,Concussion,,Full Participation in Practice,2024-01-05 21:37:22,injury_reports_2023.csv,0.0,LB,DEN
2023,REG,DEN,18,00-0034368,LB,Josey Jewell,Josey,Jewell,,,,Back,,Full Participation in Practice,2024-01-05 21:37:22,injury_reports_2023.csv,0.0,LB,DEN
2023,REG,DEN,18,00-0029890,DI,Mike Purcell,Mike,Purcell,,,,Not injury related - resting player,,Full Participation in Practice,2024-01-05 21:38:03,injury_reports_2023.csv,0.0,DT,DEN
2023,REG,DET,18,00-0033930,CB,Cameron Sutton,Cameron,Sutton,,,,Toe,,Full Participation in Practice,2024-01-05 20:41:27,injury_reports_2023.csv,0.0,CB,DET
2023,REG,DET,18,00-0037310,LB,James Houston,James,Houston,Ankle,,Out,Ankle,,Limited Participation in Practice,2024-01-05 20:42:52,injury_reports_2023.csv,3.0,LB,DET
2023,REG,DET,18,00-0035253,S,Chauncey Gardner-Johnson,Chauncey,Gardner-Johnson,Pectoral,,Questionable,Pectoral,,Full Participation in Practice,2024-01-05 20:42:44,injury_reports_2023.csv,1.0,S,DET
2023,REG,DET,18,00-0035841,DI,Benito Jones,Benito,Jones,Illness,,Questionable,Illness,,Full Participation in Practice,2024-01-05 20:42:44,injury_reports_2023.csv,1.0,DT,DET
2023,REG,DET,18,00-0036624,DI,Alim McNeill,Alim,McNeill,Knee,,Questionable,Knee,,Limited Participation in Practice,2024-01-05 20:42:44,injury_reports_2023.csv,1.0,DT,DET
2023,REG,GB,18,00-0034728,CB,Jaire Alexander,Jaire,Alexander,,,,Shoulder,,Full Participation in Practice,2024-01-05 20:03:03,injury_reports_2023.csv,0.0,CB,GB
2023,REG,GB,18,00-0036677,S,Zayne Anderson,Zayne,Anderson,,,,Knee,,Full Participation in Practice,2024-01-05 20:03:03,injury_reports_2023.csv,0.0,S,GB
2023,REG,GB,18,00-0032401,LB,De'Vondre Campbell,De'Vondre,Campbell,,,,Neck,,Full Participation in Practice,2024-01-05 20:03:03,injury_reports_2023.csv,0.0,LB,GB
2023,REG,GB,18,00-0035133,CB,Keisean Nixon,Keisean,Nixon,,,,Quadricep,,Full Participation in Practice,2024-01-05 20:03:03,injury_reports_2023.csv,0.0,CB,GB
2023,REG,GB,18,00-0034968,S,Darnell Savage,Darnell,Savage,,,,Shoulder,,Full Participation in Practice,2024-01-05 20:03:03,injury_reports_2023.csv,0.0,S,GB
2023,REG,GB,18,00-0037074,LB,Quay Walker,Quay,Walker,,,,Shoulder,,Full Participation in Practice,2024-01-05 20:03:03,injury_reports_2023.csv,0.0,LB,GB
2023,REG,GB,18,00-0034485,S,Jonathan Owens,Jonathan,Owens,,,,Knee,,Limited Participation in Practice,2024-01-05 20:03:03,injury_reports_2023.csv,0.0,S,GB
2023,REG,GB,18,00-0035004,DI,Chris Slayton,Chris,Slayton,,,,Knee,Foot,Limited Participation in Practice,2024-01-05 20:03:03,injury_reports_2023.csv,0.0,DT,GB
2023,REG,GB,18,00-0033792,S,Rudy Ford,Rudy,Ford,Hamstring,,Out,Hamstring,,Did Not Participate In Practice,2024-01-05 20:04:07,injury_reports_2023.csv,3.0,S,GB
2023,REG,GB,18,00-0036658,LB,Isaiah McDuffie,Isaiah,McDuffie,Concussion,Neck,Doubtful,Concussion,Neck,Did Not Participate In Practice,2024-01-05 20:04:23,injury_reports_2023.csv,2.0,LB,GB
2023,REG,GB,18,00-0031935,LB,Preston Smith,Preston,Smith,Ankle,,Questionable,Ankle,,Limited Participation in Practice,2024-01-05 20:03:48,injury_reports_2023.csv,1.0,LB,GB
2023,REG,HST,18,00-0036224,ED,Jonathan Greenard,Jonathan,Greenard,Ankle,,Out,Ankle,,Did Not Participate In Practice,2024-01-04 21:06:12,injury_reports_2023.csv,3.0,DE,HOU
2023,REG,HST,18,00-0039108,ED,Will Anderson,Will,Anderson,Ankle,,Questionable,Ankle,,Limited Participation in Practice,2024-01-04 21:05:53,injury_reports_2023.csv,1.0,DE,HOU
2023,REG,HST,18,00-0033131,DI,Maliek Collins,Maliek,Collins,Hip,,Questionable,Hip,,Limited Participation in Practice,2024-01-04 21:05:53,injury_reports_2023.csv,1.0,DT,HOU
2023,REG,HST,18,00-0032759,DI,Sheldon Rankins,Sheldon,Rankins,Ankle,,Questionable,Ankle,,Limited Participation in Practice,2024-01-04 21:05:53,injury_reports_2023.csv,1.0,DT,HOU
2023,REG,IND,18,00-0032378,DI,DeForest Buckner,DeForest,Buckner,,,,Not injury related - resting player,,Did Not Participate In Practice,2024-01-04 20:32:24,injury_reports_2023.csv,0.0,DT,IND
2023,REG,IND,18,00-0034842,DI,Taven Bryan,Taven,Bryan,,,,Calf,,Full Participation in Practice,2024-01-04 20:32:13,injury_reports_2023.csv,0.0,DT,IND
2023,REG,IND,18,00-0038737,ED,Isaiah Land,Isaiah,Land,,,,Hip,,Full Participation in Practice,2024-01-04 20:32:13,injury_reports_2023.csv,0.0,DE,IND
2023,REG,IND,18,00-0034359,ED,Tyquan Lewis,Tyquan,Lewis,,,,Back,,Full Participation in Practice,2024-01-04 20:32:13,injury_reports_2023.csv,0.0,DE,IND
2023,REG,IND,18,00-0036644,LB,Cameron McGrone,Cameron,McGrone,,,,Illness,,Full Participation in Practice,2024-01-04 20:32:13,injury_reports_2023.csv,0.0,LB,IND
2023,REG,IND,18,00-0034145,CB,Chris Lammons,Chris,Lammons,Ankle,,Questionable,Ankle,,Did Not Participate In Practice,2024-01-04 20:32:55,injury_reports_2023.csv,1.0,CB,IND
2023,REG,IND,18,00-0033393,CB,Kenny Moore,Kenny,Moore,Back,,Questionable,Back,,Full Participation in Practice,2024-01-04 20:32:55,injury_reports_2023.csv,1.0,CB,IND
2023,REG,KC,18,00-0032762,DI,Chris Jones,Chris,Jones,,,,Groin,,Limited Participation in Practice,2024-01-05 21:01:59,injury_reports_2023.csv,0.0,DT,KC
2023,REG,KC,18,00-0036374,CB,L'Jarius Sneed,L'Jarius,Sneed,Calf,,Out,Calf,,Did Not Participate In Practice,2024-01-05 21:06:49,injury_reports_2023.csv,3.0,CB,KC
2023,REG,KC,18,00-0036621,LB,Nick Bolton,Nick,Bolton,Wrist,Abdomen,Questionable,Wrist,Abdomen,Full Participation in Practice,2024-01-05 21:02:30,injury_reports_2023.csv,1.0,LB,KC
2023,REG,KC,18,00-0036378,ED,Michael Danna,Michael,Danna,Coaching,,Questionable,Coaching,,Full Participation in Practice,2024-01-05 21:02:30,injury_reports_2023.csv,1.0,DE,KC
2023,REG,KC,18,00-0037192,ED,George Karlaftis,George,Karlaftis,Coaching,,Questionable,Coaching,,Full Participation in Practice,2024-01-05 21:02:30,injury_reports_2023.csv,1.0,DE,KC
2023,REG,KC,18,00-0037191,CB,Trent McDuffie,Trent,McDuffie,Shoulder,,Questionable,Shoulder,,Full Participation in Practice,2024-01-05 21:02:30,injury_reports_2023.csv,1.0,CB,KC
2023,REG,LA,18,00-0036903,DI,Bobby Brown,Bobby,Brown,,,,Knee,,Full Participation in Practice,2024-01-05 20:33:29,injury_reports_2023.csv,0.0,DT,LA
2023,REG,LA,18,00-0036431,S,Jordan Fuller,Jordan,Fuller,,,,Ankle,,Full Participation in Practice,2024-01-05 20:33:29,injury_reports_2023.csv,0.0,S,LA
2023,REG,LA,18,00-0039061,DI,Desjuan Johnson,Desjuan,Johnson,,,,Toe,,Full Participation in Practice,2024-01-05 20:33:29,injury_reports_2023.csv,0.0,DT,LA
2023,REG,LA,18,00-0039134,CB,Tre'Vius Tomlinson,Tre'Vius,Tomlinson,,,,Hamstring,,Full Participation in Practice,2024-01-05 20:34:53,injury_reports_2023.csv,0.0,CB,LA
2023,REG,LA,18,00-0035696,CB,Duke Shelley,Duke,Shelley,Hamstring,,Out,Hamstring,,Full Participation in Practice,2024-01-05 20:39:18,injury_reports_2023.csv,3.0,CB,LA
2023,REG,LA,18,00-0031388,DI,Aaron Donald,Aaron,Donald,Coach's decision,,Doubtful,Coach's decision,,Did Not Participate In Practice,2024-01-05 20:40:28,injury_reports_2023.csv,2.0,DT,LA
2023,REG,LA,18,00-0036994,LB,Ernest Jones,Ernest,Jones,Coach's decision,,Doubtful,Coach's decision,,Full Participation in Practice,2024-01-05 20:40:47,injury_reports_2023.csv,2.0,LB,LA
2023,REG,LAC,18,00-0031040,ED,Khalil Mack,Khalil,Mack,,,,Not injury related - resting player,,Did Not Participate In Practice,2024-01-03 21:28:46,injury_reports_2023.csv,0.0,DE,LAC
2023,REG,LAC,18,00-0038553,LB,Daiyan Henley,Daiyan,Henley,,,,Groin,,Full Participation in Practice,2024-01-05 20:04:18,injury_reports_2023.csv,0.0,LB,LAC
2023,REG,LAC,18,00-0033156,ED,Joey Bosa,Joey,Bosa,Foot,,Out,Foot,,Did Not Participate In Practice,2024-01-05 20:05:11,injury_reports_2023.csv,3.0,DE,LAC
2023,REG,LAC,18,00-0035591,LB,Justin Hollins,Justin,Hollins,Shoulder,,Out,Shoulder,,Did Not Participate In Practice,2024-01-05 20:05:18,injury_reports_2023.csv,3.0,LB,LAC
2023,REG,LAC,18,00-0030500,DI,Nicholas Williams,Nicholas,Williams,Shoulder,,Out,Shoulder,,Did Not Participate In Practice,2024-01-05 20:05:48,injury_reports_2023.csv,3.0,DT,LAC
2023,REG,LAC,18,00-0036441,LB,Kenneth Murray,Kenneth,Murray,Shoulder,,Doubtful,Shoulder,,Did Not Participate In Practice,2024-01-05 20:05:32,injury_reports_2023.csv,2.0,LB,LAC
2023,REG,LAC,18,00-0037320,CB,Deane Leonard,Deane,Leonard,Heel,,Questionable,Heel,,Full Participation in Practice,2024-01-05 20:05:02,injury_reports_2023.csv,1.0,CB,LAC
2023,REG,LAC,18,00-0036368,LB,Tanner Muse,Tanner,Muse,Knee,,Questionable,Knee,,Full Participation in Practice,2024-01-05 20:05:02,injury_reports_2023.csv,1.0,LB,LAC
2023,REG,LAC,18,00-0039111,ED,Tuli Tuipulotu,Tuli,Tuipulotu,Ankle,,Questionable,Ankle,,Limited Participation in Practice,2024-01-05 20:05:02,injury_reports_2023.csv,1.0,DE,LAC
2023,REG,LV,18,00-0036989,ED,Malcolm Koonce,Malcolm,Koonce,,,,Elbow,Wrist,Full Participation in Practice,2024-01-05 21:46:17,injury_reports_2023.csv,0.0,DE,LV
2023,REG,LV,18,00-0034973,ED,Maxx Crosby,Maxx,Crosby,,,,Knee,,Limited Participation in Practice,2024-01-05 21:46:17,injury_reports_2023.csv,0.0,DE,LV
2023,REG,LV,18,00-0034545,CB,Brandon Facyson,Brandon,Facyson,Illness,,Questionable,Illness,,Did Not Participate In Practice,2024-01-05 21:46:41,injury_reports_2023.csv,1.0,CB,LV
2023,REG,MIA,18,00-0035292,LB,David Long,David,Long,,,,Knee,,Full Participation in Practice,2024-01-05 20:51:08,injury_reports_2023.csv,0.0,LB,MIA
2023,REG,MIA,18,00-0033055,CB,Jalen Ramsey,Jalen,Ramsey,,,,Knee,,Full Participation in Practice,2024-01-05 20:48:00,injury_reports_2023.csv,0.0,CB,MIA
2023,REG,MIA,18,00-0033549,LB,Duke Riley,Duke,Riley,,,,Ankle,,Full Participation in Practice,2024-01-05 20:48:21,injury_reports_2023.csv,0.0,LB,MIA
2023,REG,MIA,18,00-0034285,ED,Zach Sieler,Zach,Sieler,,,,Illness,,Full Participation in Practice,2024-01-05 20:48:00,injury_reports_2023.csv,0.0,DE,MIA
2023,REG,MIA,18,00-0034832,LB,Bradley Chubb,Bradley,Chubb,Knee,,Out,Knee,,Did Not Participate In Practice,2024-01-05 20:51:27,injury_reports_2023.csv,3.0,LB,MIA
2023,REG,MIA,18,00-0033050,CB,Xavien Howard,Xavien,Howard,Foot,,Out,Foot,,Did Not Participate In Practice,2024-01-05 20:51:39,injury_reports_2023.csv,3.0,CB,MIA
2023,REG,MIA,18,00-0036998,S,Jevon Holland,Jevon,Holland,Knee,Knee,Questionable,Knee,Knee,Full Participation in Practice,2024-01-06 21:30:30,injury_reports_2023.csv,1.0,S,MIA
2023,REG,MIA,18,00-0034797,LB,Jerome Baker,Jerome,Baker,Knee,,Questionable,Knee,,Limited Participation in Practice,2024-01-05 20:51:16,injury_reports_2023.csv,1.0,LB,MIA
2023,REG,MIN,18,00-0029606,S,Harrison Smith,Harrison,Smith,,,,Shoulder,,Full Participation in Practice,2024-01-05 19:47:05,injury_reports_2023.csv,0.0,S,MIN
2023,REG,MIN,18,00-0038565,CB,Mekhi Blackmon,Mekhi,Blackmon,Shoulder,,Out,Shoulder,,Did Not Participate In Practice,2024-01-05 19:47:52,injury_reports_2023.csv,3.0,CB,MIN
2023,REG,MIN,18,00-0037301,S,Theo Jackson,Theo,Jackson,Toe,,Out,Toe,,Did Not Participate In Practice,2024-01-05 19:48:19,injury_reports_2023.csv,3.0,S,MIN
2023,REG,MIN,18,00-0035236,CB,Byron Murphy,Byron,Murphy,Knee,,Out,Knee,,Did Not Participate In Practice,2024-01-05 19:48:27,injury_reports_2023.csv,3.0,CB,MIN
2023,REG,MIN,18,00-0038584,DI,Jaquelin Roy,Jaquelin,Roy,Ankle,,Out,Ankle,,Did Not Participate In Practice,2024-01-05 19:49:01,injury_reports_2023.csv,3.0,DT,MIN
2023,REG,NE,18,00-0036981,DI,Christian Barmore,Christian,Barmore,Knee,,Questionable,Knee,,Limited Participation in Practice,2024-01-05 20:39:21,injury_reports_2023.csv,1.0,DT,NE
2023,REG,NE,18,00-0036087,CB,Myles Bryant,Myles,Bryant,Illness,,Questionable,Illness,,Limited Participation in Practice,2024-01-05 20:39:21,injury_reports_2023.csv,1.0,CB,NE
2023,REG,NE,18,00-0036193,LB,Anfernee Jennings,Anfernee,Jennings,Knee,,Questionable,Knee,,Limited Participation in Practice,2024-01-05 20:39:21,injury_reports_2023.csv,1.0,LB,NE
2023,REG,NE,18,00-0032580,CB,Jonathan Jones,Jonathan,Jones,Knee,,Questionable,Knee,,Limited Participation in Practice,2024-01-05 20:39:21,injury_reports_2023.csv,1.0,CB,NE
2023,REG,NE,18,00-0032803,CB,Jalen Mills,Jalen,Mills,Ankle,,Questionable,Ankle,,Limited Participation in Practice,2024-01-05 20:39:21,injury_reports_2023.csv,1.0,CB,NE
2023,REG,NE,18,00-0033883,S,Jabrill Peppers,Jabrill,Peppers,Hamstring,,Questionable,Hamstring,,Limited Participation in Practice,2024-01-05 20:39:21,injury_reports_2023.csv,1.0,S,NE
2023,REG,NE,18,00-0035240,LB,Jahlani Tavai,Jahlani,Tavai,Tooth,,Questionable,Tooth,,Limited Participation in Practice,2024-01-05 20:39:21,injury_reports_2023.csv,1.0,LB,NE
2023,REG,NE,18,00-0036559,CB,Shaun Wade,Shaun,Wade,Hip,,Questionable,Hip,,Limited Participation in Practice,2024-01-05 20:39:21,injury_reports_2023.csv,1.0,CB,NE
2023,REG,NO,18,00-0035244,CB,Lonnie Johnson,Lonnie,Johnson,Knee,,Out,Knee,,Did Not Participate In Practice,2024-01-05 20:08:38,injury_reports_2023.csv,3.0,CB,NO
2023,REG,NO,18,00-0037544,LB,Nephi Sewell,Nephi,Sewell,Knee,,Questionable,Knee,,Did Not Participate In Practice,2024-01-05 20:08:20,injury_reports_2023.csv,1.0,LB,NO
2023,REG,NO,18,00-0035656,DI,Khalen Saunders,Khalen,Saunders,Concussion,,Questionable,Concussion,,Full Participation in Practice,2024-01-05 20:08:20,injury_reports_2023.csv,1.0,DT,NO
2023,REG,NO,18,00-0036926,ED,Payton Turner,Payton,Turner,Toe,,Questionable,Toe,,Limited Participation in Practice,2024-01-05 20:08:20,injury_reports_2023.csv,1.0,DE,NO
2023,REG,NYG,18,00-0038123,S,Dane Belton,Dane,Belton,,,,Not injury related - personal matter,,Full Participation in Practice,2024-01-05 19:17:51,injury_reports_2023.csv,0.0,S,NYG
2023,REG,NYG,18,00-0036402,LB,Carter Coughlin,Carter,Coughlin,,,,Shoulder,,Limited Participation in Practice,2024-01-05 19:17:39,injury_reports_2023.csv,0.0,LB,NYG
2023,REG,NYG,18,00-0036394,CB,Darnay Holmes,Darnay,Holmes,,,,Foot,,Limited Participation in Practice,2024-01-05 19:17:39,injury_reports_2023.csv,0.0,CB,NYG
2023,REG,NYG,18,00-0036502,S,Jason Pinnock,Jason,Pinnock,Toe,,Out,Toe,,Did Not Participate In Practice,2024-01-05 19:18:33,injury_reports_2023.csv,3.0,S,NYG
2023,REG,NYG,18,00-0039000,CB,Deonte Banks,Deonte,Banks,Shoulder,,Doubtful,Shoulder,,Limited Participation in Practice,2024-01-05 19:18:15,injury_reports_2023.csv,2.0,CB,NYG
2023,REG,NYJ,18,00-0034805,ED,John Franklin-Myers,John,Franklin-Myers,,,,Ankle,,Full Participation in Practice,2024-01-05 19:50:13,injury_reports_2023.csv,0.0,DE,NYJ
2023,REG,PHI,18,00-0033547,LB,Zach Cunningham,Zach,Cunningham,,,,Knee,,Full Participation in Practice,2024-01-05 20:51:36,injury_reports_2023.csv,0.0,LB,PHI
2023,REG,PHI,18,00-0037073,DI,Jordan Davis,Jordan,Davis,,,,Ankle,,Full Participation in Practice,2024-01-05 20:52:07,injury_reports_2023.csv,0.0,DT,PHI
2023,REG,PHI,18,00-0034377,CB,Avonte Maddox,Avonte,Maddox,,,,Elbow,,Full Participation in Practice,2024-01-05 20:51:36,injury_reports_2023.csv,0.0,CB,PHI
2023,REG,PHI,18,00-0033875,LB,Haason Reddick,Haason,Reddick,,,,Illness,,Full Participation in Practice,2024-01-05 20:51:36,injury_reports_2023.csv,0.0,LB,PHI
2023,REG,PHI,18,00-0030062,CB,Darius Slay,Darius,Slay,Knee,,Out,Knee,,Did Not Participate In Practice,2024-01-05 20:54:43,injury_reports_2023.csv,3.0,CB,PHI
2023,REG,PIT,18,00-0032968,LB,Myles Jack,Myles,Jack,,,,Not injury related - personal matter,,Did Not Participate In Practice,2024-01-04 20:52:18,injury_reports_2023.csv,0.0,LB,PIT
2023,REG,PIT,18,00-0033905,DI,Larry Ogunjobi,Larry,Ogunjobi,,,,Not injury related - resting player,,Did Not Participate In Practice,2024-01-03 20:38:02,injury_reports_2023.csv,0.0,DT,PIT
2023,REG,PIT,18,00-0027969,DI,Cameron Heyward,Cameron,Heyward,,,,Groin,,Limited Participation in Practice,2024-01-04 20:49:21,injury_reports_2023.csv,0.0,DT,PIT
2023,REG,PIT,18,00-0033886,LB,T.J. Watt,T.J.,Watt,,,,Not injury related - resting player,,Limited Participation in Practice,2024-01-04 20:49:21,injury_reports_2023.csv,0.0,LB,PIT
2023,REG,PIT,18,00-0034789,S,Minkah Fitzpatrick,Minkah,Fitzpatrick,Knee,,Questionable,Knee,,Limited Participation in Practice,2024-01-04 20:54:16,injury_reports_2023.csv,1.0,S,PIT
2023,REG,PIT,18,00-0032442,LB,Elandon Roberts,Elandon,Roberts,Pectoral,,Questionable,Pectoral,,Limited Participation in Practice,2024-01-04 20:54:16,injury_reports_2023.csv,1.0,LB,PIT
2023,REG,PIT,18,00-0037377,S,Trenton Thompson,Trenton,Thompson,Neck,,Questionable,Neck,,Limited Participation in Practice,2024-01-04 20:54:16,injury_reports_2023.csv,1.0,S,PIT
2023,REG,SEA,18,00-0033103,CB,Artie Burns,Artie,Burns,,,,Knee,,Full Participation in Practice,2024-01-05 22:03:23,injury_reports_2023.csv,0.0,CB,SEA
2023,REG,SEA,18,00-0031933,DI,Leonard Williams,Leonard,Williams,,,,Shoulder,,Full Participation in Practice,2024-01-05 22:03:51,injury_reports_2023.csv,0.0,DT,SEA
2023,REG,SEA,18,00-0032265,ED,Mario Edwards,Mario,Edwards,Knee,,Out,Knee,,Did Not Participate In Practice,2024-01-05 20:41:08,injury_reports_2023.csv,3.0,DE,SEA
2023,REG,SEA,18,00-0032387,DI,Jarran Reed,Jarran,Reed,Knee,,Questionable,Knee,,Did Not Participate In Practice,2024-01-05 20:44:01,injury_reports_2023.csv,1.0,DT,SEA
2023,REG,SEA,18,00-0036409,LB,Jordyn Brooks,Jordyn,Brooks,Ankle,,Questionable,Ankle,,Full Participation in Practice,2024-01-05 20:44:23,injury_reports_2023.csv,1.0,LB,SEA
2023,REG,SEA,18,00-0028292,LB,Nick Bellore,Nick,Bellore,Knee,,Questionable,Knee,,Limited Participation in Practice,2024-01-05 20:43:18,injury_reports_2023.csv,1.0,LB,SEA
2023,REG,SF,18,00-0035717,ED,Nick Bosa,Nick,Bosa,,,,Not injury related - resting player,,Did Not Participate In Practice,2024-01-04 00:43:42,injury_reports_2023.csv,0.0,DE,SF
2023,REG,SF,18,00-0032164,DI,Arik Armstead,Arik,Armstead,Foot,Knee,Out,Foot,Knee,Did Not Participate In Practice,2024-01-05 21:45:19,injury_reports_2023.csv,3.0,DT,SF
2023,REG,SF,18,00-0038554,S,Ji'Ayir Brown,Ji'Ayir,Brown,Knee,,Out,Knee,,Did Not Participate In Practice,2024-01-05 21:45:27,injury_reports_2023.csv,3.0,S,SF
2023,REG,SF,18,00-0028924,S,Tashaun Gipson,Tashaun,Gipson,Quadricep,,Out,Quadricep,,Did Not Participate In Practice,2024-01-05 21:45:53,injury_reports_2023.csv,3.0,S,SF
2023,REG,SF,18,00-0037008,CB,Ambry Thomas,Ambry,Thomas,Hand,,Out,Hand,,Did Not Participate In Practice,2024-01-05 21:46:21,injury_reports_2023.csv,3.0,CB,SF
2023,REG,TB,18,00-0031101,LB,Shaquil Barrett,Shaquil,Barrett,,,,Groin,,Full Participation in Practice,2024-01-05 17:58:35,injury_reports_2023.csv,0.0,LB,TB
2023,REG,TB,18,00-0038823,S,Kaevon Merriweather,Kaevon,Merriweather,,,,Thigh,,Full Participation in Practice,2024-01-05 17:58:35,injury_reports_2023.csv,0.0,S,TB
2023,REG,TB,18,00-0037627,DI,Mike Greene,Mike,Greene,Calf,,Out,Calf,,Full Participation in Practice,2024-01-05 17:59:36,injury_reports_2023.csv,3.0,DT,TB
2023,REG,TB,18,00-0036045,LB,Cam Gill,Cam,Gill,Knee,,Questionable,,,"
    ",2024-01-06 15:41:03,injury_reports_2023.csv,1.0,LB,TB
2023,REG,TB,18,00-0034778,CB,Carlton Davis,Carlton,Davis,Concussion,,Questionable,Concussion,,Full Participation in Practice,2024-01-05 17:59:20,injury_reports_2023.csv,1.0,CB,TB
2023,REG,TB,18,00-0036643,LB,K.J. Britt,K.J.,Britt,Calf,,Questionable,Calf,,Limited Participation in Practice,2024-01-05 17:59:20,injury_reports_2023.csv,1.0,LB,TB
2023,REG,TEN,18,00-0031254,ED,Denico Autry,Denico,Autry,,,,Not injury related - resting player,,Full Participation in Practice,2024-01-05 19:54:20,injury_reports_2023.csv,0.0,DE,TEN
2023,REG,TEN,18,00-0037593,CB,Tre Avery,Tre,Avery,,,,Knee,,Full Participation in Practice,2024-01-05 19:54:11,injury_reports_2023.csv,0.0,CB,TEN
2023,REG,TEN,18,00-0038961,CB,Eric Garror,Eric,Garror,,,,Illness,Hip,Full Participation in Practice,2024-01-05 19:54:50,injury_reports_2023.csv,0.0,CB,TEN
2023,REG,TEN,18,00-0035239,CB,Sean Murphy-Bunting,Sean,Murphy-Bunting,,,,Hip,,Full Participation in Practice,2024-01-05 19:55:45,injury_reports_2023.csv,0.0,CB,TEN
2023,REG,TEN,18,00-0038853,LB,Otis Reese,Otis,Reese,,,,Groin,,Full Participation in Practice,2024-01-05 19:54:11,injury_reports_2023.csv,0.0,LB,TEN
2023,REG,TEN,18,00-0038848,CB,Anthony Kendall,Anthony,Kendall,Knee,,Out,Knee,,Did Not Participate In Practice,2024-01-05 19:57:33,injury_reports_2023.csv,3.0,CB,TEN
2023,REG,TEN,18,00-0038850,ED,T.K. McLendon,T.K.,McLendon,Shoulder,,Out,Shoulder,,Did Not Participate In Practice,2024-01-05 19:57:44,injury_reports_2023.csv,3.0,DE,TEN
2023,REG,TEN,18,00-0036615,CB,Caleb Farley,Caleb,Farley,Back,,Out,Back,,Limited Participation in Practice,2024-01-05 19:57:08,injury_reports_2023.csv,3.0,CB,TEN
2023,REG,TEN,18,00-0038851,LB,Caleb Murphy,Caleb,Murphy,Shoulder,,Questionable,Shoulder,,Limited Participation in Practice,2024-01-05 19:56:38,injury_reports_2023.csv,1.0,LB,TEN
2023,REG,WAS,18,00-0039149,CB,Quan Martin,Quan,Martin,,,,Chest,,Full Participation in Practice,2024-01-05 19:57:51,injury_reports_2023.csv,0.0,CB,WAS
2023,REG,WAS,18,00-0037283,DI,John Ridgeway,John,Ridgeway,,,,Foot,,Full Participation in Practice,2024-01-05 19:59:08,injury_reports_2023.csv,0.0,DT,WAS
2023,REG,WAS,18,00-0036625,CB,Benjamin St-Juste,Benjamin,St-Juste,,,,Concussion,,Full Participation in Practice,2024-01-05 19:57:51,injury_reports_2023.csv,0.0,CB,WAS
2023,REG,WAS,18,00-0033523,DI,Jonathan Allen,Jonathan,Allen,Knee,,Out,Knee,,Did Not Participate In Practice,2024-01-05 19:59:57,injury_reports_2023.csv,3.0,DT,WAS
2023,REG,WAS,18,00-0037833,CB,Tariq Castro-Fields,Tariq,Castro-Fields,Shoulder,,Out,Shoulder,,Did Not Participate In Practice,2024-01-05 20:00:02,injury_reports_2023.csv,3.0,CB,WAS
2023,REG,WAS,18,00-0033084,CB,Kendall Fuller,Kendall,Fuller,Knee,,Out,Knee,,Did Not Participate In Practice,2024-01-05 20:00:08,injury_reports_2023.csv,3.0,CB,WAS
2023,REG,WAS,18,00-0037095,CB,Christian Holmes,Christian,Holmes,Concussion,,Out,Concussion,,Did Not Participate In Practice,2024-01-05 20:00:12,injury_reports_2023.csv,3.0,CB,WAS
2023,REG,WAS,18,00-0036349,S,Kamren Curl,Kamren,Curl,Quadricep,,Questionable,Quadricep,,Did Not Participate In Practice,2024-01-05 19:59:51,injury_reports_2023.csv,1.0,S,WAS
2023,REG,WAS,18,00-0036403,ED,Casey Toohill,Casey,Toohill,Shoulder,,Questionable,Shoulder,,Did Not Participate In Practice,2024-01-05 19:59:51,injury_reports_2023.csv,1.0,DE,WAS
2023,WC,BUF,19,00-0031054,DI,DaQuan Jones,DaQuan,Jones,,,,Not injury related - resting player,,Did Not Participate In Practice,2024-01-12 19:55:08,injury_reports_2023.csv,0.0,DT,BUF
2023,WC,BUF,19,00-0033072,ED,Leonard Floyd,Leonard,Floyd,,,,Not injury related - resting player,,Full Participation in Practice,2024-01-12 19:54:34,injury_reports_2023.csv,0.0,DE,BUF
2023,WC,BUF,19,00-0036888,S,Damar Hamlin,Damar,Hamlin,,,,Shoulder,,Full Participation in Practice,2024-01-12 19:54:34,injury_reports_2023.csv,0.0,S,BUF
2023,WC,BUF,19,00-0030090,S,Micah Hyde,Micah,Hyde,,,,Neck,,Full Participation in Practice,2024-01-12 19:54:34,injury_reports_2023.csv,0.0,S,BUF
2023,WC,BUF,19,00-0027940,LB,Von Miller,Von,Miller,,,,Not injury related - resting player,,Full Participation in Practice,2024-01-12 19:54:34,injury_reports_2023.csv,0.0,LB,BUF
2023,WC,BUF,19,00-0035663,S,Taylor Rapp,Taylor,Rapp,Calf,,Out,Calf,,Did Not Participate In Practice,2024-01-12 19:57:11,injury_reports_2023.csv,3.0,S,BUF
2023,WC,BUF,19,00-0033551,CB,Rasul Douglas,Rasul,Douglas,Knee,,Questionable,Knee,,Did Not Participate In Practice,2024-01-12 19:56:46,injury_reports_2023.csv,1.0,CB,BUF
2023,WC,BUF,19,00-0035352,LB,Tyrel Dodson,Tyrel,Dodson,Shoulder,,Questionable,Shoulder,,Limited Participation in Practice,2024-01-12 19:56:46,injury_reports_2023.csv,1.0,LB,BUF
2023,WC,CLV,19,00-0033868,ED,Myles Garrett,Myles,Garrett,,,,Not injury related - personal matter,"Shoulder, Hamstring",Full Participation in Practice,2024-01-11 20:12:36,injury_reports_2023.csv,0.0,DE,CLE
2023,WC,CLV,19,00-0030383,S,Duron Harmon,Duron,Harmon,,,,Ankle,,Full Participation in Practice,2024-01-11 20:11:52,injury_reports_2023.csv,0.0,S,CLE
2023,WC,CLV,19,00-0031270,DI,Shelby Harris,Shelby,Harris,,,,Shin,,Full Participation in Practice,2024-01-11 20:11:52,injury_reports_2023.csv,0.0,DT,CLE
2023,WC,CLV,19,00-0035444,LB,Jordan Kunaszyk,Jordan,Kunaszyk,,,,Calf,,Full Participation in Practice,2024-01-11 20:11:52,injury_reports_2023.csv,0.0,LB,CLE
2023,WC,CLV,19,00-0036996,CB,Greg Newsome,Greg,Newsome,,,,Knee,,Full Participation in Practice,2024-01-11 20:13:15,injury_reports_2023.csv,0.0,CB,CLE
2023,WC,CLV,19,00-0034807,ED,Ogbonnia Okoronkwo,Ogbonnia,Okoronkwo,,,,Pectoral,Groin,Full Participation in Practice,2024-01-11 20:13:32,injury_reports_2023.csv,0.0,DE,CLE
2023,WC,CLV,19,00-0036282,S,Grant Delpit,Grant,Delpit,Groin,,Out,Groin,,Limited Participation in Practice,2024-01-11 20:14:05,injury_reports_2023.csv,3.0,S,CLE
2023,WC,CLV,19,00-0034639,CB,Mike Ford,Mike,Ford,Calf,,Questionable,Calf,,Limited Participation in Practice,2024-01-11 20:13:55,injury_reports_2023.csv,1.0,CB,CLE
2023,WC,CLV,19,00-0035625,S,Juan Thornhill,Juan,Thornhill,Calf,,Questionable,Calf,,Limited Participation in Practice,2024-01-11 20:13:55,injury_reports_2023.csv,1.0,S,CLE
2023,WC,CLV,19,00-0034856,CB,Denzel Ward,Denzel,Ward,Shoulder,Knee,Questionable,Shoulder,Knee,Limited Participation in Practice,2024-01-11 20:13:55,injury_reports_2023.csv,1.0,CB,CLE
2023,WC,DAL,19,00-0031411,ED,Demarcus Lawrence,Demarcus,Lawrence,,,,Not injury related - resting player,,Did Not Participate In Practice,2024-01-10 20:51:40,injury_reports_2023.csv,0.0,DE,DAL
2023,WC,DAL,19,00-0034373,ED,Dorance Armstrong,Dorance,Armstrong,,,,Ankle,,Full Participation in Practice,2024-01-12 19:28:34,injury_reports_2023.csv,0.0,DE,DAL
2023,WC,DAL,19,00-0030063,DI,Johnathan Hankins,Johnathan,Hankins,,,,Ankle,,Full Participation in Practice,2024-01-12 19:28:53,injury_reports_2023.csv,0.0,DT,DAL
2023,WC,DAL,19,00-0033877,S,Malik Hooker,Malik,Hooker,,,,Ankle,,Full Participation in Practice,2024-01-12 19:28:34,injury_reports_2023.csv,0.0,S,DAL
2023,WC,DAL,19,00-0029542,CB,Stephon Gilmore,Stephon,Gilmore,,,,Shoulder,,Limited Participation in Practice,2024-01-12 19:28:34,injury_reports_2023.csv,0.0,CB,DAL
2023,WC,DAL,19,00-0033928,CB,Jourdan Lewis,Jourdan,Lewis,,,,Not injury related - resting player,,Limited Participation in Practice,2024-01-10 20:51:50,injury_reports_2023.csv,0.0,CB,DAL
2023,WC,DET,19,00-0039141,S,Brian Branch,Brian,Branch,,,,Wrist,,Full Participation in Practice,2024-01-12 20:35:13,injury_reports_2023.csv,0.0,S,DET
2023,WC,DET,19,00-0033930,CB,Cameron Sutton,Cameron,Sutton,,,,Toe,Heel,Full Participation in Practice,2024-01-12 20:35:13,injury_reports_2023.csv,0.0,CB,DET
2023,WC,DET,19,00-0036748,CB,Jerry Jacobs,Jerry,Jacobs,Thigh,Knee,Out,Thigh,Knee,Did Not Participate In Practice,2024-01-12 20:36:29,injury_reports_2023.csv,3.0,CB,DET
2023,WC,DET,19,00-0037310,LB,James Houston,James,Houston,Ankle,,Out,Ankle,,Full Participation in Practice,2024-01-12 20:36:24,injury_reports_2023.csv,3.0,LB,DET
2023,WC,DET,19,00-0035265,ED,John Cominsky,John,Cominsky,Illness,,Questionable,Illness,,Full Participation in Practice,2024-01-12 20:36:15,injury_reports_2023.csv,1.0,DE,DET
2023,WC,GB,19,00-0032401,LB,De'Vondre Campbell,De'Vondre,Campbell,,,,Neck,,Full Participation in Practice,2024-01-12 20:12:00,injury_reports_2023.csv,0.0,LB,GB
2023,WC,GB,19,00-0036658,LB,Isaiah McDuffie,Isaiah,McDuffie,,,,Concussion,Neck,Full Participation in Practice,2024-01-12 20:12:29,injury_reports_2023.csv,0.0,LB,GB
2023,WC,GB,19,00-0034968,S,Darnell Savage,Darnell,Savage,,,,Shoulder,,Full Participation in Practice,2024-01-12 20:12:00,injury_reports_2023.csv,0.0,S,GB
2023,WC,GB,19,00-0036642,DI,Tedarrell Slaton,Tedarrell,Slaton,,,,Knee,Foot,Full Participation in Practice,2024-01-12 20:12:39,injury_reports_2023.csv,0.0,DT,GB
2023,WC,GB,19,00-0037074,LB,Quay Walker,Quay,Walker,,,,Shoulder,,Full Participation in Practice,2024-01-12 20:12:00,injury_reports_2023.csv,0.0,LB,GB
2023,WC,GB,19,00-0034485,S,Jonathan Owens,Jonathan,Owens,,,,Knee,,Limited Participation in Practice,2024-01-12 20:12:00,injury_reports_2023.csv,0.0,S,GB
2023,WC,GB,19,00-0031935,LB,Preston Smith,Preston,Smith,,,,Ankle,,Limited Participation in Practice,2024-01-12 20:12:00,injury_reports_2023.csv,0.0,LB,GB
2023,WC,GB,19,00-0034728,CB,Jaire Alexander,Jaire,Alexander,Shoulder,Ankle,Questionable,Shoulder,Ankle,Did Not Participate In Practice,2024-01-12 20:12:41,injury_reports_2023.csv,1.0,CB,GB
2023,WC,HST,19,00-0027881,ED,Jerry Hughes,Jerry,Hughes,Ankle,,Out,Ankle,,Did Not Participate In Practice,2024-01-11 20:30:36,injury_reports_2023.csv,3.0,DE,HOU
2023,WC,HST,19,00-0039108,ED,Will Anderson,Will,Anderson,Ankle,,Questionable,Ankle,,Limited Participation in Practice,2024-01-11 20:29:41,injury_reports_2023.csv,1.0,DE,HOU
2023,WC,HST,19,00-0033131,DI,Maliek Collins,Maliek,Collins,Hip,,Questionable,Hip,,Limited Participation in Practice,2024-01-11 20:29:41,injury_reports_2023.csv,1.0,DT,HOU
2023,WC,HST,19,00-0036224,ED,Jonathan Greenard,Jonathan,Greenard,Ankle,,Questionable,Ankle,,Limited Participation in Practice,2024-01-11 20:29:41,injury_reports_2023.csv,1.0,DE,HOU
2023,WC,HST,19,00-0032759,DI,Sheldon Rankins,Sheldon,Rankins,Shoulder,,Questionable,Shoulder,,Limited Participation in Practice,2024-01-11 20:29:41,injury_reports_2023.csv,1.0,DT,HOU
2023,WC,KC,19,00-0036621,LB,Nick Bolton,Nick,Bolton,,,,Wrist,,Full Participation in Practice,2024-01-11 20:19:40,injury_reports_2023.csv,0.0,LB,KC
2023,WC,KC,19,00-0032774,S,Deon Bush,Deon,Bush,,,,Elbow,,Full Participation in Practice,2024-01-11 20:19:40,injury_reports_2023.csv,0.0,S,KC
2023,WC,KC,19,00-0038982,CB,Chamarri Conner,Chamarri,Conner,,,,Shoulder,,Full Participation in Practice,2024-01-11 20:19:40,injury_reports_2023.csv,0.0,CB,KC
2023,WC,KC,19,00-0036374,CB,L'Jarius Sneed,L'Jarius,Sneed,,,,Calf,,Full Participation in Practice,2024-01-11 20:19:40,injury_reports_2023.csv,0.0,CB,KC
2023,WC,KC,19,00-0037195,CB,Jaylen Watson,Jaylen,Watson,,,,Calf,,Full Participation in Practice,2024-01-11 20:19:40,injury_reports_2023.csv,0.0,CB,KC
2023,WC,LA,19,00-0036903,DI,Bobby Brown,Bobby,Brown,Illness,,Questionable,Illness,,Did Not Participate In Practice,2024-01-12 20:43:10,injury_reports_2023.csv,1.0,DT,LA
2023,WC,LA,19,00-0036431,S,Jordan Fuller,Jordan,Fuller,Ankle,,Questionable,Ankle,,Did Not Participate In Practice,2024-01-12 20:42:06,injury_reports_2023.csv,1.0,S,LA
2023,WC,LA,19,00-0035617,LB,Troy Reeder,Troy,Reeder,Knee,,Questionable,Knee,,Limited Participation in Practice,2024-01-12 20:42:23,injury_reports_2023.csv,1.0,LB,LA
2023,WC,MIA,19,00-0033055,CB,Jalen Ramsey,Jalen,Ramsey,,,,Knee,,Limited Participation in Practice,2024-01-11 20:56:07,injury_reports_2023.csv,0.0,CB,MIA
2023,WC,MIA,19,00-0033050,CB,Xavien Howard,Xavien,Howard,Foot,,Out,Foot,,Did Not Participate In Practice,2024-01-11 21:00:44,injury_reports_2023.csv,3.0,CB,MIA
2023,WC,MIA,19,00-0034277,S,DeShon Elliott,DeShon,Elliott,Calf,,Questionable,Calf,,Did Not Participate In Practice,2024-01-11 20:57:10,injury_reports_2023.csv,1.0,S,MIA
2023,WC,MIA,19,00-0036998,S,Jevon Holland,Jevon,Holland,Knee,Knee,Questionable,Knee,Knee,Did Not Participate In Practice,2024-01-11 20:57:10,injury_reports_2023.csv,1.0,S,MIA
2023,WC,PHI,19,00-0030062,CB,Darius Slay,Darius,Slay,,,,Knee,,Full Participation in Practice,2024-01-13 20:45:59,injury_reports_2023.csv,0.0,CB,PHI
2023,WC,PHI,19,00-0039002,S,Sydney Brown,Sydney,Brown,Knee,,Out,Knee,,Did Not Participate In Practice,2024-01-13 20:46:35,injury_reports_2023.csv,3.0,S,PHI
2023,WC,PHI,19,00-0037130,S,Reed Blankenship,Reed,Blankenship,Groin,,Questionable,Groin,,Did Not Participate In Practice,2024-01-13 20:46:15,injury_reports_2023.csv,1.0,S,PHI
2023,WC,PIT,19,00-0034789,S,Minkah Fitzpatrick,Minkah,Fitzpatrick,,,,Knee,,Full Participation in Practice,2024-01-12 19:26:24,injury_reports_2023.csv,0.0,S,PIT
2023,WC,PIT,19,00-0032442,LB,Elandon Roberts,Elandon,Roberts,,,,Pectoral,,Full Participation in Practice,2024-01-12 19:26:24,injury_reports_2023.csv,0.0,LB,PIT
2023,WC,PIT,19,00-0027969,DI,Cameron Heyward,Cameron,Heyward,,,,Not injury related - resting player,,Limited Participation in Practice,2024-01-11 20:28:26,injury_reports_2023.csv,0.0,DT,PIT
2023,WC,PIT,19,00-0033905,DI,Larry Ogunjobi,Larry,Ogunjobi,,,,Not injury related - resting player,,Limited Participation in Practice,2024-01-10 20:57:25,injury_reports_2023.csv,0.0,DT,PIT
2023,WC,PIT,19,00-0027943,CB,Patrick Peterson,Patrick,Peterson,,,,Not injury related - resting player,,Limited Participation in Practice,2024-01-10 20:54:03,injury_reports_2023.csv,0.0,CB,PIT
2023,WC,PIT,19,00-0033886,LB,T.J. Watt,T.J.,Watt,Knee,,Out,Knee,,Did Not Participate In Practice,2024-01-12 19:29:37,injury_reports_2023.csv,3.0,LB,PIT
2023,WC,TB,19,00-0037627,DI,Mike Greene,Mike,Greene,Calf,,Out,Calf,,Full Participation in Practice,2024-01-13 20:45:00,injury_reports_2023.csv,3.0,DT,TB
2023,WC,TB,19,00-0036643,LB,K.J. Britt,K.J.,Britt,Calf,,Questionable,Calf,,Full Participation in Practice,2024-01-13 20:44:49,injury_reports_2023.csv,1.0,LB,TB
2023,WC,TB,19,00-0039051,CB,Josh Hayes,Josh,Hayes,Quadricep,Knee,Questionable,Quadricep,Knee,Limited Participation in Practice,2024-01-13 20:44:49,injury_reports_2023.csv,1.0,CB,TB
