season,game_type,team,week,gsis_id,position,full_name,first_name,last_name,report_primary_injury,report_secondary_injury,report_status,practice_primary_injury,practice_secondary_injury,practice_status,date_modified,source_file,injury_score,original_position,original_team,player,team_name,routes,player_game_count,weighting_stat,player_game_stat,weighted_injury_score
2023,REG,ARZ,1,00-0035662,WR,Marquise Brown,Marquise,Brown,Hamstring,,Questionable,Hamstring,,Limited Participation in Practice,2023-09-08 18:50:02,injury_reports_2023.csv,1.0,WR,ARI,Marquise Brown,ARZ,460,14,460,14,32.857142857142854
2023,REG,ARZ,4,00-0035662,WR,Marquise Brown,Marquise,Brown,Thumb,,Questionable,Thumb,,Limited Participation in Practice,2023-09-29 19:35:35,injury_reports_2023.csv,1.0,WR,ARI,Marquise Brown,ARZ,460,14,460,14,32.857142857142854
2023,REG,ARZ,6,00-0035662,WR,Marquise Brown,Marquise,Brown,Illness,,Questionable,Illness,,Limited Participation in Practice,2023-10-13 19:46:10,injury_reports_2023.csv,1.0,WR,ARI,Marquise Brown,ARZ,460,14,460,14,32.857142857142854
2023,REG,ARZ,12,00-0035662,WR,Marquise Brown,Marquise,Brown,Heel,,Questionable,Heel,,Did Not Participate In Practice,2023-11-24 20:55:44,injury_reports_2023.csv,1.0,WR,ARI,Marquise Brown,ARZ,460,14,460,14,32.857142857142854
2023,REG,ARZ,13,00-0035662,WR,Marquise Brown,Marquise,Brown,Heel,,Questionable,Heel,,Did Not Participate In Practice,2023-12-01 19:24:24,injury_reports_2023.csv,1.0,WR,ARI,Marquise Brown,ARZ,460,14,460,14,32.857142857142854
2023,REG,ARZ,15,00-0035662,WR,Marquise Brown,Marquise,Brown,Heel,,Questionable,Heel,,Limited Participation in Practice,2023-12-15 20:49:02,injury_reports_2023.csv,1.0,WR,ARI,Marquise Brown,ARZ,460,14,460,14,32.857142857142854
2023,REG,ARZ,16,00-0035662,WR,Marquise Brown,Marquise,Brown,Heel,,Out,Heel,,Did Not Participate In Practice,2023-12-22 20:06:07,injury_reports_2023.csv,3.0,WR,ARI,Marquise Brown,ARZ,460,14,460,14,98.57142857142857
2023,REG,ARZ,17,00-0035662,WR,Marquise Brown,Marquise,Brown,Heel,,Out,Heel,,Did Not Participate In Practice,2023-12-29 19:35:19,injury_reports_2023.csv,3.0,WR,ARI,Marquise Brown,ARZ,460,14,460,14,98.57142857142857
2023,REG,ARZ,1,00-0030061,TE,Zach Ertz,Zach,Ertz,Knee,,Questionable,Knee,,Limited Participation in Practice,2023-09-08 18:50:02,injury_reports_2023.csv,1.0,TE,ARI,Zach Ertz,ARZ,186,7,186,7,26.571428571428573
2023,REG,ATL,1,00-0033858,TE,Jonnu Smith,Jonnu,Smith,,,,Not injury related - resting player,,Did Not Participate In Practice,2023-09-06 20:54:47,injury_reports_2023.csv,0.0,TE,ATL,Jonnu Smith,ATL,375,17,375,17,0.0
2023,REG,ATL,2,00-0033858,TE,Jonnu Smith,Jonnu,Smith,,,,Not injury related - resting player,,Did Not Participate In Practice,2023-09-13 20:56:38,injury_reports_2023.csv,0.0,TE,ATL,Jonnu Smith,ATL,375,17,375,17,0.0
2023,REG,ATL,6,00-0033858,TE,Jonnu Smith,Jonnu,Smith,,,,Ankle,,Full Participation in Practice,2023-10-13 17:07:54,injury_reports_2023.csv,0.0,TE,ATL,Jonnu Smith,ATL,375,17,375,17,0.0
2023,REG,ATL,1,00-0034854,WR,KhaDarel Hodge,KhaDarel,Hodge,Ankle,,Questionable,Ankle,,Full Participation in Practice,2023-09-08 17:43:18,injury_reports_2023.csv,1.0,WR,ATL,KhaDarel Hodge,ATL,183,17,183,17,10.764705882352942
2023,REG,BLT,1,00-0034753,TE,Mark Andrews,Mark,Andrews,Quadricep,,Questionable,Quadricep,,Limited Participation in Practice,2023-09-08 19:57:27,injury_reports_2023.csv,1.0,TE,BAL,Mark Andrews,BLT,290,11,290,11,26.363636363636363
2023,REG,BLT,2,00-0034753,TE,Mark Andrews,Mark,Andrews,Quadricep,,Questionable,Quadricep,,Full Participation in Practice,2023-09-15 18:37:04,injury_reports_2023.csv,1.0,TE,BAL,Mark Andrews,BLT,290,11,290,11,26.363636363636363
2023,REG,BLT,12,00-0034753,TE,Mark Andrews,Mark,Andrews,Ankle,,Out,Ankle,,Did Not Participate In Practice,2023-11-24 21:28:28,injury_reports_2023.csv,3.0,TE,BAL,Mark Andrews,BLT,290,11,290,11,79.0909090909091
2023,REG,CAR,1,00-0036635,WR,Ihmir Smith-Marsette,Ihmir,Smith-Marsette,,,,Ankle,,Full Participation in Practice,2023-09-08 16:58:43,injury_reports_2023.csv,0.0,WR,CAR,Ihmir Smith-Marsette,CAR,55,13,55,13,0.0
2023,REG,CAR,18,00-0036635,WR,Ihmir Smith-Marsette,Ihmir,Smith-Marsette,,,,Hip,,Full Participation in Practice,2024-01-05 17:24:40,injury_reports_2023.csv,0.0,WR,CAR,Ihmir Smith-Marsette,CAR,55,13,55,13,0.0
2023,REG,CAR,1,00-0030035,WR,Adam Thielen,Adam,Thielen,Ankle,,Questionable,Ankle,,Limited Participation in Practice,2023-09-08 16:59:20,injury_reports_2023.csv,1.0,WR,CAR,Adam Thielen,CAR,637,17,637,17,37.470588235294116
2023,REG,CAR,4,00-0030035,WR,Adam Thielen,Adam,Thielen,,,,Not injury related - resting player,,Did Not Participate In Practice,2023-09-28 19:16:00,injury_reports_2023.csv,0.0,WR,CAR,Adam Thielen,CAR,637,17,637,17,0.0
2023,REG,CAR,6,00-0030035,WR,Adam Thielen,Adam,Thielen,,,,Not injury related - resting player,,Did Not Participate In Practice,2023-10-11 19:02:48,injury_reports_2023.csv,0.0,WR,CAR,Adam Thielen,CAR,637,17,637,17,0.0
2023,REG,CAR,8,00-0030035,WR,Adam Thielen,Adam,Thielen,,,,Not injury related - resting player,,Did Not Participate In Practice,2023-10-25 19:05:11,injury_reports_2023.csv,0.0,WR,CAR,Adam Thielen,CAR,637,17,637,17,0.0
2023,REG,CAR,9,00-0030035,WR,Adam Thielen,Adam,Thielen,,,,Not injury related - resting player,,Did Not Participate In Practice,2023-11-01 18:56:42,injury_reports_2023.csv,0.0,WR,CAR,Adam Thielen,CAR,637,17,637,17,0.0
2023,REG,CAR,12,00-0030035,WR,Adam Thielen,Adam,Thielen,,,,Not injury related - resting player,,Did Not Participate In Practice,2023-11-22 19:54:01,injury_reports_2023.csv,0.0,WR,CAR,Adam Thielen,CAR,637,17,637,17,0.0
2023,REG,CAR,13,00-0030035,WR,Adam Thielen,Adam,Thielen,,,,Not injury related - resting player,,Did Not Participate In Practice,2023-11-29 20:02:46,injury_reports_2023.csv,0.0,WR,CAR,Adam Thielen,CAR,637,17,637,17,0.0
2023,REG,CAR,14,00-0030035,WR,Adam Thielen,Adam,Thielen,,,,Not injury related - resting player,,Did Not Participate In Practice,2023-12-06 19:51:56,injury_reports_2023.csv,0.0,WR,CAR,Adam Thielen,CAR,637,17,637,17,0.0
2023,REG,CAR,15,00-0030035,WR,Adam Thielen,Adam,Thielen,,,,Not injury related - resting player,,Did Not Participate In Practice,2023-12-13 19:06:15,injury_reports_2023.csv,0.0,WR,CAR,Adam Thielen,CAR,637,17,637,17,0.0
2023,REG,CAR,16,00-0030035,WR,Adam Thielen,Adam,Thielen,,,,Not injury related - resting player,,Limited Participation in Practice,2023-12-20 19:07:01,injury_reports_2023.csv,0.0,WR,CAR,Adam Thielen,CAR,637,17,637,17,0.0
2023,REG,CAR,17,00-0030035,WR,Adam Thielen,Adam,Thielen,,,,Not injury related - resting player,,Did Not Participate In Practice,2023-12-27 18:58:05,injury_reports_2023.csv,0.0,WR,CAR,Adam Thielen,CAR,637,17,637,17,0.0
2023,REG,CHI,1,00-0024243,TE,Marcedes Lewis,Marcedes,Lewis,,,,Not injury related - resting player,,Full Participation in Practice,2023-09-08 18:13:52,injury_reports_2023.csv,0.0,TE,CHI,Marcedes Lewis,CHI,39,16,39,16,0.0
2023,REG,CHI,2,00-0024243,TE,Marcedes Lewis,Marcedes,Lewis,,,,Not injury related - resting player,,Did Not Participate In Practice,2023-09-14 19:03:27,injury_reports_2023.csv,0.0,TE,CHI,Marcedes Lewis,CHI,39,16,39,16,0.0
2023,REG,CHI,3,00-0024243,TE,Marcedes Lewis,Marcedes,Lewis,,,,Not injury related - resting player,,Did Not Participate In Practice,2023-09-21 22:12:39,injury_reports_2023.csv,0.0,TE,CHI,Marcedes Lewis,CHI,39,16,39,16,0.0
2023,REG,CHI,4,00-0024243,TE,Marcedes Lewis,Marcedes,Lewis,,,,Not injury related - resting player,,Did Not Participate In Practice,2023-09-28 19:01:29,injury_reports_2023.csv,0.0,TE,CHI,Marcedes Lewis,CHI,39,16,39,16,0.0
2023,REG,CHI,6,00-0024243,TE,Marcedes Lewis,Marcedes,Lewis,,,,Not injury related - resting player,,Did Not Participate In Practice,2023-10-12 20:36:07,injury_reports_2023.csv,0.0,TE,CHI,Marcedes Lewis,CHI,39,16,39,16,0.0
2023,REG,CHI,7,00-0024243,TE,Marcedes Lewis,Marcedes,Lewis,,,,Not injury related - resting player,,Did Not Participate In Practice,2023-10-19 18:52:36,injury_reports_2023.csv,0.0,TE,CHI,Marcedes Lewis,CHI,39,16,39,16,0.0
2023,REG,CHI,8,00-0024243,TE,Marcedes Lewis,Marcedes,Lewis,,,,Not injury related - resting player,,Did Not Participate In Practice,2023-10-26 19:42:34,injury_reports_2023.csv,0.0,TE,CHI,Marcedes Lewis,CHI,39,16,39,16,0.0
2023,REG,CHI,9,00-0024243,TE,Marcedes Lewis,Marcedes,Lewis,,,,Not injury related - resting player,,Did Not Participate In Practice,2023-11-02 18:55:33,injury_reports_2023.csv,0.0,TE,CHI,Marcedes Lewis,CHI,39,16,39,16,0.0
2023,REG,CHI,11,00-0024243,TE,Marcedes Lewis,Marcedes,Lewis,,,,Not injury related - resting player,,Did Not Participate In Practice,2023-11-16 19:49:15,injury_reports_2023.csv,0.0,TE,CHI,Marcedes Lewis,CHI,39,16,39,16,0.0
2023,REG,CHI,12,00-0024243,TE,Marcedes Lewis,Marcedes,Lewis,,,,Not injury related - resting player,,Did Not Participate In Practice,2023-11-24 19:52:11,injury_reports_2023.csv,0.0,TE,CHI,Marcedes Lewis,CHI,39,16,39,16,0.0
2023,REG,CHI,14,00-0024243,TE,Marcedes Lewis,Marcedes,Lewis,,,,Not injury related - resting player,,Did Not Participate In Practice,2023-12-07 21:14:32,injury_reports_2023.csv,0.0,TE,CHI,Marcedes Lewis,CHI,39,16,39,16,0.0
2023,REG,CHI,15,00-0024243,TE,Marcedes Lewis,Marcedes,Lewis,,,,Not injury related - resting player,,Did Not Participate In Practice,2023-12-14 21:15:19,injury_reports_2023.csv,0.0,TE,CHI,Marcedes Lewis,CHI,39,16,39,16,0.0
2023,REG,CHI,16,00-0024243,TE,Marcedes Lewis,Marcedes,Lewis,,,,Not injury related - resting player,,Did Not Participate In Practice,2023-12-22 22:34:20,injury_reports_2023.csv,0.0,TE,CHI,Marcedes Lewis,CHI,39,16,39,16,0.0
2023,REG,CHI,17,00-0024243,TE,Marcedes Lewis,Marcedes,Lewis,,,,Not injury related - resting player,,Did Not Participate In Practice,2023-12-28 19:16:28,injury_reports_2023.csv,0.0,TE,CHI,Marcedes Lewis,CHI,39,16,39,16,0.0
2023,REG,CHI,18,00-0024243,TE,Marcedes Lewis,Marcedes,Lewis,,,,Not injury related - resting player,,Did Not Participate In Practice,2024-01-04 20:24:09,injury_reports_2023.csv,0.0,TE,CHI,Marcedes Lewis,CHI,39,16,39,16,0.0
2023,REG,CHI,1,00-0033757,TE,Robert Tonyan,Robert,Tonyan,Back,,Questionable,,,"
    ",2023-09-09 21:52:37,injury_reports_2023.csv,1.0,TE,CHI,Robert Tonyan,CHI,164,17,164,17,9.647058823529411
2023,REG,CIN,1,00-0033009,WR,Tyler Boyd,Tyler,Boyd,,,,Toe,,Full Participation in Practice,2023-09-08 18:25:09,injury_reports_2023.csv,0.0,WR,CIN,Tyler Boyd,CIN,577,17,577,17,0.0
2023,REG,CIN,14,00-0033009,WR,Tyler Boyd,Tyler,Boyd,Ankle,,Questionable,Ankle,,Limited Participation in Practice,2023-12-08 18:48:29,injury_reports_2023.csv,1.0,WR,CIN,Tyler Boyd,CIN,577,17,577,17,33.94117647058823
2023,REG,CIN,15,00-0033009,WR,Tyler Boyd,Tyler,Boyd,,,,Foot,Ankle,Full Participation in Practice,2023-12-14 19:16:13,injury_reports_2023.csv,0.0,WR,CIN,Tyler Boyd,CIN,577,17,577,17,0.0
2023,REG,CLV,1,00-0031544,WR,Amari Cooper,Amari,Cooper,,,,Not injury related - resting player,,Full Participation in Practice,2023-09-08 18:52:17,injury_reports_2023.csv,0.0,WR,CLE,Amari Cooper,CLV,592,16,592,16,0.0
2023,REG,CLV,2,00-0031544,WR,Amari Cooper,Amari,Cooper,Groin,,Questionable,Not injury related - resting player,Groin,Limited Participation in Practice,2023-09-16 17:57:33,injury_reports_2023.csv,1.0,WR,CLE,Amari Cooper,CLV,592,16,592,16,37.0
2023,REG,CLV,3,00-0031544,WR,Amari Cooper,Amari,Cooper,,,,Groin,Shoulder,Limited Participation in Practice,2023-09-22 18:36:15,injury_reports_2023.csv,0.0,WR,CLE,Amari Cooper,CLV,592,16,592,16,0.0
2023,REG,CLV,4,00-0031544,WR,Amari Cooper,Amari,Cooper,,,,Not injury related - resting player,,Did Not Participate In Practice,2023-09-27 20:06:50,injury_reports_2023.csv,0.0,WR,CLE,Amari Cooper,CLV,592,16,592,16,0.0
2023,REG,CLV,6,00-0031544,WR,Amari Cooper,Amari,Cooper,,,,Not injury related - resting player,,Did Not Participate In Practice,2023-10-11 23:31:19,injury_reports_2023.csv,0.0,WR,CLE,Amari Cooper,CLV,592,16,592,16,0.0
2023,REG,CLV,7,00-0031544,WR,Amari Cooper,Amari,Cooper,,,,Not injury related - resting player,Ankle,Full Participation in Practice,2023-10-20 17:57:09,injury_reports_2023.csv,0.0,WR,CLE,Amari Cooper,CLV,592,16,592,16,0.0
2023,REG,CLV,8,00-0031544,WR,Amari Cooper,Amari,Cooper,,,,Not injury related - resting player,Ankle,Full Participation in Practice,2023-10-27 18:48:19,injury_reports_2023.csv,0.0,WR,CLE,Amari Cooper,CLV,592,16,592,16,0.0
2023,REG,CLV,9,00-0031544,WR,Amari Cooper,Amari,Cooper,,,,Not injury related - resting player,Ankle,Full Participation in Practice,2023-11-03 19:09:30,injury_reports_2023.csv,0.0,WR,CLE,Amari Cooper,CLV,592,16,592,16,0.0
2023,REG,CLV,10,00-0031544,WR,Amari Cooper,Amari,Cooper,,,,Not injury related - resting player,Ankle,Full Participation in Practice,2023-11-10 20:45:52,injury_reports_2023.csv,0.0,WR,CLE,Amari Cooper,CLV,592,16,592,16,0.0
2023,REG,CLV,11,00-0031544,WR,Amari Cooper,Amari,Cooper,,,,Not injury related - resting player,Ankle,Did Not Participate In Practice,2023-11-15 20:47:17,injury_reports_2023.csv,0.0,WR,CLE,Amari Cooper,CLV,592,16,592,16,0.0
2023,REG,CLV,12,00-0031544,WR,Amari Cooper,Amari,Cooper,,,,Not injury related - resting player,,Did Not Participate In Practice,2023-11-22 22:26:44,injury_reports_2023.csv,0.0,WR,CLE,Amari Cooper,CLV,592,16,592,16,0.0
2023,REG,CLV,13,00-0031544,WR,Amari Cooper,Amari,Cooper,,,,Not injury related - resting player,Ribs,Limited Participation in Practice,2023-12-01 22:55:18,injury_reports_2023.csv,0.0,WR,CLE,Amari Cooper,CLV,592,16,592,16,0.0
2023,REG,CLV,14,00-0031544,WR,Amari Cooper,Amari,Cooper,Concussion,,Questionable,Concussion,Ribs,Limited Participation in Practice,2023-12-08 19:49:32,injury_reports_2023.csv,1.0,WR,CLE,Amari Cooper,CLV,592,16,592,16,37.0
2023,REG,CLV,15,00-0031544,WR,Amari Cooper,Amari,Cooper,,,,Not injury related - resting player,Ribs,Full Participation in Practice,2023-12-15 19:54:20,injury_reports_2023.csv,0.0,WR,CLE,Amari Cooper,CLV,592,16,592,16,0.0
2023,REG,CLV,16,00-0031544,WR,Amari Cooper,Amari,Cooper,,,,Not injury related - resting player,,Did Not Participate In Practice,2023-12-20 20:53:46,injury_reports_2023.csv,0.0,WR,CLE,Amari Cooper,CLV,592,16,592,16,0.0
2023,REG,CLV,17,00-0031544,WR,Amari Cooper,Amari,Cooper,Not injury related - resting player,Heel,Questionable,Not injury related - resting player,Heel,Did Not Participate In Practice,2023-12-27 20:26:59,injury_reports_2023.csv,1.0,WR,CLE,Amari Cooper,CLV,592,16,592,16,37.0
2023,REG,CLV,18,00-0031544,WR,Amari Cooper,Amari,Cooper,Not injury related - resting player,Heel,Out,Not injury related - resting player,Heel,Did Not Participate In Practice,2024-01-05 20:01:10,injury_reports_2023.csv,3.0,WR,CLE,Amari Cooper,CLV,592,16,592,16,111.0
2023,WC,CLV,19,00-0031544,WR,Amari Cooper,Amari,Cooper,,,,Not injury related - resting player,Heel,Full Participation in Practice,2024-01-11 20:12:10,injury_reports_2023.csv,0.0,WR,CLE,Amari Cooper,CLV,592,16,592,16,0.0
2023,REG,CLV,1,00-0030068,WR,Marquise Goodwin,Marquise,Goodwin,,,,Illness,,Limited Participation in Practice,2023-09-08 18:52:17,injury_reports_2023.csv,0.0,WR,CLE,Marquise Goodwin,CLV,86,13,86,13,0.0
2023,REG,CLV,8,00-0030068,WR,Marquise Goodwin,Marquise,Goodwin,Back,,Questionable,Back,,Limited Participation in Practice,2023-10-27 18:49:58,injury_reports_2023.csv,1.0,WR,CLE,Marquise Goodwin,CLV,86,13,86,13,6.615384615384615
2023,REG,CLV,9,00-0030068,WR,Marquise Goodwin,Marquise,Goodwin,,,,Illness,,Full Participation in Practice,2023-11-03 19:11:33,injury_reports_2023.csv,0.0,WR,CLE,Marquise Goodwin,CLV,86,13,86,13,0.0
2023,REG,CLV,10,00-0030068,WR,Marquise Goodwin,Marquise,Goodwin,Concussion,,Out,Concussion,,Did Not Participate In Practice,2023-11-10 20:46:47,injury_reports_2023.csv,3.0,WR,CLE,Marquise Goodwin,CLV,86,13,86,13,19.846153846153847
2023,REG,CLV,11,00-0030068,WR,Marquise Goodwin,Marquise,Goodwin,Concussion,,Out,Concussion,,Did Not Participate In Practice,2023-11-17 20:00:02,injury_reports_2023.csv,3.0,WR,CLE,Marquise Goodwin,CLV,86,13,86,13,19.846153846153847
2023,REG,CLV,12,00-0030068,WR,Marquise Goodwin,Marquise,Goodwin,Concussion,,Out,Concussion,,Did Not Participate In Practice,2023-11-24 20:15:26,injury_reports_2023.csv,3.0,WR,CLE,Marquise Goodwin,CLV,86,13,86,13,19.846153846153847
2023,REG,CLV,13,00-0030068,WR,Marquise Goodwin,Marquise,Goodwin,Concussion,,Out,Concussion,,Did Not Participate In Practice,2023-12-01 21:33:07,injury_reports_2023.csv,3.0,WR,CLE,Marquise Goodwin,CLV,86,13,86,13,19.846153846153847
2023,REG,CLV,14,00-0030068,WR,Marquise Goodwin,Marquise,Goodwin,,,,Concussion,,Full Participation in Practice,2023-12-08 19:46:44,injury_reports_2023.csv,0.0,WR,CLE,Marquise Goodwin,CLV,86,13,86,13,0.0
2023,REG,CLV,17,00-0030068,WR,Marquise Goodwin,Marquise,Goodwin,Knee,,Questionable,Knee,,Limited Participation in Practice,2023-12-27 20:26:59,injury_reports_2023.csv,1.0,WR,CLE,Marquise Goodwin,CLV,86,13,86,13,6.615384615384615
2023,REG,CLV,18,00-0030068,WR,Marquise Goodwin,Marquise,Goodwin,Knee,,Questionable,Knee,,Did Not Participate In Practice,2024-01-05 20:01:00,injury_reports_2023.csv,1.0,WR,CLE,Marquise Goodwin,CLV,86,13,86,13,6.615384615384615
2023,WC,CLV,19,00-0030068,WR,Marquise Goodwin,Marquise,Goodwin,,,,Knee,,Full Participation in Practice,2024-01-11 20:12:44,injury_reports_2023.csv,0.0,WR,CLE,Marquise Goodwin,CLV,86,13,86,13,0.0
2023,REG,DEN,1,00-0037252,TE,Greg Dulcich,Greg,Dulcich,,,,Not injury related - personal matter,,Full Participation in Practice,2023-09-08 20:13:48,injury_reports_2023.csv,0.0,TE,DEN,Greg Dulcich,DEN,20,2,20,2,0.0
2023,REG,DEN,2,00-0037252,TE,Greg Dulcich,Greg,Dulcich,Hamstring,,Out,Hamstring,,Did Not Participate In Practice,2023-09-15 20:17:29,injury_reports_2023.csv,3.0,TE,DEN,Greg Dulcich,DEN,20,2,20,2,30.0
2023,REG,DEN,6,00-0037252,TE,Greg Dulcich,Greg,Dulcich,Hamstring,,Questionable,Hamstring,,Full Participation in Practice,2023-10-11 20:01:58,injury_reports_2023.csv,1.0,TE,DEN,Greg Dulcich,DEN,20,2,20,2,10.0
2023,REG,DEN,7,00-0037252,TE,Greg Dulcich,Greg,Dulcich,Hamstring,,Out,Hamstring,,Did Not Participate In Practice,2023-10-20 20:19:45,injury_reports_2023.csv,3.0,TE,DEN,Greg Dulcich,DEN,20,2,20,2,30.0
2023,REG,DEN,15,00-0037252,TE,Greg Dulcich,Greg,Dulcich,Hamstring,Foot,Out,Hamstring,Foot,Did Not Participate In Practice,2023-12-14 21:58:55,injury_reports_2023.csv,3.0,TE,DEN,Greg Dulcich,DEN,20,2,20,2,30.0
2023,REG,DEN,16,00-0037252,TE,Greg Dulcich,Greg,Dulcich,Hamstring,Foot,Out,Hamstring,Foot,Did Not Participate In Practice,2023-12-22 21:40:50,injury_reports_2023.csv,3.0,TE,DEN,Greg Dulcich,DEN,20,2,20,2,30.0
2023,REG,DEN,17,00-0037252,TE,Greg Dulcich,Greg,Dulcich,Hamstring,Foot,Out,Hamstring,Foot,Did Not Participate In Practice,2023-12-29 21:40:15,injury_reports_2023.csv,3.0,TE,DEN,Greg Dulcich,DEN,20,2,20,2,30.0
2023,REG,DEN,1,00-0031484,TE,Chris Manhertz,Chris,Manhertz,,,,Chest,,Full Participation in Practice,2023-09-08 20:13:48,injury_reports_2023.csv,0.0,TE,DEN,Chris Manhertz,DEN,64,16,64,16,0.0
2023,REG,DEN,13,00-0031484,TE,Chris Manhertz,Chris,Manhertz,,,,Not injury related - resting player,,Full Participation in Practice,2023-12-01 21:11:57,injury_reports_2023.csv,0.0,TE,DEN,Chris Manhertz,DEN,64,16,64,16,0.0
2023,REG,DEN,14,00-0031484,TE,Chris Manhertz,Chris,Manhertz,,,,Not injury related - resting player,,Full Participation in Practice,2023-12-08 21:26:59,injury_reports_2023.csv,0.0,TE,DEN,Chris Manhertz,DEN,64,16,64,16,0.0
2023,REG,DEN,15,00-0031484,TE,Chris Manhertz,Chris,Manhertz,,,,Not injury related - resting player,,Limited Participation in Practice,2023-12-14 21:58:27,injury_reports_2023.csv,0.0,TE,DEN,Chris Manhertz,DEN,64,16,64,16,0.0
2023,REG,DEN,16,00-0031484,TE,Chris Manhertz,Chris,Manhertz,,,,Not injury related - resting player,,Full Participation in Practice,2023-12-22 21:37:26,injury_reports_2023.csv,0.0,TE,DEN,Chris Manhertz,DEN,64,16,64,16,0.0
2023,REG,DEN,17,00-0031484,TE,Chris Manhertz,Chris,Manhertz,,,,Not injury related - resting player,,Full Participation in Practice,2023-12-29 21:14:40,injury_reports_2023.csv,0.0,TE,DEN,Chris Manhertz,DEN,64,16,64,16,0.0
2023,REG,DEN,18,00-0031484,TE,Chris Manhertz,Chris,Manhertz,Illness,,Out,Illness,,Did Not Participate In Practice,2024-01-05 21:38:25,injury_reports_2023.csv,3.0,TE,DEN,Chris Manhertz,DEN,64,16,64,16,12.0
2023,REG,DEN,1,00-0036407,WR,Jerry Jeudy,Jerry,Jeudy,Hamstring,,Questionable,Hamstring,,Limited Participation in Practice,2023-09-08 20:14:00,injury_reports_2023.csv,1.0,WR,DEN,Jerry Jeudy,DEN,460,16,460,16,28.75
2023,REG,DEN,2,00-0036407,WR,Jerry Jeudy,Jerry,Jeudy,,,,Hamstring,,Full Participation in Practice,2023-09-15 20:17:12,injury_reports_2023.csv,0.0,WR,DEN,Jerry Jeudy,DEN,460,16,460,16,0.0
2023,REG,DEN,4,00-0036407,WR,Jerry Jeudy,Jerry,Jeudy,,,,Knee,,Full Participation in Practice,2023-09-29 20:19:52,injury_reports_2023.csv,0.0,WR,DEN,Jerry Jeudy,DEN,460,16,460,16,0.0
2023,REG,DEN,5,00-0036407,WR,Jerry Jeudy,Jerry,Jeudy,,,,Knee,,Full Participation in Practice,2023-10-06 20:22:00,injury_reports_2023.csv,0.0,WR,DEN,Jerry Jeudy,DEN,460,16,460,16,0.0
2023,REG,DEN,11,00-0036407,WR,Jerry Jeudy,Jerry,Jeudy,,,,Hip,,Full Participation in Practice,2023-11-17 22:02:14,injury_reports_2023.csv,0.0,WR,DEN,Jerry Jeudy,DEN,460,16,460,16,0.0
2023,REG,DEN,13,00-0036407,WR,Jerry Jeudy,Jerry,Jeudy,,,,Groin,,Full Participation in Practice,2023-12-01 21:11:44,injury_reports_2023.csv,0.0,WR,DEN,Jerry Jeudy,DEN,460,16,460,16,0.0
2023,REG,DEN,17,00-0036407,WR,Jerry Jeudy,Jerry,Jeudy,Illness,,Questionable,Illness,,Did Not Participate In Practice,2023-12-29 21:40:27,injury_reports_2023.csv,1.0,WR,DEN,Jerry Jeudy,DEN,460,16,460,16,28.75
2023,REG,GB,1,00-0038393,WR,Dontayvion Wicks,Dontayvion,Wicks,,,,Hamstring,,Full Participation in Practice,2023-09-08 18:51:02,injury_reports_2023.csv,0.0,WR,GB,Dontayvion Wicks,GB,312,17,312,17,0.0
2023,REG,GB,12,00-0038393,WR,Dontayvion Wicks,Dontayvion,Wicks,Concussion,Knee,Questionable,Concussion,Knee,Limited Participation in Practice,2023-11-22 21:24:58,injury_reports_2023.csv,1.0,WR,GB,Dontayvion Wicks,GB,312,17,312,17,18.352941176470587
2023,REG,GB,13,00-0038393,WR,Dontayvion Wicks,Dontayvion,Wicks,Knee,,Questionable,Knee,,Limited Participation in Practice,2023-12-01 20:20:35,injury_reports_2023.csv,1.0,WR,GB,Dontayvion Wicks,GB,312,17,312,17,18.352941176470587
2023,REG,GB,15,00-0038393,WR,Dontayvion Wicks,Dontayvion,Wicks,Ankle,,Questionable,Ankle,,Limited Participation in Practice,2023-12-15 19:38:20,injury_reports_2023.csv,1.0,WR,GB,Dontayvion Wicks,GB,312,17,312,17,18.352941176470587
2023,REG,GB,16,00-0038393,WR,Dontayvion Wicks,Dontayvion,Wicks,Ankle,,Questionable,Ankle,,Limited Participation in Practice,2023-12-22 20:41:39,injury_reports_2023.csv,1.0,WR,GB,Dontayvion Wicks,GB,312,17,312,17,18.352941176470587
2023,REG,GB,17,00-0038393,WR,Dontayvion Wicks,Dontayvion,Wicks,Chest,Ankle,Questionable,Chest,Ankle,Did Not Participate In Practice,2023-12-29 19:44:14,injury_reports_2023.csv,1.0,WR,GB,Dontayvion Wicks,GB,312,17,312,17,18.352941176470587
2023,REG,GB,18,00-0038393,WR,Dontayvion Wicks,Dontayvion,Wicks,Chest,,Questionable,Chest,,Full Participation in Practice,2024-01-05 20:03:48,injury_reports_2023.csv,1.0,WR,GB,Dontayvion Wicks,GB,312,17,312,17,18.352941176470587
2023,REG,GB,1,00-0038124,WR,Christian Watson,Christian,Watson,Hamstring,,Out,Hamstring,,Did Not Participate In Practice,2023-09-08 18:52:30,injury_reports_2023.csv,3.0,WR,GB,Christian Watson,GB,298,11,298,11,81.27272727272727
2023,REG,GB,2,00-0038124,WR,Christian Watson,Christian,Watson,Hamstring,,Questionable,Hamstring,,Limited Participation in Practice,2023-09-15 19:09:24,injury_reports_2023.csv,1.0,WR,GB,Christian Watson,GB,298,11,298,11,27.09090909090909
2023,REG,GB,3,00-0038124,WR,Christian Watson,Christian,Watson,Hamstring,,Questionable,Hamstring,,Limited Participation in Practice,2023-09-22 19:38:29,injury_reports_2023.csv,1.0,WR,GB,Christian Watson,GB,298,11,298,11,27.09090909090909
2023,REG,GB,4,00-0038124,WR,Christian Watson,Christian,Watson,Hamstring,,Questionable,Hamstring,,Limited Participation in Practice,2023-09-27 19:52:50,injury_reports_2023.csv,1.0,WR,GB,Christian Watson,GB,298,11,298,11,27.09090909090909
2023,REG,GB,5,00-0038124,WR,Christian Watson,Christian,Watson,,,,Hamstring,,Limited Participation in Practice,2023-10-07 19:43:15,injury_reports_2023.csv,0.0,WR,GB,Christian Watson,GB,298,11,298,11,0.0
2023,REG,GB,8,00-0038124,WR,Christian Watson,Christian,Watson,,,,Knee,,Full Participation in Practice,2023-10-27 19:30:42,injury_reports_2023.csv,0.0,WR,GB,Christian Watson,GB,298,11,298,11,0.0
2023,REG,GB,10,00-0038124,WR,Christian Watson,Christian,Watson,,,,Back,,Full Participation in Practice,2023-11-10 20:54:24,injury_reports_2023.csv,0.0,WR,GB,Christian Watson,GB,298,11,298,11,0.0
2023,REG,GB,11,00-0038124,WR,Christian Watson,Christian,Watson,,,,Shoulder,,Limited Participation in Practice,2023-11-17 20:50:15,injury_reports_2023.csv,0.0,WR,GB,Christian Watson,GB,298,11,298,11,0.0
2023,REG,GB,12,00-0038124,WR,Christian Watson,Christian,Watson,,,,Shoulder,,Full Participation in Practice,2023-11-22 21:20:42,injury_reports_2023.csv,0.0,WR,GB,Christian Watson,GB,298,11,298,11,0.0
2023,REG,GB,14,00-0038124,WR,Christian Watson,Christian,Watson,Hamstring,,Out,Hamstring,,Did Not Participate In Practice,2023-12-09 19:54:05,injury_reports_2023.csv,3.0,WR,GB,Christian Watson,GB,298,11,298,11,81.27272727272727
2023,REG,GB,15,00-0038124,WR,Christian Watson,Christian,Watson,Hamstring,,Doubtful,Hamstring,,Did Not Participate In Practice,2023-12-15 19:39:48,injury_reports_2023.csv,2.0,WR,GB,Christian Watson,GB,298,11,298,11,54.18181818181818
2023,REG,GB,16,00-0038124,WR,Christian Watson,Christian,Watson,Hamstring,,Doubtful,Hamstring,,Did Not Participate In Practice,2023-12-22 20:42:44,injury_reports_2023.csv,2.0,WR,GB,Christian Watson,GB,298,11,298,11,54.18181818181818
2023,REG,GB,17,00-0038124,WR,Christian Watson,Christian,Watson,Hamstring,,Doubtful,Hamstring,,Did Not Participate In Practice,2023-12-29 19:45:05,injury_reports_2023.csv,2.0,WR,GB,Christian Watson,GB,298,11,298,11,54.18181818181818
2023,REG,GB,18,00-0038124,WR,Christian Watson,Christian,Watson,Hamstring,,Questionable,Hamstring,,Did Not Participate In Practice,2024-01-05 20:03:48,injury_reports_2023.csv,1.0,WR,GB,Christian Watson,GB,298,11,298,11,27.09090909090909
2023,WC,GB,19,00-0038124,WR,Christian Watson,Christian,Watson,Hamstring,,Questionable,Hamstring,,Limited Participation in Practice,2024-01-12 20:12:41,injury_reports_2023.csv,1.0,WR,GB,Christian Watson,GB,298,11,298,11,27.09090909090909
2023,REG,GB,1,00-0037816,WR,Romeo Doubs,Romeo,Doubs,Hamstring,,Questionable,Hamstring,,Limited Participation in Practice,2023-09-08 18:51:10,injury_reports_2023.csv,1.0,WR,GB,Romeo Doubs,GB,555,19,555,19,29.210526315789473
2023,REG,GB,2,00-0037816,WR,Romeo Doubs,Romeo,Doubs,,,,Hamstring,,Full Participation in Practice,2023-09-15 19:06:16,injury_reports_2023.csv,0.0,WR,GB,Romeo Doubs,GB,555,19,555,19,0.0
2023,WC,GB,19,00-0037816,WR,Romeo Doubs,Romeo,Doubs,,,,Chest,,Limited Participation in Practice,2024-01-12 20:12:00,injury_reports_2023.csv,0.0,WR,GB,Romeo Doubs,GB,555,19,555,19,0.0
2023,REG,KC,1,00-0034286,WR,Richie James,Richie,James,,,,Knee,,Full Participation in Practice,2023-09-06 19:49:55,injury_reports_2023.csv,0.0,WR,KC,Richie James,KC,130,13,130,13,0.0
2023,REG,KC,2,00-0034286,WR,Richie James,Richie,James,,,,Knee,,Full Participation in Practice,2023-09-15 19:06:40,injury_reports_2023.csv,0.0,WR,KC,Richie James,KC,130,13,130,13,0.0
2023,REG,KC,3,00-0034286,WR,Richie James,Richie,James,Knee,,Out,Knee,,Did Not Participate In Practice,2023-09-22 19:35:27,injury_reports_2023.csv,3.0,WR,KC,Richie James,KC,130,13,130,13,30.0
2023,REG,KC,9,00-0034286,WR,Richie James,Richie,James,Knee,,Questionable,Knee,,Full Participation in Practice,2023-11-03 21:29:51,injury_reports_2023.csv,1.0,WR,KC,Richie James,KC,130,13,130,13,10.0
2023,REG,KC,11,00-0034286,WR,Richie James,Richie,James,Knee,,Questionable,Knee,,Full Participation in Practice,2023-11-18 19:25:20,injury_reports_2023.csv,1.0,WR,KC,Richie James,KC,130,13,130,13,10.0
2023,REG,KC,1,00-0036913,WR,Kadarius Toney,Kadarius,Toney,,,,Knee,,Full Participation in Practice,2023-09-06 19:50:17,injury_reports_2023.csv,0.0,WR,KC,Kadarius Toney,KC,152,13,152,13,0.0
2023,REG,KC,2,00-0036913,WR,Kadarius Toney,Kadarius,Toney,,,,Knee,,Full Participation in Practice,2023-09-15 19:06:40,injury_reports_2023.csv,0.0,WR,KC,Kadarius Toney,KC,152,13,152,13,0.0
2023,REG,KC,3,00-0036913,WR,Kadarius Toney,Kadarius,Toney,Toe,,Questionable,Toe,,Limited Participation in Practice,2023-09-22 19:33:32,injury_reports_2023.csv,1.0,WR,KC,Kadarius Toney,KC,152,13,152,13,11.692307692307692
2023,REG,KC,4,00-0036913,WR,Kadarius Toney,Kadarius,Toney,,,,Toe,,Limited Participation in Practice,2023-09-29 18:50:13,injury_reports_2023.csv,0.0,WR,KC,Kadarius Toney,KC,152,13,152,13,0.0
2023,REG,KC,5,00-0036913,WR,Kadarius Toney,Kadarius,Toney,,,,Toe,,Full Participation in Practice,2023-10-06 19:08:56,injury_reports_2023.csv,0.0,WR,KC,Kadarius Toney,KC,152,13,152,13,0.0
2023,REG,KC,6,00-0036913,WR,Kadarius Toney,Kadarius,Toney,,,,Toe,,Full Participation in Practice,2023-10-11 19:07:47,injury_reports_2023.csv,0.0,WR,KC,Kadarius Toney,KC,152,13,152,13,0.0
2023,REG,KC,7,00-0036913,WR,Kadarius Toney,Kadarius,Toney,,,,Toe,,Full Participation in Practice,2023-10-20 20:10:29,injury_reports_2023.csv,0.0,WR,KC,Kadarius Toney,KC,152,13,152,13,0.0
2023,REG,KC,9,00-0036913,WR,Kadarius Toney,Kadarius,Toney,,,,Ankle,,Full Participation in Practice,2023-11-03 21:29:44,injury_reports_2023.csv,0.0,WR,KC,Kadarius Toney,KC,152,13,152,13,0.0
2023,REG,KC,11,00-0036913,WR,Kadarius Toney,Kadarius,Toney,,,,Ankle,,Full Participation in Practice,2023-11-18 19:23:44,injury_reports_2023.csv,0.0,WR,KC,Kadarius Toney,KC,152,13,152,13,0.0
2023,REG,KC,12,00-0036913,WR,Kadarius Toney,Kadarius,Toney,Ankle,Hip,Out,Knee,,Full Participation in Practice,2023-11-25 21:28:44,injury_reports_2023.csv,3.0,WR,KC,Kadarius Toney,KC,152,13,152,13,35.07692307692308
2023,REG,KC,13,00-0036913,WR,Kadarius Toney,Kadarius,Toney,,,,Ankle,Hip,Full Participation in Practice,2023-12-01 19:40:03,injury_reports_2023.csv,0.0,WR,KC,Kadarius Toney,KC,152,13,152,13,0.0
2023,REG,KC,14,00-0036913,WR,Kadarius Toney,Kadarius,Toney,,,,Hip,,Full Participation in Practice,2023-12-08 20:00:40,injury_reports_2023.csv,0.0,WR,KC,Kadarius Toney,KC,152,13,152,13,0.0
2023,REG,KC,15,00-0036913,WR,Kadarius Toney,Kadarius,Toney,,,,Hip,,Full Participation in Practice,2023-12-15 19:48:03,injury_reports_2023.csv,0.0,WR,KC,Kadarius Toney,KC,152,13,152,13,0.0
2023,REG,KC,16,00-0036913,WR,Kadarius Toney,Kadarius,Toney,Hip,,Out,Hip,,Did Not Participate In Practice,2023-12-23 19:59:15,injury_reports_2023.csv,3.0,WR,KC,Kadarius Toney,KC,152,13,152,13,35.07692307692308
2023,REG,KC,17,00-0036913,WR,Kadarius Toney,Kadarius,Toney,Hip,,Out,Hip,,Did Not Participate In Practice,2023-12-29 20:47:21,injury_reports_2023.csv,3.0,WR,KC,Kadarius Toney,KC,152,13,152,13,35.07692307692308
2023,REG,KC,18,00-0036913,WR,Kadarius Toney,Kadarius,Toney,Hip,Ankle,Out,Hip,Ankle,Did Not Participate In Practice,2024-01-05 21:05:42,injury_reports_2023.csv,3.0,WR,KC,Kadarius Toney,KC,152,13,152,13,35.07692307692308
2023,WC,KC,19,00-0036913,WR,Kadarius Toney,Kadarius,Toney,Hip,Ankle,Questionable,Hip,Ankle,Limited Participation in Practice,2024-01-11 20:28:17,injury_reports_2023.csv,1.0,WR,KC,Kadarius Toney,KC,152,13,152,13,11.692307692307692
2023,REG,KC,1,00-0030506,TE,Travis Kelce,Travis,Kelce,Knee,,Questionable,Knee,,Did Not Participate In Practice,2023-09-06 19:50:22,injury_reports_2023.csv,1.0,TE,KC,Travis Kelce,KC,662,19,662,19,34.8421052631579
2023,REG,KC,2,00-0030506,TE,Travis Kelce,Travis,Kelce,Knee,,Questionable,Knee,,Limited Participation in Practice,2023-09-15 19:08:03,injury_reports_2023.csv,1.0,TE,KC,Travis Kelce,KC,662,19,662,19,34.8421052631579
2023,REG,KC,6,00-0030506,TE,Travis Kelce,Travis,Kelce,Ankle,,Questionable,Ankle,,Limited Participation in Practice,2023-10-11 19:08:30,injury_reports_2023.csv,1.0,TE,KC,Travis Kelce,KC,662,19,662,19,34.8421052631579
2023,REG,KC,7,00-0030506,TE,Travis Kelce,Travis,Kelce,,,,Ankle,,Full Participation in Practice,2023-10-20 20:10:29,injury_reports_2023.csv,0.0,TE,KC,Travis Kelce,KC,662,19,662,19,0.0
2023,REG,KC,16,00-0030506,TE,Travis Kelce,Travis,Kelce,,,,Neck,,Full Participation in Practice,2023-12-23 19:57:57,injury_reports_2023.csv,0.0,TE,KC,Travis Kelce,KC,662,19,662,19,0.0
2023,REG,KC,18,00-0030506,TE,Travis Kelce,Travis,Kelce,,,,Neck,,Limited Participation in Practice,2024-01-05 21:00:51,injury_reports_2023.csv,0.0,TE,KC,Travis Kelce,KC,662,19,662,19,0.0
2023,REG,LA,1,00-0033908,WR,Cooper Kupp,Cooper,Kupp,Hamstring,,Questionable,Hamstring,,Did Not Participate In Practice,2023-09-08 19:53:13,injury_reports_2023.csv,1.0,WR,LA,Cooper Kupp,LA,432,13,432,13,33.23076923076923
2023,REG,LA,5,00-0033908,WR,Cooper Kupp,Cooper,Kupp,,,,Hamstring,,Full Participation in Practice,2023-10-06 19:45:00,injury_reports_2023.csv,0.0,WR,LA,Cooper Kupp,LA,432,13,432,13,0.0
2023,REG,LA,11,00-0033908,WR,Cooper Kupp,Cooper,Kupp,,,,Not injury related - resting player,,Did Not Participate In Practice,2023-11-17 20:48:28,injury_reports_2023.csv,0.0,WR,LA,Cooper Kupp,LA,432,13,432,13,0.0
2023,REG,LA,12,00-0033908,WR,Cooper Kupp,Cooper,Kupp,,,,Ankle,,Full Participation in Practice,2023-11-24 21:49:15,injury_reports_2023.csv,0.0,WR,LA,Cooper Kupp,LA,432,13,432,13,0.0
2023,REG,LA,13,00-0033908,WR,Cooper Kupp,Cooper,Kupp,,,,Ankle,,Full Participation in Practice,2023-12-01 20:38:37,injury_reports_2023.csv,0.0,WR,LA,Cooper Kupp,LA,432,13,432,13,0.0
2023,REG,LA,18,00-0033908,WR,Cooper Kupp,Cooper,Kupp,Coach's decision,,Doubtful,Coach's decision,,Full Participation in Practice,2024-01-05 20:40:13,injury_reports_2023.csv,2.0,WR,LA,Cooper Kupp,LA,432,13,432,13,66.46153846153847
2023,REG,LV,1,00-0031763,WR,DeAndre Carter,DeAndre,Carter,Knee,,Questionable,Knee,,Limited Participation in Practice,2023-09-08 20:24:05,injury_reports_2023.csv,1.0,WR,LV,DeAndre Carter,LV,49,15,49,15,3.2666666666666666
2023,REG,LV,2,00-0031763,WR,DeAndre Carter,DeAndre,Carter,,,,Knee,,Full Participation in Practice,2023-09-15 20:15:24,injury_reports_2023.csv,0.0,WR,LV,DeAndre Carter,LV,49,15,49,15,0.0
2023,REG,MIA,1,00-0036613,WR,Jaylen Waddle,Jaylen,Waddle,,,,Oblique,,Full Participation in Practice,2023-09-08 19:44:37,injury_reports_2023.csv,0.0,WR,MIA,Jaylen Waddle,MIA,415,15,415,15,0.0
2023,REG,MIA,2,00-0036613,WR,Jaylen Waddle,Jaylen,Waddle,,,,Oblique,,Full Participation in Practice,2023-09-15 19:57:20,injury_reports_2023.csv,0.0,WR,MIA,Jaylen Waddle,MIA,415,15,415,15,0.0
2023,REG,MIA,3,00-0036613,WR,Jaylen Waddle,Jaylen,Waddle,Concussion,,Questionable,Concussion,,Limited Participation in Practice,2023-09-22 19:54:04,injury_reports_2023.csv,1.0,WR,MIA,Jaylen Waddle,MIA,415,15,415,15,27.666666666666668
2023,REG,MIA,4,00-0036613,WR,Jaylen Waddle,Jaylen,Waddle,,,,Concussion,,Full Participation in Practice,2023-09-27 20:12:08,injury_reports_2023.csv,0.0,WR,MIA,Jaylen Waddle,MIA,415,15,415,15,0.0
2023,REG,MIA,8,00-0036613,WR,Jaylen Waddle,Jaylen,Waddle,,,,Back,,Limited Participation in Practice,2023-10-27 19:53:45,injury_reports_2023.csv,0.0,WR,MIA,Jaylen Waddle,MIA,415,15,415,15,0.0
2023,REG,MIA,9,00-0036613,WR,Jaylen Waddle,Jaylen,Waddle,,,,Back,,Full Participation in Practice,2023-11-03 15:49:29,injury_reports_2023.csv,0.0,WR,MIA,Jaylen Waddle,MIA,415,15,415,15,0.0
2023,REG,MIA,11,00-0036613,WR,Jaylen Waddle,Jaylen,Waddle,,,,Knee,,Full Participation in Practice,2023-11-15 21:35:24,injury_reports_2023.csv,0.0,WR,MIA,Jaylen Waddle,MIA,415,15,415,15,0.0
2023,REG,MIA,17,00-0036613,WR,Jaylen Waddle,Jaylen,Waddle,Ankle,,Out,Ankle,,Did Not Participate In Practice,2023-12-29 20:56:30,injury_reports_2023.csv,3.0,WR,MIA,Jaylen Waddle,MIA,415,15,415,15,83.0
2023,REG,MIA,18,00-0036613,WR,Jaylen Waddle,Jaylen,Waddle,Ankle,,Questionable,Ankle,,Limited Participation in Practice,2024-01-05 20:51:16,injury_reports_2023.csv,1.0,WR,MIA,Jaylen Waddle,MIA,415,15,415,15,27.666666666666668
2023,WC,MIA,19,00-0036613,WR,Jaylen Waddle,Jaylen,Waddle,Ankle,,Questionable,Ankle,,Limited Participation in Practice,2024-01-11 20:57:10,injury_reports_2023.csv,1.0,WR,MIA,Jaylen Waddle,MIA,415,15,415,15,27.666666666666668
2023,REG,MIA,1,00-0038720,TE,Julian Hill,Julian,Hill,Ankle,,Questionable,Ankle,,Limited Participation in Practice,2023-09-08 19:46:46,injury_reports_2023.csv,1.0,TE,MIA,Julian Hill,MIA,114,16,114,16,7.125
2023,REG,MIA,2,00-0038720,TE,Julian Hill,Julian,Hill,Ankle,,Questionable,Ankle,,Limited Participation in Practice,2023-09-15 19:59:05,injury_reports_2023.csv,1.0,TE,MIA,Julian Hill,MIA,114,16,114,16,7.125
2023,REG,MIA,3,00-0038720,TE,Julian Hill,Julian,Hill,Ankle,,Questionable,Ankle,,Full Participation in Practice,2023-09-22 19:54:54,injury_reports_2023.csv,1.0,TE,MIA,Julian Hill,MIA,114,16,114,16,7.125
2023,REG,MIA,4,00-0038720,TE,Julian Hill,Julian,Hill,,,,Ankle,,Full Participation in Practice,2023-09-29 19:55:37,injury_reports_2023.csv,0.0,TE,MIA,Julian Hill,MIA,114,16,114,16,0.0
2023,REG,NE,1,00-0031547,WR,DeVante Parker,DeVante,Parker,Knee,,Questionable,Knee,,Limited Participation in Practice,2023-09-08 20:05:24,injury_reports_2023.csv,1.0,WR,NE,DeVante Parker,NE,348,13,348,13,26.76923076923077
2023,REG,NE,2,00-0031547,WR,DeVante Parker,DeVante,Parker,Knee,,Questionable,Knee,,Limited Participation in Practice,2023-09-15 19:31:23,injury_reports_2023.csv,1.0,WR,NE,DeVante Parker,NE,348,13,348,13,26.76923076923077
2023,REG,NE,3,00-0031547,WR,DeVante Parker,DeVante,Parker,,,,Knee,,Limited Participation in Practice,2023-09-21 19:41:24,injury_reports_2023.csv,0.0,WR,NE,DeVante Parker,NE,348,13,348,13,0.0
2023,REG,NE,9,00-0031547,WR,DeVante Parker,DeVante,Parker,Concussion,,Out,Concussion,,Did Not Participate In Practice,2023-11-03 19:17:32,injury_reports_2023.csv,3.0,WR,NE,DeVante Parker,NE,348,13,348,13,80.3076923076923
2023,REG,NE,10,00-0031547,WR,DeVante Parker,DeVante,Parker,Concussion,,Out,Concussion,,Did Not Participate In Practice,2023-11-10 16:56:39,injury_reports_2023.csv,3.0,WR,NE,DeVante Parker,NE,348,13,348,13,80.3076923076923
2023,REG,NE,12,00-0031547,WR,DeVante Parker,DeVante,Parker,Concussion,,Questionable,Concussion,,Limited Participation in Practice,2023-11-24 20:39:18,injury_reports_2023.csv,1.0,WR,NE,DeVante Parker,NE,348,13,348,13,26.76923076923077
2023,REG,NE,14,00-0031547,WR,DeVante Parker,DeVante,Parker,Knee,,Questionable,Knee,,Limited Participation in Practice,2023-12-06 19:36:44,injury_reports_2023.csv,1.0,WR,NE,DeVante Parker,NE,348,13,348,13,26.76923076923077
2023,REG,NE,15,00-0031547,WR,DeVante Parker,DeVante,Parker,Knee,,Questionable,Knee,,Limited Participation in Practice,2023-12-15 20:54:18,injury_reports_2023.csv,1.0,WR,NE,DeVante Parker,NE,348,13,348,13,26.76923076923077
2023,REG,NE,18,00-0031547,WR,DeVante Parker,DeVante,Parker,Ribs,,Questionable,Ribs,,Limited Participation in Practice,2024-01-05 20:39:21,injury_reports_2023.csv,1.0,WR,NE,DeVante Parker,NE,348,13,348,13,26.76923076923077
2023,REG,NO,1,00-0027696,TE,Jimmy Graham,Jimmy,Graham,,,,Not injury related - resting player,,Full Participation in Practice,2023-09-08 19:19:08,injury_reports_2023.csv,0.0,TE,NO,Jimmy Graham,NO,73,12,73,12,0.0
2023,REG,NO,2,00-0027696,TE,Jimmy Graham,Jimmy,Graham,,,,Not injury related - resting player,,Full Participation in Practice,2023-09-16 19:11:18,injury_reports_2023.csv,0.0,TE,NO,Jimmy Graham,NO,73,12,73,12,0.0
2023,REG,NO,4,00-0027696,TE,Jimmy Graham,Jimmy,Graham,,,,Not injury related - resting player,,Did Not Participate In Practice,2023-09-27 20:04:45,injury_reports_2023.csv,0.0,TE,NO,Jimmy Graham,NO,73,12,73,12,0.0
2023,REG,NO,5,00-0027696,TE,Jimmy Graham,Jimmy,Graham,,,,Not injury related - resting player,,Did Not Participate In Practice,2023-10-04 19:47:00,injury_reports_2023.csv,0.0,TE,NO,Jimmy Graham,NO,73,12,73,12,0.0
2023,REG,NO,6,00-0027696,TE,Jimmy Graham,Jimmy,Graham,,,,Not injury related - resting player,,Limited Participation in Practice,2023-10-11 19:51:16,injury_reports_2023.csv,0.0,TE,NO,Jimmy Graham,NO,73,12,73,12,0.0
2023,REG,NO,8,00-0027696,TE,Jimmy Graham,Jimmy,Graham,Illness,,Questionable,Illness,,Limited Participation in Practice,2023-10-27 19:08:25,injury_reports_2023.csv,1.0,TE,NO,Jimmy Graham,NO,73,12,73,12,6.083333333333333
2023,REG,NO,9,00-0027696,TE,Jimmy Graham,Jimmy,Graham,,,,Not injury related - resting player,,Limited Participation in Practice,2023-11-01 20:12:29,injury_reports_2023.csv,0.0,TE,NO,Jimmy Graham,NO,73,12,73,12,0.0
2023,REG,NO,10,00-0027696,TE,Jimmy Graham,Jimmy,Graham,,,,Not injury related - resting player,,Limited Participation in Practice,2023-11-08 20:46:53,injury_reports_2023.csv,0.0,TE,NO,Jimmy Graham,NO,73,12,73,12,0.0
2023,REG,NO,12,00-0027696,TE,Jimmy Graham,Jimmy,Graham,,,,Not injury related - resting player,,Did Not Participate In Practice,2023-11-22 20:51:06,injury_reports_2023.csv,0.0,TE,NO,Jimmy Graham,NO,73,12,73,12,0.0
2023,REG,NO,13,00-0027696,TE,Jimmy Graham,Jimmy,Graham,,,,Not injury related - resting player,,Limited Participation in Practice,2023-11-29 20:55:38,injury_reports_2023.csv,0.0,TE,NO,Jimmy Graham,NO,73,12,73,12,0.0
2023,REG,NO,14,00-0027696,TE,Jimmy Graham,Jimmy,Graham,,,,Not injury related - resting player,,Limited Participation in Practice,2023-12-06 21:00:50,injury_reports_2023.csv,0.0,TE,NO,Jimmy Graham,NO,73,12,73,12,0.0
2023,REG,NO,15,00-0027696,TE,Jimmy Graham,Jimmy,Graham,,,,Not injury related - resting player,,Limited Participation in Practice,2023-12-13 20:36:10,injury_reports_2023.csv,0.0,TE,NO,Jimmy Graham,NO,73,12,73,12,0.0
2023,REG,NO,17,00-0027696,TE,Jimmy Graham,Jimmy,Graham,,,,Not injury related - resting player,,Limited Participation in Practice,2023-12-27 20:43:46,injury_reports_2023.csv,0.0,TE,NO,Jimmy Graham,NO,73,12,73,12,0.0
2023,REG,NO,18,00-0027696,TE,Jimmy Graham,Jimmy,Graham,,,,Not injury related - resting player,,Limited Participation in Practice,2024-01-03 20:46:18,injury_reports_2023.csv,0.0,TE,NO,Jimmy Graham,NO,73,12,73,12,0.0
2023,REG,NYG,1,00-0036145,TE,Lawrence Cager,Lawrence,Cager,,,,Ankle,,Limited Participation in Practice,2023-09-08 18:23:47,injury_reports_2023.csv,0.0,TE,NYG,Lawrence Cager,NYG,49,9,49,9,0.0
2023,REG,NYG,16,00-0036145,TE,Lawrence Cager,Lawrence,Cager,Groin,,Questionable,Groin,,Limited Participation in Practice,2023-12-23 19:07:26,injury_reports_2023.csv,1.0,TE,NYG,Lawrence Cager,NYG,49,9,49,9,5.444444444444445
2023,REG,NYG,17,00-0036145,TE,Lawrence Cager,Lawrence,Cager,Groin,,Doubtful,Groin,,Limited Participation in Practice,2023-12-29 19:28:02,injury_reports_2023.csv,2.0,TE,NYG,Lawrence Cager,NYG,49,9,49,9,10.88888888888889
2023,REG,NYG,1,00-0038117,WR,Wan'Dale Robinson,Wan'Dale,Robinson,Knee,,Doubtful,Knee,,Limited Participation in Practice,2023-09-08 18:25:21,injury_reports_2023.csv,2.0,WR,NYG,Wan'Dale Robinson,NYG,402,15,402,15,53.6
2023,REG,NYG,2,00-0038117,WR,Wan'Dale Robinson,Wan'Dale,Robinson,Knee,,Doubtful,Knee,,Limited Participation in Practice,2023-09-15 18:30:08,injury_reports_2023.csv,2.0,WR,NYG,Wan'Dale Robinson,NYG,402,15,402,15,53.6
2023,REG,NYG,3,00-0038117,WR,Wan'Dale Robinson,Wan'Dale,Robinson,Knee,,Questionable,Knee,,Limited Participation in Practice,2023-09-20 18:36:26,injury_reports_2023.csv,1.0,WR,NYG,Wan'Dale Robinson,NYG,402,15,402,15,26.8
2023,REG,NYG,5,00-0038117,WR,Wan'Dale Robinson,Wan'Dale,Robinson,,,,Knee,,Limited Participation in Practice,2023-10-06 18:15:00,injury_reports_2023.csv,0.0,WR,NYG,Wan'Dale Robinson,NYG,402,15,402,15,0.0
2023,REG,NYG,6,00-0038117,WR,Wan'Dale Robinson,Wan'Dale,Robinson,,,,Knee,,Limited Participation in Practice,2023-10-13 18:08:43,injury_reports_2023.csv,0.0,WR,NYG,Wan'Dale Robinson,NYG,402,15,402,15,0.0
2023,REG,NYG,7,00-0038117,WR,Wan'Dale Robinson,Wan'Dale,Robinson,,,,Knee,,Full Participation in Practice,2023-10-20 18:09:11,injury_reports_2023.csv,0.0,WR,NYG,Wan'Dale Robinson,NYG,402,15,402,15,0.0
2023,REG,NYG,8,00-0038117,WR,Wan'Dale Robinson,Wan'Dale,Robinson,,,,Knee,,Limited Participation in Practice,2023-10-27 18:05:37,injury_reports_2023.csv,0.0,WR,NYG,Wan'Dale Robinson,NYG,402,15,402,15,0.0
2023,REG,NYG,9,00-0038117,WR,Wan'Dale Robinson,Wan'Dale,Robinson,,,,Knee,,Full Participation in Practice,2023-11-03 18:22:16,injury_reports_2023.csv,0.0,WR,NYG,Wan'Dale Robinson,NYG,402,15,402,15,0.0
2023,REG,NYG,11,00-0038117,WR,Wan'Dale Robinson,Wan'Dale,Robinson,,,,Knee,,Limited Participation in Practice,2023-11-17 20:45:37,injury_reports_2023.csv,0.0,WR,NYG,Wan'Dale Robinson,NYG,402,15,402,15,0.0
2023,REG,NYG,15,00-0038117,WR,Wan'Dale Robinson,Wan'Dale,Robinson,,,,Quadricep,,Limited Participation in Practice,2023-12-15 19:21:52,injury_reports_2023.csv,0.0,WR,NYG,Wan'Dale Robinson,NYG,402,15,402,15,0.0
2023,REG,NYG,17,00-0038117,WR,Wan'Dale Robinson,Wan'Dale,Robinson,Quadricep,,Questionable,Quadricep,,Limited Participation in Practice,2023-12-29 19:27:43,injury_reports_2023.csv,1.0,WR,NYG,Wan'Dale Robinson,NYG,402,15,402,15,26.8
2023,REG,NYG,1,00-0031610,TE,Darren Waller,Darren,Waller,Hamstring,,Questionable,Hamstring,,Limited Participation in Practice,2023-09-08 18:24:21,injury_reports_2023.csv,1.0,TE,NYG,Darren Waller,NYG,355,12,355,12,29.583333333333332
2023,REG,NYG,2,00-0031610,TE,Darren Waller,Darren,Waller,,,,Hamstring,,Limited Participation in Practice,2023-09-15 18:25:09,injury_reports_2023.csv,0.0,TE,NYG,Darren Waller,NYG,355,12,355,12,0.0
2023,REG,NYG,6,00-0031610,TE,Darren Waller,Darren,Waller,Groin,,Questionable,Groin,,Limited Participation in Practice,2023-10-13 18:10:55,injury_reports_2023.csv,1.0,TE,NYG,Darren Waller,NYG,355,12,355,12,29.583333333333332
2023,REG,NYG,8,00-0031610,TE,Darren Waller,Darren,Waller,Hamstring,,Questionable,Hamstring,,Limited Participation in Practice,2023-10-27 18:06:23,injury_reports_2023.csv,1.0,TE,NYG,Darren Waller,NYG,355,12,355,12,29.583333333333332
2023,REG,NYG,9,00-0031610,TE,Darren Waller,Darren,Waller,Hamstring,,Out,Hamstring,,Did Not Participate In Practice,2023-11-03 18:23:54,injury_reports_2023.csv,3.0,TE,NYG,Darren Waller,NYG,355,12,355,12,88.75
2023,REG,NYG,15,00-0031610,TE,Darren Waller,Darren,Waller,Hamstring,,Questionable,Hamstring,,Limited Participation in Practice,2023-12-15 19:22:24,injury_reports_2023.csv,1.0,TE,NYG,Darren Waller,NYG,355,12,355,12,29.583333333333332
2023,REG,NYG,16,00-0031610,TE,Darren Waller,Darren,Waller,,,,Hamstring,,Full Participation in Practice,2023-12-23 19:05:29,injury_reports_2023.csv,0.0,TE,NYG,Darren Waller,NYG,355,12,355,12,0.0
2023,REG,NYG,17,00-0031610,TE,Darren Waller,Darren,Waller,,,,Knee,,Full Participation in Practice,2023-12-29 19:24:20,injury_reports_2023.csv,0.0,TE,NYG,Darren Waller,NYG,355,12,355,12,0.0
2023,REG,SEA,1,00-0038543,WR,Jaxon Smith-Njigba,Jaxon,Smith-Njigba,,,,Wrist,,Full Participation in Practice,2023-09-08 21:04:43,injury_reports_2023.csv,0.0,WR,SEA,Jaxon Smith-Njigba,SEA,477,17,477,17,0.0
2023,REG,SEA,10,00-0038543,WR,Jaxon Smith-Njigba,Jaxon,Smith-Njigba,,,,Hip,,Full Participation in Practice,2023-11-10 22:14:48,injury_reports_2023.csv,0.0,WR,SEA,Jaxon Smith-Njigba,SEA,477,17,477,17,0.0
2023,REG,SEA,17,00-0038543,WR,Jaxon Smith-Njigba,Jaxon,Smith-Njigba,,,,Knee,,Full Participation in Practice,2023-12-29 22:09:18,injury_reports_2023.csv,0.0,WR,SEA,Jaxon Smith-Njigba,SEA,477,17,477,17,0.0
2023,REG,SEA,1,00-0035164,WR,Cody Thompson,Cody,Thompson,,,,Shoulder,,Full Participation in Practice,2023-09-08 21:04:43,injury_reports_2023.csv,0.0,WR,SEA,Cody Thompson,SEA,7,6,7,6,0.0
2023,REG,SF,1,00-0033288,TE,George Kittle,George,Kittle,Groin,,Questionable,Groin,,Limited Participation in Practice,2023-09-08 19:46:24,injury_reports_2023.csv,1.0,TE,SF,George Kittle,SF,568,19,568,19,29.894736842105264
2023,REG,SF,2,00-0033288,TE,George Kittle,George,Kittle,,,,Groin,,Full Participation in Practice,2023-09-15 20:52:35,injury_reports_2023.csv,0.0,TE,SF,George Kittle,SF,568,19,568,19,0.0
2023,REG,SF,6,00-0033288,TE,George Kittle,George,Kittle,,,,Not injury related - resting player,,Did Not Participate In Practice,2023-10-11 23:08:20,injury_reports_2023.csv,0.0,TE,SF,George Kittle,SF,568,19,568,19,0.0
2023,REG,TEN,1,00-0037742,WR,Treylon Burks,Treylon,Burks,,,,Knee,,Full Participation in Practice,2023-09-08 19:03:44,injury_reports_2023.csv,0.0,WR,TEN,Treylon Burks,TEN,266,11,266,11,0.0
2023,REG,TEN,2,00-0037742,WR,Treylon Burks,Treylon,Burks,,,,Not injury related - personal matter,,Full Participation in Practice,2023-09-15 19:49:26,injury_reports_2023.csv,0.0,WR,TEN,Treylon Burks,TEN,266,11,266,11,0.0
2023,REG,TEN,4,00-0037742,WR,Treylon Burks,Treylon,Burks,Knee,,Out,Knee,,Did Not Participate In Practice,2023-09-29 19:24:55,injury_reports_2023.csv,3.0,WR,TEN,Treylon Burks,TEN,266,11,266,11,72.54545454545455
2023,REG,TEN,5,00-0037742,WR,Treylon Burks,Treylon,Burks,Knee,,Out,Knee,,Did Not Participate In Practice,2023-10-06 19:23:27,injury_reports_2023.csv,3.0,WR,TEN,Treylon Burks,TEN,266,11,266,11,72.54545454545455
2023,REG,TEN,6,00-0037742,WR,Treylon Burks,Treylon,Burks,Knee,,Out,Knee,,Did Not Participate In Practice,2023-10-13 14:59:12,injury_reports_2023.csv,3.0,WR,TEN,Treylon Burks,TEN,266,11,266,11,72.54545454545455
2023,REG,TEN,8,00-0037742,WR,Treylon Burks,Treylon,Burks,,,,Knee,,Full Participation in Practice,2023-10-27 19:40:15,injury_reports_2023.csv,0.0,WR,TEN,Treylon Burks,TEN,266,11,266,11,0.0
2023,REG,TEN,10,00-0037742,WR,Treylon Burks,Treylon,Burks,Concussion,,Out,Concussion,,Did Not Participate In Practice,2023-11-10 19:59:04,injury_reports_2023.csv,3.0,WR,TEN,Treylon Burks,TEN,266,11,266,11,72.54545454545455
2023,REG,TEN,11,00-0037742,WR,Treylon Burks,Treylon,Burks,Concussion,,Out,Concussion,,Did Not Participate In Practice,2023-11-17 20:17:51,injury_reports_2023.csv,3.0,WR,TEN,Treylon Burks,TEN,266,11,266,11,72.54545454545455
2023,REG,TEN,12,00-0037742,WR,Treylon Burks,Treylon,Burks,Concussion,,Out,Concussion,,Did Not Participate In Practice,2023-11-24 20:13:33,injury_reports_2023.csv,3.0,WR,TEN,Treylon Burks,TEN,266,11,266,11,72.54545454545455
2023,REG,TEN,13,00-0037742,WR,Treylon Burks,Treylon,Burks,Concussion,,Questionable,Concussion,,Full Participation in Practice,2023-12-01 20:16:36,injury_reports_2023.csv,1.0,WR,TEN,Treylon Burks,TEN,266,11,266,11,24.181818181818183
2023,REG,TEN,16,00-0037742,WR,Treylon Burks,Treylon,Burks,,,,Illness,,Full Participation in Practice,2023-12-22 20:21:13,injury_reports_2023.csv,0.0,WR,TEN,Treylon Burks,TEN,266,11,266,11,0.0
2023,REG,TEN,1,00-0030564,WR,DeAndre Hopkins,DeAndre,Hopkins,,,,Not injury related - resting player,,Full Participation in Practice,2023-09-08 19:04:03,injury_reports_2023.csv,0.0,WR,TEN,DeAndre Hopkins,TEN,505,17,505,17,0.0
2023,REG,TEN,2,00-0030564,WR,DeAndre Hopkins,DeAndre,Hopkins,Ankle,,Questionable,Ankle,,Did Not Participate In Practice,2023-09-15 19:50:41,injury_reports_2023.csv,1.0,WR,TEN,DeAndre Hopkins,TEN,505,17,505,17,29.705882352941178
2023,REG,TEN,3,00-0030564,WR,DeAndre Hopkins,DeAndre,Hopkins,Ankle,,Questionable,Ankle,,Did Not Participate In Practice,2023-09-22 20:27:45,injury_reports_2023.csv,1.0,WR,TEN,DeAndre Hopkins,TEN,505,17,505,17,29.705882352941178
2023,REG,TEN,4,00-0030564,WR,DeAndre Hopkins,DeAndre,Hopkins,,,,Ankle,,Full Participation in Practice,2023-09-29 19:24:00,injury_reports_2023.csv,0.0,WR,TEN,DeAndre Hopkins,TEN,505,17,505,17,0.0
2023,REG,TEN,5,00-0030564,WR,DeAndre Hopkins,DeAndre,Hopkins,,,,Not injury related - resting player,,Full Participation in Practice,2023-10-06 19:21:28,injury_reports_2023.csv,0.0,WR,TEN,DeAndre Hopkins,TEN,505,17,505,17,0.0
2023,REG,TEN,6,00-0030564,WR,DeAndre Hopkins,DeAndre,Hopkins,,,,Not injury related - resting player,,Limited Participation in Practice,2023-10-11 19:19:02,injury_reports_2023.csv,0.0,WR,TEN,DeAndre Hopkins,TEN,505,17,505,17,0.0
2023,REG,TEN,8,00-0030564,WR,DeAndre Hopkins,DeAndre,Hopkins,,,,Not injury related - resting player,,Full Participation in Practice,2023-10-27 19:40:41,injury_reports_2023.csv,0.0,WR,TEN,DeAndre Hopkins,TEN,505,17,505,17,0.0
2023,REG,TEN,9,00-0030564,WR,DeAndre Hopkins,DeAndre,Hopkins,Toe,,Questionable,Toe,,Did Not Participate In Practice,2023-11-01 19:21:19,injury_reports_2023.csv,1.0,WR,TEN,DeAndre Hopkins,TEN,505,17,505,17,29.705882352941178
2023,REG,TEN,10,00-0030564,WR,DeAndre Hopkins,DeAndre,Hopkins,,,,Not injury related - resting player,,Full Participation in Practice,2023-11-10 19:57:54,injury_reports_2023.csv,0.0,WR,TEN,DeAndre Hopkins,TEN,505,17,505,17,0.0
2023,REG,TEN,11,00-0030564,WR,DeAndre Hopkins,DeAndre,Hopkins,,,,Not injury related - resting player,,Full Participation in Practice,2023-11-17 20:16:58,injury_reports_2023.csv,0.0,WR,TEN,DeAndre Hopkins,TEN,505,17,505,17,0.0
2023,REG,TEN,12,00-0030564,WR,DeAndre Hopkins,DeAndre,Hopkins,,,,Not injury related - resting player,,Full Participation in Practice,2023-11-24 20:12:37,injury_reports_2023.csv,0.0,WR,TEN,DeAndre Hopkins,TEN,505,17,505,17,0.0
2023,REG,TEN,13,00-0030564,WR,DeAndre Hopkins,DeAndre,Hopkins,,,,Not injury related - resting player,,Full Participation in Practice,2023-12-01 20:15:54,injury_reports_2023.csv,0.0,WR,TEN,DeAndre Hopkins,TEN,505,17,505,17,0.0
2023,REG,TEN,14,00-0030564,WR,DeAndre Hopkins,DeAndre,Hopkins,,,,Not injury related - resting player,,Full Participation in Practice,2023-12-09 19:30:02,injury_reports_2023.csv,0.0,WR,TEN,DeAndre Hopkins,TEN,505,17,505,17,0.0
2023,REG,TEN,15,00-0030564,WR,DeAndre Hopkins,DeAndre,Hopkins,,,,Not injury related - resting player,,Full Participation in Practice,2023-12-15 19:44:10,injury_reports_2023.csv,0.0,WR,TEN,DeAndre Hopkins,TEN,505,17,505,17,0.0
2023,REG,TEN,16,00-0030564,WR,DeAndre Hopkins,DeAndre,Hopkins,,,,Not injury related - resting player,,Full Participation in Practice,2023-12-22 20:21:40,injury_reports_2023.csv,0.0,WR,TEN,DeAndre Hopkins,TEN,505,17,505,17,0.0
2023,REG,TEN,17,00-0030564,WR,DeAndre Hopkins,DeAndre,Hopkins,,,,Not injury related - resting player,,Full Participation in Practice,2023-12-29 19:53:56,injury_reports_2023.csv,0.0,WR,TEN,DeAndre Hopkins,TEN,505,17,505,17,0.0
2023,REG,TEN,18,00-0030564,WR,DeAndre Hopkins,DeAndre,Hopkins,,,,Not injury related - resting player,,Full Participation in Practice,2024-01-05 19:55:18,injury_reports_2023.csv,0.0,WR,TEN,DeAndre Hopkins,TEN,505,17,505,17,0.0
2023,REG,TEN,1,00-0035259,TE,Trevon Wesco,Trevon,Wesco,,,,Not injury related - resting player,,Full Participation in Practice,2023-09-08 19:04:24,injury_reports_2023.csv,0.0,TE,TEN,Trevon Wesco,TEN,47,15,47,15,0.0
2023,REG,TEN,14,00-0035259,TE,Trevon Wesco,Trevon,Wesco,,,,Ankle,,Full Participation in Practice,2023-12-09 19:30:02,injury_reports_2023.csv,0.0,TE,TEN,Trevon Wesco,TEN,47,15,47,15,0.0
2023,REG,TEN,16,00-0035259,TE,Trevon Wesco,Trevon,Wesco,Shin,,Questionable,Shin,,Limited Participation in Practice,2023-12-22 20:25:11,injury_reports_2023.csv,1.0,TE,TEN,Trevon Wesco,TEN,47,15,47,15,3.1333333333333333
2023,REG,TEN,17,00-0035259,TE,Trevon Wesco,Trevon,Wesco,,,,Shin,,Full Participation in Practice,2023-12-29 19:52:35,injury_reports_2023.csv,0.0,TE,TEN,Trevon Wesco,TEN,47,15,47,15,0.0
2023,REG,WAS,1,00-0035659,WR,Terry McLaurin,Terry,McLaurin,,,,Toe,,Full Participation in Practice,2023-09-08 17:15:41,injury_reports_2023.csv,0.0,WR,WAS,Terry McLaurin,WAS,643,17,643,17,0.0
2023,REG,WAS,2,00-0035659,WR,Terry McLaurin,Terry,McLaurin,,,,Toe,,Full Participation in Practice,2023-09-15 17:26:32,injury_reports_2023.csv,0.0,WR,WAS,Terry McLaurin,WAS,643,17,643,17,0.0
2023,REG,DAL,2,00-0031236,WR,Brandin Cooks,Brandin,Cooks,Knee,,Questionable,Knee,,Did Not Participate In Practice,2023-09-15 19:09:29,injury_reports_2023.csv,1.0,WR,DAL,Brandin Cooks,DAL,594,17,594,17,34.94117647058823
2023,REG,DAL,3,00-0031236,WR,Brandin Cooks,Brandin,Cooks,,,,Knee,,Full Participation in Practice,2023-09-22 18:40:32,injury_reports_2023.csv,0.0,WR,DAL,Brandin Cooks,DAL,594,17,594,17,0.0
2023,REG,DAL,9,00-0031236,WR,Brandin Cooks,Brandin,Cooks,,,,Not injury related - resting player,,Limited Participation in Practice,2023-11-01 19:32:58,injury_reports_2023.csv,0.0,WR,DAL,Brandin Cooks,DAL,594,17,594,17,0.0
2023,REG,DAL,14,00-0031236,WR,Brandin Cooks,Brandin,Cooks,,,,Not injury related - resting player,,Limited Participation in Practice,2023-12-06 20:29:51,injury_reports_2023.csv,0.0,WR,DAL,Brandin Cooks,DAL,594,17,594,17,0.0
2023,REG,DAL,15,00-0031236,WR,Brandin Cooks,Brandin,Cooks,Not injury related - resting player,Illness,Questionable,Not injury related - resting player,Illness,Did Not Participate In Practice,2023-12-15 19:22:30,injury_reports_2023.csv,1.0,WR,DAL,Brandin Cooks,DAL,594,17,594,17,34.94117647058823
2023,REG,DAL,16,00-0031236,WR,Brandin Cooks,Brandin,Cooks,,,,Not injury related - resting player,,Limited Participation in Practice,2023-12-20 23:25:20,injury_reports_2023.csv,0.0,WR,DAL,Brandin Cooks,DAL,594,17,594,17,0.0
2023,REG,DAL,17,00-0031236,WR,Brandin Cooks,Brandin,Cooks,,,,Not injury related - resting player,,Limited Participation in Practice,2023-12-26 18:46:32,injury_reports_2023.csv,0.0,WR,DAL,Brandin Cooks,DAL,594,17,594,17,0.0
2023,REG,DAL,18,00-0031236,WR,Brandin Cooks,Brandin,Cooks,,,,Not injury related - resting player,,Limited Participation in Practice,2024-01-03 20:47:32,injury_reports_2023.csv,0.0,WR,DAL,Brandin Cooks,DAL,594,17,594,17,0.0
2023,WC,DAL,19,00-0031236,WR,Brandin Cooks,Brandin,Cooks,,,,Not injury related - resting player,,Limited Participation in Practice,2024-01-10 20:50:53,injury_reports_2023.csv,0.0,WR,DAL,Brandin Cooks,DAL,594,17,594,17,0.0
2023,REG,HST,2,00-0034383,TE,Dalton Schultz,Dalton,Schultz,,,,Thigh,,Full Participation in Practice,2023-09-15 20:08:55,injury_reports_2023.csv,0.0,TE,HOU,Dalton Schultz,HST,473,17,473,17,0.0
2023,REG,HST,11,00-0034383,TE,Dalton Schultz,Dalton,Schultz,,,,Hamstring,,Full Participation in Practice,2023-11-17 21:03:56,injury_reports_2023.csv,0.0,TE,HOU,Dalton Schultz,HST,473,17,473,17,0.0
2023,REG,HST,13,00-0034383,TE,Dalton Schultz,Dalton,Schultz,Hamstring,,Out,Hamstring,,Did Not Participate In Practice,2023-12-01 21:37:58,injury_reports_2023.csv,3.0,TE,HOU,Dalton Schultz,HST,473,17,473,17,83.47058823529412
2023,REG,HST,14,00-0034383,TE,Dalton Schultz,Dalton,Schultz,Hamstring,,Out,Hamstring,,Did Not Participate In Practice,2023-12-08 20:49:07,injury_reports_2023.csv,3.0,TE,HOU,Dalton Schultz,HST,473,17,473,17,83.47058823529412
2023,REG,HST,15,00-0034383,TE,Dalton Schultz,Dalton,Schultz,,,,Hamstring,,Full Participation in Practice,2023-12-15 20:17:08,injury_reports_2023.csv,0.0,TE,HOU,Dalton Schultz,HST,473,17,473,17,0.0
2023,REG,HST,2,00-0030431,WR,Robert Woods,Robert,Woods,,,,Not injury related - resting player,,Full Participation in Practice,2023-09-15 20:08:55,injury_reports_2023.csv,0.0,WR,HOU,Robert Woods,HST,448,16,448,16,0.0
2023,REG,HST,3,00-0030431,WR,Robert Woods,Robert,Woods,,,,Not injury related - resting player,,Full Participation in Practice,2023-09-22 19:59:25,injury_reports_2023.csv,0.0,WR,HOU,Robert Woods,HST,448,16,448,16,0.0
2023,REG,HST,4,00-0030431,WR,Robert Woods,Robert,Woods,,,,Not injury related - resting player,,Did Not Participate In Practice,2023-09-27 21:43:22,injury_reports_2023.csv,0.0,WR,HOU,Robert Woods,HST,448,16,448,16,0.0
2023,REG,HST,5,00-0030431,WR,Robert Woods,Robert,Woods,,,,Not injury related - resting player,,Did Not Participate In Practice,2023-10-04 21:20:19,injury_reports_2023.csv,0.0,WR,HOU,Robert Woods,HST,448,16,448,16,0.0
2023,REG,HST,6,00-0030431,WR,Robert Woods,Robert,Woods,Ribs,,Questionable,Ribs,,Full Participation in Practice,2023-10-13 20:02:44,injury_reports_2023.csv,1.0,WR,HOU,Robert Woods,HST,448,16,448,16,28.0
2023,REG,HST,8,00-0030431,WR,Robert Woods,Robert,Woods,Foot,,Out,Foot,,Did Not Participate In Practice,2023-10-27 19:52:04,injury_reports_2023.csv,3.0,WR,HOU,Robert Woods,HST,448,16,448,16,84.0
2023,REG,HST,9,00-0030431,WR,Robert Woods,Robert,Woods,Foot,,Out,Foot,,Did Not Participate In Practice,2023-11-03 19:53:05,injury_reports_2023.csv,3.0,WR,HOU,Robert Woods,HST,448,16,448,16,84.0
2023,REG,HST,10,00-0030431,WR,Robert Woods,Robert,Woods,Foot,,Questionable,Foot,,Full Participation in Practice,2023-11-10 20:57:10,injury_reports_2023.csv,1.0,WR,HOU,Robert Woods,HST,448,16,448,16,28.0
2023,REG,HST,11,00-0030431,WR,Robert Woods,Robert,Woods,,,,Foot,,Full Participation in Practice,2023-11-17 21:03:56,injury_reports_2023.csv,0.0,WR,HOU,Robert Woods,HST,448,16,448,16,0.0
2023,REG,HST,12,00-0030431,WR,Robert Woods,Robert,Woods,,,,Not injury related - resting player,,Did Not Participate In Practice,2023-11-22 21:09:26,injury_reports_2023.csv,0.0,WR,HOU,Robert Woods,HST,448,16,448,16,0.0
2023,REG,HST,13,00-0030431,WR,Robert Woods,Robert,Woods,,,,Not injury related - resting player,,Did Not Participate In Practice,2023-11-29 21:22:27,injury_reports_2023.csv,0.0,WR,HOU,Robert Woods,HST,448,16,448,16,0.0
2023,REG,HST,14,00-0030431,WR,Robert Woods,Robert,Woods,,,,Not injury related - resting player,,Did Not Participate In Practice,2023-12-06 21:16:09,injury_reports_2023.csv,0.0,WR,HOU,Robert Woods,HST,448,16,448,16,0.0
2023,REG,HST,15,00-0030431,WR,Robert Woods,Robert,Woods,,,,Not injury related - resting player,,Limited Participation in Practice,2023-12-13 23:02:50,injury_reports_2023.csv,0.0,WR,HOU,Robert Woods,HST,448,16,448,16,0.0
2023,REG,HST,16,00-0030431,WR,Robert Woods,Robert,Woods,,,,Not injury related - resting player,,Limited Participation in Practice,2023-12-20 21:35:14,injury_reports_2023.csv,0.0,WR,HOU,Robert Woods,HST,448,16,448,16,0.0
2023,REG,HST,17,00-0030431,WR,Robert Woods,Robert,Woods,,,,Not injury related - resting player,,Limited Participation in Practice,2023-12-27 21:48:09,injury_reports_2023.csv,0.0,WR,HOU,Robert Woods,HST,448,16,448,16,0.0
2023,REG,HST,18,00-0030431,WR,Robert Woods,Robert,Woods,Hip,,Questionable,Hip,,Did Not Participate In Practice,2024-01-04 21:05:53,injury_reports_2023.csv,1.0,WR,HOU,Robert Woods,HST,448,16,448,16,28.0
2023,WC,HST,19,00-0030431,WR,Robert Woods,Robert,Woods,Hip,,Questionable,Hip,,Limited Participation in Practice,2024-01-11 20:29:41,injury_reports_2023.csv,1.0,WR,HOU,Robert Woods,HST,448,16,448,16,28.0
2023,REG,IND,2,00-0036876,TE,Kylen Granson,Kylen,Granson,Hamstring,,Questionable,,,"
    ",2023-09-16 16:07:40,injury_reports_2023.csv,1.0,TE,IND,Kylen Granson,IND,290,15,290,15,19.333333333333332
2023,REG,IND,7,00-0036876,TE,Kylen Granson,Kylen,Granson,Concussion,,Out,Concussion,,Did Not Participate In Practice,2023-10-20 18:12:55,injury_reports_2023.csv,3.0,TE,IND,Kylen Granson,IND,290,15,290,15,58.0
2023,REG,IND,8,00-0036876,TE,Kylen Granson,Kylen,Granson,Concussion,,Out,Concussion,,Limited Participation in Practice,2023-10-27 19:34:07,injury_reports_2023.csv,3.0,TE,IND,Kylen Granson,IND,290,15,290,15,58.0
2023,REG,IND,9,00-0036876,TE,Kylen Granson,Kylen,Granson,,,,Concussion,,Full Participation in Practice,2023-11-03 18:25:40,injury_reports_2023.csv,0.0,TE,IND,Kylen Granson,IND,290,15,290,15,0.0
2023,REG,IND,2,00-0037292,TE,Andrew Ogletree,Andrew,Ogletree,Concussion,,Questionable,Concussion,,Full Participation in Practice,2023-09-15 19:11:00,injury_reports_2023.csv,1.0,TE,IND,Andrew Ogletree,IND,131,12,131,12,10.916666666666666
2023,REG,IND,10,00-0037292,TE,Andrew Ogletree,Andrew,Ogletree,Foot,,Out,Foot,,Did Not Participate In Practice,2023-11-10 19:20:11,injury_reports_2023.csv,3.0,TE,IND,Andrew Ogletree,IND,131,12,131,12,32.75
2023,REG,IND,12,00-0037292,TE,Andrew Ogletree,Andrew,Ogletree,Foot,,Out,Foot,,Did Not Participate In Practice,2023-11-24 20:16:05,injury_reports_2023.csv,3.0,TE,IND,Andrew Ogletree,IND,131,12,131,12,32.75
2023,REG,IND,13,00-0037292,TE,Andrew Ogletree,Andrew,Ogletree,,,,Foot,,Full Participation in Practice,2023-12-01 20:24:26,injury_reports_2023.csv,0.0,TE,IND,Andrew Ogletree,IND,131,12,131,12,0.0
2023,REG,LA,2,00-0039075,WR,Puka Nacua,Puka,Nacua,Oblique,,Questionable,Oblique,,Limited Participation in Practice,2023-09-15 20:01:18,injury_reports_2023.csv,1.0,WR,LA,Puka Nacua,LA,607,18,607,18,33.72222222222222
2023,REG,LA,3,00-0039075,WR,Puka Nacua,Puka,Nacua,Oblique,,Questionable,Oblique,,Limited Participation in Practice,2023-09-23 19:40:19,injury_reports_2023.csv,1.0,WR,LA,Puka Nacua,LA,607,18,607,18,33.72222222222222
2023,REG,LA,4,00-0039075,WR,Puka Nacua,Puka,Nacua,,,,Oblique,,Full Participation in Practice,2023-09-29 19:41:58,injury_reports_2023.csv,0.0,WR,LA,Puka Nacua,LA,607,18,607,18,0.0
2023,REG,LA,9,00-0039075,WR,Puka Nacua,Puka,Nacua,Knee,,Questionable,Knee,,Limited Participation in Practice,2023-11-03 21:41:00,injury_reports_2023.csv,1.0,WR,LA,Puka Nacua,LA,607,18,607,18,33.72222222222222
2023,REG,LA,11,00-0039075,WR,Puka Nacua,Puka,Nacua,,,,Knee,,Full Participation in Practice,2023-11-17 20:46:39,injury_reports_2023.csv,0.0,WR,LA,Puka Nacua,LA,607,18,607,18,0.0
2023,REG,LA,12,00-0039075,WR,Puka Nacua,Puka,Nacua,,,,Shoulder,,Full Participation in Practice,2023-11-24 21:47:26,injury_reports_2023.csv,0.0,WR,LA,Puka Nacua,LA,607,18,607,18,0.0
2023,REG,LA,14,00-0039075,WR,Puka Nacua,Puka,Nacua,,,,Shoulder,,Full Participation in Practice,2023-12-08 20:50:59,injury_reports_2023.csv,0.0,WR,LA,Puka Nacua,LA,607,18,607,18,0.0
2023,REG,LA,17,00-0039075,WR,Puka Nacua,Puka,Nacua,Hip,,Questionable,Hip,,Did Not Participate In Practice,2023-12-29 20:39:57,injury_reports_2023.csv,1.0,WR,LA,Puka Nacua,LA,607,18,607,18,33.72222222222222
2023,REG,LV,2,00-0031381,WR,Davante Adams,Davante,Adams,,,,Foot,,Full Participation in Practice,2023-09-15 20:14:40,injury_reports_2023.csv,0.0,WR,LV,Davante Adams,LV,582,17,582,17,0.0
2023,REG,LV,3,00-0031381,WR,Davante Adams,Davante,Adams,,,,gameday concussion protocol evaluation,,Full Participation in Practice,2023-09-20 22:14:35,injury_reports_2023.csv,0.0,WR,LV,Davante Adams,LV,582,17,582,17,0.0
2023,REG,LV,5,00-0031381,WR,Davante Adams,Davante,Adams,Shoulder,,Questionable,Shoulder,,Limited Participation in Practice,2023-10-07 20:35:44,injury_reports_2023.csv,1.0,WR,LV,Davante Adams,LV,582,17,582,17,34.23529411764706
2023,REG,LV,6,00-0031381,WR,Davante Adams,Davante,Adams,,,,Shoulder,,Full Participation in Practice,2023-10-13 20:51:50,injury_reports_2023.csv,0.0,WR,LV,Davante Adams,LV,582,17,582,17,0.0
2023,REG,LV,7,00-0031381,WR,Davante Adams,Davante,Adams,,,,Shoulder,,Full Participation in Practice,2023-10-20 20:23:43,injury_reports_2023.csv,0.0,WR,LV,Davante Adams,LV,582,17,582,17,0.0
2023,REG,LV,8,00-0031381,WR,Davante Adams,Davante,Adams,,,,Shoulder,,Full Participation in Practice,2023-10-28 20:24:22,injury_reports_2023.csv,0.0,WR,LV,Davante Adams,LV,582,17,582,17,0.0
2023,REG,LV,10,00-0031381,WR,Davante Adams,Davante,Adams,,,,Not injury related - resting player,,Did Not Participate In Practice,2023-11-10 21:40:48,injury_reports_2023.csv,0.0,WR,LV,Davante Adams,LV,582,17,582,17,0.0
2023,REG,LV,15,00-0031381,WR,Davante Adams,Davante,Adams,Illness,,Questionable,Illness,,Did Not Participate In Practice,2023-12-13 21:30:30,injury_reports_2023.csv,1.0,WR,LV,Davante Adams,LV,582,17,582,17,34.23529411764706
2023,REG,LV,2,00-0034960,WR,Jakobi Meyers,Jakobi,Meyers,Concussion,,Out,Concussion,,Did Not Participate In Practice,2023-09-15 20:21:13,injury_reports_2023.csv,3.0,WR,LV,Jakobi Meyers,LV,531,16,531,16,99.5625
2023,REG,LV,3,00-0034960,WR,Jakobi Meyers,Jakobi,Meyers,,,,Concussion,,Full Participation in Practice,2023-09-22 20:42:12,injury_reports_2023.csv,0.0,WR,LV,Jakobi Meyers,LV,531,16,531,16,0.0
2023,REG,LV,6,00-0034960,WR,Jakobi Meyers,Jakobi,Meyers,,,,Wrist,,Full Participation in Practice,2023-10-13 20:51:45,injury_reports_2023.csv,0.0,WR,LV,Jakobi Meyers,LV,531,16,531,16,0.0
2023,REG,NE,2,00-0038608,WR,Kayshon Boutte,Kayshon,Boutte,,,,Hamstring,,Limited Participation in Practice,2023-09-14 19:52:11,injury_reports_2023.csv,0.0,WR,NE,Kayshon Boutte,NE,83,5,83,5,0.0
2023,REG,NE,7,00-0038608,WR,Kayshon Boutte,Kayshon,Boutte,Hamstring,,Questionable,Hamstring,,Limited Participation in Practice,2023-10-20 19:39:47,injury_reports_2023.csv,1.0,WR,NE,Kayshon Boutte,NE,83,5,83,5,16.6
2023,REG,NE,13,00-0038608,WR,Kayshon Boutte,Kayshon,Boutte,Shoulder,Illness,Out,Shoulder,Illness,Did Not Participate In Practice,2023-12-01 20:35:35,injury_reports_2023.csv,3.0,WR,NE,Kayshon Boutte,NE,83,5,83,5,49.8
2023,REG,NE,14,00-0038608,WR,Kayshon Boutte,Kayshon,Boutte,Shoulder,,Out,Shoulder,,Limited Participation in Practice,2023-12-06 19:38:20,injury_reports_2023.csv,3.0,WR,NE,Kayshon Boutte,NE,83,5,83,5,49.8
2023,REG,NE,15,00-0038608,WR,Kayshon Boutte,Kayshon,Boutte,,,,Shoulder,,Limited Participation in Practice,2023-12-14 20:53:33,injury_reports_2023.csv,0.0,WR,NE,Kayshon Boutte,NE,83,5,83,5,0.0
2023,REG,NE,17,00-0038608,WR,Kayshon Boutte,Kayshon,Boutte,Illness,,Out,Not injury related - personal matter,,Did Not Participate In Practice,2023-12-30 18:11:55,injury_reports_2023.csv,3.0,WR,NE,Kayshon Boutte,NE,83,5,83,5,49.8
2023,REG,NO,2,00-0036040,TE,Juwan Johnson,Juwan,Johnson,,,,Calf,,Full Participation in Practice,2023-09-16 19:11:18,injury_reports_2023.csv,0.0,TE,NO,Juwan Johnson,NO,309,13,309,13,0.0
2023,REG,NO,5,00-0036040,TE,Juwan Johnson,Juwan,Johnson,Calf,,Out,Calf,,Did Not Participate In Practice,2023-10-06 19:38:28,injury_reports_2023.csv,3.0,TE,NO,Juwan Johnson,NO,309,13,309,13,71.3076923076923
2023,REG,NO,6,00-0036040,TE,Juwan Johnson,Juwan,Johnson,Calf,,Out,Calf,,Did Not Participate In Practice,2023-10-13 19:12:21,injury_reports_2023.csv,3.0,TE,NO,Juwan Johnson,NO,309,13,309,13,71.3076923076923
2023,REG,NO,7,00-0036040,TE,Juwan Johnson,Juwan,Johnson,Calf,,Out,Calf,,Did Not Participate In Practice,2023-10-18 19:13:22,injury_reports_2023.csv,3.0,TE,NO,Juwan Johnson,NO,309,13,309,13,71.3076923076923
2023,REG,NO,8,00-0036040,TE,Juwan Johnson,Juwan,Johnson,Calf,,Questionable,Calf,,Full Participation in Practice,2023-10-27 19:08:25,injury_reports_2023.csv,1.0,TE,NO,Juwan Johnson,NO,309,13,309,13,23.76923076923077
2023,REG,NO,14,00-0036040,TE,Juwan Johnson,Juwan,Johnson,Quadricep,,Questionable,Quadricep,,Limited Participation in Practice,2023-12-08 20:23:22,injury_reports_2023.csv,1.0,TE,NO,Juwan Johnson,NO,309,13,309,13,23.76923076923077
2023,REG,NO,18,00-0036040,TE,Juwan Johnson,Juwan,Johnson,Chest,,Questionable,Chest,,Limited Participation in Practice,2024-01-05 20:08:20,injury_reports_2023.csv,1.0,TE,NO,Juwan Johnson,NO,309,13,309,13,23.76923076923077
2023,REG,NYG,2,00-0032385,WR,Sterling Shepard,Sterling,Shepard,,,,Not injury related - resting player,,Full Participation in Practice,2023-09-15 18:28:58,injury_reports_2023.csv,0.0,WR,NYG,Sterling Shepard,NYG,90,13,90,13,0.0
2023,REG,NYG,12,00-0032385,WR,Sterling Shepard,Sterling,Shepard,,,,Hip,,Full Participation in Practice,2023-11-24 20:48:33,injury_reports_2023.csv,0.0,WR,NYG,Sterling Shepard,NYG,90,13,90,13,0.0
2023,REG,PIT,2,00-0036894,TE,Pat Freiermuth,Pat,Freiermuth,,,,Chest,,Full Participation in Practice,2023-09-16 17:45:41,injury_reports_2023.csv,0.0,TE,PIT,Pat Freiermuth,PIT,306,13,306,13,0.0
2023,REG,PIT,5,00-0036894,TE,Pat Freiermuth,Pat,Freiermuth,Hamstring,,Out,Hamstring,,Did Not Participate In Practice,2023-10-06 18:35:54,injury_reports_2023.csv,3.0,TE,PIT,Pat Freiermuth,PIT,306,13,306,13,70.61538461538461
2023,REG,PIT,7,00-0036894,TE,Pat Freiermuth,Pat,Freiermuth,Hamstring,,Out,Hamstring,,Did Not Participate In Practice,2023-10-20 20:02:37,injury_reports_2023.csv,3.0,TE,PIT,Pat Freiermuth,PIT,306,13,306,13,70.61538461538461
2023,REG,PIT,11,00-0036894,TE,Pat Freiermuth,Pat,Freiermuth,Hamstring,,Questionable,Hamstring,,Full Participation in Practice,2023-11-17 20:02:07,injury_reports_2023.csv,1.0,TE,PIT,Pat Freiermuth,PIT,306,13,306,13,23.53846153846154
2023,REG,PIT,16,00-0036894,TE,Pat Freiermuth,Pat,Freiermuth,,,,Knee,,Full Participation in Practice,2023-12-21 19:53:34,injury_reports_2023.csv,0.0,TE,PIT,Pat Freiermuth,PIT,306,13,306,13,0.0
2023,REG,PIT,2,00-0037247,WR,George Pickens,George,Pickens,,,,Hamstring,,Limited Participation in Practice,2023-09-16 17:46:46,injury_reports_2023.csv,0.0,WR,PIT,George Pickens,PIT,581,18,581,18,0.0
2023,REG,PIT,12,00-0037247,WR,George Pickens,George,Pickens,,,,Shin,,Full Participation in Practice,2023-11-24 19:00:39,injury_reports_2023.csv,0.0,WR,PIT,George Pickens,PIT,581,18,581,18,0.0
2023,REG,PIT,2,00-0035216,WR,Diontae Johnson,Diontae,Johnson,Hamstring,,Out,Hamstring,,Did Not Participate In Practice,2023-09-16 17:47:16,injury_reports_2023.csv,3.0,WR,PIT,Diontae Johnson,PIT,403,14,403,14,86.35714285714286
2023,REG,PIT,7,00-0035216,WR,Diontae Johnson,Diontae,Johnson,,,,Hamstring,,Full Participation in Practice,2023-10-20 20:01:56,injury_reports_2023.csv,0.0,WR,PIT,Diontae Johnson,PIT,403,14,403,14,0.0
2023,REG,PIT,8,00-0035216,WR,Diontae Johnson,Diontae,Johnson,,,,Hamstring,,Full Participation in Practice,2023-10-27 19:01:40,injury_reports_2023.csv,0.0,WR,PIT,Diontae Johnson,PIT,403,14,403,14,0.0
2023,REG,PIT,11,00-0035216,WR,Diontae Johnson,Diontae,Johnson,,,,Thumb,,Full Participation in Practice,2023-11-17 20:00:44,injury_reports_2023.csv,0.0,WR,PIT,Diontae Johnson,PIT,403,14,403,14,0.0
2023,REG,PIT,13,00-0035216,WR,Diontae Johnson,Diontae,Johnson,,,,Illness,,Full Participation in Practice,2023-12-01 19:57:07,injury_reports_2023.csv,0.0,WR,PIT,Diontae Johnson,PIT,403,14,403,14,0.0
2023,REG,PIT,15,00-0035216,WR,Diontae Johnson,Diontae,Johnson,,,,Knee,,Full Participation in Practice,2023-12-14 19:56:28,injury_reports_2023.csv,0.0,WR,PIT,Diontae Johnson,PIT,403,14,403,14,0.0
2023,REG,SEA,2,00-0034159,TE,Will Dissly,Will,Dissly,,,,Shoulder,,Full Participation in Practice,2023-09-13 22:46:21,injury_reports_2023.csv,0.0,TE,SEA,Will Dissly,SEA,145,16,145,16,0.0
2023,REG,SEA,3,00-0034159,TE,Will Dissly,Will,Dissly,Shoulder,,Doubtful,Shoulder,,Did Not Participate In Practice,2023-09-22 19:51:37,injury_reports_2023.csv,2.0,TE,SEA,Will Dissly,SEA,145,16,145,16,18.125
2023,REG,SEA,4,00-0034159,TE,Will Dissly,Will,Dissly,Shoulder,,Questionable,Shoulder,,Full Participation in Practice,2023-09-30 19:54:50,injury_reports_2023.csv,1.0,TE,SEA,Will Dissly,SEA,145,16,145,16,9.0625
2023,REG,SEA,13,00-0034159,TE,Will Dissly,Will,Dissly,Hip,,Questionable,Hip,,Full Participation in Practice,2023-11-29 20:42:30,injury_reports_2023.csv,1.0,TE,SEA,Will Dissly,SEA,145,16,145,16,9.0625
2023,REG,TB,2,00-0031408,WR,Mike Evans,Mike,Evans,,,,Not injury related - resting player,,Did Not Participate In Practice,2023-09-15 17:55:29,injury_reports_2023.csv,0.0,WR,TB,Mike Evans,TB,622,19,622,19,0.0
2023,REG,TB,3,00-0031408,WR,Mike Evans,Mike,Evans,,,,Not injury related - resting player,,Did Not Participate In Practice,2023-09-23 19:46:55,injury_reports_2023.csv,0.0,WR,TB,Mike Evans,TB,622,19,622,19,0.0
2023,REG,TB,6,00-0031408,WR,Mike Evans,Mike,Evans,,,,Hamstring,,Full Participation in Practice,2023-10-13 19:35:02,injury_reports_2023.csv,0.0,WR,TB,Mike Evans,TB,622,19,622,19,0.0
2023,REG,TB,7,00-0031408,WR,Mike Evans,Mike,Evans,,,,Not injury related - resting player,,Did Not Participate In Practice,2023-10-20 18:06:06,injury_reports_2023.csv,0.0,WR,TB,Mike Evans,TB,622,19,622,19,0.0
2023,REG,TB,9,00-0031408,WR,Mike Evans,Mike,Evans,,,,Not injury related - resting player,,Did Not Participate In Practice,2023-11-03 18:16:18,injury_reports_2023.csv,0.0,WR,TB,Mike Evans,TB,622,19,622,19,0.0
2023,REG,TB,10,00-0031408,WR,Mike Evans,Mike,Evans,,,,Not injury related - resting player,,Did Not Participate In Practice,2023-11-10 20:21:00,injury_reports_2023.csv,0.0,WR,TB,Mike Evans,TB,622,19,622,19,0.0
2023,REG,TB,11,00-0031408,WR,Mike Evans,Mike,Evans,,,,Quadricep,Not injury related - resting p,Did Not Participate In Practice,2023-11-17 20:50:46,injury_reports_2023.csv,0.0,WR,TB,Mike Evans,TB,622,19,622,19,0.0
2023,WC,TB,19,00-0031408,WR,Mike Evans,Mike,Evans,,,,Not injury related - resting player,,Did Not Participate In Practice,2024-01-13 20:44:33,injury_reports_2023.csv,0.0,WR,TB,Mike Evans,TB,622,19,622,19,0.0
2023,REG,WAS,2,00-0033282,WR,Curtis Samuel,Curtis,Samuel,,,,Hip,,Limited Participation in Practice,2023-09-15 17:26:32,injury_reports_2023.csv,0.0,WR,WAS,Curtis Samuel,WAS,402,16,402,16,0.0
2023,REG,WAS,3,00-0033282,WR,Curtis Samuel,Curtis,Samuel,Illness,Hip,Questionable,Illness,Hip,Did Not Participate In Practice,2023-09-22 17:22:17,injury_reports_2023.csv,1.0,WR,WAS,Curtis Samuel,WAS,402,16,402,16,25.125
2023,REG,WAS,5,00-0033282,WR,Curtis Samuel,Curtis,Samuel,,,,Quadricep,,Limited Participation in Practice,2023-10-04 16:18:59,injury_reports_2023.csv,0.0,WR,WAS,Curtis Samuel,WAS,402,16,402,16,0.0
2023,REG,WAS,6,00-0033282,WR,Curtis Samuel,Curtis,Samuel,,,,Finger,,Full Participation in Practice,2023-10-13 17:13:07,injury_reports_2023.csv,0.0,WR,WAS,Curtis Samuel,WAS,402,16,402,16,0.0
2023,REG,WAS,8,00-0033282,WR,Curtis Samuel,Curtis,Samuel,Foot,,Questionable,Foot,,Limited Participation in Practice,2023-10-27 17:21:39,injury_reports_2023.csv,1.0,WR,WAS,Curtis Samuel,WAS,402,16,402,16,25.125
2023,REG,WAS,9,00-0033282,WR,Curtis Samuel,Curtis,Samuel,Toe,,Out,Toe,,Did Not Participate In Practice,2023-11-03 17:24:28,injury_reports_2023.csv,3.0,WR,WAS,Curtis Samuel,WAS,402,16,402,16,75.375
2023,REG,WAS,10,00-0033282,WR,Curtis Samuel,Curtis,Samuel,Toe,,Questionable,Toe,,Limited Participation in Practice,2023-11-10 18:13:55,injury_reports_2023.csv,1.0,WR,WAS,Curtis Samuel,WAS,402,16,402,16,25.125
2023,REG,WAS,11,00-0033282,WR,Curtis Samuel,Curtis,Samuel,,,,Toe,,Full Participation in Practice,2023-11-17 18:29:26,injury_reports_2023.csv,0.0,WR,WAS,Curtis Samuel,WAS,402,16,402,16,0.0
2023,REG,WAS,12,00-0033282,WR,Curtis Samuel,Curtis,Samuel,,,,Toe,,Full Participation in Practice,2023-11-22 16:21:10,injury_reports_2023.csv,0.0,WR,WAS,Curtis Samuel,WAS,402,16,402,16,0.0
2023,REG,WAS,18,00-0033282,WR,Curtis Samuel,Curtis,Samuel,,,,Hamstring,,Full Participation in Practice,2024-01-05 19:59:14,injury_reports_2023.csv,0.0,WR,WAS,Curtis Samuel,WAS,402,16,402,16,0.0
2023,REG,BLT,3,00-0036331,WR,Devin Duvernay,Devin,Duvernay,,,,Shoulder,,Full Participation in Practice,2023-09-22 19:03:40,injury_reports_2023.csv,0.0,WR,BAL,Devin Duvernay,BLT,64,9,64,9,0.0
2023,REG,BLT,11,00-0036331,WR,Devin Duvernay,Devin,Duvernay,Hamstring,,Questionable,Hamstring,,Did Not Participate In Practice,2023-11-15 19:32:55,injury_reports_2023.csv,1.0,WR,BAL,Devin Duvernay,BLT,64,9,64,9,7.111111111111111
2023,REG,BLT,12,00-0036331,WR,Devin Duvernay,Devin,Duvernay,,,,Knee,,Full Participation in Practice,2023-11-24 21:21:56,injury_reports_2023.csv,0.0,WR,BAL,Devin Duvernay,BLT,64,9,64,9,0.0
2023,REG,BUF,3,00-0035689,TE,Dawson Knox,Dawson,Knox,,,,Back,,Full Participation in Practice,2023-09-22 18:06:54,injury_reports_2023.csv,0.0,TE,BUF,Dawson Knox,BUF,273,14,273,14,0.0
2023,REG,BUF,5,00-0035689,TE,Dawson Knox,Dawson,Knox,,,,Quadricep,,Full Participation in Practice,2023-10-06 21:32:52,injury_reports_2023.csv,0.0,TE,BUF,Dawson Knox,BUF,273,14,273,14,0.0
2023,REG,BUF,6,00-0035689,TE,Dawson Knox,Dawson,Knox,Wrist,,Questionable,Wrist,,Limited Participation in Practice,2023-10-13 18:12:05,injury_reports_2023.csv,1.0,TE,BUF,Dawson Knox,BUF,273,14,273,14,19.5
2023,REG,BUF,7,00-0035689,TE,Dawson Knox,Dawson,Knox,,,,Wrist,,Full Participation in Practice,2023-10-20 20:54:56,injury_reports_2023.csv,0.0,TE,BUF,Dawson Knox,BUF,273,14,273,14,0.0
2023,REG,BUF,8,00-0035689,TE,Dawson Knox,Dawson,Knox,Wrist,,Out,Wrist,,Did Not Participate In Practice,2023-10-25 17:39:13,injury_reports_2023.csv,3.0,TE,BUF,Dawson Knox,BUF,273,14,273,14,58.5
2023,REG,BUF,14,00-0035689,TE,Dawson Knox,Dawson,Knox,Wrist,,Questionable,Wrist,,Full Participation in Practice,2023-12-08 19:06:59,injury_reports_2023.csv,1.0,TE,BUF,Dawson Knox,BUF,273,14,273,14,19.5
2023,REG,BUF,15,00-0035689,TE,Dawson Knox,Dawson,Knox,,,,Wrist,,Full Participation in Practice,2023-12-15 20:55:18,injury_reports_2023.csv,0.0,TE,BUF,Dawson Knox,BUF,273,14,273,14,0.0
2023,REG,BUF,16,00-0035689,TE,Dawson Knox,Dawson,Knox,,,,Wrist,,Full Participation in Practice,2023-12-21 20:14:54,injury_reports_2023.csv,0.0,TE,BUF,Dawson Knox,BUF,273,14,273,14,0.0
2023,WC,BUF,19,00-0035689,TE,Dawson Knox,Dawson,Knox,,,,Illness,,Full Participation in Practice,2024-01-12 19:55:48,injury_reports_2023.csv,0.0,TE,BUF,Dawson Knox,BUF,273,14,273,14,0.0
2023,REG,CHI,3,00-0036309,WR,Darnell Mooney,Darnell,Mooney,,,,Knee,,Full Participation in Practice,2023-09-22 19:11:06,injury_reports_2023.csv,0.0,WR,CHI,Darnell Mooney,CHI,466,15,466,15,0.0
2023,REG,CHI,16,00-0036309,WR,Darnell Mooney,Darnell,Mooney,,,,Illness,,Full Participation in Practice,2023-12-22 20:30:10,injury_reports_2023.csv,0.0,WR,CHI,Darnell Mooney,CHI,466,15,466,15,0.0
2023,REG,CHI,17,00-0036309,WR,Darnell Mooney,Darnell,Mooney,Concussion,,Out,Concussion,,Did Not Participate In Practice,2023-12-29 21:48:58,injury_reports_2023.csv,3.0,WR,CHI,Darnell Mooney,CHI,466,15,466,15,93.2
2023,REG,CHI,18,00-0036309,WR,Darnell Mooney,Darnell,Mooney,Concussion,,Out,Concussion,,Did Not Participate In Practice,2024-01-05 19:58:16,injury_reports_2023.csv,3.0,WR,CHI,Darnell Mooney,CHI,466,15,466,15,93.2
2023,REG,CLV,3,00-0033885,TE,David Njoku,David,Njoku,,,,Not injury related - resting player,,Full Participation in Practice,2023-09-22 18:37:18,injury_reports_2023.csv,0.0,TE,CLE,David Njoku,CLV,558,17,558,17,0.0
2023,REG,CLV,4,00-0033885,TE,David Njoku,David,Njoku,Face,Arm,Questionable,,,"
    ",2023-09-30 17:12:14,injury_reports_2023.csv,1.0,TE,CLE,David Njoku,CLV,558,17,558,17,32.8235294117647
2023,REG,CLV,6,00-0033885,TE,David Njoku,David,Njoku,Hand,Face,Questionable,Hand,Face,Limited Participation in Practice,2023-10-13 19:24:00,injury_reports_2023.csv,1.0,TE,CLE,David Njoku,CLV,558,17,558,17,32.8235294117647
2023,REG,CLV,8,00-0033885,TE,David Njoku,David,Njoku,,,,Knee,,Limited Participation in Practice,2023-10-27 18:48:19,injury_reports_2023.csv,0.0,TE,CLE,David Njoku,CLV,558,17,558,17,0.0
2023,REG,CLV,9,00-0033885,TE,David Njoku,David,Njoku,,,,Ankle,,Full Participation in Practice,2023-11-03 19:11:51,injury_reports_2023.csv,0.0,TE,CLE,David Njoku,CLV,558,17,558,17,0.0
2023,REG,CLV,10,00-0033885,TE,David Njoku,David,Njoku,,,,Knee,,Full Participation in Practice,2023-11-10 20:46:04,injury_reports_2023.csv,0.0,TE,CLE,David Njoku,CLV,558,17,558,17,0.0
2023,REG,CLV,11,00-0033885,TE,David Njoku,David,Njoku,,,,Not injury related - resting player,Knee,Full Participation in Practice,2023-11-17 19:59:35,injury_reports_2023.csv,0.0,TE,CLE,David Njoku,CLV,558,17,558,17,0.0
2023,REG,CLV,12,00-0033885,TE,David Njoku,David,Njoku,,,,Not injury related - resting player,Knee,Full Participation in Practice,2023-11-24 20:14:07,injury_reports_2023.csv,0.0,TE,CLE,David Njoku,CLV,558,17,558,17,0.0
2023,REG,CLV,13,00-0033885,TE,David Njoku,David,Njoku,,,,Not injury related - resting player,Knee,Full Participation in Practice,2023-12-01 22:55:18,injury_reports_2023.csv,0.0,TE,CLE,David Njoku,CLV,558,17,558,17,0.0
2023,REG,CLV,14,00-0033885,TE,David Njoku,David,Njoku,,,,Not injury related - resting player,Knee,Limited Participation in Practice,2023-12-08 19:47:51,injury_reports_2023.csv,0.0,TE,CLE,David Njoku,CLV,558,17,558,17,0.0
2023,REG,CLV,15,00-0033885,TE,David Njoku,David,Njoku,,,,Not injury related - resting player,Knee,Full Participation in Practice,2023-12-15 19:56:04,injury_reports_2023.csv,0.0,TE,CLE,David Njoku,CLV,558,17,558,17,0.0
2023,REG,CLV,16,00-0033885,TE,David Njoku,David,Njoku,,,,Not injury related - resting player,Knee,Full Participation in Practice,2023-12-22 20:49:56,injury_reports_2023.csv,0.0,TE,CLE,David Njoku,CLV,558,17,558,17,0.0
2023,REG,CLV,17,00-0033885,TE,David Njoku,David,Njoku,,,,Not injury related - resting player,Knee,Full Participation in Practice,2023-12-27 20:26:02,injury_reports_2023.csv,0.0,TE,CLE,David Njoku,CLV,558,17,558,17,0.0
2023,REG,CLV,18,00-0033885,TE,David Njoku,David,Njoku,,,,Not injury related - resting player,"Knee, Illness",Limited Participation in Practice,2024-01-05 19:53:21,injury_reports_2023.csv,0.0,TE,CLE,David Njoku,CLV,558,17,558,17,0.0
2023,WC,CLV,19,00-0033885,TE,David Njoku,David,Njoku,,,,Not injury related - resting player,Knee,Full Participation in Practice,2024-01-11 20:13:25,injury_reports_2023.csv,0.0,TE,CLE,David Njoku,CLV,558,17,558,17,0.0
2023,REG,DET,3,00-0038627,WR,Antoine Green,Antoine,Green,,,,gameday concussion protocol evaluation,,Full Participation in Practice,2023-09-20 19:47:31,injury_reports_2023.csv,0.0,WR,DET,Antoine Green,DET,57,9,57,9,0.0
2023,REG,DET,3,00-0033943,WR,Josh Reynolds,Josh,Reynolds,Groin,,Questionable,Groin,,Full Participation in Practice,2023-09-22 19:54:26,injury_reports_2023.csv,1.0,WR,DET,Josh Reynolds,DET,580,20,580,20,29.0
2023,REG,DET,5,00-0033943,WR,Josh Reynolds,Josh,Reynolds,Groin,,Questionable,Groin,,Full Participation in Practice,2023-10-06 19:35:22,injury_reports_2023.csv,1.0,WR,DET,Josh Reynolds,DET,580,20,580,20,29.0
2023,REG,DET,15,00-0033943,WR,Josh Reynolds,Josh,Reynolds,Back,,Questionable,Back,,Limited Participation in Practice,2023-12-14 20:40:22,injury_reports_2023.csv,1.0,WR,DET,Josh Reynolds,DET,580,20,580,20,29.0
2023,REG,DET,3,00-0036963,WR,Amon-Ra St. Brown,Amon-Ra,St. Brown,Toe,,Questionable,Toe,,Full Participation in Practice,2023-09-22 19:54:26,injury_reports_2023.csv,1.0,WR,DET,Amon-Ra St. Brown,DET,691,19,691,19,36.36842105263158
2023,REG,DET,5,00-0036963,WR,Amon-Ra St. Brown,Amon-Ra,St. Brown,Abdomen,,Doubtful,Abdomen,,Did Not Participate In Practice,2023-10-06 19:36:03,injury_reports_2023.csv,2.0,WR,DET,Amon-Ra St. Brown,DET,691,19,691,19,72.73684210526316
2023,REG,DET,6,00-0036963,WR,Amon-Ra St. Brown,Amon-Ra,St. Brown,,,,Abdomen,,Full Participation in Practice,2023-10-13 19:51:13,injury_reports_2023.csv,0.0,WR,DET,Amon-Ra St. Brown,DET,691,19,691,19,0.0
2023,REG,DET,8,00-0036963,WR,Amon-Ra St. Brown,Amon-Ra,St. Brown,Illness,,Questionable,,,"
    ",2023-10-29 19:44:32,injury_reports_2023.csv,1.0,WR,DET,Amon-Ra St. Brown,DET,691,19,691,19,36.36842105263158
2023,REG,HST,3,00-0038977,WR,Tank Dell,Tank,Dell,,,,Thigh,,Full Participation in Practice,2023-09-22 19:59:25,injury_reports_2023.csv,0.0,WR,HOU,Tank Dell,HST,320,11,320,11,0.0
2023,REG,HST,4,00-0038977,WR,Tank Dell,Tank,Dell,,,,Not injury related - resting player,,Limited Participation in Practice,2023-09-27 21:45:24,injury_reports_2023.csv,0.0,WR,HOU,Tank Dell,HST,320,11,320,11,0.0
2023,REG,HST,6,00-0038977,WR,Tank Dell,Tank,Dell,Concussion,,Questionable,Concussion,,Limited Participation in Practice,2023-10-13 20:02:44,injury_reports_2023.csv,1.0,WR,HOU,Tank Dell,HST,320,11,320,11,29.09090909090909
2023,REG,HST,8,00-0038977,WR,Tank Dell,Tank,Dell,,,,Concussion,,Full Participation in Practice,2023-10-27 19:43:04,injury_reports_2023.csv,0.0,WR,HOU,Tank Dell,HST,320,11,320,11,0.0
2023,REG,HST,13,00-0038977,WR,Tank Dell,Tank,Dell,Calf,,Questionable,Calf,,Limited Participation in Practice,2023-12-01 21:37:34,injury_reports_2023.csv,1.0,WR,HOU,Tank Dell,HST,320,11,320,11,29.09090909090909
2023,REG,JAX,3,00-0033891,WR,Zay Jones,Zay,Jones,Knee,,Out,Knee,,Did Not Participate In Practice,2023-09-22 18:03:17,injury_reports_2023.csv,3.0,WR,JAX,Zay Jones,JAX,307,9,307,9,102.33333333333333
2023,REG,JAX,4,00-0033891,WR,Zay Jones,Zay,Jones,Knee,,Out,Knee,,Did Not Participate In Practice,2023-09-29 20:31:05,injury_reports_2023.csv,3.0,WR,JAX,Zay Jones,JAX,307,9,307,9,102.33333333333333
2023,REG,JAX,5,00-0033891,WR,Zay Jones,Zay,Jones,Knee,,Questionable,Knee,,Limited Participation in Practice,2023-10-06 21:38:21,injury_reports_2023.csv,1.0,WR,JAX,Zay Jones,JAX,307,9,307,9,34.111111111111114
2023,REG,JAX,6,00-0033891,WR,Zay Jones,Zay,Jones,Knee,,Out,Knee,,Did Not Participate In Practice,2023-10-13 19:32:01,injury_reports_2023.csv,3.0,WR,JAX,Zay Jones,JAX,307,9,307,9,102.33333333333333
2023,REG,JAX,7,00-0033891,WR,Zay Jones,Zay,Jones,Knee,,Out,Knee,,Did Not Participate In Practice,2023-10-18 18:48:58,injury_reports_2023.csv,3.0,WR,JAX,Zay Jones,JAX,307,9,307,9,102.33333333333333
2023,REG,JAX,8,00-0033891,WR,Zay Jones,Zay,Jones,Knee,,Out,Knee,,Did Not Participate In Practice,2023-10-27 18:22:27,injury_reports_2023.csv,3.0,WR,JAX,Zay Jones,JAX,307,9,307,9,102.33333333333333
2023,REG,JAX,10,00-0033891,WR,Zay Jones,Zay,Jones,Knee,,Out,Knee,,Limited Participation in Practice,2023-11-10 20:21:07,injury_reports_2023.csv,3.0,WR,JAX,Zay Jones,JAX,307,9,307,9,102.33333333333333
2023,REG,JAX,11,00-0033891,WR,Zay Jones,Zay,Jones,Knee,,Questionable,Knee,,Limited Participation in Practice,2023-11-17 18:30:00,injury_reports_2023.csv,1.0,WR,JAX,Zay Jones,JAX,307,9,307,9,34.111111111111114
2023,REG,JAX,12,00-0033891,WR,Zay Jones,Zay,Jones,Knee,,Questionable,Knee,,Limited Participation in Practice,2023-11-24 20:16:57,injury_reports_2023.csv,1.0,WR,JAX,Zay Jones,JAX,307,9,307,9,34.111111111111114
2023,REG,JAX,14,00-0033891,WR,Zay Jones,Zay,Jones,,,,Knee,,Limited Participation in Practice,2023-12-08 20:08:01,injury_reports_2023.csv,0.0,WR,JAX,Zay Jones,JAX,307,9,307,9,0.0
2023,REG,JAX,15,00-0033891,WR,Zay Jones,Zay,Jones,,,,Knee,,Limited Participation in Practice,2023-12-15 19:49:11,injury_reports_2023.csv,0.0,WR,JAX,Zay Jones,JAX,307,9,307,9,0.0
2023,REG,JAX,16,00-0033891,WR,Zay Jones,Zay,Jones,Knee,Hamstring,Questionable,Knee,Hamstring,Limited Participation in Practice,2023-12-22 19:55:30,injury_reports_2023.csv,1.0,WR,JAX,Zay Jones,JAX,307,9,307,9,34.111111111111114
2023,REG,JAX,17,00-0033891,WR,Zay Jones,Zay,Jones,Knee,Hamstring,Questionable,Knee,Hamstring,Limited Participation in Practice,2023-12-29 19:44:05,injury_reports_2023.csv,1.0,WR,JAX,Zay Jones,JAX,307,9,307,9,34.111111111111114
2023,REG,JAX,18,00-0033891,WR,Zay Jones,Zay,Jones,Knee,Hamstring,Questionable,Knee,Hamstring,Limited Participation in Practice,2024-01-05 18:52:04,injury_reports_2023.csv,1.0,WR,JAX,Zay Jones,JAX,307,9,307,9,34.111111111111114
2023,REG,KC,3,00-0034386,WR,Justin Watson,Justin,Watson,,,,Ankle,,Full Participation in Practice,2023-09-22 19:28:21,injury_reports_2023.csv,0.0,WR,KC,Justin Watson,KC,463,20,463,20,0.0
2023,REG,KC,4,00-0034386,WR,Justin Watson,Justin,Watson,,,,Ankle,,Full Participation in Practice,2023-09-29 18:50:13,injury_reports_2023.csv,0.0,WR,KC,Justin Watson,KC,463,20,463,20,0.0
2023,REG,KC,7,00-0034386,WR,Justin Watson,Justin,Watson,Elbow,,Out,Elbow,,Did Not Participate In Practice,2023-10-20 20:12:11,injury_reports_2023.csv,3.0,WR,KC,Justin Watson,KC,463,20,463,20,69.45
2023,REG,KC,8,00-0034386,WR,Justin Watson,Justin,Watson,,,,Elbow,,Full Participation in Practice,2023-10-27 18:53:18,injury_reports_2023.csv,0.0,WR,KC,Justin Watson,KC,463,20,463,20,0.0
2023,REG,KC,9,00-0034386,WR,Justin Watson,Justin,Watson,,,,Elbow,,Full Participation in Practice,2023-11-03 21:29:44,injury_reports_2023.csv,0.0,WR,KC,Justin Watson,KC,463,20,463,20,0.0
2023,REG,KC,11,00-0034386,WR,Justin Watson,Justin,Watson,,,,Elbow,,Full Participation in Practice,2023-11-18 19:23:44,injury_reports_2023.csv,0.0,WR,KC,Justin Watson,KC,463,20,463,20,0.0
2023,REG,LAC,3,00-0033536,WR,Mike Williams,Mike,Williams,,,,Ankle,,Full Participation in Practice,2023-09-22 20:06:35,injury_reports_2023.csv,0.0,WR,LAC,Mike Williams,LAC,107,3,107,3,0.0
2023,REG,MIA,3,00-0033040,WR,Tyreek Hill,Tyreek,Hill,,,,Ankle,,Full Participation in Practice,2023-09-22 19:50:47,injury_reports_2023.csv,0.0,WR,MIA,Tyreek Hill,MIA,500,17,500,17,0.0
2023,REG,MIA,6,00-0033040,WR,Tyreek Hill,Tyreek,Hill,,,,Not injury related - resting player,,Limited Participation in Practice,2023-10-11 20:27:24,injury_reports_2023.csv,0.0,WR,MIA,Tyreek Hill,MIA,500,17,500,17,0.0
2023,REG,MIA,8,00-0033040,WR,Tyreek Hill,Tyreek,Hill,,,,Hip,,Limited Participation in Practice,2023-10-27 19:53:45,injury_reports_2023.csv,0.0,WR,MIA,Tyreek Hill,MIA,500,17,500,17,0.0
2023,REG,MIA,11,00-0033040,WR,Tyreek Hill,Tyreek,Hill,,,,Foot,,Limited Participation in Practice,2023-11-17 20:48:27,injury_reports_2023.csv,0.0,WR,MIA,Tyreek Hill,MIA,500,17,500,17,0.0
2023,REG,MIA,12,00-0033040,WR,Tyreek Hill,Tyreek,Hill,,,,Hand,,Limited Participation in Practice,2023-11-23 16:47:27,injury_reports_2023.csv,0.0,WR,MIA,Tyreek Hill,MIA,500,17,500,17,0.0
2023,REG,MIA,13,00-0033040,WR,Tyreek Hill,Tyreek,Hill,,,,Ankle,,Limited Participation in Practice,2023-12-01 20:17:58,injury_reports_2023.csv,0.0,WR,MIA,Tyreek Hill,MIA,500,17,500,17,0.0
2023,REG,MIA,14,00-0033040,WR,Tyreek Hill,Tyreek,Hill,,,,Ankle,Wrist,Limited Participation in Practice,2023-12-09 21:29:04,injury_reports_2023.csv,0.0,WR,MIA,Tyreek Hill,MIA,500,17,500,17,0.0
2023,REG,MIA,15,00-0033040,WR,Tyreek Hill,Tyreek,Hill,Ankle,,Questionable,Ankle,,Did Not Participate In Practice,2023-12-15 20:57:32,injury_reports_2023.csv,1.0,WR,MIA,Tyreek Hill,MIA,500,17,500,17,29.41176470588235
2023,REG,MIA,16,00-0033040,WR,Tyreek Hill,Tyreek,Hill,Ankle,,Questionable,Ankle,,Limited Participation in Practice,2023-12-22 20:57:44,injury_reports_2023.csv,1.0,WR,MIA,Tyreek Hill,MIA,500,17,500,17,29.41176470588235
2023,REG,MIA,17,00-0033040,WR,Tyreek Hill,Tyreek,Hill,,,,Ankle,,Full Participation in Practice,2023-12-29 20:53:57,injury_reports_2023.csv,0.0,WR,MIA,Tyreek Hill,MIA,500,17,500,17,0.0
2023,REG,MIA,18,00-0033040,WR,Tyreek Hill,Tyreek,Hill,,,,Ankle,,Full Participation in Practice,2024-01-05 20:49:08,injury_reports_2023.csv,0.0,WR,MIA,Tyreek Hill,MIA,500,17,500,17,0.0
2023,WC,MIA,19,00-0033040,WR,Tyreek Hill,Tyreek,Hill,,,,Ankle,Quadricep,Limited Participation in Practice,2024-01-11 20:56:07,injury_reports_2023.csv,0.0,WR,MIA,Tyreek Hill,MIA,500,17,500,17,0.0
2023,REG,MIN,3,00-0037291,WR,Jalen Nailor,Jalen,Nailor,,,,Hamstring,,Limited Participation in Practice,2023-09-20 21:30:45,injury_reports_2023.csv,0.0,WR,MIN,Jalen Nailor,MIN,53,4,53,4,0.0
2023,REG,MIN,7,00-0037291,WR,Jalen Nailor,Jalen,Nailor,Hamstring,,Questionable,Hamstring,,Limited Participation in Practice,2023-10-21 19:03:23,injury_reports_2023.csv,1.0,WR,MIN,Jalen Nailor,MIN,53,4,53,4,13.25
2023,REG,MIN,8,00-0037291,WR,Jalen Nailor,Jalen,Nailor,Hamstring,,Questionable,Hamstring,,Limited Participation in Practice,2023-10-27 18:42:15,injury_reports_2023.csv,1.0,WR,MIN,Jalen Nailor,MIN,53,4,53,4,13.25
2023,REG,MIN,9,00-0037291,WR,Jalen Nailor,Jalen,Nailor,Hamstring,,Questionable,Hamstring,,Full Participation in Practice,2023-11-03 19:08:17,injury_reports_2023.csv,1.0,WR,MIN,Jalen Nailor,MIN,53,4,53,4,13.25
2023,REG,MIN,10,00-0037291,WR,Jalen Nailor,Jalen,Nailor,,,,Hamstring,,Full Participation in Practice,2023-11-10 19:50:40,injury_reports_2023.csv,0.0,WR,MIN,Jalen Nailor,MIN,53,4,53,4,0.0
2023,REG,MIN,15,00-0037291,WR,Jalen Nailor,Jalen,Nailor,Concussion,,Out,Concussion,,Did Not Participate In Practice,2023-12-14 19:48:52,injury_reports_2023.csv,3.0,WR,MIN,Jalen Nailor,MIN,53,4,53,4,39.75
2023,REG,MIN,16,00-0037291,WR,Jalen Nailor,Jalen,Nailor,Concussion,,Out,Concussion,,Did Not Participate In Practice,2023-12-22 19:47:26,injury_reports_2023.csv,3.0,WR,MIN,Jalen Nailor,MIN,53,4,53,4,39.75
2023,REG,MIN,17,00-0037291,WR,Jalen Nailor,Jalen,Nailor,Concussion,,Out,Concussion,,Did Not Participate In Practice,2023-12-29 19:33:14,injury_reports_2023.csv,3.0,WR,MIN,Jalen Nailor,MIN,53,4,53,4,39.75
2023,REG,MIN,18,00-0037291,WR,Jalen Nailor,Jalen,Nailor,Concussion,,Out,Concussion,,Did Not Participate In Practice,2024-01-05 19:48:41,injury_reports_2023.csv,3.0,WR,MIN,Jalen Nailor,MIN,53,4,53,4,39.75
2023,REG,NO,3,00-0034981,TE,Foster Moreau,Foster,Moreau,Ankle,,Doubtful,Ankle,,Did Not Participate In Practice,2023-09-22 19:11:04,injury_reports_2023.csv,2.0,TE,NO,Foster Moreau,NO,154,15,154,15,20.533333333333335
2023,REG,NO,4,00-0034981,TE,Foster Moreau,Foster,Moreau,Ankle,,Questionable,Ankle,,Limited Participation in Practice,2023-09-29 19:09:46,injury_reports_2023.csv,1.0,TE,NO,Foster Moreau,NO,154,15,154,15,10.266666666666667
2023,REG,NO,5,00-0034981,TE,Foster Moreau,Foster,Moreau,,,,Ankle,,Full Participation in Practice,2023-10-06 19:37:04,injury_reports_2023.csv,0.0,TE,NO,Foster Moreau,NO,154,15,154,15,0.0
2023,REG,PHI,3,00-0036912,WR,DeVonta Smith,DeVonta,Smith,,,,Hamstring,Thigh,Full Participation in Practice,2023-09-23 19:48:22,injury_reports_2023.csv,0.0,WR,PHI,DeVonta Smith,PHI,636,17,636,17,0.0
2023,REG,PHI,4,00-0036912,WR,DeVonta Smith,DeVonta,Smith,,,,Illness,,Limited Participation in Practice,2023-09-29 19:36:38,injury_reports_2023.csv,0.0,WR,PHI,DeVonta Smith,PHI,636,17,636,17,0.0
2023,REG,PHI,7,00-0036912,WR,DeVonta Smith,DeVonta,Smith,,,,Hamstring,,Limited Participation in Practice,2023-10-20 19:53:23,injury_reports_2023.csv,0.0,WR,PHI,DeVonta Smith,PHI,636,17,636,17,0.0
2023,REG,PHI,12,00-0036912,WR,DeVonta Smith,DeVonta,Smith,,,,Knee,,Did Not Participate In Practice,2023-11-24 20:43:03,injury_reports_2023.csv,0.0,WR,PHI,DeVonta Smith,PHI,636,17,636,17,0.0
2023,REG,PHI,13,00-0036912,WR,DeVonta Smith,DeVonta,Smith,,,,Knee,,Full Participation in Practice,2023-12-01 20:50:31,injury_reports_2023.csv,0.0,WR,PHI,DeVonta Smith,PHI,636,17,636,17,0.0
2023,REG,PHI,16,00-0036912,WR,DeVonta Smith,DeVonta,Smith,,,,Knee,,Limited Participation in Practice,2023-12-23 20:42:34,injury_reports_2023.csv,0.0,WR,PHI,DeVonta Smith,PHI,636,17,636,17,0.0
2023,REG,PHI,18,00-0036912,WR,DeVonta Smith,DeVonta,Smith,Ankle,,Out,Ankle,,Did Not Participate In Practice,2024-01-05 20:54:37,injury_reports_2023.csv,3.0,WR,PHI,DeVonta Smith,PHI,636,17,636,17,112.23529411764706
2023,WC,PHI,19,00-0036912,WR,DeVonta Smith,DeVonta,Smith,,,,Ankle,,Full Participation in Practice,2024-01-13 20:45:59,injury_reports_2023.csv,0.0,WR,PHI,DeVonta Smith,PHI,636,17,636,17,0.0
2023,REG,PHI,3,00-0036741,TE,Jack Stoll,Jack,Stoll,,,,Ankle,,Full Participation in Practice,2023-09-23 19:48:30,injury_reports_2023.csv,0.0,TE,PHI,Jack Stoll,PHI,152,18,152,18,0.0
2023,REG,PHI,6,00-0036741,TE,Jack Stoll,Jack,Stoll,,,,Shoulder,,Full Participation in Practice,2023-10-13 19:41:22,injury_reports_2023.csv,0.0,TE,PHI,Jack Stoll,PHI,152,18,152,18,0.0
2023,REG,PHI,9,00-0036741,TE,Jack Stoll,Jack,Stoll,,,,Ankle,,Full Participation in Practice,2023-11-03 19:53:17,injury_reports_2023.csv,0.0,TE,PHI,Jack Stoll,PHI,152,18,152,18,0.0
2023,REG,PHI,14,00-0036741,TE,Jack Stoll,Jack,Stoll,,,,Knee,,Full Participation in Practice,2023-12-08 20:48:03,injury_reports_2023.csv,0.0,TE,PHI,Jack Stoll,PHI,152,18,152,18,0.0
2023,REG,PHI,3,00-0036271,WR,Quez Watkins,Quez,Watkins,Hamstring,,Out,Hamstring,,Did Not Participate In Practice,2023-09-23 19:49:27,injury_reports_2023.csv,3.0,WR,PHI,Quez Watkins,PHI,225,9,225,9,75.0
2023,REG,PHI,4,00-0036271,WR,Quez Watkins,Quez,Watkins,Hamstring,,Out,Hamstring,,Limited Participation in Practice,2023-09-29 19:37:11,injury_reports_2023.csv,3.0,WR,PHI,Quez Watkins,PHI,225,9,225,9,75.0
2023,REG,PHI,5,00-0036271,WR,Quez Watkins,Quez,Watkins,,,,Hamstring,,Full Participation in Practice,2023-10-06 19:51:55,injury_reports_2023.csv,0.0,WR,PHI,Quez Watkins,PHI,225,9,225,9,0.0
2023,REG,PHI,6,00-0036271,WR,Quez Watkins,Quez,Watkins,Hamstring,,Out,Hamstring,,Did Not Participate In Practice,2023-10-13 19:51:36,injury_reports_2023.csv,3.0,WR,PHI,Quez Watkins,PHI,225,9,225,9,75.0
2023,REG,PHI,12,00-0036271,WR,Quez Watkins,Quez,Watkins,Hamstring,,Questionable,Hamstring,,Limited Participation in Practice,2023-11-24 20:43:48,injury_reports_2023.csv,1.0,WR,PHI,Quez Watkins,PHI,225,9,225,9,25.0
2023,REG,PIT,3,00-0038558,TE,Darnell Washington,Darnell,Washington,,,,Knee,,Full Participation in Practice,2023-09-22 18:51:36,injury_reports_2023.csv,0.0,TE,PIT,Darnell Washington,PIT,145,18,145,18,0.0
2023,REG,PIT,4,00-0038558,TE,Darnell Washington,Darnell,Washington,,,,Knee,,Full Participation in Practice,2023-09-29 19:16:24,injury_reports_2023.csv,0.0,TE,PIT,Darnell Washington,PIT,145,18,145,18,0.0
2023,REG,SEA,3,00-0035644,TE,Noah Fant,Noah,Fant,,,,Ribs,,Full Participation in Practice,2023-09-20 22:54:25,injury_reports_2023.csv,0.0,TE,SEA,Noah Fant,SEA,320,17,320,17,0.0
2023,REG,SEA,4,00-0035644,TE,Noah Fant,Noah,Fant,Knee,,Questionable,Knee,,Did Not Participate In Practice,2023-09-30 19:53:58,injury_reports_2023.csv,1.0,TE,SEA,Noah Fant,SEA,320,17,320,17,18.823529411764707
2023,REG,SEA,8,00-0035644,TE,Noah Fant,Noah,Fant,,,,Toe,,Full Participation in Practice,2023-10-27 21:06:01,injury_reports_2023.csv,0.0,TE,SEA,Noah Fant,SEA,320,17,320,17,0.0
2023,REG,SEA,10,00-0035644,TE,Noah Fant,Noah,Fant,,,,Wrist,,Full Participation in Practice,2023-11-10 22:14:48,injury_reports_2023.csv,0.0,TE,SEA,Noah Fant,SEA,320,17,320,17,0.0
2023,REG,SEA,16,00-0035644,TE,Noah Fant,Noah,Fant,,,,Toe,,Full Participation in Practice,2023-12-22 22:12:41,injury_reports_2023.csv,0.0,TE,SEA,Noah Fant,SEA,320,17,320,17,0.0
2023,REG,SEA,17,00-0035644,TE,Noah Fant,Noah,Fant,,,,Knee,,Full Participation in Practice,2023-12-29 22:09:18,injury_reports_2023.csv,0.0,TE,SEA,Noah Fant,SEA,320,17,320,17,0.0
2023,REG,SF,3,00-0036261,WR,Brandon Aiyuk,Brandon,Aiyuk,Shoulder,,Questionable,Shoulder,,Limited Participation in Practice,2023-09-20 19:26:42,injury_reports_2023.csv,1.0,WR,SF,Brandon Aiyuk,SF,563,19,563,19,29.63157894736842
2023,REG,SF,4,00-0036261,WR,Brandon Aiyuk,Brandon,Aiyuk,,,,Shoulder,,Full Participation in Practice,2023-09-29 20:19:38,injury_reports_2023.csv,0.0,WR,SF,Brandon Aiyuk,SF,563,19,563,19,0.0
2023,REG,WAS,3,00-0031260,TE,Logan Thomas,Logan,Thomas,Concussion,,Out,Concussion,,Did Not Participate In Practice,2023-09-22 17:22:31,injury_reports_2023.csv,3.0,TE,WAS,Logan Thomas,WAS,515,16,515,16,96.5625
2023,REG,WAS,4,00-0031260,TE,Logan Thomas,Logan,Thomas,,,,Concussion,,Full Participation in Practice,2023-09-29 17:29:43,injury_reports_2023.csv,0.0,TE,WAS,Logan Thomas,WAS,515,16,515,16,0.0
2023,REG,WAS,9,00-0031260,TE,Logan Thomas,Logan,Thomas,,,,Heel,,Full Participation in Practice,2023-11-03 17:24:05,injury_reports_2023.csv,0.0,TE,WAS,Logan Thomas,WAS,515,16,515,16,0.0
2023,REG,BLT,4,00-0036550,WR,Rashod Bateman,Rashod,Bateman,Hamstring,,Out,Hamstring,,Did Not Participate In Practice,2023-09-29 19:22:04,injury_reports_2023.csv,3.0,WR,BAL,Rashod Bateman,BLT,389,18,389,18,64.83333333333333
2023,REG,BLT,5,00-0036550,WR,Rashod Bateman,Rashod,Bateman,,,,Hamstring,,Full Participation in Practice,2023-10-06 18:44:53,injury_reports_2023.csv,0.0,WR,BAL,Rashod Bateman,BLT,389,18,389,18,0.0
2023,REG,BLT,10,00-0036550,WR,Rashod Bateman,Rashod,Bateman,,,,Back,,Full Participation in Practice,2023-11-10 20:59:17,injury_reports_2023.csv,0.0,WR,BAL,Rashod Bateman,BLT,389,18,389,18,0.0
2023,REG,BLT,12,00-0036550,WR,Rashod Bateman,Rashod,Bateman,,,,Foot,,Full Participation in Practice,2023-11-24 21:21:56,injury_reports_2023.csv,0.0,WR,BAL,Rashod Bateman,BLT,389,18,389,18,0.0
2023,REG,BLT,14,00-0036550,WR,Rashod Bateman,Rashod,Bateman,,,,Illness,,Full Participation in Practice,2023-12-08 20:44:58,injury_reports_2023.csv,0.0,WR,BAL,Rashod Bateman,BLT,389,18,389,18,0.0
2023,REG,CAR,4,00-0039062,WR,Jonathan Mingo,Jonathan,Mingo,Concussion,,Questionable,Concussion,,Full Participation in Practice,2023-09-29 17:07:23,injury_reports_2023.csv,1.0,WR,CAR,Jonathan Mingo,CAR,539,15,539,15,35.93333333333333
2023,REG,CAR,13,00-0039062,WR,Jonathan Mingo,Jonathan,Mingo,,,,Achilles,,Full Participation in Practice,2023-12-01 17:49:57,injury_reports_2023.csv,0.0,WR,CAR,Jonathan Mingo,CAR,539,15,539,15,0.0
2023,REG,CIN,4,00-0038576,WR,Charlie Jones,Charlie,Jones,Thumb,,Out,Thumb,,Did Not Participate In Practice,2023-09-29 18:03:36,injury_reports_2023.csv,3.0,WR,CIN,Charlie Jones,CIN,30,8,30,8,11.25
2023,REG,CIN,10,00-0038576,WR,Charlie Jones,Charlie,Jones,Thumb,,Questionable,Thumb,,Full Participation in Practice,2023-11-10 19:02:23,injury_reports_2023.csv,1.0,WR,CIN,Charlie Jones,CIN,30,8,30,8,3.75
2023,REG,CIN,11,00-0038576,WR,Charlie Jones,Charlie,Jones,Thumb,,Questionable,Thumb,,Full Participation in Practice,2023-11-15 18:27:54,injury_reports_2023.csv,1.0,WR,CIN,Charlie Jones,CIN,30,8,30,8,3.75
2023,REG,DAL,4,00-0036358,WR,CeeDee Lamb,CeeDee,Lamb,,,,Not injury related - resting player,,Did Not Participate In Practice,2023-09-27 19:32:07,injury_reports_2023.csv,0.0,WR,DAL,CeeDee Lamb,DAL,692,18,692,18,0.0
2023,REG,DAL,5,00-0036358,WR,CeeDee Lamb,CeeDee,Lamb,,,,Not injury related - resting player,Knee,Full Participation in Practice,2023-10-06 19:30:07,injury_reports_2023.csv,0.0,WR,DAL,CeeDee Lamb,DAL,692,18,692,18,0.0
2023,REG,DAL,12,00-0036358,WR,CeeDee Lamb,CeeDee,Lamb,,,,Ankle,,Full Participation in Practice,2023-11-22 17:18:33,injury_reports_2023.csv,0.0,WR,DAL,CeeDee Lamb,DAL,692,18,692,18,0.0
2023,REG,DAL,4,00-0037569,TE,Peyton Hendershot,Peyton,Hendershot,Ankle,,Questionable,Ankle,,Limited Participation in Practice,2023-09-29 18:49:50,injury_reports_2023.csv,1.0,TE,DAL,Peyton Hendershot,DAL,65,9,65,9,7.222222222222222
2023,REG,DAL,5,00-0037569,TE,Peyton Hendershot,Peyton,Hendershot,Ankle,,Out,Ankle,,Did Not Participate In Practice,2023-10-06 19:31:06,injury_reports_2023.csv,3.0,TE,DAL,Peyton Hendershot,DAL,65,9,65,9,21.666666666666668
2023,REG,DAL,11,00-0037569,TE,Peyton Hendershot,Peyton,Hendershot,,,,Ankle,,Full Participation in Practice,2023-11-17 19:27:10,injury_reports_2023.csv,0.0,TE,DAL,Peyton Hendershot,DAL,65,9,65,9,0.0
2023,REG,DAL,12,00-0037569,TE,Peyton Hendershot,Peyton,Hendershot,,,,Ankle,,Full Participation in Practice,2023-11-22 17:18:33,injury_reports_2023.csv,0.0,TE,DAL,Peyton Hendershot,DAL,65,9,65,9,0.0
2023,REG,DAL,13,00-0037569,TE,Peyton Hendershot,Peyton,Hendershot,Ankle,,Questionable,Ankle,,Full Participation in Practice,2023-11-29 22:55:17,injury_reports_2023.csv,1.0,TE,DAL,Peyton Hendershot,DAL,65,9,65,9,7.222222222222222
2023,REG,DAL,14,00-0037569,TE,Peyton Hendershot,Peyton,Hendershot,Ankle,,Questionable,Ankle,,Full Participation in Practice,2023-12-08 20:48:24,injury_reports_2023.csv,1.0,TE,DAL,Peyton Hendershot,DAL,65,9,65,9,7.222222222222222
2023,REG,JAX,4,00-0033572,WR,Jamal Agnew,Jamal,Agnew,Quadricep,,Questionable,Quadricep,,Limited Participation in Practice,2023-09-29 20:30:32,injury_reports_2023.csv,1.0,WR,JAX,Jamal Agnew,JAX,150,10,150,10,15.0
2023,REG,JAX,5,00-0033572,WR,Jamal Agnew,Jamal,Agnew,Quadricep,,Questionable,Quadricep,,Limited Participation in Practice,2023-10-06 21:38:21,injury_reports_2023.csv,1.0,WR,JAX,Jamal Agnew,JAX,150,10,150,10,15.0
2023,REG,JAX,11,00-0033572,WR,Jamal Agnew,Jamal,Agnew,Shoulder,Ribs,Out,Shoulder,Ribs,Did Not Participate In Practice,2023-11-17 18:30:09,injury_reports_2023.csv,3.0,WR,JAX,Jamal Agnew,JAX,150,10,150,10,45.0
2023,REG,JAX,15,00-0033572,WR,Jamal Agnew,Jamal,Agnew,Shoulder,,Questionable,Shoulder,,Limited Participation in Practice,2023-12-15 19:50:10,injury_reports_2023.csv,1.0,WR,JAX,Jamal Agnew,JAX,150,10,150,10,15.0
2023,REG,KC,4,00-0036637,TE,Noah Gray,Noah,Gray,,,,Illness,,Full Participation in Practice,2023-09-29 18:50:21,injury_reports_2023.csv,0.0,TE,KC,Noah Gray,KC,379,21,379,21,0.0
2023,REG,KC,18,00-0036637,TE,Noah Gray,Noah,Gray,,,,Ribs,,Full Participation in Practice,2024-01-05 21:00:51,injury_reports_2023.csv,0.0,TE,KC,Noah Gray,KC,379,21,379,21,0.0
2023,WC,KC,19,00-0036637,TE,Noah Gray,Noah,Gray,,,,Elbow,,Full Participation in Practice,2024-01-11 20:19:40,injury_reports_2023.csv,0.0,TE,KC,Noah Gray,KC,379,21,379,21,0.0
2023,REG,LA,4,00-0033110,TE,Tyler Higbee,Tyler,Higbee,Achilles,,Questionable,Achilles,,Limited Participation in Practice,2023-09-29 19:52:11,injury_reports_2023.csv,1.0,TE,LA,Tyler Higbee,LA,475,16,475,16,29.6875
2023,REG,LA,14,00-0033110,TE,Tyler Higbee,Tyler,Higbee,Neck,,Doubtful,Neck,,Did Not Participate In Practice,2023-12-08 20:52:30,injury_reports_2023.csv,2.0,TE,LA,Tyler Higbee,LA,475,16,475,16,59.375
2023,REG,LA,15,00-0033110,TE,Tyler Higbee,Tyler,Higbee,,,,Neck,,Full Participation in Practice,2023-12-15 20:04:16,injury_reports_2023.csv,0.0,TE,LA,Tyler Higbee,LA,475,16,475,16,0.0
2023,REG,LA,18,00-0033110,TE,Tyler Higbee,Tyler,Higbee,Shoulder,,Doubtful,Shoulder,,Did Not Participate In Practice,2024-01-05 20:39:01,injury_reports_2023.csv,2.0,TE,LA,Tyler Higbee,LA,475,16,475,16,59.375
2023,WC,LA,19,00-0033110,TE,Tyler Higbee,Tyler,Higbee,Shoulder,,Questionable,Shoulder,,Limited Participation in Practice,2024-01-12 20:42:50,injury_reports_2023.csv,1.0,TE,LA,Tyler Higbee,LA,475,16,475,16,29.6875
2023,REG,LA,4,00-0036862,WR,Ben Skowronek,Ben,Skowronek,Achilles,,Questionable,Achilles,,Limited Participation in Practice,2023-09-29 19:51:53,injury_reports_2023.csv,1.0,WR,LA,Ben Skowronek,LA,88,15,88,15,5.866666666666666
2023,REG,LA,5,00-0036862,WR,Ben Skowronek,Ben,Skowronek,,,,Achilles,,Full Participation in Practice,2023-10-06 19:45:00,injury_reports_2023.csv,0.0,WR,LA,Ben Skowronek,LA,88,15,88,15,0.0
2023,REG,LA,6,00-0036862,WR,Ben Skowronek,Ben,Skowronek,,,,Achilles,,Full Participation in Practice,2023-10-13 19:56:17,injury_reports_2023.csv,0.0,WR,LA,Ben Skowronek,LA,88,15,88,15,0.0
2023,REG,LA,7,00-0036862,WR,Ben Skowronek,Ben,Skowronek,Achilles,,Questionable,Ankle,,Limited Participation in Practice,2023-10-20 19:56:14,injury_reports_2023.csv,1.0,WR,LA,Ben Skowronek,LA,88,15,88,15,5.866666666666666
2023,REG,LA,8,00-0036862,WR,Ben Skowronek,Ben,Skowronek,Achilles,,Questionable,Achilles,,Limited Participation in Practice,2023-10-27 19:46:45,injury_reports_2023.csv,1.0,WR,LA,Ben Skowronek,LA,88,15,88,15,5.866666666666666
2023,REG,LA,9,00-0036862,WR,Ben Skowronek,Ben,Skowronek,,,,Achilles,,Full Participation in Practice,2023-11-03 19:42:22,injury_reports_2023.csv,0.0,WR,LA,Ben Skowronek,LA,88,15,88,15,0.0
2023,REG,LA,12,00-0036862,WR,Ben Skowronek,Ben,Skowronek,Hip,,Questionable,Hip,,Limited Participation in Practice,2023-11-24 21:53:49,injury_reports_2023.csv,1.0,WR,LA,Ben Skowronek,LA,88,15,88,15,5.866666666666666
2023,REG,LA,13,00-0036862,WR,Ben Skowronek,Ben,Skowronek,,,,Hip,,Full Participation in Practice,2023-12-01 20:38:37,injury_reports_2023.csv,0.0,WR,LA,Ben Skowronek,LA,88,15,88,15,0.0
2023,REG,LA,15,00-0036862,WR,Ben Skowronek,Ben,Skowronek,,,,Ankle,,Full Participation in Practice,2023-12-15 20:05:19,injury_reports_2023.csv,0.0,WR,LA,Ben Skowronek,LA,88,15,88,15,0.0
2023,REG,LAC,4,00-0033895,TE,Gerald Everett,Gerald,Everett,,,,Illness,,Full Participation in Practice,2023-09-29 20:07:18,injury_reports_2023.csv,0.0,TE,LAC,Gerald Everett,LAC,326,15,326,15,0.0
2023,REG,LAC,8,00-0033895,TE,Gerald Everett,Gerald,Everett,Hip,,Questionable,Hip,,Full Participation in Practice,2023-10-27 20:24:34,injury_reports_2023.csv,1.0,TE,LAC,Gerald Everett,LAC,326,15,326,15,21.733333333333334
2023,REG,LAC,9,00-0033895,TE,Gerald Everett,Gerald,Everett,,,,Hip,,Full Participation in Practice,2023-11-04 20:18:03,injury_reports_2023.csv,0.0,TE,LAC,Gerald Everett,LAC,326,15,326,15,0.0
2023,REG,LAC,11,00-0033895,TE,Gerald Everett,Gerald,Everett,Chest,,Out,Chest,,Did Not Participate In Practice,2023-11-17 21:18:33,injury_reports_2023.csv,3.0,TE,LAC,Gerald Everett,LAC,326,15,326,15,65.2
2023,REG,LAC,12,00-0033895,TE,Gerald Everett,Gerald,Everett,Chest,,Questionable,Chest,,Full Participation in Practice,2023-11-24 21:14:07,injury_reports_2023.csv,1.0,TE,LAC,Gerald Everett,LAC,326,15,326,15,21.733333333333334
2023,REG,LAC,13,00-0033895,TE,Gerald Everett,Gerald,Everett,,,,Shoulder,,Full Participation in Practice,2023-12-01 22:14:09,injury_reports_2023.csv,0.0,TE,LAC,Gerald Everett,LAC,326,15,326,15,0.0
2023,REG,LAC,15,00-0033895,TE,Gerald Everett,Gerald,Everett,,,,Hip,,Full Participation in Practice,2023-12-13 22:28:32,injury_reports_2023.csv,0.0,TE,LAC,Gerald Everett,LAC,326,15,326,15,0.0
2023,REG,LAC,4,00-0030279,WR,Keenan Allen,Keenan,Allen,,,,Hip,,Limited Participation in Practice,2023-09-29 20:07:10,injury_reports_2023.csv,0.0,WR,LAC,Keenan Allen,LAC,527,13,527,13,0.0
2023,REG,LAC,7,00-0030279,WR,Keenan Allen,Keenan,Allen,,,,Not injury related - personal matter,,Did Not Participate In Practice,2023-10-19 21:19:21,injury_reports_2023.csv,0.0,WR,LAC,Keenan Allen,LAC,527,13,527,13,0.0
2023,REG,LAC,8,00-0030279,WR,Keenan Allen,Keenan,Allen,,,,Back,,Limited Participation in Practice,2023-10-27 20:22:10,injury_reports_2023.csv,0.0,WR,LAC,Keenan Allen,LAC,527,13,527,13,0.0
2023,REG,LAC,11,00-0030279,WR,Keenan Allen,Keenan,Allen,Shoulder,,Questionable,Shoulder,,Full Participation in Practice,2023-11-17 21:18:27,injury_reports_2023.csv,1.0,WR,LAC,Keenan Allen,LAC,527,13,527,13,40.53846153846154
2023,REG,LAC,12,00-0030279,WR,Keenan Allen,Keenan,Allen,,,,Shoulder,,Full Participation in Practice,2023-11-24 21:13:55,injury_reports_2023.csv,0.0,WR,LAC,Keenan Allen,LAC,527,13,527,13,0.0
2023,REG,LAC,13,00-0030279,WR,Keenan Allen,Keenan,Allen,Quadricep,,Questionable,Quadricep,,Limited Participation in Practice,2023-12-01 22:14:30,injury_reports_2023.csv,1.0,WR,LAC,Keenan Allen,LAC,527,13,527,13,40.53846153846154
2023,REG,LAC,14,00-0030279,WR,Keenan Allen,Keenan,Allen,,,,Not injury related - resting player,,Did Not Participate In Practice,2023-12-06 21:19:24,injury_reports_2023.csv,0.0,WR,LAC,Keenan Allen,LAC,527,13,527,13,0.0
2023,REG,LAC,15,00-0030279,WR,Keenan Allen,Keenan,Allen,Heel,,Out,Heel,,Did Not Participate In Practice,2023-12-13 22:29:21,injury_reports_2023.csv,3.0,WR,LAC,Keenan Allen,LAC,527,13,527,13,121.61538461538461
2023,REG,LAC,16,00-0030279,WR,Keenan Allen,Keenan,Allen,Heel,,Out,Heel,,Did Not Participate In Practice,2023-12-21 20:11:48,injury_reports_2023.csv,3.0,WR,LAC,Keenan Allen,LAC,527,13,527,13,121.61538461538461
2023,REG,LAC,17,00-0030279,WR,Keenan Allen,Keenan,Allen,Heel,,Out,Heel,,Did Not Participate In Practice,2023-12-29 20:23:32,injury_reports_2023.csv,3.0,WR,LAC,Keenan Allen,LAC,527,13,527,13,121.61538461538461
2023,REG,LAC,18,00-0030279,WR,Keenan Allen,Keenan,Allen,Heel,,Out,Heel,,Did Not Participate In Practice,2024-01-05 20:05:06,injury_reports_2023.csv,3.0,WR,LAC,Keenan Allen,LAC,527,13,527,13,121.61538461538461
2023,REG,MIA,4,00-0034054,WR,River Cracraft,River,Cracraft,,,,Shoulder,,Did Not Participate In Practice,2023-09-28 19:33:37,injury_reports_2023.csv,0.0,WR,MIA,River Cracraft,MIA,93,11,93,11,0.0
2023,REG,MIA,8,00-0034054,WR,River Cracraft,River,Cracraft,Shoulder,,Questionable,Shoulder,,Limited Participation in Practice,2023-10-27 19:54:10,injury_reports_2023.csv,1.0,WR,MIA,River Cracraft,MIA,93,11,93,11,8.454545454545455
2023,REG,MIA,9,00-0034054,WR,River Cracraft,River,Cracraft,Shoulder,,Questionable,Shoulder,,Limited Participation in Practice,2023-11-03 15:50:51,injury_reports_2023.csv,1.0,WR,MIA,River Cracraft,MIA,93,11,93,11,8.454545454545455
2023,REG,MIA,4,00-0038092,WR,Erik Ezukanma,Erik,Ezukanma,,,,Neck,,Did Not Participate In Practice,2023-09-28 19:33:37,injury_reports_2023.csv,0.0,WR,MIA,Erik Ezukanma,MIA,13,2,13,2,0.0
2023,REG,MIA,4,00-0034798,TE,Durham Smythe,Durham,Smythe,,,,Hamstring,,Full Participation in Practice,2023-09-29 19:55:37,injury_reports_2023.csv,0.0,TE,MIA,Durham Smythe,MIA,433,17,433,17,0.0
2023,REG,MIA,9,00-0034798,TE,Durham Smythe,Durham,Smythe,Ankle,,Questionable,Ankle,,Limited Participation in Practice,2023-11-03 15:50:51,injury_reports_2023.csv,1.0,TE,MIA,Durham Smythe,MIA,433,17,433,17,25.470588235294116
2023,REG,MIA,11,00-0034798,TE,Durham Smythe,Durham,Smythe,Ankle,,Questionable,Ankle,,Limited Participation in Practice,2023-11-17 20:50:13,injury_reports_2023.csv,1.0,TE,MIA,Durham Smythe,MIA,433,17,433,17,25.470588235294116
2023,REG,MIA,12,00-0034798,TE,Durham Smythe,Durham,Smythe,Ankle,,Questionable,Ankle,,Limited Participation in Practice,2023-11-23 16:47:32,injury_reports_2023.csv,1.0,TE,MIA,Durham Smythe,MIA,433,17,433,17,25.470588235294116
2023,REG,MIA,13,00-0034798,TE,Durham Smythe,Durham,Smythe,,,,Ankle,,Limited Participation in Practice,2023-12-01 20:17:58,injury_reports_2023.csv,0.0,TE,MIA,Durham Smythe,MIA,433,17,433,17,0.0
2023,REG,MIA,14,00-0034798,TE,Durham Smythe,Durham,Smythe,,,,Ankle,,Limited Participation in Practice,2023-12-09 21:29:04,injury_reports_2023.csv,0.0,TE,MIA,Durham Smythe,MIA,433,17,433,17,0.0
2023,REG,MIA,16,00-0034798,TE,Durham Smythe,Durham,Smythe,,,,Ankle,,Limited Participation in Practice,2023-12-22 20:56:16,injury_reports_2023.csv,0.0,TE,MIA,Durham Smythe,MIA,433,17,433,17,0.0
2023,REG,NYG,4,00-0038115,TE,Daniel Bellinger,Daniel,Bellinger,,,,Neck,,Full Participation in Practice,2023-09-30 18:03:10,injury_reports_2023.csv,0.0,TE,NYG,Daniel Bellinger,NYG,286,17,286,17,0.0
2023,REG,NYG,5,00-0038115,TE,Daniel Bellinger,Daniel,Bellinger,Knee,,Questionable,Knee,,Limited Participation in Practice,2023-10-06 18:15:15,injury_reports_2023.csv,1.0,TE,NYG,Daniel Bellinger,NYG,286,17,286,17,16.823529411764707
2023,REG,NYG,14,00-0038115,TE,Daniel Bellinger,Daniel,Bellinger,Illness,,Questionable,Illness,,Did Not Participate In Practice,2023-12-09 19:07:02,injury_reports_2023.csv,1.0,TE,NYG,Daniel Bellinger,NYG,286,17,286,17,16.823529411764707
2023,REG,PHI,4,00-0037132,WR,Britain Covey,Britain,Covey,,,,Hamstring,,Full Participation in Practice,2023-09-29 19:36:00,injury_reports_2023.csv,0.0,WR,PHI,Britain Covey,PHI,37,8,37,8,0.0
2023,REG,PHI,5,00-0037132,WR,Britain Covey,Britain,Covey,Concussion,,Questionable,Concussion,,Full Participation in Practice,2023-10-06 19:52:51,injury_reports_2023.csv,1.0,WR,PHI,Britain Covey,PHI,37,8,37,8,4.625
2023,WC,PHI,19,00-0037132,WR,Britain Covey,Britain,Covey,,,,Groin,,Full Participation in Practice,2024-01-13 20:46:09,injury_reports_2023.csv,0.0,WR,PHI,Britain Covey,PHI,37,8,37,8,0.0
2023,REG,PIT,4,00-0037304,TE,Connor Heyward,Connor,Heyward,,,,Ankle,,Full Participation in Practice,2023-09-29 19:16:01,injury_reports_2023.csv,0.0,TE,PIT,Connor Heyward,PIT,207,18,207,18,0.0
2023,REG,SF,4,00-0036259,WR,Jauan Jennings,Jauan,Jennings,Shin,,Doubtful,Shin,,Did Not Participate In Practice,2023-09-29 20:20:52,injury_reports_2023.csv,2.0,WR,SF,Jauan Jennings,SF,303,16,303,16,37.875
2023,REG,SF,5,00-0036259,WR,Jauan Jennings,Jauan,Jennings,,,,Shin,,Full Participation in Practice,2023-10-06 21:20:14,injury_reports_2023.csv,0.0,WR,SF,Jauan Jennings,SF,303,16,303,16,0.0
2023,REG,SF,16,00-0036259,WR,Jauan Jennings,Jauan,Jennings,Concussion,,Out,Concussion,,Did Not Participate In Practice,2023-12-23 21:56:28,injury_reports_2023.csv,3.0,WR,SF,Jauan Jennings,SF,303,16,303,16,56.8125
2023,REG,SF,17,00-0036259,WR,Jauan Jennings,Jauan,Jennings,Concussion,,Out,Concussion,,Did Not Participate In Practice,2023-12-29 20:58:12,injury_reports_2023.csv,3.0,WR,SF,Jauan Jennings,SF,303,16,303,16,56.8125
2023,REG,SF,18,00-0036259,WR,Jauan Jennings,Jauan,Jennings,Concussion,,Questionable,Concussion,,Limited Participation in Practice,2024-01-05 21:45:13,injury_reports_2023.csv,1.0,WR,SF,Jauan Jennings,SF,303,16,303,16,18.9375
2023,REG,SF,4,00-0035719,WR,Deebo Samuel,Deebo,Samuel,Ribs,Knee,Questionable,Ribs,Knee,Limited Participation in Practice,2023-09-29 20:20:35,injury_reports_2023.csv,1.0,WR,SF,Deebo Samuel,SF,459,18,459,18,25.5
2023,REG,SF,5,00-0035719,WR,Deebo Samuel,Deebo,Samuel,,,,Ribs,Knee,Full Participation in Practice,2023-10-06 21:20:20,injury_reports_2023.csv,0.0,WR,SF,Deebo Samuel,SF,459,18,459,18,0.0
2023,REG,SF,7,00-0035719,WR,Deebo Samuel,Deebo,Samuel,Shoulder,,Out,Shoulder,,Did Not Participate In Practice,2023-10-21 21:02:59,injury_reports_2023.csv,3.0,WR,SF,Deebo Samuel,SF,459,18,459,18,76.5
2023,REG,SF,8,00-0035719,WR,Deebo Samuel,Deebo,Samuel,Shoulder,,Out,Shoulder,,Did Not Participate In Practice,2023-10-27 21:09:07,injury_reports_2023.csv,3.0,WR,SF,Deebo Samuel,SF,459,18,459,18,76.5
2023,REG,SF,10,00-0035719,WR,Deebo Samuel,Deebo,Samuel,,,,Shoulder,,Full Participation in Practice,2023-11-10 20:56:43,injury_reports_2023.csv,0.0,WR,SF,Deebo Samuel,SF,459,18,459,18,0.0
2023,REG,SF,17,00-0035719,WR,Deebo Samuel,Deebo,Samuel,,,,Neck,,Full Participation in Practice,2023-12-29 20:56:58,injury_reports_2023.csv,0.0,WR,SF,Deebo Samuel,SF,459,18,459,18,0.0
2023,REG,TEN,4,00-0038589,TE,Josh Whyle,Josh,Whyle,,,,Illness,,Full Participation in Practice,2023-09-29 19:23:37,injury_reports_2023.csv,0.0,TE,TEN,Josh Whyle,TEN,58,11,58,11,0.0
2023,REG,TEN,5,00-0038589,TE,Josh Whyle,Josh,Whyle,,,,Ankle,,Full Participation in Practice,2023-10-06 19:21:01,injury_reports_2023.csv,0.0,TE,TEN,Josh Whyle,TEN,58,11,58,11,0.0
2023,REG,TEN,8,00-0038589,TE,Josh Whyle,Josh,Whyle,Concussion,,Out,Concussion,,Did Not Participate In Practice,2023-10-27 19:44:46,injury_reports_2023.csv,3.0,TE,TEN,Josh Whyle,TEN,58,11,58,11,15.818181818181818
2023,REG,TEN,9,00-0038589,TE,Josh Whyle,Josh,Whyle,,,,Concussion,,Full Participation in Practice,2023-11-01 19:20:05,injury_reports_2023.csv,0.0,TE,TEN,Josh Whyle,TEN,58,11,58,11,0.0
2023,REG,TEN,14,00-0038589,TE,Josh Whyle,Josh,Whyle,Knee,,Out,Knee,,Did Not Participate In Practice,2023-12-09 19:33:34,injury_reports_2023.csv,3.0,TE,TEN,Josh Whyle,TEN,58,11,58,11,15.818181818181818
2023,REG,TEN,15,00-0038589,TE,Josh Whyle,Josh,Whyle,Knee,,Out,Knee,,Did Not Participate In Practice,2023-12-15 19:48:39,injury_reports_2023.csv,3.0,TE,TEN,Josh Whyle,TEN,58,11,58,11,15.818181818181818
2023,REG,TEN,16,00-0038589,TE,Josh Whyle,Josh,Whyle,Knee,,Questionable,Knee,,Full Participation in Practice,2023-12-22 20:25:11,injury_reports_2023.csv,1.0,TE,TEN,Josh Whyle,TEN,58,11,58,11,5.2727272727272725
2023,REG,TEN,17,00-0038589,TE,Josh Whyle,Josh,Whyle,Knee,,Questionable,Knee,,Limited Participation in Practice,2023-12-29 19:57:51,injury_reports_2023.csv,1.0,TE,TEN,Josh Whyle,TEN,58,11,58,11,5.2727272727272725
2023,REG,CAR,5,00-0035956,TE,Giovanni Ricci,Giovanni,Ricci,,,,Shoulder,,Full Participation in Practice,2023-10-06 16:42:08,injury_reports_2023.csv,0.0,TE,CAR,Giovanni Ricci,CAR,5,2,5,2,0.0
2023,REG,CAR,6,00-0035956,TE,Giovanni Ricci,Giovanni,Ricci,Shoulder,,Out,Shoulder,,Did Not Participate In Practice,2023-10-13 16:47:38,injury_reports_2023.csv,3.0,TE,CAR,Giovanni Ricci,CAR,5,2,5,2,7.5
2023,REG,CAR,5,00-0036438,TE,Stephen Sullivan,Stephen,Sullivan,Hip,,Out,Hip,,Full Participation in Practice,2023-10-06 16:43:29,injury_reports_2023.csv,3.0,TE,CAR,Stephen Sullivan,CAR,127,11,127,11,34.63636363636363
2023,REG,CAR,6,00-0036438,TE,Stephen Sullivan,Stephen,Sullivan,Hip,,Questionable,Hip,,Full Participation in Practice,2023-10-13 16:49:37,injury_reports_2023.csv,1.0,TE,CAR,Stephen Sullivan,CAR,127,11,127,11,11.545454545454545
2023,REG,CAR,8,00-0036438,TE,Stephen Sullivan,Stephen,Sullivan,,,,Illness,,Full Participation in Practice,2023-10-27 16:34:00,injury_reports_2023.csv,0.0,TE,CAR,Stephen Sullivan,CAR,127,11,127,11,0.0
2023,REG,CAR,10,00-0036438,TE,Stephen Sullivan,Stephen,Sullivan,Shoulder,,Out,Shoulder,,Did Not Participate In Practice,2023-11-08 17:36:15,injury_reports_2023.csv,3.0,TE,CAR,Stephen Sullivan,CAR,127,11,127,11,34.63636363636363
2023,REG,CAR,11,00-0036438,TE,Stephen Sullivan,Stephen,Sullivan,Shoulder,,Questionable,Shoulder,,Full Participation in Practice,2023-11-17 18:35:21,injury_reports_2023.csv,1.0,TE,CAR,Stephen Sullivan,CAR,127,11,127,11,11.545454545454545
2023,REG,CAR,14,00-0036438,TE,Stephen Sullivan,Stephen,Sullivan,Shoulder,,Questionable,Shoulder,,Full Participation in Practice,2023-12-08 17:27:02,injury_reports_2023.csv,1.0,TE,CAR,Stephen Sullivan,CAR,127,11,127,11,11.545454545454545
2023,REG,CAR,16,00-0036438,TE,Stephen Sullivan,Stephen,Sullivan,,,,Shoulder,,Full Participation in Practice,2023-12-22 17:21:36,injury_reports_2023.csv,0.0,TE,CAR,Stephen Sullivan,CAR,127,11,127,11,0.0
2023,REG,CAR,17,00-0036438,TE,Stephen Sullivan,Stephen,Sullivan,,,,Wrist,,Full Participation in Practice,2023-12-29 18:53:16,injury_reports_2023.csv,0.0,TE,CAR,Stephen Sullivan,CAR,127,11,127,11,0.0
2023,REG,CIN,5,00-0036410,WR,Tee Higgins,Tee,Higgins,Ribs,,Questionable,Ribs,,Limited Participation in Practice,2023-10-06 19:31:17,injury_reports_2023.csv,1.0,WR,CIN,Tee Higgins,CIN,396,12,396,12,33.0
2023,REG,CIN,6,00-0036410,WR,Tee Higgins,Tee,Higgins,Ribs,,Questionable,Ribs,,Full Participation in Practice,2023-10-13 18:28:17,injury_reports_2023.csv,1.0,WR,CIN,Tee Higgins,CIN,396,12,396,12,33.0
2023,REG,CIN,10,00-0036410,WR,Tee Higgins,Tee,Higgins,Hamstring,,Out,Hamstring,,Did Not Participate In Practice,2023-11-10 19:01:11,injury_reports_2023.csv,3.0,WR,CIN,Tee Higgins,CIN,396,12,396,12,99.0
2023,REG,CIN,11,00-0036410,WR,Tee Higgins,Tee,Higgins,Hamstring,,Out,Hamstring,,Did Not Participate In Practice,2023-11-15 18:27:22,injury_reports_2023.csv,3.0,WR,CIN,Tee Higgins,CIN,396,12,396,12,99.0
2023,REG,CIN,12,00-0036410,WR,Tee Higgins,Tee,Higgins,Hamstring,,Out,Hamstring,,Did Not Participate In Practice,2023-11-24 19:13:39,injury_reports_2023.csv,3.0,WR,CIN,Tee Higgins,CIN,396,12,396,12,99.0
2023,REG,CIN,13,00-0036410,WR,Tee Higgins,Tee,Higgins,,,,Hamstring,Ankle,Full Participation in Practice,2023-12-02 19:23:55,injury_reports_2023.csv,0.0,WR,CIN,Tee Higgins,CIN,396,12,396,12,0.0
2023,REG,CIN,18,00-0036410,WR,Tee Higgins,Tee,Higgins,Hamstring,,Doubtful,Hamstring,,Did Not Participate In Practice,2024-01-05 19:31:17,injury_reports_2023.csv,2.0,WR,CIN,Tee Higgins,CIN,396,12,396,12,66.0
2023,REG,DET,5,00-0037282,TE,James Mitchell,James,Mitchell,Hamstring,,Doubtful,Hamstring,,Did Not Participate In Practice,2023-10-06 19:35:49,injury_reports_2023.csv,2.0,TE,DET,James Mitchell,DET,51,13,51,13,7.846153846153846
2023,REG,DET,6,00-0037282,TE,James Mitchell,James,Mitchell,Hamstring,,Out,Hamstring,,Did Not Participate In Practice,2023-10-13 19:53:30,injury_reports_2023.csv,3.0,TE,DET,James Mitchell,DET,51,13,51,13,11.76923076923077
2023,REG,DET,7,00-0037282,TE,James Mitchell,James,Mitchell,Hamstring,,Questionable,Hamstring,,Limited Participation in Practice,2023-10-20 19:47:56,injury_reports_2023.csv,1.0,TE,DET,James Mitchell,DET,51,13,51,13,3.923076923076923
2023,WC,DET,19,00-0037282,TE,James Mitchell,James,Mitchell,Hand,,Out,Hand,,Did Not Participate In Practice,2024-01-12 20:36:34,injury_reports_2023.csv,3.0,TE,DET,James Mitchell,DET,51,13,51,13,11.76923076923077
2023,REG,DET,5,00-0037240,WR,Jameson Williams,Jameson,Williams,not injury related - returning from suspension,,Questionable,not injury related - returning from suspension,,Full Participation in Practice,2023-10-06 19:35:22,injury_reports_2023.csv,1.0,WR,DET,Jameson Williams,DET,332,15,332,15,22.133333333333333
2023,REG,DET,18,00-0037240,WR,Jameson Williams,Jameson,Williams,Ankle,Illness,Out,Ankle,Illness,Did Not Participate In Practice,2024-01-05 20:43:04,injury_reports_2023.csv,3.0,WR,DET,Jameson Williams,DET,332,15,332,15,66.4
2023,WC,DET,19,00-0037240,WR,Jameson Williams,Jameson,Williams,,,,Ankle,,Full Participation in Practice,2024-01-12 20:35:13,injury_reports_2023.csv,0.0,WR,DET,Jameson Williams,DET,332,15,332,15,0.0
2023,REG,GB,5,00-0039144,TE,Luke Musgrave,Luke,Musgrave,,,,Concussion,,Full Participation in Practice,2023-10-07 19:43:15,injury_reports_2023.csv,0.0,TE,GB,Luke Musgrave,GB,296,13,296,13,0.0
2023,REG,GB,8,00-0039144,TE,Luke Musgrave,Luke,Musgrave,Ankle,,Questionable,Ankle,,Limited Participation in Practice,2023-10-27 19:32:06,injury_reports_2023.csv,1.0,TE,GB,Luke Musgrave,GB,296,13,296,13,22.76923076923077
2023,REG,GB,9,00-0039144,TE,Luke Musgrave,Luke,Musgrave,,,,Ankle,,Limited Participation in Practice,2023-11-03 19:30:17,injury_reports_2023.csv,0.0,TE,GB,Luke Musgrave,GB,296,13,296,13,0.0
2023,REG,GB,12,00-0039144,TE,Luke Musgrave,Luke,Musgrave,,,,Abdomen,,Did Not Participate In Practice,2023-11-21 20:47:48,injury_reports_2023.csv,0.0,TE,GB,Luke Musgrave,GB,296,13,296,13,0.0
2023,REG,GB,16,00-0039144,TE,Luke Musgrave,Luke,Musgrave,kidney,,Out,kidney,,Did Not Participate In Practice,2023-12-22 20:42:09,injury_reports_2023.csv,3.0,TE,GB,Luke Musgrave,GB,296,13,296,13,68.3076923076923
2023,REG,GB,17,00-0039144,TE,Luke Musgrave,Luke,Musgrave,kidney,,Doubtful,kidney,,Limited Participation in Practice,2023-12-29 19:44:37,injury_reports_2023.csv,2.0,TE,GB,Luke Musgrave,GB,296,13,296,13,45.53846153846154
2023,REG,GB,18,00-0039144,TE,Luke Musgrave,Luke,Musgrave,kidney,,Questionable,kidney,,Limited Participation in Practice,2024-01-05 20:03:48,injury_reports_2023.csv,1.0,TE,GB,Luke Musgrave,GB,296,13,296,13,22.76923076923077
2023,WC,GB,19,00-0039144,TE,Luke Musgrave,Luke,Musgrave,,,,kidney,,Full Participation in Practice,2024-01-12 20:12:00,injury_reports_2023.csv,0.0,TE,GB,Luke Musgrave,GB,296,13,296,13,0.0
2023,REG,IND,5,00-0033217,TE,Mo Alie-Cox,Mo,Alie-Cox,,,,Ankle,,Full Participation in Practice,2023-10-06 19:50:44,injury_reports_2023.csv,0.0,TE,IND,Mo Alie-Cox,IND,155,17,155,17,0.0
2023,REG,IND,6,00-0033217,TE,Mo Alie-Cox,Mo,Alie-Cox,Concussion,,Questionable,Concussion,,Full Participation in Practice,2023-10-13 19:29:42,injury_reports_2023.csv,1.0,TE,IND,Mo Alie-Cox,IND,155,17,155,17,9.117647058823529
2023,REG,JAX,5,00-0038606,WR,Parker Washington,Parker,Washington,Knee,,Out,Knee,,Did Not Participate In Practice,2023-10-06 21:39:03,injury_reports_2023.csv,3.0,WR,JAX,Parker Washington,JAX,177,7,177,7,75.85714285714286
2023,REG,JAX,11,00-0038606,WR,Parker Washington,Parker,Washington,Knee,,Questionable,Knee,,Limited Participation in Practice,2023-11-17 18:30:00,injury_reports_2023.csv,1.0,WR,JAX,Parker Washington,JAX,177,7,177,7,25.285714285714285
2023,REG,MIA,5,00-0034419,WR,Braxton Berrios,Braxton,Berrios,,,,Knee,,Full Participation in Practice,2023-10-06 19:52:39,injury_reports_2023.csv,0.0,WR,MIA,Braxton Berrios,MIA,335,17,335,17,0.0
2023,REG,MIA,6,00-0034419,WR,Braxton Berrios,Braxton,Berrios,,,,Knee,,Full Participation in Practice,2023-10-13 19:36:39,injury_reports_2023.csv,0.0,WR,MIA,Braxton Berrios,MIA,335,17,335,17,0.0
2023,REG,MIA,8,00-0034419,WR,Braxton Berrios,Braxton,Berrios,,,,Not injury related - personal matter,,Did Not Participate In Practice,2023-10-27 19:54:05,injury_reports_2023.csv,0.0,WR,MIA,Braxton Berrios,MIA,335,17,335,17,0.0
2023,REG,MIA,9,00-0034419,WR,Braxton Berrios,Braxton,Berrios,Hamstring,,Questionable,Hamstring,,Limited Participation in Practice,2023-11-03 15:50:51,injury_reports_2023.csv,1.0,WR,MIA,Braxton Berrios,MIA,335,17,335,17,19.705882352941178
2023,REG,MIA,11,00-0034419,WR,Braxton Berrios,Braxton,Berrios,Hamstring,,Questionable,Hamstring,,Limited Participation in Practice,2023-11-17 20:49:25,injury_reports_2023.csv,1.0,WR,MIA,Braxton Berrios,MIA,335,17,335,17,19.705882352941178
2023,REG,MIA,12,00-0034419,WR,Braxton Berrios,Braxton,Berrios,,,,Hamstring,,Full Participation in Practice,2023-11-23 16:47:27,injury_reports_2023.csv,0.0,WR,MIA,Braxton Berrios,MIA,335,17,335,17,0.0
2023,REG,TEN,5,00-0037273,WR,Kyle Philips,Kyle,Philips,,,,Knee,,Full Participation in Practice,2023-10-06 19:21:01,injury_reports_2023.csv,0.0,WR,TEN,Kyle Philips,TEN,111,9,111,9,0.0
2023,REG,TEN,15,00-0037273,WR,Kyle Philips,Kyle,Philips,Hamstring,,Out,Hamstring,,Did Not Participate In Practice,2023-12-15 19:48:01,injury_reports_2023.csv,3.0,WR,TEN,Kyle Philips,TEN,111,9,111,9,37.0
2023,REG,TEN,16,00-0037273,WR,Kyle Philips,Kyle,Philips,Hamstring,,Out,Hamstring,,Did Not Participate In Practice,2023-12-22 20:27:23,injury_reports_2023.csv,3.0,WR,TEN,Kyle Philips,TEN,111,9,111,9,37.0
2023,REG,TEN,17,00-0037273,WR,Kyle Philips,Kyle,Philips,,,,Hamstring,,Full Participation in Practice,2023-12-29 19:52:35,injury_reports_2023.csv,0.0,WR,TEN,Kyle Philips,TEN,111,9,111,9,0.0
2023,REG,WAS,5,00-0037741,WR,Jahan Dotson,Jahan,Dotson,,,,Ankle,,Full Participation in Practice,2023-10-04 16:19:17,injury_reports_2023.csv,0.0,WR,WAS,Jahan Dotson,WAS,635,17,635,17,0.0
2023,REG,WAS,10,00-0037741,WR,Jahan Dotson,Jahan,Dotson,,,,Not injury related - personal matter,,Did Not Participate In Practice,2023-11-08 20:06:57,injury_reports_2023.csv,0.0,WR,WAS,Jahan Dotson,WAS,635,17,635,17,0.0
2023,REG,ARZ,6,00-0039041,TE,Elijah Higgins,Elijah,Higgins,Illness,,Questionable,Illness,,Limited Participation in Practice,2023-10-13 19:46:10,injury_reports_2023.csv,1.0,TE,ARI,Elijah Higgins,ARZ,91,11,91,11,8.272727272727273
2023,REG,BUF,6,00-0038933,TE,Dalton Kincaid,Dalton,Kincaid,Concussion,,Questionable,Concussion,,Limited Participation in Practice,2023-10-13 18:12:05,injury_reports_2023.csv,1.0,TE,BUF,Dalton Kincaid,BUF,516,18,516,18,28.666666666666668
2023,REG,BUF,7,00-0038933,TE,Dalton Kincaid,Dalton,Kincaid,,,,Concussion,,Full Participation in Practice,2023-10-20 20:54:56,injury_reports_2023.csv,0.0,TE,BUF,Dalton Kincaid,BUF,516,18,516,18,0.0
2023,REG,BUF,14,00-0038933,TE,Dalton Kincaid,Dalton,Kincaid,,,,Thumb,,Full Participation in Practice,2023-12-08 19:06:49,injury_reports_2023.csv,0.0,TE,BUF,Dalton Kincaid,BUF,516,18,516,18,0.0
2023,REG,BUF,15,00-0038933,TE,Dalton Kincaid,Dalton,Kincaid,,,,Thumb,Shoulder,Limited Participation in Practice,2023-12-15 20:55:18,injury_reports_2023.csv,0.0,TE,BUF,Dalton Kincaid,BUF,516,18,516,18,0.0
2023,REG,BUF,16,00-0038933,TE,Dalton Kincaid,Dalton,Kincaid,,,,Shoulder,,Limited Participation in Practice,2023-12-21 20:14:54,injury_reports_2023.csv,0.0,TE,BUF,Dalton Kincaid,BUF,516,18,516,18,0.0
2023,REG,CAR,6,00-0034365,TE,Ian Thomas,Ian,Thomas,Calf,,Questionable,Calf,,Limited Participation in Practice,2023-10-13 16:49:51,injury_reports_2023.csv,1.0,TE,CAR,Ian Thomas,CAR,77,11,77,11,7.0
2023,REG,CAR,11,00-0034365,TE,Ian Thomas,Ian,Thomas,Calf,,Questionable,Calf,,Full Participation in Practice,2023-11-17 18:35:33,injury_reports_2023.csv,1.0,TE,CAR,Ian Thomas,CAR,77,11,77,11,7.0
2023,REG,CAR,15,00-0034365,TE,Ian Thomas,Ian,Thomas,Ankle,,Out,Ankle,,Did Not Participate In Practice,2023-12-15 17:30:53,injury_reports_2023.csv,3.0,TE,CAR,Ian Thomas,CAR,77,11,77,11,21.0
2023,REG,CAR,16,00-0034365,TE,Ian Thomas,Ian,Thomas,Ankle,,Questionable,Ankle,,Full Participation in Practice,2023-12-22 17:23:55,injury_reports_2023.csv,1.0,TE,CAR,Ian Thomas,CAR,77,11,77,11,7.0
2023,REG,CHI,6,00-0036290,TE,Cole Kmet,Cole,Kmet,,,,Hamstring,,Full Participation in Practice,2023-10-13 20:51:12,injury_reports_2023.csv,0.0,TE,CHI,Cole Kmet,CHI,425,17,425,17,0.0
2023,REG,CHI,10,00-0036290,TE,Cole Kmet,Cole,Kmet,,,,Knee,,Full Participation in Practice,2023-11-08 21:17:55,injury_reports_2023.csv,0.0,TE,CHI,Cole Kmet,CHI,425,17,425,17,0.0
2023,REG,CHI,16,00-0036290,TE,Cole Kmet,Cole,Kmet,Quadricep,,Questionable,Quadricep,,Limited Participation in Practice,2023-12-22 20:30:45,injury_reports_2023.csv,1.0,TE,CHI,Cole Kmet,CHI,425,17,425,17,25.0
2023,REG,CHI,17,00-0036290,TE,Cole Kmet,Cole,Kmet,Knee,,Questionable,Knee,,Limited Participation in Practice,2023-12-29 21:48:46,injury_reports_2023.csv,1.0,TE,CHI,Cole Kmet,CHI,425,17,425,17,25.0
2023,REG,CHI,18,00-0036290,TE,Cole Kmet,Cole,Kmet,Knee,,Questionable,Knee,,Full Participation in Practice,2024-01-05 19:57:37,injury_reports_2023.csv,1.0,TE,CHI,Cole Kmet,CHI,425,17,425,17,25.0
2023,REG,CHI,6,00-0034279,WR,Equanimeous St. Brown,Equanimeous,St. Brown,Hamstring,,Out,Hamstring,,Did Not Participate In Practice,2023-10-13 20:52:29,injury_reports_2023.csv,3.0,WR,CHI,Equanimeous St. Brown,CHI,111,7,111,7,47.57142857142857
2023,REG,CHI,10,00-0034279,WR,Equanimeous St. Brown,Equanimeous,St. Brown,Hamstring,,Questionable,Hamstring,,Full Participation in Practice,2023-11-08 21:18:16,injury_reports_2023.csv,1.0,WR,CHI,Equanimeous St. Brown,CHI,111,7,111,7,15.857142857142858
2023,REG,CHI,14,00-0034279,WR,Equanimeous St. Brown,Equanimeous,St. Brown,Pectoral,,Out,Pectoral,,Did Not Participate In Practice,2023-12-08 19:51:40,injury_reports_2023.csv,3.0,WR,CHI,Equanimeous St. Brown,CHI,111,7,111,7,47.57142857142857
2023,REG,CHI,15,00-0034279,WR,Equanimeous St. Brown,Equanimeous,St. Brown,Pectoral,,Out,Pectoral,,Did Not Participate In Practice,2023-12-15 19:45:38,injury_reports_2023.csv,3.0,WR,CHI,Equanimeous St. Brown,CHI,111,7,111,7,47.57142857142857
2023,REG,CHI,16,00-0034279,WR,Equanimeous St. Brown,Equanimeous,St. Brown,Pectoral,,Out,Pectoral,,Did Not Participate In Practice,2023-12-22 20:31:27,injury_reports_2023.csv,3.0,WR,CHI,Equanimeous St. Brown,CHI,111,7,111,7,47.57142857142857
2023,REG,CHI,17,00-0034279,WR,Equanimeous St. Brown,Equanimeous,St. Brown,,,,Pectoral,,Full Participation in Practice,2023-12-29 21:47:12,injury_reports_2023.csv,0.0,WR,CHI,Equanimeous St. Brown,CHI,111,7,111,7,0.0
2023,REG,CLV,6,00-0038979,WR,Cedric Tillman,Cedric,Tillman,Hip,,Out,Hip,,Did Not Participate In Practice,2023-10-13 19:24:20,injury_reports_2023.csv,3.0,WR,CLE,Cedric Tillman,CLV,358,14,358,14,76.71428571428571
2023,REG,CLV,7,00-0038979,WR,Cedric Tillman,Cedric,Tillman,,,,Hip,,Full Participation in Practice,2023-10-20 17:56:41,injury_reports_2023.csv,0.0,WR,CLE,Cedric Tillman,CLV,358,14,358,14,0.0
2023,REG,CLV,16,00-0038979,WR,Cedric Tillman,Cedric,Tillman,,,,Knee,,Limited Participation in Practice,2023-12-22 20:50:28,injury_reports_2023.csv,0.0,WR,CLE,Cedric Tillman,CLV,358,14,358,14,0.0
2023,REG,CLV,17,00-0038979,WR,Cedric Tillman,Cedric,Tillman,,,,Knee,,Full Participation in Practice,2023-12-27 20:24:36,injury_reports_2023.csv,0.0,WR,CLE,Cedric Tillman,CLV,358,14,358,14,0.0
2023,WC,CLV,19,00-0038979,WR,Cedric Tillman,Cedric,Tillman,Concussion,,Out,Concussion,,Did Not Participate In Practice,2024-01-11 20:14:56,injury_reports_2023.csv,3.0,WR,CLE,Cedric Tillman,CLV,358,14,358,14,76.71428571428571
2023,REG,DET,6,00-0039065,TE,Sam LaPorta,Sam,LaPorta,Calf,,Questionable,Calf,,Limited Participation in Practice,2023-10-13 19:52:40,injury_reports_2023.csv,1.0,TE,DET,Sam LaPorta,DET,601,20,601,20,30.05
2023,REG,DET,7,00-0039065,TE,Sam LaPorta,Sam,LaPorta,,,,Calf,,Full Participation in Practice,2023-10-20 19:47:15,injury_reports_2023.csv,0.0,TE,DET,Sam LaPorta,DET,601,20,601,20,0.0
2023,REG,DET,18,00-0039065,TE,Sam LaPorta,Sam,LaPorta,,,,Ankle,,Full Participation in Practice,2024-01-05 20:41:48,injury_reports_2023.csv,0.0,TE,DET,Sam LaPorta,DET,601,20,601,20,0.0
2023,WC,DET,19,00-0039065,TE,Sam LaPorta,Sam,LaPorta,Knee,,Questionable,Knee,,Full Participation in Practice,2024-01-12 20:36:15,injury_reports_2023.csv,1.0,TE,DET,Sam LaPorta,DET,601,20,601,20,30.05
2023,REG,HST,6,00-0033591,WR,Noah Brown,Noah,Brown,,,,Groin,,Full Participation in Practice,2023-10-13 20:00:48,injury_reports_2023.csv,0.0,WR,HOU,Noah Brown,HST,297,11,297,11,0.0
2023,REG,HST,11,00-0033591,WR,Noah Brown,Noah,Brown,Knee,,Questionable,Knee,,Did Not Participate In Practice,2023-11-17 21:08:34,injury_reports_2023.csv,1.0,WR,HOU,Noah Brown,HST,297,11,297,11,27.0
2023,REG,HST,12,00-0033591,WR,Noah Brown,Noah,Brown,Knee,,Out,Knee,,Did Not Participate In Practice,2023-11-24 20:22:30,injury_reports_2023.csv,3.0,WR,HOU,Noah Brown,HST,297,11,297,11,81.0
2023,REG,HST,13,00-0033591,WR,Noah Brown,Noah,Brown,Knee,,Questionable,Knee,,Did Not Participate In Practice,2023-12-01 21:37:34,injury_reports_2023.csv,1.0,WR,HOU,Noah Brown,HST,297,11,297,11,27.0
2023,REG,HST,14,00-0033591,WR,Noah Brown,Noah,Brown,Knee,,Questionable,Knee,,Did Not Participate In Practice,2023-12-08 20:48:38,injury_reports_2023.csv,1.0,WR,HOU,Noah Brown,HST,297,11,297,11,27.0
2023,REG,HST,15,00-0033591,WR,Noah Brown,Noah,Brown,Knee,,Questionable,Knee,,Limited Participation in Practice,2023-12-15 20:17:51,injury_reports_2023.csv,1.0,WR,HOU,Noah Brown,HST,297,11,297,11,27.0
2023,REG,HST,16,00-0033591,WR,Noah Brown,Noah,Brown,,,,Knee,,Full Participation in Practice,2023-12-22 21:17:30,injury_reports_2023.csv,0.0,WR,HOU,Noah Brown,HST,297,11,297,11,0.0
2023,REG,HST,17,00-0033591,WR,Noah Brown,Noah,Brown,,,,Knee,,Full Participation in Practice,2023-12-29 20:56:44,injury_reports_2023.csv,0.0,WR,HOU,Noah Brown,HST,297,11,297,11,0.0
2023,REG,HST,18,00-0033591,WR,Noah Brown,Noah,Brown,Back,,Out,Back,,Did Not Participate In Practice,2024-01-04 21:06:05,injury_reports_2023.csv,3.0,WR,HOU,Noah Brown,HST,297,11,297,11,81.0
2023,WC,HST,19,00-0033591,WR,Noah Brown,Noah,Brown,Back,,Questionable,Back,,Limited Participation in Practice,2024-01-11 20:29:41,injury_reports_2023.csv,1.0,WR,HOU,Noah Brown,HST,297,11,297,11,27.0
2023,REG,LV,6,00-0038563,WR,Tre Tucker,Tre,Tucker,,,,Knee,,Full Participation in Practice,2023-10-13 20:51:54,injury_reports_2023.csv,0.0,WR,LV,Tre Tucker,LV,224,16,224,16,0.0
2023,REG,MIN,6,00-0038994,WR,Jordan Addison,Jordan,Addison,,,,Ankle,,Full Participation in Practice,2023-10-13 18:29:43,injury_reports_2023.csv,0.0,WR,MIN,Jordan Addison,MIN,606,17,606,17,0.0
2023,REG,MIN,17,00-0038994,WR,Jordan Addison,Jordan,Addison,Ankle,,Questionable,Ankle,,Limited Participation in Practice,2023-12-29 19:32:02,injury_reports_2023.csv,1.0,WR,MIN,Jordan Addison,MIN,606,17,606,17,35.64705882352941
2023,REG,NE,6,00-0038621,WR,Demario Douglas,Demario,Douglas,Concussion,,Out,Concussion,,Did Not Participate In Practice,2023-10-13 18:27:08,injury_reports_2023.csv,3.0,WR,NE,Demario Douglas,NE,330,14,330,14,70.71428571428571
2023,REG,NE,7,00-0038621,WR,Demario Douglas,Demario,Douglas,Concussion,,Questionable,Concussion,,Limited Participation in Practice,2023-10-20 19:39:47,injury_reports_2023.csv,1.0,WR,NE,Demario Douglas,NE,330,14,330,14,23.571428571428573
2023,REG,NE,10,00-0038621,WR,Demario Douglas,Demario,Douglas,Ankle,,Questionable,Ankle,,Limited Participation in Practice,2023-11-10 16:55:41,injury_reports_2023.csv,1.0,WR,NE,Demario Douglas,NE,330,14,330,14,23.571428571428573
2023,REG,NE,13,00-0038621,WR,Demario Douglas,Demario,Douglas,Concussion,,Out,Concussion,,Did Not Participate In Practice,2023-12-01 20:35:44,injury_reports_2023.csv,3.0,WR,NE,Demario Douglas,NE,330,14,330,14,70.71428571428571
2023,REG,NE,14,00-0038621,WR,Demario Douglas,Demario,Douglas,Concussion,,Out,Concussion,,Did Not Participate In Practice,2023-12-06 19:37:09,injury_reports_2023.csv,3.0,WR,NE,Demario Douglas,NE,330,14,330,14,70.71428571428571
2023,REG,NE,15,00-0038621,WR,Demario Douglas,Demario,Douglas,,,,Concussion,,Limited Participation in Practice,2023-12-14 20:53:33,injury_reports_2023.csv,0.0,WR,NE,Demario Douglas,NE,330,14,330,14,0.0
2023,REG,NE,6,00-0033857,WR,JuJu Smith-Schuster,JuJu,Smith-Schuster,Concussion,,Out,Concussion,,Did Not Participate In Practice,2023-10-13 18:27:37,injury_reports_2023.csv,3.0,WR,NE,JuJu Smith-Schuster,NE,246,11,246,11,67.0909090909091
2023,REG,NE,7,00-0033857,WR,JuJu Smith-Schuster,JuJu,Smith-Schuster,Concussion,,Questionable,Concussion,,Limited Participation in Practice,2023-10-20 19:39:47,injury_reports_2023.csv,1.0,WR,NE,JuJu Smith-Schuster,NE,246,11,246,11,22.363636363636363
2023,REG,NE,14,00-0033857,WR,JuJu Smith-Schuster,JuJu,Smith-Schuster,Ankle,,Questionable,Ankle,,Limited Participation in Practice,2023-12-06 19:36:44,injury_reports_2023.csv,1.0,WR,NE,JuJu Smith-Schuster,NE,246,11,246,11,22.363636363636363
2023,REG,NE,15,00-0033857,WR,JuJu Smith-Schuster,JuJu,Smith-Schuster,Ankle,,Questionable,Ankle,,Limited Participation in Practice,2023-12-15 20:54:18,injury_reports_2023.csv,1.0,WR,NE,JuJu Smith-Schuster,NE,246,11,246,11,22.363636363636363
2023,REG,NE,16,00-0033857,WR,JuJu Smith-Schuster,JuJu,Smith-Schuster,Ankle,,Out,Ankle,,Did Not Participate In Practice,2023-12-22 20:22:28,injury_reports_2023.csv,3.0,WR,NE,JuJu Smith-Schuster,NE,246,11,246,11,67.0909090909091
2023,REG,NE,17,00-0033857,WR,JuJu Smith-Schuster,JuJu,Smith-Schuster,Ankle,,Out,Ankle,,Did Not Participate In Practice,2023-12-29 20:01:33,injury_reports_2023.csv,3.0,WR,NE,JuJu Smith-Schuster,NE,246,11,246,11,67.0909090909091
2023,REG,NE,6,00-0038104,WR,Tyquan Thornton,Tyquan,Thornton,Shoulder,,Questionable,Shoulder,,Limited Participation in Practice,2023-10-13 18:26:48,injury_reports_2023.csv,1.0,WR,NE,Tyquan Thornton,NE,137,9,137,9,15.222222222222221
2023,REG,NE,9,00-0038104,WR,Tyquan Thornton,Tyquan,Thornton,Foot,,Questionable,Foot,,Limited Participation in Practice,2023-11-03 19:17:13,injury_reports_2023.csv,1.0,WR,NE,Tyquan Thornton,NE,137,9,137,9,15.222222222222221
2023,REG,NE,15,00-0038104,WR,Tyquan Thornton,Tyquan,Thornton,Hamstring,,Questionable,Hamstring,,Limited Participation in Practice,2023-12-15 20:54:18,injury_reports_2023.csv,1.0,WR,NE,Tyquan Thornton,NE,137,9,137,9,15.222222222222221
2023,REG,NE,18,00-0038104,WR,Tyquan Thornton,Tyquan,Thornton,Ankle,,Questionable,Ankle,,Limited Participation in Practice,2024-01-05 20:39:21,injury_reports_2023.csv,1.0,WR,NE,Tyquan Thornton,NE,137,9,137,9,15.222222222222221
2023,REG,NO,6,00-0037239,WR,Chris Olave,Chris,Olave,,,,Toe,,Full Participation in Practice,2023-10-13 19:10:48,injury_reports_2023.csv,0.0,WR,NO,Chris Olave,NO,542,16,542,16,0.0
2023,REG,NO,7,00-0037239,WR,Chris Olave,Chris,Olave,,,,Toe,,Full Participation in Practice,2023-10-18 19:12:40,injury_reports_2023.csv,0.0,WR,NO,Chris Olave,NO,542,16,542,16,0.0
2023,REG,NO,13,00-0037239,WR,Chris Olave,Chris,Olave,Concussion,,Questionable,Concussion,,Full Participation in Practice,2023-12-01 20:15:51,injury_reports_2023.csv,1.0,WR,NO,Chris Olave,NO,542,16,542,16,33.875
2023,REG,NO,14,00-0037239,WR,Chris Olave,Chris,Olave,Illness,,Questionable,Illness,,Did Not Participate In Practice,2023-12-08 20:23:22,injury_reports_2023.csv,1.0,WR,NO,Chris Olave,NO,542,16,542,16,33.875
2023,REG,NO,15,00-0037239,WR,Chris Olave,Chris,Olave,Ankle,,Questionable,Ankle,,Did Not Participate In Practice,2023-12-15 20:03:38,injury_reports_2023.csv,1.0,WR,NO,Chris Olave,NO,542,16,542,16,33.875
2023,REG,NO,16,00-0037239,WR,Chris Olave,Chris,Olave,,,,Ankle,,Full Participation in Practice,2023-12-20 20:02:25,injury_reports_2023.csv,0.0,WR,NO,Chris Olave,NO,542,16,542,16,0.0
2023,REG,NO,17,00-0037239,WR,Chris Olave,Chris,Olave,,,,Ankle,,Limited Participation in Practice,2023-12-29 20:02:19,injury_reports_2023.csv,0.0,WR,NO,Chris Olave,NO,542,16,542,16,0.0
2023,REG,NO,18,00-0037239,WR,Chris Olave,Chris,Olave,,,,Ankle,,Full Participation in Practice,2024-01-05 20:08:18,injury_reports_2023.csv,0.0,WR,NO,Chris Olave,NO,542,16,542,16,0.0
2023,REG,NYJ,6,00-0038496,WR,Xavier Gipson,Xavier,Gipson,Ankle,,Questionable,Ankle,,Limited Participation in Practice,2023-10-13 20:14:00,injury_reports_2023.csv,1.0,WR,NYJ,Xavier Gipson,NYJ,343,14,343,14,24.5
2023,REG,NYJ,9,00-0038496,WR,Xavier Gipson,Xavier,Gipson,,,,Ankle,,Full Participation in Practice,2023-11-04 19:53:30,injury_reports_2023.csv,0.0,WR,NYJ,Xavier Gipson,NYJ,343,14,343,14,0.0
2023,REG,ARZ,7,00-0033251,WR,Zach Pascal,Zach,Pascal,Neck,,Questionable,Neck,,Did Not Participate In Practice,2023-10-20 19:41:34,injury_reports_2023.csv,1.0,WR,ARI,Zach Pascal,ARZ,93,14,93,14,6.642857142857143
2023,REG,ARZ,8,00-0033251,WR,Zach Pascal,Zach,Pascal,,,,Neck,,Full Participation in Practice,2023-10-27 20:01:14,injury_reports_2023.csv,0.0,WR,ARI,Zach Pascal,ARZ,93,14,93,14,0.0
2023,REG,ARZ,11,00-0033251,WR,Zach Pascal,Zach,Pascal,Hamstring,,Out,Hamstring,,Did Not Participate In Practice,2023-11-17 20:45:59,injury_reports_2023.csv,3.0,WR,ARI,Zach Pascal,ARZ,93,14,93,14,19.928571428571427
2023,REG,ARZ,12,00-0033251,WR,Zach Pascal,Zach,Pascal,Hamstring,,Questionable,Hamstring,,Limited Participation in Practice,2023-11-24 20:55:44,injury_reports_2023.csv,1.0,WR,ARI,Zach Pascal,ARZ,93,14,93,14,6.642857142857143
2023,REG,ARZ,13,00-0033251,WR,Zach Pascal,Zach,Pascal,Not injury related - personal matter,,Questionable,Not injury related - personal matter,,Did Not Participate In Practice,2023-12-01 19:24:24,injury_reports_2023.csv,1.0,WR,ARI,Zach Pascal,ARZ,93,14,93,14,6.642857142857143
2023,REG,ARZ,18,00-0033251,WR,Zach Pascal,Zach,Pascal,Hamstring,,Questionable,Hamstring,,Limited Participation in Practice,2024-01-05 20:41:56,injury_reports_2023.csv,1.0,WR,ARI,Zach Pascal,ARZ,93,14,93,14,6.642857142857143
2023,REG,BUF,7,00-0036590,TE,Quintin Morris,Quintin,Morris,Ankle,,Out,Ankle,,Did Not Participate In Practice,2023-10-20 20:56:30,injury_reports_2023.csv,3.0,TE,BUF,Quintin Morris,BUF,54,15,54,15,10.8
2023,REG,BUF,8,00-0036590,TE,Quintin Morris,Quintin,Morris,Ankle,,Out,Ankle,,Did Not Participate In Practice,2023-10-25 17:39:24,injury_reports_2023.csv,3.0,TE,BUF,Quintin Morris,BUF,54,15,54,15,10.8
2023,REG,BUF,9,00-0036590,TE,Quintin Morris,Quintin,Morris,,,,Ankle,,Full Participation in Practice,2023-11-03 18:03:05,injury_reports_2023.csv,0.0,TE,BUF,Quintin Morris,BUF,54,15,54,15,0.0
2023,REG,CLV,7,00-0036232,TE,Harrison Bryant,Harrison,Bryant,Hip,,Questionable,Hip,,Limited Participation in Practice,2023-10-20 17:57:56,injury_reports_2023.csv,1.0,TE,CLE,Harrison Bryant,CLV,165,18,165,18,9.166666666666666
2023,REG,CLV,8,00-0036232,TE,Harrison Bryant,Harrison,Bryant,,,,Hip,,Full Participation in Practice,2023-10-27 18:48:19,injury_reports_2023.csv,0.0,TE,CLE,Harrison Bryant,CLV,165,18,165,18,0.0
2023,REG,IND,7,00-0037664,WR,Alec Pierce,Alec,Pierce,Shoulder,,Questionable,Shoulder,,Full Participation in Practice,2023-10-20 18:12:46,injury_reports_2023.csv,1.0,WR,IND,Alec Pierce,IND,605,17,605,17,35.588235294117645
2023,REG,IND,10,00-0037664,WR,Alec Pierce,Alec,Pierce,Ankle,,Questionable,Ankle,,Full Participation in Practice,2023-11-10 19:19:44,injury_reports_2023.csv,1.0,WR,IND,Alec Pierce,IND,605,17,605,17,35.588235294117645
2023,REG,LAC,7,00-0035414,WR,Jalen Guyton,Jalen,Guyton,Knee,,Out,Knee,,Limited Participation in Practice,2023-10-20 20:16:48,injury_reports_2023.csv,3.0,WR,LAC,Jalen Guyton,LAC,179,8,179,8,67.125
2023,REG,LAC,8,00-0035414,WR,Jalen Guyton,Jalen,Guyton,Knee,,Questionable,Knee,,Full Participation in Practice,2023-10-27 20:24:34,injury_reports_2023.csv,1.0,WR,LAC,Jalen Guyton,LAC,179,8,179,8,22.375
2023,REG,LAC,9,00-0035414,WR,Jalen Guyton,Jalen,Guyton,Knee,,Questionable,Knee,,Full Participation in Practice,2023-11-04 20:18:38,injury_reports_2023.csv,1.0,WR,LAC,Jalen Guyton,LAC,179,8,179,8,22.375
2023,REG,LAC,11,00-0035414,WR,Jalen Guyton,Jalen,Guyton,Groin,,Questionable,Groin,,Limited Participation in Practice,2023-11-17 21:18:27,injury_reports_2023.csv,1.0,WR,LAC,Jalen Guyton,LAC,179,8,179,8,22.375
2023,REG,LAC,12,00-0035414,WR,Jalen Guyton,Jalen,Guyton,Groin,,Questionable,Groin,,Limited Participation in Practice,2023-11-24 21:14:07,injury_reports_2023.csv,1.0,WR,LAC,Jalen Guyton,LAC,179,8,179,8,22.375
2023,REG,MIA,7,00-0036326,WR,Chase Claypool,Chase,Claypool,,,,Knee,,Full Participation in Practice,2023-10-20 19:42:57,injury_reports_2023.csv,0.0,WR,MIA,Chase Claypool,MIA,117,11,117,11,0.0
2023,REG,MIA,11,00-0036326,WR,Chase Claypool,Chase,Claypool,Knee,,Out,Knee,,Did Not Participate In Practice,2023-11-17 20:47:44,injury_reports_2023.csv,3.0,WR,MIA,Chase Claypool,MIA,117,11,117,11,31.90909090909091
2023,REG,MIA,12,00-0036326,WR,Chase Claypool,Chase,Claypool,Knee,,Questionable,Knee,,Limited Participation in Practice,2023-11-23 16:47:32,injury_reports_2023.csv,1.0,WR,MIA,Chase Claypool,MIA,117,11,117,11,10.636363636363637
2023,REG,MIA,13,00-0036326,WR,Chase Claypool,Chase,Claypool,,,,Knee,,Full Participation in Practice,2023-12-01 20:25:37,injury_reports_2023.csv,0.0,WR,MIA,Chase Claypool,MIA,117,11,117,11,0.0
2023,REG,NE,7,00-0033090,TE,Hunter Henry,Hunter,Henry,Ankle,,Questionable,Ankle,,Limited Participation in Practice,2023-10-20 19:39:47,injury_reports_2023.csv,1.0,TE,NE,Hunter Henry,NE,370,14,370,14,26.428571428571427
2023,REG,NE,8,00-0033090,TE,Hunter Henry,Hunter,Henry,,,,Ankle,,Full Participation in Practice,2023-10-27 19:50:13,injury_reports_2023.csv,0.0,TE,NE,Hunter Henry,NE,370,14,370,14,0.0
2023,REG,NE,16,00-0033090,TE,Hunter Henry,Hunter,Henry,Knee,,Questionable,Knee,,Limited Participation in Practice,2023-12-22 20:22:03,injury_reports_2023.csv,1.0,TE,NE,Hunter Henry,NE,370,14,370,14,26.428571428571427
2023,REG,NE,17,00-0033090,TE,Hunter Henry,Hunter,Henry,Knee,,Questionable,Knee,,Limited Participation in Practice,2023-12-29 20:01:21,injury_reports_2023.csv,1.0,TE,NE,Hunter Henry,NE,370,14,370,14,26.428571428571427
2023,REG,NE,18,00-0033090,TE,Hunter Henry,Hunter,Henry,Knee,,Out,Knee,,Did Not Participate In Practice,2024-01-05 20:39:40,injury_reports_2023.csv,3.0,TE,NE,Hunter Henry,NE,370,14,370,14,79.28571428571429
2023,REG,PHI,7,00-0034351,TE,Dallas Goedert,Dallas,Goedert,,,,Groin,,Limited Participation in Practice,2023-10-20 19:53:23,injury_reports_2023.csv,0.0,TE,PHI,Dallas Goedert,PHI,470,15,470,15,0.0
2023,REG,PHI,11,00-0034351,TE,Dallas Goedert,Dallas,Goedert,Forearm,,Out,Forearm,,Did Not Participate In Practice,2023-11-18 20:43:05,injury_reports_2023.csv,3.0,TE,PHI,Dallas Goedert,PHI,470,15,470,15,94.0
2023,REG,PHI,12,00-0034351,TE,Dallas Goedert,Dallas,Goedert,Forearm,,Out,Forearm,,Did Not Participate In Practice,2023-11-24 20:44:07,injury_reports_2023.csv,3.0,TE,PHI,Dallas Goedert,PHI,470,15,470,15,94.0
2023,REG,PHI,13,00-0034351,TE,Dallas Goedert,Dallas,Goedert,Forearm,,Doubtful,Forearm,,Limited Participation in Practice,2023-12-01 20:51:54,injury_reports_2023.csv,2.0,TE,PHI,Dallas Goedert,PHI,470,15,470,15,62.666666666666664
2023,REG,PHI,14,00-0034351,TE,Dallas Goedert,Dallas,Goedert,,,,Forearm,,Full Participation in Practice,2023-12-08 20:48:03,injury_reports_2023.csv,0.0,TE,PHI,Dallas Goedert,PHI,470,15,470,15,0.0
2023,REG,SEA,7,00-0032211,WR,Tyler Lockett,Tyler,Lockett,,,,Hamstring,,Did Not Participate In Practice,2023-10-20 21:14:52,injury_reports_2023.csv,0.0,WR,SEA,Tyler Lockett,SEA,556,17,556,17,0.0
2023,REG,SEA,8,00-0032211,WR,Tyler Lockett,Tyler,Lockett,Hamstring,,Questionable,Hamstring,,Full Participation in Practice,2023-10-27 19:34:11,injury_reports_2023.csv,1.0,WR,SEA,Tyler Lockett,SEA,556,17,556,17,32.705882352941174
2023,REG,SEA,9,00-0032211,WR,Tyler Lockett,Tyler,Lockett,,,,Hamstring,,Full Participation in Practice,2023-11-03 21:07:31,injury_reports_2023.csv,0.0,WR,SEA,Tyler Lockett,SEA,556,17,556,17,0.0
2023,REG,SEA,10,00-0032211,WR,Tyler Lockett,Tyler,Lockett,,,,Hamstring,,Full Participation in Practice,2023-11-10 22:14:48,injury_reports_2023.csv,0.0,WR,SEA,Tyler Lockett,SEA,556,17,556,17,0.0
2023,REG,SEA,11,00-0032211,WR,Tyler Lockett,Tyler,Lockett,Hamstring,,Questionable,Hamstring,,Did Not Participate In Practice,2023-11-17 21:01:04,injury_reports_2023.csv,1.0,WR,SEA,Tyler Lockett,SEA,556,17,556,17,32.705882352941174
2023,REG,SEA,12,00-0032211,WR,Tyler Lockett,Tyler,Lockett,,,,Hamstring,,Full Participation in Practice,2023-11-22 21:20:27,injury_reports_2023.csv,0.0,WR,SEA,Tyler Lockett,SEA,556,17,556,17,0.0
2023,REG,SEA,17,00-0032211,WR,Tyler Lockett,Tyler,Lockett,,,,Not injury related - resting player,,Limited Participation in Practice,2023-12-27 23:54:46,injury_reports_2023.csv,0.0,WR,SEA,Tyler Lockett,SEA,556,17,556,17,0.0
2023,REG,SEA,18,00-0032211,WR,Tyler Lockett,Tyler,Lockett,,,,Toe,,Full Participation in Practice,2024-01-05 22:03:23,injury_reports_2023.csv,0.0,WR,SEA,Tyler Lockett,SEA,556,17,556,17,0.0
2023,REG,ARZ,8,00-0035500,WR,Greg Dortch,Greg,Dortch,Ankle,,Questionable,Ankle,,Did Not Participate In Practice,2023-10-27 20:01:42,injury_reports_2023.csv,1.0,WR,ARI,Greg Dortch,ARZ,245,13,245,13,18.846153846153847
2023,REG,ARZ,9,00-0035500,WR,Greg Dortch,Greg,Dortch,Ankle,,Questionable,Ankle,,Limited Participation in Practice,2023-11-03 19:26:53,injury_reports_2023.csv,1.0,WR,ARI,Greg Dortch,ARZ,245,13,245,13,18.846153846153847
2023,REG,ARZ,16,00-0035500,WR,Greg Dortch,Greg,Dortch,Shoulder,,Questionable,Shoulder,,Limited Participation in Practice,2023-12-22 20:05:33,injury_reports_2023.csv,1.0,WR,ARI,Greg Dortch,ARZ,245,13,245,13,18.846153846153847
2023,REG,BLT,8,00-0036630,WR,Tylan Wallace,Tylan,Wallace,Hamstring,,Questionable,Hamstring,,Full Participation in Practice,2023-10-27 21:12:05,injury_reports_2023.csv,1.0,WR,BAL,Tylan Wallace,BLT,27,5,27,5,5.4
2023,REG,BLT,18,00-0036630,WR,Tylan Wallace,Tylan,Wallace,Knee,,Questionable,Knee,,Limited Participation in Practice,2024-01-04 22:38:38,injury_reports_2023.csv,1.0,WR,BAL,Tylan Wallace,BLT,27,5,27,5,5.4
2023,REG,DEN,8,00-0037382,WR,Brandon Johnson,Brandon,Johnson,Hamstring,,Questionable,Hamstring,,Did Not Participate In Practice,2023-10-27 20:19:25,injury_reports_2023.csv,1.0,WR,DEN,Brandon Johnson,DEN,217,13,217,13,16.692307692307693
2023,REG,DEN,13,00-0037382,WR,Brandon Johnson,Brandon,Johnson,,,,Hamstring,,Full Participation in Practice,2023-11-29 22:09:47,injury_reports_2023.csv,0.0,WR,DEN,Brandon Johnson,DEN,217,13,217,13,0.0
2023,REG,HST,8,00-0036556,TE,Brevin Jordan,Brevin,Jordan,Foot,,Out,Foot,,Did Not Participate In Practice,2023-10-27 19:52:22,injury_reports_2023.csv,3.0,TE,HOU,Brevin Jordan,HST,156,15,156,15,31.2
2023,REG,HST,9,00-0036556,TE,Brevin Jordan,Brevin,Jordan,Knee,,Out,Foot,,Did Not Participate In Practice,2023-11-03 19:52:42,injury_reports_2023.csv,3.0,TE,HOU,Brevin Jordan,HST,156,15,156,15,31.2
2023,REG,HST,10,00-0036556,TE,Brevin Jordan,Brevin,Jordan,Foot,,Out,Foot,,Did Not Participate In Practice,2023-11-10 20:59:22,injury_reports_2023.csv,3.0,TE,HOU,Brevin Jordan,HST,156,15,156,15,31.2
2023,REG,HST,11,00-0036556,TE,Brevin Jordan,Brevin,Jordan,,,,Foot,,Full Participation in Practice,2023-11-17 21:05:02,injury_reports_2023.csv,0.0,TE,HOU,Brevin Jordan,HST,156,15,156,15,0.0
2023,REG,HST,16,00-0036556,TE,Brevin Jordan,Brevin,Jordan,,,,Illness,,Full Participation in Practice,2023-12-22 21:23:03,injury_reports_2023.csv,0.0,TE,HOU,Brevin Jordan,HST,156,15,156,15,0.0
2023,REG,HST,8,00-0038618,WR,Xavier Hutchinson,Xavier,Hutchinson,Foot,,Questionable,Foot,,Full Participation in Practice,2023-10-27 19:51:21,injury_reports_2023.csv,1.0,WR,HOU,Xavier Hutchinson,HST,190,16,190,16,11.875
2023,REG,MIN,8,00-0035229,TE,T.J. Hockenson,T.J.,Hockenson,,,,Foot,,Full Participation in Practice,2023-10-27 18:42:11,injury_reports_2023.csv,0.0,TE,MIN,T.J. Hockenson,MIN,508,15,508,15,0.0
2023,REG,MIN,10,00-0035229,TE,T.J. Hockenson,T.J.,Hockenson,Ribs,,Questionable,Ribs,,Limited Participation in Practice,2023-11-10 19:54:13,injury_reports_2023.csv,1.0,TE,MIN,T.J. Hockenson,MIN,508,15,508,15,33.86666666666667
2023,REG,MIN,11,00-0035229,TE,T.J. Hockenson,T.J.,Hockenson,,,,Ribs,,Full Participation in Practice,2023-11-17 20:05:39,injury_reports_2023.csv,0.0,TE,MIN,T.J. Hockenson,MIN,508,15,508,15,0.0
2023,REG,MIN,12,00-0035229,TE,T.J. Hockenson,T.J.,Hockenson,,,,Ribs,,Full Participation in Practice,2023-11-25 20:58:43,injury_reports_2023.csv,0.0,TE,MIN,T.J. Hockenson,MIN,508,15,508,15,0.0
2023,REG,NE,8,00-0032200,WR,Ty Montgomery,Ty,Montgomery,,,,Not injury related - personal matter,,Full Participation in Practice,2023-10-27 19:49:52,injury_reports_2023.csv,0.0,WR,NE,Ty Montgomery,NE,32,10,32,10,0.0
2023,REG,NE,13,00-0032200,WR,Ty Montgomery,Ty,Montgomery,,,,Illness,,Full Participation in Practice,2023-11-30 21:18:59,injury_reports_2023.csv,0.0,WR,NE,Ty Montgomery,NE,32,10,32,10,0.0
2023,REG,NO,8,00-0032765,WR,Michael Thomas,Michael,Thomas,Illness,,Questionable,,,"
    ",2023-10-29 00:43:51,injury_reports_2023.csv,1.0,WR,NO,Michael Thomas,NO,324,10,324,10,32.4
2023,REG,NO,9,00-0032765,WR,Michael Thomas,Michael,Thomas,,,,Not injury related - resting player,,Full Participation in Practice,2023-11-03 19:06:45,injury_reports_2023.csv,0.0,WR,NO,Michael Thomas,NO,324,10,324,10,0.0
2023,REG,NYJ,8,00-0028002,WR,Randall Cobb,Randall,Cobb,Shoulder,,Questionable,Shoulder,,Limited Participation in Practice,2023-10-27 18:41:14,injury_reports_2023.csv,1.0,WR,NYJ,Randall Cobb,NYJ,151,11,151,11,13.727272727272727
2023,REG,NYJ,9,00-0028002,WR,Randall Cobb,Randall,Cobb,,,,Shoulder,,Full Participation in Practice,2023-11-04 19:53:11,injury_reports_2023.csv,0.0,WR,NYJ,Randall Cobb,NYJ,151,11,151,11,0.0
2023,REG,SEA,8,00-0036620,WR,D'Wayne Eskridge,D'Wayne,Eskridge,,,,Knee,,Full Participation in Practice,2023-10-27 21:06:01,injury_reports_2023.csv,0.0,WR,SEA,D'Wayne Eskridge,SEA,6,1,6,1,0.0
2023,REG,SEA,13,00-0036620,WR,D'Wayne Eskridge,D'Wayne,Eskridge,Ribs,,Questionable,Ribs,,Did Not Participate In Practice,2023-11-29 20:42:49,injury_reports_2023.csv,1.0,WR,SEA,D'Wayne Eskridge,SEA,6,1,6,1,6.0
2023,REG,SEA,14,00-0036620,WR,D'Wayne Eskridge,D'Wayne,Eskridge,Ribs,,Questionable,Ribs,,Limited Participation in Practice,2023-12-08 20:42:16,injury_reports_2023.csv,1.0,WR,SEA,D'Wayne Eskridge,SEA,6,1,6,1,6.0
2023,REG,SEA,15,00-0036620,WR,D'Wayne Eskridge,D'Wayne,Eskridge,Ribs,,Questionable,Ribs,,Did Not Participate In Practice,2023-12-16 20:47:07,injury_reports_2023.csv,1.0,WR,SEA,D'Wayne Eskridge,SEA,6,1,6,1,6.0
2023,REG,SEA,16,00-0036620,WR,D'Wayne Eskridge,D'Wayne,Eskridge,Ribs,,Out,Ribs,,Did Not Participate In Practice,2023-12-22 20:47:02,injury_reports_2023.csv,3.0,WR,SEA,D'Wayne Eskridge,SEA,6,1,6,1,18.0
2023,REG,SEA,17,00-0036620,WR,D'Wayne Eskridge,D'Wayne,Eskridge,Ribs,,Out,Ribs,,Did Not Participate In Practice,2023-12-29 20:56:53,injury_reports_2023.csv,3.0,WR,SEA,D'Wayne Eskridge,SEA,6,1,6,1,18.0
2023,REG,TB,8,00-0033921,WR,Chris Godwin,Chris,Godwin,Neck,,Questionable,Neck,,Full Participation in Practice,2023-10-25 15:34:43,injury_reports_2023.csv,1.0,WR,TB,Chris Godwin,TB,640,19,640,19,33.68421052631579
2023,REG,TB,12,00-0033921,WR,Chris Godwin,Chris,Godwin,,,,Knee,Elbow,Limited Participation in Practice,2023-11-24 19:03:50,injury_reports_2023.csv,0.0,WR,TB,Chris Godwin,TB,640,19,640,19,0.0
2023,REG,TB,13,00-0033921,WR,Chris Godwin,Chris,Godwin,Neck,,Questionable,Neck,,Did Not Participate In Practice,2023-12-01 21:21:44,injury_reports_2023.csv,1.0,WR,TB,Chris Godwin,TB,640,19,640,19,33.68421052631579
2023,REG,TB,14,00-0033921,WR,Chris Godwin,Chris,Godwin,,,,Not injury related - resting player,,Full Participation in Practice,2023-12-08 18:26:00,injury_reports_2023.csv,0.0,WR,TB,Chris Godwin,TB,640,19,640,19,0.0
2023,REG,TB,15,00-0033921,WR,Chris Godwin,Chris,Godwin,Knee,,Questionable,Knee,,Full Participation in Practice,2023-12-15 19:01:40,injury_reports_2023.csv,1.0,WR,TB,Chris Godwin,TB,640,19,640,19,33.68421052631579
2023,REG,TB,16,00-0033921,WR,Chris Godwin,Chris,Godwin,,,,Knee,Not injury related - resting p,Full Participation in Practice,2023-12-22 20:46:08,injury_reports_2023.csv,0.0,WR,TB,Chris Godwin,TB,640,19,640,19,0.0
2023,WC,TB,19,00-0033921,WR,Chris Godwin,Chris,Godwin,,,,Knee,Not injury related - resting p,Full Participation in Practice,2024-01-13 20:44:03,injury_reports_2023.csv,0.0,WR,TB,Chris Godwin,TB,640,19,640,19,0.0
2023,REG,TEN,8,00-0032398,WR,Chris Moore,Chris,Moore,,,,Concussion,,Full Participation in Practice,2023-10-27 19:40:15,injury_reports_2023.csv,0.0,WR,TEN,Chris Moore,TEN,305,17,305,17,0.0
2023,REG,TEN,9,00-0032398,WR,Chris Moore,Chris,Moore,,,,Not injury related - personal matter,,Full Participation in Practice,2023-11-01 19:20:34,injury_reports_2023.csv,0.0,WR,TEN,Chris Moore,TEN,305,17,305,17,0.0
2023,REG,TEN,17,00-0032398,WR,Chris Moore,Chris,Moore,,,,Ribs,,Limited Participation in Practice,2023-12-29 19:52:35,injury_reports_2023.csv,0.0,WR,TEN,Chris Moore,TEN,305,17,305,17,0.0
2023,REG,WAS,8,00-0037078,TE,Cole Turner,Cole,Turner,,,,Ankle,,Full Participation in Practice,2023-10-27 17:21:13,injury_reports_2023.csv,0.0,TE,WAS,Cole Turner,WAS,83,12,83,12,0.0
2023,REG,ARZ,9,00-0038559,WR,Michael Wilson,Michael,Wilson,Shoulder,,Questionable,Shoulder,,Did Not Participate In Practice,2023-11-03 19:26:53,injury_reports_2023.csv,1.0,WR,ARI,Michael Wilson,ARZ,415,13,415,13,31.923076923076923
2023,REG,ARZ,10,00-0038559,WR,Michael Wilson,Michael,Wilson,Shoulder,,Questionable,Shoulder,,Limited Participation in Practice,2023-11-10 19:53:44,injury_reports_2023.csv,1.0,WR,ARI,Michael Wilson,ARZ,415,13,415,13,31.923076923076923
2023,REG,ARZ,11,00-0038559,WR,Michael Wilson,Michael,Wilson,Shoulder,,Questionable,Shoulder,,Limited Participation in Practice,2023-11-17 20:45:31,injury_reports_2023.csv,1.0,WR,ARI,Michael Wilson,ARZ,415,13,415,13,31.923076923076923
2023,REG,ARZ,12,00-0038559,WR,Michael Wilson,Michael,Wilson,Shoulder,,Out,Shoulder,,Did Not Participate In Practice,2023-11-24 20:56:16,injury_reports_2023.csv,3.0,WR,ARI,Michael Wilson,ARZ,415,13,415,13,95.76923076923077
2023,REG,ARZ,13,00-0038559,WR,Michael Wilson,Michael,Wilson,Shoulder,,Out,Shoulder,,Did Not Participate In Practice,2023-12-01 19:24:54,injury_reports_2023.csv,3.0,WR,ARI,Michael Wilson,ARZ,415,13,415,13,95.76923076923077
2023,REG,ARZ,15,00-0038559,WR,Michael Wilson,Michael,Wilson,Neck,,Questionable,Neck,,Limited Participation in Practice,2023-12-15 20:49:02,injury_reports_2023.csv,1.0,WR,ARI,Michael Wilson,ARZ,415,13,415,13,31.923076923076923
2023,REG,ATL,9,00-0037238,WR,Drake London,Drake,London,Groin,,Out,Groin,,Did Not Participate In Practice,2023-11-03 17:14:25,injury_reports_2023.csv,3.0,WR,ATL,Drake London,ATL,485,16,485,16,90.9375
2023,REG,ATL,10,00-0037238,WR,Drake London,Drake,London,,,,Groin,,Full Participation in Practice,2023-11-10 18:56:44,injury_reports_2023.csv,0.0,WR,ATL,Drake London,ATL,485,16,485,16,0.0
2023,REG,CAR,9,00-0034830,TE,Hayden Hurst,Hayden,Hurst,,,,Illness,,Full Participation in Practice,2023-11-03 17:40:41,injury_reports_2023.csv,0.0,TE,CAR,Hayden Hurst,CAR,224,9,224,9,0.0
2023,REG,CAR,11,00-0034830,TE,Hayden Hurst,Hayden,Hurst,Concussion,,Out,Concussion,,Did Not Participate In Practice,2023-11-17 18:34:02,injury_reports_2023.csv,3.0,TE,CAR,Hayden Hurst,CAR,224,9,224,9,74.66666666666667
2023,REG,CAR,12,00-0034830,TE,Hayden Hurst,Hayden,Hurst,Concussion,,Out,Concussion,,Did Not Participate In Practice,2023-11-24 17:55:00,injury_reports_2023.csv,3.0,TE,CAR,Hayden Hurst,CAR,224,9,224,9,74.66666666666667
2023,REG,CAR,13,00-0034830,TE,Hayden Hurst,Hayden,Hurst,Concussion,,Out,Concussion,,Did Not Participate In Practice,2023-12-01 17:51:31,injury_reports_2023.csv,3.0,TE,CAR,Hayden Hurst,CAR,224,9,224,9,74.66666666666667
2023,REG,CAR,14,00-0034830,TE,Hayden Hurst,Hayden,Hurst,Concussion,,Out,Concussion,,Limited Participation in Practice,2023-12-08 17:26:10,injury_reports_2023.csv,3.0,TE,CAR,Hayden Hurst,CAR,224,9,224,9,74.66666666666667
2023,REG,CAR,15,00-0034830,TE,Hayden Hurst,Hayden,Hurst,Concussion,,Out,Concussion,,Did Not Participate In Practice,2023-12-15 17:30:30,injury_reports_2023.csv,3.0,TE,CAR,Hayden Hurst,CAR,224,9,224,9,74.66666666666667
2023,REG,CLV,9,00-0037257,WR,David Bell,David,Bell,Knee,,Out,Knee,,Did Not Participate In Practice,2023-11-03 19:12:43,injury_reports_2023.csv,3.0,WR,CLE,David Bell,CLV,158,16,158,16,29.625
2023,REG,CLV,10,00-0037257,WR,David Bell,David,Bell,Knee,,Out,Knee,,Did Not Participate In Practice,2023-11-10 20:46:26,injury_reports_2023.csv,3.0,WR,CLE,David Bell,CLV,158,16,158,16,29.625
2023,REG,CLV,11,00-0037257,WR,David Bell,David,Bell,,,,Knee,,Full Participation in Practice,2023-11-17 19:59:11,injury_reports_2023.csv,0.0,WR,CLE,David Bell,CLV,158,16,158,16,0.0
2023,WC,CLV,19,00-0037257,WR,David Bell,David,Bell,,,,Back,,Full Participation in Practice,2024-01-09 21:18:50,injury_reports_2023.csv,0.0,WR,CLE,David Bell,CLV,158,16,158,16,0.0
2023,REG,DAL,9,00-0034764,WR,Michael Gallup,Michael,Gallup,,,,Illness,,Full Participation in Practice,2023-11-03 18:18:38,injury_reports_2023.csv,0.0,WR,DAL,Michael Gallup,DAL,443,18,443,18,0.0
2023,REG,DAL,12,00-0034764,WR,Michael Gallup,Michael,Gallup,,,,Not injury related - personal matter,,Did Not Participate In Practice,2023-11-21 20:44:04,injury_reports_2023.csv,0.0,WR,DAL,Michael Gallup,DAL,443,18,443,18,0.0
2023,REG,IND,9,00-0038997,WR,Josh Downs,Josh,Downs,Knee,,Questionable,Knee,,Limited Participation in Practice,2023-11-03 18:26:46,injury_reports_2023.csv,1.0,WR,IND,Josh Downs,IND,483,17,483,17,28.41176470588235
2023,REG,IND,10,00-0038997,WR,Josh Downs,Josh,Downs,Knee,,Questionable,Knee,,Did Not Participate In Practice,2023-11-10 19:19:44,injury_reports_2023.csv,1.0,WR,IND,Josh Downs,IND,483,17,483,17,28.41176470588235
2023,REG,KC,9,00-0038090,WR,Skyy Moore,Skyy,Moore,,,,Heel,,Full Participation in Practice,2023-11-03 21:29:44,injury_reports_2023.csv,0.0,WR,KC,Skyy Moore,KC,289,14,289,14,0.0
2023,REG,KC,13,00-0038090,WR,Skyy Moore,Skyy,Moore,,,,Knee,,Full Participation in Practice,2023-12-01 19:40:03,injury_reports_2023.csv,0.0,WR,KC,Skyy Moore,KC,289,14,289,14,0.0
2023,REG,KC,14,00-0038090,WR,Skyy Moore,Skyy,Moore,,,,Knee,,Full Participation in Practice,2023-12-08 20:00:40,injury_reports_2023.csv,0.0,WR,KC,Skyy Moore,KC,289,14,289,14,0.0
2023,REG,LA,9,00-0036841,WR,Austin Trammell,Austin,Trammell,,,,Hip,,Full Participation in Practice,2023-11-03 19:42:22,injury_reports_2023.csv,0.0,WR,LA,Austin Trammell,LA,34,9,34,9,0.0
2023,REG,MIN,9,00-0036345,WR,K.J. Osborn,K.J.,Osborn,,,,Chest,,Full Participation in Practice,2023-11-03 19:08:07,injury_reports_2023.csv,0.0,WR,MIN,K.J. Osborn,MIN,558,16,558,16,0.0
2023,REG,MIN,10,00-0036345,WR,K.J. Osborn,K.J.,Osborn,Concussion,,Questionable,Concussion,,Full Participation in Practice,2023-11-10 19:54:13,injury_reports_2023.csv,1.0,WR,MIN,K.J. Osborn,MIN,558,16,558,16,34.875
2023,REG,MIN,11,00-0036345,WR,K.J. Osborn,K.J.,Osborn,,,,Concussion,,Full Participation in Practice,2023-11-17 20:05:10,injury_reports_2023.csv,0.0,WR,MIN,K.J. Osborn,MIN,558,16,558,16,0.0
2023,REG,MIN,9,00-0034646,WR,Brandon Powell,Brandon,Powell,,,,Shoulder,,Full Participation in Practice,2023-11-03 19:08:13,injury_reports_2023.csv,0.0,WR,MIN,Brandon Powell,MIN,287,13,287,13,0.0
2023,REG,NE,9,00-0033439,TE,Pharaoh Brown,Pharaoh,Brown,Back,,Questionable,Back,,Limited Participation in Practice,2023-11-03 19:17:13,injury_reports_2023.csv,1.0,TE,NE,Pharaoh Brown,NE,114,17,114,17,6.705882352941177
2023,REG,NE,15,00-0033439,TE,Pharaoh Brown,Pharaoh,Brown,Foot,,Questionable,,,"
    ",2023-12-16 20:49:13,injury_reports_2023.csv,1.0,TE,NE,Pharaoh Brown,NE,114,17,114,17,6.705882352941177
2023,REG,NE,18,00-0033439,TE,Pharaoh Brown,Pharaoh,Brown,Ribs,,Questionable,Ribs,,Limited Participation in Practice,2024-01-05 20:39:21,injury_reports_2023.csv,1.0,TE,NE,Pharaoh Brown,NE,114,17,114,17,6.705882352941177
2023,REG,NO,9,00-0036364,WR,Lynn Bowden,Lynn,Bowden,,,,Illness,,Full Participation in Practice,2023-11-03 19:07:08,injury_reports_2023.csv,0.0,WR,NO,Lynn Bowden,NO,127,14,127,14,0.0
2023,REG,NYJ,9,00-0034521,WR,Allen Lazard,Allen,Lazard,Knee,,Questionable,Knee,,Limited Participation in Practice,2023-11-04 19:54:33,injury_reports_2023.csv,1.0,WR,NYJ,Allen Lazard,NYJ,455,14,455,14,32.5
2023,REG,NYJ,10,00-0034521,WR,Allen Lazard,Allen,Lazard,,,,Knee,,Full Participation in Practice,2023-11-10 20:50:59,injury_reports_2023.csv,0.0,WR,NYJ,Allen Lazard,NYJ,455,14,455,14,0.0
2023,REG,NYJ,17,00-0034521,WR,Allen Lazard,Allen,Lazard,Illness,,Questionable,Illness,,Did Not Participate In Practice,2023-12-27 20:27:17,injury_reports_2023.csv,1.0,WR,NYJ,Allen Lazard,NYJ,455,14,455,14,32.5
2023,REG,NYJ,18,00-0034521,WR,Allen Lazard,Allen,Lazard,,,,Illness,,Full Participation in Practice,2024-01-05 19:50:13,injury_reports_2023.csv,0.0,WR,NYJ,Allen Lazard,NYJ,455,14,455,14,0.0
2023,REG,PHI,9,00-0037086,TE,Grant Calcaterra,Grant,Calcaterra,Concussion,,Out,Concussion,,Limited Participation in Practice,2023-11-03 19:54:29,injury_reports_2023.csv,3.0,TE,PHI,Grant Calcaterra,PHI,47,13,47,13,10.846153846153847
2023,REG,PHI,11,00-0037086,TE,Grant Calcaterra,Grant,Calcaterra,,,,Concussion,,Full Participation in Practice,2023-11-18 20:42:36,injury_reports_2023.csv,0.0,TE,PHI,Grant Calcaterra,PHI,47,13,47,13,0.0
2023,REG,PHI,12,00-0037086,TE,Grant Calcaterra,Grant,Calcaterra,Ankle,,Out,Ankle,,Did Not Participate In Practice,2023-11-24 20:43:55,injury_reports_2023.csv,3.0,TE,PHI,Grant Calcaterra,PHI,47,13,47,13,10.846153846153847
2023,REG,PHI,13,00-0037086,TE,Grant Calcaterra,Grant,Calcaterra,Ankle,,Questionable,Ankle,,Limited Participation in Practice,2023-12-01 20:51:23,injury_reports_2023.csv,1.0,TE,PHI,Grant Calcaterra,PHI,47,13,47,13,3.6153846153846154
2023,REG,PHI,14,00-0037086,TE,Grant Calcaterra,Grant,Calcaterra,,,,Ankle,,Full Participation in Practice,2023-12-08 20:48:03,injury_reports_2023.csv,0.0,TE,PHI,Grant Calcaterra,PHI,47,13,47,13,0.0
2023,REG,TB,9,00-0037311,TE,Ko Kieft,Ko,Kieft,,,,Ankle,,Full Participation in Practice,2023-11-03 18:15:40,injury_reports_2023.csv,0.0,TE,TB,Ko Kieft,TB,54,18,54,18,0.0
2023,REG,TB,17,00-0037311,TE,Ko Kieft,Ko,Kieft,Shoulder,,Out,Shoulder,,Did Not Participate In Practice,2023-12-29 19:10:03,injury_reports_2023.csv,3.0,TE,TB,Ko Kieft,TB,54,18,54,18,9.0
2023,REG,TB,18,00-0037311,TE,Ko Kieft,Ko,Kieft,Shoulder,,Questionable,Shoulder,,Full Participation in Practice,2024-01-05 17:59:20,injury_reports_2023.csv,1.0,TE,TB,Ko Kieft,TB,54,18,54,18,3.0
2023,REG,ARZ,10,00-0032141,TE,Geoff Swaim,Geoff,Swaim,Back,,Questionable,Back,,Limited Participation in Practice,2023-11-10 19:53:44,injury_reports_2023.csv,1.0,TE,ARI,Geoff Swaim,ARZ,100,14,100,14,7.142857142857143
2023,REG,ARZ,15,00-0032141,TE,Geoff Swaim,Geoff,Swaim,Back,,Questionable,Back,,Limited Participation in Practice,2023-12-15 20:49:02,injury_reports_2023.csv,1.0,TE,ARI,Geoff Swaim,ARZ,100,14,100,14,7.142857142857143
2023,REG,ATL,10,00-0036970,TE,Kyle Pitts,Kyle,Pitts,,,,Not injury related - personal matter,,Did Not Participate In Practice,2023-11-10 18:55:57,injury_reports_2023.csv,0.0,TE,ATL,Kyle Pitts,ATL,466,17,466,17,0.0
2023,REG,ATL,10,00-0033555,WR,Mack Hollins,Mack,Hollins,Ankle,,Out,Ankle,,Did Not Participate In Practice,2023-11-10 19:00:01,injury_reports_2023.csv,3.0,WR,ATL,Mack Hollins,ATL,161,13,161,13,37.15384615384615
2023,REG,ATL,12,00-0033555,WR,Mack Hollins,Mack,Hollins,Ankle,,Out,Ankle,,Did Not Participate In Practice,2023-11-24 18:24:43,injury_reports_2023.csv,3.0,WR,ATL,Mack Hollins,ATL,161,13,161,13,37.15384615384615
2023,REG,ATL,13,00-0033555,WR,Mack Hollins,Mack,Hollins,Ankle,,Questionable,Ankle,,Limited Participation in Practice,2023-12-01 19:33:45,injury_reports_2023.csv,1.0,WR,ATL,Mack Hollins,ATL,161,13,161,13,12.384615384615385
2023,REG,ATL,14,00-0033555,WR,Mack Hollins,Mack,Hollins,Ankle,,Questionable,Ankle,,Full Participation in Practice,2023-12-08 19:05:10,injury_reports_2023.csv,1.0,WR,ATL,Mack Hollins,ATL,161,13,161,13,12.384615384615385
2023,REG,BUF,10,00-0031588,WR,Stefon Diggs,Stefon,Diggs,,,,Back,,Limited Participation in Practice,2023-11-11 19:15:39,injury_reports_2023.csv,0.0,WR,BUF,Stefon Diggs,BUF,665,19,665,19,0.0
2023,REG,BUF,17,00-0031588,WR,Stefon Diggs,Stefon,Diggs,,,,Not injury related - resting player,,Did Not Participate In Practice,2023-12-29 20:31:42,injury_reports_2023.csv,0.0,WR,BUF,Stefon Diggs,BUF,665,19,665,19,0.0
2023,REG,BUF,18,00-0031588,WR,Stefon Diggs,Stefon,Diggs,,,,Not injury related - resting player,,Did Not Participate In Practice,2024-01-05 19:50:05,injury_reports_2023.csv,0.0,WR,BUF,Stefon Diggs,BUF,665,19,665,19,0.0
2023,WC,BUF,19,00-0031588,WR,Stefon Diggs,Stefon,Diggs,,,,Not injury related - resting player,,Did Not Participate In Practice,2024-01-12 19:54:52,injury_reports_2023.csv,0.0,WR,BUF,Stefon Diggs,BUF,665,19,665,19,0.0
2023,REG,CAR,10,00-0037005,TE,Tommy Tremble,Tommy,Tremble,,,,Shoulder,,Full Participation in Practice,2023-11-08 17:34:37,injury_reports_2023.csv,0.0,TE,CAR,Tommy Tremble,CAR,250,16,250,16,0.0
2023,REG,CAR,13,00-0037005,TE,Tommy Tremble,Tommy,Tremble,Hip,,Doubtful,Hip,,Did Not Participate In Practice,2023-12-01 17:51:47,injury_reports_2023.csv,2.0,TE,CAR,Tommy Tremble,CAR,250,16,250,16,31.25
2023,REG,CAR,14,00-0037005,TE,Tommy Tremble,Tommy,Tremble,Hip,,Questionable,Hip,,Full Participation in Practice,2023-12-08 17:27:12,injury_reports_2023.csv,1.0,TE,CAR,Tommy Tremble,CAR,250,16,250,16,15.625
2023,REG,CAR,15,00-0037005,TE,Tommy Tremble,Tommy,Tremble,,,,Hip,,Full Participation in Practice,2023-12-15 17:29:25,injury_reports_2023.csv,0.0,TE,CAR,Tommy Tremble,CAR,250,16,250,16,0.0
2023,REG,CAR,16,00-0037005,TE,Tommy Tremble,Tommy,Tremble,,,,Illness,,Limited Participation in Practice,2023-12-21 18:36:28,injury_reports_2023.csv,0.0,TE,CAR,Tommy Tremble,CAR,250,16,250,16,0.0
2023,REG,CAR,17,00-0037005,TE,Tommy Tremble,Tommy,Tremble,,,,Back,,Full Participation in Practice,2023-12-29 18:53:26,injury_reports_2023.csv,0.0,TE,CAR,Tommy Tremble,CAR,250,16,250,16,0.0
2023,REG,CIN,10,00-0036900,WR,Ja'Marr Chase,Ja'Marr,Chase,Back,,Questionable,Back,,Limited Participation in Practice,2023-11-10 19:01:59,injury_reports_2023.csv,1.0,WR,CIN,Ja'Marr Chase,CIN,600,16,600,16,37.5
2023,REG,CIN,15,00-0036900,WR,Ja'Marr Chase,Ja'Marr,Chase,,,,Ankle,,Full Participation in Practice,2023-12-14 19:16:19,injury_reports_2023.csv,0.0,WR,CIN,Ja'Marr Chase,CIN,600,16,600,16,0.0
2023,REG,CIN,16,00-0036900,WR,Ja'Marr Chase,Ja'Marr,Chase,Shoulder,,Out,Shoulder,,Did Not Participate In Practice,2023-12-21 18:04:03,injury_reports_2023.csv,3.0,WR,CIN,Ja'Marr Chase,CIN,600,16,600,16,112.5
2023,REG,CIN,17,00-0036900,WR,Ja'Marr Chase,Ja'Marr,Chase,Shoulder,,Questionable,Shoulder,,Limited Participation in Practice,2023-12-29 19:07:02,injury_reports_2023.csv,1.0,WR,CIN,Ja'Marr Chase,CIN,600,16,600,16,37.5
2023,REG,CIN,18,00-0036900,WR,Ja'Marr Chase,Ja'Marr,Chase,,,,Shoulder,,Full Participation in Practice,2024-01-05 19:30:39,injury_reports_2023.csv,0.0,WR,CIN,Ja'Marr Chase,CIN,600,16,600,16,0.0
2023,REG,DET,10,00-0036233,WR,Donovan Peoples-Jones,Donovan,Peoples-Jones,Ribs,,Questionable,Ribs,,Limited Participation in Practice,2023-11-10 21:51:55,injury_reports_2023.csv,1.0,WR,DET,Donovan Peoples-Jones,DET,261,17,261,17,15.352941176470589
2023,REG,DET,11,00-0036233,WR,Donovan Peoples-Jones,Donovan,Peoples-Jones,,,,Ribs,,Full Participation in Practice,2023-11-17 20:55:59,injury_reports_2023.csv,0.0,WR,DET,Donovan Peoples-Jones,DET,261,17,261,17,0.0
2023,REG,HST,10,00-0036554,WR,Nico Collins,Nico,Collins,Calf,,Out,Calf,,Did Not Participate In Practice,2023-11-10 20:58:33,injury_reports_2023.csv,3.0,WR,HOU,Nico Collins,HST,470,17,470,17,82.94117647058823
2023,REG,HST,11,00-0036554,WR,Nico Collins,Nico,Collins,,,,Calf,,Full Participation in Practice,2023-11-17 21:08:26,injury_reports_2023.csv,0.0,WR,HOU,Nico Collins,HST,470,17,470,17,0.0
2023,REG,HST,15,00-0036554,WR,Nico Collins,Nico,Collins,Calf,,Questionable,Calf,,Did Not Participate In Practice,2023-12-15 20:17:51,injury_reports_2023.csv,1.0,WR,HOU,Nico Collins,HST,470,17,470,17,27.647058823529413
2023,REG,HST,16,00-0036554,WR,Nico Collins,Nico,Collins,Calf,,Questionable,Calf,,Limited Participation in Practice,2023-12-22 21:19:12,injury_reports_2023.csv,1.0,WR,HOU,Nico Collins,HST,470,17,470,17,27.647058823529413
2023,REG,HST,17,00-0036554,WR,Nico Collins,Nico,Collins,,,,Calf,,Full Participation in Practice,2023-12-29 20:56:10,injury_reports_2023.csv,0.0,WR,HOU,Nico Collins,HST,470,17,470,17,0.0
2023,REG,LV,10,00-0032392,TE,Austin Hooper,Austin,Hooper,,,,Calf,,Full Participation in Practice,2023-11-10 21:40:00,injury_reports_2023.csv,0.0,TE,LV,Austin Hooper,LV,268,17,268,17,0.0
2023,REG,MIN,10,00-0033246,TE,Johnny Mundt,Johnny,Mundt,,,,Knee,,Full Participation in Practice,2023-11-10 19:51:06,injury_reports_2023.csv,0.0,TE,MIN,Johnny Mundt,MIN,115,16,115,16,0.0
2023,REG,MIN,10,00-0036322,WR,Justin Jefferson,Justin,Jefferson,Hamstring,,Questionable,Hamstring,,Limited Participation in Practice,2023-11-10 19:54:13,injury_reports_2023.csv,1.0,WR,MIN,Justin Jefferson,MIN,369,10,369,10,36.9
2023,REG,MIN,11,00-0036322,WR,Justin Jefferson,Justin,Jefferson,Hamstring,,Questionable,Hamstring,,Limited Participation in Practice,2023-11-17 20:06:50,injury_reports_2023.csv,1.0,WR,MIN,Justin Jefferson,MIN,369,10,369,10,36.9
2023,REG,MIN,12,00-0036322,WR,Justin Jefferson,Justin,Jefferson,Hamstring,,Questionable,Hamstring,,Limited Participation in Practice,2023-11-25 20:59:20,injury_reports_2023.csv,1.0,WR,MIN,Justin Jefferson,MIN,369,10,369,10,36.9
2023,REG,MIN,14,00-0036322,WR,Justin Jefferson,Justin,Jefferson,,,,Hamstring,,Full Participation in Practice,2023-12-08 20:02:51,injury_reports_2023.csv,0.0,WR,MIN,Justin Jefferson,MIN,369,10,369,10,0.0
2023,REG,MIN,15,00-0036322,WR,Justin Jefferson,Justin,Jefferson,Chest,,Questionable,Chest,,Full Participation in Practice,2023-12-14 19:48:38,injury_reports_2023.csv,1.0,WR,MIN,Justin Jefferson,MIN,369,10,369,10,36.9
2023,REG,NYG,10,00-0035639,WR,Parris Campbell,Parris,Campbell,Hamstring,,Questionable,Hamstring,,Limited Participation in Practice,2023-11-10 19:08:04,injury_reports_2023.csv,1.0,WR,NYG,Parris Campbell,NYG,141,10,141,10,14.1
2023,REG,NYG,14,00-0035639,WR,Parris Campbell,Parris,Campbell,Knee,,Questionable,Knee,,Did Not Participate In Practice,2023-12-09 19:07:02,injury_reports_2023.csv,1.0,WR,NYG,Parris Campbell,NYG,141,10,141,10,14.1
2023,REG,NYG,15,00-0035639,WR,Parris Campbell,Parris,Campbell,,,,Knee,,Full Participation in Practice,2023-12-15 19:20:25,injury_reports_2023.csv,0.0,WR,NYG,Parris Campbell,NYG,141,10,141,10,0.0
2023,REG,NYJ,10,00-0037805,TE,Jeremy Ruckert,Jeremy,Ruckert,,,,Shoulder,,Full Participation in Practice,2023-11-10 20:51:04,injury_reports_2023.csv,0.0,TE,NYJ,Jeremy Ruckert,NYJ,137,14,137,14,0.0
2023,REG,NYJ,12,00-0037805,TE,Jeremy Ruckert,Jeremy,Ruckert,,,,Shoulder,,Full Participation in Practice,2023-11-23 19:09:41,injury_reports_2023.csv,0.0,TE,NYJ,Jeremy Ruckert,NYJ,137,14,137,14,0.0
2023,REG,NYJ,17,00-0037805,TE,Jeremy Ruckert,Jeremy,Ruckert,Concussion,,Out,Concussion,,Did Not Participate In Practice,2023-12-27 20:29:35,injury_reports_2023.csv,3.0,TE,NYJ,Jeremy Ruckert,NYJ,137,14,137,14,29.357142857142858
2023,REG,NYJ,18,00-0037805,TE,Jeremy Ruckert,Jeremy,Ruckert,Concussion,,Out,Concussion,,Did Not Participate In Practice,2024-01-05 19:50:43,injury_reports_2023.csv,3.0,TE,NYJ,Jeremy Ruckert,NYJ,137,14,137,14,29.357142857142858
2023,REG,SEA,10,00-0036244,TE,Colby Parkinson,Colby,Parkinson,Biceps,,Questionable,Biceps,,Full Participation in Practice,2023-11-10 20:50:59,injury_reports_2023.csv,1.0,TE,SEA,Colby Parkinson,SEA,224,17,224,17,13.176470588235293
2023,REG,SEA,11,00-0036244,TE,Colby Parkinson,Colby,Parkinson,,,,Biceps,,Full Participation in Practice,2023-11-17 22:25:21,injury_reports_2023.csv,0.0,TE,SEA,Colby Parkinson,SEA,224,17,224,17,0.0
2023,REG,SEA,12,00-0036244,TE,Colby Parkinson,Colby,Parkinson,,,,Biceps,,Full Participation in Practice,2023-11-22 21:20:27,injury_reports_2023.csv,0.0,TE,SEA,Colby Parkinson,SEA,224,17,224,17,0.0
2023,REG,TB,10,00-0037487,WR,Deven Thompkins,Deven,Thompkins,,,,Not injury related - personal matter,,Full Participation in Practice,2023-11-10 20:19:29,injury_reports_2023.csv,0.0,WR,TB,Deven Thompkins,TB,141,19,141,19,0.0
2023,REG,TB,10,00-0039052,WR,Trey Palmer,Trey,Palmer,Neck,Illness,Questionable,Neck,Illness,Full Participation in Practice,2023-11-10 20:22:12,injury_reports_2023.csv,1.0,WR,TB,Trey Palmer,TB,500,19,500,19,26.31578947368421
2023,REG,TB,18,00-0039052,WR,Trey Palmer,Trey,Palmer,Hip,,Questionable,Hip,,Limited Participation in Practice,2024-01-05 17:59:20,injury_reports_2023.csv,1.0,WR,TB,Trey Palmer,TB,500,19,500,19,26.31578947368421
2023,REG,BUF,11,00-0034487,WR,Trent Sherfield,Trent,Sherfield,Ankle,,Questionable,Ankle,,Full Participation in Practice,2023-11-17 20:16:54,injury_reports_2023.csv,1.0,WR,BUF,Trent Sherfield,BUF,234,18,234,18,13.0
2023,REG,BUF,12,00-0034487,WR,Trent Sherfield,Trent,Sherfield,,,,Ankle,,Full Participation in Practice,2023-11-24 21:34:33,injury_reports_2023.csv,0.0,WR,BUF,Trent Sherfield,BUF,234,18,234,18,0.0
2023,REG,CIN,11,00-0038619,WR,Andrei Iosivas,Andrei,Iosivas,Knee,,Out,Knee,,Did Not Participate In Practice,2023-11-15 18:27:44,injury_reports_2023.csv,3.0,WR,CIN,Andrei Iosivas,CIN,151,15,151,15,30.2
2023,REG,CIN,12,00-0038619,WR,Andrei Iosivas,Andrei,Iosivas,,,,Knee,,Full Participation in Practice,2023-11-24 19:12:12,injury_reports_2023.csv,0.0,WR,CIN,Andrei Iosivas,CIN,151,15,151,15,0.0
2023,REG,DAL,11,00-0037666,WR,Jalen Tolbert,Jalen,Tolbert,,,,Knee,,Full Participation in Practice,2023-11-17 19:27:10,injury_reports_2023.csv,0.0,WR,DAL,Jalen Tolbert,DAL,300,18,300,18,0.0
2023,REG,DAL,15,00-0037666,WR,Jalen Tolbert,Jalen,Tolbert,Illness,,Questionable,Illness,,Limited Participation in Practice,2023-12-15 19:22:30,injury_reports_2023.csv,1.0,WR,DAL,Jalen Tolbert,DAL,300,18,300,18,16.666666666666668
2023,REG,DET,11,00-0032464,WR,Kalif Raymond,Kalif,Raymond,,,,Ankle,,Full Participation in Practice,2023-11-17 20:55:59,injury_reports_2023.csv,0.0,WR,DET,Kalif Raymond,DET,236,17,236,17,0.0
2023,WC,DET,19,00-0032464,WR,Kalif Raymond,Kalif,Raymond,Knee,,Out,Knee,,Did Not Participate In Practice,2024-01-12 20:36:39,injury_reports_2023.csv,3.0,WR,DET,Kalif Raymond,DET,236,17,236,17,41.64705882352941
2023,REG,NYG,11,00-0038938,WR,Jalin Hyatt,Jalin,Hyatt,,,,Concussion,,Full Participation in Practice,2023-11-17 20:47:42,injury_reports_2023.csv,0.0,WR,NYG,Jalin Hyatt,NYG,388,17,388,17,0.0
2023,REG,NYJ,11,00-0036510,TE,Kenny Yeboah,Kenny,Yeboah,Hamstring,,Out,Hamstring,,Full Participation in Practice,2023-11-17 19:52:02,injury_reports_2023.csv,3.0,TE,NYJ,Kenny Yeboah,NYJ,35,5,35,5,21.0
2023,REG,NYJ,12,00-0036510,TE,Kenny Yeboah,Kenny,Yeboah,Hamstring,,Questionable,Hamstring,,Full Participation in Practice,2023-11-23 19:10:32,injury_reports_2023.csv,1.0,TE,NYJ,Kenny Yeboah,NYJ,35,5,35,5,7.0
2023,REG,NYJ,13,00-0036510,TE,Kenny Yeboah,Kenny,Yeboah,Hamstring,,Questionable,Hamstring,,Full Participation in Practice,2023-12-01 20:05:48,injury_reports_2023.csv,1.0,TE,NYJ,Kenny Yeboah,NYJ,35,5,35,5,7.0
2023,REG,NYJ,11,00-0037740,WR,Garrett Wilson,Garrett,Wilson,Elbow,,Questionable,Elbow,,Limited Participation in Practice,2023-11-17 19:51:22,injury_reports_2023.csv,1.0,WR,NYJ,Garrett Wilson,NYJ,674,17,674,17,39.64705882352941
2023,REG,NYJ,12,00-0037740,WR,Garrett Wilson,Garrett,Wilson,,,,Elbow,,Full Participation in Practice,2023-11-23 19:09:41,injury_reports_2023.csv,0.0,WR,NYJ,Garrett Wilson,NYJ,674,17,674,17,0.0
2023,REG,BLT,12,00-0038046,TE,Charlie Kolar,Charlie,Kolar,Illness,,Questionable,Illness,,Did Not Participate In Practice,2023-11-24 21:25:20,injury_reports_2023.csv,1.0,TE,BAL,Charlie Kolar,BLT,65,13,65,13,5.0
2023,REG,BLT,12,00-0039064,WR,Zay Flowers,Zay,Flowers,Hip,,Questionable,Hip,,Full Participation in Practice,2023-11-24 21:25:20,injury_reports_2023.csv,1.0,WR,BAL,Zay Flowers,BLT,588,18,588,18,32.666666666666664
2023,REG,BLT,16,00-0039064,WR,Zay Flowers,Zay,Flowers,Foot,,Questionable,Foot,,Full Participation in Practice,2023-12-23 22:11:20,injury_reports_2023.csv,1.0,WR,BAL,Zay Flowers,BLT,588,18,588,18,32.666666666666664
2023,REG,BLT,17,00-0039064,WR,Zay Flowers,Zay,Flowers,Calf,,Questionable,Calf,,Limited Participation in Practice,2023-12-29 21:30:19,injury_reports_2023.csv,1.0,WR,BAL,Zay Flowers,BLT,588,18,588,18,32.666666666666664
2023,REG,BLT,18,00-0039064,WR,Zay Flowers,Zay,Flowers,Calf,,Doubtful,Calf,,Did Not Participate In Practice,2024-01-04 22:40:05,injury_reports_2023.csv,2.0,WR,BAL,Zay Flowers,BLT,588,18,588,18,65.33333333333333
2023,REG,CIN,12,00-0035341,WR,Trenton Irwin,Trenton,Irwin,,,,Hip,,Full Participation in Practice,2023-11-24 19:12:12,injury_reports_2023.csv,0.0,WR,CIN,Trenton Irwin,CIN,262,16,262,16,0.0
2023,REG,CIN,18,00-0035341,WR,Trenton Irwin,Trenton,Irwin,,,,Hamstring,,Full Participation in Practice,2024-01-05 19:31:07,injury_reports_2023.csv,0.0,WR,CIN,Trenton Irwin,CIN,262,16,262,16,0.0
2023,REG,GB,12,00-0039146,WR,Jayden Reed,Jayden,Reed,,,,Chest,,Full Participation in Practice,2023-11-22 21:23:31,injury_reports_2023.csv,0.0,WR,GB,Jayden Reed,GB,424,18,424,18,0.0
2023,REG,GB,13,00-0039146,WR,Jayden Reed,Jayden,Reed,Chest,,Questionable,Chest,,Limited Participation in Practice,2023-12-01 20:20:35,injury_reports_2023.csv,1.0,WR,GB,Jayden Reed,GB,424,18,424,18,23.555555555555557
2023,REG,GB,14,00-0039146,WR,Jayden Reed,Jayden,Reed,,,,Chest,,Limited Participation in Practice,2023-12-09 19:52:28,injury_reports_2023.csv,0.0,WR,GB,Jayden Reed,GB,424,18,424,18,0.0
2023,REG,GB,15,00-0039146,WR,Jayden Reed,Jayden,Reed,,,,Ankle,,Limited Participation in Practice,2023-12-15 19:37:37,injury_reports_2023.csv,0.0,WR,GB,Jayden Reed,GB,424,18,424,18,0.0
2023,REG,GB,16,00-0039146,WR,Jayden Reed,Jayden,Reed,Toe,Chest,Questionable,Toe,Chest,Did Not Participate In Practice,2023-12-22 20:41:39,injury_reports_2023.csv,1.0,WR,GB,Jayden Reed,GB,424,18,424,18,23.555555555555557
2023,REG,GB,17,00-0039146,WR,Jayden Reed,Jayden,Reed,,,,Toe,Chest,Limited Participation in Practice,2023-12-29 19:43:42,injury_reports_2023.csv,0.0,WR,GB,Jayden Reed,GB,424,18,424,18,0.0
2023,REG,GB,18,00-0039146,WR,Jayden Reed,Jayden,Reed,Chest,,Questionable,Chest,,Limited Participation in Practice,2024-01-05 20:03:48,injury_reports_2023.csv,1.0,WR,GB,Jayden Reed,GB,424,18,424,18,23.555555555555557
2023,WC,GB,19,00-0039146,WR,Jayden Reed,Jayden,Reed,,,,Chest,,Full Participation in Practice,2024-01-12 20:12:00,injury_reports_2023.csv,0.0,WR,GB,Jayden Reed,GB,424,18,424,18,0.0
2023,REG,GB,12,00-0036332,TE,Josiah Deguara,Josiah,Deguara,Hip,,Doubtful,Hip,,Did Not Participate In Practice,2023-11-22 21:32:58,injury_reports_2023.csv,2.0,TE,GB,Josiah Deguara,GB,76,16,76,16,9.5
2023,REG,GB,13,00-0036332,TE,Josiah Deguara,Josiah,Deguara,Hip,,Questionable,Hip,,Limited Participation in Practice,2023-12-01 20:20:35,injury_reports_2023.csv,1.0,TE,GB,Josiah Deguara,GB,76,16,76,16,4.75
2023,REG,GB,14,00-0036332,TE,Josiah Deguara,Josiah,Deguara,,,,Hip,,Full Participation in Practice,2023-12-09 19:52:28,injury_reports_2023.csv,0.0,TE,GB,Josiah Deguara,GB,76,16,76,16,0.0
2023,REG,LAC,12,00-0032394,TE,Nick Vannett,Nick,Vannett,Concussion,,Out,Concussion,,Did Not Participate In Practice,2023-11-24 21:14:20,injury_reports_2023.csv,3.0,TE,LAC,Nick Vannett,LAC,30,8,30,8,11.25
2023,REG,LAC,13,00-0032394,TE,Nick Vannett,Nick,Vannett,Concussion,,Out,Concussion,,Did Not Participate In Practice,2023-12-01 22:14:53,injury_reports_2023.csv,3.0,TE,LAC,Nick Vannett,LAC,30,8,30,8,11.25
2023,REG,LAC,14,00-0032394,TE,Nick Vannett,Nick,Vannett,,,,Concussion,,Full Participation in Practice,2023-12-08 21:12:40,injury_reports_2023.csv,0.0,TE,LAC,Nick Vannett,LAC,30,8,30,8,0.0
2023,REG,LAC,16,00-0032394,TE,Nick Vannett,Nick,Vannett,Back,,Questionable,Back,,Limited Participation in Practice,2023-12-21 20:11:44,injury_reports_2023.csv,1.0,TE,LAC,Nick Vannett,LAC,30,8,30,8,3.75
2023,REG,LAC,17,00-0032394,TE,Nick Vannett,Nick,Vannett,Back,,Questionable,Back,,Full Participation in Practice,2023-12-29 20:23:25,injury_reports_2023.csv,1.0,TE,LAC,Nick Vannett,LAC,30,8,30,8,3.75
2023,REG,NYG,12,00-0035535,WR,Darius Slayton,Darius,Slayton,Neck,,Doubtful,Neck,,Limited Participation in Practice,2023-11-24 20:51:57,injury_reports_2023.csv,2.0,WR,NYG,Darius Slayton,NYG,558,17,558,17,65.6470588235294
2023,REG,PHI,12,00-0035676,WR,A.J. Brown,A.J.,Brown,,,,Thigh,,Full Participation in Practice,2023-11-24 20:43:22,injury_reports_2023.csv,0.0,WR,PHI,A.J. Brown,PHI,577,17,577,17,0.0
2023,REG,PHI,13,00-0035676,WR,A.J. Brown,A.J.,Brown,,,,Thigh,,Full Participation in Practice,2023-12-01 20:50:39,injury_reports_2023.csv,0.0,WR,PHI,A.J. Brown,PHI,577,17,577,17,0.0
2023,WC,PHI,19,00-0035676,WR,A.J. Brown,A.J.,Brown,Knee,,Out,Knee,,Did Not Participate In Practice,2024-01-13 20:46:23,injury_reports_2023.csv,3.0,WR,PHI,A.J. Brown,PHI,577,17,577,17,101.82352941176471
2023,REG,PHI,12,00-0027944,WR,Julio Jones,Julio,Jones,,,,Knee,,Full Participation in Practice,2023-11-24 20:42:48,injury_reports_2023.csv,0.0,WR,PHI,Julio Jones,PHI,170,12,170,12,0.0
2023,REG,PHI,13,00-0027944,WR,Julio Jones,Julio,Jones,,,,Knee,,Limited Participation in Practice,2023-12-01 20:50:31,injury_reports_2023.csv,0.0,WR,PHI,Julio Jones,PHI,170,12,170,12,0.0
2023,REG,PHI,14,00-0027944,WR,Julio Jones,Julio,Jones,,,,Groin,,Limited Participation in Practice,2023-12-08 20:48:20,injury_reports_2023.csv,0.0,WR,PHI,Julio Jones,PHI,170,12,170,12,0.0
2023,REG,SEA,12,00-0038752,WR,Jake Bobo,Jake,Bobo,,,,Shoulder,,Full Participation in Practice,2023-11-22 21:20:27,injury_reports_2023.csv,0.0,WR,SEA,Jake Bobo,SEA,150,17,150,17,0.0
2023,REG,SEA,13,00-0038752,WR,Jake Bobo,Jake,Bobo,,,,Shoulder,,Full Participation in Practice,2023-11-29 21:02:56,injury_reports_2023.csv,0.0,WR,SEA,Jake Bobo,SEA,150,17,150,17,0.0
2023,REG,SEA,14,00-0038752,WR,Jake Bobo,Jake,Bobo,,,,Knee,Shoulder,Full Participation in Practice,2023-12-08 22:08:45,injury_reports_2023.csv,0.0,WR,SEA,Jake Bobo,SEA,150,17,150,17,0.0
2023,REG,SEA,17,00-0038752,WR,Jake Bobo,Jake,Bobo,,,,Knee,,Full Participation in Practice,2023-12-29 22:09:18,injury_reports_2023.csv,0.0,WR,SEA,Jake Bobo,SEA,150,17,150,17,0.0
2023,REG,ARZ,13,00-0037744,TE,Trey McBride,Trey,McBride,Groin,,Questionable,Groin,,Limited Participation in Practice,2023-12-01 19:24:24,injury_reports_2023.csv,1.0,TE,ARI,Trey McBride,ARZ,406,17,406,17,23.88235294117647
2023,REG,CIN,13,00-0034613,TE,Tanner Hudson,Tanner,Hudson,,,,Finger,Ankle,Full Participation in Practice,2023-12-02 19:24:25,injury_reports_2023.csv,0.0,TE,CIN,Tanner Hudson,CIN,225,12,225,12,0.0
2023,REG,CIN,13,00-0035631,TE,Drew Sample,Drew,Sample,,,,Foot,,Full Participation in Practice,2023-12-02 19:23:55,injury_reports_2023.csv,0.0,TE,CIN,Drew Sample,CIN,190,17,190,17,0.0
2023,REG,CIN,15,00-0035631,TE,Drew Sample,Drew,Sample,Illness,,Questionable,,,"
    ",2023-12-15 18:54:24,injury_reports_2023.csv,1.0,TE,CIN,Drew Sample,CIN,190,17,190,17,11.176470588235293
2023,REG,IND,13,00-0033466,WR,Isaiah McKenzie,Isaiah,McKenzie,,,,Toe,,Full Participation in Practice,2023-12-01 20:24:26,injury_reports_2023.csv,0.0,WR,IND,Isaiah McKenzie,IND,55,12,55,12,0.0
2023,REG,JAX,13,00-0038935,TE,Brenton Strange,Brenton,Strange,Foot,,Questionable,Foot,,Did Not Participate In Practice,2023-12-02 19:35:49,injury_reports_2023.csv,1.0,TE,JAX,Brenton Strange,JAX,85,14,85,14,6.071428571428571
2023,REG,JAX,14,00-0038935,TE,Brenton Strange,Brenton,Strange,Foot,,Out,Foot,,Did Not Participate In Practice,2023-12-08 20:12:19,injury_reports_2023.csv,3.0,TE,JAX,Brenton Strange,JAX,85,14,85,14,18.214285714285715
2023,REG,JAX,15,00-0038935,TE,Brenton Strange,Brenton,Strange,Foot,,Questionable,Foot,,Limited Participation in Practice,2023-12-15 19:50:10,injury_reports_2023.csv,1.0,TE,JAX,Brenton Strange,JAX,85,14,85,14,6.071428571428571
2023,REG,JAX,16,00-0038935,TE,Brenton Strange,Brenton,Strange,Foot,,Questionable,Foot,,Limited Participation in Practice,2023-12-22 19:56:57,injury_reports_2023.csv,1.0,TE,JAX,Brenton Strange,JAX,85,14,85,14,6.071428571428571
2023,REG,JAX,17,00-0038935,TE,Brenton Strange,Brenton,Strange,,,,Foot,,Limited Participation in Practice,2023-12-29 19:43:57,injury_reports_2023.csv,0.0,TE,JAX,Brenton Strange,JAX,85,14,85,14,0.0
2023,REG,JAX,13,00-0036887,TE,Luke Farrell,Luke,Farrell,Toe,,Questionable,Toe,,Limited Participation in Practice,2023-12-02 19:35:49,injury_reports_2023.csv,1.0,TE,JAX,Luke Farrell,JAX,114,17,114,17,6.705882352941177
2023,REG,KC,13,00-0039067,WR,Rashee Rice,Rashee,Rice,,,,Foot,,Full Participation in Practice,2023-12-01 19:40:03,injury_reports_2023.csv,0.0,WR,KC,Rashee Rice,KC,542,20,542,20,0.0
2023,REG,KC,14,00-0039067,WR,Rashee Rice,Rashee,Rice,,,,Foot,,Full Participation in Practice,2023-12-08 20:01:41,injury_reports_2023.csv,0.0,WR,KC,Rashee Rice,KC,542,20,542,20,0.0
2023,REG,KC,16,00-0039067,WR,Rashee Rice,Rashee,Rice,,,,Hamstring,,Full Participation in Practice,2023-12-23 19:57:57,injury_reports_2023.csv,0.0,WR,KC,Rashee Rice,KC,542,20,542,20,0.0
2023,REG,KC,18,00-0039067,WR,Rashee Rice,Rashee,Rice,Hamstring,,Out,Hamstring,,Did Not Participate In Practice,2024-01-05 21:05:32,injury_reports_2023.csv,3.0,WR,KC,Rashee Rice,KC,542,20,542,20,81.3
2023,WC,KC,19,00-0039067,WR,Rashee Rice,Rashee,Rice,,,,Hamstring,,Full Participation in Practice,2024-01-11 20:19:40,injury_reports_2023.csv,0.0,WR,KC,Rashee Rice,KC,542,20,542,20,0.0
2023,REG,LAC,13,00-0038544,WR,Quentin Johnston,Quentin,Johnston,,,,Ribs,Finger,Full Participation in Practice,2023-12-01 22:14:09,injury_reports_2023.csv,0.0,WR,LAC,Quentin Johnston,LAC,488,17,488,17,0.0
2023,REG,NO,13,00-0037545,WR,Rashid Shaheed,Rashid,Shaheed,Thigh,,Out,Thigh,,Did Not Participate In Practice,2023-12-01 20:16:15,injury_reports_2023.csv,3.0,WR,NO,Rashid Shaheed,NO,431,15,431,15,86.2
2023,REG,NO,14,00-0037545,WR,Rashid Shaheed,Rashid,Shaheed,Thigh,,Questionable,Thigh,,Did Not Participate In Practice,2023-12-08 20:23:22,injury_reports_2023.csv,1.0,WR,NO,Rashid Shaheed,NO,431,15,431,15,28.733333333333334
2023,REG,NO,15,00-0037545,WR,Rashid Shaheed,Rashid,Shaheed,,,,Thigh,,Limited Participation in Practice,2023-12-15 20:02:59,injury_reports_2023.csv,0.0,WR,NO,Rashid Shaheed,NO,431,15,431,15,0.0
2023,REG,CHI,14,00-0038941,WR,Tyler Scott,Tyler,Scott,Hamstring,,Questionable,Hamstring,,Limited Participation in Practice,2023-12-08 19:51:31,injury_reports_2023.csv,1.0,WR,CHI,Tyler Scott,CHI,257,17,257,17,15.117647058823529
2023,REG,JAX,14,00-0034775,WR,Christian Kirk,Christian,Kirk,,,,Groin,,Did Not Participate In Practice,2023-12-07 20:36:41,injury_reports_2023.csv,0.0,WR,JAX,Christian Kirk,JAX,380,12,380,12,0.0
2023,REG,JAX,18,00-0034775,WR,Christian Kirk,Christian,Kirk,Groin,,Questionable,Groin,,Limited Participation in Practice,2024-01-05 18:52:29,injury_reports_2023.csv,1.0,WR,JAX,Christian Kirk,JAX,380,12,380,12,31.666666666666668
2023,REG,NYJ,14,00-0034270,TE,Tyler Conklin,Tyler,Conklin,,,,Hamstring,,Full Participation in Practice,2023-12-08 20:53:45,injury_reports_2023.csv,0.0,TE,NYJ,Tyler Conklin,NYJ,473,17,473,17,0.0
2023,REG,NYJ,14,00-0038492,WR,Jason Brownlee,Jason,Brownlee,Ankle,,Out,Ankle,,Did Not Participate In Practice,2023-12-08 20:54:19,injury_reports_2023.csv,3.0,WR,NYJ,Jason Brownlee,NYJ,191,6,191,6,95.5
2023,REG,NYJ,15,00-0038492,WR,Jason Brownlee,Jason,Brownlee,Ankle,,Out,Ankle,,Did Not Participate In Practice,2023-12-15 20:53:04,injury_reports_2023.csv,3.0,WR,NYJ,Jason Brownlee,NYJ,191,6,191,6,95.5
2023,REG,NYJ,16,00-0038492,WR,Jason Brownlee,Jason,Brownlee,,,,Ankle,,Full Participation in Practice,2023-12-22 19:40:25,injury_reports_2023.csv,0.0,WR,NYJ,Jason Brownlee,NYJ,191,6,191,6,0.0
2023,REG,SF,14,00-0034073,TE,Ross Dwelley,Ross,Dwelley,Ankle,,Out,Ankle,,Did Not Participate In Practice,2023-12-08 22:24:28,injury_reports_2023.csv,3.0,TE,SF,Ross Dwelley,SF,21,10,21,10,6.3
2023,REG,SF,15,00-0034073,TE,Ross Dwelley,Ross,Dwelley,Ankle,,Out,Ankle,,Did Not Participate In Practice,2023-12-15 22:03:34,injury_reports_2023.csv,3.0,TE,SF,Ross Dwelley,SF,21,10,21,10,6.3
2023,REG,SF,16,00-0034073,TE,Ross Dwelley,Ross,Dwelley,Ankle,,Out,Ankle,,Did Not Participate In Practice,2023-12-23 21:56:14,injury_reports_2023.csv,3.0,TE,SF,Ross Dwelley,SF,21,10,21,10,6.3
2023,REG,SF,17,00-0034073,TE,Ross Dwelley,Ross,Dwelley,Ankle,,Out,Ankle,,Did Not Participate In Practice,2023-12-29 20:57:55,injury_reports_2023.csv,3.0,TE,SF,Ross Dwelley,SF,21,10,21,10,6.3
2023,REG,SF,18,00-0034073,TE,Ross Dwelley,Ross,Dwelley,Ankle,,Out,Ankle,,Did Not Participate In Practice,2024-01-05 21:45:41,injury_reports_2023.csv,3.0,TE,SF,Ross Dwelley,SF,21,10,21,10,6.3
2023,REG,CIN,15,00-0035771,TE,Mitchell Wilcox,Mitchell,Wilcox,,,,Knee,,Full Participation in Practice,2023-12-14 19:16:03,injury_reports_2023.csv,0.0,TE,CIN,Mitchell Wilcox,CIN,69,16,69,16,0.0
2023,REG,CIN,17,00-0035771,TE,Mitchell Wilcox,Mitchell,Wilcox,,,,Foot,,Full Participation in Practice,2023-12-29 19:06:17,injury_reports_2023.csv,0.0,TE,CIN,Mitchell Wilcox,CIN,69,16,69,16,0.0
2023,REG,IND,15,00-0038394,TE,Will Mallory,Will,Mallory,,,,Rib,,Full Participation in Practice,2023-12-14 20:11:18,injury_reports_2023.csv,0.0,TE,IND,Will Mallory,IND,128,12,128,12,0.0
2023,REG,KC,15,00-0037216,WR,Justyn Ross,Justyn,Ross,Returning from Suspension,,Doubtful,Returning from Suspension,,Full Participation in Practice,2023-12-15 19:49:00,injury_reports_2023.csv,2.0,WR,KC,Justyn Ross,KC,79,10,79,10,15.8
2023,REG,KC,18,00-0037216,WR,Justyn Ross,Justyn,Ross,,,,Illness,,Full Participation in Practice,2024-01-04 23:47:54,injury_reports_2023.csv,0.0,WR,KC,Justyn Ross,KC,79,10,79,10,0.0
2023,WC,KC,19,00-0037216,WR,Justyn Ross,Justyn,Ross,Hamstring,,Questionable,Hamstring,,Limited Participation in Practice,2024-01-11 20:20:00,injury_reports_2023.csv,1.0,WR,KC,Justyn Ross,KC,79,10,79,10,7.9
2023,REG,LA,15,00-0036849,WR,Tutu Atwell,Tutu,Atwell,Concussion,,Questionable,Concussion,,Full Participation in Practice,2023-12-15 20:06:36,injury_reports_2023.csv,1.0,WR,LA,Tutu Atwell,LA,408,17,408,17,24.0
2023,REG,LA,16,00-0036849,WR,Tutu Atwell,Tutu,Atwell,,,,Concussion,,Full Participation in Practice,2023-12-20 20:14:26,injury_reports_2023.csv,0.0,WR,LA,Tutu Atwell,LA,408,17,408,17,0.0
2023,REG,TEN,15,00-0034193,TE,Kevin Rader,Kevin,Rader,,,,Illness,,Full Participation in Practice,2023-12-15 19:44:44,injury_reports_2023.csv,0.0,TE,TEN,Kevin Rader,TEN,32,14,32,14,0.0
2023,REG,TEN,18,00-0034193,TE,Kevin Rader,Kevin,Rader,Hip,,Questionable,Hip,,Full Participation in Practice,2024-01-05 19:56:38,injury_reports_2023.csv,1.0,TE,TEN,Kevin Rader,TEN,32,14,32,14,2.2857142857142856
2023,REG,TEN,15,00-0037809,TE,Chigoziem Okonkwo,Chigoziem,Okonkwo,,,,Ribs,,Limited Participation in Practice,2023-12-15 19:46:22,injury_reports_2023.csv,0.0,TE,TEN,Chigoziem Okonkwo,TEN,403,17,403,17,0.0
2023,REG,TEN,16,00-0037809,TE,Chigoziem Okonkwo,Chigoziem,Okonkwo,Illness,,Questionable,Illness,,Did Not Participate In Practice,2023-12-22 20:25:11,injury_reports_2023.csv,1.0,TE,TEN,Chigoziem Okonkwo,TEN,403,17,403,17,23.705882352941178
2023,REG,TEN,15,00-0036182,WR,Nick Westbrook-Ikhine,Nick,Westbrook-Ikhine,Illness,,Questionable,Illness,,Did Not Participate In Practice,2023-12-15 19:47:11,injury_reports_2023.csv,1.0,WR,TEN,Nick Westbrook-Ikhine,TEN,328,14,328,14,23.428571428571427
2023,REG,TEN,16,00-0036182,WR,Nick Westbrook-Ikhine,Nick,Westbrook-Ikhine,,,,Hand,,Did Not Participate In Practice,2023-12-20 21:07:42,injury_reports_2023.csv,0.0,WR,TEN,Nick Westbrook-Ikhine,TEN,328,14,328,14,0.0
2023,REG,DET,16,00-0036754,TE,Brock Wright,Brock,Wright,Hip,,Out,Hip,,Did Not Participate In Practice,2023-12-22 20:13:42,injury_reports_2023.csv,3.0,TE,DET,Brock Wright,DET,155,16,155,16,29.0625
2023,REG,DET,17,00-0036754,TE,Brock Wright,Brock,Wright,Hip,,Out,Hip,,Did Not Participate In Practice,2023-12-28 20:51:18,injury_reports_2023.csv,3.0,TE,DET,Brock Wright,DET,155,16,155,16,29.0625
2023,REG,DET,18,00-0036754,TE,Brock Wright,Brock,Wright,Hip,,Out,Hip,,Did Not Participate In Practice,2024-01-05 20:43:12,injury_reports_2023.csv,3.0,TE,DET,Brock Wright,DET,155,16,155,16,29.0625
2023,WC,DET,19,00-0036754,TE,Brock Wright,Brock,Wright,,,,Hip,,Full Participation in Practice,2024-01-12 20:35:13,injury_reports_2023.csv,0.0,TE,DET,Brock Wright,DET,155,16,155,16,0.0
2023,REG,LV,16,00-0039066,TE,Michael Mayer,Michael,Mayer,Toe,,Out,Toe,,Did Not Participate In Practice,2023-12-23 20:08:12,injury_reports_2023.csv,3.0,TE,LV,Michael Mayer,LV,273,14,273,14,58.5
2023,REG,LV,17,00-0039066,TE,Michael Mayer,Michael,Mayer,Toe,,Out,Toe,,Did Not Participate In Practice,2023-12-29 20:30:59,injury_reports_2023.csv,3.0,TE,LV,Michael Mayer,LV,273,14,273,14,58.5
2023,REG,LV,18,00-0039066,TE,Michael Mayer,Michael,Mayer,Toe,,Out,Toe,,Did Not Participate In Practice,2024-01-05 21:47:03,injury_reports_2023.csv,3.0,TE,LV,Michael Mayer,LV,273,14,273,14,58.5
2023,REG,LV,16,00-0035562,TE,Jesper Horsted,Jesper,Horsted,Hamstring,,Questionable,Hamstring,,Limited Participation in Practice,2023-12-23 20:07:57,injury_reports_2023.csv,1.0,TE,LV,Jesper Horsted,LV,6,3,6,3,2.0
2023,REG,LV,17,00-0035562,TE,Jesper Horsted,Jesper,Horsted,,,,Hamstring,,Did Not Participate In Practice,2023-12-27 22:19:24,injury_reports_2023.csv,0.0,TE,LV,Jesper Horsted,LV,6,3,6,3,0.0
2023,REG,TB,16,00-0038821,WR,Rakim Jarrett,Rakim,Jarrett,Quadricep,,Out,Quadricep,,Full Participation in Practice,2023-12-22 20:47:03,injury_reports_2023.csv,3.0,WR,TB,Rakim Jarrett,TB,51,10,51,10,15.3
2023,REG,TB,17,00-0038821,WR,Rakim Jarrett,Rakim,Jarrett,Quadricep,,Out,Quadricep,,Full Participation in Practice,2023-12-29 19:09:58,injury_reports_2023.csv,3.0,WR,TB,Rakim Jarrett,TB,51,10,51,10,15.3
2023,REG,TB,18,00-0038821,WR,Rakim Jarrett,Rakim,Jarrett,Quadricep,,Questionable,Quadricep,,Full Participation in Practice,2024-01-05 17:59:20,injury_reports_2023.csv,1.0,WR,TB,Rakim Jarrett,TB,51,10,51,10,5.1
2023,REG,DEN,17,00-0034348,WR,Courtland Sutton,Courtland,Sutton,Concussion,,Out,Concussion,,Did Not Participate In Practice,2023-12-29 21:41:02,injury_reports_2023.csv,3.0,WR,DEN,Courtland Sutton,DEN,468,16,468,16,87.75
2023,REG,DEN,18,00-0034348,WR,Courtland Sutton,Courtland,Sutton,,,,Concussion,,Full Participation in Practice,2024-01-05 21:37:22,injury_reports_2023.csv,0.0,WR,DEN,Courtland Sutton,DEN,468,16,468,16,0.0
2023,REG,IND,17,00-0035045,WR,D.J. Montgomery,D.J.,Montgomery,Groin,,Questionable,Groin,,Full Participation in Practice,2023-12-29 20:29:56,injury_reports_2023.csv,1.0,WR,IND,D.J. Montgomery,IND,62,6,62,6,10.333333333333334
2023,REG,MIA,17,00-0032688,WR,Robbie Chosen,Robbie,Chosen,,,,Concussion,,Full Participation in Practice,2023-12-29 20:53:47,injury_reports_2023.csv,0.0,WR,MIA,Robbie Chosen,MIA,65,8,65,8,0.0
2023,REG,PHI,17,00-0036423,TE,Albert Okwuegbunam,Albert,Okwuegbunam,Hamstring,,Questionable,Hamstring,,Limited Participation in Practice,2023-12-29 20:47:52,injury_reports_2023.csv,1.0,TE,PHI,Albert Okwuegbunam,PHI,38,4,38,4,9.5
2023,REG,TEN,17,00-0038632,WR,Colton Dowell,Colton,Dowell,,,,Hip,,Full Participation in Practice,2023-12-29 19:53:37,injury_reports_2023.csv,0.0,WR,TEN,Colton Dowell,TEN,17,7,17,7,0.0
2023,REG,TEN,18,00-0038632,WR,Colton Dowell,Colton,Dowell,Knee,,Out,Knee,,Did Not Participate In Practice,2024-01-05 19:56:58,injury_reports_2023.csv,3.0,WR,TEN,Colton Dowell,TEN,17,7,17,7,7.285714285714286
2023,REG,CLV,18,00-0036980,WR,Elijah Moore,Elijah,Moore,Concussion,,Questionable,Concussion,,Limited Participation in Practice,2024-01-05 20:01:00,injury_reports_2023.csv,1.0,WR,CLE,Elijah Moore,CLV,608,18,608,18,33.77777777777778
2023,REG,KC,18,00-0032062,TE,Blake Bell,Blake,Bell,,,,Finger,,Full Participation in Practice,2024-01-05 21:00:51,injury_reports_2023.csv,0.0,TE,KC,Blake Bell,KC,89,21,89,21,0.0
2023,REG,LAC,18,00-0037475,TE,Stone Smartt,Stone,Smartt,Shoulder,,Questionable,Shoulder,,Full Participation in Practice,2024-01-05 20:05:02,injury_reports_2023.csv,1.0,TE,LAC,Stone Smartt,LAC,159,16,159,16,9.9375
2023,REG,MIN,18,00-0037317,TE,Nick Muse,Nick,Muse,,,,Knee,,Full Participation in Practice,2024-01-05 19:46:52,injury_reports_2023.csv,0.0,TE,MIN,Nick Muse,MIN,1,1,1,1,0.0
2023,REG,NO,18,00-0038612,WR,A.T. Perry,A.T.,Perry,Illness,,Questionable,Illness,,Full Participation in Practice,2024-01-05 20:08:20,injury_reports_2023.csv,1.0,WR,NO,A.T. Perry,NO,208,10,208,10,20.8
2023,WC,BUF,19,00-0035215,WR,Deonte Harty,Deonte,Harty,,,,Not injury related - personal matter,,Full Participation in Practice,2024-01-12 19:55:36,injury_reports_2023.csv,0.0,WR,BUF,Deonte Harty,BUF,127,18,127,18,0.0
2023,WC,BUF,19,00-0036196,WR,Gabe Davis,Gabe,Davis,Knee,,Out,Knee,,Did Not Participate In Practice,2024-01-12 19:57:05,injury_reports_2023.csv,3.0,WR,BUF,Gabe Davis,BUF,555,17,555,17,97.94117647058823
2023,WC,KC,19,00-0034272,WR,Marquez Valdes-Scantling,Marquez,Valdes-Scantling,,,,Oblique,,Full Participation in Practice,2024-01-11 20:19:40,injury_reports_2023.csv,0.0,WR,KC,Marquez Valdes-Scantling,KC,569,20,569,20,0.0
