Player,JerseyNumber,Position,GamesPlayed,DefenseTotalSnaps,DefenseRunDefenseSnaps,DefensePassRushSnaps,DefenseCoverageSnaps,DefenseOverallGrade,DefenseRunDefenseGrade,DefenseTacklingGrade,DefensePassRushGrade,DefenseCoverageGrade,DefenseTotalPressures,DefenseSacks,DefenseHits,DefenseHurries,DefenseBattedPasses,DefenseTackles,DefenseAssists,DefenseMissedTackles,DefenseMissedTacklePercentage,DefenseStops,DefenseForcedFumbles,DefenseTargets,DefenseReceptionsAllowed,DefenseReceptionPercentageAllowed,DefenseYardsAllowed,DefenseYardsPerReceptionAllowed,DefenseYardsAfterCatchAllowed,DefenseLongestReceptionAllowed,DefenseTouchdownsAllowed,DefenseInterceptions,DefensePassBreakups,DefensePasserRatingAllowed,DefensePenalties,DefenseSnapsOnDefensiveLine,DefenseSnapsInTheBox,DefenseSnapsAtFreeSafety,DefenseSnapsInTheSlot,DefenseSnapsAtCorner,DefenseSnapsAtA-Gap,DefenseSnapsAtB-Gap,DefenseSnapsOverTackle,DefenseSnapsOutside,Team
Zaven Collins,#25,ED,17.0,636.0,252.0,272.0,112.0,72.1,73.9,67.7,61.9,67.0,30.0,4.0,2.0,24.0,0.0,30.0,11.0,3.0,6.8,22.0,0.0,9.0,8.0,88.9,74.0,9.3,50.0,24.0,0.0,1.0,1.0,61.3,0 (0),569.0,32.0,0.0,34.0,1.0,0.0,2.0,0.0,567.0,arizona-cardinals
Jalen Thompson,#34,S,15.0,938.0,413.0,15.0,510.0,71.3,54.6,70.1,69.6,77.0,5.0,1.0,2.0,2.0,0.0,62.0,14.0,7.0,8.4,18.0,1.0,38.0,26.0,68.4,336.0,12.9,86.0,53.0,2.0,4.0,4.0,73.9,3 (0),2.0,355.0,174.0,377.0,30.0,0.0,0.0,0.0,2.0,arizona-cardinals
Andre Chachere,#36,S,17.0,467.0,174.0,8.0,285.0,71.1,70.1,61.9,49.3,69.4,1.0,0.0,0.0,1.0,0.0,24.0,6.0,5.0,14.3,4.0,0.0,11.0,5.0,45.5,95.0,19.0,22.0,63.0,1.0,0.0,2.0,106.3,0 (0),12.0,105.0,198.0,141.0,11.0,0.0,0.0,0.0,12.0,arizona-cardinals
Dennis Gardeck,#45,ED,17.0,510.0,156.0,242.0,112.0,67.6,44.5,52.7,81.2,61.9,42.0,6.0,8.0,28.0,0.0,31.0,6.0,7.0,15.9,27.0,1.0,18.0,15.0,83.3,112.0,7.5,94.0,37.0,2.0,0.0,0.0,129.6,2 (0),437.0,14.0,0.0,58.0,1.0,0.0,0.0,0.0,437.0,arizona-cardinals
Victor Dimukeje,#52,ED,16.0,385.0,195.0,151.0,39.0,67.5,60.5,70.3,66.7,65.8,24.0,5.0,3.0,16.0,0.0,17.0,5.0,5.0,18.5,14.0,1.0,5.0,4.0,80.0,20.0,5.0,4.0,6.0,0.0,0.0,0.0,83.3,0 (0),359.0,25.0,0.0,0.0,1.0,0.0,2.0,3.0,354.0,arizona-cardinals
Joey Blount,#32,S,6.0,25.0,13.0,0.0,12.0,66.9,48.6,79.4,-,72.6,0.0,0.0,0.0,0.0,0.0,1.0,1.0,0.0,0.0,0.0,0.0,1.0,0.0,0.0,0.0,,0.0,,0.0,1.0,0.0,0.0,0 (0),0.0,4.0,18.0,3.0,0.0,0.0,0.0,0.0,0.0,arizona-cardinals
Roy Lopez,#98,DI,14.0,395.0,213.0,182.0,0.0,65.4,64.2,36.6,60.6,68.5,15.0,0.0,1.0,14.0,0.0,29.0,13.0,6.0,12.5,24.0,0.0,0.0,0.0,,0.0,,0.0,,0.0,0.0,0.0,0.0,1 (0),395.0,0.0,0.0,0.0,0.0,191.0,190.0,14.0,0.0,arizona-cardinals
Owen Pappoe,#44,LB,6.0,114.0,40.0,20.0,54.0,65.3,49.1,61.4,69.8,69.9,3.0,0.0,1.0,2.0,1.0,6.0,4.0,1.0,9.1,2.0,0.0,5.0,4.0,80.0,37.0,9.3,19.0,19.0,0.0,0.0,0.0,97.5,0 (0),16.0,94.0,0.0,4.0,0.0,0.0,0.0,0.0,16.0,arizona-cardinals
BJ Ojulari,#18,ED,17.0,409.0,175.0,161.0,73.0,64.8,56.9,77.7,64.1,66.9,20.0,4.0,5.0,11.0,1.0,22.0,14.0,1.0,2.7,13.0,0.0,12.0,12.0,100.0,79.0,6.6,75.0,13.0,0.0,0.0,0.0,94.1,0 (0),332.0,28.0,0.0,48.0,1.0,0.0,0.0,0.0,332.0,arizona-cardinals
Budda Baker,#03,S,12.0,763.0,352.0,21.0,390.0,64.8,67.0,79.9,49.2,63.1,5.0,0.0,0.0,5.0,0.0,60.0,25.0,7.0,7.6,21.0,0.0,18.0,11.0,61.1,176.0,16.0,70.0,35.0,3.0,0.0,0.0,133.3,0 (0),22.0,267.0,380.0,92.0,2.0,0.0,0.0,0.0,22.0,arizona-cardinals
Antonio Hamilton Sr.,#33,CB,14.0,559.0,243.0,4.0,312.0,64.7,47.7,51.4,53.3,69.1,0.0,0.0,0.0,0.0,0.0,30.0,6.0,7.0,16.3,10.0,0.0,44.0,25.0,56.8,269.0,10.8,104.0,49.0,2.0,1.0,6.0,80.6,5 (0),5.0,86.0,0.0,73.0,395.0,0.0,0.0,0.0,5.0,arizona-cardinals
Qwuantrezz Knight,#28,S,1.0,4.0,1.0,0.0,3.0,62.3,60.0,-,-,60.3,0.0,0.0,0.0,0.0,0.0,0.0,0.0,0.0,,0.0,0.0,0.0,0.0,,0.0,,0.0,,0.0,0.0,0.0,0.0,0 (0),0.0,0.0,4.0,0.0,0.0,0.0,0.0,0.0,0.0,arizona-cardinals
Carlos Watkins,#94,DI,2.0,43.0,18.0,25.0,0.0,60.4,57.9,71.9,61.4,-,1.0,1.0,0.0,0.0,1.0,4.0,1.0,0.0,0.0,4.0,0.0,0.0,0.0,,0.0,,0.0,,0.0,0.0,0.0,0.0,0 (0),43.0,0.0,0.0,0.0,0.0,1.0,31.0,10.0,1.0,arizona-cardinals
Krys Barnes,#51,LB,10.0,408.0,174.0,19.0,215.0,60.1,58.9,61.4,64.4,59.2,2.0,0.0,1.0,1.0,1.0,39.0,13.0,6.0,10.3,21.0,0.0,22.0,17.0,77.3,160.0,9.4,103.0,26.0,2.0,1.0,3.0,108.1,0 (0),36.0,351.0,6.0,14.0,1.0,0.0,0.0,0.0,36.0,arizona-cardinals
Dante Stills,#55,DI,15.0,533.0,245.0,288.0,0.0,59.3,60.1,59.0,53.8,67.1,20.0,4.0,1.0,15.0,0.0,25.0,16.0,4.0,8.9,20.0,0.0,0.0,0.0,,0.0,,0.0,,0.0,0.0,0.0,0.0,1 (0),533.0,0.0,0.0,0.0,0.0,10.0,214.0,262.0,47.0,arizona-cardinals
Kyzir White,#07,LB,11.0,708.0,309.0,36.0,363.0,58.9,60.3,74.4,52.1,59.8,6.0,2.0,0.0,4.0,0.0,64.0,31.0,9.0,8.7,30.0,0.0,43.0,35.0,81.4,347.0,9.9,238.0,37.0,2.0,1.0,3.0,106.1,3 (0),20.0,640.0,6.0,41.0,1.0,0.0,0.0,0.0,20.0,arizona-cardinals
Cameron Thomas,#97,ED,15.0,355.0,137.0,200.0,18.0,58.5,55.7,67.4,64.8,38.9,16.0,0.0,0.0,16.0,1.0,18.0,4.0,2.0,8.3,12.0,0.0,1.0,1.0,100.0,11.0,11.0,6.0,11.0,0.0,0.0,0.0,112.5,1 (0),345.0,10.0,0.0,0.0,0.0,1.0,1.0,2.0,341.0,arizona-cardinals
K'Von Wallace,#22,S,6.0,393.0,150.0,10.0,233.0,57.3,58.9,44.4,56.6,56.8,3.0,0.0,0.0,3.0,0.0,34.0,10.0,9.0,17.0,7.0,0.0,18.0,13.0,72.2,134.0,10.3,57.0,19.0,0.0,1.0,3.0,70.1,0 (0),7.0,217.0,95.0,70.0,4.0,0.0,0.0,0.0,7.0,arizona-cardinals
Garrett Williams,#21,CB,9.0,360.0,127.0,1.0,232.0,56.7,53.8,59.8,59.0,57.2,0.0,0.0,0.0,0.0,0.0,21.0,2.0,3.0,11.5,7.0,0.0,29.0,21.0,72.4,182.0,8.7,120.0,23.0,1.0,1.0,1.0,85.7,0 (0),0.0,50.0,8.0,292.0,10.0,0.0,0.0,0.0,0.0,arizona-cardinals
Kei'Trel Clark,#13,CB,8.0,464.0,182.0,1.0,281.0,53.0,50.4,54.8,60.0,53.4,0.0,0.0,0.0,0.0,0.0,37.0,6.0,7.0,14.0,7.0,0.0,40.0,29.0,72.5,343.0,11.8,59.0,49.0,2.0,0.0,2.0,114.9,1 (0),0.0,50.0,0.0,5.0,409.0,0.0,0.0,0.0,0.0,arizona-cardinals
Eric Banks,#96,DI,2.0,42.0,19.0,23.0,0.0,51.7,52.4,69.5,55.3,-,0.0,0.0,0.0,0.0,0.0,2.0,0.0,0.0,0.0,2.0,0.0,0.0,0.0,,0.0,,0.0,,0.0,0.0,0.0,0.0,0 (0),42.0,0.0,0.0,0.0,0.0,1.0,18.0,18.0,5.0,arizona-cardinals
Kevin Strong,#92,DI,14.0,467.0,238.0,229.0,0.0,50.1,46.6,37.3,61.2,60.1,12.0,3.0,0.0,9.0,1.0,31.0,13.0,7.0,13.7,27.0,0.0,0.0,0.0,,0.0,,0.0,,0.0,0.0,0.0,0.0,2 (0),467.0,0.0,0.0,0.0,0.0,67.0,210.0,149.0,41.0,arizona-cardinals
Jesse Luketa,#43,ED,12.0,132.0,81.0,32.0,19.0,48.2,57.6,37.8,54.1,32.1,4.0,0.0,1.0,3.0,0.0,7.0,3.0,3.0,23.1,4.0,0.0,2.0,2.0,100.0,15.0,7.5,0.0,14.0,1.0,0.0,0.0,137.5,0 (0),122.0,1.0,0.0,8.0,1.0,0.0,0.0,0.0,122.0,arizona-cardinals
Starling Thomas V,#24,CB,11.0,473.0,226.0,1.0,246.0,46.1,53.4,75.9,60.0,44.1,0.0,0.0,0.0,0.0,0.0,34.0,2.0,2.0,5.3,10.0,0.0,46.0,37.0,80.4,441.0,11.9,100.0,59.0,5.0,0.0,2.0,142.8,3 (0),0.0,68.0,0.0,3.0,402.0,0.0,0.0,0.0,0.0,arizona-cardinals
Leki Fotu,#95,DI,11.0,297.0,164.0,133.0,0.0,46.1,40.7,46.4,54.0,83.2,7.0,3.0,0.0,4.0,0.0,18.0,6.0,5.0,17.2,14.0,0.0,0.0,0.0,,0.0,,0.0,,0.0,0.0,0.0,0.0,0 (0),297.0,0.0,0.0,0.0,0.0,133.0,112.0,51.0,1.0,arizona-cardinals
Phil Hoskins,#79,DI,5.0,124.0,67.0,57.0,0.0,45.9,46.1,51.1,53.3,-,1.0,0.0,0.0,1.0,0.0,5.0,3.0,1.0,11.1,3.0,0.0,0.0,0.0,,0.0,,0.0,,0.0,0.0,0.0,0.0,0 (0),124.0,0.0,0.0,0.0,0.0,20.0,53.0,44.0,7.0,arizona-cardinals
Divaad Wilson,#27,CB,2.0,96.0,52.0,1.0,43.0,45.6,59.3,37.2,60.0,40.4,1.0,0.0,0.0,1.0,0.0,5.0,1.0,2.0,25.0,1.0,0.0,7.0,5.0,71.4,61.0,12.2,18.0,25.0,0.0,0.0,0.0,97.9,1 (0),1.0,27.0,0.0,0.0,68.0,0.0,0.0,0.0,1.0,arizona-cardinals
Ben Stille,#90,DI,5.0,134.0,68.0,66.0,0.0,45.4,49.3,40.1,52.6,-,4.0,1.0,0.0,3.0,0.0,5.0,2.0,1.0,12.5,4.0,0.0,0.0,0.0,,0.0,,0.0,,0.0,0.0,0.0,0.0,1 (0),134.0,0.0,0.0,0.0,0.0,2.0,76.0,43.0,13.0,arizona-cardinals
Marco Wilson,#20,CB,11.0,694.0,297.0,1.0,396.0,41.2,50.2,53.0,48.0,40.0,1.0,0.0,0.0,1.0,0.0,41.0,10.0,9.0,15.0,5.0,0.0,65.0,51.0,78.5,732.0,14.4,176.0,58.0,5.0,0.0,4.0,139.2,4 (0),0.0,98.0,0.0,4.0,592.0,0.0,0.0,0.0,0.0,arizona-cardinals
Naquan Jones,#96,DI,4.0,67.0,44.0,23.0,0.0,40.4,48.8,73.5,61.0,-,2.0,0.0,0.0,2.0,0.0,4.0,4.0,0.0,0.0,3.0,0.0,0.0,0.0,,0.0,,0.0,,0.0,0.0,0.0,0.0,2 (0),67.0,0.0,0.0,0.0,0.0,27.0,24.0,12.0,4.0,arizona-cardinals
Ezekiel Turner,#47,LB,2.0,50.0,28.0,1.0,21.0,39.4,53.7,56.2,60.0,45.3,0.0,0.0,0.0,0.0,0.0,6.0,3.0,2.0,18.2,1.0,0.0,2.0,2.0,100.0,17.0,8.5,9.0,10.0,0.0,0.0,0.0,102.1,1 (0),10.0,37.0,0.0,3.0,0.0,0.0,0.0,0.0,10.0,arizona-cardinals
L.J. Collier,#91,DI,1.0,37.0,11.0,26.0,0.0,36.9,47.4,23.6,42.9,-,1.0,0.0,0.0,1.0,0.0,0.0,0.0,1.0,100.0,0.0,0.0,0.0,0.0,,0.0,,0.0,,0.0,0.0,0.0,0.0,0 (0),37.0,0.0,0.0,0.0,0.0,0.0,23.0,14.0,0.0,arizona-cardinals
Jonathan Ledbetter,#93,DI,12.0,511.0,278.0,233.0,0.0,36.2,30.0,52.8,60.0,61.2,21.0,2.0,2.0,17.0,0.0,30.0,13.0,6.0,12.2,23.0,0.0,0.0,0.0,,0.0,,0.0,,0.0,0.0,0.0,0.0,2 (0),511.0,0.0,0.0,0.0,0.0,6.0,207.0,243.0,55.0,arizona-cardinals
Josh Woods,#10,LB,11.0,568.0,261.0,27.0,280.0,31.8,29.0,29.0,52.8,46.0,3.0,0.0,1.0,2.0,0.0,40.0,24.0,17.0,21.0,17.0,1.0,30.0,24.0,80.0,205.0,8.5,152.0,24.0,4.0,0.0,0.0,134.7,0 (0),70.0,473.0,4.0,21.0,0.0,0.0,0.0,0.0,70.0,arizona-cardinals
Tyreke Smith,#50,ED,2.0,10.0,7.0,3.0,0.0,28.9,31.5,-,56.0,-,0.0,0.0,0.0,0.0,0.0,0.0,0.0,0.0,,0.0,0.0,0.0,0.0,,0.0,,0.0,,0.0,0.0,0.0,0.0,0 (0),10.0,0.0,0.0,0.0,0.0,0.0,0.0,0.0,10.0,arizona-cardinals
Tyreek Maddox-Williams,#58,LB,1.0,5.0,2.0,0.0,3.0,22.8,54.4,-,-,33.1,0.0,0.0,0.0,0.0,0.0,0.0,0.0,0.0,,0.0,0.0,1.0,0.0,0.0,0.0,,0.0,,0.0,0.0,0.0,39.6,0 (0),0.0,5.0,0.0,0.0,0.0,0.0,0.0,0.0,0.0,arizona-cardinals
Jessie Bates III,#03,S,17.0,"1,134",476.0,15.0,643.0,90.6,89.8,84.7,59.2,90.2,4.0,0.0,1.0,3.0,0.0,99.0,35.0,12.0,8.2,29.0,3.0,38.0,24.0,63.2,297.0,12.4,84.0,33.0,3.0,6.0,4.0,74.0,1 (0),27.0,188.0,762.0,151.0,6.0,0.0,0.0,0.0,27.0,atlanta-falcons
David Onyemata,#90,DI,14.0,594,243.0,348.0,3.0,83.3,77.1,58.0,72.8,68.1,34.0,5.0,11.0,18.0,1.0,33.0,10.0,5.0,10.4,28.0,1.0,0.0,0.0,,0.0,,0.0,,0.0,0.0,1.0,0.0,4 (1),587.0,7.0,0.0,0.0,0.0,34.0,416.0,134.0,3.0,atlanta-falcons
Calais Campbell,#93,ED,17.0,712,289.0,413.0,10.0,80.0,80.2,31.9,68.5,63.1,42.0,7.0,10.0,25.0,1.0,36.0,11.0,11.0,19.0,36.0,1.0,1.0,1.0,100.0,13.0,13.0,1.0,13.0,0.0,0.0,0.0,118.8,1 (0),695.0,12.0,0.0,5.0,0.0,24.0,60.0,164.0,447.0,atlanta-falcons
Eli Ankou,#75,DI,1.0,9,4.0,5.0,0.0,77.3,68.1,65.9,67.8,-,0.0,0.0,0.0,0.0,0.0,0.0,1.0,0.0,0.0,0.0,0.0,0.0,0.0,,0.0,,0.0,,0.0,0.0,0.0,0.0,0 (0),9.0,0.0,0.0,0.0,0.0,3.0,6.0,0.0,0.0,atlanta-falcons
Andre Smith,#59,LB,5.0,113,65.0,3.0,45.0,77.1,75.2,62.7,68.3,67.5,0.0,0.0,0.0,0.0,0.0,14.0,2.0,2.0,11.1,6.0,1.0,7.0,4.0,57.1,33.0,8.3,12.0,12.0,0.0,0.0,1.0,69.3,0 (0),2.0,95.0,0.0,15.0,0.0,0.0,0.0,0.0,2.0,atlanta-falcons
Kaden Elliss,#55,LB,17.0,"1,082",448.0,101.0,533.0,75.4,79.0,79.3,73.3,64.8,26.0,4.0,2.0,20.0,1.0,93.0,23.0,9.0,7.2,47.0,0.0,59.0,47.0,79.7,304.0,6.5,200.0,20.0,0.0,0.0,1.0,88.1,2 (0),214.0,798.0,0.0,64.0,6.0,0.0,0.0,0.0,214.0,atlanta-falcons
A.J. Terrell,#24,CB,17.0,"1,065",454.0,0.0,611.0,74.6,70.0,47.6,-,74.6,0.0,0.0,0.0,0.0,0.0,39.0,11.0,9.0,15.3,19.0,0.0,76.0,44.0,57.9,508.0,11.5,165.0,47.0,4.0,0.0,8.0,95.7,7 (0),1.0,62.0,0.0,30.0,972.0,0.0,0.0,0.0,1.0,atlanta-falcons
Nate Landman,#53,LB,16.0,809,371.0,40.0,398.0,72.0,85.4,58.6,52.7,56.7,8.0,2.0,2.0,4.0,0.0,82.0,28.0,18.0,14.1,58.0,3.0,52.0,40.0,76.9,396.0,9.9,277.0,29.0,2.0,1.0,2.0,102.7,1 (0),34.0,718.0,1.0,55.0,1.0,0.0,0.0,0.0,34.0,atlanta-falcons
Grady Jarrett,#97,DI,8.0,318,121.0,195.0,2.0,70.1,66.9,44.7,70.3,55.6,16.0,2.0,6.0,8.0,2.0,11.0,8.0,5.0,20.8,11.0,0.0,0.0,0.0,,0.0,,0.0,,0.0,0.0,0.0,0.0,1 (1),316.0,2.0,0.0,0.0,0.0,32.0,250.0,34.0,0.0,atlanta-falcons
Dee Alford,#20,CB,13.0,571,220.0,14.0,337.0,70.0,62.8,57.5,49.5,72.8,2.0,0.0,0.0,2.0,0.0,36.0,6.0,7.0,14.3,17.0,0.0,61.0,43.0,70.5,433.0,10.1,238.0,36.0,3.0,0.0,5.0,106.8,3 (0),12.0,42.0,7.0,457.0,53.0,0.0,0.0,0.0,12.0,atlanta-falcons
Lorenzo Carter,#00,ED,17.0,431,192.0,226.0,13.0,67.0,69.6,47.4,60.2,48.9,21.0,3.0,6.0,12.0,0.0,26.0,8.0,6.0,15.0,23.0,1.0,1.0,1.0,100.0,4.0,4.0,2.0,4.0,0.0,0.0,0.0,83.3,0 (0),429.0,0.0,0.0,2.0,0.0,0.0,1.0,1.0,427.0,atlanta-falcons
LaCale London,#72,DI,7.0,204,108.0,94.0,2.0,65.9,72.5,59.1,56.9,55.5,5.0,0.0,0.0,5.0,0.0,9.0,5.0,1.0,6.7,9.0,0.0,0.0,0.0,,0.0,,0.0,,0.0,0.0,0.0,0.0,1 (0),204.0,0.0,0.0,0.0,0.0,83.0,120.0,1.0,0.0,atlanta-falcons
DeMarcco Hellams,#37,S,11.0,370,117.0,4.0,249.0,65.2,75.3,72.7,69.3,61.3,2.0,0.0,1.0,1.0,0.0,24.0,6.0,3.0,9.1,10.0,0.0,12.0,8.0,66.7,36.0,4.5,30.0,12.0,0.0,0.0,0.0,70.1,2 (0),11.0,68.0,255.0,27.0,8.0,0.0,0.0,0.0,11.0,atlanta-falcons
Zach Harrison,#96,ED,16.0,343,177.0,164.0,2.0,63.0,68.2,56.2,51.2,60.6,13.0,3.0,2.0,8.0,0.0,21.0,10.0,5.0,13.9,21.0,0.0,0.0,0.0,,0.0,,0.0,,0.0,0.0,0.0,0.0,0 (0),340.0,0.0,0.0,2.0,0.0,0.0,20.0,65.0,255.0,atlanta-falcons
Joe Gaziano,#99,ED,2.0,48,29.0,19.0,0.0,62.0,62.3,72.8,57.3,-,1.0,0.0,0.0,1.0,0.0,1.0,3.0,0.0,0.0,1.0,0.0,0.0,0.0,,0.0,,0.0,,0.0,0.0,0.0,0.0,0 (0),48.0,0.0,0.0,0.0,0.0,0.0,3.0,5.0,40.0,atlanta-falcons
Tae Davis,#33,LB,1.0,1,0.0,0.0,1.0,61.6,-,-,-,60.0,0.0,0.0,0.0,0.0,0.0,0.0,0.0,0.0,,0.0,0.0,0.0,0.0,,0.0,,0.0,,0.0,0.0,0.0,0.0,0 (0),0.0,1.0,0.0,0.0,0.0,0.0,0.0,0.0,0.0,atlanta-falcons
Keith Smith,#40,FB,1.0,1,1.0,0.0,0.0,61.6,60.0,-,-,-,0.0,0.0,0.0,0.0,0.0,0.0,0.0,0.0,,0.0,0.0,0.0,0.0,,0.0,,0.0,,0.0,0.0,0.0,0.0,0 (0),0.0,0.0,0.0,0.0,0.0,0.0,0.0,0.0,0.0,atlanta-falcons
Arnold Ebiketie,#17,ED,17.0,385,138.0,175.0,72.0,61.4,54.8,63.0,70.1,44.4,28.0,7.0,4.0,17.0,1.0,12.0,7.0,4.0,17.4,12.0,2.0,13.0,10.0,76.9,77.0,7.7,48.0,25.0,1.0,0.0,0.0,116.5,0 (0),365.0,4.0,0.0,16.0,0.0,0.0,0.0,3.0,362.0,atlanta-falcons
DeAngelo Malone,#51,ED,3.0,3,2.0,1.0,0.0,61.2,60.0,70.6,58.3,-,1.0,0.0,0.0,1.0,0.0,1.0,0.0,0.0,0.0,0.0,0.0,0.0,0.0,,0.0,,0.0,,0.0,0.0,0.0,0.0,0 (0),2.0,0.0,0.0,0.0,0.0,0.0,0.0,0.0,2.0,atlanta-falcons
KhaDarel Hodge,#12,WR,1.0,1,1.0,0.0,0.0,60.0,60.0,-,-,-,0.0,0.0,0.0,0.0,0.0,0.0,0.0,0.0,,0.0,0.0,0.0,0.0,,0.0,,0.0,,0.0,0.0,0.0,0.0,0 (0),0.0,0.0,0.0,0.0,0.0,0.0,0.0,0.0,0.0,atlanta-falcons
Mack Hollins,#18,WR,1.0,1,1.0,0.0,0.0,60.0,60.0,-,-,-,0.0,0.0,0.0,0.0,0.0,0.0,0.0,0.0,,0.0,0.0,0.0,0.0,,0.0,,0.0,,0.0,0.0,0.0,0.0,0 (0),0.0,0.0,0.0,0.0,0.0,0.0,0.0,0.0,0.0,atlanta-falcons
Ta'Quon Graham,#95,DI,15.0,364,188.0,174.0,2.0,59.1,59.8,55.0,58.7,58.4,10.0,1.0,1.0,8.0,0.0,11.0,10.0,2.0,8.7,8.0,1.0,0.0,0.0,,0.0,,0.0,,0.0,0.0,0.0,0.0,1 (0),364.0,0.0,0.0,0.0,0.0,2.0,322.0,40.0,0.0,atlanta-falcons
Clark Phillips III,#34,CB,7.0,414,181.0,2.0,231.0,59.0,65.0,46.6,55.0,58.5,1.0,0.0,0.0,1.0,0.0,23.0,4.0,6.0,18.2,9.0,0.0,29.0,15.0,51.7,175.0,11.7,49.0,29.0,2.0,0.0,3.0,93.3,6 (0),3.0,39.0,2.0,33.0,337.0,0.0,0.0,0.0,3.0,atlanta-falcons
Kentavius Street,#75,DI,5.0,180,76.0,102.0,2.0,58.0,61.7,48.0,58.4,45.5,5.0,1.0,0.0,4.0,1.0,8.0,5.0,2.0,13.3,8.0,0.0,0.0,0.0,,0.0,,0.0,,0.0,0.0,0.0,0.0,0 (0),178.0,2.0,0.0,0.0,0.0,17.0,147.0,14.0,0.0,atlanta-falcons
Micah Abernathy,#29,S,3.0,24,4.0,2.0,18.0,57.5,60.0,79.0,57.2,58.0,1.0,0.0,0.0,1.0,0.0,2.0,1.0,0.0,0.0,1.0,0.0,1.0,1.0,100.0,6.0,6.0,0.0,6.0,0.0,0.0,0.0,91.7,0 (0),1.0,4.0,17.0,0.0,1.0,0.0,0.0,0.0,1.0,atlanta-falcons
Jaylinn Hawkins,#32,S,4.0,30,2.0,0.0,28.0,56.2,60.0,79.5,-,55.7,0.0,0.0,0.0,0.0,0.0,2.0,0.0,0.0,0.0,1.0,0.0,2.0,2.0,100.0,22.0,11.0,3.0,14.0,0.0,0.0,0.0,112.5,0 (0),0.0,0.0,29.0,1.0,0.0,0.0,0.0,0.0,0.0,atlanta-falcons
Bud Dupree,#48,ED,16.0,725,273.0,433.0,19.0,56.0,65.4,35.8,51.3,48.6,38.0,8.0,2.0,28.0,1.0,17.0,14.0,10.0,24.4,16.0,2.0,1.0,1.0,100.0,11.0,11.0,17.0,11.0,0.0,0.0,0.0,112.5,1 (1),722.0,0.0,0.0,3.0,0.0,0.0,1.0,2.0,719.0,atlanta-falcons
Tre Flowers,#33,CB,9.0,200,88.0,3.0,109.0,53.9,91.2,75.2,52.3,41.9,0.0,0.0,0.0,0.0,0.0,15.0,3.0,1.0,5.3,2.0,0.0,14.0,10.0,71.4,177.0,17.7,71.0,45.0,3.0,0.0,1.0,153.3,2 (0),4.0,12.0,1.0,8.0,174.0,0.0,0.0,0.0,4.0,atlanta-falcons
Timmy Horne,#98,DI,3.0,57,28.0,29.0,0.0,52.5,56.9,70.2,60.2,-,1.0,0.0,0.0,1.0,1.0,1.0,2.0,0.0,0.0,1.0,0.0,0.0,0.0,,0.0,,0.0,,0.0,0.0,0.0,0.0,1 (1),57.0,0.0,0.0,0.0,0.0,9.0,47.0,1.0,0.0,atlanta-falcons
Travis Bell,#74,DI,2.0,30,22.0,8.0,0.0,51.9,53.6,69.5,54.4,-,0.0,0.0,0.0,0.0,0.0,2.0,1.0,0.0,0.0,1.0,0.0,0.0,0.0,,0.0,,0.0,,0.0,0.0,0.0,0.0,0 (0),30.0,0.0,0.0,0.0,0.0,12.0,16.0,2.0,0.0,atlanta-falcons
Mike Hughes,#21,CB,14.0,333,127.0,5.0,201.0,51.8,54.3,37.6,82.7,49.1,1.0,0.0,0.0,1.0,0.0,17.0,2.0,5.0,20.8,8.0,0.0,21.0,13.0,61.9,125.0,9.6,59.0,16.0,1.0,0.0,0.0,94.3,0 (0),7.0,28.0,2.0,235.0,60.0,0.0,0.0,0.0,7.0,atlanta-falcons
Richie Grant,#27,S,17.0,945,380.0,39.0,526.0,51.5,62.5,57.7,76.6,42.4,11.0,3.0,3.0,5.0,0.0,71.0,26.0,16.0,14.2,21.0,2.0,51.0,36.0,70.6,532.0,14.8,176.0,61.0,5.0,1.0,4.0,128.9,2 (2),80.0,291.0,418.0,133.0,22.0,0.0,0.0,0.0,80.0,atlanta-falcons
Troy Andersen,#44,LB,2.0,139,56.0,10.0,73.0,50.6,48.2,43.3,56.6,56.0,3.0,1.0,0.0,2.0,0.0,8.0,6.0,4.0,22.2,6.0,0.0,10.0,8.0,80.0,64.0,8.0,41.0,15.0,0.0,0.0,0.0,93.3,1 (0),2.0,118.0,0.0,16.0,3.0,0.0,0.0,0.0,2.0,atlanta-falcons
Jeff Okudah,#01,CB,13.0,596,226.0,0.0,370.0,50.5,68.8,66.9,-,46.0,0.0,0.0,0.0,0.0,0.0,34.0,9.0,4.0,8.5,11.0,0.0,52.0,32.0,61.5,494.0,15.4,199.0,51.0,0.0,0.0,3.0,92.9,5 (1),3.0,66.0,1.0,18.0,508.0,0.0,0.0,0.0,3.0,atlanta-falcons
Albert Huggins,#94,DI,13.0,317,160.0,156.0,1.0,47.8,47.0,75.8,52.3,59.4,4.0,0.0,2.0,2.0,0.0,12.0,11.0,0.0,0.0,7.0,0.0,0.0,0.0,,0.0,,0.0,,0.0,0.0,0.0,0.0,0 (0),317.0,0.0,0.0,0.0,0.0,99.0,216.0,2.0,0.0,atlanta-falcons
Kyle Hamilton,#14,S,17.0,"1,065",336.0,45.0,684.0,86.4,48.5,66.0,92.8,90.1,16.0,3.0,2.0,11.0,2.0,73.0,14.0,12.0,12.1,40.0,1.0,73.0,45.0,61.6,313.0,7.0,243.0,32.0,2.0,4.0,5.0,57.6,4 (0),58.0,236,301.0,465.0,5,0.0,0.0,0.0,58.0,baltimore-ravens
Jadeveon Clowney,#24,ED,19.0,747,180.0,545.0,22.0,82.9,74.6,46.7,79.0,62.6,78.0,11.0,10.0,57.0,4.0,24.0,12.0,9.0,20.0,28.0,2.0,2.0,2.0,100.0,17.0,8.5,-1.0,10.0,0.0,0.0,0.0,102.1,3 (0),743.0,4,0.0,0.0,0,0.0,1.0,18.0,724.0,baltimore-ravens
Michael Pierce,#58,DI,19.0,698,245.0,435.0,18.0,80.1,77.9,48.9,72.9,56.6,36.0,2.0,3.0,31.0,2.0,31.0,12.0,5.0,10.4,28.0,1.0,0.0,0.0,,0.0,,0.0,,0.0,0.0,0.0,0.0,1 (0),696.0,2,0.0,0.0,0,146.0,519.0,28.0,3.0,baltimore-ravens
Roquan Smith,#00,LB,18.0,"1,192",362.0,105.0,725.0,77.9,72.0,78.5,57.8,83.2,15.0,2.0,3.0,10.0,1.0,117.0,63.0,13.0,6.7,54.0,1.0,79.0,62.0,78.5,553.0,8.9,265.0,33.0,1.0,1.0,7.0,94.8,3 (0),67.0,"1,060",5.0,58.0,2,0.0,0.0,0.0,67.0,baltimore-ravens
Odafe Oweh,#99,ED,15.0,491,117.0,352.0,22.0,77.5,71.7,52.0,77.4,54.3,54.0,5.0,9.0,40.0,0.0,16.0,4.0,4.0,16.7,14.0,2.0,3.0,3.0,100.0,42.0,14.0,28.0,28.0,0.0,0.0,0.0,118.8,3 (0),488.0,3,0.0,0.0,0,2.0,1.0,6.0,479.0,baltimore-ravens
Nnamdi Madubuike,#92,DI,19.0,849,257.0,575.0,17.0,77.4,66.4,61.5,79.6,59.4,78.0,15.0,20.0,43.0,0.0,40.0,11.0,6.0,10.5,42.0,1.0,0.0,0.0,,0.0,,0.0,,0.0,0.0,0.0,0.0,4 (0),844.0,5,0.0,0.0,0,20.0,476.0,297.0,51.0,baltimore-ravens
Trenton Simpson,#30,LB,6.0,49,35.0,6.0,8.0,76.3,66.3,54.9,63.3,77.4,1.0,1.0,0.0,0.0,0.0,5.0,2.0,1.0,12.5,3.0,0.0,2.0,2.0,100.0,1.0,0.5,6.0,1.0,0.0,0.0,0.0,79.2,0 (0),11.0,38,0.0,0.0,0,0.0,0.0,0.0,11.0,baltimore-ravens
Kyle Van Noy,#50,ED,16.0,562,143.0,376.0,43.0,75.0,55.7,54.4,77.2,69.5,53.0,9.0,3.0,41.0,2.0,19.0,6.0,5.0,16.7,24.0,2.0,6.0,5.0,83.3,21.0,4.2,16.0,9.0,0.0,0.0,1.0,81.3,2 (0),541.0,15,0.0,3.0,3,0.0,0.0,0.0,541.0,baltimore-ravens
Malik Harrison,#40,LB,16.0,226,131.0,36.0,59.0,74.3,71.1,59.8,66.5,69.4,4.0,0.0,1.0,3.0,0.0,17.0,7.0,4.0,14.3,10.0,0.0,6.0,6.0,100.0,47.0,7.8,49.0,23.0,0.0,0.0,0.0,99.3,0 (0),188.0,14,0.0,24.0,0,0.0,0.0,0.0,188.0,baltimore-ravens
Marcus Williams,#32,S,13.0,765,261.0,4.0,500.0,73.8,60.2,62.6,54.3,76.4,0.0,0.0,0.0,0.0,0.0,43.0,13.0,8.0,12.5,9.0,0.0,28.0,17.0,60.7,195.0,11.5,100.0,58.0,4.0,1.0,10.0,106.4,2 (0),14.0,126,502.0,118.0,5,0.0,0.0,0.0,14.0,baltimore-ravens
Patrick Queen,#06,LB,19.0,"1,246",391.0,123.0,732.0,73.0,66.3,49.5,67.8,74.4,27.0,4.0,3.0,20.0,0.0,105.0,35.0,24.0,14.6,52.0,1.0,84.0,67.0,79.8,547.0,8.2,350.0,50.0,2.0,1.0,3.0,96.8,1 (0),99.0,"1,020",7.0,112.0,8,0.0,0.0,0.0,99.0,baltimore-ravens
Geno Stone,#26,S,19.0,"1,000",304.0,11.0,685.0,72.2,34.2,48.5,48.5,85.3,3.0,0.0,0.0,3.0,0.0,50.0,14.0,17.0,21.0,13.0,0.0,42.0,28.0,66.7,197.0,7.0,145.0,34.0,2.0,7.0,1.0,53.5,0 (0),25.0,159,696.0,110.0,10,0.0,0.0,0.0,25.0,baltimore-ravens
Ronald Darby,#28,CB,13.0,554,168.0,1.0,385.0,70.8,56.0,61.2,57.7,72.9,0.0,0.0,0.0,0.0,0.0,30.0,2.0,4.0,11.1,10.0,1.0,60.0,31.0,51.7,353.0,11.4,106.0,26.0,1.0,0.0,5.0,75.2,1 (0),0.0,26,1.0,13.0,514,0.0,0.0,0.0,0.0,baltimore-ravens
Daryl Worley,#41,S,7.0,124,43.0,0.0,81.0,69.5,55.9,85.7,-,70.1,0.0,0.0,0.0,0.0,0.0,7.0,2.0,0.0,0.0,1.0,0.0,6.0,3.0,50.0,21.0,7.0,15.0,12.0,0.0,0.0,1.0,58.3,0 (0),2.0,18,69.0,32.0,3,0.0,0.0,0.0,2.0,baltimore-ravens
Kevon Seymour,#25,CB,2.0,13,1.0,0.0,12.0,68.8,60.0,78.6,-,68.9,0.0,0.0,0.0,0.0,0.0,2.0,0.0,0.0,0.0,0.0,0.0,2.0,1.0,50.0,1.0,1.0,2.0,1.0,0.0,0.0,0.0,56.3,0 (0),0.0,0,0.0,13.0,0,0.0,0.0,0.0,0.0,baltimore-ravens
Arthur Maulet,#10,CB,16.0,458,103.0,22.0,333.0,68.6,73.2,49.7,80.2,64.2,9.0,2.0,3.0,4.0,0.0,31.0,5.0,9.0,20.0,22.0,0.0,52.0,32.0,61.5,425.0,13.3,260.0,65.0,1.0,1.0,2.0,85.8,3 (0),10.0,40,0.0,388.0,20,0.0,0.0,0.0,10.0,baltimore-ravens
Travis Jones,#98,DI,19.0,518,186.0,324.0,8.0,68.1,66.9,43.9,65.0,62.3,24.0,2.0,3.0,19.0,2.0,27.0,13.0,7.0,14.9,23.0,0.0,0.0,0.0,,0.0,,0.0,,0.0,0.0,0.0,0.0,2 (0),518.0,0,0.0,0.0,0,96.0,376.0,29.0,17.0,baltimore-ravens
Brandon Stephens,#21,CB,18.0,"1,206",389.0,5.0,812.0,67.4,68.8,65.8,73.3,65.5,0.0,0.0,0.0,0.0,1.0,72.0,10.0,10.0,10.9,18.0,0.0,118.0,75.0,63.6,814.0,10.9,265.0,36.0,2.0,2.0,4.0,82.4,5 (0),2.0,75,14.0,28.0,"1,087",0.0,0.0,0.0,2.0,baltimore-ravens
Ar'Darius Washington,#29,CB,3.0,115,21.0,7.0,87.0,65.3,71.5,59.4,74.5,61.1,2.0,1.0,1.0,0.0,0.0,10.0,2.0,2.0,14.3,3.0,0.0,15.0,12.0,80.0,89.0,7.4,58.0,14.0,1.0,0.0,1.0,113.6,0 (0),1.0,9,0.0,100.0,5,0.0,0.0,0.0,1.0,baltimore-ravens
Marlon Humphrey,#44,CB,11.0,553,167.0,5.0,381.0,65.3,57.9,52.4,92.8,63.2,3.0,0.0,1.0,2.0,0.0,28.0,3.0,6.0,16.2,10.0,0.0,40.0,21.0,52.5,244.0,11.6,90.0,41.0,1.0,1.0,4.0,69.2,5 (1),5.0,37,2.0,27.0,482,0.0,0.0,0.0,5.0,baltimore-ravens
Rock Ya-Sin,#23,CB,11.0,281,101.0,0.0,180.0,63.4,55.5,83.8,-,64.0,0.0,0.0,0.0,0.0,0.0,10.0,4.0,0.0,0.0,2.0,0.0,20.0,11.0,55.0,176.0,16.0,78.0,71.0,2.0,0.0,4.0,117.9,3 (0),0.0,16,0.0,5.0,260,0.0,0.0,0.0,0.0,baltimore-ravens
Jalyn Armour-Davis,#05,CB,3.0,28,6.0,1.0,21.0,63.1,60.8,78.5,60.0,62.8,0.0,0.0,0.0,0.0,0.0,4.0,0.0,0.0,0.0,1.0,0.0,3.0,3.0,100.0,19.0,6.3,11.0,11.0,0.0,0.0,0.0,93.1,0 (0),2.0,0,0.0,15.0,11,0.0,0.0,0.0,2.0,baltimore-ravens
Brent Urban,#97,DI,19.0,309,146.0,161.0,2.0,63.0,60.9,38.7,58.5,62.8,13.0,3.0,2.0,8.0,2.0,18.0,4.0,4.0,15.4,15.0,0.0,1.0,0.0,0.0,0.0,,0.0,,0.0,0.0,0.0,39.6,0 (0),309.0,0,0.0,0.0,0,0.0,114.0,84.0,111.0,baltimore-ravens
DeAndre Houston-Carson,#30,S,1.0,8,3.0,0.0,5.0,61.3,51.5,49.4,-,65.4,0.0,0.0,0.0,0.0,0.0,0.0,0.0,0.0,,0.0,0.0,0.0,0.0,,0.0,,0.0,,0.0,0.0,0.0,0.0,0 (0),0.0,0,5.0,3.0,0,0.0,0.0,0.0,0.0,baltimore-ravens
Jeremiah Moon,#48,ED,6.0,102,54.0,43.0,5.0,60.7,63.1,77.4,53.5,61.7,1.0,0.0,0.0,1.0,0.0,4.0,6.0,0.0,0.0,3.0,1.0,3.0,3.0,100.0,23.0,7.7,11.0,11.0,0.0,0.0,0.0,98.6,0 (0),99.0,2,0.0,1.0,0,0.0,1.0,0.0,98.0,baltimore-ravens
David Ojabo,#90,ED,3.0,83,19.0,55.0,9.0,59.0,57.9,43.8,56.8,64.5,2.0,1.0,0.0,1.0,0.0,3.0,2.0,1.0,16.7,3.0,1.0,0.0,0.0,,0.0,,0.0,,0.0,0.0,0.0,0.0,0 (0),80.0,3,0.0,0.0,0,0.0,0.0,0.0,80.0,baltimore-ravens
Del'Shawn Phillips,#53,LB,9.0,81,43.0,2.0,36.0,56.7,30.0,42.1,54.9,86.9,0.0,0.0,0.0,0.0,0.0,12.0,3.0,4.0,21.1,5.0,1.0,4.0,4.0,100.0,21.0,5.3,23.0,7.0,0.0,0.0,0.0,88.5,0 (0),3.0,76,0.0,2.0,0,0.0,0.0,0.0,3.0,baltimore-ravens
Tavius Robinson,#95,ED,18.0,338,165.0,163.0,10.0,55.9,64.5,55.5,44.9,70.7,9.0,1.0,0.0,8.0,0.0,17.0,9.0,3.0,10.3,12.0,0.0,1.0,0.0,0.0,0.0,,0.0,,0.0,0.0,0.0,39.6,1 (0),337.0,1,0.0,0.0,0,0.0,2.0,18.0,317.0,baltimore-ravens
Broderick Washington,#96,DI,18.0,452,180.0,267.0,5.0,46.6,44.6,31.2,54.5,54.4,19.0,2.0,3.0,14.0,0.0,12.0,7.0,4.0,17.4,9.0,0.0,0.0,0.0,,0.0,,0.0,,0.0,0.0,0.0,0.0,0 (0),452.0,0,0.0,0.0,0,34.0,300.0,86.0,32.0,baltimore-ravens
Andrew Adams,#37,S,2.0,21,18.0,0.0,3.0,44.9,41.4,22.9,-,61.1,0.0,0.0,0.0,0.0,0.0,0.0,0.0,1.0,100.0,0.0,0.0,0.0,0.0,,0.0,,0.0,,0.0,0.0,0.0,0.0,0 (0),0.0,9,8.0,4.0,0,0.0,0.0,0.0,0.0,baltimore-ravens
Tyrel Dodson,#25,LB,16.0,589,254.0,42.0,293.0,90.2,86.1,54.7,72.8,88.4,12.0,3.0,4.0,5.0,0.0,66.0,16.0,13.0,13.7,41.0,1.0,32.0,27.0,84.4,212.0,7.9,196.0,20.0,1.0,0.0,2.0,104.7,1 (0),33.0,490.0,1.0,53.0,11.0,0.0,0.0,0.0,33.0,buffalo-bills
Greg Rousseau,#50,ED,18.0,660,222.0,419.0,19.0,87.1,79.6,38.6,75.2,75.7,62.0,7.0,14.0,41.0,3.0,32.0,7.0,7.0,15.2,31.0,1.0,5.0,4.0,80.0,25.0,6.3,21.0,10.0,0.0,0.0,1.0,87.5,0 (0),656.0,3.0,0.0,0.0,0.0,0.0,32.0,77.0,547.0,buffalo-bills
Christian Benford,#47,CB,16.0,837,284.0,1.0,552.0,83.0,75.7,83.7,58.8,83.3,1.0,0.0,0.0,1.0,0.0,49.0,3.0,1.0,1.9,10.0,3.0,61.0,42.0,68.9,453.0,10.8,128.0,39.0,2.0,2.0,7.0,87.7,5 (1),4.0,28.0,1.0,5.0,798.0,0.0,0.0,0.0,4.0,buffalo-bills
DaQuan Jones,#92,DI,9.0,240,88.0,152.0,0.0,82.9,74.6,29.6,80.9,60.0,20.0,3.0,3.0,14.0,0.0,8.0,9.0,5.0,22.7,10.0,0.0,0.0,0.0,,0.0,,0.0,,0.0,0.0,0.0,0.0,1 (0),238.0,2.0,0.0,0.0,0.0,29.0,181.0,28.0,0.0,buffalo-bills
Rasul Douglas,#31,CB,10.0,553,206.0,6.0,341.0,78.2,82.2,51.8,69.9,75.0,1.0,1.0,0.0,0.0,0.0,22.0,4.0,5.0,16.1,9.0,1.0,41.0,23.0,56.1,264.0,11.5,77.0,33.0,1.0,4.0,4.0,44.2,3 (0),15.0,39.0,0.0,9.0,490.0,0.0,0.0,0.0,15.0,buffalo-bills
Kingsley Jonathan,#59,ED,12.0,97,24.0,72.0,1.0,77.7,63.3,53.0,74.7,60.7,8.0,1.0,2.0,5.0,0.0,2.0,1.0,1.0,25.0,3.0,1.0,0.0,0.0,,0.0,,0.0,,0.0,0.0,0.0,0.0,0 (0),96.0,0.0,0.0,0.0,0.0,0.0,0.0,0.0,96.0,buffalo-bills
Taron Johnson,#07,CB,19.0,"1,044",356.0,34.0,654.0,77.3,61.5,75.9,69.3,81.0,8.0,1.0,1.0,6.0,0.0,83.0,19.0,11.0,9.7,40.0,3.0,81.0,62.0,76.5,518.0,8.4,296.0,32.0,3.0,0.0,4.0,104.9,6 (1),38.0,220.0,7.0,770.0,9.0,0.0,0.0,0.0,38.0,buffalo-bills
A.J. Epenesa,#57,ED,17.0,438,181.0,249.0,8.0,75.8,53.0,42.8,75.0,85.2,33.0,7.0,5.0,21.0,6.0,6.0,9.0,6.0,28.6,12.0,1.0,4.0,3.0,75.0,23.0,7.7,10.0,14.0,0.0,2.0,0.0,49.0,2 (1),437.0,0.0,0.0,0.0,0.0,0.0,1.0,3.0,433.0,buffalo-bills
Matt Milano,#58,LB,5.0,211,75.0,14.0,122.0,70.9,65.4,45.0,59.5,73.6,2.0,0.0,1.0,1.0,0.0,23.0,5.0,5.0,15.2,11.0,1.0,18.0,14.0,77.8,162.0,11.6,90.0,21.0,0.0,2.0,0.0,64.6,1 (0),7.0,175.0,5.0,23.0,1.0,0.0,0.0,0.0,7.0,buffalo-bills
Deonte Harty,#11,WR,1.0,1,0.0,0.0,1.0,70.2,-,-,-,60.7,0.0,0.0,0.0,0.0,0.0,0.0,0.0,0.0,,0.0,0.0,0.0,0.0,,0.0,,0.0,,0.0,0.0,0.0,0.0,0 (0),0.0,0.0,0.0,0.0,0.0,0.0,0.0,0.0,0.0,buffalo-bills
Tre'Davious White,#27,CB,4.0,182,64.0,2.0,116.0,68.0,29.9,51.8,68.7,79.0,1.0,0.0,1.0,0.0,0.0,11.0,1.0,2.0,14.3,2.0,0.0,15.0,9.0,60.0,60.0,6.7,16.0,16.0,2.0,1.0,1.0,80.6,1 (0),5.0,22.0,0.0,2.0,153.0,0.0,0.0,0.0,5.0,buffalo-bills
Jordan Poyer,#21,S,18.0,"1,103",395.0,44.0,664.0,67.2,65.7,79.3,54.1,69.5,7.0,1.0,1.0,5.0,0.0,82.0,31.0,9.0,7.4,28.0,2.0,45.0,33.0,73.3,349.0,10.6,136.0,33.0,1.0,0.0,5.0,102.9,2 (0),53.0,487.0,334.0,218.0,10.0,0.0,0.0,0.0,53.0,buffalo-bills
Micah Hyde,#23,S,16.0,912,319.0,19.0,574.0,66.2,50.2,62.6,60.4,69.8,3.0,0.0,1.0,2.0,1.0,48.0,10.0,8.0,12.1,8.0,0.0,32.0,25.0,78.1,314.0,12.6,80.0,32.0,4.0,2.0,2.0,121.1,0 (0),15.0,227.0,460.0,199.0,11.0,0.0,0.0,0.0,15.0,buffalo-bills
Terrel Bernard,#43,LB,18.0,"1,031",368.0,74.0,589.0,65.9,69.9,43.7,79.5,54.8,20.0,8.0,2.0,10.0,2.0,96.0,50.0,27.0,15.6,54.0,0.0,67.0,51.0,76.1,536.0,10.5,403.0,48.0,2.0,3.0,2.0,90.1,3 (0),17.0,947.0,13.0,51.0,2.0,0.0,0.0,0.0,17.0,buffalo-bills
Kaiir Elam,#24,CB,3.0,210,74.0,2.0,134.0,65.7,62.3,63.6,54.9,65.8,0.0,0.0,0.0,0.0,0.0,13.0,6.0,2.0,9.5,4.0,0.0,16.0,11.0,68.8,147.0,13.4,23.0,27.0,0.0,1.0,0.0,71.6,2 (0),6.0,14.0,0.0,3.0,187.0,0.0,0.0,0.0,6.0,buffalo-bills
Ed Oliver,#91,DI,18.0,817,272.0,539.0,6.0,65.6,48.5,41.0,77.3,67.3,72.0,11.0,9.0,52.0,3.0,33.0,7.0,11.0,21.6,32.0,0.0,0.0,0.0,,0.0,,0.0,,0.0,1.0,0.0,0.0,6 (0),805.0,12.0,0.0,0.0,0.0,11.0,377.0,372.0,45.0,buffalo-bills
Cam Lewis,#39,S,13.0,179,29.0,1.0,149.0,65.3,70.9,72.8,59.4,63.0,0.0,0.0,0.0,0.0,0.0,17.0,2.0,2.0,9.5,5.0,0.0,18.0,14.0,77.8,158.0,11.3,39.0,23.0,1.0,0.0,2.0,121.8,0 (0),2.0,27.0,72.0,76.0,0.0,0.0,0.0,0.0,2.0,buffalo-bills
Dane Jackson,#30,CB,14.0,578,194.0,1.0,383.0,63.7,28.8,33.6,60.0,70.9,0.0,0.0,0.0,0.0,0.0,36.0,3.0,10.0,20.4,14.0,1.0,42.0,27.0,64.3,275.0,10.2,85.0,32.0,4.0,0.0,6.0,114.7,3 (2),21.0,14.0,0.0,4.0,539.0,0.0,0.0,0.0,21.0,buffalo-bills
Ja'Marcus Ingram,#46,CB,1.0,8,7.0,0.0,1.0,63.0,60.9,-,-,60.0,0.0,0.0,0.0,0.0,0.0,0.0,0.0,0.0,,0.0,0.0,0.0,0.0,,0.0,,0.0,,0.0,0.0,0.0,0.0,0 (0),1.0,2.0,0.0,0.0,5.0,0.0,0.0,0.0,1.0,buffalo-bills
Damar Hamlin,#03,S,4.0,31,5.0,1.0,25.0,61.9,56.2,71.6,59.1,64.5,0.0,0.0,0.0,0.0,0.0,1.0,0.0,0.0,0.0,0.0,0.0,1.0,1.0,100.0,6.0,6.0,1.0,6.0,0.0,0.0,0.0,91.7,0 (0),4.0,8.0,13.0,6.0,0.0,0.0,0.0,0.0,4.0,buffalo-bills
Khalil Shakir,#10,WR,1.0,1,0.0,1.0,0.0,60.0,-,-,60.0,-,0.0,0.0,0.0,0.0,0.0,0.0,0.0,0.0,,0.0,0.0,0.0,0.0,,0.0,,0.0,,0.0,0.0,0.0,0.0,0 (0),0.0,0.0,0.0,0.0,0.0,0.0,0.0,0.0,0.0,buffalo-bills
Quintin Morris,#85,TE,1.0,1,0.0,1.0,0.0,60.0,-,-,60.0,-,0.0,0.0,0.0,0.0,0.0,0.0,0.0,0.0,,0.0,0.0,0.0,0.0,,0.0,,0.0,,0.0,0.0,0.0,0.0,0 (0),0.0,0.0,0.0,0.0,0.0,0.0,0.0,0.0,0.0,buffalo-bills
Reggie Gilliam,#41,FB,1.0,1,0.0,1.0,0.0,60.0,-,-,60.0,-,0.0,0.0,0.0,0.0,0.0,0.0,0.0,0.0,,0.0,0.0,0.0,0.0,,0.0,,0.0,,0.0,0.0,0.0,0.0,0 (0),0.0,0.0,0.0,0.0,0.0,0.0,0.0,0.0,0.0,buffalo-bills
Poona Ford,#98,DI,8.0,151,64.0,86.0,1.0,59.3,47.6,37.8,71.5,59.5,9.0,1.0,2.0,6.0,0.0,6.0,3.0,2.0,18.2,5.0,0.0,0.0,0.0,,0.0,,0.0,,0.0,0.0,0.0,0.0,0 (0),151.0,0.0,0.0,0.0,0.0,3.0,126.0,21.0,1.0,buffalo-bills
Leonard Floyd,#56,ED,19.0,627,182.0,425.0,20.0,58.7,56.1,29.2,64.3,33.4,45.0,12.0,8.0,25.0,1.0,14.0,5.0,11.0,36.7,21.0,1.0,3.0,3.0,100.0,19.0,6.3,7.0,8.0,0.0,0.0,0.0,93.1,3 (1),624.0,3.0,0.0,0.0,0.0,0.0,6.0,3.0,615.0,buffalo-bills
Taylor Rapp,#20,S,14.0,422,133.0,5.0,284.0,56.4,57.9,85.6,77.1,57.6,3.0,0.0,0.0,3.0,0.0,31.0,10.0,2.0,4.7,4.0,0.0,17.0,9.0,52.9,139.0,15.4,34.0,31.0,1.0,1.0,1.0,75.4,3 (1),12.0,82.0,252.0,72.0,2.0,0.0,0.0,0.0,12.0,buffalo-bills
Tim Settle,#99,DI,19.0,413,161.0,249.0,3.0,55.2,43.5,26.9,63.5,62.9,14.0,1.0,1.0,12.0,0.0,10.0,5.0,5.0,25.0,10.0,0.0,0.0,0.0,,0.0,,0.0,,0.0,0.0,0.0,0.0,2 (0),412.0,0.0,0.0,0.0,0.0,13.0,347.0,51.0,1.0,buffalo-bills
Tyler Matakevich,#44,LB,4.0,19,5.0,1.0,13.0,53.7,55.4,76.0,60.0,57.6,0.0,0.0,0.0,0.0,0.0,1.0,2.0,0.0,0.0,1.0,0.0,3.0,1.0,33.3,5.0,5.0,9.0,5.0,0.0,0.0,0.0,42.4,0 (0),0.0,16.0,0.0,1.0,0.0,0.0,0.0,0.0,0.0,buffalo-bills
Von Miller,#40,ED,14.0,298,75.0,207.0,16.0,53.3,52.0,28.2,52.7,74.7,17.0,0.0,3.0,14.0,0.0,4.0,1.0,3.0,37.5,2.0,0.0,1.0,1.0,100.0,8.0,8.0,4.0,8.0,0.0,0.0,0.0,100.0,1 (0),296.0,2.0,0.0,0.0,0.0,0.0,0.0,0.0,296.0,buffalo-bills
Dorian Williams,#42,LB,14.0,238,94.0,19.0,125.0,52.9,71.8,43.3,65.4,41.1,4.0,0.0,2.0,2.0,0.0,31.0,12.0,8.0,15.7,12.0,0.0,26.0,20.0,76.9,190.0,9.5,144.0,33.0,0.0,0.0,1.0,96.6,3 (0),6.0,219.0,0.0,9.0,4.0,0.0,0.0,0.0,6.0,buffalo-bills
Josh Norman,#29,CB,1.0,5,5.0,0.0,0.0,47.5,54.4,70.5,-,-,0.0,0.0,0.0,0.0,0.0,1.0,0.0,0.0,0.0,0.0,0.0,0.0,0.0,,0.0,,0.0,,0.0,0.0,0.0,0.0,0 (0),4.0,0.0,0.0,0.0,1.0,0.0,0.0,0.0,4.0,buffalo-bills
Shaq Lawson,#90,ED,18.0,354,154.0,192.0,8.0,46.2,48.5,28.5,54.5,36.7,17.0,1.0,6.0,10.0,0.0,10.0,4.0,5.0,26.3,6.0,0.0,3.0,3.0,100.0,28.0,9.3,15.0,11.0,0.0,0.0,0.0,105.6,2 (0),352.0,1.0,0.0,0.0,0.0,0.0,4.0,17.0,331.0,buffalo-bills
Baylon Spector,#54,LB,5.0,43,21.0,1.0,21.0,45.8,62.3,78.9,60.0,39.1,0.0,0.0,0.0,0.0,0.0,5.0,1.0,0.0,0.0,4.0,0.0,3.0,3.0,100.0,38.0,12.7,30.0,16.0,0.0,0.0,0.0,118.8,0 (0),0.0,40.0,0.0,2.0,0.0,0.0,0.0,0.0,0.0,buffalo-bills
Linval Joseph,#93,DI,9.0,189,86.0,103.0,0.0,43.3,33.3,57.1,58.2,75.2,7.0,1.0,1.0,5.0,0.0,9.0,2.0,1.0,8.3,6.0,0.0,0.0,0.0,,0.0,,0.0,,0.0,0.0,0.0,0.0,0 (0),189.0,0.0,0.0,0.0,0.0,137.0,52.0,0.0,0.0,buffalo-bills
Siran Neal,#33,CB,8.0,50,9.0,3.0,38.0,42.1,63.8,78.5,74.0,35.8,0.0,0.0,0.0,0.0,0.0,5.0,0.0,0.0,0.0,2.0,0.0,8.0,6.0,75.0,62.0,10.3,23.0,18.0,0.0,0.0,0.0,96.9,0 (0),0.0,10.0,1.0,36.0,1.0,0.0,0.0,0.0,0.0,buffalo-bills
Kendal Vickers,#93,DI,2.0,62,31.0,31.0,0.0,38.1,30.1,31.0,60.6,-,2.0,0.0,0.0,2.0,0.0,0.0,2.0,1.0,33.3,0.0,0.0,0.0,0.0,,0.0,,0.0,,0.0,0.0,0.0,0.0,0 (0),62.0,0.0,0.0,0.0,0.0,0.0,21.0,16.0,25.0,buffalo-bills
Jordan Phillips,#97,DI,14.0,391,139.0,250.0,2.0,35.8,30.0,25.3,57.4,59.3,19.0,3.0,2.0,14.0,3.0,9.0,3.0,7.0,36.8,9.0,0.0,0.0,0.0,,0.0,,0.0,,0.0,0.0,0.0,0.0,4 (0),390.0,1.0,0.0,0.0,0.0,23.0,231.0,124.0,12.0,buffalo-bills
A.J. Klein,#52,LB,2.0,93,33.0,4.0,56.0,35.0,48.7,85.4,64.4,35.9,1.0,0.0,0.0,1.0,0.0,11.0,4.0,0.0,0.0,4.0,0.0,13.0,11.0,84.6,130.0,11.8,67.0,29.0,0.0,0.0,0.0,108.3,0 (0),0.0,87.0,1.0,4.0,1.0,0.0,0.0,0.0,0.0,buffalo-bills
Derrick Brown,#95,DI,17.0,938.0,427.0,511.0,0.0,90.1,90.0,74.9,78.1,67.3,41.0,2.0,12.0,27.0,6.0,73.0,35.0,5.0,4.4,53.0,0.0,0.0,0.0,,0.0,,0.0,,0.0,1.0,0.0,0.0,5 (2),938.0,0.0,0.0,0.0,0.0,35.0,402.0,481.0,20.0,carolina-panthers
Jaycee Horn,#08,CB,6.0,275.0,125.0,0.0,150.0,84.1,79.7,79.1,-,83.0,0.0,0.0,0.0,0.0,0.0,22.0,5.0,1.0,3.6,7.0,0.0,28.0,17.0,60.7,159.0,9.4,39.0,40.0,1.0,0.0,4.0,88.2,0 (0),3.0,31.0,0.0,0.0,241.0,0.0,0.0,0.0,3.0,carolina-panthers
Xavier Woods,#25,S,14.0,795.0,363.0,5.0,427.0,80.3,73.7,67.3,50.3,81.7,1.0,0.0,0.0,1.0,0.0,50.0,10.0,9.0,13.0,17.0,0.0,25.0,18.0,72.0,132.0,7.3,63.0,22.0,0.0,2.0,5.0,50.7,4 (1),12.0,210.0,446.0,121.0,6.0,0.0,0.0,0.0,12.0,carolina-panthers
Frankie Luvu,#49,LB,17.0,989.0,463.0,104.0,422.0,80.0,74.0,50.5,90.1,67.7,20.0,7.0,5.0,8.0,1.0,84.0,38.0,22.0,15.3,47.0,2.0,51.0,38.0,74.5,371.0,9.8,240.0,56.0,2.0,0.0,2.0,107.6,0 (0),83.0,873.0,4.0,28.0,1.0,0.0,0.0,0.0,83.0,carolina-panthers
Brian Burns,#00,ED,16.0,814.0,366.0,379.0,69.0,73.8,62.7,48.9,75.2,77.7,40.0,9.0,10.0,21.0,1.0,30.0,13.0,8.0,15.7,32.0,1.0,5.0,4.0,80.0,37.0,9.3,22.0,19.0,0.0,0.0,1.0,97.5,4 (1),804.0,4.0,0.0,5.0,1.0,0.0,0.0,0.0,804.0,carolina-panthers
Marquis Haynes Sr.,#98,ED,7.0,142.0,51.0,72.0,19.0,71.9,84.3,61.2,56.5,60.1,10.0,1.0,1.0,8.0,0.0,13.0,1.0,2.0,12.5,8.0,0.0,1.0,1.0,100.0,20.0,20.0,18.0,20.0,0.0,0.0,0.0,118.8,0 (0),138.0,0.0,0.0,3.0,1.0,0.0,0.0,0.0,138.0,carolina-panthers
Shaquill Griffin,#20,CB,2.0,77.0,42.0,1.0,34.0,70.0,72.5,83.2,60.0,67.7,0.0,0.0,0.0,0.0,0.0,6.0,0.0,0.0,0.0,2.0,0.0,6.0,3.0,50.0,67.0,22.3,14.0,48.0,0.0,0.0,1.0,90.3,0 (0),1.0,21.0,0.0,0.0,55.0,0.0,0.0,0.0,1.0,carolina-panthers
Deion Jones,#40,LB,13.0,313.0,89.0,29.0,195.0,66.3,43.8,47.1,72.8,76.7,5.0,1.0,0.0,4.0,0.0,25.0,9.0,6.0,15.0,11.0,0.0,30.0,19.0,63.3,121.0,6.4,72.0,22.0,0.0,1.0,4.0,57.8,2 (0),9.0,253.0,0.0,51.0,0.0,0.0,0.0,0.0,9.0,carolina-panthers
Eku Leota,#46,ED,7.0,77.0,35.0,30.0,12.0,65.6,63.6,29.4,59.3,66.5,3.0,0.0,2.0,1.0,0.0,2.0,1.0,1.0,25.0,2.0,0.0,0.0,0.0,,0.0,,0.0,,0.0,0.0,0.0,0.0,0 (0),75.0,0.0,0.0,2.0,0.0,0.0,1.0,0.0,74.0,carolina-panthers
Yetur Gross-Matos,#97,ED,12.0,465.0,221.0,192.0,52.0,65.4,66.4,49.9,65.2,56.3,19.0,5.0,5.0,9.0,0.0,19.0,11.0,5.0,14.3,20.0,0.0,4.0,4.0,100.0,44.0,11.0,44.0,20.0,0.0,0.0,0.0,112.5,2 (0),454.0,0.0,0.0,11.0,0.0,0.0,15.0,38.0,401.0,carolina-panthers
Shaq Thompson,#07,LB,2.0,68.0,35.0,3.0,30.0,65.3,65.8,43.2,64.3,59.9,0.0,0.0,0.0,0.0,0.0,6.0,3.0,1.0,10.0,3.0,0.0,5.0,5.0,100.0,16.0,3.2,25.0,14.0,0.0,0.0,0.0,80.0,0 (0),0.0,65.0,0.0,3.0,0.0,0.0,0.0,0.0,0.0,carolina-panthers
A.J. Parker,#37,CB,1.0,35.0,10.0,0.0,25.0,65.2,61.5,34.9,-,65.0,0.0,0.0,0.0,0.0,0.0,2.0,1.0,1.0,25.0,1.0,0.0,2.0,2.0,100.0,14.0,7.0,5.0,8.0,0.0,0.0,0.0,95.8,0 (0),0.0,5.0,0.0,30.0,0.0,0.0,0.0,0.0,0.0,carolina-panthers
Jammie Robinson,#22,S,5.0,64.0,23.0,2.0,39.0,64.8,63.5,58.2,70.4,62.0,0.0,0.0,0.0,0.0,0.0,8.0,2.0,2.0,16.7,3.0,0.0,5.0,5.0,100.0,51.0,10.2,45.0,18.0,0.0,0.0,0.0,109.2,0 (0),0.0,24.0,2.0,38.0,0.0,0.0,0.0,0.0,0.0,carolina-panthers
Donte Jackson,#26,CB,16.0,902.0,420.0,1.0,481.0,64.3,52.3,47.2,60.0,66.6,1.0,0.0,0.0,1.0,0.0,52.0,9.0,10.0,14.1,15.0,1.0,68.0,45.0,66.2,559.0,12.4,149.0,45.0,4.0,0.0,6.0,111.1,4 (0),2.0,84.0,0.0,5.0,811.0,0.0,0.0,0.0,2.0,carolina-panthers
Amare Barno,#90,ED,12.0,189.0,89.0,88.0,12.0,64.0,72.8,60.0,58.0,49.8,8.0,0.0,0.0,8.0,0.0,10.0,4.0,2.0,12.5,7.0,0.0,2.0,1.0,50.0,1.0,1.0,1.0,1.0,0.0,0.0,0.0,56.3,1 (0),187.0,0.0,0.0,2.0,0.0,0.0,2.0,0.0,185.0,carolina-panthers
Vonn Bell,#24,S,13.0,777.0,367.0,2.0,408.0,63.9,59.8,71.1,68.2,63.8,1.0,0.0,1.0,0.0,0.0,51.0,18.0,9.0,11.5,8.0,0.0,19.0,15.0,78.9,133.0,8.9,69.0,44.0,0.0,1.0,1.0,73.9,1 (0),19.0,272.0,383.0,96.0,7.0,0.0,0.0,0.0,19.0,carolina-panthers
Nick Thurman,#91,DI,17.0,368.0,238.0,130.0,0.0,63.4,65.4,42.5,55.0,60.0,3.0,0.0,1.0,2.0,0.0,21.0,10.0,4.0,11.4,16.0,0.0,0.0,0.0,,0.0,,0.0,,0.0,0.0,0.0,0.0,1 (0),368.0,0.0,0.0,0.0,0.0,151.0,148.0,63.0,6.0,carolina-panthers
Dicaprio Bootle,#32,CB,3.0,183.0,75.0,1.0,107.0,62.4,53.0,42.7,56.2,64.1,0.0,0.0,0.0,0.0,0.0,11.0,1.0,3.0,20.0,2.0,0.0,18.0,13.0,72.2,97.0,7.5,35.0,15.0,0.0,0.0,2.0,84.7,0 (0),1.0,16.0,0.0,1.0,165.0,0.0,0.0,0.0,1.0,carolina-panthers
Troy Hill,#13,CB,16.0,493.0,160.0,16.0,317.0,61.3,58.4,40.7,41.0,66.9,3.0,0.0,0.0,3.0,0.0,37.0,8.0,9.0,16.7,20.0,1.0,55.0,35.0,63.6,377.0,10.8,200.0,75.0,4.0,1.0,5.0,100.3,4 (2),3.0,65.0,1.0,360.0,64.0,0.0,0.0,0.0,3.0,carolina-panthers
Justin Houston,#50,ED,7.0,177.0,59.0,99.0,19.0,61.2,49.0,44.8,61.8,82.9,10.0,1.0,2.0,7.0,1.0,6.0,3.0,2.0,18.2,5.0,0.0,1.0,1.0,100.0,0.0,0.0,7.0,0.0,0.0,0.0,0.0,79.2,1 (0),173.0,1.0,0.0,3.0,0.0,0.0,0.0,2.0,171.0,carolina-panthers
David Long Jr.,#30,CB,2.0,57.0,25.0,0.0,32.0,58.1,35.8,42.6,-,66.4,0.0,0.0,0.0,0.0,0.0,5.0,2.0,2.0,22.2,2.0,0.0,8.0,6.0,75.0,30.0,5.0,7.0,11.0,0.0,0.0,0.0,80.2,0 (0),0.0,12.0,0.0,2.0,43.0,0.0,0.0,0.0,0.0,carolina-panthers
Sam Franklin Jr.,#42,S,8.0,289.0,140.0,0.0,149.0,58.0,38.4,29.2,-,65.4,0.0,0.0,0.0,0.0,0.0,14.0,5.0,8.0,29.6,5.0,0.0,14.0,7.0,50.0,67.0,9.6,26.0,23.0,2.0,1.0,3.0,73.5,1 (0),3.0,58.0,173.0,51.0,4.0,0.0,0.0,0.0,3.0,carolina-panthers
Jeremy Chinn,#21,S,12.0,285.0,128.0,13.0,144.0,57.7,68.1,62.8,58.4,51.6,2.0,1.0,0.0,1.0,0.0,17.0,9.0,3.0,10.3,10.0,0.0,17.0,14.0,82.4,163.0,11.6,110.0,31.0,2.0,0.0,2.0,145.8,1 (0),14.0,107.0,2.0,143.0,19.0,0.0,0.0,0.0,14.0,carolina-panthers
Alex Cook,#27,S,4.0,155.0,73.0,1.0,81.0,56.6,58.4,29.0,60.0,56.6,0.0,0.0,0.0,0.0,0.0,8.0,1.0,5.0,35.7,5.0,0.0,2.0,1.0,50.0,22.0,22.0,5.0,22.0,0.0,0.0,0.0,89.6,0 (0),0.0,38.0,98.0,19.0,0.0,0.0,0.0,0.0,0.0,carolina-panthers
LaBryan Ray,#93,DI,17.0,356.0,217.0,139.0,0.0,54.6,59.2,65.4,44.9,60.7,3.0,0.0,0.0,3.0,0.0,16.0,4.0,1.0,4.8,10.0,0.0,0.0,0.0,,0.0,,0.0,,0.0,0.0,0.0,0.0,0 (0),356.0,0.0,0.0,0.0,0.0,1.0,115.0,236.0,4.0,carolina-panthers
Chandler Wooten,#57,LB,2.0,47.0,27.0,3.0,17.0,54.3,55.2,79.4,55.9,58.3,0.0,0.0,0.0,0.0,0.0,0.0,5.0,0.0,0.0,0.0,0.0,2.0,1.0,50.0,8.0,8.0,13.0,8.0,0.0,0.0,0.0,60.4,0 (0),0.0,46.0,0.0,1.0,0.0,0.0,0.0,0.0,0.0,carolina-panthers
Shy Tuttle,#99,DI,17.0,547.0,329.0,218.0,0.0,52.9,52.8,44.9,57.8,60.0,2.0,1.0,0.0,1.0,5.0,32.0,9.0,4.0,8.9,20.0,0.0,0.0,0.0,,0.0,,0.0,,0.0,0.0,0.0,0.0,3 (2),547.0,0.0,0.0,0.0,0.0,394.0,151.0,2.0,0.0,carolina-panthers
DJ Johnson,#52,ED,13.0,231.0,134.0,83.0,14.0,50.4,53.1,48.6,53.3,43.9,3.0,0.0,0.0,3.0,1.0,10.0,5.0,2.0,11.8,7.0,0.0,2.0,2.0,100.0,22.0,11.0,16.0,14.0,0.0,0.0,0.0,112.5,0 (0),226.0,1.0,0.0,4.0,0.0,0.0,1.0,5.0,220.0,carolina-panthers
DeShawn Williams,#96,DI,16.0,443.0,204.0,239.0,0.0,50.0,46.1,32.3,58.1,60.4,18.0,1.0,6.0,11.0,1.0,16.0,13.0,5.0,14.7,12.0,0.0,0.0,0.0,,0.0,,0.0,,0.0,0.0,0.0,0.0,1 (0),443.0,0.0,0.0,0.0,0.0,4.0,211.0,180.0,48.0,carolina-panthers
Kamu Grugier-Hill,#54,LB,16.0,403.0,237.0,15.0,151.0,48.6,40.0,32.7,70.2,59.7,3.0,1.0,0.0,2.0,0.0,32.0,17.0,12.0,19.7,11.0,0.0,17.0,14.0,82.4,114.0,8.1,80.0,25.0,1.0,1.0,0.0,89.7,0 (0),11.0,363.0,0.0,28.0,1.0,0.0,1.0,0.0,10.0,carolina-panthers
D'Shawn Jamison,#29,CB,7.0,107.0,46.0,2.0,59.0,47.2,53.1,78.9,77.3,43.5,0.0,0.0,0.0,0.0,0.0,4.0,1.0,0.0,0.0,1.0,0.0,10.0,8.0,80.0,122.0,15.3,35.0,30.0,2.0,0.0,1.0,157.1,0 (0),0.0,16.0,0.0,2.0,89.0,0.0,0.0,0.0,0.0,carolina-panthers
CJ Henderson,#23,CB,11.0,407.0,206.0,3.0,198.0,45.4,46.9,61.3,79.2,43.9,3.0,1.0,0.0,2.0,0.0,33.0,5.0,5.0,11.6,6.0,0.0,36.0,28.0,77.8,343.0,12.3,118.0,47.0,1.0,0.0,1.0,115.6,3 (2),2.0,53.0,0.0,0.0,352.0,0.0,0.0,0.0,2.0,carolina-panthers
Chris Wormley,#94,DI,5.0,46.0,30.0,16.0,0.0,44.3,41.5,72.5,62.6,-,0.0,0.0,0.0,0.0,0.0,2.0,3.0,0.0,0.0,1.0,0.0,0.0,0.0,,0.0,,0.0,,0.0,0.0,0.0,0.0,0 (0),46.0,0.0,0.0,0.0,0.0,0.0,8.0,33.0,5.0,carolina-panthers
Sam Webb,#27,CB,1.0,10.0,9.0,0.0,1.0,41.8,43.9,-,-,60.0,0.0,0.0,0.0,0.0,0.0,0.0,0.0,0.0,,0.0,0.0,0.0,0.0,,0.0,,0.0,,0.0,0.0,0.0,0.0,0 (0),1.0,5.0,0.0,1.0,3.0,0.0,0.0,0.0,1.0,carolina-panthers
Matthias Farley,#41,S,2.0,68.0,36.0,0.0,32.0,28.8,34.3,25.2,-,35.5,0.0,0.0,0.0,0.0,0.0,4.0,1.0,5.0,50.0,0.0,0.0,3.0,2.0,66.7,19.0,9.5,14.0,10.0,0.0,0.0,0.0,84.0,0 (0),0.0,25.0,39.0,4.0,0.0,0.0,0.0,0.0,0.0,carolina-panthers
Jaylon Johnson,#33,CB,14.0,809,279.0,0.0,530.0,90.1,67.2,46.4,-,90.4,0.0,0.0,0.0,0.0,0.0,32.0,1.0,7.0,17.5,18.0,1.0,50.0,25.0,50.0,195.0,7.8,115.0,36.0,1.0,4.0,6.0,33.3,6 (1),29.0,13.0,1.0,19.0,747.0,0.0,0.0,0.0,29.0,chicago-bears
Noah Sewell,#44,LB,5.0,27,23.0,0.0,4.0,86.5,74.8,77.6,-,78.8,0.0,0.0,0.0,0.0,0.0,3.0,1.0,0.0,0.0,2.0,0.0,0.0,0.0,,0.0,,0.0,,0.0,0.0,0.0,0.0,0 (0),2.0,20.0,0.0,5.0,0.0,0.0,0.0,0.0,2.0,chicago-bears
T.J. Edwards,#53,LB,17.0,"1,042",356.0,77.0,609.0,79.6,76.5,71.8,74.5,75.4,13.0,3.0,6.0,4.0,0.0,112.0,34.0,16.0,9.9,61.0,1.0,91.0,69.0,75.8,666.0,9.7,530.0,39.0,2.0,3.0,4.0,89.4,0 (0),76.0,872.0,8.0,76.0,10.0,0.0,0.0,0.0,76.0,chicago-bears
Montez Sweat,#98,ED,9.0,387,104.0,279.0,4.0,71.2,59.5,71.0,71.6,52.0,37.0,8.0,6.0,23.0,2.0,13.0,4.0,2.0,10.5,14.0,1.0,1.0,1.0,100.0,14.0,14.0,19.0,14.0,0.0,0.0,0.0,118.8,0 (0),386.0,0.0,0.0,0.0,1.0,0.0,1.0,5.0,380.0,chicago-bears
Terell Smith,#32,CB,11.0,377,115.0,0.0,262.0,69.6,83.2,71.6,-,65.4,0.0,0.0,0.0,0.0,0.0,41.0,6.0,4.0,7.8,14.0,1.0,43.0,25.0,58.1,239.0,9.6,44.0,37.0,1.0,0.0,4.0,81.4,1 (0),8.0,19.0,0.0,6.0,344.0,0.0,0.0,0.0,8.0,chicago-bears
Khalid Kareem,#52,ED,1.0,26,4.0,21.0,1.0,67.7,60.3,69.2,52.2,63.1,1.0,0.0,0.0,1.0,0.0,1.0,0.0,0.0,0.0,0.0,0.0,1.0,0.0,0.0,0.0,,0.0,,0.0,0.0,1.0,39.6,0 (0),26.0,0.0,0.0,0.0,0.0,0.0,1.0,3.0,22.0,chicago-bears
Joejuan Williams,#30,CB,1.0,8,0.0,0.0,8.0,67.4,-,72.8,-,67.4,0.0,0.0,0.0,0.0,0.0,1.0,0.0,0.0,0.0,0.0,0.0,0.0,0.0,,0.0,,0.0,,0.0,0.0,0.0,0.0,0 (0),0.0,0.0,0.0,0.0,8.0,0.0,0.0,0.0,0.0,chicago-bears
Jack Sanborn,#57,LB,17.0,412,199.0,21.0,192.0,67.3,71.1,51.7,56.3,63.8,6.0,1.0,0.0,5.0,0.0,44.0,13.0,10.0,14.9,29.0,0.0,29.0,26.0,89.7,263.0,10.1,194.0,51.0,0.0,1.0,1.0,90.1,1 (0),48.0,288.0,3.0,73.0,0.0,0.0,0.0,0.0,48.0,chicago-bears
Jaquan Brisker,#09,S,15.0,896,300.0,24.0,572.0,66.7,71.7,78.3,81.8,62.4,10.0,2.0,2.0,6.0,1.0,80.0,26.0,10.0,8.6,34.0,2.0,47.0,31.0,66.0,290.0,9.4,100.0,45.0,3.0,1.0,5.0,95.2,3 (0),41.0,392.0,316.0,113.0,34.0,0.0,0.0,0.0,41.0,chicago-bears
Greg Stroman Jr.,#27,CB,5.0,150,35.0,13.0,102.0,66.6,80.3,70.5,53.8,67.6,3.0,1.0,0.0,2.0,0.0,15.0,3.0,2.0,10.0,8.0,0.0,18.0,15.0,83.3,143.0,9.5,67.0,15.0,0.0,1.0,1.0,76.6,1 (0),0.0,14.0,3.0,130.0,3.0,0.0,0.0,0.0,0.0,chicago-bears
Andrew Billings,#97,DI,17.0,506,239.0,265.0,2.0,66.3,55.3,41.2,75.2,73.8,23.0,0.0,2.0,21.0,0.0,16.0,11.0,5.0,15.6,14.0,0.0,0.0,0.0,,0.0,,0.0,,0.0,0.0,0.0,0.0,3 (0),505.0,1.0,0.0,0.0,0.0,306.0,180.0,19.0,0.0,chicago-bears
Kyler Gordon,#06,CB,13.0,646,179.0,40.0,427.0,65.6,58.3,70.2,54.8,68.2,6.0,1.0,1.0,4.0,0.0,47.0,11.0,6.0,9.4,26.0,0.0,60.0,43.0,71.7,393.0,9.1,194.0,28.0,2.0,2.0,3.0,86.3,3 (0),18.0,98.0,7.0,501.0,22.0,0.0,0.0,0.0,18.0,chicago-bears
A.J. Thomas,#38,S,1.0,6,0.0,0.0,6.0,62.6,-,-,-,61.8,0.0,0.0,0.0,0.0,0.0,0.0,0.0,0.0,,0.0,0.0,0.0,0.0,,0.0,,0.0,,0.0,0.0,0.0,0.0,0 (0),0.0,0.0,6.0,0.0,0.0,0.0,0.0,0.0,0.0,chicago-bears
Jaylon Jones,#31,CB,11.0,148,49.0,3.0,96.0,61.8,70.4,72.4,70.8,61.0,2.0,0.0,1.0,1.0,0.0,13.0,4.0,2.0,10.5,4.0,0.0,15.0,11.0,73.3,90.0,8.2,26.0,17.0,0.0,0.0,0.0,88.2,2 (0),2.0,7.0,2.0,31.0,106.0,0.0,0.0,0.0,2.0,chicago-bears
Tyrique Stevenson,#29,CB,16.0,830,277.0,0.0,553.0,60.2,60.6,66.4,-,59.1,0.0,0.0,0.0,0.0,0.0,67.0,13.0,9.0,10.1,20.0,1.0,110.0,72.0,65.5,836.0,11.6,343.0,70.0,9.0,4.0,13.0,100.4,7 (2),13.0,82.0,0.0,23.0,712.0,0.0,0.0,0.0,13.0,chicago-bears
DeMarcus Walker,#95,ED,17.0,714,229.0,475.0,10.0,59.1,57.9,55.5,64.0,52.3,47.0,4.0,12.0,31.0,0.0,19.0,8.0,7.0,20.6,19.0,0.0,3.0,3.0,100.0,18.0,6.0,19.0,16.0,1.0,0.0,0.0,131.3,2 (0),712.0,2.0,0.0,0.0,0.0,6.0,68.0,169.0,469.0,chicago-bears
Eddie Jackson,#04,S,12.0,646,227.0,2.0,417.0,58.6,55.3,60.9,58.9,60.0,0.0,0.0,0.0,0.0,0.0,33.0,5.0,7.0,15.6,7.0,0.0,18.0,12.0,66.7,203.0,16.9,43.0,57.0,3.0,1.0,3.0,121.1,2 (1),8.0,64.0,494.0,70.0,10.0,0.0,0.0,0.0,8.0,chicago-bears
Quindell Johnson,#26,S,3.0,35,12.0,0.0,23.0,57.4,61.9,78.0,-,56.6,0.0,0.0,0.0,0.0,0.0,1.0,1.0,0.0,0.0,0.0,0.0,0.0,0.0,,0.0,,0.0,,0.0,1.0,0.0,0.0,0 (0),1.0,8.0,23.0,3.0,0.0,0.0,0.0,0.0,1.0,chicago-bears
Tremaine Edmunds,#49,LB,15.0,876,287.0,43.0,546.0,56.6,57.5,61.4,42.5,58.3,4.0,0.0,0.0,4.0,0.0,81.0,30.0,14.0,11.2,35.0,0.0,70.0,58.0,82.9,611.0,10.5,391.0,75.0,5.0,4.0,2.0,103.0,2 (2),16.0,776.0,24.0,56.0,4.0,0.0,0.0,0.0,16.0,chicago-bears
Duron Harmon,#30,S,2.0,84,29.0,1.0,54.0,56.0,48.6,83.1,53.7,60.1,0.0,0.0,0.0,0.0,0.0,6.0,0.0,0.0,0.0,2.0,0.0,2.0,1.0,50.0,6.0,6.0,4.0,6.0,0.0,0.0,0.0,56.3,0 (0),0.0,24.0,49.0,10.0,1.0,0.0,0.0,0.0,0.0,chicago-bears
Zacch Pickens,#96,DI,17.0,264,115.0,148.0,1.0,54.9,44.1,36.7,62.9,74.7,8.0,1.0,1.0,6.0,0.0,12.0,6.0,3.0,14.3,9.0,1.0,0.0,0.0,,0.0,,0.0,,0.0,0.0,0.0,0.0,0 (0),262.0,2.0,0.0,0.0,0.0,54.0,181.0,27.0,0.0,chicago-bears
Gervon Dexter Sr.,#99,DI,17.0,433,134.0,297.0,2.0,50.9,36.2,38.5,65.9,55.2,29.0,4.0,9.0,16.0,1.0,13.0,3.0,4.0,20.0,13.0,0.0,0.0,0.0,,0.0,,0.0,,0.0,0.0,0.0,0.0,1 (0),432.0,1.0,0.0,0.0,0.0,25.0,328.0,71.0,8.0,chicago-bears
Rasheem Green,#94,ED,17.0,385,155.0,225.0,5.0,50.6,48.7,44.9,52.1,66.0,14.0,2.0,3.0,9.0,0.0,9.0,4.0,3.0,18.8,9.0,0.0,0.0,0.0,,0.0,,0.0,,0.0,0.0,0.0,0.0,1 (0),384.0,1.0,0.0,0.0,0.0,0.0,7.0,29.0,348.0,chicago-bears
Dylan Cole,#55,LB,2.0,3,2.0,0.0,1.0,50.1,60.0,-,-,60.5,0.0,0.0,0.0,0.0,0.0,0.0,0.0,0.0,,0.0,0.0,0.0,0.0,,0.0,,0.0,,0.0,0.0,0.0,0.0,0 (0),1.0,0.0,0.0,1.0,1.0,0.0,0.0,0.0,1.0,chicago-bears
Justin Jones,#93,DI,17.0,740,240.0,487.0,13.0,49.3,47.4,38.2,52.5,62.8,36.0,5.0,13.0,18.0,3.0,28.0,19.0,11.0,19.0,22.0,0.0,2.0,2.0,100.0,34.0,17.0,25.0,34.0,0.0,0.0,0.0,118.8,2 (0),740.0,0.0,0.0,0.0,0.0,16.0,460.0,255.0,9.0,chicago-bears
Elijah Hicks,#22,S,14.0,487,163.0,2.0,322.0,46.2,67.4,29.8,76.5,40.2,1.0,0.0,0.0,1.0,0.0,19.0,8.0,7.0,20.6,5.0,0.0,14.0,11.0,78.6,160.0,14.5,51.0,48.0,4.0,0.0,1.0,153.9,0 (0),5.0,53.0,382.0,42.0,5.0,0.0,0.0,0.0,5.0,chicago-bears
Yannick Ngakoue,#91,ED,13.0,592,166.0,408.0,18.0,39.9,37.7,28.9,47.6,52.6,34.0,4.0,4.0,26.0,0.0,11.0,6.0,7.0,29.2,11.0,0.0,1.0,0.0,0.0,0.0,,0.0,,0.0,0.0,0.0,39.6,2 (0),590.0,1.0,0.0,0.0,1.0,0.0,0.0,4.0,586.0,chicago-bears
Dominique Robinson,#90,ED,11.0,242,77.0,155.0,10.0,35.3,33.2,44.4,45.5,62.9,5.0,1.0,0.0,4.0,1.0,7.0,3.0,2.0,16.7,3.0,0.0,1.0,1.0,100.0,5.0,5.0,2.0,5.0,0.0,0.0,0.0,87.5,2 (0),238.0,4.0,0.0,0.0,0.0,0.0,1.0,5.0,232.0,chicago-bears
Josh Blackwell,#39,CB,3.0,21,9.0,1.0,11.0,28.5,84.4,83.1,60.3,24.8,1.0,0.0,1.0,0.0,0.0,2.0,1.0,0.0,0.0,1.0,0.0,4.0,4.0,100.0,79.0,19.8,39.0,37.0,0.0,0.0,0.0,118.8,0 (0),1.0,3.0,0.0,15.0,2.0,0.0,0.0,0.0,1.0,chicago-bears
DJ Ivey,#38,CB,5.0,21,7.0,0.0,14.0,86.8,60.2,72.8,-,88.5,0.0,0.0,0.0,0.0,0.0,1.0,0.0,0.0,0.0,1.0,0.0,3.0,1.0,33.3,4.0,4.0,1.0,4.0,0.0,0.0,1.0,42.4,0 (0),0.0,0.0,0.0,4.0,17.0,0.0,0.0,0.0,0.0,cincinnati-bengals
Jordan Battle,#27,S,17.0,524,219.0,22.0,283.0,82.5,81.3,76.7,69.6,76.4,7.0,2.0,1.0,4.0,0.0,53.0,15.0,6.0,8.1,23.0,0.0,18.0,12.0,66.7,130.0,10.8,67.0,23.0,1.0,1.0,2.0,83.1,0 (0),17.0,201.0,250.0,44.0,12.0,0.0,0.0,0.0,17.0,cincinnati-bengals
Trey Hendrickson,#91,ED,17.0,742,243.0,469.0,30.0,82.3,51.0,60.9,90.7,47.5,79.0,20.0,10.0,49.0,1.0,17.0,3.0,6.0,23.1,30.0,3.0,4.0,4.0,100.0,37.0,9.3,19.0,12.0,0.0,0.0,0.0,105.2,4 (0),738.0,2.0,0.0,0.0,2.0,0.0,7.0,10.0,721.0,cincinnati-bengals
DJ Reader,#98,DI,14.0,535,217.0,314.0,4.0,82.2,75.3,29.0,79.1,59.8,34.0,2.0,5.0,27.0,0.0,30.0,5.0,7.0,16.7,22.0,0.0,0.0,0.0,,0.0,,0.0,,0.0,0.0,0.0,0.0,2 (0),534.0,1.0,0.0,0.0,0.0,106.0,421.0,7.0,0.0,cincinnati-bengals
Mike Hilton,#21,CB,17.0,876,285.0,51.0,540.0,77.4,64.2,58.7,61.7,80.4,6.0,2.0,1.0,3.0,1.0,66.0,13.0,15.0,16.0,37.0,1.0,77.0,56.0,72.7,492.0,8.8,314.0,43.0,0.0,2.0,4.0,78.5,2 (2),20.0,125.0,34.0,678.0,19.0,0.0,0.0,0.0,20.0,cincinnati-bengals
Joseph Ossai,#58,ED,14.0,177,60.0,109.0,8.0,68.4,64.2,31.0,64.1,65.9,11.0,1.0,6.0,4.0,0.0,6.0,3.0,3.0,25.0,5.0,0.0,1.0,0.0,0.0,0.0,,0.0,,0.0,0.0,0.0,39.6,0 (0),175.0,1.0,0.0,0.0,1.0,0.0,9.0,40.0,126.0,cincinnati-bengals
B.J. Hill,#92,DI,17.0,776,269.0,499.0,8.0,67.7,63.3,58.3,65.8,67.9,42.0,5.0,14.0,23.0,1.0,33.0,16.0,3.0,5.8,22.0,0.0,0.0,0.0,,0.0,,0.0,,0.0,2.0,0.0,0.0,3 (0),775.0,1.0,0.0,0.0,0.0,54.0,586.0,114.0,21.0,cincinnati-bengals
Cam Taylor-Britt,#29,CB,12.0,653,233.0,0.0,420.0,64.5,46.7,49.3,-,70.3,0.0,0.0,0.0,0.0,0.0,48.0,4.0,10.0,16.1,10.0,1.0,58.0,31.0,53.4,532.0,17.2,120.0,52.0,2.0,4.0,5.0,67.6,5 (2),3.0,64.0,0.0,41.0,545.0,0.0,0.0,0.0,3.0,cincinnati-bengals
Germaine Pratt,#57,LB,17.0,975,392.0,53.0,530.0,63.3,57.3,66.4,63.5,65.3,12.0,3.0,0.0,9.0,0.0,77.0,40.0,14.0,10.7,35.0,2.0,64.0,48.0,75.0,458.0,9.5,288.0,34.0,1.0,2.0,1.0,86.6,1 (0),108.0,790.0,6.0,59.0,12.0,0.0,0.0,0.0,108.0,cincinnati-bengals
Logan Wilson,#55,LB,17.0,"1,068",402.0,55.0,611.0,62.6,66.5,76.6,60.1,57.9,9.0,2.0,2.0,5.0,0.0,89.0,40.0,11.0,7.9,32.0,2.0,77.0,62.0,80.5,697.0,11.2,380.0,29.0,4.0,4.0,4.0,100.1,1 (0),54.0,921.0,15.0,74.0,4.0,0.0,0.0,0.0,54.0,cincinnati-bengals
Chidobe Awuzie,#22,CB,15.0,722,273.0,3.0,446.0,62.6,68.0,72.1,56.2,62.3,0.0,0.0,0.0,0.0,0.0,46.0,10.0,4.0,6.7,15.0,0.0,56.0,38.0,67.9,488.0,12.8,189.0,66.0,3.0,0.0,3.0,112.8,4 (0),5.0,74.0,1.0,53.0,589.0,0.0,0.0,0.0,5.0,cincinnati-bengals
Sam Hubbard,#94,ED,15.0,713,250.0,409.0,54.0,61.9,61.1,60.9,57.5,73.6,40.0,6.0,13.0,21.0,0.0,35.0,19.0,7.0,11.5,30.0,0.0,3.0,3.0,100.0,46.0,15.3,31.0,35.0,0.0,0.0,0.0,118.8,3 (0),699.0,12.0,0.0,2.0,0.0,0.0,8.0,19.0,672.0,cincinnati-bengals
Cam Sample,#96,ED,17.0,375,155.0,208.0,12.0,61.6,61.8,82.2,62.4,49.8,22.0,2.0,5.0,15.0,1.0,22.0,4.0,1.0,3.7,12.0,0.0,3.0,3.0,100.0,18.0,6.0,4.0,9.0,1.0,0.0,0.0,131.3,1 (0),374.0,0.0,0.0,0.0,1.0,0.0,22.0,61.0,291.0,cincinnati-bengals
Markus Bailey,#51,LB,8.0,29,16.0,1.0,12.0,60.8,73.3,77.7,60.0,49.5,0.0,0.0,0.0,0.0,0.0,2.0,2.0,0.0,0.0,0.0,0.0,1.0,1.0,100.0,3.0,3.0,0.0,3.0,1.0,0.0,0.0,118.8,0 (0),5.0,18.0,1.0,5.0,0.0,0.0,0.0,0.0,5.0,cincinnati-bengals
Devin Harper,#56,LB,1.0,1,1.0,0.0,0.0,60.0,60.0,-,-,-,0.0,0.0,0.0,0.0,0.0,0.0,0.0,0.0,,0.0,0.0,0.0,0.0,,0.0,,0.0,,0.0,0.0,0.0,0.0,0 (0),1.0,0.0,0.0,0.0,0.0,0.0,0.0,0.0,1.0,cincinnati-bengals
Akeem Davis-Gaither,#59,LB,11.0,98,50.0,8.0,40.0,58.7,57.3,55.0,69.8,56.7,0.0,0.0,0.0,0.0,0.0,12.0,4.0,3.0,15.8,4.0,0.0,7.0,7.0,100.0,56.0,8.0,20.0,20.0,0.0,0.0,0.0,100.0,0 (0),20.0,70.0,0.0,8.0,0.0,0.0,0.0,0.0,20.0,cincinnati-bengals
Myles Murphy,#99,ED,17.0,304,125.0,165.0,14.0,58.2,50.3,51.5,64.3,58.6,15.0,3.0,0.0,12.0,0.0,9.0,6.0,3.0,16.7,9.0,0.0,2.0,2.0,100.0,20.0,10.0,4.0,13.0,0.0,0.0,0.0,108.3,1 (0),304.0,0.0,0.0,0.0,0.0,0.0,4.0,12.0,288.0,cincinnati-bengals
Joe Bachie,#49,LB,6.0,10,4.0,2.0,4.0,55.5,68.3,73.3,59.6,45.6,0.0,0.0,0.0,0.0,0.0,0.0,1.0,0.0,0.0,0.0,0.0,1.0,1.0,100.0,18.0,18.0,0.0,18.0,0.0,0.0,0.0,118.8,0 (0),4.0,6.0,0.0,0.0,0.0,0.0,0.0,0.0,4.0,cincinnati-bengals
Josh Tupou,#68,DI,14.0,287,150.0,137.0,0.0,52.1,50.3,53.5,55.7,60.0,6.0,0.0,2.0,4.0,0.0,14.0,6.0,2.0,9.1,9.0,0.0,0.0,0.0,,0.0,,0.0,,0.0,0.0,0.0,0.0,0 (0),287.0,0.0,0.0,0.0,0.0,88.0,198.0,1.0,0.0,cincinnati-bengals
DJ Turner II,#20,CB,17.0,827,309.0,0.0,518.0,51.5,64.4,68.9,63.8,48.4,1.0,1.0,0.0,0.0,0.0,43.0,6.0,5.0,9.3,11.0,0.0,66.0,38.0,57.6,664.0,17.5,293.0,86.0,4.0,0.0,6.0,112.2,4 (1),1.0,36.0,0.0,55.0,735.0,0.0,0.0,0.0,1.0,cincinnati-bengals
Jalen Davis,#35,CB,12.0,53,18.0,0.0,35.0,51.4,72.4,36.2,-,46.5,0.0,0.0,0.0,0.0,0.0,3.0,0.0,1.0,25.0,1.0,0.0,6.0,4.0,66.7,43.0,10.8,7.0,25.0,1.0,0.0,1.0,127.1,0 (0),0.0,9.0,0.0,34.0,10.0,0.0,0.0,0.0,0.0,cincinnati-bengals
Zach Carter,#95,DI,17.0,500,241.0,259.0,0.0,51.2,49.1,57.3,53.9,66.5,13.0,0.0,1.0,12.0,1.0,17.0,8.0,4.0,13.8,11.0,1.0,0.0,0.0,,0.0,,0.0,,0.0,0.0,0.0,0.0,1 (0),500.0,0.0,0.0,0.0,0.0,14.0,426.0,57.0,3.0,cincinnati-bengals
Dax Hill,#23,S,17.0,"1,089",413.0,27.0,649.0,50.9,70.9,76.6,67.2,43.0,11.0,2.0,3.0,6.0,0.0,79.0,20.0,9.0,8.3,24.0,0.0,45.0,32.0,71.1,457.0,14.3,183.0,67.0,4.0,2.0,6.0,114.8,4 (1),37.0,230.0,605.0,187.0,30.0,0.0,0.0,0.0,37.0,cincinnati-bengals
Jay Tufele,#97,DI,10.0,96,54.0,42.0,0.0,47.8,47.2,56.3,54.3,60.0,1.0,0.0,0.0,1.0,0.0,5.0,6.0,1.0,8.3,1.0,0.0,0.0,0.0,,0.0,,0.0,,0.0,0.0,0.0,0.0,0 (0),96.0,0.0,0.0,0.0,0.0,4.0,86.0,6.0,0.0,cincinnati-bengals
Sidney Jones IV,#24,CB,2.0,25,9.0,0.0,16.0,46.8,60.4,72.5,-,44.6,0.0,0.0,0.0,0.0,0.0,1.0,0.0,0.0,0.0,1.0,0.0,1.0,1.0,100.0,11.0,11.0,0.0,11.0,0.0,0.0,0.0,112.5,0 (0),1.0,1.0,0.0,2.0,21.0,0.0,0.0,0.0,1.0,cincinnati-bengals
Nick Scott,#33,S,17.0,569,181.0,28.0,360.0,44.0,53.6,61.0,75.0,38.8,5.0,0.0,1.0,4.0,0.0,37.0,20.0,9.0,13.6,12.0,0.0,27.0,20.0,74.1,306.0,15.3,88.0,46.0,1.0,0.0,0.0,123.4,1 (0),22.0,194.0,247.0,86.0,20.0,0.0,0.0,0.0,22.0,cincinnati-bengals
Myles Garrett,#95,ED,17.0,844.0,301.0,522.0,21.0,93.9,83.7,65.7,94.7,59.5,89.0,15.0,14.0,60.0,3.0,25.0,6.0,6.0,16.2,39.0,4.0,4.0,2.0,50.0,21.0,10.5,8.0,16.0,0.0,0.0,0.0,65.6,12 (4),828.0,16.0,0.0,0.0,0.0,0.0,2.0,8.0,818.0,cleveland-browns
Za'Darius Smith,#99,ED,17.0,603.0,186.0,402.0,15.0,83.1,59.6,44.8,86.8,87.1,61.0,6.0,15.0,40.0,1.0,14.0,8.0,8.0,26.7,19.0,1.0,1.0,1.0,100.0,0.0,0.0,7.0,0.0,0.0,0.0,0.0,79.2,5 (2),579.0,23.0,0.0,1.0,0.0,0.0,13.0,38.0,528.0,cleveland-browns
Maurice Hurst,#90,DI,13.0,302.0,126.0,173.0,3.0,81.0,76.5,47.5,75.9,67.5,18.0,2.0,3.0,13.0,2.0,15.0,7.0,4.0,15.4,14.0,0.0,1.0,0.0,0.0,0.0,,0.0,,0.0,1.0,0.0,0.0,4 (0),302.0,0.0,0.0,0.0,0.0,4.0,236.0,56.0,6.0,cleveland-browns
Jeremiah Owusu-Koramoah,#06,LB,17.0,802.0,316.0,80.0,406.0,76.8,66.9,56.2,87.4,73.2,18.0,4.0,1.0,13.0,1.0,78.0,25.0,15.0,12.7,61.0,1.0,47.0,40.0,85.1,341.0,8.5,292.0,76.0,4.0,2.0,2.0,107.5,2 (1),116.0,620.0,9.0,47.0,10.0,0.0,0.0,1.0,115.0,cleveland-browns
D'Anthony Bell,#37,S,13.0,256.0,87.0,10.0,159.0,76.3,81.7,77.7,59.5,69.8,1.0,0.0,1.0,0.0,0.0,25.0,2.0,2.0,6.9,8.0,1.0,16.0,11.0,68.8,77.0,7.0,26.0,20.0,0.0,2.0,3.0,39.8,0 (0),17.0,74.0,103.0,61.0,1.0,0.0,0.0,0.0,17.0,cleveland-browns
Vincent Gray,#31,CB,1.0,44.0,20.0,0.0,24.0,73.5,34.0,28.9,-,85.3,0.0,0.0,0.0,0.0,0.0,4.0,0.0,2.0,33.3,2.0,0.0,6.0,3.0,50.0,26.0,8.7,17.0,15.0,0.0,0.0,2.0,61.8,0 (0),0.0,3.0,0.0,1.0,40.0,0.0,0.0,0.0,0.0,cleveland-browns
Anthony Walker Jr.,#05,LB,12.0,454.0,177.0,32.0,245.0,71.1,59.1,56.6,54.9,76.8,4.0,0.0,2.0,2.0,0.0,30.0,13.0,6.0,12.2,16.0,1.0,14.0,12.0,85.7,148.0,12.3,101.0,32.0,1.0,0.0,5.0,134.5,1 (0),15.0,406.0,10.0,21.0,2.0,0.0,0.0,0.0,15.0,cleveland-browns
Shelby Harris,#93,DI,18.0,462.0,203.0,253.0,6.0,70.8,68.8,43.1,75.3,59.8,22.0,2.0,2.0,18.0,5.0,20.0,7.0,4.0,12.9,18.0,1.0,0.0,0.0,,0.0,,0.0,,0.0,0.0,0.0,0.0,5 (0),461.0,1.0,0.0,0.0,0.0,15.0,412.0,30.0,4.0,cleveland-browns
Sione Takitaki,#44,LB,16.0,608.0,249.0,38.0,321.0,70.7,68.2,58.1,54.3,70.2,9.0,1.0,1.0,7.0,1.0,50.0,12.0,8.0,11.4,24.0,0.0,29.0,18.0,62.1,206.0,11.4,153.0,70.0,1.0,1.0,2.0,80.5,0 (0),16.0,564.0,14.0,13.0,1.0,0.0,0.0,0.0,16.0,cleveland-browns
Ronnie Hickman Jr.,#33,S,11.0,322.0,88.0,2.0,232.0,70.6,61.2,71.5,57.4,70.2,2.0,0.0,0.0,2.0,0.0,20.0,4.0,3.0,11.1,7.0,0.0,10.0,5.0,50.0,43.0,8.6,10.0,37.0,2.0,1.0,2.0,61.7,1 (0),2.0,20.0,272.0,27.0,1.0,0.0,0.0,0.0,2.0,cleveland-browns
Mohamoud Diabate,#43,LB,6.0,26.0,18.0,2.0,6.0,70.3,68.8,75.7,57.8,62.8,0.0,0.0,0.0,0.0,0.0,0.0,3.0,0.0,0.0,0.0,0.0,1.0,0.0,0.0,0.0,,0.0,,0.0,0.0,0.0,39.6,0 (0),4.0,21.0,0.0,1.0,0.0,0.0,0.0,0.0,4.0,cleveland-browns
Grant Delpit,#22,S,13.0,738.0,298.0,41.0,399.0,70.0,53.4,55.0,71.5,75.5,12.0,1.0,2.0,9.0,1.0,66.0,11.0,16.0,17.2,33.0,0.0,31.0,25.0,80.6,188.0,7.5,120.0,36.0,0.0,1.0,1.0,78.5,1 (0),91.0,327.0,122.0,183.0,15.0,0.0,0.0,0.0,91.0,cleveland-browns
Denzel Ward,#21,CB,14.0,657.0,236.0,2.0,419.0,69.4,63.1,56.1,55.5,69.4,0.0,0.0,0.0,0.0,0.0,34.0,5.0,7.0,15.2,13.0,1.0,68.0,35.0,51.5,488.0,13.9,278.0,71.0,3.0,2.0,9.0,77.3,3 (0),1.0,30.0,1.0,22.0,603.0,0.0,0.0,0.0,1.0,cleveland-browns
Kahlef Hailassie,#25,CB,7.0,104.0,48.0,0.0,56.0,67.2,53.6,54.0,-,69.9,0.0,0.0,0.0,0.0,0.0,5.0,1.0,1.0,14.3,3.0,0.0,8.0,4.0,50.0,29.0,7.3,7.0,15.0,1.0,0.0,1.0,98.4,0 (0),0.0,10.0,0.0,2.0,92.0,0.0,0.0,0.0,0.0,cleveland-browns
Juan Thornhill,#01,S,12.0,643.0,261.0,5.0,377.0,66.5,72.0,76.0,83.8,62.6,3.0,0.0,2.0,1.0,0.0,47.0,10.0,7.0,10.9,10.0,0.0,26.0,16.0,61.5,157.0,9.8,53.0,30.0,2.0,0.0,1.0,104.2,1 (0),11.0,67.0,501.0,61.0,3.0,0.0,0.0,0.0,11.0,cleveland-browns
Greg Newsome II,#00,CB,15.0,795.0,293.0,22.0,480.0,66.0,48.2,30.1,64.4,69.9,3.0,1.0,0.0,2.0,1.0,43.0,7.0,11.0,18.0,20.0,0.0,72.0,43.0,59.7,541.0,12.6,310.0,75.0,2.0,2.0,11.0,80.8,5 (1),6.0,83.0,8.0,412.0,286.0,0.0,0.0,0.0,6.0,cleveland-browns
Sam Kamara,#92,ED,2.0,79.0,26.0,50.0,3.0,66.0,76.6,74.2,57.4,60.4,4.0,0.0,0.0,4.0,0.0,5.0,2.0,0.0,0.0,4.0,0.0,0.0,0.0,,0.0,,0.0,,0.0,0.0,0.0,0.0,1 (0),79.0,0.0,0.0,0.0,0.0,0.0,19.0,0.0,60.0,cleveland-browns
Ogbo Okoronkwo,#54,ED,15.0,459.0,157.0,287.0,15.0,65.3,59.3,82.7,62.8,75.2,33.0,5.0,3.0,25.0,1.0,20.0,6.0,2.0,7.1,22.0,0.0,0.0,0.0,,0.0,,0.0,,0.0,0.0,0.0,0.0,1 (0),448.0,11.0,0.0,0.0,0.0,0.0,1.0,6.0,441.0,cleveland-browns
Martin Emerson Jr.,#23,CB,17.0,897.0,331.0,0.0,566.0,63.2,59.5,34.4,-,63.6,0.0,0.0,0.0,0.0,0.0,54.0,8.0,15.0,19.5,24.0,0.0,73.0,36.0,49.3,498.0,13.8,161.0,43.0,1.0,4.0,9.0,53.3,9 (1),1.0,54.0,1.0,18.0,823.0,0.0,0.0,0.0,1.0,cleveland-browns
Jordan Kunaszyk,#51,LB,4.0,60.0,30.0,4.0,26.0,62.1,49.5,58.8,51.1,73.1,0.0,0.0,0.0,0.0,0.0,4.0,4.0,1.0,11.1,3.0,0.0,3.0,3.0,100.0,12.0,4.0,10.0,7.0,1.0,0.0,0.0,122.9,0 (0),1.0,58.0,1.0,0.0,0.0,0.0,0.0,0.0,1.0,cleveland-browns
Dalvin Tomlinson,#94,DI,17.0,650.0,239.0,406.0,5.0,61.2,49.2,35.8,72.6,60.0,36.0,4.0,9.0,23.0,0.0,11.0,13.0,4.0,14.3,12.0,0.0,0.0,0.0,,0.0,,0.0,,0.0,0.0,0.0,0.0,3 (0),650.0,0.0,0.0,0.0,0.0,53.0,564.0,28.0,5.0,cleveland-browns
Tanner McCalister,#48,CB,1.0,19.0,0.0,2.0,17.0,59.3,-,74.8,55.6,60.5,0.0,0.0,0.0,0.0,0.0,1.0,1.0,0.0,0.0,0.0,0.0,1.0,0.0,0.0,0.0,,0.0,,0.0,0.0,0.0,39.6,0 (0),0.0,2.0,0.0,17.0,0.0,0.0,0.0,0.0,0.0,cleveland-browns
Cameron Mitchell,#29,CB,14.0,283.0,63.0,11.0,209.0,58.6,40.0,42.9,68.4,60.5,2.0,1.0,0.0,1.0,0.0,15.0,2.0,6.0,26.1,7.0,0.0,29.0,22.0,75.9,201.0,9.1,90.0,35.0,2.0,0.0,2.0,117.2,0 (0),6.0,27.0,2.0,203.0,45.0,0.0,0.0,0.0,6.0,cleveland-browns
Duron Harmon,#30,S,5.0,138.0,47.0,6.0,85.0,58.2,43.2,87.8,71.2,62.5,2.0,1.0,0.0,1.0,0.0,10.0,3.0,0.0,0.0,6.0,0.0,7.0,6.0,85.7,48.0,8.0,27.0,18.0,1.0,1.0,0.0,95.2,0 (0),6.0,63.0,38.0,25.0,6.0,0.0,0.0,0.0,6.0,cleveland-browns
Mike Ford,#28,CB,12.0,159.0,45.0,6.0,108.0,56.8,29.7,74.6,64.7,64.2,0.0,0.0,0.0,0.0,0.0,16.0,3.0,1.0,5.0,4.0,0.0,24.0,17.0,70.8,181.0,10.6,70.0,40.0,4.0,1.0,0.0,114.8,1 (0),2.0,9.0,1.0,56.0,91.0,0.0,0.0,0.0,2.0,cleveland-browns
Alex Wright,#91,ED,17.0,407.0,163.0,231.0,13.0,55.6,52.1,62.0,61.6,60.2,21.0,5.0,1.0,15.0,1.0,14.0,7.0,2.0,8.7,16.0,2.0,4.0,3.0,75.0,31.0,10.3,14.0,14.0,0.0,0.0,1.0,96.9,4 (0),406.0,1.0,0.0,0.0,0.0,0.0,27.0,28.0,351.0,cleveland-browns
Rodney McLeod,#26,S,10.0,280.0,106.0,5.0,169.0,54.1,61.3,50.3,52.5,52.5,1.0,0.0,0.0,1.0,0.0,18.0,6.0,5.0,17.2,11.0,0.0,10.0,5.0,50.0,47.0,9.4,31.0,17.0,0.0,0.0,1.0,63.3,0 (0),15.0,48.0,136.0,69.0,12.0,0.0,0.0,0.0,15.0,cleveland-browns
Tony Fields II,#42,LB,17.0,253.0,124.0,16.0,113.0,50.6,50.5,69.9,48.2,55.9,2.0,0.0,0.0,2.0,0.0,15.0,9.0,2.0,7.7,7.0,0.0,13.0,10.0,76.9,85.0,8.5,73.0,20.0,0.0,0.0,0.0,93.4,0 (0),20.0,224.0,1.0,8.0,0.0,0.0,0.0,0.0,20.0,cleveland-browns
Jordan Elliott,#96,DI,18.0,466.0,224.0,240.0,2.0,47.3,45.1,48.7,63.9,65.5,13.0,3.0,0.0,10.0,1.0,15.0,5.0,3.0,13.0,12.0,0.0,1.0,1.0,100.0,5.0,5.0,0.0,5.0,0.0,0.0,0.0,87.5,6 (1),466.0,0.0,0.0,0.0,0.0,7.0,434.0,23.0,2.0,cleveland-browns
Isaiah McGuire,#57,ED,4.0,93.0,34.0,56.0,3.0,46.9,35.2,53.5,64.6,62.0,8.0,2.0,1.0,5.0,0.0,4.0,0.0,1.0,20.0,4.0,0.0,0.0,0.0,,0.0,,0.0,,0.0,0.0,0.0,0.0,1 (0),92.0,1.0,0.0,0.0,0.0,0.0,0.0,1.0,91.0,cleveland-browns
Matthew Adams,#40,LB,10.0,96.0,46.0,9.0,41.0,44.2,46.2,29.5,73.7,44.1,0.0,0.0,0.0,0.0,0.0,4.0,5.0,3.0,25.0,1.0,0.0,6.0,5.0,83.3,45.0,9.0,24.0,25.0,1.0,0.0,0.0,137.5,0 (0),13.0,72.0,0.0,10.0,1.0,1.0,2.0,0.0,10.0,cleveland-browns
Siaki Ika,#62,DI,5.0,103.0,47.0,55.0,1.0,29.0,31.3,67.3,51.5,59.7,1.0,0.0,1.0,0.0,1.0,1.0,0.0,1.0,50.0,0.0,0.0,1.0,1.0,100.0,4.0,4.0,0.0,4.0,0.0,0.0,0.0,83.3,3 (0),103.0,0.0,0.0,0.0,0.0,5.0,93.0,5.0,0.0,cleveland-browns
Micah Parsons,#11,ED,18.0,910,359.0,532.0,19.0,92.4,65.9,66.7,93.7,68.6,106.0,16.0,19.0,71.0,0.0,36.0,17.0,6.0,10.2,34.0,1.0,6.0,4.0,66.7,30.0,7.5,7.0,20.0,0.0,0.0,0.0,78.5,7 (1),801.0,108.0,0.0,1.0,0.0,4.0,12.0,20.0,765.0,dallas-cowboys
DeMarcus Lawrence,#90,ED,18.0,647,238.0,401.0,8.0,91.0,92.2,49.7,79.3,64.9,48.0,4.0,5.0,39.0,3.0,38.0,14.0,8.0,13.3,32.0,1.0,1.0,1.0,100.0,1.0,1.0,1.0,1.0,1.0,0.0,0.0,118.8,3 (1),635.0,12.0,0.0,0.0,0.0,7.0,42.0,79.0,507.0,dallas-cowboys
DaRon Bland,#26,CB,18.0,"1,020",402.0,4.0,614.0,89.5,90.0,70.7,69.6,86.4,2.0,0.0,1.0,1.0,0.0,62.0,14.0,7.0,8.4,17.0,0.0,93.0,52.0,55.9,730.0,14.0,278.0,73.0,3.0,9.0,6.0,52.6,5 (0),5.0,77.0,0.0,107.0,830.0,0.0,0.0,0.0,5.0,dallas-cowboys
Juanyeh Thomas,#30,S,14.0,192,79.0,3.0,110.0,81.1,58.3,47.2,53.3,85.9,1.0,0.0,0.0,1.0,0.0,12.0,5.0,4.0,19.0,7.0,0.0,14.0,8.0,57.1,72.0,9.0,70.0,29.0,1.0,0.0,3.0,94.9,0 (0),3.0,73.0,58.0,39.0,16.0,0.0,0.0,0.0,3.0,dallas-cowboys
Trevon Diggs,#07,CB,2.0,101,30.0,0.0,71.0,80.7,62.0,80.7,-,82.8,0.0,0.0,0.0,0.0,0.0,4.0,1.0,0.0,0.0,1.0,1.0,8.0,2.0,25.0,26.0,13.0,20.0,24.0,0.0,1.0,2.0,1.0,1 (0),1.0,12.0,0.0,6.0,82.0,0.0,0.0,0.0,1.0,dallas-cowboys
Malik Hooker,#28,S,17.0,862,326.0,6.0,530.0,77.2,88.3,74.6,53.1,71.7,1.0,0.0,0.0,1.0,0.0,31.0,22.0,6.0,10.2,5.0,1.0,10.0,8.0,80.0,160.0,20.0,84.0,69.0,2.0,1.0,1.0,118.8,0 (0),12.0,82.0,721.0,43.0,4.0,0.0,0.0,0.0,12.0,dallas-cowboys
Osa Odighizuwa,#97,DI,18.0,676,303.0,372.0,1.0,77.0,65.1,40.9,78.7,66.8,44.0,3.0,10.0,31.0,0.0,32.0,12.0,6.0,12.0,27.0,0.0,0.0,0.0,,0.0,,0.0,,0.0,0.0,0.0,0.0,2 (1),675.0,0.0,0.0,0.0,0.0,20.0,471.0,174.0,10.0,dallas-cowboys
Markquese Bell,#14,LB,18.0,701,279.0,21.0,401.0,76.8,62.5,78.1,67.8,83.5,3.0,0.0,0.0,3.0,1.0,80.0,20.0,7.0,6.5,34.0,2.0,53.0,38.0,71.7,374.0,9.8,314.0,39.0,3.0,0.0,3.0,110.1,3 (1),22.0,608.0,1.0,56.0,12.0,0.0,0.0,0.0,22.0,dallas-cowboys
Israel Mukuamu,#24,S,10.0,77,30.0,0.0,47.0,76.3,69.7,78.8,-,73.3,0.0,0.0,0.0,0.0,0.0,4.0,0.0,0.0,0.0,1.0,0.0,2.0,1.0,50.0,9.0,9.0,1.0,9.0,0.0,0.0,1.0,62.5,1 (0),0.0,5.0,33.0,5.0,32.0,0.0,0.0,0.0,0.0,dallas-cowboys
KaVontae Turpin,#09,WR,3.0,3,1.0,0.0,2.0,75.2,60.0,-,-,76.6,0.0,0.0,0.0,0.0,0.0,0.0,0.0,0.0,,0.0,0.0,0.0,0.0,,0.0,,0.0,,0.0,0.0,0.0,0.0,0 (0),0.0,0.0,0.0,0.0,0.0,0.0,0.0,0.0,0.0,dallas-cowboys
Stephon Gilmore,#21,CB,18.0,"1,055",433.0,0.0,622.0,71.2,72.9,76.2,-,69.3,0.0,0.0,0.0,0.0,0.0,67.0,7.0,5.0,6.3,17.0,1.0,95.0,54.0,56.8,734.0,13.6,221.0,68.0,5.0,2.0,9.0,90.4,6 (2),4.0,76.0,2.0,58.0,915.0,0.0,0.0,0.0,4.0,dallas-cowboys
Devin Harper,#50,LB,2.0,4,1.0,0.0,3.0,70.2,60.0,83.6,-,64.1,0.0,0.0,0.0,0.0,0.0,1.0,1.0,0.0,0.0,1.0,0.0,0.0,0.0,,0.0,,0.0,,0.0,0.0,0.0,0.0,0 (0),0.0,3.0,0.0,0.0,0.0,0.0,0.0,0.0,0.0,dallas-cowboys
Dorance Armstrong,#92,ED,18.0,468,168.0,290.0,10.0,69.6,58.1,71.4,69.7,72.4,35.0,9.0,4.0,22.0,1.0,20.0,9.0,3.0,9.4,23.0,0.0,2.0,2.0,100.0,19.0,9.5,28.0,10.0,0.0,0.0,0.0,106.3,1 (0),435.0,31.0,0.0,0.0,0.0,1.0,55.0,58.0,321.0,dallas-cowboys
C.J. Goodwin,#29,CB,2.0,17,3.0,0.0,14.0,69.2,60.0,75.4,-,69.3,0.0,0.0,0.0,0.0,0.0,1.0,1.0,0.0,0.0,0.0,0.0,1.0,1.0,100.0,-3.0,-3.0,2.0,-3.0,0.0,0.0,0.0,79.2,0 (0),0.0,0.0,0.0,0.0,16.0,0.0,0.0,0.0,0.0,dallas-cowboys
Sam Williams,#54,ED,18.0,314,113.0,193.0,8.0,68.2,62.2,68.1,73.0,58.3,24.0,5.0,3.0,16.0,0.0,12.0,8.0,1.0,4.8,14.0,1.0,1.0,1.0,100.0,6.0,6.0,0.0,6.0,0.0,0.0,0.0,91.7,3 (0),310.0,1.0,0.0,0.0,0.0,0.0,7.0,36.0,267.0,dallas-cowboys
Buddy Johnson,#57,LB,1.0,2,1.0,0.0,1.0,67.4,60.7,75.8,-,62.2,0.0,0.0,0.0,0.0,0.0,2.0,0.0,0.0,0.0,1.0,0.0,0.0,0.0,,0.0,,0.0,,0.0,0.0,0.0,0.0,0 (0),0.0,1.0,0.0,1.0,0.0,0.0,0.0,0.0,0.0,dallas-cowboys
Donovan Wilson,#06,S,16.0,776,303.0,20.0,453.0,66.2,62.1,56.8,80.7,66.6,6.0,0.0,1.0,5.0,0.0,63.0,24.0,13.0,13.0,23.0,1.0,29.0,21.0,72.4,217.0,10.3,123.0,26.0,2.0,2.0,2.0,87.9,4 (0),49.0,321.0,296.0,92.0,18.0,0.0,0.0,0.0,49.0,dallas-cowboys
Chauncey Golston,#99,DI,18.0,322,130.0,190.0,2.0,66.1,49.9,48.6,75.0,60.6,20.0,2.0,1.0,17.0,0.0,14.0,11.0,5.0,16.7,11.0,1.0,0.0,0.0,,0.0,,0.0,,0.0,0.0,0.0,0.0,0 (0),320.0,1.0,0.0,0.0,0.0,2.0,162.0,136.0,20.0,dallas-cowboys
Leighton Vander Esch,#55,LB,5.0,269,105.0,31.0,133.0,65.5,70.0,89.0,51.0,62.4,3.0,0.0,1.0,2.0,0.0,22.0,8.0,0.0,0.0,8.0,0.0,7.0,5.0,71.4,43.0,8.6,44.0,19.0,0.0,0.0,0.0,87.2,0 (0),66.0,183.0,0.0,19.0,1.0,0.0,0.0,1.0,65.0,dallas-cowboys
Dante Fowler Jr.,#56,ED,18.0,275,65.0,206.0,4.0,63.8,62.0,32.0,69.9,64.3,36.0,5.0,2.0,29.0,0.0,7.0,1.0,2.0,20.0,9.0,1.0,1.0,1.0,100.0,6.0,6.0,1.0,6.0,0.0,0.0,0.0,91.7,5 (1),272.0,2.0,0.0,0.0,0.0,1.0,2.0,10.0,259.0,dallas-cowboys
Damone Clark,#33,LB,18.0,834,393.0,54.0,387.0,62.7,56.8,83.6,55.5,68.8,8.0,0.0,3.0,5.0,0.0,79.0,34.0,7.0,5.8,33.0,0.0,35.0,29.0,82.9,202.0,7.0,176.0,32.0,1.0,0.0,2.0,100.2,1 (0),105.0,674.0,0.0,50.0,4.0,0.0,0.0,2.0,103.0,dallas-cowboys
Nahshon Wright,#25,CB,8.0,52,19.0,0.0,33.0,60.1,64.6,29.5,-,58.2,0.0,0.0,0.0,0.0,0.0,2.0,0.0,2.0,50.0,1.0,0.0,6.0,5.0,83.3,22.0,4.4,20.0,7.0,1.0,0.0,0.0,121.5,0 (0),0.0,5.0,0.0,0.0,45.0,0.0,0.0,0.0,0.0,dallas-cowboys
Hunter Luepke,#40,FB,1.0,1,0.0,1.0,0.0,60.0,-,-,60.0,-,0.0,0.0,0.0,0.0,0.0,0.0,0.0,0.0,,0.0,0.0,0.0,0.0,,0.0,,0.0,,0.0,0.0,0.0,0.0,0 (0),0.0,0.0,0.0,0.0,0.0,0.0,0.0,0.0,0.0,dallas-cowboys
Princeton Fant,#48,TE,1.0,1,0.0,1.0,0.0,60.0,-,-,60.0,-,0.0,0.0,0.0,0.0,0.0,0.0,0.0,0.0,,0.0,0.0,0.0,0.0,,0.0,,0.0,,0.0,0.0,0.0,0.0,0 (0),0.0,0.0,0.0,0.0,0.0,0.0,0.0,0.0,0.0,dallas-cowboys
Neville Gallimore,#96,DI,18.0,304,145.0,158.0,1.0,59.5,54.6,65.2,66.5,59.9,12.0,1.0,1.0,10.0,1.0,11.0,10.0,1.0,4.5,9.0,0.0,0.0,0.0,,0.0,,0.0,,0.0,0.0,0.0,0.0,1 (0),303.0,1.0,0.0,0.0,0.0,30.0,226.0,45.0,2.0,dallas-cowboys
Johnathan Hankins,#95,DI,15.0,387,198.0,187.0,2.0,53.6,52.4,50.2,62.0,65.4,7.0,3.0,0.0,4.0,2.0,20.0,11.0,3.0,8.8,14.0,0.0,0.0,0.0,,0.0,,0.0,,0.0,0.0,0.0,0.0,3 (0),387.0,0.0,0.0,0.0,0.0,145.0,223.0,18.0,1.0,dallas-cowboys
Peyton Hendershot,#89,TE,2.0,2,1.0,1.0,0.0,51.2,60.0,68.5,60.0,60.0,0.0,0.0,0.0,0.0,0.0,1.0,0.0,0.0,0.0,0.0,0.0,0.0,0.0,,0.0,,0.0,,0.0,0.0,0.0,0.0,0 (0),0.0,0.0,0.0,0.0,0.0,0.0,0.0,0.0,0.0,dallas-cowboys
Sheldrick Redwine,#36,S,1.0,7,7.0,0.0,0.0,50.5,53.7,23.7,-,-,0.0,0.0,0.0,0.0,0.0,0.0,0.0,1.0,100.0,0.0,0.0,0.0,0.0,,0.0,,0.0,,0.0,0.0,0.0,0.0,0 (0),0.0,2.0,5.0,0.0,0.0,0.0,0.0,0.0,0.0,dallas-cowboys
Jourdan Lewis,#02,CB,17.0,771,273.0,7.0,491.0,50.1,90.8,74.4,48.3,39.5,0.0,0.0,0.0,0.0,0.0,44.0,8.0,5.0,8.8,15.0,3.0,74.0,50.0,67.6,609.0,12.2,288.0,42.0,4.0,1.0,4.0,105.1,3 (1),11.0,104.0,3.0,635.0,18.0,0.0,0.0,0.0,11.0,dallas-cowboys
Mazi Smith,#58,DI,18.0,308,152.0,156.0,0.0,47.2,31.8,74.3,70.0,61.1,8.0,1.0,2.0,5.0,0.0,8.0,6.0,0.0,0.0,7.0,0.0,0.0,0.0,,0.0,,0.0,,0.0,0.0,0.0,0.0,0 (0),307.0,0.0,0.0,0.0,0.0,48.0,220.0,39.0,0.0,dallas-cowboys
Rashaan Evans,#32,LB,7.0,72,39.0,8.0,25.0,45.8,47.2,80.2,50.2,54.7,0.0,0.0,0.0,0.0,0.0,5.0,3.0,0.0,0.0,2.0,0.0,2.0,1.0,50.0,2.0,2.0,7.0,2.0,0.0,0.0,0.0,56.3,1 (0),10.0,57.0,0.0,4.0,0.0,0.0,0.0,0.0,10.0,dallas-cowboys
Jayron Kearse,#01,S,17.0,860,359.0,32.0,469.0,44.9,54.7,69.5,60.7,43.6,5.0,2.0,1.0,2.0,1.0,55.0,12.0,8.0,10.7,19.0,0.0,42.0,34.0,81.0,371.0,10.9,155.0,25.0,1.0,1.0,3.0,101.5,8 (2),87.0,381.0,169.0,186.0,37.0,0.0,0.0,0.0,87.0,dallas-cowboys
Malik Jefferson,#46,LB,1.0,6,6.0,0.0,0.0,44.1,49.3,28.8,-,-,0.0,0.0,0.0,0.0,0.0,1.0,1.0,1.0,33.3,1.0,0.0,0.0,0.0,,0.0,,0.0,,0.0,0.0,0.0,0.0,0 (0),2.0,4.0,0.0,0.0,0.0,0.0,0.0,0.0,2.0,dallas-cowboys
Carl Davis Jr.,#98,DI,3.0,30,24.0,6.0,0.0,42.4,44.4,69.8,57.3,-,0.0,0.0,0.0,0.0,0.0,1.0,2.0,0.0,0.0,0.0,0.0,0.0,0.0,,0.0,,0.0,,0.0,0.0,0.0,0.0,0 (0),30.0,0.0,0.0,0.0,0.0,14.0,16.0,0.0,0.0,dallas-cowboys
Tyrus Wheat,#91,ED,7.0,32,11.0,11.0,10.0,40.7,69.6,24.5,51.2,30.0,0.0,0.0,0.0,0.0,0.0,2.0,0.0,3.0,60.0,1.0,0.0,2.0,2.0,100.0,37.0,18.5,28.0,26.0,0.0,0.0,0.0,118.8,0 (0),19.0,11.0,0.0,1.0,0.0,0.0,0.0,0.0,19.0,dallas-cowboys
Jalen Tolbert,#18,WR,2.0,2,0.0,0.0,2.0,34.0,-,95.4,-,20.4,0.0,0.0,0.0,0.0,0.0,1.0,1.0,0.0,0.0,0.0,0.0,2.0,2.0,100.0,59.0,29.5,26.0,31.0,0.0,0.0,0.0,118.8,0 (0),0.0,0.0,0.0,0.0,0.0,0.0,0.0,0.0,0.0,dallas-cowboys
Noah Igbinoghene,#19,CB,2.0,25,8.0,0.0,17.0,31.9,60.8,-,-,29.7,0.0,0.0,0.0,0.0,0.0,0.0,0.0,0.0,,0.0,0.0,3.0,2.0,66.7,27.0,13.5,8.0,19.0,0.0,0.0,0.0,95.1,0 (0),0.0,1.0,0.0,1.0,23.0,0.0,0.0,0.0,0.0,dallas-cowboys
Baron Browning,#56,ED,10.0,445,164.0,246.0,35.0,74.5,80.7,53.8,74.7,46.4,35.0,5.0,5.0,25.0,2.0,18.0,3.0,4.0,16.0,16.0,2.0,6.0,3.0,50.0,18.0,6.0,9.0,13.0,0.0,0.0,0.0,56.3,4 (0),439.0,1.0,0.0,5.0,0.0,0.0,0.0,0.0,439.0,denver-broncos
Zach Allen,#99,DI,17.0,913,349.0,560.0,4.0,71.9,66.6,42.5,68.8,63.4,60.0,7.0,15.0,38.0,1.0,38.0,17.0,7.0,11.3,36.0,1.0,0.0,0.0,,0.0,,0.0,,0.0,0.0,0.0,0.0,2 (0),909.0,2.0,0.0,0.0,0.0,15.0,282.0,489.0,123.0,denver-broncos
Tremon Smith,#01,CB,3.0,4,3.0,0.0,1.0,69.8,60.0,-,-,60.0,0.0,0.0,0.0,0.0,0.0,0.0,0.0,0.0,,0.0,0.0,0.0,0.0,,0.0,,0.0,,0.0,0.0,0.0,0.0,0 (0),0.0,1.0,0.0,0.0,0.0,0.0,0.0,0.0,0.0,denver-broncos
Pat Surtain II,#02,CB,17.0,"1,121",446.0,6.0,669.0,69.0,78.7,84.4,74.0,64.7,1.0,0.0,0.0,1.0,0.0,63.0,10.0,3.0,3.9,16.0,0.0,89.0,56.0,62.9,701.0,12.5,212.0,68.0,3.0,1.0,9.0,93.9,6 (0),0.0,92.0,0.0,29.0,999.0,0.0,0.0,0.0,0.0,denver-broncos
Ja'Quan McMillian,#29,CB,15.0,669,209.0,21.0,439.0,68.4,84.9,55.0,67.7,62.1,8.0,2.0,1.0,5.0,0.0,42.0,9.0,11.0,17.7,24.0,2.0,67.0,41.0,61.2,469.0,11.4,258.0,41.0,8.0,2.0,2.0,109.4,2 (1),5.0,41.0,0.0,605.0,17.0,0.0,0.0,0.0,5.0,denver-broncos
Justin Simmons,#31,S,15.0,985,378.0,10.0,597.0,67.9,77.6,72.1,71.3,63.4,1.0,1.0,0.0,0.0,0.0,59.0,8.0,9.0,11.8,16.0,2.0,36.0,23.0,63.9,324.0,14.1,95.0,59.0,3.0,3.0,5.0,85.9,1 (0),13.0,230.0,594.0,144.0,3.0,0.0,0.0,0.0,13.0,denver-broncos
Kareem Jackson,#22,S,8.0,480,206.0,1.0,273.0,67.5,49.6,68.1,62.8,76.1,0.0,0.0,0.0,0.0,0.0,42.0,8.0,5.0,9.1,6.0,0.0,16.0,12.0,75.0,111.0,9.3,41.0,19.0,1.0,2.0,2.0,74.7,4 (0),4.0,121.0,271.0,75.0,9.0,0.0,0.0,0.0,4.0,denver-broncos
Josey Jewell,#47,LB,16.0,796,320.0,72.0,404.0,67.2,63.1,75.5,71.6,64.2,12.0,3.0,1.0,8.0,0.0,67.0,33.0,9.0,8.3,33.0,2.0,41.0,35.0,85.4,352.0,10.1,226.0,37.0,1.0,0.0,3.0,110.6,1 (0),6.0,729.0,0.0,59.0,1.0,0.0,0.0,0.0,6.0,denver-broncos
Riley Moss,#37,CB,8.0,25,3.0,1.0,21.0,66.5,60.0,84.2,59.1,65.0,0.0,0.0,0.0,0.0,0.0,1.0,2.0,0.0,0.0,0.0,0.0,1.0,0.0,0.0,0.0,,0.0,,0.0,0.0,0.0,39.6,0 (0),0.0,8.0,0.0,12.0,3.0,0.0,0.0,0.0,0.0,denver-broncos
Jonathon Cooper,#00,ED,17.0,836,333.0,421.0,82.0,65.2,65.7,61.9,71.0,36.0,55.0,9.0,6.0,40.0,1.0,44.0,18.0,9.0,12.7,32.0,1.0,13.0,12.0,92.3,125.0,10.4,72.0,24.0,0.0,1.0,0.0,74.7,3 (0),821.0,9.0,0.0,4.0,1.0,0.0,2.0,0.0,819.0,denver-broncos
Nik Bonitto,#42,ED,15.0,524,198.0,276.0,50.0,64.0,53.9,28.1,69.5,56.4,47.0,9.0,12.0,26.0,0.0,19.0,4.0,12.0,34.3,21.0,1.0,4.0,2.0,50.0,29.0,14.5,30.0,22.0,0.0,0.0,0.0,74.0,1 (0),510.0,11.0,0.0,2.0,1.0,0.0,0.0,0.0,510.0,denver-broncos
P.J. Locke,#06,S,12.0,538,193.0,11.0,334.0,64.0,74.8,59.1,93.3,55.2,3.0,3.0,0.0,0.0,0.0,30.0,19.0,8.0,14.0,12.0,2.0,25.0,15.0,60.0,202.0,13.5,88.0,28.0,2.0,1.0,4.0,95.8,2 (0),7.0,132.0,317.0,79.0,3.0,0.0,0.0,0.0,7.0,denver-broncos
Caden Sterns,#30,S,1.0,2,1.0,0.0,1.0,62.5,60.0,-,-,60.0,0.0,0.0,0.0,0.0,0.0,0.0,0.0,0.0,,0.0,0.0,0.0,0.0,,0.0,,0.0,,0.0,0.0,0.0,0.0,0 (0),0.0,2.0,0.0,0.0,0.0,0.0,0.0,0.0,0.0,denver-broncos
Fabian Moreau,#23,CB,15.0,739,272.0,2.0,465.0,62.4,55.5,64.6,54.6,62.9,0.0,0.0,0.0,0.0,0.0,40.0,6.0,5.0,9.8,11.0,0.0,57.0,38.0,66.7,506.0,13.3,155.0,57.0,0.0,1.0,5.0,87.3,5 (0),2.0,62.0,2.0,33.0,640.0,0.0,0.0,0.0,2.0,denver-broncos
Alex Singleton,#49,LB,17.0,"1,089",433.0,83.0,573.0,61.2,78.2,48.4,75.9,42.9,13.0,2.0,4.0,7.0,0.0,122.0,55.0,29.0,14.1,59.0,0.0,95.0,78.0,82.1,672.0,8.6,471.0,39.0,5.0,0.0,4.0,113.7,2 (0),19.0,980.0,2.0,84.0,4.0,0.0,0.0,0.0,19.0,denver-broncos
Marvin Mims Jr.,#19,WR,1.0,1,1.0,0.0,0.0,60.0,60.0,-,-,-,0.0,0.0,0.0,0.0,0.0,0.0,0.0,0.0,,0.0,0.0,0.0,0.0,,0.0,,0.0,,0.0,0.0,0.0,0.0,0 (0),0.0,0.0,0.0,0.0,0.0,0.0,0.0,0.0,0.0,denver-broncos
Michael Bandy,#83,WR,1.0,1,1.0,0.0,0.0,60.0,60.0,-,-,-,0.0,0.0,0.0,0.0,0.0,0.0,0.0,0.0,,0.0,0.0,0.0,0.0,,0.0,,0.0,,0.0,0.0,0.0,0.0,0 (0),0.0,0.0,0.0,0.0,0.0,0.0,0.0,0.0,0.0,denver-broncos
Nate Adkins,#45,TE,2.0,2,2.0,0.0,0.0,60.0,60.0,-,-,-,0.0,0.0,0.0,0.0,0.0,0.0,0.0,0.0,,0.0,0.0,0.0,0.0,,0.0,,0.0,,0.0,0.0,0.0,0.0,0 (0),0.0,0.0,0.0,0.0,0.0,0.0,0.0,0.0,0.0,denver-broncos
Ben Niemann,#57,LB,1.0,1,1.0,0.0,0.0,60.0,60.0,-,-,-,0.0,0.0,0.0,0.0,0.0,0.0,0.0,0.0,,0.0,0.0,0.0,0.0,,0.0,,0.0,,0.0,0.0,0.0,0.0,0 (0),0.0,0.0,0.0,0.0,0.0,0.0,0.0,0.0,0.0,denver-broncos
Justin Strnad,#40,LB,3.0,3,3.0,0.0,0.0,60.0,60.0,-,-,-,0.0,0.0,0.0,0.0,0.0,0.0,0.0,0.0,,0.0,0.0,0.0,0.0,,0.0,,0.0,,0.0,0.0,0.0,0.0,0 (0),0.0,0.0,0.0,0.0,0.0,0.0,0.0,0.0,0.0,denver-broncos
Dwayne Washington,#39,HB,1.0,1,1.0,0.0,0.0,60.0,60.0,-,-,-,0.0,0.0,0.0,0.0,0.0,0.0,0.0,0.0,,0.0,0.0,0.0,0.0,,0.0,,0.0,,0.0,0.0,0.0,0.0,0 (0),0.0,0.0,0.0,0.0,0.0,0.0,0.0,0.0,0.0,denver-broncos
Michael Burton,#20,FB,1.0,1,1.0,0.0,0.0,60.0,60.0,-,-,-,0.0,0.0,0.0,0.0,0.0,0.0,0.0,0.0,,0.0,0.0,0.0,0.0,,0.0,,0.0,,0.0,0.0,0.0,0.0,0 (0),0.0,0.0,0.0,0.0,0.0,0.0,0.0,0.0,0.0,denver-broncos
JL Skinner,#34,S,1.0,1,0.0,1.0,0.0,59.1,-,-,58.5,-,0.0,0.0,0.0,0.0,0.0,0.0,0.0,0.0,,0.0,0.0,0.0,0.0,,0.0,,0.0,,0.0,0.0,0.0,0.0,0 (0),1.0,0.0,0.0,0.0,0.0,0.0,0.0,0.0,1.0,denver-broncos
D.J. Jones,#93,DI,16.0,568,236.0,330.0,2.0,56.2,49.0,27.2,58.5,76.2,18.0,2.0,2.0,14.0,0.0,35.0,7.0,13.0,23.6,26.0,3.0,0.0,0.0,,0.0,,0.0,,0.0,0.0,0.0,0.0,0 (0),566.0,2.0,0.0,0.0,0.0,95.0,419.0,49.0,3.0,denver-broncos
Jonathan Harris,#92,DI,17.0,529,232.0,295.0,2.0,52.0,52.8,58.2,51.3,60.5,13.0,1.0,2.0,10.0,0.0,30.0,13.0,2.0,4.4,21.0,0.0,0.0,0.0,,0.0,,0.0,,0.0,0.0,0.0,0.0,0 (0),528.0,0.0,0.0,0.0,0.0,1.0,311.0,194.0,22.0,denver-broncos
Mike Purcell,#98,DI,16.0,463,249.0,208.0,6.0,49.8,50.4,28.8,57.8,45.2,8.0,0.0,5.0,3.0,3.0,16.0,11.0,6.0,18.2,12.0,0.0,1.0,1.0,100.0,5.0,5.0,-2.0,5.0,0.0,0.0,0.0,87.5,2 (1),459.0,2.0,0.0,0.0,0.0,369.0,89.0,1.0,0.0,denver-broncos
Matt Henningsen,#91,DI,17.0,226,114.0,112.0,0.0,46.6,46.1,29.6,54.2,58.9,4.0,0.0,1.0,3.0,2.0,15.0,3.0,5.0,21.7,9.0,0.0,0.0,0.0,,0.0,,0.0,,0.0,0.0,0.0,0.0,0 (0),224.0,0.0,0.0,0.0,0.0,13.0,120.0,76.0,15.0,denver-broncos
Frank Clark,#55,ED,2.0,36,6.0,27.0,3.0,45.7,60.0,71.6,50.8,63.4,0.0,0.0,0.0,0.0,0.0,2.0,0.0,0.0,0.0,1.0,0.0,1.0,1.0,100.0,5.0,5.0,6.0,5.0,0.0,0.0,0.0,87.5,1 (0),36.0,0.0,0.0,0.0,0.0,0.0,0.0,0.0,36.0,denver-broncos
Randy Gregory,#05,ED,4.0,154,71.0,79.0,4.0,44.7,59.3,78.2,53.8,29.3,7.0,1.0,1.0,5.0,1.0,3.0,4.0,0.0,0.0,3.0,0.0,4.0,4.0,100.0,43.0,10.8,48.0,21.0,0.0,0.0,0.0,111.5,2 (0),152.0,2.0,0.0,0.0,0.0,0.0,0.0,0.0,152.0,denver-broncos
Elijah Garcia,#95,DI,3.0,31,17.0,14.0,0.0,44.4,37.7,69.2,67.7,-,2.0,1.0,0.0,1.0,0.0,0.0,1.0,0.0,0.0,1.0,0.0,0.0,0.0,,0.0,,0.0,,0.0,0.0,0.0,0.0,0 (0),31.0,0.0,0.0,0.0,0.0,1.0,19.0,11.0,0.0,denver-broncos
Essang Bassey,#27,CB,4.0,143,52.0,3.0,88.0,43.0,35.5,25.2,53.5,49.9,1.0,0.0,1.0,0.0,0.0,5.0,3.0,7.0,46.7,2.0,0.0,11.0,11.0,100.0,79.0,7.2,51.0,18.0,0.0,0.0,0.0,96.6,1 (0),0.0,20.0,14.0,108.0,1.0,0.0,0.0,0.0,0.0,denver-broncos
Delarrin Turner-Yell,#32,S,10.0,212,104.0,3.0,105.0,40.9,33.1,46.0,81.8,48.3,2.0,0.0,1.0,1.0,0.0,21.0,7.0,7.0,20.0,3.0,0.0,6.0,5.0,83.3,115.0,23.0,52.0,54.0,1.0,0.0,1.0,158.3,0 (0),3.0,44.0,147.0,15.0,1.0,0.0,0.0,0.0,3.0,denver-broncos
Ronnie Perkins,#51,ED,7.0,149,65.0,65.0,19.0,38.9,40.3,29.2,52.4,44.8,5.0,0.0,1.0,4.0,0.0,10.0,3.0,4.0,23.5,4.0,0.0,5.0,5.0,100.0,21.0,4.2,33.0,9.0,0.0,0.0,0.0,84.2,1 (0),146.0,0.0,0.0,2.0,1.0,0.0,0.0,0.0,146.0,denver-broncos
Drew Sanders,#41,LB,15.0,260,113.0,73.0,74.0,37.2,46.0,30.0,52.3,37.0,5.0,0.0,0.0,5.0,0.0,13.0,9.0,7.0,24.1,9.0,0.0,13.0,11.0,84.6,134.0,12.2,122.0,29.0,1.0,0.0,0.0,135.3,1 (0),126.0,110.0,0.0,19.0,3.0,0.0,0.0,0.0,126.0,denver-broncos
Damarri Mathis,#27,CB,12.0,440,184.0,3.0,253.0,35.2,34.2,29.5,53.4,36.7,0.0,0.0,0.0,0.0,0.0,26.0,6.0,11.0,25.6,5.0,0.0,40.0,29.0,72.5,385.0,13.3,70.0,32.0,4.0,0.0,1.0,135.9,4 (2),0.0,39.0,0.0,12.0,387.0,0.0,0.0,0.0,0.0,denver-broncos
Thomas Incoom,#59,ED,4.0,20,11.0,9.0,0.0,31.2,48.6,27.7,51.5,-,0.0,0.0,0.0,0.0,0.0,1.0,1.0,1.0,33.3,0.0,0.0,0.0,0.0,,0.0,,0.0,,0.0,0.0,0.0,0.0,1 (1),20.0,0.0,0.0,0.0,0.0,0.0,0.0,0.0,20.0,denver-broncos
Tyler Lancaster,#96,DI,3.0,42,21.0,20.0,1.0,29.8,29.7,66.8,51.5,60.0,0.0,0.0,0.0,0.0,0.0,1.0,0.0,0.0,0.0,0.0,0.0,0.0,0.0,,0.0,,0.0,,0.0,0.0,0.0,0.0,0 (0),42.0,0.0,0.0,0.0,0.0,12.0,22.0,6.0,2.0,denver-broncos
Aidan Hutchinson,#97,ED,20.0,"1,146",381.0,718.0,47.0,91.0,63.7,40.9,91.4,85.2,121.0,14.0,28.0,79.0,5.0,36.0,9.0,12.0,21.1,38.0,3.0,5.0,4.0,80.0,28,7.0,28.0,12.0,2.0,1.0,0.0,90.0,3 (1),"1,130",13.0,0.0,2.0,1,0.0,7.0,70.0,"1,053",detroit-lions
Jalen Reeves-Maybin,#42,LB,13.0,121,14.0,22.0,85.0,88.6,93.6,66.6,76.3,73.5,3.0,2.0,1.0,0.0,1.0,7.0,3.0,1.0,9.1,5.0,1.0,10.0,8.0,80.0,83,10.4,47.0,24.0,0.0,0.0,0.0,101.3,0 (0),7,84.0,5.0,18.0,7,0.0,0.0,0.0,7,detroit-lions
Alim McNeill,#54,DI,16.0,682,251.0,429.0,2.0,86.8,76.9,36.8,78.6,64.6,43.0,6.0,7.0,30.0,1.0,16.0,16.0,6.0,15.8,20.0,1.0,1.0,1.0,100.0,12,12.0,6.0,12.0,0.0,0.0,0.0,116.7,0 (0),682,0.0,0.0,0.0,0,49.0,558.0,74.0,1,detroit-lions
Ifeatu Melifonwu,#06,S,14.0,535,159.0,20.0,356.0,82.1,74.4,54.4,90.4,75.8,11.0,6.0,2.0,3.0,0.0,35.0,7.0,9.0,17.6,18.0,1.0,26.0,16.0,61.5,185,11.6,72.0,28.0,2.0,2.0,3.0,76.6,2 (1),10,168.0,233.0,113.0,11,0.0,0.0,0.0,10,detroit-lions
Brian Branch,#32,CB,18.0,873,268.0,51.0,554.0,78.9,83.9,70.4,64.2,77.7,10.0,2.0,2.0,6.0,1.0,79.0,11.0,10.0,10.0,44.0,1.0,76.0,49.0,64.5,468,9.6,219.0,40.0,5.0,3.0,11.0,87.0,8 (0),42,127.0,34.0,624.0,46,0.0,0.0,0.0,42,detroit-lions
Alex Anzalone,#34,LB,19.0,"1,189",395.0,104.0,690.0,69.8,70.4,41.5,72.6,66.1,30.0,3.0,11.0,16.0,1.0,114.0,25.0,26.0,15.8,57.0,0.0,81.0,61.0,75.3,535,8.8,340.0,41.0,1.0,0.0,5.0,96.5,5 (0),52,993.0,3.0,122.0,19,0.0,0.0,0.0,52,detroit-lions
Levi Onwuzurike,#91,DI,13.0,164,57.0,106.0,1.0,68.5,58.3,37.6,68.7,62.4,10.0,1.0,1.0,8.0,0.0,6.0,1.0,1.0,12.5,6.0,0.0,0.0,0.0,,0,,0.0,,0.0,0.0,0.0,0.0,0 (0),164,0.0,0.0,0.0,0,0.0,133.0,29.0,2,detroit-lions
Romeo Okwara,#95,ED,19.0,330,110.0,197.0,23.0,66.8,63.1,28.0,63.8,59.9,17.0,2.0,3.0,12.0,1.0,6.0,4.0,4.0,28.6,6.0,1.0,1.0,1.0,100.0,6,6.0,10.0,6.0,0.0,0.0,1.0,91.7,0 (0),330,0.0,0.0,0.0,0,0.0,9.0,14.0,307,detroit-lions
Tracy Walker III,#21,S,12.0,541,172.0,9.0,360.0,62.8,67.7,69.2,84.3,57.8,7.0,1.0,2.0,4.0,0.0,39.0,12.0,6.0,10.5,10.0,1.0,25.0,16.0,64.0,173,10.8,36.0,30.0,3.0,0.0,1.0,123.8,2 (2),19,127.0,274.0,114.0,7,0.0,0.0,0.0,19,detroit-lions
Anthony Pittman,#57,ED,2.0,5,4.0,0.0,1.0,62.5,60.0,-,-,60.0,0.0,0.0,0.0,0.0,0.0,0.0,0.0,0.0,,0.0,0.0,0.0,0.0,,0,,0.0,,0.0,0.0,0.0,0.0,0 (0),4,1.0,0.0,0.0,0,0.0,0.0,0.0,4,detroit-lions
Isaiah Buggs,#96,DI,10.0,255,110.0,144.0,1.0,62.3,58.5,49.1,59.5,63.3,5.0,1.0,0.0,4.0,2.0,8.0,6.0,3.0,17.6,8.0,0.0,1.0,1.0,100.0,8,8.0,5.0,8.0,0.0,0.0,0.0,100.0,0 (0),255,0.0,0.0,0.0,0,70.0,157.0,25.0,3,detroit-lions
Steven Gilmore,#24,CB,1.0,2,1.0,0.0,1.0,61.8,60.0,-,-,60.0,0.0,0.0,0.0,0.0,0.0,0.0,0.0,0.0,,0.0,0.0,0.0,0.0,,0,,0.0,,0.0,0.0,0.0,0.0,0 (0),0,0.0,0.0,0.0,2,0.0,0.0,0.0,0,detroit-lions
C.J. Gardner-Johnson,#02,S,6.0,291,84.0,10.0,197.0,61.7,65.5,39.8,50.7,64.2,2.0,0.0,0.0,2.0,0.0,24.0,5.0,8.0,21.6,6.0,0.0,10.0,7.0,70.0,91,13.0,35.0,28.0,0.0,2.0,2.0,58.7,3 (0),9,83.0,153.0,35.0,11,0.0,0.0,0.0,9,detroit-lions
Derrick Barnes,#55,LB,19.0,791,293.0,124.0,374.0,60.7,69.0,62.2,55.9,53.2,20.0,1.0,4.0,15.0,0.0,59.0,26.0,11.0,11.5,33.0,1.0,40.0,32.0,80.0,397,12.4,256.0,80.0,0.0,1.0,0.0,97.6,0 (0),196,539.0,0.0,51.0,5,1.0,0.0,0.0,195,detroit-lions
Emmanuel Moseley,#04,CB,1.0,2,1.0,0.0,1.0,60.6,60.0,-,-,60.0,0.0,0.0,0.0,0.0,0.0,0.0,0.0,0.0,,0.0,0.0,0.0,0.0,,0,,0.0,,0.0,0.0,0.0,0.0,0 (0),0,1.0,0.0,0.0,1,0.0,0.0,0.0,0,detroit-lions
Julian Okwara,#99,ED,9.0,120,19.0,82.0,19.0,60.2,72.7,75.7,62.5,47.3,9.0,2.0,2.0,5.0,1.0,4.0,0.0,0.0,0.0,4.0,0.0,2.0,2.0,100.0,10,5.0,8.0,8.0,0.0,0.0,0.0,87.5,1 (1),118,1.0,0.0,1.0,0,0.0,0.0,0.0,118,detroit-lions
Josh Paschal,#93,ED,15.0,510,173.0,331.0,6.0,59.1,62.1,42.1,52.3,64.1,19.0,1.0,2.0,16.0,0.0,20.0,9.0,4.0,12.1,15.0,0.0,0.0,0.0,,0,,0.0,,0.0,0.0,0.0,0.0,0 (0),510,0.0,0.0,0.0,0,4.0,74.0,150.0,282,detroit-lions
John Cominsky,#79,DI,19.0,663,223.0,434.0,6.0,58.9,65.7,52.4,52.3,53.1,33.0,2.0,9.0,22.0,2.0,24.0,16.0,5.0,11.1,19.0,0.0,0.0,0.0,,0,,0.0,,0.0,0.0,0.0,0.0,0 (0),661,2.0,0.0,0.0,0,37.0,102.0,352.0,170,detroit-lions
Malcolm Rodriguez,#44,LB,14.0,162,62.0,19.0,81.0,57.4,62.0,46.0,55.0,55.8,2.0,0.0,0.0,2.0,0.0,20.0,3.0,4.0,14.8,9.0,0.0,12.0,8.0,66.7,95,11.9,55.0,23.0,0.0,1.0,0.0,55.9,0 (0),6,151.0,1.0,4.0,0,0.0,0.0,0.0,6,detroit-lions
Brodric Martin,#98,DI,3.0,28,15.0,13.0,0.0,57.1,59.8,71.1,53.4,-,0.0,0.0,0.0,0.0,0.0,2.0,1.0,0.0,0.0,0.0,0.0,0.0,0.0,,0,,0.0,,0.0,0.0,0.0,0.0,0 (0),28,0.0,0.0,0.0,0,13.0,15.0,0.0,0,detroit-lions
Jerry Jacobs,#23,CB,13.0,743,260.0,4.0,479.0,57.1,70.8,48.6,73.3,54.5,2.0,0.0,1.0,1.0,0.0,51.0,6.0,11.0,16.2,15.0,0.0,71.0,47.0,66.2,602,12.8,126.0,39.0,7.0,3.0,4.0,107.8,9 (0),5,77.0,6.0,17.0,638,0.0,0.0,0.0,5,detroit-lions
Kerby Joseph,#31,S,18.0,"1,043",369.0,5.0,669.0,56.5,72.6,54.5,80.6,50.9,1.0,0.0,0.0,1.0,1.0,81.0,10.0,16.0,15.0,10.0,0.0,60.0,34.0,56.7,512,15.1,245.0,46.0,0.0,4.0,6.0,57.1,3 (1),8,264.0,525.0,238.0,8,0.0,0.0,0.0,8,detroit-lions
Charles Harris,#53,ED,13.0,291,68.0,199.0,24.0,55.9,64.8,69.4,53.7,64.6,24.0,2.0,2.0,20.0,0.0,8.0,3.0,1.0,8.3,7.0,0.0,1.0,1.0,100.0,21,21.0,11.0,21.0,0.0,0.0,0.0,118.8,2 (0),279,10.0,0.0,1.0,1,0.0,0.0,1.0,278,detroit-lions
Khalil Dorsey,#30,CB,4.0,80,29.0,1.0,50.0,52.4,56.8,78.0,60.0,51.9,1.0,0.0,0.0,1.0,0.0,3.0,1.0,0.0,0.0,0.0,0.0,8.0,5.0,62.5,65,13.0,4.0,47.0,1.0,0.0,1.0,127.6,1 (1),0,10.0,0.0,3.0,67,0.0,0.0,0.0,0,detroit-lions
Cameron Sutton,#01,CB,20.0,"1,261",427.0,8.0,826.0,52.3,67.2,55.8,61.5,49.0,1.0,0.0,0.0,1.0,0.0,57.0,12.0,12.0,14.8,19.0,1.0,113.0,77.0,68.1,"1,173",15.2,330.0,53.0,8.0,1.0,7.0,122.0,5 (0),22,84.0,7.0,48.0,"1,100",0.0,0.0,0.0,22,detroit-lions
Jack Campbell,#46,LB,20.0,745,307.0,97.0,341.0,52.1,75.8,66.4,50.6,35.3,10.0,2.0,1.0,7.0,0.0,68.0,37.0,10.0,8.7,28.0,0.0,42.0,35.0,83.3,418,11.9,285.0,28.0,2.0,0.0,1.0,124.0,2 (0),161,540.0,2.0,37.0,5,0.0,0.0,0.0,161,detroit-lions
Tyson Alualu,#92,DI,5.0,152,66.0,86.0,0.0,50.3,48.1,73.5,52.3,61.3,3.0,1.0,1.0,1.0,0.0,5.0,3.0,0.0,0.0,3.0,0.0,0.0,0.0,,0,,0.0,,0.0,0.0,0.0,0.0,0 (0),152,0.0,0.0,0.0,0,6.0,113.0,32.0,1,detroit-lions
Quinton Bohanna,#90,DI,3.0,73,52.0,21.0,0.0,50.1,56.6,71.4,51.2,-,0.0,0.0,0.0,0.0,0.0,5.0,1.0,0.0,0.0,4.0,0.0,0.0,0.0,,0,,0.0,,0.0,0.0,0.0,0.0,1 (0),73,0.0,0.0,0.0,0,21.0,51.0,1.0,0,detroit-lions
Kindle Vildor,#29,CB,8.0,379,115.0,2.0,262.0,49.3,63.6,75.8,74.9,45.8,1.0,0.0,1.0,0.0,0.0,17.0,4.0,1.0,4.5,8.0,1.0,34.0,21.0,61.8,448,21.3,136.0,92.0,3.0,0.0,0.0,135.0,3 (0),2,27.0,1.0,12.0,337,0.0,0.0,0.0,2,detroit-lions
James Houston,#41,ED,3.0,42,9.0,24.0,9.0,45.2,45.9,73.0,57.8,44.1,2.0,0.0,1.0,1.0,0.0,1.0,0.0,0.0,0.0,0.0,0.0,1.0,1.0,100.0,31,31.0,9.0,31.0,0.0,0.0,0.0,118.8,1 (1),39,0.0,0.0,3.0,0,0.0,0.0,0.0,39,detroit-lions
Will Harris,#25,CB,14.0,195,61.0,8.0,126.0,43.0,57.1,58.6,46.4,41.4,3.0,0.0,1.0,2.0,0.0,14.0,4.0,3.0,14.3,5.0,0.0,18.0,14.0,77.8,165,11.8,44.0,44.0,0.0,1.0,1.0,81.7,2 (0),1,25.0,0.0,115.0,54,0.0,0.0,0.0,1,detroit-lions
Bruce Irvin,#51,ED,3.0,42,3.0,34.0,5.0,40.3,60.1,69.2,59.4,29.1,5.0,1.0,2.0,2.0,0.0,0.0,0.0,0.0,,1.0,0.0,2.0,1.0,50.0,19,19.0,9.0,19.0,0.0,0.0,0.0,83.3,1 (0),42,0.0,0.0,0.0,0,0.0,0.0,0.0,42,detroit-lions
Benito Jones,#94,DI,20.0,602,271.0,327.0,4.0,39.1,32.3,31.7,56.4,55.5,22.0,1.0,4.0,17.0,0.0,16.0,7.0,5.0,17.9,11.0,0.0,0.0,0.0,,0,,0.0,,0.0,0.0,0.0,0.0,1 (0),602,0.0,0.0,0.0,0,124.0,451.0,25.0,2,detroit-lions
Rashan Gary,#52,ED,19.0,667.0,223.0,440.0,4.0,79.0,75.4,52.8,74.2,90.1,66.0,10.0,13.0,43.0,1.0,22.0,18.0,8.0,16.7,27.0,2.0,0.0,0.0,,0.0,,0.0,,0.0,0.0,0.0,0.0,5 (0),663.0,2.0,0.0,1.0,1.0,0.0,2.0,1.0,660.0,green-bay-packers
Jaire Alexander,#23,CB,9.0,560.0,221.0,1.0,338.0,75.9,59.8,60.6,39.8,78.6,1.0,0.0,0.0,1.0,0.0,33.0,5.0,6.0,13.6,9.0,1.0,39.0,28.0,71.8,363.0,13.0,92.0,45.0,2.0,1.0,6.0,107.1,1 (0),3.0,38.0,1.0,18.0,500.0,0.0,0.0,0.0,3.0,green-bay-packers
Darnell Savage,#26,S,12.0,701.0,278.0,4.0,419.0,75.5,71.8,52.8,52.2,74.2,1.0,0.0,0.0,1.0,0.0,46.0,16.0,13.0,17.3,15.0,0.0,24.0,19.0,79.2,183.0,9.6,71.0,32.0,2.0,1.0,2.0,108.9,0 (0),9.0,147.0,429.0,109.0,7.0,0.0,0.0,0.0,9.0,green-bay-packers
Rasul Douglas,#29,CB,7.0,487.0,211.0,0.0,276.0,75.2,66.4,61.0,-,79.6,0.0,0.0,0.0,0.0,0.0,30.0,3.0,4.0,10.8,11.0,0.0,34.0,23.0,67.6,274.0,11.9,102.0,35.0,3.0,1.0,5.0,109.2,3 (0),1.0,39.0,1.0,15.0,431.0,0.0,0.0,0.0,1.0,green-bay-packers
Preston Smith,#91,ED,19.0,838.0,296.0,492.0,50.0,70.5,72.4,59.6,66.2,54.8,52.0,11.0,14.0,27.0,2.0,32.0,12.0,9.0,17.0,34.0,2.0,10.0,6.0,60.0,71.0,11.8,54.0,21.0,0.0,0.0,2.0,81.7,2 (1),822.0,8.0,0.0,8.0,0.0,0.0,3.0,3.0,816.0,green-bay-packers
Kenny Clark,#97,DI,19.0,913.0,348.0,556.0,9.0,70.4,61.4,42.0,76.0,61.4,66.0,10.0,8.0,48.0,1.0,27.0,11.0,6.0,13.6,25.0,2.0,0.0,0.0,,0.0,,0.0,,0.0,0.0,0.0,0.0,6 (0),909.0,4.0,0.0,0.0,0.0,49.0,475.0,283.0,102.0,green-bay-packers
Rudy Ford,#20,S,12.0,626.0,275.0,3.0,348.0,69.9,60.8,75.9,56.1,72.9,1.0,0.0,0.0,1.0,0.0,54.0,14.0,6.0,8.1,12.0,0.0,22.0,9.0,40.9,88.0,9.8,55.0,20.0,1.0,2.0,4.0,30.1,2 (0),15.0,190.0,323.0,92.0,6.0,0.0,0.0,0.0,15.0,green-bay-packers
Karl Brooks,#94,DI,19.0,440.0,130.0,309.0,1.0,69.8,46.8,52.7,70.0,68.3,30.0,4.0,5.0,21.0,4.0,12.0,7.0,2.0,9.5,13.0,1.0,0.0,0.0,,0.0,,0.0,,0.0,0.0,0.0,0.0,1 (0),439.0,0.0,0.0,0.0,0.0,5.0,204.0,207.0,23.0,green-bay-packers
Dallin Leavitt,#06,S,3.0,9.0,2.0,0.0,7.0,65.4,60.0,77.3,-,63.8,0.0,0.0,0.0,0.0,0.0,1.0,0.0,0.0,0.0,0.0,0.0,0.0,0.0,,0.0,,0.0,,0.0,0.0,0.0,0.0,0 (0),0.0,0.0,8.0,0.0,1.0,0.0,0.0,0.0,0.0,green-bay-packers
De'Vondre Campbell,#59,LB,13.0,690.0,277.0,26.0,387.0,65.1,68.7,65.5,73.0,59.9,7.0,1.0,3.0,3.0,0.0,68.0,23.0,10.0,9.9,25.0,0.0,44.0,35.0,79.5,423.0,12.1,239.0,52.0,3.0,0.0,2.0,129.5,1 (0),45.0,487.0,4.0,147.0,7.0,0.0,0.0,0.0,45.0,green-bay-packers
Robert Rochell,#22,CB,2.0,6.0,3.0,0.0,3.0,64.4,60.0,-,-,63.3,0.0,0.0,0.0,0.0,0.0,0.0,0.0,0.0,,0.0,0.0,0.0,0.0,,0.0,,0.0,,0.0,0.0,0.0,0.0,0 (0),0.0,0.0,0.0,0.0,5.0,0.0,0.0,0.0,0.0,green-bay-packers
Kingsley Enagbare,#55,ED,18.0,493.0,229.0,241.0,23.0,62.5,63.1,57.9,63.9,47.1,27.0,2.0,8.0,17.0,0.0,25.0,7.0,5.0,13.5,19.0,1.0,3.0,3.0,100.0,29.0,9.7,27.0,16.0,0.0,0.0,0.0,106.9,2 (0),492.0,0.0,0.0,0.0,0.0,0.0,2.0,2.0,488.0,green-bay-packers
Justin Hollins,#58,ED,4.0,84.0,39.0,42.0,3.0,62.5,72.7,77.1,49.5,64.3,2.0,0.0,0.0,2.0,0.0,5.0,2.0,0.0,0.0,2.0,0.0,0.0,0.0,,0.0,,0.0,,0.0,0.0,0.0,0.0,0 (0),83.0,0.0,0.0,1.0,0.0,0.0,0.0,0.0,83.0,green-bay-packers
Lukas Van Ness,#90,ED,19.0,444.0,200.0,238.0,6.0,62.3,60.7,69.3,58.5,71.7,22.0,6.0,5.0,11.0,1.0,25.0,6.0,2.0,6.1,21.0,0.0,1.0,1.0,100.0,5.0,5.0,0.0,5.0,0.0,0.0,0.0,87.5,1 (0),442.0,0.0,0.0,1.0,0.0,0.0,3.0,13.0,426.0,green-bay-packers
T.J. Slaton,#93,DI,19.0,679.0,376.0,303.0,0.0,62.3,59.5,50.5,61.5,60.0,16.0,0.0,1.0,15.0,1.0,42.0,13.0,7.0,11.3,35.0,0.0,0.0,0.0,,0.0,,0.0,,0.0,0.0,1.0,0.0,2 (1),679.0,0.0,0.0,0.0,0.0,191.0,466.0,19.0,3.0,green-bay-packers
Kyu Blu Kelly,#24,CB,1.0,2.0,1.0,0.0,1.0,61.8,60.0,-,-,60.0,0.0,0.0,0.0,0.0,0.0,0.0,0.0,0.0,,0.0,0.0,0.0,0.0,,0.0,,0.0,,0.0,0.0,0.0,0.0,0 (0),0.0,0.0,0.0,1.0,0.0,0.0,0.0,0.0,0.0,green-bay-packers
Corey Ballentine,#35,CB,12.0,534.0,209.0,0.0,325.0,60.8,50.0,56.6,-,62.3,0.0,0.0,0.0,0.0,0.0,35.0,9.0,7.0,13.7,5.0,0.0,54.0,32.0,59.3,392.0,12.3,172.0,38.0,1.0,1.0,4.0,80.2,2 (0),1.0,31.0,0.0,19.0,483.0,0.0,0.0,0.0,1.0,green-bay-packers
Benny Sapp III,#48,S,2.0,3.0,0.0,0.0,3.0,60.4,-,-,-,60.3,0.0,0.0,0.0,0.0,0.0,0.0,0.0,0.0,,0.0,0.0,0.0,0.0,,0.0,,0.0,,0.0,0.0,0.0,0.0,0 (0),0.0,0.0,3.0,0.0,0.0,0.0,0.0,0.0,0.0,green-bay-packers
Henry Pearson,#44,FB,1.0,1.0,1.0,0.0,0.0,60.0,60.0,-,-,-,0.0,0.0,0.0,0.0,0.0,0.0,0.0,0.0,,0.0,0.0,0.0,0.0,,0.0,,0.0,,0.0,0.0,0.0,0.0,0 (0),0.0,0.0,0.0,0.0,0.0,0.0,0.0,0.0,0.0,green-bay-packers
Keisean Nixon,#25,CB,19.0,937.0,296.0,8.0,633.0,60.0,55.2,49.1,74.0,60.4,2.0,2.0,0.0,0.0,0.0,70.0,18.0,15.0,14.6,35.0,0.0,95.0,74.0,77.9,717.0,9.7,333.0,32.0,2.0,1.0,5.0,100.7,5 (1),2.0,120.0,2.0,752.0,60.0,0.0,0.0,0.0,2.0,green-bay-packers
Kristian Welch,#54,LB,1.0,1.0,1.0,0.0,0.0,60.0,60.0,-,-,-,0.0,0.0,0.0,0.0,0.0,0.0,0.0,0.0,,0.0,0.0,0.0,0.0,,0.0,,0.0,,0.0,0.0,0.0,0.0,0 (0),0.0,0.0,0.0,0.0,0.0,0.0,0.0,0.0,0.0,green-bay-packers
Keshawn Banks,#51,ED,1.0,2.0,2.0,0.0,0.0,59.8,60.0,-,-,-,0.0,0.0,0.0,0.0,0.0,0.0,0.0,0.0,,0.0,0.0,0.0,0.0,,0.0,,0.0,,0.0,0.0,0.0,0.0,0 (0),2.0,0.0,0.0,0.0,0.0,0.0,0.0,0.0,2.0,green-bay-packers
Devonte Wyatt,#95,DI,19.0,644.0,272.0,370.0,2.0,59.6,44.7,26.7,76.7,59.5,48.0,7.0,4.0,37.0,0.0,25.0,10.0,15.0,30.0,26.0,1.0,1.0,0.0,0.0,0.0,,0.0,,0.0,0.0,0.0,39.6,4 (1),642.0,2.0,0.0,0.0,0.0,9.0,373.0,211.0,49.0,green-bay-packers
Jonathan Owens,#34,S,17.0,927.0,342.0,5.0,580.0,59.6,58.6,68.0,66.2,59.6,2.0,1.0,0.0,1.0,0.0,59.0,17.0,11.0,12.6,17.0,1.0,38.0,26.0,68.4,269.0,10.3,125.0,32.0,4.0,0.0,3.0,123.7,4 (0),18.0,322.0,434.0,137.0,16.0,0.0,0.0,0.0,18.0,green-bay-packers
Quay Walker,#07,LB,16.0,973.0,377.0,76.0,520.0,58.5,63.5,81.8,58.2,54.7,16.0,3.0,2.0,11.0,0.0,90.0,43.0,11.0,7.6,43.0,0.0,68.0,55.0,80.9,571.0,10.4,393.0,51.0,2.0,1.0,3.0,105.3,2 (0),48.0,866.0,10.0,41.0,8.0,0.0,0.0,0.0,48.0,green-bay-packers
Brenton Cox Jr.,#57,ED,3.0,5.0,4.0,1.0,0.0,58.2,52.1,-,60.0,-,0.0,0.0,0.0,0.0,0.0,0.0,0.0,0.0,,0.0,0.0,0.0,0.0,,0.0,,0.0,,0.0,0.0,0.0,0.0,0 (0),4.0,0.0,0.0,0.0,0.0,0.0,0.0,0.0,4.0,green-bay-packers
Colby Wooden,#96,DI,19.0,298.0,151.0,147.0,0.0,57.6,51.0,42.6,61.5,62.9,12.0,1.0,2.0,9.0,0.0,14.0,7.0,3.0,12.5,9.0,0.0,0.0,0.0,,0.0,,0.0,,0.0,0.0,0.0,0.0,0 (0),298.0,0.0,0.0,0.0,0.0,4.0,116.0,114.0,64.0,green-bay-packers
Carrington Valentine,#37,CB,17.0,846.0,308.0,1.0,537.0,57.5,45.1,59.5,58.6,59.1,0.0,0.0,0.0,0.0,0.0,46.0,6.0,7.0,11.9,9.0,0.0,72.0,40.0,55.6,470.0,11.8,112.0,33.0,1.0,0.0,5.0,80.2,3 (1),0.0,69.0,1.0,24.0,752.0,0.0,0.0,0.0,0.0,green-bay-packers
Isaiah McDuffie,#58,LB,15.0,551.0,224.0,29.0,298.0,57.1,59.6,77.1,64.4,55.5,4.0,1.0,1.0,2.0,0.0,63.0,23.0,6.0,6.5,20.0,0.0,33.0,26.0,78.8,238.0,9.2,142.0,30.0,0.0,0.0,1.0,96.7,2 (0),13.0,463.0,1.0,71.0,3.0,0.0,0.0,0.0,13.0,green-bay-packers
Eric Wilson,#45,LB,11.0,144.0,39.0,11.0,94.0,56.5,76.8,60.8,56.0,47.5,3.0,0.0,1.0,2.0,0.0,17.0,7.0,3.0,11.1,7.0,0.0,15.0,15.0,100.0,146.0,9.7,75.0,21.0,1.0,0.0,0.0,129.4,0 (0),3.0,113.0,1.0,26.0,0.0,0.0,0.0,0.0,3.0,green-bay-packers
Innis Gaines,#38,CB,2.0,6.0,0.0,0.0,6.0,53.6,-,71.6,-,53.5,0.0,0.0,0.0,0.0,0.0,1.0,0.0,0.0,0.0,1.0,0.0,2.0,0.0,0.0,0.0,,0.0,,0.0,0.0,0.0,39.6,1 (1),0.0,0.0,0.0,6.0,0.0,0.0,0.0,0.0,0.0,green-bay-packers
Eric Stokes,#21,CB,2.0,110.0,41.0,0.0,69.0,51.5,76.1,79.6,-,45.9,0.0,0.0,0.0,0.0,0.0,6.0,0.0,0.0,0.0,1.0,0.0,10.0,8.0,80.0,112.0,14.0,32.0,25.0,3.0,0.0,0.0,152.9,0 (0),0.0,3.0,0.0,8.0,99.0,0.0,0.0,0.0,0.0,green-bay-packers
Anthony Johnson Jr.,#36,S,13.0,334.0,98.0,0.0,236.0,47.9,37.7,29.7,-,53.9,0.0,0.0,0.0,0.0,0.0,20.0,4.0,9.0,27.3,3.0,0.0,7.0,5.0,71.4,60.0,12.0,31.0,27.0,0.0,1.0,1.0,57.7,1 (0),0.0,54.0,237.0,40.0,3.0,0.0,0.0,0.0,0.0,green-bay-packers
Zayne Anderson,#39,S,2.0,14.0,3.0,0.0,11.0,29.8,60.0,77.2,-,31.8,0.0,0.0,0.0,0.0,0.0,1.0,0.0,0.0,0.0,0.0,0.0,1.0,1.0,100.0,47.0,47.0,8.0,47.0,0.0,0.0,0.0,118.8,0 (0),0.0,0.0,12.0,1.0,0.0,0.0,0.0,0.0,0.0,green-bay-packers
Derek Barnett,#95,ED,8.0,316,158.0,158.0,0.0,87.7,75.9,50.1,79.9,60.0,22.0,4.0,10.0,8.0,0.0,13.0,7.0,3.0,13.0,15.0,0.0,0.0,0.0,,0.0,,0.0,,0.0,0.0,0.0,0.0,0 (0),316.0,0.0,0.0,0.0,0,0.0,0.0,5.0,311.0,houston-texans
Derek Stingley Jr.,#24,CB,13.0,812,324.0,0.0,488.0,82.1,59.5,55.9,-,85.3,0.0,0.0,0.0,0.0,0.0,38.0,6.0,7.0,13.7,12.0,0.0,48.0,26.0,54.2,395.0,15.2,61.0,48.0,5.0,5.0,6.0,76.6,1 (0),1.0,73.0,1.0,2.0,735,0.0,0.0,0.0,1.0,houston-texans
Blake Cashman,#53,LB,15.0,746,286.0,47.0,413.0,82.1,82.3,74.5,71.5,75.3,9.0,3.0,3.0,3.0,0.0,78.0,37.0,12.0,9.4,48.0,0.0,60.0,44.0,73.3,347.0,7.9,252.0,25.0,2.0,1.0,3.0,91.5,0 (0),28.0,630.0,3.0,81.0,4,0.0,0.0,0.0,28.0,houston-texans
Will Anderson Jr.,#51,ED,17.0,695,238.0,454.0,3.0,81.6,77.4,66.8,76.6,70.0,68.0,8.0,15.0,45.0,1.0,36.0,7.0,6.0,12.2,33.0,0.0,2.0,2.0,100.0,13.0,6.5,9.0,8.0,0.0,0.0,0.0,93.8,5 (0),694.0,1.0,0.0,0.0,0,0.0,6.0,28.0,660.0,houston-texans
Jonathan Greenard,#52,ED,17.0,697,247.0,440.0,10.0,76.7,69.7,31.6,72.9,69.1,53.0,14.0,11.0,28.0,2.0,29.0,9.0,13.0,25.5,37.0,1.0,0.0,0.0,,0.0,,0.0,,0.0,0.0,0.0,0.0,4 (1),694.0,3.0,0.0,0.0,0,0.0,8.0,9.0,677.0,houston-texans
Desmond King II,#25,CB,9.0,399,151.0,18.0,230.0,74.9,83.1,79.6,57.4,80.7,5.0,2.0,1.0,2.0,0.0,42.0,20.0,4.0,6.1,24.0,0.0,39.0,34.0,87.2,232.0,6.8,147.0,28.0,0.0,0.0,2.0,91.5,6 (1),12.0,51.0,1.0,332.0,3,0.0,0.0,0.0,12.0,houston-texans
Steven Nelson,#21,CB,19.0,"1,192",454.0,1.0,737.0,73.1,61.6,70.4,60.0,74.0,0.0,0.0,0.0,0.0,0.0,62.0,11.0,7.0,8.8,14.0,0.0,74.0,45.0,60.8,711.0,15.8,152.0,51.0,1.0,5.0,8.0,69.1,3 (0),7.0,87.0,0.0,6.0,"1,092",0.0,0.0,0.0,7.0,houston-texans
Tavierre Thomas,#04,CB,7.0,352,113.0,13.0,226.0,72.2,83.2,60.8,44.3,69.5,0.0,0.0,0.0,0.0,0.0,38.0,9.0,7.0,13.0,20.0,2.0,39.0,32.0,82.1,331.0,10.3,167.0,57.0,1.0,0.0,2.0,110.6,3 (0),3.0,44.0,1.0,303.0,1,0.0,0.0,0.0,3.0,houston-texans
Grayland Arnold,#25,CB,5.0,143,51.0,3.0,89.0,71.4,40.0,60.1,73.8,77.0,1.0,0.0,0.0,1.0,0.0,11.0,4.0,2.0,11.8,4.0,1.0,12.0,10.0,83.3,89.0,8.9,41.0,23.0,0.0,0.0,0.0,97.6,0 (0),2.0,13.0,14.0,113.0,1,0.0,0.0,0.0,2.0,houston-texans
Jake Hansen,#35,LB,8.0,54,25.0,3.0,26.0,70.1,64.3,38.4,54.6,71.4,1.0,0.0,0.0,1.0,0.0,7.0,1.0,2.0,20.0,4.0,0.0,4.0,4.0,100.0,22.0,5.5,10.0,11.0,0.0,0.0,0.0,89.6,0 (0),7.0,39.0,0.0,8.0,0,0.0,0.0,0.0,7.0,houston-texans
Jimmie Ward,#01,S,10.0,506,187.0,5.0,314.0,68.4,73.9,83.9,50.7,67.8,0.0,0.0,0.0,0.0,0.0,38.0,14.0,3.0,5.5,11.0,1.0,31.0,24.0,77.4,297.0,12.4,127.0,53.0,0.0,1.0,2.0,93.1,3 (0),9.0,124.0,199.0,171.0,3,0.0,0.0,0.0,9.0,houston-texans
Kerry Hyder Jr.,#56,ED,2.0,40,19.0,21.0,0.0,67.8,69.3,73.6,58.0,60.0,0.0,0.0,0.0,0.0,0.0,2.0,1.0,0.0,0.0,1.0,0.0,0.0,0.0,,0.0,,0.0,,0.0,0.0,0.0,0.0,0 (0),40.0,0.0,0.0,0.0,0,0.0,2.0,0.0,38.0,houston-texans
Jerry Hughes,#55,ED,17.0,474,189.0,276.0,9.0,67.7,58.5,36.5,67.2,64.8,30.0,3.0,1.0,26.0,0.0,23.0,3.0,6.0,18.8,22.0,1.0,0.0,0.0,,0.0,,0.0,,0.0,0.0,0.0,0.0,1 (0),472.0,2.0,0.0,0.0,0,0.0,5.0,3.0,464.0,houston-texans
Shaquill Griffin,#00,CB,8.0,382,126.0,0.0,256.0,66.3,57.7,65.9,-,66.7,0.0,0.0,0.0,0.0,0.0,29.0,2.0,3.0,8.8,7.0,0.0,41.0,27.0,65.9,260.0,9.6,60.0,29.0,1.0,1.0,3.0,81.4,5 (0),0.0,25.0,0.0,3.0,354,0.0,0.0,0.0,0.0,houston-texans
Neville Hewitt,#43,LB,1.0,3,3.0,0.0,0.0,65.7,62.7,71.7,-,-,0.0,0.0,0.0,0.0,0.0,0.0,1.0,0.0,0.0,0.0,0.0,0.0,0.0,,0.0,,0.0,,0.0,0.0,0.0,0.0,0 (0),0.0,3.0,0.0,0.0,0,0.0,0.0,0.0,0.0,houston-texans
Adrian Amos,#00,S,6.0,131,48.0,1.0,82.0,65.4,75.8,86.5,60.0,59.9,0.0,0.0,0.0,0.0,0.0,6.0,2.0,0.0,0.0,3.0,0.0,2.0,0.0,0.0,0.0,,0.0,,0.0,0.0,0.0,39.6,0 (0),2.0,23.0,92.0,14.0,0,0.0,0.0,0.0,2.0,houston-texans
Christian Harris,#48,LB,18.0,869,342.0,44.0,483.0,65.0,49.0,47.1,78.2,72.2,13.0,3.0,2.0,8.0,2.0,84.0,25.0,19.0,14.8,48.0,1.0,70.0,54.0,77.1,456.0,8.4,382.0,42.0,1.0,1.0,4.0,92.3,2 (0),42.0,735.0,2.0,88.0,2,0.0,0.0,0.0,42.0,houston-texans
Khalil Davis,#94,DI,17.0,481,212.0,269.0,0.0,64.4,60.7,53.5,63.7,67.0,23.0,2.0,4.0,17.0,0.0,24.0,15.0,4.0,9.3,19.0,1.0,0.0,0.0,,0.0,,0.0,,0.0,0.0,0.0,0.0,2 (0),481.0,0.0,0.0,0.0,0,5.0,342.0,133.0,1.0,houston-texans
Sheldon Rankins,#98,DI,17.0,673,241.0,431.0,1.0,62.7,39.1,26.8,74.7,69.1,42.0,6.0,4.0,32.0,0.0,29.0,6.0,11.0,23.9,28.0,1.0,0.0,0.0,,0.0,,0.0,,0.0,0.0,0.0,0.0,1 (1),672.0,1.0,0.0,0.0,0,31.0,242.0,396.0,3.0,houston-texans
Alex Austin,#27,CB,2.0,5,4.0,0.0,1.0,62.3,60.0,-,-,60.0,0.0,0.0,0.0,0.0,0.0,0.0,0.0,0.0,,0.0,0.0,0.0,0.0,,0.0,,0.0,,0.0,0.0,0.0,0.0,0 (0),0.0,0.0,0.0,0.0,5,0.0,0.0,0.0,0.0,houston-texans
Ka'dar Hollman,#20,CB,10.0,131,69.0,0.0,62.0,62.1,70.5,78.8,-,58.5,0.0,0.0,0.0,0.0,0.0,3.0,2.0,0.0,0.0,0.0,0.0,5.0,2.0,40.0,33.0,16.5,1.0,22.0,0.0,0.0,0.0,62.9,1 (0),1.0,16.0,0.0,3.0,111,0.0,0.0,0.0,1.0,houston-texans
Myjai Sanders,#41,ED,9.0,189,72.0,117.0,0.0,61.8,64.3,76.0,56.4,-,12.0,0.0,2.0,10.0,0.0,5.0,4.0,0.0,0.0,5.0,0.0,0.0,0.0,,0.0,,0.0,,0.0,0.0,0.0,0.0,0 (0),189.0,0.0,0.0,0.0,0,0.0,2.0,4.0,183.0,houston-texans
Jalen Pitre,#05,S,17.0,"1,032",402.0,38.0,592.0,61.8,62.4,54.0,64.5,61.6,7.0,0.0,3.0,4.0,1.0,67.0,27.0,17.0,15.3,27.0,2.0,33.0,20.0,60.6,242.0,12.1,76.0,45.0,1.0,0.0,5.0,93.2,4 (2),41.0,245.0,620.0,118.0,8,0.0,0.0,0.0,41.0,houston-texans
Eric Murray,#23,S,6.0,176,64.0,2.0,110.0,60.9,50.2,29.2,56.2,63.6,0.0,0.0,0.0,0.0,0.0,11.0,0.0,4.0,26.7,2.0,1.0,3.0,1.0,33.3,22.0,22.0,10.0,22.0,0.0,0.0,0.0,60.4,0 (0),2.0,37.0,117.0,19.0,1,0.0,0.0,0.0,2.0,houston-texans
Maliek Collins,#96,DI,18.0,780,270.0,507.0,3.0,60.9,44.5,44.0,68.4,67.5,48.0,7.0,13.0,28.0,1.0,25.0,11.0,6.0,14.3,24.0,0.0,0.0,0.0,,0.0,,0.0,,0.0,0.0,0.0,0.0,3 (0),780.0,0.0,0.0,0.0,0,5.0,414.0,356.0,5.0,houston-texans
M.J. Stewart,#29,S,6.0,166,59.0,4.0,103.0,60.4,74.1,58.4,63.5,54.9,1.0,0.0,0.0,1.0,0.0,15.0,3.0,3.0,14.3,6.0,1.0,14.0,10.0,71.4,92.0,9.2,34.0,20.0,0.0,0.0,0.0,89.0,1 (1),4.0,35.0,101.0,26.0,0,0.0,0.0,0.0,4.0,houston-texans
Brandon Hill,#36,S,1.0,1,0.0,0.0,1.0,60.0,-,-,-,60.0,0.0,0.0,0.0,0.0,0.0,0.0,0.0,0.0,,0.0,0.0,0.0,0.0,,0.0,,0.0,,0.0,0.0,0.0,0.0,0 (0),0.0,0.0,1.0,0.0,0,0.0,0.0,0.0,0.0,houston-texans
Denzel Perryman,#06,LB,14.0,633,280.0,25.0,328.0,56.4,77.9,49.9,68.6,38.4,8.0,1.0,1.0,6.0,0.0,55.0,32.0,15.0,14.7,34.0,0.0,43.0,33.0,76.7,439.0,13.3,218.0,64.0,2.0,0.0,3.0,124.1,4 (1),5.0,602.0,1.0,24.0,1,0.0,0.0,0.0,5.0,houston-texans
DeAndre Houston-Carson,#30,S,13.0,581,224.0,1.0,356.0,56.3,54.5,67.2,57.9,56.3,0.0,0.0,0.0,0.0,0.0,40.0,10.0,7.0,12.3,13.0,0.0,26.0,18.0,69.2,257.0,14.3,68.0,64.0,2.0,2.0,3.0,94.6,1 (0),12.0,94.0,394.0,81.0,0,0.0,0.0,0.0,12.0,houston-texans
Kareem Jackson,#22,S,3.0,50,27.0,0.0,23.0,56.1,51.7,28.2,-,59.6,0.0,0.0,0.0,0.0,0.0,2.0,1.0,2.0,40.0,0.0,0.0,1.0,1.0,100.0,5.0,5.0,6.0,5.0,0.0,0.0,0.0,87.5,0 (0),0.0,6.0,41.0,3.0,0,0.0,0.0,0.0,0.0,houston-texans
Dylan Horton,#92,ED,10.0,175,76.0,96.0,3.0,55.9,51.8,30.3,50.7,69.4,5.0,0.0,1.0,4.0,0.0,9.0,3.0,3.0,20.0,7.0,0.0,0.0,0.0,,0.0,,0.0,,0.0,0.0,0.0,0.0,0 (0),175.0,0.0,0.0,0.0,0,0.0,0.0,2.0,173.0,houston-texans
Kris Boyd,#17,CB,2.0,14,7.0,0.0,7.0,53.9,60.3,72.5,-,52.1,0.0,0.0,0.0,0.0,0.0,0.0,1.0,0.0,0.0,0.0,0.0,1.0,1.0,100.0,10.0,10.0,0.0,10.0,0.0,0.0,0.0,108.3,0 (0),0.0,0.0,0.0,0.0,14,0.0,0.0,0.0,0.0,houston-texans
Hassan Ridgeway,#91,DI,3.0,62,30.0,32.0,0.0,47.4,48.8,70.8,52.8,-,1.0,0.0,1.0,0.0,0.0,3.0,1.0,0.0,0.0,3.0,0.0,0.0,0.0,,0.0,,0.0,,0.0,0.0,0.0,0.0,0 (0),62.0,0.0,0.0,0.0,0,3.0,50.0,9.0,0.0,houston-texans
Henry To'oTo'o,#39,LB,14.0,459,180.0,29.0,250.0,45.0,56.5,29.7,45.0,41.8,8.0,0.0,1.0,7.0,0.0,42.0,16.0,16.0,21.6,23.0,1.0,44.0,37.0,84.1,419.0,11.3,237.0,42.0,3.0,0.0,2.0,129.1,0 (0),8.0,421.0,1.0,28.0,1,0.0,0.0,0.0,8.0,houston-texans
Kurt Hinish,#93,DI,19.0,542,264.0,276.0,2.0,43.6,47.5,30.1,55.5,52.7,16.0,3.0,1.0,12.0,0.0,18.0,8.0,5.0,16.1,14.0,0.0,0.0,0.0,,0.0,,0.0,,0.0,0.0,0.0,0.0,4 (0),541.0,1.0,0.0,0.0,0,48.0,422.0,71.0,0.0,houston-texans
D'Angelo Ross,#37,CB,3.0,19,6.0,0.0,13.0,41.1,60.0,79.4,-,39.5,0.0,0.0,0.0,0.0,0.0,5.0,0.0,0.0,0.0,2.0,0.0,5.0,5.0,100.0,94.0,18.8,43.0,75.0,1.0,0.0,0.0,158.3,1 (1),0.0,0.0,1.0,11.0,7,0.0,0.0,0.0,0.0,houston-texans
Cory Littleton,#42,LB,3.0,24,14.0,0.0,10.0,38.8,47.1,41.0,-,46.6,0.0,0.0,0.0,0.0,0.0,0.0,2.0,1.0,33.3,0.0,0.0,2.0,2.0,100.0,27.0,13.5,33.0,17.0,0.0,0.0,0.0,118.8,0 (0),1.0,20.0,0.0,3.0,0,0.0,0.0,0.0,1.0,houston-texans
Teair Tart,#97,DI,2.0,28,20.0,8.0,0.0,38.0,45.9,70.6,63.7,-,0.0,0.0,0.0,0.0,0.0,3.0,1.0,0.0,0.0,2.0,0.0,0.0,0.0,,0.0,,0.0,,0.0,0.0,0.0,0.0,1 (0),28.0,0.0,0.0,0.0,0,4.0,22.0,2.0,0.0,houston-texans
Michael Dogbe,#97,DI,1.0,15,7.0,8.0,0.0,31.8,36.2,67.3,54.5,-,0.0,0.0,0.0,0.0,0.0,0.0,1.0,0.0,0.0,0.0,0.0,0.0,0.0,,0.0,,0.0,,0.0,0.0,0.0,0.0,0 (0),15.0,0.0,0.0,0.0,0,0.0,15.0,0.0,0.0,houston-texans
Samson Ebukam,#52,ED,17.0,703,247.0,450.0,6.0,84.4,80.0,51.5,72.6,75.8,48.0,10.0,8.0,30.0,0.0,34.0,10.0,9.0,17.0,38.0,3.0,0.0,0.0,,0.0,,0.0,,0.0,0.0,0.0,0.0,1 (0),693.0,7.0,0.0,0.0,3.0,0.0,0.0,3.0,690.0,indianapolis-colts
Cameron McGrone,#59,LB,3.0,8,8.0,0.0,0.0,82.7,77.3,80.8,-,-,0.0,0.0,0.0,0.0,0.0,3.0,0.0,0.0,0.0,1.0,0.0,0.0,0.0,,0.0,,0.0,,0.0,0.0,0.0,0.0,0 (0),0.0,7.0,0.0,0.0,0.0,0.0,0.0,0.0,0.0,indianapolis-colts
DeForest Buckner,#99,DI,17.0,841,336.0,495.0,10.0,81.8,63.8,54.5,87.1,69.3,52.0,9.0,13.0,30.0,7.0,50.0,21.0,6.0,7.8,43.0,2.0,0.0,0.0,,0.0,,0.0,,0.0,0.0,0.0,0.0,5 (0),837.0,4.0,0.0,0.0,0.0,14.0,443.0,347.0,33.0,indianapolis-colts
Kenny Moore II,#23,CB,16.0,"1,089",467.0,28.0,594.0,76.8,71.5,59.7,68.1,78.4,4.0,2.0,0.0,2.0,0.0,72.0,16.0,12.0,12.0,34.0,0.0,82.0,65.0,79.3,603.0,9.3,418.0,54.0,4.0,3.0,2.0,98.3,5 (0),37.0,175.0,13.0,685.0,179.0,0.0,0.0,0.0,37.0,indianapolis-colts
Grover Stewart,#90,DI,11.0,445,224.0,218.0,3.0,76.2,77.3,71.1,64.7,58.5,15.0,1.0,6.0,8.0,0.0,28.0,10.0,3.0,7.3,24.0,0.0,0.0,0.0,,0.0,,0.0,,0.0,0.0,0.0,0.0,1 (0),445.0,0.0,0.0,0.0,0.0,25.0,406.0,14.0,0.0,indianapolis-colts
Kwity Paye,#51,ED,16.0,700,287.0,410.0,3.0,74.3,78.1,67.9,62.2,57.6,28.0,8.0,2.0,18.0,0.0,30.0,12.0,3.0,6.7,28.0,2.0,1.0,1.0,100.0,10.0,10.0,5.0,10.0,0.0,0.0,0.0,108.3,0 (0),697.0,1.0,0.0,0.0,2.0,0.0,7.0,8.0,682.0,indianapolis-colts
Tyquan Lewis,#94,ED,17.0,437,178.0,259.0,0.0,73.7,61.9,53.7,76.6,60.0,44.0,5.0,8.0,31.0,3.0,18.0,4.0,3.0,12.0,17.0,0.0,0.0,0.0,,0.0,,0.0,,0.0,0.0,0.0,0.0,2 (1),437.0,0.0,0.0,0.0,0.0,2.0,41.0,102.0,292.0,indianapolis-colts
Nick Cross,#20,S,14.0,292,119.0,7.0,166.0,71.8,81.2,66.7,70.4,63.2,0.0,0.0,0.0,0.0,0.0,19.0,12.0,4.0,11.4,5.0,0.0,7.0,3.0,42.9,27.0,9.0,0.0,24.0,1.0,1.0,0.0,53.9,0 (0),4.0,39.0,210.0,37.0,2.0,0.0,0.0,0.0,4.0,indianapolis-colts
Isaiah Land,#55,ED,6.0,31,12.0,19.0,0.0,70.6,75.4,74.2,57.8,-,2.0,1.0,0.0,1.0,0.0,2.0,2.0,0.0,0.0,2.0,0.0,0.0,0.0,,0.0,,0.0,,0.0,0.0,0.0,0.0,0 (0),31.0,0.0,0.0,0.0,0.0,0.0,0.0,0.0,31.0,indianapolis-colts
Julian Blackmon,#32,S,15.0,987,423.0,19.0,545.0,68.3,59.2,81.1,50.2,72.6,4.0,0.0,1.0,3.0,1.0,72.0,16.0,7.0,7.4,30.0,0.0,44.0,31.0,70.5,365.0,11.8,207.0,45.0,0.0,4.0,2.0,57.5,0 (0),30.0,468.0,308.0,175.0,6.0,0.0,0.0,0.0,30.0,indianapolis-colts
Dallis Flowers,#33,CB,4.0,304,128.0,0.0,176.0,66.4,45.0,34.6,-,70.6,0.0,0.0,0.0,0.0,0.0,13.0,2.0,4.0,21.1,3.0,0.0,18.0,11.0,61.1,115.0,10.5,29.0,24.0,1.0,0.0,3.0,98.1,0 (0),6.0,22.0,0.0,1.0,275.0,0.0,0.0,0.0,6.0,indianapolis-colts
E.J. Speed,#45,LB,16.0,730,294.0,42.0,394.0,65.0,78.8,35.4,69.1,56.1,7.0,1.0,1.0,5.0,0.0,87.0,15.0,19.0,15.7,50.0,3.0,60.0,44.0,73.3,324.0,7.4,258.0,28.0,0.0,0.0,4.0,85.7,4 (0),37.0,566.0,11.0,114.0,1.0,0.0,0.0,1.0,36.0,indianapolis-colts
Ronnie Harrison,#48,LB,7.0,234,111.0,3.0,120.0,64.9,64.1,55.2,67.8,61.9,1.0,1.0,0.0,0.0,0.0,12.0,6.0,4.0,18.2,6.0,0.0,11.0,6.0,54.5,40.0,6.7,22.0,14.0,0.0,2.0,0.0,23.1,1 (0),5.0,135.0,82.0,12.0,0.0,0.0,0.0,0.0,5.0,indianapolis-colts
JuJu Brents,#29,CB,9.0,497,202.0,0.0,295.0,63.2,58.8,61.7,-,64.5,0.0,0.0,0.0,0.0,0.0,33.0,7.0,5.0,11.1,6.0,1.0,48.0,32.0,66.7,453.0,14.2,89.0,75.0,3.0,1.0,5.0,109.1,3 (1),2.0,51.0,1.0,3.0,440.0,0.0,0.0,0.0,2.0,indianapolis-colts
Ameer Speed,#37,CB,2.0,3,3.0,0.0,0.0,62.4,62.2,68.4,-,-,0.0,0.0,0.0,0.0,0.0,1.0,0.0,0.0,0.0,1.0,0.0,0.0,0.0,,0.0,,0.0,,0.0,0.0,0.0,0.0,0 (0),0.0,0.0,0.0,0.0,2.0,0.0,0.0,0.0,0.0,indianapolis-colts
Jacob Martin,#92,ED,17.0,192,85.0,107.0,0.0,62.1,49.7,37.1,71.5,-,14.0,2.0,1.0,11.0,0.0,4.0,3.0,2.0,22.2,5.0,0.0,0.0,0.0,,0.0,,0.0,,0.0,0.0,0.0,0.0,1 (1),190.0,1.0,0.0,0.0,0.0,0.0,0.0,1.0,189.0,indianapolis-colts
Zaire Franklin,#44,LB,16.0,"1,090",471.0,43.0,576.0,60.9,66.1,51.9,56.8,56.4,7.0,2.0,1.0,4.0,0.0,132.0,46.0,25.0,12.3,54.0,2.0,91.0,72.0,79.1,745.0,10.3,439.0,29.0,1.0,0.0,5.0,104.4,2 (0),10.0,993.0,22.0,65.0,0.0,0.0,0.0,0.0,10.0,indianapolis-colts
Shaquille Leonard,#53,LB,9.0,454,237.0,9.0,208.0,60.3,64.3,69.4,49.2,56.4,2.0,0.0,0.0,2.0,0.0,43.0,20.0,6.0,8.7,12.0,0.0,22.0,17.0,77.3,158.0,9.3,118.0,24.0,0.0,0.0,0.0,96.4,0 (0),10.0,406.0,7.0,31.0,0.0,0.0,0.0,0.0,10.0,indianapolis-colts
D.J. Montgomery,#02,WR,1.0,1,1.0,0.0,0.0,59.9,60.0,-,-,-,0.0,0.0,0.0,0.0,0.0,0.0,0.0,0.0,,0.0,0.0,0.0,0.0,,0.0,,0.0,,0.0,0.0,0.0,0.0,0 (0),0.0,0.0,0.0,0.0,0.0,0.0,0.0,0.0,0.0,indianapolis-colts
Kylen Granson,#83,TE,1.0,1,1.0,0.0,0.0,59.9,60.0,-,-,-,0.0,0.0,0.0,0.0,0.0,0.0,0.0,0.0,,0.0,0.0,0.0,0.0,,0.0,,0.0,,0.0,0.0,0.0,0.0,0 (0),0.0,0.0,0.0,0.0,0.0,0.0,0.0,0.0,0.0,indianapolis-colts
Rodney Thomas II,#25,S,17.0,962,411.0,2.0,549.0,58.2,48.1,40.1,60.5,60.1,0.0,0.0,0.0,0.0,0.0,29.0,4.0,10.0,23.3,0.0,0.0,20.0,12.0,60.0,254.0,21.2,59.0,48.0,2.0,2.0,2.0,97.9,0 (0),0.0,80.0,799.0,80.0,2.0,0.0,0.0,0.0,0.0,indianapolis-colts
Dayo Odeyingbo,#54,ED,17.0,623,257.0,365.0,1.0,56.9,49.1,60.4,68.2,60.0,29.0,12.0,7.0,10.0,2.0,19.0,6.0,4.0,13.8,25.0,2.0,0.0,0.0,,0.0,,0.0,,0.0,0.0,0.0,0.0,6 (0),620.0,2.0,0.0,0.0,1.0,12.0,89.0,109.0,410.0,indianapolis-colts
Jaylon Jones,#40,CB,15.0,788,313.0,0.0,475.0,56.8,57.1,72.1,-,55.8,0.0,0.0,0.0,0.0,0.0,35.0,7.0,3.0,6.7,6.0,0.0,57.0,31.0,54.4,330.0,10.6,57.0,27.0,6.0,0.0,5.0,106.6,6 (0),14.0,48.0,0.0,6.0,720.0,0.0,0.0,0.0,14.0,indianapolis-colts
Segun Olubi,#50,LB,5.0,115,49.0,4.0,62.0,56.2,44.1,29.5,64.9,66.9,0.0,0.0,0.0,0.0,0.0,14.0,4.0,6.0,25.0,8.0,0.0,7.0,4.0,57.1,25.0,6.3,7.0,8.0,0.0,1.0,0.0,25.0,0 (0),4.0,100.0,1.0,9.0,0.0,0.0,0.0,0.0,4.0,indianapolis-colts
Chris Lammons,#35,CB,1.0,60,14.0,2.0,44.0,53.6,56.6,42.8,56.5,59.0,0.0,0.0,0.0,0.0,0.0,2.0,2.0,1.0,20.0,1.0,0.0,6.0,4.0,66.7,41.0,10.3,15.0,15.0,0.0,0.0,1.0,86.1,1 (0),1.0,10.0,0.0,46.0,3.0,0.0,0.0,0.0,1.0,indianapolis-colts
Darrell Baker Jr.,#39,CB,11.0,469,163.0,0.0,306.0,52.9,43.6,27.6,-,54.4,0.0,0.0,0.0,0.0,0.0,28.0,5.0,13.0,28.3,5.0,0.0,49.0,28.0,57.1,451.0,16.1,138.0,46.0,2.0,0.0,7.0,101.7,2 (0),2.0,26.0,0.0,0.0,440.0,0.0,0.0,0.0,2.0,indianapolis-colts
Taven Bryan,#96,DI,17.0,343,190.0,149.0,4.0,51.3,43.7,49.0,68.7,58.8,11.0,2.0,0.0,9.0,0.0,13.0,7.0,2.0,9.1,10.0,1.0,0.0,0.0,,0.0,,0.0,,0.0,0.0,0.0,0.0,1 (0),343.0,0.0,0.0,0.0,0.0,7.0,268.0,66.0,2.0,indianapolis-colts
Trevor Denbow,#43,S,3.0,7,7.0,0.0,0.0,50.4,52.2,-,-,-,0.0,0.0,0.0,0.0,0.0,0.0,0.0,0.0,,0.0,0.0,0.0,0.0,,0.0,,0.0,,0.0,0.0,0.0,0.0,0 (0),4.0,0.0,2.0,0.0,0.0,0.0,0.0,0.0,4.0,indianapolis-colts
McTelvin Agim,#98,DI,1.0,13,7.0,6.0,0.0,50.1,47.7,68.7,65.7,-,1.0,0.0,1.0,0.0,0.0,0.0,2.0,0.0,0.0,0.0,0.0,0.0,0.0,,0.0,,0.0,,0.0,0.0,0.0,0.0,0 (0),13.0,0.0,0.0,0.0,0.0,0.0,11.0,2.0,0.0,indianapolis-colts
Grant Stuard,#41,LB,5.0,32,14.0,7.0,11.0,32.6,52.1,32.8,49.6,33.7,2.0,0.0,1.0,1.0,0.0,2.0,0.0,1.0,33.3,1.0,0.0,2.0,2.0,100.0,29.0,14.5,21.0,16.0,0.0,0.0,0.0,118.8,0 (0),3.0,25.0,0.0,3.0,0.0,0.0,0.0,0.0,3.0,indianapolis-colts
Eric Johnson,#93,DI,14.0,265,154.0,110.0,1.0,30.5,29.3,59.3,56.7,59.5,4.0,2.0,1.0,1.0,0.0,8.0,3.0,1.0,8.3,5.0,0.0,0.0,0.0,,0.0,,0.0,,0.0,0.0,0.0,0.0,1 (1),265.0,0.0,0.0,0.0,0.0,2.0,253.0,10.0,0.0,indianapolis-colts
Tony Brown,#38,CB,2.0,56,26.0,0.0,30.0,27.6,33.7,27.2,-,29.3,0.0,0.0,0.0,0.0,0.0,4.0,2.0,3.0,33.3,1.0,0.0,8.0,7.0,87.5,187.0,26.7,58.0,58.0,1.0,1.0,0.0,118.8,1 (0),0.0,11.0,0.0,0.0,45.0,0.0,0.0,0.0,0.0,indianapolis-colts
Adetomiwa Adebawore,#95,DI,9.0,132,62.0,70.0,0.0,27.5,24.1,23.3,62.5,62.7,6.0,2.0,2.0,2.0,0.0,2.0,0.0,3.0,60.0,2.0,0.0,0.0,0.0,,0.0,,0.0,,0.0,0.0,0.0,0.0,1 (0),131.0,1.0,0.0,0.0,0.0,0.0,88.0,43.0,0.0,indianapolis-colts
Josh Hines-Allen,#41,ED,17.0,880,277.0,513.0,90.0,89.5,73.2,45.1,89.4,62.8,90.0,19.0,17.0,54.0,0.0,35.0,12.0,11.0,19.0,40.0,2.0,4.0,3.0,75.0,37.0,12.3,27.0,16.0,0.0,1.0,0.0,63.5,1 (0),869.0,3,0.0,8.0,0.0,0.0,0.0,14.0,855.0,jacksonville-jaguars
Darious Williams,#31,CB,17.0,"1,035",328.0,2.0,705.0,79.5,29.9,58.0,57.1,85.3,1.0,0.0,0.0,1.0,0.0,46.0,5.0,7.0,12.1,13.0,1.0,86.0,51.0,59.3,613.0,12.0,178.0,54.0,2.0,4.0,15.0,69.6,0 (0),0.0,25,1.0,30.0,979.0,0.0,0.0,0.0,0.0,jacksonville-jaguars
Andrew Wingard,#42,S,17.0,330,144.0,7.0,179.0,79.4,71.3,67.8,77.5,75.1,2.0,0.0,1.0,1.0,0.0,34.0,5.0,5.0,11.4,12.0,1.0,11.0,7.0,63.6,74.0,10.6,8.0,26.0,0.0,1.0,1.0,45.3,0 (0),2.0,111,190.0,24.0,2.0,0.0,0.0,0.0,2.0,jacksonville-jaguars
Devin Lloyd,#33,LB,15.0,966,342.0,66.0,558.0,78.1,90.3,65.7,59.2,67.8,11.0,0.0,2.0,9.0,0.0,95.0,33.0,16.0,11.1,48.0,0.0,77.0,57.0,74.0,533.0,9.4,365.0,66.0,4.0,0.0,7.0,109.9,4 (1),47.0,824,13.0,73.0,9.0,0.0,0.0,0.0,47.0,jacksonville-jaguars
Foyesade Oluokun,#23,LB,17.0,"1,110",383.0,103.0,624.0,75.2,70.2,73.4,73.0,72.6,21.0,3.0,7.0,11.0,2.0,126.0,43.0,17.0,9.1,61.0,1.0,85.0,69.0,81.2,553.0,8.0,518.0,33.0,3.0,1.0,3.0,100.6,2 (1),7.0,"1,027",6.0,64.0,6.0,0.0,0.0,0.0,7.0,jacksonville-jaguars
Antonio Johnson,#26,CB,10.0,172,63.0,8.0,101.0,73.8,64.9,70.4,76.8,72.0,3.0,1.0,0.0,2.0,0.0,12.0,2.0,1.0,6.7,6.0,1.0,15.0,10.0,66.7,76.0,7.6,41.0,18.0,0.0,2.0,0.0,39.2,0 (0),5.0,27,7.0,121.0,11.0,0.0,0.0,0.0,5.0,jacksonville-jaguars
Tre Herndon,#37,CB,16.0,482,88.0,26.0,368.0,70.8,29.7,43.7,87.0,73.1,7.0,0.0,3.0,4.0,1.0,39.0,4.0,11.0,20.4,14.0,1.0,57.0,45.0,78.9,485.0,10.8,269.0,68.0,3.0,0.0,6.0,119.7,1 (0),5.0,26,12.0,424.0,14.0,0.0,0.0,0.0,5.0,jacksonville-jaguars
Brenton Strange,#85,TE,1.0,1,1.0,0.0,0.0,69.1,66.9,68.4,-,-,0.0,0.0,0.0,0.0,0.0,1.0,0.0,0.0,0.0,1.0,0.0,0.0,0.0,,0.0,,0.0,,0.0,0.0,0.0,0.0,0 (0),0.0,0,0.0,0.0,0.0,0.0,0.0,0.0,0.0,jacksonville-jaguars
Andre Cisco,#05,S,15.0,848,277.0,18.0,553.0,68.9,66.1,63.2,56.7,71.5,1.0,1.0,0.0,0.0,0.0,46.0,10.0,9.0,13.8,11.0,1.0,32.0,22.0,68.8,332.0,15.1,118.0,43.0,2.0,4.0,1.0,83.9,2 (0),12.0,140,606.0,87.0,3.0,0.0,0.0,0.0,12.0,jacksonville-jaguars
Gregory Junior,#34,CB,5.0,94,40.0,2.0,52.0,65.2,84.7,67.4,77.8,55.5,0.0,0.0,0.0,0.0,1.0,7.0,4.0,0.0,0.0,2.0,0.0,9.0,8.0,88.9,62.0,7.8,21.0,13.0,0.0,0.0,0.0,95.4,0 (0),1.0,11,0.0,62.0,19.0,0.0,0.0,0.0,1.0,jacksonville-jaguars
Roy Robertson-Harris,#95,DI,17.0,683,218.0,464.0,1.0,62.3,62.3,28.9,58.8,64.8,42.0,4.0,6.0,32.0,1.0,17.0,16.0,10.0,23.3,13.0,0.0,1.0,1.0,100.0,8.0,8.0,3.0,8.0,0.0,0.0,0.0,100.0,1 (0),681.0,2,0.0,0.0,0.0,28.0,367.0,246.0,40.0,jacksonville-jaguars
Tyson Campbell,#32,CB,11.0,589,194.0,1.0,394.0,61.5,86.5,72.5,60.0,56.4,0.0,0.0,0.0,0.0,0.0,48.0,14.0,6.0,8.8,18.0,1.0,60.0,42.0,70.0,494.0,11.8,167.0,76.0,8.0,1.0,2.0,127.4,3 (2),1.0,43,0.0,34.0,511.0,0.0,0.0,0.0,1.0,jacksonville-jaguars
Folorunso Fatukasi,#94,DI,16.0,415,191.0,223.0,1.0,61.0,60.7,53.0,58.8,53.6,16.0,0.0,2.0,14.0,1.0,23.0,7.0,3.0,9.1,20.0,0.0,0.0,0.0,,0.0,,0.0,,0.0,0.0,0.0,0.0,0 (0),415.0,0,0.0,0.0,0.0,186.0,201.0,27.0,1.0,jacksonville-jaguars
Adam Gotsis,#96,DI,17.0,427,175.0,250.0,2.0,61.0,63.4,42.4,55.3,65.2,20.0,1.0,7.0,12.0,4.0,18.0,7.0,5.0,16.7,13.0,0.0,1.0,1.0,100.0,13.0,13.0,11.0,13.0,0.0,0.0,0.0,118.8,1 (0),425.0,0,0.0,1.0,0.0,2.0,208.0,184.0,31.0,jacksonville-jaguars
Rayshawn Jenkins,#02,S,17.0,"1,099",376.0,46.0,677.0,60.9,63.8,69.3,63.4,59.6,7.0,1.0,0.0,6.0,0.0,76.0,23.0,12.0,10.8,28.0,0.0,54.0,33.0,61.1,366.0,11.1,160.0,46.0,1.0,2.0,6.0,72.0,2 (1),29.0,489,335.0,188.0,58.0,0.0,0.0,0.0,29.0,jacksonville-jaguars
Tevaughn Campbell,#29,CB,1.0,1,0.0,0.0,1.0,60.3,-,-,-,60.0,0.0,0.0,0.0,0.0,0.0,0.0,0.0,0.0,,0.0,0.0,0.0,0.0,,0.0,,0.0,,0.0,0.0,0.0,0.0,0 (0),0.0,0,0.0,0.0,1.0,0.0,0.0,0.0,0.0,jacksonville-jaguars
Tim Jones,#15,WR,1.0,1,1.0,0.0,0.0,60.1,60.0,-,-,-,0.0,0.0,0.0,0.0,0.0,0.0,0.0,0.0,,0.0,0.0,0.0,0.0,,0.0,,0.0,,0.0,0.0,0.0,0.0,0 (0),0.0,0,0.0,0.0,0.0,0.0,0.0,0.0,0.0,jacksonville-jaguars
Parker Washington,#11,WR,1.0,1,1.0,0.0,0.0,59.9,60.0,-,-,-,0.0,0.0,0.0,0.0,0.0,0.0,0.0,0.0,,0.0,0.0,0.0,0.0,,0.0,,0.0,,0.0,0.0,0.0,0.0,0 (0),0.0,0,0.0,0.0,0.0,0.0,0.0,0.0,0.0,jacksonville-jaguars
Tank Bigsby,#04,HB,1.0,1,1.0,0.0,0.0,59.9,60.0,-,-,-,0.0,0.0,0.0,0.0,0.0,0.0,0.0,0.0,,0.0,0.0,0.0,0.0,,0.0,,0.0,,0.0,0.0,0.0,0.0,0 (0),0.0,0,0.0,0.0,0.0,0.0,0.0,0.0,0.0,jacksonville-jaguars
Caleb Johnson,#57,LB,1.0,1,1.0,0.0,0.0,59.9,60.0,-,-,-,0.0,0.0,0.0,0.0,0.0,0.0,0.0,0.0,,0.0,0.0,0.0,0.0,,0.0,,0.0,,0.0,0.0,0.0,0.0,0 (0),0.0,0,0.0,0.0,0.0,0.0,0.0,0.0,0.0,jacksonville-jaguars
Shaquille Quarterman,#50,LB,4.0,8,5.0,2.0,1.0,58.6,61.8,-,53.8,60.0,0.0,0.0,0.0,0.0,0.0,0.0,0.0,0.0,,0.0,0.0,0.0,0.0,,0.0,,0.0,,0.0,0.0,0.0,0.0,0 (0),4.0,4,0.0,0.0,0.0,0.0,0.0,0.0,4.0,jacksonville-jaguars
Tyler Lacy,#93,DI,15.0,145,71.0,74.0,0.0,58.2,59.1,75.0,55.3,60.0,5.0,0.0,3.0,2.0,0.0,9.0,5.0,0.0,0.0,5.0,0.0,0.0,0.0,,0.0,,0.0,,0.0,0.0,0.0,0.0,0 (0),145.0,0,0.0,0.0,0.0,4.0,79.0,55.0,7.0,jacksonville-jaguars
Ross Blacklock,#90,DI,1.0,6,1.0,5.0,0.0,56.5,66.2,68.7,51.2,60.0,0.0,0.0,0.0,0.0,0.0,0.0,0.0,0.0,,0.0,0.0,0.0,0.0,,0.0,,0.0,,0.0,0.0,0.0,0.0,0 (0),6.0,0,0.0,0.0,0.0,0.0,3.0,3.0,0.0,jacksonville-jaguars
K'Lavon Chaisson,#45,ED,17.0,283,98.0,154.0,31.0,54.7,58.0,78.7,58.2,60.1,14.0,2.0,6.0,6.0,0.0,9.0,2.0,1.0,8.3,9.0,0.0,2.0,2.0,100.0,4.0,2.0,12.0,11.0,0.0,0.0,0.0,79.2,3 (0),275.0,2,0.0,5.0,1.0,0.0,0.0,7.0,268.0,jacksonville-jaguars
Travon Walker,#44,ED,17.0,869,298.0,485.0,86.0,53.9,49.7,30.1,58.1,59.2,59.0,11.0,9.0,39.0,1.0,26.0,15.0,15.0,26.8,27.0,0.0,9.0,8.0,88.9,103.0,12.9,76.0,29.0,0.0,0.0,0.0,114.4,4 (0),856.0,1,0.0,11.0,1.0,0.0,13.0,17.0,826.0,jacksonville-jaguars
Angelo Blackson,#90,DI,11.0,215,75.0,139.0,1.0,53.8,66.1,28.3,48.5,57.8,4.0,0.0,0.0,4.0,0.0,8.0,4.0,3.0,20.0,6.0,0.0,0.0,0.0,,0.0,,0.0,,0.0,0.0,0.0,0.0,1 (0),215.0,0,0.0,0.0,0.0,1.0,126.0,79.0,9.0,jacksonville-jaguars
Daniel Thomas,#20,S,6.0,14,9.0,0.0,5.0,51.6,60.7,75.2,-,61.7,0.0,0.0,0.0,0.0,0.0,0.0,1.0,0.0,0.0,0.0,0.0,0.0,0.0,,0.0,,0.0,,0.0,0.0,0.0,0.0,1 (0),0.0,3,10.0,1.0,0.0,0.0,0.0,0.0,0.0,jacksonville-jaguars
Montaric Brown,#30,CB,9.0,475,157.0,0.0,318.0,51.3,32.9,28.5,-,54.5,0.0,0.0,0.0,0.0,0.0,27.0,9.0,13.0,26.5,6.0,0.0,55.0,37.0,67.3,487.0,13.2,148.0,49.0,4.0,0.0,3.0,119.3,0 (0),0.0,27,0.0,33.0,415.0,0.0,0.0,0.0,0.0,jacksonville-jaguars
Jeremiah Ledbetter,#99,DI,17.0,369,158.0,206.0,5.0,49.0,56.1,58.0,50.1,55.6,8.0,0.0,2.0,6.0,1.0,13.0,9.0,4.0,15.4,10.0,0.0,1.0,0.0,0.0,0.0,,0.0,,0.0,0.0,0.0,39.6,2 (2),368.0,1,0.0,0.0,0.0,86.0,192.0,85.0,5.0,jacksonville-jaguars
Dawuane Smoot,#91,ED,12.0,340,87.0,230.0,23.0,42.4,38.4,28.8,50.0,47.6,14.0,1.0,3.0,10.0,0.0,6.0,3.0,5.0,35.7,5.0,1.0,2.0,1.0,50.0,24.0,24.0,8.0,24.0,0.0,0.0,0.0,93.8,0 (0),335.0,4,0.0,1.0,0.0,3.0,36.0,122.0,174.0,jacksonville-jaguars
Chad Muma,#48,LB,11.0,146,54.0,14.0,78.0,38.1,29.9,35.9,53.7,55.8,3.0,0.0,0.0,3.0,1.0,6.0,3.0,3.0,25.0,3.0,0.0,7.0,6.0,85.7,79.0,13.2,61.0,29.0,0.0,0.0,1.0,113.7,1 (0),14.0,114,1.0,16.0,0.0,0.0,0.0,0.0,14.0,jacksonville-jaguars
DaVon Hamilton,#52,DI,8.0,190,103.0,86.0,1.0,36.2,37.4,35.3,51.0,60.0,4.0,0.0,0.0,4.0,0.0,10.0,3.0,2.0,13.3,9.0,0.0,0.0,0.0,,0.0,,0.0,,0.0,0.0,0.0,0.0,1 (0),189.0,1,0.0,0.0,0.0,56.0,118.0,15.0,0.0,jacksonville-jaguars
Yasir Abdullah,#56,ED,5.0,45,16.0,25.0,4.0,30.7,52.6,72.0,62.9,25.5,4.0,0.0,1.0,3.0,0.0,1.0,1.0,0.0,0.0,1.0,0.0,2.0,1.0,50.0,12.0,12.0,12.0,12.0,0.0,0.0,0.0,68.8,1 (1),45.0,0,0.0,0.0,0.0,0.0,0.0,0.0,45.0,jacksonville-jaguars
Chris Jones,#95,DI,20.0,947,312.0,633.0,2.0,88.1,60.0,29.6,90.4,69.8,91.0,15.0,23.0,53.0,5.0,16.0,7.0,8.0,25.8,25.0,1.0,0.0,0.0,,0.0,,0.0,,0.0,0.0,0.0,0.0,4 (0),944.0,3.0,0.0,0.0,0,5.0,464.0,321.0,154.0,kansas-city-chiefs
Trent McDuffie,#22,CB,20.0,"1,243",455.0,70.0,718.0,84.8,71.8,49.4,91.6,81.5,19.0,3.0,9.0,7.0,4.0,67.0,16.0,14.0,14.4,35.0,5.0,90.0,57.0,63.3,637.0,11.2,267.0,53.0,3.0,0.0,7.0,95.5,5 (2),76.0,188.0,1.0,608.0,368,0.0,0.0,0.0,76.0,kansas-city-chiefs
Leo Chenal,#54,LB,21.0,527,272.0,82.0,173.0,84.0,90.6,74.2,71.6,61.1,19.0,2.0,5.0,12.0,1.0,56.0,17.0,6.0,7.6,33.0,1.0,29.0,26.0,89.7,187.0,7.2,124.0,23.0,0.0,0.0,0.0,93.5,0 (0),168.0,306.0,0.0,48.0,1,0.0,0.0,2.0,166.0,kansas-city-chiefs
Chamarri Conner,#27,S,21.0,468,143.0,25.0,300.0,81.0,79.6,54.3,56.0,78.4,6.0,0.0,0.0,6.0,0.0,35.0,8.0,9.0,17.3,11.0,1.0,28.0,21.0,75.0,181.0,8.6,97.0,27.0,0.0,1.0,0.0,76.6,0 (0),23.0,86.0,208.0,145.0,3,0.0,0.0,0.0,23.0,kansas-city-chiefs
Joshua Williams,#02,CB,20.0,420,106.0,4.0,310.0,74.4,62.6,77.3,52.7,75.2,0.0,0.0,0.0,0.0,0.0,19.0,4.0,1.0,4.2,8.0,0.0,29.0,12.0,41.4,103.0,8.6,27.0,18.0,2.0,0.0,4.0,74.4,2 (0),10.0,19.0,2.0,12.0,374,0.0,0.0,0.0,10.0,kansas-city-chiefs
L'Jarius Sneed,#38,CB,20.0,"1,260",461.0,18.0,781.0,72.5,70.8,63.5,61.6,73.8,6.0,0.0,3.0,3.0,0.0,80.0,9.0,13.0,12.7,25.0,1.0,101.0,53.0,52.5,545.0,10.3,216.0,54.0,2.0,2.0,12.0,66.6,18 (6),47.0,42.0,0.0,29.0,"1,142",0.0,0.0,0.0,47.0,kansas-city-chiefs
Jaylen Watson,#35,CB,20.0,533,143.0,10.0,380.0,68.5,70.6,79.3,71.7,66.2,2.0,2.0,0.0,0.0,0.0,34.0,0.0,2.0,5.6,14.0,0.0,50.0,27.0,54.0,286.0,10.6,82.0,29.0,5.0,0.0,7.0,104.3,3 (0),17.0,27.0,0.0,16.0,471,0.0,0.0,0.0,17.0,kansas-city-chiefs
Drue Tranquill,#23,LB,19.0,721,283.0,69.0,369.0,68.4,55.9,70.8,84.3,66.9,22.0,5.0,2.0,15.0,0.0,72.0,18.0,8.0,8.2,42.0,2.0,47.0,37.0,78.7,304.0,8.2,230.0,27.0,0.0,0.0,1.0,93.6,0 (0),77.0,599.0,1.0,37.0,4,0.0,0.0,0.0,77.0,kansas-city-chiefs
Ekow Boye-Doe,#40,CB,1.0,15,5.0,0.0,10.0,66.9,60.0,-,-,66.3,0.0,0.0,0.0,0.0,0.0,0.0,0.0,0.0,,0.0,0.0,0.0,0.0,,0.0,,0.0,,0.0,0.0,0.0,0.0,0 (0),0.0,1.0,0.0,0.0,14,0.0,0.0,0.0,0.0,kansas-city-chiefs
Cam Jones,#44,LB,3.0,82,25.0,8.0,49.0,65.6,80.4,39.5,84.3,50.3,1.0,0.0,0.0,1.0,0.0,10.0,1.0,3.0,21.4,4.0,0.0,7.0,7.0,100.0,45.0,6.4,46.0,14.0,0.0,0.0,0.0,93.5,0 (0),10.0,52.0,3.0,15.0,1,0.0,0.0,0.0,10.0,kansas-city-chiefs
George Karlaftis,#56,ED,20.0,973,323.0,605.0,45.0,65.4,58.4,67.1,65.4,58.2,83.0,15.0,8.0,60.0,4.0,35.0,13.0,7.0,12.7,32.0,1.0,5.0,4.0,80.0,22.0,5.5,2.0,8.0,0.0,0.0,0.0,85.0,1 (1),966.0,5.0,0.0,0.0,0,9.0,39.0,99.0,819.0,kansas-city-chiefs
Bryan Cook,#06,S,12.0,593,215.0,0.0,378.0,65.2,66.4,58.1,-,63.1,0.0,0.0,0.0,0.0,0.0,30.0,8.0,7.0,15.6,4.0,0.0,16.0,11.0,68.8,201.0,18.3,66.0,60.0,3.0,1.0,0.0,125.0,0 (0),10.0,55.0,406.0,110.0,10,0.0,0.0,0.0,10.0,kansas-city-chiefs
Charles Omenihu,#90,ED,14.0,502,178.0,318.0,6.0,65.1,54.0,35.9,70.6,56.0,37.0,8.0,5.0,24.0,2.0,18.0,6.0,6.0,20.0,14.0,3.0,0.0,0.0,,0.0,,0.0,,0.0,0.0,0.0,0.0,2 (1),502.0,0.0,0.0,0.0,0,6.0,62.0,86.0,348.0,kansas-city-chiefs
Deon Bush,#26,S,8.0,97,22.0,1.0,74.0,63.5,36.5,29.7,59.0,69.4,0.0,0.0,0.0,0.0,0.0,6.0,2.0,3.0,27.3,0.0,0.0,3.0,3.0,100.0,42.0,14.0,18.0,25.0,0.0,1.0,0.0,79.2,0 (0),1.0,22.0,55.0,18.0,0,0.0,0.0,0.0,1.0,kansas-city-chiefs
Mike Danna,#51,ED,20.0,932,323.0,581.0,28.0,62.3,56.1,74.4,58.6,69.1,47.0,8.0,7.0,32.0,3.0,41.0,12.0,3.0,5.4,34.0,0.0,3.0,2.0,66.7,19.0,9.5,15.0,10.0,0.0,0.0,0.0,84.0,0 (0),924.0,6.0,0.0,0.0,0,33.0,130.0,121.0,640.0,kansas-city-chiefs
Noah Gray,#83,TE,1.0,1,1.0,0.0,0.0,61.6,60.0,-,-,-,0.0,0.0,0.0,0.0,0.0,0.0,0.0,0.0,,0.0,0.0,0.0,0.0,,0.0,,0.0,,0.0,0.0,0.0,0.0,0 (0),0.0,0.0,0.0,0.0,0,0.0,0.0,0.0,0.0,kansas-city-chiefs
Travis Kelce,#87,TE,2.0,2,0.0,0.0,2.0,60.7,-,-,-,60.6,0.0,0.0,0.0,0.0,0.0,0.0,0.0,0.0,,0.0,0.0,0.0,0.0,,0.0,,0.0,,0.0,0.0,0.0,0.0,0 (0),0.0,0.0,2.0,0.0,0,0.0,0.0,0.0,0.0,kansas-city-chiefs
Mike Pennel,#69,DI,7.0,160,78.0,80.0,2.0,60.5,67.3,60.2,52.8,51.0,1.0,0.0,0.0,1.0,0.0,10.0,5.0,1.0,6.3,9.0,0.0,0.0,0.0,,0.0,,0.0,,0.0,0.0,0.0,0.0,0 (0),160.0,0.0,0.0,0.0,0,17.0,143.0,0.0,0.0,kansas-city-chiefs
Montrell Washington,#80,WR,1.0,1,1.0,0.0,0.0,60.0,60.0,-,-,-,0.0,0.0,0.0,0.0,0.0,0.0,0.0,0.0,,0.0,0.0,0.0,0.0,,0.0,,0.0,,0.0,0.0,0.0,0.0,0 (0),0.0,0.0,0.0,0.0,0,0.0,0.0,0.0,0.0,kansas-city-chiefs
Cole Christiansen,#48,LB,1.0,1,1.0,0.0,0.0,60.0,60.0,-,-,-,0.0,0.0,0.0,0.0,0.0,0.0,0.0,0.0,,0.0,0.0,0.0,0.0,,0.0,,0.0,,0.0,0.0,0.0,0.0,0 (0),0.0,0.0,0.0,0.0,0,0.0,0.0,0.0,0.0,kansas-city-chiefs
Richie James,#17,WR,2.0,2,2.0,0.0,0.0,60.0,60.0,-,-,-,0.0,0.0,0.0,0.0,0.0,0.0,0.0,0.0,,0.0,0.0,0.0,0.0,,0.0,,0.0,,0.0,0.0,0.0,0.0,0 (0),0.0,0.0,0.0,0.0,0,0.0,0.0,0.0,0.0,kansas-city-chiefs
Jerick McKinnon,#01,HB,1.0,1,1.0,0.0,0.0,60.0,60.0,-,-,-,0.0,0.0,0.0,0.0,0.0,0.0,0.0,0.0,,0.0,0.0,0.0,0.0,,0.0,,0.0,,0.0,0.0,0.0,0.0,0 (0),0.0,0.0,0.0,0.0,0,0.0,0.0,0.0,0.0,kansas-city-chiefs
Nick Bolton,#32,LB,12.0,708,255.0,58.0,395.0,59.4,74.0,65.9,60.6,50.5,12.0,3.0,2.0,7.0,0.0,75.0,27.0,12.0,10.5,40.0,0.0,60.0,48.0,80.0,473.0,9.9,342.0,30.0,3.0,1.0,3.0,109.2,2 (1),34.0,621.0,1.0,44.0,7,0.0,0.0,0.0,34.0,kansas-city-chiefs
Keondre Coburn,#94,DI,1.0,9,6.0,3.0,0.0,59.4,60.0,26.3,58.0,-,0.0,0.0,0.0,0.0,0.0,0.0,1.0,1.0,50.0,0.0,0.0,0.0,0.0,,0.0,,0.0,,0.0,0.0,0.0,0.0,0 (0),9.0,0.0,0.0,0.0,0,1.0,8.0,0.0,0.0,kansas-city-chiefs
Tershawn Wharton,#98,DI,21.0,525,172.0,343.0,10.0,58.1,46.9,32.7,67.5,57.8,23.0,3.0,2.0,18.0,0.0,17.0,9.0,4.0,13.3,11.0,0.0,0.0,0.0,,0.0,,0.0,,0.0,0.0,0.0,0.0,1 (0),521.0,2.0,0.0,0.0,0,67.0,409.0,38.0,7.0,kansas-city-chiefs
Justin Reid,#20,S,20.0,"1,247",457.0,56.0,734.0,57.7,63.8,68.0,73.2,51.8,12.0,5.0,3.0,4.0,1.0,97.0,18.0,14.0,10.9,37.0,1.0,70.0,45.0,64.3,468.0,10.4,197.0,39.0,4.0,1.0,4.0,96.6,3 (1),92.0,452.0,335.0,328.0,39,0.0,0.0,0.0,92.0,kansas-city-chiefs
Mike Edwards,#21,S,21.0,809,235.0,15.0,559.0,56.9,53.6,39.3,65.1,58.6,6.0,1.0,1.0,4.0,0.0,47.0,15.0,15.0,19.5,11.0,0.0,38.0,23.0,60.5,311.0,13.5,142.0,41.0,0.0,2.0,6.0,64.7,2 (1),15.0,195.0,468.0,118.0,13,0.0,0.0,0.0,15.0,kansas-city-chiefs
Willie Gay,#50,LB,19.0,698,298.0,71.0,329.0,55.9,72.7,60.2,56.5,41.1,14.0,1.0,2.0,11.0,4.0,48.0,16.0,8.0,11.1,26.0,1.0,45.0,36.0,80.0,317.0,8.8,240.0,27.0,2.0,1.0,0.0,101.6,0 (0),103.0,529.0,0.0,63.0,1,0.0,0.0,0.0,103.0,kansas-city-chiefs
Jack Cochrane,#43,LB,10.0,183,68.0,15.0,100.0,54.0,53.8,73.7,52.6,56.9,1.0,0.0,0.0,1.0,1.0,21.0,1.0,2.0,8.3,7.0,0.0,10.0,8.0,80.0,56.0,7.0,59.0,18.0,0.0,0.0,0.0,90.0,0 (0),12.0,149.0,0.0,19.0,0,0.0,0.0,0.0,12.0,kansas-city-chiefs
Felix Anudike-Uzomah,#97,ED,18.0,225,57.0,153.0,15.0,53.4,51.5,59.2,52.0,65.7,11.0,1.0,7.0,3.0,0.0,10.0,3.0,2.0,13.3,8.0,1.0,2.0,2.0,100.0,16.0,8.0,4.0,10.0,0.0,0.0,0.0,100.0,0 (0),224.0,1.0,0.0,0.0,0,2.0,9.0,13.0,200.0,kansas-city-chiefs
Malik Herring,#94,ED,11.0,213,85.0,123.0,5.0,52.3,51.8,58.5,52.6,71.7,7.0,2.0,1.0,4.0,1.0,10.0,3.0,1.0,7.1,7.0,1.0,2.0,1.0,50.0,8.0,8.0,4.0,8.0,0.0,0.0,0.0,60.4,1 (0),213.0,0.0,0.0,0.0,0,0.0,15.0,20.0,178.0,kansas-city-chiefs
Neil Farrell Jr.,#92,DI,5.0,62,29.0,33.0,0.0,51.8,57.0,29.9,60.5,58.7,0.0,0.0,0.0,0.0,2.0,2.0,1.0,1.0,25.0,2.0,0.0,0.0,0.0,,0.0,,0.0,,0.0,0.0,0.0,0.0,0 (0),61.0,1.0,0.0,0.0,0,11.0,50.0,0.0,0.0,kansas-city-chiefs
BJ Thompson,#53,ED,1.0,28,8.0,20.0,0.0,49.0,43.7,27.8,59.0,-,1.0,0.0,0.0,1.0,0.0,1.0,0.0,1.0,50.0,0.0,0.0,0.0,0.0,,0.0,,0.0,,0.0,0.0,0.0,0.0,0 (0),28.0,0.0,0.0,0.0,0,0.0,2.0,0.0,26.0,kansas-city-chiefs
Nic Jones,#31,CB,2.0,68,16.0,5.0,47.0,48.7,63.6,78.4,67.7,43.6,1.0,0.0,1.0,0.0,0.0,3.0,0.0,0.0,0.0,1.0,0.0,6.0,5.0,83.3,53.0,10.6,28.0,18.0,0.0,0.0,0.0,103.5,0 (0),2.0,10.0,0.0,55.0,1,0.0,0.0,0.0,2.0,kansas-city-chiefs
Matt Dickerson,#93,DI,13.0,206,107.0,98.0,1.0,44.8,40.1,74.3,53.7,65.6,1.0,0.0,0.0,1.0,0.0,10.0,4.0,0.0,0.0,6.0,0.0,0.0,0.0,,0.0,,0.0,,0.0,0.0,0.0,0.0,0 (0),206.0,0.0,0.0,0.0,0,38.0,166.0,2.0,0.0,kansas-city-chiefs
Derrick Nnadi,#91,DI,18.0,507,256.0,241.0,10.0,41.4,42.0,32.3,51.8,53.7,9.0,1.0,0.0,8.0,1.0,21.0,12.0,5.0,13.2,14.0,0.0,2.0,2.0,100.0,10.0,5.0,8.0,7.0,0.0,0.0,0.0,87.5,2 (0),505.0,0.0,0.0,0.0,0,85.0,418.0,2.0,0.0,kansas-city-chiefs
Maxx Crosby,#98,ED,17.0,"1,080",423.0,657.0,0.0,92.1,92.7,61.4,84.3,68.0,94.0,15.0,15.0,64.0,2.0,56.0,19.0,10.0,11.8,58.0,2.0,0.0,0.0,,0.0,,0.0,,0.0,0.0,0.0,0.0,5 (0),"1,076",4.0,0.0,0.0,0.0,0.0,2.0,20.0,"1,054",las-vegas-raiders
Luke Masterson,#59,LB,14.0,182,87.0,4.0,91.0,86.9,88.7,53.0,54.1,76.2,0.0,0.0,0.0,0.0,0.0,19.0,6.0,4.0,13.8,10.0,2.0,15.0,12.0,80.0,138.0,11.5,79.0,25.0,0.0,0.0,1.0,105.0,0 (0),4,157.0,0.0,20.0,0.0,0.0,0.0,0.0,4,las-vegas-raiders
Jack Jones,#18,CB,7.0,344,109.0,0.0,235.0,81.4,81.1,52.8,-,81.1,0.0,0.0,0.0,0.0,0.0,20.0,4.0,5.0,17.2,5.0,0.0,22.0,12.0,54.5,128.0,10.7,61.0,50.0,0.0,2.0,1.0,33.9,3 (1),3,20.0,1.0,8.0,312.0,0.0,0.0,0.0,3,las-vegas-raiders
Malcolm Koonce,#51,ED,17.0,501,148.0,344.0,9.0,81.3,66.3,51.4,78.9,67.0,52.0,8.0,10.0,34.0,0.0,25.0,5.0,8.0,21.1,27.0,3.0,2.0,2.0,100.0,43.0,21.5,30.0,38.0,1.0,0.0,0.0,158.3,1 (1),500,0.0,0.0,0.0,0.0,0.0,3.0,15.0,482,las-vegas-raiders
Robert Spillane,#41,LB,17.0,"1,100",439.0,55.0,606.0,77.1,89.0,69.1,87.7,59.0,19.0,4.0,2.0,13.0,0.0,96.0,44.0,17.0,10.8,52.0,1.0,67.0,52.0,77.6,557.0,10.7,360.0,45.0,2.0,3.0,2.0,92.6,2 (1),63,989.0,2.0,40.0,6.0,0.0,0.0,0.0,63,las-vegas-raiders
Tyler Hall,#37,CB,9.0,161,52.0,6.0,103.0,72.7,74.7,82.0,50.7,71.9,0.0,0.0,0.0,0.0,0.0,16.0,3.0,1.0,5.0,6.0,0.0,14.0,11.0,78.6,81.0,7.4,54.0,15.0,1.0,0.0,1.0,114.6,0 (0),1,21.0,2.0,129.0,7.0,0.0,0.0,0.0,1,las-vegas-raiders
Tre'von Moehrig,#25,S,17.0,"1,105",439.0,10.0,656.0,70.2,73.4,71.5,64.7,68.0,3.0,1.0,0.0,2.0,0.0,68.0,12.0,9.0,10.1,20.0,0.0,41.0,29.0,70.7,341.0,11.8,223.0,79.0,4.0,3.0,4.0,97.7,2 (2),17,326.0,600.0,149.0,13.0,0.0,0.0,0.0,17,las-vegas-raiders
DeAndre Carter,#03,WR,1.0,1,0.0,0.0,1.0,70.2,-,-,-,60.7,0.0,0.0,0.0,0.0,0.0,0.0,0.0,0.0,,0.0,0.0,0.0,0.0,,0.0,,0.0,,0.0,0.0,0.0,0.0,0 (0),0,0.0,0.0,0.0,0.0,0.0,0.0,0.0,0,las-vegas-raiders
Brandon Bolden,#34,HB,1.0,1,0.0,0.0,1.0,70.2,-,-,-,60.7,0.0,0.0,0.0,0.0,0.0,0.0,0.0,0.0,,0.0,0.0,0.0,0.0,,0.0,,0.0,,0.0,0.0,0.0,0.0,0 (0),0,0.0,0.0,0.0,0.0,0.0,0.0,0.0,0,las-vegas-raiders
Nate Hobbs,#39,CB,13.0,775,281.0,24.0,470.0,69.0,78.8,42.3,45.8,68.1,5.0,1.0,0.0,4.0,0.0,65.0,12.0,15.0,16.3,22.0,1.0,82.0,63.0,76.8,588.0,9.3,372.0,39.0,3.0,1.0,4.0,103.1,4 (1),19,140.0,1.0,504.0,111.0,0.0,0.0,0.0,19,las-vegas-raiders
Marcus Peters,#24,CB,12.0,732,306.0,0.0,426.0,68.8,50.7,30.0,-,71.3,0.0,0.0,0.0,0.0,0.0,35.0,8.0,12.0,21.8,10.0,0.0,50.0,35.0,70.0,356.0,10.2,163.0,72.0,3.0,1.0,4.0,101.7,3 (0),27,53.0,4.0,8.0,640.0,0.0,0.0,0.0,27,las-vegas-raiders
David Long Jr.,#23,CB,5.0,133,65.0,0.0,68.0,68.5,51.3,66.7,-,76.5,0.0,0.0,0.0,0.0,0.0,11.0,1.0,0.0,0.0,4.0,0.0,10.0,7.0,70.0,55.0,7.9,11.0,13.0,0.0,0.0,1.0,83.3,1 (0),8,19.0,0.0,9.0,97.0,0.0,0.0,0.0,8,las-vegas-raiders
Jerry Tillery,#90,DI,17.0,504,221.0,283.0,0.0,67.7,63.1,45.3,67.5,63.8,29.0,2.0,4.0,23.0,0.0,14.0,14.0,3.0,9.7,13.0,0.0,0.0,0.0,,0.0,,0.0,,0.0,0.0,0.0,0.0,2 (0),504,0.0,0.0,0.0,0.0,1.0,213.0,211.0,79,las-vegas-raiders
Matthew Butler,#94,DI,2.0,11,4.0,7.0,0.0,65.6,62.0,66.8,63.0,-,0.0,0.0,0.0,0.0,0.0,0.0,1.0,0.0,0.0,0.0,0.0,0.0,0.0,,0.0,,0.0,,0.0,0.0,0.0,0.0,0 (0),11,0.0,0.0,0.0,0.0,0.0,9.0,2.0,0,las-vegas-raiders
Marcus Epps,#01,S,17.0,"1,030",404.0,12.0,614.0,65.4,69.7,54.1,57.5,62.3,0.0,0.0,0.0,0.0,0.0,52.0,14.0,13.0,16.5,13.0,1.0,27.0,19.0,70.4,203.0,10.7,129.0,27.0,1.0,0.0,2.0,104.4,0 (0),25,235.0,640.0,120.0,10.0,0.0,0.0,0.0,25,las-vegas-raiders
Chris Smith II,#29,S,1.0,22,12.0,0.0,10.0,64.9,60.7,-,-,63.2,0.0,0.0,0.0,0.0,0.0,0.0,0.0,0.0,,0.0,0.0,0.0,0.0,,0.0,,0.0,,0.0,0.0,0.0,0.0,0 (0),0,2.0,18.0,2.0,0.0,0.0,0.0,0.0,0,las-vegas-raiders
Amik Robertson,#21,CB,14.0,674,251.0,4.0,419.0,63.4,54.5,53.2,74.7,65.8,1.0,1.0,0.0,0.0,0.0,42.0,6.0,7.0,12.7,17.0,1.0,64.0,40.0,62.5,445.0,11.1,257.0,77.0,3.0,2.0,5.0,85.7,5 (1),7,58.0,3.0,100.0,506.0,0.0,0.0,0.0,7,las-vegas-raiders
John Jenkins,#95,DI,17.0,595,323.0,272.0,0.0,61.2,55.6,63.0,66.7,59.1,15.0,1.0,1.0,13.0,2.0,40.0,18.0,3.0,4.9,28.0,0.0,0.0,0.0,,0.0,,0.0,,0.0,0.0,0.0,0.0,0 (0),594,0.0,0.0,0.0,0.0,124.0,468.0,2.0,0,las-vegas-raiders
Divine Deablo,#05,LB,15.0,771,298.0,40.0,433.0,60.6,60.4,80.4,62.3,60.2,8.0,1.0,1.0,6.0,0.0,74.0,31.0,6.0,5.4,34.0,0.0,59.0,45.0,76.3,416.0,9.2,277.0,47.0,2.0,0.0,2.0,106.3,2 (1),82,633.0,1.0,50.0,5.0,0.0,0.0,0.0,82,las-vegas-raiders
Adam Butler,#69,DI,17.0,526,149.0,362.0,15.0,60.1,39.4,47.1,70.2,64.0,28.0,6.0,5.0,17.0,3.0,14.0,10.0,4.0,14.3,15.0,1.0,0.0,0.0,,0.0,,0.0,,0.0,0.0,0.0,0.0,0 (0),520,6.0,0.0,0.0,0.0,82.0,373.0,62.0,3,las-vegas-raiders
Isaac Rochell,#96,ED,8.0,120,79.0,28.0,13.0,58.8,70.9,59.3,44.1,43.2,2.0,0.0,0.0,2.0,0.0,6.0,2.0,1.0,11.1,5.0,0.0,3.0,3.0,100.0,28.0,9.3,19.0,16.0,0.0,0.0,0.0,105.6,0 (0),118,0.0,0.0,2.0,0.0,0.0,2.0,11.0,105,las-vegas-raiders
Janarius Robinson,#97,ED,6.0,78,31.0,44.0,3.0,56.3,71.3,51.1,56.6,77.8,4.0,1.0,1.0,2.0,0.0,4.0,3.0,1.0,12.5,5.0,0.0,0.0,0.0,,0.0,,0.0,,0.0,0.0,0.0,0.0,3 (1),74,0.0,0.0,3.0,0.0,0.0,2.0,4.0,68,las-vegas-raiders
Jaylon Smith,#15,LB,1.0,25,14.0,0.0,11.0,55.9,50.6,75.0,-,65.7,0.0,0.0,0.0,0.0,0.0,2.0,0.0,0.0,0.0,0.0,0.0,0.0,0.0,,0.0,,0.0,,0.0,0.0,0.0,0.0,0 (0),1,24.0,0.0,0.0,0.0,0.0,0.0,0.0,1,las-vegas-raiders
Isaiah Pola-Mao,#20,S,10.0,130,64.0,1.0,65.0,55.4,30.4,62.5,69.1,66.6,1.0,1.0,0.0,0.0,0.0,12.0,4.0,3.0,15.8,5.0,0.0,6.0,4.0,66.7,38.0,9.5,12.0,23.0,0.0,1.0,0.0,44.4,0 (0),7,26.0,83.0,13.0,1.0,0.0,0.0,0.0,7,las-vegas-raiders
Amari Burney,#56,LB,4.0,89,42.0,4.0,43.0,53.9,58.1,58.7,48.8,55.2,2.0,0.0,0.0,2.0,0.0,9.0,5.0,2.0,12.5,4.0,0.0,5.0,5.0,100.0,80.0,16.0,54.0,44.0,0.0,0.0,0.0,118.8,0 (0),0,84.0,0.0,4.0,1.0,0.0,0.0,0.0,0,las-vegas-raiders
Kana'i Mauga,#43,LB,1.0,11,3.0,0.0,8.0,53.9,62.0,28.6,-,52.7,0.0,0.0,0.0,0.0,0.0,2.0,0.0,1.0,33.3,2.0,0.0,1.0,1.0,100.0,9.0,9.0,10.0,9.0,0.0,0.0,0.0,104.2,0 (0),0,11.0,0.0,0.0,0.0,0.0,0.0,0.0,0,las-vegas-raiders
Roderic Teamer,#33,S,4.0,46,27.0,0.0,19.0,51.9,65.5,83.0,-,47.3,0.0,0.0,0.0,0.0,0.0,3.0,1.0,0.0,0.0,0.0,0.0,4.0,4.0,100.0,52.0,13.0,49.0,19.0,0.0,0.0,0.0,118.8,0 (0),0,26.0,10.0,7.0,3.0,0.0,0.0,0.0,0,las-vegas-raiders
Brandon Facyson,#31,CB,3.0,44,17.0,0.0,27.0,51.7,42.9,47.2,-,55.4,0.0,0.0,0.0,0.0,0.0,4.0,1.0,2.0,28.6,2.0,0.0,4.0,3.0,75.0,15.0,5.0,4.0,8.0,0.0,0.0,0.0,80.2,0 (0),0,10.0,0.0,3.0,31.0,0.0,0.0,0.0,0,las-vegas-raiders
Bilal Nichols,#91,DI,17.0,616,293.0,322.0,1.0,51.6,49.4,63.2,54.7,63.9,19.0,2.0,0.0,17.0,0.0,35.0,15.0,3.0,5.7,23.0,0.0,0.0,0.0,,0.0,,0.0,,0.0,0.0,0.0,0.0,1 (1),615,0.0,0.0,0.0,0.0,7.0,492.0,115.0,1,las-vegas-raiders
Tyree Wilson,#09,ED,17.0,493,176.0,308.0,9.0,47.1,47.6,44.5,50.4,76.9,24.0,4.0,4.0,16.0,0.0,16.0,6.0,5.0,18.5,16.0,1.0,3.0,3.0,100.0,18.0,6.0,6.0,13.0,0.0,0.0,0.0,91.7,3 (1),492,0.0,0.0,0.0,0.0,4.0,35.0,79.0,374,las-vegas-raiders
Byron Young,#93,DI,6.0,99,48.0,51.0,0.0,45.6,45.1,70.6,53.3,60.0,1.0,0.0,0.0,1.0,0.0,4.0,0.0,0.0,0.0,1.0,0.0,0.0,0.0,,0.0,,0.0,,0.0,0.0,0.0,0.0,0 (0),99,0.0,0.0,0.0,0.0,0.0,93.0,6.0,0,las-vegas-raiders
Nesta Jade Silvera,#99,DI,2.0,24,12.0,12.0,0.0,43.9,46.7,68.7,52.2,60.0,0.0,0.0,0.0,0.0,0.0,2.0,0.0,0.0,0.0,1.0,0.0,0.0,0.0,,0.0,,0.0,,0.0,0.0,0.0,0.0,0 (0),24,0.0,0.0,0.0,0.0,0.0,24.0,0.0,0,las-vegas-raiders
Malik Reed,#52,ED,4.0,63,31.0,11.0,21.0,42.8,45.1,46.1,57.5,45.2,0.0,0.0,0.0,0.0,0.0,1.0,2.0,1.0,25.0,0.0,0.0,3.0,3.0,100.0,29.0,9.7,36.0,14.0,0.0,0.0,0.0,106.9,0 (0),46,10.0,0.0,6.0,1.0,0.0,0.0,0.0,46,las-vegas-raiders
Jakorian Bennett,#00,CB,12.0,361,138.0,0.0,223.0,42.4,49.4,44.1,-,41.1,0.0,0.0,0.0,0.0,0.0,26.0,6.0,7.0,17.9,6.0,0.0,32.0,21.0,65.6,270.0,12.9,115.0,51.0,1.0,0.0,3.0,102.3,4 (0),5,35.0,0.0,14.0,306.0,0.0,0.0,0.0,5,las-vegas-raiders
Curtis Bolton,#36,LB,3.0,16,8.0,0.0,8.0,29.0,56.6,73.2,-,29.0,0.0,0.0,0.0,0.0,0.0,1.0,0.0,0.0,0.0,1.0,0.0,2.0,2.0,100.0,10.0,5.0,8.0,5.0,0.0,0.0,0.0,87.5,0 (0),0,15.0,0.0,0.0,0.0,0.0,0.0,0.0,0,las-vegas-raiders
Aaron Donald,#99,DI,17.0,916,318.0,596.0,2.0,90.8,71.7,56.3,91.5,49.8,87.0,10.0,14.0,63.0,2.0,34.0,13.0,4.0,7.8,34.0,0.0,0.0,0.0,,0.0,,0.0,,0.0,0.0,0.0,0.0,3 (1),903.0,13.0,0.0,0.0,0.0,19.0,349.0,463.0,72.0,los-angeles-rams
Kobie Turner,#91,DI,18.0,729,231.0,498.0,0.0,83.2,68.8,44.3,81.2,62.7,50.0,12.0,7.0,31.0,2.0,32.0,13.0,6.0,11.8,36.0,0.0,0.0,0.0,,0.0,,0.0,,0.0,0.0,0.0,0.0,1 (0),727.0,2.0,0.0,0.0,0.0,219.0,447.0,59.0,2.0,los-angeles-rams
Ernest Jones,#53,LB,16.0,988,360.0,141.0,487.0,78.8,86.2,77.6,83.1,57.5,37.0,6.0,2.0,29.0,1.0,99.0,45.0,13.0,8.3,51.0,0.0,52.0,39.0,75.0,341.0,8.7,288.0,23.0,0.0,0.0,4.0,91.9,1 (0),54.0,890.0,0.0,44.0,0.0,0.0,0.0,0.0,54.0,los-angeles-rams
Jake Hummel,#35,LB,6.0,45,8.0,2.0,35.0,75.5,58.6,59.0,57.7,76.2,0.0,0.0,0.0,0.0,0.0,5.0,0.0,1.0,16.7,3.0,0.0,5.0,5.0,100.0,27.0,5.4,10.0,10.0,0.0,0.0,0.0,89.2,0 (0),1.0,37.0,1.0,4.0,0.0,0.0,0.0,0.0,1.0,los-angeles-rams
Bobby Brown III,#95,DI,14.0,335,173.0,162.0,0.0,72.1,68.8,65.5,65.2,60.0,6.0,1.0,0.0,5.0,0.0,22.0,13.0,1.0,2.8,15.0,0.0,0.0,0.0,,0.0,,0.0,,0.0,0.0,0.0,0.0,0 (0),335.0,0.0,0.0,0.0,0.0,235.0,95.0,5.0,0.0,los-angeles-rams
Quentin Lake,#37,CB,15.0,506,151.0,18.0,337.0,70.0,77.1,79.6,63.7,66.6,2.0,0.0,0.0,2.0,0.0,47.0,10.0,4.0,6.6,18.0,0.0,54.0,38.0,70.4,312.0,8.2,140.0,33.0,2.0,0.0,5.0,97.1,3 (0),10.0,91.0,20.0,378.0,7.0,0.0,0.0,0.0,10.0,los-angeles-rams
Jordan Fuller,#04,S,17.0,"1,057",383.0,10.0,664.0,66.7,75.0,71.9,49.6,63.3,0.0,0.0,0.0,0.0,0.0,72.0,19.0,10.0,9.9,17.0,3.0,45.0,25.0,55.6,334.0,13.4,113.0,46.0,3.0,3.0,5.0,73.8,1 (0),7.0,226.0,692.0,131.0,1.0,0.0,0.0,0.0,7.0,los-angeles-rams
Byron Young,#00,ED,18.0,"1,021",371.0,518.0,132.0,64.1,61.6,42.6,60.2,68.3,51.0,8.0,13.0,30.0,0.0,44.0,11.0,13.0,19.1,33.0,2.0,11.0,9.0,81.8,50.0,5.6,47.0,12.0,1.0,0.0,0.0,115.9,2 (1),982.0,3.0,0.0,35.0,1.0,0.0,0.0,5.0,977.0,los-angeles-rams
Ahkello Witherspoon,#44,CB,18.0,"1,115",422.0,1.0,692.0,62.8,70.2,36.0,56.2,60.0,0.0,0.0,0.0,0.0,0.0,47.0,8.0,11.0,16.7,12.0,0.0,104.0,52.0,50.0,785.0,15.1,201.0,80.0,5.0,3.0,10.0,79.2,4 (3),4.0,160.0,0.0,0.0,950.0,0.0,0.0,0.0,4.0,los-angeles-rams
Marquise Copeland,#93,DI,1.0,11,8.0,3.0,0.0,62.0,62.6,66.8,56.7,-,0.0,0.0,0.0,0.0,0.0,1.0,0.0,0.0,0.0,1.0,0.0,0.0,0.0,,0.0,,0.0,,0.0,0.0,0.0,0.0,0 (0),11.0,0.0,0.0,0.0,0.0,0.0,10.0,1.0,0.0,los-angeles-rams
Austin Trammell,#81,WR,2.0,2,2.0,0.0,0.0,60.1,60.0,-,-,-,0.0,0.0,0.0,0.0,0.0,0.0,0.0,0.0,,0.0,0.0,0.0,0.0,,0.0,,0.0,,0.0,0.0,0.0,0.0,0 (0),0.0,0.0,0.0,0.0,0.0,0.0,0.0,0.0,0.0,los-angeles-rams
Ben Skowronek,#18,WR,2.0,2,2.0,0.0,0.0,60.1,60.0,-,-,-,0.0,0.0,0.0,0.0,0.0,0.0,0.0,0.0,,0.0,0.0,0.0,0.0,,0.0,,0.0,,0.0,0.0,0.0,0.0,0 (0),0.0,0.0,0.0,0.0,0.0,0.0,0.0,0.0,0.0,los-angeles-rams
Hunter Long,#84,TE,1.0,1,1.0,0.0,0.0,60.0,60.0,-,-,-,0.0,0.0,0.0,0.0,0.0,0.0,0.0,0.0,,0.0,0.0,0.0,0.0,,0.0,,0.0,,0.0,0.0,0.0,0.0,0 (0),0.0,0.0,0.0,0.0,0.0,0.0,0.0,0.0,0.0,los-angeles-rams
Demarcus Robinson,#15,WR,1.0,1,1.0,0.0,0.0,60.0,60.0,-,-,-,0.0,0.0,0.0,0.0,0.0,0.0,0.0,0.0,,0.0,0.0,0.0,0.0,,0.0,,0.0,,0.0,0.0,0.0,0.0,0 (0),0.0,0.0,0.0,0.0,0.0,0.0,0.0,0.0,0.0,los-angeles-rams
Zach Evans,#21,HB,1.0,1,1.0,0.0,0.0,59.9,60.0,-,-,-,0.0,0.0,0.0,0.0,0.0,0.0,0.0,0.0,,0.0,0.0,0.0,0.0,,0.0,,0.0,,0.0,0.0,0.0,0.0,0 (0),0.0,0.0,0.0,0.0,0.0,0.0,0.0,0.0,0.0,los-angeles-rams
Brycen Hopkins,#88,TE,1.0,1,1.0,0.0,0.0,59.9,60.0,-,-,-,0.0,0.0,0.0,0.0,0.0,0.0,0.0,0.0,,0.0,0.0,0.0,0.0,,0.0,,0.0,,0.0,0.0,0.0,0.0,0 (0),0.0,0.0,0.0,0.0,0.0,0.0,0.0,0.0,0.0,los-angeles-rams
Derion Kendrick,#01,CB,18.0,871,299.0,1.0,571.0,59.7,65.4,48.3,74.4,60.4,0.0,0.0,0.0,0.0,1.0,49.0,4.0,12.0,18.5,13.0,0.0,69.0,43.0,62.3,623.0,14.5,179.0,48.0,4.0,1.0,7.0,104.9,11 (1),2.0,54.0,0.0,8.0,806.0,0.0,0.0,0.0,2.0,los-angeles-rams
Desjuan Johnson,#94,DI,12.0,105,42.0,63.0,0.0,59.5,62.7,73.1,55.2,-,5.0,2.0,0.0,3.0,0.0,4.0,3.0,0.0,0.0,5.0,1.0,0.0,0.0,,0.0,,0.0,,0.0,0.0,0.0,0.0,0 (0),105.0,0.0,0.0,0.0,0.0,1.0,53.0,41.0,10.0,los-angeles-rams
John Johnson III,#43,S,14.0,574,171.0,6.0,397.0,58.4,57.4,81.6,50.8,58.3,2.0,0.0,0.0,2.0,0.0,32.0,13.0,3.0,6.3,8.0,0.0,28.0,15.0,53.6,134.0,8.9,53.0,28.0,1.0,2.0,3.0,48.8,0 (0),5.0,133.0,357.0,77.0,2.0,0.0,0.0,0.0,5.0,los-angeles-rams
Michael Hoecht,#97,ED,18.0,"1,016",378.0,382.0,256.0,58.2,60.9,34.4,66.8,38.7,43.0,7.0,6.0,30.0,1.0,47.0,23.0,16.0,18.6,30.0,1.0,43.0,35.0,81.4,313.0,8.9,245.0,49.0,2.0,0.0,1.0,112.5,2 (0),950.0,5.0,0.0,61.0,0.0,0.0,0.0,39.0,911.0,los-angeles-rams
Nick Hampton,#31,ED,8.0,70,28.0,32.0,10.0,58.1,52.4,75.7,74.0,53.1,3.0,0.0,1.0,2.0,1.0,3.0,1.0,0.0,0.0,2.0,0.0,1.0,1.0,100.0,11.0,11.0,16.0,11.0,0.0,0.0,0.0,112.5,1 (0),66.0,1.0,0.0,2.0,0.0,0.0,0.0,0.0,66.0,los-angeles-rams
Keir Thomas,#96,ED,9.0,96,32.0,45.0,19.0,57.4,68.9,76.9,53.7,59.1,3.0,0.0,2.0,1.0,0.0,4.0,2.0,0.0,0.0,1.0,0.0,2.0,2.0,100.0,44.0,22.0,16.0,24.0,1.0,0.0,0.0,158.3,1 (0),91.0,0.0,0.0,4.0,0.0,0.0,0.0,0.0,91.0,los-angeles-rams
Cobie Durant,#14,CB,17.0,683,224.0,11.0,448.0,57.0,63.2,52.5,63.0,54.7,3.0,0.0,2.0,1.0,0.0,29.0,11.0,8.0,16.7,3.0,0.0,46.0,30.0,65.2,413.0,13.8,129.0,35.0,1.0,0.0,6.0,101.1,3 (1),11.0,55.0,2.0,349.0,265.0,0.0,0.0,0.0,11.0,los-angeles-rams
Russ Yeast,#02,S,18.0,836,302.0,15.0,519.0,57.0,60.5,30.1,60.4,55.6,3.0,0.0,0.0,3.0,0.0,47.0,21.0,20.0,22.7,10.0,0.0,36.0,26.0,72.2,382.0,14.7,151.0,54.0,1.0,0.0,4.0,115.7,3 (1),15.0,221.0,405.0,194.0,1.0,0.0,0.0,0.0,15.0,los-angeles-rams
Earnest Brown IV,#90,DI,7.0,56,25.0,31.0,0.0,54.8,62.1,71.2,59.6,55.3,2.0,0.0,0.0,2.0,0.0,2.0,2.0,0.0,0.0,0.0,0.0,0.0,0.0,,0.0,,0.0,,0.0,0.0,0.0,0.0,0 (0),56.0,0.0,0.0,0.0,0.0,0.0,13.0,28.0,15.0,los-angeles-rams
Jonah Williams,#92,DI,18.0,636,303.0,333.0,0.0,53.7,61.0,67.3,46.8,60.0,17.0,2.0,2.0,13.0,1.0,35.0,15.0,4.0,7.4,27.0,0.0,0.0,0.0,,0.0,,0.0,,0.0,0.0,0.0,0.0,1 (0),636.0,0.0,0.0,0.0,0.0,4.0,113.0,383.0,136.0,los-angeles-rams
Ochaun Mathis,#32,ED,6.0,75,19.0,53.0,3.0,52.6,58.2,72.8,50.7,64.0,5.0,0.0,1.0,4.0,0.0,1.0,1.0,0.0,0.0,0.0,0.0,0.0,0.0,,0.0,,0.0,,0.0,0.0,0.0,0.0,0 (0),74.0,1.0,0.0,0.0,0.0,0.0,0.0,2.0,72.0,los-angeles-rams
Larrell Murchison,#52,DI,16.0,261,128.0,133.0,0.0,48.6,53.4,62.8,46.2,-,5.0,0.0,0.0,5.0,0.0,12.0,5.0,1.0,5.6,9.0,0.0,0.0,0.0,,0.0,,0.0,,0.0,0.0,0.0,0.0,0 (0),261.0,0.0,0.0,0.0,0.0,1.0,140.0,84.0,36.0,los-angeles-rams
Christian Rozeboom,#56,LB,18.0,579,204.0,36.0,339.0,47.9,42.2,34.8,61.5,51.8,4.0,0.0,2.0,2.0,0.0,59.0,18.0,18.0,18.9,32.0,0.0,49.0,43.0,87.8,340.0,7.9,237.0,22.0,1.0,1.0,2.0,93.9,0 (0),0.0,515.0,0.0,61.0,1.0,0.0,0.0,0.0,0.0,los-angeles-rams
Troy Reeder,#59,LB,9.0,194,98.0,8.0,88.0,45.7,57.0,48.7,62.3,38.7,0.0,0.0,0.0,0.0,0.0,15.0,3.0,3.0,14.3,10.0,0.0,13.0,10.0,76.9,125.0,12.5,68.0,25.0,1.0,0.0,0.0,131.9,0 (0),2.0,180.0,0.0,10.0,0.0,0.0,0.0,0.0,2.0,los-angeles-rams
Tre Tomlinson,#06,CB,5.0,45,6.0,0.0,39.0,44.7,61.4,81.3,-,42.5,0.0,0.0,0.0,0.0,0.0,5.0,0.0,0.0,0.0,1.0,0.0,6.0,5.0,83.3,78.0,15.6,5.0,36.0,1.0,0.0,0.0,158.3,2 (0),0.0,0.0,0.0,0.0,44.0,0.0,0.0,0.0,0.0,los-angeles-rams
Duke Shelley,#26,CB,4.0,76,31.0,0.0,45.0,42.5,71.6,79.7,-,36.9,0.0,0.0,0.0,0.0,0.0,5.0,1.0,0.0,0.0,0.0,0.0,12.0,8.0,66.7,103.0,12.9,18.0,22.0,1.0,0.0,2.0,121.2,0 (0),0.0,5.0,0.0,10.0,61.0,0.0,0.0,0.0,0.0,los-angeles-rams
Cory Durden,#98,DI,4.0,44,21.0,23.0,0.0,36.3,29.3,40.2,57.4,69.5,1.0,0.0,0.0,1.0,0.0,2.0,3.0,1.0,16.7,1.0,0.0,0.0,0.0,,0.0,,0.0,,0.0,0.0,0.0,0.0,0 (0),44.0,0.0,0.0,0.0,0.0,33.0,11.0,0.0,0.0,los-angeles-rams
Jason Taylor II,#25,S,4.0,44,9.0,0.0,35.0,36.1,53.3,56.1,-,41.5,0.0,0.0,0.0,0.0,0.0,4.0,1.0,1.0,16.7,1.0,0.0,3.0,2.0,66.7,44.0,22.0,12.0,26.0,0.0,0.0,0.0,109.7,0 (0),0.0,3.0,35.0,4.0,0.0,0.0,0.0,0.0,0.0,los-angeles-rams
Zach VanValkenburg,#51,ED,9.0,96,42.0,39.0,15.0,31.6,29.7,56.5,61.8,29.4,5.0,1.0,1.0,3.0,0.0,2.0,3.0,1.0,16.7,2.0,0.0,2.0,1.0,50.0,13.0,13.0,13.0,13.0,0.0,0.0,0.0,70.8,0 (0),91.0,1.0,0.0,4.0,0.0,0.0,0.0,0.0,91.0,los-angeles-rams
Khalil Mack,#52,ED,17.0,934,347.0,534.0,53.0,91.8,90.8,72.3,86.3,86.1,88.0,18.0,11.0,59.0,6.0,41.0,14.0,5.0,8.3,52.0,6.0,1.0,1.0,100.0,0.0,0.0,0.0,0.0,0.0,0.0,0.0,79.2,0 (0),912.0,3.0,0.0,18.0,1,0.0,0.0,1.0,911.0,los-angeles-chargers
Alohi Gilman,#32,S,14.0,928,381.0,3.0,544.0,86.1,75.2,66.7,56.6,89.2,0.0,0.0,0.0,0.0,0.0,56.0,15.0,10.0,12.3,15.0,3.0,34.0,22.0,64.7,292.0,13.3,148.0,34.0,3.0,2.0,7.0,96.7,2 (0),4.0,170.0,660.0,92.0,2,0.0,0.0,0.0,4.0,los-angeles-chargers
Joey Bosa,#97,ED,9.0,320,102.0,208.0,10.0,78.4,70.7,66.8,80.3,65.4,24.0,7.0,3.0,14.0,0.0,12.0,3.0,1.0,6.3,18.0,1.0,0.0,0.0,,0.0,,0.0,,0.0,0.0,0.0,0.0,4 (1),318.0,0.0,0.0,2.0,0,0.0,0.0,1.0,317.0,los-angeles-chargers
Asante Samuel Jr.,#26,CB,17.0,"1,111",438.0,1.0,672.0,73.9,60.6,42.7,59.1,75.6,0.0,0.0,0.0,0.0,0.0,56.0,8.0,14.0,17.9,10.0,0.0,85.0,55.0,64.7,737.0,13.4,293.0,70.0,4.0,2.0,11.0,98.0,4 (1),10.0,57.0,0.0,24.0,"1,020",0.0,0.0,0.0,10.0,los-angeles-chargers
Amen Ogbongbemiga,#57,LB,3.0,6,5.0,0.0,1.0,72.6,65.8,74.9,-,60.0,0.0,0.0,0.0,0.0,0.0,1.0,0.0,0.0,0.0,0.0,0.0,0.0,0.0,,0.0,,0.0,,0.0,0.0,0.0,0.0,0 (0),0.0,5.0,0.0,0.0,0,0.0,0.0,0.0,0.0,los-angeles-chargers
Eric Kendricks,#06,LB,15.0,847,322.0,60.0,465.0,72.3,73.6,83.4,82.5,62.1,16.0,4.0,3.0,9.0,1.0,82.0,27.0,7.0,6.0,39.0,1.0,64.0,50.0,78.1,530.0,10.6,340.0,41.0,0.0,0.0,5.0,101.2,1 (0),32.0,729.0,1.0,81.0,4,0.0,0.0,0.0,32.0,los-angeles-chargers
Nick Niemann,#31,LB,9.0,247,85.0,18.0,144.0,71.6,64.5,80.2,66.0,71.2,5.0,0.0,2.0,3.0,0.0,23.0,11.0,1.0,2.9,8.0,0.0,14.0,12.0,85.7,102.0,8.5,78.0,33.0,0.0,0.0,0.0,97.0,0 (0),15.0,213.0,0.0,18.0,0,0.0,0.0,0.0,15.0,los-angeles-chargers
Tuli Tuipulotu,#45,ED,17.0,852,339.0,444.0,69.0,71.0,88.4,41.3,61.1,30.1,51.0,8.0,7.0,36.0,1.0,39.0,10.0,13.0,21.0,34.0,2.0,13.0,11.0,84.6,87.0,7.9,66.0,19.0,1.0,0.0,0.0,120.2,1 (0),810.0,18.0,0.0,18.0,6,0.0,5.0,9.0,796.0,los-angeles-chargers
Daiyan Henley,#00,LB,6.0,54,18.0,3.0,33.0,69.9,64.5,83.1,55.2,69.4,0.0,0.0,0.0,0.0,0.0,8.0,2.0,0.0,0.0,4.0,0.0,7.0,5.0,71.4,20.0,4.0,23.0,8.0,0.0,0.0,0.0,74.1,0 (0),3.0,46.0,0.0,4.0,0,0.0,0.0,0.0,3.0,los-angeles-chargers
AJ Finley,#24,S,5.0,27,7.0,0.0,20.0,64.3,60.1,-,-,62.6,0.0,0.0,0.0,0.0,0.0,0.0,0.0,0.0,,0.0,0.0,0.0,0.0,,0.0,,0.0,,0.0,0.0,0.0,0.0,0 (0),0.0,5.0,18.0,3.0,0,0.0,0.0,0.0,0.0,los-angeles-chargers
Andrew Farmer,#92,ED,7.0,61,30.0,28.0,3.0,63.1,71.8,27.4,55.8,51.3,2.0,0.0,0.0,2.0,0.0,1.0,1.0,2.0,50.0,1.0,0.0,0.0,0.0,,0.0,,0.0,,0.0,0.0,0.0,0.0,0 (0),59.0,0.0,0.0,1.0,0,0.0,0.0,0.0,59.0,los-angeles-chargers
Essang Bassey,#27,CB,8.0,210,69.0,5.0,136.0,61.6,54.2,36.0,49.8,63.8,1.0,0.0,0.0,1.0,0.0,11.0,3.0,4.0,22.2,3.0,0.0,14.0,9.0,64.3,141.0,15.7,96.0,54.0,1.0,0.0,1.0,121.4,1 (0),5.0,28.0,0.0,176.0,1,0.0,0.0,0.0,5.0,los-angeles-chargers
Raheem Layne,#41,S,3.0,76,24.0,1.0,51.0,61.5,68.1,80.1,60.0,62.6,0.0,0.0,0.0,0.0,0.0,5.0,0.0,0.0,0.0,1.0,0.0,1.0,1.0,100.0,9.0,9.0,2.0,9.0,0.0,0.0,0.0,104.2,1 (0),3.0,13.0,52.0,8.0,0,0.0,0.0,0.0,3.0,los-angeles-chargers
Dean Marlowe,#20,S,9.0,298,94.0,0.0,204.0,60.7,63.9,67.0,82.0,57.5,1.0,1.0,0.0,0.0,0.0,32.0,2.0,4.0,10.5,11.0,0.0,12.0,10.0,83.3,88.0,8.8,38.0,27.0,1.0,0.0,0.0,125.0,0 (0),4.0,71.0,194.0,26.0,2,0.0,0.0,0.0,4.0,los-angeles-chargers
Derwin James Jr.,#03,S,16.0,"1,001",400.0,41.0,560.0,60.1,74.4,69.9,69.5,57.0,7.0,2.0,1.0,4.0,1.0,92.0,27.0,14.0,10.5,30.0,0.0,57.0,40.0,70.2,468.0,11.7,200.0,46.0,1.0,1.0,5.0,93.3,8 (1),62.0,304.0,385.0,225.0,25,0.0,0.0,0.0,62.0,los-angeles-chargers
Derius Davis,#12,WR,1.0,1,1.0,0.0,0.0,60.0,60.0,-,-,-,0.0,0.0,0.0,0.0,0.0,0.0,0.0,0.0,,0.0,0.0,0.0,0.0,,0.0,,0.0,,0.0,0.0,0.0,0.0,0 (0),0.0,0.0,0.0,0.0,0,0.0,0.0,0.0,0.0,los-angeles-chargers
Stone Smartt,#84,TE,1.0,1,1.0,0.0,0.0,60.0,60.0,-,-,-,0.0,0.0,0.0,0.0,0.0,0.0,0.0,0.0,,0.0,0.0,0.0,0.0,,0.0,,0.0,,0.0,0.0,0.0,0.0,0 (0),0.0,0.0,0.0,0.0,0,0.0,0.0,0.0,0.0,los-angeles-chargers
Blake Lynch,#53,LB,1.0,1,1.0,0.0,0.0,60.0,60.0,-,-,-,0.0,0.0,0.0,0.0,0.0,0.0,0.0,0.0,,0.0,0.0,0.0,0.0,,0.0,,0.0,,0.0,0.0,0.0,0.0,0 (0),0.0,0.0,0.0,0.0,0,0.0,0.0,0.0,0.0,los-angeles-chargers
Sebastian Joseph-Day,#51,DI,14.0,560,238.0,321.0,1.0,59.7,54.0,56.5,64.0,60.0,25.0,3.0,7.0,15.0,0.0,19.0,12.0,3.0,8.8,18.0,0.0,0.0,0.0,,0.0,,0.0,,0.0,0.0,0.0,0.0,1 (0),560.0,0.0,0.0,0.0,0,3.0,339.0,191.0,27.0,los-angeles-chargers
Nick Williams,#95,DI,14.0,399,204.0,195.0,0.0,59.7,51.0,39.8,63.5,81.3,10.0,1.0,0.0,9.0,0.0,18.0,9.0,3.0,10.0,12.0,0.0,0.0,0.0,,0.0,,0.0,,0.0,0.0,0.0,0.0,0 (0),399.0,0.0,0.0,0.0,0,200.0,187.0,12.0,0.0,los-angeles-chargers
Chris Rumph II,#94,ED,6.0,103,33.0,63.0,7.0,58.2,50.4,76.9,59.9,64.4,5.0,0.0,0.0,5.0,0.0,4.0,4.0,0.0,0.0,4.0,0.0,0.0,0.0,,0.0,,0.0,,0.0,0.0,0.0,0.0,0 (0),103.0,0.0,0.0,0.0,0,0.0,0.0,0.0,103.0,los-angeles-chargers
Morgan Fox,#56,DI,17.0,437,115.0,319.0,3.0,58.0,43.1,30.0,64.6,68.1,37.0,5.0,6.0,26.0,0.0,7.0,2.0,3.0,25.0,8.0,0.0,0.0,0.0,,0.0,,0.0,,0.0,0.0,0.0,0.0,1 (0),435.0,2.0,0.0,0.0,0,14.0,224.0,162.0,35.0,los-angeles-chargers
Deane Leonard,#33,CB,6.0,222,94.0,1.0,127.0,57.3,45.3,43.4,60.0,60.0,0.0,0.0,0.0,0.0,0.0,16.0,3.0,5.0,20.8,6.0,0.0,24.0,15.0,62.5,147.0,9.8,56.0,27.0,1.0,0.0,3.0,93.6,2 (1),4.0,16.0,0.0,4.0,197,0.0,0.0,0.0,4.0,los-angeles-chargers
Christopher Hinton,#91,DI,3.0,81,46.0,34.0,1.0,56.8,57.6,72.2,55.2,60.0,0.0,0.0,0.0,0.0,0.0,6.0,4.0,0.0,0.0,3.0,0.0,0.0,0.0,,0.0,,0.0,,0.0,0.0,0.0,0.0,0 (0),81.0,0.0,0.0,0.0,0,44.0,36.0,1.0,0.0,los-angeles-chargers
Michael Davis,#43,CB,15.0,886,334.0,2.0,550.0,56.5,64.1,51.7,77.8,54.3,2.0,0.0,0.0,2.0,0.0,56.0,4.0,10.0,14.3,18.0,0.0,93.0,61.0,65.6,788.0,12.9,227.0,49.0,9.0,1.0,7.0,119.8,7 (3),12.0,81.0,0.0,19.0,774,0.0,0.0,0.0,12.0,los-angeles-chargers
Ja'Sir Taylor,#36,CB,13.0,534,157.0,16.0,361.0,56.2,47.3,29.9,53.4,58.0,4.0,0.0,2.0,2.0,0.0,24.0,2.0,8.0,23.5,9.0,0.0,53.0,32.0,60.4,360.0,11.3,181.0,47.0,0.0,1.0,8.0,72.8,3 (1),9.0,58.0,2.0,436.0,28,0.0,0.0,0.0,9.0,los-angeles-chargers
JT Woods,#22,S,3.0,61,13.0,0.0,48.0,54.8,61.1,44.5,-,54.9,0.0,0.0,0.0,0.0,0.0,5.0,0.0,2.0,28.6,0.0,0.0,1.0,1.0,100.0,9.0,9.0,0.0,9.0,0.0,0.0,0.0,104.2,0 (0),0.0,10.0,44.0,7.0,0,0.0,0.0,0.0,0.0,los-angeles-chargers
Jaylinn Hawkins,#37,S,7.0,107,47.0,0.0,60.0,54.0,68.3,71.1,-,51.2,0.0,0.0,0.0,0.0,0.0,5.0,5.0,1.0,9.1,1.0,0.0,2.0,1.0,50.0,15.0,15.0,0.0,15.0,0.0,0.0,1.0,75.0,0 (0),0.0,13.0,82.0,11.0,1,0.0,0.0,0.0,0.0,los-angeles-chargers
Kenneth Murray Jr.,#09,LB,15.0,968,380.0,79.0,509.0,52.1,48.2,68.2,63.9,54.4,14.0,3.0,2.0,9.0,0.0,84.0,23.0,11.0,9.3,46.0,0.0,69.0,56.0,81.2,660.0,11.8,459.0,60.0,4.0,1.0,1.0,119.8,1 (0),62.0,842.0,1.0,59.0,4,0.0,0.0,0.0,62.0,los-angeles-chargers
J.C. Jackson,#29,CB,2.0,85,36.0,0.0,49.0,51.6,60.4,57.4,58.8,49.8,0.0,0.0,0.0,0.0,0.0,3.0,0.0,1.0,25.0,1.0,0.0,13.0,6.0,46.2,118.0,19.7,43.0,35.0,1.0,1.0,2.0,72.0,1 (0),1.0,7.0,0.0,4.0,73,0.0,0.0,0.0,1.0,los-angeles-chargers
Otito Ogbonnia,#93,DI,8.0,223,119.0,104.0,0.0,50.4,43.6,75.5,60.1,61.7,8.0,0.0,2.0,6.0,0.0,15.0,3.0,0.0,0.0,9.0,0.0,0.0,0.0,,0.0,,0.0,,0.0,0.0,0.0,0.0,0 (0),223.0,0.0,0.0,0.0,0,2.0,150.0,69.0,2.0,los-angeles-chargers
Ty Shelby,#59,ED,1.0,10,4.0,5.0,1.0,49.0,61.0,69.9,65.5,47.0,1.0,0.0,0.0,1.0,0.0,1.0,0.0,0.0,0.0,1.0,0.0,0.0,0.0,,0.0,,0.0,,0.0,0.0,0.0,0.0,0 (0),10.0,0.0,0.0,0.0,0,0.0,0.0,0.0,10.0,los-angeles-chargers
Justin Hollins,#58,ED,7.0,113,40.0,62.0,11.0,47.2,66.7,34.4,47.0,46.3,6.0,1.0,0.0,5.0,0.0,5.0,1.0,2.0,25.0,3.0,0.0,2.0,1.0,50.0,9.0,9.0,5.0,9.0,0.0,0.0,0.0,62.5,1 (0),112.0,0.0,0.0,1.0,0,0.0,0.0,0.0,112.0,los-angeles-chargers
Austin Johnson,#98,DI,17.0,641,307.0,334.0,0.0,45.7,48.4,59.9,49.3,60.0,16.0,0.0,1.0,15.0,2.0,29.0,15.0,3.0,6.4,17.0,0.0,0.0,0.0,,0.0,,0.0,,0.0,0.0,0.0,0.0,2 (0),641.0,0.0,0.0,0.0,0,95.0,428.0,116.0,2.0,los-angeles-chargers
Scott Matlock,#99,DI,12.0,266,134.0,131.0,1.0,36.8,38.8,62.5,46.5,56.5,3.0,0.0,1.0,2.0,0.0,10.0,7.0,2.0,10.5,6.0,0.0,0.0,0.0,,0.0,,0.0,,0.0,0.0,0.0,0.0,0 (0),266.0,0.0,0.0,0.0,0,2.0,175.0,85.0,4.0,los-angeles-chargers
Brevin Allen,#90,ED,2.0,12,7.0,4.0,1.0,29.8,36.4,-,55.3,60.0,0.0,0.0,0.0,0.0,0.0,0.0,0.0,0.0,,0.0,0.0,0.0,0.0,,0.0,,0.0,,0.0,0.0,0.0,0.0,0 (0),12.0,0.0,0.0,0.0,0,0.0,0.0,0.0,12.0,los-angeles-chargers
Andrew Van Ginkel,#43,ED,17.0,727.0,259.0,321.0,147.0,91.1,76.3,49.9,90.6,87.3,53.0,8.0,13.0,32.0,5.0,48.0,14.0,9.0,12.7,31.0,0.0,16.0,12.0,75.0,62.0,5.2,47.0,13.0,0.0,1.0,4.0,54.7,1 (0),561.0,105.0,3.0,56.0,1.0,0.0,0.0,0.0,561.0,miami-dolphins
Ethan Bonner,#38,CB,2.0,23.0,11.0,0.0,12.0,91.0,92.7,76.7,-,81.3,0.0,0.0,0.0,0.0,0.0,2.0,1.0,0.0,0.0,1.0,1.0,3.0,1.0,33.3,7.0,7.0,5.0,7.0,0.0,0.0,1.0,42.4,0 (0),0.0,1.0,0.0,0.0,21.0,0.0,0.0,0.0,0.0,miami-dolphins
Jevon Holland,#08,S,12.0,707.0,267.0,6.0,434.0,90.4,82.5,84.0,51.7,89.9,1.0,0.0,0.0,1.0,0.0,57.0,14.0,6.0,7.8,12.0,3.0,32.0,22.0,68.8,240.0,10.9,120.0,46.0,3.0,1.0,3.0,108.9,0 (0),8.0,211.0,362.0,121.0,5.0,0.0,0.0,0.0,8.0,miami-dolphins
Bradley Chubb,#02,ED,16.0,837.0,305.0,475.0,57.0,88.8,71.1,51.8,84.9,88.5,70.0,13.0,13.0,44.0,1.0,39.0,22.0,12.0,16.4,39.0,6.0,5.0,4.0,80.0,10.0,2.5,18.0,9.0,0.0,0.0,0.0,79.2,4 (1),816.0,5.0,0.0,15.0,0.0,0.0,0.0,2.0,814.0,miami-dolphins
Da'Shawn Hand,#93,DI,16.0,219.0,100.0,119.0,0.0,87.6,84.3,35.4,68.5,64.3,9.0,1.0,2.0,6.0,1.0,11.0,7.0,3.0,14.3,8.0,0.0,0.0,0.0,,0.0,,0.0,,0.0,0.0,1.0,0.0,0 (0),219.0,0.0,0.0,0.0,0.0,5.0,184.0,30.0,0.0,miami-dolphins
Jaelan Phillips,#15,ED,8.0,366.0,126.0,208.0,32.0,79.8,77.7,77.5,71.2,64.6,27.0,7.0,4.0,16.0,1.0,26.0,9.0,1.0,2.8,22.0,0.0,1.0,1.0,100.0,9.0,9.0,2.0,9.0,0.0,1.0,0.0,64.6,1 (1),350.0,3.0,0.0,13.0,0.0,0.0,0.0,1.0,349.0,miami-dolphins
Calvin Munson,#50,LB,2.0,12.0,3.0,0.0,9.0,79.4,73.3,75.0,-,65.7,0.0,0.0,0.0,0.0,0.0,1.0,1.0,0.0,0.0,1.0,0.0,0.0,0.0,,0.0,,0.0,,0.0,0.0,0.0,0.0,0 (0),0.0,12.0,0.0,0.0,0.0,0.0,0.0,0.0,0.0,miami-dolphins
Channing Tindall,#41,LB,2.0,12.0,7.0,0.0,5.0,78.2,74.2,79.0,-,64.3,0.0,0.0,0.0,0.0,0.0,2.0,2.0,0.0,0.0,2.0,0.0,0.0,0.0,,0.0,,0.0,,0.0,0.0,0.0,0.0,0 (0),0.0,11.0,0.0,1.0,0.0,0.0,0.0,0.0,0.0,miami-dolphins
Brandon Jones,#29,S,14.0,542.0,201.0,11.0,330.0,75.4,64.4,54.1,75.7,76.2,4.0,0.0,2.0,2.0,0.0,48.0,6.0,11.0,16.9,15.0,2.0,14.0,10.0,71.4,55.0,5.5,29.0,9.0,1.0,2.0,0.0,62.2,1 (0),6.0,119.0,361.0,54.0,1.0,0.0,0.0,0.0,6.0,miami-dolphins
Justin Houston,#52,ED,1.0,22.0,9.0,13.0,0.0,74.1,72.9,72.4,58.2,77.9,0.0,0.0,0.0,0.0,0.0,1.0,0.0,0.0,0.0,1.0,0.0,0.0,0.0,,0.0,,0.0,,0.0,0.0,0.0,0.0,0 (0),22.0,0.0,0.0,0.0,0.0,0.0,0.0,0.0,22.0,miami-dolphins
Cam Smith,#24,CB,5.0,22.0,7.0,0.0,15.0,73.3,61.3,75.2,-,73.7,0.0,0.0,0.0,0.0,0.0,2.0,0.0,0.0,0.0,2.0,0.0,3.0,3.0,100.0,24.0,8.0,16.0,11.0,0.0,0.0,0.0,100.0,0 (0),0.0,2.0,0.0,0.0,18.0,0.0,0.0,0.0,0.0,miami-dolphins
Christian Wilkins,#94,DI,18.0,968.0,358.0,609.0,1.0,71.8,69.5,54.8,70.8,64.5,61.0,10.0,17.0,34.0,2.0,40.0,15.0,7.0,11.3,34.0,1.0,0.0,0.0,,0.0,,0.0,,0.0,0.0,0.0,0.0,7 (0),966.0,0.0,0.0,0.0,0.0,31.0,661.0,254.0,20.0,miami-dolphins
Cameron Goode,#53,ED,9.0,75.0,24.0,40.0,11.0,71.7,73.2,74.2,63.1,64.6,4.0,0.0,2.0,2.0,0.0,1.0,2.0,1.0,25.0,1.0,0.0,0.0,0.0,,0.0,,0.0,,0.0,0.0,0.0,0.0,0 (0),70.0,0.0,0.0,5.0,0.0,0.0,0.0,0.0,70.0,miami-dolphins
Duke Riley,#45,LB,16.0,473.0,185.0,46.0,242.0,71.5,69.3,41.8,76.0,64.2,9.0,0.0,2.0,7.0,0.0,38.0,9.0,10.0,17.5,20.0,1.0,29.0,24.0,82.8,269.0,11.2,185.0,29.0,1.0,0.0,1.0,116.8,0 (0),5.0,451.0,0.0,10.0,5.0,0.0,0.0,0.0,5.0,miami-dolphins
Braxton Berrios,#00,WR,2.0,2.0,1.0,0.0,1.0,70.6,60.0,-,-,60.7,0.0,0.0,0.0,0.0,0.0,0.0,0.0,0.0,,0.0,0.0,0.0,0.0,,0.0,,0.0,,0.0,0.0,0.0,0.0,0 (0),0.0,0.0,0.0,0.0,0.0,0.0,0.0,0.0,0.0,miami-dolphins
DeShon Elliott,#21,S,16.0,987.0,367.0,1.0,619.0,68.6,83.5,73.4,66.9,60.3,1.0,0.0,0.0,1.0,0.0,63.0,30.0,9.0,8.8,11.0,0.0,36.0,24.0,66.7,314.0,13.1,114.0,49.0,3.0,1.0,6.0,110.2,1 (0),13.0,266.0,589.0,113.0,6.0,0.0,0.0,0.0,13.0,miami-dolphins
Zach Sieler,#92,DI,18.0,924.0,351.0,573.0,0.0,68.3,63.4,29.9,67.1,68.6,60.0,9.0,12.0,39.0,4.0,37.0,15.0,10.0,16.1,37.0,1.0,0.0,0.0,,0.0,,0.0,,0.0,1.0,0.0,0.0,3 (1),920.0,2.0,0.0,0.0,0.0,13.0,711.0,173.0,23.0,miami-dolphins
Justin Bethel,#20,CB,10.0,126.0,35.0,5.0,86.0,67.6,65.6,85.2,90.9,62.0,2.0,1.0,0.0,1.0,0.0,9.0,3.0,0.0,0.0,5.0,0.0,9.0,8.0,88.9,78.0,9.8,18.0,24.0,3.0,0.0,0.0,142.4,0 (0),0.0,30.0,1.0,88.0,5.0,0.0,0.0,0.0,0.0,miami-dolphins
Jerome Baker,#55,LB,13.0,713.0,262.0,54.0,397.0,66.6,56.7,58.0,57.9,74.4,11.0,2.0,2.0,7.0,0.0,61.0,12.0,10.0,12.0,32.0,0.0,51.0,45.0,88.2,354.0,7.9,223.0,35.0,2.0,2.0,0.0,92.3,2 (2),11.0,653.0,3.0,40.0,6.0,0.0,1.0,0.0,10.0,miami-dolphins
Jalen Ramsey,#05,CB,11.0,659.0,236.0,2.0,421.0,65.6,68.8,66.3,55.9,65.0,0.0,0.0,0.0,0.0,0.0,21.0,5.0,2.0,7.1,5.0,0.0,42.0,23.0,54.8,272.0,11.8,77.0,36.0,1.0,3.0,2.0,52.9,5 (3),1.0,40.0,2.0,15.0,601.0,0.0,0.0,0.0,1.0,miami-dolphins
Kader Kohou,#04,CB,18.0,985.0,328.0,17.0,640.0,64.8,69.8,42.6,88.7,62.0,5.0,1.0,4.0,0.0,1.0,60.0,9.0,13.0,15.9,23.0,0.0,85.0,71.0,83.5,791.0,11.1,342.0,55.0,7.0,0.0,2.0,132.9,4 (2),4.0,91.0,1.0,647.0,242.0,0.0,0.0,0.0,4.0,miami-dolphins
David Long Jr.,#51,LB,18.0,899.0,357.0,88.0,454.0,62.5,92.6,58.3,62.1,29.8,23.0,1.0,5.0,17.0,1.0,84.0,33.0,17.0,12.7,48.0,1.0,53.0,42.0,79.2,509.0,12.1,310.0,48.0,1.0,0.0,0.0,113.0,2 (0),24.0,696.0,0.0,175.0,4.0,0.0,0.0,0.0,24.0,miami-dolphins
Parry Nickerson,#34,CB,3.0,84.0,25.0,6.0,53.0,61.1,65.8,79.9,68.4,58.0,0.0,0.0,0.0,0.0,0.0,5.0,0.0,0.0,0.0,1.0,0.0,5.0,3.0,60.0,30.0,10.0,13.0,16.0,0.0,0.0,0.0,77.1,2 (0),0.0,7.0,1.0,63.0,13.0,0.0,0.0,0.0,0.0,miami-dolphins
Malik Reed,#47,ED,1.0,31.0,19.0,12.0,0.0,58.6,59.7,75.5,64.3,48.5,0.0,0.0,0.0,0.0,0.0,2.0,1.0,0.0,0.0,1.0,0.0,0.0,0.0,,0.0,,0.0,,0.0,0.0,0.0,0.0,0 (0),28.0,0.0,0.0,3.0,0.0,0.0,0.0,0.0,28.0,miami-dolphins
Raekwon Davis,#98,DI,18.0,531.0,251.0,280.0,0.0,57.5,51.5,59.6,60.3,69.9,24.0,1.0,4.0,19.0,0.0,21.0,8.0,1.0,3.3,17.0,0.0,0.0,0.0,,0.0,,0.0,,0.0,0.0,0.0,0.0,0 (0),529.0,0.0,0.0,0.0,0.0,173.0,321.0,32.0,3.0,miami-dolphins
Chase Winovich,#50,ED,2.0,5.0,3.0,2.0,0.0,57.2,60.0,-,56.2,-,0.0,0.0,0.0,0.0,0.0,0.0,0.0,0.0,,0.0,0.0,0.0,0.0,,0.0,,0.0,,0.0,0.0,0.0,0.0,0 (0),5.0,0.0,0.0,0.0,0.0,0.0,0.0,0.0,5.0,miami-dolphins
Jason Pierre-Paul,#90,ED,2.0,5.0,3.0,2.0,0.0,56.6,60.0,-,56.2,-,0.0,0.0,0.0,0.0,0.0,0.0,0.0,0.0,,0.0,0.0,0.0,0.0,,0.0,,0.0,,0.0,0.0,0.0,0.0,0 (0),4.0,1.0,0.0,0.0,0.0,0.0,0.0,0.0,4.0,miami-dolphins
Elijah Campbell,#22,S,11.0,141.0,44.0,0.0,97.0,56.2,52.1,53.3,-,57.9,0.0,0.0,0.0,0.0,0.0,7.0,2.0,2.0,18.2,1.0,0.0,10.0,7.0,70.0,97.0,13.9,36.0,46.0,0.0,0.0,1.0,100.8,0 (0),0.0,31.0,86.0,23.0,0.0,0.0,0.0,0.0,0.0,miami-dolphins
Brandon Pili,#96,DI,4.0,29.0,16.0,13.0,0.0,55.6,59.4,69.0,52.3,-,1.0,0.0,0.0,1.0,0.0,2.0,0.0,0.0,0.0,2.0,0.0,0.0,0.0,,0.0,,0.0,,0.0,0.0,0.0,0.0,0 (0),29.0,0.0,0.0,0.0,0.0,2.0,21.0,6.0,0.0,miami-dolphins
Emmanuel Ogbah,#91,ED,15.0,286.0,108.0,172.0,6.0,55.4,41.4,29.1,63.6,74.7,20.0,6.0,2.0,12.0,2.0,6.0,11.0,6.0,26.1,11.0,1.0,0.0,0.0,,0.0,,0.0,,0.0,1.0,0.0,0.0,1 (0),280.0,0.0,0.0,4.0,0.0,0.0,0.0,1.0,279.0,miami-dolphins
Xavien Howard,#25,CB,13.0,743.0,266.0,2.0,475.0,55.1,63.9,52.9,78.9,51.9,1.0,0.0,1.0,0.0,0.0,38.0,4.0,7.0,14.3,8.0,0.0,71.0,44.0,62.0,502.0,11.4,195.0,45.0,2.0,1.0,8.0,86.7,7 (2),2.0,70.0,1.0,3.0,667.0,0.0,0.0,0.0,2.0,miami-dolphins
Kelvin Joseph,#09,CB,2.0,21.0,9.0,0.0,12.0,54.2,61.5,75.1,-,52.4,0.0,0.0,0.0,0.0,0.0,2.0,0.0,0.0,0.0,0.0,0.0,2.0,2.0,100.0,39.0,19.5,5.0,34.0,0.0,0.0,0.0,118.8,0 (0),0.0,1.0,0.0,0.0,20.0,0.0,0.0,0.0,0.0,miami-dolphins
Melvin Ingram III,#09,ED,4.0,150.0,67.0,75.0,8.0,53.2,61.1,51.9,52.7,41.9,6.0,1.0,0.0,5.0,0.0,7.0,0.0,1.0,12.5,3.0,0.0,1.0,1.0,100.0,26.0,26.0,5.0,26.0,0.0,0.0,0.0,118.8,0 (0),140.0,4.0,0.0,6.0,0.0,0.0,0.0,0.0,140.0,miami-dolphins
Eli Apple,#33,CB,11.0,624.0,240.0,0.0,384.0,51.7,88.7,40.1,84.7,43.4,1.0,1.0,0.0,0.0,0.0,42.0,8.0,10.0,16.7,14.0,0.0,76.0,50.0,65.8,658.0,13.2,277.0,75.0,4.0,1.0,6.0,105.0,5 (1),3.0,34.0,0.0,11.0,576.0,0.0,0.0,0.0,3.0,miami-dolphins
Nik Needham,#40,CB,11.0,73.0,11.0,2.0,60.0,50.8,61.7,56.8,56.3,49.7,0.0,0.0,0.0,0.0,0.0,6.0,1.0,0.0,0.0,2.0,0.0,8.0,6.0,75.0,44.0,7.3,13.0,14.0,0.0,0.0,0.0,87.5,1 (0),2.0,10.0,1.0,57.0,2.0,0.0,0.0,0.0,2.0,miami-dolphins
Bruce Irvin,#46,ED,1.0,12.0,1.0,11.0,0.0,38.8,60.0,-,48.9,-,0.0,0.0,0.0,0.0,0.0,0.0,0.0,0.0,,0.0,0.0,0.0,0.0,,0.0,,0.0,,0.0,0.0,0.0,0.0,0 (0),12.0,0.0,0.0,0.0,0.0,0.0,0.0,0.0,12.0,miami-dolphins
Danielle Hunter,#99,ED,17.0,"1,004",376.0,614.0,14.0,78.0,51.7,60.1,79.1,75.0,80.0,18.0,7.0,55.0,1.0,51.0,16.0,7.0,9.5,50.0,4.0,2.0,2.0,100.0,32.0,16.0,15.0,22.0,0.0,0.0,0.0,118.8,1 (0),951.0,53.0,0.0,0.0,0.0,0.0,5.0,87.0,859.0,minnesota-vikings
Ivan Pace Jr.,#40,LB,17.0,704,276.0,109.0,319.0,77.1,61.2,67.0,78.0,77.7,15.0,3.0,6.0,6.0,0.0,70.0,26.0,10.0,9.4,30.0,1.0,37.0,32.0,86.5,182.0,5.7,153.0,13.0,0.0,1.0,1.0,75.9,1 (1),59.0,641.0,1.0,3.0,0.0,0.0,0.0,0.0,59.0,minnesota-vikings
Jordan Hicks,#58,LB,13.0,813,324.0,123.0,366.0,74.6,74.2,71.3,64.2,70.2,14.0,1.0,1.0,12.0,1.0,75.0,37.0,11.0,8.9,33.0,1.0,41.0,34.0,82.9,402.0,11.8,186.0,39.0,2.0,1.0,2.0,113.6,1 (0),121.0,665.0,6.0,21.0,0.0,0.0,0.0,1.0,120.0,minnesota-vikings
Camryn Bynum,#24,S,17.0,"1,120",420.0,9.0,691.0,73.2,79.1,70.4,56.1,69.7,1.0,1.0,0.0,0.0,0.0,104.0,25.0,16.0,11.0,23.0,3.0,78.0,63.0,80.8,554.0,8.8,279.0,33.0,2.0,2.0,6.0,94.1,0 (0),42.0,186.0,561.0,282.0,49.0,0.0,0.0,0.0,42.0,minnesota-vikings
Mekhi Blackmon,#05,CB,15.0,434,104.0,1.0,329.0,71.8,63.9,90.3,60.0,71.8,0.0,0.0,0.0,0.0,0.0,37.0,8.0,0.0,0.0,10.0,0.0,44.0,28.0,63.6,285.0,10.2,93.0,33.0,2.0,1.0,8.0,87.8,0 (0),4.0,30.0,0.0,18.0,382.0,0.0,0.0,0.0,4.0,minnesota-vikings
Anthony Barr,#54,LB,4.0,48,10.0,20.0,18.0,70.6,59.9,70.5,52.8,82.5,1.0,0.0,0.0,1.0,0.0,1.0,0.0,0.0,0.0,1.0,0.0,1.0,1.0,100.0,5.0,5.0,3.0,5.0,0.0,0.0,0.0,87.5,0 (0),37.0,9.0,0.0,2.0,0.0,0.0,0.0,0.0,37.0,minnesota-vikings
Josh Metellus,#44,S,17.0,"1,063",391.0,116.0,556.0,69.2,67.8,67.5,75.8,64.5,29.0,3.0,7.0,19.0,0.0,86.0,21.0,11.0,9.3,45.0,4.0,97.0,84.0,86.6,747.0,8.9,532.0,60.0,5.0,1.0,3.0,111.6,1 (1),206.0,377.0,55.0,396.0,29.0,0.0,1.0,0.0,205.0,minnesota-vikings
Harrison Smith,#22,S,17.0,"1,111",419.0,99.0,593.0,68.9,66.2,61.2,58.6,69.5,12.0,3.0,3.0,6.0,1.0,64.0,21.0,12.0,12.4,30.0,3.0,49.0,32.0,65.3,262.0,8.2,173.0,36.0,0.0,0.0,1.0,78.8,1 (0),185.0,390.0,346.0,151.0,39.0,0.0,0.0,0.0,185.0,minnesota-vikings
Andrew Booth Jr.,#23,CB,10.0,151,52.0,0.0,99.0,68.6,59.8,81.6,-,69.1,0.0,0.0,0.0,0.0,0.0,8.0,0.0,0.0,0.0,2.0,0.0,8.0,4.0,50.0,30.0,7.5,10.0,11.0,0.0,0.0,1.0,59.4,0 (0),0.0,21.0,0.0,9.0,121.0,0.0,0.0,0.0,0.0,minnesota-vikings
Jay Ward,#20,S,6.0,35,11.0,2.0,22.0,67.8,63.9,78.0,54.6,74.7,1.0,0.0,0.0,1.0,0.0,2.0,1.0,0.0,0.0,1.0,0.0,2.0,2.0,100.0,26.0,13.0,22.0,25.0,1.0,0.0,0.0,158.3,1 (1),1.0,8.0,6.0,17.0,3.0,0.0,0.0,0.0,1.0,minnesota-vikings
Khyiris Tonga,#95,DI,13.0,188,109.0,79.0,0.0,67.7,58.1,74.3,70.4,71.6,9.0,0.0,2.0,7.0,0.0,12.0,2.0,0.0,0.0,6.0,0.0,0.0,0.0,,0.0,,0.0,,0.0,0.0,0.0,0.0,0 (0),188.0,0.0,0.0,0.0,0.0,42.0,110.0,35.0,1.0,minnesota-vikings
Theo Jackson,#25,S,15.0,125,20.0,5.0,100.0,67.6,47.3,32.8,65.0,69.2,1.0,0.0,1.0,0.0,0.0,11.0,3.0,4.0,22.2,5.0,0.0,14.0,12.0,85.7,145.0,12.1,81.0,54.0,0.0,1.0,0.0,80.1,0 (0),27.0,33.0,10.0,45.0,10.0,0.0,0.0,0.0,27.0,minnesota-vikings
Lewis Cine,#06,S,1.0,8,7.0,0.0,1.0,66.3,63.2,73.3,-,60.0,0.0,0.0,0.0,0.0,0.0,1.0,0.0,0.0,0.0,1.0,0.0,0.0,0.0,,0.0,,0.0,,0.0,0.0,0.0,0.0,0 (0),0.0,7.0,1.0,0.0,0.0,0.0,0.0,0.0,0.0,minnesota-vikings
D.J. Wonnum,#98,ED,15.0,826,278.0,465.0,83.0,62.3,68.6,66.1,56.8,53.4,38.0,9.0,6.0,23.0,5.0,36.0,17.0,6.0,10.2,32.0,0.0,13.0,11.0,84.6,109.0,9.9,62.0,20.0,0.0,0.0,0.0,101.6,0 (0),796.0,25.0,0.0,5.0,0.0,0.0,1.0,2.0,793.0,minnesota-vikings
Sheldon Day,#52,DI,6.0,125,60.0,64.0,1.0,61.4,58.5,26.7,54.1,66.0,3.0,0.0,0.0,3.0,0.0,5.0,2.0,3.0,30.0,5.0,0.0,0.0,0.0,,0.0,,0.0,,0.0,0.0,0.0,0.0,0 (0),124.0,1.0,0.0,0.0,0.0,1.0,78.0,35.0,10.0,minnesota-vikings
Troy Dye,#45,LB,8.0,112,29.0,25.0,58.0,60.7,57.7,72.5,58.9,62.0,5.0,1.0,1.0,3.0,0.0,8.0,5.0,1.0,7.1,3.0,0.0,8.0,6.0,75.0,63.0,10.5,49.0,22.0,0.0,0.0,0.0,97.4,0 (0),29.0,74.0,0.0,9.0,0.0,0.0,0.0,0.0,29.0,minnesota-vikings
NaJee Thompson,#11,CB,1.0,1,0.0,0.0,1.0,60.0,-,-,-,60.0,0.0,0.0,0.0,0.0,0.0,0.0,0.0,0.0,,0.0,0.0,0.0,0.0,,0.0,,0.0,,0.0,0.0,0.0,0.0,0 (0),0.0,0.0,1.0,0.0,0.0,0.0,0.0,0.0,0.0,minnesota-vikings
Harrison Phillips,#97,DI,17.0,838,372.0,438.0,28.0,59.7,65.6,42.2,53.6,56.2,21.0,4.0,2.0,15.0,2.0,62.0,22.0,11.0,11.6,39.0,0.0,0.0,0.0,,0.0,,0.0,,0.0,0.0,0.0,0.0,2 (0),835.0,3.0,0.0,0.0,0.0,249.0,516.0,68.0,2.0,minnesota-vikings
Jaquelin Roy,#93,DI,12.0,95,47.0,44.0,4.0,58.3,63.1,50.5,55.1,56.8,2.0,0.0,2.0,0.0,0.0,4.0,4.0,1.0,11.1,3.0,0.0,0.0,0.0,,0.0,,0.0,,0.0,0.0,0.0,0.0,0 (0),95.0,0.0,0.0,0.0,0.0,35.0,58.0,2.0,0.0,minnesota-vikings
Byron Murphy Jr.,#07,CB,14.0,906,322.0,14.0,570.0,58.0,65.1,29.0,48.4,58.2,3.0,0.0,0.0,3.0,0.0,50.0,7.0,18.0,24.0,17.0,1.0,84.0,56.0,66.7,715.0,12.8,315.0,49.0,6.0,3.0,6.0,102.0,4 (2),19.0,68.0,9.0,214.0,596.0,0.0,0.0,0.0,19.0,minnesota-vikings
T.J. Smith,#50,DI,3.0,44,25.0,19.0,0.0,55.8,60.0,71.4,50.8,-,1.0,0.0,0.0,1.0,0.0,1.0,2.0,0.0,0.0,0.0,0.0,0.0,0.0,,0.0,,0.0,,0.0,0.0,0.0,0.0,0 (0),44.0,0.0,0.0,0.0,0.0,1.0,16.0,18.0,9.0,minnesota-vikings
Marcus Davenport,#00,ED,4.0,118,40.0,77.0,1.0,55.4,52.3,27.4,60.1,53.4,7.0,2.0,2.0,3.0,0.0,1.0,5.0,4.0,40.0,3.0,0.0,1.0,1.0,100.0,0.0,0.0,6.0,0.0,0.0,0.0,0.0,79.2,0 (0),110.0,8.0,0.0,0.0,0.0,0.0,2.0,18.0,90.0,minnesota-vikings
Akayleb Evans,#21,CB,15.0,855,326.0,5.0,524.0,54.9,60.2,29.6,62.9,52.6,0.0,0.0,0.0,0.0,0.0,52.0,14.0,18.0,21.4,17.0,3.0,69.0,48.0,69.6,594.0,12.4,241.0,63.0,3.0,1.0,3.0,104.4,4 (1),10.0,125.0,1.0,38.0,681.0,0.0,0.0,0.0,10.0,minnesota-vikings
Andre Carter II,#55,ED,8.0,68,13.0,49.0,6.0,54.0,67.1,72.4,48.9,63.0,4.0,0.0,2.0,2.0,0.0,1.0,1.0,0.0,0.0,1.0,0.0,0.0,0.0,,0.0,,0.0,,0.0,0.0,0.0,0.0,0 (0),51.0,17.0,0.0,0.0,0.0,0.0,2.0,0.0,49.0,minnesota-vikings
Dean Lowry,#94,DI,9.0,237,117.0,109.0,11.0,47.4,53.1,28.5,53.6,55.0,4.0,0.0,0.0,4.0,1.0,4.0,9.0,3.0,18.8,3.0,0.0,2.0,2.0,100.0,15.0,7.5,6.0,9.0,0.0,0.0,0.0,97.9,1 (0),237.0,0.0,0.0,0.0,0.0,1.0,122.0,105.0,9.0,minnesota-vikings
Jonathan Bullard,#90,DI,17.0,643,309.0,326.0,8.0,46.3,53.7,62.6,46.9,59.8,9.0,2.0,0.0,7.0,0.0,30.0,7.0,2.0,5.1,29.0,1.0,0.0,0.0,,0.0,,0.0,,0.0,0.0,0.0,0.0,4 (0),642.0,1.0,0.0,0.0,0.0,4.0,239.0,278.0,121.0,minnesota-vikings
Joejuan Williams,#29,CB,2.0,48,13.0,0.0,35.0,44.9,63.9,72.5,-,42.1,0.0,0.0,0.0,0.0,0.0,1.0,0.0,0.0,0.0,0.0,0.0,5.0,2.0,40.0,71.0,35.5,39.0,70.0,1.0,0.0,1.0,127.1,1 (0),0.0,1.0,0.0,3.0,44.0,0.0,0.0,0.0,0.0,minnesota-vikings
Jaylin Williams,#38,CB,2.0,24,13.0,0.0,11.0,38.6,65.2,25.9,-,31.8,0.0,0.0,0.0,0.0,0.0,1.0,1.0,2.0,50.0,0.0,0.0,2.0,2.0,100.0,20.0,10.0,8.0,18.0,0.0,0.0,0.0,108.3,1 (0),0.0,3.0,0.0,0.0,21.0,0.0,0.0,0.0,0.0,minnesota-vikings
Benton Whitley,#51,ED,1.0,1,0.0,1.0,0.0,38.4,-,25.0,39.8,-,1.0,0.0,0.0,1.0,0.0,0.0,0.0,1.0,100.0,0.0,0.0,0.0,0.0,,0.0,,0.0,,0.0,0.0,0.0,0.0,0 (0),1.0,0.0,0.0,0.0,0.0,0.0,0.0,0.0,1.0,minnesota-vikings
Brian Asamoah II,#33,LB,5.0,36,25.0,3.0,8.0,38.3,27.6,52.2,68.3,72.5,1.0,0.0,0.0,1.0,0.0,1.0,3.0,1.0,20.0,1.0,0.0,3.0,2.0,66.7,3.0,1.5,7.0,2.0,0.0,0.0,0.0,70.1,0 (0),9.0,20.0,0.0,7.0,0.0,0.0,0.0,0.0,9.0,minnesota-vikings
Pat Jones II,#91,ED,17.0,634,199.0,388.0,47.0,37.5,39.8,34.6,45.6,52.9,32.0,1.0,8.0,23.0,0.0,21.0,9.0,6.0,16.7,16.0,0.0,3.0,2.0,66.7,23.0,11.5,4.0,16.0,1.0,0.0,0.0,129.2,2 (0),537.0,97.0,0.0,0.0,0.0,8.0,54.0,33.0,442.0,minnesota-vikings
Jabrill Peppers,#05,S,15.0,955,390.0,39.0,526.0,87.3,90.7,59.5,54.0,83.2,5.0,1.0,1.0,3.0,0.0,54.0,18.0,12.0,14.3,28.0,1.0,34.0,20.0,58.8,132.0,6.6,101.0,25.0,1.0,2.0,5.0,52.6,1 (0),50.0,267.0,424.0,134.0,80.0,0.0,0.0,0.0,50.0,new-england-patriots
Jahlani Tavai,#48,LB,17.0,838,419.0,86.0,333.0,86.6,86.2,68.6,63.5,82.7,13.0,1.0,4.0,8.0,0.0,73.0,30.0,11.0,9.6,35.0,2.0,35.0,27.0,77.1,186.0,6.9,150.0,29.0,1.0,2.0,3.0,74.2,2 (0),302.0,446.0,0.0,65.0,24.0,0.0,0.0,0.0,302.0,new-england-patriots
Christian Barmore,#90,DI,17.0,750,272.0,478.0,0.0,83.8,67.8,61.5,84.9,66.0,49.0,8.0,7.0,34.0,5.0,43.0,13.0,4.0,6.7,40.0,1.0,0.0,0.0,,0.0,,0.0,,0.0,0.0,0.0,0.0,3 (1),749.0,1.0,0.0,0.0,0.0,107.0,319.0,290.0,33.0,new-england-patriots
Mack Wilson Sr.,#03,LB,16.0,305,95.0,108.0,102.0,81.5,71.7,64.5,63.2,86.9,15.0,5.0,1.0,9.0,1.0,20.0,10.0,3.0,9.1,12.0,1.0,8.0,7.0,87.5,45.0,6.4,26.0,7.0,0.0,0.0,2.0,90.1,0 (0),131.0,171.0,0.0,2.0,1.0,0.0,0.0,0.0,131.0,new-england-patriots
Christian Gonzalez,#06,CB,4.0,209,80.0,2.0,127.0,80.8,71.3,79.0,75.1,79.3,1.0,1.0,0.0,0.0,0.0,15.0,3.0,1.0,5.3,6.0,0.0,24.0,16.0,66.7,157.0,9.8,49.0,23.0,0.0,1.0,2.0,67.5,0 (0),0.0,10.0,4.0,18.0,177.0,0.0,0.0,0.0,0.0,new-england-patriots
Brenden Schooler,#41,S,3.0,3,0.0,1.0,2.0,78.2,-,-,60.0,66.9,0.0,0.0,0.0,0.0,0.0,0.0,0.0,0.0,,0.0,0.0,0.0,0.0,,0.0,,0.0,,0.0,0.0,0.0,0.0,0 (0),0.0,0.0,2.0,0.0,0.0,0.0,0.0,0.0,0.0,new-england-patriots
Jonathan Jones,#31,CB,14.0,724,300.0,1.0,423.0,76.5,74.0,83.9,59.1,75.1,0.0,0.0,0.0,0.0,0.0,42.0,2.0,2.0,4.3,15.0,0.0,54.0,31.0,57.4,387.0,12.5,118.0,48.0,1.0,0.0,5.0,86.0,1 (1),14.0,42.0,3.0,51.0,614.0,0.0,0.0,0.0,14.0,new-england-patriots
Ameer Speed,#37,CB,1.0,10,9.0,0.0,1.0,72.6,71.0,72.8,-,60.0,0.0,0.0,0.0,0.0,0.0,1.0,0.0,0.0,0.0,1.0,0.0,0.0,0.0,,0.0,,0.0,,0.0,0.0,0.0,0.0,0 (0),0.0,4.0,0.0,0.0,6.0,0.0,0.0,0.0,0.0,new-england-patriots
Matthew Judon,#09,ED,4.0,184,69.0,94.0,21.0,70.2,67.3,61.8,60.4,76.2,16.0,4.0,5.0,7.0,0.0,4.0,6.0,2.0,16.7,6.0,0.0,3.0,3.0,100.0,24.0,8.0,8.0,15.0,0.0,0.0,0.0,100.0,0 (0),174.0,4.0,0.0,6.0,0.0,0.0,0.0,0.0,174.0,new-england-patriots
Jeremiah Pharms Jr.,#70,DI,12.0,90,48.0,42.0,0.0,69.9,59.5,35.2,68.9,71.7,3.0,0.0,0.0,3.0,0.0,5.0,3.0,2.0,20.0,3.0,0.0,0.0,0.0,,0.0,,0.0,,0.0,0.0,0.0,0.0,0 (0),90.0,0.0,0.0,0.0,0.0,48.0,35.0,7.0,0.0,new-england-patriots
Myles Bryant,#27,CB,17.0,852,290.0,17.0,545.0,66.6,84.3,63.5,52.9,63.1,6.0,1.0,0.0,5.0,0.0,66.0,7.0,10.0,12.0,17.0,2.0,74.0,59.0,79.7,570.0,9.7,250.0,33.0,3.0,1.0,5.0,106.6,2 (0),4.0,78.0,62.0,541.0,166.0,0.0,0.0,0.0,4.0,new-england-patriots
Marco Wilson,#19,CB,1.0,10,7.0,0.0,3.0,66.3,61.7,72.5,-,65.2,0.0,0.0,0.0,0.0,0.0,0.0,1.0,0.0,0.0,0.0,0.0,1.0,0.0,0.0,0.0,,0.0,,0.0,0.0,0.0,39.6,0 (0),0.0,3.0,0.0,0.0,7.0,0.0,0.0,0.0,0.0,new-england-patriots
Ja'Whaun Bentley,#08,LB,16.0,984,397.0,126.0,461.0,65.8,67.7,57.2,63.8,59.7,22.0,4.0,7.0,11.0,1.0,74.0,36.0,17.0,13.4,39.0,1.0,43.0,36.0,83.7,387.0,10.8,232.0,36.0,1.0,0.0,2.0,111.9,0 (0),50.0,919.0,1.0,11.0,3.0,0.0,0.0,0.0,50.0,new-england-patriots
Keion White,#99,ED,16.0,522,211.0,301.0,10.0,64.2,67.8,44.4,52.3,83.8,20.0,1.0,4.0,15.0,2.0,22.0,6.0,4.0,12.5,19.0,0.0,0.0,0.0,,0.0,,0.0,,0.0,0.0,0.0,0.0,0 (0),513.0,2.0,0.0,6.0,0.0,6.0,74.0,135.0,298.0,new-england-patriots
Marcus Jones,#25,CB,2.0,44,14.0,0.0,30.0,64.2,72.9,78.0,-,61.0,0.0,0.0,0.0,0.0,0.0,4.0,0.0,0.0,0.0,1.0,0.0,3.0,2.0,66.7,16.0,8.0,5.0,11.0,1.0,0.0,0.0,119.4,0 (0),0.0,0.0,1.0,11.0,32.0,0.0,0.0,0.0,0.0,new-england-patriots
Anfernee Jennings,#33,ED,15.0,677,344.0,275.0,58.0,63.2,85.9,46.7,55.3,28.0,21.0,2.0,2.0,17.0,0.0,52.0,12.0,11.0,14.7,46.0,0.0,17.0,17.0,100.0,133.0,7.8,102.0,17.0,0.0,0.0,0.0,99.3,2 (0),657.0,4.0,0.0,14.0,2.0,0.0,0.0,0.0,657.0,new-england-patriots
Daniel Ekuale,#95,DI,3.0,53,15.0,38.0,0.0,63.1,72.0,70.1,51.8,-,0.0,0.0,0.0,0.0,0.0,2.0,1.0,0.0,0.0,1.0,1.0,0.0,0.0,,0.0,,0.0,,0.0,0.0,0.0,0.0,0 (0),53.0,0.0,0.0,0.0,0.0,24.0,23.0,6.0,0.0,new-england-patriots
Shaun Wade,#26,CB,11.0,348,135.0,0.0,213.0,62.2,73.2,69.2,-,59.1,0.0,0.0,0.0,0.0,0.0,23.0,0.0,3.0,11.5,8.0,0.0,34.0,23.0,67.6,290.0,12.6,119.0,33.0,1.0,0.0,1.0,103.8,1 (0),3.0,26.0,0.0,26.0,293.0,0.0,0.0,0.0,3.0,new-england-patriots
Alex Austin,#28,CB,5.0,211,90.0,0.0,121.0,61.8,62.1,67.8,-,63.3,0.0,0.0,0.0,0.0,0.0,9.0,1.0,1.0,9.1,5.0,0.0,22.0,12.0,54.5,107.0,8.9,59.0,47.0,2.0,1.0,2.0,79.2,2 (0),0.0,19.0,0.0,14.0,178.0,0.0,0.0,0.0,0.0,new-england-patriots
Kyle Dugger,#23,S,17.0,"1,116",445.0,55.0,616.0,61.7,79.6,77.4,66.5,50.0,15.0,2.0,3.0,10.0,0.0,79.0,24.0,11.0,9.6,27.0,1.0,63.0,45.0,71.4,446.0,9.9,236.0,51.0,2.0,2.0,5.0,88.5,2 (0),45.0,478.0,371.0,168.0,53.0,0.0,0.0,0.0,45.0,new-england-patriots
Trysten Hill,#97,DI,1.0,4,2.0,2.0,0.0,60.2,60.5,-,58.7,-,0.0,0.0,0.0,0.0,0.0,0.0,0.0,0.0,,0.0,0.0,0.0,0.0,,0.0,,0.0,,0.0,0.0,0.0,0.0,0 (0),4.0,0.0,0.0,0.0,0.0,1.0,2.0,1.0,0.0,new-england-patriots
Chris Board,#45,LB,2.0,2,0.0,1.0,1.0,60.0,-,-,60.0,60.0,0.0,0.0,0.0,0.0,0.0,0.0,0.0,0.0,,0.0,0.0,0.0,0.0,,0.0,,0.0,,0.0,0.0,0.0,0.0,0 (0),0.0,0.0,1.0,0.0,0.0,0.0,0.0,0.0,0.0,new-england-patriots
Calvin Munson,#43,LB,1.0,11,4.0,1.0,6.0,60.0,53.4,73.2,59.9,66.8,0.0,0.0,0.0,0.0,0.0,1.0,0.0,0.0,0.0,0.0,0.0,1.0,1.0,100.0,7.0,7.0,8.0,7.0,0.0,0.0,0.0,95.8,0 (0),0.0,11.0,0.0,0.0,0.0,0.0,0.0,0.0,0.0,new-england-patriots
Matthew Slater,#18,WR,2.0,2,0.0,1.0,1.0,60.0,-,-,60.0,60.0,0.0,0.0,0.0,0.0,0.0,0.0,0.0,0.0,,0.0,0.0,0.0,0.0,,0.0,,0.0,,0.0,0.0,0.0,0.0,0 (0),0.0,0.0,1.0,0.0,0.0,0.0,0.0,0.0,0.0,new-england-patriots
Jalen Mills,#02,S,17.0,459,144.0,12.0,303.0,59.1,84.1,54.8,65.5,52.2,4.0,0.0,1.0,3.0,0.0,30.0,16.0,8.0,14.8,10.0,1.0,29.0,17.0,58.6,157.0,9.2,113.0,28.0,0.0,0.0,1.0,73.5,2 (0),31.0,106.0,159.0,136.0,27.0,0.0,0.0,0.0,31.0,new-england-patriots
Joshua Uche,#55,ED,15.0,331,66.0,227.0,38.0,57.1,61.5,54.6,66.8,28.8,37.0,3.0,6.0,28.0,0.0,6.0,8.0,4.0,22.2,6.0,0.0,5.0,4.0,80.0,55.0,13.8,31.0,18.0,0.0,0.0,0.0,112.5,1 (0),314.0,9.0,0.0,7.0,1.0,0.0,0.0,0.0,314.0,new-england-patriots
Deatrich Wise Jr.,#91,ED,16.0,615,223.0,391.0,1.0,54.3,49.7,78.3,59.0,67.3,36.0,5.0,2.0,29.0,1.0,29.0,19.0,2.0,4.0,24.0,1.0,0.0,0.0,,0.0,,0.0,,0.0,0.0,0.0,0.0,4 (0),612.0,2.0,0.0,0.0,0.0,3.0,126.0,215.0,268.0,new-england-patriots
Davon Godchaux,#92,DI,17.0,685,351.0,332.0,2.0,50.2,51.6,59.7,50.0,60.0,7.0,0.0,0.0,7.0,0.0,36.0,20.0,3.0,5.1,23.0,0.0,0.0,0.0,,0.0,,0.0,,0.0,0.0,0.0,0.0,1 (0),685.0,0.0,0.0,0.0,0.0,489.0,184.0,10.0,2.0,new-england-patriots
Marte Mapu,#30,S,14.0,204,92.0,7.0,105.0,50.0,51.4,62.3,59.5,54.0,0.0,0.0,0.0,0.0,0.0,12.0,2.0,1.0,6.7,2.0,0.0,14.0,9.0,64.3,128.0,14.2,111.0,29.0,1.0,1.0,1.0,87.8,2 (0),8.0,94.0,60.0,34.0,8.0,0.0,0.0,0.0,8.0,new-england-patriots
Sam Roberts,#96,DI,7.0,101,45.0,56.0,0.0,47.3,39.7,45.3,60.0,-,5.0,1.0,0.0,4.0,0.0,3.0,2.0,1.0,16.7,2.0,0.0,0.0,0.0,,0.0,,0.0,,0.0,0.0,0.0,0.0,0 (0),100.0,0.0,0.0,0.0,0.0,1.0,50.0,42.0,7.0,new-england-patriots
Jack Jones,#13,CB,4.0,127,37.0,2.0,88.0,46.6,68.5,65.0,69.4,48.2,1.0,0.0,1.0,0.0,0.0,10.0,1.0,1.0,8.3,3.0,0.0,11.0,8.0,72.7,115.0,14.4,21.0,31.0,1.0,0.0,1.0,136.6,3 (1),2.0,3.0,0.0,13.0,109.0,0.0,0.0,0.0,2.0,new-england-patriots
Adrian Phillips,#21,S,13.0,139,45.0,11.0,83.0,46.5,64.3,28.3,39.5,45.3,1.0,0.0,0.0,1.0,0.0,10.0,3.0,5.0,27.8,4.0,0.0,5.0,4.0,80.0,52.0,13.0,19.0,29.0,0.0,0.0,0.0,110.0,0 (0),14.0,86.0,15.0,18.0,5.0,0.0,0.0,0.0,14.0,new-england-patriots
Lawrence Guy Sr.,#93,DI,17.0,522,301.0,221.0,0.0,45.5,47.3,62.2,44.9,63.5,6.0,0.0,0.0,6.0,1.0,22.0,19.0,1.0,2.4,20.0,0.0,0.0,0.0,,0.0,,0.0,,0.0,0.0,0.0,0.0,0 (0),521.0,0.0,0.0,0.0,0.0,4.0,239.0,225.0,53.0,new-england-patriots
J.C. Jackson,#29,CB,8.0,439,162.0,2.0,275.0,35.4,58.0,69.1,56.2,31.4,0.0,0.0,0.0,0.0,0.0,23.0,2.0,2.0,7.4,3.0,0.0,50.0,29.0,58.0,397.0,13.7,84.0,42.0,4.0,0.0,2.0,110.2,4 (0),3.0,40.0,0.0,38.0,358.0,0.0,0.0,0.0,3.0,new-england-patriots
Demario Davis,#56,LB,17.0,"1,074",429.0,78.0,567.0,89.6,82.8,75.7,73.9,85.4,22.0,7.0,3.0,12.0,0.0,75.0,36.0,11.0,9.0,48.0,1.0,47.0,31.0,66.0,204.0,6.6,116.0,26.0,2.0,0.0,2.0,89.3,1 (1),83.0,908.0,8.0,67.0,8.0,0.0,0.0,0.0,83.0,new-orleans-saints
Nephi Sewell,#45,LB,7.0,59,32.0,4.0,23.0,85.6,78.2,82.3,52.1,81.0,0.0,0.0,0.0,0.0,0.0,9.0,1.0,0.0,0.0,8.0,1.0,3.0,3.0,100.0,11.0,3.7,12.0,11.0,0.0,0.0,0.0,81.9,0 (0),11.0,38.0,0.0,7.0,1.0,0.0,0.0,0.0,11.0,new-orleans-saints
Tyrann Mathieu,#32,S,17.0,"1,096",432.0,16.0,648.0,81.3,71.1,72.9,61.5,87.4,5.0,0.0,1.0,4.0,1.0,54.0,16.0,8.0,10.3,18.0,0.0,35.0,21.0,60.0,249.0,11.9,194.0,46.0,3.0,4.0,3.0,70.7,4 (2),78.0,354.0,565.0,88.0,11.0,0.0,0.0,0.0,78.0,new-orleans-saints
Isaac Yiadom,#27,CB,16.0,517,197.0,1.0,319.0,81.1,74.7,49.0,60.0,80.4,1.0,0.0,0.0,1.0,0.0,25.0,6.0,6.0,16.2,10.0,0.0,44.0,22.0,50.0,289.0,13.1,131.0,54.0,3.0,1.0,11.0,84.4,2 (1),12.0,8.0,0.0,37.0,458.0,0.0,0.0,0.0,12.0,new-orleans-saints
Paulson Adebo,#29,CB,15.0,948,377.0,3.0,568.0,78.6,66.4,79.2,52.0,80.5,0.0,0.0,0.0,0.0,0.0,63.0,14.0,5.0,6.1,17.0,2.0,88.0,50.0,56.8,753.0,15.1,238.0,56.0,1.0,4.0,11.0,69.9,9 (2),6.0,40.0,0.0,55.0,847.0,0.0,0.0,0.0,6.0,new-orleans-saints
Carl Granderson,#96,ED,17.0,874,332.0,522.0,20.0,74.1,70.8,59.1,63.6,84.0,58.0,9.0,11.0,38.0,1.0,48.0,22.0,8.0,10.3,46.0,1.0,0.0,0.0,,0.0,,0.0,,0.0,0.0,0.0,0.0,4 (0),870.0,1.0,0.0,2.0,0.0,0.0,23.0,44.0,803.0,new-orleans-saints
Cameron Jordan,#94,ED,17.0,770,310.0,449.0,11.0,73.5,72.0,56.5,63.8,82.9,45.0,3.0,3.0,39.0,3.0,30.0,15.0,5.0,10.0,21.0,0.0,0.0,0.0,,0.0,,0.0,,0.0,0.0,0.0,0.0,1 (0),770.0,0.0,0.0,0.0,0.0,0.0,15.0,71.0,684.0,new-orleans-saints
Malcolm Roach,#97,DI,12.0,290,139.0,149.0,2.0,72.9,72.5,59.2,62.9,58.7,6.0,0.0,2.0,4.0,3.0,27.0,9.0,2.0,5.3,24.0,0.0,0.0,0.0,,0.0,,0.0,,0.0,0.0,0.0,0.0,0 (0),290.0,0.0,0.0,0.0,0.0,48.0,229.0,13.0,0.0,new-orleans-saints
Zack Baun,#53,ED,17.0,303,110.0,137.0,56.0,71.1,70.3,48.4,63.6,66.9,15.0,2.0,2.0,11.0,1.0,16.0,10.0,6.0,18.8,13.0,0.0,8.0,7.0,87.5,54.0,7.7,42.0,25.0,2.0,1.0,0.0,94.8,0 (0),252.0,33.0,0.0,15.0,1.0,0.0,0.0,0.0,252.0,new-orleans-saints
Rashid Shaheed,#22,WR,1.0,1,0.0,0.0,1.0,70.2,-,-,-,60.7,0.0,0.0,0.0,0.0,0.0,0.0,0.0,0.0,,0.0,0.0,0.0,0.0,,0.0,,0.0,,0.0,0.0,0.0,0.0,0 (0),0.0,0.0,0.0,0.0,0.0,0.0,0.0,0.0,0.0,new-orleans-saints
Jason Pierre-Paul,#54,ED,1.0,17,11.0,6.0,0.0,67.9,70.8,71.4,52.6,-,0.0,0.0,0.0,0.0,0.0,1.0,1.0,0.0,0.0,1.0,0.0,0.0,0.0,,0.0,,0.0,,0.0,0.0,0.0,0.0,0 (0),17.0,0.0,0.0,0.0,0.0,0.0,1.0,5.0,11.0,new-orleans-saints
Tanoh Kpassagnon,#92,ED,17.0,406,139.0,264.0,3.0,67.7,61.6,52.7,65.0,62.9,34.0,4.0,5.0,25.0,0.0,12.0,3.0,2.0,11.8,14.0,0.0,0.0,0.0,,0.0,,0.0,,0.0,0.0,0.0,0.0,0 (0),404.0,0.0,0.0,1.0,0.0,12.0,67.0,97.0,228.0,new-orleans-saints
Marshon Lattimore,#23,CB,10.0,621,221.0,0.0,400.0,67.4,58.1,71.8,-,69.1,0.0,0.0,0.0,0.0,0.0,41.0,7.0,5.0,9.4,11.0,0.0,46.0,27.0,58.7,317.0,11.7,138.0,34.0,1.0,1.0,6.0,77.9,5 (1),3.0,35.0,0.0,28.0,555.0,0.0,0.0,0.0,3.0,new-orleans-saints
Jordan Howden,#31,S,15.0,569,187.0,9.0,373.0,67.0,62.3,58.6,77.1,65.2,3.0,1.0,1.0,1.0,0.0,32.0,12.0,6.0,12.0,13.0,1.0,20.0,14.0,70.0,157.0,11.2,50.0,33.0,1.0,0.0,5.0,109.8,1 (0),51.0,97.0,341.0,68.0,11.0,0.0,0.0,0.0,51.0,new-orleans-saints
Ugo Amadi,#00,CB,8.0,83,34.0,4.0,45.0,64.3,71.3,72.1,53.4,61.9,1.0,0.0,0.0,1.0,0.0,9.0,1.0,1.0,9.1,4.0,0.0,9.0,5.0,55.6,66.0,13.2,45.0,29.0,0.0,0.0,1.0,78.9,0 (0),5.0,12.0,0.0,56.0,10.0,0.0,0.0,0.0,5.0,new-orleans-saints
Lonnie Johnson Jr.,#28,S,9.0,124,12.0,2.0,110.0,62.7,64.0,29.7,55.4,61.6,0.0,0.0,0.0,0.0,0.0,3.0,1.0,2.0,33.3,0.0,0.0,4.0,2.0,50.0,41.0,20.5,6.0,28.0,1.0,1.0,1.0,86.5,1 (1),2.0,4.0,110.0,5.0,1.0,0.0,0.0,0.0,2.0,new-orleans-saints
Isaiah Foskey,#55,ED,9.0,84,34.0,50.0,0.0,62.2,62.3,76.4,52.9,63.3,3.0,0.0,0.0,3.0,0.0,7.0,2.0,0.0,0.0,4.0,0.0,0.0,0.0,,0.0,,0.0,,0.0,0.0,0.0,0.0,0 (0),83.0,0.0,0.0,0.0,0.0,0.0,5.0,1.0,77.0,new-orleans-saints
Khalen Saunders,#99,DI,17.0,522,276.0,245.0,1.0,61.6,57.0,48.0,68.7,59.9,14.0,0.0,2.0,12.0,1.0,38.0,21.0,6.0,9.2,22.0,0.0,0.0,0.0,,0.0,,0.0,,0.0,0.0,0.0,0.0,2 (2),521.0,1.0,0.0,0.0,0.0,159.0,361.0,1.0,0.0,new-orleans-saints
Payton Turner,#98,ED,2.0,25,12.0,13.0,0.0,60.5,60.5,70.5,58.2,-,3.0,0.0,2.0,1.0,0.0,0.0,1.0,0.0,0.0,0.0,0.0,0.0,0.0,,0.0,,0.0,,0.0,0.0,0.0,0.0,0 (0),25.0,0.0,0.0,0.0,0.0,0.0,0.0,1.0,24.0,new-orleans-saints
Ryan Connelly,#43,LB,1.0,1,1.0,0.0,0.0,60.0,60.0,-,-,-,0.0,0.0,0.0,0.0,0.0,0.0,0.0,0.0,,0.0,0.0,0.0,0.0,,0.0,,0.0,,0.0,0.0,0.0,0.0,0 (0),1.0,0.0,0.0,0.0,0.0,0.0,0.0,0.0,1.0,new-orleans-saints
Taysom Hill,#07,TE,1.0,1,0.0,1.0,0.0,60.0,-,-,60.0,-,0.0,0.0,0.0,0.0,0.0,0.0,0.0,0.0,,0.0,0.0,0.0,0.0,,0.0,,0.0,,0.0,0.0,0.0,0.0,0 (0),0.0,0.0,0.0,0.0,0.0,0.0,0.0,0.0,0.0,new-orleans-saints
Lynn Bowden,#05,WR,1.0,1,1.0,0.0,0.0,59.9,60.0,-,-,-,0.0,0.0,0.0,0.0,0.0,0.0,0.0,0.0,,0.0,0.0,0.0,0.0,,0.0,,0.0,,0.0,0.0,0.0,0.0,0 (0),0.0,0.0,0.0,0.0,0.0,0.0,0.0,0.0,0.0,new-orleans-saints
Ty Summers,#42,LB,2.0,2,1.0,1.0,0.0,59.0,60.0,-,60.0,-,0.0,0.0,0.0,0.0,0.0,0.0,0.0,0.0,,0.0,0.0,0.0,0.0,,0.0,,0.0,,0.0,0.0,0.0,0.0,0 (0),0.0,0.0,0.0,0.0,0.0,0.0,0.0,0.0,0.0,new-orleans-saints
Marcus Maye,#06,S,7.0,444,184.0,13.0,247.0,57.6,57.2,51.3,55.6,57.6,3.0,1.0,0.0,2.0,0.0,27.0,8.0,8.0,18.6,9.0,0.0,15.0,11.0,73.3,166.0,15.1,120.0,38.0,0.0,2.0,0.0,69.7,2 (1),54.0,94.0,206.0,76.0,14.0,0.0,0.0,0.0,54.0,new-orleans-saints
Pete Werner,#20,LB,16.0,919,374.0,74.0,471.0,57.5,70.4,71.0,52.0,47.6,9.0,1.0,0.0,8.0,0.0,77.0,25.0,10.0,8.9,38.0,0.0,60.0,50.0,83.3,470.0,9.4,271.0,29.0,1.0,1.0,0.0,97.9,3 (0),162.0,670.0,2.0,78.0,7.0,0.0,0.0,0.0,162.0,new-orleans-saints
Jack Heflin,#95,DI,1.0,17,10.0,7.0,0.0,57.1,59.7,68.6,54.3,-,2.0,0.0,0.0,2.0,0.0,0.0,1.0,0.0,0.0,0.0,0.0,0.0,0.0,,0.0,,0.0,,0.0,0.0,0.0,0.0,0 (0),17.0,0.0,0.0,0.0,0.0,3.0,13.0,1.0,0.0,new-orleans-saints
Johnathan Abram,#24,S,8.0,209,74.0,6.0,129.0,57.1,77.8,38.3,60.5,48.7,1.0,0.0,0.0,1.0,0.0,16.0,7.0,4.0,14.8,9.0,1.0,15.0,11.0,73.3,128.0,11.6,91.0,42.0,1.0,1.0,0.0,93.2,0 (0),29.0,69.0,71.0,34.0,5.0,0.0,0.0,0.0,29.0,new-orleans-saints
Kyle Phillips,#91,ED,5.0,56,29.0,27.0,0.0,52.0,47.6,38.7,60.0,-,2.0,0.0,0.0,2.0,0.0,1.0,2.0,1.0,25.0,1.0,0.0,0.0,0.0,,0.0,,0.0,,0.0,0.0,0.0,0.0,0 (0),56.0,0.0,0.0,0.0,0.0,0.0,1.0,10.0,45.0,new-orleans-saints
Nathan Shepherd,#93,DI,17.0,593,303.0,286.0,4.0,47.5,30.3,41.3,77.4,62.5,23.0,4.0,4.0,15.0,0.0,31.0,13.0,5.0,10.2,27.0,0.0,0.0,0.0,,0.0,,0.0,,0.0,0.0,0.0,0.0,2 (0),592.0,1.0,0.0,0.0,0.0,12.0,440.0,139.0,1.0,new-orleans-saints
Shemar Jean-Charles,#38,CB,1.0,7,4.0,0.0,3.0,46.9,40.7,23.1,-,63.8,0.0,0.0,0.0,0.0,0.0,0.0,0.0,1.0,100.0,0.0,0.0,1.0,1.0,100.0,2.0,2.0,6.0,2.0,0.0,0.0,0.0,79.2,0 (0),0.0,0.0,0.0,1.0,6.0,0.0,0.0,0.0,0.0,new-orleans-saints
Daniel Sorensen,#26,S,2.0,9,3.0,0.0,6.0,46.4,60.0,22.6,-,47.7,0.0,0.0,0.0,0.0,0.0,0.0,0.0,1.0,100.0,0.0,0.0,1.0,1.0,100.0,8.0,8.0,8.0,8.0,0.0,0.0,0.0,100.0,0 (0),3.0,1.0,4.0,0.0,1.0,0.0,0.0,0.0,3.0,new-orleans-saints
Alontae Taylor,#01,CB,17.0,950,351.0,37.0,562.0,45.7,29.7,48.4,48.6,51.8,4.0,1.0,0.0,3.0,0.0,62.0,16.0,16.0,17.0,27.0,0.0,113.0,75.0,66.4,836.0,11.1,412.0,71.0,6.0,2.0,7.0,98.5,5 (0),29.0,79.0,1.0,718.0,122.0,0.0,0.0,0.0,29.0,new-orleans-saints
J.T. Gray,#48,S,3.0,6,2.0,0.0,4.0,45.7,60.0,77.3,-,62.6,0.0,0.0,0.0,0.0,0.0,0.0,1.0,0.0,0.0,0.0,0.0,0.0,0.0,,0.0,,0.0,,0.0,0.0,0.0,0.0,0 (0),1.0,0.0,4.0,0.0,0.0,0.0,0.0,0.0,1.0,new-orleans-saints
Bryan Bresee,#90,DI,17.0,539,148.0,386.0,5.0,45.5,30.1,40.8,67.6,52.2,31.0,5.0,4.0,22.0,5.0,13.0,4.0,4.0,19.0,15.0,0.0,0.0,0.0,,0.0,,0.0,,0.0,0.0,0.0,0.0,5 (0),539.0,0.0,0.0,0.0,0.0,84.0,368.0,85.0,2.0,new-orleans-saints
PJ Mustipher,#54,DI,4.0,42,24.0,18.0,0.0,43.2,40.1,71.2,63.2,-,0.0,0.0,0.0,0.0,0.0,3.0,1.0,0.0,0.0,1.0,0.0,0.0,0.0,,0.0,,0.0,,0.0,0.0,0.0,0.0,0 (0),42.0,0.0,0.0,0.0,0.0,9.0,26.0,7.0,0.0,new-orleans-saints
D'Marco Jackson,#52,LB,3.0,9,3.0,1.0,5.0,40.4,72.2,78.8,60.0,32.0,0.0,0.0,0.0,0.0,0.0,2.0,2.0,0.0,0.0,1.0,0.0,2.0,2.0,100.0,17.0,8.5,17.0,12.0,0.0,0.0,0.0,102.1,0 (0),0.0,7.0,0.0,0.0,0.0,0.0,0.0,0.0,0.0,new-orleans-saints
Dexter Lawrence,#97,DI,16.0,709,258.0,446.0,5.0,92.9,89.5,58.2,92.6,41.0,65.0,6.0,14.0,45.0,1.0,37.0,12.0,5.0,9.3,35.0,0.0,1.0,1.0,100.0,15.0,15.0,4.0,15.0,0.0,0.0,0.0,118.8,1 (1),702.0,7,0.0,0.0,0.0,502.0,179.0,19.0,2.0,new-york-giants
Xavier McKinney,#29,S,17.0,"1,128",465.0,49.0,614.0,87.5,70.5,89.1,58.5,91.2,4.0,0.0,0.0,4.0,2.0,94.0,21.0,7.0,5.7,26.0,1.0,54.0,33.0,61.1,288.0,8.7,235.0,29.0,0.0,3.0,3.0,52.1,2 (0),82.0,388,464.0,167.0,27.0,0.0,0.0,0.0,82.0,new-york-giants
Bobby Okereke,#58,LB,17.0,"1,128",465.0,137.0,526.0,78.9,74.4,80.0,58.9,82.5,20.0,3.0,3.0,14.0,1.0,105.0,38.0,12.0,7.7,56.0,4.0,46.0,35.0,76.1,301.0,8.6,276.0,64.0,2.0,2.0,5.0,89.1,7 (1),35.0,"1,026",9.0,45.0,13.0,0.0,0.0,0.0,35.0,new-york-giants
Nick McCloud,#44,CB,13.0,312,128.0,2.0,182.0,74.8,45.3,48.5,56.4,80.7,0.0,0.0,0.0,0.0,0.0,20.0,2.0,4.0,15.4,6.0,2.0,22.0,15.0,68.2,152.0,10.1,52.0,25.0,1.0,1.0,1.0,83.9,0 (0),2.0,41,0.0,25.0,244.0,0.0,0.0,0.0,2.0,new-york-giants
Oshane Ximines,#53,ED,3.0,52,19.0,20.0,13.0,70.2,60.5,29.8,63.9,85.2,3.0,0.0,1.0,2.0,0.0,1.0,2.0,1.0,25.0,1.0,0.0,1.0,1.0,100.0,7.0,7.0,3.0,7.0,0.0,0.0,0.0,95.8,1 (1),49.0,2,0.0,0.0,1.0,0.0,0.0,1.0,48.0,new-york-giants
Isaiah Simmons,#19,LB,17.0,378,84.0,91.0,203.0,68.9,54.7,41.6,44.1,82.7,8.0,1.0,0.0,7.0,0.0,30.0,16.0,9.0,16.4,16.0,0.0,21.0,17.0,81.0,153.0,9.0,129.0,20.0,0.0,1.0,2.0,77.2,0 (0),137.0,166,2.0,65.0,8.0,0.0,0.0,0.0,137.0,new-york-giants
Jason Pinnock,#27,S,16.0,"1,011",424.0,40.0,547.0,67.8,67.9,58.4,66.2,64.8,10.0,2.0,2.0,6.0,0.0,61.0,21.0,13.0,13.7,19.0,2.0,39.0,24.0,61.5,284.0,11.8,120.0,40.0,2.0,2.0,5.0,79.4,1 (0),60.0,164,650.0,122.0,15.0,0.0,0.0,0.0,60.0,new-york-giants
Leonard Williams,#99,DI,8.0,360,138.0,221.0,1.0,67.6,59.4,46.4,77.2,60.3,22.0,2.0,4.0,16.0,1.0,14.0,7.0,2.0,8.7,13.0,0.0,0.0,0.0,,0.0,,0.0,,0.0,0.0,0.0,0.0,4 (2),360.0,0,0.0,0.0,0.0,11.0,258.0,70.0,21.0,new-york-giants
Micah McFadden,#41,LB,16.0,736,376.0,86.0,274.0,65.6,68.1,28.8,64.2,57.1,14.0,2.0,4.0,8.0,0.0,71.0,25.0,25.0,20.7,36.0,0.0,41.0,34.0,82.9,298.0,8.8,204.0,35.0,2.0,1.0,3.0,103.0,0 (0),86.0,620,0.0,17.0,13.0,0.0,0.0,2.0,84.0,new-york-giants
Darnay Holmes,#30,CB,8.0,123,44.0,2.0,77.0,63.9,44.0,68.4,54.1,68.7,0.0,0.0,0.0,0.0,0.0,11.0,0.0,1.0,8.3,3.0,0.0,15.0,12.0,80.0,165.0,13.8,88.0,34.0,0.0,2.0,1.0,72.9,1 (0),0.0,10,0.0,87.0,26.0,0.0,0.0,0.0,0.0,new-york-giants
Carter Coughlin,#52,LB,1.0,2,2.0,0.0,0.0,59.5,60.0,-,-,-,0.0,0.0,0.0,0.0,0.0,0.0,0.0,0.0,,0.0,0.0,0.0,0.0,,0.0,,0.0,,0.0,0.0,0.0,0.0,0 (0),2.0,0,0.0,0.0,0.0,0.0,0.0,0.0,2.0,new-york-giants
A'Shawn Robinson,#91,DI,17.0,515,262.0,251.0,2.0,58.6,60.6,58.9,52.8,63.9,9.0,0.0,0.0,9.0,2.0,49.0,11.0,5.0,7.7,36.0,0.0,0.0,0.0,,0.0,,0.0,,0.0,0.0,0.0,0.0,1 (1),514.0,1,0.0,0.0,0.0,5.0,226.0,201.0,82.0,new-york-giants
Kayvon Thibodeaux,#05,ED,17.0,981,377.0,520.0,84.0,58.4,52.3,59.4,62.9,57.3,43.0,13.0,4.0,26.0,2.0,25.0,11.0,6.0,14.3,29.0,3.0,5.0,5.0,100.0,38.0,7.6,46.0,13.0,0.0,0.0,0.0,98.3,4 (2),967.0,10,0.0,3.0,1.0,0.0,3.0,4.0,960.0,new-york-giants
Tomon Fox,#94,ED,1.0,19,3.0,13.0,3.0,57.5,64.4,-,50.6,60.5,0.0,0.0,0.0,0.0,0.0,0.0,0.0,0.0,,0.0,0.0,0.0,0.0,,0.0,,0.0,,0.0,0.0,0.0,0.0,0 (0),19.0,0,0.0,0.0,0.0,0.0,0.0,1.0,18.0,new-york-giants
Boogie Basham,#45,ED,13.0,194,105.0,85.0,4.0,55.0,57.3,62.6,50.8,63.9,0.0,0.0,0.0,0.0,0.0,7.0,2.0,1.0,10.0,6.0,0.0,0.0,0.0,,0.0,,0.0,,0.0,0.0,0.0,0.0,0 (0),194.0,0,0.0,0.0,0.0,0.0,3.0,2.0,189.0,new-york-giants
Cor'Dale Flott,#28,CB,14.0,519,171.0,16.0,332.0,53.4,49.2,39.9,41.7,59.4,2.0,0.0,0.0,2.0,0.0,30.0,8.0,7.0,15.6,11.0,1.0,62.0,40.0,64.5,452.0,11.3,288.0,51.0,3.0,1.0,3.0,95.6,5 (3),1.0,41,0.0,432.0,45.0,0.0,0.0,0.0,1.0,new-york-giants
Tre Hawkins III,#37,CB,10.0,346,135.0,0.0,211.0,52.6,74.5,63.5,-,47.2,0.0,0.0,0.0,0.0,0.0,26.0,8.0,4.0,10.5,2.0,0.0,26.0,21.0,80.8,330.0,15.7,126.0,69.0,3.0,0.0,2.0,157.2,4 (0),0.0,32,1.0,28.0,285.0,0.0,0.0,0.0,0.0,new-york-giants
Azeez Ojulari,#51,ED,11.0,424,135.0,265.0,24.0,51.8,47.6,64.4,50.7,72.7,25.0,3.0,5.0,17.0,0.0,11.0,3.0,3.0,17.6,12.0,0.0,4.0,3.0,75.0,27.0,9.0,18.0,12.0,0.0,0.0,0.0,92.7,0 (0),423.0,0,0.0,0.0,1.0,0.0,2.0,4.0,417.0,new-york-giants
Dane Belton,#24,S,17.0,295,116.0,14.0,165.0,51.7,37.1,36.9,61.1,59.0,4.0,1.0,1.0,2.0,0.0,21.0,6.0,8.0,22.9,4.0,0.0,15.0,13.0,86.7,141.0,10.8,83.0,28.0,1.0,2.0,0.0,88.5,0 (0),15.0,119,117.0,33.0,11.0,0.0,0.0,0.0,15.0,new-york-giants
D.J. Davidson,#98,DI,15.0,244,131.0,113.0,0.0,51.6,47.7,28.6,68.1,-,4.0,1.0,0.0,3.0,3.0,9.0,3.0,3.0,20.0,7.0,0.0,1.0,1.0,100.0,-2.0,-2.0,-10.0,-2.0,0.0,0.0,0.0,79.2,2 (0),244.0,0,0.0,0.0,0.0,134.0,105.0,4.0,1.0,new-york-giants
Deonte Banks,#25,CB,15.0,844,346.0,2.0,496.0,51.5,61.6,60.8,55.5,48.6,0.0,0.0,0.0,0.0,0.0,56.0,8.0,9.0,12.3,17.0,0.0,92.0,53.0,57.6,644.0,12.2,209.0,50.0,4.0,2.0,6.0,84.7,8 (4),1.0,57,2.0,61.0,723.0,0.0,0.0,0.0,1.0,new-york-giants
Bobby McCain,#21,CB,2.0,19,8.0,0.0,11.0,49.0,41.2,23.2,-,57.4,0.0,0.0,0.0,0.0,0.0,0.0,0.0,1.0,100.0,0.0,0.0,4.0,3.0,75.0,24.0,8.0,19.0,14.0,1.0,0.0,1.0,129.2,0 (0),0.0,3,3.0,12.0,1.0,0.0,0.0,0.0,0.0,new-york-giants
Adoree' Jackson,#22,CB,14.0,792,336.0,5.0,451.0,48.6,59.9,37.6,50.1,45.9,0.0,0.0,0.0,0.0,0.0,55.0,4.0,11.0,15.7,11.0,1.0,82.0,54.0,65.9,753.0,13.9,382.0,80.0,2.0,1.0,6.0,98.3,4 (1),11.0,57,1.0,115.0,608.0,0.0,0.0,0.0,11.0,new-york-giants
Rakeem Nunez-Roches,#93,DI,16.0,461,219.0,238.0,4.0,46.3,43.8,34.9,50.5,63.8,7.0,1.0,0.0,6.0,1.0,19.0,8.0,6.0,18.2,12.0,0.0,1.0,1.0,100.0,19.0,19.0,13.0,19.0,0.0,0.0,0.0,118.8,0 (0),461.0,0,0.0,0.0,0.0,66.0,313.0,80.0,2.0,new-york-giants
Jihad Ward,#55,ED,17.0,661,285.0,328.0,48.0,42.4,40.4,38.0,53.9,49.5,20.0,6.0,3.0,11.0,0.0,14.0,4.0,6.0,25.0,13.0,1.0,4.0,4.0,100.0,51.0,12.8,29.0,19.0,0.0,0.0,0.0,118.8,2 (1),651.0,10,0.0,0.0,0.0,7.0,62.0,111.0,471.0,new-york-giants
Benton Whitley,#48,ED,3.0,13,6.0,6.0,1.0,37.3,55.7,-,65.3,60.0,0.0,0.0,0.0,0.0,1.0,0.0,0.0,0.0,,0.0,0.0,1.0,1.0,100.0,16.0,16.0,12.0,16.0,0.0,0.0,0.0,118.8,0 (0),13.0,0,0.0,0.0,0.0,0.0,0.0,0.0,13.0,new-york-giants
Jordon Riley,#95,DI,8.0,135,75.0,59.0,1.0,33.1,32.3,33.1,51.6,60.0,0.0,0.0,0.0,0.0,0.0,7.0,2.0,2.0,18.2,4.0,0.0,0.0,0.0,,0.0,,0.0,,0.0,0.0,0.0,0.0,0 (0),135.0,0,0.0,0.0,0.0,107.0,28.0,0.0,0.0,new-york-giants
Timmy Horne,#96,DI,1.0,7,2.0,5.0,0.0,30.3,60.0,-,54.9,-,0.0,0.0,0.0,0.0,0.0,0.0,0.0,0.0,,0.0,0.0,0.0,0.0,,0.0,,0.0,,0.0,0.0,0.0,0.0,1 (1),7.0,0,0.0,0.0,0.0,0.0,5.0,2.0,0.0,new-york-giants
Quinnen Williams,#95,DI,17.0,778,307.0,465.0,6.0,90.6,90.4,47.5,84.5,63.0,70.0,6.0,11.0,53.0,1.0,42.0,11.0,10.0,15.9,42.0,1.0,0.0,0.0,,0.0,,0.0,,0.0,1.0,0.0,0.0,5 (2),778.0,0,0.0,0.0,0.0,51.0,437.0,266.0,24.0,new-york-jets
Sauce Gardner,#01,CB,16.0,"1,049",463.0,3.0,583.0,88.6,57.0,55.6,54.5,90.8,0.0,0.0,0.0,0.0,0.0,47.0,10.0,11.0,16.2,20.0,1.0,51.0,29.0,56.9,251.0,8.7,90.0,32.0,1.0,0.0,10.0,76.5,5 (0),8.0,100,1.0,15.0,925.0,0.0,0.0,0.0,8.0,new-york-jets
Jermaine Johnson,#11,ED,17.0,748,296.0,445.0,7.0,83.0,71.0,69.8,73.7,95.1,56.0,9.0,7.0,40.0,3.0,36.0,13.0,4.0,7.5,31.0,2.0,1.0,0.0,0.0,0.0,,0.0,,0.0,1.0,1.0,0.0,3 (0),711.0,36,0.0,0.0,1.0,0.0,4.0,4.0,703.0,new-york-jets
C.J. Mosley,#57,LB,17.0,"1,127",486.0,41.0,600.0,82.9,63.8,73.7,72.9,90.6,7.0,1.0,2.0,4.0,2.0,105.0,50.0,15.0,8.8,60.0,2.0,66.0,53.0,80.3,570.0,10.8,416.0,43.0,1.0,1.0,5.0,101.4,4 (0),29.0,"1,053",7.0,37.0,1.0,0.0,0.0,0.0,29.0,new-york-jets
Quincy Williams,#56,LB,17.0,"1,092",475.0,41.0,576.0,81.1,70.4,60.1,69.2,88.7,7.0,2.0,2.0,3.0,0.0,106.0,25.0,20.0,13.2,80.0,2.0,92.0,67.0,72.8,516.0,7.7,454.0,50.0,4.0,1.0,8.0,96.1,5 (1),50.0,896,4.0,132.0,10.0,0.0,0.0,0.0,50.0,new-york-jets
Michael Carter II,#30,CB,15.0,671,219.0,18.0,434.0,80.4,63.5,73.3,52.8,83.3,5.0,0.0,1.0,4.0,0.0,44.0,7.0,6.0,10.5,19.0,1.0,57.0,32.0,56.1,258.0,8.1,178.0,29.0,1.0,0.0,4.0,73.6,1 (0),2.0,65,4.0,571.0,29.0,0.0,0.0,0.0,2.0,new-york-jets
Bryce Huff,#47,ED,17.0,481,134.0,334.0,13.0,79.7,48.0,74.0,86.8,68.2,67.0,10.0,12.0,45.0,0.0,10.0,5.0,1.0,6.3,16.0,0.0,0.0,0.0,,0.0,,0.0,,0.0,0.0,0.0,0.0,3 (0),467.0,13,0.0,0.0,1.0,0.0,2.0,8.0,457.0,new-york-jets
Craig James,#31,CB,2.0,42,15.0,0.0,27.0,79.0,63.3,72.5,-,79.8,0.0,0.0,0.0,0.0,0.0,1.0,0.0,0.0,0.0,1.0,0.0,2.0,0.0,0.0,0.0,,0.0,,0.0,0.0,1.0,39.6,0 (0),0.0,1,0.0,5.0,36.0,0.0,0.0,0.0,0.0,new-york-jets
Chazz Surratt,#55,LB,3.0,9,9.0,0.0,0.0,78.2,71.2,75.1,-,-,0.0,0.0,0.0,0.0,0.0,1.0,1.0,0.0,0.0,1.0,0.0,0.0,0.0,,0.0,,0.0,,0.0,0.0,0.0,0.0,0 (0),0.0,9,0.0,0.0,0.0,0.0,0.0,0.0,0.0,new-york-jets
D.J. Reed,#04,CB,15.0,993,449.0,2.0,542.0,77.9,70.2,66.6,58.0,79.5,2.0,0.0,0.0,2.0,0.0,63.0,11.0,8.0,9.8,20.0,1.0,70.0,43.0,61.4,475.0,11.0,183.0,60.0,2.0,1.0,6.0,85.1,8 (2),8.0,62,2.0,15.0,906.0,0.0,0.0,0.0,8.0,new-york-jets
Jamien Sherwood,#44,LB,16.0,193,141.0,7.0,45.0,76.1,78.9,79.9,79.4,56.7,1.0,0.0,0.0,1.0,1.0,24.0,9.0,2.0,5.7,10.0,1.0,8.0,8.0,100.0,89.0,11.1,41.0,42.0,1.0,0.0,0.0,152.6,0 (0),38.0,129,0.0,26.0,0.0,0.0,0.0,1.0,37.0,new-york-jets
Adrian Amos,#00,S,9.0,264,138.0,0.0,126.0,72.7,88.0,72.2,-,61.0,0.0,0.0,0.0,0.0,0.0,19.0,5.0,2.0,7.7,7.0,0.0,10.0,6.0,60.0,53.0,8.8,39.0,18.0,0.0,0.0,2.0,74.2,0 (0),2.0,69,144.0,46.0,3.0,0.0,0.0,0.0,2.0,new-york-jets
Ashtyn Davis,#21,S,17.0,218,105.0,3.0,110.0,72.6,56.4,57.6,76.4,75.2,1.0,0.0,0.0,1.0,1.0,13.0,8.0,4.0,16.0,6.0,0.0,22.0,13.0,59.1,107.0,8.2,86.0,15.0,0.0,3.0,4.0,32.0,0 (0),5.0,85,46.0,79.0,3.0,0.0,0.0,0.0,5.0,new-york-jets
Will McDonald IV,#99,ED,15.0,183,82.0,99.0,2.0,71.6,63.2,59.8,68.9,63.1,12.0,4.0,1.0,7.0,0.0,8.0,2.0,1.0,9.1,9.0,1.0,0.0,0.0,,0.0,,0.0,,0.0,0.0,0.0,0.0,0 (0),181.0,2,0.0,0.0,0.0,0.0,0.0,2.0,179.0,new-york-jets
John Franklin-Myers,#91,ED,17.0,626,263.0,359.0,4.0,70.4,64.3,48.3,67.4,77.4,50.0,3.0,12.0,35.0,2.0,15.0,16.0,6.0,16.2,11.0,0.0,0.0,0.0,,0.0,,0.0,,0.0,0.0,0.0,0.0,2 (0),625.0,1,0.0,0.0,0.0,2.0,31.0,169.0,423.0,new-york-jets
Jordan Whitehead,#03,S,17.0,"1,076",473.0,5.0,598.0,68.2,66.1,43.5,53.7,68.9,2.0,1.0,0.0,1.0,0.0,74.0,17.0,20.0,18.0,26.0,0.0,32.0,20.0,62.5,349.0,17.5,195.0,81.0,7.0,4.0,3.0,99.6,1 (0),18.0,326,507.0,218.0,7.0,0.0,0.0,0.0,18.0,new-york-jets
Tony Adams,#22,S,15.0,879,365.0,8.0,506.0,68.0,69.7,53.2,56.2,65.2,6.0,0.0,0.0,6.0,0.0,60.0,23.0,15.0,15.3,23.0,0.0,28.0,18.0,64.3,239.0,13.3,66.0,23.0,1.0,3.0,2.0,63.5,2 (0),6.0,273,366.0,220.0,14.0,0.0,0.0,0.0,6.0,new-york-jets
Bryce Hall,#37,CB,5.0,138,37.0,0.0,101.0,66.4,80.3,59.5,-,62.8,0.0,0.0,0.0,0.0,0.0,5.0,2.0,1.0,12.5,2.0,0.0,12.0,7.0,58.3,96.0,13.7,44.0,49.0,0.0,1.0,0.0,49.3,1 (0),0.0,12,0.0,4.0,122.0,0.0,0.0,0.0,0.0,new-york-jets
Micheal Clemons,#72,ED,16.0,368,210.0,157.0,1.0,65.9,66.3,39.7,57.9,63.1,8.0,1.0,1.0,6.0,0.0,18.0,8.0,5.0,16.1,12.0,1.0,0.0,0.0,,0.0,,0.0,,0.0,0.0,0.0,0.0,1 (0),368.0,0,0.0,0.0,0.0,0.0,12.0,19.0,337.0,new-york-jets
Bruce Hector,#98,DI,2.0,37,24.0,13.0,0.0,61.3,63.1,70.3,53.4,-,0.0,0.0,0.0,0.0,0.0,4.0,0.0,0.0,0.0,4.0,0.0,0.0,0.0,,0.0,,0.0,,0.0,0.0,0.0,0.0,0 (0),37.0,0,0.0,0.0,0.0,0.0,36.0,1.0,0.0,new-york-jets
Carl Lawson,#58,ED,6.0,101,42.0,59.0,0.0,60.3,64.8,75.2,53.6,-,2.0,0.0,0.0,2.0,0.0,4.0,1.0,0.0,0.0,3.0,0.0,0.0,0.0,,0.0,,0.0,,0.0,0.0,0.0,0.0,0 (0),100.0,1,0.0,0.0,0.0,0.0,0.0,1.0,99.0,new-york-jets
Jarrick Bernard-Converse,#29,S,2.0,4,4.0,0.0,0.0,60.1,60.0,-,-,-,0.0,0.0,0.0,0.0,0.0,0.0,0.0,0.0,,0.0,0.0,0.0,0.0,,0.0,,0.0,,0.0,0.0,0.0,0.0,0 (0),0.0,0,4.0,0.0,0.0,0.0,0.0,0.0,0.0,new-york-jets
Brandin Echols,#26,CB,12.0,143,47.0,2.0,94.0,56.1,80.6,30.7,58.2,53.2,0.0,0.0,0.0,0.0,0.0,6.0,3.0,5.0,35.7,3.0,0.0,17.0,14.0,82.4,125.0,8.9,70.0,21.0,1.0,1.0,0.0,92.4,3 (1),2.0,13,0.0,112.0,16.0,0.0,0.0,0.0,2.0,new-york-jets
Al Woods,#96,DI,6.0,140,74.0,66.0,0.0,54.0,55.4,71.5,53.0,-,2.0,1.0,1.0,0.0,0.0,3.0,2.0,0.0,0.0,4.0,0.0,0.0,0.0,,0.0,,0.0,,0.0,0.0,0.0,0.0,0 (0),140.0,0,0.0,0.0,0.0,16.0,122.0,2.0,0.0,new-york-jets
Quinton Jefferson,#70,DI,14.0,468,225.0,240.0,3.0,52.8,38.7,63.3,73.2,60.8,29.0,8.0,5.0,16.0,0.0,20.0,6.0,4.0,13.3,22.0,0.0,0.0,0.0,,0.0,,0.0,,0.0,0.0,0.0,0.0,2 (0),466.0,2,0.0,0.0,0.0,27.0,182.0,242.0,15.0,new-york-jets
Sam Eguavoen,#52,LB,5.0,14,12.0,0.0,2.0,42.5,65.7,73.3,-,39.8,0.0,0.0,0.0,0.0,0.0,1.0,0.0,0.0,0.0,0.0,0.0,1.0,0.0,0.0,0.0,,0.0,,0.0,0.0,0.0,39.6,1 (1),9.0,5,0.0,0.0,0.0,0.0,0.0,0.0,9.0,new-york-jets
Solomon Thomas,#94,DI,17.0,483,256.0,223.0,4.0,37.0,32.2,52.1,62.0,60.6,17.0,6.0,1.0,10.0,1.0,16.0,11.0,4.0,12.9,18.0,0.0,0.0,0.0,,0.0,,0.0,,0.0,0.0,0.0,0.0,4 (0),483.0,0,0.0,0.0,0.0,4.0,335.0,143.0,1.0,new-york-jets
Tae Hayes,#27,CB,1.0,13,0.0,0.0,13.0,35.1,-,79.2,-,34.2,0.0,0.0,0.0,0.0,0.0,2.0,0.0,0.0,0.0,0.0,0.0,3.0,3.0,100.0,54.0,18.0,0.0,36.0,0.0,0.0,0.0,118.8,0 (0),0.0,0,0.0,1.0,12.0,0.0,0.0,0.0,0.0,new-york-jets
Jalyn Holmes,#97,DI,5.0,81,46.0,35.0,0.0,28.9,29.8,48.5,54.0,60.0,2.0,1.0,0.0,1.0,0.0,3.0,3.0,2.0,25.0,3.0,0.0,0.0,0.0,,0.0,,0.0,,0.0,0.0,0.0,0.0,2 (0),81.0,0,0.0,0.0,0.0,2.0,58.0,21.0,0.0,new-york-jets
Tanzel Smart,#79,DI,4.0,63,38.0,25.0,0.0,27.5,28.1,26.5,56.9,54.5,0.0,0.0,0.0,0.0,0.0,1.0,1.0,1.0,33.3,0.0,0.0,0.0,0.0,,0.0,,0.0,,0.0,0.0,0.0,0.0,0 (0),63.0,0,0.0,0.0,0.0,1.0,50.0,12.0,0.0,new-york-jets
Perrion Winfrey,#92,DI,1.0,13,9.0,4.0,0.0,27.2,31.8,68.7,56.6,-,0.0,0.0,0.0,0.0,0.0,2.0,0.0,0.0,0.0,1.0,0.0,0.0,0.0,,0.0,,0.0,,0.0,0.0,0.0,0.0,1 (0),13.0,0,0.0,0.0,0.0,0.0,12.0,1.0,0.0,new-york-jets
Jalen Carter,#98,DI,17.0,599,172.0,427.0,0.0,87.4,69.4,51.5,84.6,68.2,50.0,7.0,4.0,39.0,0.0,15.0,12.0,4.0,12.9,13.0,1.0,0.0,0.0,,0.0,,0.0,,0.0,0.0,0.0,0.0,4 (1),599.0,0.0,0.0,0.0,0.0,26.0,336.0,222.0,15.0,philadelphia-eagles
Brandon Graham,#55,ED,18.0,427,157.0,248.0,22.0,84.0,72.1,73.4,80.2,69.0,30.0,5.0,2.0,23.0,0.0,14.0,1.0,1.0,6.3,13.0,0.0,1.0,0.0,0.0,0.0,,0.0,,0.0,0.0,0.0,39.6,1 (0),417.0,3.0,0.0,6.0,1.0,8.0,15.0,30.0,364.0,philadelphia-eagles
Tristin McCollum,#36,S,1.0,29,10.0,0.0,19.0,76.6,78.9,82.7,-,65.7,0.0,0.0,0.0,0.0,0.0,5.0,1.0,0.0,0.0,3.0,0.0,2.0,1.0,50.0,6.0,6.0,0.0,6.0,0.0,0.0,0.0,56.3,0 (0),0.0,10.0,17.0,2.0,0.0,0.0,0.0,0.0,0.0,philadelphia-eagles
Fletcher Cox,#91,DI,16.0,721,211.0,510.0,0.0,76.5,68.8,70.8,72.2,67.0,49.0,8.0,13.0,28.0,2.0,23.0,5.0,2.0,6.7,18.0,2.0,0.0,0.0,,0.0,,0.0,,0.0,0.0,0.0,0.0,2 (0),721.0,0.0,0.0,0.0,0.0,36.0,355.0,293.0,37.0,philadelphia-eagles
Reed Blankenship,#32,S,15.0,942,316.0,9.0,617.0,73.4,61.2,70.7,59.2,78.0,2.0,0.0,2.0,0.0,0.0,80.0,26.0,12.0,10.2,19.0,0.0,50.0,35.0,70.0,367.0,10.5,139.0,69.0,6.0,3.0,6.0,105.6,1 (0),10.0,149.0,682.0,94.0,7.0,0.0,0.0,0.0,10.0,philadelphia-eagles
Haason Reddick,#07,ED,18.0,910,275.0,587.0,48.0,73.0,63.7,54.4,73.9,51.6,68.0,13.0,13.0,42.0,0.0,21.0,7.0,7.0,20.0,24.0,1.0,8.0,6.0,75.0,57.0,9.5,25.0,18.0,0.0,0.0,0.0,94.3,2 (0),886.0,12.0,0.0,12.0,0.0,0.0,2.0,1.0,883.0,philadelphia-eagles
Kevin Byard,#31,S,11.0,798,292.0,12.0,494.0,72.0,78.7,77.8,59.7,68.5,5.0,0.0,0.0,5.0,1.0,56.0,22.0,6.0,7.1,10.0,0.0,38.0,32.0,84.2,321.0,10.0,125.0,40.0,2.0,1.0,1.0,108.4,3 (2),9.0,249.0,380.0,147.0,13.0,0.0,0.0,0.0,9.0,philadelphia-eagles
Jordan Davis,#90,DI,18.0,561,257.0,304.0,0.0,70.9,63.4,39.1,66.5,70.3,18.0,4.0,1.0,13.0,1.0,27.0,17.0,5.0,10.2,24.0,1.0,0.0,0.0,,0.0,,0.0,,0.0,0.0,0.0,0.0,0 (0),560.0,1.0,0.0,0.0,0.0,255.0,301.0,4.0,0.0,philadelphia-eagles
Milton Williams,#93,DI,17.0,522,200.0,322.0,0.0,70.4,69.8,41.7,62.0,66.8,25.0,2.0,9.0,14.0,0.0,31.0,8.0,5.0,11.4,26.0,1.0,0.0,0.0,,0.0,,0.0,,0.0,0.0,1.0,0.0,1 (0),522.0,0.0,0.0,0.0,0.0,3.0,253.0,241.0,25.0,philadelphia-eagles
Ben VanSumeren,#57,LB,2.0,50,29.0,0.0,21.0,69.5,63.0,81.7,-,69.7,0.0,0.0,0.0,0.0,0.0,4.0,5.0,0.0,0.0,2.0,0.0,2.0,2.0,100.0,3.0,1.5,7.0,5.0,0.0,0.0,0.0,79.2,0 (0),2.0,47.0,0.0,1.0,0.0,0.0,0.0,0.0,2.0,philadelphia-eagles
Nicholas Morrow,#41,LB,16.0,898,327.0,45.0,526.0,68.1,77.0,77.9,79.9,56.1,10.0,3.0,3.0,4.0,0.0,82.0,24.0,8.0,7.0,46.0,2.0,67.0,48.0,71.6,566.0,11.8,392.0,48.0,4.0,0.0,4.0,116.9,2 (0),16.0,778.0,9.0,89.0,6.0,0.0,0.0,0.0,16.0,philadelphia-eagles
Moro Ojomo,#72,DI,8.0,68,29.0,39.0,0.0,67.9,70.8,70.2,57.5,-,0.0,0.0,0.0,0.0,0.0,3.0,0.0,0.0,0.0,2.0,0.0,0.0,0.0,,0.0,,0.0,,0.0,0.0,0.0,0.0,0 (0),68.0,0.0,0.0,0.0,0.0,2.0,39.0,23.0,4.0,philadelphia-eagles
Zach Cunningham,#52,LB,14.0,787,215.0,53.0,519.0,67.6,71.5,48.4,49.9,67.9,7.0,0.0,2.0,5.0,0.0,72.0,22.0,15.0,13.8,35.0,0.0,67.0,47.0,70.1,390.0,8.3,297.0,32.0,1.0,0.0,6.0,89.8,2 (0),40.0,658.0,8.0,64.0,17.0,0.0,0.0,0.0,40.0,philadelphia-eagles
Josh Sweat,#94,ED,18.0,875,254.0,597.0,24.0,67.2,54.2,50.9,72.1,69.7,70.0,8.0,16.0,46.0,1.0,28.0,11.0,8.0,17.0,27.0,2.0,2.0,2.0,100.0,6.0,3.0,15.0,6.0,0.0,0.0,0.0,79.2,6 (0),867.0,2.0,0.0,6.0,0.0,0.0,11.0,21.0,835.0,philadelphia-eagles
Shaquille Leonard,#53,LB,5.0,164,74.0,8.0,82.0,66.6,69.2,51.8,78.2,57.2,3.0,1.0,0.0,2.0,0.0,15.0,4.0,3.0,13.6,9.0,0.0,8.0,7.0,87.5,45.0,6.4,50.0,8.0,1.0,0.0,0.0,129.7,0 (0),5.0,146.0,1.0,12.0,0.0,0.0,0.0,0.0,5.0,philadelphia-eagles
Darius Slay,#02,CB,13.0,874,258.0,0.0,616.0,66.0,62.8,66.6,-,65.4,0.0,0.0,0.0,0.0,0.0,57.0,4.0,7.0,10.3,15.0,0.0,84.0,54.0,64.3,618.0,11.4,252.0,39.0,2.0,2.0,7.0,84.3,3 (0),5.0,34.0,1.0,37.0,797.0,0.0,0.0,0.0,5.0,philadelphia-eagles
Kelee Ringo,#22,CB,7.0,233,98.0,1.0,134.0,64.7,74.2,76.2,83.2,63.5,1.0,1.0,0.0,0.0,0.0,18.0,1.0,1.0,5.0,6.0,0.0,9.0,5.0,55.6,61.0,12.2,20.0,39.0,1.0,1.0,1.0,74.1,4 (0),1.0,26.0,1.0,4.0,201.0,0.0,0.0,0.0,1.0,philadelphia-eagles
Justin Evans,#30,S,4.0,197,44.0,1.0,152.0,63.1,67.0,90.0,58.3,61.2,0.0,0.0,0.0,0.0,0.0,11.0,4.0,0.0,0.0,1.0,0.0,12.0,5.0,41.7,58.0,11.6,29.0,24.0,1.0,0.0,1.0,84.7,0 (0),0.0,30.0,134.0,33.0,0.0,0.0,0.0,0.0,0.0,philadelphia-eagles
Sydney Brown,#21,S,13.0,334,107.0,6.0,221.0,62.0,56.7,64.2,49.9,64.9,0.0,0.0,0.0,0.0,0.0,28.0,11.0,5.0,11.4,11.0,0.0,24.0,21.0,87.5,211.0,10.0,105.0,32.0,2.0,1.0,1.0,113.7,1 (1),1.0,54.0,137.0,141.0,1.0,0.0,0.0,0.0,1.0,philadelphia-eagles
Nakobe Dean,#17,LB,5.0,182,47.0,8.0,127.0,61.7,80.2,89.2,83.4,49.2,3.0,1.0,0.0,2.0,0.0,26.0,2.0,0.0,0.0,11.0,0.0,14.0,13.0,92.9,120.0,9.2,58.0,18.0,0.0,0.0,0.0,102.4,1 (0),2.0,156.0,1.0,23.0,0.0,0.0,0.0,0.0,2.0,philadelphia-eagles
Josiah Scott,#34,CB,1.0,17,3.0,0.0,14.0,60.0,60.0,73.0,-,59.3,0.0,0.0,0.0,0.0,0.0,1.0,0.0,0.0,0.0,0.0,0.0,4.0,4.0,100.0,11.0,2.8,9.0,8.0,0.0,0.0,0.0,79.2,0 (0),0.0,3.0,0.0,14.0,0.0,0.0,0.0,0.0,0.0,philadelphia-eagles
Terrell Edmunds,#26,S,6.0,296,78.0,0.0,218.0,59.7,82.3,80.6,43.9,58.5,1.0,0.0,0.0,1.0,0.0,24.0,3.0,2.0,6.9,5.0,0.0,10.0,8.0,80.0,101.0,12.6,26.0,20.0,0.0,0.0,0.0,108.8,2 (0),5.0,67.0,189.0,32.0,3.0,0.0,0.0,0.0,5.0,philadelphia-eagles
Derek Barnett,#96,ED,8.0,99,39.0,55.0,5.0,59.3,62.0,50.1,53.3,65.0,0.0,0.0,0.0,0.0,0.0,3.0,1.0,1.0,20.0,2.0,0.0,0.0,0.0,,0.0,,0.0,,0.0,0.0,0.0,0.0,0 (0),97.0,0.0,0.0,2.0,0.0,0.0,0.0,6.0,91.0,philadelphia-eagles
Marlon Tuipulotu,#95,DI,15.0,178,92.0,86.0,0.0,58.5,59.4,59.7,54.6,60.0,6.0,2.0,0.0,4.0,0.0,13.0,7.0,2.0,9.1,11.0,0.0,0.0,0.0,,0.0,,0.0,,0.0,0.0,0.0,0.0,0 (0),178.0,0.0,0.0,0.0,0.0,37.0,96.0,38.0,7.0,philadelphia-eagles
Bradley Roby,#33,CB,10.0,379,119.0,6.0,254.0,56.9,50.2,31.1,68.2,57.0,2.0,0.0,1.0,1.0,0.0,22.0,2.0,8.0,25.0,13.0,1.0,38.0,23.0,60.5,168.0,7.3,122.0,26.0,0.0,0.0,0.0,70.9,0 (0),8.0,37.0,1.0,316.0,17.0,0.0,0.0,0.0,8.0,philadelphia-eagles
Nolan Smith,#03,ED,18.0,203,84.0,95.0,24.0,55.8,65.8,57.0,55.5,45.6,9.0,2.0,2.0,5.0,0.0,10.0,4.0,2.0,12.5,9.0,0.0,5.0,5.0,100.0,103.0,20.6,36.0,27.0,0.0,0.0,0.0,118.8,1 (0),188.0,12.0,0.0,3.0,0.0,0.0,2.0,0.0,186.0,philadelphia-eagles
James Bradberry,#24,CB,17.0,"1,090",361.0,3.0,726.0,54.4,63.6,67.8,53.7,52.0,0.0,0.0,0.0,0.0,0.0,45.0,10.0,7.0,11.3,12.0,0.0,101.0,61.0,60.4,797.0,13.1,204.0,56.0,10.0,1.0,9.0,114.2,5 (1),3.0,75.0,0.0,127.0,885.0,0.0,0.0,0.0,3.0,philadelphia-eagles
Kentavius Street,#97,DI,8.0,87,31.0,56.0,0.0,52.1,51.1,38.4,61.3,60.0,3.0,0.0,0.0,3.0,0.0,4.0,0.0,2.0,33.3,3.0,0.0,0.0,0.0,,0.0,,0.0,,0.0,0.0,0.0,0.0,1 (0),87.0,0.0,0.0,0.0,0.0,4.0,48.0,32.0,3.0,philadelphia-eagles
Mekhi Garner,#43,S,2.0,27,10.0,0.0,17.0,51.1,54.5,-,-,55.4,0.0,0.0,0.0,0.0,0.0,0.0,0.0,0.0,,0.0,0.0,0.0,0.0,,0.0,,0.0,,0.0,0.0,0.0,0.0,0 (0),0.0,8.0,17.0,2.0,0.0,0.0,0.0,0.0,0.0,philadelphia-eagles
Mario Goodrich,#31,CB,3.0,70,11.0,0.0,59.0,50.4,62.4,26.2,-,48.6,0.0,0.0,0.0,0.0,0.0,5.0,1.0,3.0,33.3,1.0,0.0,11.0,11.0,100.0,109.0,9.9,61.0,30.0,2.0,0.0,0.0,147.5,0 (0),0.0,14.0,1.0,52.0,3.0,0.0,0.0,0.0,0.0,philadelphia-eagles
Patrick Johnson,#48,ED,3.0,38,16.0,19.0,3.0,47.3,53.9,23.6,46.1,61.7,2.0,0.0,1.0,1.0,0.0,1.0,0.0,3.0,75.0,1.0,0.0,0.0,0.0,,0.0,,0.0,,0.0,0.0,0.0,0.0,0 (0),37.0,1.0,0.0,0.0,0.0,0.0,0.0,0.0,37.0,philadelphia-eagles
Christian Elliss,#53,LB,6.0,119,43.0,9.0,67.0,45.4,61.6,47.7,67.4,36.4,3.0,0.0,0.0,3.0,0.0,12.0,3.0,3.0,16.7,4.0,0.0,7.0,5.0,71.4,67.0,13.4,38.0,25.0,0.0,0.0,0.0,101.5,0 (0),0.0,107.0,0.0,10.0,2.0,0.0,0.0,0.0,0.0,philadelphia-eagles
Eli Ricks,#39,CB,15.0,316,72.0,0.0,244.0,45.3,58.2,50.9,-,43.5,0.0,0.0,0.0,0.0,0.0,16.0,2.0,4.0,18.2,2.0,0.0,37.0,17.0,45.9,230.0,13.5,117.0,44.0,2.0,0.0,2.0,84.3,4 (1),0.0,17.0,3.0,144.0,152.0,0.0,0.0,0.0,0.0,philadelphia-eagles
Avonte Maddox,#29,CB,5.0,211,64.0,0.0,147.0,44.8,71.2,56.2,-,39.3,0.0,0.0,0.0,0.0,0.0,17.0,1.0,3.0,14.3,6.0,1.0,23.0,19.0,82.6,261.0,13.7,134.0,36.0,1.0,0.0,2.0,128.4,1 (0),2.0,35.0,41.0,129.0,4.0,0.0,0.0,0.0,2.0,philadelphia-eagles
Josh Jobe,#28,CB,9.0,240,60.0,1.0,179.0,40.8,30.9,27.1,60.0,42.7,0.0,0.0,0.0,0.0,0.0,13.0,2.0,4.0,21.1,1.0,0.0,29.0,16.0,55.2,212.0,13.3,53.0,62.0,3.0,0.0,4.0,113.0,5 (1),0.0,15.0,0.0,7.0,218.0,0.0,0.0,0.0,0.0,philadelphia-eagles
T.J. Watt,#90,ED,17.0,930,323.0,551.0,56.0,91.9,80.7,59.0,91.7,70.6,86.0,20.0,19.0,47.0,6.0,37.0,11.0,6.0,11.1,49.0,4.0,10.0,9.0,90.0,107.0,11.9,80.0,28.0,0.0,1.0,0.0,71.7,4 (0),910.0,13.0,0.0,7.0,0.0,0.0,0.0,0.0,910.0,pittsburgh-steelers
Alex Highsmith,#56,ED,18.0,974,357.0,531.0,86.0,90.0,77.3,66.2,85.9,86.3,72.0,8.0,12.0,52.0,0.0,34.0,18.0,6.0,10.3,34.0,2.0,11.0,6.0,54.5,77.0,12.8,51.0,25.0,0.0,2.0,1.0,37.1,3 (1),926.0,16.0,0.0,32.0,0.0,0.0,4.0,4.0,918.0,pittsburgh-steelers
Blake Martinez,#40,LB,1.0,21,14.0,0.0,7.0,85.1,79.7,79.5,-,66.5,0.0,0.0,0.0,0.0,0.0,2.0,2.0,0.0,0.0,0.0,0.0,0.0,0.0,,0.0,,0.0,,0.0,0.0,0.0,0.0,0 (0),0.0,20.0,0.0,1.0,0.0,0.0,0.0,0.0,0.0,pittsburgh-steelers
Markus Golden,#44,ED,17.0,281,143.0,117.0,21.0,83.5,75.3,67.7,77.6,66.0,16.0,5.0,6.0,5.0,1.0,11.0,4.0,1.0,6.3,15.0,0.0,1.0,1.0,100.0,11.0,11.0,18.0,11.0,0.0,0.0,0.0,112.5,0 (0),274.0,1.0,0.0,6.0,0.0,0.0,0.0,1.0,273.0,pittsburgh-steelers
Nick Herbig,#51,ED,18.0,211,107.0,81.0,23.0,81.0,78.1,35.2,81.6,44.3,10.0,3.0,0.0,7.0,0.0,14.0,5.0,4.0,17.4,13.0,2.0,4.0,4.0,100.0,41.0,10.3,36.0,14.0,0.0,0.0,0.0,109.4,0 (0),201.0,3.0,0.0,6.0,1.0,0.0,3.0,0.0,198.0,pittsburgh-steelers
Elijah Riley,#37,S,5.0,50,14.0,2.0,34.0,79.8,47.9,29.9,70.5,84.5,3.0,1.0,0.0,2.0,0.0,5.0,3.0,4.0,33.3,4.0,0.0,2.0,1.0,50.0,36.0,36.0,10.0,36.0,0.0,0.0,0.0,95.8,0 (0),3.0,22.0,9.0,10.0,6.0,0.0,0.0,0.0,3.0,pittsburgh-steelers
Armon Watts,#94,DI,16.0,286,131.0,155.0,0.0,77.3,75.2,35.4,65.6,61.2,17.0,1.0,3.0,13.0,0.0,9.0,8.0,3.0,15.0,9.0,0.0,0.0,0.0,,0.0,,0.0,,0.0,0.0,0.0,0.0,0 (0),286.0,0.0,0.0,0.0,0.0,16.0,131.0,112.0,27.0,pittsburgh-steelers
Keeanu Benton,#95,DI,18.0,516,235.0,281.0,0.0,76.9,58.9,58.5,82.6,74.8,24.0,1.0,7.0,16.0,2.0,24.0,14.0,5.0,11.6,18.0,1.0,0.0,0.0,,0.0,,0.0,,0.0,0.0,0.0,0.0,1 (0),515.0,1.0,0.0,0.0,0.0,198.0,292.0,18.0,7.0,pittsburgh-steelers
Minkah Fitzpatrick,#39,S,11.0,616,260.0,19.0,337.0,73.3,83.1,83.1,57.1,67.9,1.0,0.0,0.0,1.0,0.0,54.0,24.0,5.0,6.0,19.0,0.0,30.0,20.0,66.7,242.0,12.1,115.0,42.0,2.0,0.0,2.0,113.5,3 (0),17.0,157.0,270.0,149.0,23.0,0.0,0.0,0.0,17.0,pittsburgh-steelers
Cameron Heyward,#97,DI,12.0,497,192.0,305.0,0.0,73.1,67.7,62.1,64.8,67.4,21.0,2.0,1.0,18.0,1.0,30.0,7.0,3.0,7.5,27.0,0.0,0.0,0.0,,0.0,,0.0,,0.0,0.0,0.0,0.0,0 (0),496.0,1.0,0.0,0.0,0.0,17.0,269.0,162.0,48.0,pittsburgh-steelers
Elandon Roberts,#50,LB,17.0,622,287.0,38.0,297.0,72.2,72.5,65.8,59.6,69.0,16.0,3.0,4.0,9.0,0.0,80.0,23.0,13.0,11.2,50.0,0.0,49.0,43.0,87.8,365.0,8.5,230.0,34.0,1.0,0.0,3.0,104.5,1 (0),7.0,576.0,1.0,34.0,4.0,0.0,0.0,0.0,7.0,pittsburgh-steelers
Cole Holcomb,#55,LB,8.0,447,182.0,33.0,232.0,65.5,72.2,79.7,60.8,57.2,4.0,0.0,2.0,2.0,0.0,38.0,19.0,3.0,5.0,21.0,1.0,22.0,16.0,72.7,216.0,13.5,103.0,29.0,0.0,0.0,2.0,103.6,1 (0),32.0,374.0,0.0,36.0,5.0,0.0,0.0,0.0,32.0,pittsburgh-steelers
Eric Rowe,#25,S,4.0,212,64.0,4.0,144.0,64.9,71.7,58.4,52.6,61.8,1.0,0.0,0.0,1.0,0.0,31.0,4.0,3.0,7.9,5.0,1.0,32.0,22.0,68.8,195.0,8.9,92.0,29.0,0.0,1.0,2.0,71.7,0 (0),3.0,61.0,85.0,54.0,9.0,0.0,0.0,0.0,3.0,pittsburgh-steelers
Joey Porter Jr.,#24,CB,18.0,855,290.0,0.0,565.0,64.3,64.7,56.3,-,66.6,0.0,0.0,0.0,0.0,0.0,37.0,6.0,6.0,12.2,8.0,0.0,57.0,27.0,47.4,404.0,15.0,137.0,56.0,1.0,1.0,6.0,69.6,12 (4),2.0,39.0,0.0,49.0,765.0,0.0,0.0,0.0,2.0,pittsburgh-steelers
Miles Killebrew,#28,S,10.0,111,17.0,3.0,91.0,64.1,72.4,69.8,55.6,61.1,2.0,0.0,1.0,1.0,0.0,10.0,3.0,1.0,7.1,5.0,0.0,13.0,9.0,69.2,97.0,10.8,27.0,29.0,0.0,0.0,0.0,90.9,0 (0),7.0,53.0,21.0,25.0,5.0,0.0,0.0,0.0,7.0,pittsburgh-steelers
Chandon Sullivan,#34,CB,18.0,442,150.0,37.0,255.0,60.4,42.4,54.8,57.1,65.9,5.0,0.0,0.0,5.0,2.0,18.0,3.0,4.0,16.0,8.0,1.0,35.0,24.0,68.6,217.0,9.0,81.0,30.0,1.0,1.0,3.0,82.7,3 (0),13.0,46.0,0.0,366.0,17.0,0.0,0.0,0.0,13.0,pittsburgh-steelers
Damontae Kazee,#23,S,15.0,791,280.0,5.0,506.0,60.1,55.7,49.8,52.4,62.3,0.0,0.0,0.0,0.0,0.0,49.0,13.0,13.0,17.3,6.0,0.0,29.0,23.0,79.3,400.0,17.4,142.0,46.0,2.0,2.0,1.0,113.0,2 (1),11.0,63.0,647.0,59.0,11.0,0.0,0.0,0.0,11.0,pittsburgh-steelers
Desmond King II,#25,CB,1.0,1,1.0,0.0,0.0,60.0,60.0,-,-,-,0.0,0.0,0.0,0.0,0.0,0.0,0.0,0.0,,0.0,0.0,0.0,0.0,,0.0,,0.0,,0.0,0.0,0.0,0.0,0 (0),0.0,0.0,1.0,0.0,0.0,0.0,0.0,0.0,0.0,pittsburgh-steelers
Keanu Neal,#31,S,9.0,430,154.0,10.0,266.0,59.6,65.1,50.2,60.2,56.4,3.0,0.0,1.0,2.0,0.0,36.0,12.0,9.0,15.8,12.0,0.0,37.0,24.0,64.9,250.0,10.4,131.0,34.0,0.0,1.0,1.0,73.0,1 (0),22.0,178.0,102.0,108.0,20.0,0.0,0.0,0.0,22.0,pittsburgh-steelers
Kwon Alexander,#54,LB,9.0,362,145.0,30.0,187.0,59.2,30.3,39.5,81.0,74.4,5.0,1.0,1.0,3.0,0.0,34.0,6.0,10.0,20.0,13.0,2.0,30.0,19.0,63.3,188.0,9.9,77.0,24.0,0.0,1.0,0.0,67.1,0 (0),13.0,319.0,0.0,24.0,6.0,0.0,0.0,0.0,13.0,pittsburgh-steelers
Montravius Adams,#57,DI,14.0,427,173.0,253.0,1.0,59.0,50.6,45.7,67.0,61.5,16.0,0.0,0.0,16.0,1.0,17.0,10.0,4.0,12.9,12.0,1.0,0.0,0.0,,0.0,,0.0,,0.0,0.0,0.0,0.0,1 (0),427.0,0.0,0.0,0.0,0.0,158.0,255.0,14.0,0.0,pittsburgh-steelers
Patrick Peterson,#20,CB,18.0,"1,162",438.0,8.0,716.0,58.9,57.1,39.8,59.4,59.8,3.0,0.0,0.0,3.0,0.0,41.0,8.0,10.0,16.9,12.0,0.0,62.0,33.0,53.2,431.0,13.1,208.0,52.0,5.0,2.0,6.0,88.8,5 (1),3.0,115.0,220.0,225.0,599.0,0.0,0.0,0.0,3.0,pittsburgh-steelers
Kyron Johnson,#53,ED,1.0,1,0.0,1.0,0.0,58.8,-,-,58.3,-,0.0,0.0,0.0,0.0,0.0,0.0,0.0,0.0,,0.0,0.0,0.0,0.0,,0.0,,0.0,,0.0,0.0,0.0,0.0,0 (0),1.0,0.0,0.0,0.0,0.0,0.0,0.0,0.0,1.0,pittsburgh-steelers
Larry Ogunjobi,#99,DI,18.0,816,320.0,492.0,4.0,58.7,53.2,42.4,58.6,67.3,35.0,3.0,5.0,27.0,2.0,31.0,18.0,9.0,15.5,25.0,1.0,0.0,0.0,,0.0,,0.0,,0.0,0.0,0.0,0.0,1 (0),815.0,1.0,0.0,0.0,0.0,26.0,402.0,348.0,39.0,pittsburgh-steelers
Levi Wallace,#29,CB,17.0,762,260.0,0.0,502.0,57.9,44.1,63.3,-,60.4,0.0,0.0,0.0,0.0,0.0,36.0,3.0,5.0,11.4,5.0,0.0,72.0,40.0,55.6,548.0,13.7,156.0,36.0,7.0,2.0,6.0,100.9,1 (0),3.0,40.0,2.0,26.0,691.0,0.0,0.0,0.0,3.0,pittsburgh-steelers
Trenton Thompson,#17,S,6.0,212,81.0,3.0,128.0,56.8,42.9,64.7,53.6,63.8,0.0,0.0,0.0,0.0,0.0,19.0,1.0,3.0,13.0,3.0,0.0,12.0,7.0,58.3,44.0,6.3,33.0,11.0,0.0,1.0,1.0,31.3,0 (0),4.0,78.0,86.0,36.0,8.0,0.0,0.0,0.0,4.0,pittsburgh-steelers
Myles Jack,#16,LB,4.0,157,39.0,11.0,107.0,55.3,72.0,52.6,63.0,47.8,2.0,1.0,1.0,0.0,0.0,13.0,3.0,3.0,15.8,7.0,0.0,12.0,11.0,91.7,134.0,12.2,81.0,22.0,0.0,0.0,0.0,113.2,2 (0),4.0,136.0,0.0,17.0,0.0,0.0,0.0,0.0,4.0,pittsburgh-steelers
Isaiahh Loudermilk,#92,DI,16.0,184,107.0,77.0,0.0,55.2,57.8,32.6,47.2,60.7,4.0,0.0,1.0,3.0,1.0,11.0,4.0,3.0,16.7,8.0,0.0,0.0,0.0,,0.0,,0.0,,0.0,0.0,0.0,0.0,0 (0),184.0,0.0,0.0,0.0,0.0,3.0,73.0,82.0,26.0,pittsburgh-steelers
Darius Rush,#21,CB,2.0,39,1.0,0.0,38.0,54.4,60.0,79.7,-,54.1,0.0,0.0,0.0,0.0,0.0,2.0,1.0,0.0,0.0,0.0,0.0,4.0,3.0,75.0,37.0,12.3,14.0,23.0,0.0,0.0,1.0,103.1,0 (0),0.0,8.0,5.0,20.0,6.0,0.0,0.0,0.0,0.0,pittsburgh-steelers
Mykal Walker,#38,LB,9.0,321,134.0,20.0,167.0,52.3,50.2,63.8,64.8,53.9,3.0,0.0,0.0,3.0,0.0,25.0,12.0,4.0,9.8,14.0,0.0,26.0,18.0,69.2,220.0,12.2,148.0,80.0,5.0,1.0,1.0,118.6,1 (0),11.0,265.0,0.0,40.0,5.0,0.0,0.0,0.0,11.0,pittsburgh-steelers
Mark Robinson,#93,LB,9.0,173,102.0,7.0,64.0,51.1,66.8,83.6,61.5,33.8,2.0,1.0,0.0,1.0,0.0,23.0,6.0,1.0,3.3,9.0,1.0,7.0,7.0,100.0,88.0,12.6,32.0,21.0,1.0,0.0,0.0,158.3,1 (0),2.0,165.0,0.0,3.0,3.0,0.0,0.0,0.0,2.0,pittsburgh-steelers
DeMarvin Leal,#98,DI,12.0,206,99.0,107.0,0.0,47.5,48.1,63.7,51.5,60.0,7.0,1.0,1.0,5.0,0.0,10.0,4.0,1.0,6.7,8.0,0.0,0.0,0.0,,0.0,,0.0,,0.0,0.0,0.0,0.0,0 (0),205.0,1.0,0.0,0.0,0.0,3.0,63.0,106.0,33.0,pittsburgh-steelers
James Pierre,#42,CB,6.0,28,4.0,0.0,24.0,40.4,61.2,75.7,-,37.9,0.0,0.0,0.0,0.0,0.0,1.0,0.0,0.0,0.0,1.0,0.0,2.0,2.0,100.0,18.0,9.0,6.0,12.0,1.0,0.0,0.0,143.8,2 (0),0.0,1.0,0.0,4.0,23.0,0.0,0.0,0.0,0.0,pittsburgh-steelers
Nick Bosa,#97,ED,20.0,"1,022",324.0,694.0,4.0,92.2,76.4,37.1,92.3,65.8,122.0,16.0,31.0,75.0,3.0,37.0,9.0,12.0,20.7,46.0,2.0,1.0,1.0,100.0,30.0,30.0,32.0,30.0,0.0,0.0,0.0,118.8,7 (1),"1,015",7,0.0,0.0,0,0.0,7.0,9.0,999.0,san-francisco-49ers
Fred Warner,#54,LB,20.0,"1,200",380.0,60.0,760.0,90.0,90.3,53.1,80.6,83.3,17.0,3.0,3.0,11.0,3.0,117.0,42.0,28.0,15.0,56.0,4.0,94.0,72.0,76.6,689.0,9.6,454.0,41.0,1.0,4.0,4.0,82.3,3 (1),28,"1,082",3.0,77.0,10,1.0,0.0,2.0,25.0,san-francisco-49ers
Curtis Robinson,#59,LB,1.0,3,1.0,0.0,2.0,89.9,60.0,71.7,-,76.7,0.0,0.0,0.0,0.0,0.0,1.0,0.0,0.0,0.0,1.0,0.0,1.0,1.0,100.0,5.0,5.0,0.0,5.0,0.0,0.0,0.0,87.5,0 (0),0,3,0.0,0.0,0,0.0,0.0,0.0,0.0,san-francisco-49ers
Charvarius Ward,#07,CB,20.0,"1,148",363.0,1.0,784.0,84.7,67.2,71.7,39.4,86.5,1.0,0.0,0.0,1.0,0.0,71.0,10.0,7.0,8.0,25.0,1.0,101.0,55.0,54.5,653.0,11.9,245.0,60.0,3.0,5.0,17.0,63.7,12 (6),19,70,0.0,17.0,"1,042",0.0,0.0,0.0,19.0,san-francisco-49ers
Kendall Sheffield,#35,CB,2.0,24,8.0,0.0,16.0,82.5,61.7,76.6,-,83.9,0.0,0.0,0.0,0.0,0.0,3.0,0.0,0.0,0.0,1.0,0.0,2.0,1.0,50.0,-4.0,-4.0,0.0,-4.0,0.0,0.0,0.0,56.3,0 (0),0,2,0.0,0.0,21,0.0,0.0,0.0,0.0,san-francisco-49ers
Arik Armstead,#91,DI,15.0,661,199.0,461.0,1.0,78.4,52.7,49.1,86.5,71.3,58.0,8.0,7.0,43.0,0.0,21.0,9.0,3.0,9.1,18.0,0.0,0.0,0.0,,0.0,,0.0,,0.0,0.0,0.0,0.0,3 (0),660,1,0.0,0.0,0,2.0,445.0,202.0,11.0,san-francisco-49ers
Deommodore Lenoir,#02,CB,20.0,"1,198",378.0,19.0,801.0,75.8,79.8,75.6,66.2,74.3,3.0,0.0,0.0,3.0,0.0,79.0,22.0,10.0,9.0,29.0,1.0,112.0,78.0,69.6,860.0,11.0,373.0,58.0,2.0,3.0,6.0,86.9,7 (1),30,99,3.0,418.0,648,0.0,0.0,0.0,30.0,san-francisco-49ers
Javon Hargrave,#98,DI,19.0,775,226.0,545.0,4.0,74.9,51.4,62.4,86.5,62.4,64.0,8.0,8.0,48.0,1.0,30.0,13.0,4.0,8.5,30.0,0.0,0.0,0.0,,0.0,,0.0,,0.0,0.0,0.0,0.0,4 (0),775,0,0.0,0.0,0,21.0,672.0,76.0,6.0,san-francisco-49ers
Ji'Ayir Brown,#27,S,12.0,546,167.0,8.0,371.0,73.4,72.7,72.8,56.9,71.5,3.0,0.0,0.0,3.0,0.0,42.0,10.0,6.0,10.3,9.0,0.0,23.0,16.0,69.6,212.0,13.3,100.0,41.0,2.0,3.0,2.0,87.9,0 (0),11,78,389.0,65.0,2,0.0,0.0,0.0,11.0,san-francisco-49ers
Dre Greenlaw,#57,LB,18.0,999,308.0,56.0,635.0,73.1,68.3,66.4,57.0,79.5,8.0,2.0,2.0,4.0,0.0,99.0,40.0,17.0,10.9,49.0,0.0,110.0,76.0,69.1,593.0,7.8,401.0,38.0,4.0,2.0,3.0,86.7,5 (1),44,835,0.0,112.0,8,0.0,0.0,0.0,44.0,san-francisco-49ers
Shemar Jean-Charles,#38,CB,1.0,3,1.0,0.0,2.0,73.1,62.2,73.3,-,62.1,0.0,0.0,0.0,0.0,0.0,1.0,0.0,0.0,0.0,1.0,0.0,0.0,0.0,,0.0,,0.0,,0.0,0.0,0.0,0.0,0 (0),0,1,0.0,0.0,2,0.0,0.0,0.0,0.0,san-francisco-49ers
Talanoa Hufanga,#29,S,10.0,577,178.0,15.0,384.0,70.5,77.1,79.1,76.3,66.3,3.0,0.0,2.0,1.0,0.0,43.0,10.0,5.0,8.6,15.0,0.0,16.0,13.0,81.3,96.0,7.4,64.0,16.0,1.0,3.0,0.0,72.9,2 (0),22,141,343.0,69.0,2,0.0,0.0,0.0,22.0,san-francisco-49ers
Chase Young,#92,ED,12.0,484,148.0,326.0,10.0,70.0,67.1,50.7,66.0,60.6,36.0,5.0,4.0,27.0,0.0,9.0,3.0,4.0,25.0,11.0,0.0,1.0,1.0,100.0,13.0,13.0,17.0,13.0,0.0,0.0,0.0,118.8,1 (1),482,2,0.0,0.0,0,0.0,1.0,11.0,470.0,san-francisco-49ers
Austin Bryant,#56,ED,2.0,36,13.0,23.0,0.0,69.6,63.8,69.6,66.3,-,3.0,0.0,0.0,3.0,0.0,1.0,0.0,0.0,0.0,0.0,0.0,0.0,0.0,,0.0,,0.0,,0.0,0.0,0.0,0.0,0 (0),36,0,0.0,0.0,0,0.0,1.0,0.0,35.0,san-francisco-49ers
Tashaun Gipson Sr.,#31,S,19.0,"1,194",374.0,18.0,802.0,67.8,84.6,67.2,52.4,63.8,8.0,1.0,0.0,7.0,0.0,56.0,18.0,10.0,11.9,15.0,1.0,36.0,19.0,52.8,246.0,12.9,93.0,52.0,1.0,1.0,3.0,72.2,5 (1),19,216,701.0,243.0,15,0.0,0.0,0.0,19.0,san-francisco-49ers
Isaiah Oliver,#26,CB,17.0,503,147.0,17.0,339.0,67.6,59.8,51.8,58.0,70.9,3.0,0.0,2.0,1.0,0.0,44.0,10.0,10.0,15.6,22.0,0.0,51.0,46.0,90.2,320.0,7.0,164.0,26.0,3.0,1.0,1.0,104.2,4 (2),29,34,3.0,424.0,12,0.0,0.0,0.0,29.0,san-francisco-49ers
Samuel Womack III,#00,CB,5.0,70,27.0,1.0,42.0,66.5,65.7,44.0,60.0,65.7,0.0,0.0,0.0,0.0,0.0,3.0,0.0,1.0,25.0,1.0,0.0,4.0,4.0,100.0,19.0,4.8,4.0,8.0,1.0,0.0,0.0,126.0,0 (0),2,1,0.0,1.0,66,0.0,0.0,0.0,2.0,san-francisco-49ers
Darrell Luter Jr.,#28,CB,4.0,64,29.0,0.0,35.0,64.7,71.5,79.0,-,61.4,0.0,0.0,0.0,0.0,0.0,3.0,2.0,0.0,0.0,1.0,0.0,4.0,0.0,0.0,0.0,,0.0,,0.0,0.0,0.0,39.6,0 (0),0,5,0.0,0.0,59,0.0,0.0,0.0,0.0,san-francisco-49ers
George Odum,#30,S,6.0,39,11.0,0.0,28.0,64.7,65.0,78.6,-,61.3,0.0,0.0,0.0,0.0,0.0,2.0,1.0,0.0,0.0,0.0,0.0,1.0,1.0,100.0,5.0,5.0,2.0,5.0,0.0,0.0,0.0,87.5,0 (0),0,4,31.0,3.0,0,0.0,0.0,0.0,0.0,san-francisco-49ers
Drake Jackson,#95,ED,8.0,199,42.0,155.0,2.0,62.6,38.9,75.3,64.1,70.9,14.0,3.0,0.0,11.0,1.0,2.0,2.0,1.0,20.0,4.0,0.0,0.0,0.0,,0.0,,0.0,,0.0,0.0,0.0,0.0,0 (0),198,1,0.0,0.0,0,1.0,2.0,1.0,194.0,san-francisco-49ers
Sebastian Joseph-Day,#69,DI,5.0,63,34.0,29.0,0.0,61.7,65.1,52.9,51.3,-,0.0,0.0,0.0,0.0,0.0,8.0,1.0,2.0,18.2,5.0,0.0,0.0,0.0,,0.0,,0.0,,0.0,0.0,0.0,0.0,0 (0),63,0,0.0,0.0,0,0.0,51.0,12.0,0.0,san-francisco-49ers
Logan Ryan,#33,S,6.0,268,89.0,4.0,175.0,61.6,61.6,52.0,55.4,60.9,0.0,0.0,0.0,0.0,0.0,16.0,9.0,5.0,16.7,3.0,1.0,11.0,8.0,72.7,57.0,7.1,38.0,21.0,2.0,0.0,0.0,123.9,1 (0),5,73,95.0,92.0,3,0.0,0.0,0.0,5.0,san-francisco-49ers
Ambry Thomas,#20,CB,16.0,573,154.0,0.0,419.0,61.5,56.1,79.1,-,61.5,0.0,0.0,0.0,0.0,0.0,46.0,8.0,3.0,5.3,8.0,1.0,65.0,46.0,70.8,460.0,10.0,116.0,33.0,3.0,1.0,6.0,99.5,4 (0),4,31,0.0,9.0,528,0.0,0.0,0.0,4.0,san-francisco-49ers
Clelin Ferrell,#94,ED,17.0,471,176.0,294.0,1.0,60.7,47.4,61.4,60.4,67.6,30.0,4.0,9.0,17.0,0.0,17.0,9.0,6.0,18.8,17.0,1.0,0.0,0.0,,0.0,,0.0,,0.0,0.0,0.0,0.0,0 (0),471,0,0.0,0.0,0,0.0,2.0,16.0,453.0,san-francisco-49ers
Erik Harris,#35,S,1.0,4,1.0,0.0,3.0,60.5,60.0,-,-,60.0,0.0,0.0,0.0,0.0,0.0,0.0,0.0,0.0,,0.0,0.0,0.0,0.0,,0.0,,0.0,,0.0,0.0,0.0,0.0,0 (0),0,0,4.0,0.0,0,0.0,0.0,0.0,0.0,san-francisco-49ers
Anthony Brown,#22,CB,1.0,1,0.0,0.0,1.0,60.4,-,-,-,60.0,0.0,0.0,0.0,0.0,0.0,0.0,0.0,0.0,,0.0,0.0,0.0,0.0,,0.0,,0.0,,0.0,0.0,0.0,0.0,0 (0),0,0,0.0,0.0,1,0.0,0.0,0.0,0.0,san-francisco-49ers
Brayden Willis,#09,TE,1.0,1,1.0,0.0,0.0,60.0,60.0,-,-,-,0.0,0.0,0.0,0.0,0.0,0.0,0.0,0.0,,0.0,0.0,0.0,0.0,,0.0,,0.0,,0.0,0.0,0.0,0.0,0 (0),0,0,0.0,0.0,0,0.0,0.0,0.0,0.0,san-francisco-49ers
Jordan Mason,#24,HB,1.0,1,1.0,0.0,0.0,60.0,60.0,-,-,-,0.0,0.0,0.0,0.0,0.0,0.0,0.0,0.0,,0.0,0.0,0.0,0.0,,0.0,,0.0,,0.0,0.0,0.0,0.0,0 (0),0,0,0.0,0.0,0,0.0,0.0,0.0,0.0,san-francisco-49ers
Ray-Ray McCloud III,#03,WR,1.0,1,1.0,0.0,0.0,60.0,60.0,-,-,-,0.0,0.0,0.0,0.0,0.0,0.0,0.0,0.0,,0.0,0.0,0.0,0.0,,0.0,,0.0,,0.0,0.0,0.0,0.0,0 (0),0,0,0.0,0.0,0,0.0,0.0,0.0,0.0,san-francisco-49ers
Charlie Woerner,#89,TE,1.0,1,1.0,0.0,0.0,60.0,60.0,-,-,-,0.0,0.0,0.0,0.0,0.0,0.0,0.0,0.0,,0.0,0.0,0.0,0.0,,0.0,,0.0,,0.0,0.0,0.0,0.0,0 (0),0,0,0.0,0.0,0,0.0,0.0,0.0,0.0,san-francisco-49ers
Robert Beal Jr.,#51,ED,6.0,54,18.0,36.0,0.0,59.8,68.6,74.0,51.5,60.0,3.0,1.0,0.0,2.0,0.0,1.0,2.0,0.0,0.0,2.0,0.0,0.0,0.0,,0.0,,0.0,,0.0,0.0,0.0,0.0,0 (0),54,0,0.0,0.0,0,0.0,0.0,0.0,54.0,san-francisco-49ers
Oren Burks,#48,LB,18.0,433,181.0,19.0,233.0,58.9,57.5,75.5,50.9,60.9,8.0,1.0,1.0,6.0,0.0,38.0,17.0,5.0,8.3,20.0,0.0,35.0,29.0,82.9,200.0,6.9,161.0,26.0,1.0,1.0,1.0,88.1,0 (0),22,338,0.0,70.0,3,0.0,0.0,0.0,22.0,san-francisco-49ers
Kerry Hyder Jr.,#92,ED,4.0,59,13.0,46.0,0.0,54.4,35.8,69.6,63.6,-,4.0,1.0,0.0,3.0,0.0,0.0,0.0,0.0,,1.0,0.0,0.0,0.0,,0.0,,0.0,,0.0,0.0,0.0,0.0,0 (0),59,0,0.0,0.0,0,0.0,1.0,1.0,57.0,san-francisco-49ers
Javon Kinlaw,#99,DI,20.0,544,181.0,361.0,2.0,53.8,35.6,69.7,71.9,62.7,35.0,4.0,3.0,28.0,2.0,25.0,5.0,1.0,3.2,21.0,0.0,0.0,0.0,,0.0,,0.0,,0.0,0.0,0.0,0.0,3 (1),543,1,0.0,0.0,0,4.0,418.0,116.0,5.0,san-francisco-49ers
Kevin Givens,#90,DI,20.0,454,159.0,292.0,3.0,53.1,42.2,53.3,65.1,61.6,15.0,2.0,2.0,11.0,1.0,21.0,4.0,2.0,7.4,14.0,0.0,0.0,0.0,,0.0,,0.0,,0.0,0.0,0.0,0.0,2 (0),454,0,0.0,0.0,0,7.0,371.0,76.0,0.0,san-francisco-49ers
Demetrius Flannigan-Fowles,#45,LB,10.0,174,75.0,3.0,96.0,52.6,60.3,64.5,54.2,49.2,0.0,0.0,0.0,0.0,0.0,11.0,7.0,2.0,10.0,6.0,0.0,7.0,6.0,85.7,93.0,15.5,48.0,26.0,0.0,0.0,2.0,118.8,0 (0),8,149,0.0,16.0,0,0.0,0.0,0.0,8.0,san-francisco-49ers
Randy Gregory,#05,ED,15.0,334,104.0,224.0,6.0,50.6,54.7,28.3,56.0,47.9,18.0,3.0,5.0,10.0,0.0,10.0,3.0,7.0,35.0,10.0,0.0,4.0,2.0,50.0,12.0,6.0,9.0,16.0,0.0,0.0,0.0,56.3,2 (1),325,9,0.0,0.0,0,0.0,2.0,5.0,318.0,san-francisco-49ers
Kalia Davis,#93,DI,3.0,54,20.0,33.0,1.0,47.4,37.9,67.3,64.4,59.8,2.0,1.0,0.0,1.0,0.0,0.0,0.0,0.0,,1.0,0.0,0.0,0.0,,0.0,,0.0,,0.0,0.0,0.0,0.0,0 (0),54,0,0.0,0.0,0,2.0,51.0,1.0,0.0,san-francisco-49ers
Jason Verrett,#22,CB,1.0,5,1.0,0.0,4.0,45.1,60.0,-,-,45.5,0.0,0.0,0.0,0.0,0.0,0.0,0.0,0.0,,0.0,0.0,1.0,1.0,100.0,6.0,6.0,0.0,6.0,1.0,0.0,0.0,131.3,0 (0),0,0,0.0,5.0,0,0.0,0.0,0.0,0.0,san-francisco-49ers
Tayler Hawkins,#41,S,1.0,67,32.0,3.0,32.0,34.2,67.3,54.9,40.5,36.2,1.0,0.0,0.0,1.0,0.0,3.0,0.0,1.0,25.0,0.0,0.0,3.0,2.0,66.7,46.0,23.0,2.0,29.0,0.0,1.0,0.0,70.1,1 (0),3,8,49.0,6.0,1,0.0,0.0,0.0,3.0,san-francisco-49ers
T.Y. McGill,#96,DI,2.0,51,25.0,26.0,0.0,33.8,30.8,21.1,56.4,-,3.0,0.0,1.0,2.0,0.0,0.0,1.0,3.0,75.0,0.0,0.0,0.0,0.0,,0.0,,0.0,,0.0,0.0,0.0,0.0,0 (0),51,0,0.0,0.0,0,1.0,43.0,6.0,1.0,san-francisco-49ers
Dee Winters,#53,LB,10.0,62,17.0,1.0,44.0,29.4,47.2,28.0,59.1,29.4,0.0,0.0,0.0,0.0,0.0,5.0,0.0,2.0,28.6,1.0,0.0,16.0,12.0,75.0,139.0,11.6,61.0,27.0,0.0,0.0,1.0,100.8,0 (0),1,43,0.0,17.0,0,0.0,0.0,0.0,1.0,san-francisco-49ers
Devon Witherspoon,#21,CB,14.0,883,335.0,30.0,518.0,84.1,80.0,62.1,90.8,79.7,10.0,3.0,1.0,6.0,3.0,65.0,15.0,11.0,12.1,28.0,1.0,68.0,39.0,57.4,396.0,10.2,174.0,36.0,4.0,1.0,10.0,87.6,5 (0),21.0,91,2,421.0,348.0,0.0,0.0,0.0,21.0,seattle-seahawks
Bobby Wagner,#54,LB,17.0,"1,170",474.0,81.0,615.0,82.4,91.5,90.2,75.1,60.0,17.0,4.0,2.0,11.0,0.0,130.0,50.0,9.0,4.8,71.0,0.0,60.0,49.0,81.7,515.0,10.5,332.0,30.0,2.0,0.0,3.0,113.5,1 (0),7.0,"1,096",8,57.0,2.0,0.0,0.0,0.0,7.0,seattle-seahawks
Mike Jackson,#30,CB,15.0,474,192.0,3.0,279.0,77.0,71.5,60.1,53.7,76.9,0.0,0.0,0.0,0.0,0.0,30.0,4.0,5.0,12.8,7.0,0.0,32.0,22.0,68.8,262.0,11.9,51.0,34.0,0.0,0.0,4.0,93.5,0 (0),17.0,39,0,7.0,410.0,0.0,0.0,0.0,17.0,seattle-seahawks
Leonard Williams,#99,DI,10.0,524,243.0,281.0,0.0,76.9,70.9,39.3,71.2,69.6,32.0,4.0,7.0,21.0,0.0,24.0,11.0,5.0,12.5,21.0,0.0,0.0,0.0,,0.0,,0.0,,0.0,0.0,0.0,0.0,1 (0),524.0,0,0,0.0,0.0,39.0,426.0,58.0,1.0,seattle-seahawks
Boye Mafe,#53,ED,16.0,808,336.0,443.0,29.0,73.9,61.3,44.7,77.8,53.5,58.0,9.0,7.0,42.0,4.0,35.0,7.0,9.0,17.6,29.0,1.0,4.0,2.0,50.0,64.0,32.0,42.0,51.0,1.0,0.0,0.0,135.4,2 (0),807.0,1,0,0.0,0.0,0.0,2.0,8.0,797.0,seattle-seahawks
Julian Love,#20,S,17.0,937,388.0,4.0,545.0,72.8,55.2,67.3,90.0,80.4,2.0,0.0,1.0,1.0,0.0,89.0,22.0,14.0,11.2,25.0,2.0,58.0,41.0,70.7,556.0,13.6,227.0,45.0,2.0,4.0,6.0,83.7,3 (1),53.0,312,386,168.0,18.0,0.0,0.0,0.0,53.0,seattle-seahawks
Jon Rhattigan,#59,LB,4.0,21,13.0,1.0,7.0,72.3,70.1,57.1,59.3,65.2,0.0,0.0,0.0,0.0,0.0,4.0,4.0,1.0,11.1,2.0,0.0,3.0,3.0,100.0,28.0,9.3,23.0,13.0,0.0,0.0,0.0,105.6,0 (0),0.0,20,0,0.0,0.0,0.0,0.0,0.0,0.0,seattle-seahawks
Uchenna Nwosu,#10,ED,6.0,283,97.0,163.0,23.0,68.5,70.0,28.1,65.7,64.9,14.0,2.0,3.0,9.0,0.0,12.0,2.0,5.0,26.3,13.0,2.0,0.0,0.0,,0.0,,0.0,,0.0,0.0,0.0,0.0,2 (1),278.0,0,0,4.0,1.0,0.0,0.0,1.0,277.0,seattle-seahawks
Mario Edwards Jr.,#97,DI,15.0,393,168.0,225.0,0.0,68.0,59.8,46.6,78.4,60.0,22.0,2.0,5.0,15.0,1.0,14.0,3.0,4.0,19.0,13.0,1.0,0.0,0.0,,0.0,,0.0,,0.0,0.0,0.0,0.0,4 (1),393.0,0,0,0.0,0.0,34.0,263.0,82.0,14.0,seattle-seahawks
Tariq Woolen,#27,CB,16.0,940,395.0,4.0,541.0,67.1,37.3,38.6,52.0,75.0,1.0,0.0,0.0,1.0,0.0,44.0,8.0,13.0,20.0,14.0,0.0,66.0,41.0,62.1,391.0,9.5,133.0,32.0,3.0,2.0,10.0,81.1,9 (1),38.0,44,2,9.0,846.0,0.0,0.0,0.0,38.0,seattle-seahawks
Artie Burns,#23,CB,8.0,232,66.0,4.0,162.0,66.5,65.4,55.6,76.8,66.6,0.0,0.0,0.0,0.0,1.0,15.0,6.0,4.0,16.0,5.0,0.0,24.0,19.0,79.2,183.0,9.6,111.0,25.0,0.0,0.0,1.0,98.4,1 (0),8.0,16,1,202.0,4.0,0.0,0.0,0.0,8.0,seattle-seahawks
Nick Bellore,#44,LB,7.0,16,11.0,1.0,4.0,65.1,77.0,71.7,58.3,45.5,0.0,0.0,0.0,0.0,0.0,1.0,0.0,0.0,0.0,1.0,0.0,2.0,1.0,50.0,8.0,8.0,0.0,8.0,1.0,0.0,0.0,100.0,0 (0),0.0,14,0,1.0,0.0,0.0,0.0,0.0,0.0,seattle-seahawks
Austin Faoliu,#64,DI,2.0,22,16.0,6.0,0.0,64.5,61.0,23.1,65.6,-,0.0,0.0,0.0,0.0,0.0,1.0,0.0,1.0,50.0,0.0,0.0,0.0,0.0,,0.0,,0.0,,0.0,0.0,0.0,0.0,0 (0),22.0,0,0,0.0,0.0,10.0,12.0,0.0,0.0,seattle-seahawks
Myles Adams,#95,DI,9.0,87,26.0,61.0,0.0,63.5,36.6,71.1,74.6,63.9,6.0,1.0,0.0,5.0,0.0,2.0,2.0,0.0,0.0,2.0,0.0,0.0,0.0,,0.0,,0.0,,0.0,0.0,0.0,0.0,0 (0),87.0,0,0,0.0,0.0,8.0,63.0,14.0,2.0,seattle-seahawks
Jarran Reed,#90,DI,16.0,809,322.0,483.0,4.0,63.5,53.0,29.9,70.8,64.3,43.0,7.0,6.0,30.0,2.0,33.0,14.0,9.0,16.1,35.0,1.0,1.0,1.0,100.0,0.0,0.0,-4.0,0.0,0.0,0.0,0.0,79.2,3 (0),808.0,1,0,0.0,0.0,185.0,498.0,125.0,0.0,seattle-seahawks
Mike Morris,#94,DI,1.0,26,15.0,11.0,0.0,63.4,61.9,25.0,60.7,-,0.0,0.0,0.0,0.0,0.0,2.0,0.0,1.0,33.3,2.0,0.0,0.0,0.0,,0.0,,0.0,,0.0,0.0,0.0,0.0,0 (0),26.0,0,0,0.0,0.0,8.0,14.0,4.0,0.0,seattle-seahawks
Tre Brown,#22,CB,15.0,603,223.0,2.0,378.0,62.8,64.0,48.1,80.5,64.1,1.0,1.0,0.0,0.0,0.0,27.0,2.0,6.0,17.1,8.0,2.0,47.0,30.0,63.8,398.0,13.3,120.0,44.0,3.0,2.0,5.0,94.1,9 (1),16.0,22,0,11.0,554.0,0.0,0.0,0.0,16.0,seattle-seahawks
Jake Bobo,#19,WR,2.0,2,1.0,0.0,1.0,62.1,60.0,-,-,60.0,0.0,0.0,0.0,0.0,0.0,0.0,0.0,0.0,,0.0,0.0,0.0,0.0,,0.0,,0.0,,0.0,0.0,0.0,0.0,0 (0),1.0,0,0,0.0,0.0,0.0,0.0,0.0,1.0,seattle-seahawks
Brady Russell,#38,TE,2.0,2,1.0,0.0,1.0,62.1,60.0,-,-,60.0,0.0,0.0,0.0,0.0,0.0,0.0,0.0,0.0,,0.0,0.0,0.0,0.0,,0.0,,0.0,,0.0,0.0,0.0,0.0,0 (0),1.0,0,0,0.0,0.0,0.0,0.0,0.0,1.0,seattle-seahawks
Dre'Mont Jones,#55,DI,17.0,762,314.0,437.0,11.0,61.7,61.8,67.7,65.1,57.9,43.0,5.0,7.0,31.0,0.0,22.0,18.0,3.0,7.0,15.0,0.0,2.0,2.0,100.0,55.0,27.5,39.0,48.0,1.0,0.0,0.0,158.3,6 (2),759.0,3,0,0.0,0.0,4.0,284.0,128.0,343.0,seattle-seahawks
Kyu Blu Kelly,#28,CB,1.0,1,0.0,0.0,1.0,60.8,-,-,-,60.2,0.0,0.0,0.0,0.0,0.0,0.0,0.0,0.0,,0.0,0.0,0.0,0.0,,0.0,,0.0,,0.0,0.0,0.0,0.0,0 (0),0.0,0,0,0.0,1.0,0.0,0.0,0.0,0.0,seattle-seahawks
Lance Boykin,#18,CB,1.0,2,2.0,0.0,0.0,60.0,60.0,-,-,-,0.0,0.0,0.0,0.0,0.0,0.0,0.0,0.0,,0.0,0.0,0.0,0.0,,0.0,,0.0,,0.0,0.0,0.0,0.0,0 (0),0.0,0,0,0.0,2.0,0.0,0.0,0.0,0.0,seattle-seahawks
Kenny McIntosh,#25,HB,1.0,1,1.0,0.0,0.0,59.9,60.0,-,-,-,0.0,0.0,0.0,0.0,0.0,0.0,0.0,0.0,,0.0,0.0,0.0,0.0,,0.0,,0.0,,0.0,0.0,0.0,0.0,0 (0),0.0,0,0,0.0,0.0,0.0,0.0,0.0,0.0,seattle-seahawks
Cameron Young,#93,DI,15.0,201,101.0,100.0,0.0,58.8,52.9,28.1,60.9,73.6,3.0,0.0,1.0,2.0,1.0,16.0,3.0,5.0,20.8,12.0,0.0,0.0,0.0,,0.0,,0.0,,0.0,0.0,0.0,0.0,0 (0),201.0,0,0,0.0,0.0,109.0,91.0,1.0,0.0,seattle-seahawks
Devin Bush,#00,LB,9.0,251,131.0,9.0,111.0,57.5,57.9,76.2,63.6,56.3,0.0,0.0,0.0,0.0,0.0,25.0,8.0,2.0,5.7,12.0,0.0,20.0,16.0,80.0,139.0,8.7,103.0,14.0,0.0,0.0,0.0,95.6,0 (0),11.0,200,0,38.0,1.0,0.0,0.0,0.0,11.0,seattle-seahawks
Jordyn Brooks,#56,LB,16.0,802,347.0,43.0,412.0,57.3,49.3,40.9,85.0,59.9,13.0,6.0,1.0,6.0,0.0,74.0,32.0,21.0,16.5,42.0,1.0,67.0,56.0,83.6,526.0,9.4,412.0,41.0,0.0,1.0,3.0,93.2,2 (1),29.0,695,0,71.0,7.0,0.0,0.0,0.0,29.0,seattle-seahawks
Drake Thomas,#42,LB,3.0,5,3.0,0.0,2.0,55.4,74.3,28.8,-,43.0,0.0,0.0,0.0,0.0,0.0,1.0,1.0,1.0,33.3,1.0,0.0,0.0,0.0,,0.0,,0.0,,0.0,0.0,0.0,0.0,0 (0),0.0,4,0,1.0,0.0,0.0,0.0,0.0,0.0,seattle-seahawks
Quandre Diggs,#06,S,17.0,"1,155",474.0,1.0,680.0,55.1,55.7,47.3,58.8,55.4,0.0,0.0,0.0,0.0,0.0,71.0,23.0,20.0,17.5,17.0,0.0,28.0,20.0,71.4,247.0,12.4,98.0,47.0,1.0,1.0,2.0,95.4,2 (0),6.0,87,"1,020",40.0,2.0,0.0,0.0,0.0,6.0,seattle-seahawks
Jamal Adams,#33,S,9.0,518,201.0,30.0,287.0,54.9,52.8,29.9,85.5,50.7,7.0,0.0,2.0,5.0,1.0,40.0,7.0,15.0,24.2,21.0,0.0,34.0,28.0,82.4,292.0,10.4,190.0,54.0,2.0,0.0,0.0,122.1,1 (1),28.0,208,85,183.0,14.0,0.0,0.0,0.0,28.0,seattle-seahawks
Jerrick Reed II,#32,S,3.0,29,10.0,0.0,19.0,54.8,61.8,46.3,-,53.7,0.0,0.0,0.0,0.0,0.0,2.0,0.0,1.0,33.3,1.0,0.0,1.0,1.0,100.0,7.0,7.0,0.0,7.0,0.0,0.0,0.0,95.8,0 (0),0.0,8,19,2.0,0.0,0.0,0.0,0.0,0.0,seattle-seahawks
Darrell Taylor,#52,ED,17.0,522,196.0,292.0,34.0,50.9,45.2,44.9,58.7,49.0,27.0,6.0,3.0,18.0,1.0,19.0,5.0,6.0,20.0,19.0,1.0,4.0,3.0,75.0,44.0,14.7,33.0,21.0,0.0,0.0,0.0,110.4,1 (0),520.0,0,0,2.0,0.0,0.0,0.0,3.0,517.0,seattle-seahawks
Teez Tabor,#36,S,1.0,12,0.0,0.0,12.0,46.1,-,-,-,49.6,0.0,0.0,0.0,0.0,0.0,0.0,0.0,0.0,,0.0,0.0,2.0,1.0,50.0,15.0,15.0,0.0,15.0,1.0,0.0,0.0,114.6,0 (0),0.0,0,12,0.0,0.0,0.0,0.0,0.0,0.0,seattle-seahawks
Derick Hall,#58,ED,17.0,308,146.0,137.0,25.0,44.4,32.7,40.4,57.4,63.5,11.0,0.0,4.0,7.0,1.0,16.0,13.0,4.0,12.1,10.0,0.0,3.0,3.0,100.0,24.0,8.0,14.0,11.0,0.0,0.0,0.0,100.0,0 (0),303.0,0,0,4.0,1.0,0.0,0.0,1.0,302.0,seattle-seahawks
DeeJay Dallas,#31,HB,2.0,2,1.0,0.0,1.0,42.0,62.2,71.4,-,60.0,0.0,0.0,0.0,0.0,0.0,0.0,0.0,0.0,,0.0,0.0,0.0,0.0,,0.0,,0.0,,0.0,0.0,0.0,0.0,1 (1),0.0,0,1,0.0,0.0,0.0,0.0,0.0,0.0,seattle-seahawks
Frank Clark,#57,ED,6.0,142,53.0,85.0,4.0,38.8,41.4,26.8,50.0,34.7,3.0,0.0,0.0,3.0,0.0,4.0,2.0,3.0,33.3,3.0,0.0,0.0,0.0,,0.0,,0.0,,0.0,0.0,0.0,0.0,0 (0),142.0,0,0,0.0,0.0,0.0,0.0,3.0,139.0,seattle-seahawks
Coby Bryant,#08,S,6.0,147,49.0,7.0,91.0,34.0,28.0,48.4,75.3,38.7,2.0,0.0,1.0,1.0,0.0,12.0,5.0,3.0,15.0,5.0,0.0,15.0,12.0,80.0,107.0,8.9,50.0,16.0,0.0,0.0,0.0,96.4,0 (0),7.0,43,1,86.0,9.0,0.0,0.0,0.0,7.0,seattle-seahawks
Tyreke Smith,#50,ED,1.0,9,6.0,3.0,0.0,33.8,40.5,70.5,55.4,-,0.0,0.0,0.0,0.0,0.0,0.0,1.0,0.0,0.0,0.0,0.0,0.0,0.0,,0.0,,0.0,,0.0,0.0,0.0,0.0,0 (0),9.0,0,0,0.0,0.0,0.0,0.0,0.0,9.0,seattle-seahawks
Antoine Winfield Jr.,#31,S,19.0,"1,230",442.0,64.0,724.0,90.7,91.5,87.0,92.7,84.0,20.0,6.0,3.0,11.0,1.0,90.0,27.0,10.0,7.9,27.0,6.0,44.0,31.0,70.5,399.0,12.9,167.0,55.0,2.0,3.0,8.0,85.3,0 (0),47.0,252.0,753.0,155.0,23.0,0.0,0.0,0.0,47.0,tampa-bay-buccaneers
Vita Vea,#50,DI,17.0,691,236.0,448.0,7.0,80.0,67.9,64.5,78.2,65.8,39.0,7.0,4.0,28.0,0.0,34.0,7.0,2.0,4.7,30.0,2.0,0.0,0.0,,0.0,,0.0,,0.0,0.0,0.0,0.0,1 (0),690.0,1.0,0.0,0.0,0.0,156.0,461.0,64.0,9.0,tampa-bay-buccaneers
J.J. Russell,#51,LB,1.0,71,34.0,13.0,24.0,79.2,69.9,80.8,75.0,67.8,4.0,1.0,0.0,3.0,0.0,5.0,1.0,0.0,0.0,2.0,0.0,0.0,0.0,,0.0,,0.0,,0.0,0.0,0.0,0.0,0 (0),0.0,68.0,0.0,3.0,0.0,0.0,0.0,0.0,0.0,tampa-bay-buccaneers
Cam Gill,#49,ED,11.0,81,27.0,39.0,15.0,75.7,78.4,60.1,71.2,54.4,5.0,1.0,0.0,4.0,0.0,1.0,5.0,1.0,14.3,2.0,1.0,3.0,3.0,100.0,48.0,16.0,38.0,21.0,0.0,0.0,0.0,118.8,0 (0),76.0,5.0,0.0,0.0,0.0,0.0,0.0,0.0,76.0,tampa-bay-buccaneers
Jamel Dean,#35,CB,15.0,824,275.0,10.0,539.0,74.3,82.7,83.4,46.2,72.5,0.0,0.0,0.0,0.0,0.0,61.0,12.0,4.0,5.2,23.0,0.0,77.0,52.0,67.5,665.0,12.8,221.0,76.0,5.0,0.0,7.0,116.0,4 (1),2.0,62.0,0.0,38.0,722.0,0.0,0.0,0.0,2.0,tampa-bay-buccaneers
Shaquil Barrett,#07,ED,18.0,746,242.0,405.0,99.0,73.1,68.9,64.4,82.6,42.9,56.0,5.0,8.0,43.0,1.0,32.0,17.0,6.0,10.9,21.0,3.0,17.0,16.0,94.1,127.0,7.9,105.0,15.0,0.0,1.0,0.0,73.3,5 (0),710.0,27.0,0.0,8.0,1.0,0.0,0.0,2.0,708.0,tampa-bay-buccaneers
Lavonte David,#54,LB,17.0,"1,086",366.0,91.0,629.0,72.3,75.0,74.8,70.9,68.6,22.0,6.0,0.0,16.0,0.0,114.0,28.0,11.0,7.2,70.0,2.0,96.0,73.0,76.0,578.0,7.9,329.0,33.0,1.0,0.0,4.0,94.0,4 (2),94.0,878.0,2.0,94.0,18.0,0.0,0.0,0.0,94.0,tampa-bay-buccaneers
K.J. Britt,#52,LB,12.0,252,102.0,27.0,123.0,70.5,72.0,70.9,60.9,64.4,3.0,1.0,0.0,2.0,0.0,22.0,11.0,3.0,8.3,15.0,0.0,11.0,10.0,90.9,87.0,8.7,64.0,20.0,0.0,0.0,1.0,99.6,0 (0),4.0,230.0,0.0,12.0,6.0,0.0,0.0,0.0,4.0,tampa-bay-buccaneers
Christian Izien,#29,CB,19.0,780,205.0,76.0,499.0,67.7,81.7,62.6,46.5,67.2,9.0,0.0,1.0,8.0,0.0,57.0,13.0,10.0,12.5,21.0,2.0,70.0,56.0,80.0,521.0,9.3,324.0,29.0,4.0,2.0,0.0,104.8,6 (0),26.0,57.0,7.0,657.0,33.0,0.0,0.0,0.0,26.0,tampa-bay-buccaneers
SirVocea Dennis,#08,LB,10.0,104,42.0,3.0,59.0,64.7,48.4,27.8,68.2,72.6,1.0,0.0,0.0,1.0,0.0,6.0,3.0,4.0,30.8,3.0,0.0,6.0,5.0,83.3,49.0,9.8,38.0,17.0,0.0,0.0,1.0,100.7,0 (0),13.0,83.0,1.0,7.0,0.0,0.0,0.0,0.0,13.0,tampa-bay-buccaneers
Dee Delaney,#30,S,13.0,455,111.0,0.0,344.0,63.6,40.4,38.2,-,67.9,0.0,0.0,0.0,0.0,0.0,20.0,3.0,7.0,23.3,5.0,0.0,27.0,14.0,51.9,160.0,11.4,79.0,26.0,1.0,2.0,1.0,51.5,0 (0),8.0,93.0,245.0,77.0,32.0,0.0,0.0,0.0,8.0,tampa-bay-buccaneers
Markees Watts,#58,ED,6.0,45,7.0,27.0,11.0,63.2,66.9,49.8,71.4,55.9,6.0,1.0,1.0,4.0,0.0,3.0,1.0,1.0,20.0,3.0,0.0,2.0,1.0,50.0,7.0,7.0,2.0,7.0,0.0,0.0,0.0,58.3,1 (0),43.0,2.0,0.0,0.0,0.0,0.0,2.0,1.0,40.0,tampa-bay-buccaneers
Carlton Davis III,#24,CB,14.0,847,302.0,3.0,542.0,63.1,66.7,50.9,55.8,63.3,0.0,0.0,0.0,0.0,0.0,54.0,6.0,9.0,13.0,18.0,0.0,90.0,57.0,63.3,828.0,14.5,276.0,46.0,5.0,2.0,8.0,102.5,6 (2),3.0,48.0,0.0,47.0,749.0,0.0,0.0,0.0,3.0,tampa-bay-buccaneers
Joe Tryon-Shoyinka,#09,ED,19.0,625,224.0,303.0,98.0,63.0,60.2,51.1,67.9,61.0,30.0,6.0,5.0,19.0,1.0,33.0,10.0,7.0,14.0,30.0,1.0,7.0,7.0,100.0,60.0,8.6,45.0,14.0,0.0,0.0,0.0,102.4,6 (0),597.0,17.0,0.0,11.0,0.0,0.0,1.0,9.0,587.0,tampa-bay-buccaneers
William Gholston,#92,DI,17.0,286,149.0,137.0,0.0,62.8,62.7,47.3,57.1,62.1,7.0,0.0,1.0,6.0,0.0,15.0,4.0,2.0,9.5,11.0,0.0,0.0,0.0,,0.0,,0.0,,0.0,1.0,0.0,0.0,1 (0),286.0,0.0,0.0,0.0,0.0,3.0,148.0,105.0,30.0,tampa-bay-buccaneers
Yaya Diaby,#00,ED,19.0,590,214.0,342.0,34.0,60.8,66.5,45.5,56.0,60.6,30.0,9.0,3.0,18.0,0.0,26.0,11.0,7.0,15.9,27.0,1.0,7.0,6.0,85.7,45.0,7.5,28.0,15.0,0.0,0.0,0.0,93.5,2 (0),573.0,12.0,0.0,5.0,0.0,0.0,25.0,33.0,515.0,tampa-bay-buccaneers
Anthony Nelson,#98,ED,18.0,446,172.0,209.0,65.0,59.4,53.4,61.6,60.0,63.7,16.0,2.0,4.0,10.0,1.0,27.0,8.0,5.0,12.5,16.0,0.0,11.0,10.0,90.9,74.0,7.4,55.0,12.0,0.0,0.0,0.0,94.7,1 (0),437.0,5.0,0.0,4.0,0.0,0.0,7.0,21.0,409.0,tampa-bay-buccaneers
Kaevon Merriweather,#26,S,9.0,164,76.0,5.0,83.0,55.4,33.3,39.4,65.1,67.1,1.0,0.0,0.0,1.0,0.0,7.0,7.0,4.0,22.2,0.0,0.0,4.0,2.0,50.0,6.0,3.0,8.0,5.0,0.0,0.0,1.0,56.3,0 (0),6.0,48.0,91.0,15.0,4.0,0.0,0.0,0.0,6.0,tampa-bay-buccaneers
Josh Hayes,#32,CB,2.0,29,16.0,0.0,13.0,55.3,60.4,76.5,-,53.7,0.0,0.0,0.0,0.0,0.0,3.0,0.0,0.0,0.0,2.0,0.0,2.0,1.0,50.0,6.0,6.0,1.0,6.0,0.0,0.0,0.0,56.3,0 (0),0.0,5.0,0.0,2.0,22.0,0.0,0.0,0.0,0.0,tampa-bay-buccaneers
Patrick O'Connor,#79,DI,10.0,62,33.0,29.0,0.0,55.3,58.8,28.5,52.0,-,0.0,0.0,0.0,0.0,0.0,4.0,1.0,2.0,28.6,3.0,0.0,0.0,0.0,,0.0,,0.0,,0.0,0.0,0.0,0.0,0 (0),62.0,0.0,0.0,0.0,0.0,2.0,39.0,19.0,2.0,tampa-bay-buccaneers
Deadrin Senat,#56,DI,2.0,18,10.0,8.0,0.0,53.6,56.0,65.9,54.9,-,0.0,0.0,0.0,0.0,0.0,1.0,0.0,0.0,0.0,0.0,0.0,0.0,0.0,,0.0,,0.0,,0.0,0.0,0.0,0.0,0 (0),18.0,0.0,0.0,0.0,0.0,6.0,12.0,0.0,0.0,tampa-bay-buccaneers
Logan Hall,#90,DI,18.0,600,233.0,366.0,1.0,52.3,42.2,32.9,60.4,61.4,18.0,0.0,2.0,16.0,1.0,17.0,9.0,5.0,16.1,10.0,0.0,0.0,0.0,,0.0,,0.0,,0.0,0.0,0.0,0.0,0 (0),600.0,0.0,0.0,0.0,0.0,6.0,234.0,234.0,126.0,tampa-bay-buccaneers
Greg Gaines,#96,DI,19.0,525,214.0,307.0,4.0,52.2,48.5,43.2,60.3,58.8,12.0,2.0,4.0,6.0,0.0,12.0,11.0,3.0,11.5,10.0,0.0,0.0,0.0,,0.0,,0.0,,0.0,0.0,0.0,0.0,2 (0),524.0,1.0,0.0,0.0,0.0,198.0,293.0,26.0,7.0,tampa-bay-buccaneers
Zyon McCollum,#27,CB,17.0,870,295.0,1.0,574.0,50.4,71.7,58.2,60.0,46.3,1.0,0.0,0.0,1.0,0.0,59.0,9.0,10.0,12.8,18.0,1.0,93.0,56.0,60.2,635.0,11.3,258.0,39.0,3.0,0.0,8.0,91.5,4 (1),9.0,66.0,36.0,95.0,664.0,0.0,0.0,0.0,9.0,tampa-bay-buccaneers
Calijah Kancey,#94,DI,16.0,663,215.0,443.0,5.0,49.7,29.5,38.8,68.9,64.0,45.0,6.0,8.0,31.0,2.0,22.0,3.0,5.0,16.7,27.0,0.0,0.0,0.0,,0.0,,0.0,,0.0,0.0,0.0,0.0,2 (0),658.0,5.0,0.0,0.0,0.0,13.0,339.0,258.0,48.0,tampa-bay-buccaneers
Devin White,#45,LB,16.0,933,313.0,147.0,473.0,47.4,31.4,74.4,63.3,58.5,27.0,3.0,6.0,18.0,1.0,54.0,30.0,10.0,10.6,31.0,0.0,45.0,32.0,71.1,354.0,11.1,184.0,46.0,1.0,2.0,2.0,83.0,1 (0),15.0,877.0,0.0,28.0,13.0,0.0,0.0,0.0,15.0,tampa-bay-buccaneers
Ryan Neal,#23,S,16.0,615,245.0,21.0,349.0,46.5,65.8,73.5,45.4,39.1,2.0,0.0,0.0,2.0,0.0,57.0,18.0,7.0,8.5,13.0,0.0,30.0,26.0,86.7,431.0,16.6,191.0,75.0,4.0,0.0,0.0,158.3,1 (0),49.0,245.0,204.0,96.0,21.0,0.0,0.0,0.0,49.0,tampa-bay-buccaneers
Derrek Pitts,#38,CB,1.0,18,11.0,0.0,7.0,43.5,64.5,26.8,-,36.7,0.0,0.0,0.0,0.0,0.0,1.0,0.0,1.0,50.0,0.0,0.0,2.0,1.0,50.0,25.0,25.0,16.0,25.0,0.0,0.0,0.0,95.8,0 (0),0.0,6.0,0.0,2.0,10.0,0.0,0.0,0.0,0.0,tampa-bay-buccaneers
Mike Greene,#91,DI,10.0,168,70.0,97.0,1.0,40.4,29.5,42.9,59.5,67.1,4.0,0.0,0.0,4.0,0.0,1.0,4.0,2.0,28.6,1.0,0.0,0.0,0.0,,0.0,,0.0,,0.0,0.0,0.0,0.0,1 (0),168.0,0.0,0.0,0.0,0.0,1.0,99.0,56.0,12.0,tampa-bay-buccaneers
Trevis Gipson,#51,ED,7.0,76,35.0,39.0,2.0,89.6,66.3,50.3,89.3,62.7,7.0,1.0,0.0,6.0,0.0,2.0,2.0,1.0,20.0,3.0,1.0,0.0,0.0,,0.0,,0.0,,0.0,0.0,0.0,0.0,0 (0),76.0,0,0.0,0.0,0.0,0.0,0.0,0.0,76.0,tennessee-titans
Otis Reese IV,#41,LB,3.0,90,45.0,2.0,43.0,76.9,69.1,61.2,56.5,75.6,0.0,0.0,0.0,0.0,0.0,10.0,5.0,2.0,11.8,6.0,0.0,8.0,7.0,87.5,43.0,6.1,15.0,21.0,0.0,0.0,0.0,89.1,0 (0),1.0,81,0.0,6.0,2.0,0.0,0.0,0.0,1.0,tennessee-titans
K'Von Wallace,#35,S,7.0,414,157.0,3.0,254.0,75.9,62.1,86.7,67.2,77.9,1.0,0.0,1.0,0.0,0.0,36.0,5.0,2.0,4.7,10.0,0.0,17.0,14.0,82.4,105.0,7.5,49.0,14.0,1.0,0.0,2.0,112.0,1 (0),2.0,109,254.0,45.0,4.0,0.0,0.0,0.0,2.0,tennessee-titans
Quinton Bohanna,#97,DI,3.0,40,23.0,17.0,0.0,74.9,76.9,70.4,53.6,-,0.0,0.0,0.0,0.0,0.0,3.0,1.0,0.0,0.0,3.0,0.0,0.0,0.0,,0.0,,0.0,,0.0,0.0,0.0,0.0,0 (0),40.0,0,0.0,0.0,0.0,15.0,25.0,0.0,0.0,tennessee-titans
Roger McCreary,#21,CB,15.0,934,354.0,38.0,542.0,71.3,62.0,54.4,70.0,72.2,7.0,2.0,0.0,5.0,0.0,66.0,14.0,14.0,14.9,33.0,1.0,89.0,64.0,71.9,640.0,10.0,373.0,46.0,0.0,1.0,5.0,87.3,5 (0),6.0,120,5.0,585.0,218.0,0.0,0.0,0.0,6.0,tennessee-titans
Jack Gibbens,#50,LB,14.0,628,316.0,22.0,290.0,71.2,72.9,75.0,77.4,61.3,8.0,1.0,1.0,6.0,1.0,70.0,25.0,7.0,6.9,37.0,0.0,23.0,17.0,73.9,168.0,9.9,110.0,25.0,0.0,0.0,1.0,94.1,0 (0),8.0,593,0.0,26.0,1.0,0.0,0.0,0.0,8.0,tennessee-titans
Monty Rice,#56,LB,6.0,86,46.0,6.0,34.0,69.4,71.1,72.1,50.4,63.8,1.0,0.0,1.0,0.0,0.0,9.0,8.0,2.0,10.5,6.0,0.0,4.0,3.0,75.0,33.0,11.0,30.0,25.0,0.0,0.0,0.0,99.0,0 (0),1.0,84,0.0,1.0,0.0,0.0,0.0,0.0,1.0,tennessee-titans
Arden Key,#49,ED,17.0,727,234.0,476.0,17.0,69.4,60.1,65.0,73.0,61.8,40.0,7.0,4.0,29.0,0.0,17.0,9.0,4.0,13.3,17.0,2.0,1.0,1.0,100.0,5.0,5.0,1.0,5.0,0.0,0.0,0.0,87.5,5 (1),718.0,9,0.0,0.0,0.0,5.0,25.0,42.0,646.0,tennessee-titans
Jeffery Simmons,#98,DI,12.0,657,254.0,393.0,10.0,68.4,63.1,45.1,75.2,58.4,47.0,6.0,5.0,36.0,1.0,30.0,13.0,7.0,14.0,29.0,1.0,0.0,0.0,,0.0,,0.0,,0.0,0.0,0.0,0.0,6 (2),649.0,8,0.0,0.0,0.0,11.0,407.0,189.0,42.0,tennessee-titans
Garret Wallow,#54,LB,3.0,48,19.0,2.0,27.0,67.5,70.0,63.0,56.1,62.6,0.0,0.0,0.0,0.0,0.0,6.0,0.0,1.0,14.3,3.0,0.0,4.0,4.0,100.0,30.0,7.5,28.0,13.0,0.0,0.0,0.0,97.9,0 (0),2.0,43,0.0,3.0,0.0,0.0,0.0,0.0,2.0,tennessee-titans
Amani Hooker,#37,S,13.0,867,353.0,9.0,505.0,67.5,71.1,71.5,48.3,65.0,2.0,0.0,0.0,2.0,0.0,70.0,10.0,9.0,10.1,19.0,0.0,44.0,36.0,81.8,427.0,11.9,222.0,45.0,3.0,1.0,5.0,120.4,0 (0),3.0,281,279.0,297.0,7.0,0.0,0.0,0.0,3.0,tennessee-titans
Kevin Byard,#31,S,6.0,389,156.0,1.0,232.0,67.3,78.6,88.7,60.0,61.2,1.0,0.0,0.0,1.0,0.0,35.0,14.0,2.0,3.9,13.0,1.0,21.0,15.0,71.4,181.0,12.1,72.0,42.0,0.0,0.0,0.0,97.5,0 (0),2.0,129,171.0,87.0,0.0,0.0,0.0,0.0,2.0,tennessee-titans
Keondre Coburn,#91,DI,4.0,98,52.0,46.0,0.0,66.6,64.5,70.9,62.1,-,3.0,0.0,0.0,3.0,0.0,2.0,3.0,0.0,0.0,0.0,0.0,0.0,0.0,,0.0,,0.0,,0.0,0.0,0.0,0.0,0 (0),98.0,0,0.0,0.0,0.0,27.0,70.0,1.0,0.0,tennessee-titans
Terrell Edmunds,#38,S,9.0,179,52.0,17.0,110.0,66.2,53.1,71.2,82.8,62.9,2.0,2.0,0.0,0.0,0.0,10.0,2.0,1.0,7.7,5.0,0.0,10.0,7.0,70.0,78.0,11.1,15.0,19.0,0.0,1.0,0.0,53.3,0 (0),3.0,92,56.0,28.0,0.0,0.0,0.0,0.0,3.0,tennessee-titans
Azeez Al-Shaair,#02,LB,17.0,"1,101",434.0,59.0,608.0,64.7,73.7,60.3,46.8,61.3,12.0,1.0,4.0,7.0,0.0,108.0,49.0,22.0,12.3,56.0,0.0,57.0,44.0,77.2,390.0,8.9,220.0,26.0,1.0,0.0,2.0,100.8,4 (0),25.0,"1,011",6.0,47.0,12.0,0.0,0.0,0.0,25.0,tennessee-titans
Harold Landry III,#58,ED,17.0,840,316.0,435.0,89.0,64.6,64.2,67.3,62.6,57.8,47.0,11.0,10.0,26.0,0.0,40.0,18.0,5.0,7.9,39.0,0.0,16.0,14.0,87.5,137.0,9.8,109.0,32.0,1.0,0.0,0.0,123.2,2 (0),783.0,37,0.0,20.0,0.0,0.0,3.0,1.0,779.0,tennessee-titans
Matthew Jackson,#39,S,1.0,2,2.0,0.0,0.0,64.1,60.6,75.2,-,-,0.0,0.0,0.0,0.0,0.0,0.0,1.0,0.0,0.0,0.0,0.0,0.0,0.0,,0.0,,0.0,,0.0,0.0,0.0,0.0,0 (0),0.0,1,1.0,0.0,0.0,0.0,0.0,0.0,0.0,tennessee-titans
Denico Autry,#96,ED,17.0,767,258.0,499.0,10.0,61.7,52.0,38.8,66.0,68.7,53.0,12.0,5.0,36.0,4.0,20.0,14.0,11.0,24.4,28.0,1.0,2.0,2.0,100.0,12.0,6.0,7.0,7.0,0.0,0.0,0.0,91.7,4 (2),766.0,1,0.0,0.0,0.0,1.0,48.0,223.0,494.0,tennessee-titans
Anthony Kendall,#40,S,2.0,3,1.0,0.0,2.0,61.3,60.0,-,-,60.5,0.0,0.0,0.0,0.0,0.0,0.0,0.0,0.0,,0.0,0.0,0.0,0.0,,0.0,,0.0,,0.0,0.0,0.0,0.0,0 (0),0.0,1,1.0,0.0,1.0,0.0,0.0,0.0,0.0,tennessee-titans
Mike Brown,#44,S,8.0,113,36.0,1.0,76.0,60.3,76.0,84.4,59.1,58.7,1.0,0.0,1.0,0.0,0.0,6.0,2.0,0.0,0.0,1.0,0.0,5.0,4.0,80.0,43.0,10.8,35.0,18.0,0.0,0.0,1.0,102.5,1 (0),3.0,29,55.0,24.0,2.0,0.0,0.0,0.0,3.0,tennessee-titans
Dane Cruikshank,#29,S,1.0,1,0.0,1.0,0.0,60.0,-,-,60.0,-,0.0,0.0,0.0,0.0,0.0,0.0,0.0,0.0,,0.0,0.0,0.0,0.0,,0.0,,0.0,,0.0,0.0,0.0,0.0,0 (0),1.0,0,0.0,0.0,0.0,0.0,0.0,0.0,1.0,tennessee-titans
Eric Garror,#33,CB,9.0,350,114.0,5.0,231.0,59.7,65.2,52.7,80.9,58.1,1.0,0.0,1.0,0.0,0.0,19.0,5.0,4.0,14.3,8.0,0.0,28.0,15.0,53.6,124.0,8.3,42.0,18.0,2.0,0.0,1.0,89.0,2 (1),0.0,21,0.0,134.0,195.0,0.0,0.0,0.0,0.0,tennessee-titans
Taylor Stallworth,#97,DI,1.0,6,3.0,3.0,0.0,59.7,61.7,-,55.7,-,0.0,0.0,0.0,0.0,0.0,0.0,0.0,0.0,,0.0,0.0,0.0,0.0,,0.0,,0.0,,0.0,0.0,0.0,0.0,0 (0),6.0,0,0.0,0.0,0.0,0.0,4.0,2.0,0.0,tennessee-titans
Marlon Davidson,#92,DI,5.0,163,63.0,99.0,1.0,59.2,59.5,74.6,57.0,60.0,3.0,1.0,0.0,2.0,0.0,5.0,4.0,0.0,0.0,6.0,0.0,0.0,0.0,,0.0,,0.0,,0.0,0.0,0.0,0.0,0 (0),163.0,0,0.0,0.0,0.0,0.0,106.0,43.0,14.0,tennessee-titans
Caleb Murphy,#42,ED,2.0,4,2.0,2.0,0.0,57.8,60.0,-,57.9,-,0.0,0.0,0.0,0.0,0.0,0.0,0.0,0.0,,0.0,0.0,0.0,0.0,,0.0,,0.0,,0.0,0.0,0.0,0.0,0 (0),4.0,0,0.0,0.0,0.0,0.0,0.0,0.0,4.0,tennessee-titans
Sean Murphy-Bunting,#00,CB,14.0,840,327.0,3.0,510.0,57.6,69.3,60.5,76.7,54.4,3.0,0.0,0.0,3.0,0.0,50.0,7.0,8.0,12.3,13.0,1.0,69.0,45.0,65.2,628.0,14.0,201.0,59.0,2.0,2.0,5.0,91.9,10 (0),9.0,74,0.0,4.0,753.0,0.0,0.0,0.0,9.0,tennessee-titans
Teair Tart,#97,DI,11.0,350,170.0,175.0,5.0,57.1,50.7,55.6,65.4,63.5,7.0,1.0,3.0,3.0,0.0,16.0,3.0,1.0,5.0,15.0,0.0,0.0,0.0,,0.0,,0.0,,0.0,0.0,0.0,0.0,1 (1),349.0,1,0.0,0.0,0.0,139.0,206.0,4.0,0.0,tennessee-titans
Shyheim Carter,#28,S,2.0,24,4.0,0.0,20.0,56.7,60.0,26.6,-,56.9,0.0,0.0,0.0,0.0,0.0,1.0,0.0,1.0,50.0,0.0,0.0,0.0,0.0,,0.0,,0.0,,0.0,0.0,0.0,0.0,0 (0),1.0,4,15.0,4.0,0.0,0.0,0.0,0.0,1.0,tennessee-titans
Elijah Molden,#24,S,15.0,700,240.0,27.0,433.0,56.0,66.1,79.3,53.8,52.4,2.0,0.0,0.0,2.0,0.0,51.0,22.0,6.0,7.6,16.0,1.0,34.0,23.0,67.6,210.0,9.1,126.0,41.0,1.0,1.0,2.0,81.7,2 (0),5.0,222,274.0,198.0,1.0,0.0,0.0,0.0,5.0,tennessee-titans
Jayden Peevy,#92,DI,1.0,4,0.0,4.0,0.0,55.0,-,-,55.3,-,0.0,0.0,0.0,0.0,0.0,0.0,0.0,0.0,,0.0,0.0,0.0,0.0,,0.0,,0.0,,0.0,0.0,0.0,0.0,0 (0),4.0,0,0.0,0.0,0.0,0.0,1.0,3.0,0.0,tennessee-titans
Kindle Vildor,#20,CB,1.0,9,0.0,0.0,9.0,54.5,-,72.5,-,54.2,0.0,0.0,0.0,0.0,0.0,1.0,0.0,0.0,0.0,0.0,0.0,1.0,1.0,100.0,7.0,7.0,0.0,7.0,0.0,0.0,0.0,95.8,0 (0),0.0,0,0.0,0.0,9.0,0.0,0.0,0.0,0.0,tennessee-titans
Jaleel Johnson,#94,DI,12.0,270,144.0,125.0,1.0,54.0,49.0,66.4,66.0,60.0,4.0,1.0,0.0,3.0,0.0,14.0,9.0,1.0,4.2,8.0,1.0,0.0,0.0,,0.0,,0.0,,0.0,0.0,0.0,0.0,1 (0),270.0,0,0.0,0.0,0.0,45.0,219.0,6.0,0.0,tennessee-titans
Rashad Weaver,#99,ED,15.0,240,104.0,130.0,6.0,50.7,48.9,33.0,51.3,62.8,7.0,0.0,0.0,7.0,0.0,12.0,4.0,4.0,20.0,9.0,0.0,1.0,1.0,100.0,-5.0,-5.0,4.0,-5.0,0.0,0.0,0.0,79.2,0 (0),239.0,1,0.0,0.0,0.0,0.0,3.0,5.0,231.0,tennessee-titans
Ross Blacklock,#90,DI,3.0,63,24.0,39.0,0.0,50.2,42.9,69.6,60.9,60.0,4.0,0.0,0.0,4.0,0.0,1.0,2.0,0.0,0.0,0.0,0.0,0.0,0.0,,0.0,,0.0,,0.0,0.0,0.0,0.0,0 (0),63.0,0,0.0,0.0,0.0,0.0,57.0,6.0,0.0,tennessee-titans
TK McLendon Jr.,#69,DI,7.0,101,59.0,42.0,0.0,47.5,42.7,27.2,55.4,60.0,0.0,0.0,0.0,0.0,0.0,3.0,5.0,2.0,20.0,3.0,0.0,0.0,0.0,,0.0,,0.0,,0.0,0.0,0.0,0.0,0 (0),101.0,0,0.0,0.0,0.0,0.0,29.0,60.0,12.0,tennessee-titans
Kristian Fulton,#26,CB,11.0,644,254.0,2.0,388.0,46.4,44.1,35.9,56.3,46.9,0.0,0.0,0.0,0.0,0.0,39.0,4.0,11.0,20.4,16.0,0.0,51.0,37.0,72.5,577.0,15.6,130.0,43.0,3.0,0.0,2.0,129.3,6 (0),5.0,42,1.0,7.0,589.0,0.0,0.0,0.0,5.0,tennessee-titans
Naquan Jones,#90,DI,8.0,104,61.0,43.0,0.0,45.9,44.7,73.0,49.5,60.7,2.0,0.0,0.0,2.0,0.0,5.0,3.0,0.0,0.0,3.0,0.0,0.0,0.0,,0.0,,0.0,,0.0,0.0,0.0,0.0,0 (0),104.0,0,0.0,0.0,0.0,9.0,70.0,13.0,12.0,tennessee-titans
Tre Avery,#23,CB,11.0,360,148.0,1.0,211.0,44.2,30.1,66.8,68.5,46.2,0.0,0.0,0.0,0.0,0.0,27.0,3.0,3.0,9.1,8.0,0.0,42.0,32.0,76.2,340.0,10.6,70.0,32.0,6.0,0.0,0.0,138.9,5 (2),7.0,22,1.0,3.0,327.0,0.0,0.0,0.0,7.0,tennessee-titans
Luke Gifford,#57,LB,3.0,8,6.0,0.0,2.0,41.8,61.3,-,-,47.3,0.0,0.0,0.0,0.0,0.0,0.0,0.0,0.0,,0.0,0.0,1.0,1.0,100.0,8.0,8.0,5.0,8.0,0.0,0.0,0.0,100.0,0 (0),5.0,2,0.0,1.0,0.0,0.0,0.0,0.0,5.0,tennessee-titans
Kyle Peko,#95,DI,13.0,342,188.0,153.0,1.0,38.6,34.4,24.8,57.1,61.2,7.0,0.0,2.0,5.0,0.0,15.0,8.0,10.0,30.3,9.0,0.0,0.0,0.0,,0.0,,0.0,,0.0,0.0,0.0,0.0,1 (0),341.0,0,0.0,1.0,0.0,53.0,237.0,42.0,9.0,tennessee-titans
Chance Campbell,#45,LB,1.0,5,5.0,0.0,0.0,33.2,43.9,75.9,-,-,0.0,0.0,0.0,0.0,0.0,1.0,1.0,0.0,0.0,0.0,0.0,0.0,0.0,,0.0,,0.0,,0.0,0.0,0.0,0.0,0 (0),0.0,5,0.0,0.0,0.0,0.0,0.0,0.0,0.0,tennessee-titans
Kendall Fuller,#29,CB,15.0,"1,020",392.0,1.0,627.0,83.1,78.1,86.0,56.2,82.8,0.0,0.0,0.0,0.0,0.0,65.0,10.0,4.0,5.1,28.0,0.0,73.0,49.0,67.1,488.0,10.0,232.0,60.0,6.0,2.0,5.0,101.9,2 (1),3.0,37.0,0.0,28.0,952.0,0.0,0.0,0.0,3.0,washington-commanders
Montez Sweat,#90,ED,8.0,377,131.0,239.0,7.0,76.8,83.7,76.5,67.2,57.1,27.0,8.0,4.0,15.0,1.0,16.0,8.0,1.0,4.0,17.0,2.0,0.0,0.0,,0.0,,0.0,,0.0,0.0,0.0,0.0,2 (1),377.0,0.0,0.0,0.0,0.0,0.0,2.0,4.0,371.0,washington-commanders
Chase Young,#92,ED,7.0,407,155.0,247.0,5.0,73.8,59.0,43.1,77.0,72.5,38.0,6.0,5.0,27.0,1.0,8.0,0.0,3.0,27.3,13.0,0.0,1.0,1.0,100.0,11.0,11.0,4.0,11.0,0.0,0.0,0.0,112.5,3 (0),403.0,3.0,0.0,1.0,0.0,0.0,1.0,2.0,400.0,washington-commanders
Jamin Davis,#52,LB,13.0,742,296.0,61.0,385.0,67.6,76.1,77.6,71.6,56.5,8.0,3.0,1.0,4.0,0.0,55.0,30.0,5.0,5.6,35.0,2.0,48.0,35.0,72.9,422.0,12.1,262.0,32.0,3.0,1.0,3.0,111.6,3 (0),43.0,589.0,0.0,80.0,30.0,0.0,0.0,0.0,43.0,washington-commanders
Kamren Curl,#31,S,16.0,"1,088",429.0,21.0,638.0,66.6,63.1,67.9,49.5,67.8,7.0,0.0,2.0,5.0,0.0,87.0,24.0,14.0,11.2,29.0,1.0,52.0,36.0,69.2,389.0,10.8,165.0,62.0,3.0,0.0,4.0,110.2,1 (1),45.0,428.0,422.0,166.0,27.0,0.0,0.0,0.0,45.0,washington-commanders
Quan Martin,#20,S,12.0,365,116.0,16.0,233.0,65.4,66.4,51.5,90.7,58.8,2.0,1.0,0.0,1.0,0.0,28.0,9.0,7.0,15.9,15.0,0.0,26.0,22.0,84.6,285.0,13.0,169.0,78.0,2.0,2.0,3.0,105.9,0 (0),14.0,78.0,77.0,191.0,5.0,0.0,0.0,0.0,14.0,washington-commanders
Abdullah Anderson,#92,DI,7.0,113,56.0,56.0,1.0,64.8,61.4,39.2,61.2,61.8,6.0,1.0,0.0,5.0,0.0,7.0,1.0,1.0,11.1,5.0,0.0,0.0,0.0,,0.0,,0.0,,0.0,0.0,0.0,0.0,0 (0),113.0,0.0,0.0,0.0,0.0,19.0,79.0,14.0,1.0,washington-commanders
Christian Holmes,#34,CB,1.0,33,18.0,0.0,15.0,64.7,65.3,75.4,-,63.1,0.0,0.0,0.0,0.0,0.0,2.0,0.0,0.0,0.0,0.0,0.0,3.0,2.0,66.7,28.0,14.0,11.0,22.0,0.0,0.0,1.0,96.5,0 (0),0.0,0.0,0.0,1.0,32.0,0.0,0.0,0.0,0.0,washington-commanders
Khaleke Hudson,#47,LB,13.0,405,187.0,25.0,193.0,64.6,63.8,71.3,67.0,61.8,7.0,1.0,1.0,5.0,0.0,54.0,16.0,6.0,7.9,26.0,0.0,35.0,28.0,80.0,216.0,7.7,169.0,22.0,2.0,0.0,2.0,111.4,0 (0),40.0,274.0,0.0,80.0,11.0,0.0,0.0,0.0,40.0,washington-commanders
Percy Butler,#35,S,15.0,835,305.0,5.0,525.0,62.7,71.2,48.0,62.5,58.0,1.0,0.0,0.0,1.0,0.0,44.0,18.0,16.0,20.5,12.0,1.0,25.0,14.0,56.0,257.0,18.4,58.0,60.0,5.0,0.0,6.0,131.2,0 (0),3.0,155.0,543.0,129.0,5.0,0.0,0.0,0.0,3.0,washington-commanders
Daron Payne,#94,DI,17.0,924,346.0,575.0,3.0,61.2,58.7,30.5,57.1,69.6,35.0,5.0,6.0,24.0,3.0,41.0,10.0,11.0,17.7,40.0,2.0,0.0,0.0,,0.0,,0.0,,0.0,0.0,0.0,0.0,4 (1),924.0,0.0,0.0,0.0,0.0,38.0,561.0,293.0,32.0,washington-commanders
Darrick Forrest,#22,S,5.0,328,130.0,5.0,193.0,61.1,66.9,47.9,51.5,58.4,0.0,0.0,0.0,0.0,0.0,20.0,7.0,7.0,20.6,6.0,0.0,11.0,6.0,54.5,56.0,9.3,28.0,35.0,1.0,0.0,0.0,99.1,0 (0),5.0,84.0,193.0,42.0,4.0,0.0,0.0,0.0,5.0,washington-commanders
Jabril Cox,#41,LB,1.0,1,1.0,0.0,0.0,60.1,60.0,-,-,-,0.0,0.0,0.0,0.0,0.0,0.0,0.0,0.0,,0.0,0.0,0.0,0.0,,0.0,,0.0,,0.0,0.0,0.0,0.0,0 (0),1.0,0.0,0.0,0.0,0.0,0.0,0.0,0.0,1.0,washington-commanders
Benjamin St-Juste,#25,CB,16.0,"1,063",413.0,11.0,639.0,59.9,75.1,58.0,77.2,56.4,1.0,1.0,0.0,0.0,0.0,57.0,11.0,11.0,13.9,18.0,2.0,103.0,70.0,68.0,872.0,12.5,324.0,58.0,4.0,1.0,13.0,102.9,11 (2),19.0,109.0,1.0,332.0,602.0,0.0,0.0,0.0,19.0,washington-commanders
Sean Chandler,#48,S,1.0,63,24.0,0.0,39.0,59.7,60.8,52.1,-,59.0,0.0,0.0,0.0,0.0,0.0,2.0,1.0,1.0,25.0,0.0,0.0,2.0,1.0,50.0,32.0,32.0,32.0,32.0,0.0,0.0,0.0,95.8,0 (0),0.0,10.0,50.0,3.0,0.0,0.0,0.0,0.0,0.0,washington-commanders
Jonathan Allen,#93,DI,16.0,867,325.0,539.0,3.0,59.7,37.9,46.5,77.6,61.8,49.0,6.0,13.0,30.0,1.0,39.0,12.0,7.0,12.1,37.0,0.0,0.0,0.0,,0.0,,0.0,,0.0,0.0,0.0,0.0,2 (0),863.0,4.0,0.0,0.0,0.0,28.0,570.0,248.0,17.0,washington-commanders
Jalen Harris,#56,ED,5.0,87,45.0,41.0,1.0,59.3,61.0,75.5,53.7,61.5,1.0,0.0,1.0,0.0,1.0,6.0,1.0,0.0,0.0,3.0,0.0,1.0,1.0,100.0,1.0,1.0,0.0,1.0,0.0,0.0,0.0,79.2,0 (0),87.0,0.0,0.0,0.0,0.0,0.0,0.0,0.0,87.0,washington-commanders
Joshua Pryor,#59,ED,1.0,1,0.0,1.0,0.0,58.9,-,-,58.5,-,0.0,0.0,0.0,0.0,0.0,0.0,0.0,0.0,,0.0,0.0,0.0,0.0,,0.0,,0.0,,0.0,0.0,0.0,0.0,0 (0),1.0,0.0,0.0,0.0,0.0,0.0,0.0,0.0,1.0,washington-commanders
James Smith-Williams,#96,ED,13.0,418,168.0,246.0,4.0,58.6,61.4,29.2,50.0,69.3,23.0,1.0,6.0,16.0,0.0,12.0,12.0,8.0,25.0,10.0,0.0,0.0,0.0,,0.0,,0.0,,0.0,0.0,0.0,0.0,1 (1),418.0,0.0,0.0,0.0,0.0,0.0,2.0,13.0,403.0,washington-commanders
KJ Henry,#55,ED,9.0,281,122.0,155.0,4.0,56.9,57.4,51.9,53.4,62.1,10.0,1.0,0.0,9.0,1.0,16.0,1.0,3.0,15.0,11.0,0.0,0.0,0.0,,0.0,,0.0,,0.0,0.0,0.0,0.0,1 (0),281.0,0.0,0.0,0.0,0.0,0.0,2.0,3.0,276.0,washington-commanders
David Mayo,#51,LB,9.0,349,164.0,12.0,173.0,55.7,72.2,67.6,75.3,38.3,4.0,2.0,0.0,2.0,0.0,41.0,10.0,5.0,8.9,19.0,0.0,23.0,21.0,91.3,214.0,10.2,118.0,27.0,1.0,0.0,0.0,119.9,0 (0),4.0,337.0,0.0,7.0,1.0,0.0,0.0,0.0,4.0,washington-commanders
Nick Whiteside,#37,CB,1.0,15,10.0,0.0,5.0,55.3,46.2,23.2,-,64.6,0.0,0.0,0.0,0.0,0.0,0.0,0.0,1.0,100.0,0.0,0.0,0.0,0.0,,0.0,,0.0,,0.0,0.0,0.0,0.0,0 (0),0.0,2.0,0.0,0.0,13.0,0.0,0.0,0.0,0.0,washington-commanders
Cody Barton,#57,LB,13.0,844,357.0,34.0,453.0,53.9,43.9,82.9,61.1,66.2,9.0,0.0,2.0,7.0,0.0,83.0,37.0,7.0,5.5,27.0,0.0,50.0,41.0,82.0,348.0,8.5,222.0,35.0,3.0,1.0,0.0,107.3,3 (0),25.0,765.0,2.0,48.0,4.0,0.0,0.0,0.0,25.0,washington-commanders
Andre Jones Jr.,#50,ED,9.0,171,75.0,93.0,3.0,52.6,48.3,50.2,52.2,64.3,6.0,0.0,0.0,6.0,3.0,2.0,2.0,1.0,20.0,1.0,0.0,0.0,0.0,,0.0,,0.0,,0.0,0.0,0.0,0.0,0 (0),171.0,0.0,0.0,0.0,0.0,0.0,0.0,1.0,170.0,washington-commanders
Casey Toohill,#95,ED,16.0,494,193.0,291.0,10.0,52.1,51.7,47.4,54.0,49.6,15.0,5.0,2.0,8.0,1.0,11.0,8.0,3.0,13.6,15.0,0.0,1.0,1.0,100.0,15.0,15.0,10.0,15.0,0.0,0.0,0.0,118.8,0 (0),494.0,0.0,0.0,0.0,0.0,0.0,1.0,3.0,490.0,washington-commanders
Benning Potoa'e,#79,DI,1.0,28,17.0,11.0,0.0,51.7,54.0,66.8,53.5,-,0.0,0.0,0.0,0.0,0.0,1.0,0.0,0.0,0.0,1.0,0.0,0.0,0.0,,0.0,,0.0,,0.0,0.0,0.0,0.0,0 (0),28.0,0.0,0.0,0.0,0.0,2.0,13.0,1.0,12.0,washington-commanders
Emmanuel Forbes,#13,CB,14.0,482,163.0,1.0,318.0,50.9,28.4,41.9,60.0,57.6,1.0,0.0,0.0,1.0,0.0,36.0,3.0,9.0,18.8,12.0,0.0,60.0,39.0,65.0,636.0,16.3,195.0,59.0,5.0,1.0,9.0,121.2,4 (1),4.0,18.0,0.0,17.0,443.0,0.0,0.0,0.0,4.0,washington-commanders
Terrell Burgess,#32,S,5.0,120,54.0,0.0,66.0,49.6,66.9,79.2,-,44.4,0.0,0.0,0.0,0.0,0.0,15.0,5.0,1.0,4.8,1.0,0.0,9.0,9.0,100.0,94.0,10.4,64.0,24.0,1.0,0.0,0.0,147.2,0 (0),1.0,46.0,52.0,18.0,3.0,0.0,0.0,0.0,1.0,washington-commanders
Danny Johnson,#36,CB,8.0,208,53.0,4.0,151.0,49.0,57.9,54.4,52.7,48.0,0.0,0.0,0.0,0.0,0.0,14.0,3.0,3.0,15.0,5.0,0.0,21.0,16.0,76.2,239.0,14.9,169.0,64.0,2.0,0.0,1.0,144.7,1 (0),4.0,12.0,1.0,178.0,13.0,0.0,0.0,0.0,4.0,washington-commanders
Efe Obada,#97,ED,5.0,98,33.0,63.0,2.0,44.0,25.9,71.7,71.8,64.4,6.0,0.0,0.0,6.0,0.0,1.0,1.0,0.0,0.0,1.0,0.0,0.0,0.0,,0.0,,0.0,,0.0,0.0,0.0,0.0,0 (0),97.0,0.0,0.0,0.0,1.0,1.0,16.0,7.0,73.0,washington-commanders
Phidarian Mathis,#98,DI,10.0,202,106.0,96.0,0.0,42.7,32.2,55.3,66.5,60.0,3.0,0.0,1.0,2.0,0.0,7.0,3.0,1.0,9.1,3.0,0.0,0.0,0.0,,0.0,,0.0,,0.0,0.0,0.0,0.0,0 (0),202.0,0.0,0.0,0.0,0.0,12.0,177.0,9.0,4.0,washington-commanders
Kyu Blu Kelly,#36,CB,1.0,17,4.0,1.0,12.0,40.1,63.2,81.7,60.0,36.7,0.0,0.0,0.0,0.0,0.0,5.0,0.0,0.0,0.0,1.0,0.0,5.0,4.0,80.0,22.0,5.5,18.0,15.0,1.0,0.0,0.0,124.6,0 (0),0.0,0.0,0.0,16.0,1.0,0.0,0.0,0.0,0.0,washington-commanders
John Ridgeway,#91,DI,17.0,355,191.0,164.0,0.0,39.5,33.8,42.0,56.7,60.0,9.0,0.0,0.0,9.0,1.0,19.0,11.0,3.0,9.1,12.0,0.0,0.0,0.0,,0.0,,0.0,,0.0,0.0,0.0,0.0,0 (0),355.0,0.0,0.0,0.0,0.0,180.0,173.0,2.0,0.0,washington-commanders
De'Jon Harris,#45,LB,2.0,3,3.0,0.0,0.0,30.0,60.0,-,-,-,0.0,0.0,0.0,0.0,0.0,0.0,0.0,0.0,,0.0,0.0,0.0,0.0,,0.0,,0.0,,0.0,0.0,0.0,0.0,0 (0),1.0,2.0,0.0,0.0,0.0,0.0,0.0,0.0,1.0,washington-commanders
Tariq Castro-Fields,#26,CB,1.0,21,10.0,0.0,11.0,29.4,48.8,27.5,-,29.2,0.0,0.0,0.0,0.0,0.0,2.0,1.0,2.0,40.0,0.0,0.0,1.0,1.0,100.0,5.0,5.0,1.0,5.0,0.0,0.0,0.0,87.5,1 (0),0.0,0.0,0.0,1.0,20.0,0.0,0.0,0.0,0.0,washington-commanders
