Player,JerseyNumber,Position,GamesPlayed,SpecialTeamsTotalSnaps,SpecialTeamsKickReturnSnaps,SpecialTeamsKickCoverageSnaps,SpecialTeamsPuntReturnSnaps,SpecialTeamsPuntCoverageSnaps,SpecialTeamsFieldGoalBlockSnaps,SpecialTeamsFieldGoalKickSnaps,SpecialTeamsOverallGrade,SpecialTeamsKickoffGrade,SpecialTeamsPuntGrade,SpecialTeamsFieldGoalGrade,SpecialTeamsPenalties,SpecialTeamsTackles,SpecialTeamsAssists,SpecialTeamsMissedTackles,Team
Joey Blount,#32,S,11.0,195.0,59.0,50.0,41.0,42.0,3.0,0.0,90.0,-,-,-,1 (0),5.0,1.0,3.0,arizona-cardinals
Greg Dortch,#83,WR,16.0,155.0,88.0,6.0,56.0,5.0,0.0,0.0,85.7,56.1,73.1,-,0 (0),1.0,1.0,0.0,arizona-cardinals
Bobby Price,#26,CB,6.0,120.0,33.0,25.0,25.0,21.0,16.0,0.0,77.0,-,-,-,0 (0),2.0,1.0,0.0,arizona-cardinals
Victor Dimukeje,#52,ED,16.0,282.0,87.0,75.0,54.0,58.0,8.0,0.0,75.5,-,-,-,0 (0),3.0,1.0,2.0,arizona-cardinals
Travis Vokolek,#81,TE,1.0,4.0,4.0,0.0,0.0,0.0,0.0,0.0,74.9,-,-,-,0 (0),0.0,0.0,0.0,arizona-cardinals
Trey McBride,#85,TE,16.0,79.0,1.0,0.0,0.0,18.0,0.0,60.0,73.1,-,-,-,0 (0),1.0,1.0,0.0,arizona-cardinals
Ezekiel Turner,#47,LB,16.0,342.0,85.0,69.0,47.0,61.0,80.0,0.0,72.8,-,-,-,0 (0),6.0,4.0,0.0,arizona-cardinals
Zach Pascal,#00,WR,13.0,201.0,63.0,59.0,36.0,43.0,0.0,0.0,72.7,-,-,-,0 (0),3.0,1.0,2.0,arizona-cardinals
Owen Pappoe,#44,LB,15.0,238.0,73.0,58.0,41.0,57.0,9.0,0.0,71.6,-,-,-,2 (0),1.0,0.0,0.0,arizona-cardinals
Tony Jones Jr.,#37,HB,3.0,13.0,9.0,0.0,4.0,0.0,0.0,0.0,69.8,-,-,-,0 (0),0.0,0.0,0.0,arizona-cardinals
Blake Whiteheart,#89,TE,2.0,9.0,4.0,0.0,5.0,0.0,0.0,0.0,69.6,-,-,-,0 (0),0.0,0.0,0.0,arizona-cardinals
Krys Barnes,#51,LB,16.0,208.0,42.0,23.0,27.0,44.0,72.0,0.0,68.4,-,-,-,0 (0),1.0,1.0,1.0,arizona-cardinals
Elijah Higgins,#84,TE,11.0,111.0,58.0,0.0,36.0,17.0,0.0,0.0,66.7,-,-,-,1 (0),1.0,0.0,0.0,arizona-cardinals
Antonio Hamilton Sr.,#33,CB,14.0,166.0,21.0,55.0,15.0,8.0,67.0,0.0,66.6,-,58.4,-,2 (0),4.0,0.0,1.0,arizona-cardinals
Marco Wilson,#20,CB,10.0,72.0,0.0,19.0,15.0,0.0,38.0,0.0,65.0,-,-,-,0 (0),0.0,0.0,0.0,arizona-cardinals
Tyreek Maddox-Williams,#58,LB,3.0,30.0,10.0,9.0,11.0,0.0,0.0,0.0,64.8,-,-,-,0 (0),0.0,0.0,0.0,arizona-cardinals
Will Hernandez,#76,G,14.0,51.0,0.0,0.0,0.0,0.0,0.0,51.0,64.1,-,-,-,0 (0),0.0,0.0,0.0,arizona-cardinals
Kevin Strong,#92,DI,4.0,5.0,0.0,0.0,4.0,0.0,1.0,0.0,63.9,-,-,-,0 (0),0.0,0.0,0.0,arizona-cardinals
Blake Gillikin,#12,P,13.0,94.0,0.0,0.0,0.0,51.0,0.0,43.0,63.9,-,69.0,-,0 (0),1.0,1.0,0.0,arizona-cardinals
Dan Chisena,#16,WR,4.0,53.0,18.0,21.0,0.0,14.0,0.0,0.0,63.7,-,-,-,0 (0),1.0,1.0,2.0,arizona-cardinals
Andre Chachere,#36,S,17.0,231.0,45.0,72.0,41.0,8.0,65.0,0.0,63.5,-,-,-,0 (0),0.0,1.0,1.0,arizona-cardinals
Starling Thomas V,#24,CB,10.0,67.0,1.0,28.0,32.0,0.0,6.0,0.0,63.2,-,-,-,0 (0),0.0,0.0,0.0,arizona-cardinals
Paris Johnson Jr.,#70,T,16.0,60.0,0.0,0.0,0.0,0.0,0.0,60.0,63.1,-,-,-,0 (0),0.0,0.0,0.0,arizona-cardinals
Hjalte Froholdt,#72,C,16.0,60.0,0.0,0.0,0.0,0.0,0.0,60.0,62.9,-,-,-,0 (0),0.0,0.0,0.0,arizona-cardinals
Qwuantrezz Knight,#28,S,6.0,32.0,7.0,25.0,0.0,0.0,0.0,0.0,62.8,-,-,-,0 (0),0.0,0.0,0.0,arizona-cardinals
Kelvin Beachum,#68,T,10.0,37.0,0.0,0.0,0.0,0.0,0.0,37.0,62.8,-,-,-,0 (0),0.0,0.0,0.0,arizona-cardinals
Jesse Luketa,#43,ED,14.0,293.0,76.0,71.0,38.0,45.0,63.0,0.0,62.7,-,-,-,0 (0),0.0,0.0,2.0,arizona-cardinals
Elijah Wilkinson,#65,G,10.0,39.0,0.0,0.0,0.0,0.0,0.0,39.0,62.5,-,-,-,0 (0),0.0,0.0,0.0,arizona-cardinals
Kei'Trel Clark,#13,CB,11.0,92.0,8.0,34.0,31.0,0.0,19.0,0.0,62.4,-,-,-,1 (0),0.0,0.0,0.0,arizona-cardinals
Zaven Collins,#25,ED,3.0,3.0,1.0,0.0,2.0,0.0,0.0,0.0,62.4,-,-,-,0 (0),0.0,0.0,0.0,arizona-cardinals
Kyzir White,#07,LB,4.0,6.0,0.0,0.0,2.0,0.0,4.0,0.0,62.4,-,-,-,0 (0),0.0,0.0,0.0,arizona-cardinals
Emari Demercado,#31,HB,11.0,62.0,54.0,1.0,7.0,0.0,0.0,0.0,62.2,-,-,-,0 (0),0.0,0.0,0.0,arizona-cardinals
Keith Ismael,#60,C,13.0,50.0,0.0,0.0,0.0,0.0,0.0,50.0,62.0,-,-,-,0 (0),0.0,0.0,0.0,arizona-cardinals
Dennis Gardeck,#45,ED,17.0,178.0,5.0,1.0,28.0,64.0,80.0,0.0,61.8,-,-,-,0 (0),3.0,1.0,2.0,arizona-cardinals
Jalen Thompson,#34,S,2.0,4.0,0.0,3.0,1.0,0.0,0.0,0.0,61.8,-,-,-,0 (0),0.0,0.0,0.0,arizona-cardinals
Trystan Colon,#63,G,13.0,51.0,0.0,0.0,0.0,0.0,0.0,51.0,61.8,-,-,-,0 (0),0.0,0.0,0.0,arizona-cardinals
Nolan Cooney,#16,P,4.0,30.0,0.0,0.0,0.0,13.0,0.0,17.0,61.7,-,58.4,-,0 (0),0.0,0.0,0.0,arizona-cardinals
BJ Ojulari,#18,ED,17.0,92.0,12.0,0.0,1.0,0.0,79.0,0.0,61.4,-,-,-,0 (0),0.0,0.0,0.0,arizona-cardinals
Garrett Williams,#21,CB,4.0,16.0,0.0,10.0,0.0,0.0,6.0,0.0,61.2,-,-,-,0 (0),0.0,0.0,0.0,arizona-cardinals
Dennis Daley,#71,G,2.0,6.0,0.0,0.0,0.0,0.0,0.0,6.0,61.2,-,-,-,0 (0),0.0,0.0,0.0,arizona-cardinals
Damien Williams,#29,HB,2.0,3.0,0.0,0.0,3.0,0.0,0.0,0.0,61.1,-,-,-,0 (0),0.0,0.0,0.0,arizona-cardinals
Matt Prater,#05,K,17.0,139.0,0.0,79.0,0.0,0.0,0.0,60.0,60.9,82.0,-,85.6,0 (0),1.0,0.0,0.0,arizona-cardinals
Roy Lopez,#98,DI,7.0,8.0,0.0,0.0,2.0,0.0,6.0,0.0,60.7,-,-,-,0 (0),0.0,0.0,0.0,arizona-cardinals
Josh Woods,#10,LB,7.0,28.0,2.0,1.0,2.0,4.0,19.0,0.0,60.4,-,-,-,0 (0),0.0,0.0,0.0,arizona-cardinals
Rondale Moore,#04,WR,2.0,8.0,3.0,0.0,5.0,0.0,0.0,0.0,60.2,59.0,62.6,-,0 (0),0.0,0.0,0.0,arizona-cardinals
Carlos Watkins,#94,DI,2.0,5.0,0.0,0.0,1.0,0.0,4.0,0.0,60.2,-,-,-,0 (0),0.0,0.0,0.0,arizona-cardinals
Jackson Barton,#66,T,1.0,3.0,0.0,0.0,0.0,0.0,0.0,3.0,60.1,-,-,-,0 (0),0.0,0.0,0.0,arizona-cardinals
Carter O'Donnell,#61,G,1.0,1.0,0.0,0.0,0.0,0.0,0.0,1.0,60.0,-,-,-,0 (0),0.0,0.0,0.0,arizona-cardinals
Michael Wilson,#14,WR,1.0,1.0,0.0,0.0,1.0,0.0,0.0,0.0,60.0,-,-,-,0 (0),0.0,0.0,0.0,arizona-cardinals
Michael Carter,#22,HB,1.0,1.0,1.0,0.0,0.0,0.0,0.0,0.0,60.0,-,-,-,0 (0),0.0,0.0,0.0,arizona-cardinals
L.J. Collier,#91,DI,1.0,2.0,0.0,0.0,0.0,0.0,2.0,0.0,60.0,-,-,-,0 (0),0.0,0.0,0.0,arizona-cardinals
Ben Stille,#90,DI,1.0,0.0,0.0,0.0,0.0,0.0,0.0,0.0,60.0,-,-,-,0 (0),0.0,0.0,0.0,arizona-cardinals
Phil Hoskins,#79,DI,1.0,3.0,0.0,0.0,1.0,0.0,2.0,0.0,59.5,-,-,-,0 (0),0.0,0.0,0.0,arizona-cardinals
Eric Banks,#96,DI,2.0,10.0,0.0,0.0,0.0,0.0,10.0,0.0,59.1,-,-,-,0 (0),0.0,0.0,0.0,arizona-cardinals
Jonathan Ledbetter,#93,DI,9.0,33.0,0.0,0.0,3.0,0.0,30.0,0.0,59.0,-,-,-,0 (0),0.0,0.0,0.0,arizona-cardinals
Naquan Jones,#96,DI,2.0,11.0,0.0,0.0,1.0,0.0,10.0,0.0,58.7,-,-,-,0 (0),0.0,0.0,0.0,arizona-cardinals
K'Von Wallace,#22,S,3.0,16.0,3.0,13.0,0.0,0.0,0.0,0.0,58.2,-,-,-,0 (0),0.0,0.0,0.0,arizona-cardinals
Keaontay Ingram,#30,HB,2.0,13.0,9.0,3.0,1.0,0.0,0.0,0.0,58.1,-,-,-,0 (0),0.0,0.0,0.0,arizona-cardinals
Corey Clement,#23,HB,3.0,26.0,18.0,5.0,3.0,0.0,0.0,0.0,56.3,-,-,-,0 (0),0.0,0.0,0.0,arizona-cardinals
Cameron Thomas,#97,ED,15.0,118.0,16.0,10.0,18.0,2.0,72.0,0.0,53.5,-,-,-,0 (0),1.0,0.0,1.0,arizona-cardinals
Andre Baccellia,#82,WR,3.0,17.0,7.0,3.0,2.0,5.0,0.0,0.0,52.7,58.5,-,-,0 (0),0.0,0.0,0.0,arizona-cardinals
Leki Fotu,#95,DI,10.0,63.0,0.0,0.0,0.0,0.0,44.0,19.0,52.7,-,-,-,1 (0),0.0,0.0,0.0,arizona-cardinals
Kris Boyd,#29,CB,4.0,63.0,20.0,20.0,11.0,12.0,0.0,0.0,52.4,-,-,-,2 (0),1.0,1.0,1.0,arizona-cardinals
Aaron Brewer,#46,LS,17.0,124.0,0.0,0.0,0.0,64.0,0.0,60.0,52.3,-,-,-,1 (0),1.0,0.0,2.0,arizona-cardinals
Dante Stills,#55,DI,14.0,68.0,2.0,0.0,3.0,0.0,63.0,0.0,50.8,-,-,-,1 (1),0.0,0.0,0.0,arizona-cardinals
Christian Matthew,#35,CB,4.0,83.0,21.0,21.0,11.0,13.0,17.0,0.0,46.9,-,-,-,1 (0),1.0,0.0,1.0,arizona-cardinals
Geoff Swaim,#87,TE,14.0,146.0,68.0,0.0,0.0,35.0,0.0,43.0,46.0,-,-,-,1 (0),1.0,1.0,0.0,arizona-cardinals
Budda Baker,#03,S,7.0,16.0,0.0,0.0,3.0,0.0,13.0,0.0,40.8,-,-,-,1 (1),0.0,0.0,0.0,arizona-cardinals
John FitzPatrick,#87,TE,8.0,83.0,40.0,5.0,4.0,34.0,0.0,0.0,84.0,-,-,-,0 (0),3.0,0.0,0.0,atlanta-falcons
Jessie Bates III,#03,S,1.0,4.0,0.0,0.0,4.0,0.0,0.0,0.0,74.1,-,-,-,0 (0),0.0,0.0,0.0,atlanta-falcons
KhaDarel Hodge,#12,WR,17.0,286.0,78.0,79.0,70.0,59.0,0.0,0.0,74.0,-,-,-,0 (0),3.0,2.0,0.0,atlanta-falcons
Mack Hollins,#18,WR,12.0,135.0,38.0,36.0,23.0,38.0,0.0,0.0,72.0,-,-,-,0 (0),3.0,0.0,1.0,atlanta-falcons
DeAngelo Malone,#51,ED,17.0,363.0,91.0,79.0,77.0,41.0,75.0,0.0,71.5,-,-,-,0 (0),4.0,1.0,1.0,atlanta-falcons
Keith Smith,#40,FB,13.0,219.0,57.0,53.0,50.0,59.0,0.0,0.0,69.3,59.9,-,-,0 (0),4.0,4.0,1.0,atlanta-falcons
Arnold Ebiketie,#17,ED,12.0,53.0,5.0,23.0,23.0,0.0,2.0,0.0,66.6,-,-,-,0 (0),0.0,0.0,0.0,atlanta-falcons
Tucker Fisk,#43,TE,6.0,84.0,34.0,22.0,17.0,11.0,0.0,0.0,65.5,-,-,-,0 (0),1.0,0.0,0.0,atlanta-falcons
Chris Lindstrom,#63,G,12.0,49.0,0.0,0.0,0.0,0.0,0.0,49.0,64.0,-,-,-,0 (0),0.0,0.0,0.0,atlanta-falcons
Bradley Pinion,#13,P,17.0,220.0,0.0,79.0,0.0,75.0,0.0,66.0,63.4,84.1,88.3,-,0 (0),0.0,0.0,1.0,atlanta-falcons
Kaleb McGary,#76,T,13.0,47.0,0.0,0.0,0.0,0.0,0.0,47.0,63.1,-,-,-,0 (0),0.0,0.0,0.0,atlanta-falcons
Jake Matthews,#70,T,17.0,60.0,0.0,0.0,0.0,0.0,0.0,60.0,63.1,-,-,-,0 (0),0.0,0.0,0.0,atlanta-falcons
Ryan Neuzil,#64,C,17.0,66.0,0.0,0.0,0.0,0.0,0.0,66.0,63.0,-,-,-,0 (0),0.0,0.0,0.0,atlanta-falcons
Troy Andersen,#44,LB,2.0,13.0,0.0,0.0,0.0,13.0,0.0,0.0,62.9,-,-,-,0 (0),0.0,0.0,0.0,atlanta-falcons
Kyle Hinton,#68,G,16.0,64.0,0.0,0.0,0.0,0.0,0.0,64.0,62.8,-,-,-,0 (0),0.0,0.0,0.0,atlanta-falcons
Bud Dupree,#48,ED,3.0,4.0,0.0,0.0,4.0,0.0,0.0,0.0,62.6,-,-,-,0 (0),0.0,0.0,0.0,atlanta-falcons
Storm Norton,#77,T,14.0,53.0,0.0,0.0,0.0,0.0,0.0,53.0,62.5,-,-,-,0 (0),0.0,0.0,0.0,atlanta-falcons
Godwin Igwebuike,#42,HB,2.0,14.0,3.0,11.0,0.0,0.0,0.0,0.0,62.2,58.8,-,-,0 (0),0.0,0.0,0.0,atlanta-falcons
Matthew Bergeron,#65,G,17.0,66.0,0.0,0.0,0.0,0.0,0.0,66.0,62.0,-,-,-,0 (0),0.0,0.0,0.0,atlanta-falcons
MyCole Pruitt,#85,TE,17.0,122.0,85.0,0.0,0.0,4.0,0.0,33.0,61.9,-,-,-,0 (0),0.0,0.0,1.0,atlanta-falcons
Liam McCullough,#49,LS,17.0,141.0,0.0,0.0,0.0,75.0,0.0,66.0,61.8,-,-,-,1 (0),2.0,0.0,1.0,atlanta-falcons
Mike Hughes,#21,CB,10.0,72.0,12.0,25.0,34.0,0.0,1.0,0.0,61.6,56.8,66.6,-,0 (0),0.0,0.0,0.0,atlanta-falcons
Lorenzo Carter,#00,ED,17.0,153.0,0.0,79.0,36.0,35.0,3.0,0.0,61.5,-,-,-,0 (0),0.0,0.0,1.0,atlanta-falcons
Zach Harrison,#96,ED,15.0,106.0,23.0,0.0,63.0,0.0,20.0,0.0,61.2,-,-,-,0 (0),0.0,0.0,0.0,atlanta-falcons
DeMarcco Hellams,#37,S,15.0,220.0,43.0,59.0,49.0,62.0,7.0,0.0,61.0,-,-,-,2 (1),5.0,1.0,3.0,atlanta-falcons
Chris Blair,#83,WR,1.0,10.0,6.0,4.0,0.0,0.0,0.0,0.0,60.7,-,-,-,0 (0),0.0,0.0,0.0,atlanta-falcons
Tyler Vrabel,#73,T,3.0,8.0,0.0,0.0,0.0,0.0,0.0,8.0,60.7,-,-,-,0 (0),0.0,0.0,0.0,atlanta-falcons
Isaiah Prince,#75,T,2.0,10.0,0.0,0.0,0.0,0.0,0.0,10.0,60.7,-,-,-,0 (0),0.0,0.0,0.0,atlanta-falcons
Drew Dalman,#67,C,2.0,3.0,0.0,0.0,0.0,0.0,0.0,3.0,60.5,-,-,-,0 (0),0.0,0.0,0.0,atlanta-falcons
Andre Smith,#59,LB,11.0,210.0,46.0,46.0,34.0,42.0,42.0,0.0,60.4,-,-,-,0 (0),3.0,0.0,4.0,atlanta-falcons
Younghoe Koo,#06,K,17.0,66.0,0.0,0.0,0.0,0.0,0.0,66.0,60.4,-,-,68.8,0 (0),0.0,0.0,0.0,atlanta-falcons
Kaden Elliss,#55,LB,1.0,5.0,0.0,0.0,0.0,0.0,5.0,0.0,60.2,-,-,-,0 (0),0.0,0.0,0.0,atlanta-falcons
Cordarrelle Patterson,#84,HB,14.0,76.0,76.0,0.0,0.0,0.0,0.0,0.0,60.1,50.2,-,-,0 (0),0.0,0.0,0.0,atlanta-falcons
Bijan Robinson,#07,HB,1.0,1.0,0.0,0.0,1.0,0.0,0.0,0.0,60.0,-,60.1,-,0 (0),0.0,0.0,0.0,atlanta-falcons
Jovaughn Gwyn,#56,C,1.0,1.0,0.0,0.0,0.0,0.0,0.0,1.0,60.0,-,-,-,0 (0),0.0,0.0,0.0,atlanta-falcons
Jeff Okudah,#01,CB,1.0,1.0,0.0,0.0,1.0,0.0,0.0,0.0,60.0,-,-,-,0 (0),0.0,0.0,0.0,atlanta-falcons
Kentavius Street,#75,DI,3.0,9.0,0.0,0.0,1.0,0.0,8.0,0.0,60.0,-,-,-,0 (0),0.0,0.0,0.0,atlanta-falcons
John Leglue,#66,C,1.0,2.0,0.0,0.0,0.0,0.0,0.0,2.0,60.0,-,-,-,0 (0),0.0,0.0,0.0,atlanta-falcons
Joe Gaziano,#99,ED,2.0,2.0,0.0,0.0,0.0,0.0,2.0,0.0,60.0,-,-,-,0 (0),0.0,0.0,0.0,atlanta-falcons
Timmy Horne,#98,DI,1.0,1.0,0.0,0.0,0.0,0.0,1.0,0.0,59.8,-,-,-,0 (0),0.0,0.0,0.0,atlanta-falcons
LaCale London,#72,DI,4.0,9.0,0.0,0.0,0.0,0.0,9.0,0.0,59.3,-,-,-,0 (0),0.0,0.0,0.0,atlanta-falcons
Calais Campbell,#93,ED,17.0,140.0,0.0,0.0,0.0,0.0,74.0,66.0,59.2,-,-,-,0 (0),0.0,0.0,0.0,atlanta-falcons
Parker Hesse,#46,TE,3.0,27.0,9.0,0.0,0.0,18.0,0.0,0.0,58.7,-,-,-,1 (1),1.0,0.0,0.0,atlanta-falcons
Albert Huggins,#94,DI,10.0,43.0,0.0,0.0,2.0,0.0,41.0,0.0,58.7,-,-,-,0 (0),0.0,0.0,0.0,atlanta-falcons
Grady Jarrett,#97,DI,5.0,19.0,0.0,0.0,0.0,0.0,19.0,0.0,58.7,-,-,-,0 (0),0.0,0.0,0.0,atlanta-falcons
Tae Davis,#33,LB,8.0,174.0,40.0,36.0,35.0,33.0,30.0,0.0,58.5,-,-,-,1 (0),0.0,2.0,2.0,atlanta-falcons
Ta'Quon Graham,#95,DI,15.0,68.0,0.0,0.0,4.0,0.0,64.0,0.0,58.3,-,-,-,0 (0),0.0,0.0,0.0,atlanta-falcons
Micah Abernathy,#29,S,12.0,272.0,66.0,58.0,53.0,51.0,44.0,0.0,57.6,-,-,-,3 (0),3.0,1.0,1.0,atlanta-falcons
David Onyemata,#90,DI,13.0,61.0,0.0,0.0,1.0,0.0,60.0,0.0,57.5,-,-,-,0 (0),0.0,0.0,0.0,atlanta-falcons
Jaylinn Hawkins,#32,S,6.0,125.0,25.0,25.0,24.0,27.0,24.0,0.0,57.4,-,-,-,0 (0),1.0,0.0,1.0,atlanta-falcons
Richie Grant,#27,S,17.0,236.0,3.0,27.0,78.0,53.0,75.0,0.0,56.8,-,-,-,0 (0),1.0,0.0,1.0,atlanta-falcons
Tyler Allgeier,#25,HB,6.0,31.0,26.0,0.0,0.0,5.0,0.0,0.0,55.4,-,-,-,0 (0),0.0,0.0,0.0,atlanta-falcons
Clark Phillips III,#34,CB,5.0,53.0,8.0,18.0,21.0,0.0,6.0,0.0,55.2,-,-,-,0 (0),0.0,0.0,0.0,atlanta-falcons
Nate Landman,#53,LB,16.0,125.0,8.0,8.0,0.0,39.0,70.0,0.0,54.3,-,-,-,0 (0),0.0,0.0,1.0,atlanta-falcons
Scott Miller,#16,WR,17.0,107.0,90.0,0.0,8.0,9.0,0.0,0.0,53.1,59.5,61.5,-,0 (0),1.0,0.0,0.0,atlanta-falcons
Dee Alford,#20,CB,16.0,143.0,2.0,20.0,50.0,3.0,68.0,0.0,52.9,59.7,65.3,-,1 (0),0.0,0.0,0.0,atlanta-falcons
Milo Eifler,#52,LB,2.0,31.0,9.0,10.0,12.0,0.0,0.0,0.0,49.6,-,-,-,0 (0),0.0,0.0,0.0,atlanta-falcons
Frank Darby,#88,WR,1.0,12.0,6.0,5.0,0.0,1.0,0.0,0.0,43.5,-,-,-,0 (0),0.0,0.0,0.0,atlanta-falcons
Tre Flowers,#33,CB,17.0,324.0,72.0,62.0,77.0,38.0,75.0,0.0,42.8,-,-,-,2 (0),3.0,0.0,0.0,atlanta-falcons
Del'Shawn Phillips,#53,LB,17.0,373.0,72.0,103.0,80.0,67.0,51.0,0.0,85.0,-,-,-,0 (0),3.0,3.0,0.0,baltimore-ravens
Trenton Simpson,#30,LB,17.0,297.0,60.0,99.0,62.0,67.0,9.0,0.0,82.6,-,-,-,1 (0),5.0,3.0,0.0,baltimore-ravens
Laquon Treadwell,#18,WR,5.0,87.0,18.0,29.0,18.0,22.0,0.0,0.0,80.7,-,-,-,0 (0),2.0,0.0,0.0,baltimore-ravens
Malik Harrison,#40,LB,16.0,348.0,65.0,97.0,75.0,62.0,49.0,0.0,78.2,-,-,-,1 (0),5.0,1.0,0.0,baltimore-ravens
Dan Chisena,#83,WR,2.0,34.0,7.0,10.0,8.0,9.0,0.0,0.0,77.9,-,-,-,0 (0),2.0,0.0,0.0,baltimore-ravens
Devin Duvernay,#13,WR,15.0,171.0,61.0,19.0,72.0,19.0,0.0,0.0,76.2,58.2,76.8,-,0 (0),2.0,0.0,0.0,baltimore-ravens
Jeremiah Moon,#48,ED,9.0,157.0,34.0,54.0,33.0,33.0,3.0,0.0,76.2,-,-,-,0 (0),2.0,0.0,0.0,baltimore-ravens
Josh Ross,#51,LB,5.0,103.0,22.0,30.0,19.0,20.0,12.0,0.0,75.1,-,-,-,0 (0),0.0,0.0,0.0,baltimore-ravens
Daryl Worley,#41,S,12.0,238.0,48.0,66.0,45.0,38.0,41.0,0.0,73.3,-,-,-,0 (0),2.0,1.0,2.0,baltimore-ravens
Keaton Mitchell,#34,HB,8.0,63.0,6.0,19.0,11.0,5.0,22.0,0.0,73.1,-,-,-,0 (0),1.0,0.0,1.0,baltimore-ravens
Brandon Stephens,#21,CB,18.0,111.0,8.0,74.0,5.0,13.0,11.0,0.0,72.1,-,-,-,0 (0),2.0,1.0,0.0,baltimore-ravens
Arthur Maulet,#10,CB,16.0,221.0,48.0,88.0,69.0,0.0,16.0,0.0,70.9,-,-,-,0 (0),4.0,0.0,0.0,baltimore-ravens
Andrew Adams,#37,S,3.0,50.0,6.0,17.0,12.0,12.0,3.0,0.0,70.3,-,-,-,0 (0),0.0,0.0,0.0,baltimore-ravens
Ronald Darby,#28,CB,10.0,70.0,0.0,45.0,25.0,0.0,0.0,0.0,68.9,-,-,-,0 (0),3.0,0.0,0.0,baltimore-ravens
Tavius Robinson,#95,ED,19.0,272.0,12.0,30.0,73.0,1.0,59.0,97.0,66.9,-,-,-,0 (0),1.0,0.0,0.0,baltimore-ravens
Kevin Zeitler,#70,G,17.0,85.0,0.0,0.0,0.0,0.0,0.0,85.0,65.1,-,-,-,0 (0),0.0,0.0,0.0,baltimore-ravens
Broderick Washington,#96,DI,18.0,97.0,0.0,0.0,22.0,0.0,54.0,21.0,64.9,-,-,-,0 (0),0.0,0.0,0.0,baltimore-ravens
Kevon Seymour,#25,CB,8.0,154.0,25.0,36.0,39.0,34.0,20.0,0.0,64.3,-,-,-,0 (0),1.0,0.0,1.0,baltimore-ravens
Owen Wright,#36,HB,1.0,8.0,0.0,6.0,2.0,0.0,0.0,0.0,64.2,-,-,-,0 (0),0.0,0.0,0.0,baltimore-ravens
Daniel Faalele,#77,T,18.0,90.0,0.0,0.0,0.0,0.0,0.0,90.0,63.8,-,-,-,0 (0),0.0,0.0,0.0,baltimore-ravens
John Simpson,#76,G,19.0,95.0,0.0,0.0,0.0,0.0,0.0,95.0,63.5,-,-,-,0 (0),0.0,0.0,0.0,baltimore-ravens
Sam Mustipher,#61,C,4.0,17.0,0.0,0.0,0.0,0.0,0.0,17.0,62.2,-,-,-,0 (0),0.0,0.0,0.0,baltimore-ravens
DeAndre Houston-Carson,#30,S,2.0,32.0,4.0,13.0,8.0,7.0,0.0,0.0,62.2,-,-,-,0 (0),1.0,0.0,0.0,baltimore-ravens
Patrick Ricard,#42,FB,19.0,93.0,73.0,0.0,0.0,0.0,20.0,0.0,62.0,-,-,-,0 (0),0.0,0.0,0.0,baltimore-ravens
Patrick Mekari,#65,T,13.0,59.0,0.0,0.0,0.0,0.0,0.0,59.0,62.0,-,-,-,0 (0),0.0,0.0,0.0,baltimore-ravens
Travis Jones,#98,DI,19.0,181.0,0.0,0.0,24.0,0.0,60.0,97.0,61.7,-,-,-,0 (0),0.0,0.0,0.0,baltimore-ravens
Rock Ya-Sin,#23,CB,15.0,163.0,0.0,89.0,52.0,1.0,21.0,0.0,61.7,-,-,-,0 (0),1.0,0.0,0.0,baltimore-ravens
Justin Tucker,#09,K,19.0,207.0,0.0,110.0,0.0,0.0,0.0,97.0,61.1,81.0,-,82.5,0 (0),0.0,0.0,0.0,baltimore-ravens
Marlon Humphrey,#44,CB,3.0,3.0,0.0,0.0,0.0,0.0,3.0,0.0,60.8,-,-,-,0 (0),0.0,0.0,0.0,baltimore-ravens
Brent Urban,#97,DI,18.0,87.0,0.0,0.0,17.0,0.0,55.0,15.0,60.5,-,-,-,0 (0),0.0,0.0,0.0,baltimore-ravens
Mark Andrews,#89,TE,3.0,4.0,4.0,0.0,0.0,0.0,0.0,0.0,60.4,-,-,-,0 (0),0.0,0.0,0.0,baltimore-ravens
Tyler Linderbaum,#64,C,1.0,1.0,0.0,0.0,0.0,0.0,0.0,1.0,60.0,-,-,-,0 (0),0.0,0.0,0.0,baltimore-ravens
Roquan Smith,#00,LB,2.0,1.0,0.0,0.0,0.0,0.0,1.0,0.0,60.0,-,-,-,0 (0),0.0,0.0,0.0,baltimore-ravens
Michael Pierce,#58,DI,1.0,0.0,0.0,0.0,0.0,0.0,0.0,0.0,60.0,-,-,-,0 (0),0.0,0.0,0.0,baltimore-ravens
Kyle Van Noy,#50,ED,2.0,1.0,0.0,0.0,1.0,0.0,0.0,0.0,60.0,-,-,-,0 (0),0.0,0.0,0.0,baltimore-ravens
Jadeveon Clowney,#24,ED,1.0,1.0,0.0,0.0,0.0,0.0,1.0,0.0,60.0,-,-,-,0 (0),0.0,0.0,0.0,baltimore-ravens
Tylan Wallace,#16,WR,11.0,168.0,37.0,65.0,44.0,22.0,0.0,0.0,59.9,62.9,86.2,-,1 (0),2.0,0.0,2.0,baltimore-ravens
Patrick Queen,#06,LB,3.0,3.0,0.0,0.0,0.0,0.0,3.0,0.0,59.9,-,-,-,0 (0),0.0,0.0,0.0,baltimore-ravens
Nelson Agholor,#15,WR,3.0,5.0,5.0,0.0,0.0,0.0,0.0,0.0,59.4,59.5,-,-,0 (0),0.0,0.0,0.0,baltimore-ravens
Rashod Bateman,#07,WR,5.0,7.0,7.0,0.0,0.0,0.0,0.0,0.0,59.0,-,-,-,0 (0),0.0,0.0,0.0,baltimore-ravens
Zay Flowers,#04,WR,5.0,7.0,7.0,0.0,0.0,0.0,0.0,0.0,57.5,59.9,-,-,0 (0),0.0,0.0,0.0,baltimore-ravens
Jordan Stout,#11,P,19.0,178.0,0.0,4.0,0.0,77.0,0.0,97.0,57.4,60.0,69.9,-,2 (1),1.0,0.0,4.0,baltimore-ravens
Jalyn Armour-Davis,#05,CB,8.0,110.0,7.0,46.0,34.0,20.0,3.0,0.0,57.1,61.2,-,-,0 (0),1.0,1.0,2.0,baltimore-ravens
Justice Hill,#43,HB,14.0,94.0,57.0,15.0,8.0,14.0,0.0,0.0,57.0,64.8,-,-,1 (0),0.0,0.0,0.0,baltimore-ravens
Damarion Williams,#22,CB,1.0,19.0,4.0,3.0,1.0,8.0,3.0,0.0,56.8,-,60.1,-,0 (0),0.0,0.0,0.0,baltimore-ravens
Charlie Kolar,#88,TE,16.0,291.0,57.0,40.0,54.0,58.0,0.0,82.0,56.5,-,-,-,0 (0),4.0,0.0,1.0,baltimore-ravens
Ben Mason,#38,FB,1.0,19.0,4.0,3.0,3.0,8.0,1.0,0.0,56.5,-,-,-,0 (0),0.0,0.0,0.0,baltimore-ravens
Tyler Ott,#69,LS,19.0,174.0,0.0,0.0,0.0,77.0,0.0,97.0,53.0,-,-,-,0 (0),3.0,1.0,0.0,baltimore-ravens
Nnamdi Madubuike,#92,DI,17.0,62.0,0.0,0.0,23.0,0.0,39.0,0.0,52.7,-,-,-,1 (0),0.0,0.0,0.0,baltimore-ravens
Kyle Hamilton,#14,S,14.0,68.0,5.0,2.0,1.0,22.0,38.0,0.0,50.4,-,-,-,1 (0),0.0,0.0,0.0,baltimore-ravens
Isaiah Likely,#80,TE,16.0,124.0,49.0,11.0,8.0,56.0,0.0,0.0,47.2,61.2,-,-,2 (0),2.0,1.0,3.0,baltimore-ravens
Geno Stone,#26,S,19.0,263.0,75.0,12.0,45.0,75.0,56.0,0.0,47.2,-,-,-,1 (0),1.0,0.0,1.0,baltimore-ravens
Ar'Darius Washington,#29,CB,4.0,44.0,4.0,19.0,18.0,0.0,3.0,0.0,41.3,-,-,-,1 (0),0.0,0.0,0.0,baltimore-ravens
Ben Cleveland,#66,G,18.0,94.0,0.0,0.0,0.0,0.0,0.0,94.0,36.6,-,-,-,0 (0),0.0,0.0,0.0,baltimore-ravens
Morgan Moses,#78,T,6.0,23.0,0.0,0.0,0.0,0.0,0.0,23.0,29.9,-,-,-,0 (0),0.0,0.0,0.0,baltimore-ravens
Shaq Lawson,#90,ED,17.0,62.0,0.0,0.0,4.0,0.0,58.0,0.0,78.5,-,-,-,0 (0),0.0,0.0,0.0,buffalo-bills
Dorian Williams,#42,LB,18.0,299.0,75.0,98.0,60.0,53.0,13.0,0.0,74.8,-,-,-,0 (0),5.0,2.0,1.0,buffalo-bills
Josh Norman,#29,CB,3.0,17.0,0.0,13.0,4.0,0.0,0.0,0.0,72.6,-,-,-,0 (0),2.0,1.0,0.0,buffalo-bills
Kingsley Jonathan,#59,ED,14.0,190.0,62.0,42.0,53.0,29.0,4.0,0.0,70.9,-,-,-,0 (0),0.0,0.0,1.0,buffalo-bills
Quintin Morris,#85,TE,17.0,353.0,71.0,85.0,61.0,52.0,0.0,84.0,70.2,-,-,-,0 (0),0.0,0.0,2.0,buffalo-bills
Tyler Matakevich,#44,LB,19.0,379.0,85.0,106.0,70.0,57.0,61.0,0.0,69.3,-,-,-,1 (0),5.0,0.0,2.0,buffalo-bills
Tyrel Dodson,#25,LB,17.0,190.0,25.0,36.0,23.0,51.0,55.0,0.0,68.7,-,-,-,0 (0),3.0,0.0,1.0,buffalo-bills
Siran Neal,#33,CB,19.0,379.0,84.0,105.0,71.0,57.0,62.0,0.0,66.9,-,-,-,3 (0),5.0,1.0,3.0,buffalo-bills
Cam Lewis,#39,S,19.0,358.0,82.0,103.0,59.0,55.0,59.0,0.0,65.9,-,-,-,1 (0),5.0,0.0,2.0,buffalo-bills
Reid Ferguson,#69,LS,19.0,149.0,0.0,0.0,0.0,57.0,0.0,92.0,65.5,-,-,-,0 (0),2.0,1.0,1.0,buffalo-bills
Taron Johnson,#07,CB,8.0,9.0,0.0,3.0,5.0,0.0,1.0,0.0,64.4,-,-,-,0 (0),0.0,0.0,0.0,buffalo-bills
Spencer Brown,#79,T,18.0,82.0,0.0,0.0,0.0,0.0,0.0,82.0,63.9,-,-,-,0 (0),0.0,0.0,0.0,buffalo-bills
Sam Martin,#08,P,19.0,149.0,0.0,0.0,0.0,57.0,0.0,92.0,63.8,-,70.8,-,0 (0),0.0,0.0,2.0,buffalo-bills
Dane Jackson,#30,CB,13.0,102.0,14.0,52.0,33.0,0.0,3.0,0.0,63.6,-,-,-,0 (0),2.0,0.0,1.0,buffalo-bills
Dion Dawkins,#73,T,19.0,89.0,0.0,0.0,0.0,0.0,0.0,89.0,63.6,-,-,-,0 (0),0.0,0.0,0.0,buffalo-bills
Connor McGovern,#66,G,19.0,89.0,0.0,0.0,0.0,0.0,0.0,89.0,63.4,-,-,-,0 (0),0.0,0.0,0.0,buffalo-bills
Baylon Spector,#54,LB,10.0,142.0,41.0,39.0,32.0,28.0,2.0,0.0,63.1,-,-,-,2 (0),1.0,1.0,0.0,buffalo-bills
Damar Hamlin,#03,S,7.0,124.0,36.0,41.0,25.0,21.0,1.0,0.0,63.0,-,-,-,1 (1),3.0,0.0,1.0,buffalo-bills
Ed Oliver,#91,DI,6.0,6.0,0.0,0.0,5.0,0.0,1.0,0.0,62.7,-,-,-,0 (0),0.0,0.0,0.0,buffalo-bills
Terrel Bernard,#43,LB,16.0,56.0,1.0,0.0,6.0,0.0,49.0,0.0,62.5,-,-,-,0 (0),0.0,0.0,0.0,buffalo-bills
Taylor Rapp,#20,S,16.0,189.0,42.0,60.0,32.0,34.0,21.0,0.0,62.5,-,-,-,0 (0),3.0,1.0,0.0,buffalo-bills
David Edwards,#76,G,19.0,92.0,0.0,0.0,0.0,0.0,0.0,92.0,62.4,-,-,-,0 (0),0.0,0.0,0.0,buffalo-bills
Ryan Bates,#71,C,19.0,91.0,0.0,0.0,0.0,0.0,0.0,91.0,62.3,-,-,-,0 (0),0.0,0.0,0.0,buffalo-bills
Ryan Van Demark,#74,T,8.0,24.0,0.0,0.0,0.0,0.0,0.0,24.0,61.8,-,-,-,0 (0),0.0,0.0,0.0,buffalo-bills
Reggie Gilliam,#41,FB,19.0,406.0,84.0,105.0,68.0,57.0,0.0,92.0,61.8,-,-,-,1 (0),3.0,0.0,4.0,buffalo-bills
O'Cyrus Torrence,#64,G,19.0,92.0,0.0,0.0,0.0,0.0,0.0,92.0,61.7,-,-,-,0 (0),0.0,0.0,0.0,buffalo-bills
A.J. Klein,#52,LB,4.0,30.0,9.0,0.0,11.0,7.0,3.0,0.0,61.6,-,-,-,0 (0),0.0,0.0,0.0,buffalo-bills
Leonard Floyd,#56,ED,6.0,8.0,0.0,0.0,4.0,0.0,4.0,0.0,61.3,-,-,-,0 (0),0.0,0.0,0.0,buffalo-bills
Andy Isabella,#87,WR,4.0,46.0,20.0,11.0,15.0,0.0,0.0,0.0,61.2,59.4,-,-,0 (0),0.0,0.0,0.0,buffalo-bills
Tyler Bass,#02,K,19.0,198.0,0.0,106.0,0.0,0.0,0.0,92.0,61.1,44.6,-,64.5,0 (0),1.0,0.0,1.0,buffalo-bills
Deonte Harty,#11,WR,18.0,82.0,11.0,0.0,71.0,0.0,0.0,0.0,60.6,62.0,68.6,-,0 (0),0.0,0.0,0.0,buffalo-bills
Greg Rousseau,#50,ED,15.0,57.0,0.0,0.0,6.0,0.0,51.0,0.0,60.6,-,-,-,0 (0),0.0,0.0,0.0,buffalo-bills
Kendal Vickers,#93,DI,2.0,5.0,0.0,0.0,1.0,0.0,4.0,0.0,60.4,-,-,-,0 (0),0.0,0.0,0.0,buffalo-bills
Rasul Douglas,#31,CB,4.0,4.0,0.0,0.0,3.0,0.0,1.0,0.0,60.2,-,-,-,0 (0),0.0,0.0,0.0,buffalo-bills
Micah Hyde,#23,S,13.0,45.0,1.0,0.0,0.0,0.0,44.0,0.0,60.1,-,-,-,0 (0),0.0,0.0,0.0,buffalo-bills
Dalton Kincaid,#86,TE,1.0,1.0,1.0,0.0,0.0,0.0,0.0,0.0,60.0,-,-,-,0 (0),0.0,0.0,0.0,buffalo-bills
Gabe Davis,#13,WR,1.0,1.0,0.0,1.0,0.0,0.0,0.0,0.0,60.0,-,-,-,0 (0),0.0,0.0,0.0,buffalo-bills
Matt Milano,#58,LB,1.0,1.0,0.0,0.0,1.0,0.0,0.0,0.0,60.0,-,-,-,0 (0),0.0,0.0,0.0,buffalo-bills
Leonard Fournette,#05,HB,2.0,8.0,8.0,0.0,0.0,0.0,0.0,0.0,60.0,57.1,-,-,0 (0),0.0,0.0,0.0,buffalo-bills
Stefon Diggs,#14,WR,1.0,1.0,1.0,0.0,0.0,0.0,0.0,0.0,60.0,-,-,-,0 (0),0.0,0.0,0.0,buffalo-bills
Von Miller,#40,ED,1.0,1.0,0.0,0.0,0.0,0.0,1.0,0.0,60.0,-,-,-,0 (0),0.0,0.0,0.0,buffalo-bills
Linval Joseph,#93,DI,1.0,1.0,0.0,0.0,0.0,0.0,1.0,0.0,60.0,-,-,-,0 (0),0.0,0.0,0.0,buffalo-bills
Poona Ford,#98,DI,8.0,33.0,0.0,0.0,4.0,0.0,29.0,0.0,59.9,-,-,-,0 (0),0.0,0.0,0.0,buffalo-bills
DaQuan Jones,#92,DI,5.0,12.0,0.0,0.0,0.0,0.0,12.0,0.0,59.4,-,-,-,0 (0),0.0,0.0,0.0,buffalo-bills
A.J. Epenesa,#57,ED,8.0,26.0,0.0,0.0,1.0,2.0,23.0,0.0,59.1,-,-,-,0 (0),0.0,0.0,0.0,buffalo-bills
Khalil Shakir,#10,WR,18.0,95.0,72.0,3.0,20.0,0.0,0.0,0.0,57.6,54.9,55.5,-,0 (0),0.0,0.0,0.0,buffalo-bills
Damien Harris,#22,HB,6.0,34.0,23.0,0.0,7.0,4.0,0.0,0.0,55.4,60.3,-,-,0 (0),0.0,0.0,0.0,buffalo-bills
Kaiir Elam,#24,CB,4.0,19.0,0.0,17.0,2.0,0.0,0.0,0.0,54.1,-,-,-,0 (0),0.0,0.0,0.0,buffalo-bills
Christian Benford,#47,CB,10.0,30.0,0.0,14.0,11.0,0.0,5.0,0.0,52.9,-,-,-,0 (0),0.0,0.0,0.0,buffalo-bills
Trent Sherfield,#16,WR,17.0,150.0,25.0,92.0,33.0,0.0,0.0,0.0,52.7,-,-,-,1 (1),2.0,0.0,2.0,buffalo-bills
Jordan Poyer,#21,S,16.0,68.0,1.0,1.0,8.0,0.0,58.0,0.0,50.9,-,-,-,1 (0),0.0,0.0,0.0,buffalo-bills
Tim Settle,#99,DI,17.0,64.0,0.0,0.0,4.0,0.0,60.0,0.0,50.8,-,-,-,1 (0),0.0,0.0,0.0,buffalo-bills
Ty Johnson,#26,HB,12.0,85.0,52.0,20.0,9.0,4.0,0.0,0.0,37.5,55.2,-,-,0 (0),1.0,0.0,1.0,buffalo-bills
Jordan Phillips,#97,DI,6.0,7.0,0.0,0.0,1.0,0.0,6.0,0.0,33.1,-,-,-,1 (0),0.0,0.0,0.0,buffalo-bills
Ja'Marcus Ingram,#46,CB,3.0,36.0,9.0,13.0,12.0,2.0,0.0,0.0,29.3,-,-,-,2 (1),0.0,0.0,0.0,buffalo-bills
Tae Davis,#33,LB,8.0,142.0,38.0,24.0,37.0,43.0,0.0,0.0,77.9,-,-,-,0 (0),4.0,1.0,0.0,carolina-panthers
JJ Jansen,#44,LS,17.0,134.0,0.0,0.0,0.0,84.0,0.0,50.0,77.1,-,-,-,0 (0),2.0,0.0,0.0,carolina-panthers
Jammie Robinson,#22,S,15.0,269.0,74.0,50.0,71.0,66.0,8.0,0.0,75.8,-,-,-,2 (0),2.0,1.0,0.0,carolina-panthers
Jeremy Chinn,#21,S,12.0,173.0,28.0,22.0,28.0,49.0,46.0,0.0,75.2,-,-,-,0 (0),2.0,0.0,0.0,carolina-panthers
Claudin Cherelus,#53,LB,6.0,104.0,35.0,23.0,18.0,26.0,2.0,0.0,73.5,-,-,-,0 (0),0.0,0.0,0.0,carolina-panthers
Jordan Matthews,#85,TE,1.0,19.0,4.0,4.0,5.0,6.0,0.0,0.0,70.5,-,-,-,0 (0),0.0,0.0,0.0,carolina-panthers
Raheem Blackshear,#03,HB,12.0,113.0,57.0,8.0,47.0,0.0,1.0,0.0,68.2,65.6,-,-,0 (0),0.0,0.0,0.0,carolina-panthers
Alex Cook,#27,S,9.0,110.0,34.0,15.0,13.0,35.0,13.0,0.0,67.8,-,-,-,0 (0),1.0,2.0,1.0,carolina-panthers
Amare Barno,#90,ED,15.0,230.0,61.0,49.0,63.0,36.0,21.0,0.0,65.8,-,-,-,0 (0),3.0,1.0,5.0,carolina-panthers
Mike Strachan,#86,WR,3.0,20.0,5.0,0.0,15.0,0.0,0.0,0.0,65.3,-,-,-,0 (0),0.0,0.0,0.0,carolina-panthers
Stephen Sullivan,#84,TE,11.0,182.0,52.0,24.0,44.0,48.0,0.0,14.0,65.3,-,-,-,0 (0),1.0,0.0,1.0,carolina-panthers
Terrace Marshall Jr.,#88,WR,3.0,8.0,0.0,0.0,8.0,0.0,0.0,0.0,65.1,-,-,-,0 (0),0.0,0.0,0.0,carolina-panthers
Giovanni Ricci,#45,TE,5.0,88.0,30.0,19.0,16.0,23.0,0.0,0.0,64.9,-,-,-,0 (0),2.0,0.0,2.0,carolina-panthers
Chandler Wooten,#57,LB,8.0,176.0,46.0,34.0,29.0,35.0,32.0,0.0,64.8,-,-,-,2 (0),3.0,0.0,0.0,carolina-panthers
DeShawn Williams,#96,DI,8.0,12.0,3.0,0.0,9.0,0.0,0.0,0.0,64.6,-,-,-,0 (0),0.0,0.0,0.0,carolina-panthers
Taylor Moton,#72,T,16.0,50.0,0.0,0.0,0.0,0.0,0.0,50.0,63.2,-,-,-,0 (0),0.0,0.0,0.0,carolina-panthers
Chandler Zavala,#62,G,8.0,27.0,0.0,0.0,0.0,0.0,0.0,27.0,63.1,-,-,-,0 (0),0.0,0.0,0.0,carolina-panthers
D'Shawn Jamison,#29,CB,15.0,155.0,3.0,45.0,66.0,38.0,3.0,0.0,63.1,59.2,-,-,1 (1),4.0,2.0,1.0,carolina-panthers
Tommy Tremble,#82,TE,16.0,223.0,81.0,17.0,12.0,66.0,0.0,47.0,63.0,-,-,-,0 (0),3.0,0.0,2.0,carolina-panthers
Frankie Luvu,#49,LB,13.0,50.0,0.0,0.0,9.0,1.0,40.0,0.0,63.0,-,-,-,0 (0),0.0,0.0,0.0,carolina-panthers
Nash Jensen,#66,G,10.0,32.0,0.0,0.0,0.0,0.0,0.0,32.0,62.9,-,-,-,0 (0),0.0,0.0,0.0,carolina-panthers
Ikem Ekwonu,#79,T,16.0,50.0,0.0,0.0,0.0,0.0,0.0,50.0,62.8,-,-,-,0 (0),0.0,0.0,0.0,carolina-panthers
Sam Franklin Jr.,#42,S,17.0,312.0,59.0,47.0,69.0,64.0,73.0,0.0,62.4,-,-,-,4 (1),7.0,0.0,2.0,carolina-panthers
Calvin Throckmorton,#72,G,9.0,33.0,0.0,0.0,0.0,0.0,0.0,33.0,62.3,-,-,-,0 (0),0.0,0.0,0.0,carolina-panthers
Deion Jones,#40,LB,4.0,6.0,0.0,4.0,2.0,0.0,0.0,0.0,62.3,-,-,-,0 (0),0.0,0.0,0.0,carolina-panthers
Eku Leota,#46,ED,8.0,90.0,30.0,15.0,40.0,1.0,4.0,0.0,62.1,-,-,-,1 (0),0.0,1.0,0.0,carolina-panthers
Kamu Grugier-Hill,#54,LB,17.0,295.0,58.0,38.0,47.0,83.0,69.0,0.0,62.0,60.0,-,-,1 (0),4.0,1.0,1.0,carolina-panthers
Cade Mays,#68,G,15.0,49.0,0.0,0.0,0.0,0.0,0.0,49.0,61.8,-,-,-,0 (0),0.0,0.0,0.0,carolina-panthers
Ian Thomas,#80,TE,12.0,104.0,62.0,0.0,3.0,25.0,0.0,14.0,61.8,-,-,-,0 (0),0.0,0.0,1.0,carolina-panthers
David Sharpe,#74,T,8.0,21.0,0.0,0.0,0.0,0.0,0.0,21.0,61.4,-,-,-,0 (0),0.0,0.0,0.0,carolina-panthers
Ricky Lee,#61,T,6.0,24.0,0.0,0.0,0.0,0.0,0.0,24.0,61.3,-,-,-,0 (0),0.0,0.0,0.0,carolina-panthers
Gabe Jackson,#69,G,4.0,11.0,0.0,0.0,0.0,0.0,0.0,11.0,61.3,-,-,-,0 (0),0.0,0.0,0.0,carolina-panthers
CJ Henderson,#23,CB,11.0,55.0,0.0,3.0,16.0,0.0,36.0,0.0,61.2,-,-,-,0 (0),0.0,0.0,0.0,carolina-panthers
Jonathan Mingo,#15,WR,4.0,12.0,11.0,0.0,1.0,0.0,0.0,0.0,60.8,-,-,-,0 (0),0.0,0.0,0.0,carolina-panthers
Eddy Pineiro,#04,K,15.0,105.0,0.0,56.0,0.0,0.0,0.0,49.0,60.8,71.1,-,58.8,0 (0),0.0,0.0,0.0,carolina-panthers
Shaq Thompson,#07,LB,1.0,5.0,0.0,0.0,1.0,0.0,4.0,0.0,60.7,-,-,-,0 (0),0.0,0.0,0.0,carolina-panthers
Justin McCray,#67,G,2.0,7.0,0.0,0.0,0.0,0.0,0.0,7.0,60.7,-,-,-,0 (0),0.0,0.0,0.0,carolina-panthers
J.D. DiRenzo,#65,G,3.0,8.0,0.0,0.0,0.0,0.0,0.0,8.0,60.6,-,-,-,0 (0),0.0,0.0,0.0,carolina-panthers
Brett Toth,#64,G,3.0,6.0,0.0,0.0,0.0,0.0,0.0,6.0,60.4,-,-,-,0 (0),0.0,0.0,0.0,carolina-panthers
Xavier Woods,#25,S,4.0,14.0,0.0,0.0,2.0,0.0,12.0,0.0,60.4,-,-,-,0 (0),0.0,0.0,0.0,carolina-panthers
Luiji Vilain,#43,ED,1.0,4.0,1.0,0.0,1.0,2.0,0.0,0.0,60.3,-,-,-,0 (0),0.0,0.0,0.0,carolina-panthers
LaBryan Ray,#93,DI,4.0,17.0,0.0,0.0,4.0,0.0,13.0,0.0,60.3,-,-,-,0 (0),0.0,0.0,0.0,carolina-panthers
Marquis Haynes Sr.,#98,ED,2.0,4.0,0.0,3.0,0.0,0.0,1.0,0.0,60.2,-,-,-,0 (0),0.0,0.0,0.0,carolina-panthers
Austin Corbett,#63,G,1.0,4.0,0.0,0.0,0.0,0.0,0.0,4.0,60.2,-,-,-,0 (0),0.0,0.0,0.0,carolina-panthers
A.J. Parker,#37,CB,1.0,1.0,0.0,0.0,1.0,0.0,0.0,0.0,60.0,-,-,-,0 (0),0.0,0.0,0.0,carolina-panthers
Brady Christensen,#70,G,1.0,2.0,0.0,0.0,0.0,0.0,0.0,2.0,60.0,-,-,-,0 (0),0.0,0.0,0.0,carolina-panthers
Donte Jackson,#26,CB,2.0,3.0,0.0,0.0,3.0,0.0,0.0,0.0,60.0,-,-,-,0 (0),0.0,0.0,0.0,carolina-panthers
Miles Sanders,#06,HB,1.0,1.0,0.0,0.0,0.0,0.0,1.0,0.0,60.0,-,-,-,0 (0),0.0,0.0,0.0,carolina-panthers
Matthew Wright,#16,K,1.0,2.0,0.0,1.0,0.0,0.0,0.0,1.0,60.0,60.0,-,56.0,0 (0),0.0,0.0,0.0,carolina-panthers
Justin Houston,#50,ED,1.0,1.0,0.0,0.0,1.0,0.0,0.0,0.0,60.0,-,-,-,0 (0),0.0,0.0,0.0,carolina-panthers
Sam Webb,#27,CB,1.0,12.0,7.0,4.0,1.0,0.0,0.0,0.0,59.9,-,-,-,0 (0),0.0,0.0,0.0,carolina-panthers
Shy Tuttle,#99,DI,17.0,83.0,0.0,0.0,10.0,0.0,73.0,0.0,59.6,-,-,-,0 (0),0.0,0.0,0.0,carolina-panthers
Chris Wormley,#94,DI,3.0,10.0,0.0,0.0,1.0,0.0,9.0,0.0,59.1,-,-,-,0 (0),0.0,0.0,0.0,carolina-panthers
Yetur Gross-Matos,#97,ED,12.0,77.0,25.0,0.0,0.0,0.0,52.0,0.0,59.0,-,-,-,0 (0),0.0,0.0,0.0,carolina-panthers
Laviska Shenault Jr.,#05,WR,8.0,101.0,34.0,28.0,22.0,17.0,0.0,0.0,58.6,51.1,-,-,0 (0),1.0,0.0,1.0,carolina-panthers
Ihmir Smith-Marsette,#11,WR,17.0,149.0,10.0,50.0,82.0,7.0,0.0,0.0,58.5,-,82.2,-,0 (0),1.0,1.0,1.0,carolina-panthers
Nick Thurman,#91,DI,13.0,52.0,0.0,0.0,0.0,0.0,52.0,0.0,57.1,-,-,-,0 (0),0.0,0.0,0.0,carolina-panthers
DJ Johnson,#52,ED,13.0,107.0,45.0,27.0,19.0,0.0,16.0,0.0,57.0,-,-,-,1 (0),2.0,0.0,0.0,carolina-panthers
David Long Jr.,#30,CB,3.0,23.0,0.0,4.0,10.0,0.0,9.0,0.0,56.8,-,-,-,0 (0),0.0,0.0,0.0,carolina-panthers
Troy Hill,#13,CB,14.0,69.0,0.0,11.0,6.0,0.0,52.0,0.0,55.2,-,-,-,1 (1),1.0,0.0,0.0,carolina-panthers
Shaquill Griffin,#20,CB,3.0,31.0,0.0,9.0,10.0,0.0,12.0,0.0,54.8,-,-,-,0 (0),0.0,0.0,0.0,carolina-panthers
Derrick Brown,#95,DI,17.0,82.0,0.0,0.0,10.0,0.0,72.0,0.0,52.1,-,-,-,1 (0),0.0,0.0,0.0,carolina-panthers
Chuba Hubbard,#30,HB,8.0,51.0,13.0,4.0,3.0,31.0,0.0,0.0,51.5,-,-,-,0 (0),0.0,0.0,1.0,carolina-panthers
Jaycee Horn,#08,CB,2.0,3.0,0.0,0.0,2.0,0.0,1.0,0.0,50.4,-,-,-,0 (0),0.0,0.0,0.0,carolina-panthers
Dicaprio Bootle,#32,CB,8.0,122.0,32.0,20.0,26.0,23.0,21.0,0.0,49.8,-,-,-,1 (0),2.0,0.0,3.0,carolina-panthers
Matthias Farley,#41,S,5.0,62.0,16.0,15.0,8.0,23.0,0.0,0.0,47.8,-,-,-,1 (0),2.0,0.0,0.0,carolina-panthers
Hayden Hurst,#81,TE,6.0,24.0,11.0,4.0,0.0,8.0,0.0,1.0,47.6,-,-,-,0 (0),0.0,0.0,0.0,carolina-panthers
Johnny Hekker,#10,P,17.0,136.0,0.0,2.0,0.0,84.0,0.0,50.0,46.7,60.0,60.2,-,3 (1),0.0,0.0,0.0,carolina-panthers
Brian Burns,#00,ED,16.0,55.0,0.0,0.0,5.0,0.0,50.0,0.0,41.7,-,-,-,1 (0),0.0,0.0,0.0,carolina-panthers
Lamar Jackson,#31,CB,1.0,11.0,3.0,3.0,5.0,0.0,0.0,0.0,29.9,-,-,-,0 (0),0.0,0.0,0.0,carolina-panthers
Rasheem Green,#94,ED,17.0,73.0,0.0,0.0,1.0,0.0,72.0,0.0,91.1,-,-,-,0 (0),0.0,0.0,0.0,chicago-bears
Noah Sewell,#44,LB,13.0,269.0,64.0,66.0,32.0,47.0,60.0,0.0,83.8,-,-,-,0 (0),4.0,0.0,2.0,chicago-bears
Elijah Hicks,#22,S,17.0,235.0,41.0,79.0,36.0,7.0,72.0,0.0,81.7,-,-,-,0 (0),2.0,3.0,1.0,chicago-bears
Jaylon Jones,#31,CB,17.0,335.0,73.0,84.0,49.0,62.0,67.0,0.0,74.9,-,-,-,1 (0),7.0,0.0,3.0,chicago-bears
Jack Sanborn,#57,LB,17.0,294.0,61.0,47.0,46.0,68.0,72.0,0.0,74.3,-,-,-,0 (0),6.0,0.0,2.0,chicago-bears
Velus Jones Jr.,#12,WR,14.0,175.0,66.0,51.0,36.0,22.0,0.0,0.0,73.5,66.3,-,-,2 (0),2.0,2.0,0.0,chicago-bears
Quindell Johnson,#26,S,9.0,106.0,46.0,25.0,21.0,0.0,14.0,0.0,71.4,-,-,-,0 (0),1.0,0.0,0.0,chicago-bears
Duron Harmon,#30,S,2.0,4.0,0.0,3.0,1.0,0.0,0.0,0.0,68.5,-,-,-,0 (0),0.0,0.0,0.0,chicago-bears
Tyrique Stevenson,#29,CB,16.0,125.0,0.0,79.0,10.0,0.0,36.0,0.0,67.0,-,-,-,0 (0),2.0,0.0,0.0,chicago-bears
Tremaine Edmunds,#49,LB,8.0,10.0,0.0,0.0,10.0,0.0,0.0,0.0,65.3,-,-,-,0 (0),0.0,0.0,0.0,chicago-bears
Montez Sweat,#98,ED,6.0,8.0,0.0,0.0,8.0,0.0,0.0,0.0,65.3,-,-,-,0 (0),0.0,0.0,0.0,chicago-bears
Dylan Cole,#55,LB,16.0,332.0,75.0,84.0,43.0,64.0,66.0,0.0,65.3,-,-,-,1 (0),2.0,1.0,2.0,chicago-bears
Lucas Patrick,#62,C,16.0,59.0,0.0,0.0,0.0,0.0,0.0,59.0,65.3,-,-,-,0 (0),0.0,0.0,0.0,chicago-bears
Patrick Scales,#48,LS,17.0,139.0,0.0,0.0,0.0,68.0,0.0,71.0,65.1,-,-,-,0 (0),0.0,0.0,1.0,chicago-bears
Yannick Ngakoue,#91,ED,7.0,11.0,0.0,0.0,11.0,0.0,0.0,0.0,64.5,-,-,-,0 (0),0.0,0.0,0.0,chicago-bears
Kyler Gordon,#06,CB,8.0,23.0,0.0,5.0,13.0,0.0,5.0,0.0,64.0,-,-,-,0 (0),0.0,0.0,0.0,chicago-bears
Dominique Robinson,#90,ED,11.0,77.0,17.0,0.0,7.0,3.0,50.0,0.0,63.9,-,-,-,0 (0),0.0,0.0,0.0,chicago-bears
DeMarcus Walker,#95,ED,11.0,35.0,0.0,0.0,13.0,0.0,22.0,0.0,63.6,-,-,-,0 (0),0.0,0.0,0.0,chicago-bears
Trenton Gill,#16,P,17.0,152.0,0.0,13.0,0.0,68.0,0.0,71.0,63.5,63.1,65.6,-,0 (0),0.0,0.0,1.0,chicago-bears
Travis Homer,#20,HB,16.0,253.0,73.0,78.0,41.0,61.0,0.0,0.0,63.3,58.8,-,-,1 (0),6.0,1.0,3.0,chicago-bears
Robert Tonyan,#18,TE,17.0,203.0,67.0,0.0,0.0,67.0,0.0,69.0,63.3,-,-,-,0 (0),1.0,0.0,0.0,chicago-bears
A.J. Thomas,#38,S,1.0,10.0,3.0,7.0,0.0,0.0,0.0,0.0,62.9,-,-,-,0 (0),0.0,0.0,0.0,chicago-bears
Nate Davis,#64,G,8.0,25.0,0.0,0.0,0.0,0.0,0.0,25.0,62.0,-,-,-,0 (0),0.0,0.0,0.0,chicago-bears
Jaquan Brisker,#09,S,15.0,66.0,0.0,0.0,9.0,0.0,57.0,0.0,61.9,-,-,-,0 (0),0.0,0.0,0.0,chicago-bears
Cole Kmet,#85,TE,15.0,58.0,2.0,0.0,0.0,0.0,0.0,56.0,61.7,61.2,-,-,0 (0),0.0,0.0,0.0,chicago-bears
Ja'Tyre Carter,#69,G,9.0,36.0,0.0,0.0,0.0,0.0,0.0,36.0,61.6,-,-,-,0 (0),0.0,0.0,0.0,chicago-bears
T.J. Edwards,#53,LB,17.0,90.0,2.0,0.0,15.0,65.0,8.0,0.0,61.5,-,-,-,0 (0),1.0,2.0,0.0,chicago-bears
Marcedes Lewis,#84,TE,6.0,17.0,0.0,0.0,0.0,0.0,0.0,17.0,61.0,-,-,-,0 (0),0.0,0.0,0.0,chicago-bears
Cairo Santos,#08,K,17.0,147.0,0.0,76.0,0.0,0.0,0.0,71.0,60.9,87.6,-,83.3,0 (0),0.0,0.0,0.0,chicago-bears
Braxton Jones,#70,T,2.0,5.0,0.0,0.0,0.0,0.0,0.0,5.0,60.8,-,-,-,0 (0),0.0,0.0,0.0,chicago-bears
Terell Smith,#32,CB,10.0,87.0,25.0,31.0,31.0,0.0,0.0,0.0,60.5,-,-,-,0 (0),0.0,0.0,0.0,chicago-bears
Aviante Collins,#74,T,1.0,3.0,0.0,0.0,0.0,0.0,0.0,3.0,60.4,-,-,-,0 (0),0.0,0.0,0.0,chicago-bears
Dan Feeney,#67,C,16.0,66.0,0.0,0.0,0.0,0.0,0.0,66.0,60.2,-,-,-,0 (0),0.0,0.0,0.0,chicago-bears
Jaylon Johnson,#33,CB,9.0,13.0,0.0,0.0,13.0,0.0,0.0,0.0,60.1,-,-,-,0 (0),0.0,0.0,0.0,chicago-bears
Collin Johnson,#80,WR,2.0,4.0,4.0,0.0,0.0,0.0,0.0,0.0,60.1,-,-,-,0 (0),0.0,0.0,0.0,chicago-bears
Doug Kramer,#68,C,1.0,3.0,0.0,0.0,0.0,0.0,0.0,3.0,60.1,-,-,-,0 (0),0.0,0.0,0.0,chicago-bears
Stephen Carlson,#88,TE,1.0,1.0,0.0,1.0,0.0,0.0,0.0,0.0,60.0,-,-,-,0 (0),0.0,0.0,0.0,chicago-bears
Justin Fields,#01,QB,1.0,0.0,0.0,0.0,0.0,0.0,0.0,0.0,60.0,-,-,-,0 (0),0.0,0.0,0.0,chicago-bears
Chase Claypool,#10,WR,1.0,0.0,0.0,0.0,0.0,0.0,0.0,0.0,60.0,-,-,-,0 (0),0.0,0.0,0.0,chicago-bears
Khalil Herbert,#24,HB,1.0,1.0,1.0,0.0,0.0,0.0,0.0,0.0,60.0,-,-,-,0 (0),0.0,0.0,0.0,chicago-bears
DJ Moore,#02,WR,3.0,2.0,2.0,0.0,0.0,0.0,0.0,0.0,59.8,-,-,-,0 (0),0.0,0.0,0.0,chicago-bears
Trent Taylor,#15,WR,16.0,71.0,9.0,0.0,62.0,0.0,0.0,0.0,59.5,-,59.6,-,0 (0),0.0,0.0,0.0,chicago-bears
Gervon Dexter Sr.,#99,DI,17.0,71.0,0.0,0.0,6.0,0.0,65.0,0.0,59.2,-,-,-,0 (0),0.0,0.0,0.0,chicago-bears
Zacch Pickens,#96,DI,11.0,16.0,0.0,0.0,3.0,0.0,13.0,0.0,59.2,-,-,-,0 (0),0.0,0.0,0.0,chicago-bears
Andrew Billings,#97,DI,12.0,21.0,0.0,0.0,5.0,0.0,16.0,0.0,59.2,-,-,-,0 (0),0.0,0.0,0.0,chicago-bears
Justin Jones,#93,DI,17.0,63.0,0.0,0.0,13.0,0.0,50.0,0.0,58.8,-,-,-,0 (0),0.0,0.0,0.0,chicago-bears
Khari Blasingame,#35,FB,16.0,210.0,73.0,37.0,40.0,60.0,0.0,0.0,58.6,-,-,-,0 (0),1.0,0.0,1.0,chicago-bears
Tyler Scott,#13,WR,11.0,55.0,13.0,42.0,0.0,0.0,0.0,0.0,57.8,60.6,-,-,0 (0),0.0,0.0,0.0,chicago-bears
Greg Stroman Jr.,#27,CB,6.0,32.0,10.0,8.0,12.0,0.0,2.0,0.0,57.4,-,-,-,0 (0),0.0,0.0,0.0,chicago-bears
Roschon Johnson,#23,HB,15.0,152.0,67.0,57.0,19.0,9.0,0.0,0.0,56.7,59.2,-,-,0 (0),2.0,0.0,0.0,chicago-bears
Micah Baskerville,#47,LB,2.0,21.0,9.0,7.0,5.0,0.0,0.0,0.0,54.6,-,-,-,0 (0),0.0,0.0,0.0,chicago-bears
Cody Whitehair,#65,G,17.0,71.0,0.0,0.0,0.0,0.0,0.0,71.0,54.0,-,-,-,1 (0),0.0,0.0,0.0,chicago-bears
Equanimeous St. Brown,#19,WR,3.0,6.0,4.0,0.0,0.0,2.0,0.0,0.0,53.6,-,-,-,0 (0),0.0,0.0,0.0,chicago-bears
Josh Blackwell,#39,CB,10.0,178.0,16.0,51.0,30.0,46.0,35.0,0.0,52.5,-,-,-,1 (0),4.0,0.0,3.0,chicago-bears
Darnell Wright,#58,T,14.0,59.0,0.0,0.0,0.0,0.0,0.0,59.0,50.5,-,-,-,1 (0),0.0,0.0,0.0,chicago-bears
Darrynton Evans,#25,HB,5.0,36.0,24.0,0.0,10.0,2.0,0.0,0.0,48.5,-,-,-,0 (0),0.0,0.0,2.0,chicago-bears
Christian Matthew,#46,CB,2.0,14.0,4.0,6.0,2.0,2.0,0.0,0.0,48.2,-,-,-,0 (0),0.0,0.0,1.0,chicago-bears
DeMarquis Gates,#43,LB,5.0,102.0,21.0,28.0,19.0,25.0,9.0,0.0,46.5,-,-,-,2 (0),1.0,0.0,2.0,chicago-bears
Joejuan Williams,#30,CB,4.0,42.0,19.0,14.0,9.0,0.0,0.0,0.0,40.1,-,-,-,1 (0),0.0,0.0,0.0,chicago-bears
Larry Borom,#75,T,16.0,64.0,0.0,0.0,0.0,0.0,0.0,64.0,36.2,-,-,-,0 (0),0.0,0.0,0.0,chicago-bears
Teven Jenkins,#76,G,11.0,35.0,0.0,0.0,0.0,0.0,0.0,35.0,28.7,-,-,-,0 (0),0.0,0.0,0.0,chicago-bears
Tycen Anderson,#26,S,7.0,123.0,33.0,31.0,24.0,35.0,0.0,0.0,88.7,-,-,-,2 (0),6.0,2.0,2.0,cincinnati-bengals
Chase Brown,#30,HB,12.0,160.0,59.0,53.0,39.0,9.0,0.0,0.0,82.1,55.4,-,-,0 (0),4.0,1.0,4.0,cincinnati-bengals
Cal Adomitis,#48,LS,17.0,148.0,0.0,0.0,0.0,76.0,0.0,72.0,76.7,-,-,-,0 (0),2.0,2.0,0.0,cincinnati-bengals
Markus Bailey,#51,LB,17.0,309.0,88.0,82.0,60.0,76.0,3.0,0.0,76.0,-,-,-,0 (0),5.0,2.0,1.0,cincinnati-bengals
Shedrick Jackson,#12,WR,3.0,38.0,12.0,8.0,7.0,11.0,0.0,0.0,75.1,-,-,-,0 (0),1.0,0.0,0.0,cincinnati-bengals
Akeem Davis-Gaither,#59,LB,13.0,289.0,69.0,63.0,50.0,59.0,48.0,0.0,74.4,-,-,-,1 (0),3.0,1.0,2.0,cincinnati-bengals
DJ Ivey,#38,CB,8.0,113.0,23.0,40.0,28.0,20.0,2.0,0.0,71.2,-,-,-,0 (0),2.0,0.0,0.0,cincinnati-bengals
Chris Evans,#25,HB,8.0,122.0,32.0,31.0,19.0,40.0,0.0,0.0,68.5,62.3,-,-,0 (0),2.0,1.0,0.0,cincinnati-bengals
Cam Sample,#96,ED,17.0,146.0,68.0,0.0,5.0,0.0,73.0,0.0,68.1,-,-,-,0 (0),0.0,0.0,0.0,cincinnati-bengals
Drew Sample,#89,TE,17.0,199.0,88.0,0.0,0.0,39.0,0.0,72.0,67.4,-,-,-,0 (0),0.0,0.0,0.0,cincinnati-bengals
Andrei Iosivas,#80,WR,15.0,217.0,66.0,55.0,39.0,57.0,0.0,0.0,66.2,-,60.1,-,0 (0),3.0,1.0,1.0,cincinnati-bengals
Joe Bachie,#49,LB,16.0,283.0,80.0,77.0,55.0,71.0,0.0,0.0,65.5,-,-,-,1 (0),1.0,0.0,0.0,cincinnati-bengals
Jordan Battle,#27,S,14.0,190.0,50.0,46.0,39.0,48.0,7.0,0.0,65.4,-,-,-,0 (0),0.0,0.0,0.0,cincinnati-bengals
Ted Karras,#64,C,15.0,66.0,0.0,0.0,0.0,0.0,0.0,66.0,64.6,-,-,-,0 (0),0.0,0.0,0.0,cincinnati-bengals
Sam Hubbard,#94,ED,6.0,6.0,0.0,0.0,6.0,0.0,0.0,0.0,64.1,-,-,-,0 (0),0.0,0.0,0.0,cincinnati-bengals
Brad Robbins,#10,P,17.0,148.0,0.0,0.0,0.0,76.0,0.0,72.0,64.0,-,56.7,-,1 (0),1.0,0.0,0.0,cincinnati-bengals
Max Scharping,#74,C,17.0,72.0,0.0,0.0,0.0,0.0,0.0,72.0,63.7,-,-,-,0 (0),0.0,0.0,0.0,cincinnati-bengals
Cody Ford,#61,G,17.0,72.0,0.0,0.0,0.0,0.0,0.0,72.0,63.1,-,-,-,0 (0),0.0,0.0,0.0,cincinnati-bengals
Germaine Pratt,#57,LB,12.0,32.0,1.0,0.0,7.0,0.0,24.0,0.0,63.0,-,-,-,0 (0),0.0,0.0,0.0,cincinnati-bengals
Devin Harper,#56,LB,6.0,94.0,30.0,28.0,17.0,19.0,0.0,0.0,62.9,-,-,-,1 (0),1.0,0.0,1.0,cincinnati-bengals
Chidobe Awuzie,#22,CB,14.0,56.0,0.0,0.0,1.0,0.0,55.0,0.0,62.4,-,-,-,0 (0),0.0,0.0,0.0,cincinnati-bengals
Logan Wilson,#55,LB,16.0,78.0,1.0,0.0,7.0,0.0,70.0,0.0,62.3,-,-,-,0 (0),0.0,0.0,0.0,cincinnati-bengals
Cordell Volson,#67,G,17.0,72.0,0.0,0.0,0.0,0.0,0.0,72.0,62.2,-,-,-,0 (0),0.0,0.0,0.0,cincinnati-bengals
Jonah Williams,#73,T,17.0,72.0,0.0,0.0,0.0,0.0,0.0,72.0,62.1,-,-,-,0 (0),0.0,0.0,0.0,cincinnati-bengals
Trey Hendrickson,#91,ED,5.0,5.0,0.0,0.0,5.0,0.0,0.0,0.0,61.5,-,-,-,0 (0),0.0,0.0,0.0,cincinnati-bengals
B.J. Hill,#92,DI,16.0,77.0,0.0,0.0,7.0,0.0,70.0,0.0,61.4,-,-,-,0 (0),0.0,0.0,0.0,cincinnati-bengals
Charlie Jones,#15,WR,11.0,52.0,4.0,0.0,48.0,0.0,0.0,0.0,61.2,58.8,82.5,-,0 (0),0.0,0.0,0.0,cincinnati-bengals
Evan McPherson,#02,K,17.0,154.0,0.0,82.0,0.0,0.0,0.0,72.0,61.0,78.7,-,84.4,0 (0),0.0,0.0,0.0,cincinnati-bengals
Nick Scott,#33,S,17.0,190.0,37.0,32.0,28.0,28.0,65.0,0.0,60.9,-,-,-,0 (0),0.0,0.0,0.0,cincinnati-bengals
Trenton Irwin,#16,WR,8.0,22.0,2.0,0.0,20.0,0.0,0.0,0.0,60.9,59.9,55.6,-,0 (0),0.0,0.0,0.0,cincinnati-bengals
Mike Hilton,#21,CB,1.0,7.0,0.0,0.0,0.0,0.0,7.0,0.0,60.6,-,-,-,0 (0),0.0,0.0,0.0,cincinnati-bengals
Cam Taylor-Britt,#29,CB,2.0,5.0,0.0,0.0,1.0,0.0,4.0,0.0,60.5,-,-,-,0 (0),0.0,0.0,0.0,cincinnati-bengals
Tanner Hudson,#87,TE,7.0,31.0,31.0,0.0,0.0,0.0,0.0,0.0,60.1,-,-,-,0 (0),0.0,0.0,0.0,cincinnati-bengals
Tee Higgins,#05,WR,1.0,1.0,1.0,0.0,0.0,0.0,0.0,0.0,60.0,-,-,-,0 (0),0.0,0.0,0.0,cincinnati-bengals
Jackson Carman,#79,T,1.0,1.0,0.0,0.0,0.0,0.0,0.0,1.0,60.0,-,-,-,0 (0),0.0,0.0,0.0,cincinnati-bengals
Tyler Boyd,#83,WR,1.0,1.0,1.0,0.0,0.0,0.0,0.0,0.0,60.0,-,-,-,0 (0),0.0,0.0,0.0,cincinnati-bengals
Dax Hill,#23,S,17.0,82.0,0.0,9.0,0.0,0.0,73.0,0.0,59.9,-,-,-,0 (0),0.0,0.0,0.0,cincinnati-bengals
Myles Murphy,#99,ED,17.0,88.0,0.0,0.0,16.0,0.0,72.0,0.0,59.8,-,-,-,0 (0),0.0,0.0,0.0,cincinnati-bengals
Jalen Davis,#35,CB,16.0,198.0,0.0,78.0,66.0,6.0,48.0,0.0,59.7,-,-,-,1 (0),1.0,1.0,0.0,cincinnati-bengals
Jay Tufele,#97,DI,4.0,8.0,0.0,0.0,0.0,0.0,8.0,0.0,59.1,-,-,-,0 (0),0.0,0.0,0.0,cincinnati-bengals
Stanley Morgan,#17,WR,3.0,52.0,13.0,12.0,13.0,14.0,0.0,0.0,58.8,-,-,-,2 (1),0.0,0.0,0.0,cincinnati-bengals
Zach Carter,#95,DI,16.0,76.0,0.0,0.0,7.0,0.0,69.0,0.0,58.7,-,-,-,0 (0),0.0,0.0,0.0,cincinnati-bengals
Trayveon Williams,#32,HB,17.0,294.0,88.0,82.0,48.0,76.0,0.0,0.0,58.7,56.9,-,-,0 (0),2.0,0.0,2.0,cincinnati-bengals
Sidney Jones IV,#24,CB,2.0,21.0,0.0,9.0,12.0,0.0,0.0,0.0,58.7,-,-,-,0 (0),0.0,0.0,0.0,cincinnati-bengals
DJ Reader,#98,DI,13.0,51.0,0.0,0.0,6.0,0.0,45.0,0.0,58.5,-,-,-,0 (0),0.0,0.0,0.0,cincinnati-bengals
Josh Tupou,#68,DI,11.0,34.0,0.0,0.0,1.0,0.0,27.0,6.0,58.3,-,-,-,0 (0),0.0,0.0,0.0,cincinnati-bengals
Joseph Ossai,#58,ED,3.0,7.0,3.0,0.0,3.0,0.0,1.0,0.0,57.5,-,-,-,0 (0),0.0,0.0,0.0,cincinnati-bengals
Mitchell Wilcox,#84,TE,17.0,316.0,88.0,55.0,25.0,76.0,0.0,72.0,56.8,61.2,-,-,1 (0),3.0,0.0,0.0,cincinnati-bengals
Orlando Brown Jr.,#75,T,17.0,71.0,0.0,0.0,0.0,0.0,0.0,71.0,56.7,-,-,-,1 (0),0.0,0.0,0.0,cincinnati-bengals
DJ Turner II,#20,CB,13.0,84.0,0.0,29.0,26.0,0.0,29.0,0.0,53.9,-,-,-,0 (0),0.0,0.0,0.0,cincinnati-bengals
Matthew Adams,#40,LB,18.0,459.0,84.0,94.0,117.0,95.0,69.0,0.0,86.8,-,-,-,0 (0),10.0,1.0,2.0,cleveland-browns
Vincent Gray,#31,CB,1.0,17.0,6.0,3.0,6.0,2.0,0.0,0.0,81.6,-,-,-,0 (0),1.0,0.0,0.0,cleveland-browns
Denzel Ward,#21,CB,10.0,38.0,0.0,0.0,2.0,0.0,36.0,0.0,80.1,-,-,-,0 (0),0.0,0.0,0.0,cleveland-browns
Charley Hughlett,#47,LS,18.0,167.0,0.0,0.0,0.0,95.0,0.0,72.0,79.6,-,-,-,0 (0),3.0,3.0,0.0,cleveland-browns
Myles Garrett,#95,ED,16.0,66.0,0.0,0.0,1.0,0.0,65.0,0.0,75.8,-,-,-,1 (0),0.0,0.0,0.0,cleveland-browns
Shelby Harris,#93,DI,17.0,95.0,0.0,0.0,29.0,0.0,66.0,0.0,74.9,-,-,-,0 (0),0.0,0.0,0.0,cleveland-browns
Jordan Elliott,#96,DI,18.0,119.0,0.0,0.0,28.0,0.0,60.0,31.0,74.6,-,-,-,1 (0),0.0,0.0,0.0,cleveland-browns
Rodney McLeod,#26,S,10.0,106.0,0.0,0.0,21.0,50.0,35.0,0.0,72.1,-,-,-,0 (0),3.0,2.0,0.0,cleveland-browns
A.J. Green III,#38,CB,3.0,56.0,18.0,18.0,12.0,8.0,0.0,0.0,70.8,-,-,-,0 (0),1.0,0.0,0.0,cleveland-browns
Jeremiah Owusu-Koramoah,#06,LB,17.0,152.0,0.0,62.0,77.0,0.0,13.0,0.0,70.3,-,-,-,0 (0),2.0,2.0,1.0,cleveland-browns
Anthony Walker Jr.,#05,LB,12.0,115.0,19.0,0.0,9.0,45.0,42.0,0.0,69.0,-,-,-,0 (0),2.0,0.0,0.0,cleveland-browns
Mohamoud Diabate,#43,LB,17.0,314.0,75.0,88.0,78.0,61.0,12.0,0.0,68.7,-,-,-,0 (0),3.0,4.0,1.0,cleveland-browns
Ogbo Okoronkwo,#54,ED,12.0,23.0,0.0,0.0,21.0,0.0,2.0,0.0,68.3,-,-,-,0 (0),0.0,0.0,0.0,cleveland-browns
Za'Darius Smith,#99,ED,13.0,23.0,0.0,0.0,21.0,0.0,2.0,0.0,68.3,-,-,-,0 (0),0.0,0.0,0.0,cleveland-browns
Sione Takitaki,#44,LB,16.0,139.0,37.0,0.0,9.0,33.0,60.0,0.0,67.9,-,-,-,0 (0),1.0,1.0,0.0,cleveland-browns
Jordan Kunaszyk,#51,LB,6.0,150.0,35.0,30.0,29.0,30.0,26.0,0.0,66.9,-,-,-,0 (0),2.0,0.0,0.0,cleveland-browns
Isaiah McGuire,#57,ED,2.0,22.0,8.0,0.0,14.0,0.0,0.0,0.0,65.2,-,-,-,0 (0),0.0,0.0,0.0,cleveland-browns
Pierre Strong Jr.,#20,HB,16.0,280.0,70.0,82.0,74.0,54.0,0.0,0.0,65.1,55.3,-,-,0 (0),6.0,1.0,4.0,cleveland-browns
Juan Thornhill,#01,S,9.0,41.0,0.0,37.0,0.0,0.0,4.0,0.0,64.3,-,-,-,0 (0),1.0,0.0,0.0,cleveland-browns
James Proche II,#11,WR,11.0,136.0,53.0,6.0,70.0,7.0,0.0,0.0,64.2,61.4,58.6,-,0 (0),1.0,0.0,0.0,cleveland-browns
Dalvin Tomlinson,#94,DI,17.0,89.0,0.0,0.0,29.0,0.0,40.0,20.0,64.2,-,-,-,0 (0),0.0,0.0,0.0,cleveland-browns
Greg Newsome II,#00,CB,14.0,76.0,0.0,36.0,21.0,0.0,19.0,0.0,63.7,-,-,-,0 (0),0.0,0.0,0.0,cleveland-browns
Corey Bojorquez,#13,P,17.0,163.0,0.0,5.0,0.0,92.0,0.0,66.0,63.5,60.0,79.0,-,3 (0),0.0,0.0,0.0,cleveland-browns
Michael Dunn,#68,G,13.0,41.0,0.0,0.0,0.0,0.0,0.0,41.0,63.4,-,-,-,0 (0),0.0,0.0,0.0,cleveland-browns
James Hudson III,#66,T,17.0,65.0,0.0,0.0,0.0,0.0,0.0,65.0,63.3,-,-,-,0 (0),0.0,0.0,0.0,cleveland-browns
Wyatt Teller,#77,G,18.0,72.0,0.0,0.0,0.0,0.0,0.0,72.0,63.1,-,-,-,0 (0),0.0,0.0,0.0,cleveland-browns
Charlie Thomas III,#35,LB,3.0,40.0,9.0,19.0,12.0,0.0,0.0,0.0,62.9,-,-,-,0 (0),2.0,0.0,1.0,cleveland-browns
Tony Fields II,#42,LB,18.0,360.0,78.0,94.0,88.0,95.0,5.0,0.0,62.8,-,-,-,3 (2),5.0,2.0,1.0,cleveland-browns
Luke Wypler,#56,G,5.0,19.0,0.0,0.0,0.0,0.0,0.0,19.0,62.6,-,-,-,0 (0),0.0,0.0,0.0,cleveland-browns
Geron Christian,#64,T,10.0,36.0,0.0,0.0,0.0,0.0,0.0,36.0,62.5,-,-,-,0 (0),0.0,0.0,0.0,cleveland-browns
Grant Delpit,#22,S,13.0,136.0,0.0,61.0,12.0,17.0,46.0,0.0,62.3,-,-,-,1 (0),3.0,0.0,0.0,cleveland-browns
Jedrick Wills Jr.,#71,T,8.0,32.0,0.0,0.0,0.0,0.0,0.0,32.0,62.3,-,-,-,0 (0),0.0,0.0,0.0,cleveland-browns
Cedric Tillman,#19,WR,5.0,9.0,4.0,1.0,4.0,0.0,0.0,0.0,62.2,-,-,-,0 (0),0.0,0.0,0.0,cleveland-browns
Joel Bitonio,#75,G,12.0,50.0,0.0,0.0,0.0,0.0,0.0,50.0,61.8,-,-,-,0 (0),0.0,0.0,0.0,cleveland-browns
Dawand Jones,#79,T,4.0,14.0,0.0,0.0,0.0,0.0,0.0,14.0,61.6,-,-,-,0 (0),0.0,0.0,0.0,cleveland-browns
Leroy Watson,#69,T,8.0,30.0,0.0,0.0,0.0,0.0,0.0,30.0,61.4,-,-,-,0 (0),0.0,0.0,0.0,cleveland-browns
Ethan Pocic,#55,C,7.0,28.0,0.0,0.0,0.0,0.0,0.0,28.0,61.4,-,-,-,0 (0),0.0,0.0,0.0,cleveland-browns
Donovan Peoples-Jones,#11,WR,7.0,39.0,0.0,0.0,39.0,0.0,0.0,0.0,61.2,-,59.6,-,0 (0),0.0,0.0,0.0,cleveland-browns
Ty Nsekhe,#72,T,2.0,8.0,0.0,0.0,0.0,0.0,0.0,8.0,61.2,-,-,-,0 (0),0.0,0.0,0.0,cleveland-browns
Nick Harris,#53,C,5.0,17.0,0.0,0.0,0.0,0.0,0.0,17.0,61.1,-,-,-,0 (0),0.0,0.0,0.0,cleveland-browns
Maurice Hurst,#90,DI,12.0,50.0,0.0,0.0,3.0,0.0,47.0,0.0,61.1,-,-,-,0 (0),0.0,0.0,0.0,cleveland-browns
Dustin Hopkins,#07,K,15.0,138.0,0.0,76.0,0.0,0.0,0.0,62.0,60.9,59.4,-,84.4,0 (0),2.0,0.0,0.0,cleveland-browns
Matt Haack,#39,P,1.0,9.0,0.0,0.0,0.0,3.0,0.0,6.0,60.7,-,65.4,-,0 (0),0.0,0.0,0.0,cleveland-browns
Alex Wright,#91,ED,12.0,71.0,0.0,19.0,23.0,0.0,29.0,0.0,60.6,-,-,-,0 (0),0.0,0.0,0.0,cleveland-browns
Deon Jackson,#31,HB,1.0,7.0,7.0,0.0,0.0,0.0,0.0,0.0,60.4,-,-,-,0 (0),0.0,0.0,0.0,cleveland-browns
Jaelon Darden,#16,WR,1.0,9.0,4.0,0.0,5.0,0.0,0.0,0.0,60.2,66.7,62.3,-,0 (0),0.0,0.0,0.0,cleveland-browns
Riley Patterson,#36,K,3.0,23.0,0.0,13.0,0.0,0.0,0.0,10.0,60.2,59.5,-,55.7,0 (0),0.0,0.0,0.0,cleveland-browns
Jerome Ford,#34,HB,2.0,4.0,4.0,0.0,0.0,0.0,0.0,0.0,60.0,58.3,-,-,0 (0),0.0,0.0,0.0,cleveland-browns
Jack Conklin,#78,T,1.0,1.0,0.0,0.0,0.0,0.0,0.0,1.0,60.0,-,-,-,0 (0),0.0,0.0,0.0,cleveland-browns
Amari Cooper,#02,WR,1.0,1.0,1.0,0.0,0.0,0.0,0.0,0.0,60.0,-,-,-,0 (0),0.0,0.0,0.0,cleveland-browns
Kahlef Hailassie,#25,CB,8.0,102.0,5.0,38.0,47.0,6.0,6.0,0.0,59.8,-,-,-,1 (0),2.0,0.0,0.0,cleveland-browns
Sam Kamara,#92,ED,2.0,7.0,0.0,1.0,1.0,0.0,5.0,0.0,59.4,-,-,-,0 (0),0.0,0.0,0.0,cleveland-browns
Siaki Ika,#62,DI,1.0,5.0,0.0,0.0,0.0,0.0,5.0,0.0,59.3,-,-,-,0 (0),0.0,0.0,0.0,cleveland-browns
Elijah Moore,#08,WR,3.0,6.0,3.0,0.0,3.0,0.0,0.0,0.0,59.0,-,61.8,-,0 (0),0.0,0.0,0.0,cleveland-browns
Mike Ford,#28,CB,17.0,375.0,63.0,85.0,100.0,74.0,53.0,0.0,58.6,-,-,-,2 (0),9.0,1.0,4.0,cleveland-browns
Harrison Bryant,#88,TE,18.0,238.0,84.0,4.0,2.0,95.0,0.0,53.0,58.1,-,-,-,1 (0),3.0,0.0,0.0,cleveland-browns
Duron Harmon,#30,S,5.0,95.0,12.0,24.0,14.0,27.0,18.0,0.0,57.6,-,-,-,0 (0),2.0,0.0,0.0,cleveland-browns
John Kelly Jr.,#41,HB,1.0,8.0,8.0,0.0,0.0,0.0,0.0,0.0,57.5,-,-,-,0 (0),0.0,0.0,0.0,cleveland-browns
Tanner McCalister,#48,CB,3.0,37.0,6.0,15.0,12.0,3.0,1.0,0.0,57.1,-,-,-,0 (0),0.0,0.0,0.0,cleveland-browns
Jordan Akins,#84,TE,16.0,148.0,67.0,0.0,0.0,22.0,0.0,59.0,56.2,-,-,-,0 (0),0.0,0.0,1.0,cleveland-browns
Ronnie Hickman Jr.,#33,S,7.0,39.0,4.0,7.0,27.0,0.0,1.0,0.0,56.0,-,-,-,0 (0),0.0,0.0,0.0,cleveland-browns
D'Anthony Bell,#37,S,18.0,384.0,81.0,87.0,98.0,95.0,23.0,0.0,54.8,60.0,-,-,0 (0),5.0,0.0,5.0,cleveland-browns
David Bell,#18,WR,10.0,44.0,41.0,0.0,3.0,0.0,0.0,0.0,50.1,-,-,-,0 (0),0.0,0.0,0.0,cleveland-browns
Martin Emerson Jr.,#23,CB,14.0,62.0,0.0,6.0,52.0,0.0,4.0,0.0,47.9,-,-,-,1 (0),0.0,0.0,0.0,cleveland-browns
Cameron Mitchell,#29,CB,14.0,185.0,38.0,34.0,72.0,36.0,5.0,0.0,44.2,-,-,-,1 (0),0.0,0.0,1.0,cleveland-browns
Noah Igbinoghene,#19,CB,6.0,93.0,12.0,30.0,20.0,3.0,28.0,0.0,76.6,-,-,-,0 (0),0.0,0.0,0.0,dallas-cowboys
C.J. Goodwin,#29,CB,5.0,85.0,13.0,30.0,17.0,12.0,13.0,0.0,76.3,-,-,-,0 (0),3.0,0.0,0.0,dallas-cowboys
Juanyeh Thomas,#30,S,17.0,337.0,69.0,105.0,58.0,42.0,63.0,0.0,75.7,-,-,-,2 (0),3.0,0.0,2.0,dallas-cowboys
Trent Sieg,#44,LS,18.0,140.0,0.0,0.0,0.0,47.0,0.0,93.0,74.5,-,-,-,0 (0),2.0,0.0,0.0,dallas-cowboys
Buddy Johnson,#57,LB,3.0,52.0,16.0,17.0,6.0,6.0,7.0,0.0,73.5,-,-,-,0 (0),1.0,1.0,0.0,dallas-cowboys
Damone Clark,#33,LB,17.0,100.0,15.0,2.0,10.0,15.0,58.0,0.0,72.4,-,-,-,0 (0),1.0,0.0,0.0,dallas-cowboys
Deuce Vaughn,#42,HB,6.0,31.0,10.0,8.0,13.0,0.0,0.0,0.0,69.8,60.0,62.4,-,0 (0),0.0,0.0,0.0,dallas-cowboys
Malik Jefferson,#46,LB,4.0,83.0,21.0,18.0,15.0,14.0,15.0,0.0,68.9,-,-,-,0 (0),1.0,0.0,0.0,dallas-cowboys
Malik Davis,#34,HB,3.0,47.0,16.0,11.0,7.0,13.0,0.0,0.0,68.7,-,-,-,0 (0),1.0,0.0,0.0,dallas-cowboys
Hunter Luepke,#40,FB,18.0,287.0,82.0,111.0,46.0,47.0,1.0,0.0,68.5,55.8,-,-,0 (0),4.0,0.0,5.0,dallas-cowboys
Rico Dowdle,#23,HB,14.0,88.0,26.0,52.0,10.0,0.0,0.0,0.0,68.1,58.1,-,-,0 (0),1.0,0.0,0.0,dallas-cowboys
Markquese Bell,#14,LB,17.0,134.0,18.0,23.0,28.0,12.0,53.0,0.0,67.7,-,-,-,0 (0),0.0,0.0,0.0,dallas-cowboys
Luke Schoonmaker,#86,TE,18.0,233.0,82.0,6.0,5.0,47.0,0.0,93.0,67.1,-,-,-,0 (0),2.0,1.0,1.0,dallas-cowboys
T.J. Bass,#66,G,18.0,93.0,0.0,0.0,0.0,0.0,0.0,93.0,65.3,-,-,-,0 (0),0.0,0.0,0.0,dallas-cowboys
Peyton Hendershot,#89,TE,9.0,118.0,42.0,33.0,20.0,23.0,0.0,0.0,65.1,-,-,-,0 (0),1.0,1.0,0.0,dallas-cowboys
Sean McKeon,#84,TE,9.0,142.0,40.0,55.0,23.0,24.0,0.0,0.0,64.7,-,-,-,1 (0),0.0,1.0,0.0,dallas-cowboys
Bryan Anger,#05,P,18.0,140.0,0.0,0.0,0.0,47.0,0.0,93.0,64.2,-,87.5,-,1 (0),1.0,0.0,0.0,dallas-cowboys
Terence Steele,#78,T,17.0,87.0,0.0,0.0,0.0,0.0,0.0,87.0,64.0,-,-,-,0 (0),0.0,0.0,0.0,dallas-cowboys
Brock Hoffman,#67,C,18.0,93.0,0.0,0.0,0.0,0.0,0.0,93.0,63.5,-,-,-,0 (0),0.0,0.0,0.0,dallas-cowboys
Tyler Smith,#73,G,15.0,69.0,0.0,0.0,0.0,0.0,0.0,69.0,63.3,-,-,-,0 (0),0.0,0.0,0.0,dallas-cowboys
Princeton Fant,#48,TE,2.0,29.0,10.0,17.0,1.0,1.0,0.0,0.0,63.2,-,-,-,0 (0),0.0,0.0,0.0,dallas-cowboys
Dorance Armstrong,#92,ED,18.0,104.0,0.0,0.0,40.0,0.0,64.0,0.0,62.7,-,-,-,0 (0),0.0,0.0,0.0,dallas-cowboys
Dante Fowler Jr.,#56,ED,3.0,6.0,0.0,0.0,4.0,0.0,2.0,0.0,62.7,-,-,-,0 (0),0.0,0.0,0.0,dallas-cowboys
Sam Williams,#54,ED,18.0,321.0,59.0,113.0,60.0,24.0,65.0,0.0,62.6,-,-,-,5 (0),4.0,0.0,1.0,dallas-cowboys
Jalen Tolbert,#18,WR,18.0,289.0,76.0,105.0,51.0,21.0,36.0,0.0,62.5,-,52.5,-,1 (0),2.0,0.0,2.0,dallas-cowboys
Asim Richards,#76,T,7.0,38.0,0.0,0.0,0.0,0.0,0.0,38.0,62.0,-,-,-,0 (0),0.0,0.0,0.0,dallas-cowboys
Tyron Smith,#77,T,3.0,16.0,0.0,0.0,0.0,0.0,0.0,16.0,61.7,-,-,-,0 (0),0.0,0.0,0.0,dallas-cowboys
Sheldrick Redwine,#36,S,1.0,12.0,3.0,8.0,0.0,0.0,1.0,0.0,61.5,-,-,-,0 (0),0.0,0.0,0.0,dallas-cowboys
Leighton Vander Esch,#55,LB,5.0,19.0,0.0,0.0,2.0,0.0,17.0,0.0,61.2,-,-,-,0 (0),0.0,0.0,0.0,dallas-cowboys
Brandon Aubrey,#17,K,18.0,207.0,0.0,114.0,0.0,0.0,0.0,93.0,61.1,90.2,-,90.2,0 (0),0.0,0.0,0.0,dallas-cowboys
KaVontae Turpin,#09,WR,17.0,131.0,73.0,2.0,56.0,0.0,0.0,0.0,61.1,67.9,85.3,-,0 (0),0.0,0.0,0.0,dallas-cowboys
Eric Saubert,#47,TE,1.0,14.0,6.0,2.0,4.0,2.0,0.0,0.0,61.1,-,-,-,0 (0),0.0,0.0,0.0,dallas-cowboys
Sean Harlow,#65,C,1.0,4.0,0.0,0.0,0.0,0.0,0.0,4.0,61.0,-,-,-,0 (0),0.0,0.0,0.0,dallas-cowboys
Johnathan Hankins,#95,DI,15.0,55.0,0.0,0.0,6.0,0.0,49.0,0.0,60.3,-,-,-,0 (0),0.0,0.0,0.0,dallas-cowboys
CeeDee Lamb,#88,WR,1.0,1.0,1.0,0.0,0.0,0.0,0.0,0.0,60.0,61.2,-,-,0 (0),0.0,0.0,0.0,dallas-cowboys
Jake Ferguson,#87,TE,1.0,1.0,1.0,0.0,0.0,0.0,0.0,0.0,60.0,-,-,-,0 (0),0.0,0.0,0.0,dallas-cowboys
Tony Pollard,#20,HB,1.0,1.0,1.0,0.0,0.0,0.0,0.0,0.0,60.0,-,-,-,0 (0),0.0,0.0,0.0,dallas-cowboys
Jayron Kearse,#01,S,1.0,1.0,0.0,1.0,0.0,0.0,0.0,0.0,60.0,-,-,-,0 (0),0.0,0.0,0.0,dallas-cowboys
Brandin Cooks,#03,WR,1.0,1.0,1.0,0.0,0.0,0.0,0.0,0.0,60.0,-,-,-,0 (0),0.0,0.0,0.0,dallas-cowboys
Micah Parsons,#11,ED,1.0,1.0,0.0,0.0,1.0,0.0,0.0,0.0,59.9,-,-,-,0 (0),0.0,0.0,0.0,dallas-cowboys
Neville Gallimore,#96,DI,1.0,1.0,0.0,0.0,0.0,0.0,1.0,0.0,59.8,-,-,-,0 (0),0.0,0.0,0.0,dallas-cowboys
Mazi Smith,#58,DI,6.0,20.0,0.0,0.0,4.0,0.0,16.0,0.0,59.7,-,-,-,0 (0),0.0,0.0,0.0,dallas-cowboys
Nahshon Wright,#25,CB,13.0,258.0,60.0,82.0,46.0,22.0,48.0,0.0,59.3,-,-,-,2 (0),1.0,1.0,0.0,dallas-cowboys
Jalen Brooks,#83,WR,7.0,82.0,6.0,46.0,18.0,12.0,0.0,0.0,59.0,-,-,-,0 (0),0.0,0.0,0.0,dallas-cowboys
Israel Mukuamu,#24,S,15.0,281.0,67.0,98.0,46.0,18.0,52.0,0.0,58.6,-,-,-,0 (0),0.0,0.0,0.0,dallas-cowboys
Tyrus Wheat,#91,ED,12.0,196.0,54.0,77.0,35.0,30.0,0.0,0.0,58.2,-,-,-,1 (0),0.0,1.0,1.0,dallas-cowboys
Devin Harper,#50,LB,3.0,48.0,10.0,21.0,9.0,8.0,0.0,0.0,58.1,-,-,-,1 (0),1.0,0.0,0.0,dallas-cowboys
Rashaan Evans,#32,LB,8.0,78.0,12.0,45.0,21.0,0.0,0.0,0.0,56.5,-,-,-,1 (0),0.0,0.0,0.0,dallas-cowboys
Chauncey Golston,#99,DI,18.0,202.0,0.0,0.0,16.0,27.0,66.0,93.0,56.4,-,-,-,2 (0),1.0,1.0,0.0,dallas-cowboys
Chuma Edoga,#71,T,15.0,75.0,0.0,0.0,0.0,0.0,0.0,75.0,54.1,-,-,-,1 (0),0.0,0.0,0.0,dallas-cowboys
Osa Odighizuwa,#97,DI,18.0,77.0,0.0,0.0,11.0,0.0,66.0,0.0,51.6,-,-,-,1 (0),0.0,0.0,0.0,dallas-cowboys
Tyler Biadasz,#63,C,16.0,83.0,0.0,0.0,0.0,0.0,0.0,83.0,42.7,-,-,-,0 (0),0.0,0.0,0.0,dallas-cowboys
DaRon Bland,#26,CB,4.0,29.0,0.0,22.0,5.0,0.0,2.0,0.0,42.1,-,-,-,1 (0),0.0,0.0,0.0,dallas-cowboys
Mitchell Fraboni,#48,LS,17.0,147.0,0.0,0.0,0.0,81.0,0.0,66.0,90.7,-,-,-,0 (0),4.0,2.0,1.0,denver-broncos
Zach Allen,#99,DI,17.0,98.0,0.0,0.0,20.0,0.0,78.0,0.0,79.9,-,-,-,0 (0),0.0,0.0,0.0,denver-broncos
Ben Niemann,#57,LB,7.0,133.0,32.0,33.0,29.0,39.0,0.0,0.0,79.1,-,-,-,0 (0),2.0,0.0,0.0,denver-broncos
Nate Adkins,#45,TE,10.0,95.0,52.0,9.0,10.0,24.0,0.0,0.0,77.0,-,-,-,0 (0),0.0,1.0,0.0,denver-broncos
Drew Sanders,#41,LB,16.0,295.0,70.0,76.0,58.0,77.0,14.0,0.0,74.2,-,-,-,0 (0),1.0,1.0,0.0,denver-broncos
Alex Singleton,#49,LB,10.0,38.0,2.0,0.0,0.0,24.0,12.0,0.0,73.2,61.2,-,-,0 (0),2.0,0.0,0.0,denver-broncos
Justin Strnad,#40,LB,17.0,392.0,91.0,82.0,60.0,81.0,78.0,0.0,73.1,-,-,-,1 (0),7.0,0.0,1.0,denver-broncos
Thomas Incoom,#59,ED,4.0,35.0,3.0,21.0,10.0,1.0,0.0,0.0,72.0,-,-,-,0 (0),0.0,0.0,0.0,denver-broncos
Michael Burton,#20,FB,17.0,289.0,91.0,81.0,36.0,81.0,0.0,0.0,70.3,-,-,-,1 (0),3.0,0.0,0.0,denver-broncos
Riley Moss,#37,CB,14.0,263.0,76.0,66.0,53.0,67.0,1.0,0.0,66.6,-,-,-,2 (0),3.0,3.0,1.0,denver-broncos
P.J. Locke,#06,S,12.0,91.0,17.0,20.0,10.0,44.0,0.0,0.0,66.0,-,-,-,0 (0),0.0,1.0,0.0,denver-broncos
Pat Surtain II,#02,CB,17.0,77.0,0.0,0.0,1.0,0.0,76.0,0.0,65.7,-,-,-,0 (0),0.0,0.0,0.0,denver-broncos
JL Skinner,#34,S,2.0,9.0,0.0,9.0,0.0,0.0,0.0,0.0,65.5,-,-,-,0 (0),0.0,0.0,0.0,denver-broncos
Dwayne Washington,#39,HB,13.0,246.0,71.0,64.0,48.0,63.0,0.0,0.0,64.7,-,-,-,1 (0),1.0,2.0,2.0,denver-broncos
Quinn Meinerz,#77,G,16.0,64.0,0.0,0.0,0.0,0.0,0.0,64.0,64.5,-,-,-,0 (0),0.0,0.0,0.0,denver-broncos
Essang Bassey,#27,CB,4.0,25.0,4.0,21.0,0.0,0.0,0.0,0.0,63.8,-,-,-,0 (0),0.0,0.0,0.0,denver-broncos
Lucas Krull,#85,TE,6.0,30.0,24.0,0.0,5.0,1.0,0.0,0.0,63.7,-,-,-,0 (0),0.0,0.0,0.0,denver-broncos
Ronnie Perkins,#51,ED,4.0,21.0,0.0,19.0,2.0,0.0,0.0,0.0,63.6,-,-,-,0 (0),0.0,0.0,0.0,denver-broncos
Jonathon Cooper,#00,ED,17.0,108.0,0.0,0.0,1.0,29.0,78.0,0.0,63.5,-,-,-,0 (0),0.0,1.0,0.0,denver-broncos
Riley Dixon,#09,P,17.0,148.0,0.0,1.0,0.0,81.0,0.0,66.0,63.5,60.0,69.2,-,0 (0),0.0,0.0,0.0,denver-broncos
Mike McGlinchey,#69,T,14.0,59.0,0.0,0.0,0.0,0.0,0.0,59.0,63.4,-,-,-,0 (0),0.0,0.0,0.0,denver-broncos
Matt Henningsen,#91,DI,17.0,179.0,0.0,0.0,35.0,0.0,78.0,66.0,63.2,-,-,-,0 (0),0.0,0.0,0.0,denver-broncos
Garett Bolles,#72,T,16.0,66.0,0.0,0.0,0.0,0.0,0.0,66.0,63.2,-,-,-,0 (0),0.0,0.0,0.0,denver-broncos
Ben Powers,#74,G,16.0,66.0,0.0,0.0,0.0,0.0,0.0,66.0,63.0,-,-,-,0 (0),0.0,0.0,0.0,denver-broncos
Luke Wattenberg,#60,G,16.0,66.0,0.0,0.0,0.0,0.0,0.0,66.0,62.6,-,-,-,0 (0),0.0,0.0,0.0,denver-broncos
Quinn Bailey,#75,G,16.0,66.0,0.0,0.0,0.0,0.0,0.0,66.0,62.3,-,-,-,0 (0),0.0,0.0,0.0,denver-broncos
Nik Bonitto,#42,ED,3.0,10.0,0.0,4.0,6.0,0.0,0.0,0.0,61.8,-,-,-,0 (0),0.0,0.0,0.0,denver-broncos
Marvin Mims Jr.,#19,WR,16.0,143.0,87.0,0.0,56.0,0.0,0.0,0.0,61.5,55.2,68.3,-,0 (0),0.0,0.0,0.0,denver-broncos
Wil Lutz,#16,K,17.0,147.0,0.0,81.0,0.0,0.0,0.0,66.0,60.9,90.4,-,62.3,0 (0),0.0,0.0,0.0,denver-broncos
Josey Jewell,#47,LB,16.0,68.0,2.0,0.0,0.0,0.0,66.0,0.0,60.8,-,-,-,0 (0),0.0,0.0,0.0,denver-broncos
Cam Fleming,#73,T,3.0,9.0,0.0,0.0,0.0,0.0,0.0,9.0,60.7,-,-,-,0 (0),0.0,0.0,0.0,denver-broncos
Justin Simmons,#31,S,15.0,68.0,2.0,2.0,0.0,0.0,64.0,0.0,60.5,-,-,-,0 (0),0.0,0.0,0.0,denver-broncos
Caden Sterns,#30,S,1.0,3.0,1.0,2.0,0.0,0.0,0.0,0.0,60.0,-,-,-,0 (0),0.0,0.0,0.0,denver-broncos
Courtland Sutton,#14,WR,1.0,1.0,1.0,0.0,0.0,0.0,0.0,0.0,60.0,-,-,-,0 (0),0.0,0.0,0.0,denver-broncos
Elijah Garcia,#95,DI,2.0,8.0,0.0,0.0,1.0,0.0,7.0,0.0,59.6,-,-,-,0 (0),0.0,0.0,0.0,denver-broncos
Adam Trautman,#82,TE,5.0,16.0,16.0,0.0,0.0,0.0,0.0,0.0,59.5,-,-,-,0 (0),0.0,0.0,0.0,denver-broncos
Devon Key,#26,S,1.0,13.0,6.0,3.0,4.0,0.0,0.0,0.0,59.2,-,-,-,0 (0),0.0,0.0,0.0,denver-broncos
Delarrin Turner-Yell,#32,S,16.0,306.0,61.0,61.0,49.0,72.0,63.0,0.0,59.1,-,-,-,1 (1),7.0,0.0,3.0,denver-broncos
Jonathan Harris,#92,DI,17.0,78.0,0.0,0.0,0.0,0.0,78.0,0.0,58.8,-,-,-,0 (0),0.0,0.0,0.0,denver-broncos
Ja'Quan McMillian,#29,CB,15.0,112.0,30.0,30.0,37.0,0.0,15.0,0.0,58.6,-,-,-,0 (0),0.0,1.0,0.0,denver-broncos
Fabian Moreau,#23,CB,5.0,26.0,0.0,14.0,3.0,9.0,0.0,0.0,58.6,-,-,-,0 (0),0.0,0.0,0.0,denver-broncos
Jaleel McLaughlin,#38,HB,15.0,80.0,10.0,68.0,1.0,1.0,0.0,0.0,56.8,-,-,-,0 (0),1.0,0.0,1.0,denver-broncos
Brandon Johnson,#89,WR,2.0,5.0,4.0,0.0,0.0,1.0,0.0,0.0,56.8,-,-,-,0 (0),0.0,0.0,0.0,denver-broncos
Lloyd Cushenberry III,#79,C,16.0,66.0,0.0,0.0,0.0,0.0,0.0,66.0,56.0,-,-,-,0 (0),0.0,0.0,0.0,denver-broncos
Samaje Perine,#25,HB,14.0,94.0,70.0,0.0,0.0,24.0,0.0,0.0,55.8,-,-,-,0 (0),0.0,0.0,0.0,denver-broncos
Damarri Mathis,#27,CB,14.0,108.0,4.0,53.0,45.0,3.0,3.0,0.0,53.7,-,-,-,0 (0),0.0,0.0,1.0,denver-broncos
Mike Purcell,#98,DI,15.0,88.0,0.0,0.0,17.0,0.0,71.0,0.0,53.3,-,-,-,1 (0),0.0,0.0,0.0,denver-broncos
Tremon Smith,#01,CB,17.0,388.0,91.0,82.0,60.0,81.0,74.0,0.0,53.2,58.8,60.1,-,5 (1),4.0,0.0,3.0,denver-broncos
Chris Manhertz,#84,TE,16.0,86.0,79.0,0.0,0.0,7.0,0.0,0.0,51.8,59.9,-,-,0 (0),0.0,0.0,0.0,denver-broncos
Michael Bandy,#83,WR,1.0,7.0,4.0,0.0,3.0,0.0,0.0,0.0,26.7,-,61.1,-,0 (0),0.0,0.0,0.0,denver-broncos
Malcolm Rodriguez,#44,LB,20.0,354.0,105.0,109.0,64.0,68.0,8.0,0.0,80.5,61.2,-,-,0 (0),4.0,2.0,2.0,detroit-lions
Romeo Okwara,#95,ED,18.0,95.0,0.0,0.0,22.0,0.0,73.0,0.0,80.1,-,-,-,0 (0),0.0,0.0,0.0,detroit-lions
Jalen Reeves-Maybin,#42,LB,20.0,426.0,103.0,109.0,63.0,67.0,84.0,0.0,79.2,-,-,-,1 (0),10.0,3.0,3.0,detroit-lions
Khalil Dorsey,#30,CB,16.0,295.0,61.0,72.0,43.0,54.0,65.0,0.0,77.0,59.9,-,-,0 (0),5.0,3.0,1.0,detroit-lions
Julian Okwara,#99,ED,8.0,51.0,14.0,11.0,20.0,0.0,6.0,0.0,74.4,-,-,-,0 (0),1.0,0.0,0.0,detroit-lions
Derrick Barnes,#55,LB,16.0,97.0,1.0,62.0,34.0,0.0,0.0,0.0,73.7,-,-,-,0 (0),2.0,0.0,0.0,detroit-lions
Jack Campbell,#46,LB,20.0,214.0,78.0,31.0,7.0,68.0,30.0,0.0,72.8,-,-,-,0 (0),3.0,2.0,0.0,detroit-lions
Craig Reynolds,#13,HB,20.0,245.0,82.0,65.0,35.0,63.0,0.0,0.0,71.7,45.9,-,-,1 (0),3.0,1.0,0.0,detroit-lions
Jason Cabinda,#45,FB,7.0,137.0,35.0,38.0,18.0,27.0,0.0,19.0,71.0,-,-,-,0 (0),4.0,0.0,0.0,detroit-lions
Darrell Daniels,#86,FB,3.0,70.0,10.0,19.0,13.0,10.0,0.0,18.0,70.9,-,-,-,0 (0),0.0,1.0,0.0,detroit-lions
Ifeatu Melifonwu,#06,S,20.0,220.0,47.0,53.0,39.0,4.0,77.0,0.0,68.0,-,-,-,1 (0),1.0,2.0,0.0,detroit-lions
Trevor Nowaske,#59,LB,2.0,35.0,9.0,13.0,5.0,4.0,4.0,0.0,67.5,-,-,-,1 (0),1.0,0.0,0.0,detroit-lions
Jake McQuaide,#43,LS,12.0,92.0,0.0,0.0,0.0,41.0,0.0,51.0,66.8,-,-,-,0 (0),0.0,0.0,0.0,detroit-lions
Anthony Pittman,#57,ED,20.0,425.0,97.0,110.0,63.0,68.0,87.0,0.0,66.5,-,-,-,1 (0),2.0,0.0,1.0,detroit-lions
Steven Gilmore,#24,CB,2.0,12.0,0.0,5.0,7.0,0.0,0.0,0.0,65.9,-,-,-,0 (0),0.0,0.0,0.0,detroit-lions
Alex Anzalone,#34,LB,10.0,12.0,0.0,0.0,9.0,0.0,3.0,0.0,64.9,-,-,-,0 (0),0.0,0.0,0.0,detroit-lions
Kayode Awosika,#74,G,18.0,79.0,0.0,0.0,0.0,0.0,0.0,79.0,64.6,-,-,-,0 (0),0.0,0.0,0.0,detroit-lions
Aidan Hutchinson,#97,ED,10.0,12.0,0.0,0.0,9.0,0.0,3.0,0.0,64.3,-,-,-,0 (0),0.0,0.0,0.0,detroit-lions
Jack Fox,#03,P,20.0,257.0,0.0,101.0,0.0,68.0,0.0,88.0,64.0,78.6,70.7,-,0 (0),1.0,0.0,0.0,detroit-lions
Penei Sewell,#58,T,19.0,88.0,0.0,0.0,0.0,0.0,0.0,88.0,63.6,-,-,-,0 (0),0.0,0.0,0.0,detroit-lions
Graham Glasgow,#60,G,19.0,88.0,0.0,0.0,0.0,0.0,0.0,88.0,63.4,-,-,-,0 (0),0.0,0.0,0.0,detroit-lions
Dan Skipper,#70,G,13.0,54.0,0.0,0.0,0.0,0.0,0.0,54.0,63.2,-,-,-,0 (0),0.0,0.0,0.0,detroit-lions
Jonah Jackson,#73,G,6.0,27.0,0.0,0.0,0.0,0.0,0.0,27.0,63.1,-,-,-,0 (0),0.0,0.0,0.0,detroit-lions
Charles Harris,#53,ED,11.0,55.0,0.0,0.0,10.0,0.0,45.0,0.0,63.0,-,-,-,0 (0),0.0,0.0,0.0,detroit-lions
Kerby Joseph,#31,S,18.0,126.0,2.0,92.0,9.0,0.0,23.0,0.0,62.6,-,-,-,0 (0),2.0,0.0,0.0,detroit-lions
Colby Sorsdal,#75,G,19.0,88.0,0.0,0.0,0.0,0.0,0.0,88.0,62.3,-,-,-,0 (0),0.0,0.0,0.0,detroit-lions
Halapoulivaati Vaitai,#72,G,5.0,20.0,0.0,0.0,0.0,0.0,0.0,20.0,62.2,-,-,-,0 (0),0.0,0.0,0.0,detroit-lions
Anthony Firkser,#86,TE,5.0,41.0,28.0,0.0,4.0,0.0,0.0,9.0,62.1,-,-,-,0 (0),0.0,0.0,0.0,detroit-lions
Dylan Drummond,#83,WR,1.0,3.0,0.0,0.0,3.0,0.0,0.0,0.0,61.7,-,-,-,0 (0),0.0,0.0,0.0,detroit-lions
Brandon Joseph,#40,S,2.0,14.0,2.0,1.0,11.0,0.0,0.0,0.0,61.6,-,-,-,0 (0),0.0,0.0,0.0,detroit-lions
Kalif Raymond,#11,WR,17.0,74.0,8.0,0.0,65.0,0.0,1.0,0.0,61.3,58.1,78.4,-,0 (0),0.0,0.0,0.0,detroit-lions
Devine Ozigbo,#33,HB,3.0,28.0,12.0,0.0,11.0,5.0,0.0,0.0,61.2,-,-,-,0 (0),0.0,0.0,0.0,detroit-lions
C.J. Gardner-Johnson,#02,S,3.0,3.0,0.0,0.0,3.0,0.0,0.0,0.0,61.1,-,-,-,0 (0),0.0,0.0,0.0,detroit-lions
Matt Nelson,#67,T,3.0,9.0,0.0,0.0,0.0,0.0,0.0,9.0,60.7,-,-,-,0 (0),0.0,0.0,0.0,detroit-lions
Michael Schofield III,#71,G,1.0,5.0,0.0,0.0,0.0,0.0,0.0,5.0,60.6,-,-,-,0 (0),0.0,0.0,0.0,detroit-lions
Connor Galvin,#76,T,1.0,7.0,0.0,0.0,0.0,0.0,0.0,7.0,60.5,-,-,-,0 (0),0.0,0.0,0.0,detroit-lions
Riley Patterson,#36,K,13.0,62.0,0.0,7.0,0.0,0.0,0.0,55.0,60.4,58.7,-,61.2,0 (0),0.0,0.0,0.0,detroit-lions
Michael Badgley,#17,K,7.0,35.0,0.0,2.0,0.0,0.0,0.0,33.0,60.2,60.0,-,69.5,0 (0),0.0,0.0,0.0,detroit-lions
Cameron Sutton,#01,CB,9.0,10.0,0.0,0.0,9.0,0.0,1.0,0.0,60.1,-,-,-,0 (0),0.0,0.0,0.0,detroit-lions
Isaiah Buggs,#96,DI,1.0,1.0,0.0,0.0,0.0,0.0,1.0,0.0,60.0,-,-,-,0 (0),0.0,0.0,0.0,detroit-lions
Josh Reynolds,#08,WR,1.0,1.0,1.0,0.0,0.0,0.0,0.0,0.0,60.0,-,-,-,0 (0),0.0,0.0,0.0,detroit-lions
Bruce Irvin,#51,ED,1.0,1.0,0.0,0.0,1.0,0.0,0.0,0.0,60.0,-,-,-,0 (0),0.0,0.0,0.0,detroit-lions
Brian Branch,#32,CB,12.0,51.0,4.0,0.0,1.0,0.0,46.0,0.0,59.9,-,-,-,0 (0),0.0,0.0,0.0,detroit-lions
Levi Onwuzurike,#91,DI,6.0,8.0,0.0,0.0,1.0,0.0,7.0,0.0,59.7,-,-,-,0 (0),0.0,0.0,0.0,detroit-lions
John Cominsky,#79,DI,18.0,85.0,0.0,0.0,6.0,0.0,79.0,0.0,59.6,-,-,-,0 (0),0.0,0.0,0.0,detroit-lions
Jameson Williams,#09,WR,1.0,2.0,2.0,0.0,0.0,0.0,0.0,0.0,59.5,-,-,-,0 (0),0.0,0.0,0.0,detroit-lions
Jahmyr Gibbs,#26,HB,2.0,2.0,2.0,0.0,0.0,0.0,0.0,0.0,59.3,-,-,-,0 (0),0.0,0.0,0.0,detroit-lions
Benito Jones,#94,DI,20.0,154.0,0.0,0.0,1.0,0.0,85.0,68.0,58.8,-,-,-,0 (0),0.0,0.0,0.0,detroit-lions
Josh Paschal,#93,ED,9.0,25.0,0.0,0.0,3.0,0.0,22.0,0.0,58.7,-,-,-,0 (0),0.0,0.0,0.0,detroit-lions
Jerry Jacobs,#23,CB,8.0,61.0,2.0,15.0,17.0,12.0,15.0,0.0,58.6,-,-,-,0 (0),0.0,0.0,0.0,detroit-lions
Sam LaPorta,#87,TE,6.0,12.0,8.0,0.0,0.0,0.0,0.0,4.0,58.5,61.2,-,-,0 (0),0.0,0.0,0.0,detroit-lions
Tracy Walker III,#21,S,17.0,147.0,30.0,88.0,27.0,0.0,2.0,0.0,58.5,-,-,-,1 (0),0.0,1.0,0.0,detroit-lions
Amon-Ra St. Brown,#14,WR,6.0,7.0,7.0,0.0,0.0,0.0,0.0,0.0,58.4,61.2,-,-,0 (0),0.0,0.0,0.0,detroit-lions
Mohamed Ibrahim,#35,HB,1.0,6.0,6.0,0.0,0.0,0.0,0.0,0.0,58.3,61.2,-,-,0 (0),0.0,0.0,0.0,detroit-lions
Antoine Green,#80,WR,12.0,93.0,54.0,2.0,37.0,0.0,0.0,0.0,57.8,-,-,-,0 (0),0.0,0.0,0.0,detroit-lions
Kindle Vildor,#29,CB,5.0,16.0,0.0,0.0,11.0,5.0,0.0,0.0,57.4,-,-,-,0 (0),0.0,0.0,0.0,detroit-lions
Alim McNeill,#54,DI,16.0,71.0,0.0,0.0,4.0,0.0,67.0,0.0,56.7,-,-,-,0 (0),0.0,0.0,0.0,detroit-lions
Brock Wright,#89,TE,16.0,189.0,75.0,5.0,0.0,44.0,0.0,65.0,56.3,-,-,-,0 (0),1.0,0.0,0.0,detroit-lions
James Mitchell,#82,TE,15.0,140.0,72.0,5.0,2.0,5.0,0.0,56.0,55.5,-,-,-,0 (0),0.0,0.0,0.0,detroit-lions
Chase Lucas,#27,CB,15.0,295.0,63.0,84.0,43.0,45.0,60.0,0.0,55.2,-,-,-,1 (0),2.0,1.0,3.0,detroit-lions
Donovan Peoples-Jones,#19,WR,9.0,50.0,42.0,0.0,7.0,1.0,0.0,0.0,54.7,-,62.1,-,0 (0),0.0,0.0,0.0,detroit-lions
Scott Daly,#47,LS,8.0,64.0,0.0,0.0,0.0,27.0,0.0,37.0,52.0,-,-,-,1 (0),0.0,0.0,0.0,detroit-lions
Will Harris,#25,CB,19.0,357.0,91.0,96.0,52.0,62.0,56.0,0.0,49.1,-,-,-,2 (0),1.0,0.0,0.0,detroit-lions
Zonovan Knight,#28,HB,2.0,18.0,5.0,10.0,3.0,0.0,0.0,0.0,36.2,58.1,-,-,0 (0),0.0,0.0,0.0,detroit-lions
James Houston,#41,ED,3.0,19.0,8.0,5.0,0.0,0.0,6.0,0.0,34.3,-,-,-,0 (0),0.0,0.0,0.0,detroit-lions
Colby Wooden,#96,DI,14.0,60.0,0.0,0.0,18.0,0.0,42.0,0.0,90.3,-,-,-,0 (0),0.0,0.0,0.0,green-bay-packers
Tucker Kraft,#85,TE,19.0,222.0,93.0,2.0,27.0,47.0,0.0,53.0,80.6,-,-,-,0 (0),2.0,0.0,0.0,green-bay-packers
Karl Brooks,#94,DI,19.0,120.0,0.0,0.0,42.0,0.0,78.0,0.0,79.9,-,-,-,0 (0),0.0,0.0,0.0,green-bay-packers
Yosh Nijman,#73,T,19.0,119.0,0.0,0.0,0.0,0.0,38.0,81.0,79.4,-,-,-,0 (0),0.0,0.0,0.0,green-bay-packers
Eric Wilson,#45,LB,19.0,345.0,93.0,99.0,50.0,62.0,41.0,0.0,76.6,-,-,-,1 (0),8.0,2.0,1.0,green-bay-packers
Kristian Welch,#54,LB,16.0,237.0,75.0,81.0,30.0,49.0,2.0,0.0,75.1,-,-,-,0 (0),6.0,1.0,1.0,green-bay-packers
Robert Rochell,#22,CB,11.0,141.0,34.0,62.0,20.0,25.0,0.0,0.0,70.1,-,-,-,0 (0),2.0,0.0,1.0,green-bay-packers
AJ Dillon,#28,HB,7.0,24.0,24.0,0.0,0.0,0.0,0.0,0.0,69.9,-,-,-,0 (0),0.0,0.0,0.0,green-bay-packers
Jonathan Owens,#34,S,19.0,263.0,34.0,99.0,31.0,44.0,55.0,0.0,68.4,-,-,-,2 (0),9.0,2.0,1.0,green-bay-packers
Justin Hollins,#58,ED,4.0,20.0,1.0,0.0,15.0,1.0,3.0,0.0,68.0,-,-,-,0 (0),0.0,0.0,0.0,green-bay-packers
Isaiah McDuffie,#58,LB,18.0,222.0,49.0,67.0,21.0,59.0,26.0,0.0,67.7,-,-,-,0 (0),6.0,0.0,0.0,green-bay-packers
Ben Sims,#89,TE,17.0,105.0,79.0,0.0,15.0,3.0,0.0,8.0,66.5,-,-,-,0 (0),0.0,0.0,0.0,green-bay-packers
Carrington Valentine,#37,CB,19.0,113.0,11.0,21.0,30.0,8.0,43.0,0.0,65.1,-,-,-,0 (0),1.0,0.0,2.0,green-bay-packers
Luke Musgrave,#88,TE,11.0,75.0,35.0,0.0,0.0,4.0,0.0,36.0,65.0,61.2,-,-,0 (0),0.0,0.0,0.0,green-bay-packers
Josh Myers,#71,C,18.0,77.0,0.0,0.0,0.0,0.0,0.0,77.0,64.9,-,-,-,0 (0),0.0,0.0,0.0,green-bay-packers
Royce Newman,#70,G,19.0,84.0,0.0,0.0,0.0,0.0,0.0,84.0,64.0,-,-,-,0 (0),0.0,0.0,0.0,green-bay-packers
Brenton Cox Jr.,#57,ED,3.0,8.0,2.0,0.0,6.0,0.0,0.0,0.0,63.8,-,-,-,0 (0),0.0,0.0,0.0,green-bay-packers
Daniel Whelan,#19,P,19.0,146.0,0.0,0.0,0.0,62.0,0.0,84.0,63.7,-,74.6,-,0 (0),0.0,0.0,0.0,green-bay-packers
De'Vondre Campbell,#59,LB,13.0,59.0,0.0,0.0,9.0,0.0,50.0,0.0,63.3,-,-,-,0 (0),0.0,0.0,0.0,green-bay-packers
Jon Runyan,#76,G,18.0,78.0,0.0,0.0,0.0,0.0,0.0,78.0,63.2,-,-,-,0 (0),0.0,0.0,0.0,green-bay-packers
Keshawn Banks,#51,ED,1.0,9.0,0.0,0.0,4.0,0.0,5.0,0.0,62.6,-,-,-,0 (0),0.0,0.0,0.0,green-bay-packers
Rasheed Walker,#63,T,19.0,84.0,0.0,0.0,0.0,0.0,0.0,84.0,62.3,-,-,-,0 (0),0.0,0.0,0.0,green-bay-packers
Preston Smith,#91,ED,4.0,4.0,0.0,0.0,4.0,0.0,0.0,0.0,62.1,-,-,-,0 (0),0.0,0.0,0.0,green-bay-packers
Zach Tom,#50,T,8.0,39.0,0.0,0.0,0.0,0.0,0.0,39.0,62.0,-,-,-,0 (0),0.0,0.0,0.0,green-bay-packers
Sean Rhyan,#75,G,5.0,13.0,0.0,0.0,0.0,0.0,0.0,13.0,61.8,-,-,-,0 (0),0.0,0.0,0.0,green-bay-packers
T.J. Slaton,#93,DI,19.0,173.0,0.0,0.0,12.0,0.0,77.0,84.0,61.7,-,-,-,0 (0),0.0,0.0,0.0,green-bay-packers
Devonte Wyatt,#95,DI,14.0,49.0,0.0,0.0,9.0,0.0,40.0,0.0,61.6,-,-,-,0 (0),0.0,0.0,0.0,green-bay-packers
Elgton Jenkins,#74,G,3.0,10.0,0.0,0.0,0.0,0.0,0.0,10.0,60.9,-,-,-,0 (0),0.0,0.0,0.0,green-bay-packers
Darnell Savage,#26,S,7.0,58.0,1.0,29.0,5.0,0.0,23.0,0.0,60.8,-,-,-,0 (0),1.0,0.0,0.0,green-bay-packers
Kyu Blu Kelly,#24,CB,1.0,3.0,0.0,2.0,1.0,0.0,0.0,0.0,60.5,-,-,-,0 (0),0.0,0.0,0.0,green-bay-packers
Jaire Alexander,#23,CB,5.0,13.0,1.0,0.0,2.0,0.0,10.0,0.0,60.5,-,-,-,0 (0),0.0,0.0,0.0,green-bay-packers
Kiondre Thomas,#43,CB,1.0,11.0,7.0,3.0,1.0,0.0,0.0,0.0,60.4,-,-,-,0 (0),0.0,0.0,0.0,green-bay-packers
David Long Jr.,#30,CB,3.0,14.0,0.0,13.0,1.0,0.0,0.0,0.0,60.4,-,-,-,0 (0),0.0,0.0,0.0,green-bay-packers
Corey Ballentine,#35,CB,14.0,141.0,36.0,47.0,36.0,22.0,0.0,0.0,60.2,-,-,-,1 (0),3.0,1.0,2.0,green-bay-packers
Kenny Clark,#97,DI,5.0,30.0,0.0,0.0,3.0,0.0,27.0,0.0,60.2,-,-,-,0 (0),0.0,0.0,0.0,green-bay-packers
Dontayvion Wicks,#13,WR,1.0,1.0,0.0,0.0,0.0,1.0,0.0,0.0,60.1,-,-,-,0 (0),0.0,0.0,0.0,green-bay-packers
Caleb Jones,#72,T,1.0,1.0,0.0,0.0,0.0,0.0,0.0,1.0,60.0,-,-,-,0 (0),0.0,0.0,0.0,green-bay-packers
Samori Toure,#83,WR,1.0,1.0,0.0,0.0,1.0,0.0,0.0,0.0,60.0,-,53.3,-,0 (0),0.0,0.0,0.0,green-bay-packers
Emanuel Wilson,#31,HB,1.0,2.0,2.0,0.0,0.0,0.0,0.0,0.0,59.4,-,-,-,0 (0),0.0,0.0,0.0,green-bay-packers
Romeo Doubs,#87,WR,2.0,3.0,3.0,0.0,0.0,0.0,0.0,0.0,58.8,-,-,-,0 (0),0.0,0.0,0.0,green-bay-packers
Keisean Nixon,#25,CB,19.0,216.0,92.0,31.0,23.0,4.0,66.0,0.0,58.3,61.7,59.0,-,0 (0),1.0,0.0,0.0,green-bay-packers
Lukas Van Ness,#90,ED,17.0,115.0,0.0,0.0,48.0,8.0,59.0,0.0,55.9,-,-,-,1 (0),0.0,0.0,0.0,green-bay-packers
Malik Heath,#18,WR,11.0,71.0,45.0,24.0,1.0,1.0,0.0,0.0,55.7,59.9,-,-,0 (0),2.0,0.0,0.0,green-bay-packers
Patrick Taylor,#27,HB,13.0,124.0,61.0,30.0,0.0,33.0,0.0,0.0,55.2,-,-,-,0 (0),1.0,1.0,1.0,green-bay-packers
Eric Stokes,#21,CB,1.0,4.0,0.0,0.0,1.0,3.0,0.0,0.0,53.8,-,-,-,0 (0),0.0,0.0,0.0,green-bay-packers
Zayne Anderson,#39,S,12.0,152.0,53.0,69.0,19.0,11.0,0.0,0.0,52.2,-,-,-,0 (0),4.0,1.0,2.0,green-bay-packers
Innis Gaines,#38,CB,4.0,59.0,10.0,21.0,13.0,15.0,0.0,0.0,52.1,-,-,-,1 (0),2.0,1.0,2.0,green-bay-packers
Rasul Douglas,#29,CB,7.0,75.0,1.0,30.0,9.0,0.0,35.0,0.0,51.0,-,-,-,1 (0),0.0,0.0,0.0,green-bay-packers
Josiah Deguara,#81,TE,17.0,239.0,83.0,64.0,23.0,45.0,0.0,24.0,50.2,-,-,-,1 (0),4.0,1.0,2.0,green-bay-packers
Dallin Leavitt,#06,S,10.0,192.0,51.0,45.0,31.0,42.0,23.0,0.0,50.0,-,-,-,4 (1),0.0,1.0,1.0,green-bay-packers
Anders Carlson,#17,K,19.0,183.0,0.0,99.0,0.0,0.0,0.0,84.0,49.5,68.8,-,42.4,1 (0),0.0,0.0,0.0,green-bay-packers
Henry Pearson,#44,FB,2.0,22.0,8.0,12.0,2.0,0.0,0.0,0.0,49.3,-,-,-,1 (0),0.0,0.0,0.0,green-bay-packers
Jayden Reed,#11,WR,17.0,51.0,10.0,0.0,41.0,0.0,0.0,0.0,48.7,70.1,55.7,-,0 (0),0.0,0.0,0.0,green-bay-packers
Quay Walker,#07,LB,14.0,62.0,0.0,0.0,12.0,12.0,38.0,0.0,48.4,-,-,-,1 (0),0.0,0.0,0.0,green-bay-packers
Kingsley Enagbare,#55,ED,18.0,200.0,17.0,3.0,59.0,49.0,72.0,0.0,48.0,-,-,-,4 (1),2.0,1.0,0.0,green-bay-packers
Rudy Ford,#20,S,7.0,52.0,0.0,30.0,12.0,10.0,0.0,0.0,46.8,-,-,-,1 (0),2.0,0.0,0.0,green-bay-packers
Bo Melton,#80,WR,5.0,25.0,0.0,25.0,0.0,0.0,0.0,0.0,46.6,-,-,-,0 (0),1.0,0.0,0.0,green-bay-packers
Anthony Johnson Jr.,#36,S,10.0,70.0,12.0,52.0,6.0,0.0,0.0,0.0,43.0,-,-,-,1 (0),2.0,1.0,0.0,green-bay-packers
Benny Sapp III,#48,S,5.0,40.0,11.0,29.0,0.0,0.0,0.0,0.0,42.2,-,-,-,0 (0),2.0,0.0,0.0,green-bay-packers
Matt Orzech,#42,LS,19.0,146.0,0.0,0.0,0.0,62.0,0.0,84.0,35.6,-,-,-,0 (0),0.0,0.0,0.0,green-bay-packers
Will Anderson Jr.,#51,ED,12.0,52.0,0.0,0.0,11.0,0.0,41.0,0.0,90.1,-,-,-,0 (0),0.0,0.0,0.0,houston-texans
D'Angelo Ross,#37,CB,15.0,299.0,56.0,72.0,56.0,62.0,53.0,0.0,85.1,-,-,-,1 (0),7.0,4.0,1.0,houston-texans
Jake Hansen,#35,LB,16.0,362.0,74.0,83.0,61.0,84.0,60.0,0.0,76.6,-,-,-,0 (0),4.0,4.0,1.0,houston-texans
Henry To'oTo'o,#39,LB,15.0,229.0,58.0,51.0,41.0,70.0,9.0,0.0,74.5,-,-,-,1 (0),4.0,0.0,0.0,houston-texans
Neville Hewitt,#43,LB,18.0,409.0,85.0,93.0,74.0,91.0,66.0,0.0,74.5,-,-,-,2 (0),11.0,3.0,2.0,houston-texans
Eric Saubert,#81,TE,9.0,148.0,34.0,22.0,19.0,37.0,0.0,36.0,74.3,-,-,-,0 (0),0.0,0.0,0.0,houston-texans
Kris Boyd,#17,CB,4.0,82.0,17.0,21.0,17.0,18.0,9.0,0.0,70.3,-,-,-,1 (0),1.0,0.0,0.0,houston-texans
Brevin Jordan,#09,TE,14.0,130.0,56.0,22.0,28.0,4.0,0.0,20.0,69.0,-,-,-,0 (0),0.0,1.0,0.0,houston-texans
Dalton Keene,#40,TE,1.0,14.0,4.0,6.0,4.0,0.0,0.0,0.0,68.4,-,-,-,0 (0),0.0,0.0,0.0,houston-texans
Mike Boone,#22,HB,8.0,44.0,23.0,21.0,0.0,0.0,0.0,0.0,67.6,56.6,-,-,0 (0),2.0,0.0,0.0,houston-texans
M.J. Stewart,#29,S,8.0,139.0,24.0,27.0,26.0,33.0,29.0,0.0,67.2,-,-,-,1 (0),1.0,0.0,0.0,houston-texans
Noah Brown,#85,WR,7.0,31.0,10.0,2.0,19.0,0.0,0.0,0.0,66.1,-,-,-,0 (0),0.0,0.0,0.0,houston-texans
Cory Littleton,#42,LB,9.0,165.0,42.0,46.0,29.0,36.0,12.0,0.0,65.5,-,-,-,0 (0),0.0,0.0,0.0,houston-texans
Eric Murray,#23,S,5.0,59.0,7.0,19.0,11.0,13.0,9.0,0.0,65.5,-,-,-,0 (0),1.0,0.0,0.0,houston-texans
Shaq Mason,#69,G,19.0,82.0,0.0,0.0,0.0,0.0,0.0,82.0,65.0,-,-,-,0 (0),0.0,0.0,0.0,houston-texans
Desmond King II,#25,CB,9.0,65.0,5.0,39.0,21.0,0.0,0.0,0.0,64.5,60.2,49.5,-,0 (0),1.0,0.0,0.0,houston-texans
Myjai Sanders,#41,ED,4.0,18.0,4.0,0.0,10.0,0.0,4.0,0.0,63.8,-,-,-,0 (0),0.0,0.0,0.0,houston-texans
George Fant,#77,T,18.0,77.0,0.0,0.0,0.0,0.0,0.0,77.0,63.8,-,-,-,0 (0),0.0,0.0,0.0,houston-texans
Ka'dar Hollman,#20,CB,18.0,248.0,14.0,73.0,62.0,67.0,32.0,0.0,63.6,-,-,-,1 (0),5.0,0.0,4.0,houston-texans
Jon Weeks,#46,LS,19.0,176.0,0.0,0.0,0.0,94.0,0.0,82.0,63.6,-,-,-,0 (0),0.0,1.0,1.0,houston-texans
Cameron Johnston,#11,P,15.0,140.0,0.0,1.0,0.0,79.0,0.0,60.0,63.3,60.0,62.9,-,1 (0),0.0,0.0,0.0,houston-texans
Brandon Hill,#36,S,2.0,25.0,11.0,2.0,6.0,0.0,6.0,0.0,63.1,-,-,-,0 (0),0.0,0.0,0.0,houston-texans
Sheldon Rankins,#98,DI,8.0,20.0,0.0,0.0,13.0,0.0,7.0,0.0,63.0,-,-,-,0 (0),0.0,0.0,0.0,houston-texans
Dieter Eiselen,#60,C,12.0,50.0,0.0,0.0,0.0,0.0,0.0,50.0,62.6,-,-,-,0 (0),0.0,0.0,0.0,houston-texans
Johnny Johnson III,#88,WR,1.0,5.0,0.0,5.0,0.0,0.0,0.0,0.0,62.6,-,-,-,0 (0),0.0,0.0,0.0,houston-texans
Laremy Tunsil,#78,T,16.0,57.0,0.0,0.0,0.0,0.0,0.0,57.0,62.3,-,-,-,0 (0),0.0,0.0,0.0,houston-texans
Ty Zentner,#13,P,4.0,37.0,0.0,0.0,0.0,15.0,0.0,22.0,62.2,60.0,41.8,-,0 (0),0.0,0.0,0.0,houston-texans
Tytus Howard,#71,G,6.0,23.0,0.0,0.0,0.0,0.0,0.0,23.0,62.0,-,-,-,0 (0),0.0,0.0,0.0,houston-texans
Kendrick Green,#50,G,4.0,21.0,0.0,0.0,0.0,0.0,0.0,21.0,61.8,-,-,-,0 (0),0.0,0.0,0.0,houston-texans
Juice Scruggs,#70,G,9.0,37.0,0.0,0.0,0.0,0.0,0.0,37.0,61.6,-,-,-,0 (0),0.0,0.0,0.0,houston-texans
Austin Deculus,#64,T,7.0,32.0,0.0,0.0,0.0,0.0,0.0,32.0,61.6,-,-,-,0 (0),0.0,0.0,0.0,houston-texans
Michael Deiter,#63,C,6.0,26.0,0.0,0.0,0.0,0.0,0.0,26.0,61.6,-,-,-,0 (0),0.0,0.0,0.0,houston-texans
Nick Broeker,#64,G,3.0,13.0,0.0,0.0,0.0,0.0,0.0,13.0,61.5,-,-,-,0 (0),0.0,0.0,0.0,houston-texans
John Metchie III,#08,WR,6.0,20.0,9.0,0.0,11.0,0.0,0.0,0.0,61.5,-,-,-,0 (0),0.0,0.0,0.0,houston-texans
DeAndre Houston-Carson,#30,S,13.0,187.0,32.0,26.0,31.0,59.0,39.0,0.0,61.5,-,-,-,0 (0),2.0,2.0,0.0,houston-texans
Charlie Heck,#67,T,8.0,32.0,0.0,0.0,0.0,0.0,0.0,32.0,61.4,-,-,-,0 (0),0.0,0.0,0.0,houston-texans
Geron Christian,#64,T,1.0,6.0,0.0,0.0,0.0,0.0,0.0,6.0,61.3,-,-,-,0 (0),0.0,0.0,0.0,houston-texans
Tank Dell,#03,WR,7.0,35.0,13.0,0.0,22.0,0.0,0.0,0.0,60.9,56.3,63.1,-,0 (0),0.0,0.0,0.0,houston-texans
Grayland Arnold,#25,CB,8.0,129.0,24.0,31.0,27.0,15.0,32.0,0.0,60.9,-,-,-,2 (2),2.0,0.0,0.0,houston-texans
Ka'imi Fairbairn,#15,K,14.0,130.0,0.0,69.0,0.0,0.0,0.0,61.0,60.9,69.6,-,77.1,0 (0),2.0,1.0,0.0,houston-texans
Steven Sims,#82,WR,4.0,36.0,20.0,0.0,16.0,0.0,0.0,0.0,60.7,65.4,81.3,-,0 (0),0.0,0.0,0.0,houston-texans
Jimmy Morrissey,#79,G,1.0,6.0,0.0,0.0,0.0,0.0,0.0,6.0,60.7,-,-,-,0 (0),0.0,0.0,0.0,houston-texans
Blake Cashman,#53,LB,13.0,101.0,21.0,12.0,11.0,52.0,5.0,0.0,60.7,-,-,-,1 (0),1.0,1.0,0.0,houston-texans
Robert Woods,#02,WR,11.0,26.0,1.0,0.0,25.0,0.0,0.0,0.0,60.6,-,65.9,-,0 (0),0.0,0.0,0.0,houston-texans
Teair Tart,#97,DI,2.0,6.0,0.0,0.0,1.0,0.0,5.0,0.0,60.4,-,-,-,0 (0),0.0,0.0,0.0,houston-texans
Jalen Pitre,#05,S,7.0,30.0,1.0,6.0,6.0,8.0,9.0,0.0,60.4,-,-,-,0 (0),0.0,0.0,0.0,houston-texans
Matt Ammendola,#16,K,5.0,42.0,0.0,22.0,0.0,0.0,0.0,20.0,60.4,63.1,-,48.7,0 (0),0.0,0.0,0.0,houston-texans
Devin Singletary,#26,HB,6.0,22.0,22.0,0.0,0.0,0.0,0.0,0.0,60.3,57.2,-,-,0 (0),0.0,0.0,0.0,houston-texans
Derek Stingley Jr.,#24,CB,3.0,9.0,0.0,0.0,9.0,0.0,0.0,0.0,60.1,-,-,-,0 (0),0.0,0.0,0.0,houston-texans
Steven Nelson,#21,CB,4.0,9.0,0.0,2.0,7.0,0.0,0.0,0.0,60.1,-,-,-,0 (0),0.0,0.0,0.0,houston-texans
Kerry Hyder Jr.,#56,ED,1.0,3.0,0.0,0.0,0.0,0.0,3.0,0.0,60.1,-,-,-,0 (0),0.0,0.0,0.0,houston-texans
Jerry Hughes,#55,ED,2.0,7.0,0.0,0.0,0.0,0.0,7.0,0.0,60.1,-,-,-,0 (0),0.0,0.0,0.0,houston-texans
Dameon Pierce,#31,HB,5.0,16.0,16.0,0.0,0.0,0.0,0.0,0.0,59.9,68.3,-,-,0 (0),0.0,0.0,0.0,houston-texans
Dalton Schultz,#86,TE,2.0,2.0,1.0,0.0,0.0,0.0,0.0,1.0,59.9,-,-,-,0 (0),0.0,0.0,0.0,houston-texans
Jonathan Greenard,#52,ED,1.0,1.0,0.0,0.0,0.0,0.0,1.0,0.0,59.8,-,-,-,0 (0),0.0,0.0,0.0,houston-texans
Hassan Ridgeway,#91,DI,1.0,1.0,0.0,0.0,0.0,0.0,1.0,0.0,59.8,-,-,-,0 (0),0.0,0.0,0.0,houston-texans
Adrian Amos,#00,S,7.0,104.0,18.0,32.0,30.0,0.0,24.0,0.0,59.5,-,-,-,0 (0),0.0,0.0,1.0,houston-texans
Christian Harris,#48,LB,16.0,84.0,15.0,31.0,0.0,0.0,38.0,0.0,59.1,-,-,-,0 (0),1.0,0.0,0.0,houston-texans
Khalil Davis,#94,DI,17.0,81.0,0.0,0.0,16.0,0.0,65.0,0.0,58.9,-,-,-,0 (0),0.0,0.0,0.0,houston-texans
Derek Barnett,#95,ED,8.0,28.0,0.0,0.0,1.0,0.0,27.0,0.0,58.7,-,-,-,0 (0),0.0,0.0,0.0,houston-texans
Teagan Quitoriano,#84,TE,7.0,53.0,13.0,0.0,0.0,8.0,0.0,32.0,58.6,-,-,-,0 (0),0.0,0.0,0.0,houston-texans
Dylan Horton,#92,ED,10.0,95.0,21.0,4.0,29.0,6.0,35.0,0.0,58.3,-,-,-,1 (1),0.0,0.0,0.0,houston-texans
Shaquill Griffin,#00,CB,7.0,60.0,16.0,23.0,14.0,0.0,7.0,0.0,58.0,-,-,-,0 (0),0.0,0.0,0.0,houston-texans
Garret Wallow,#54,LB,2.0,20.0,8.0,8.0,2.0,2.0,0.0,0.0,57.1,-,-,-,0 (0),0.0,0.0,0.0,houston-texans
Kurt Hinish,#93,DI,19.0,129.0,0.0,0.0,14.0,0.0,73.0,42.0,57.1,-,-,-,1 (0),0.0,0.0,0.0,houston-texans
Tavierre Thomas,#04,CB,9.0,132.0,24.0,34.0,32.0,11.0,31.0,0.0,56.4,-,-,-,3 (1),1.0,1.0,2.0,houston-texans
Alex Austin,#27,CB,3.0,14.0,0.0,3.0,9.0,2.0,0.0,0.0,54.2,-,-,-,0 (0),0.0,0.0,0.0,houston-texans
Maliek Collins,#96,DI,16.0,76.0,0.0,0.0,13.0,0.0,63.0,0.0,54.2,-,-,-,1 (0),0.0,0.0,0.0,houston-texans
Xavier Hutchinson,#19,WR,17.0,139.0,53.0,58.0,15.0,13.0,0.0,0.0,50.9,60.0,-,-,0 (0),2.0,0.0,2.0,houston-texans
Dare Ogunbowale,#33,HB,14.0,264.0,70.0,71.0,51.0,71.0,0.0,1.0,50.9,60.0,-,60.3,1 (1),5.0,0.0,0.0,houston-texans
Josh Jones,#74,T,15.0,63.0,0.0,0.0,0.0,0.0,0.0,63.0,43.1,-,-,-,0 (0),0.0,0.0,0.0,houston-texans
Andrew Beck,#47,FB,17.0,206.0,79.0,41.0,2.0,84.0,0.0,0.0,42.7,73.4,-,-,3 (0),1.0,0.0,1.0,houston-texans
Dayo Odeyingbo,#54,ED,17.0,107.0,0.0,0.0,23.0,0.0,84.0,0.0,76.8,-,-,-,0 (0),0.0,0.0,0.0,indianapolis-colts
Trevor Denbow,#43,S,17.0,324.0,95.0,93.0,58.0,70.0,8.0,0.0,75.1,-,-,-,0 (0),9.0,4.0,1.0,indianapolis-colts
Andrew Ogletree,#85,TE,12.0,119.0,21.0,0.0,0.0,45.0,0.0,53.0,74.5,-,-,-,0 (0),4.0,1.0,2.0,indianapolis-colts
Nick Cross,#20,S,17.0,301.0,96.0,80.0,45.0,70.0,10.0,0.0,70.7,-,-,-,1 (0),8.0,0.0,2.0,indianapolis-colts
Kwity Paye,#51,ED,13.0,23.0,0.0,0.0,23.0,0.0,0.0,0.0,70.0,-,-,-,0 (0),0.0,0.0,0.0,indianapolis-colts
Adetomiwa Adebawore,#95,DI,10.0,74.0,2.0,40.0,31.0,0.0,1.0,0.0,69.7,-,-,-,0 (0),1.0,0.0,0.0,indianapolis-colts
Segun Olubi,#50,LB,15.0,334.0,78.0,77.0,45.0,64.0,70.0,0.0,68.3,-,60.0,-,0 (0),5.0,3.0,2.0,indianapolis-colts
Kenny Moore II,#23,CB,16.0,110.0,2.0,0.0,26.0,0.0,82.0,0.0,67.5,-,-,-,0 (0),0.0,0.0,0.0,indianapolis-colts
D.J. Montgomery,#02,WR,7.0,52.0,26.0,3.0,23.0,0.0,0.0,0.0,66.4,-,-,-,0 (0),0.0,0.0,0.0,indianapolis-colts
Ronnie Harrison,#48,LB,5.0,64.0,22.0,23.0,19.0,0.0,0.0,0.0,66.2,-,-,-,0 (0),0.0,1.0,0.0,indianapolis-colts
DeForest Buckner,#99,DI,11.0,21.0,0.0,0.0,20.0,0.0,1.0,0.0,65.7,-,-,-,0 (0),0.0,0.0,0.0,indianapolis-colts
Josh Sills,#65,G,17.0,79.0,0.0,0.0,0.0,0.0,0.0,79.0,64.0,-,-,-,0 (0),0.0,0.0,0.0,indianapolis-colts
Jaylon Jones,#40,CB,14.0,106.0,22.0,22.0,37.0,21.0,4.0,0.0,63.9,-,-,-,0 (0),1.0,0.0,1.0,indianapolis-colts
Rigoberto Sanchez,#08,P,17.0,151.0,0.0,1.0,0.0,70.0,0.0,80.0,63.7,60.0,64.4,-,0 (0),0.0,0.0,1.0,indianapolis-colts
Will Fries,#75,G,16.0,74.0,0.0,0.0,0.0,0.0,0.0,74.0,63.6,-,-,-,0 (0),0.0,0.0,0.0,indianapolis-colts
Bernhard Raimann,#79,T,15.0,73.0,0.0,0.0,0.0,0.0,0.0,73.0,63.3,-,-,-,0 (0),0.0,0.0,0.0,indianapolis-colts
Kylen Granson,#83,TE,15.0,158.0,82.0,2.0,9.0,59.0,0.0,6.0,63.3,-,-,-,0 (0),4.0,0.0,1.0,indianapolis-colts
Zaire Franklin,#44,LB,16.0,97.0,1.0,0.0,18.0,0.0,78.0,0.0,63.1,-,-,-,0 (0),0.0,0.0,0.0,indianapolis-colts
Liam Anderson,#47,LB,1.0,8.0,0.0,6.0,2.0,0.0,0.0,0.0,63.0,-,-,-,0 (0),0.0,0.0,0.0,indianapolis-colts
Quenton Nelson,#56,G,7.0,34.0,0.0,0.0,0.0,0.0,0.0,34.0,62.2,-,-,-,0 (0),0.0,0.0,0.0,indianapolis-colts
Wesley French,#62,C,14.0,65.0,0.0,0.0,0.0,0.0,0.0,65.0,62.0,-,-,-,0 (0),0.0,0.0,0.0,indianapolis-colts
Braden Smith,#72,T,4.0,14.0,0.0,0.0,0.0,0.0,0.0,14.0,61.7,-,-,-,0 (0),0.0,0.0,0.0,indianapolis-colts
Blake Freeland,#73,T,6.0,27.0,0.0,0.0,0.0,0.0,0.0,27.0,61.5,-,-,-,0 (0),0.0,0.0,0.0,indianapolis-colts
Isaiah McKenzie,#06,WR,13.0,109.0,53.0,0.0,56.0,0.0,0.0,0.0,61.3,54.8,50.3,-,0 (0),0.0,0.0,0.0,indianapolis-colts
Matt Gay,#07,K,17.0,172.0,0.0,92.0,0.0,0.0,0.0,80.0,61.0,74.0,-,68.8,0 (0),1.0,1.0,0.0,indianapolis-colts
Tyquan Lewis,#94,ED,9.0,49.0,0.0,0.0,8.0,0.0,41.0,0.0,61.0,-,-,-,0 (0),0.0,0.0,0.0,indianapolis-colts
Grover Stewart,#90,DI,11.0,121.0,0.0,0.0,16.0,0.0,58.0,47.0,60.9,-,-,-,0 (0),0.0,0.0,0.0,indianapolis-colts
Josh Downs,#01,WR,4.0,40.0,21.0,0.0,19.0,0.0,0.0,0.0,60.7,54.9,64.5,-,0 (0),0.0,0.0,0.0,indianapolis-colts
Tony Brown,#38,CB,12.0,253.0,56.0,56.0,40.0,43.0,58.0,0.0,60.7,-,-,-,0 (0),3.0,0.0,3.0,indianapolis-colts
Jacob Martin,#92,ED,17.0,126.0,71.0,17.0,37.0,0.0,1.0,0.0,60.6,-,-,-,0 (0),0.0,0.0,0.0,indianapolis-colts
Ike Boettger,#68,G,2.0,8.0,0.0,0.0,0.0,0.0,0.0,8.0,60.6,-,-,-,0 (0),0.0,0.0,0.0,indianapolis-colts
Jack Anderson,#67,G,1.0,6.0,0.0,0.0,0.0,0.0,0.0,6.0,60.4,-,-,-,0 (0),0.0,0.0,0.0,indianapolis-colts
Deon Jackson,#31,HB,1.0,1.0,1.0,0.0,0.0,0.0,0.0,0.0,60.4,-,-,-,0 (0),0.0,0.0,0.0,indianapolis-colts
Ethan Fernea,#03,WR,3.0,27.0,9.0,14.0,4.0,0.0,0.0,0.0,60.2,-,-,-,0 (0),0.0,0.0,0.0,indianapolis-colts
Dallis Flowers,#33,CB,4.0,28.0,22.0,0.0,6.0,0.0,0.0,0.0,60.1,54.5,-,-,0 (0),0.0,0.0,0.0,indianapolis-colts
Tyler Goodson,#31,HB,2.0,2.0,2.0,0.0,0.0,0.0,0.0,0.0,60.0,60.0,-,-,0 (0),0.0,0.0,0.0,indianapolis-colts
Shaquille Leonard,#53,LB,1.0,1.0,0.0,0.0,0.0,0.0,1.0,0.0,60.0,-,-,-,0 (0),0.0,0.0,0.0,indianapolis-colts
Gardner Minshew,#10,QB,1.0,0.0,0.0,0.0,0.0,0.0,0.0,0.0,60.0,-,-,-,1 (0),0.0,0.0,0.0,indianapolis-colts
Eric Johnson,#93,DI,14.0,65.0,0.0,0.0,0.0,0.0,65.0,0.0,59.9,-,-,-,0 (0),0.0,0.0,0.0,indianapolis-colts
McTelvin Agim,#98,DI,1.0,6.0,0.0,0.0,0.0,0.0,6.0,0.0,59.7,-,-,-,0 (0),0.0,0.0,0.0,indianapolis-colts
Rodney Thomas II,#25,S,17.0,179.0,11.0,59.0,25.0,0.0,84.0,0.0,59.2,61.2,-,-,0 (0),0.0,0.0,0.0,indianapolis-colts
Alec Pierce,#14,WR,3.0,3.0,3.0,0.0,0.0,0.0,0.0,0.0,59.2,-,-,-,0 (0),0.0,0.0,0.0,indianapolis-colts
Michael Pittman Jr.,#11,WR,3.0,3.0,3.0,0.0,0.0,0.0,0.0,0.0,59.1,-,-,-,0 (0),0.0,0.0,0.0,indianapolis-colts
Amari Rodgers,#03,WR,3.0,23.0,13.0,5.0,2.0,3.0,0.0,0.0,59.0,-,-,-,0 (0),0.0,0.0,0.0,indianapolis-colts
Julian Blackmon,#32,S,15.0,125.0,1.0,34.0,20.0,0.0,70.0,0.0,57.9,-,-,-,0 (0),0.0,0.0,1.0,indianapolis-colts
Chris Lammons,#35,CB,3.0,56.0,18.0,15.0,5.0,15.0,3.0,0.0,57.8,-,-,-,1 (1),2.0,0.0,1.0,indianapolis-colts
Darrell Baker Jr.,#39,CB,14.0,167.0,40.0,78.0,23.0,19.0,7.0,0.0,57.1,-,-,-,0 (0),1.0,0.0,0.0,indianapolis-colts
Ameer Speed,#37,CB,8.0,153.0,41.0,41.0,29.0,24.0,18.0,0.0,56.6,-,-,-,1 (0),5.0,0.0,5.0,indianapolis-colts
Jake Funk,#34,HB,4.0,25.0,22.0,2.0,1.0,0.0,0.0,0.0,56.4,-,-,-,0 (0),0.0,0.0,0.0,indianapolis-colts
Trey Sermon,#27,HB,3.0,18.0,18.0,0.0,0.0,0.0,0.0,0.0,56.1,-,-,-,0 (0),0.0,0.0,0.0,indianapolis-colts
Luke Rhodes,#46,LS,17.0,152.0,2.0,0.0,0.0,70.0,0.0,80.0,55.4,-,-,-,0 (0),0.0,0.0,3.0,indianapolis-colts
Grant Stuard,#41,LB,17.0,349.0,96.0,93.0,58.0,70.0,32.0,0.0,54.9,-,60.0,-,1 (0),4.0,1.0,5.0,indianapolis-colts
Mo Alie-Cox,#81,TE,17.0,123.0,2.0,0.0,0.0,44.0,0.0,77.0,54.2,-,-,-,0 (0),0.0,0.0,2.0,indianapolis-colts
JuJu Brents,#29,CB,9.0,52.0,0.0,41.0,11.0,0.0,0.0,0.0,52.9,-,-,-,0 (0),0.0,0.0,1.0,indianapolis-colts
Cameron McGrone,#59,LB,12.0,151.0,70.0,60.0,16.0,5.0,0.0,0.0,51.8,-,-,-,0 (0),0.0,1.0,0.0,indianapolis-colts
Isaiah Land,#55,ED,5.0,14.0,0.0,11.0,3.0,0.0,0.0,0.0,51.7,-,-,-,0 (0),0.0,0.0,0.0,indianapolis-colts
E.J. Speed,#45,LB,16.0,249.0,18.0,45.0,46.0,63.0,77.0,0.0,50.5,-,-,-,2 (0),2.0,0.0,3.0,indianapolis-colts
Taven Bryan,#96,DI,17.0,163.0,0.0,0.0,0.0,0.0,86.0,77.0,49.3,-,-,-,2 (0),0.0,0.0,0.0,indianapolis-colts
Juwann Winfree,#09,WR,8.0,75.0,27.0,13.0,20.0,15.0,0.0,0.0,48.8,-,-,-,0 (0),0.0,0.0,1.0,indianapolis-colts
Ross Matiscik,#46,LS,17.0,133.0,0.0,0.0,0.0,61.0,0.0,72.0,92.5,-,-,-,0 (0),6.0,1.0,2.0,jacksonville-jaguars
Brenton Strange,#85,TE,14.0,157.0,56.0,11.0,40.0,1.0,0.0,49.0,81.1,-,-,-,0 (0),0.0,0.0,0.0,jacksonville-jaguars
Luke Farrell,#89,TE,17.0,141.0,80.0,0.0,0.0,61.0,0.0,0.0,76.7,-,-,-,0 (0),1.0,0.0,0.0,jacksonville-jaguars
Daniel Thomas,#20,S,15.0,242.0,69.0,73.0,44.0,56.0,0.0,0.0,74.8,59.9,-,-,2 (1),7.0,0.0,2.0,jacksonville-jaguars
Calvin Ridley,#00,WR,4.0,5.0,5.0,0.0,0.0,0.0,0.0,0.0,74.3,-,-,-,0 (0),0.0,0.0,0.0,jacksonville-jaguars
Chad Muma,#48,LB,17.0,268.0,76.0,75.0,51.0,61.0,5.0,0.0,71.6,-,-,-,0 (0),2.0,0.0,1.0,jacksonville-jaguars
Caleb Johnson,#57,LB,17.0,275.0,75.0,85.0,54.0,61.0,0.0,0.0,70.8,-,-,-,1 (0),4.0,1.0,0.0,jacksonville-jaguars
Christian Braswell,#21,CB,3.0,9.0,0.0,0.0,9.0,0.0,0.0,0.0,68.8,-,-,-,0 (0),0.0,0.0,0.0,jacksonville-jaguars
Shaquille Quarterman,#50,LB,17.0,223.0,59.0,84.0,18.0,61.0,1.0,0.0,66.0,-,-,-,0 (0),2.0,1.0,0.0,jacksonville-jaguars
Josh Pederson,#87,TE,2.0,13.0,13.0,0.0,0.0,0.0,0.0,0.0,65.4,-,-,-,0 (0),0.0,0.0,0.0,jacksonville-jaguars
Dawuane Smoot,#91,ED,6.0,8.0,0.0,0.0,7.0,0.0,1.0,0.0,64.8,-,-,-,0 (0),0.0,0.0,0.0,jacksonville-jaguars
Devin Lloyd,#33,LB,15.0,80.0,0.0,0.0,14.0,0.0,66.0,0.0,64.1,-,-,-,0 (0),0.0,0.0,0.0,jacksonville-jaguars
Andrew Wingard,#42,S,17.0,282.0,77.0,80.0,49.0,61.0,15.0,0.0,63.7,-,-,-,0 (0),5.0,1.0,3.0,jacksonville-jaguars
Ben Bartch,#78,G,8.0,37.0,0.0,0.0,0.0,0.0,0.0,37.0,63.5,-,-,-,0 (0),0.0,0.0,0.0,jacksonville-jaguars
Logan Cooke,#09,P,17.0,133.0,0.0,0.0,0.0,61.0,0.0,72.0,63.5,-,77.8,-,0 (0),0.0,0.0,0.0,jacksonville-jaguars
Blake Hance,#73,T,17.0,72.0,0.0,0.0,0.0,0.0,0.0,72.0,63.3,-,-,-,0 (0),0.0,0.0,0.0,jacksonville-jaguars
Ezra Cleveland,#76,G,9.0,31.0,0.0,0.0,0.0,0.0,0.0,31.0,63.3,-,-,-,0 (0),0.0,0.0,0.0,jacksonville-jaguars
Foyesade Oluokun,#23,LB,17.0,93.0,5.0,2.0,18.0,0.0,68.0,0.0,63.3,-,-,-,0 (0),0.0,0.0,0.0,jacksonville-jaguars
Antonio Johnson,#26,CB,13.0,238.0,37.0,67.0,43.0,46.0,45.0,0.0,63.1,-,-,-,1 (0),3.0,1.0,2.0,jacksonville-jaguars
Luke Fortner,#79,C,15.0,60.0,0.0,0.0,0.0,0.0,0.0,60.0,62.9,-,-,-,0 (0),0.0,0.0,0.0,jacksonville-jaguars
Folorunso Fatukasi,#94,DI,5.0,5.0,0.0,0.0,4.0,0.0,1.0,0.0,62.8,-,-,-,0 (0),0.0,0.0,0.0,jacksonville-jaguars
Gregory Junior,#34,CB,9.0,105.0,30.0,14.0,29.0,0.0,32.0,0.0,62.7,-,-,-,0 (0),0.0,0.0,0.0,jacksonville-jaguars
Tim Jones,#15,WR,17.0,194.0,45.0,81.0,54.0,14.0,0.0,0.0,62.7,-,-,-,0 (0),0.0,0.0,0.0,jacksonville-jaguars
Walker Little,#72,T,12.0,51.0,0.0,0.0,0.0,0.0,0.0,51.0,62.3,-,-,-,0 (0),0.0,0.0,0.0,jacksonville-jaguars
Tyler Shatley,#69,G,17.0,72.0,0.0,0.0,0.0,0.0,0.0,72.0,62.3,-,-,-,0 (0),0.0,0.0,0.0,jacksonville-jaguars
Jacob Harris,#83,WR,2.0,25.0,9.0,4.0,7.0,5.0,0.0,0.0,62.0,-,-,-,0 (0),0.0,0.0,0.0,jacksonville-jaguars
Cole Van Lanen,#70,T,9.0,32.0,0.0,0.0,0.0,0.0,0.0,32.0,61.8,-,-,-,0 (0),0.0,0.0,0.0,jacksonville-jaguars
Angelo Blackson,#90,DI,3.0,3.0,0.0,0.0,3.0,0.0,0.0,0.0,61.4,-,-,-,0 (0),0.0,0.0,0.0,jacksonville-jaguars
Parker Washington,#11,WR,7.0,33.0,7.0,0.0,26.0,0.0,0.0,0.0,61.0,61.3,67.7,-,0 (0),0.0,0.0,0.0,jacksonville-jaguars
Tyler Lacy,#93,DI,6.0,24.0,0.0,0.0,1.0,0.0,0.0,23.0,61.0,-,-,-,0 (0),0.0,0.0,0.0,jacksonville-jaguars
Brandon McManus,#10,K,17.0,158.0,0.0,86.0,0.0,0.0,0.0,72.0,61.0,80.0,-,73.3,0 (0),0.0,0.0,0.0,jacksonville-jaguars
Jamal Agnew,#39,WR,11.0,91.0,50.0,0.0,39.0,0.0,2.0,0.0,60.9,71.5,71.3,-,0 (0),0.0,0.0,0.0,jacksonville-jaguars
Chandler Brewer,#67,G,1.0,3.0,0.0,0.0,0.0,0.0,0.0,3.0,60.6,-,-,-,0 (0),0.0,0.0,0.0,jacksonville-jaguars
Tyson Campbell,#32,CB,7.0,29.0,0.0,0.0,9.0,0.0,20.0,0.0,60.5,-,-,-,0 (0),0.0,0.0,0.0,jacksonville-jaguars
Josh Hines-Allen,#41,ED,17.0,85.0,0.0,0.0,18.0,0.0,67.0,0.0,60.3,-,-,-,0 (0),0.0,0.0,0.0,jacksonville-jaguars
Cam Robinson,#74,T,1.0,2.0,0.0,0.0,0.0,0.0,0.0,2.0,60.1,-,-,-,0 (0),0.0,0.0,0.0,jacksonville-jaguars
Trevor Lawrence,#16,QB,1.0,0.0,0.0,0.0,0.0,0.0,0.0,0.0,60.0,-,-,-,1 (0),0.0,0.0,0.0,jacksonville-jaguars
Travis Etienne Jr.,#01,HB,1.0,0.0,0.0,0.0,0.0,0.0,0.0,0.0,60.0,-,-,-,0 (0),0.0,0.0,0.0,jacksonville-jaguars
Zay Jones,#07,WR,1.0,0.0,0.0,0.0,0.0,0.0,0.0,0.0,60.0,-,-,-,0 (0),0.0,0.0,0.0,jacksonville-jaguars
Brandon Scherff,#68,G,2.0,1.0,0.0,0.0,0.0,0.0,0.0,1.0,60.0,-,-,-,0 (0),0.0,0.0,0.0,jacksonville-jaguars
Travon Walker,#44,ED,16.0,82.0,0.0,0.0,13.0,0.0,69.0,0.0,59.8,-,-,-,0 (0),0.0,0.0,0.0,jacksonville-jaguars
Evan Engram,#17,TE,5.0,7.0,5.0,2.0,0.0,0.0,0.0,0.0,59.6,66.3,-,-,0 (0),0.0,0.0,0.0,jacksonville-jaguars
Darious Williams,#31,CB,15.0,58.0,0.0,2.0,22.0,0.0,34.0,0.0,59.4,-,-,-,0 (0),0.0,0.0,0.0,jacksonville-jaguars
DaVon Hamilton,#52,DI,1.0,4.0,0.0,0.0,0.0,0.0,4.0,0.0,59.4,-,-,-,0 (0),0.0,0.0,0.0,jacksonville-jaguars
Adam Gotsis,#96,DI,17.0,329.0,75.0,59.0,32.0,22.0,69.0,72.0,59.1,-,-,-,1 (0),0.0,0.0,0.0,jacksonville-jaguars
Jeremiah Ledbetter,#99,DI,16.0,67.0,0.0,0.0,2.0,0.0,65.0,0.0,59.0,-,-,-,0 (0),0.0,0.0,0.0,jacksonville-jaguars
Tevaughn Campbell,#29,CB,2.0,8.0,0.0,0.0,8.0,0.0,0.0,0.0,58.6,-,58.4,-,0 (0),0.0,0.0,0.0,jacksonville-jaguars
Roy Robertson-Harris,#95,DI,16.0,82.0,0.0,0.0,13.0,0.0,69.0,0.0,58.3,-,-,-,0 (0),0.0,0.0,0.0,jacksonville-jaguars
Tre Herndon,#37,CB,15.0,53.0,0.0,30.0,23.0,0.0,0.0,0.0,57.8,-,-,-,0 (0),1.0,0.0,0.0,jacksonville-jaguars
Rayshawn Jenkins,#02,S,17.0,157.0,5.0,66.0,18.0,0.0,68.0,0.0,57.6,-,-,-,1 (1),1.0,0.0,0.0,jacksonville-jaguars
Andre Cisco,#05,S,15.0,128.0,5.0,70.0,0.0,0.0,53.0,0.0,57.0,-,-,-,0 (0),0.0,0.0,0.0,jacksonville-jaguars
Christian Kirk,#13,WR,5.0,12.0,5.0,0.0,7.0,0.0,0.0,0.0,57.0,-,63.0,-,0 (0),0.0,0.0,0.0,jacksonville-jaguars
JaMycal Hasty,#22,HB,3.0,14.0,2.0,0.0,12.0,0.0,0.0,0.0,55.6,-,-,-,0 (0),0.0,0.0,0.0,jacksonville-jaguars
Montaric Brown,#30,CB,12.0,27.0,0.0,2.0,20.0,1.0,4.0,0.0,55.4,-,-,-,1 (0),0.0,0.0,0.0,jacksonville-jaguars
D'Ernest Johnson,#25,HB,14.0,142.0,51.0,26.0,26.0,39.0,0.0,0.0,53.2,55.6,-,-,0 (0),0.0,0.0,0.0,jacksonville-jaguars
K'Lavon Chaisson,#45,ED,17.0,110.0,16.0,25.0,9.0,60.0,0.0,0.0,47.9,-,-,-,0 (0),0.0,1.0,1.0,jacksonville-jaguars
Tank Bigsby,#04,HB,9.0,33.0,5.0,0.0,28.0,0.0,0.0,0.0,44.3,58.9,-,-,1 (0),0.0,0.0,0.0,jacksonville-jaguars
Anton Harrison,#77,T,17.0,71.0,0.0,0.0,0.0,0.0,0.0,71.0,43.9,-,-,-,0 (0),0.0,0.0,0.0,jacksonville-jaguars
Elijah Cooks,#14,WR,9.0,42.0,18.0,2.0,22.0,0.0,0.0,0.0,41.8,-,-,-,1 (0),0.0,0.0,0.0,jacksonville-jaguars
Leo Chenal,#54,LB,21.0,385.0,74.0,75.0,95.0,74.0,67.0,0.0,90.9,59.7,-,-,0 (0),5.0,2.0,0.0,kansas-city-chiefs
Chamarri Conner,#27,S,21.0,405.0,81.0,105.0,81.0,72.0,66.0,0.0,87.2,-,-,-,0 (0),7.0,0.0,1.0,kansas-city-chiefs
Justin Reid,#20,S,19.0,64.0,0.0,0.0,1.0,0.0,63.0,0.0,79.5,-,-,-,1 (0),0.0,0.0,0.0,kansas-city-chiefs
Jack Cochrane,#43,LB,21.0,416.0,85.0,104.0,86.0,74.0,67.0,0.0,77.7,-,-,-,1 (0),4.0,1.0,1.0,kansas-city-chiefs
Cam Jones,#44,LB,18.0,290.0,71.0,89.0,66.0,61.0,3.0,0.0,74.5,-,-,-,2 (0),4.0,2.0,0.0,kansas-city-chiefs
Noah Gray,#83,TE,21.0,281.0,52.0,0.0,73.0,64.0,0.0,92.0,74.3,-,-,-,0 (0),2.0,0.0,0.0,kansas-city-chiefs
Drue Tranquill,#23,LB,18.0,118.0,33.0,1.0,48.0,10.0,26.0,0.0,73.1,-,-,-,0 (0),0.0,0.0,0.0,kansas-city-chiefs
Cole Christiansen,#48,LB,5.0,76.0,16.0,28.0,18.0,13.0,1.0,0.0,70.2,-,-,-,0 (0),1.0,0.0,0.0,kansas-city-chiefs
Darius Harris,#59,LB,6.0,77.0,24.0,22.0,25.0,1.0,5.0,0.0,69.8,-,-,-,0 (0),0.0,0.0,0.0,kansas-city-chiefs
BJ Thompson,#53,ED,1.0,16.0,4.0,4.0,4.0,0.0,4.0,0.0,67.6,-,-,-,0 (0),1.0,0.0,0.0,kansas-city-chiefs
Jaylen Watson,#35,CB,20.0,233.0,30.0,98.0,74.0,31.0,0.0,0.0,66.6,-,-,-,0 (0),4.0,0.0,2.0,kansas-city-chiefs
Joshua Williams,#02,CB,20.0,377.0,76.0,100.0,85.0,54.0,62.0,0.0,65.8,-,-,-,3 (1),4.0,0.0,1.0,kansas-city-chiefs
Derrick Nnadi,#91,DI,18.0,69.0,0.0,0.0,14.0,0.0,55.0,0.0,64.9,-,-,-,0 (0),0.0,0.0,0.0,kansas-city-chiefs
Bryan Cook,#06,S,12.0,87.0,8.0,0.0,49.0,4.0,26.0,0.0,64.7,-,-,-,1 (0),0.0,0.0,0.0,kansas-city-chiefs
Matt Dickerson,#93,DI,5.0,7.0,0.0,0.0,7.0,0.0,0.0,0.0,64.6,-,-,-,1 (1),0.0,0.0,0.0,kansas-city-chiefs
Mike Edwards,#21,S,13.0,118.0,3.0,60.0,5.0,42.0,8.0,0.0,64.4,-,-,-,0 (0),0.0,0.0,0.0,kansas-city-chiefs
Tommy Townsend,#05,P,21.0,167.0,0.0,1.0,0.0,74.0,0.0,92.0,64.3,60.0,68.4,-,0 (0),0.0,1.0,0.0,kansas-city-chiefs
Felix Anudike-Uzomah,#97,ED,5.0,15.0,0.0,13.0,2.0,0.0,0.0,0.0,64.2,-,-,-,0 (0),0.0,0.0,0.0,kansas-city-chiefs
Deneric Prince,#34,HB,2.0,15.0,9.0,6.0,0.0,0.0,0.0,0.0,64.2,-,-,-,0 (0),0.0,0.0,0.0,kansas-city-chiefs
Willie Gay,#50,LB,3.0,6.0,0.0,0.0,6.0,0.0,0.0,0.0,64.1,-,-,-,0 (0),0.0,0.0,0.0,kansas-city-chiefs
Jawaan Taylor,#74,T,21.0,92.0,0.0,0.0,0.0,0.0,0.0,92.0,63.7,-,-,-,0 (0),0.0,0.0,0.0,kansas-city-chiefs
Lucas Niang,#77,T,18.0,78.0,0.0,0.0,0.0,0.0,0.0,78.0,63.6,-,-,-,0 (0),0.0,0.0,0.0,kansas-city-chiefs
Donovan Smith,#79,T,12.0,48.0,0.0,0.0,0.0,0.0,0.0,48.0,63.1,-,-,-,0 (0),0.0,0.0,0.0,kansas-city-chiefs
Mike Caliendo,#66,G,12.0,55.0,0.0,0.0,0.0,0.0,0.0,55.0,62.8,-,-,-,0 (0),0.0,0.0,0.0,kansas-city-chiefs
Wanya Morris,#64,T,16.0,66.0,0.0,0.0,0.0,0.0,0.0,66.0,62.6,-,-,-,0 (0),0.0,0.0,0.0,kansas-city-chiefs
Creed Humphrey,#52,C,21.0,92.0,0.0,0.0,0.0,0.0,0.0,92.0,62.4,-,-,-,0 (0),0.0,0.0,0.0,kansas-city-chiefs
Nick Allegretti,#73,G,21.0,92.0,0.0,0.0,0.0,0.0,0.0,92.0,62.3,-,-,-,0 (0),0.0,0.0,0.0,kansas-city-chiefs
James Winchester,#41,LS,21.0,166.0,0.0,0.0,0.0,74.0,0.0,92.0,62.0,-,-,-,0 (0),1.0,0.0,1.0,kansas-city-chiefs
George Karlaftis,#56,ED,20.0,77.0,0.0,0.0,14.0,0.0,63.0,0.0,61.6,-,-,-,0 (0),0.0,0.0,0.0,kansas-city-chiefs
Nick Bolton,#32,LB,10.0,35.0,0.0,0.0,3.0,0.0,32.0,0.0,61.6,-,-,-,0 (0),0.0,0.0,0.0,kansas-city-chiefs
Prince Tega Wanogho,#76,T,3.0,14.0,0.0,0.0,0.0,0.0,0.0,14.0,61.2,-,-,-,0 (0),0.0,0.0,0.0,kansas-city-chiefs
Richie James,#17,WR,13.0,111.0,55.0,0.0,56.0,0.0,0.0,0.0,61.2,57.3,49.9,-,0 (0),0.0,0.0,0.0,kansas-city-chiefs
Blake Bell,#81,TE,21.0,117.0,85.0,11.0,9.0,0.0,0.0,12.0,61.2,-,-,-,0 (0),0.0,1.0,0.0,kansas-city-chiefs
Nic Jones,#31,CB,13.0,159.0,27.0,68.0,20.0,36.0,8.0,0.0,61.1,-,-,-,1 (0),3.0,1.0,0.0,kansas-city-chiefs
Harrison Butker,#07,K,21.0,200.0,0.0,108.0,0.0,0.0,0.0,92.0,61.1,89.2,-,91.4,0 (0),0.0,0.0,2.0,kansas-city-chiefs
Montrell Washington,#80,WR,6.0,36.0,15.0,4.0,17.0,0.0,0.0,0.0,60.8,55.8,46.4,-,0 (0),0.0,0.0,0.0,kansas-city-chiefs
Joe Thuney,#62,G,3.0,4.0,0.0,0.0,0.0,0.0,0.0,4.0,60.6,-,-,-,0 (0),0.0,0.0,0.0,kansas-city-chiefs
Mecole Hardman Jr.,#12,WR,5.0,31.0,14.0,0.0,17.0,0.0,0.0,0.0,60.3,55.8,51.4,-,0 (0),0.0,0.0,0.0,kansas-city-chiefs
Mike Pennel,#69,DI,3.0,8.0,0.0,0.0,3.0,0.0,5.0,0.0,60.3,-,-,-,0 (0),0.0,0.0,0.0,kansas-city-chiefs
Trey Smith,#65,G,21.0,91.0,0.0,0.0,0.0,0.0,0.0,91.0,60.2,-,-,-,1 (0),0.0,0.0,0.0,kansas-city-chiefs
Rashee Rice,#04,WR,1.0,1.0,0.0,1.0,0.0,0.0,0.0,0.0,60.0,-,-,-,0 (0),0.0,0.0,0.0,kansas-city-chiefs
Skyy Moore,#24,WR,3.0,6.0,6.0,0.0,0.0,0.0,0.0,0.0,60.0,57.8,-,-,0 (0),0.0,0.0,0.0,kansas-city-chiefs
Mike Danna,#51,ED,20.0,77.0,0.0,0.0,14.0,0.0,63.0,0.0,60.0,-,-,-,0 (0),0.0,0.0,0.0,kansas-city-chiefs
Kadarius Toney,#19,WR,2.0,7.0,1.0,0.0,6.0,0.0,0.0,0.0,59.9,-,63.8,-,0 (0),0.0,0.0,0.0,kansas-city-chiefs
Malik Herring,#94,ED,3.0,13.0,0.0,0.0,2.0,0.0,11.0,0.0,59.9,-,-,-,0 (0),0.0,0.0,0.0,kansas-city-chiefs
Justin Watson,#84,WR,20.0,113.0,12.0,93.0,4.0,4.0,0.0,0.0,59.2,-,-,-,0 (0),0.0,0.0,1.0,kansas-city-chiefs
Justyn Ross,#08,WR,10.0,77.0,27.0,50.0,0.0,0.0,0.0,0.0,58.9,-,-,-,0 (0),0.0,0.0,0.0,kansas-city-chiefs
Deon Bush,#26,S,10.0,202.0,43.0,52.0,43.0,34.0,30.0,0.0,58.8,-,-,-,0 (0),1.0,0.0,2.0,kansas-city-chiefs
Tershawn Wharton,#98,DI,21.0,79.0,0.0,0.0,12.0,0.0,67.0,0.0,58.3,-,-,-,0 (0),0.0,0.0,0.0,kansas-city-chiefs
La'Mical Perine,#29,HB,8.0,90.0,27.0,42.0,0.0,21.0,0.0,0.0,58.2,-,-,-,0 (0),0.0,0.0,0.0,kansas-city-chiefs
Jerick McKinnon,#01,HB,13.0,169.0,47.0,27.0,47.0,48.0,0.0,0.0,58.1,59.9,-,-,0 (0),0.0,0.0,0.0,kansas-city-chiefs
Trent McDuffie,#22,CB,9.0,12.0,0.0,0.0,12.0,0.0,0.0,0.0,54.9,-,-,-,0 (0),0.0,0.0,0.0,kansas-city-chiefs
L'Jarius Sneed,#38,CB,3.0,4.0,0.0,0.0,4.0,0.0,0.0,0.0,51.4,-,-,-,0 (0),0.0,0.0,0.0,kansas-city-chiefs
Ekow Boye-Doe,#40,CB,7.0,96.0,10.0,37.0,21.0,23.0,5.0,0.0,47.6,-,-,-,0 (0),0.0,0.0,0.0,kansas-city-chiefs
DJ Turner,#19,WR,10.0,173.0,42.0,49.0,35.0,47.0,0.0,0.0,91.9,-,-,-,1 (0),7.0,3.0,4.0,las-vegas-raiders
Isaac Rochell,#96,ED,7.0,33.0,0.0,0.0,2.0,0.0,31.0,0.0,89.9,-,-,-,0 (0),0.0,0.0,0.0,las-vegas-raiders
Jakob Johnson,#45,FB,13.0,139.0,60.0,8.0,16.0,55.0,0.0,0.0,79.4,-,-,-,0 (0),4.0,1.0,0.0,las-vegas-raiders
Michael Mayer,#87,TE,13.0,63.0,8.0,0.0,0.0,2.0,0.0,53.0,75.0,-,-,-,0 (0),0.0,1.0,0.0,las-vegas-raiders
Amik Robertson,#21,CB,17.0,69.0,0.0,2.0,17.0,0.0,50.0,0.0,73.5,-,-,-,0 (0),0.0,0.0,0.0,las-vegas-raiders
Kana'i Mauga,#43,LB,5.0,55.0,19.0,18.0,16.0,0.0,2.0,0.0,71.7,-,-,-,0 (0),1.0,0.0,0.0,las-vegas-raiders
Jacob Bobenmoyer,#50,LS,17.0,140.0,0.0,0.0,0.0,76.0,0.0,64.0,70.7,-,-,-,0 (0),2.0,1.0,1.0,las-vegas-raiders
Divine Deablo,#05,LB,9.0,30.0,10.0,0.0,0.0,20.0,0.0,0.0,67.1,-,-,-,0 (0),1.0,0.0,0.0,las-vegas-raiders
Roderic Teamer,#33,S,6.0,105.0,27.0,20.0,20.0,16.0,22.0,0.0,67.0,-,-,-,0 (0),1.0,0.0,0.0,las-vegas-raiders
Jesper Horsted,#80,TE,13.0,215.0,64.0,60.0,39.0,52.0,0.0,0.0,64.6,-,-,-,0 (0),2.0,0.0,0.0,las-vegas-raiders
Dylan Parham,#66,G,16.0,64.0,0.0,0.0,0.0,0.0,0.0,64.0,64.5,-,-,-,0 (0),0.0,0.0,0.0,las-vegas-raiders
AJ Cole,#06,P,17.0,140.0,0.0,0.0,0.0,76.0,0.0,64.0,63.4,-,83.6,-,3 (0),0.0,0.0,0.0,las-vegas-raiders
Jermaine Eluemunor,#72,T,14.0,51.0,0.0,0.0,0.0,0.0,0.0,51.0,63.2,-,-,-,0 (0),0.0,0.0,0.0,las-vegas-raiders
Greg Van Roten,#70,G,16.0,62.0,0.0,0.0,0.0,0.0,0.0,62.0,63.1,-,-,-,0 (0),0.0,0.0,0.0,las-vegas-raiders
Jordan Meredith,#61,G,16.0,64.0,0.0,0.0,0.0,0.0,0.0,64.0,62.9,-,-,-,0 (0),0.0,0.0,0.0,las-vegas-raiders
Jakorian Bennett,#00,CB,7.0,26.0,0.0,0.0,26.0,0.0,0.0,0.0,62.6,-,-,-,0 (0),0.0,0.0,0.0,las-vegas-raiders
Adam Butler,#69,DI,16.0,74.0,0.0,0.0,1.0,0.0,9.0,64.0,62.5,-,-,-,0 (0),0.0,0.0,0.0,las-vegas-raiders
Zamir White,#35,HB,13.0,116.0,31.0,24.0,17.0,44.0,0.0,0.0,62.4,-,-,-,0 (0),1.0,0.0,0.0,las-vegas-raiders
DeAndre Carter,#03,WR,17.0,162.0,80.0,6.0,66.0,10.0,0.0,0.0,62.2,52.4,61.9,-,0 (0),0.0,0.0,0.0,las-vegas-raiders
Tyree Wilson,#09,ED,15.0,62.0,0.0,2.0,10.0,0.0,50.0,0.0,62.0,-,-,-,0 (0),0.0,0.0,0.0,las-vegas-raiders
Thayer Munford Jr.,#77,T,14.0,50.0,0.0,0.0,0.0,0.0,0.0,50.0,61.8,-,-,-,0 (0),0.0,0.0,0.0,las-vegas-raiders
Kolton Miller,#74,T,13.0,47.0,0.0,0.0,0.0,0.0,0.0,47.0,61.7,-,-,-,0 (0),0.0,0.0,0.0,las-vegas-raiders
Brandon Parker,#75,T,5.0,25.0,0.0,0.0,0.0,0.0,0.0,25.0,61.3,-,-,-,0 (0),0.0,0.0,0.0,las-vegas-raiders
Netane Muti,#54,G,2.0,12.0,0.0,0.0,0.0,0.0,0.0,12.0,61.2,-,-,-,0 (0),0.0,0.0,0.0,las-vegas-raiders
Curtis Bolton,#36,LB,13.0,252.0,54.0,57.0,47.0,59.0,35.0,0.0,61.0,-,60.3,-,2 (0),5.0,0.0,0.0,las-vegas-raiders
Hroniss Grasu,#65,C,2.0,7.0,0.0,0.0,0.0,0.0,0.0,7.0,61.0,-,-,-,0 (0),0.0,0.0,0.0,las-vegas-raiders
Daniel Carlson,#02,K,17.0,142.0,0.0,78.0,0.0,0.0,0.0,64.0,60.9,75.3,-,73.0,0 (0),1.0,0.0,0.0,las-vegas-raiders
Matthew Butler,#94,DI,2.0,8.0,0.0,0.0,0.0,0.0,0.0,8.0,60.6,-,-,-,0 (0),0.0,0.0,0.0,las-vegas-raiders
Justin Herron,#71,T,3.0,5.0,0.0,0.0,0.0,0.0,0.0,5.0,60.5,-,-,-,0 (0),0.0,0.0,0.0,las-vegas-raiders
David Long Jr.,#23,CB,5.0,16.0,0.0,1.0,14.0,0.0,1.0,0.0,60.3,-,-,-,0 (0),0.0,0.0,0.0,las-vegas-raiders
Marcus Epps,#01,S,3.0,11.0,0.0,0.0,0.0,0.0,11.0,0.0,60.2,-,-,-,0 (0),0.0,0.0,0.0,las-vegas-raiders
Byron Young,#93,DI,3.0,13.0,0.0,0.0,0.0,0.0,13.0,0.0,60.1,-,-,-,0 (0),0.0,0.0,0.0,las-vegas-raiders
Nesta Jade Silvera,#99,DI,1.0,3.0,0.0,0.0,0.0,0.0,3.0,0.0,60.1,-,-,-,0 (0),0.0,0.0,0.0,las-vegas-raiders
Troy Pride Jr.,#27,CB,1.0,1.0,0.0,0.0,1.0,0.0,0.0,0.0,60.0,-,-,-,0 (0),0.0,0.0,0.0,las-vegas-raiders
Brandon Facyson,#31,CB,2.0,8.0,0.0,0.0,8.0,0.0,0.0,0.0,59.9,-,-,-,0 (0),0.0,0.0,0.0,las-vegas-raiders
Maxx Crosby,#98,ED,4.0,17.0,0.0,0.0,1.0,0.0,16.0,0.0,59.8,-,-,-,0 (0),0.0,0.0,0.0,las-vegas-raiders
Brandon Bolden,#34,HB,17.0,354.0,80.0,77.0,65.0,76.0,56.0,0.0,59.7,-,-,-,2 (2),3.0,0.0,2.0,las-vegas-raiders
Robert Spillane,#41,LB,8.0,32.0,30.0,0.0,2.0,0.0,0.0,0.0,59.4,-,-,-,0 (0),0.0,0.0,0.0,las-vegas-raiders
John Jenkins,#95,DI,16.0,74.0,0.0,0.0,7.0,0.0,67.0,0.0,59.4,-,-,-,0 (0),0.0,0.0,0.0,las-vegas-raiders
Hunter Renfrow,#13,WR,2.0,3.0,3.0,0.0,0.0,0.0,0.0,0.0,59.3,61.2,-,-,0 (0),0.0,0.0,0.0,las-vegas-raiders
Jakobi Meyers,#16,WR,2.0,3.0,3.0,0.0,0.0,0.0,0.0,0.0,59.2,-,-,-,0 (0),0.0,0.0,0.0,las-vegas-raiders
Tre'von Moehrig,#25,S,1.0,2.0,0.0,2.0,0.0,0.0,0.0,0.0,58.8,-,-,-,0 (0),0.0,0.0,0.0,las-vegas-raiders
Davante Adams,#17,WR,2.0,3.0,3.0,0.0,0.0,0.0,0.0,0.0,58.8,-,-,-,0 (0),0.0,0.0,0.0,las-vegas-raiders
Malcolm Koonce,#51,ED,17.0,267.0,54.0,34.0,47.0,76.0,56.0,0.0,58.6,-,-,-,0 (0),3.0,0.0,1.0,las-vegas-raiders
Jerry Tillery,#90,DI,16.0,67.0,0.0,0.0,2.0,0.0,65.0,0.0,58.6,-,-,-,0 (0),0.0,0.0,0.0,las-vegas-raiders
Malik Reed,#52,ED,4.0,26.0,6.0,0.0,2.0,5.0,13.0,0.0,58.4,-,-,-,0 (0),0.0,0.0,0.0,las-vegas-raiders
Bilal Nichols,#91,DI,16.0,72.0,0.0,0.0,9.0,0.0,63.0,0.0,58.1,-,-,-,0 (0),0.0,0.0,0.0,las-vegas-raiders
Luke Masterson,#59,LB,16.0,332.0,71.0,68.0,62.0,68.0,63.0,0.0,57.0,-,-,-,1 (0),4.0,0.0,2.0,las-vegas-raiders
Cole Fotheringham,#85,TE,2.0,11.0,3.0,2.0,0.0,6.0,0.0,0.0,54.4,-,-,-,0 (0),0.0,0.0,0.0,las-vegas-raiders
Nate Hobbs,#39,CB,4.0,26.0,0.0,10.0,0.0,0.0,16.0,0.0,50.0,-,-,-,0 (0),0.0,0.0,1.0,las-vegas-raiders
Chris Smith II,#29,S,12.0,191.0,53.0,57.0,42.0,5.0,34.0,0.0,48.2,-,-,-,0 (0),1.0,0.0,1.0,las-vegas-raiders
Isaiah Pola-Mao,#20,S,16.0,304.0,75.0,74.0,57.0,66.0,32.0,0.0,48.2,-,-,-,0 (0),2.0,0.0,4.0,las-vegas-raiders
Janarius Robinson,#97,ED,6.0,33.0,0.0,1.0,15.0,0.0,17.0,0.0,47.4,-,-,-,1 (1),0.0,0.0,0.0,las-vegas-raiders
Tre Tucker,#11,WR,14.0,61.0,0.0,55.0,2.0,4.0,0.0,0.0,46.3,-,-,-,0 (0),1.0,1.0,2.0,las-vegas-raiders
Ameer Abdullah,#22,HB,17.0,256.0,80.0,78.0,26.0,72.0,0.0,0.0,44.9,57.8,-,-,1 (0),10.0,2.0,3.0,las-vegas-raiders
Tyler Hall,#37,CB,11.0,82.0,0.0,33.0,45.0,1.0,3.0,0.0,43.2,-,-,-,0 (0),0.0,0.0,1.0,las-vegas-raiders
Amari Burney,#56,LB,7.0,76.0,24.0,40.0,12.0,0.0,0.0,0.0,41.7,-,-,-,0 (0),1.0,0.0,0.0,las-vegas-raiders
Jack Jones,#18,CB,2.0,10.0,0.0,0.0,4.0,0.0,6.0,0.0,40.5,-,-,-,1 (0),0.0,0.0,0.0,las-vegas-raiders
Cobie Durant,#14,CB,7.0,41.0,2.0,6.0,8.0,6.0,19.0,0.0,90.0,-,-,-,0 (0),1.0,0.0,0.0,los-angeles-rams
Aaron Donald,#99,DI,5.0,7.0,0.0,0.0,7.0,0.0,0.0,0.0,75.7,-,-,-,0 (0),0.0,0.0,0.0,los-angeles-rams
Jake Hummel,#35,LB,18.0,388.0,91.0,98.0,54.0,67.0,78.0,0.0,74.6,-,-,-,0 (0),4.0,2.0,1.0,los-angeles-rams
Hunter Long,#84,TE,4.0,24.0,5.0,0.0,12.0,7.0,0.0,0.0,73.2,-,-,-,0 (0),0.0,1.0,0.0,los-angeles-rams
Jason Taylor II,#25,S,9.0,119.0,36.0,55.0,19.0,9.0,0.0,0.0,70.2,-,-,-,0 (0),1.0,0.0,2.0,los-angeles-rams
Royce Freeman,#24,HB,15.0,177.0,54.0,49.0,16.0,58.0,0.0,0.0,69.6,-,-,-,0 (0),3.0,0.0,1.0,los-angeles-rams
Nick Hampton,#31,ED,10.0,91.0,10.0,50.0,31.0,0.0,0.0,0.0,68.6,-,-,-,0 (0),0.0,0.0,0.0,los-angeles-rams
Ben Skowronek,#18,WR,18.0,342.0,91.0,97.0,54.0,67.0,33.0,0.0,66.2,-,-,-,4 (0),12.0,1.0,1.0,los-angeles-rams
Tre Tomlinson,#06,CB,16.0,332.0,75.0,77.0,57.0,57.0,66.0,0.0,66.1,-,-,-,3 (0),8.0,0.0,5.0,los-angeles-rams
Brycen Hopkins,#88,TE,7.0,27.0,6.0,0.0,21.0,0.0,0.0,0.0,65.2,-,-,-,0 (0),0.0,0.0,0.0,los-angeles-rams
Olakunle Fatukasi,#54,LB,2.0,25.0,9.0,10.0,2.0,4.0,0.0,0.0,65.0,-,-,-,0 (0),0.0,1.0,0.0,los-angeles-rams
Alex Ward,#47,LS,13.0,115.0,0.0,0.0,0.0,53.0,0.0,62.0,64.8,-,-,-,0 (0),0.0,1.0,2.0,los-angeles-rams
Kevin Dotson,#69,G,15.0,67.0,0.0,0.0,0.0,0.0,0.0,67.0,64.5,-,-,-,0 (0),0.0,0.0,0.0,los-angeles-rams
Ethan Evans,#42,P,18.0,240.0,0.0,88.0,0.0,67.0,0.0,85.0,63.7,88.5,72.6,-,1 (0),0.0,0.0,1.0,los-angeles-rams
Steve Avila,#73,G,18.0,85.0,0.0,0.0,0.0,0.0,0.0,85.0,63.3,-,-,-,0 (0),0.0,0.0,0.0,los-angeles-rams
Joe Noteboom,#70,T,14.0,66.0,0.0,0.0,0.0,0.0,0.0,66.0,63.2,-,-,-,0 (0),0.0,0.0,0.0,los-angeles-rams
Michael Hoecht,#97,ED,18.0,220.0,1.0,1.0,14.0,46.0,73.0,85.0,62.9,-,-,-,0 (0),1.0,2.0,0.0,los-angeles-rams
Tremayne Anchrum Jr.,#72,G,18.0,85.0,0.0,0.0,0.0,0.0,0.0,85.0,62.9,-,-,-,0 (0),0.0,0.0,0.0,los-angeles-rams
Ernest Jones,#53,LB,14.0,66.0,0.0,1.0,9.0,0.0,56.0,0.0,62.6,-,-,-,0 (0),0.0,0.0,0.0,los-angeles-rams
Russ Yeast,#02,S,14.0,78.0,5.0,22.0,23.0,2.0,26.0,0.0,62.6,-,-,-,0 (0),0.0,0.0,0.0,los-angeles-rams
Byron Young,#00,ED,10.0,23.0,0.0,0.0,13.0,0.0,10.0,0.0,62.5,-,-,-,0 (0),0.0,0.0,0.0,los-angeles-rams
Troy Reeder,#59,LB,16.0,271.0,76.0,87.0,44.0,63.0,1.0,0.0,62.2,-,-,-,2 (0),3.0,2.0,1.0,los-angeles-rams
Alaric Jackson,#77,T,15.0,70.0,0.0,0.0,0.0,0.0,0.0,70.0,62.1,-,-,-,0 (0),0.0,0.0,0.0,los-angeles-rams
Warren McClendon Jr.,#71,T,6.0,21.0,0.0,0.0,0.0,0.0,0.0,21.0,61.9,-,-,-,0 (0),0.0,0.0,0.0,los-angeles-rams
Brian Allen,#55,C,3.0,10.0,0.0,0.0,0.0,0.0,0.0,10.0,61.9,-,-,-,0 (0),0.0,0.0,0.0,los-angeles-rams
Zach Evans,#21,HB,9.0,50.0,12.0,25.0,12.0,1.0,0.0,0.0,61.7,-,-,-,0 (0),0.0,0.0,0.0,los-angeles-rams
Myles Gaskin,#33,HB,1.0,6.0,0.0,6.0,0.0,0.0,0.0,0.0,61.5,-,-,-,0 (0),0.0,0.0,0.0,los-angeles-rams
Derion Kendrick,#01,CB,12.0,70.0,7.0,7.0,17.0,0.0,39.0,0.0,61.2,-,-,-,0 (0),0.0,0.0,0.0,los-angeles-rams
Larrell Murchison,#52,DI,9.0,41.0,0.0,0.0,7.0,0.0,19.0,15.0,61.0,-,-,-,0 (0),0.0,0.0,0.0,los-angeles-rams
Zach Thomas,#57,T,2.0,9.0,0.0,0.0,0.0,0.0,0.0,9.0,60.8,-,-,-,0 (0),0.0,0.0,0.0,los-angeles-rams
Coleman Shelton,#65,C,2.0,10.0,0.0,0.0,0.0,0.0,0.0,10.0,60.7,-,-,-,0 (0),0.0,0.0,0.0,los-angeles-rams
Puka Nacua,#17,WR,5.0,7.0,7.0,0.0,0.0,0.0,0.0,0.0,60.4,61.2,-,-,0 (0),0.0,0.0,0.0,los-angeles-rams
Lucas Havrisik,#08,K,9.0,50.0,0.0,8.0,0.0,0.0,0.0,42.0,60.4,63.3,-,39.6,0 (0),0.0,0.0,0.0,los-angeles-rams
Brett Maher,#08,K,9.0,45.0,0.0,2.0,0.0,0.0,0.0,43.0,60.3,60.0,-,48.6,0 (0),0.0,0.0,0.0,los-angeles-rams
Austin Trammell,#81,WR,17.0,145.0,87.0,3.0,55.0,0.0,0.0,0.0,60.1,51.2,59.8,-,0 (0),0.0,0.0,0.0,los-angeles-rams
Ahkello Witherspoon,#44,CB,1.0,1.0,0.0,1.0,0.0,0.0,0.0,0.0,60.0,-,-,-,0 (0),0.0,0.0,0.0,los-angeles-rams
Zach VanValkenburg,#51,ED,7.0,56.0,9.0,22.0,20.0,5.0,0.0,0.0,59.9,-,-,-,0 (0),1.0,0.0,0.0,los-angeles-rams
Jordan Fuller,#04,S,17.0,118.0,7.0,30.0,10.0,0.0,71.0,0.0,59.8,-,-,-,0 (0),1.0,0.0,0.0,los-angeles-rams
Tyler Higbee,#89,TE,4.0,6.0,6.0,0.0,0.0,0.0,0.0,0.0,59.2,59.9,-,-,0 (0),0.0,0.0,0.0,los-angeles-rams
Kyren Williams,#23,HB,8.0,25.0,11.0,1.0,13.0,0.0,0.0,0.0,59.1,58.8,63.2,-,0 (0),0.0,0.0,0.0,los-angeles-rams
Bobby Brown III,#95,DI,9.0,32.0,0.0,0.0,1.0,0.0,31.0,0.0,58.9,-,-,-,0 (0),0.0,0.0,0.0,los-angeles-rams
Cory Durden,#98,DI,4.0,19.0,0.0,0.0,0.0,0.0,19.0,0.0,58.6,-,-,-,0 (0),0.0,0.0,0.0,los-angeles-rams
Tyler Johnson,#16,WR,1.0,4.0,4.0,0.0,0.0,0.0,0.0,0.0,58.4,-,-,-,0 (0),0.0,0.0,0.0,los-angeles-rams
Cooper Kupp,#10,WR,5.0,7.0,7.0,0.0,0.0,0.0,0.0,0.0,58.3,60.0,-,-,0 (0),0.0,0.0,0.0,los-angeles-rams
Ronnie Rivers,#20,HB,10.0,104.0,40.0,27.0,17.0,20.0,0.0,0.0,57.1,63.0,-,-,0 (0),0.0,0.0,0.0,los-angeles-rams
Demarcus Robinson,#15,WR,10.0,92.0,26.0,41.0,23.0,2.0,0.0,0.0,56.2,59.5,-,-,0 (0),0.0,0.0,1.0,los-angeles-rams
Quentin Lake,#37,CB,15.0,150.0,42.0,38.0,30.0,0.0,40.0,0.0,56.1,-,-,-,0 (0),1.0,0.0,1.0,los-angeles-rams
Carson Tinker,#46,LS,5.0,37.0,0.0,0.0,0.0,14.0,0.0,23.0,55.9,-,-,-,0 (0),0.0,0.0,2.0,los-angeles-rams
Duke Shelley,#26,CB,12.0,206.0,54.0,53.0,38.0,38.0,23.0,0.0,54.5,-,-,-,2 (0),3.0,1.0,3.0,los-angeles-rams
Keir Thomas,#96,ED,5.0,63.0,10.0,25.0,14.0,9.0,5.0,0.0,53.0,-,-,-,1 (1),0.0,0.0,0.0,los-angeles-rams
John Johnson III,#43,S,16.0,118.0,52.0,54.0,4.0,1.0,7.0,0.0,52.9,-,-,-,0 (0),0.0,2.0,0.0,los-angeles-rams
Shaun Jolly,#38,CB,4.0,89.0,19.0,26.0,16.0,19.0,9.0,0.0,52.4,-,-,-,0 (0),0.0,0.0,2.0,los-angeles-rams
Davis Allen,#87,TE,15.0,109.0,54.0,0.0,0.0,55.0,0.0,0.0,52.2,-,-,-,0 (0),1.0,0.0,2.0,los-angeles-rams
Jonah Williams,#92,DI,18.0,177.0,0.0,0.0,14.0,0.0,78.0,85.0,49.3,-,-,-,2 (0),0.0,0.0,0.0,los-angeles-rams
Christian Rozeboom,#56,LB,18.0,338.0,84.0,66.0,43.0,67.0,78.0,0.0,47.6,-,-,-,0 (0),1.0,1.0,6.0,los-angeles-rams
Ochaun Mathis,#32,ED,5.0,19.0,2.0,2.0,15.0,0.0,0.0,0.0,46.2,-,-,-,0 (0),0.0,0.0,0.0,los-angeles-rams
Rob Havenstein,#79,T,15.0,72.0,0.0,0.0,0.0,0.0,0.0,72.0,45.3,-,-,-,0 (0),0.0,0.0,0.0,los-angeles-rams
Kobie Turner,#91,DI,18.0,91.0,0.0,0.0,14.0,0.0,77.0,0.0,45.0,-,-,-,2 (0),0.0,0.0,0.0,los-angeles-rams
Deane Leonard,#33,CB,11.0,160.0,38.0,42.0,31.0,43.0,6.0,0.0,90.1,-,-,-,0 (0),8.0,0.0,2.0,los-angeles-chargers
Josh Harris,#47,LS,17.0,143.0,0.0,0.0,0.0,75.0,0.0,68.0,90.1,-,-,-,0 (0),4.0,1.0,0.0,los-angeles-chargers
Simi Fehoko,#87,WR,5.0,36.0,18.0,7.0,6.0,5.0,0.0,0.0,88.5,-,-,-,0 (0),1.0,0.0,0.0,los-angeles-chargers
Nick Niemann,#31,LB,17.0,338.0,69.0,66.0,63.0,75.0,65.0,0.0,83.5,-,-,-,0 (0),6.0,0.0,0.0,los-angeles-chargers
Stephen Anderson,#40,TE,3.0,58.0,15.0,6.0,19.0,18.0,0.0,0.0,82.2,-,-,-,0 (0),1.0,0.0,0.0,los-angeles-chargers
Blake Lynch,#53,LB,7.0,129.0,35.0,27.0,33.0,34.0,0.0,0.0,80.8,-,-,-,0 (0),3.0,0.0,0.0,los-angeles-chargers
Jaylinn Hawkins,#37,S,10.0,126.0,47.0,40.0,21.0,0.0,18.0,0.0,80.5,-,-,-,0 (0),1.0,0.0,0.0,los-angeles-chargers
Justin Hollins,#58,ED,7.0,37.0,0.0,0.0,34.0,3.0,0.0,0.0,78.9,-,-,-,0 (0),1.0,0.0,0.0,los-angeles-chargers
Amen Ogbongbemiga,#57,LB,15.0,314.0,69.0,73.0,50.0,62.0,60.0,0.0,74.8,-,-,-,0 (0),2.0,2.0,1.0,los-angeles-chargers
Daiyan Henley,#00,LB,15.0,263.0,71.0,69.0,57.0,66.0,0.0,0.0,72.7,-,-,-,1 (1),2.0,3.0,0.0,los-angeles-chargers
Dean Marlowe,#20,S,16.0,256.0,53.0,73.0,62.0,56.0,12.0,0.0,71.5,61.2,-,-,0 (0),1.0,3.0,0.0,los-angeles-chargers
Raheem Layne,#41,S,5.0,74.0,23.0,24.0,17.0,10.0,0.0,0.0,68.1,-,-,-,0 (0),0.0,0.0,0.0,los-angeles-chargers
Alex Erickson,#82,WR,4.0,17.0,17.0,0.0,0.0,0.0,0.0,0.0,66.8,59.5,-,-,0 (0),0.0,0.0,0.0,los-angeles-chargers
AJ Finley,#24,S,12.0,199.0,54.0,54.0,51.0,40.0,0.0,0.0,66.5,-,60.1,-,0 (0),2.0,0.0,1.0,los-angeles-chargers
Stone Smartt,#84,TE,16.0,151.0,75.0,7.0,50.0,19.0,0.0,0.0,65.2,-,-,-,1 (0),1.0,0.0,0.0,los-angeles-chargers
Brevin Allen,#90,ED,2.0,18.0,0.0,12.0,6.0,0.0,0.0,0.0,65.1,-,-,-,0 (0),0.0,0.0,0.0,los-angeles-chargers
Kenneth Murray Jr.,#09,LB,6.0,9.0,0.0,0.0,9.0,0.0,0.0,0.0,64.9,-,-,-,0 (0),0.0,0.0,0.0,los-angeles-chargers
Ja'Sir Taylor,#36,CB,16.0,208.0,38.0,72.0,44.0,48.0,6.0,0.0,64.7,-,-,-,1 (0),1.0,2.0,3.0,los-angeles-chargers
Tanner Muse,#44,LB,10.0,198.0,44.0,51.0,27.0,38.0,38.0,0.0,64.7,-,-,-,0 (0),0.0,0.0,1.0,los-angeles-chargers
Eric Kendricks,#06,LB,8.0,17.0,0.0,0.0,10.0,0.0,7.0,0.0,64.7,-,-,-,0 (0),0.0,0.0,0.0,los-angeles-chargers
Jamaree Salyer,#68,G,17.0,68.0,0.0,0.0,0.0,0.0,0.0,68.0,64.6,-,-,-,0 (0),0.0,0.0,0.0,los-angeles-chargers
Michael Davis,#43,CB,16.0,109.0,1.0,17.0,26.0,4.0,61.0,0.0,64.5,-,-,-,0 (0),0.0,0.0,0.0,los-angeles-chargers
Derwin James Jr.,#03,S,6.0,9.0,0.0,0.0,8.0,0.0,1.0,0.0,64.3,-,-,-,0 (0),0.0,0.0,0.0,los-angeles-chargers
Trey Pipkins III,#79,T,16.0,63.0,0.0,0.0,0.0,0.0,0.0,63.0,63.5,-,-,-,0 (0),0.0,0.0,0.0,los-angeles-chargers
JK Scott,#16,P,17.0,143.0,0.0,0.0,0.0,75.0,0.0,68.0,63.5,-,78.6,-,0 (0),0.0,0.0,0.0,los-angeles-chargers
Andrew Farmer,#92,ED,8.0,47.0,1.0,31.0,6.0,0.0,9.0,0.0,63.4,-,-,-,0 (0),0.0,0.0,0.0,los-angeles-chargers
Zion Johnson,#77,G,15.0,60.0,0.0,0.0,0.0,0.0,0.0,60.0,62.9,-,-,-,0 (0),0.0,0.0,0.0,los-angeles-chargers
Essang Bassey,#27,CB,11.0,61.0,4.0,44.0,13.0,0.0,0.0,0.0,62.9,-,-,-,0 (0),0.0,0.0,0.0,los-angeles-chargers
Foster Sarell,#73,T,17.0,68.0,0.0,0.0,0.0,0.0,0.0,68.0,62.1,-,-,-,0 (0),0.0,0.0,0.0,los-angeles-chargers
Brenden Jaimes,#64,C,14.0,53.0,0.0,0.0,0.0,0.0,0.0,53.0,61.8,-,-,-,0 (0),0.0,0.0,0.0,los-angeles-chargers
Elijah Dotson,#42,HB,3.0,19.0,14.0,0.0,5.0,0.0,0.0,0.0,61.6,-,-,-,0 (0),0.0,0.0,0.0,los-angeles-chargers
Will Clapp,#76,C,10.0,36.0,0.0,0.0,0.0,0.0,0.0,36.0,61.5,-,-,-,0 (0),0.0,0.0,0.0,los-angeles-chargers
Jordan McFadden,#71,G,4.0,12.0,0.0,0.0,0.0,0.0,0.0,12.0,61.4,-,-,-,0 (0),0.0,0.0,0.0,los-angeles-chargers
Alohi Gilman,#32,S,13.0,93.0,1.0,22.0,9.0,0.0,61.0,0.0,61.2,-,-,-,0 (0),0.0,0.0,0.0,los-angeles-chargers
Cameron Dicker,#11,K,17.0,149.0,0.0,81.0,0.0,0.0,0.0,68.0,60.9,82.6,-,90.9,0 (0),1.0,0.0,0.0,los-angeles-chargers
JT Woods,#22,S,3.0,16.0,0.0,15.0,1.0,0.0,0.0,0.0,60.7,-,-,-,0 (0),0.0,0.0,0.0,los-angeles-chargers
Austen Pleasants,#75,T,1.0,4.0,0.0,0.0,0.0,0.0,0.0,4.0,60.6,-,-,-,0 (0),0.0,0.0,0.0,los-angeles-chargers
Morgan Fox,#56,DI,16.0,81.0,0.0,0.0,11.0,0.0,70.0,0.0,60.1,-,-,-,0 (0),0.0,0.0,0.0,los-angeles-chargers
Nick Vannett,#83,TE,8.0,67.0,25.0,3.0,3.0,25.0,0.0,11.0,60.1,-,-,-,0 (0),0.0,0.0,0.0,los-angeles-chargers
Scott Matlock,#99,DI,12.0,94.0,0.0,0.0,4.0,0.0,43.0,47.0,60.0,-,-,-,0 (0),0.0,0.0,0.0,los-angeles-chargers
Ty Shelby,#59,ED,1.0,2.0,0.0,0.0,2.0,0.0,0.0,0.0,60.0,-,-,-,0 (0),0.0,0.0,0.0,los-angeles-chargers
Cameron Tom,#66,C,1.0,2.0,0.0,0.0,0.0,0.0,0.0,2.0,60.0,-,-,-,0 (0),0.0,0.0,0.0,los-angeles-chargers
Khalil Mack,#52,ED,2.0,2.0,0.0,0.0,2.0,0.0,0.0,0.0,60.0,-,-,-,0 (0),0.0,0.0,0.0,los-angeles-chargers
Keenan Allen,#13,WR,1.0,1.0,1.0,0.0,0.0,0.0,0.0,0.0,60.0,-,-,-,0 (0),0.0,0.0,0.0,los-angeles-chargers
Otito Ogbonnia,#93,DI,7.0,33.0,0.0,0.0,2.0,0.0,31.0,0.0,59.7,-,-,-,0 (0),0.0,0.0,0.0,los-angeles-chargers
Chris Rumph II,#94,ED,6.0,100.0,20.0,30.0,26.0,24.0,0.0,0.0,59.7,-,-,-,0 (0),0.0,0.0,1.0,los-angeles-chargers
Sebastian Joseph-Day,#51,DI,8.0,33.0,0.0,0.0,4.0,0.0,29.0,0.0,59.6,-,-,-,0 (0),0.0,0.0,0.0,los-angeles-chargers
Nick Williams,#95,DI,14.0,107.0,0.0,0.0,1.0,0.0,52.0,54.0,59.3,-,-,-,0 (0),0.0,0.0,0.0,los-angeles-chargers
Christopher Hinton,#91,DI,3.0,17.0,0.0,0.0,0.0,0.0,17.0,0.0,58.6,-,-,-,0 (0),0.0,0.0,0.0,los-angeles-chargers
Austin Johnson,#98,DI,15.0,73.0,0.0,0.0,3.0,0.0,70.0,0.0,58.6,-,-,-,0 (0),0.0,0.0,0.0,los-angeles-chargers
Rashawn Slater,#70,T,16.0,63.0,0.0,0.0,0.0,0.0,0.0,63.0,58.1,-,-,-,0 (0),0.0,0.0,0.0,los-angeles-chargers
Hunter Kampmoyer,#48,TE,1.0,8.0,5.0,0.0,0.0,3.0,0.0,0.0,56.2,-,-,-,0 (0),0.0,0.0,0.0,los-angeles-chargers
Tre' McKitty,#88,TE,5.0,35.0,16.0,0.0,0.0,16.0,0.0,3.0,54.9,-,-,-,0 (0),0.0,0.0,0.0,los-angeles-chargers
Tuli Tuipulotu,#45,ED,17.0,204.0,24.0,20.0,16.0,71.0,73.0,0.0,53.4,-,-,-,0 (0),0.0,0.0,1.0,los-angeles-chargers
Joshua Kelley,#25,HB,12.0,78.0,56.0,0.0,7.0,15.0,0.0,0.0,52.5,59.9,-,-,0 (0),0.0,0.0,0.0,los-angeles-chargers
Asante Samuel Jr.,#26,CB,16.0,87.0,0.0,5.0,9.0,0.0,73.0,0.0,46.0,-,-,-,2 (1),0.0,0.0,0.0,los-angeles-chargers
Keelan Doss,#86,WR,2.0,6.0,6.0,0.0,0.0,0.0,0.0,0.0,41.2,-,-,-,0 (0),0.0,0.0,0.0,los-angeles-chargers
Derius Davis,#12,WR,17.0,159.0,84.0,0.0,75.0,0.0,0.0,0.0,30.0,49.8,81.0,-,0 (0),0.0,0.0,0.0,los-angeles-chargers
Quinton Bell,#56,ED,1.0,12.0,4.0,6.0,2.0,0.0,0.0,0.0,86.6,-,-,-,0 (0),0.0,0.0,0.0,miami-dolphins
Chase Claypool,#83,WR,10.0,111.0,47.0,50.0,14.0,0.0,0.0,0.0,76.8,-,-,-,0 (0),2.0,3.0,0.0,miami-dolphins
Tanner Conner,#80,TE,3.0,35.0,12.0,19.0,4.0,0.0,0.0,0.0,72.5,-,-,-,0 (0),0.0,0.0,0.0,miami-dolphins
Darrynton Evans,#37,HB,2.0,21.0,3.0,13.0,5.0,0.0,0.0,0.0,71.3,-,-,-,0 (0),0.0,0.0,0.0,miami-dolphins
Emmanuel Ogbah,#91,ED,16.0,110.0,0.0,0.0,49.0,0.0,61.0,0.0,71.0,-,-,-,0 (0),0.0,0.0,0.0,miami-dolphins
Brandon Jones,#29,S,17.0,223.0,25.0,89.0,39.0,0.0,70.0,0.0,70.4,-,-,-,1 (0),1.0,1.0,0.0,miami-dolphins
Cameron Goode,#53,ED,17.0,309.0,73.0,98.0,51.0,43.0,44.0,0.0,69.6,-,-,-,1 (0),4.0,0.0,1.0,miami-dolphins
Nik Needham,#40,CB,8.0,35.0,3.0,2.0,28.0,0.0,2.0,0.0,68.9,-,-,-,0 (0),0.0,0.0,0.0,miami-dolphins
Chase Winovich,#50,ED,3.0,46.0,18.0,14.0,5.0,8.0,1.0,0.0,67.5,-,-,-,0 (0),1.0,1.0,0.0,miami-dolphins
Durham Smythe,#81,TE,14.0,129.0,42.0,0.0,0.0,21.0,0.0,66.0,67.3,-,-,-,0 (0),1.0,0.0,0.0,miami-dolphins
Tyler Kroft,#82,TE,6.0,31.0,12.0,0.0,0.0,0.0,0.0,19.0,66.8,-,-,-,0 (0),0.0,0.0,0.0,miami-dolphins
Duke Riley,#45,LB,18.0,335.0,89.0,71.0,61.0,57.0,57.0,0.0,65.1,67.4,-,-,1 (1),2.0,1.0,0.0,miami-dolphins
Zach Sieler,#92,DI,18.0,199.0,0.0,0.0,38.0,0.0,73.0,88.0,64.2,-,-,-,0 (0),0.0,0.0,0.0,miami-dolphins
Elijah Campbell,#22,S,16.0,322.0,74.0,81.0,58.0,49.0,60.0,0.0,64.2,-,-,-,3 (0),6.0,0.0,2.0,miami-dolphins
David Long Jr.,#51,LB,18.0,73.0,0.0,0.0,0.0,57.0,16.0,0.0,64.2,-,-,-,0 (0),2.0,1.0,1.0,miami-dolphins
Kendall Lamm,#70,T,18.0,87.0,0.0,0.0,0.0,0.0,0.0,87.0,64.0,-,-,-,0 (0),0.0,0.0,0.0,miami-dolphins
Ethan Bonner,#38,CB,3.0,43.0,7.0,15.0,11.0,0.0,10.0,0.0,63.9,-,-,-,0 (0),0.0,0.0,0.0,miami-dolphins
Channing Tindall,#41,LB,18.0,257.0,86.0,80.0,32.0,55.0,4.0,0.0,63.9,-,-,-,1 (0),2.0,3.0,2.0,miami-dolphins
Malik Reed,#47,ED,1.0,18.0,7.0,2.0,3.0,0.0,6.0,0.0,63.8,-,-,-,0 (0),1.0,0.0,0.0,miami-dolphins
Calvin Munson,#50,LB,6.0,76.0,30.0,29.0,9.0,8.0,0.0,0.0,63.8,-,-,-,0 (0),0.0,0.0,0.0,miami-dolphins
Jake Bailey,#16,P,18.0,155.0,0.0,10.0,0.0,57.0,0.0,88.0,63.7,66.5,69.6,-,0 (0),0.0,0.0,0.0,miami-dolphins
Jaelan Phillips,#15,ED,6.0,16.0,0.0,0.0,8.0,0.0,8.0,0.0,63.4,-,-,-,0 (0),0.0,0.0,0.0,miami-dolphins
Bradley Chubb,#02,ED,6.0,17.0,0.0,0.0,6.0,0.0,11.0,0.0,63.1,-,-,-,0 (0),0.0,0.0,0.0,miami-dolphins
River Cracraft,#85,WR,4.0,8.0,2.0,2.0,4.0,0.0,0.0,0.0,63.1,60.0,-,-,0 (0),0.0,0.0,0.0,miami-dolphins
Liam Eichenberg,#74,C,15.0,66.0,0.0,0.0,0.0,0.0,0.0,66.0,63.1,-,-,-,0 (0),0.0,0.0,0.0,miami-dolphins
Justin Bethel,#20,CB,18.0,331.0,45.0,100.0,63.0,57.0,66.0,0.0,63.1,-,-,-,2 (0),6.0,1.0,0.0,miami-dolphins
Robert Jones,#65,G,9.0,34.0,0.0,0.0,0.0,0.0,0.0,34.0,62.3,-,-,-,0 (0),0.0,0.0,0.0,miami-dolphins
Chris Brooks,#35,HB,10.0,118.0,58.0,43.0,13.0,4.0,0.0,0.0,62.3,-,-,-,0 (0),0.0,0.0,0.0,miami-dolphins
Kelvin Joseph,#09,CB,4.0,87.0,21.0,28.0,15.0,5.0,18.0,0.0,62.3,-,-,-,0 (0),0.0,0.0,0.0,miami-dolphins
Isaiah Wynn,#77,G,6.0,36.0,0.0,0.0,0.0,0.0,0.0,36.0,62.3,-,-,-,0 (0),0.0,0.0,0.0,miami-dolphins
Kion Smith,#71,T,9.0,45.0,0.0,0.0,0.0,0.0,0.0,45.0,61.7,-,-,-,0 (0),0.0,0.0,0.0,miami-dolphins
Robert Hunt,#68,G,11.0,44.0,0.0,0.0,0.0,0.0,0.0,44.0,61.7,-,-,-,0 (0),0.0,0.0,0.0,miami-dolphins
Raekwon Davis,#98,DI,17.0,92.0,0.0,0.0,20.0,0.0,72.0,0.0,61.5,-,-,-,0 (0),0.0,0.0,0.0,miami-dolphins
DeShon Elliott,#21,S,3.0,22.0,9.0,0.0,0.0,0.0,13.0,0.0,61.5,-,-,-,0 (0),0.0,0.0,0.0,miami-dolphins
Braxton Berrios,#00,WR,17.0,147.0,84.0,0.0,63.0,0.0,0.0,0.0,61.4,58.2,71.7,-,0 (0),0.0,0.0,0.0,miami-dolphins
Jason Sanders,#07,K,18.0,178.0,0.0,90.0,0.0,0.0,0.0,88.0,61.0,83.1,-,81.0,0 (0),1.0,0.0,0.0,miami-dolphins
Raheem Mostert,#31,HB,3.0,3.0,3.0,0.0,0.0,0.0,0.0,0.0,60.4,-,-,-,0 (0),0.0,0.0,0.0,miami-dolphins
Erik Ezukanma,#18,WR,1.0,2.0,0.0,2.0,0.0,0.0,0.0,0.0,60.3,-,-,-,0 (0),0.0,0.0,0.0,miami-dolphins
Salvon Ahmed,#26,HB,8.0,70.0,29.0,24.0,15.0,2.0,0.0,0.0,60.2,-,-,-,0 (0),0.0,0.0,0.0,miami-dolphins
Jerome Baker,#55,LB,2.0,2.0,2.0,0.0,0.0,0.0,0.0,0.0,60.1,-,-,-,0 (0),0.0,0.0,0.0,miami-dolphins
Jaylen Waddle,#17,WR,4.0,5.0,5.0,0.0,0.0,0.0,0.0,0.0,60.0,59.6,-,-,0 (0),0.0,0.0,0.0,miami-dolphins
Jason Pierre-Paul,#90,ED,2.0,8.0,0.0,0.0,2.0,0.0,6.0,0.0,59.9,-,-,-,0 (0),0.0,0.0,0.0,miami-dolphins
Cedrick Wilson Jr.,#11,WR,6.0,17.0,10.0,0.0,7.0,0.0,0.0,0.0,59.8,-,63.2,-,0 (0),0.0,0.0,0.0,miami-dolphins
Tyreek Hill,#10,WR,3.0,3.0,3.0,0.0,0.0,0.0,0.0,0.0,59.8,60.0,-,-,0 (0),0.0,0.0,0.0,miami-dolphins
Jeff Wilson Jr.,#23,HB,4.0,15.0,15.0,0.0,0.0,0.0,0.0,0.0,59.6,-,-,-,0 (0),0.0,0.0,0.0,miami-dolphins
Xavien Howard,#25,CB,2.0,2.0,2.0,0.0,0.0,0.0,0.0,0.0,59.4,-,-,-,0 (0),0.0,0.0,0.0,miami-dolphins
Parry Nickerson,#34,CB,4.0,19.0,0.0,6.0,13.0,0.0,0.0,0.0,58.9,-,-,-,0 (0),0.0,0.0,0.0,miami-dolphins
Brandon Pili,#96,DI,4.0,21.0,0.0,0.0,0.0,0.0,21.0,0.0,58.2,-,-,-,0 (0),0.0,0.0,0.0,miami-dolphins
Da'Shawn Hand,#93,DI,13.0,52.0,0.0,0.0,4.0,0.0,48.0,0.0,57.9,-,-,-,0 (0),0.0,0.0,0.0,miami-dolphins
Christian Wilkins,#94,DI,18.0,198.0,0.0,0.0,38.0,0.0,72.0,88.0,55.9,-,-,-,0 (0),0.0,0.0,0.0,miami-dolphins
Julian Hill,#89,TE,13.0,102.0,50.0,0.0,14.0,38.0,0.0,0.0,53.9,-,-,-,1 (0),0.0,0.0,0.0,miami-dolphins
Blake Ferguson,#44,LS,18.0,145.0,0.0,0.0,0.0,57.0,0.0,88.0,53.2,-,-,-,1 (0),0.0,0.0,0.0,miami-dolphins
Alec Ingold,#30,FB,18.0,129.0,72.0,0.0,0.0,57.0,0.0,0.0,52.9,59.9,-,-,0 (0),1.0,0.0,1.0,miami-dolphins
Andrew Van Ginkel,#43,ED,17.0,137.0,14.0,44.0,19.0,49.0,11.0,0.0,51.6,-,-,-,1 (0),0.0,0.0,1.0,miami-dolphins
De'Von Achane,#28,HB,4.0,7.0,2.0,4.0,1.0,0.0,0.0,0.0,47.4,59.6,-,-,0 (0),0.0,0.0,0.0,miami-dolphins
Jevon Holland,#08,S,10.0,55.0,1.0,54.0,0.0,0.0,0.0,0.0,47.1,-,-,-,0 (0),1.0,0.0,0.0,miami-dolphins
Kader Kohou,#04,CB,9.0,43.0,0.0,43.0,0.0,0.0,0.0,0.0,46.4,-,-,-,0 (0),0.0,0.0,0.0,miami-dolphins
Austin Jackson,#73,T,9.0,43.0,0.0,0.0,0.0,0.0,0.0,43.0,46.2,-,-,-,1 (1),0.0,0.0,0.0,miami-dolphins
Cam Smith,#24,CB,15.0,206.0,20.0,81.0,53.0,3.0,49.0,0.0,42.0,-,-,-,0 (0),0.0,0.0,1.0,miami-dolphins
Lester Cotton,#66,G,18.0,88.0,0.0,0.0,0.0,0.0,0.0,88.0,40.3,-,-,-,0 (0),0.0,0.0,0.0,miami-dolphins
Theo Jackson,#25,S,15.0,259.0,68.0,73.0,57.0,51.0,10.0,0.0,86.4,-,-,-,0 (0),4.0,0.0,0.0,minnesota-vikings
Andrew DePaola,#42,LS,17.0,128.0,0.0,0.0,0.0,60.0,0.0,68.0,79.6,-,-,-,1 (1),2.0,0.0,0.0,minnesota-vikings
Troy Dye,#45,LB,15.0,294.0,68.0,73.0,52.0,51.0,50.0,0.0,76.5,-,-,-,2 (0),4.0,0.0,2.0,minnesota-vikings
Nick Muse,#34,TE,2.0,29.0,13.0,0.0,2.0,8.0,0.0,6.0,74.6,-,-,-,0 (0),1.0,0.0,0.0,minnesota-vikings
Ivan Pace Jr.,#40,LB,16.0,249.0,64.0,62.0,31.0,20.0,72.0,0.0,74.3,-,-,-,1 (0),4.0,1.0,1.0,minnesota-vikings
NaJee Thompson,#11,CB,15.0,193.0,19.0,66.0,42.0,53.0,13.0,0.0,72.9,-,-,-,2 (0),7.0,1.0,3.0,minnesota-vikings
D.J. Wonnum,#98,ED,15.0,98.0,0.0,0.0,24.0,21.0,53.0,0.0,70.7,-,-,-,0 (0),1.0,1.0,0.0,minnesota-vikings
Ty Chandler,#32,HB,15.0,117.0,37.0,30.0,17.0,33.0,0.0,0.0,70.4,67.6,-,-,0 (0),1.0,0.0,0.0,minnesota-vikings
Lewis Cine,#06,S,7.0,84.0,35.0,26.0,16.0,7.0,0.0,0.0,69.7,-,-,-,0 (0),0.0,0.0,0.0,minnesota-vikings
Nick Vigil,#59,LB,8.0,115.0,38.0,39.0,26.0,12.0,0.0,0.0,66.2,-,-,-,0 (0),0.0,0.0,0.0,minnesota-vikings
Josh Metellus,#44,S,17.0,193.0,2.0,70.0,53.0,17.0,51.0,0.0,66.1,-,-,-,1 (1),4.0,0.0,0.0,minnesota-vikings
N'Keal Harry,#13,WR,9.0,49.0,40.0,0.0,9.0,0.0,0.0,0.0,65.8,-,-,-,0 (0),0.0,0.0,0.0,minnesota-vikings
Pat Jones II,#91,ED,17.0,173.0,9.0,16.0,45.0,36.0,67.0,0.0,65.8,-,-,-,1 (1),1.0,0.0,0.0,minnesota-vikings
Andrew Booth Jr.,#23,CB,17.0,121.0,31.0,17.0,69.0,0.0,4.0,0.0,65.3,-,-,-,0 (0),0.0,0.0,0.0,minnesota-vikings
Benton Whitley,#51,ED,1.0,6.0,1.0,4.0,1.0,0.0,0.0,0.0,64.3,-,-,-,0 (0),0.0,0.0,0.0,minnesota-vikings
Dalton Risner,#66,G,14.0,56.0,0.0,0.0,0.0,1.0,0.0,55.0,64.1,-,-,-,0 (0),0.0,0.0,0.0,minnesota-vikings
Jordan Hicks,#58,LB,11.0,33.0,0.0,0.0,11.0,0.0,22.0,0.0,64.1,-,-,-,0 (0),0.0,0.0,0.0,minnesota-vikings
Ryan Wright,#14,P,17.0,129.0,0.0,1.0,0.0,60.0,0.0,68.0,63.3,60.0,68.3,-,1 (0),0.0,0.0,0.0,minnesota-vikings
Byron Murphy Jr.,#07,CB,13.0,56.0,0.0,0.0,0.0,0.0,56.0,0.0,63.2,-,-,-,0 (0),0.0,0.0,0.0,minnesota-vikings
Lucky Jackson,#81,WR,3.0,32.0,19.0,8.0,5.0,0.0,0.0,0.0,63.1,-,-,-,0 (0),0.0,0.0,0.0,minnesota-vikings
Trishton Jackson,#09,WR,4.0,14.0,11.0,1.0,2.0,0.0,0.0,0.0,63.0,-,-,-,0 (0),0.0,0.0,0.0,minnesota-vikings
David Quessenberry,#76,T,16.0,66.0,0.0,0.0,0.0,1.0,0.0,65.0,63.0,-,-,-,0 (0),0.0,0.0,0.0,minnesota-vikings
Brian O'Neill,#75,T,11.0,40.0,0.0,0.0,0.0,0.0,0.0,40.0,62.9,-,-,-,0 (0),0.0,0.0,0.0,minnesota-vikings
Josh Oliver,#84,TE,17.0,150.0,81.0,0.0,0.0,1.0,0.0,68.0,62.8,-,-,-,1 (0),0.0,0.0,0.0,minnesota-vikings
Andre Carter II,#55,ED,12.0,142.0,15.0,45.0,35.0,0.0,47.0,0.0,62.6,-,-,-,0 (0),0.0,0.0,0.0,minnesota-vikings
Myles Gaskin,#37,HB,2.0,4.0,0.0,0.0,4.0,0.0,0.0,0.0,62.5,-,-,-,0 (0),0.0,0.0,0.0,minnesota-vikings
Blake Brandel,#64,G,17.0,68.0,0.0,0.0,0.0,1.0,0.0,67.0,62.4,-,-,-,0 (0),0.0,0.0,0.0,minnesota-vikings
Ed Ingram,#67,G,15.0,61.0,0.0,0.0,0.0,0.0,0.0,61.0,62.0,-,-,-,0 (0),0.0,0.0,0.0,minnesota-vikings
Ezra Cleveland,#72,G,6.0,23.0,0.0,0.0,0.0,0.0,0.0,23.0,61.9,-,-,-,0 (0),0.0,0.0,0.0,minnesota-vikings
Brandon Powell,#04,WR,17.0,72.0,0.0,0.0,71.0,0.0,1.0,0.0,61.6,-,64.3,-,0 (0),0.0,0.0,0.0,minnesota-vikings
Luiji Vilain,#43,ED,1.0,14.0,4.0,6.0,0.0,0.0,4.0,0.0,61.5,-,-,-,0 (0),0.0,0.0,0.0,minnesota-vikings
Jaquelin Roy,#93,DI,11.0,59.0,0.0,0.0,17.0,0.0,42.0,0.0,61.4,-,-,-,0 (0),0.0,0.0,0.0,minnesota-vikings
Olisaemeka Udoh,#74,T,2.0,5.0,0.0,0.0,0.0,0.0,0.0,5.0,61.2,-,-,-,0 (0),0.0,0.0,0.0,minnesota-vikings
Hakeem Adeniji,#78,T,4.0,17.0,0.0,0.0,0.0,0.0,0.0,17.0,61.0,-,-,-,0 (0),0.0,0.0,0.0,minnesota-vikings
Greg Joseph,#01,K,17.0,148.0,0.0,79.0,0.0,1.0,0.0,68.0,60.9,82.0,60.0,64.2,0 (0),0.0,0.0,0.0,minnesota-vikings
T.J. Smith,#50,DI,2.0,14.0,0.0,0.0,3.0,0.0,11.0,0.0,60.8,-,-,-,0 (0),0.0,0.0,0.0,minnesota-vikings
Anthony Barr,#54,LB,2.0,11.0,0.0,0.0,0.0,0.0,11.0,0.0,60.5,-,-,-,0 (0),0.0,0.0,0.0,minnesota-vikings
Dean Lowry,#94,DI,8.0,39.0,0.0,0.0,6.0,0.0,33.0,0.0,60.2,-,-,-,0 (0),0.0,0.0,0.0,minnesota-vikings
Mekhi Blackmon,#05,CB,2.0,2.0,0.0,0.0,1.0,0.0,1.0,0.0,60.1,-,-,-,0 (0),0.0,0.0,0.0,minnesota-vikings
Khyiris Tonga,#95,DI,14.0,74.0,0.0,0.0,16.0,0.0,58.0,0.0,60.1,-,-,-,0 (0),0.0,0.0,0.0,minnesota-vikings
Justin Jefferson,#18,WR,1.0,1.0,0.0,1.0,0.0,0.0,0.0,0.0,60.0,-,-,-,0 (0),0.0,0.0,0.0,minnesota-vikings
K.J. Osborn,#17,WR,1.0,1.0,0.0,1.0,0.0,0.0,0.0,0.0,60.0,-,-,-,0 (0),0.0,0.0,0.0,minnesota-vikings
Chris Reed,#62,G,1.0,2.0,0.0,0.0,0.0,1.0,0.0,1.0,60.0,-,-,-,0 (0),0.0,0.0,0.0,minnesota-vikings
Harrison Smith,#22,S,1.0,1.0,0.0,0.0,0.0,0.0,1.0,0.0,60.0,-,-,-,0 (0),0.0,0.0,0.0,minnesota-vikings
Marcus Davenport,#00,ED,1.0,5.0,0.0,0.0,0.0,0.0,5.0,0.0,59.9,-,-,-,0 (0),0.0,0.0,0.0,minnesota-vikings
Camryn Bynum,#24,S,16.0,73.0,0.0,0.0,0.0,0.0,73.0,0.0,59.5,-,-,-,0 (0),0.0,0.0,0.0,minnesota-vikings
Danielle Hunter,#99,ED,5.0,10.0,0.0,0.0,0.0,0.0,10.0,0.0,59.4,-,-,-,0 (0),0.0,0.0,0.0,minnesota-vikings
Kene Nwangwu,#26,HB,9.0,93.0,44.0,34.0,7.0,8.0,0.0,0.0,58.5,68.4,-,-,0 (0),1.0,0.0,1.0,minnesota-vikings
Jonathan Bullard,#90,DI,6.0,24.0,0.0,0.0,0.0,0.0,24.0,0.0,58.0,-,-,-,0 (0),0.0,0.0,0.0,minnesota-vikings
Jalen Nailor,#83,WR,4.0,49.0,17.0,7.0,16.0,9.0,0.0,0.0,57.6,-,-,-,1 (0),1.0,0.0,1.0,minnesota-vikings
Jaylin Williams,#38,CB,3.0,27.0,0.0,0.0,10.0,6.0,11.0,0.0,57.1,-,-,-,0 (0),0.0,0.0,0.0,minnesota-vikings
C.J. Ham,#30,FB,17.0,242.0,81.0,80.0,22.0,59.0,0.0,0.0,57.1,-,-,-,0 (0),3.0,1.0,0.0,minnesota-vikings
Joejuan Williams,#29,CB,1.0,14.0,6.0,5.0,3.0,0.0,0.0,0.0,56.6,-,-,-,1 (0),0.0,0.0,0.0,minnesota-vikings
Johnny Mundt,#86,TE,17.0,208.0,81.0,0.0,5.0,60.0,0.0,62.0,55.0,-,-,-,0 (0),0.0,1.0,0.0,minnesota-vikings
Brian Asamoah II,#33,LB,13.0,196.0,57.0,56.0,37.0,46.0,0.0,0.0,50.5,-,-,-,3 (0),3.0,1.0,1.0,minnesota-vikings
Jay Ward,#20,S,17.0,300.0,50.0,80.0,62.0,35.0,73.0,0.0,42.3,-,-,-,4 (1),3.0,1.0,6.0,minnesota-vikings
Christian Darrisaw,#71,T,15.0,60.0,0.0,0.0,0.0,1.0,0.0,59.0,29.9,-,-,-,0 (0),1.0,0.0,0.0,minnesota-vikings
Austin Schlottmann,#65,C,5.0,16.0,0.0,0.0,0.0,1.0,0.0,15.0,29.1,-,-,-,0 (0),0.0,0.0,0.0,minnesota-vikings
Brenden Schooler,#41,S,17.0,406.0,86.0,61.0,89.0,99.0,71.0,0.0,86.7,-,60.0,-,4 (0),10.0,1.0,8.0,new-england-patriots
Joshua Uche,#55,ED,11.0,61.0,54.0,0.0,7.0,0.0,0.0,0.0,77.9,-,-,-,0 (0),0.0,0.0,0.0,new-england-patriots
Chris Board,#45,LB,17.0,406.0,86.0,61.0,89.0,99.0,71.0,0.0,74.6,-,-,-,2 (0),8.0,3.0,2.0,new-england-patriots
Kyle Dugger,#23,S,17.0,120.0,6.0,12.0,16.0,16.0,70.0,0.0,72.5,59.0,-,-,0 (0),2.0,0.0,0.0,new-england-patriots
Marte Mapu,#30,S,17.0,217.0,66.0,42.0,29.0,80.0,0.0,0.0,71.3,-,-,-,0 (0),2.0,0.0,1.0,new-england-patriots
Ty Montgomery,#14,WR,13.0,198.0,62.0,45.0,30.0,61.0,0.0,0.0,70.5,51.8,-,-,1 (1),7.0,0.0,0.0,new-england-patriots
Adrian Phillips,#21,S,17.0,320.0,87.0,61.0,69.0,33.0,70.0,0.0,69.6,-,-,-,0 (0),3.0,0.0,2.0,new-england-patriots
Jeremiah Pharms Jr.,#70,DI,3.0,12.0,0.0,0.0,6.0,0.0,6.0,0.0,69.1,-,-,-,0 (0),0.0,0.0,0.0,new-england-patriots
Jahlani Tavai,#48,LB,17.0,358.0,86.0,61.0,41.0,99.0,71.0,0.0,66.7,-,-,-,0 (0),2.0,1.0,1.0,new-england-patriots
Jonathan Jones,#31,CB,6.0,17.0,0.0,10.0,7.0,0.0,0.0,0.0,65.1,-,-,-,0 (0),1.0,0.0,0.0,new-england-patriots
Jabrill Peppers,#05,S,14.0,89.0,13.0,36.0,33.0,7.0,0.0,0.0,65.0,-,42.4,-,1 (0),2.0,1.0,0.0,new-england-patriots
J.C. Jackson,#29,CB,3.0,8.0,0.0,0.0,8.0,0.0,0.0,0.0,64.7,-,-,-,0 (0),0.0,0.0,0.0,new-england-patriots
Jalen Mills,#02,S,6.0,21.0,0.0,7.0,12.0,0.0,2.0,0.0,64.7,-,-,-,0 (0),0.0,1.0,0.0,new-england-patriots
Keion White,#99,ED,14.0,135.0,0.0,0.0,79.0,0.0,56.0,0.0,64.2,-,-,-,1 (0),0.0,0.0,0.0,new-england-patriots
Atonio Mafi,#68,G,16.0,50.0,0.0,0.0,0.0,0.0,0.0,50.0,64.1,-,-,-,0 (0),0.0,0.0,0.0,new-england-patriots
Bryce Baringer,#17,P,17.0,150.0,0.0,1.0,0.0,99.0,0.0,50.0,63.7,60.0,68.2,-,2 (1),1.0,0.0,0.0,new-england-patriots
Anfernee Jennings,#33,ED,13.0,93.0,43.0,0.0,7.0,0.0,40.0,3.0,63.7,-,-,-,0 (0),0.0,0.0,0.0,new-england-patriots
Myles Bryant,#27,CB,15.0,95.0,1.0,0.0,41.0,0.0,53.0,0.0,63.4,59.9,54.4,-,0 (0),0.0,0.0,0.0,new-england-patriots
Pharaoh Brown,#86,TE,16.0,209.0,69.0,0.0,12.0,91.0,0.0,37.0,63.4,-,-,-,0 (0),2.0,0.0,1.0,new-england-patriots
Lawrence Guy Sr.,#93,DI,17.0,161.0,0.0,0.0,40.0,0.0,71.0,50.0,63.3,-,-,-,0 (0),0.0,0.0,0.0,new-england-patriots
Sidy Sow,#62,G,14.0,42.0,0.0,0.0,0.0,0.0,0.0,42.0,63.0,-,-,-,0 (0),0.0,0.0,0.0,new-england-patriots
Alex Austin,#28,CB,5.0,22.0,0.0,0.0,22.0,0.0,0.0,0.0,62.7,-,-,-,0 (0),0.0,0.0,0.0,new-england-patriots
Jake Andrews,#67,G,16.0,50.0,0.0,0.0,0.0,0.0,0.0,50.0,62.6,-,-,-,0 (0),0.0,0.0,0.0,new-england-patriots
Trent Brown,#77,T,10.0,32.0,0.0,0.0,0.0,0.0,0.0,32.0,62.4,-,-,-,0 (0),0.0,0.0,0.0,new-england-patriots
Cody Davis,#22,S,11.0,202.0,29.0,41.0,52.0,66.0,14.0,0.0,61.9,-,-,-,0 (0),5.0,0.0,2.0,new-england-patriots
Mike Onwenu,#71,T,14.0,45.0,0.0,0.0,0.0,0.0,0.0,45.0,61.7,-,-,-,0 (0),0.0,0.0,0.0,new-england-patriots
Matthew Slater,#18,WR,16.0,377.0,82.0,53.0,82.0,91.0,69.0,0.0,61.5,-,-,-,2 (0),5.0,2.0,1.0,new-england-patriots
Cole Strange,#69,G,4.0,9.0,0.0,0.0,0.0,0.0,0.0,9.0,61.3,-,-,-,0 (0),0.0,0.0,0.0,new-england-patriots
Vederian Lowe,#59,T,4.0,11.0,0.0,0.0,0.0,0.0,0.0,11.0,61.2,-,-,-,0 (0),0.0,0.0,0.0,new-england-patriots
Calvin Anderson,#76,T,5.0,15.0,0.0,0.0,0.0,0.0,0.0,15.0,61.1,-,-,-,0 (0),0.0,0.0,0.0,new-england-patriots
Joshuah Bledsoe,#24,S,1.0,3.0,0.0,0.0,2.0,0.0,1.0,0.0,61.0,-,-,-,0 (0),0.0,0.0,0.0,new-england-patriots
Ameer Speed,#37,CB,5.0,73.0,31.0,16.0,25.0,1.0,0.0,0.0,61.0,-,-,-,0 (0),1.0,0.0,0.0,new-england-patriots
Conor McDermott,#75,T,3.0,9.0,0.0,0.0,0.0,0.0,0.0,9.0,61.0,-,-,-,0 (0),0.0,0.0,0.0,new-england-patriots
Tyrone Wheatley Jr.,#72,T,2.0,5.0,0.0,0.0,0.0,0.0,0.0,5.0,60.4,-,-,-,0 (0),0.0,0.0,0.0,new-england-patriots
Jalen Reagor,#83,WR,6.0,30.0,29.0,0.0,0.0,1.0,0.0,0.0,60.3,70.2,-,-,0 (0),0.0,0.0,0.0,new-england-patriots
Marcus Jones,#25,CB,1.0,9.0,0.0,4.0,5.0,0.0,0.0,0.0,60.3,-,41.5,-,0 (0),0.0,0.0,0.0,new-england-patriots
Rhamondre Stevenson,#38,HB,1.0,0.0,0.0,0.0,0.0,0.0,0.0,0.0,60.0,-,-,-,0 (0),0.0,0.0,0.0,new-england-patriots
Mac Jones,#10,QB,1.0,0.0,0.0,0.0,0.0,0.0,0.0,0.0,60.0,-,-,-,0 (0),0.0,0.0,0.0,new-england-patriots
Mike Gesicki,#88,TE,5.0,10.0,6.0,0.0,0.0,0.0,4.0,0.0,60.0,-,-,-,0 (0),0.0,0.0,0.0,new-england-patriots
JuJu Smith-Schuster,#07,WR,1.0,1.0,1.0,0.0,0.0,0.0,0.0,0.0,60.0,-,-,-,0 (0),0.0,0.0,0.0,new-england-patriots
Matthew Judon,#09,ED,1.0,1.0,0.0,0.0,1.0,0.0,0.0,0.0,60.0,-,-,-,0 (0),0.0,0.0,0.0,new-england-patriots
Ezekiel Elliott,#15,HB,2.0,1.0,1.0,0.0,0.0,0.0,0.0,0.0,60.0,-,-,-,0 (0),0.0,0.0,0.0,new-england-patriots
David Andrews,#60,C,1.0,0.0,0.0,0.0,0.0,0.0,0.0,0.0,60.0,-,-,-,0 (0),0.0,0.0,0.0,new-england-patriots
Riley Reiff,#74,G,1.0,1.0,0.0,0.0,0.0,0.0,0.0,1.0,60.0,-,-,-,0 (0),0.0,0.0,0.0,new-england-patriots
Christian Barmore,#90,DI,1.0,2.0,0.0,0.0,0.0,0.0,2.0,0.0,59.7,-,-,-,0 (0),0.0,0.0,0.0,new-england-patriots
Kevin Harris,#36,HB,1.0,4.0,4.0,0.0,0.0,0.0,0.0,0.0,59.5,59.9,-,-,0 (0),0.0,0.0,0.0,new-england-patriots
Daniel Ekuale,#95,DI,2.0,12.0,0.0,0.0,0.0,0.0,12.0,0.0,59.2,-,-,-,0 (0),0.0,0.0,0.0,new-england-patriots
Matt Sokol,#87,TE,1.0,7.0,0.0,0.0,0.0,7.0,0.0,0.0,58.5,-,-,-,0 (0),0.0,0.0,0.0,new-england-patriots
Deatrich Wise Jr.,#91,ED,16.0,115.0,0.0,0.0,5.0,0.0,69.0,41.0,58.4,-,-,-,0 (0),0.0,0.0,0.0,new-england-patriots
Shaun Wade,#26,CB,10.0,26.0,0.0,0.0,26.0,0.0,0.0,0.0,58.3,-,-,-,0 (0),0.0,0.0,0.0,new-england-patriots
Demario Douglas,#81,WR,8.0,31.0,1.0,0.0,30.0,0.0,0.0,0.0,58.2,-,66.9,-,0 (0),0.0,0.0,0.0,new-england-patriots
Hunter Henry,#85,TE,3.0,6.0,6.0,0.0,0.0,0.0,0.0,0.0,58.2,-,-,-,0 (0),0.0,0.0,0.0,new-england-patriots
Ja'Whaun Bentley,#08,LB,6.0,11.0,1.0,0.0,0.0,10.0,0.0,0.0,57.6,-,-,-,0 (0),0.0,0.0,0.0,new-england-patriots
Christian Elliss,#53,LB,4.0,87.0,21.0,16.0,23.0,27.0,0.0,0.0,56.5,-,-,-,1 (0),2.0,0.0,1.0,new-england-patriots
Mack Wilson Sr.,#03,LB,17.0,312.0,78.0,61.0,74.0,97.0,2.0,0.0,54.5,-,-,-,2 (0),3.0,2.0,2.0,new-england-patriots
JaMycal Hasty,#39,HB,2.0,10.0,0.0,10.0,0.0,0.0,0.0,0.0,52.4,-,-,-,0 (0),0.0,0.0,0.0,new-england-patriots
Calvin Munson,#43,LB,3.0,25.0,8.0,10.0,1.0,6.0,0.0,0.0,52.2,-,-,-,0 (0),0.0,0.0,1.0,new-england-patriots
Christian Gonzalez,#06,CB,3.0,19.0,0.0,3.0,16.0,0.0,0.0,0.0,50.9,-,-,-,0 (0),0.0,0.0,0.0,new-england-patriots
Chad Ryland,#37,K,17.0,110.0,0.0,60.0,0.0,0.0,0.0,50.0,46.0,67.9,-,38.2,1 (0),0.0,0.0,0.0,new-england-patriots
Sam Roberts,#96,DI,5.0,27.0,0.0,0.0,0.0,0.0,27.0,0.0,44.6,-,-,-,1 (0),0.0,0.0,0.0,new-england-patriots
Joe Cardona,#49,LS,17.0,149.0,0.0,0.0,0.0,99.0,0.0,50.0,31.9,-,-,-,1 (0),1.0,0.0,1.0,new-england-patriots
J.T. Gray,#48,S,14.0,300.0,62.0,74.0,57.0,59.0,48.0,0.0,89.7,-,-,-,1 (0),8.0,2.0,1.0,new-orleans-saints
Zack Baun,#53,ED,17.0,383.0,79.0,91.0,72.0,76.0,65.0,0.0,83.1,-,-,-,0 (0),3.0,0.0,0.0,new-orleans-saints
Nephi Sewell,#45,LB,16.0,264.0,66.0,72.0,59.0,67.0,0.0,0.0,78.8,-,-,-,0 (0),3.0,0.0,0.0,new-orleans-saints
Adam Prentice,#46,FB,13.0,137.0,56.0,8.0,15.0,58.0,0.0,0.0,78.4,-,-,-,1 (1),3.0,2.0,0.0,new-orleans-saints
D'Marco Jackson,#52,LB,17.0,382.0,79.0,91.0,71.0,76.0,65.0,0.0,77.4,61.2,-,-,0 (0),3.0,6.0,0.0,new-orleans-saints
Lonnie Johnson Jr.,#28,S,12.0,247.0,55.0,58.0,44.0,44.0,46.0,0.0,75.4,-,-,-,2 (0),5.0,0.0,3.0,new-orleans-saints
Ty Summers,#42,LB,15.0,301.0,68.0,80.0,65.0,67.0,21.0,0.0,73.5,-,-,-,0 (0),3.0,1.0,0.0,new-orleans-saints
Cameron Dantzler,#11,CB,2.0,9.0,0.0,0.0,9.0,0.0,0.0,0.0,73.3,-,-,-,0 (0),0.0,0.0,0.0,new-orleans-saints
Kirk Merritt,#33,WR,1.0,6.0,6.0,0.0,0.0,0.0,0.0,0.0,72.8,-,-,-,0 (0),0.0,0.0,0.0,new-orleans-saints
Daniel Sorensen,#26,S,2.0,37.0,6.0,11.0,12.0,3.0,5.0,0.0,71.3,-,-,-,0 (0),0.0,0.0,0.0,new-orleans-saints
Isaac Yiadom,#27,CB,17.0,265.0,30.0,77.0,63.0,32.0,63.0,0.0,69.5,-,-,-,1 (0),4.0,1.0,1.0,new-orleans-saints
Ryan Connelly,#43,LB,1.0,21.0,6.0,5.0,3.0,5.0,2.0,0.0,67.3,-,-,-,0 (0),0.0,0.0,0.0,new-orleans-saints
Shemar Jean-Charles,#38,CB,3.0,34.0,0.0,18.0,12.0,4.0,0.0,0.0,66.6,-,-,-,0 (0),0.0,0.0,0.0,new-orleans-saints
Johnathan Abram,#24,S,9.0,113.0,33.0,36.0,20.0,12.0,12.0,0.0,65.4,-,-,-,0 (0),0.0,2.0,0.0,new-orleans-saints
Trevor Penning,#70,T,17.0,77.0,0.0,0.0,0.0,0.0,0.0,77.0,63.8,-,-,-,0 (0),0.0,0.0,0.0,new-orleans-saints
Lou Hedley,#39,P,17.0,153.0,0.0,0.0,0.0,76.0,0.0,77.0,63.7,-,56.2,-,0 (0),0.0,0.0,0.0,new-orleans-saints
Zach Wood,#49,LS,17.0,153.0,0.0,0.0,0.0,76.0,0.0,77.0,63.6,-,-,-,3 (0),1.0,1.0,0.0,new-orleans-saints
Cesar Ruiz,#51,G,16.0,71.0,0.0,0.0,0.0,0.0,0.0,71.0,63.2,-,-,-,0 (0),0.0,0.0,0.0,new-orleans-saints
Ryan Ramczyk,#71,T,12.0,52.0,0.0,0.0,0.0,0.0,0.0,52.0,63.2,-,-,-,0 (0),0.0,0.0,0.0,new-orleans-saints
Taysom Hill,#07,TE,16.0,164.0,23.0,1.0,64.0,71.0,4.0,1.0,62.9,56.5,-,-,0 (0),2.0,0.0,0.0,new-orleans-saints
James Hurst,#74,G,10.0,35.0,0.0,0.0,0.0,0.0,0.0,35.0,62.5,-,-,-,0 (0),0.0,0.0,0.0,new-orleans-saints
Landon Young,#67,T,13.0,49.0,0.0,0.0,0.0,0.0,0.0,49.0,62.4,-,-,-,0 (0),0.0,0.0,0.0,new-orleans-saints
Erik McCoy,#78,C,17.0,76.0,0.0,0.0,0.0,0.0,0.0,76.0,62.4,-,-,-,0 (0),0.0,0.0,0.0,new-orleans-saints
Nick Saldiveri,#64,G,4.0,19.0,0.0,0.0,0.0,0.0,0.0,19.0,62.2,-,-,-,0 (0),0.0,0.0,0.0,new-orleans-saints
Malcolm Roach,#97,DI,12.0,52.0,0.0,0.0,3.0,0.0,49.0,0.0,61.9,-,-,-,0 (0),0.0,0.0,0.0,new-orleans-saints
Tommy Kraemer,#62,T,2.0,13.0,0.0,0.0,0.0,0.0,0.0,13.0,61.9,-,-,-,0 (0),0.0,0.0,0.0,new-orleans-saints
Jordan Mims,#33,HB,2.0,13.0,0.0,13.0,0.0,0.0,0.0,0.0,61.6,-,-,-,0 (0),0.0,0.0,0.0,new-orleans-saints
Juwan Johnson,#83,TE,10.0,39.0,26.0,9.0,0.0,0.0,0.0,4.0,61.6,-,-,-,0 (0),0.0,0.0,0.0,new-orleans-saints
Cameron Jordan,#94,ED,7.0,11.0,0.0,0.0,3.0,0.0,8.0,0.0,61.6,-,-,-,0 (0),0.0,0.0,0.0,new-orleans-saints
Rashid Shaheed,#22,WR,15.0,132.0,65.0,0.0,67.0,0.0,0.0,0.0,61.3,47.7,81.0,-,0 (0),0.0,0.0,0.0,new-orleans-saints
Cory Littleton,#54,LB,1.0,15.0,4.0,5.0,2.0,4.0,0.0,0.0,61.3,-,-,-,0 (0),0.0,0.0,0.0,new-orleans-saints
Jordan Howden,#31,S,15.0,160.0,23.0,77.0,39.0,9.0,12.0,0.0,61.0,-,-,-,0 (0),0.0,0.0,1.0,new-orleans-saints
Blake Grupe,#19,K,17.0,168.0,0.0,91.0,0.0,0.0,0.0,77.0,61.0,89.2,-,60.8,0 (0),0.0,0.0,0.0,new-orleans-saints
Payton Turner,#98,ED,2.0,6.0,0.0,0.0,1.0,0.0,5.0,0.0,60.8,-,-,-,0 (0),0.0,0.0,0.0,new-orleans-saints
Kyle Phillips,#91,ED,4.0,13.0,0.0,0.0,0.0,0.0,13.0,0.0,60.6,-,-,-,0 (0),0.0,0.0,0.0,new-orleans-saints
Isaiah Foskey,#55,ED,10.0,144.0,9.0,28.0,43.0,31.0,33.0,0.0,60.4,-,-,-,0 (0),0.0,0.0,0.0,new-orleans-saints
Cameron Erving,#77,T,1.0,4.0,0.0,0.0,0.0,0.0,0.0,4.0,60.3,-,-,-,0 (0),0.0,0.0,0.0,new-orleans-saints
Demario Davis,#56,LB,3.0,3.0,0.0,0.0,3.0,0.0,0.0,0.0,60.3,-,-,-,0 (0),0.0,0.0,0.0,new-orleans-saints
Carl Granderson,#96,ED,17.0,82.0,0.0,0.0,18.0,0.0,64.0,0.0,60.2,-,-,-,0 (0),0.0,0.0,0.0,new-orleans-saints
PJ Mustipher,#54,DI,1.0,1.0,0.0,0.0,0.0,0.0,1.0,0.0,60.0,-,-,-,0 (0),0.0,0.0,0.0,new-orleans-saints
Khalen Saunders,#99,DI,1.0,1.0,0.0,0.0,0.0,0.0,1.0,0.0,60.0,-,-,-,0 (0),0.0,0.0,0.0,new-orleans-saints
Marcus Maye,#06,S,2.0,2.0,0.0,0.0,2.0,0.0,0.0,0.0,60.0,-,-,-,0 (0),0.0,0.0,0.0,new-orleans-saints
Marshon Lattimore,#23,CB,3.0,3.0,0.0,0.0,3.0,0.0,0.0,0.0,60.0,-,-,-,0 (0),0.0,0.0,0.0,new-orleans-saints
Jimmy Graham,#80,TE,1.0,1.0,0.0,0.0,0.0,0.0,0.0,1.0,60.0,-,-,-,0 (0),0.0,0.0,0.0,new-orleans-saints
Paulson Adebo,#29,CB,4.0,5.0,0.0,0.0,5.0,0.0,0.0,0.0,59.9,-,-,-,0 (0),0.0,0.0,0.0,new-orleans-saints
Keith Kirkwood,#18,WR,12.0,89.0,45.0,40.0,4.0,0.0,0.0,0.0,59.8,-,-,-,0 (0),1.0,0.0,0.0,new-orleans-saints
Foster Moreau,#87,TE,15.0,149.0,26.0,0.0,0.0,53.0,0.0,70.0,59.6,61.2,-,-,0 (0),0.0,0.0,0.0,new-orleans-saints
Pete Werner,#20,LB,5.0,13.0,2.0,0.0,3.0,8.0,0.0,0.0,59.5,-,-,-,0 (0),0.0,0.0,0.0,new-orleans-saints
Tanoh Kpassagnon,#92,ED,16.0,66.0,0.0,0.0,2.0,0.0,64.0,0.0,59.2,-,-,-,0 (0),0.0,0.0,0.0,new-orleans-saints
Kendre Miller,#25,HB,1.0,5.0,4.0,0.0,0.0,1.0,0.0,0.0,58.4,-,-,-,0 (0),0.0,0.0,0.0,new-orleans-saints
Lynn Bowden,#05,WR,12.0,64.0,56.0,0.0,8.0,0.0,0.0,0.0,58.1,58.7,64.2,-,0 (0),0.0,0.0,0.0,new-orleans-saints
Tony Jones Jr.,#34,HB,1.0,5.0,5.0,0.0,0.0,0.0,0.0,0.0,58.1,-,-,-,0 (0),0.0,0.0,0.0,new-orleans-saints
Nathan Shepherd,#93,DI,17.0,68.0,0.0,0.0,3.0,0.0,65.0,0.0,58.0,-,-,-,0 (0),0.0,0.0,0.0,new-orleans-saints
J.P. Holtz,#84,TE,1.0,8.0,5.0,0.0,0.0,3.0,0.0,0.0,57.7,-,-,-,0 (0),0.0,0.0,0.0,new-orleans-saints
Andrus Peat,#75,T,16.0,67.0,0.0,0.0,0.0,0.0,0.0,67.0,56.4,-,-,-,1 (0),0.0,0.0,0.0,new-orleans-saints
Max Garcia,#73,G,17.0,77.0,0.0,0.0,0.0,0.0,0.0,77.0,54.5,-,-,-,1 (0),0.0,0.0,0.0,new-orleans-saints
Alontae Taylor,#01,CB,13.0,67.0,0.0,26.0,37.0,0.0,4.0,0.0,53.9,-,-,-,1 (0),0.0,0.0,0.0,new-orleans-saints
Ugo Amadi,#00,CB,17.0,132.0,30.0,90.0,10.0,1.0,1.0,0.0,52.0,-,-,-,1 (1),1.0,0.0,0.0,new-orleans-saints
Bryan Bresee,#90,DI,16.0,65.0,0.0,0.0,1.0,0.0,64.0,0.0,49.3,-,-,-,1 (0),0.0,0.0,0.0,new-orleans-saints
Leonard Williams,#99,DI,8.0,50.0,0.0,0.0,15.0,0.0,35.0,0.0,90.1,-,-,-,0 (0),0.0,0.0,0.0,new-york-giants
Casey Kreiter,#59,LS,17.0,154.0,0.0,0.0,0.0,97.0,0.0,57.0,81.7,-,-,-,1 (0),4.0,0.0,0.0,new-york-giants
Isaiah Simmons,#19,LB,17.0,224.0,87.0,57.0,45.0,34.0,1.0,0.0,75.4,-,-,-,2 (0),3.0,1.0,1.0,new-york-giants
Gunner Olszewski,#80,WR,10.0,76.0,26.0,0.0,44.0,5.0,0.0,1.0,70.9,53.8,56.9,-,0 (0),1.0,0.0,0.0,new-york-giants
Tomon Fox,#94,ED,1.0,12.0,0.0,5.0,2.0,5.0,0.0,0.0,70.0,-,-,-,0 (0),1.0,0.0,0.0,new-york-giants
Carter Coughlin,#52,LB,17.0,397.0,87.0,64.0,73.0,96.0,77.0,0.0,69.8,-,-,-,1 (0),9.0,0.0,4.0,new-york-giants
Deon Jackson,#34,HB,1.0,9.0,7.0,2.0,0.0,0.0,0.0,0.0,68.9,-,-,-,0 (0),0.0,0.0,0.0,new-york-giants
Benton Whitley,#48,ED,3.0,26.0,0.0,9.0,7.0,10.0,0.0,0.0,68.6,-,-,-,0 (0),0.0,1.0,0.0,new-york-giants
Micah McFadden,#41,LB,16.0,172.0,13.0,5.0,31.0,93.0,30.0,0.0,65.7,-,-,-,0 (0),2.0,1.0,1.0,new-york-giants
Darnay Holmes,#30,CB,16.0,194.0,4.0,50.0,42.0,87.0,11.0,0.0,65.5,60.0,-,-,2 (0),5.0,0.0,3.0,new-york-giants
Cam Brown,#47,LB,16.0,367.0,79.0,64.0,70.0,94.0,60.0,0.0,65.3,-,-,-,3 (1),5.0,0.0,3.0,new-york-giants
Eric Gray,#20,HB,13.0,88.0,63.0,8.0,17.0,0.0,0.0,0.0,64.9,53.2,28.9,-,0 (0),0.0,0.0,0.0,new-york-giants
Jason Pinnock,#27,S,15.0,128.0,7.0,0.0,49.0,0.0,72.0,0.0,64.7,-,-,-,0 (0),0.0,0.0,0.0,new-york-giants
Matt Breida,#31,HB,14.0,135.0,52.0,38.0,33.0,12.0,0.0,0.0,64.6,-,-,-,0 (0),2.0,0.0,1.0,new-york-giants
Justin Pugh,#67,G,11.0,42.0,0.0,0.0,0.0,0.0,0.0,42.0,63.1,-,-,-,0 (0),0.0,0.0,0.0,new-york-giants
Marcus McKethan,#60,G,16.0,53.0,0.0,0.0,0.0,0.0,0.0,53.0,63.0,-,-,-,0 (0),0.0,0.0,0.0,new-york-giants
Boogie Basham,#45,ED,10.0,81.0,43.0,23.0,0.0,4.0,11.0,0.0,62.7,-,-,-,0 (0),0.0,0.0,0.0,new-york-giants
Sean Harlow,#65,C,7.0,27.0,0.0,0.0,0.0,0.0,0.0,27.0,62.7,-,-,-,0 (0),0.0,0.0,0.0,new-york-giants
Deonte Banks,#25,CB,13.0,57.0,0.0,0.0,7.0,0.0,50.0,0.0,62.3,-,-,-,0 (0),0.0,0.0,0.0,new-york-giants
Matt Peart,#74,T,8.0,30.0,0.0,0.0,0.0,0.0,0.0,30.0,62.1,-,-,-,0 (0),0.0,0.0,0.0,new-york-giants
Evan Neal,#73,T,6.0,18.0,0.0,0.0,0.0,0.0,0.0,18.0,61.9,-,-,-,0 (0),0.0,0.0,0.0,new-york-giants
Ben Bredeson,#68,G,15.0,51.0,0.0,0.0,0.0,0.0,0.0,51.0,61.9,-,-,-,0 (0),0.0,0.0,0.0,new-york-giants
Tyre Phillips,#79,T,9.0,31.0,0.0,0.0,0.0,0.0,0.0,31.0,61.7,-,-,-,0 (0),0.0,0.0,0.0,new-york-giants
Mark Glowinski,#64,G,4.0,12.0,0.0,0.0,0.0,0.0,0.0,12.0,61.7,-,-,-,0 (0),0.0,0.0,0.0,new-york-giants
John Michael Schmitz Jr.,#61,C,10.0,35.0,0.0,0.0,0.0,0.0,0.0,35.0,61.6,-,-,-,0 (0),0.0,0.0,0.0,new-york-giants
Rakeem Nunez-Roches,#93,DI,16.0,113.0,0.0,0.0,26.0,0.0,70.0,17.0,61.6,-,-,-,0 (0),0.0,0.0,0.0,new-york-giants
Dexter Lawrence,#97,DI,8.0,29.0,0.0,0.0,18.0,0.0,11.0,0.0,61.2,-,-,-,0 (0),0.0,0.0,0.0,new-york-giants
Jalen Mayfield,#62,G,3.0,10.0,0.0,0.0,0.0,0.0,0.0,10.0,61.1,-,-,-,0 (0),0.0,0.0,0.0,new-york-giants
Shane Lemieux,#66,G,4.0,10.0,0.0,0.0,0.0,0.0,0.0,10.0,61.0,-,-,-,0 (0),0.0,0.0,0.0,new-york-giants
Tre Hawkins III,#37,CB,14.0,156.0,46.0,38.0,50.0,16.0,6.0,0.0,60.7,-,-,-,0 (0),1.0,0.0,0.0,new-york-giants
Daniel Bellinger,#82,TE,17.0,193.0,45.0,0.0,5.0,92.0,0.0,51.0,60.7,-,-,-,0 (0),1.0,1.0,0.0,new-york-giants
D.J. Davidson,#98,DI,15.0,126.0,0.0,0.0,11.0,0.0,63.0,52.0,60.6,-,-,-,0 (0),0.0,0.0,0.0,new-york-giants
Graham Gano,#09,K,8.0,53.0,0.0,28.0,0.0,0.0,0.0,25.0,60.5,81.5,-,48.7,0 (0),0.0,0.0,0.0,new-york-giants
Randy Bullock,#46,K,6.0,36.0,0.0,20.0,0.0,0.0,0.0,16.0,60.4,57.7,-,74.4,0 (0),0.0,0.0,0.0,new-york-giants
Mason Crosby,#21,K,3.0,31.0,0.0,16.0,0.0,0.0,0.0,15.0,60.3,28.9,-,39.0,0 (0),0.0,0.0,0.0,new-york-giants
Adoree' Jackson,#22,CB,2.0,5.0,0.0,0.0,4.0,0.0,1.0,0.0,60.2,-,61.2,-,0 (0),0.0,0.0,0.0,new-york-giants
Sterling Shepard,#03,WR,1.0,7.0,0.0,0.0,7.0,0.0,0.0,0.0,60.2,-,37.7,-,0 (0),0.0,0.0,0.0,new-york-giants
Andrew Thomas,#78,T,1.0,2.0,0.0,0.0,0.0,0.0,0.0,2.0,60.1,-,-,-,0 (0),0.0,0.0,0.0,new-york-giants
Azeez Ojulari,#51,ED,1.0,1.0,0.0,0.0,1.0,0.0,0.0,0.0,60.0,-,-,-,0 (0),0.0,0.0,0.0,new-york-giants
Isaiah Hodgins,#18,WR,1.0,0.0,0.0,0.0,0.0,0.0,0.0,0.0,60.0,-,-,-,0 (0),0.0,0.0,0.0,new-york-giants
Saquon Barkley,#26,HB,1.0,0.0,0.0,0.0,0.0,0.0,0.0,0.0,60.0,-,-,-,0 (0),0.0,0.0,0.0,new-york-giants
Daniel Jones,#08,QB,1.0,0.0,0.0,0.0,0.0,0.0,0.0,0.0,60.0,-,-,-,0 (0),0.0,0.0,0.0,new-york-giants
Darius Slayton,#86,WR,2.0,2.0,0.0,0.0,2.0,0.0,0.0,0.0,60.0,-,60.5,-,0 (0),0.0,0.0,0.0,new-york-giants
Darren Waller,#12,TE,1.0,0.0,0.0,0.0,0.0,0.0,0.0,0.0,60.0,-,-,-,0 (0),0.0,0.0,0.0,new-york-giants
Kayvon Thibodeaux,#05,ED,1.0,1.0,0.0,0.0,1.0,0.0,0.0,0.0,59.8,-,-,-,0 (0),0.0,0.0,0.0,new-york-giants
Jihad Ward,#55,ED,5.0,26.0,0.0,0.0,0.0,0.0,26.0,0.0,59.8,-,-,-,0 (0),0.0,0.0,0.0,new-york-giants
Gervarrius Owens,#39,S,3.0,37.0,10.0,15.0,12.0,0.0,0.0,0.0,59.3,-,-,-,0 (0),0.0,1.0,1.0,new-york-giants
Nick McCloud,#44,CB,17.0,347.0,68.0,57.0,66.0,80.0,76.0,0.0,59.3,-,60.1,-,0 (0),3.0,2.0,4.0,new-york-giants
A'Shawn Robinson,#91,DI,17.0,85.0,0.0,0.0,8.0,0.0,77.0,0.0,58.7,-,-,-,0 (0),0.0,0.0,0.0,new-york-giants
Jordon Riley,#95,DI,8.0,34.0,0.0,0.0,0.0,0.0,34.0,0.0,58.2,-,-,-,0 (0),0.0,0.0,0.0,new-york-giants
Justin Hollins,#48,ED,1.0,12.0,7.0,2.0,3.0,0.0,0.0,0.0,58.2,-,-,-,0 (0),0.0,0.0,0.0,new-york-giants
Lawrence Cager,#83,TE,11.0,140.0,57.0,35.0,10.0,38.0,0.0,0.0,58.2,58.7,-,-,1 (1),0.0,0.0,0.0,new-york-giants
Dane Belton,#24,S,17.0,347.0,87.0,65.0,50.0,91.0,54.0,0.0,56.1,-,-,-,0 (0),4.0,0.0,1.0,new-york-giants
Bobby McCain,#21,CB,9.0,119.0,51.0,30.0,30.0,8.0,0.0,0.0,55.1,-,53.3,-,1 (1),1.0,0.0,0.0,new-york-giants
Jashaun Corbin,#35,HB,6.0,118.0,31.0,29.0,16.0,42.0,0.0,0.0,54.6,-,-,-,1 (0),3.0,0.0,2.0,new-york-giants
Xavier McKinney,#29,S,17.0,103.0,0.0,0.0,25.0,0.0,78.0,0.0,54.3,-,-,-,1 (0),0.0,0.0,0.0,new-york-giants
Oshane Ximines,#53,ED,3.0,52.0,16.0,13.0,1.0,22.0,0.0,0.0,54.2,-,-,-,0 (0),0.0,0.0,1.0,new-york-giants
Jamie Gillan,#06,P,17.0,155.0,0.0,1.0,0.0,97.0,0.0,57.0,54.1,60.0,60.3,60.7,0 (0),0.0,0.0,1.0,new-york-giants
Darrian Beavers,#43,LB,2.0,37.0,8.0,11.0,8.0,10.0,0.0,0.0,48.7,-,-,-,0 (0),0.0,0.0,1.0,new-york-giants
Taiwan Jones,#36,HB,2.0,32.0,1.0,7.0,6.0,6.0,12.0,0.0,48.3,-,-,-,0 (0),0.0,0.0,2.0,new-york-giants
Parris Campbell,#00,WR,8.0,30.0,30.0,0.0,0.0,0.0,0.0,0.0,42.0,63.4,-,-,1 (0),0.0,0.0,0.0,new-york-giants
Gary Brightwell,#23,HB,7.0,100.0,32.0,23.0,17.0,28.0,0.0,0.0,33.7,-,-,-,2 (1),1.0,0.0,3.0,new-york-giants
Joshua Ezeudu,#75,T,5.0,15.0,0.0,0.0,0.0,0.0,0.0,15.0,29.0,-,-,-,0 (0),0.0,0.0,0.0,new-york-giants
Irvin Charles,#19,WR,12.0,234.0,56.0,52.0,61.0,65.0,0.0,0.0,90.3,-,-,-,1 (1),8.0,0.0,6.0,new-york-jets
Ashtyn Davis,#21,S,17.0,394.0,74.0,67.0,81.0,99.0,73.0,0.0,85.2,-,-,-,0 (0),10.0,2.0,1.0,new-york-jets
Chazz Surratt,#55,LB,14.0,284.0,68.0,63.0,72.0,81.0,0.0,0.0,81.1,-,-,-,2 (1),6.0,1.0,0.0,new-york-jets
Thomas Hennessy,#42,LS,17.0,155.0,0.0,0.0,0.0,99.0,0.0,56.0,77.2,-,-,-,0 (0),2.0,3.0,1.0,new-york-jets
Will McDonald IV,#99,ED,14.0,128.0,50.0,12.0,62.0,0.0,4.0,0.0,77.0,-,-,-,0 (0),0.0,0.0,0.0,new-york-jets
Kenny Yeboah,#88,TE,5.0,113.0,23.0,18.0,23.0,28.0,0.0,21.0,76.8,-,-,-,0 (0),1.0,1.0,0.0,new-york-jets
Jermaine Johnson,#11,ED,17.0,78.0,0.0,0.0,11.0,0.0,67.0,0.0,76.5,-,-,-,0 (0),0.0,0.0,0.0,new-york-jets
Jamien Sherwood,#44,LB,17.0,417.0,86.0,73.0,86.0,99.0,73.0,0.0,74.7,-,-,-,1 (0),8.0,1.0,0.0,new-york-jets
Tyler Conklin,#83,TE,7.0,13.0,5.0,0.0,0.0,0.0,0.0,8.0,73.2,-,-,-,0 (0),0.0,0.0,0.0,new-york-jets
Xazavian Valladay,#35,HB,1.0,12.0,2.0,5.0,5.0,0.0,0.0,0.0,70.0,-,-,-,0 (0),0.0,0.0,0.0,new-york-jets
Adrian Amos,#00,S,11.0,193.0,34.0,45.0,34.0,34.0,46.0,0.0,68.2,-,-,-,0 (0),0.0,1.0,0.0,new-york-jets
Malik Taylor,#86,WR,3.0,33.0,4.0,11.0,15.0,3.0,0.0,0.0,65.7,-,-,-,0 (0),0.0,0.0,0.0,new-york-jets
Bryce Huff,#47,ED,13.0,63.0,18.0,25.0,20.0,0.0,0.0,0.0,64.6,-,-,-,0 (0),0.0,0.0,0.0,new-york-jets
Craig James,#31,CB,2.0,27.0,3.0,12.0,8.0,1.0,3.0,0.0,64.2,-,-,-,0 (0),0.0,0.0,0.0,new-york-jets
C.J. Uzomah,#87,TE,11.0,147.0,59.0,0.0,0.0,55.0,0.0,33.0,64.2,-,-,-,0 (0),1.0,2.0,1.0,new-york-jets
Michael Carter II,#30,CB,5.0,8.0,0.0,0.0,8.0,0.0,0.0,0.0,64.0,-,-,-,0 (0),0.0,0.0,0.0,new-york-jets
Justin Hardee,#34,CB,11.0,261.0,54.0,47.0,56.0,60.0,44.0,0.0,63.9,-,-,-,2 (0),2.0,2.0,2.0,new-york-jets
Thomas Morstead,#05,P,17.0,161.0,0.0,6.0,0.0,99.0,0.0,56.0,63.4,60.0,72.9,-,1 (1),0.0,0.0,1.0,new-york-jets
Quincy Williams,#56,LB,6.0,9.0,0.0,0.0,9.0,0.0,0.0,0.0,63.2,-,-,-,0 (0),0.0,0.0,0.0,new-york-jets
Laken Tomlinson,#78,G,15.0,56.0,0.0,0.0,0.0,0.0,0.0,56.0,63.1,-,-,-,0 (0),0.0,0.0,0.0,new-york-jets
Wes Schweitzer,#71,G,5.0,18.0,0.0,0.0,0.0,0.0,0.0,18.0,62.6,-,-,-,0 (0),0.0,0.0,0.0,new-york-jets
Jake Hanson,#62,G,5.0,19.0,0.0,0.0,0.0,0.0,0.0,19.0,62.5,-,-,-,0 (0),0.0,0.0,0.0,new-york-jets
Mekhi Becton,#77,T,10.0,27.0,0.0,0.0,0.0,0.0,0.0,27.0,62.2,-,-,-,0 (0),0.0,0.0,0.0,new-york-jets
Xavier Newman,#65,G,7.0,23.0,0.0,0.0,0.0,0.0,0.0,23.0,62.2,-,-,-,0 (0),0.0,0.0,0.0,new-york-jets
Tony Adams,#22,S,9.0,38.0,0.0,8.0,6.0,0.0,24.0,0.0,62.2,-,-,-,0 (0),0.0,0.0,0.0,new-york-jets
Joe Tippmann,#66,C,8.0,31.0,0.0,0.0,0.0,0.0,0.0,31.0,62.1,-,-,-,0 (0),0.0,0.0,0.0,new-york-jets
Jarrick Bernard-Converse,#29,S,8.0,101.0,18.0,30.0,42.0,9.0,2.0,0.0,62.0,-,-,-,0 (0),0.0,1.0,0.0,new-york-jets
Solomon Thomas,#94,DI,17.0,76.0,0.0,0.0,3.0,0.0,73.0,0.0,61.8,-,-,-,0 (0),0.0,0.0,0.0,new-york-jets
Connor McGovern,#60,C,5.0,16.0,0.0,0.0,0.0,0.0,0.0,16.0,61.8,-,-,-,0 (0),0.0,0.0,0.0,new-york-jets
Billy Turner,#54,T,13.0,44.0,0.0,0.0,0.0,0.0,0.0,44.0,61.8,-,-,-,0 (0),0.0,0.0,0.0,new-york-jets
Max Mitchell,#61,T,13.0,46.0,0.0,0.0,0.0,0.0,0.0,46.0,61.7,-,-,-,0 (0),0.0,0.0,0.0,new-york-jets
Alijah Vera-Tucker,#75,T,5.0,13.0,0.0,0.0,0.0,0.0,0.0,13.0,61.5,-,-,-,0 (0),0.0,0.0,0.0,new-york-jets
Chris Glaser,#63,G,3.0,7.0,0.0,0.0,0.0,0.0,0.0,7.0,61.4,-,-,-,0 (0),0.0,0.0,0.0,new-york-jets
Duane Brown,#76,T,3.0,10.0,0.0,0.0,0.0,0.0,0.0,10.0,61.4,-,-,-,0 (0),0.0,0.0,0.0,new-york-jets
John Franklin-Myers,#91,ED,7.0,8.0,0.0,0.0,4.0,0.0,4.0,0.0,61.1,-,-,-,0 (0),0.0,0.0,0.0,new-york-jets
Greg Zuerlein,#09,K,16.0,118.0,0.0,64.0,0.0,0.0,0.0,54.0,60.8,86.5,-,90.3,1 (0),0.0,0.0,0.0,new-york-jets
Carter Warren,#67,T,4.0,9.0,0.0,0.0,0.0,0.0,0.0,9.0,60.7,-,-,-,0 (0),0.0,0.0,0.0,new-york-jets
Dennis Kelly,#68,T,1.0,4.0,0.0,0.0,0.0,0.0,0.0,4.0,60.6,-,-,-,0 (0),0.0,0.0,0.0,new-york-jets
Michael Carter,#32,HB,3.0,11.0,11.0,0.0,0.0,0.0,0.0,0.0,60.5,-,-,-,0 (0),0.0,0.0,0.0,new-york-jets
Zack Kuntz,#81,TE,1.0,4.0,0.0,0.0,0.0,0.0,0.0,4.0,60.3,-,-,-,0 (0),0.0,0.0,0.0,new-york-jets
Tae Hayes,#27,CB,1.0,10.0,0.0,5.0,3.0,2.0,0.0,0.0,60.3,-,-,-,0 (0),0.0,0.0,0.0,new-york-jets
Marcelino McCrary-Ball,#41,LB,2.0,42.0,13.0,9.0,8.0,12.0,0.0,0.0,60.2,-,-,-,0 (0),1.0,0.0,1.0,new-york-jets
Israel Abanikanda,#25,HB,2.0,5.0,5.0,0.0,0.0,0.0,0.0,0.0,60.0,41.1,-,-,0 (0),0.0,0.0,0.0,new-york-jets
Perrion Winfrey,#92,DI,1.0,1.0,0.0,0.0,0.0,0.0,1.0,0.0,60.0,-,-,-,0 (0),0.0,0.0,0.0,new-york-jets
Xavier Gipson,#82,WR,17.0,185.0,81.0,12.0,90.0,2.0,0.0,0.0,60.0,53.5,62.3,-,0 (0),1.0,0.0,0.0,new-york-jets
Mecole Hardman Jr.,#06,WR,2.0,2.0,2.0,0.0,0.0,0.0,0.0,0.0,60.0,60.0,-,-,0 (0),0.0,0.0,0.0,new-york-jets
Austin Seibert,#15,K,1.0,5.0,0.0,3.0,0.0,0.0,0.0,2.0,60.0,60.0,-,62.4,0 (0),0.0,0.0,0.0,new-york-jets
Al Woods,#96,DI,6.0,36.0,0.0,0.0,1.0,0.0,22.0,13.0,59.9,-,-,-,0 (0),0.0,0.0,0.0,new-york-jets
Garrett Wilson,#17,WR,2.0,2.0,2.0,0.0,0.0,0.0,0.0,0.0,59.7,-,-,-,0 (0),0.0,0.0,0.0,new-york-jets
Sam Eguavoen,#52,LB,15.0,303.0,68.0,67.0,81.0,87.0,0.0,0.0,59.4,-,-,-,2 (1),4.0,0.0,3.0,new-york-jets
Jalyn Holmes,#97,DI,4.0,16.0,0.0,0.0,0.0,0.0,16.0,0.0,59.0,-,-,-,0 (0),0.0,0.0,0.0,new-york-jets
Quinton Jefferson,#70,DI,11.0,38.0,0.0,0.0,1.0,0.0,37.0,0.0,58.9,-,-,-,0 (0),0.0,0.0,0.0,new-york-jets
Randall Cobb,#18,WR,5.0,7.0,4.0,0.0,3.0,0.0,0.0,0.0,58.8,60.0,60.7,-,0 (0),0.0,0.0,0.0,new-york-jets
Brandin Echols,#26,CB,14.0,220.0,0.0,48.0,73.0,38.0,61.0,0.0,58.5,-,-,-,1 (0),1.0,0.0,2.0,new-york-jets
Quinnen Williams,#95,DI,17.0,76.0,0.0,0.0,7.0,0.0,69.0,0.0,58.5,-,-,-,0 (0),0.0,0.0,0.0,new-york-jets
Jeremy Ruckert,#89,TE,15.0,202.0,73.0,2.0,0.0,81.0,0.0,46.0,58.0,-,-,-,0 (0),2.0,1.0,1.0,new-york-jets
Bryce Hall,#37,CB,9.0,132.0,26.0,23.0,28.0,17.0,38.0,0.0,56.6,-,-,-,0 (0),0.0,0.0,0.0,new-york-jets
Jason Brownlee,#16,WR,5.0,13.0,2.0,10.0,1.0,0.0,0.0,0.0,56.0,-,-,-,0 (0),0.0,0.0,0.0,new-york-jets
Sauce Gardner,#01,CB,6.0,10.0,0.0,0.0,9.0,0.0,1.0,0.0,54.1,-,-,-,0 (0),0.0,0.0,0.0,new-york-jets
D.J. Reed,#04,CB,8.0,11.0,2.0,0.0,9.0,0.0,0.0,0.0,53.4,-,60.5,-,0 (0),0.0,0.0,0.0,new-york-jets
Zaire Barnes,#53,LB,4.0,32.0,22.0,8.0,1.0,1.0,0.0,0.0,52.6,-,-,-,0 (0),0.0,0.0,0.0,new-york-jets
C.J. Mosley,#57,LB,17.0,81.0,0.0,0.0,9.0,0.0,72.0,0.0,50.7,-,-,-,1 (1),0.0,0.0,0.0,new-york-jets
Nick Bawden,#48,FB,16.0,296.0,81.0,57.0,65.0,93.0,0.0,0.0,48.1,-,-,-,1 (0),2.0,0.0,2.0,new-york-jets
Micheal Clemons,#72,ED,16.0,163.0,0.0,21.0,49.0,24.0,69.0,0.0,47.9,-,-,-,2 (0),0.0,0.0,0.0,new-york-jets
Brandon Smith,#47,LB,2.0,31.0,12.0,13.0,4.0,2.0,0.0,0.0,92.1,-,-,-,0 (0),0.0,2.0,0.0,philadelphia-eagles
Josh Jobe,#28,CB,18.0,346.0,79.0,88.0,56.0,47.0,76.0,0.0,84.5,-,-,-,1 (0),6.0,0.0,3.0,philadelphia-eagles
Justin Evans,#30,S,4.0,36.0,5.0,19.0,0.0,4.0,8.0,0.0,82.9,-,-,-,0 (0),1.0,0.0,0.0,philadelphia-eagles
Kelee Ringo,#22,CB,18.0,319.0,68.0,95.0,64.0,15.0,77.0,0.0,82.0,-,-,-,1 (0),3.0,3.0,1.0,philadelphia-eagles
Ben VanSumeren,#57,LB,10.0,203.0,50.0,42.0,26.0,37.0,48.0,0.0,77.0,-,-,-,0 (0),3.0,2.0,1.0,philadelphia-eagles
Nolan Smith,#03,ED,18.0,268.0,91.0,95.0,52.0,24.0,6.0,0.0,72.1,-,-,-,1 (0),5.0,0.0,1.0,philadelphia-eagles
Tristin McCollum,#36,S,4.0,82.0,23.0,21.0,16.0,10.0,12.0,0.0,71.8,-,-,-,0 (0),0.0,0.0,2.0,philadelphia-eagles
Boston Scott,#35,HB,16.0,197.0,84.0,75.0,35.0,2.0,1.0,0.0,71.8,46.4,-,-,0 (0),0.0,1.0,0.0,philadelphia-eagles
Devon Allen,#82,WR,2.0,23.0,8.0,8.0,3.0,4.0,0.0,0.0,71.1,59.5,-,-,0 (0),0.0,0.0,0.0,philadelphia-eagles
Nicholas Morrow,#41,LB,16.0,119.0,30.0,15.0,5.0,51.0,18.0,0.0,70.0,-,-,-,0 (0),2.0,2.0,0.0,philadelphia-eagles
Jalen Carter,#98,DI,14.0,64.0,0.0,0.0,4.0,0.0,60.0,0.0,69.7,-,-,-,1 (0),0.0,0.0,0.0,philadelphia-eagles
Terrell Edmunds,#26,S,7.0,86.0,11.0,26.0,14.0,18.0,17.0,0.0,68.4,-,-,-,0 (0),2.0,0.0,0.0,philadelphia-eagles
Sydney Brown,#21,S,14.0,220.0,46.0,69.0,23.0,38.0,44.0,0.0,68.0,59.9,-,-,0 (0),7.0,0.0,5.0,philadelphia-eagles
Reed Blankenship,#32,S,15.0,123.0,2.0,12.0,7.0,46.0,56.0,0.0,67.1,-,-,-,0 (0),5.0,0.0,0.0,philadelphia-eagles
Christian Elliss,#53,LB,12.0,238.0,58.0,58.0,36.0,40.0,46.0,0.0,64.9,-,-,-,0 (0),4.0,1.0,2.0,philadelphia-eagles
Landon Dickerson,#69,G,17.0,74.0,0.0,0.0,0.0,0.0,0.0,74.0,64.8,-,-,-,0 (0),0.0,0.0,0.0,philadelphia-eagles
Jack Driscoll,#63,T,18.0,81.0,0.0,0.0,0.0,0.0,0.0,81.0,63.9,-,-,-,0 (0),0.0,0.0,0.0,philadelphia-eagles
Eli Ricks,#39,CB,17.0,226.0,86.0,88.0,51.0,0.0,1.0,0.0,63.8,59.9,-,-,0 (0),2.0,0.0,0.0,philadelphia-eagles
Josh Sweat,#94,ED,7.0,7.0,0.0,0.0,7.0,0.0,0.0,0.0,63.5,-,-,-,0 (0),0.0,0.0,0.0,philadelphia-eagles
Fred Johnson,#74,T,18.0,81.0,0.0,0.0,0.0,0.0,0.0,81.0,63.5,-,-,-,0 (0),0.0,0.0,0.0,philadelphia-eagles
Braden Mann,#10,P,16.0,119.0,0.0,2.0,0.0,49.0,0.0,68.0,63.5,60.0,64.7,-,0 (0),0.0,0.0,0.0,philadelphia-eagles
Fletcher Cox,#91,DI,5.0,5.0,0.0,0.0,5.0,0.0,0.0,0.0,63.4,-,-,-,0 (0),0.0,0.0,0.0,philadelphia-eagles
Sua Opeta,#78,G,14.0,66.0,0.0,0.0,0.0,0.0,0.0,66.0,63.0,-,-,-,0 (0),0.0,0.0,0.0,philadelphia-eagles
Derek Barnett,#96,ED,8.0,47.0,0.0,0.0,21.0,0.0,26.0,0.0,62.8,-,-,-,0 (0),0.0,0.0,0.0,philadelphia-eagles
Haason Reddick,#07,ED,5.0,5.0,0.0,0.0,5.0,0.0,0.0,0.0,62.5,-,-,-,0 (0),0.0,0.0,0.0,philadelphia-eagles
Jordan Mailata,#68,T,18.0,81.0,0.0,0.0,0.0,0.0,0.0,81.0,62.2,-,-,-,0 (0),0.0,0.0,0.0,philadelphia-eagles
Cam Jurgens,#51,G,11.0,49.0,0.0,0.0,0.0,0.0,0.0,49.0,61.8,-,-,-,0 (0),0.0,0.0,0.0,philadelphia-eagles
Arryn Siposs,#10,P,2.0,22.0,0.0,0.0,0.0,9.0,0.0,13.0,61.4,-,59.1,-,0 (0),0.0,0.0,0.0,philadelphia-eagles
Brandon Graham,#55,ED,18.0,83.0,0.0,0.0,6.0,0.0,77.0,0.0,61.3,-,-,-,0 (0),0.0,0.0,0.0,philadelphia-eagles
Kentavius Street,#97,DI,4.0,12.0,0.0,0.0,3.0,0.0,9.0,0.0,61.0,-,-,-,0 (0),0.0,0.0,0.0,philadelphia-eagles
Marlon Tuipulotu,#95,DI,14.0,62.0,0.0,0.0,5.0,0.0,50.0,7.0,60.9,-,-,-,0 (0),0.0,0.0,0.0,philadelphia-eagles
Britain Covey,#18,WR,17.0,71.0,7.0,0.0,64.0,0.0,0.0,0.0,60.5,62.9,76.5,-,0 (0),0.0,0.0,0.0,philadelphia-eagles
Moro Ojomo,#72,DI,4.0,16.0,0.0,0.0,2.0,0.0,14.0,0.0,60.2,-,-,-,0 (0),0.0,0.0,0.0,philadelphia-eagles
Noah Togiai,#83,TE,1.0,12.0,6.0,4.0,2.0,0.0,0.0,0.0,60.1,-,-,-,0 (0),0.0,0.0,0.0,philadelphia-eagles
Quez Watkins,#16,WR,1.0,1.0,1.0,0.0,0.0,0.0,0.0,0.0,60.0,59.9,-,-,0 (0),0.0,0.0,0.0,philadelphia-eagles
Avonte Maddox,#29,CB,1.0,1.0,1.0,0.0,0.0,0.0,0.0,0.0,60.0,-,-,-,0 (0),0.0,0.0,0.0,philadelphia-eagles
Shaquille Leonard,#53,LB,1.0,1.0,0.0,0.0,1.0,0.0,0.0,0.0,60.0,-,-,-,0 (0),0.0,0.0,0.0,philadelphia-eagles
Rashaad Penny,#23,HB,2.0,7.0,7.0,0.0,0.0,0.0,0.0,0.0,60.0,57.4,-,-,0 (0),0.0,0.0,0.0,philadelphia-eagles
Bradley Roby,#33,CB,4.0,4.0,0.0,0.0,4.0,0.0,0.0,0.0,60.0,-,-,-,0 (0),0.0,0.0,0.0,philadelphia-eagles
Jordan Davis,#90,DI,18.0,148.0,0.0,0.0,2.0,0.0,65.0,81.0,59.5,-,-,-,0 (0),0.0,0.0,0.0,philadelphia-eagles
Milton Williams,#93,DI,17.0,73.0,0.0,0.0,6.0,0.0,67.0,0.0,59.3,-,-,-,0 (0),0.0,0.0,0.0,philadelphia-eagles
Kevin Byard,#31,S,2.0,8.0,0.0,0.0,0.0,1.0,7.0,0.0,59.2,-,-,-,0 (0),0.0,0.0,0.0,philadelphia-eagles
Dallas Goedert,#88,TE,3.0,3.0,3.0,0.0,0.0,0.0,0.0,0.0,59.1,-,-,-,0 (0),0.0,0.0,0.0,philadelphia-eagles
Mekhi Garner,#43,S,4.0,63.0,21.0,17.0,16.0,8.0,1.0,0.0,58.6,-,-,-,0 (0),1.0,0.0,1.0,philadelphia-eagles
Albert Okwuegbunam,#85,TE,1.0,5.0,5.0,0.0,0.0,0.0,0.0,0.0,57.9,-,-,-,0 (0),0.0,0.0,0.0,philadelphia-eagles
Patrick Johnson,#48,ED,16.0,322.0,86.0,82.0,52.0,55.0,47.0,0.0,57.6,-,-,-,1 (0),6.0,0.0,6.0,philadelphia-eagles
Josiah Scott,#34,CB,4.0,43.0,18.0,22.0,3.0,0.0,0.0,0.0,56.6,-,-,-,0 (0),0.0,1.0,0.0,philadelphia-eagles
Olamide Zaccheaus,#13,WR,16.0,114.0,66.0,17.0,29.0,2.0,0.0,0.0,56.5,57.6,-,-,0 (0),0.0,0.0,0.0,philadelphia-eagles
Mario Goodrich,#31,CB,4.0,40.0,15.0,18.0,7.0,0.0,0.0,0.0,55.7,-,-,-,0 (0),0.0,0.0,0.0,philadelphia-eagles
Rick Lovato,#45,LS,18.0,139.0,0.0,0.0,0.0,58.0,0.0,81.0,55.0,-,-,-,0 (0),2.0,0.0,0.0,philadelphia-eagles
Jack Stoll,#89,TE,18.0,212.0,67.0,0.0,8.0,57.0,0.0,80.0,54.1,-,-,-,0 (0),1.0,0.0,2.0,philadelphia-eagles
Tyler Steen,#56,G,11.0,47.0,0.0,0.0,0.0,0.0,0.0,47.0,53.8,-,-,-,1 (0),0.0,0.0,0.0,philadelphia-eagles
Grant Calcaterra,#81,TE,16.0,168.0,72.0,16.0,46.0,33.0,0.0,1.0,53.3,-,-,-,0 (0),0.0,2.0,3.0,philadelphia-eagles
Nakobe Dean,#17,LB,5.0,32.0,0.0,7.0,2.0,12.0,11.0,0.0,53.1,-,-,-,0 (0),0.0,0.0,0.0,philadelphia-eagles
Kenneth Gainwell,#14,HB,11.0,71.0,25.0,42.0,4.0,0.0,0.0,0.0,53.1,56.1,-,-,0 (0),1.0,0.0,2.0,philadelphia-eagles
DeVonta Smith,#06,WR,4.0,4.0,3.0,0.0,1.0,0.0,0.0,0.0,50.5,67.4,-,-,0 (0),0.0,0.0,0.0,philadelphia-eagles
Jake Elliott,#04,K,18.0,175.0,0.0,94.0,0.0,0.0,0.0,81.0,49.3,80.3,-,91.7,2 (0),0.0,0.0,1.0,philadelphia-eagles
Zach Cunningham,#52,LB,6.0,22.0,0.0,0.0,6.0,16.0,0.0,0.0,38.6,-,-,-,0 (0),0.0,0.0,2.0,philadelphia-eagles
Miles Killebrew,#28,S,18.0,335.0,82.0,80.0,72.0,94.0,7.0,0.0,90.0,-,-,-,4 (1),11.0,3.0,2.0,pittsburgh-steelers
Darnell Washington,#80,TE,18.0,150.0,86.0,0.0,1.0,0.0,0.0,63.0,82.7,-,-,-,0 (0),0.0,0.0,0.0,pittsburgh-steelers
Godwin Igwebuike,#48,HB,11.0,133.0,49.0,38.0,42.0,4.0,0.0,0.0,80.2,63.3,-,-,0 (0),2.0,0.0,0.0,pittsburgh-steelers
Nick Herbig,#51,ED,18.0,371.0,82.0,79.0,76.0,94.0,40.0,0.0,78.6,-,-,-,0 (0),3.0,2.0,3.0,pittsburgh-steelers
Montravius Adams,#57,DI,13.0,62.0,0.0,0.0,0.0,0.0,31.0,31.0,74.6,-,-,-,0 (0),0.0,0.0,0.0,pittsburgh-steelers
Connor Heyward,#83,TE,18.0,259.0,73.0,22.0,71.0,93.0,0.0,0.0,71.0,61.2,-,-,2 (0),1.0,1.0,1.0,pittsburgh-steelers
Qadree Ollison,#41,HB,2.0,10.0,0.0,0.0,10.0,0.0,0.0,0.0,70.9,-,-,-,0 (0),0.0,0.0,0.0,pittsburgh-steelers
Patrick Peterson,#20,CB,18.0,84.0,4.0,0.0,9.0,0.0,71.0,0.0,68.9,-,-,-,2 (0),0.0,0.0,0.0,pittsburgh-steelers
Miles Boykin,#13,WR,18.0,332.0,86.0,80.0,72.0,94.0,0.0,0.0,68.6,-,-,-,0 (0),3.0,2.0,4.0,pittsburgh-steelers
Kyron Johnson,#53,ED,7.0,116.0,32.0,29.0,26.0,29.0,0.0,0.0,68.3,-,-,-,0 (0),0.0,0.0,1.0,pittsburgh-steelers
Elijah Riley,#37,S,13.0,216.0,47.0,55.0,47.0,67.0,0.0,0.0,68.3,-,-,-,0 (0),0.0,2.0,2.0,pittsburgh-steelers
Rodney Williams,#87,TE,14.0,205.0,59.0,58.0,19.0,49.0,0.0,20.0,67.9,-,-,-,0 (0),6.0,0.0,1.0,pittsburgh-steelers
Trenton Thompson,#17,S,6.0,58.0,0.0,10.0,9.0,23.0,16.0,0.0,67.4,-,-,-,0 (0),1.0,1.0,0.0,pittsburgh-steelers
Darius Rush,#21,CB,2.0,20.0,0.0,7.0,7.0,6.0,0.0,0.0,65.9,-,-,-,0 (0),0.0,0.0,0.0,pittsburgh-steelers
Nate Herbig,#71,G,18.0,63.0,0.0,0.0,0.0,0.0,0.0,63.0,64.5,-,-,-,0 (0),0.0,0.0,0.0,pittsburgh-steelers
Levi Wallace,#29,CB,12.0,45.0,0.0,1.0,4.0,0.0,40.0,0.0,63.4,-,-,-,0 (0),0.0,0.0,0.0,pittsburgh-steelers
Pressley Harvin III,#06,P,16.0,141.0,0.0,0.0,0.0,83.0,0.0,58.0,63.3,-,50.3,-,0 (0),0.0,0.0,0.0,pittsburgh-steelers
Spencer Anderson,#74,G,9.0,29.0,0.0,0.0,0.0,0.0,0.0,29.0,62.1,-,-,-,0 (0),0.0,0.0,0.0,pittsburgh-steelers
Joey Porter Jr.,#24,CB,18.0,127.0,0.0,76.0,9.0,0.0,42.0,0.0,61.7,-,-,-,0 (0),1.0,0.0,0.0,pittsburgh-steelers
Mark Robinson,#93,LB,18.0,320.0,82.0,52.0,62.0,94.0,30.0,0.0,61.7,-,-,-,2 (1),2.0,2.0,3.0,pittsburgh-steelers
Eric Rowe,#25,S,4.0,20.0,0.0,5.0,1.0,0.0,14.0,0.0,61.7,-,-,-,0 (0),0.0,0.0,0.0,pittsburgh-steelers
Pat Freiermuth,#88,TE,13.0,46.0,4.0,0.0,0.0,0.0,0.0,42.0,61.6,-,-,-,0 (0),0.0,0.0,0.0,pittsburgh-steelers
Calvin Austin III,#19,WR,18.0,83.0,7.0,0.0,76.0,0.0,0.0,0.0,61.5,57.8,66.5,-,0 (0),0.0,0.0,0.0,pittsburgh-steelers
Dez Fitzpatrick,#82,WR,1.0,3.0,0.0,0.0,3.0,0.0,0.0,0.0,61.5,-,-,-,0 (0),0.0,0.0,0.0,pittsburgh-steelers
Cameron Heyward,#97,DI,12.0,66.0,0.0,0.0,7.0,0.0,24.0,35.0,61.3,-,-,-,0 (0),0.0,0.0,0.0,pittsburgh-steelers
Mykal Walker,#38,LB,3.0,11.0,0.0,0.0,2.0,0.0,9.0,0.0,61.1,-,-,-,0 (0),0.0,0.0,0.0,pittsburgh-steelers
Blake Martinez,#40,LB,1.0,5.0,0.0,0.0,2.0,0.0,3.0,0.0,61.0,-,-,-,0 (0),0.0,0.0,0.0,pittsburgh-steelers
Chris Boswell,#09,K,18.0,143.0,0.0,80.0,0.0,0.0,0.0,63.0,60.9,65.4,-,85.9,0 (0),0.0,0.0,0.0,pittsburgh-steelers
Brad Wing,#03,P,2.0,16.0,0.0,0.0,0.0,11.0,0.0,5.0,60.9,-,58.9,-,0 (0),0.0,0.0,0.0,pittsburgh-steelers
Desmond King II,#25,CB,3.0,15.0,12.0,3.0,0.0,0.0,0.0,0.0,60.8,60.2,-,-,0 (0),0.0,0.0,0.0,pittsburgh-steelers
Gunner Olszewski,#89,WR,2.0,8.0,3.0,0.0,5.0,0.0,0.0,0.0,60.6,58.1,37.2,-,0 (0),0.0,0.0,0.0,pittsburgh-steelers
Keeanu Benton,#95,DI,17.0,54.0,0.0,0.0,8.0,0.0,41.0,5.0,60.4,-,-,-,0 (0),0.0,0.0,0.0,pittsburgh-steelers
Isaiahh Loudermilk,#92,DI,16.0,87.0,0.0,0.0,4.0,0.0,28.0,55.0,60.4,-,-,-,0 (0),0.0,0.0,0.0,pittsburgh-steelers
Myles Jack,#16,LB,4.0,11.0,0.0,0.0,2.0,0.0,9.0,0.0,60.3,-,-,-,0 (0),0.0,0.0,0.0,pittsburgh-steelers
Allen Robinson II,#11,WR,4.0,4.0,4.0,0.0,0.0,0.0,0.0,0.0,60.3,-,-,-,0 (0),0.0,0.0,0.0,pittsburgh-steelers
Anthony McFarland Jr.,#26,HB,3.0,16.0,16.0,0.0,0.0,0.0,0.0,0.0,60.2,64.5,-,-,0 (0),0.0,0.0,0.0,pittsburgh-steelers
Alex Highsmith,#56,ED,18.0,66.0,0.0,0.0,7.0,0.0,59.0,0.0,60.1,-,-,-,0 (0),0.0,0.0,0.0,pittsburgh-steelers
Larry Ogunjobi,#99,DI,18.0,61.0,0.0,0.0,5.0,0.0,56.0,0.0,60.0,-,-,-,0 (0),0.0,0.0,0.0,pittsburgh-steelers
Jaylen Warren,#30,HB,16.0,72.0,72.0,0.0,0.0,0.0,0.0,0.0,59.9,58.0,-,-,0 (0),0.0,0.0,0.0,pittsburgh-steelers
Minkah Fitzpatrick,#39,S,11.0,39.0,1.0,0.0,2.0,0.0,36.0,0.0,59.9,-,60.0,-,0 (0),0.0,0.0,0.0,pittsburgh-steelers
Kwon Alexander,#54,LB,2.0,5.0,0.0,0.0,0.0,0.0,5.0,0.0,59.9,-,-,-,0 (0),0.0,0.0,0.0,pittsburgh-steelers
Cole Holcomb,#55,LB,8.0,30.0,0.0,0.0,1.0,1.0,28.0,0.0,59.8,-,-,-,0 (0),0.0,0.0,0.0,pittsburgh-steelers
Armon Watts,#94,DI,11.0,24.0,0.0,0.0,4.0,0.0,20.0,0.0,59.5,-,-,-,0 (0),0.0,0.0,0.0,pittsburgh-steelers
George Pickens,#14,WR,4.0,4.0,4.0,0.0,0.0,0.0,0.0,0.0,59.3,61.2,-,-,0 (0),0.0,0.0,0.0,pittsburgh-steelers
Diontae Johnson,#18,WR,3.0,3.0,3.0,0.0,0.0,0.0,0.0,0.0,59.3,61.2,-,-,0 (0),0.0,0.0,0.0,pittsburgh-steelers
Markus Golden,#44,ED,9.0,18.0,0.0,0.0,0.0,0.0,18.0,0.0,59.2,-,-,-,0 (0),0.0,0.0,0.0,pittsburgh-steelers
Keanu Neal,#31,S,9.0,80.0,0.0,0.0,1.0,45.0,34.0,0.0,58.6,-,-,-,0 (0),0.0,0.0,0.0,pittsburgh-steelers
James Pierre,#42,CB,17.0,279.0,49.0,76.0,65.0,88.0,1.0,0.0,58.5,-,-,-,1 (0),6.0,2.0,0.0,pittsburgh-steelers
Najee Harris,#22,HB,4.0,4.0,4.0,0.0,0.0,0.0,0.0,0.0,58.2,-,-,-,0 (0),0.0,0.0,0.0,pittsburgh-steelers
Broderick Jones,#77,T,18.0,63.0,0.0,0.0,0.0,0.0,0.0,63.0,56.1,-,-,-,1 (0),0.0,0.0,0.0,pittsburgh-steelers
Chandon Sullivan,#34,CB,18.0,234.0,82.0,80.0,72.0,0.0,0.0,0.0,56.1,-,-,-,0 (0),2.0,0.0,0.0,pittsburgh-steelers
Dan Moore Jr.,#65,T,16.0,58.0,0.0,0.0,0.0,0.0,0.0,58.0,55.5,-,-,-,1 (0),0.0,0.0,0.0,pittsburgh-steelers
Isaac Seumalo,#73,G,12.0,39.0,0.0,0.0,0.0,0.0,0.0,39.0,53.7,-,-,-,1 (0),0.0,0.0,0.0,pittsburgh-steelers
Damontae Kazee,#23,S,15.0,123.0,0.0,35.0,62.0,0.0,26.0,0.0,53.6,-,-,-,0 (0),0.0,0.0,0.0,pittsburgh-steelers
Elandon Roberts,#50,LB,16.0,131.0,0.0,0.0,7.0,64.0,60.0,0.0,46.4,-,-,-,1 (0),0.0,0.0,1.0,pittsburgh-steelers
T.J. Watt,#90,ED,14.0,35.0,0.0,0.0,9.0,0.0,26.0,0.0,45.8,-,-,-,1 (1),0.0,0.0,0.0,pittsburgh-steelers
Christian Kuntz,#46,LS,18.0,157.0,0.0,0.0,0.0,94.0,0.0,63.0,45.3,-,-,-,2 (0),5.0,0.0,0.0,pittsburgh-steelers
DeMarvin Leal,#98,DI,8.0,22.0,0.0,0.0,4.0,0.0,17.0,1.0,43.9,-,-,-,1 (0),0.0,0.0,0.0,pittsburgh-steelers
Tariq Carpenter,#49,LB,3.0,34.0,3.0,14.0,16.0,1.0,0.0,0.0,39.1,-,-,-,1 (0),2.0,0.0,0.0,pittsburgh-steelers
Samuel Womack III,#00,CB,7.0,104.0,24.0,36.0,24.0,18.0,2.0,0.0,75.0,-,-,-,1 (0),3.0,1.0,1.0,san-francisco-49ers
Charlie Woerner,#89,TE,20.0,410.0,90.0,107.0,47.0,62.0,0.0,104.0,73.6,-,-,-,0 (0),11.0,0.0,1.0,san-francisco-49ers
Jordan Mason,#24,HB,20.0,297.0,90.0,94.0,54.0,59.0,0.0,0.0,72.5,62.8,-,-,0 (0),6.0,2.0,1.0,san-francisco-49ers
Jalen Graham,#50,LB,4.0,58.0,19.0,21.0,11.0,7.0,0.0,0.0,70.8,-,-,-,0 (0),1.0,0.0,0.0,san-francisco-49ers
Brayden Willis,#09,TE,9.0,168.0,42.0,45.0,22.0,19.0,0.0,40.0,69.3,-,-,-,0 (0),0.0,1.0,0.0,san-francisco-49ers
Chris Conley,#84,WR,10.0,121.0,50.0,48.0,13.0,10.0,0.0,0.0,69.0,-,-,-,0 (0),2.0,0.0,1.0,san-francisco-49ers
Robert Beal Jr.,#51,ED,7.0,73.0,4.0,35.0,15.0,0.0,19.0,0.0,68.5,-,-,-,0 (0),1.0,0.0,0.0,san-francisco-49ers
Nick Bosa,#97,ED,10.0,9.0,0.0,0.0,9.0,0.0,0.0,0.0,66.6,-,-,-,0 (0),0.0,0.0,0.0,san-francisco-49ers
Logan Ryan,#33,S,7.0,38.0,3.0,18.0,9.0,0.0,8.0,0.0,66.5,-,-,-,0 (0),1.0,0.0,0.0,san-francisco-49ers
Curtis Robinson,#59,LB,3.0,54.0,10.0,17.0,14.0,12.0,1.0,0.0,66.4,-,-,-,0 (0),2.0,0.0,0.0,san-francisco-49ers
Talanoa Hufanga,#29,S,10.0,43.0,0.0,8.0,3.0,0.0,32.0,0.0,66.3,-,-,-,0 (0),1.0,0.0,0.0,san-francisco-49ers
Taybor Pepper,#46,LS,20.0,166.0,0.0,0.0,0.0,62.0,0.0,104.0,66.2,-,-,-,0 (0),0.0,0.0,0.0,san-francisco-49ers
Javon Hargrave,#98,DI,8.0,7.0,0.0,0.0,7.0,0.0,0.0,0.0,65.5,-,-,-,0 (0),0.0,0.0,0.0,san-francisco-49ers
Isaiah Oliver,#26,CB,20.0,202.0,40.0,99.0,43.0,20.0,0.0,0.0,65.2,-,-,-,0 (0),5.0,4.0,1.0,san-francisco-49ers
Colton McKivitz,#68,T,20.0,104.0,0.0,0.0,0.0,0.0,0.0,104.0,64.4,-,-,-,0 (0),0.0,0.0,0.0,san-francisco-49ers
Deommodore Lenoir,#02,CB,20.0,79.0,0.0,3.0,10.0,0.0,66.0,0.0,64.1,-,-,-,0 (0),0.0,0.0,0.0,san-francisco-49ers
Arik Armstead,#91,DI,5.0,4.0,0.0,0.0,4.0,0.0,0.0,0.0,63.8,-,-,-,0 (0),0.0,0.0,0.0,san-francisco-49ers
Dre Greenlaw,#57,LB,9.0,9.0,2.0,0.0,7.0,0.0,0.0,0.0,63.6,-,-,-,0 (0),0.0,0.0,0.0,san-francisco-49ers
Aaron Banks,#65,G,14.0,73.0,0.0,0.0,0.0,0.0,0.0,73.0,63.4,-,-,-,0 (0),0.0,0.0,0.0,san-francisco-49ers
Jon Feliciano,#55,G,19.0,95.0,0.0,0.0,0.0,0.0,0.0,95.0,62.9,-,-,-,0 (0),0.0,0.0,0.0,san-francisco-49ers
Ronnie Bell,#10,WR,17.0,111.0,44.0,19.0,23.0,25.0,0.0,0.0,62.8,54.9,60.5,-,1 (0),2.0,1.0,0.0,san-francisco-49ers
Chase Young,#92,ED,8.0,14.0,0.0,0.0,4.0,0.0,10.0,0.0,62.6,-,-,-,0 (0),0.0,0.0,0.0,san-francisco-49ers
Fred Warner,#54,LB,20.0,82.0,3.0,0.0,9.0,0.0,70.0,0.0,62.6,-,-,-,0 (0),0.0,0.0,0.0,san-francisco-49ers
Charvarius Ward,#07,CB,12.0,32.0,0.0,0.0,8.0,0.0,24.0,0.0,62.5,-,-,-,0 (0),0.0,0.0,0.0,san-francisco-49ers
Jaylon Moore,#76,T,19.0,98.0,0.0,0.0,0.0,0.0,0.0,98.0,62.4,-,-,-,0 (0),0.0,0.0,0.0,san-francisco-49ers
George Odum,#30,S,14.0,261.0,57.0,78.0,42.0,40.0,44.0,0.0,62.2,-,-,-,3 (0),10.0,1.0,0.0,san-francisco-49ers
Dee Winters,#53,LB,18.0,275.0,84.0,102.0,54.0,34.0,1.0,0.0,62.1,-,-,-,1 (0),3.0,1.0,3.0,san-francisco-49ers
Tayler Hawkins,#41,S,1.0,12.0,4.0,2.0,2.0,2.0,2.0,0.0,61.9,-,-,-,0 (0),0.0,0.0,0.0,san-francisco-49ers
Ray-Ray McCloud III,#03,WR,15.0,118.0,66.0,0.0,52.0,0.0,0.0,0.0,61.8,58.1,60.9,-,0 (0),0.0,0.0,0.0,san-francisco-49ers
Nick Zakelj,#63,G,4.0,18.0,0.0,0.0,0.0,0.0,0.0,18.0,61.7,-,-,-,0 (0),0.0,0.0,0.0,san-francisco-49ers
Jauan Jennings,#15,WR,9.0,29.0,3.0,0.0,26.0,0.0,0.0,0.0,61.7,-,-,-,0 (0),0.0,0.0,0.0,san-francisco-49ers
Jake Brendel,#64,C,5.0,14.0,0.0,0.0,0.0,0.0,0.0,14.0,61.5,-,-,-,0 (0),0.0,0.0,0.0,san-francisco-49ers
Corey Luciano,#61,C,2.0,10.0,0.0,0.0,0.0,0.0,0.0,10.0,61.2,-,-,-,0 (0),0.0,0.0,0.0,san-francisco-49ers
Drake Jackson,#95,ED,8.0,33.0,0.0,0.0,3.0,0.0,30.0,0.0,61.2,-,-,-,0 (0),0.0,0.0,0.0,san-francisco-49ers
Jesse Davis,#66,T,1.0,5.0,0.0,0.0,0.0,0.0,0.0,5.0,61.2,-,-,-,0 (0),0.0,0.0,0.0,san-francisco-49ers
Jake Moody,#04,K,20.0,212.0,0.0,108.0,0.0,0.0,0.0,104.0,61.1,52.6,-,72.3,1 (0),0.0,0.0,1.0,san-francisco-49ers
Oren Burks,#48,LB,18.0,188.0,25.0,63.0,23.0,58.0,19.0,0.0,60.5,-,-,-,0 (0),2.0,1.0,0.0,san-francisco-49ers
Tashaun Gipson Sr.,#31,S,13.0,43.0,1.0,6.0,0.0,0.0,36.0,0.0,60.5,-,-,-,0 (0),0.0,0.0,0.0,san-francisco-49ers
Tay Martin,#86,WR,1.0,4.0,3.0,0.0,0.0,1.0,0.0,0.0,60.4,-,-,-,0 (0),0.0,0.0,0.0,san-francisco-49ers
Willie Snead IV,#83,WR,3.0,23.0,18.0,0.0,5.0,0.0,0.0,0.0,60.4,-,-,-,0 (0),0.0,0.0,0.0,san-francisco-49ers
Kerry Hyder Jr.,#92,ED,3.0,9.0,0.0,0.0,0.0,0.0,9.0,0.0,60.3,-,-,-,0 (0),0.0,0.0,0.0,san-francisco-49ers
Kendall Sheffield,#35,CB,3.0,45.0,7.0,17.0,9.0,8.0,4.0,0.0,60.2,-,-,-,0 (0),1.0,0.0,0.0,san-francisco-49ers
T.Y. McGill,#96,DI,2.0,10.0,0.0,0.0,0.0,0.0,10.0,0.0,60.2,-,-,-,0 (0),0.0,0.0,0.0,san-francisco-49ers
Anthony Brown,#22,CB,2.0,3.0,0.0,2.0,1.0,0.0,0.0,0.0,60.1,-,-,-,0 (0),0.0,0.0,0.0,san-francisco-49ers
Brandon Aiyuk,#11,WR,3.0,3.0,3.0,0.0,0.0,0.0,0.0,0.0,60.0,61.2,-,-,0 (0),0.0,0.0,0.0,san-francisco-49ers
Spencer Burford,#74,G,17.0,88.0,0.0,0.0,0.0,0.0,0.0,88.0,60.0,-,-,-,1 (0),0.0,0.0,0.0,san-francisco-49ers
Kalia Davis,#93,DI,3.0,5.0,0.0,0.0,0.0,0.0,5.0,0.0,60.0,-,-,-,0 (0),0.0,0.0,0.0,san-francisco-49ers
Austin Bryant,#56,ED,1.0,2.0,0.0,0.0,0.0,0.0,2.0,0.0,60.0,-,-,-,0 (0),0.0,0.0,0.0,san-francisco-49ers
Christian McCaffrey,#23,HB,1.0,1.0,1.0,0.0,0.0,0.0,0.0,0.0,60.0,61.2,-,-,0 (0),0.0,0.0,0.0,san-francisco-49ers
Deebo Samuel,#19,WR,6.0,25.0,25.0,0.0,0.0,0.0,0.0,0.0,59.8,60.4,-,-,0 (0),0.0,0.0,0.0,san-francisco-49ers
Clelin Ferrell,#94,ED,16.0,59.0,0.0,0.0,2.0,0.0,56.0,1.0,59.7,-,-,-,0 (0),0.0,0.0,0.0,san-francisco-49ers
Sebastian Joseph-Day,#69,DI,1.0,2.0,0.0,0.0,0.0,0.0,2.0,0.0,59.6,-,-,-,0 (0),0.0,0.0,0.0,san-francisco-49ers
Shemar Jean-Charles,#38,CB,5.0,68.0,14.0,22.0,18.0,14.0,0.0,0.0,59.4,-,-,-,2 (0),2.0,1.0,2.0,san-francisco-49ers
George Kittle,#85,TE,3.0,3.0,3.0,0.0,0.0,0.0,0.0,0.0,59.3,60.0,-,-,0 (0),0.0,0.0,0.0,san-francisco-49ers
Erik Harris,#35,S,3.0,47.0,11.0,18.0,11.0,7.0,0.0,0.0,58.7,-,-,-,0 (0),0.0,0.0,0.0,san-francisco-49ers
Ambry Thomas,#20,CB,18.0,130.0,15.0,32.0,31.0,13.0,39.0,0.0,58.4,-,-,-,1 (0),1.0,0.0,1.0,san-francisco-49ers
Darrell Luter Jr.,#28,CB,10.0,153.0,40.0,59.0,26.0,24.0,4.0,0.0,58.2,-,58.4,-,0 (0),3.0,0.0,2.0,san-francisco-49ers
Javon Kinlaw,#99,DI,20.0,72.0,0.0,0.0,3.0,0.0,69.0,0.0,58.2,-,-,-,0 (0),0.0,0.0,0.0,san-francisco-49ers
Kyle Juszczyk,#44,FB,11.0,49.0,46.0,0.0,0.0,3.0,0.0,0.0,57.7,59.9,-,-,0 (0),0.0,0.0,0.0,san-francisco-49ers
Kevin Givens,#90,DI,20.0,74.0,0.0,0.0,3.0,0.0,71.0,0.0,57.6,-,-,-,0 (0),0.0,0.0,0.0,san-francisco-49ers
Mitch Wishnowsky,#18,P,20.0,173.0,0.0,7.0,0.0,62.0,0.0,104.0,57.4,61.4,71.2,-,1 (0),0.0,0.0,1.0,san-francisco-49ers
Ross Dwelley,#82,TE,12.0,206.0,49.0,26.0,30.0,38.0,0.0,63.0,57.2,-,-,-,0 (0),0.0,1.0,0.0,san-francisco-49ers
Demetrius Flannigan-Fowles,#45,LB,19.0,351.0,82.0,100.0,45.0,56.0,68.0,0.0,56.5,-,-,-,1 (0),3.0,1.0,1.0,san-francisco-49ers
Matt Pryor,#75,T,15.0,79.0,0.0,0.0,0.0,0.0,0.0,79.0,56.5,-,-,-,1 (0),0.0,0.0,0.0,san-francisco-49ers
Ben Bartch,#78,G,8.0,40.0,0.0,0.0,0.0,0.0,0.0,40.0,55.4,-,-,-,0 (0),0.0,0.0,0.0,san-francisco-49ers
Ji'Ayir Brown,#27,S,17.0,176.0,43.0,56.0,34.0,18.0,25.0,0.0,53.5,-,-,-,0 (0),1.0,0.0,5.0,san-francisco-49ers
Randy Gregory,#05,ED,15.0,60.0,0.0,0.0,1.0,0.0,59.0,0.0,48.2,-,-,-,1 (1),0.0,0.0,0.0,san-francisco-49ers
Jeremy McNichols,#36,HB,3.0,20.0,4.0,7.0,5.0,4.0,0.0,0.0,42.6,-,-,-,1 (0),0.0,1.0,0.0,san-francisco-49ers
Tre Swilling,#35,CB,2.0,33.0,9.0,10.0,8.0,6.0,0.0,0.0,32.4,-,-,-,2 (0),0.0,0.0,0.0,san-francisco-49ers
Ty Okada,#39,S,5.0,38.0,19.0,14.0,5.0,0.0,0.0,0.0,90.4,-,-,-,0 (0),2.0,0.0,0.0,seattle-seahawks
Julian Love,#20,S,15.0,88.0,1.0,28.0,0.0,57.0,2.0,0.0,84.4,-,-,-,0 (0),10.0,3.0,2.0,seattle-seahawks
Jarran Reed,#90,DI,15.0,67.0,0.0,0.0,3.0,0.0,64.0,0.0,82.4,-,-,-,0 (0),0.0,0.0,0.0,seattle-seahawks
Chris Stoll,#41,LS,17.0,144.0,0.0,0.0,0.0,69.0,0.0,75.0,81.8,-,-,-,0 (0),0.0,3.0,1.0,seattle-seahawks
Devin Bush,#00,LB,12.0,137.0,43.0,51.0,33.0,10.0,0.0,0.0,81.1,-,-,-,0 (0),0.0,0.0,0.0,seattle-seahawks
Coby Bryant,#08,S,7.0,56.0,2.0,34.0,10.0,10.0,0.0,0.0,80.7,-,-,-,0 (0),2.0,0.0,0.0,seattle-seahawks
Jerrick Reed II,#32,S,10.0,157.0,47.0,51.0,29.0,29.0,1.0,0.0,76.4,-,-,-,0 (0),9.0,0.0,3.0,seattle-seahawks
Brady Russell,#38,TE,15.0,310.0,77.0,76.0,55.0,62.0,0.0,40.0,76.3,-,-,-,0 (0),6.0,1.0,0.0,seattle-seahawks
Lance Boykin,#18,CB,1.0,8.0,2.0,5.0,0.0,1.0,0.0,0.0,74.4,-,-,-,0 (0),0.0,0.0,0.0,seattle-seahawks
Jake Bobo,#19,WR,17.0,137.0,91.0,14.0,22.0,10.0,0.0,0.0,73.4,61.2,-,-,0 (0),0.0,0.0,0.0,seattle-seahawks
Jon Rhattigan,#59,LB,17.0,301.0,89.0,86.0,57.0,69.0,0.0,0.0,71.5,-,-,-,2 (0),7.0,2.0,4.0,seattle-seahawks
Colby Parkinson,#84,TE,17.0,134.0,90.0,0.0,0.0,9.0,0.0,35.0,71.2,59.9,-,-,0 (0),0.0,0.0,0.0,seattle-seahawks
Will Dissly,#89,TE,16.0,178.0,79.0,0.0,0.0,31.0,0.0,68.0,69.6,-,-,-,0 (0),1.0,0.0,0.0,seattle-seahawks
Nick Bellore,#44,LB,16.0,364.0,89.0,81.0,52.0,64.0,78.0,0.0,69.2,-,-,-,1 (0),6.0,3.0,3.0,seattle-seahawks
Zach Charbonnet,#26,HB,10.0,89.0,33.0,0.0,29.0,27.0,0.0,0.0,68.3,-,-,-,0 (0),0.0,1.0,2.0,seattle-seahawks
Dareke Young,#83,WR,6.0,101.0,29.0,29.0,18.0,25.0,0.0,0.0,67.2,-,-,-,0 (0),1.0,0.0,2.0,seattle-seahawks
Patrick O'Connell,#50,LB,1.0,17.0,7.0,6.0,1.0,3.0,0.0,0.0,65.5,-,-,-,0 (0),0.0,1.0,0.0,seattle-seahawks
Kenny McIntosh,#25,HB,3.0,12.0,1.0,4.0,7.0,0.0,0.0,0.0,64.9,60.0,-,-,0 (0),0.0,0.0,0.0,seattle-seahawks
Mike Jackson,#30,CB,17.0,234.0,41.0,55.0,42.0,17.0,79.0,0.0,64.9,-,-,-,0 (0),1.0,0.0,1.0,seattle-seahawks
Damien Lewis,#68,G,16.0,66.0,0.0,0.0,0.0,0.0,0.0,66.0,64.6,-,-,-,0 (0),0.0,0.0,0.0,seattle-seahawks
Tariq Woolen,#27,CB,16.0,93.0,0.0,0.0,24.0,0.0,69.0,0.0,64.3,-,-,-,0 (0),0.0,0.0,0.0,seattle-seahawks
Michael Dickson,#04,P,17.0,144.0,0.0,0.0,0.0,69.0,0.0,75.0,63.6,-,80.0,-,2 (1),0.0,0.0,0.0,seattle-seahawks
Mario Edwards Jr.,#97,DI,12.0,30.0,0.0,0.0,16.0,0.0,14.0,0.0,63.6,-,-,-,0 (0),0.0,0.0,0.0,seattle-seahawks
Charles Cross,#67,T,14.0,56.0,0.0,0.0,0.0,0.0,0.0,56.0,63.3,-,-,-,0 (0),0.0,0.0,0.0,seattle-seahawks
Anthony Bradford,#75,G,14.0,61.0,0.0,0.0,0.0,0.0,0.0,61.0,62.9,-,-,-,0 (0),0.0,0.0,0.0,seattle-seahawks
Tre Brown,#22,CB,9.0,25.0,0.0,9.0,12.0,4.0,0.0,0.0,62.9,-,-,-,0 (0),0.0,0.0,1.0,seattle-seahawks
Derick Hall,#58,ED,17.0,286.0,27.0,72.0,41.0,69.0,77.0,0.0,62.8,-,-,-,3 (0),5.0,2.0,1.0,seattle-seahawks
Artie Burns,#23,CB,14.0,180.0,44.0,64.0,35.0,27.0,10.0,0.0,62.5,-,-,-,0 (0),2.0,0.0,1.0,seattle-seahawks
Myles Adams,#95,DI,8.0,29.0,0.0,0.0,6.0,0.0,23.0,0.0,62.3,-,-,-,0 (0),0.0,0.0,0.0,seattle-seahawks
Kelvin Joseph,#28,CB,1.0,8.0,0.0,4.0,3.0,1.0,0.0,0.0,62.2,-,-,-,0 (0),1.0,0.0,0.0,seattle-seahawks
Olusegun Oluwatimi,#51,C,14.0,58.0,0.0,0.0,0.0,0.0,0.0,58.0,62.0,-,-,-,0 (0),0.0,0.0,0.0,seattle-seahawks
Raiqwon O'Neal,#79,T,3.0,19.0,0.0,0.0,0.0,0.0,0.0,19.0,62.0,-,-,-,0 (0),0.0,0.0,0.0,seattle-seahawks
Phil Haynes,#60,G,7.0,31.0,0.0,0.0,0.0,0.0,0.0,31.0,61.9,-,-,-,0 (0),0.0,0.0,0.0,seattle-seahawks
Jake Curhan,#74,T,11.0,50.0,0.0,0.0,0.0,0.0,0.0,50.0,61.8,-,-,-,0 (0),0.0,0.0,0.0,seattle-seahawks
Evan Brown,#63,C,4.0,11.0,0.0,0.0,0.0,0.0,0.0,11.0,61.7,-,-,-,0 (0),0.0,0.0,0.0,seattle-seahawks
Bobby Wagner,#54,LB,17.0,83.0,2.0,0.0,2.0,0.0,79.0,0.0,61.4,-,-,-,0 (0),0.0,0.0,0.0,seattle-seahawks
Kyu Blu Kelly,#28,CB,5.0,37.0,0.0,11.0,18.0,8.0,0.0,0.0,61.2,-,-,-,0 (0),0.0,0.0,0.0,seattle-seahawks
Abraham Lucas,#72,T,6.0,19.0,0.0,0.0,0.0,0.0,0.0,19.0,61.1,-,-,-,0 (0),0.0,0.0,0.0,seattle-seahawks
Jason Myers,#05,K,17.0,161.0,0.0,86.0,0.0,0.0,0.0,75.0,61.0,67.9,-,66.9,1 (0),0.0,0.0,0.0,seattle-seahawks
Ben Brown,#76,G,1.0,7.0,0.0,0.0,0.0,0.0,0.0,7.0,60.5,-,-,-,0 (0),0.0,0.0,0.0,seattle-seahawks
Teez Tabor,#36,S,1.0,3.0,0.0,3.0,0.0,0.0,0.0,0.0,60.5,-,-,-,0 (0),0.0,0.0,0.0,seattle-seahawks
Uchenna Nwosu,#10,ED,1.0,6.0,0.0,0.0,0.0,0.0,6.0,0.0,60.4,-,-,-,0 (0),0.0,0.0,0.0,seattle-seahawks
McClendon Curtis,#66,G,1.0,4.0,0.0,0.0,0.0,0.0,0.0,4.0,60.2,-,-,-,0 (0),0.0,0.0,0.0,seattle-seahawks
Cody Thompson,#13,WR,7.0,93.0,36.0,38.0,19.0,0.0,0.0,0.0,60.2,-,-,-,0 (0),1.0,0.0,0.0,seattle-seahawks
Darrell Taylor,#52,ED,17.0,75.0,0.0,0.0,3.0,0.0,72.0,0.0,60.2,-,-,-,0 (0),0.0,0.0,0.0,seattle-seahawks
Jordyn Brooks,#56,LB,2.0,2.0,2.0,0.0,0.0,0.0,0.0,0.0,60.1,-,-,-,0 (0),0.0,0.0,0.0,seattle-seahawks
Tyreke Smith,#50,ED,1.0,5.0,0.0,0.0,0.0,0.0,5.0,0.0,60.0,-,-,-,0 (0),0.0,0.0,0.0,seattle-seahawks
Boye Mafe,#53,ED,16.0,77.0,0.0,0.0,3.0,0.0,74.0,0.0,60.0,-,-,-,0 (0),0.0,0.0,0.0,seattle-seahawks
Noah Fant,#87,TE,1.0,1.0,1.0,0.0,0.0,0.0,0.0,0.0,60.0,-,-,-,0 (0),0.0,0.0,0.0,seattle-seahawks
Austin Faoliu,#64,DI,1.0,6.0,0.0,0.0,0.0,0.0,6.0,0.0,59.8,-,-,-,0 (0),0.0,0.0,0.0,seattle-seahawks
Leonard Williams,#99,DI,10.0,52.0,0.0,0.0,3.0,0.0,49.0,0.0,59.7,-,-,-,0 (0),0.0,0.0,0.0,seattle-seahawks
Tyler Lockett,#16,WR,2.0,2.0,2.0,0.0,0.0,0.0,0.0,0.0,59.6,-,-,-,0 (0),0.0,0.0,0.0,seattle-seahawks
D.K. Metcalf,#14,WR,2.0,2.0,2.0,0.0,0.0,0.0,0.0,0.0,59.4,-,-,-,0 (0),0.0,0.0,0.0,seattle-seahawks
Mike Morris,#94,DI,1.0,8.0,0.0,0.0,0.0,0.0,8.0,0.0,58.5,-,-,-,0 (0),0.0,0.0,0.0,seattle-seahawks
Dre'Mont Jones,#55,DI,16.0,79.0,0.0,0.0,3.0,0.0,76.0,0.0,58.3,-,-,-,0 (0),0.0,0.0,0.0,seattle-seahawks
DeeJay Dallas,#31,HB,17.0,284.0,88.0,77.0,60.0,59.0,0.0,0.0,57.4,61.2,53.7,-,1 (0),0.0,5.0,2.0,seattle-seahawks
Cameron Young,#93,DI,16.0,90.0,0.0,0.0,16.0,0.0,74.0,0.0,51.8,-,-,-,1 (0),0.0,0.0,0.0,seattle-seahawks
Stone Forsythe,#78,T,17.0,76.0,0.0,0.0,0.0,0.0,1.0,75.0,50.7,-,-,-,2 (0),0.0,0.0,0.0,seattle-seahawks
Drake Thomas,#42,LB,7.0,117.0,34.0,35.0,25.0,23.0,0.0,0.0,49.9,-,-,-,0 (0),0.0,1.0,3.0,seattle-seahawks
D'Wayne Eskridge,#01,WR,4.0,49.0,23.0,13.0,7.0,6.0,0.0,0.0,42.4,65.9,-,-,1 (0),0.0,0.0,0.0,seattle-seahawks
Kaevon Merriweather,#26,S,18.0,323.0,72.0,78.0,59.0,77.0,37.0,0.0,80.0,-,-,-,1 (0),6.0,1.0,2.0,tampa-bay-buccaneers
David Moore,#19,WR,9.0,103.0,31.0,30.0,16.0,26.0,0.0,0.0,79.5,61.2,-,-,0 (0),3.0,1.0,1.0,tampa-bay-buccaneers
Joe Tryon-Shoyinka,#09,ED,12.0,108.0,34.0,43.0,31.0,0.0,0.0,0.0,73.9,-,-,-,0 (0),2.0,0.0,0.0,tampa-bay-buccaneers
Ke'Shawn Vaughn,#21,HB,6.0,21.0,0.0,7.0,14.0,0.0,0.0,0.0,72.6,-,-,-,0 (0),0.0,0.0,0.0,tampa-bay-buccaneers
Ryan Neal,#23,S,17.0,113.0,9.0,32.0,35.0,8.0,29.0,0.0,71.8,-,-,-,0 (0),1.0,1.0,0.0,tampa-bay-buccaneers
Christian Izien,#29,CB,19.0,168.0,8.0,7.0,61.0,22.0,70.0,0.0,71.6,-,-,-,1 (0),2.0,0.0,0.0,tampa-bay-buccaneers
K.J. Britt,#52,LB,18.0,272.0,54.0,61.0,33.0,58.0,66.0,0.0,69.7,-,-,-,1 (1),8.0,1.0,0.0,tampa-bay-buccaneers
Sean Tucker,#44,HB,11.0,86.0,47.0,0.0,15.0,24.0,0.0,0.0,66.7,-,-,-,0 (0),1.0,1.0,0.0,tampa-bay-buccaneers
Cam Gill,#49,ED,17.0,354.0,75.0,85.0,59.0,78.0,57.0,0.0,66.2,-,-,-,1 (0),3.0,2.0,4.0,tampa-bay-buccaneers
Payne Durham,#87,TE,15.0,120.0,66.0,0.0,2.0,52.0,0.0,0.0,66.1,-,-,-,1 (1),1.0,0.0,0.0,tampa-bay-buccaneers
Lavonte David,#54,LB,7.0,10.0,0.0,0.0,10.0,0.0,0.0,0.0,66.1,-,-,-,0 (0),0.0,0.0,0.0,tampa-bay-buccaneers
Devin White,#45,LB,6.0,9.0,0.0,0.0,9.0,0.0,0.0,0.0,65.2,-,-,-,0 (0),0.0,0.0,0.0,tampa-bay-buccaneers
Calijah Kancey,#94,DI,6.0,8.0,0.0,0.0,8.0,0.0,0.0,0.0,64.9,-,-,-,0 (0),0.0,0.0,0.0,tampa-bay-buccaneers
Cody Mauch,#69,G,19.0,75.0,0.0,0.0,0.0,0.0,0.0,75.0,64.8,-,-,-,0 (0),0.0,0.0,0.0,tampa-bay-buccaneers
Shaquil Barrett,#07,ED,6.0,7.0,0.0,0.0,7.0,0.0,0.0,0.0,64.3,-,-,-,0 (0),0.0,0.0,0.0,tampa-bay-buccaneers
Markees Watts,#58,ED,7.0,91.0,30.0,27.0,21.0,0.0,13.0,0.0,63.7,-,-,-,0 (0),0.0,0.0,0.0,tampa-bay-buccaneers
Tristan Wirfs,#78,T,19.0,72.0,0.0,0.0,0.0,0.0,0.0,72.0,63.7,-,-,-,0 (0),0.0,0.0,0.0,tampa-bay-buccaneers
Jake Camarda,#05,P,19.0,254.0,0.0,94.0,0.0,85.0,0.0,75.0,63.6,53.6,67.3,-,1 (0),1.0,0.0,1.0,tampa-bay-buccaneers
Ko Kieft,#41,TE,17.0,295.0,72.0,88.0,0.0,74.0,0.0,61.0,63.6,-,-,-,0 (0),5.0,1.0,1.0,tampa-bay-buccaneers
Luke Goedeke,#67,T,19.0,75.0,0.0,0.0,0.0,0.0,0.0,75.0,63.4,-,-,-,0 (0),0.0,0.0,0.0,tampa-bay-buccaneers
Yaya Diaby,#00,ED,19.0,107.0,0.0,0.0,38.0,0.0,69.0,0.0,63.1,-,-,-,0 (0),0.0,0.0,0.0,tampa-bay-buccaneers
Matt Feiler,#71,G,15.0,58.0,0.0,0.0,0.0,0.0,0.0,58.0,62.8,-,-,-,0 (0),0.0,0.0,0.0,tampa-bay-buccaneers
Aaron Stinnie,#64,G,14.0,57.0,0.0,0.0,0.0,0.0,0.0,57.0,61.9,-,-,-,0 (0),0.0,0.0,0.0,tampa-bay-buccaneers
Deven Thompkins,#83,WR,19.0,164.0,89.0,1.0,74.0,0.0,0.0,0.0,61.6,55.7,63.3,-,0 (0),0.0,0.0,0.0,tampa-bay-buccaneers
Brandon Walton,#73,T,4.0,16.0,0.0,0.0,0.0,0.0,0.0,16.0,61.6,-,-,-,0 (0),0.0,0.0,0.0,tampa-bay-buccaneers
Patrick O'Connor,#79,DI,13.0,107.0,17.0,0.0,32.0,0.0,44.0,14.0,61.6,-,-,-,0 (0),0.0,0.0,0.0,tampa-bay-buccaneers
Vita Vea,#50,DI,7.0,12.0,0.0,0.0,7.0,0.0,5.0,0.0,61.5,-,-,-,0 (0),0.0,0.0,0.0,tampa-bay-buccaneers
Richard LeCounte III,#15,S,2.0,4.0,0.0,4.0,0.0,0.0,0.0,0.0,61.4,-,-,-,0 (0),0.0,0.0,0.0,tampa-bay-buccaneers
David Wells,#89,TE,4.0,22.0,17.0,0.0,1.0,4.0,0.0,0.0,60.9,-,-,-,0 (0),0.0,0.0,0.0,tampa-bay-buccaneers
Cade Otton,#88,TE,3.0,4.0,1.0,1.0,0.0,0.0,0.0,2.0,60.8,-,-,-,0 (0),0.0,0.0,0.0,tampa-bay-buccaneers
Trey Palmer,#10,WR,4.0,5.0,2.0,1.0,2.0,0.0,0.0,0.0,60.6,-,-,-,0 (0),0.0,0.0,0.0,tampa-bay-buccaneers
Nick Leverett,#60,C,3.0,4.0,0.0,0.0,0.0,0.0,0.0,4.0,60.6,-,-,-,0 (0),0.0,0.0,0.0,tampa-bay-buccaneers
Chase McLaughlin,#04,K,19.0,75.0,0.0,0.0,0.0,0.0,0.0,75.0,60.5,-,-,91.9,1 (0),0.0,0.0,0.0,tampa-bay-buccaneers
Josh Hayes,#32,CB,17.0,323.0,56.0,79.0,54.0,78.0,56.0,0.0,60.3,-,-,-,2 (0),7.0,5.0,5.0,tampa-bay-buccaneers
Jamel Dean,#35,CB,12.0,41.0,0.0,33.0,8.0,0.0,0.0,0.0,60.0,-,-,-,0 (0),0.0,0.0,0.0,tampa-bay-buccaneers
Chris Godwin,#14,WR,1.0,1.0,1.0,0.0,0.0,0.0,0.0,0.0,60.0,-,-,-,0 (0),0.0,0.0,0.0,tampa-bay-buccaneers
Mike Evans,#13,WR,1.0,1.0,1.0,0.0,0.0,0.0,0.0,0.0,60.0,-,-,-,0 (0),0.0,0.0,0.0,tampa-bay-buccaneers
Carlton Davis III,#24,CB,5.0,8.0,0.0,0.0,8.0,0.0,0.0,0.0,59.9,-,-,-,0 (0),0.0,0.0,0.0,tampa-bay-buccaneers
Greg Gaines,#96,DI,4.0,5.0,0.0,0.0,4.0,0.0,1.0,0.0,59.9,-,-,-,0 (0),0.0,0.0,0.0,tampa-bay-buccaneers
J.J. Russell,#51,LB,8.0,128.0,30.0,36.0,14.0,34.0,14.0,0.0,59.8,-,-,-,1 (0),1.0,2.0,1.0,tampa-bay-buccaneers
Logan Hall,#90,DI,16.0,54.0,0.0,0.0,2.0,0.0,52.0,0.0,59.7,-,-,-,0 (0),0.0,0.0,0.0,tampa-bay-buccaneers
Deadrin Senat,#56,DI,2.0,5.0,0.0,0.0,0.0,0.0,5.0,0.0,59.7,-,-,-,0 (0),0.0,0.0,0.0,tampa-bay-buccaneers
Anthony Nelson,#98,ED,18.0,238.0,61.0,9.0,22.0,47.0,26.0,73.0,59.2,-,-,-,0 (0),3.0,0.0,2.0,tampa-bay-buccaneers
Mike Greene,#91,DI,10.0,38.0,0.0,0.0,0.0,0.0,38.0,0.0,58.3,-,-,-,0 (0),0.0,0.0,0.0,tampa-bay-buccaneers
Zach Triner,#97,LS,19.0,160.0,0.0,0.0,0.0,85.0,0.0,75.0,57.7,-,-,-,0 (0),2.0,1.0,2.0,tampa-bay-buccaneers
William Gholston,#92,DI,18.0,83.0,0.0,0.0,0.0,0.0,65.0,18.0,57.2,-,-,-,0 (0),0.0,0.0,0.0,tampa-bay-buccaneers
SirVocea Dennis,#08,LB,15.0,251.0,62.0,59.0,41.0,55.0,34.0,0.0,54.1,-,-,-,3 (0),4.0,1.0,2.0,tampa-bay-buccaneers
Derrek Pitts,#38,CB,4.0,46.0,11.0,16.0,6.0,13.0,0.0,0.0,53.2,-,-,-,1 (0),1.0,0.0,0.0,tampa-bay-buccaneers
Keenan Isaac,#16,CB,2.0,23.0,7.0,4.0,7.0,5.0,0.0,0.0,52.9,-,-,-,0 (0),0.0,0.0,0.0,tampa-bay-buccaneers
Zyon McCollum,#27,CB,19.0,256.0,19.0,84.0,60.0,23.0,70.0,0.0,51.9,-,-,-,2 (0),4.0,0.0,6.0,tampa-bay-buccaneers
Dee Delaney,#30,S,19.0,139.0,10.0,86.0,24.0,1.0,18.0,0.0,51.5,-,-,-,1 (0),1.0,1.0,1.0,tampa-bay-buccaneers
Ryan Miller,#81,WR,1.0,12.0,0.0,4.0,0.0,8.0,0.0,0.0,48.4,-,-,-,0 (0),0.0,0.0,1.0,tampa-bay-buccaneers
Chase Edmonds,#22,HB,15.0,154.0,64.0,18.0,9.0,63.0,0.0,0.0,47.8,-,-,-,0 (0),4.0,1.0,4.0,tampa-bay-buccaneers
Rakim Jarrett,#18,WR,10.0,112.0,33.0,47.0,17.0,15.0,0.0,0.0,41.4,-,-,-,1 (1),1.0,0.0,2.0,tampa-bay-buccaneers
Justin Skule,#77,T,19.0,75.0,0.0,0.0,0.0,0.0,0.0,75.0,29.4,-,-,-,0 (0),0.0,0.0,0.0,tampa-bay-buccaneers
Denico Autry,#96,ED,17.0,83.0,0.0,0.0,7.0,0.0,76.0,0.0,90.4,-,-,-,0 (0),0.0,0.0,0.0,tennessee-titans
Chris Moore,#11,WR,16.0,98.0,69.0,2.0,14.0,13.0,0.0,0.0,90.3,54.1,-,-,0 (0),2.0,0.0,0.0,tennessee-titans
K'Von Wallace,#35,S,10.0,74.0,20.0,21.0,33.0,0.0,0.0,0.0,85.2,-,-,-,0 (0),4.0,0.0,0.0,tennessee-titans
Joe Jones,#52,LB,4.0,78.0,20.0,14.0,18.0,24.0,2.0,0.0,83.1,-,-,-,0 (0),0.0,2.0,0.0,tennessee-titans
Luke Gifford,#57,LB,11.0,259.0,60.0,46.0,44.0,63.0,46.0,0.0,79.7,-,-,-,0 (0),4.0,2.0,1.0,tennessee-titans
Otis Reese IV,#41,LB,7.0,119.0,35.0,30.0,24.0,26.0,4.0,0.0,76.3,-,-,-,0 (0),4.0,1.0,1.0,tennessee-titans
Tyjae Spears,#32,HB,10.0,47.0,47.0,0.0,0.0,0.0,0.0,0.0,74.2,58.7,-,-,0 (0),0.0,0.0,0.0,tennessee-titans
Mike Brown,#44,S,9.0,148.0,39.0,21.0,23.0,26.0,39.0,0.0,73.2,-,-,-,0 (0),0.0,0.0,0.0,tennessee-titans
Jack Gibbens,#50,LB,14.0,198.0,71.0,22.0,22.0,71.0,12.0,0.0,71.8,-,-,-,0 (0),2.0,2.0,0.0,tennessee-titans
Rashad Weaver,#99,ED,15.0,162.0,6.0,36.0,24.0,35.0,61.0,0.0,71.6,-,-,-,0 (0),3.0,0.0,1.0,tennessee-titans
Arden Key,#49,ED,17.0,101.0,0.0,0.0,25.0,0.0,76.0,0.0,70.8,-,-,-,0 (0),0.0,0.0,0.0,tennessee-titans
Colton Dowell,#14,WR,10.0,139.0,52.0,35.0,21.0,31.0,0.0,0.0,69.3,-,-,-,1 (1),3.0,1.0,0.0,tennessee-titans
Dane Cruikshank,#29,S,2.0,33.0,13.0,9.0,3.0,1.0,7.0,0.0,68.8,-,-,-,0 (0),0.0,1.0,0.0,tennessee-titans
Trevon Wesco,#88,TE,14.0,115.0,65.0,0.0,0.0,1.0,0.0,49.0,68.7,-,-,-,1 (0),0.0,0.0,0.0,tennessee-titans
Julius Chestnut,#36,HB,3.0,37.0,11.0,12.0,5.0,9.0,0.0,0.0,68.5,-,-,-,0 (0),1.0,0.0,0.0,tennessee-titans
Terrell Edmunds,#38,S,9.0,131.0,41.0,33.0,24.0,0.0,33.0,0.0,68.5,-,-,-,0 (0),3.0,2.0,0.0,tennessee-titans
Corey Levin,#62,C,16.0,81.0,26.0,0.0,0.0,0.0,0.0,55.0,67.4,59.9,-,-,0 (0),0.0,0.0,0.0,tennessee-titans
Josh Whyle,#81,TE,10.0,85.0,46.0,3.0,3.0,31.0,0.0,2.0,67.1,-,-,-,0 (0),1.0,0.0,0.0,tennessee-titans
Tay Gowan,#30,CB,1.0,3.0,0.0,0.0,3.0,0.0,0.0,0.0,67.1,-,-,-,0 (0),0.0,0.0,0.0,tennessee-titans
Trevis Gipson,#51,ED,6.0,29.0,1.0,5.0,9.0,1.0,13.0,0.0,66.1,-,-,-,0 (0),0.0,0.0,0.0,tennessee-titans
Anthony Kendall,#40,S,16.0,324.0,47.0,67.0,68.0,74.0,68.0,0.0,65.7,-,-,-,2 (0),6.0,3.0,8.0,tennessee-titans
Kendall Sheffield,#36,CB,2.0,31.0,6.0,6.0,5.0,4.0,10.0,0.0,65.4,-,-,-,0 (0),0.0,0.0,0.0,tennessee-titans
Amani Hooker,#37,S,13.0,136.0,1.0,2.0,17.0,58.0,58.0,0.0,63.7,-,-,-,0 (0),3.0,0.0,2.0,tennessee-titans
Ryan Stonehouse,#04,P,12.0,99.0,0.0,0.0,0.0,56.0,0.0,43.0,63.4,-,73.8,-,0 (0),1.0,0.0,0.0,tennessee-titans
Andre Dillard,#71,T,16.0,56.0,0.0,0.0,0.0,0.0,0.0,56.0,63.0,-,-,-,0 (0),0.0,0.0,0.0,tennessee-titans
Calvin Throckmorton,#72,G,6.0,22.0,0.0,0.0,0.0,0.0,0.0,22.0,62.8,-,-,-,0 (0),0.0,0.0,0.0,tennessee-titans
Dillon Radunz,#75,T,16.0,55.0,0.0,0.0,0.0,0.0,0.0,55.0,62.7,-,-,-,0 (0),0.0,0.0,0.0,tennessee-titans
Peter Skoronski,#77,G,14.0,49.0,0.0,0.0,0.0,0.0,0.0,49.0,62.6,-,-,-,0 (0),0.0,0.0,0.0,tennessee-titans
Jaelyn Duncan,#79,T,10.0,32.0,0.0,0.0,0.0,0.0,0.0,32.0,62.6,-,-,-,0 (0),0.0,0.0,0.0,tennessee-titans
Matthew Jackson,#39,S,10.0,146.0,35.0,46.0,30.0,35.0,0.0,0.0,62.6,-,-,-,0 (0),4.0,1.0,4.0,tennessee-titans
Tae Crowder,#53,LB,2.0,22.0,11.0,6.0,5.0,0.0,0.0,0.0,62.6,-,-,-,0 (0),0.0,0.0,0.0,tennessee-titans
Monty Rice,#56,LB,12.0,185.0,63.0,53.0,35.0,33.0,1.0,0.0,62.5,-,-,-,2 (0),8.0,0.0,3.0,tennessee-titans
Chris Hubbard,#66,T,8.0,28.0,0.0,0.0,0.0,0.0,0.0,28.0,62.4,-,-,-,0 (0),0.0,0.0,0.0,tennessee-titans
Justin Murray,#73,T,4.0,15.0,0.0,0.0,0.0,0.0,0.0,15.0,62.3,-,-,-,0 (0),0.0,0.0,0.0,tennessee-titans
Morgan Cox,#46,LS,17.0,142.0,0.0,0.0,0.0,82.0,0.0,60.0,62.1,-,-,-,0 (0),1.0,0.0,0.0,tennessee-titans
Ty Zentner,#13,P,5.0,49.0,0.0,10.0,0.0,24.0,0.0,15.0,61.8,60.6,49.2,-,0 (0),0.0,0.0,0.0,tennessee-titans
TK McLendon Jr.,#69,DI,5.0,34.0,0.0,0.0,12.0,0.0,22.0,0.0,61.6,-,-,-,0 (0),0.0,0.0,0.0,tennessee-titans
Marlon Davidson,#92,DI,2.0,3.0,0.0,0.0,2.0,0.0,1.0,0.0,61.6,-,-,-,0 (0),0.0,0.0,0.0,tennessee-titans
Xavier Newman,#67,G,3.0,11.0,0.0,0.0,0.0,0.0,0.0,11.0,61.5,-,-,-,0 (0),0.0,0.0,0.0,tennessee-titans
Daniel Brunskill,#60,G,8.0,31.0,0.0,0.0,0.0,0.0,0.0,31.0,61.3,-,-,-,0 (0),0.0,0.0,0.0,tennessee-titans
Andrew Rupcich,#76,G,4.0,10.0,0.0,0.0,0.0,0.0,0.0,10.0,61.2,-,-,-,0 (0),0.0,0.0,0.0,tennessee-titans
Jaleel Johnson,#94,DI,8.0,34.0,0.0,0.0,9.0,0.0,25.0,0.0,61.2,-,-,-,0 (0),0.0,0.0,0.0,tennessee-titans
Kevin Byard,#31,S,4.0,9.0,0.0,0.0,3.0,0.0,6.0,0.0,61.2,-,-,-,0 (0),0.0,0.0,0.0,tennessee-titans
Eric Garror,#33,CB,8.0,36.0,0.0,3.0,33.0,0.0,0.0,0.0,61.0,-,43.0,-,0 (0),0.0,0.0,0.0,tennessee-titans
Sean Murphy-Bunting,#00,CB,2.0,6.0,0.0,0.0,0.0,0.0,6.0,0.0,61.0,-,-,-,0 (0),0.0,0.0,0.0,tennessee-titans
Mason Kinsey,#12,WR,6.0,22.0,0.0,0.0,22.0,0.0,0.0,0.0,60.9,-,66.3,-,0 (0),0.0,0.0,0.0,tennessee-titans
Kristian Fulton,#26,CB,3.0,7.0,1.0,0.0,2.0,0.0,4.0,0.0,60.9,-,-,-,0 (0),0.0,0.0,0.0,tennessee-titans
Nick Folk,#06,K,17.0,124.0,0.0,62.0,0.0,2.0,0.0,60.0,60.9,76.2,59.0,80.7,0 (0),0.0,0.0,0.0,tennessee-titans
John Ojukwu,#61,T,3.0,8.0,0.0,0.0,0.0,0.0,0.0,8.0,60.8,-,-,-,0 (0),0.0,0.0,0.0,tennessee-titans
Kearis Jackson,#05,WR,2.0,21.0,10.0,0.0,11.0,0.0,0.0,0.0,60.6,56.2,64.9,-,0 (0),0.0,0.0,0.0,tennessee-titans
Naquan Jones,#90,DI,5.0,22.0,0.0,0.0,0.0,0.0,5.0,17.0,60.6,-,-,-,0 (0),0.0,0.0,0.0,tennessee-titans
Jeffery Simmons,#98,DI,12.0,61.0,0.0,0.0,12.0,0.0,49.0,0.0,60.6,-,-,-,0 (0),0.0,0.0,0.0,tennessee-titans
Roger McCreary,#21,CB,4.0,17.0,0.0,0.0,10.0,0.0,7.0,0.0,60.5,-,-,-,0 (0),0.0,0.0,0.0,tennessee-titans
Kyle Peko,#95,DI,13.0,67.0,0.0,0.0,16.0,0.0,51.0,0.0,60.5,-,-,-,0 (0),0.0,0.0,0.0,tennessee-titans
Teair Tart,#97,DI,2.0,7.0,0.0,0.0,0.0,0.0,0.0,7.0,60.4,-,-,-,0 (0),0.0,0.0,0.0,tennessee-titans
Nicholas Petit-Frere,#78,T,2.0,3.0,0.0,0.0,0.0,0.0,0.0,3.0,60.3,-,-,-,0 (0),0.0,0.0,0.0,tennessee-titans
Treylon Burks,#16,WR,1.0,1.0,1.0,0.0,0.0,0.0,0.0,0.0,60.0,-,-,-,0 (0),0.0,0.0,0.0,tennessee-titans
Kyle Philips,#18,WR,3.0,5.0,1.0,0.0,4.0,0.0,0.0,0.0,60.0,59.9,33.3,-,0 (0),0.0,0.0,0.0,tennessee-titans
Azeez Al-Shaair,#02,LB,17.0,74.0,0.0,0.0,0.0,0.0,74.0,0.0,60.0,-,-,-,0 (0),0.0,0.0,0.0,tennessee-titans
Harold Landry III,#58,ED,1.0,2.0,0.0,0.0,0.0,0.0,2.0,0.0,60.0,-,-,-,0 (0),0.0,0.0,0.0,tennessee-titans
DeAndre Hopkins,#10,WR,1.0,1.0,1.0,0.0,0.0,0.0,0.0,0.0,60.0,-,-,-,0 (0),0.0,0.0,0.0,tennessee-titans
Ryan Tannehill,#17,QB,1.0,2.0,0.0,0.0,0.0,0.0,0.0,2.0,60.0,-,-,-,0 (0),0.0,0.0,0.0,tennessee-titans
Keondre Coburn,#91,DI,2.0,8.0,0.0,0.0,0.0,0.0,8.0,0.0,59.3,-,-,-,0 (0),0.0,0.0,0.0,tennessee-titans
Nick Westbrook-Ikhine,#15,WR,12.0,95.0,39.0,16.0,34.0,6.0,0.0,0.0,57.6,-,-,-,0 (0),0.0,0.0,0.0,tennessee-titans
Elijah Molden,#24,S,7.0,30.0,1.0,21.0,0.0,0.0,8.0,0.0,56.0,-,-,-,0 (0),1.0,0.0,0.0,tennessee-titans
Chance Campbell,#45,LB,4.0,62.0,21.0,18.0,8.0,15.0,0.0,0.0,54.1,-,-,-,0 (0),1.0,0.0,0.0,tennessee-titans
Kevin Rader,#86,TE,14.0,219.0,48.0,48.0,28.0,66.0,0.0,29.0,51.0,-,-,-,1 (0),2.0,2.0,4.0,tennessee-titans
Chigoziem Okonkwo,#85,TE,17.0,84.0,1.0,10.0,1.0,71.0,0.0,1.0,50.9,-,-,-,0 (0),0.0,1.0,1.0,tennessee-titans
Caleb Murphy,#42,ED,3.0,40.0,11.0,11.0,11.0,1.0,6.0,0.0,49.3,-,-,-,1 (0),2.0,0.0,0.0,tennessee-titans
Jonathan Ward,#20,HB,8.0,90.0,42.0,20.0,13.0,15.0,0.0,0.0,47.0,-,-,-,0 (0),1.0,0.0,0.0,tennessee-titans
Shyheim Carter,#28,S,3.0,23.0,7.0,11.0,5.0,0.0,0.0,0.0,46.8,-,-,-,1 (0),0.0,1.0,0.0,tennessee-titans
Tre Avery,#23,CB,15.0,172.0,0.0,59.0,51.0,0.0,62.0,0.0,46.3,-,-,-,2 (0),2.0,1.0,0.0,tennessee-titans
JoJo Domann,#47,LB,5.0,76.0,27.0,19.0,13.0,17.0,0.0,0.0,39.8,-,-,-,1 (0),1.0,0.0,3.0,tennessee-titans
Kindle Vildor,#20,CB,2.0,7.0,0.0,5.0,2.0,0.0,0.0,0.0,36.9,-,-,-,0 (0),0.0,0.0,0.0,tennessee-titans
Garret Wallow,#54,LB,3.0,47.0,16.0,10.0,6.0,11.0,4.0,0.0,29.7,-,-,-,1 (0),0.0,0.0,0.0,tennessee-titans
Jeremy Reaves,#39,S,5.0,98.0,27.0,18.0,12.0,18.0,23.0,0.0,87.9,-,-,-,0 (0),5.0,1.0,1.0,washington-commanders
Joshua Pryor,#59,ED,7.0,156.0,48.0,26.0,23.0,28.0,31.0,0.0,85.1,-,-,-,0 (0),1.0,0.0,0.0,washington-commanders
Tucker Addington,#58,LS,3.0,21.0,0.0,0.0,0.0,13.0,0.0,8.0,72.5,-,-,-,0 (0),1.0,0.0,0.0,washington-commanders
Khaleke Hudson,#47,LB,17.0,344.0,83.0,55.0,54.0,59.0,93.0,0.0,72.4,-,-,-,0 (0),2.0,1.0,1.0,washington-commanders
Dyami Brown,#02,WR,17.0,175.0,55.0,36.0,46.0,37.0,1.0,0.0,71.9,-,-,-,2 (0),2.0,1.0,2.0,washington-commanders
John Bates,#87,TE,17.0,173.0,100.0,0.0,0.0,14.0,0.0,59.0,70.7,59.9,-,-,0 (0),2.0,0.0,0.0,washington-commanders
Casey Toohill,#95,ED,8.0,161.0,43.0,29.0,14.0,38.0,37.0,0.0,70.0,-,-,-,0 (0),2.0,0.0,0.0,washington-commanders
Quan Martin,#20,S,13.0,228.0,59.0,49.0,41.0,45.0,34.0,0.0,69.7,-,-,-,1 (0),3.0,3.0,3.0,washington-commanders
David Mayo,#51,LB,17.0,299.0,71.0,43.0,33.0,59.0,93.0,0.0,69.0,-,-,-,1 (0),3.0,1.0,0.0,washington-commanders
Danny Johnson,#36,CB,13.0,94.0,0.0,10.0,15.0,0.0,69.0,0.0,67.4,-,-,-,0 (0),0.0,0.0,0.0,washington-commanders
Chris Rodriguez Jr.,#23,HB,13.0,198.0,75.0,17.0,43.0,63.0,0.0,0.0,66.9,61.2,-,-,0 (0),1.0,0.0,0.0,washington-commanders
Terrell Burgess,#32,S,12.0,272.0,60.0,50.0,46.0,53.0,63.0,0.0,65.9,-,-,-,0 (0),5.0,2.0,0.0,washington-commanders
De'Jon Harris,#45,LB,8.0,146.0,44.0,35.0,30.0,37.0,0.0,0.0,65.1,-,-,-,0 (0),0.0,1.0,1.0,washington-commanders
Percy Butler,#35,S,14.0,105.0,0.0,56.0,14.0,1.0,34.0,0.0,64.8,-,-,-,0 (0),2.0,0.0,0.0,washington-commanders
Cole Turner,#85,TE,12.0,86.0,17.0,0.0,7.0,20.0,0.0,42.0,63.8,-,-,-,0 (0),1.0,0.0,0.0,washington-commanders
Andre Jones Jr.,#50,ED,14.0,250.0,69.0,54.0,30.0,29.0,68.0,0.0,63.7,-,-,-,0 (0),0.0,0.0,1.0,washington-commanders
Tress Way,#05,P,17.0,136.0,0.0,0.0,0.0,77.0,0.0,59.0,63.7,-,50.7,-,0 (0),0.0,0.0,0.0,washington-commanders
James Smith-Williams,#96,ED,4.0,26.0,0.0,0.0,0.0,20.0,6.0,0.0,63.4,-,-,-,0 (0),0.0,0.0,0.0,washington-commanders
Tyler Larsen,#69,C,7.0,26.0,0.0,0.0,0.0,0.0,0.0,26.0,63.0,-,-,-,0 (0),0.0,0.0,0.0,washington-commanders
Nick Whiteside,#37,CB,2.0,13.0,4.0,6.0,2.0,0.0,1.0,0.0,62.8,-,-,-,0 (0),0.0,0.0,0.0,washington-commanders
Sam Cosmi,#76,G,17.0,59.0,0.0,0.0,0.0,0.0,0.0,59.0,62.8,-,-,-,0 (0),0.0,0.0,0.0,washington-commanders
Charles Leno Jr.,#72,T,12.0,44.0,0.0,0.0,0.0,0.0,0.0,44.0,62.7,-,-,-,0 (0),0.0,0.0,0.0,washington-commanders
Jabril Cox,#41,LB,10.0,202.0,66.0,43.0,33.0,41.0,19.0,0.0,62.5,-,-,-,0 (0),3.0,0.0,1.0,washington-commanders
Cornelius Lucas,#78,T,17.0,59.0,0.0,0.0,0.0,0.0,0.0,59.0,62.2,-,-,-,0 (0),0.0,0.0,0.0,washington-commanders
Trent Scott,#73,T,10.0,32.0,0.0,0.0,0.0,0.0,0.0,32.0,61.9,-,-,-,0 (0),0.0,0.0,0.0,washington-commanders
Jace Whittaker,#00,CB,1.0,8.0,0.0,0.0,0.0,0.0,8.0,0.0,61.8,-,-,-,0 (0),0.0,0.0,0.0,washington-commanders
Saahdiq Charles,#77,G,11.0,36.0,0.0,0.0,0.0,0.0,0.0,36.0,61.5,-,-,-,0 (0),0.0,0.0,0.0,washington-commanders
Jamison Crowder,#83,WR,16.0,64.0,1.0,0.0,63.0,0.0,0.0,0.0,61.4,-,61.5,-,0 (0),0.0,0.0,0.0,washington-commanders
Joey Slye,#06,K,17.0,131.0,0.0,72.0,0.0,0.0,0.0,59.0,60.9,90.5,-,70.6,0 (0),0.0,0.0,0.0,washington-commanders
Kyu Blu Kelly,#36,CB,2.0,13.0,0.0,0.0,2.0,0.0,11.0,0.0,60.5,-,-,-,0 (0),0.0,0.0,0.0,washington-commanders
Abdullah Anderson,#92,DI,7.0,38.0,0.0,0.0,4.0,0.0,34.0,0.0,60.5,-,-,-,0 (0),0.0,0.0,0.0,washington-commanders
Nick Gates,#63,C,1.0,4.0,0.0,0.0,0.0,0.0,0.0,4.0,60.3,-,-,-,0 (0),0.0,0.0,0.0,washington-commanders
Darrick Forrest,#22,S,1.0,6.0,0.0,0.0,0.0,0.0,6.0,0.0,60.2,-,-,-,0 (0),0.0,0.0,0.0,washington-commanders
Alex Akingbulu,#62,T,2.0,4.0,0.0,0.0,0.0,0.0,0.0,4.0,60.2,-,-,-,0 (0),0.0,0.0,0.0,washington-commanders
Emmanuel Forbes,#13,CB,1.0,1.0,0.0,0.0,1.0,0.0,0.0,0.0,60.0,-,-,-,0 (0),0.0,0.0,0.0,washington-commanders
Ricky Stromberg,#53,G,2.0,2.0,0.0,0.0,0.0,0.0,0.0,2.0,60.0,-,-,-,0 (0),0.0,0.0,0.0,washington-commanders
Jahan Dotson,#01,WR,1.0,1.0,1.0,0.0,0.0,0.0,0.0,0.0,60.0,-,-,-,0 (0),0.0,0.0,0.0,washington-commanders
Byron Pringle,#03,WR,17.0,195.0,76.0,61.0,51.0,7.0,0.0,0.0,60.0,54.7,-,-,0 (0),1.0,0.0,0.0,washington-commanders
Logan Thomas,#82,TE,1.0,1.0,0.0,0.0,0.0,0.0,0.0,1.0,60.0,-,-,-,0 (0),0.0,0.0,0.0,washington-commanders
Antonio Gibson,#24,HB,10.0,59.0,59.0,0.0,0.0,0.0,0.0,0.0,59.9,59.7,-,-,0 (0),0.0,0.0,0.0,washington-commanders
Mitchell Tinsley,#86,WR,1.0,7.0,7.0,0.0,0.0,0.0,0.0,0.0,59.8,-,-,-,0 (0),0.0,0.0,0.0,washington-commanders
Jalen Harris,#56,ED,1.0,2.0,0.0,0.0,0.0,0.0,2.0,0.0,59.8,-,-,-,0 (0),0.0,0.0,0.0,washington-commanders
Jonathan Allen,#93,DI,4.0,4.0,0.0,0.0,0.0,0.0,4.0,0.0,59.7,-,-,-,0 (0),0.0,0.0,0.0,washington-commanders
Benning Potoa'e,#79,DI,1.0,6.0,0.0,0.0,0.0,0.0,6.0,0.0,59.6,-,-,-,0 (0),0.0,0.0,0.0,washington-commanders
KJ Henry,#55,ED,10.0,78.0,10.0,7.0,5.0,0.0,56.0,0.0,59.5,-,-,-,0 (0),0.0,0.0,0.0,washington-commanders
Phidarian Mathis,#98,DI,7.0,43.0,0.0,0.0,1.0,0.0,39.0,3.0,59.5,-,-,-,0 (0),0.0,0.0,0.0,washington-commanders
Efe Obada,#97,ED,4.0,20.0,0.0,0.0,2.0,0.0,18.0,0.0,59.5,-,-,-,0 (0),0.0,0.0,0.0,washington-commanders
John Ridgeway,#91,DI,17.0,97.0,0.0,0.0,7.0,0.0,90.0,0.0,59.2,-,-,-,0 (0),0.0,0.0,0.0,washington-commanders
Jonathan Williams,#18,HB,1.0,14.0,6.0,2.0,1.0,5.0,0.0,0.0,58.8,-,-,-,0 (0),0.0,0.0,0.0,washington-commanders
Jamin Davis,#52,LB,5.0,34.0,34.0,0.0,0.0,0.0,0.0,0.0,58.7,-,-,-,0 (0),0.0,0.0,0.0,washington-commanders
Alex Armah,#40,FB,8.0,142.0,49.0,28.0,21.0,28.0,0.0,16.0,58.6,-,-,-,0 (0),0.0,0.0,1.0,washington-commanders
Derrick Gore,#38,HB,6.0,88.0,36.0,21.0,10.0,21.0,0.0,0.0,58.0,-,-,-,0 (0),0.0,1.0,1.0,washington-commanders
Christian Holmes,#34,CB,13.0,283.0,75.0,49.0,45.0,48.0,66.0,0.0,57.4,-,-,-,5 (0),2.0,1.0,2.0,washington-commanders
Daron Payne,#94,DI,17.0,92.0,0.0,0.0,7.0,0.0,85.0,0.0,57.0,-,-,-,0 (0),0.0,0.0,0.0,washington-commanders
Sean Chandler,#48,S,2.0,26.0,13.0,6.0,2.0,5.0,0.0,0.0,54.8,-,-,-,0 (0),0.0,0.0,0.0,washington-commanders
Chris Paul,#75,G,10.0,33.0,0.0,0.0,0.0,0.0,0.0,33.0,54.4,-,-,-,1 (0),0.0,0.0,0.0,washington-commanders
Tariq Castro-Fields,#26,CB,8.0,87.0,0.0,19.0,27.0,17.0,24.0,0.0,47.4,-,-,-,3 (1),1.0,0.0,0.0,washington-commanders
Andrew Wylie,#71,T,15.0,52.0,0.0,0.0,0.0,0.0,0.0,52.0,29.4,-,-,-,0 (0),0.0,0.0,0.0,washington-commanders
Camaron Cheeseman,#54,LS,14.0,115.0,0.0,0.0,0.0,64.0,0.0,51.0,25.1,-,-,-,0 (0),0.0,0.0,0.0,washington-commanders
