player,player_id,position,team_name,player_game_count,grades_hands_fumble,grades_offense,grades_pass,grades_run,dropbacks,year
Matt Leinart,2955,QB,ARZ,12,56.2,58.0,58.9,51.7,412,2006
Kurt Warner,112,QB,ARZ,6,18.6,42.4,48.3,28.3,184,2006
Kurt Warner,112,QB,ARZ,14,27.8,84.3,88.5,24.1,474,2007
Matt Leinart,2955,QB,ARZ,5,87.1,50.5,54.1,44.0,121,2007
Tim Rattay,701,QB,ARZ,4,19.6,66.1,80.0,25.3,28,2007
Kurt Warner,112,QB,ARZ,20,69.7,73.3,76.1,30.2,767,2008
Matt Leinart,2955,QB,ARZ,4,24.2,34.8,41.2,43.9,32,2008
J.J. Arrington,2261,HB,ARZ,1,83.6,63.3,53.5,60.9,1,2008
Jerheme Urban,1709,WR,ARZ,1,78.3,60.7,68.9,,1,2008
Kurt Warner,112,QB,ARZ,17,63.6,74.9,76.7,29.6,604,2009
Matt Leinart,2955,QB,ARZ,8,85.3,53.3,56.6,40.6,89,2009
Brian St. Pierre,1470,QB,ARZ,1,66.9,41.0,42.3,,4,2009
Derek Anderson,2430,QB,ARZ,12,72.5,48.2,49.6,54.0,355,2010
John Skelton,5678,QB,ARZ,5,49.7,62.5,56.8,90.2,142,2010
Max Hall,5878,QB,ARZ,6,30.2,29.5,30.0,59.9,92,2010
Richard Bartel,3884,QB,ARZ,1,77.6,45.3,46.0,,30,2010
Steve Breaston,3758,WR,ARZ,2,79.7,65.5,75.9,63.5,2,2010
John Skelton,5678,QB,ARZ,8,70.3,35.8,37.8,47.8,315,2011
Kevin Kolb,3652,QB,ARZ,9,46.3,59.5,60.7,55.9,291,2011
Richard Bartel,3884,QB,ARZ,2,76.6,37.7,41.0,55.3,24,2011
John Skelton,5678,QB,ARZ,7,74.2,35.1,37.0,54.3,218,2012
Kevin Kolb,3652,QB,ARZ,6,75.5,68.1,65.7,75.1,217,2012
Ryan Lindley,7174,QB,ARZ,6,77.1,37.2,37.0,62.2,184,2012
Brian Hoyer,5277,QB,ARZ,2,81.4,47.3,47.9,63.9,58,2012
Carson Palmer,1317,QB,ARZ,16,90.8,67.9,69.8,33.9,618,2013
Patrick Peterson,6157,CB,ARZ,2,57.6,75.6,68.2,61.9,1,2013
Larry Fitzgerald,1724,WR,ARZ,1,53.6,80.3,60.0,59.8,1,2013
Drew Stanton,3659,QB,ARZ,9,80.9,51.0,50.7,61.2,262,2014
Carson Palmer,1317,QB,ARZ,6,77.0,72.1,72.2,62.6,238,2014
Ryan Lindley,7174,QB,ARZ,4,38.3,37.5,38.1,,131,2014
Logan Thomas,8755,QB,ARZ,2,71.9,57.9,57.4,,11,2014
Marion Grice,8835,HB,ARZ,1,77.6,69.0,52.2,68.1,1,2014
Ted Ginn Jr.,3625,WR,ARZ,1,60.6,67.1,71.0,67.5,1,2014
Carson Palmer,1317,QB,ARZ,18,57.4,86.1,84.8,51.2,656,2015
Drew Stanton,3659,QB,ARZ,5,80.1,62.2,60.5,63.0,27,2015
Larry Fitzgerald,1724,WR,ARZ,1,42.6,89.4,60.0,,1,2015
Carson Palmer,1317,QB,ARZ,15,37.4,73.4,74.6,27.0,644,2016
Drew Stanton,3659,QB,ARZ,5,81.2,47.0,46.4,60.5,49,2016
Larry Fitzgerald,1724,WR,ARZ,1,43.3,83.3,60.0,,1,2016
Carson Palmer,1317,QB,ARZ,7,73.3,65.3,65.8,45.0,290,2017
Blaine Gabbert,6162,QB,ARZ,5,28.3,45.4,45.4,56.2,207,2017
Drew Stanton,3659,QB,ARZ,5,71.1,54.3,53.8,55.9,167,2017
Larry Fitzgerald,1724,WR,ARZ,1,60.3,80.0,68.8,,1,2017
Josh Rosen,35460,QB,ARZ,14,34.6,49.1,48.2,60.6,453,2018
Sam Bradford,5526,QB,ARZ,3,23.7,41.4,42.6,64.3,88,2018
Mike Glennon,7854,QB,ARZ,2,75.6,57.5,57.4,,22,2018
Larry Fitzgerald,1724,WR,ARZ,1,81.4,73.2,79.9,,1,2018
Kyler Murray,38334,QB,ARZ,16,85.7,64.2,61.1,69.6,620,2019
Brett Hundley,9580,QB,ARZ,3,75.7,80.4,68.6,81.6,15,2019
Andy Lee,1906,P,ARZ,1,60.4,74.2,70.7,,1,2019
Kyler Murray,38334,QB,ARZ,16,83.1,82.8,77.2,86.5,638,2020
Chris Streveler,46440,QB,ARZ,1,76.5,27.4,25.7,66.5,18,2020
Andy Lee,1906,P,ARZ,1,60.4,73.1,68.8,,1,2020
Kyler Murray,38334,QB,ARZ,15,49.0,82.9,86.7,49.2,582,2021
Colt McCoy,5609,QB,ARZ,4,27.5,55.8,56.8,52.5,109,2021
Chris Streveler,46440,QB,ARZ,1,73.0,50.8,56.9,56.1,12,2021
Christian Kirk,47546,WR,ARZ,1,84.5,72.1,82.2,63.1,1,2021
Chris Banjo,8419,S,ARZ,1,60.4,60.5,60.1,,1,2021
Kyler Murray,38334,QB,ARZ,11,47.9,67.1,63.4,71.8,443,2022
Colt McCoy,5609,QB,ARZ,4,48.1,62.1,66.9,33.2,154,2022
Trace McSorley,32819,QB,ARZ,5,57.5,36.4,37.1,50.3,91,2022
David Blough,46508,QB,ARZ,2,45.4,50.3,51.9,49.1,65,2022
Andy Lee,1906,P,ARZ,1,60.4,59.5,60.3,,1,2022
Kyler Murray,38334,QB,ARZ,8,59.7,70.8,67.6,77.8,304,2023
Clayton Tune,77652,QB,ARZ,2,78.8,34.2,28.0,65.6,33,2023
Kyler Murray,38334,QB,ARZ,10,52.0,82.4,78.9,78.1,312,2024
Michael Vick,773,QB,ATL,16,43.7,66.8,57.8,85.4,506,2006
Matt Schaub,1811,QB,ATL,4,78.5,69.4,72.3,53.3,30,2006
Jerious Norwood,3024,HB,ATL,1,88.1,78.3,60.0,73.1,1,2006
Joey Harrington,1011,QB,ATL,12,91.3,69.3,70.0,43.9,388,2007
Chris Redman,635,QB,ATL,6,68.4,47.7,52.2,28.8,164,2007
Byron Leftwich,1323,QB,ATL,3,54.9,59.5,65.3,32.5,65,2007
Matt Ryan,4317,QB,ATL,17,74.9,78.8,85.4,27.6,517,2008
Matt Ryan,4317,QB,ATL,14,81.6,66.4,68.6,32.4,482,2009
Chris Redman,635,QB,ATL,3,64.4,53.1,54.5,41.7,128,2009
Matt Ryan,4317,QB,ATL,17,74.7,83.6,85.7,32.2,650,2010
Chris Redman,635,QB,ATL,1,70.6,57.1,57.1,59.8,6,2010
Matt Ryan,4317,QB,ATL,17,78.4,79.4,80.2,45.9,651,2011
Chris Redman,635,QB,ATL,4,78.3,45.4,45.2,56.5,28,2011
Matt Ryan,4317,QB,ATL,18,83.8,88.1,88.6,38.7,743,2012
Matt Ryan,4317,QB,ATL,16,89.2,76.6,76.4,40.6,703,2013
Dominique Davis,7666,QB,ATL,1,70.9,45.0,45.8,,7,2013
Matt Ryan,4317,QB,ATL,16,74.1,84.9,82.9,63.8,683,2014
T.J. Yates,6304,QB,ATL,1,66.9,81.4,80.2,,4,2014
Matt Ryan,4317,QB,ATL,16,55.5,80.9,80.3,46.5,657,2015
Sean Renfree,8032,QB,ATL,1,72.7,55.1,56.1,57.4,9,2015
Matt Ryan,4317,QB,ATL,19,69.4,92.2,91.5,59.4,698,2016
Matt Schaub,1811,QB,ATL,2,68.7,66.6,65.4,60.0,3,2016
Matt Ryan,4317,QB,ATL,18,74.7,88.3,86.7,62.1,644,2017
Mohamed Sanu,7084,WR,ATL,1,82.2,77.2,86.9,61.8,1,2017
Matt Ryan,4317,QB,ATL,16,44.1,84.3,80.6,79.0,668,2018
Matt Schaub,1811,QB,ATL,1,17.7,40.1,55.0,45.9,7,2018
Mohamed Sanu,7084,WR,ATL,2,31.2,71.6,53.4,67.7,2,2018
Matt Ryan,4317,QB,ATL,15,47.0,76.0,74.7,62.2,686,2019
Matt Schaub,1811,QB,ATL,3,47.2,60.2,59.6,60.5,69,2019
Kenjon Barner,7963,HB,ATL,1,58.2,60.6,60.1,69.3,1,2019
Matt Ryan,4317,QB,ATL,16,76.4,83.1,82.1,53.3,683,2020
Russell Gage,44771,WR,ATL,2,81.8,76.4,98.8,62.6,2,2020
Matt Ryan,4317,QB,ATL,17,35.0,74.7,75.9,41.0,617,2021
Josh Rosen,35460,QB,ATL,3,71.9,24.1,24.7,,11,2021
Cordarrelle Patterson,7810,HB,ATL,1,80.1,81.3,60.0,63.7,1,2021
Feleipe Franks,40217,QB,ATL,1,68.2,27.1,57.7,49.2,1,2021
Marcus Mariota,9435,QB,ATL,13,46.6,66.3,62.7,70.0,354,2022
Desmond Ridder,55086,QB,ATL,4,43.5,55.9,60.1,36.2,136,2022
Desmond Ridder,55086,QB,ATL,15,27.6,51.9,53.2,48.8,439,2023
Taylor Heinicke,9896,QB,ATL,5,67.2,52.5,48.5,70.7,157,2023
Logan Woodside,46517,QB,ATL,1,68.9,24.8,24.9,58.3,6,2023
Jonnu Smith,11855,TE,ATL,1,37.5,59.1,56.3,56.9,1,2023
Drake London,86519,WR,ATL,1,81.4,78.9,69.5,,1,2023
Kirk Cousins,7102,QB,ATL,10,41.6,76.1,74.3,65.2,356,2024
Darnell Mooney,48236,WR,ATL,1,79.0,75.6,60.0,,1,2024
Michael Penix Jr.,82134,QB,ATL,1,60.4,73.0,70.8,,1,2024
Steve McNair,114,QB,BLT,17,67.0,59.7,61.8,49.7,527,2006
Kyle Boller,1335,QB,BLT,3,23.6,40.4,51.6,30.4,66,2006
Mark Clayton,2239,WR,BLT,1,82.6,73.2,58.4,46.4,1,2006
Kyle Boller,1335,QB,BLT,12,69.2,59.8,60.4,45.6,311,2007
Steve McNair,114,QB,BLT,6,22.7,49.3,54.7,28.5,220,2007
Troy Smith,3790,QB,BLT,4,24.1,41.5,46.6,34.8,87,2007
Mark Clayton,2239,WR,BLT,1,79.3,63.2,68.9,,1,2007
Joe Flacco,4332,QB,BLT,19,73.2,65.2,66.6,41.4,553,2008
Troy Smith,3790,QB,BLT,3,75.3,74.1,84.4,44.2,5,2008
Mark Clayton,2239,WR,BLT,1,80.3,69.8,83.4,65.4,1,2008
Joe Flacco,4332,QB,BLT,18,73.7,78.5,80.7,38.1,597,2009
Troy Smith,3790,QB,BLT,3,75.1,50.9,62.1,46.8,10,2009
Mark Clayton,2239,WR,BLT,1,31.5,63.4,60.3,55.3,1,2009
Ray Rice,4369,HB,BLT,1,71.5,73.1,56.1,67.0,1,2009
Joe Flacco,4332,QB,BLT,18,57.7,73.2,78.1,28.3,618,2010
Anquan Boldin,1369,WR,BLT,1,49.8,71.7,58.8,50.7,1,2010
Joe Flacco,4332,QB,BLT,18,46.4,65.3,68.3,33.6,657,2011
Tyrod Taylor,6332,QB,BLT,1,67.4,64.0,55.1,61.1,3,2011
Ray Rice,4369,HB,BLT,1,74.0,75.7,54.1,70.5,1,2011
Joe Flacco,4332,QB,BLT,20,66.1,73.3,76.2,28.0,705,2012
Tyrod Taylor,6332,QB,BLT,3,80.7,68.2,58.1,78.9,37,2012
Joe Flacco,4332,QB,BLT,16,78.7,67.4,67.2,50.2,677,2013
Tyrod Taylor,6332,QB,BLT,2,73.5,61.1,43.7,63.7,7,2013
Joe Flacco,4332,QB,BLT,18,61.9,76.2,75.7,48.5,659,2014
Joe Flacco,4332,QB,BLT,10,57.3,64.9,64.3,51.5,430,2015
Ryan Mallett,6226,QB,BLT,7,77.6,59.2,58.4,63.7,253,2015
Jimmy Clausen,5573,QB,BLT,4,87.7,46.4,50.0,43.1,140,2015
Matt Schaub,1811,QB,BLT,2,84.3,51.2,53.1,44.5,85,2015
Sam Koch,3148,P,BLT,1,60.4,61.5,60.5,,1,2015
Joe Flacco,4332,QB,BLT,16,89.6,66.5,65.5,66.6,713,2016
Ryan Mallett,6226,QB,BLT,3,72.8,55.9,53.3,61.3,6,2016
Justin Tucker,7604,K,BLT,1,60.4,54.3,57.1,,1,2016
Joe Flacco,4332,QB,BLT,16,84.8,68.6,68.6,55.1,583,2017
Ryan Mallett,6226,QB,BLT,2,76.2,52.8,52.6,57.6,16,2017
Sam Koch,3148,P,BLT,2,63.6,76.1,77.8,,2,2017
Joe Flacco,4332,QB,BLT,9,76.8,72.0,70.6,71.2,400,2018
Lamar Jackson,46416,QB,BLT,13,23.7,56.1,56.5,56.8,243,2018
Robert Griffin III,7008,QB,BLT,2,69.6,34.9,33.9,,6,2018
Sam Koch,3148,P,BLT,1,60.4,71.6,68.8,,1,2018
Lamar Jackson,46416,QB,BLT,16,62.6,90.2,82.5,90.6,537,2019
Robert Griffin III,7008,QB,BLT,6,82.9,47.5,42.0,61.7,44,2019
Sam Koch,3148,P,BLT,1,60.4,60.8,60.4,,1,2019
Lamar Jackson,46416,QB,BLT,17,46.5,79.3,74.9,77.8,519,2020
Tyler Huntley,46448,QB,BLT,3,78.4,61.6,57.7,64.9,21,2020
Robert Griffin III,7008,QB,BLT,3,78.4,52.9,36.3,75.2,17,2020
Trace McSorley,32819,QB,BLT,2,74.1,57.4,55.5,61.2,11,2020
Sam Koch,3148,P,BLT,1,60.4,70.7,67.2,,1,2020
Lamar Jackson,46416,QB,BLT,12,48.6,70.2,65.9,75.8,470,2021
Tyler Huntley,46448,QB,BLT,6,49.0,68.3,62.0,82.3,231,2021
Josh Johnson,4474,QB,BLT,4,55.1,73.3,76.5,43.8,93,2021
Sam Koch,3148,P,BLT,1,60.4,47.8,51.7,,1,2021
Lamar Jackson,46416,QB,BLT,12,56.6,85.2,72.3,92.6,378,2022
Tyler Huntley,46448,QB,BLT,6,56.9,55.3,57.3,51.0,168,2022
Anthony Brown,40316,QB,BLT,2,38.8,36.2,36.0,60.5,54,2022
James Proche II,48037,WR,BLT,1,78.3,44.6,43.5,,1,2022
Lamar Jackson,46416,QB,BLT,18,43.3,90.4,83.0,90.8,633,2023
Tyler Huntley,46448,QB,BLT,5,81.5,63.8,64.7,57.6,48,2023
Lamar Jackson,46416,QB,BLT,10,49.5,92.5,91.2,83.0,331,2024
Josh Johnson,4474,QB,BLT,1,68.2,52.0,60.4,55.6,1,2024
J.P. Losman,1743,QB,BUF,16,28.1,40.4,44.9,28.9,494,2006
Lee Evans,1734,WR,BUF,1,52.5,84.7,72.3,,1,2006
Trent Edwards,3708,QB,BUF,10,44.6,59.4,60.7,38.8,288,2007
J.P. Losman,1743,QB,BUF,8,44.3,47.0,48.8,43.9,200,2007
Marshawn Lynch,3628,HB,BUF,1,75.8,80.1,68.9,79.1,1,2007
Trent Edwards,3708,QB,BUF,14,47.1,77.3,78.5,46.8,416,2008
J.P. Losman,1743,QB,BUF,4,19.0,42.2,38.9,71.4,125,2008
Ryan Fitzpatrick,2467,QB,BUF,10,79.7,61.4,61.0,56.1,266,2009
Trent Edwards,3708,QB,BUF,8,75.0,65.1,63.1,65.8,217,2009
Brian Brohm,4370,QB,BUF,1,78.5,47.2,52.3,48.5,31,2009
Fred Jackson,3368,HB,BUF,1,74.4,69.4,77.9,67.2,1,2009
Ryan Fitzpatrick,2467,QB,BUF,13,80.1,66.9,68.2,41.4,494,2010
Brian Brohm,4370,QB,BUF,1,76.3,57.4,56.9,,26,2010
J. Levi Brown,5732,QB,BUF,1,65.5,54.4,54.7,,3,2010
Ryan Fitzpatrick,2467,QB,BUF,16,73.0,65.4,69.4,30.8,618,2011
Tyler Thigpen,3833,QB,BUF,2,70.9,39.7,40.5,58.3,9,2011
Brad Smith,3048,WR,BUF,2,80.4,55.0,50.2,66.4,2,2011
Ryan Fitzpatrick,2467,QB,BUF,16,59.9,54.0,52.7,60.8,566,2012
Tyler Thigpen,3833,QB,BUF,1,69.2,53.0,53.0,59.8,5,2012
Brad Smith,3048,WR,BUF,1,77.8,64.9,39.3,70.5,1,2012
E.J. Manuel,7797,QB,BUF,10,47.5,53.0,57.5,36.3,358,2013
Thaddeus Lewis,5817,QB,BUF,5,26.1,61.0,67.7,29.5,184,2013
Jeff Tuel,8508,QB,BUF,2,82.4,46.0,44.4,59.2,63,2013
Kyle Orton,2323,QB,BUF,12,71.5,57.7,57.5,51.3,484,2014
E.J. Manuel,7797,QB,BUF,4,66.9,54.3,58.9,39.4,147,2014
Fred Jackson,3368,HB,BUF,1,51.8,71.3,53.1,72.2,1,2014
Tyrod Taylor,6332,QB,BUF,14,56.7,77.0,73.8,74.7,468,2015
E.J. Manuel,7797,QB,BUF,2,31.5,42.2,40.1,61.7,94,2015
Chris Hogan,6468,WR,BUF,2,77.8,60.3,60.5,58.3,2,2015
Tyrod Taylor,6332,QB,BUF,15,83.2,75.6,74.8,68.3,529,2016
E.J. Manuel,7797,QB,BUF,5,28.7,41.8,43.6,49.0,32,2016
Cardale Jones,10773,QB,BUF,1,73.3,38.2,40.6,56.2,12,2016
Jonathan Williams,10790,HB,BUF,1,21.3,46.5,60.0,46.6,1,2016
Tyrod Taylor,6332,QB,BUF,16,78.7,77.7,74.5,72.6,552,2017
Nathan Peterman,11926,QB,BUF,5,37.8,33.8,38.9,35.5,58,2017
Joe Webb III,5722,WR,BUF,2,74.7,46.7,28.2,75.9,7,2017
Josh Allen,46601,QB,BUF,12,50.2,65.3,58.0,81.4,396,2018
Nathan Peterman,11926,QB,BUF,4,85.5,32.9,31.6,58.9,96,2018
Derek Anderson,2430,QB,BUF,2,26.6,47.5,47.4,60.0,75,2018
Matt Barkley,7880,QB,BUF,1,77.4,61.6,61.3,57.9,26,2018
Logan Thomas,8755,TE,BUF,1,73.4,51.7,67.2,,1,2018
Zay Jones,11792,WR,BUF,1,43.7,62.2,56.0,56.2,1,2018
Corey Bojorquez,27626,P,BUF,1,13.3,28.7,60.0,60.0,1,2018
Josh Allen,46601,QB,BUF,17,26.7,64.1,61.4,65.4,595,2019
Matt Barkley,7880,QB,BUF,2,19.9,45.8,49.4,43.7,53,2019
John Brown,8726,WR,BUF,3,82.2,74.2,67.9,50.9,2,2019
Corey Bojorquez,27626,P,BUF,1,60.4,60.0,60.0,,1,2019
Josh Allen,46601,QB,BUF,19,52.7,90.3,87.9,76.6,767,2020
Matt Barkley,7880,QB,BUF,4,77.5,60.6,59.1,61.6,22,2020
Jaquan Johnson,51433,S,BUF,1,67.7,73.1,68.8,,1,2020
Isaiah McKenzie,11927,WR,BUF,1,81.1,72.4,60.0,48.5,1,2020
Cole Beasley,7330,WR,BUF,1,83.3,81.7,72.1,,1,2020
Josh Allen,46601,QB,BUF,19,64.9,90.9,81.9,93.6,793,2021
Mitch Trubisky,11757,QB,BUF,4,77.4,68.4,53.0,76.6,10,2021
Cole Beasley,7330,WR,BUF,1,55.2,68.3,51.2,,1,2021
Josh Allen,46601,QB,BUF,18,43.5,91.8,85.8,92.8,754,2022
Case Keenum,7323,QB,BUF,2,73.2,28.5,27.3,58.1,7,2022
Josh Allen,46601,QB,BUF,19,59.8,92.1,88.2,91.6,732,2023
Josh Allen,46601,QB,BUF,10,29.6,80.6,71.8,91.1,339,2024
Mitch Trubisky,11757,QB,BUF,2,72.8,29.6,24.6,61.9,3,2024
Jake Delhomme,303,QB,CAR,13,90.3,60.2,61.1,45.9,456,2006
Chris Weinke,861,QB,CAR,3,30.6,41.6,45.3,37.1,108,2006
Brett Basanez,3219,QB,CAR,1,72.4,50.5,53.4,56.8,12,2006
Keyshawn Johnson,153,WR,CAR,1,48.1,76.0,42.6,62.8,1,2006
Vinny Testaverde,2866,QB,CAR,6,25.3,46.9,46.4,52.7,184,2007
David Carr,1009,QB,CAR,6,69.0,52.5,54.1,47.9,160,2007
Matt Moore,4018,QB,CAR,8,68.1,52.5,54.2,38.7,118,2007
Jake Delhomme,303,QB,CAR,3,55.1,67.0,67.8,50.6,95,2007
Jake Delhomme,303,QB,CAR,17,65.5,76.8,77.6,36.8,475,2008
Jake Delhomme,303,QB,CAR,11,79.7,55.6,54.1,63.7,351,2009
Matt Moore,4018,QB,CAR,7,88.8,59.3,60.9,48.5,149,2009
Josh McCown,1085,QB,CAR,1,69.6,27.3,28.3,,7,2009
Jimmy Clausen,5573,QB,CAR,13,87.2,60.5,61.7,41.0,344,2010
Matt Moore,4018,QB,CAR,6,29.2,49.6,49.6,54.3,161,2010
Brian St. Pierre,1470,QB,CAR,1,77.7,54.8,54.3,,31,2010
Tony Pike,5727,QB,CAR,1,73.5,50.4,51.6,58.3,13,2010
Brandon LaFell,5602,WR,CAR,1,43.4,64.6,60.0,81.8,1,2010
Armanti Edwards,5613,WR,CAR,2,63.6,52.3,60.4,65.9,2,2010
Cam Newton,6153,QB,CAR,16,86.3,67.2,65.1,68.4,600,2011
Legedu Naanee,3788,WR,CAR,1,78.9,58.1,60.3,,1,2011
Armanti Edwards,5613,WR,CAR,1,64.5,53.9,60.4,56.7,1,2011
Cam Newton,6153,QB,CAR,16,72.4,71.9,68.6,73.6,555,2012
Derek Anderson,2430,QB,CAR,2,68.9,54.7,54.8,,4,2012
Armanti Edwards,5613,WR,CAR,1,69.5,55.3,57.3,,1,2012
Cam Newton,6153,QB,CAR,17,90.1,73.2,71.7,65.8,587,2013
Cam Newton,6153,QB,CAR,16,55.9,76.1,74.7,66.8,593,2014
Derek Anderson,2430,QB,CAR,5,31.0,70.0,75.2,29.2,104,2014
Cam Newton,6153,QB,CAR,19,79.7,84.7,84.4,67.1,657,2015
Derek Anderson,2430,QB,CAR,1,26.2,49.8,57.4,47.3,6,2015
Cam Newton,6153,QB,CAR,15,80.6,68.5,69.4,56.5,557,2016
Derek Anderson,2430,QB,CAR,4,36.9,59.9,65.2,29.3,54,2016
Cam Newton,6153,QB,CAR,17,72.6,68.7,67.7,64.4,603,2017
Derek Anderson,2430,QB,CAR,3,72.3,47.8,47.5,60.0,9,2017
Michael Palardy,9277,P,CAR,2,13.9,41.8,38.5,,1,2017
Cam Newton,6153,QB,CAR,14,78.6,70.9,70.0,66.5,531,2018
Taylor Heinicke,9896,QB,CAR,5,82.6,46.2,43.8,70.6,60,2018
Kyle Allen,26152,QB,CAR,2,79.2,73.8,73.2,61.5,34,2018
Garrett Gilbert,8848,QB,CAR,1,66.9,52.5,52.1,,4,2018
Christian McCaffrey,11763,HB,CAR,1,58.7,82.8,71.3,77.2,1,2018
Kyle Allen,26152,QB,CAR,13,26.3,49.7,50.9,48.1,555,2019
Cam Newton,6153,QB,CAR,2,55.4,48.5,53.6,29.2,96,2019
Will Grier,38265,QB,CAR,2,54.2,29.0,30.2,44.6,63,2019
Christian McCaffrey,11763,HB,CAR,2,81.4,86.5,45.6,75.6,2,2019
Michael Palardy,9277,P,CAR,1,60.4,72.6,68.8,,1,2019
Teddy Bridgewater,8667,QB,CAR,15,68.2,66.0,66.4,53.9,560,2020
P.J. Walker,12134,QB,CAR,4,82.2,56.8,57.0,62.6,60,2020
DJ Moore,48267,WR,CAR,1,81.6,79.1,53.5,75.3,1,2020
Joseph Charlton,33672,P,CAR,2,63.6,69.6,67.4,,2,2020
Sam Darnold,29048,QB,CAR,12,33.2,54.7,53.9,63.6,463,2021
Cam Newton,6153,QB,CAR,6,72.0,53.3,46.5,73.8,141,2021
P.J. Walker,12134,QB,CAR,5,49.0,52.0,52.6,59.1,75,2021
Brandon Zylstra,66438,WR,CAR,1,74.2,63.8,52.2,,1,2021
Sam Darnold,29048,QB,CAR,6,27.3,63.0,66.3,45.3,162,2022
P.J. Walker,12134,QB,CAR,6,86.8,64.4,60.3,76.6,119,2022
Jacob Eason,46444,QB,CAR,1,68.0,29.2,29.9,,5,2022
Bryce Young,123943,QB,CAR,16,27.7,56.0,52.6,78.1,622,2023
Andy Dalton,6187,QB,CAR,1,82.5,81.1,79.1,64.2,63,2023
Johnny Hekker,7252,P,CAR,1,60.4,61.0,60.3,60.0,1,2023
Andy Dalton,6187,QB,CAR,6,58.2,68.1,67.4,58.0,175,2024
Bryce Young,123943,QB,CAR,7,89.7,53.8,55.2,56.9,176,2024
Johnny Hekker,7252,P,CAR,2,63.6,47.9,50.7,,2,2024
Rex Grossman,1338,QB,CHI,19,55.5,46.3,50.5,25.4,598,2006
Brian Griese,379,QB,CHI,5,79.6,32.2,31.3,54.8,35,2006
Thomas Jones,585,HB,CHI,2,90.1,59.2,60.2,58.9,2,2006
Brian Griese,379,QB,CHI,7,53.6,64.3,71.0,24.8,283,2007
Rex Grossman,1338,QB,CHI,8,28.1,57.6,61.5,32.0,255,2007
Kyle Orton,2323,QB,CHI,3,52.1,44.2,49.4,28.8,82,2007
Adrian Peterson,1177,HB,CHI,1,63.8,63.2,68.9,51.7,1,2007
Kyle Orton,2323,QB,CHI,15,67.0,60.1,63.7,28.3,501,2008
Rex Grossman,1338,QB,CHI,3,82.5,39.8,42.0,45.1,64,2008
Jay Cutler,2956,QB,CHI,16,75.9,63.5,65.6,39.9,609,2009
Caleb Hanie,4674,QB,CHI,2,69.6,51.5,51.7,,7,2009
Jay Cutler,2956,QB,CHI,17,38.4,66.5,65.8,64.4,565,2010
Todd Collins,131,QB,CHI,3,78.1,20.5,21.1,,33,2010
Caleb Hanie,4674,QB,CHI,3,77.8,63.6,64.0,56.3,30,2010
Matt Forte,4358,HB,CHI,1,72.0,74.4,26.1,71.7,1,2010
Jay Cutler,2956,QB,CHI,10,41.5,68.4,71.4,29.8,345,2011
Caleb Hanie,4674,QB,CHI,4,63.7,54.8,50.8,78.0,133,2011
Josh McCown,1085,QB,CHI,3,47.9,50.1,51.3,57.7,71,2011
Matt Forte,4358,HB,CHI,1,70.1,85.1,60.0,83.1,1,2011
Jay Cutler,2956,QB,CHI,15,56.1,72.4,70.6,68.7,496,2012
Jason Campbell,2242,QB,CHI,4,21.6,45.1,46.1,55.1,61,2012
Jay Cutler,2956,QB,CHI,11,57.5,82.0,80.0,71.8,387,2013
Josh McCown,1085,QB,CHI,8,90.4,86.4,84.3,69.6,243,2013
Jay Cutler,2956,QB,CHI,15,43.2,64.5,63.3,67.9,619,2014
Jimmy Clausen,5573,QB,CHI,4,81.0,59.1,59.7,60.7,53,2014
Jay Cutler,2956,QB,CHI,15,52.8,75.1,74.5,53.6,527,2015
Matt Barkley,7880,QB,CHI,7,49.8,73.0,73.2,43.5,223,2016
Brian Hoyer,5277,QB,CHI,6,74.1,79.8,79.0,51.4,206,2016
Jay Cutler,2956,QB,CHI,5,29.2,49.8,49.3,57.8,157,2016
David Fales,8818,QB,CHI,1,68.9,59.8,61.7,60.0,6,2016
Cameron Meredith,10008,WR,CHI,1,22.6,73.7,68.8,,1,2016
Mitch Trubisky,11757,QB,CHI,12,44.9,66.4,71.2,39.4,386,2017
Mike Glennon,7854,QB,CHI,4,28.9,61.4,62.9,34.1,149,2017
Tarik Cohen,11874,HB,CHI,2,50.8,77.5,74.8,64.9,2,2017
Pat O'Donnell,8826,P,CHI,1,60.4,70.7,67.2,,1,2017
Mitch Trubisky,11757,QB,CHI,15,56.1,63.6,57.8,85.5,544,2018
Chase Daniel,5214,QB,CHI,2,25.1,57.6,67.7,26.3,87,2018
Anthony Miller,48160,WR,CHI,1,81.2,60.6,60.0,56.9,1,2018
Tarik Cohen,11874,HB,CHI,1,30.3,71.4,69.7,59.3,1,2018
Mitch Trubisky,11757,QB,CHI,15,77.6,64.3,63.6,59.8,579,2019
Chase Daniel,5214,QB,CHI,3,83.8,67.4,70.8,47.8,74,2019
Mitch Trubisky,11757,QB,CHI,10,38.2,63.5,60.5,71.8,367,2020
Nick Foles,7089,QB,CHI,9,72.4,66.5,66.9,51.9,335,2020
Tyler Bray,8440,QB,CHI,1,68.0,40.7,42.2,,5,2020
Justin Fields,82118,QB,CHI,12,27.0,64.2,60.8,72.3,353,2021
Andy Dalton,6187,QB,CHI,8,90.6,67.1,63.5,78.1,267,2021
Nick Foles,7089,QB,CHI,1,29.6,60.2,59.4,60.1,40,2021
David Montgomery,45719,HB,CHI,1,83.7,69.8,37.2,67.7,1,2021
Justin Fields,82118,QB,CHI,15,28.8,70.2,54.4,91.5,444,2022
Trevor Siemian,9683,QB,CHI,2,78.0,33.9,33.5,56.1,29,2022
Nathan Peterman,11926,QB,CHI,3,77.0,66.7,68.0,54.5,28,2022
Tim Boyle,21956,QB,CHI,1,72.3,35.2,35.4,60.0,8,2022
Chase Claypool,42312,WR,CHI,1,41.9,61.8,68.9,62.0,1,2022
Justin Fields,82118,QB,CHI,13,33.8,74.6,67.2,84.9,457,2023
Tyson Bagent,169628,QB,CHI,5,50.5,57.7,50.8,81.2,159,2023
Caleb Williams,144622,QB,CHI,9,85.6,60.3,57.7,73.3,355,2024
Carson Palmer,1317,QB,CIN,16,76.4,74.7,78.0,29.1,562,2006
Anthony Wright,577,QB,CIN,2,70.5,61.7,59.8,60.5,4,2006
Carson Palmer,1317,QB,CIN,16,68.1,74.5,77.5,27.2,596,2007
Ryan Fitzpatrick,2467,QB,CIN,12,29.7,53.9,56.3,43.3,448,2008
Carson Palmer,1317,QB,CIN,4,72.6,49.0,51.1,53.0,144,2008
Jordan Palmer,3821,QB,CIN,3,73.5,36.9,38.1,58.3,15,2008
Carson Palmer,1317,QB,CIN,17,87.0,65.3,68.2,42.8,549,2009
J.T. O'Sullivan,1169,QB,CIN,3,19.5,32.4,42.8,47.5,15,2009
Carson Palmer,1317,QB,CIN,16,74.7,72.0,75.5,27.8,621,2010
Jordan Palmer,3821,QB,CIN,1,68.0,58.4,58.4,,5,2010
Chad Johnson,806,WR,CIN,1,81.2,70.2,59.7,,1,2010
Andy Dalton,6187,QB,CIN,17,79.2,62.2,62.5,49.6,610,2011
Bruce Gradkowski,3139,QB,CIN,2,76.2,45.3,45.6,56.3,19,2011
Bernard Scott,5133,HB,CIN,1,89.6,62.1,56.6,68.7,1,2011
Andy Dalton,6187,QB,CIN,17,90.9,63.7,63.7,56.1,628,2012
Bruce Gradkowski,3139,QB,CIN,1,74.7,47.2,51.6,48.5,11,2012
Mohamed Sanu,7084,WR,CIN,1,25.5,71.7,87.1,61.3,1,2012
Andy Dalton,6187,QB,CIN,17,76.3,70.6,74.1,35.4,697,2013
Mohamed Sanu,7084,WR,CIN,1,41.6,63.0,80.3,51.6,1,2013
Andy Dalton,6187,QB,CIN,17,78.3,66.5,66.5,50.4,561,2014
Jason Campbell,2242,QB,CIN,4,75.4,53.4,55.9,55.7,21,2014
Mohamed Sanu,7084,WR,CIN,5,82.1,67.3,84.1,58.4,4,2014
Andy Dalton,6187,QB,CIN,13,70.7,80.4,82.3,49.3,433,2015
A.J. McCarron,8799,QB,CIN,7,37.4,63.3,66.7,39.8,186,2015
Andy Dalton,6187,QB,CIN,16,72.1,70.6,69.6,60.5,627,2016
Andy Dalton,6187,QB,CIN,16,90.5,72.7,72.3,54.7,548,2017
A.J. McCarron,8799,QB,CIN,2,73.9,37.1,38.0,,15,2017
Andy Dalton,6187,QB,CIN,11,86.5,81.9,79.3,69.7,398,2018
Jeff Driskel,10841,QB,CIN,8,59.8,52.7,51.1,60.8,203,2018
Tyler Boyd,10689,WR,CIN,1,82.3,84.5,59.7,53.6,1,2018
Andy Dalton,6187,QB,CIN,13,60.5,66.5,66.1,61.0,575,2019
Ryan Finley,46426,QB,CIN,3,25.4,29.3,28.2,70.0,104,2019
Alex Erickson,11107,WR,CIN,1,40.6,67.1,71.0,73.4,1,2019
Joe Burrow,28022,QB,CIN,10,28.7,75.1,74.3,58.0,453,2020
Brandon Allen,10835,QB,CIN,5,69.1,56.5,55.7,58.8,155,2020
Ryan Finley,46426,QB,CIN,4,81.1,62.0,60.3,62.3,43,2020
Tyler Boyd,10689,WR,CIN,2,53.8,75.8,55.0,65.6,2,2020
Alex Erickson,11107,WR,CIN,1,29.6,53.4,51.2,28.6,1,2020
Joe Burrow,28022,QB,CIN,20,78.3,91.8,91.1,67.3,759,2021
Brandon Allen,10835,QB,CIN,5,31.9,42.3,41.7,63.2,38,2021
Joe Mixon,11803,HB,CIN,1,83.2,79.2,69.5,82.1,1,2021
Tyler Boyd,10689,WR,CIN,1,55.0,70.8,60.1,65.4,1,2021
Joe Burrow,28022,QB,CIN,19,75.8,92.0,91.0,78.0,803,2022
Brandon Allen,10835,QB,CIN,1,70.5,74.9,70.1,65.7,4,2022
Tyler Boyd,10689,WR,CIN,2,81.3,70.2,71.4,,2,2022
Joe Burrow,28022,QB,CIN,10,87.0,77.9,76.8,68.8,403,2023
Jake Browning,46401,QB,CIN,9,54.6,79.3,74.4,87.8,283,2023
A.J. McCarron,8799,QB,CIN,2,69.6,59.0,58.4,,6,2023
Tyler Boyd,10689,WR,CIN,1,81.5,59.5,57.3,59.1,1,2023
Ja'Marr Chase,84270,WR,CIN,1,58.8,85.3,60.0,52.8,1,2023
Joe Burrow,28022,QB,CIN,10,56.0,90.3,89.8,63.3,397,2024
Charlie Frye,2284,QB,CLV,13,53.1,49.5,47.8,66.1,473,2006
Derek Anderson,2430,QB,CLV,4,36.8,40.9,41.8,52.2,128,2006
Ken Dorsey,1535,QB,CLV,1,63.6,48.8,50.0,,2,2006
Joshua Cribbs,2544,WR,CLV,1,21.5,47.0,53.5,59.5,1,2006
Derek Anderson,2430,QB,CLV,16,90.4,64.4,66.9,41.3,554,2007
Brady Quinn,3638,QB,CLV,1,70.3,75.7,74.3,,8,2007
Derek Anderson,2430,QB,CLV,10,85.9,55.9,59.7,30.6,307,2008
Ken Dorsey,1535,QB,CLV,4,85.0,48.0,48.5,,96,2008
Brady Quinn,3638,QB,CLV,3,84.8,59.2,59.3,53.8,93,2008
Bruce Gradkowski,3139,QB,CLV,2,76.8,36.9,39.0,58.3,26,2008
Joshua Cribbs,2544,WR,CLV,3,80.2,62.8,58.8,68.9,5,2008
Brady Quinn,3638,QB,CLV,10,80.8,54.4,54.8,47.4,280,2009
Derek Anderson,2430,QB,CLV,8,73.4,49.4,50.0,43.5,194,2009
Joshua Cribbs,2544,WR,CLV,3,26.3,63.8,43.2,74.5,4,2009
Colt McCoy,5609,QB,CLV,8,83.6,75.0,72.6,66.6,261,2010
Jake Delhomme,303,QB,CLV,5,55.1,53.3,59.5,28.8,156,2010
Seneca Wallace,1422,QB,CLV,5,86.4,66.2,67.2,51.1,109,2010
Joshua Cribbs,2544,WR,CLV,3,26.2,62.0,68.3,41.7,3,2010
Peyton Hillis,4541,HB,CLV,2,29.5,74.2,48.3,67.5,2,2010
Mohamed Massaquoi,4973,WR,CLV,1,29.6,62.3,82.2,67.0,1,2010
Colt McCoy,5609,QB,CLV,13,53.4,56.2,60.2,35.4,535,2011
Seneca Wallace,1422,QB,CLV,5,68.8,62.4,57.5,78.4,118,2011
Brandon Weeden,7028,QB,CLV,15,83.8,50.1,51.4,40.2,559,2012
Thaddeus Lewis,5817,QB,CLV,1,78.6,62.2,62.7,56.8,36,2012
Colt McCoy,5609,QB,CLV,1,77.5,39.5,40.9,57.4,22,2012
Jason Campbell,2242,QB,CLV,9,63.1,62.3,60.2,79.9,346,2013
Brandon Weeden,7028,QB,CLV,8,63.4,62.6,64.3,45.6,301,2013
Brian Hoyer,5277,QB,CLV,3,85.6,73.6,73.8,53.7,104,2013
Spencer Lanning,6566,P,CLV,1,60.4,48.4,52.7,,1,2013
Brian Hoyer,5277,QB,CLV,14,83.3,59.1,60.0,37.8,472,2014
Johnny Manziel,8657,QB,CLV,4,80.7,47.5,45.7,58.9,43,2014
Connor Shaw,9036,QB,CLV,1,29.0,42.2,48.5,43.4,34,2014
Josh Gordon,7618,WR,CLV,1,75.9,78.4,60.0,,1,2014
Josh McCown,1085,QB,CLV,8,29.1,58.5,60.5,45.9,327,2015
Johnny Manziel,8657,QB,CLV,9,27.2,53.3,48.0,83.3,269,2015
Austin Davis,7305,QB,CLV,3,59.9,47.6,46.6,64.8,109,2015
Cody Kessler,10727,QB,CLV,9,43.8,68.9,71.9,37.1,221,2016
Josh McCown,1085,QB,CLV,5,27.5,55.7,57.4,49.3,188,2016
Robert Griffin III,7008,QB,CLV,5,55.8,57.6,57.8,55.4,183,2016
Kevin Hogan,10796,QB,CLV,3,78.8,61.4,55.7,74.2,31,2016
Charlie Whitehurst,3026,QB,CLV,1,77.6,58.0,59.4,54.6,27,2016
Terrelle Pryor Sr.,6944,WR,CLV,3,58.1,74.7,44.8,43.9,11,2016
Duke Johnson Jr.,9510,HB,CLV,1,35.3,64.6,51.2,59.8,1,2016
DeShone Kizer,11807,QB,CLV,15,61.1,52.5,49.9,68.3,563,2017
Kevin Hogan,10796,QB,CLV,4,55.0,50.5,49.5,65.4,87,2017
Cody Kessler,10727,QB,CLV,3,78.1,62.1,62.3,60.0,30,2017
Baker Mayfield,46518,QB,CLV,14,70.2,83.2,79.9,75.8,531,2018
Tyrod Taylor,6332,QB,CLV,4,60.0,47.0,44.9,61.4,108,2018
Jarvis Landry,8698,WR,CLV,3,56.8,74.7,87.2,77.0,2,2018
Dontrell Hilliard,45691,HB,CLV,1,77.8,55.8,26.1,,1,2018
Baker Mayfield,46518,QB,CLV,16,63.1,74.8,72.8,69.4,592,2019
Garrett Gilbert,8848,QB,CLV,2,69.8,48.9,47.0,60.5,3,2019
Odell Beckham Jr.,8647,WR,CLV,2,53.2,68.7,82.6,58.3,2,2019
Baker Mayfield,46518,QB,CLV,18,65.1,85.7,85.1,58.1,612,2020
Case Keenum,7323,QB,CLV,1,71.4,44.7,45.4,,10,2020
Jarvis Landry,8698,WR,CLV,4,55.6,84.8,89.9,67.8,4,2020
Odell Beckham Jr.,8647,WR,CLV,1,76.5,75.3,55.1,90.2,1,2020
Baker Mayfield,46518,QB,CLV,14,61.4,63.6,62.4,60.1,486,2021
Case Keenum,7323,QB,CLV,4,52.0,57.4,55.1,71.4,81,2021
Nick Mullens,12282,QB,CLV,1,77.6,69.2,70.0,,30,2021
Jacoby Brissett,10725,QB,CLV,12,59.6,82.6,75.2,91.5,416,2022
Deshaun Watson,11767,QB,CLV,6,60.9,54.7,51.0,69.6,204,2022
Amari Cooper,9437,WR,CLV,1,82.1,81.2,33.1,,1,2022
Joe Flacco,4332,QB,CLV,6,65.4,72.8,70.6,69.1,265,2023
Deshaun Watson,11767,QB,CLV,6,38.5,67.3,66.8,63.4,205,2023
Dorian Thompson-Robinson,83574,QB,CLV,6,36.0,49.3,49.4,58.4,123,2023
P.J. Walker,12134,QB,CLV,5,26.9,29.7,28.8,63.3,126,2023
Jeff Driskel,10841,QB,CLV,1,78.7,66.4,58.9,83.4,32,2023
Deshaun Watson,11767,QB,CLV,7,56.9,63.1,63.4,57.6,270,2024
Jameis Winston,9434,QB,CLV,4,61.2,78.0,72.2,84.0,112,2024
Dorian Thompson-Robinson,83574,QB,CLV,1,26.7,44.7,33.0,88.5,26,2024
Tony Romo,1693,QB,DAL,13,25.4,78.1,78.6,49.8,407,2006
Drew Bledsoe,36,QB,DAL,6,78.0,59.0,59.4,55.8,187,2006
Tony Romo,1693,QB,DAL,17,46.6,82.6,81.6,59.3,601,2007
Brad Johnson,31,QB,DAL,1,74.9,58.8,60.2,55.7,12,2007
Tony Romo,1693,QB,DAL,13,30.0,65.6,70.6,28.2,480,2008
Brad Johnson,31,QB,DAL,3,84.4,35.8,37.5,56.7,86,2008
Brooks Bollinger,1502,QB,DAL,2,75.4,42.4,42.6,,20,2008
Jason Witten,1384,TE,DAL,1,82.3,90.8,50.8,,1,2008
Patrick Crayton,1932,WR,DAL,1,44.1,60.3,59.6,63.2,1,2008
Tony Romo,1693,QB,DAL,18,67.4,67.4,69.2,38.6,676,2009
Jon Kitna,217,QB,DAL,10,43.3,60.3,64.7,32.6,356,2010
Tony Romo,1693,QB,DAL,6,90.3,92.0,90.9,76.2,223,2010
Stephen McGee,5024,QB,DAL,2,40.1,58.4,56.0,65.8,59,2010
Marion Barber III,2326,HB,DAL,1,89.0,57.4,60.0,59.4,1,2010
Tony Romo,1693,QB,DAL,16,70.4,74.6,76.1,35.7,565,2011
Stephen McGee,5024,QB,DAL,1,79.9,60.2,58.9,69.1,45,2011
Jon Kitna,217,QB,DAL,1,73.3,65.5,66.8,57.2,10,2011
Tony Romo,1693,QB,DAL,16,82.5,73.9,74.1,51.9,693,2012
Kyle Orton,2323,QB,DAL,1,71.9,61.9,61.6,,10,2012
Tony Romo,1693,QB,DAL,15,82.2,77.7,80.2,28.3,579,2013
Kyle Orton,2323,QB,DAL,2,80.9,66.0,64.0,64.0,52,2013
Tony Romo,1693,QB,DAL,17,51.2,83.6,82.7,63.3,535,2014
Brandon Weeden,7028,QB,DAL,4,80.6,50.1,52.4,46.6,44,2014
Matt Cassel,2447,QB,DAL,8,76.2,51.2,51.1,50.5,230,2015
Tony Romo,1693,QB,DAL,4,63.4,55.5,55.0,63.8,129,2015
Kellen Moore,7466,QB,DAL,3,58.5,61.9,65.0,33.9,109,2015
Darren McFadden,4318,HB,DAL,1,62.6,60.1,54.8,61.6,1,2015
Dak Prescott,10769,QB,DAL,17,61.1,83.7,81.5,67.9,555,2016
Mark Sanchez,4928,QB,DAL,2,76.8,47.0,46.8,58.1,22,2016
Tony Romo,1693,QB,DAL,1,68.0,62.5,62.1,,4,2016
Dez Bryant,5549,WR,DAL,1,35.6,83.5,68.8,,1,2016
Cole Beasley,7330,WR,DAL,1,84.2,85.9,51.7,,1,2016
Dak Prescott,10769,QB,DAL,16,90.6,72.2,67.8,78.5,554,2017
Cooper Rush,12324,QB,DAL,2,68.7,67.9,59.6,65.2,3,2017
Dak Prescott,10769,QB,DAL,18,31.3,74.8,73.0,68.2,680,2018
Cole Beasley,7330,WR,DAL,1,86.4,74.6,55.1,,1,2018
Dak Prescott,10769,QB,DAL,16,66.4,80.1,76.6,76.2,639,2019
Randall Cobb,6216,WR,DAL,1,34.2,69.9,60.0,58.0,1,2019
Andy Dalton,6187,QB,DAL,11,75.1,69.9,69.8,55.7,376,2020
Dak Prescott,10769,QB,DAL,5,74.1,85.2,80.4,78.9,240,2020
Ben DiNucci,34311,QB,DAL,2,16.9,25.6,25.5,52.5,51,2020
Garrett Gilbert,8848,QB,DAL,1,79.7,66.4,62.5,73.0,42,2020
Cedrick Wilson Jr.,48170,WR,DAL,3,79.9,61.1,71.2,56.0,4,2020
Chris Jones,6798,P,DAL,1,64.5,54.4,56.5,60.0,1,2020
Dak Prescott,10769,QB,DAL,17,37.0,82.4,83.5,41.6,703,2021
Cooper Rush,12324,QB,DAL,4,43.2,56.7,57.0,56.5,51,2021
Cedrick Wilson Jr.,48170,WR,DAL,3,31.4,71.7,82.0,60.9,3,2021
Bryan Anger,7072,P,DAL,1,60.4,70.7,67.2,,1,2021
Ezekiel Elliott,10638,HB,DAL,1,85.6,69.3,60.1,76.6,1,2021
Dak Prescott,10769,QB,DAL,14,83.2,71.8,68.2,74.4,507,2022
Cooper Rush,12324,QB,DAL,8,71.3,56.5,55.9,54.8,172,2022
Dak Prescott,10769,QB,DAL,18,84.3,90.0,87.0,78.6,731,2023
Cooper Rush,12324,QB,DAL,7,79.6,58.0,54.3,66.2,27,2023
Dak Prescott,10769,QB,DAL,8,56.0,67.9,67.2,59.6,317,2024
Cooper Rush,12324,QB,DAL,4,22.0,40.9,48.6,27.5,63,2024
Trey Lance,91399,QB,DAL,1,72.5,55.6,49.2,66.5,8,2024
Bryan Anger,7072,P,DAL,1,60.4,43.9,44.0,,1,2024
Jake Plummer,248,QB,DEN,12,32.4,52.0,55.1,38.0,345,2006
Jay Cutler,2956,QB,DEN,5,34.1,51.2,55.1,29.8,153,2006
Jay Cutler,2956,QB,DEN,16,43.2,69.7,70.8,47.9,507,2007
Patrick Ramsey,1039,QB,DEN,2,27.7,48.0,51.0,53.2,51,2007
Jay Cutler,2956,QB,DEN,16,83.8,79.2,80.2,49.2,652,2008
Patrick Ramsey,1039,QB,DEN,1,65.5,69.2,68.3,,4,2008
Eddie Royal,4356,WR,DEN,1,60.4,73.7,60.0,70.9,1,2008
Kyle Orton,2323,QB,DEN,16,81.9,64.4,66.3,31.2,581,2009
Chris Simms,1411,QB,DEN,2,76.8,29.1,29.5,49.6,22,2009
Kyle Orton,2323,QB,DEN,13,77.9,68.0,70.7,36.2,545,2010
Tim Tebow,5550,QB,DEN,4,87.8,73.7,71.6,67.0,99,2010
Tim Tebow,5550,QB,DEN,14,29.0,49.5,49.6,55.5,396,2011
Demaryius Thomas,5547,WR,DEN,1,78.6,75.9,48.3,61.1,1,2011
Eric Decker,5611,WR,DEN,1,35.9,63.2,53.1,57.6,1,2011
Peyton Manning,327,QB,DEN,17,85.4,90.9,90.8,41.9,655,2012
Brock Osweiler,7059,QB,DEN,1,73.7,59.4,63.4,55.1,4,2012
Peyton Manning,327,QB,DEN,19,88.6,92.8,93.2,27.5,806,2013
Brock Osweiler,7059,QB,DEN,2,76.1,58.8,56.5,62.7,19,2013
Peyton Manning,327,QB,DEN,17,92.3,76.9,75.7,56.3,662,2014
Brock Osweiler,7059,QB,DEN,4,75.5,61.5,65.9,52.7,12,2014
Peyton Manning,327,QB,DEN,13,78.8,60.6,60.4,53.9,449,2015
Brock Osweiler,7059,QB,DEN,8,57.6,64.0,65.5,44.1,310,2015
Trevor Siemian,9683,QB,DEN,14,83.2,56.9,56.3,55.2,530,2016
Paxton Lynch,10660,QB,DEN,3,30.4,49.7,50.3,52.5,99,2016
Riley Dixon,10862,P,DEN,1,60.4,76.9,68.8,,1,2016
Trevor Siemian,9683,QB,DEN,11,49.4,53.0,52.0,61.4,406,2017
Brock Osweiler,7059,QB,DEN,6,72.8,47.3,49.3,43.8,192,2017
Paxton Lynch,10660,QB,DEN,2,36.9,43.3,39.9,69.0,59,2017
Case Keenum,7323,QB,DEN,16,46.1,70.0,66.9,81.5,633,2018
Emmanuel Sanders,5606,WR,DEN,1,82.2,81.1,73.4,60.5,1,2018
Colby Wadman,38062,P,DEN,1,60.4,60.8,60.3,,1,2018
Joe Flacco,4332,QB,DEN,8,28.2,66.4,64.4,66.7,294,2019
Drew Lock,39517,QB,DEN,5,70.9,58.1,57.4,61.4,172,2019
Brandon Allen,10835,QB,DEN,3,85.8,48.7,47.0,67.9,98,2019
Courtland Sutton,48164,WR,DEN,1,28.0,83.1,87.3,70.8,2,2019
Andrew Beck,47121,TE,DEN,1,71.8,58.8,60.4,61.4,1,2019
Drew Lock,39517,QB,DEN,13,29.8,63.5,63.4,53.6,484,2020
Jeff Driskel,10841,QB,DEN,2,84.1,55.1,51.3,74.9,78,2020
Brett Rypien,46487,QB,DEN,2,81.0,40.5,41.5,61.3,41,2020
Kendall Hinton,34045,QB,DEN,1,72.6,24.0,24.3,61.3,11,2020
Teddy Bridgewater,8667,QB,DEN,14,89.5,73.5,70.7,75.7,472,2021
Drew Lock,39517,QB,DEN,6,40.5,60.0,59.9,54.7,127,2021
Brett Rypien,46487,QB,DEN,1,63.6,44.0,45.2,,2,2021
Courtland Sutton,48164,WR,DEN,1,80.5,71.2,70.7,,1,2021
Kendall Hinton,34045,WR,DEN,1,76.3,66.5,60.3,,1,2021
Russell Wilson,7077,QB,DEN,15,85.5,66.2,64.5,67.2,569,2022
Brett Rypien,46487,QB,DEN,4,29.3,46.4,46.9,52.0,97,2022
Russell Wilson,7077,QB,DEN,15,28.9,77.5,72.5,80.3,530,2023
Jarrett Stidham,13725,QB,DEN,2,51.9,55.5,58.5,45.0,77,2023
Bo Nix,97790,QB,DEN,10,90.0,68.1,64.6,74.5,377,2024
Courtland Sutton,48164,WR,DEN,2,32.7,71.7,78.4,,2,2024
Riley Dixon,10862,P,DEN,1,60.4,61.3,60.4,,1,2024
Jon Kitna,217,QB,DET,16,62.0,64.2,65.4,43.9,677,2006
Jon Kitna,217,QB,DET,16,29.6,66.5,68.4,31.1,624,2007
J.T. O'Sullivan,1169,QB,DET,2,26.5,44.6,54.7,29.2,30,2007
Dan Orlovsky,2362,QB,DET,10,83.5,57.4,57.2,51.9,272,2008
Jon Kitna,217,QB,DET,4,50.2,46.3,49.6,33.2,139,2008
Daunte Culpepper,446,QB,DET,5,44.5,46.6,48.6,50.6,135,2008
Drew Stanton,3659,QB,DET,3,77.0,63.5,63.8,57.9,26,2008
Drew Henson,1494,QB,DET,2,65.5,48.9,49.5,,5,2008
Matthew Stafford,4924,QB,DET,10,72.7,45.2,45.8,50.3,416,2009
Daunte Culpepper,446,QB,DET,8,77.2,45.6,45.5,58.1,182,2009
Drew Stanton,3659,QB,DET,3,82.4,37.9,39.0,50.3,62,2009
Shaun Hill,1255,QB,DET,11,88.1,80.5,79.0,64.1,448,2010
Drew Stanton,3659,QB,DET,6,50.6,58.3,56.7,61.6,132,2010
Matthew Stafford,4924,QB,DET,3,85.9,81.8,78.8,70.9,102,2010
Stefan Logan,4909,WR,DET,1,75.7,64.3,60.1,74.2,1,2010
Jahvid Best,5555,HB,DET,1,80.5,60.3,55.2,60.5,1,2010
Matthew Stafford,4924,QB,DET,17,83.9,76.1,76.0,48.1,755,2011
Shaun Hill,1255,QB,DET,2,67.4,66.7,67.0,59.8,3,2011
Matthew Stafford,4924,QB,DET,16,77.9,73.6,72.0,63.4,776,2012
Shaun Hill,1255,QB,DET,1,73.7,74.9,76.2,57.3,13,2012
Matthew Stafford,4924,QB,DET,16,61.7,80.3,83.2,29.8,668,2013
Matthew Stafford,4924,QB,DET,17,78.6,68.4,68.1,55.5,711,2014
Sam Martin,7947,P,DET,1,63.6,70.1,66.9,,2,2014
Matthew Stafford,4924,QB,DET,16,87.8,65.7,64.7,62.0,662,2015
Dan Orlovsky,2362,QB,DET,2,79.3,57.2,57.2,,40,2015
Matthew Stafford,4924,QB,DET,17,80.6,81.4,79.0,73.5,696,2016
Matthew Stafford,4924,QB,DET,16,32.6,78.6,76.4,66.6,628,2017
Jake Rudock,10825,QB,DET,1,69.9,30.0,43.1,60.0,5,2017
Matthew Stafford,4924,QB,DET,16,63.6,77.8,76.6,59.0,608,2018
Matt Cassel,2447,QB,DET,2,75.7,48.6,46.4,64.5,19,2018
Bruce Ellington,8741,WR,DET,1,78.6,68.3,60.0,56.6,1,2018
Matt Prater,3471,K,DET,1,60.4,88.9,73.8,,1,2018
Matthew Stafford,4924,QB,DET,8,49.8,82.6,81.6,62.5,320,2019
David Blough,46508,QB,DET,5,73.5,57.2,55.4,59.4,194,2019
Jeff Driskel,10841,QB,DET,3,66.5,51.3,51.2,60.5,129,2019
Danny Amendola,4717,WR,DET,1,84.9,71.5,68.8,,1,2019
Matthew Stafford,4924,QB,DET,16,77.8,82.0,78.6,82.5,583,2020
Chase Daniel,5214,QB,DET,4,80.4,54.0,51.2,70.7,48,2020
David Blough,46508,QB,DET,1,73.2,33.6,29.5,65.9,12,2020
Jamal Agnew,11920,WR,DET,1,34.2,56.7,77.6,61.6,1,2020
Jared Goff,10635,QB,DET,14,39.5,60.3,61.7,39.6,541,2021
Tim Boyle,21956,QB,DET,3,54.8,54.0,52.2,66.4,95,2021
Jack Fox,34735,P,DET,3,65.5,71.5,69.7,,3,2021
Tom Kennedy,94379,WR,DET,1,73.7,57.3,71.0,,1,2021
D'Andre Swift,57212,HB,DET,1,65.0,58.0,60.0,61.3,1,2021
Jared Goff,10635,QB,DET,17,64.3,72.4,71.6,53.0,626,2022
Jack Fox,34735,P,DET,1,60.4,69.1,67.2,,1,2022
Jared Goff,10635,QB,DET,20,60.3,85.7,85.2,51.9,761,2023
Jalen Reeves-Maybin,11879,LB,DET,1,66.7,71.2,70.7,59.8,1,2023
Jared Goff,10635,QB,DET,9,52.0,67.6,65.0,65.3,268,2024
Hendon Hooker,60593,QB,DET,2,69.9,53.2,52.2,60.0,6,2024
Amon-Ra St. Brown,84470,WR,DET,1,79.9,81.5,60.5,,1,2024
Jack Fox,34735,P,DET,1,60.4,72.6,68.8,,1,2024
David Montgomery,45719,HB,DET,1,52.9,80.4,69.5,76.7,1,2024
Brett Favre,14,QB,GB,16,74.7,55.6,57.3,31.3,638,2006
Aaron Rodgers,2241,QB,GB,2,27.1,30.3,29.3,63.0,20,2006
Carlyle Holiday,2640,WR,GB,1,71.6,63.8,59.7,,1,2006
Brett Favre,14,QB,GB,18,63.9,75.0,77.5,29.4,615,2007
Aaron Rodgers,2241,QB,GB,2,79.2,66.1,62.4,68.7,35,2007
Craig Nall,1154,QB,GB,1,17.2,47.1,67.5,27.3,17,2007
Aaron Rodgers,2241,QB,GB,16,73.4,79.2,80.8,48.6,600,2008
Matt Flynn,4523,QB,GB,1,70.2,32.9,37.5,50.7,5,2008
Aaron Rodgers,2241,QB,GB,17,51.9,86.0,85.3,61.3,673,2009
Matt Flynn,4523,QB,GB,4,75.4,50.0,56.5,44.2,13,2009
Aaron Rodgers,2241,QB,GB,19,83.0,91.3,91.6,59.7,695,2010
Matt Flynn,4523,QB,GB,4,84.2,55.8,55.1,58.3,77,2010
Aaron Rodgers,2241,QB,GB,16,87.7,92.7,92.6,59.7,637,2011
Matt Flynn,4523,QB,GB,5,57.2,70.1,74.8,45.7,55,2011
Randall Cobb,6216,WR,GB,1,28.3,66.4,57.8,58.4,1,2011
Aaron Rodgers,2241,QB,GB,18,77.4,89.1,88.7,60.0,720,2012
Graham Harrell,5519,QB,GB,2,18.4,33.5,51.1,32.1,4,2012
Tim Masthay,5510,P,GB,1,60.4,51.7,52.5,,1,2012
Aaron Rodgers,2241,QB,GB,10,77.5,85.8,85.0,61.4,360,2013
Matt Flynn,4523,QB,GB,7,37.5,53.2,60.7,26.6,236,2013
Scott Tolzien,6749,QB,GB,3,85.1,71.1,68.2,70.7,98,2013
Seneca Wallace,1422,QB,GB,2,77.0,57.2,56.5,,28,2013
Aaron Rodgers,2241,QB,GB,18,58.8,93.3,91.7,89.8,650,2014
Matt Flynn,4523,QB,GB,6,33.3,46.0,42.7,62.5,18,2014
Aaron Rodgers,2241,QB,GB,18,62.4,75.2,71.6,80.0,746,2015
Scott Tolzien,6749,QB,GB,1,19.8,39.1,58.9,50.5,2,2015
Aaron Rodgers,2241,QB,GB,19,65.2,91.4,90.9,74.8,831,2016
Brett Hundley,9580,QB,GB,4,21.7,37.4,39.6,53.0,10,2016
Brett Hundley,9580,QB,GB,11,63.7,64.8,58.5,89.5,368,2017
Aaron Rodgers,2241,QB,GB,7,80.6,79.2,74.9,86.4,276,2017
Joe Callahan,11144,QB,GB,1,69.6,59.6,59.5,,7,2017
Randall Cobb,6216,WR,GB,1,51.5,64.4,60.1,60.2,1,2017
Aaron Rodgers,2241,QB,GB,16,60.3,89.0,86.3,77.0,681,2018
DeShone Kizer,11807,QB,GB,2,31.5,34.2,29.6,76.8,50,2018
JK Scott,38809,P,GB,1,,57.6,60.0,,1,2018
Aaron Rodgers,2241,QB,GB,18,63.3,83.7,82.1,71.5,704,2019
Tim Boyle,21956,QB,GB,1,72.4,57.4,54.7,61.3,4,2019
Aaron Rodgers,2241,QB,GB,18,88.1,95.1,94.7,56.0,660,2020
Aaron Rodgers,2241,QB,GB,17,88.5,89.4,87.0,67.9,612,2021
Jordan Love,40306,QB,GB,4,27.2,36.2,31.3,70.5,70,2021
Aaron Rodgers,2241,QB,GB,17,85.6,77.5,75.9,63.5,588,2022
Jordan Love,40306,QB,GB,4,75.7,78.7,77.1,60.0,21,2022
Jordan Love,40306,QB,GB,19,57.7,83.6,83.2,59.5,689,2023
Dontayvion Wicks,99711,WR,GB,1,23.0,77.8,69.9,59.2,1,2023
Sean Clifford,51708,QB,GB,1,15.5,56.8,76.0,44.9,1,2023
Jordan Love,40306,QB,GB,7,54.8,71.3,71.5,45.5,255,2024
Malik Willis,60341,QB,GB,4,82.3,77.4,74.3,70.0,53,2024
David Carr,1009,QB,HST,16,27.6,56.7,62.6,29.5,509,2006
Sage Rosenfels,863,QB,HST,3,80.3,67.8,74.8,43.6,41,2006
Matt Schaub,1811,QB,HST,11,64.6,80.3,81.8,40.0,313,2007
Sage Rosenfels,863,QB,HST,9,49.6,69.6,71.9,39.2,253,2007
Matt Schaub,1811,QB,HST,11,50.8,71.1,73.6,42.0,416,2008
Sage Rosenfels,863,QB,HST,6,54.1,60.7,62.2,40.5,189,2008
Matt Schaub,1811,QB,HST,16,83.9,83.5,88.9,26.9,626,2009
Rex Grossman,1338,QB,HST,1,23.8,34.8,50.9,33.0,10,2009
Chris Brown,1407,HB,HST,1,62.3,53.4,58.8,54.5,1,2009
Matt Schaub,1811,QB,HST,16,73.6,84.5,84.1,43.1,611,2010
Matt Schaub,1811,QB,HST,10,82.4,78.5,79.7,33.9,313,2011
T.J. Yates,6304,QB,HST,8,58.2,56.1,58.5,39.8,213,2011
Jake Delhomme,303,QB,HST,1,32.7,62.7,62.7,58.1,30,2011
Matt Leinart,2955,QB,HST,1,74.0,60.0,59.6,59.8,13,2011
Matt Schaub,1811,QB,HST,18,81.2,73.1,74.4,29.6,665,2012
T.J. Yates,6304,QB,HST,3,20.9,30.6,30.8,56.6,11,2012
Matt Schaub,1811,QB,HST,10,85.1,58.6,58.3,60.8,383,2013
Case Keenum,7323,QB,HST,8,38.8,60.9,60.8,58.4,277,2013
T.J. Yates,6304,QB,HST,2,76.9,34.0,34.7,59.3,24,2013
Ryan Fitzpatrick,2467,QB,HST,12,60.6,74.4,75.6,55.8,365,2014
Case Keenum,7323,QB,HST,2,84.7,54.7,55.8,51.1,85,2014
Ryan Mallett,6226,QB,HST,2,84.0,50.2,50.5,54.1,76,2014
Tom Savage,8770,QB,HST,1,19.3,52.1,61.6,30.6,21,2014
Arian Foster,5398,HB,HST,1,75.4,71.7,68.5,71.3,1,2014
Shane Lechler,673,P,HST,1,60.4,73.9,66.4,,1,2014
Brian Hoyer,5277,QB,HST,12,58.9,61.5,59.2,82.7,435,2015
Brandon Weeden,7028,QB,HST,6,51.0,67.7,66.4,61.4,159,2015
T.J. Yates,6304,QB,HST,4,83.0,63.4,61.4,66.9,63,2015
B.J. Daniels,8020,WR,HST,1,77.2,64.1,62.1,57.6,2,2015
Cecil Shorts,6266,WR,HST,1,30.5,60.4,68.5,43.5,1,2015
Jonathan Grimes,7585,HB,HST,1,85.8,63.0,69.4,53.4,1,2015
Brock Osweiler,7059,QB,HST,17,59.3,51.7,49.8,70.0,625,2016
Tom Savage,8770,QB,HST,3,53.7,64.8,62.2,70.9,80,2016
Tom Savage,8770,QB,HST,8,62.8,58.6,58.4,55.3,246,2017
Deshaun Watson,11767,QB,HST,7,51.6,68.1,64.1,74.9,241,2017
T.J. Yates,6304,QB,HST,4,23.9,48.7,45.3,77.3,115,2017
Taylor Heinicke,9896,QB,HST,1,65.5,65.1,68.2,58.3,3,2017
Deshaun Watson,11767,QB,HST,17,43.4,80.9,77.9,75.6,685,2018
DeAndre Hopkins,7808,WR,HST,1,42.1,92.0,48.9,59.2,1,2018
Deshaun Watson,11767,QB,HST,17,37.4,82.7,78.0,79.7,691,2019
A.J. McCarron,8799,QB,HST,2,80.0,58.8,54.9,69.8,47,2019
DeAndre Hopkins,7808,WR,HST,2,62.9,87.8,29.8,62.4,2,2019
Deshaun Watson,11767,QB,HST,16,68.9,92.4,91.1,81.4,656,2020
A.J. McCarron,8799,QB,HST,2,63.6,64.1,63.3,,2,2020
Randall Cobb,6216,WR,HST,1,77.9,71.6,46.4,,1,2020
Davis Mills,52269,QB,HST,13,48.0,58.5,59.0,48.4,435,2021
Tyrod Taylor,6332,QB,HST,6,70.7,59.2,55.2,73.1,178,2021
Danny Amendola,4717,WR,HST,1,26.9,63.1,32.4,,1,2021
Rex Burkhead,7971,HB,HST,1,72.3,65.4,60.0,60.6,1,2021
Davis Mills,52269,QB,HST,15,60.6,61.9,63.6,43.2,529,2022
Kyle Allen,26152,QB,HST,2,23.7,27.0,29.1,29.3,84,2022
Jeff Driskel,10841,QB,HST,6,80.7,68.0,62.0,69.9,24,2022
Phillip Dorsett,9462,WR,HST,1,74.9,55.7,60.0,,1,2022
Rex Burkhead,7971,HB,HST,1,82.5,59.1,60.0,57.2,1,2022
C.J. Stroud,129759,QB,HST,17,52.1,83.2,80.4,73.4,618,2023
Case Keenum,7323,QB,HST,2,82.5,44.8,45.6,54.0,59,2023
Davis Mills,52269,QB,HST,6,80.5,48.3,46.3,68.2,43,2023
Devin Singletary,40485,HB,HST,1,85.0,75.1,69.5,78.1,1,2023
C.J. Stroud,129759,QB,HST,10,65.8,73.5,72.4,63.3,388,2024
Davis Mills,52269,QB,HST,2,73.2,63.2,62.7,,14,2024
Stefon Diggs,9579,WR,HST,2,79.7,79.0,60.4,64.9,2,2024
Joe Mixon,11803,HB,HST,1,90.3,76.4,54.9,73.6,1,2024
Peyton Manning,327,QB,IND,20,92.5,92.5,92.0,50.0,738,2006
Peyton Manning,327,QB,IND,17,69.4,94.4,94.2,33.4,585,2007
Jim Sorgi,1910,QB,IND,4,80.2,50.8,53.2,49.5,38,2007
Peyton Manning,327,QB,IND,17,90.8,90.2,90.6,31.1,616,2008
Jim Sorgi,1910,QB,IND,1,78.5,65.8,68.6,52.1,31,2008
Peyton Manning,327,QB,IND,19,91.3,88.5,89.6,29.7,715,2009
Curtis Painter,5125,QB,IND,2,32.7,37.0,41.1,45.3,33,2009
Joseph Addai,2975,HB,IND,1,72.7,65.2,72.3,58.2,1,2009
Reggie Wayne,800,WR,IND,1,68.3,86.2,39.1,,1,2009
Peyton Manning,327,QB,IND,17,91.2,90.2,89.5,41.2,723,2010
Curtis Painter,5125,QB,IND,9,51.6,41.4,44.1,49.3,268,2011
Dan Orlovsky,2362,QB,IND,8,39.2,57.1,58.0,43.0,209,2011
Kerry Collins,115,QB,IND,3,22.7,44.0,48.6,29.4,103,2011
Andrew Luck,7007,QB,IND,17,81.0,66.7,64.7,69.3,764,2012
T.Y. Hilton,7092,WR,IND,1,81.1,65.5,60.0,58.4,1,2012
Andrew Luck,7007,QB,IND,18,79.8,77.5,73.6,76.8,739,2013
Matt Hasselbeck,408,QB,IND,3,73.5,40.2,44.3,58.0,12,2013
Andrew Luck,7007,QB,IND,19,64.1,79.1,77.1,68.2,807,2014
Matt Hasselbeck,408,QB,IND,3,81.6,67.2,67.2,57.1,46,2014
Pat McAfee,5146,P,IND,1,60.4,73.0,68.7,,1,2014
Andrew Luck,7007,QB,IND,7,71.8,48.9,47.9,60.1,333,2015
Matt Hasselbeck,408,QB,IND,8,80.7,65.3,66.4,55.1,278,2015
Charlie Whitehurst,3026,QB,IND,4,79.2,44.7,45.1,57.6,37,2015
Josh Freeman,4940,QB,IND,1,78.9,64.9,62.1,65.5,32,2015
Ryan Lindley,7174,QB,IND,1,71.4,59.9,59.8,,10,2015
Andrew Luck,7007,QB,IND,15,80.2,90.4,90.3,60.3,628,2016
Scott Tolzien,6749,QB,IND,2,80.2,61.1,63.4,48.6,42,2016
Pat McAfee,5146,P,IND,1,64.5,69.2,68.8,56.0,1,2016
Jacoby Brissett,10725,QB,IND,16,60.4,62.4,62.6,52.3,561,2017
Scott Tolzien,6749,QB,IND,1,76.2,25.3,25.6,57.9,23,2017
Andrew Luck,7007,QB,IND,18,90.2,91.2,89.5,76.7,757,2018
Jacoby Brissett,10725,QB,IND,3,73.2,57.8,54.8,61.9,4,2018
Eric Ebron,8645,TE,IND,1,50.9,66.2,54.8,34.6,1,2018
Jacoby Brissett,10725,QB,IND,15,55.6,59.2,58.0,59.3,506,2019
Brian Hoyer,5277,QB,IND,2,83.5,69.4,70.3,49.9,72,2019
Zach Pascal,12303,WR,IND,1,81.4,73.7,52.3,58.5,1,2019
Philip Rivers,1725,QB,IND,17,90.8,79.4,77.8,59.6,610,2020
Jacoby Brissett,10725,QB,IND,5,78.3,73.7,52.5,85.6,11,2020
Zach Pascal,12303,WR,IND,1,79.8,62.9,48.9,,1,2020
Carson Wentz,10636,QB,IND,17,46.4,70.9,67.9,73.6,575,2021
Matt Ryan,4317,QB,IND,12,26.9,63.8,63.0,60.3,509,2022
Sam Ehlinger,60555,QB,IND,4,63.5,57.2,56.6,58.0,125,2022
Nick Foles,7089,QB,IND,2,80.9,34.0,35.3,53.6,51,2022
Gardner Minshew,41401,QB,IND,16,42.5,62.0,60.6,59.6,546,2023
Anthony Richardson,124393,QB,IND,4,23.6,52.2,56.5,45.3,98,2023
Joe Flacco,4332,QB,IND,5,90.0,65.5,64.7,58.6,187,2024
Anthony Richardson,124393,QB,IND,6,24.9,48.7,49.5,53.0,155,2024
Adonai Mitchell,146712,WR,IND,1,25.0,59.2,60.0,59.5,1,2024
David Garrard,1109,QB,JAX,10,68.4,65.3,64.4,59.9,288,2006
Byron Leftwich,1323,QB,JAX,6,63.4,53.1,57.9,34.3,201,2006
Quinn Gray,1247,QB,JAX,1,25.6,65.8,70.2,54.2,25,2006
David Garrard,1109,QB,JAX,14,73.0,80.9,79.7,68.0,429,2007
Quinn Gray,1247,QB,JAX,7,69.8,51.1,51.1,58.0,159,2007
David Garrard,1109,QB,JAX,16,62.7,76.3,77.1,54.6,616,2008
Cleo Lemon,1271,QB,JAX,1,67.8,45.9,51.1,53.6,2,2008
David Garrard,1109,QB,JAX,16,44.2,68.1,71.0,44.8,593,2009
Luke McCown,1827,QB,JAX,2,68.9,49.4,49.9,,5,2009
David Garrard,1109,QB,JAX,14,60.3,75.1,77.6,50.2,421,2010
Trent Edwards,3708,QB,JAX,4,87.0,51.4,55.3,42.2,122,2010
Todd Bouman,299,QB,JAX,1,79.1,49.6,51.0,52.9,36,2010
Luke McCown,1827,QB,JAX,1,75.4,38.5,41.4,55.7,20,2010
Maurice Jones-Drew,3005,HB,JAX,1,68.8,72.1,42.6,68.5,1,2010
Blaine Gabbert,6162,QB,JAX,15,26.3,31.2,37.4,26.7,475,2011
Luke McCown,1827,QB,JAX,4,42.9,38.3,42.5,36.8,63,2011
Chad Henne,4371,QB,JAX,10,62.1,53.1,56.9,28.6,348,2012
Blaine Gabbert,6162,QB,JAX,10,74.2,58.3,60.0,41.6,309,2012
Chad Henne,4371,QB,JAX,15,84.1,58.7,60.6,39.6,551,2013
Blaine Gabbert,6162,QB,JAX,3,38.5,38.6,42.6,41.5,105,2013
Maurice Jones-Drew,3005,HB,JAX,1,84.7,73.0,69.8,66.3,1,2013
Ace Sanders,7883,WR,JAX,1,87.5,61.9,80.9,59.1,1,2013
Denard Robinson,7917,HB,JAX,1,16.4,29.5,59.2,31.0,1,2013
Blake Bortles,8638,QB,JAX,14,62.0,46.7,45.4,65.6,550,2014
Chad Henne,4371,QB,JAX,3,85.0,46.8,46.6,59.8,97,2014
Cecil Shorts,6266,WR,JAX,2,25.5,62.4,62.6,,2,2014
Denard Robinson,7917,HB,JAX,1,56.8,55.9,60.0,55.5,1,2014
Bryan Anger,7072,P,JAX,1,60.4,60.8,60.3,,1,2014
Blake Bortles,8638,QB,JAX,16,54.0,65.2,62.8,75.5,685,2015
Bryan Walters,6139,WR,JAX,1,82.9,75.2,52.2,,1,2015
Blake Bortles,8638,QB,JAX,16,56.4,56.9,55.4,64.7,698,2016
Marqise Lee,8674,WR,JAX,1,85.8,71.9,69.5,56.9,1,2016
Blake Bortles,8638,QB,JAX,19,36.9,69.4,66.7,71.2,671,2017
Chad Henne,4371,QB,JAX,1,71.0,45.0,40.6,61.3,2,2017
Marqise Lee,8674,WR,JAX,1,83.6,76.0,59.7,69.1,1,2017
Brad Nortman,7192,P,JAX,1,63.6,70.1,67.5,,1,2017
Blake Bortles,8638,QB,JAX,13,40.4,64.1,64.7,54.6,476,2018
Cody Kessler,10727,QB,JAX,5,23.6,55.7,52.1,70.0,169,2018
Dede Westbrook,11865,WR,JAX,1,43.8,71.3,60.0,84.9,1,2018
Logan Cooke,29214,P,JAX,1,60.4,61.5,60.4,,1,2018
Gardner Minshew,41401,QB,JAX,14,29.3,70.5,70.2,58.5,556,2019
Nick Foles,7089,QB,JAX,4,39.0,65.7,64.8,60.0,128,2019
Logan Cooke,29214,P,JAX,3,17.3,48.1,52.1,,3,2019
Gardner Minshew,41401,QB,JAX,9,52.6,67.8,66.0,67.7,378,2020
Mike Glennon,7854,QB,JAX,5,71.6,67.5,69.4,36.3,192,2020
Jake Luton,17287,QB,JAX,3,59.9,39.8,37.7,70.8,118,2020
Trevor Lawrence,77632,QB,JAX,17,61.7,59.6,58.3,63.6,668,2021
C.J. Beathard,11859,QB,JAX,1,67.4,95.0,95.4,60.0,2,2021
Trevor Lawrence,77632,QB,JAX,19,46.0,78.6,74.1,83.9,733,2022
C.J. Beathard,11859,QB,JAX,2,74.4,57.6,56.3,61.0,12,2022
Christian Kirk,47546,WR,JAX,1,85.2,72.9,60.3,51.9,1,2022
Trevor Lawrence,77632,QB,JAX,16,36.5,79.7,78.6,69.9,645,2023
C.J. Beathard,11859,QB,JAX,5,45.5,71.5,74.6,46.9,63,2023
Christian Kirk,47546,WR,JAX,2,26.7,71.1,52.1,63.3,2,2023
Logan Cooke,29214,P,JAX,1,60.4,70.3,66.9,,1,2023
Trevor Lawrence,77632,QB,JAX,9,69.9,80.3,76.9,77.8,306,2024
Mac Jones,60323,QB,JAX,3,28.8,40.9,39.3,62.0,38,2024
Damon Huard,215,QB,KC,10,34.6,70.4,72.4,37.1,262,2006
Trent Green,58,QB,KC,9,49.8,43.7,44.0,48.0,261,2006
Brodie Croyle,3030,QB,KC,1,72.5,34.5,38.3,49.6,8,2006
Larry Johnson,1343,HB,KC,1,86.3,57.0,58.7,57.6,1,2006
Damon Huard,215,QB,KC,11,88.3,68.0,68.6,38.5,371,2007
Brodie Croyle,3030,QB,KC,9,28.5,50.7,52.5,49.7,246,2007
Tyler Thigpen,3833,QB,KC,1,70.3,45.9,47.1,,7,2007
Larry Johnson,1343,HB,KC,1,81.4,56.9,49.0,59.0,1,2007
Tyler Thigpen,3833,QB,KC,14,84.3,64.9,63.4,61.5,486,2008
Damon Huard,215,QB,KC,5,41.7,64.6,68.4,42.9,91,2008
Brodie Croyle,3030,QB,KC,2,77.6,75.6,76.2,,30,2008
Quinn Gray,1247,QB,KC,1,70.9,68.7,72.4,56.8,9,2008
Mark Bradley,2256,WR,KC,1,76.7,59.2,82.2,,1,2008
Larry Johnson,1343,HB,KC,1,52.4,59.4,68.9,57.2,1,2008
Marques Hagans,3089,QB,KC,1,68.7,73.9,58.6,63.4,2,2008
Matt Cassel,2447,QB,KC,15,66.5,59.8,64.2,30.0,566,2009
Brodie Croyle,3030,QB,KC,3,79.5,72.5,71.2,,42,2009
Tim Castille,3906,FB,KC,1,25.0,41.1,33.4,41.6,1,2009
Matt Gutierrez,3948,QB,KC,1,60.4,61.1,60.4,,1,2009
Matt Cassel,2447,QB,KC,16,82.7,68.1,67.2,62.9,519,2010
Brodie Croyle,3030,QB,KC,2,76.3,56.2,56.0,,23,2010
Tyler Palko,4031,QB,KC,2,72.1,47.4,50.0,54.7,9,2010
Matt Cassel,2447,QB,KC,9,69.5,64.1,63.8,56.4,309,2011
Kyle Orton,2323,QB,KC,9,79.7,62.2,64.0,39.7,265,2011
Tyler Palko,4031,QB,KC,6,65.8,43.6,44.2,53.6,147,2011
Matt Cassel,2447,QB,KC,9,44.8,56.9,59.2,43.1,312,2012
Brady Quinn,3638,QB,KC,10,76.7,50.9,48.5,65.2,230,2012
Peyton Hillis,4541,HB,KC,1,38.2,72.6,54.1,71.5,1,2012
Alex Smith,2218,QB,KC,16,69.5,69.8,71.3,54.6,645,2013
Chase Daniel,5214,QB,KC,3,81.6,61.0,58.8,62.7,45,2013
Alex Smith,2218,QB,KC,15,78.2,72.9,74.4,47.6,546,2014
Chase Daniel,5214,QB,KC,2,78.9,68.1,63.4,73.6,33,2014
Dustin Colquitt,2316,P,KC,1,60.4,61.9,60.5,,1,2014
Alex Smith,2218,QB,KC,18,81.8,69.2,68.1,67.1,656,2015
Chase Daniel,5214,QB,KC,1,70.1,57.4,54.5,61.0,2,2015
Cairo Santos,8932,K,KC,1,60.4,61.3,60.5,,1,2015
Alex Smith,2218,QB,KC,16,56.6,77.4,78.0,55.2,578,2016
Nick Foles,7089,QB,KC,2,82.3,67.2,66.1,61.0,59,2016
Jeremy Maclin,4942,WR,KC,1,79.1,61.8,60.0,59.2,1,2016
Dontari Poe,7017,DI,KC,1,60.4,86.4,71.9,,1,2016
Alex Smith,2218,QB,KC,16,91.3,82.1,81.0,66.9,615,2017
Patrick Mahomes,11765,QB,KC,1,80.0,72.6,76.3,48.7,39,2017
Tyler Bray,8440,QB,KC,1,60.4,24.2,53.8,60.0,1,2017
Travis Kelce,7844,TE,KC,1,83.0,83.3,27.8,58.3,1,2017
Tyreek Hill,10799,WR,KC,1,88.6,79.9,32.6,53.1,1,2017
Patrick Mahomes,11765,QB,KC,18,62.4,92.8,92.2,67.1,722,2018
Chad Henne,4371,QB,KC,1,67.4,53.7,56.1,58.3,3,2018
Patrick Mahomes,11765,QB,KC,17,62.0,90.0,86.0,81.9,659,2019
Matt Moore,4018,QB,KC,4,28.5,63.3,62.6,58.4,100,2019
Dustin Colquitt,2316,P,KC,2,,19.8,26.2,,1,2019
Patrick Mahomes,11765,QB,KC,18,67.3,91.8,90.5,78.0,779,2020
Chad Henne,4371,QB,KC,4,81.7,60.7,59.4,62.0,50,2020
Travis Kelce,7844,TE,KC,2,65.4,93.8,58.8,,2,2020
Sammy Watkins,8639,WR,KC,1,29.5,64.5,60.1,59.2,1,2020
Tommy Townsend,33007,P,KC,1,60.4,70.7,67.2,,1,2020
Patrick Mahomes,11765,QB,KC,20,47.4,80.1,75.7,84.0,880,2021
Chad Henne,4371,QB,KC,1,18.4,30.8,43.1,30.6,17,2021
Travis Kelce,7844,TE,KC,1,62.1,85.0,71.9,60.9,1,2021
Tommy Townsend,33007,P,KC,1,60.4,73.1,68.8,,1,2021
Patrick Mahomes,11765,QB,KC,20,81.0,92.0,90.1,89.7,835,2022
Chad Henne,4371,QB,KC,2,74.4,67.7,62.7,61.6,9,2022
Tommy Townsend,33007,P,KC,1,64.5,26.7,56.7,60.0,1,2022
Patrick Mahomes,11765,QB,KC,20,81.9,90.5,85.8,88.4,846,2023
Blaine Gabbert,6162,QB,KC,2,79.8,60.7,54.6,74.8,40,2023
Kadarius Toney,61245,WR,KC,1,38.3,62.5,55.1,62.3,1,2023
Jerick McKinnon,8731,HB,KC,1,80.9,63.1,60.1,60.6,1,2023
Tommy Townsend,33007,P,KC,1,60.4,74.7,68.8,,1,2023
Patrick Mahomes,11765,QB,KC,9,91.2,83.4,77.6,87.8,359,2024
Case Keenum,7323,QB,LA,10,59.8,58.9,57.9,58.9,354,2016
Jared Goff,10635,QB,LA,7,41.2,42.9,42.9,56.1,234,2016
Sean Mannion,9522,QB,LA,1,17.9,25.0,34.3,41.9,6,2016
Johnny Hekker,7252,P,LA,2,63.6,61.9,61.4,,2,2016
Pharoh Cooper,10751,WR,LA,1,81.9,52.8,39.0,,1,2016
Jared Goff,10635,QB,LA,16,68.4,75.5,74.9,54.1,560,2017
Sean Mannion,9522,QB,LA,3,48.1,54.7,57.7,52.1,40,2017
Johnny Hekker,7252,P,LA,3,65.5,55.1,56.0,,3,2017
Cooper Kupp,11824,WR,LA,1,49.0,78.1,57.4,,1,2017
Jared Goff,10635,QB,LA,19,56.2,84.3,83.6,53.3,729,2018
Johnny Hekker,7252,P,LA,6,68.9,51.1,57.1,55.3,6,2018
Sean Mannion,9522,QB,LA,1,72.8,62.4,62.8,58.5,3,2018
Jared Goff,10635,QB,LA,16,74.4,72.4,72.5,43.7,662,2019
Johnny Hekker,7252,P,LA,3,65.5,50.3,51.9,,3,2019
Blake Bortles,8638,QB,LA,1,67.8,48.5,58.7,52.2,2,2019
Cooper Kupp,11824,WR,LA,1,22.6,74.6,52.2,62.9,1,2019
Jared Goff,10635,QB,LA,17,73.4,71.3,71.6,55.1,651,2020
John Wolford,46454,QB,LA,2,81.5,73.2,67.6,76.9,49,2020
Matthew Stafford,4924,QB,LA,21,85.9,86.1,84.6,73.9,793,2021
John Wolford,46454,QB,LA,2,70.2,40.2,38.6,58.1,5,2021
Cooper Kupp,11824,WR,LA,2,76.3,93.0,66.2,51.3,2,2021
Odell Beckham Jr.,8647,WR,LA,1,81.4,74.8,79.9,61.5,1,2021
Johnny Hekker,7252,P,LA,3,13.5,39.9,46.7,60.0,1,2021
Baker Mayfield,46518,QB,LA,12,54.5,50.6,52.2,44.0,389,2022
Matthew Stafford,4924,QB,LA,9,47.6,67.0,67.6,52.1,338,2022
John Wolford,46454,QB,LA,2,46.7,40.0,40.0,55.4,74,2022
Bryce Perkins,35299,QB,LA,4,82.0,60.0,60.4,63.6,47,2022
Riley Dixon,10862,P,LA,2,63.6,70.5,67.6,,2,2022
Cooper Kupp,11824,WR,LA,1,53.5,86.3,57.4,58.1,1,2022
Matthew Stafford,4924,QB,LA,16,92.1,88.2,86.0,61.3,605,2023
Carson Wentz,10636,QB,LA,1,80.8,80.7,80.2,68.1,30,2023
Matthew Stafford,4924,QB,LA,9,60.8,64.1,64.3,34.1,343,2024
Tutu Atwell,77965,WR,LA,1,76.5,70.2,59.7,51.7,1,2024
Philip Rivers,1725,QB,LAC,16,65.2,80.4,79.9,47.6,596,2017
Kellen Clemens,2994,QB,LAC,2,73.6,54.9,51.8,61.3,8,2017
Philip Rivers,1725,QB,LAC,18,90.9,88.9,87.4,56.7,632,2018
Geno Smith,7820,QB,LAC,3,13.9,20.6,17.2,59.2,6,2018
Philip Rivers,1725,QB,LAC,16,79.2,74.3,73.6,50.2,633,2019
Tyrod Taylor,6332,QB,LAC,2,75.2,66.0,70.1,59.3,6,2019
Justin Herbert,28237,QB,LAC,15,74.2,79.9,78.4,63.8,653,2020
Tyrod Taylor,6332,QB,LAC,2,79.8,59.4,63.1,47.8,34,2020
Keenan Allen,7857,WR,LAC,1,58.1,84.9,48.9,,1,2020
Easton Stick,29466,QB,LAC,1,64.5,54.5,60.1,56.9,1,2020
Justin Herbert,28237,QB,LAC,17,92.6,90.0,85.8,79.1,740,2021
Ty Long,9728,K,LAC,1,60.4,60.0,60.0,,1,2021
Keenan Allen,7857,WR,LAC,2,59.9,77.5,60.1,,1,2021
Justin Herbert,28237,QB,LAC,18,74.0,77.9,76.7,60.2,812,2022
Chase Daniel,5214,QB,LAC,3,73.5,40.7,43.0,55.7,14,2022
Justin Herbert,28237,QB,LAC,13,66.7,85.5,83.1,73.2,520,2023
Easton Stick,29466,QB,LAC,5,29.2,66.8,61.8,79.9,198,2023
Keenan Allen,7857,WR,LAC,2,35.7,86.3,71.4,,2,2023
Justin Herbert,28237,QB,LAC,9,43.1,85.0,84.4,61.4,278,2024
Taylor Heinicke,9896,QB,LAC,1,68.0,66.0,65.2,,5,2024
Derek Carr,8671,QB,LV,16,43.4,84.7,83.9,55.7,566,2020
Marcus Mariota,9435,QB,LV,1,79.1,82.1,77.4,74.1,32,2020
Nathan Peterman,11926,QB,LV,1,70.3,60.2,54.4,63.9,8,2020
Zay Jones,11792,WR,LV,1,73.0,62.9,72.1,,1,2020
Derek Carr,8671,QB,LV,18,57.7,77.6,77.5,54.6,744,2021
Marcus Mariota,9435,QB,LV,2,23.1,58.2,60.7,57.8,2,2021
Derek Carr,8671,QB,LV,15,67.1,66.6,65.4,68.1,544,2022
Jarrett Stidham,13725,QB,LV,3,25.3,62.2,62.8,58.9,101,2022
Mack Hollins,11873,WR,LV,1,80.7,63.8,60.0,77.3,1,2022
Aidan O'Connell,60516,QB,LV,11,72.1,65.9,64.6,61.6,370,2023
Jimmy Garoppolo,8697,QB,LV,7,74.1,65.0,65.0,58.8,191,2023
Brian Hoyer,5277,QB,LV,2,80.6,55.2,54.6,60.5,43,2023
Jakobi Meyers,47468,WR,LV,3,82.1,69.9,80.8,70.0,4,2023
Gardner Minshew,41401,QB,LV,8,46.7,60.2,60.4,53.0,252,2024
Aidan O'Connell,60516,QB,LV,4,84.2,47.7,48.2,,85,2024
Desmond Ridder,55086,QB,LV,1,24.0,49.7,50.9,58.3,21,2024
Joey Harrington,1011,QB,MIA,11,77.2,56.6,57.5,43.1,408,2006
Daunte Culpepper,446,QB,MIA,4,29.5,45.3,48.1,45.9,161,2006
Cleo Lemon,1271,QB,MIA,3,83.3,53.8,53.0,61.8,73,2006
Ronnie Brown,2219,HB,MIA,2,61.4,58.2,52.8,55.4,1,2006
Cleo Lemon,1271,QB,MIA,9,31.6,51.4,51.4,55.6,348,2007
Trent Green,58,QB,MIA,5,88.5,52.0,54.5,42.4,150,2007
John Beck,3656,QB,MIA,5,21.8,29.2,34.4,27.9,120,2007
Chad Pennington,596,QB,MIA,17,72.5,74.4,76.6,33.2,552,2008
Chad Henne,4371,QB,MIA,1,72.8,67.3,66.4,,12,2008
Ronnie Brown,2219,HB,MIA,4,75.8,62.4,57.5,64.1,4,2008
Chad Henne,4371,QB,MIA,14,85.9,70.1,70.9,36.3,484,2009
Chad Pennington,596,QB,MIA,3,50.1,74.1,72.9,58.8,81,2009
Tyler Thigpen,3833,QB,MIA,1,72.6,39.3,42.7,52.3,9,2009
Ronnie Brown,2219,HB,MIA,4,75.6,60.7,73.0,56.2,7,2009
Pat White,4967,QB,MIA,4,34.0,31.0,32.8,39.7,8,2009
Ricky Williams,440,HB,MIA,1,51.2,55.4,34.5,57.6,1,2009
Chad Henne,4371,QB,MIA,15,80.2,68.3,69.7,40.9,540,2010
Tyler Thigpen,3833,QB,MIA,4,84.1,68.7,65.2,71.1,76,2010
Chad Pennington,596,QB,MIA,1,63.6,58.5,58.6,,2,2010
Ronnie Brown,2219,HB,MIA,2,57.0,62.3,52.9,58.1,2,2010
Brandon Marshall,3064,WR,MIA,1,63.4,77.1,60.9,59.8,1,2010
Matt Moore,4018,QB,MIA,13,26.1,71.7,76.1,28.9,394,2011
Chad Henne,4371,QB,MIA,4,87.6,75.1,73.1,66.4,134,2011
J.P. Losman,1743,QB,MIA,1,74.6,51.8,65.2,30.1,16,2011
Ryan Tannehill,7014,QB,MIA,16,71.2,68.4,70.2,42.8,532,2012
Matt Moore,4018,QB,MIA,2,77.1,74.4,82.6,48.7,22,2012
Ryan Tannehill,7014,QB,MIA,16,66.0,80.4,80.7,49.8,661,2013
Matt Moore,4018,QB,MIA,1,68.0,43.3,44.6,,6,2013
Ryan Tannehill,7014,QB,MIA,16,56.7,75.6,76.1,49.6,644,2014
Matt Moore,4018,QB,MIA,1,69.5,55.5,52.7,60.0,4,2014
Mike Wallace,5007,WR,MIA,1,27.4,72.6,53.1,34.0,1,2014
Ryan Tannehill,7014,QB,MIA,16,39.8,67.9,66.7,62.4,637,2015
Matt Moore,4018,QB,MIA,1,68.2,62.8,60.5,60.5,1,2015
Jarvis Landry,8698,WR,MIA,2,90.6,88.0,60.3,84.2,2,2015
Ryan Tannehill,7014,QB,MIA,13,63.0,74.2,73.4,58.8,435,2016
Matt Moore,4018,QB,MIA,5,28.6,59.7,58.8,53.8,130,2016
Jarvis Landry,8698,WR,MIA,1,31.4,84.6,60.0,58.2,1,2016
Jay Cutler,2956,QB,MIA,14,60.2,58.4,58.5,48.1,456,2017
Matt Moore,4018,QB,MIA,4,87.7,53.9,53.9,55.3,142,2017
David Fales,8818,QB,MIA,2,80.7,53.2,56.7,44.7,47,2017
Matt Haack,12212,P,MIA,1,60.4,53.0,55.2,,1,2017
MarQueis Gray,8286,TE,MIA,1,70.9,40.4,59.6,61.7,1,2017
Jarvis Landry,8698,WR,MIA,1,29.0,79.5,55.1,56.6,1,2017
Ryan Tannehill,7014,QB,MIA,11,38.2,45.3,42.4,65.8,318,2018
Brock Osweiler,7059,QB,MIA,7,90.1,52.7,53.4,50.9,200,2018
Albert Wilson,8943,WR,MIA,1,78.8,82.5,71.0,50.4,1,2018
Kenny Stills,7926,WR,MIA,1,79.0,64.4,57.1,,1,2018
Danny Amendola,4717,WR,MIA,1,56.6,66.6,81.0,56.6,1,2018
Ryan Fitzpatrick,2467,QB,MIA,15,48.6,76.5,75.6,60.9,580,2019
Josh Rosen,35460,QB,MIA,5,62.9,46.0,47.1,48.2,128,2019
Albert Wilson,8943,WR,MIA,2,37.9,62.3,50.8,60.9,3,2019
Matt Haack,12212,P,MIA,2,66.1,76.4,64.0,60.0,2,2019
Tua Tagovailoa,60326,QB,MIA,10,83.9,65.4,63.9,65.4,326,2020
Ryan Fitzpatrick,2467,QB,MIA,9,90.9,75.1,70.7,80.0,299,2020
Lynn Bowden,61361,WR,MIA,3,78.8,68.8,55.5,77.9,4,2020
Tua Tagovailoa,60326,QB,MIA,13,30.0,68.3,67.3,60.1,428,2021
Jacoby Brissett,10725,QB,MIA,9,50.4,76.3,74.0,69.3,259,2021
Mike Gesicki,47153,TE,MIA,1,81.8,68.7,51.2,60.0,1,2021
Albert Wilson,8943,WR,MIA,2,77.6,59.3,67.7,66.8,2,2021
Tua Tagovailoa,60326,QB,MIA,13,45.9,81.9,81.4,52.0,432,2022
Skylar Thompson,60417,QB,MIA,8,52.4,55.4,59.1,45.4,167,2022
Teddy Bridgewater,8667,QB,MIA,5,84.3,71.2,72.0,68.8,90,2022
Tua Tagovailoa,60326,QB,MIA,18,56.6,86.9,88.6,29.9,655,2023
Mike White,46453,QB,MIA,4,73.9,52.5,46.2,60.3,6,2023
Tua Tagovailoa,60326,QB,MIA,5,31.0,70.1,67.7,69.0,175,2024
Tyler Huntley,46448,QB,MIA,3,85.1,62.3,57.5,71.6,82,2024
Skylar Thompson,60417,QB,MIA,2,20.3,39.6,41.8,55.3,40,2024
Tim Boyle,21956,QB,MIA,2,77.6,57.5,56.3,62.1,29,2024
Brad Johnson,31,QB,MIN,15,74.6,58.7,59.4,43.3,486,2006
Tarvaris Jackson,3009,QB,MIN,4,56.4,46.0,43.4,63.7,103,2006
Brooks Bollinger,1502,QB,MIN,2,76.6,52.7,52.6,,24,2006
Mewelde Moore,1840,HB,MIN,1,82.6,70.6,72.7,64.3,1,2006
Tarvaris Jackson,3009,QB,MIN,12,72.9,59.3,57.0,67.2,345,2007
Kelly Holcomb,148,QB,MIN,3,85.2,66.0,67.1,59.4,95,2007
Brooks Bollinger,1502,QB,MIN,4,41.7,64.3,68.7,40.1,60,2007
Sidney Rice,3660,WR,MIN,1,77.0,82.5,85.9,,2,2007
Chester Taylor,1182,HB,MIN,1,27.7,70.2,68.9,71.4,1,2007
Mewelde Moore,1840,HB,MIN,1,27.4,60.6,68.9,62.0,1,2007
Gus Frerotte,93,QB,MIN,11,84.2,57.4,60.9,29.3,334,2008
Tarvaris Jackson,3009,QB,MIN,8,64.2,65.9,61.8,75.2,215,2008
Chester Taylor,1182,HB,MIN,1,56.8,68.6,68.2,66.1,1,2008
Sidney Rice,3660,WR,MIN,1,73.9,67.9,53.5,,1,2008
Brett Favre,14,QB,MIN,18,90.8,90.6,90.9,37.2,641,2009
Tarvaris Jackson,3009,QB,MIN,6,80.1,44.2,61.7,33.4,22,2009
Sidney Rice,3660,WR,MIN,1,65.0,89.6,60.0,,1,2009
Brett Favre,14,QB,MIN,13,48.5,59.5,64.1,27.7,383,2010
Joe Webb III,5722,QB,MIN,4,60.2,49.1,46.4,66.1,112,2010
Tarvaris Jackson,3009,QB,MIN,3,46.5,54.3,55.3,51.4,68,2010
Christian Ponder,6164,QB,MIN,11,60.2,51.9,50.0,64.3,342,2011
Donovan McNabb,438,QB,MIN,6,89.9,70.5,69.3,60.1,180,2011
Joe Webb III,5722,QB,MIN,6,53.2,43.9,39.9,70.2,76,2011
Christian Ponder,6164,QB,MIN,16,76.1,57.0,54.8,64.0,555,2012
Joe Webb III,5722,QB,MIN,1,29.1,32.9,27.1,79.2,36,2012
Matt Cassel,2447,QB,MIN,9,56.5,64.0,65.2,45.1,281,2013
Christian Ponder,6164,QB,MIN,9,80.2,56.9,56.7,55.5,291,2013
Josh Freeman,4940,QB,MIN,4,68.7,52.5,53.1,59.9,157,2013
Teddy Bridgewater,8667,QB,MIN,13,89.8,75.6,74.8,63.8,474,2014
Matt Cassel,2447,QB,MIN,3,28.4,48.7,46.7,65.6,81,2014
Christian Ponder,6164,QB,MIN,1,81.2,49.6,48.3,68.4,53,2014
Teddy Bridgewater,8667,QB,MIN,17,70.3,68.9,66.8,64.1,547,2015
Shaun Hill,1255,QB,MIN,2,73.1,43.1,39.9,61.0,8,2015
Sam Bradford,5526,QB,MIN,15,79.8,76.7,75.8,63.0,596,2016
Shaun Hill,1255,QB,MIN,3,79.6,63.3,64.3,53.5,37,2016
Jerick McKinnon,8731,HB,MIN,1,90.5,59.3,37.0,56.5,1,2016
Case Keenum,7323,QB,MIN,17,92.2,81.4,77.3,86.2,615,2017
Sam Bradford,5526,QB,MIN,2,80.7,67.1,65.9,60.0,48,2017
Teddy Bridgewater,8667,QB,MIN,1,69.1,63.8,62.0,60.5,2,2017
Ryan Quigley,7573,P,MIN,1,60.4,60.7,60.3,,1,2017
Kirk Cousins,7102,QB,MIN,16,61.1,79.3,79.2,51.4,669,2018
Kirk Cousins,7102,QB,MIN,17,42.7,84.2,85.4,30.5,549,2019
Sean Mannion,9522,QB,MIN,1,77.2,78.7,80.5,56.1,21,2019
Stefon Diggs,9579,WR,MIN,3,23.9,78.3,48.0,84.1,3,2019
Kirk Cousins,7102,QB,MIN,16,61.2,83.4,80.6,79.2,572,2020
Kirk Cousins,7102,QB,MIN,16,42.4,88.2,86.8,60.0,611,2021
Sean Mannion,9522,QB,MIN,1,79.4,68.9,64.4,74.4,39,2021
Justin Jefferson,61398,WR,MIN,4,60.9,90.1,68.2,58.0,4,2021
Kellen Mond,60556,QB,MIN,1,65.5,21.8,23.4,,3,2021
Kirk Cousins,7102,QB,MIN,18,71.1,79.3,77.7,73.6,740,2022
Nick Mullens,12282,QB,MIN,4,77.3,69.0,69.9,57.1,27,2022
Justin Jefferson,61398,WR,MIN,4,86.0,90.2,62.1,65.2,4,2022
Ryan Wright,77591,P,MIN,2,63.6,60.8,60.4,,2,2022
Joshua Dobbs,11890,QB,MIN,13,49.8,65.9,59.9,82.2,485,2023
Kirk Cousins,7102,QB,MIN,8,46.2,86.1,85.1,64.8,331,2023
Nick Mullens,12282,QB,MIN,5,49.7,57.7,59.5,59.9,165,2023
Jaren Hall,82094,QB,MIN,3,77.2,60.3,64.4,49.7,27,2023
Justin Jefferson,61398,WR,MIN,1,48.1,91.1,49.2,57.2,1,2023
Sam Darnold,29048,QB,MIN,9,48.4,73.9,72.0,71.9,303,2024
Nick Mullens,12282,QB,MIN,1,64.5,77.2,74.8,60.0,1,2024
Justin Jefferson,61398,WR,MIN,2,40.8,85.9,60.3,58.3,2,2024
Tom Brady,698,QB,NE,19,91.2,73.7,76.0,39.0,681,2006
Matt Cassel,2447,QB,NE,4,72.7,52.5,55.4,53.8,11,2006
Vinny Testaverde,2866,QB,NE,1,73.8,58.0,70.2,51.9,3,2006
Tom Brady,698,QB,NE,19,89.9,94.0,94.0,43.8,733,2007
Matt Cassel,2447,QB,NE,3,71.8,46.2,36.2,67.3,8,2007
Matt Gutierrez,3948,QB,NE,2,70.1,55.9,58.4,56.4,2,2007
Matt Cassel,2447,QB,NE,16,64.4,62.5,63.8,48.5,602,2008
Tom Brady,698,QB,NE,1,71.9,50.2,50.6,,11,2008
Kevin O'Connell,4408,QB,NE,2,72.0,44.6,49.2,49.6,7,2008
Kevin Faulk,470,HB,NE,1,88.5,67.4,60.3,64.0,1,2008
Tom Brady,698,QB,NE,17,91.3,76.2,79.2,29.1,632,2009
Brian Hoyer,5277,QB,NE,4,79.8,56.3,60.0,50.6,32,2009
Tom Brady,698,QB,NE,17,87.9,86.6,88.1,35.5,572,2010
Brian Hoyer,5277,QB,NE,3,77.2,60.6,63.6,53.5,16,2010
Tom Brady,698,QB,NE,19,90.7,88.9,90.3,35.4,771,2011
Brian Hoyer,5277,QB,NE,1,69.4,68.5,74.0,56.9,1,2011
Tom Brady,698,QB,NE,18,91.5,90.3,88.6,56.6,765,2012
Ryan Mallett,6226,QB,NE,2,74.0,48.0,47.9,54.6,4,2012
Tom Brady,698,QB,NE,18,67.5,79.0,80.9,28.8,739,2013
Tom Brady,698,QB,NE,19,85.6,85.7,84.2,54.9,753,2014
Jimmy Garoppolo,8697,QB,NE,3,80.2,53.1,51.0,61.8,34,2014
Julian Edelman,5156,WR,NE,1,28.9,78.0,86.8,55.2,1,2014
Tom Brady,698,QB,NE,18,89.8,91.7,90.4,78.0,774,2015
Jimmy Garoppolo,8697,QB,NE,1,72.0,66.9,66.1,61.3,4,2015
Danny Amendola,4717,WR,NE,1,69.1,75.2,68.2,59.5,1,2015
Tom Brady,698,QB,NE,15,90.8,94.9,94.2,58.7,614,2016
Jimmy Garoppolo,8697,QB,NE,6,50.7,73.8,75.8,52.9,69,2016
Jacoby Brissett,10725,QB,NE,3,23.1,51.9,53.1,51.3,68,2016
Julian Edelman,5156,WR,NE,1,40.0,80.3,72.1,45.3,1,2016
Tom Brady,698,QB,NE,19,87.6,94.1,93.3,57.4,767,2017
Brian Hoyer,5277,QB,NE,8,81.4,63.6,65.5,44.6,229,2017
Danny Amendola,4717,WR,NE,2,69.4,77.4,56.1,56.2,2,2017
Tom Brady,698,QB,NE,19,78.9,90.7,88.5,74.7,723,2018
Julian Edelman,5156,WR,NE,2,89.9,82.4,61.6,79.6,2,2018
Brian Hoyer,5277,QB,NE,2,74.4,64.9,55.5,67.3,2,2018
Tom Brady,698,QB,NE,17,82.7,79.0,76.0,73.0,680,2019
Jarrett Stidham,13725,QB,NE,2,70.2,27.2,26.3,60.0,5,2019
Julian Edelman,5156,WR,NE,2,39.6,71.4,71.8,56.1,2,2019
James White,8765,HB,NE,1,88.7,76.5,72.9,66.6,1,2019
Cam Newton,6153,QB,NE,15,76.0,70.9,67.8,66.2,420,2020
Jarrett Stidham,13725,QB,NE,5,81.6,42.6,44.9,49.4,50,2020
Brian Hoyer,5277,QB,NE,1,25.2,58.8,56.3,63.9,27,2020
Julian Edelman,5156,WR,NE,1,75.8,68.8,61.6,62.6,2,2020
Jakobi Meyers,47468,WR,NE,2,46.4,78.6,85.4,60.3,2,2020
Mac Jones,60323,QB,NE,18,77.6,80.0,78.5,72.1,609,2021
Brian Hoyer,5277,QB,NE,3,76.7,83.6,81.9,67.7,11,2021
Jakobi Meyers,47468,WR,NE,1,83.7,74.7,78.1,63.1,2,2021
Kendrick Bourne,12270,WR,NE,1,51.6,77.8,71.0,76.3,1,2021
Mac Jones,60323,QB,NE,14,90.1,67.5,68.7,56.2,496,2022
Bailey Zappe,60396,QB,NE,4,26.1,67.1,74.0,29.9,99,2022
Brian Hoyer,5277,QB,NE,1,69.6,63.7,62.9,,7,2022
Mac Jones,60323,QB,NE,11,53.8,52.2,52.2,61.3,379,2023
Bailey Zappe,60396,QB,NE,10,62.2,52.2,51.1,63.3,247,2023
Jacoby Brissett,10725,QB,NE,6,36.9,59.4,58.8,56.7,186,2024
Drake Maye,143969,QB,NE,6,54.3,66.9,58.5,90.3,188,2024
Drew Brees,802,QB,NO,18,83.7,83.2,86.5,29.9,672,2006
Jamie Martin,63,QB,NO,1,17.2,37.6,40.7,,29,2006
Reggie Bush,2947,HB,NO,1,59.9,66.3,52.5,54.9,1,2006
Joe Horn,199,WR,NO,1,78.2,77.3,48.4,,1,2006
Drew Brees,802,QB,NO,16,88.3,83.9,83.4,49.0,675,2007
Drew Brees,802,QB,NO,16,92.2,81.9,81.7,41.6,653,2008
Lance Moore,2718,WR,NO,1,82.1,76.3,49.1,,1,2008
Drew Brees,802,QB,NO,18,62.9,87.7,87.8,38.8,643,2009
Mark Brunell,51,QB,NO,2,78.3,45.8,47.2,49.6,30,2009
Drew Brees,802,QB,NO,17,83.1,87.1,87.0,36.0,747,2010
Chase Daniel,5214,QB,NO,2,68.0,48.1,53.6,55.3,5,2010
Drew Brees,802,QB,NO,18,91.6,93.2,92.6,57.9,806,2011
Chase Daniel,5214,QB,NO,2,71.0,47.2,53.4,53.2,4,2011
Drew Brees,802,QB,NO,16,88.6,84.7,83.9,41.6,699,2012
Chase Daniel,5214,QB,NO,2,69.8,65.0,58.4,66.0,1,2012
Drew Brees,802,QB,NO,18,72.7,84.1,86.8,37.0,776,2013
Luke McCown,1827,QB,NO,1,68.2,52.6,54.4,56.3,1,2013
Drew Brees,802,QB,NO,16,70.3,89.1,88.4,48.5,702,2014
Drew Brees,802,QB,NO,15,74.4,86.8,84.8,65.7,661,2015
Luke McCown,1827,QB,NO,2,44.4,77.5,79.5,60.0,40,2015
Travaris Cadet,7457,HB,NO,1,79.5,61.1,48.6,55.3,1,2015
Drew Brees,802,QB,NO,16,82.6,83.2,82.5,53.8,704,2016
Willie Snead IV,8999,WR,NO,1,29.5,79.6,72.1,,1,2016
Drew Brees,802,QB,NO,18,89.7,89.2,87.9,56.7,638,2017
Willie Snead IV,8999,WR,NO,1,73.6,60.2,52.2,,1,2017
Drew Brees,802,QB,NO,17,78.9,94.0,93.6,70.3,592,2018
Teddy Bridgewater,8667,QB,NO,2,79.1,58.4,59.4,55.6,28,2018
Taysom Hill,12112,QB,NO,9,87.4,67.2,57.9,74.1,12,2018
Drew Brees,802,QB,NO,12,87.7,90.8,89.7,65.9,427,2019
Teddy Bridgewater,8667,QB,NO,7,77.3,73.4,71.9,67.1,220,2019
Taysom Hill,12112,QB,NO,7,82.8,88.7,88.0,83.5,10,2019
Alvin Kamara,11822,HB,NO,1,60.3,68.9,69.7,67.2,1,2019
Drew Brees,802,QB,NO,14,71.6,71.5,69.5,70.2,478,2020
Taysom Hill,12112,QB,NO,13,20.0,67.7,69.1,73.9,155,2020
Jameis Winston,9434,QB,NO,3,76.6,43.8,46.5,56.6,15,2020
Trevor Siemian,9683,QB,NO,6,70.6,64.4,63.6,62.2,200,2021
Jameis Winston,9434,QB,NO,7,56.9,74.0,66.2,90.0,191,2021
Taysom Hill,12112,QB,NO,11,72.5,75.0,59.6,91.9,160,2021
Ian Book,40216,QB,NO,1,77.8,54.1,53.0,59.9,30,2021
Blake Gillikin,45045,P,NO,1,60.4,47.8,51.7,,1,2021
Andy Dalton,6187,QB,NO,14,67.2,82.1,81.0,64.4,415,2022
Jameis Winston,9434,QB,NO,3,39.6,65.3,66.9,37.5,129,2022
Taysom Hill,12112,TE,NO,12,49.1,75.6,84.7,82.9,21,2022
Derek Carr,8671,QB,NO,17,61.9,77.2,77.0,46.6,588,2023
Jameis Winston,9434,QB,NO,4,81.5,56.3,55.8,61.3,49,2023
Taysom Hill,12112,TE,NO,10,67.7,75.3,51.6,86.1,16,2023
Derek Carr,8671,QB,NO,7,74.3,83.1,84.7,43.5,198,2024
Spencer Rattler,97408,QB,NO,3,24.6,55.9,55.4,58.4,119,2024
Jake Haener,60596,QB,NO,4,79.4,60.8,60.0,61.2,36,2024
Taysom Hill,12112,TE,NO,2,80.0,69.7,55.0,84.5,2,2024
Eli Manning,1722,QB,NYG,17,77.7,60.5,62.3,34.2,582,2006
Eli Manning,1722,QB,NYG,20,59.3,70.8,74.6,29.4,696,2007
Jared Lorenzen,2107,QB,NYG,2,71.4,50.2,54.7,55.3,10,2007
Anthony Wright,577,QB,NYG,2,71.1,45.4,46.1,59.8,7,2007
Eli Manning,1722,QB,NYG,17,76.0,64.3,65.8,39.8,539,2008
David Carr,1009,QB,NYG,2,76.1,89.0,92.8,57.0,16,2008
Eli Manning,1722,QB,NYG,16,61.5,77.2,78.0,33.3,546,2009
David Carr,1009,QB,NYG,6,80.1,54.2,55.0,54.0,39,2009
Eli Manning,1722,QB,NYG,16,79.6,81.1,82.4,39.2,565,2010
Eli Manning,1722,QB,NYG,20,86.3,87.4,90.1,30.7,803,2011
Eli Manning,1722,QB,NYG,16,85.0,78.7,79.3,38.1,564,2012
David Carr,1009,QB,NYG,2,21.2,38.7,35.6,57.9,4,2012
Eli Manning,1722,QB,NYG,16,67.2,68.8,70.6,47.5,596,2013
Curtis Painter,5125,QB,NYG,3,16.8,28.5,39.5,28.3,17,2013
Eli Manning,1722,QB,NYG,16,66.2,70.9,69.6,58.6,635,2014
Ryan Nassib,7892,QB,NYG,1,22.8,42.4,40.9,60.0,7,2014
Odell Beckham Jr.,8647,WR,NYG,2,87.4,90.8,59.2,60.5,2,2014
Eli Manning,1722,QB,NYG,16,52.1,65.7,65.2,60.6,653,2015
Ryan Nassib,7892,QB,NYG,1,68.0,62.9,62.5,,5,2015
Eli Manning,1722,QB,NYG,17,61.9,64.4,63.2,56.4,670,2016
Eli Manning,1722,QB,NYG,15,47.9,68.9,67.8,59.6,607,2017
Geno Smith,7820,QB,NYG,2,29.2,70.9,72.5,58.8,42,2017
Shane Vereen,6208,HB,NYG,1,86.2,57.9,33.1,57.6,1,2017
Eli Manning,1722,QB,NYG,16,55.1,64.3,63.7,59.6,627,2018
Kyle Lauletta,46452,QB,NYG,1,69.2,27.0,26.8,60.0,5,2018
Odell Beckham Jr.,8647,WR,NYG,2,84.7,90.0,83.3,49.8,2,2018
Daniel Jones,39395,QB,NYG,13,27.1,65.5,65.1,59.0,527,2019
Eli Manning,1722,QB,NYG,4,29.0,62.8,63.6,40.7,153,2019
Alex Tanney,7610,QB,NYG,1,60.4,60.7,60.4,,1,2019
Daniel Jones,39395,QB,NYG,14,34.1,78.4,74.4,78.8,516,2020
Colt McCoy,5609,QB,NYG,4,83.7,60.6,62.8,45.6,75,2020
Golden Tate,5585,WR,NYG,2,79.9,66.0,58.8,,2,2020
Riley Dixon,10862,P,NYG,2,63.6,64.3,63.0,,1,2020
Daniel Jones,39395,QB,NYG,11,51.1,71.1,70.6,57.4,407,2021
Mike Glennon,7854,QB,NYG,6,27.2,30.0,31.2,54.5,181,2021
Jake Fromm,60389,QB,NYG,3,45.4,38.5,36.7,61.4,72,2021
Kadarius Toney,61245,WR,NYG,5,79.7,72.8,66.7,48.8,5,2021
Riley Dixon,10862,P,NYG,1,60.4,50.2,53.3,,1,2021
Dante Pettis,48113,WR,NYG,1,74.3,68.3,68.8,,1,2021
Daniel Jones,39395,QB,NYG,18,50.8,75.8,70.0,84.4,650,2022
Davis Webb,11842,QB,NYG,1,80.2,33.8,33.8,64.6,42,2022
Tyrod Taylor,6332,QB,NYG,2,15.1,58.3,52.6,65.5,15,2022
Tyrod Taylor,6332,QB,NYG,10,44.1,71.4,73.4,54.5,224,2023
Tommy DeVito,60545,QB,NYG,9,77.3,62.0,64.4,50.9,237,2023
Daniel Jones,39395,QB,NYG,6,45.3,63.0,54.4,82.2,209,2023
Daniel Jones,39395,QB,NYG,10,80.1,72.0,67.5,79.0,389,2024
Drew Lock,39517,QB,NYG,1,18.1,26.8,24.7,65.9,10,2024
Malik Nabers,146759,WR,NYG,1,81.2,80.9,60.0,50.7,1,2024
Chad Pennington,596,QB,NYJ,17,79.8,59.9,61.0,40.0,584,2006
Patrick Ramsey,1039,QB,NYJ,2,63.6,52.2,52.9,,2,2006
Kellen Clemens,2994,QB,NYJ,2,21.1,28.1,28.3,54.2,7,2006
Chad Pennington,596,QB,NYJ,9,81.2,58.2,63.7,29.3,291,2007
Kellen Clemens,2994,QB,NYJ,10,68.4,52.0,55.5,43.2,290,2007
Brad Smith,3048,WR,NYJ,1,79.9,57.1,48.2,76.3,1,2007
Leon Washington,3062,HB,NYJ,1,64.1,71.1,75.6,72.3,1,2007
Brett Favre,14,QB,NYJ,16,60.1,62.4,64.0,29.3,559,2008
Kellen Clemens,2994,QB,NYJ,1,71.0,46.4,51.7,49.6,5,2008
Brad Smith,3048,WR,NYJ,2,77.2,58.9,52.2,80.9,2,2008
Mark Sanchez,4928,QB,NYJ,18,57.0,54.6,56.6,46.1,475,2009
Kellen Clemens,2994,QB,NYJ,3,79.6,47.3,52.3,44.0,32,2009
Braylon Edwards,2220,WR,NYJ,1,38.7,71.2,55.2,,1,2009
Brad Smith,3048,WR,NYJ,1,78.5,60.9,77.9,70.9,1,2009
Mark Sanchez,4928,QB,NYJ,18,69.8,71.4,72.1,44.0,639,2010
Mark Brunell,51,QB,NYJ,2,73.5,71.9,70.5,,14,2010
Brad Smith,3048,WR,NYJ,3,43.5,57.8,64.0,70.7,3,2010
Kellen Clemens,2994,QB,NYJ,1,67.4,73.8,67.9,65.7,3,2010
Mark Sanchez,4928,QB,NYJ,16,56.2,53.3,56.2,30.0,600,2011
Mark Brunell,51,QB,NYJ,1,65.5,53.6,51.6,,3,2011
Jeremy Kerley,6305,WR,NYJ,1,77.9,69.9,70.0,69.9,1,2011
Mark Sanchez,4928,QB,NYJ,15,26.4,46.0,49.6,26.8,496,2012
Greg McElroy,6360,QB,NYJ,2,80.7,46.0,47.3,51.0,48,2012
Tim Tebow,5550,QB,NYJ,5,80.7,53.4,67.5,55.0,8,2012
Jeremy Kerley,6305,WR,NYJ,1,26.2,67.5,76.2,47.1,1,2012
Geno Smith,7820,QB,NYJ,16,69.7,60.7,60.6,58.8,517,2013
Matt Simms,7423,QB,NYJ,3,79.0,33.7,35.1,50.6,39,2013
Joshua Cribbs,2544,WR,NYJ,2,85.2,66.6,66.7,64.2,3,2013
Josh Bush,7176,S,NYJ,1,60.4,51.8,55.5,,1,2013
Bilal Powell,6278,HB,NYJ,1,79.4,64.5,74.1,64.7,1,2013
Jeremy Kerley,6305,WR,NYJ,1,83.2,73.4,45.7,57.4,1,2013
Geno Smith,7820,QB,NYJ,14,41.2,56.9,60.4,39.2,426,2014
Michael Vick,773,QB,NYJ,8,23.8,35.3,37.1,54.5,153,2014
Matt Simms,7423,QB,NYJ,1,71.1,52.5,55.2,58.2,8,2014
Jeremy Kerley,6305,WR,NYJ,1,85.9,61.7,55.5,74.4,1,2014
Ryan Quigley,7573,P,NYJ,1,60.4,73.7,67.6,,1,2014
Ryan Fitzpatrick,2467,QB,NYJ,16,90.8,63.6,60.8,74.9,615,2015
Geno Smith,7820,QB,NYJ,1,80.3,60.3,58.5,66.4,47,2015
Ryan Fitzpatrick,2467,QB,NYJ,14,71.9,51.9,53.7,43.8,441,2016
Bryce Petty,9536,QB,NYJ,6,66.8,48.2,47.6,56.1,150,2016
Geno Smith,7820,QB,NYJ,2,74.8,65.0,63.7,61.8,19,2016
Josh McCown,1085,QB,NYJ,13,29.1,67.9,65.4,75.0,455,2017
Bryce Petty,9536,QB,NYJ,4,63.4,45.7,42.7,74.5,127,2017
Lachlan Edwards,10869,P,NYJ,1,60.4,60.8,60.3,,1,2017
Sam Darnold,29048,QB,NYJ,13,71.5,64.7,62.9,62.7,460,2018
Josh McCown,1085,QB,NYJ,4,86.6,47.0,45.5,65.9,122,2018
Sam Darnold,29048,QB,NYJ,13,32.4,63.6,64.3,44.0,485,2019
Luke Falk,46586,QB,NYJ,3,28.7,42.2,44.1,,90,2019
Trevor Siemian,9683,QB,NYJ,1,71.9,42.8,47.7,,8,2019
Bilal Powell,6278,HB,NYJ,1,84.4,54.8,68.8,60.9,1,2019
Sam Darnold,29048,QB,NYJ,12,77.9,58.4,52.7,87.7,425,2020
Joe Flacco,4332,QB,NYJ,5,66.6,55.8,55.9,57.8,146,2020
Jamison Crowder,9538,WR,NYJ,1,80.8,75.3,71.0,63.1,1,2020
Zach Wilson,82096,QB,NYJ,13,69.3,59.3,54.8,86.8,444,2021
Mike White,46453,QB,NYJ,4,88.1,53.6,51.4,71.1,137,2021
Joe Flacco,4332,QB,NYJ,2,29.7,62.1,62.5,62.7,46,2021
Keelan Cole Sr.,51593,WR,NYJ,1,79.3,61.3,50.1,,1,2021
Zach Wilson,82096,QB,NYJ,9,80.6,46.6,43.3,65.5,279,2022
Joe Flacco,4332,QB,NYJ,5,28.2,53.3,52.8,61.5,202,2022
Mike White,46453,QB,NYJ,4,71.6,61.3,59.6,69.2,186,2022
Chris Streveler,46440,QB,NYJ,1,25.2,41.0,41.9,52.0,19,2022
Braden Mann,44664,P,NYJ,2,13.6,54.0,56.0,,2,2022
Braxton Berrios,47961,WR,NYJ,1,70.3,62.8,70.8,72.6,1,2022
Garrett Wilson,97405,WR,NYJ,1,28.2,82.7,60.0,31.2,1,2022
Zach Wilson,82096,QB,NYJ,12,30.8,58.2,57.2,60.9,439,2023
Trevor Siemian,9683,QB,NYJ,5,31.5,34.9,37.4,49.4,167,2023
Tim Boyle,21956,QB,NYJ,3,84.4,64.1,61.2,73.5,86,2023
Brett Rypien,46487,QB,NYJ,2,22.4,48.1,48.0,70.7,44,2023
Aaron Rodgers,2241,QB,NYJ,1,65.5,39.4,41.1,,2,2023
Garrett Wilson,97405,WR,NYJ,1,32.1,72.9,53.5,62.0,1,2023
Thomas Morstead,5088,P,NYJ,1,60.4,69.8,67.2,,1,2023
Aaron Rodgers,2241,QB,NYJ,10,85.4,78.6,77.2,69.3,382,2024
Tyrod Taylor,6332,QB,NYJ,1,71.4,66.1,59.8,65.6,9,2024
Andrew Walter,2286,QB,OAK,12,23.9,48.2,54.2,24.7,327,2006
Aaron Brooks,509,QB,OAK,7,28.9,57.5,62.6,33.1,233,2006
Marques Tuiasosopo,826,QB,OAK,2,74.3,47.0,40.4,68.3,16,2006
Ronald Curry,1199,WR,OAK,2,80.9,80.5,39.0,63.4,2,2006
Josh McCown,1085,QB,OAK,9,28.6,48.3,52.3,40.3,220,2007
Daunte Culpepper,446,QB,OAK,7,23.3,59.8,64.2,37.8,214,2007
JaMarcus Russell,3617,QB,OAK,4,35.9,32.3,33.4,55.0,75,2007
Andrew Walter,2286,QB,OAK,1,70.9,48.7,53.4,,8,2007
Ronald Curry,1199,WR,OAK,1,80.5,68.8,60.0,56.7,1,2007
JaMarcus Russell,3617,QB,OAK,15,28.8,53.2,52.5,65.5,410,2008
Andrew Walter,2286,QB,OAK,2,81.3,54.5,55.2,52.9,56,2008
Michael Bush,3716,HB,OAK,3,73.2,57.3,74.0,55.4,2,2008
Marques Tuiasosopo,826,QB,OAK,1,16.0,28.2,46.4,36.9,4,2008
JaMarcus Russell,3617,QB,OAK,12,33.5,43.6,44.1,45.0,286,2009
Bruce Gradkowski,3139,QB,OAK,7,33.7,70.3,70.9,55.9,172,2009
Charlie Frye,2284,QB,OAK,3,85.3,63.0,62.6,62.5,95,2009
J.P. Losman,1743,QB,OAK,1,60.4,59.9,60.0,,1,2009
Michael Bush,3716,HB,OAK,1,54.1,56.6,49.9,56.3,1,2009
Jason Campbell,2242,QB,OAK,13,39.4,67.2,68.2,49.6,387,2010
Bruce Gradkowski,3139,QB,OAK,6,45.4,57.2,59.4,48.3,172,2010
Kyle Boller,1335,QB,OAK,3,72.8,35.3,35.4,49.3,7,2010
Darren McFadden,4318,HB,OAK,1,53.3,69.2,39.8,64.4,1,2010
Carson Palmer,1317,QB,OAK,10,88.1,66.3,67.6,30.0,350,2011
Jason Campbell,2242,QB,OAK,6,59.5,71.7,75.3,35.5,178,2011
Kyle Boller,1335,QB,OAK,2,29.2,35.4,38.1,45.1,36,2011
Carson Palmer,1317,QB,OAK,15,70.3,65.7,66.4,40.8,595,2012
Matt Leinart,2955,QB,OAK,2,78.3,55.6,55.4,,34,2012
Terrelle Pryor Sr.,6944,QB,OAK,3,30.6,56.5,61.1,41.2,36,2012
Terrelle Pryor Sr.,6944,QB,OAK,11,46.1,53.9,49.4,71.7,337,2013
Matt McGloin,8374,QB,OAK,7,34.0,59.8,62.9,30.3,220,2013
Marcel Reece,4702,FB,OAK,1,84.5,66.7,67.9,68.8,1,2013
Darren McFadden,4318,HB,OAK,1,75.6,57.8,80.9,60.4,1,2013
Derek Carr,8671,QB,OAK,16,45.5,50.3,54.4,27.4,635,2014
Matt McGloin,8374,QB,OAK,1,75.8,52.2,53.6,57.1,20,2014
Matt Schaub,1811,QB,OAK,2,11.8,24.4,25.3,,13,2014
Darren McFadden,4318,HB,OAK,1,78.0,60.2,60.0,56.1,1,2014
Derek Carr,8671,QB,OAK,16,51.5,76.0,77.3,43.2,621,2015
Matt McGloin,8374,QB,OAK,2,27.1,42.9,43.8,,34,2015
Derek Carr,8671,QB,OAK,15,73.7,85.3,87.2,33.4,593,2016
Connor Cook,10734,QB,OAK,2,45.9,54.4,54.2,,71,2016
Matt McGloin,8374,QB,OAK,3,75.4,45.5,47.5,60.5,15,2016
Derek Carr,8671,QB,OAK,15,39.1,68.9,69.9,29.6,544,2017
E.J. Manuel,7797,QB,OAK,2,80.5,67.4,68.0,60.8,48,2017
Derek Carr,8671,QB,OAK,16,46.7,73.2,71.9,64.6,612,2018
A.J. McCarron,8799,QB,OAK,1,18.7,37.2,54.2,40.9,4,2018
Derek Carr,8671,QB,OAK,16,68.0,79.9,81.2,40.2,556,2019
Mike Glennon,7854,QB,OAK,2,8.6,30.7,52.6,29.0,10,2019
Donovan McNabb,438,QB,PHI,10,84.3,71.0,69.4,67.5,358,2006
Jeff Garcia,550,QB,PHI,10,44.4,55.7,58.2,46.3,277,2006
A.J. Feeley,893,QB,PHI,2,79.5,64.3,66.7,55.7,40,2006
Hank Baskett,3220,WR,PHI,1,75.6,59.0,38.6,,1,2006
Donovan McNabb,438,QB,PHI,14,69.6,66.1,67.9,48.3,546,2007
A.J. Feeley,893,QB,PHI,3,67.1,41.2,42.2,50.4,111,2007
Greg Lewis,1650,WR,PHI,1,72.7,67.6,54.7,,1,2007
Donovan McNabb,438,QB,PHI,19,70.6,74.0,73.9,57.7,747,2008
Kevin Kolb,3652,QB,PHI,4,81.0,33.8,41.0,35.9,36,2008
DeSean Jackson,4363,WR,PHI,1,83.8,71.0,35.3,66.2,1,2008
Donovan McNabb,438,QB,PHI,15,62.2,71.1,71.5,52.4,537,2009
Kevin Kolb,3652,QB,PHI,3,65.2,53.2,54.8,45.0,101,2009
Michael Vick,773,QB,PHI,9,46.2,59.5,72.5,49.7,17,2009
Brian Westbrook,1094,HB,PHI,1,85.5,60.9,57.2,60.4,1,2009
Michael Vick,773,QB,PHI,13,53.1,79.9,74.3,84.2,508,2010
Kevin Kolb,3652,QB,PHI,6,48.3,53.9,52.1,64.7,211,2010
Michael Vick,773,QB,PHI,13,30.2,79.4,79.6,66.0,498,2011
Vince Young,2948,QB,PHI,5,56.0,51.0,51.1,53.3,135,2011
Mike Kafka,5645,QB,PHI,2,75.6,67.8,69.3,55.6,18,2011
Michael Vick,773,QB,PHI,10,29.7,57.8,59.9,46.7,418,2012
Nick Foles,7089,QB,PHI,7,29.8,56.5,57.6,48.9,292,2012
Trent Edwards,3708,QB,PHI,1,63.6,61.4,60.8,,2,2012
Nick Foles,7089,QB,PHI,14,78.0,78.1,83.7,39.5,397,2013
Michael Vick,773,QB,PHI,6,29.1,61.2,58.4,67.6,171,2013
Matt Barkley,7880,QB,PHI,3,24.4,25.9,26.7,58.4,52,2013
Brad Smith,3048,WR,PHI,1,23.6,48.3,48.6,31.8,1,2013
Nick Foles,7089,QB,PHI,8,60.5,64.7,65.2,44.9,330,2014
Mark Sanchez,4928,QB,PHI,9,54.3,58.9,60.5,42.9,343,2014
Matt Barkley,7880,QB,PHI,1,68.2,46.7,45.7,60.5,1,2014
Sam Bradford,5526,QB,PHI,14,66.3,75.9,75.8,47.1,570,2015
Mark Sanchez,4928,QB,PHI,3,65.9,69.9,68.8,60.9,102,2015
Carson Wentz,10636,QB,PHI,16,50.3,69.9,68.3,66.3,662,2016
Chase Daniel,5214,QB,PHI,1,60.4,76.2,60.7,,1,2016
Carson Wentz,10636,QB,PHI,13,35.3,84.9,84.7,60.1,502,2017
Nick Foles,7089,QB,PHI,9,29.7,73.2,73.8,39.6,215,2017
Nate Sudfeld,10821,QB,PHI,1,78.0,62.5,59.9,65.7,27,2017
Trey Burton,9185,TE,PHI,1,76.4,73.4,68.9,,1,2017
Carson Wentz,10636,QB,PHI,11,44.9,79.4,78.5,60.3,448,2018
Nick Foles,7089,QB,PHI,7,53.8,76.6,73.7,73.2,278,2018
Nate Sudfeld,10821,QB,PHI,2,67.8,49.4,47.5,60.0,2,2018
Nelson Agholor,9453,WR,PHI,1,51.4,64.7,68.5,66.1,1,2018
Carson Wentz,10636,QB,PHI,17,28.6,76.5,75.4,61.0,679,2019
Josh McCown,1085,QB,PHI,2,22.3,57.1,62.3,49.0,37,2019
Jake Elliott,11908,K,PHI,1,60.4,50.1,56.7,,1,2019
Carson Wentz,10636,QB,PHI,12,40.4,65.0,60.0,82.6,509,2020
Jalen Hurts,40291,QB,PHI,10,23.3,56.2,57.5,55.4,185,2020
Nate Sudfeld,10821,QB,PHI,1,73.5,32.8,39.7,46.9,15,2020
Greg Ward,12258,WR,PHI,2,41.3,58.8,68.8,48.6,2,2020
Jalen Hurts,40291,QB,PHI,16,72.2,77.1,69.2,86.9,556,2021
Gardner Minshew,41401,QB,PHI,3,48.4,61.7,59.9,62.2,70,2021
Greg Ward,12258,WR,PHI,2,74.4,54.9,51.4,,2,2021
Jalen Hurts,40291,QB,PHI,18,66.7,88.2,83.8,83.8,637,2022
Gardner Minshew,41401,QB,PHI,4,52.7,56.3,56.5,54.1,84,2022
Jalen Hurts,40291,QB,PHI,18,66.5,86.7,83.9,76.7,661,2023
Marcus Mariota,9435,QB,PHI,2,27.4,66.3,55.6,80.7,29,2023
Kenneth Gainwell,77737,HB,PHI,1,29.3,55.3,69.7,52.4,1,2023
Braden Mann,44664,P,PHI,1,60.4,73.1,68.8,,1,2023
Jalen Hurts,40291,QB,PHI,10,46.6,76.3,66.4,88.8,322,2024
Kenny Pickett,60515,QB,PHI,2,69.5,53.1,44.6,64.5,4,2024
Ben Roethlisberger,1732,QB,PIT,15,77.2,54.5,55.9,40.7,531,2006
Charlie Batch,367,QB,PIT,6,58.0,66.3,73.2,38.7,58,2006
Cedrick Wilson,901,WR,PIT,1,22.7,64.2,72.3,45.2,1,2006
Ben Roethlisberger,1732,QB,PIT,16,33.7,81.9,81.7,51.9,524,2007
Charlie Batch,367,QB,PIT,2,81.0,55.1,57.2,51.1,36,2007
Willie Parker,2142,HB,PIT,1,59.8,53.5,49.1,53.9,1,2007
Ben Roethlisberger,1732,QB,PIT,19,29.6,69.3,73.0,28.8,630,2008
Byron Leftwich,1323,QB,PIT,6,80.6,69.6,74.3,46.4,42,2008
Dennis Dixon,4470,QB,PIT,1,66.7,40.4,60.2,50.7,1,2008
Ben Roethlisberger,1732,QB,PIT,15,80.3,85.2,85.9,40.4,567,2009
Dennis Dixon,4470,QB,PIT,1,78.1,39.3,37.6,58.2,26,2009
Charlie Batch,367,QB,PIT,1,63.6,73.2,71.8,,2,2009
Mewelde Moore,1840,HB,PIT,1,82.5,58.6,55.2,50.5,1,2009
Santonio Holmes,2970,WR,PIT,1,82.7,81.7,53.5,50.4,1,2009
Ben Roethlisberger,1732,QB,PIT,15,41.0,84.6,87.9,40.6,546,2010
Charlie Batch,367,QB,PIT,3,25.6,52.5,57.8,37.0,55,2010
Dennis Dixon,4470,QB,PIT,2,21.9,41.2,49.7,30.0,40,2010
Byron Leftwich,1323,QB,PIT,1,70.9,53.6,53.2,,9,2010
Antwaan Randle El,1069,WR,PIT,3,76.6,62.8,69.9,63.4,2,2010
Ben Roethlisberger,1732,QB,PIT,16,63.8,75.5,75.8,47.2,613,2011
Charlie Batch,367,QB,PIT,3,78.0,67.5,69.3,57.9,26,2011
Emmanuel Sanders,5606,WR,PIT,1,76.3,73.0,77.0,,1,2011
Ben Roethlisberger,1732,QB,PIT,13,66.1,85.5,85.0,55.6,491,2012
Charlie Batch,367,QB,PIT,2,48.5,60.2,59.7,,73,2012
Byron Leftwich,1323,QB,PIT,2,81.5,56.7,53.4,69.5,57,2012
Antonio Brown,5718,WR,PIT,2,27.8,79.6,51.0,57.4,2,2012
Ben Roethlisberger,1732,QB,PIT,16,50.5,83.4,84.0,41.5,639,2013
Antonio Brown,5718,WR,PIT,1,90.0,89.1,67.4,52.1,2,2013
Mat McBriar,1659,P,PIT,1,60.4,73.0,68.7,,1,2013
Ben Roethlisberger,1732,QB,PIT,17,57.5,86.4,86.6,31.4,701,2014
Bruce Gradkowski,3139,QB,PIT,1,68.7,77.1,76.4,60.0,3,2014
Antonio Brown,5718,WR,PIT,2,74.3,91.1,85.2,71.9,2,2014
Brad Wing,8256,P,PIT,1,60.4,56.7,58.0,,1,2014
Robert Golden,7303,S,PIT,1,60.4,73.5,68.7,,1,2014
Ben Roethlisberger,1732,QB,PIT,14,91.1,90.5,89.6,52.1,567,2015
Michael Vick,773,QB,PIT,4,64.3,39.4,32.5,68.9,87,2015
Landry Jones,7897,QB,PIT,6,82.8,36.6,36.5,61.3,63,2015
Ben Roethlisberger,1732,QB,PIT,17,65.4,80.3,79.3,50.5,630,2016
Landry Jones,7897,QB,PIT,4,85.2,54.9,54.0,61.6,90,2016
Le'Veon Bell,7829,HB,PIT,1,65.3,78.2,60.0,80.1,1,2016
Ben Roethlisberger,1732,QB,PIT,16,80.9,86.5,84.5,61.5,654,2017
Landry Jones,7897,QB,PIT,2,28.9,49.4,47.6,62.1,31,2017
Robert Golden,7303,S,PIT,1,65.1,76.6,77.6,,1,2017
Ben Roethlisberger,1732,QB,PIT,16,73.8,78.2,75.2,78.4,713,2018
Joshua Dobbs,11890,QB,PIT,3,74.2,66.7,59.1,72.6,14,2018
Chris Boswell,8990,K,PIT,1,60.4,82.8,71.3,,1,2018
Antonio Brown,5718,WR,PIT,1,84.1,79.3,48.9,,1,2018
Mason Rudolph,46569,QB,PIT,10,49.3,53.5,53.5,57.5,308,2019
Devlin Hodges,29838,QB,PIT,8,26.2,45.8,49.4,41.5,183,2019
Ben Roethlisberger,1732,QB,PIT,2,45.0,49.0,49.5,58.3,65,2019
Jaylen Samuels,47297,HB,PIT,2,65.2,54.4,47.3,56.1,5,2019
Ben Roethlisberger,1732,QB,PIT,16,82.7,69.0,68.3,50.5,694,2020
Mason Rudolph,46569,QB,PIT,3,81.2,75.4,75.6,55.7,45,2020
Joshua Dobbs,11890,QB,PIT,1,70.2,70.0,61.8,68.7,5,2020
Ben Roethlisberger,1732,QB,PIT,17,28.1,53.0,52.8,52.5,692,2021
Mason Rudolph,46569,QB,PIT,2,82.3,74.2,68.8,81.7,61,2021
Chris Boswell,8990,K,PIT,1,60.4,38.8,49.5,,1,2021
Kenny Pickett,60515,QB,PIT,13,80.5,75.5,73.0,77.5,444,2022
Mitch Trubisky,11757,QB,PIT,7,90.2,76.6,74.0,73.7,195,2022
Najee Harris,57121,HB,PIT,1,76.0,73.5,60.0,75.2,1,2022
Kenny Pickett,60515,QB,PIT,12,91.3,70.6,68.8,66.7,363,2023
Mason Rudolph,46569,QB,PIT,5,40.2,64.8,64.8,58.2,125,2023
Mitch Trubisky,11757,QB,PIT,5,64.6,43.3,44.2,51.0,122,2023
Connor Heyward,57301,TE,PIT,1,76.3,55.5,60.0,59.3,1,2023
Justin Fields,82118,QB,PIT,6,61.7,71.9,67.0,76.7,195,2024
Russell Wilson,7077,QB,PIT,3,58.0,73.6,72.3,61.7,98,2024
Miles Killebrew,10745,S,PIT,1,60.4,73.1,68.8,,1,2024
Kyle Allen,26152,QB,PIT,1,60.4,73.2,71.6,,1,2024
Philip Rivers,1725,QB,SD,17,67.8,72.4,77.5,28.3,537,2006
LaDainian Tomlinson,777,HB,SD,3,83.5,76.4,70.2,75.1,3,2006
Billy Volek,768,QB,SD,1,69.8,45.5,52.5,49.6,3,2006
Philip Rivers,1725,QB,SD,19,49.9,79.5,82.6,29.3,580,2007
Billy Volek,768,QB,SD,5,28.0,26.7,28.5,32.6,16,2007
LaDainian Tomlinson,777,HB,SD,1,90.2,75.0,68.9,71.0,1,2007
Philip Rivers,1725,QB,SD,18,50.3,81.2,83.0,42.3,595,2008
Philip Rivers,1725,QB,SD,17,86.9,90.9,91.5,41.5,565,2009
Billy Volek,768,QB,SD,2,79.7,51.5,59.4,39.1,32,2009
Legedu Naanee,3788,WR,SD,1,76.5,66.2,55.3,58.9,1,2009
LaDainian Tomlinson,777,HB,SD,1,72.3,47.6,68.9,49.4,1,2009
Philip Rivers,1725,QB,SD,16,67.1,91.6,92.8,32.1,591,2010
Patrick Crayton,1932,WR,SD,1,76.5,79.3,54.7,,1,2010
Billy Volek,768,QB,SD,1,71.2,57.9,60.4,56.4,1,2010
Philip Rivers,1725,QB,SD,16,62.8,78.5,79.6,35.3,621,2011
Philip Rivers,1725,QB,SD,16,72.0,64.1,66.3,43.9,587,2012
Danario Alexander,6106,WR,SD,1,77.9,78.9,56.6,,1,2012
Philip Rivers,1725,QB,SD,18,90.9,88.2,90.4,31.2,641,2013
Philip Rivers,1725,QB,SD,16,72.5,77.9,77.5,48.0,627,2014
Kellen Clemens,2994,QB,SD,1,66.9,63.8,62.8,,4,2014
Eric Weddle,3653,S,SD,1,60.4,60.0,60.0,,1,2014
Philip Rivers,1725,QB,SD,16,85.0,69.9,70.6,38.0,711,2015
Kellen Clemens,2994,QB,SD,1,69.9,64.7,63.9,60.0,6,2015
Philip Rivers,1725,QB,SD,16,78.8,70.7,69.4,56.5,622,2016
Kellen Clemens,2994,QB,SD,1,66.7,60.3,59.3,60.0,1,2016
Travis Benjamin,7100,WR,SD,1,36.4,67.2,71.0,51.3,1,2016
Matt Hasselbeck,408,QB,SEA,14,89.7,66.3,65.5,61.9,490,2006
Seneca Wallace,1422,QB,SEA,6,26.1,50.2,51.7,46.7,164,2006
Matt Hasselbeck,408,QB,SEA,18,62.2,71.2,73.6,34.7,681,2007
Seneca Wallace,1422,QB,SEA,4,28.0,48.9,37.7,60.4,33,2007
Charlie Frye,2284,QB,SEA,1,74.2,33.4,34.7,58.3,16,2007
Seneca Wallace,1422,QB,SEA,9,55.1,72.1,71.1,61.0,265,2008
Matt Hasselbeck,408,QB,SEA,7,76.5,64.7,62.3,74.3,239,2008
Charlie Frye,2284,QB,SEA,1,77.4,57.4,54.7,72.3,28,2008
Matt Hasselbeck,408,QB,SEA,14,51.4,60.8,61.4,43.5,538,2009
Seneca Wallace,1422,QB,SEA,9,56.9,52.3,55.4,35.0,134,2009
Matt Hasselbeck,408,QB,SEA,16,79.0,74.1,73.4,55.3,566,2010
Charlie Whitehurst,3026,QB,SEA,5,87.0,56.3,59.2,47.0,114,2010
Michael Robinson,3045,FB,SEA,1,76.9,65.0,81.6,55.7,1,2010
Tarvaris Jackson,3009,QB,SEA,15,82.5,68.8,71.4,34.6,512,2011
Charlie Whitehurst,3026,QB,SEA,3,82.5,49.6,50.9,57.8,67,2011
Marshawn Lynch,3628,HB,SEA,1,66.7,76.4,52.6,78.3,2,2011
Sidney Rice,3660,WR,SEA,1,28.5,68.1,82.0,29.4,1,2011
Russell Wilson,7077,QB,SEA,18,71.4,90.6,88.5,80.2,553,2012
Matt Flynn,4523,QB,SEA,1,73.8,74.2,76.6,56.9,9,2012
Sidney Rice,3660,WR,SEA,3,80.6,81.6,55.3,67.0,2,2012
Golden Tate,5585,WR,SEA,1,80.7,82.8,82.0,63.9,1,2012
Russell Wilson,7077,QB,SEA,19,50.1,83.8,82.6,72.6,583,2013
Tarvaris Jackson,3009,QB,SEA,4,75.0,86.2,87.3,61.2,14,2013
Russell Wilson,7077,QB,SEA,19,32.6,74.5,72.6,68.9,634,2014
Tarvaris Jackson,3009,QB,SEA,1,60.4,61.0,60.5,,1,2014
Jon Ryan,3493,P,SEA,1,60.4,91.4,78.8,,1,2014
Jermaine Kearse,7428,WR,SEA,1,82.4,67.4,68.5,69.1,1,2014
Russell Wilson,7077,QB,SEA,18,62.7,81.7,80.3,72.9,672,2015
Tarvaris Jackson,3009,QB,SEA,3,74.7,54.3,50.1,62.1,7,2015
Russell Wilson,7077,QB,SEA,18,78.8,83.8,83.3,58.4,701,2016
Trevone Boykin,11279,QB,SEA,4,24.4,61.9,64.7,53.7,19,2016
Doug Baldwin,6615,WR,SEA,1,60.1,86.1,68.8,,1,2016
Jon Ryan,3493,P,SEA,1,13.3,49.5,60.0,64.6,1,2016
Tanner McEvoy,11288,WR,SEA,1,71.1,64.9,71.0,,1,2016
Russell Wilson,7077,QB,SEA,16,50.0,78.8,75.3,75.2,655,2017
Tanner McEvoy,11288,WR,SEA,1,16.8,47.9,33.8,,1,2017
Jon Ryan,3493,P,SEA,1,60.4,61.3,60.4,,1,2017
Russell Wilson,7077,QB,SEA,17,47.8,89.1,86.3,74.1,538,2018
Russell Wilson,7077,QB,SEA,18,76.4,91.9,91.4,70.7,690,2019
Josh Gordon,7618,WR,SEA,1,76.4,63.7,33.8,59.2,1,2019
Russell Wilson,7077,QB,SEA,17,83.1,90.5,88.7,77.4,696,2020
Geno Smith,7820,QB,SEA,1,70.8,62.2,67.4,53.9,6,2020
Russell Wilson,7077,QB,SEA,14,70.8,73.9,70.7,76.1,460,2021
Geno Smith,7820,QB,SEA,4,60.5,73.9,71.4,78.4,112,2021
Jacob Eason,46444,QB,SEA,1,68.0,29.6,31.5,,5,2021
Geno Smith,7820,QB,SEA,18,76.4,79.3,75.4,83.8,693,2022
DeeJay Dallas,55632,HB,SEA,1,89.2,64.9,22.2,70.0,1,2022
Geno Smith,7820,QB,SEA,15,68.8,82.9,82.1,62.8,553,2023
Drew Lock,39517,QB,SEA,4,52.5,61.3,62.2,56.4,85,2023
Geno Smith,7820,QB,SEA,9,70.4,80.2,79.9,62.3,386,2024
Jaxon Smith-Njigba,129758,WR,SEA,1,39.9,72.6,59.7,,1,2024
Alex Smith,2218,QB,SF,16,56.6,49.5,53.1,37.2,502,2006
Arnaz Battle,1499,WR,SF,1,45.8,76.1,59.7,62.2,1,2006
Trent Dilfer,72,QB,SF,7,62.9,57.6,58.6,47.9,250,2007
Alex Smith,2218,QB,SF,7,68.0,52.0,51.5,64.4,219,2007
Shaun Hill,1255,QB,SF,3,55.0,52.2,55.8,44.0,89,2007
Chris Weinke,861,QB,SF,1,76.8,34.0,34.1,,27,2007
Shaun Hill,1255,QB,SF,9,38.9,69.7,68.7,58.5,325,2008
J.T. O'Sullivan,1169,QB,SF,9,40.7,58.3,57.9,58.6,273,2008
Isaac Bruce,80,WR,SF,1,80.8,68.0,58.7,50.7,1,2008
Alex Smith,2218,QB,SF,11,76.7,70.3,72.6,46.5,405,2009
Shaun Hill,1255,QB,SF,6,70.9,66.9,65.4,76.5,179,2009
Alex Smith,2218,QB,SF,11,67.4,60.9,62.4,52.9,375,2010
Troy Smith,3790,QB,SF,6,28.4,71.2,76.1,37.7,178,2010
David Carr,1009,QB,SF,1,73.2,28.5,28.8,,14,2010
Alex Smith,2218,QB,SF,18,45.6,78.6,80.1,50.6,594,2011
Colin Kaepernick,6188,QB,SF,2,70.2,68.2,69.4,58.4,5,2011
Colin Kaepernick,6188,QB,SF,14,25.9,78.8,82.7,56.3,354,2012
Alex Smith,2218,QB,SF,10,83.5,68.0,67.1,63.8,256,2012
Colin Kaepernick,6188,QB,SF,19,49.4,68.1,68.1,63.4,599,2013
Anquan Boldin,1369,WR,SF,1,83.9,90.5,58.4,62.9,1,2013
Colt McCoy,5609,QB,SF,1,71.2,56.2,60.6,55.0,1,2013
Andy Lee,1906,P,SF,1,60.4,60.8,60.3,,1,2013
Colin Kaepernick,6188,QB,SF,16,53.9,64.5,66.2,56.3,577,2014
Blaine Gabbert,6162,QB,SF,1,70.3,55.0,56.8,58.3,8,2014
Andy Lee,1906,P,SF,1,60.4,20.7,27.0,,1,2014
Anquan Boldin,1369,WR,SF,1,84.7,79.3,52.2,56.9,1,2014
Blaine Gabbert,6162,QB,SF,8,59.2,65.7,61.7,77.9,330,2015
Colin Kaepernick,6188,QB,SF,9,56.6,47.1,49.8,46.7,295,2015
Colin Kaepernick,6188,QB,SF,11,25.3,57.8,53.8,70.1,403,2016
Blaine Gabbert,6162,QB,SF,6,90.2,46.2,45.9,53.2,189,2016
C.J. Beathard,11859,QB,SF,6,64.9,59.5,56.7,71.8,257,2017
Jimmy Garoppolo,8697,QB,SF,6,72.9,86.6,86.8,46.7,190,2017
Nick Mullens,12282,QB,SF,8,69.9,64.6,66.7,37.9,292,2018
C.J. Beathard,11859,QB,SF,6,61.4,64.9,65.5,52.7,198,2018
Jimmy Garoppolo,8697,QB,SF,3,33.3,62.6,60.5,63.2,107,2018
Jimmy Garoppolo,8697,QB,SF,19,57.2,77.3,75.1,68.1,589,2019
Emmanuel Sanders,5606,WR,SF,1,81.7,77.0,71.0,,1,2019
Dante Pettis,48113,WR,SF,1,72.0,56.4,60.0,,1,2019
Nick Mullens,12282,QB,SF,10,61.2,56.9,56.7,55.9,348,2020
Jimmy Garoppolo,8697,QB,SF,6,88.6,67.5,65.4,66.3,155,2020
C.J. Beathard,11859,QB,SF,6,61.8,67.7,64.9,68.5,114,2020
Jimmy Garoppolo,8697,QB,SF,18,57.7,71.2,70.2,62.9,556,2021
Trey Lance,91399,QB,SF,5,87.3,59.9,61.1,56.7,86,2021
Deebo Samuel,48274,WR,SF,2,39.8,90.2,62.3,85.3,2,2021
Jimmy Garoppolo,8697,QB,SF,11,64.7,71.4,69.5,67.4,329,2022
Brock Purdy,77672,QB,SF,10,90.7,77.7,75.1,69.9,259,2022
Trey Lance,91399,QB,SF,2,34.8,53.1,52.4,56.7,38,2022
Josh Johnson,4474,QB,SF,2,23.9,48.1,69.9,38.9,17,2022
Christian McCaffrey,11763,HB,SF,2,89.4,90.4,85.0,82.1,2,2022
Brock Purdy,77672,QB,SF,19,70.5,87.4,81.5,92.0,618,2023
Sam Darnold,29048,QB,SF,6,22.9,66.0,66.5,57.8,55,2023
Jauan Jennings,48027,WR,SF,1,76.8,74.1,60.0,59.7,1,2023
Deebo Samuel,48274,WR,SF,1,64.7,85.4,60.0,68.2,1,2023
Brock Purdy,77672,QB,SF,9,55.1,82.3,76.4,85.5,331,2024
Marc Bulger,684,QB,SL,16,49.9,70.6,71.5,30.0,642,2006
Gus Frerotte,93,QB,SL,1,65.5,72.3,71.1,,3,2006
Isaac Bruce,80,WR,SL,1,81.7,74.0,49.0,,1,2006
Marc Bulger,684,QB,SL,12,50.1,62.2,63.8,28.2,417,2007
Gus Frerotte,93,QB,SL,8,52.6,57.4,61.2,29.0,179,2007
Brock Berlin,2495,QB,SL,1,77.6,56.1,60.3,44.7,28,2007
Steven Jackson,1745,HB,SL,1,39.2,69.4,67.9,71.5,1,2007
Marc Bulger,684,QB,SL,15,68.5,56.1,56.3,39.7,485,2008
Trent Green,58,QB,SL,3,83.8,47.7,49.2,46.4,80,2008
Dane Looker,755,WR,SL,4,19.9,50.3,66.8,,4,2008
Brock Berlin,2495,QB,SL,1,65.5,61.4,60.9,,3,2008
Dante' Hall,677,WR,SL,1,74.3,62.2,58.1,66.1,1,2008
Marc Bulger,684,QB,SL,9,41.7,58.1,62.6,26.6,267,2009
Kyle Boller,1335,QB,SL,7,73.5,51.1,48.7,66.8,201,2009
Keith Null,5120,QB,SL,4,63.9,53.0,54.6,43.0,135,2009
Sam Bradford,5526,QB,SL,16,74.6,65.1,65.7,41.0,640,2010
Sam Bradford,5526,QB,SL,10,48.7,59.6,63.0,28.3,398,2011
A.J. Feeley,893,QB,SL,4,66.7,50.0,50.1,60.4,108,2011
Kellen Clemens,2994,QB,SL,3,57.9,55.1,54.5,57.8,105,2011
Tom Brandstater,5098,QB,SL,1,63.6,48.6,49.7,,2,2011
Jerious Norwood,3024,HB,SL,1,78.5,36.2,38.3,48.4,1,2011
Brandon Lloyd,1436,WR,SL,1,59.4,82.4,59.5,56.8,1,2011
Sam Bradford,5526,QB,SL,16,71.1,70.4,72.1,48.5,605,2012
Kellen Clemens,2994,QB,SL,2,19.2,38.2,59.7,38.0,4,2012
Sam Bradford,5526,QB,SL,7,55.4,72.6,74.7,34.7,284,2013
Kellen Clemens,2994,QB,SL,10,44.9,62.6,66.7,29.5,272,2013
Johnny Hekker,7252,P,SL,1,60.4,44.4,45.5,,1,2013
Tavon Austin,7789,WR,SL,1,44.7,70.0,60.0,90.9,1,2013
Austin Davis,7305,QB,SL,9,74.1,60.2,60.0,55.0,319,2014
Shaun Hill,1255,QB,SL,8,36.1,60.3,61.2,46.2,250,2014
Johnny Hekker,7252,P,SL,2,63.6,71.4,68.3,,2,2014
Nick Foles,7089,QB,SL,11,73.9,58.7,57.8,66.0,357,2015
Case Keenum,7323,QB,SL,5,50.5,69.7,70.3,52.3,133,2015
Sean Mannion,9522,QB,SL,1,69.6,59.7,59.6,,7,2015
Johnny Hekker,7252,P,SL,4,66.9,60.3,60.1,,4,2015
Bruce Gradkowski,3139,QB,TB,13,37.7,48.0,49.6,47.9,385,2006
Chris Simms,1411,QB,TB,3,86.1,32.9,35.0,45.2,112,2006
Tim Rattay,701,QB,TB,4,85.6,72.8,72.5,59.2,107,2006
Jeff Garcia,550,QB,TB,14,57.0,80.7,85.0,37.3,407,2007
Luke McCown,1827,QB,TB,5,54.7,68.1,62.4,82.6,164,2007
Bruce Gradkowski,3139,QB,TB,3,78.5,63.5,66.3,57.7,28,2007
Jeff Garcia,550,QB,TB,12,66.5,79.2,78.8,62.6,425,2008
Brian Griese,379,QB,TB,5,78.2,62.5,63.5,48.7,194,2008
Luke McCown,1827,QB,TB,1,67.4,44.4,53.8,50.3,3,2008
Earnest Graham,1613,HB,TB,1,57.2,60.5,69.0,58.5,1,2008
Josh Freeman,4940,QB,TB,10,42.3,51.9,51.5,54.3,331,2009
Josh Johnson,4474,QB,TB,5,45.6,50.3,49.2,60.6,154,2009
Byron Leftwich,1323,QB,TB,3,86.3,63.9,64.7,47.0,111,2009
Mark Bradley,2256,WR,TB,1,76.2,52.9,72.0,59.8,1,2009
Michael Clayton,1736,WR,TB,1,73.6,53.3,60.0,,1,2009
Micheal Spurlock,3517,WR,TB,1,60.4,48.7,53.2,,1,2009
Josh Freeman,4940,QB,TB,16,69.9,78.3,77.0,67.3,544,2010
Josh Johnson,4474,QB,TB,6,76.3,65.7,67.1,57.6,20,2010
Micheal Spurlock,3517,WR,TB,2,74.5,64.6,53.4,,2,2010
Earnest Graham,1613,FB,TB,1,30.1,55.7,67.9,55.6,1,2010
Josh Freeman,4940,QB,TB,15,58.5,58.8,61.2,47.1,609,2011
Josh Johnson,4474,QB,TB,5,80.8,59.7,60.2,62.6,44,2011
Micheal Spurlock,3517,WR,TB,1,65.7,48.3,59.5,,1,2011
Josh Freeman,4940,QB,TB,16,82.8,61.9,62.5,50.3,603,2012
Dan Orlovsky,2362,QB,TB,1,69.6,57.1,56.9,,7,2012
Mike Williams,5625,WR,TB,1,80.9,78.8,71.4,,1,2012
Mike Glennon,7854,QB,TB,13,71.2,64.2,66.0,42.2,468,2013
Michael Koenen,2682,P,TB,2,63.6,48.2,52.1,,2,2013
Bobby Rainey Jr.,7511,HB,TB,1,77.3,80.5,48.6,79.3,1,2013
Mike James,7970,HB,TB,1,85.1,87.6,68.0,89.7,1,2013
Josh McCown,1085,QB,TB,11,52.7,54.7,52.5,72.1,382,2014
Mike Glennon,7854,QB,TB,6,90.3,66.2,67.6,48.8,225,2014
Bobby Rainey Jr.,7511,HB,TB,1,35.1,57.5,58.4,59.5,1,2014
Jameis Winston,9434,QB,TB,16,62.5,67.1,67.2,53.2,597,2015
Jameis Winston,9434,QB,TB,16,59.3,72.0,72.3,54.2,632,2016
Mike Glennon,7854,QB,TB,1,72.4,74.9,73.7,,11,2016
Josh Huff,8721,WR,TB,1,80.3,63.6,57.4,50.6,1,2016
Jameis Winston,9434,QB,TB,13,28.4,73.7,74.4,58.3,500,2017
Ryan Fitzpatrick,2467,QB,TB,6,90.0,67.9,67.7,62.5,180,2017
Jameis Winston,9434,QB,TB,11,60.2,69.9,68.3,69.2,441,2018
Ryan Fitzpatrick,2467,QB,TB,8,68.0,83.9,82.4,65.4,285,2018
Bryan Anger,7072,P,TB,1,13.3,31.0,53.3,60.0,1,2018
Jameis Winston,9434,QB,TB,16,62.6,68.4,66.7,70.6,705,2019
Ryan Griffin,7983,QB,TB,1,71.3,50.2,47.6,61.0,4,2019
Tom Brady,698,QB,TB,20,90.8,93.3,92.3,67.5,780,2020
Blaine Gabbert,6162,QB,TB,2,77.6,56.8,53.8,63.4,19,2020
Tom Brady,698,QB,TB,19,90.5,91.7,90.5,77.5,849,2021
Blaine Gabbert,6162,QB,TB,5,25.1,70.6,69.6,62.3,12,2021
Leonard Fournette,11759,HB,TB,1,83.0,75.1,60.0,80.0,1,2021
Tom Brady,698,QB,TB,18,75.1,77.5,77.1,44.0,829,2022
Kyle Trask,39987,QB,TB,1,70.9,43.1,44.3,,9,2022
Blaine Gabbert,6162,QB,TB,1,70.3,63.8,63.1,,8,2022
Leonard Fournette,11759,HB,TB,1,90.9,66.4,34.2,67.6,1,2022
Baker Mayfield,46518,QB,TB,19,77.8,77.2,74.8,69.5,728,2023
Chris Godwin,11839,WR,TB,1,83.5,77.5,49.6,70.7,1,2023
Kyle Trask,39987,QB,TB,1,64.5,86.0,82.7,60.0,1,2023
Baker Mayfield,46518,QB,TB,10,44.6,76.7,75.7,65.1,395,2024
Vince Young,2948,QB,TEN,15,28.9,51.5,48.5,64.2,430,2006
Kerry Collins,115,QB,TEN,3,84.7,46.2,46.2,,94,2006
Vince Young,2948,QB,TEN,16,73.7,67.8,69.3,55.1,494,2007
Kerry Collins,115,QB,TEN,6,84.4,79.0,81.3,49.6,87,2007
Kerry Collins,115,QB,TEN,17,90.5,66.3,68.2,37.5,472,2008
Vince Young,2948,QB,TEN,3,25.0,36.5,36.3,56.7,45,2008
Chris Simms,1411,QB,TEN,1,65.5,51.4,51.7,,3,2008
Vince Young,2948,QB,TEN,12,57.6,72.7,71.0,63.0,298,2009
Kerry Collins,115,QB,TEN,7,64.8,60.6,64.1,28.3,224,2009
Chris Johnson,4338,HB,TEN,1,74.9,73.5,60.0,75.5,1,2009
Kerry Collins,115,QB,TEN,10,59.6,67.3,70.0,27.7,292,2010
Vince Young,2948,QB,TEN,9,26.2,67.7,70.3,48.4,182,2010
Rusty Smith,5699,QB,TEN,2,79.6,41.1,41.7,,41,2010
Matt Hasselbeck,408,QB,TEN,16,90.3,69.3,69.1,49.6,544,2011
Jake Locker,6160,QB,TEN,5,83.5,64.6,59.7,77.7,75,2011
Jake Locker,6160,QB,TEN,11,50.1,70.9,68.1,77.4,370,2012
Matt Hasselbeck,408,QB,TEN,8,47.0,64.8,66.1,44.2,241,2012
Rusty Smith,5699,QB,TEN,1,68.9,52.8,53.2,,5,2012
Ryan Fitzpatrick,2467,QB,TEN,11,39.2,68.0,68.5,55.9,399,2013
Jake Locker,6160,QB,TEN,7,47.4,70.2,72.4,50.8,213,2013
Charlie Whitehurst,3026,QB,TEN,7,90.2,68.7,68.9,59.2,216,2014
Zach Mettenberger,8813,QB,TEN,7,90.1,56.7,56.5,61.2,198,2014
Jake Locker,6160,QB,TEN,7,71.1,47.8,46.0,64.8,177,2014
Jordan Palmer,3821,QB,TEN,1,67.4,46.1,46.3,60.0,3,2014
Marcus Mariota,9435,QB,TEN,12,31.3,62.0,61.1,59.3,424,2015
Zach Mettenberger,8813,QB,TEN,7,33.9,38.4,40.7,39.7,181,2015
Alex Tanney,7610,QB,TEN,1,74.2,80.1,78.4,,17,2015
Antonio Andrews,9014,HB,TEN,1,76.1,68.3,74.8,63.8,1,2015
Marcus Mariota,9435,QB,TEN,15,50.1,66.8,67.3,53.5,499,2016
Matt Cassel,2447,QB,TEN,3,81.8,51.0,54.0,49.2,58,2016
DeMarco Murray,6223,HB,TEN,2,69.2,69.5,60.7,64.6,2,2016
Marcus Mariota,9435,QB,TEN,17,87.0,76.2,72.1,79.6,588,2017
Matt Cassel,2447,QB,TEN,2,23.3,42.2,42.3,,50,2017
Eric Decker,5611,WR,TEN,1,80.9,69.4,60.0,,1,2017
Marcus Mariota,9435,QB,TEN,14,48.9,76.8,70.3,83.0,409,2018
Blaine Gabbert,6162,QB,TEN,6,86.4,33.6,35.2,49.8,106,2018
Derrick Henry,10679,HB,TEN,3,82.4,85.3,64.7,86.2,3,2018
Darius Jennings,10038,WR,TEN,1,82.1,55.5,72.9,59.3,1,2018
Kevin Byard,10698,S,TEN,1,60.4,73.1,68.8,,1,2018
Ryan Tannehill,7014,QB,TEN,14,30.0,90.2,87.4,78.8,405,2019
Marcus Mariota,9435,QB,TEN,8,40.9,64.8,64.1,59.9,203,2019
Brett Kern,4580,P,TEN,3,67.4,73.5,68.1,60.0,3,2019
Derrick Henry,10679,HB,TEN,2,58.1,79.2,64.9,79.9,1,2019
Ryan Tannehill,7014,QB,TEN,17,68.8,90.6,86.0,90.9,556,2020
Logan Woodside,46517,QB,TEN,2,72.8,66.4,60.0,66.5,3,2020
Brett Kern,4580,P,TEN,2,60.4,53.8,55.5,,1,2020
Ryan Tannehill,7014,QB,TEN,18,58.5,83.7,81.6,71.1,625,2021
A.J. Brown,48327,WR,TEN,2,81.6,86.3,38.2,64.4,2,2021
Matthias Farley,10953,S,TEN,1,60.4,54.6,56.3,,1,2021
Derrick Henry,10679,HB,TEN,1,84.0,77.3,70.7,74.9,1,2021
Ryan Tannehill,7014,QB,TEN,12,76.1,74.9,71.9,77.2,374,2022
Joshua Dobbs,11890,QB,TEN,2,27.1,62.3,57.7,73.5,77,2022
Malik Willis,60341,QB,TEN,6,25.3,51.9,39.8,75.6,79,2022
Derrick Henry,10679,HB,TEN,2,46.9,85.9,66.1,86.7,2,2022
Will Levis,83542,QB,TEN,9,68.9,63.7,61.6,67.4,292,2023
Ryan Tannehill,7014,QB,TEN,9,70.5,68.7,66.3,69.7,271,2023
Malik Willis,60341,QB,TEN,1,74.5,45.9,48.4,52.2,12,2023
Derrick Henry,10679,HB,TEN,3,91.4,90.1,72.2,86.8,3,2023
DeAndre Hopkins,7808,WR,TEN,2,82.1,81.0,59.6,64.5,2,2023
Will Levis,83542,QB,TEN,6,31.6,50.6,45.3,77.7,185,2024
Mason Rudolph,46569,QB,TEN,4,45.4,59.8,60.3,52.4,142,2024
Mark Brunell,51,QB,WAS,10,71.4,55.5,57.2,40.0,279,2006
Jason Campbell,2242,QB,WAS,7,90.3,46.4,44.4,62.3,228,2006
Antwaan Randle El,1069,WR,WAS,5,43.8,66.9,86.2,63.0,4,2006
Jason Campbell,2242,QB,WAS,13,41.1,72.9,73.4,52.6,460,2007
Todd Collins,131,QB,WAS,5,32.0,72.4,79.4,25.9,167,2007
Antwaan Randle El,1069,WR,WAS,2,81.7,82.6,67.7,48.5,2,2007
Clinton Portis,1058,HB,WAS,2,55.4,58.9,67.0,55.6,3,2007
Jason Campbell,2242,QB,WAS,16,61.1,73.3,71.4,66.6,572,2008
Antwaan Randle El,1069,WR,WAS,4,80.4,63.2,86.0,56.7,4,2008
Jason Campbell,2242,QB,WAS,16,44.1,62.7,64.0,49.8,577,2009
Todd Collins,131,QB,WAS,3,25.2,64.5,66.2,,25,2009
Clinton Portis,1058,HB,WAS,1,71.0,57.9,56.1,57.3,1,2009
Donovan McNabb,438,QB,WAS,13,47.9,65.2,67.0,42.5,524,2010
Rex Grossman,1338,QB,WAS,4,29.8,64.7,67.7,43.7,144,2010
Rex Grossman,1338,QB,WAS,13,64.3,59.1,62.5,38.4,487,2011
John Beck,3656,QB,WAS,4,33.2,53.0,51.0,74.5,156,2011
Brandon Banks,6053,WR,WAS,1,66.2,96.4,87.1,66.6,1,2011
Robert Griffin III,7008,QB,WAS,16,27.5,81.4,85.5,55.6,488,2012
Kirk Cousins,7102,QB,WAS,4,43.0,80.9,78.4,74.3,63,2012
Josh Morgan,4488,WR,WAS,1,39.1,68.2,58.1,80.7,1,2012
Robert Griffin III,7008,QB,WAS,13,76.8,65.9,66.5,58.1,530,2013
Kirk Cousins,7102,QB,WAS,5,88.6,51.4,54.5,42.8,162,2013
Robert Griffin III,7008,QB,WAS,9,25.6,47.6,51.7,38.6,265,2014
Kirk Cousins,7102,QB,WAS,6,75.5,58.1,60.1,45.5,213,2014
Colt McCoy,5609,QB,WAS,5,48.3,61.4,62.6,60.2,150,2014
Pierre Garcon,4519,WR,WAS,1,81.3,70.4,53.9,,1,2014
Kirk Cousins,7102,QB,WAS,17,53.4,70.8,71.1,52.8,626,2015
Colt McCoy,5609,QB,WAS,1,21.7,48.0,49.5,60.5,12,2015
Jamison Crowder,9538,WR,WAS,1,89.4,69.5,60.0,54.8,1,2015
Kirk Cousins,7102,QB,WAS,16,75.2,80.6,80.0,52.3,638,2016
Tress Way,8358,P,WAS,1,60.4,60.2,60.1,,1,2016
Kirk Cousins,7102,QB,WAS,16,52.4,70.0,68.7,65.3,606,2017
Alex Smith,2218,QB,WAS,10,75.6,70.2,69.0,61.6,374,2018
Josh Johnson,4474,QB,WAS,4,39.1,47.6,42.3,68.2,114,2018
Colt McCoy,5609,QB,WAS,3,46.0,60.1,51.2,87.4,67,2018
Mark Sanchez,4928,QB,WAS,2,28.8,41.8,41.7,63.9,43,2018
Tress Way,8358,P,WAS,1,60.4,70.7,67.2,,1,2018
Case Keenum,7323,QB,WAS,9,26.4,55.0,56.1,47.3,266,2019
Dwayne Haskins,41897,QB,WAS,9,90.4,67.9,67.0,62.3,245,2019
Colt McCoy,5609,QB,WAS,1,20.5,44.7,43.1,63.4,35,2019
Steven Sims,48341,WR,WAS,1,35.1,63.6,60.0,68.0,1,2019
Kelvin Harmon,47931,WR,WAS,1,76.7,63.9,56.3,,1,2019
Alex Smith,2218,QB,WAS,8,79.7,66.0,66.9,51.6,277,2020
Dwayne Haskins,41897,QB,WAS,7,65.6,48.4,47.5,59.8,269,2020
Kyle Allen,26152,QB,WAS,4,57.4,68.5,66.7,70.2,98,2020
Taylor Heinicke,9896,QB,WAS,2,83.3,92.3,89.8,84.8,75,2020
Logan Thomas,8755,TE,WAS,1,82.6,65.2,79.9,63.9,1,2020
Isaiah Wright,40113,WR,WAS,1,48.2,57.5,60.0,66.5,1,2020
Taylor Heinicke,9896,QB,WAS,16,61.8,59.4,58.9,59.3,575,2021
Garrett Gilbert,8848,QB,WAS,1,27.2,59.7,57.5,,33,2021
Kyle Allen,26152,QB,WAS,2,24.5,65.9,65.7,66.3,22,2021
Ryan Fitzpatrick,2467,QB,WAS,1,70.3,38.9,42.5,55.7,8,2021
Carson Wentz,10636,QB,WAS,8,70.5,60.6,58.9,62.6,314,2022
Taylor Heinicke,9896,QB,WAS,9,30.0,49.8,48.9,56.1,292,2022
Sam Howell,97599,QB,WAS,1,77.5,68.5,61.5,75.6,25,2022
Sam Howell,97599,QB,WAS,17,81.3,60.2,57.6,71.5,712,2023
Jacoby Brissett,10725,QB,WAS,2,77.4,84.6,79.4,75.0,25,2023
Dyami Brown,77986,WR,WAS,1,72.9,59.0,60.0,56.2,1,2023
Jayden Daniels,97993,QB,WAS,11,67.6,85.8,82.1,77.0,365,2024
Marcus Mariota,9435,QB,WAS,2,80.1,81.2,87.0,53.9,29,2024
