team_name,year,C_grade,CB_grade,DI_grade,ED_grade,G_grade,HB_grade,LB_grade,QB_grade,S_grade,T_grade,TE_grade,WR_grade
ARZ,2006,0.7002741312741312,0.6793201634877384,0.5938505,0.6068090832632465,0.5762276887871853,0.49546739130434786,0.5471779497098647,0.5318389261744966,0.7743400994200498,0.6403311148086522,0.5155693950177935,0.7511108695652173
ARZ,2007,0.6865258855585831,0.7107306686589466,0.6480795706883792,0.7370226712666338,0.643541908713693,0.6047335164835165,0.7339089498189342,0.7691733547351524,0.5554178298063935,0.6870830489192263,0.6020359281437124,0.7551510605276772
ARZ,2008,0.628,0.6642876254180602,0.5934048658764814,0.55113343923749,0.6647491408934709,0.5032053789731051,0.7132883435582823,0.7175807259073843,0.6678519695044473,0.7719907120743035,0.6529479768786127,0.7544570575056012
ARZ,2009,0.685,0.6913203916272789,0.6159948750800769,0.575002502085071,0.6889333917616126,0.6075013774104684,0.6329354197714854,0.7194734576757532,0.5961956444127098,0.6646682734443471,0.7262390243902439,0.7483137931034483
ARZ,2010,0.64,0.603791192103265,0.5827328485614922,0.5066229128014842,0.6486658017644007,0.5781610738255033,0.6953350785340314,0.4856058158319871,0.6443652014652015,0.6343896907216494,0.6271129807692307,0.6414306387225548
ARZ,2011,0.703,0.5787845106934543,0.6419965729952022,0.6311245977011495,0.686210004952947,0.57298224852071,0.622172065628944,0.46819523809523805,0.7252482656095144,0.6629349168646079,0.7208805970149252,0.6917912545549193
ARZ,2012,0.6566891191709846,0.6891169071402147,0.586236261682243,0.6233409995577177,0.6123017356475301,0.6470949367088608,0.669542870677404,0.47293500738552435,0.7536460963066854,0.5699626001780944,0.6508805755395682,0.6219303435114505
ARZ,2013,0.7120000000000001,0.7362038681039949,0.6578578130638759,0.6825700049825612,0.6411359545239224,0.7141670951156812,0.7571001437470053,0.679,0.6722715722604553,0.5748823529411764,0.6261246684350131,0.7664961706783369
ARZ,2014,0.539,0.6381767863133176,0.7076202231991884,0.5894295366795367,0.6151630532971997,0.5750619946091645,0.4607212894560107,0.5618566978193147,0.5573972829688535,0.7705000000000001,0.5710735873850198,0.7181029268292682
ARZ,2015,0.6346590370955012,0.743131119864941,0.6659377682403433,0.6366849137931034,0.6636734059097978,0.5887747747747748,0.6012477650063857,0.8515519765739384,0.6164386770785484,0.7512035208243881,0.6985955204216074,0.8122232965009208
ARZ,2016,0.7051669291338584,0.6806871955462769,0.7218349293205653,0.7631644010195413,0.6211642421398405,0.7599010695187166,0.6446380662020906,0.7153333333333335,0.7432849185946873,0.6625661733615221,0.6201876675603217,0.7470057603686635
ARZ,2017,0.6131388152077808,0.7000704656862746,0.6492438638163103,0.7108577981651376,0.563807279514699,0.5774945945945945,0.5825488521089163,0.563296686746988,0.7933032223983096,0.6199256268593286,0.6299017980636238,0.6558149015932522
ARZ,2018,0.536,0.7050481452249409,0.6168652316331305,0.6557805486284288,0.5748857634902411,0.6339874999999999,0.6157231493367565,0.482246891651865,0.7150106969205834,0.6191030927835052,0.5238057971014493,0.6432167874396135
ARZ,2019,0.5760000000000001,0.5725250965250965,0.6096469256884195,0.7786748920419494,0.6422698961937715,0.71190490797546,0.5201947456213512,0.6458267716535433,0.664283950617284,0.6230489702517163,0.7162802893309221,0.638276508226691
ARZ,2020,0.5319017699115045,0.5706107614852108,0.4898549924736578,0.6383001045660509,0.5873392070484582,0.6322396449704142,0.5206347607052896,0.8127987804878049,0.6912298288508556,0.7782880034647033,0.6188201550387596,0.6900775862068965
ARZ,2021,0.574,0.5779455411844793,0.5835007656967841,0.6655054832076766,0.5519698261725157,0.752053050397878,0.560473500967118,0.7815021337126601,0.6660465949820789,0.6418401947764496,0.6295887353878852,0.7010721175930179
ARZ,2022,0.515137178487919,0.6194814927184467,0.5669259762308998,0.6258022222222221,0.5576838764282692,0.6664122448979592,0.5367263640149937,0.6091713147410358,0.6902576177285319,0.7237343157894737,0.5541685022026431,0.6300658882402002
ARZ,2023,0.6409999999999999,0.549970286885246,0.5004607843137255,0.6561087489779232,0.5805381225209344,0.8107237237237238,0.5062741500269833,0.672160237388724,0.6893363677742376,0.611803886925795,0.6496998892580288,0.6261268533772651
ARZ,2024,0.7407315436241612,0.6004036646307607,0.49583013019218847,0.6680196721311475,0.7001258278145697,0.7800172413793103,0.5811213915618061,0.8240000000000001,0.7045022421524664,0.7002092257001648,0.7168059701492537,0.6747062423500612
ATL,2006,0.8170000000000001,0.6387590004235494,0.7049764767381078,0.6074,0.696365087040619,0.6202020725388601,0.6781253812267027,0.669455223880597,0.6443959125475285,0.7730676982591875,0.6894431137724552,0.5843483768804433
ATL,2007,0.77,0.6019335142469471,0.6620298342541435,0.6590463251670378,0.5773488714425907,0.6037931034482757,0.6643706806282722,0.6252625607779578,0.6711422505307856,0.6964116781157998,0.6751029159519726,0.6646371918542335
ATL,2008,0.7706137992831542,0.6976744712990937,0.5881983805668017,0.6512491319444446,0.7375,0.6829470468431771,0.5998143153526971,0.7879999999999999,0.6020839064649244,0.7564499557130203,0.7483849557522124,0.7582844996729889
ATL,2009,0.7608275261324041,0.6124223399918466,0.6106890380313199,0.6749311827956989,0.7164251968503936,0.5949900249376558,0.6368354430379746,0.6360918032786885,0.6295688388045076,0.7327436199450333,0.779373665480427,0.6732052117263843
ATL,2010,0.7461610239471512,0.7084220532319392,0.5842683937823834,0.7029763011152417,0.787,0.6189192825112109,0.5999390288426434,0.8335762195121952,0.593774843975036,0.7394908485856906,0.7129952830188679,0.7127343316694399
ATL,2011,0.7385541401273887,0.6426210214655811,0.6076494591937069,0.672662817551963,0.6397568493150685,0.6883723150357994,0.6807290104947527,0.779979381443299,0.6071535562882713,0.7095662401981015,0.8367494033412886,0.7008448275862069
ATL,2012,0.7302384937238494,0.732248609748119,0.5896527883880824,0.6930376590330789,0.6518920431827269,0.6907671957671956,0.5849524722115753,0.8809999999999999,0.6775388986013986,0.7669637894736842,0.8475820895522389,0.7918008871365205
ATL,2013,0.6382745098039215,0.7186848439262881,0.607651890482399,0.6234953893442624,0.7552829373650108,0.7139141914191419,0.5689569630531872,0.7628845070422534,0.5466038277511961,0.6249425287356322,0.7312251184834123,0.6722506142506142
ATL,2014,0.600363387978142,0.6555696068012753,0.6508885272579332,0.6107405311275577,0.7267395418326694,0.7403214285714286,0.5315770440251573,0.8487962154294033,0.5754689996196273,0.6530553343949045,0.559894099848714,0.7400552907530982
ATL,2015,0.6111510416666667,0.6546465878764774,0.6798883079847908,0.6455079554494829,0.7525717439293598,0.6094514435695538,0.5560091370558375,0.8055135135135136,0.6190195986934204,0.785120719929763,0.6359926470588235,0.7481477683956573
ATL,2016,0.9079999999999999,0.6896281078251767,0.5951242628475147,0.6666612300373769,0.7774159509202454,0.746158836689038,0.6203323442136498,0.920904422253923,0.7569967880085653,0.7697222446507873,0.671618743343983,0.8417048481619606
ATL,2017,0.915,0.7343666446062209,0.7449806877060763,0.7089440635149764,0.672157487091222,0.6893456221198158,0.7622002427184466,0.883,0.7116620986687549,0.7405618359541012,0.6328590785907858,0.7574202098288239
ATL,2018,0.8,0.6332045454545454,0.7291334586466165,0.5743533568904594,0.6605930401159981,0.6594966666666666,0.589471919895516,0.8384162962962963,0.7208830868761553,0.7283619744058502,0.6488014268727705,0.749560629122273
ATL,2019,0.721,0.5770565875964561,0.7117284056725397,0.6569159335288368,0.5366068752754517,0.5988645161290321,0.6340803489439852,0.7455602649006622,0.5494302915082382,0.6598625103220479,0.7288939566704675,0.746973442288049
ATL,2020,0.6234736842105264,0.5744164133738601,0.6661895314478682,0.5370647332988089,0.6720228136882129,0.562914364640884,0.6385470925470927,0.831,0.6525394366197184,0.6826346564233888,0.5526867749419955,0.762907435508346
ATL,2021,0.7652234848484848,0.6556271186440678,0.5688048494329292,0.5129489082969433,0.6654377682403434,0.6849134615384614,0.4369510288065843,0.7373942766295707,0.5909991663192997,0.6678836104513064,0.7155848303393212,0.6447362560890745
ATL,2022,0.6590284090909091,0.6427401305564191,0.6155467219291635,0.5696736513597859,0.7964528571428571,0.8354625550660792,0.5537209595959596,0.634134693877551,0.6237502374169042,0.8177027540360874,0.6732643051771117,0.720815993121238
ATL,2023,0.7736194225721784,0.635333123623781,0.6622672455378679,0.6605387230827351,0.7258630319148935,0.7409288888888889,0.7259752683154457,0.5178637873754154,0.7153736352608169,0.7237646797153025,0.6302325581395348,0.6529312544294825
ATL,2024,0.635657616892911,0.6604006462035541,0.626024798927614,0.5474797395079595,0.7668738670694863,0.8872040816326531,0.6658278500382556,0.7609131652661063,0.6575690936106984,0.7045509433962265,0.6443027989821883,0.7133004366812227
BLT,2006,0.5479999999999999,0.6894733197556008,0.785098081023454,0.7562036163522012,0.6578735426008969,0.5711576354679803,0.8444613065326633,0.5755193929173693,0.87234496124031,0.7846556710347944,0.7252728310502283,0.7223157894736842
BLT,2007,0.688,0.5811069941715238,0.7397504813246052,0.7899504092441021,0.718706976744186,0.6854848484848486,0.709779652605459,0.5348592233009709,0.6233798805695911,0.8527279411764708,0.6637694566813509,0.7010609318996416
BLT,2008,0.765,0.6885058705132506,0.6929920376402462,0.7465240101095199,0.7223933202357564,0.4621612349914236,0.8158394736842105,0.6527974910394265,0.837081573498965,0.856001127395716,0.7137095238095238,0.7356608391608391
BLT,2009,0.784,0.7379604221635884,0.6878323699421965,0.6948318117977528,0.7591759053954177,0.6890955710955711,0.7707468776019983,0.7804530477759473,0.6952738724095895,0.8033918856615951,0.7939078341013824,0.7069700305810398
BLT,2010,0.81,0.7519594405594406,0.6698125255832992,0.7321462544589773,0.7949472007282659,0.6616799999999999,0.6976117391304346,0.732,0.7539609028617492,0.7510590500641848,0.7092293956043957,0.7149466019417476
BLT,2011,0.76,0.7544211625478594,0.6877536878216124,0.7853264957264956,0.7662521994134898,0.726171052631579,0.7025063559322032,0.6529409090909091,0.7532353902738048,0.7135999185999187,0.7037551440329217,0.6802626959247647
BLT,2012,0.8220000000000001,0.6416933619994625,0.6363005050505052,0.6946092561983471,0.724882815572159,0.7734563492063493,0.6131876081689167,0.7304568733153638,0.6857676056338028,0.7021990816661201,0.7132443243243244,0.759828109696376
BLT,2013,0.6920000000000001,0.7329769905040175,0.6617177352206494,0.7287787021630615,0.7493598014888337,0.600096256684492,0.6661649239543727,0.6733552631578947,0.5714076372315037,0.7693751776409284,0.6203262599469497,0.6763828238719068
BLT,2014,0.7606374896779521,0.5825383046897757,0.6857252985884907,0.7666616303583977,0.8734101102242493,0.6600651685393258,0.7285628840639083,0.762,0.6671637931034482,0.6850764360018091,0.7321467268623024,0.7284559868780754
BLT,2015,0.6933042350907519,0.6209090270460134,0.7133107876712329,0.6240127442650807,0.8262960760998811,0.6069205479452056,0.6546195752539243,0.5917687224669603,0.6340714285714285,0.6045190877540904,0.7065690072639226,0.6932090225563909
BLT,2016,0.732,0.6772229605020302,0.7241453028972784,0.6148830313014827,0.713754836162653,0.7296426116838488,0.6514143384290986,0.6641154381084841,0.8348157894736842,0.7238823244552058,0.6122915326902465,0.6709724172517553
BLT,2017,0.723,0.7014551347662914,0.7382160714285715,0.7014482055464928,0.5514713518352732,0.7459284009546538,0.6802597333333333,0.6817796327212019,0.7243113964686999,0.7054842105263157,0.633075657894737,0.6217816764132553
BLT,2018,0.609,0.6918883116883118,0.7490437105390967,0.6843110328638498,0.6915213793103449,0.6907009803921569,0.6768608360836084,0.6570369799691833,0.7341536972512581,0.6912415791379934,0.697187570621469,0.6437359611231102
BLT,2019,0.6868788300835655,0.7119930535455861,0.6415729957805907,0.6627375122428992,0.7307804878048779,0.7170149253731344,0.6370197784810128,0.8696626506024097,0.6911964125560537,0.7713818589025755,0.7905803278688526,0.6315912508544088
BLT,2020,0.5681835231078365,0.66074207300826,0.6452647179909429,0.6839336617405583,0.5827877869207448,0.7346917293233082,0.45343644716692194,0.7743133802816901,0.6880727348295926,0.7302932780847146,0.747573482428115,0.6766583606557377
BLT,2021,0.7232877358490566,0.5801337365591397,0.6148004366812226,0.695600835073069,0.6913359374999999,0.6639340277777779,0.5545527638190955,0.700103274559194,0.6161740571902196,0.6303513198757764,0.8246222222222223,0.6426827348745696
BLT,2022,0.746,0.6483481983589011,0.6742766547760602,0.6300476821192053,0.6806082474226804,0.6822837837837838,0.6878818080770657,0.72418,0.7337919834139599,0.7294080410607355,0.7414485081809432,0.6271844262295082
BLT,2023,0.7663413654618475,0.6733896508728179,0.6986142958244869,0.7409014205768404,0.6364677804295942,0.7084432548179872,0.7478095919828203,0.8852511013215859,0.7738954621848739,0.717111949186185,0.6997827225130889,0.6811733333333333
BLT,2024,0.861,0.6064710830704522,0.7036463878326996,0.7123052475979305,0.6177404936624415,0.8891376146788991,0.6230911854103343,0.9237801204819277,0.6402617521367522,0.664825479930192,0.7568851485148514,0.7163708920187793
BUF,2006,0.575,0.7553847107438018,0.5486529294935452,0.6194151253596383,0.6200226579520697,0.5440652173913043,0.7648373117884687,0.40399999999999997,0.6663693411026446,0.7548711484593837,0.6418241308793456,0.7171267123287671
BUF,2007,0.612,0.7296069551152446,0.5957982873453853,0.6698737727910239,0.683378835978836,0.7651339950372208,0.5855430413348502,0.5431803278688525,0.5946665234207134,0.7553677317967521,0.6044730878186969,0.6941155934833204
BUF,2008,0.6045800604229608,0.6972935185185186,0.6874310171198389,0.5393028656126483,0.7154106305367379,0.6816373056994818,0.6152394584139265,0.6919001848428836,0.60110086324398,0.6993543307086615,0.6350618066561015,0.6843537146614069
BUF,2009,0.6759999999999999,0.6278514132925898,0.548795918367347,0.5744878479893946,0.6801201621820863,0.6578674033149172,0.6495203583061888,0.6210564202334631,0.7186880733944955,0.6094875466998755,0.648742251223491,0.6732677674084708
BUF,2010,0.613,0.6208005897530409,0.6686003842459173,0.5769623790756002,0.6854957020057306,0.6361503267973856,0.6162245841035119,0.6635602294455067,0.6248324853228963,0.6555833333333333,0.610186301369863,0.6835172236503856
BUF,2011,0.7859999999999999,0.5892295401402962,0.5809890023566379,0.6113754863813229,0.7617830935251799,0.737693641618497,0.7103447619047619,0.6503110047846891,0.6484897881996973,0.6726770120988953,0.7257142857142858,0.6439275998244844
BUF,2012,0.6871964085297418,0.5723529202279202,0.7156048313582498,0.6482565759113983,0.7476021042563367,0.8017371273712739,0.6708206209275585,0.5399124343257443,0.8410766488413548,0.6791900430828147,0.7376755319148937,0.6459621826039976
BUF,2013,0.722,0.7101445783132531,0.7180563569272056,0.7639276116168184,0.6727536732929991,0.7384254278728606,0.7903784562211981,0.5470413223140497,0.7121735424480053,0.7461682403433476,0.6490639777468706,0.6392615986584685
BUF,2014,0.737,0.6914915254237288,0.6714459913586173,0.6943399369653309,0.608460705882353,0.6563416666666666,0.6695118815738217,0.5690792393026942,0.6618648526077098,0.6855361642557163,0.6131460122699387,0.6649646213377557
BUF,2015,0.7170000000000001,0.6538881691101261,0.6815623869801086,0.628246184145741,0.6569733578318787,0.704967213114754,0.4967414318354912,0.7117935943060498,0.6277874125874126,0.64715770609319,0.6887026315789474,0.6811515323496027
BUF,2016,0.6791943212067435,0.6469877537866581,0.6695807504078304,0.6389672531769306,0.7307128618889416,0.7605962566844918,0.6639005449591281,0.7292914485165793,0.6180621379673511,0.6935417638824078,0.6767783857729138,0.6500339195979901
BUF,2017,0.7090000000000001,0.7535034280117532,0.542039467192896,0.6666623548922056,0.6964824295010846,0.6942635467980295,0.5746963258078795,0.7352590163934426,0.8752029636281994,0.6993596145422689,0.6524941634241245,0.6080186183243509
BUF,2018,0.5528389982110913,0.658340576847096,0.6130295031055901,0.7275241596638655,0.6051560018682858,0.6380343839541548,0.7099713709677418,0.5764131534569983,0.7525823559408464,0.6334162291169451,0.5371891891891892,0.6359980353634578
BUF,2019,0.6626150907354345,0.6955520655513828,0.6055973120955699,0.6944021577380953,0.5908873299319727,0.6549387186629526,0.6221273942093541,0.6260324074074074,0.7528803380782917,0.6438016949152543,0.596753807106599,0.7067915730337078
BUF,2020,0.633,0.6652988537117904,0.583536866359447,0.6526715781310585,0.6071321928460343,0.6917798742138365,0.47431257035647284,0.8947186311787072,0.6902808862185504,0.7951368015414257,0.6273454545454544,0.764299891343716
BUF,2021,0.634,0.6401333518159135,0.6145017921146954,0.6595265536723164,0.6103463533719865,0.68513353115727,0.5728079096045198,0.9061980074719801,0.8017219251336899,0.6900616897630756,0.6011776397515527,0.7380328712871286
BUF,2022,0.61,0.6229390208989407,0.6253172323759792,0.7092824092540886,0.52927525883613,0.7560861538461537,0.7423115290269827,0.9121773981603153,0.6062398261556696,0.6334916970433374,0.6134748201438849,0.7278816435908888
BUF,2023,0.6429632746748278,0.7578965604451189,0.5735165709235528,0.6760970088924819,0.5759420654911838,0.712851851851852,0.6963376798561153,0.9209999999999999,0.6494310540234228,0.722468247895945,0.6296816239316239,0.7144660332541568
BUF,2024,0.6989814569536424,0.7093799048751486,0.5623623616236162,0.6995210263720598,0.5842893030794165,0.7341722488038277,0.5689509721048183,0.8015263157894735,0.5879781553398058,0.6822757793764989,0.6361939655172414,0.6570667808219177
CAR,2006,0.6028246656760773,0.7984111111111111,0.7057337662337663,0.6575998094330633,0.723925087108014,0.5379945355191257,0.7072004264392325,0.5651041666666666,0.6783862536302033,0.7557869415807561,0.6473211314475874,0.7537406666666666
CAR,2007,0.6295530434782609,0.7202166336633663,0.7199293424926398,0.6775949786830886,0.7547736434108526,0.5604695431472082,0.6346597791236195,0.5312315978456015,0.6071518105849583,0.8104382685686178,0.5869781976744186,0.6620328418230563
CAR,2008,0.727,0.7781215290299314,0.6196079698438341,0.6092747864834758,0.7973136042402827,0.7572910602910602,0.651574693042292,0.768,0.5804617067833698,0.7790859598853868,0.702846394984326,0.7893148614609571
CAR,2009,0.863,0.6651994370727784,0.5373269230769231,0.6607636441770519,0.7254764277500958,0.6698832271762207,0.6634070895522388,0.5629664694280079,0.6204988201982067,0.7728450092994421,0.7322194092827005,0.7165102685624013
CAR,2010,0.785,0.6276477104874447,0.5582395178197064,0.6811978740801309,0.7087313759859771,0.6069322916666667,0.6965333572453372,0.567424408014572,0.6278683044703987,0.7554135876042908,0.6015136138613861,0.6327660324171952
CAR,2011,0.736,0.655162999185004,0.5230097139773341,0.6797787839586028,0.7410709677419356,0.7470296052631579,0.6023952457695406,0.672,0.5018978743068392,0.7151535044422507,0.7506666666666666,0.7061915422885572
CAR,2012,0.5595278310940499,0.6423174061433448,0.5144242928452579,0.7165738775510204,0.6277625354777673,0.6727873134328358,0.6610622358816749,0.7177692307692308,0.5929006622516556,0.7128645677161419,0.809639566395664,0.706361075544174
CAR,2013,0.7742107208872457,0.716477216531261,0.6953850604944766,0.716049310488926,0.6933983957219252,0.6741818181818181,0.7661590998815634,0.732,0.6806303538175048,0.7615912717034257,0.79,0.7339169329073482
CAR,2014,0.7274053627760252,0.6476103663985702,0.6767823529411765,0.6211695427092322,0.6865226910828024,0.7391531791907514,0.8131792598303778,0.7518981348637015,0.5887105871474804,0.6028540087754288,0.7613542471042472,0.6984755244755244
CAR,2015,0.7492716143840857,0.7135932304038004,0.6864866999168745,0.6258038664323374,0.7885288057993131,0.700822102425876,0.8322044046799725,0.8438416289592761,0.7305288284979802,0.6599094988780851,0.7924138594802694,0.7270988095238095
CAR,2016,0.683384303112314,0.6312854602045352,0.6927387127761768,0.7051594064145525,0.7032539076068081,0.6191189710610933,0.7279802172226532,0.6773993453355156,0.6823249063670411,0.6905899244332494,0.7715005561735262,0.6787454981992798
CAR,2017,0.6337425569176882,0.5883109803921569,0.7112463837994214,0.6680822873082287,0.7252202105263157,0.6325921787709496,0.7306236274138582,0.6839264705882353,0.6493504587155964,0.7055654082528533,0.6084663461538462,0.6164690508940853
CAR,2018,0.6659999999999999,0.6432385747482572,0.7336791556728233,0.6241833493743985,0.6298839701770736,0.7910335820895521,0.7690445360824741,0.6858362480127187,0.5781440080563948,0.6829208699676076,0.5863633952254641,0.674515868746638
CAR,2019,0.634,0.5974988115449914,0.6239941860465117,0.6239533443435178,0.6497670915411355,0.8316718749999998,0.7347563605002156,0.4771218487394958,0.6161419529837251,0.6400700770847934,0.6249556818181818,0.6342704491725768
CAR,2020,0.6339864864864865,0.5951652574942352,0.6016655112651647,0.616806411837238,0.6055453667953669,0.7357212543554007,0.4824762684124387,0.6510967741935484,0.5595767594108019,0.7272760467380719,0.4831101152368758,0.7428222582387898
CAR,2021,0.591566098945661,0.6125841139003372,0.6011903099083369,0.6433496649916247,0.4972533739660427,0.6930371517027865,0.6020735887096774,0.5411104565537556,0.6074866906474821,0.6834963931469793,0.5229372549019609,0.6493084677419355
CAR,2022,0.6236954813359528,0.5914630738522955,0.7057291462217862,0.5891102362204724,0.6243581508515814,0.7348969696969696,0.711246992481203,0.629916083916084,0.5826523098298021,0.668145764316138,0.5181976401179941,0.6751296436694466
CAR,2023,0.622,0.6260794148380355,0.6686682727946627,0.675096976016684,0.4469392757660167,0.711511811023622,0.6947380560131796,0.5830846715328467,0.6640933004521168,0.7099521114497171,0.53156,0.6224960556844549
CAR,2024,0.641717032967033,0.6460195663670015,0.4649803811659193,0.5852507692307692,0.7232795341098169,0.7470049261083744,0.6159064191802011,0.6092962962962962,0.5933076923076923,0.7019595103578155,0.517218045112782,0.6605464566929135
CHI,2006,0.7120000000000001,0.740751081530782,0.6360668604651163,0.5839499263622975,0.6569886939571151,0.5482567324955118,0.8602947783849424,0.4552037914691943,0.7375842266462481,0.6258656080557707,0.7570275229357799,0.711542980828695
CHI,2007,0.736,0.6669867634500427,0.5683648401826483,0.7043654390934844,0.6186847770374168,0.5185305039787798,0.6718766165676338,0.5888596774193549,0.5802097602739726,0.6798752716210343,0.687641866330391,0.6687073619631901
CHI,2008,0.7829999999999999,0.6236676546869211,0.5652460638776428,0.6367542754275427,0.7337309970384995,0.5843385416666665,0.6647924335378321,0.5780053097345133,0.6483640148011101,0.6804914173614518,0.7064735099337749,0.6284593967517401
CHI,2009,0.742,0.6239723981900452,0.5890179245283019,0.5913428812131423,0.7304659373446047,0.46809509202453986,0.6324990859232176,0.6336363636363637,0.5736183115338882,0.6696555666003975,0.6970612244897959,0.70544
CHI,2010,0.6174382284382284,0.7238381855111712,0.5797052284890901,0.7530047801147228,0.676920018492834,0.7109095354523228,0.7281730901582932,0.6394426751592357,0.6271396242527755,0.5766012720156557,0.6729775533108866,0.6796345609065156
CHI,2011,0.58,0.7290925993437843,0.6277140902872776,0.6737031963470319,0.6707537584240539,0.7601897810218978,0.6982773203592816,0.6273861566484518,0.5733550505050505,0.552639375295788,0.784216796875,0.6463528708133972
CHI,2012,0.648,0.7983570889894419,0.6622144082332762,0.7159654605263158,0.6081936325678496,0.676602870813397,0.6531165714285715,0.6941023339317773,0.6429207068418668,0.6681442265795206,0.6190520965692503,0.7373568521031209
CHI,2013,0.758,0.6551073227431228,0.5602081896551724,0.5658339522546418,0.7860871228219294,0.6942897727272729,0.5306759224039558,0.8369714285714286,0.39765275779376497,0.652599227426364,0.7156740547588004,0.8237207943925233
CHI,2014,0.6986534412955465,0.5865853071055801,0.708207329317269,0.6952770424463715,0.7318454718176062,0.6230066225165563,0.5592008384146341,0.6407410714285714,0.684048076923077,0.6537654559505409,0.7473247962747381,0.6685745454545455
CHI,2015,0.5527837837837839,0.6126283412669351,0.5935084886128366,0.7489611307420496,0.7102004024144869,0.6634646226415095,0.5874727735368956,0.7509999999999999,0.6573447789275635,0.7159688768606225,0.7590423076923078,0.6836109090909092
CHI,2016,0.836442546583851,0.5661515262964325,0.6877272367379256,0.6237483841181901,0.776401489117984,0.6899190751445087,0.7249749139203148,0.6907972972972972,0.6615916078105526,0.6745941747572815,0.6317735099337748,0.7151481481481482
CHI,2017,0.6405143090760426,0.7306576011157601,0.7191328330206378,0.6490257234726687,0.6631870187018702,0.6705403225806451,0.7072622359608449,0.6500747663551403,0.7287818949343339,0.7212400000000001,0.607548523206751,0.6510255102040816
CHI,2018,0.75,0.8060257456828884,0.8105252686032629,0.7616175814368585,0.6313933274802458,0.6883979057591623,0.6951752577319588,0.6277274167987321,0.8574217717055972,0.7379507984462667,0.6324171704957678,0.6831109234234235
CHI,2019,0.6990000000000001,0.6297476700034518,0.6467418972332016,0.7181225577264654,0.5696660456450862,0.6530974025974026,0.6420762711864407,0.6465130168453292,0.7089433272394882,0.629908014571949,0.5638382581648522,0.6733832665330661
CHI,2020,0.6926655518394649,0.5754158121071783,0.7155858477011494,0.7443384013900957,0.5938148450244698,0.7729942528735633,0.5476329606222654,0.6476025459688826,0.6600218446601942,0.7283836858006043,0.611547027027027,0.7106560411311054
CHI,2021,0.51,0.587101247771836,0.5465954106280193,0.6653029580152673,0.69,0.7248888888888888,0.40716369359916055,0.6513075757575757,0.6220279779567613,0.658731356301788,0.6399057239057239,0.651359490986214
CHI,2022,0.634,0.5642415611814346,0.44088583410997206,0.48981062670299724,0.683222607833416,0.679449864498645,0.5897455621301775,0.6738919449901769,0.673745883400089,0.6970660421545669,0.659437598736177,0.6239247434435576
CHI,2023,0.5002727272727273,0.7085159342502516,0.5484462171899125,0.560959236136614,0.5608374363327675,0.735601246105919,0.6895686440677966,0.7023782467532468,0.5918009661835748,0.6183200707338639,0.6861856963613551,0.6752401960784314
CHI,2024,0.6629999999999999,0.6614112388250319,0.6311615154536391,0.6818867313915857,0.6710667177914109,0.6335604395604396,0.6298890688259109,0.603,0.7543848214285714,0.671179794520548,0.6060128755364806,0.6236617100371747
CIN,2006,0.6267318768619662,0.6909560878243513,0.6108079814921921,0.6564901566894334,0.7069859535386278,0.5980978835978836,0.6669286523216308,0.7460812720848056,0.7543360237892948,0.729317126587823,0.694152027027027,0.8310817843866173
CIN,2007,0.671267175572519,0.6310303030303029,0.7133597964376591,0.7214120513956579,0.8695712909441233,0.6206341463414635,0.7285588357588358,0.745,0.6423553145336225,0.7541387582314205,0.6495562913907285,0.7856154285714285
CIN,2008,0.7271630434782609,0.646620050547599,0.5192721488007831,0.5517666817975488,0.7775862068965517,0.4826608695652174,0.6666215328467154,0.5231746293245471,0.6365753604193971,0.7223684738955823,0.5532280966767371,0.6508985005767013
CIN,2009,0.7436142857142858,0.8213152555598908,0.4969273060476482,0.5846133786848072,0.8185718750000001,0.58693,0.649086909090909,0.64425,0.6480116906474821,0.781838519764508,0.5277284991568296,0.7317251815980629
CIN,2010,0.785,0.6692378658762504,0.616459649122807,0.599696750902527,0.7560849315068493,0.5991908396946566,0.6368315425940139,0.7189137380191692,0.6403557884231537,0.7579608619173264,0.6366754385964912,0.6927239696312365
CIN,2011,0.69,0.6230666392431099,0.6979326977005047,0.6484689287075868,0.6614262439453985,0.6522779097387174,0.6270703971119135,0.6168950715421304,0.5946590245935807,0.7570012760527436,0.7182467866323907,0.6576733222407098
CIN,2012,0.6065761947700631,0.7769233449477353,0.7501998966942148,0.7475708855948308,0.7234307762142533,0.6417913279132792,0.5378534965034966,0.6341596244131456,0.7475833333333334,0.7790277777777778,0.6472702702702702,0.7411458931648478
CIN,2013,0.7374846727423364,0.7418711853517506,0.5941399662731872,0.7542582335329341,0.7772463199214916,0.6617703349282296,0.7344082885648503,0.706,0.6694914163090129,0.8320397212543554,0.6241501416430595,0.7594197530864198
CIN,2014,0.6559999999999999,0.6530514416775886,0.6224780439121755,0.6184658027357811,0.7922951578947367,0.6608372093023256,0.5664593467685892,0.6602731958762887,0.7317787791888569,0.7711120728929385,0.6703178571428572,0.6752465834818776
CIN,2015,0.62107530647986,0.6522911025145068,0.7445260821309656,0.6633774907749077,0.7593811016569638,0.6261518987341772,0.6305842525675162,0.7526171243941842,0.7261896995708154,0.7026570367313247,0.773155397390273,0.7450545764639
CIN,2016,0.6909853321829162,0.6781385542168674,0.6909217391304348,0.6190801367261678,0.7526851397743992,0.661826972010178,0.6869324758842443,0.706,0.6918754752851712,0.7026131953428202,0.6851574585635359,0.7108042646254785
CIN,2017,0.6679999999999999,0.7293071756804523,0.7027323093801426,0.7118225,0.6305577290076336,0.6870725075528701,0.5457279909706547,0.7175150976909414,0.6456829463570857,0.5542269904009034,0.619543909348442,0.6598484848484848
CIN,2018,0.5785945945945946,0.6635450556868039,0.7532598503740646,0.6712680372381692,0.6269633718013046,0.748124183006536,0.5198140975987606,0.7203710482529118,0.7599227467811159,0.5850064935064935,0.593544502617801,0.6804294410625347
CIN,2019,0.624,0.5897552175451009,0.7135666516041573,0.7116604347826088,0.49077858439201455,0.7153716012084592,0.5347258979206049,0.6080220913107511,0.5697162849872773,0.5864502206964199,0.5796087990487515,0.6734883950617284
CIN,2020,0.6142233856893543,0.6180528314917126,0.5354898823529411,0.65723385518591,0.5752918747162961,0.6690240963855422,0.47581637268204435,0.6980614439324115,0.7941362229102167,0.6190322869955157,0.5968868715083798,0.6957562776957164
CIN,2021,0.5220934844192635,0.6442095636844425,0.6086369249768447,0.6565474349964863,0.564800301431801,0.7623281596452327,0.5746279242480505,0.8943989962358844,0.6763287197231833,0.6615422459893049,0.6069783315276273,0.7801727384363488
CIN,2022,0.6505655172413792,0.6271657077100116,0.626281262485018,0.6902430581970331,0.5856712485681558,0.7845906593406593,0.7487612253462022,0.9191524163568773,0.6963713629402757,0.5757673985857834,0.6015399325084365,0.7381594541910333
CIN,2023,0.6752784926470589,0.6403072080579164,0.6439330035971224,0.6841233232366941,0.612997310623039,0.6940754716981132,0.6269798627002289,0.7830867052023122,0.5668932172318973,0.6221719981455724,0.5778641686182668,0.6949175257731958
CIN,2024,0.612,0.6452178947368421,0.5697804081632654,0.6955860566448802,0.5655,0.64375,0.6839563758389261,0.903,0.5263050475493782,0.5974656370656369,0.6048862068965517,0.6918845807033364
CLV,2006,0.599,0.6900733743409491,0.6274600732600734,0.6521745054945054,0.6310901763224182,0.5020863787375416,0.7391927112092767,0.47672139303482586,0.7469433601224647,0.712885075403016,0.7179800664451828,0.640316146540027
CLV,2007,0.778,0.6676547314578005,0.6603613963039014,0.5972933491686461,0.6994109651110104,0.6365748031496062,0.5509431765253843,0.645608540925267,0.7323933128024638,0.7839268292682926,0.7230515463917525,0.693641120117907
CLV,2008,0.6809999999999999,0.6917639965546942,0.5469594069890575,0.5693943661971831,0.7176544554455445,0.4875803571428571,0.5858997955010226,0.5408869731800765,0.5733148308759757,0.8367360655737703,0.7171424541607899,0.5351630188679246
CLV,2009,0.8240000000000001,0.720568707991038,0.6721056672760511,0.601919339164237,0.6930806890299184,0.49628361858190706,0.5855171086398632,0.523535864978903,0.6077388094139364,0.864456570155902,0.6189788273615635,0.600130608974359
CLV,2010,0.762,0.6875303408146302,0.5528041037553233,0.6758884630126485,0.6592019093078759,0.699596214511041,0.7625751995089013,0.6674068441064639,0.5907391304347825,0.7383283752860412,0.747892901618929,0.6131016042780748
CLV,2011,0.746,0.6726449885233359,0.637176307265155,0.6120710735586481,0.6316510373443984,0.588764880952381,0.646383281304197,0.5732036753445636,0.6793725398313027,0.7577527114967462,0.6686494845360824,0.6267983040581465
CLV,2012,0.797,0.7220969720199312,0.6130708527789563,0.6741977302487996,0.6888343825665859,0.6910431034482758,0.689608648255814,0.5042803889789303,0.7065584634867033,0.7631582733812948,0.6855892215568862,0.6732430639324487
CLV,2013,0.855,0.6353600935307872,0.64076298811545,0.6461154844290659,0.6769806654676259,0.6459651162790698,0.5421436515291935,0.6398508655126497,0.731570013507429,0.8308653500897667,0.7075388302972195,0.6381905697445973
CLV,2014,0.5270405982905983,0.6677819699499165,0.5588643636363636,0.7083376984126986,0.7826621682411157,0.5560212765957446,0.72996408839779,0.5714480874316941,0.7812373280943025,0.8185,0.6570521262002743,0.7689897750511248
CLV,2015,0.718,0.5660151400454202,0.621001867064974,0.619258744855967,0.6376452338129497,0.6740103448275863,0.7056263310745403,0.5483063829787234,0.6107632427452787,0.853,0.6836796440489433,0.6270191532258065
CLV,2016,0.4978311533888229,0.6624023333333333,0.687127972330307,0.5539868001820664,0.7472557345046364,0.6646151079136691,0.6637419904567143,0.610903076923077,0.580508830548926,0.7927746212121212,0.6713422273781902,0.6469649028077752
CLV,2017,0.691,0.7097848149561234,0.6557420741536808,0.6856462330369677,0.743,0.6593378839590444,0.5910894257922812,0.5266764705882353,0.6448005730659025,0.6644474418604651,0.6014530892448513,0.5747251773049646
CLV,2018,0.769,0.6808432620011567,0.5481249309010503,0.6683477970627505,0.7875,0.839344827586207,0.6086448695652175,0.7708169014084507,0.6786923076923076,0.6159446712018141,0.6466872812135356,0.6853880022014309
CLV,2019,0.72,0.6109252503576539,0.6017007947639084,0.6850878186968838,0.6321705998033431,0.856259052924791,0.5042591006423982,0.7466941176470588,0.6254951822371178,0.5745331786542923,0.5187222982216143,0.6866264108352145
CLV,2020,0.812,0.6127579318448884,0.5902821760283062,0.7334236910508727,0.8393688961838327,0.8015085836909871,0.6071507150715073,0.8504083601286174,0.5279888203546645,0.7249466950959489,0.6621014492753623,0.7274991413852319
CLV,2021,0.7816558265582656,0.6952571728481455,0.46378407155025553,0.7264475043029259,0.880831340734415,0.8014558823529411,0.6871976647206005,0.6304020100502512,0.6580972273567468,0.6386104265402843,0.6699422459893049,0.6313751793400286
CLV,2022,0.7156489361702127,0.6473622336517266,0.47672347740667975,0.6970563636363636,0.7975306893295562,0.8277162471395881,0.5752864775996712,0.7342,0.609609381318237,0.6328312525171164,0.6670708915145005,0.6651062045835663
CLV,2023,0.6824258857556038,0.6481430020283976,0.615130610186586,0.7707786720321933,0.693986214605067,0.6852774049217001,0.6935946063505871,0.5994593874833555,0.6714437220642016,0.5254922048997773,0.6393638211382114,0.6486357581967214
CLV,2024,0.5541147540983606,0.5414920744314267,0.6575831460674157,0.7613856353591161,0.5768530519969857,0.6030382165605095,0.734412881915772,0.6601764705882354,0.6297226688102894,0.530284546197874,0.6229356136820926,0.6075831663326655
DAL,2006,0.7997471162377996,0.7286402627511592,0.6956747842170159,0.8201685196021065,0.7805,0.5096261261261261,0.6269966457023062,0.7208703703703704,0.6540859409431469,0.7337293962097841,0.7665704387990762,0.783647509578544
DAL,2007,0.7196963302752295,0.6650289463527596,0.7167870147715563,0.7561446688586191,0.7595131639722864,0.7757651331719129,0.72679661971831,0.8213409461663947,0.5728146182115149,0.6816460829493087,0.8265432098765432,0.7529162881245945
DAL,2008,0.735,0.6304559911242603,0.5915143271672106,0.7199244908097368,0.7106626445449975,0.5438944444444445,0.7679246753246752,0.6043481228668941,0.5842521391899601,0.7128051381483276,0.8122704326923076,0.6345689555683784
DAL,2009,0.7525478547854786,0.731817105263158,0.6322081796848811,0.8193414847161572,0.8160000000000001,0.5974555555555555,0.716532445208423,0.674,0.5967764705882352,0.7410893300248139,0.783848484848485,0.703035046728972
DAL,2010,0.74,0.6134096290449881,0.6439363984674329,0.8065724852071006,0.7295451582867785,0.6176785714285713,0.7276065411298315,0.7120438871473355,0.5328540039062499,0.7040614525139663,0.8717440811724916,0.6604501201923076
DAL,2011,0.5707820163487738,0.5850577261527631,0.6774789385004213,0.7752414786365819,0.699434165442976,0.7143216374269006,0.6019647971360381,0.7340806451612903,0.5856657509157509,0.7499809160305344,0.758006,0.750120232708468
DAL,2012,0.7001777301927194,0.626713954259198,0.6413618344345123,0.7618122815776335,0.6809953566905868,0.652251572327044,0.6603043707214322,0.7372930298719774,0.571203775411423,0.6671262875055979,0.8000967741935482,0.7188552371541501
DAL,2013,0.8557440000000001,0.690472268907563,0.5650424296560964,0.6530700773860705,0.7484724724724723,0.7357161290322579,0.5618364928909952,0.7673581616481775,0.6023381328379007,0.8397008928571429,0.7215651260504202,0.7164540451293341
DAL,2014,0.893,0.6708815545959286,0.6397121971595655,0.7070341266277503,0.8158183361629883,0.8153764478764479,0.5787102040816327,0.8105423143350604,0.5999248505550812,0.8319236577181207,0.7844889148191365,0.7515649786455155
DAL,2015,0.828,0.6024267624914442,0.5482640632264063,0.6877151639344262,0.7674245098039215,0.645260752688172,0.7075879864636212,0.5487735042735042,0.5866573537163943,0.7927321688500729,0.6506109756097561,0.6661105826397146
DAL,2016,0.8420395042602634,0.6686611295681063,0.5654146105466861,0.5648231540565178,0.8045477599323752,0.7177982062780268,0.6925398340248963,0.8216437177280551,0.7953795841209831,0.735549645390071,0.6733055954088952,0.7708938869665514
DAL,2017,0.862,0.6440015337423313,0.5435889502762431,0.7685170794192997,0.7472045662100457,0.6784261501210653,0.7001952191235059,0.7217684021543985,0.7042177136168553,0.6431818181818182,0.6251623815967523,0.6651795774647887
DAL,2018,0.5329999999999999,0.7094161922833649,0.651983839180134,0.7180666344760985,0.6436138900372054,0.7323715710723192,0.7672366615853659,0.748,0.6110239931448158,0.743085255354201,0.6045839243498817,0.7090397779833486
DAL,2019,0.6902222222222222,0.7148258897418004,0.6248776203966006,0.7124051398337112,0.7489217877094971,0.7831111111111111,0.6450262738853504,0.8009999999999999,0.693281349749202,0.7822827923521566,0.6031187739463602,0.7385826687931952
DAL,2020,0.5170386230058774,0.5481072931276297,0.5059539767649687,0.7327224033535166,0.7401215189873418,0.670627840909091,0.5060643957069528,0.7168519040902679,0.616987610619469,0.5189169724770643,0.6346182728410513,0.7014525035095929
DAL,2021,0.6509999999999999,0.6208814770696844,0.49295989445910293,0.6599527302363488,0.8170282776349614,0.7443396674584322,0.6635955882352941,0.8066167108753316,0.6858711340206185,0.7737994652406417,0.7305372507869885,0.7503152601661565
DAL,2022,0.6041083540115798,0.6133903787669338,0.549632346442775,0.752315872514989,0.6231555555555556,0.7848577075098814,0.6642325918762089,0.679243004418262,0.7205784194528875,0.7138457163170993,0.6546237402015677,0.6951316872427983
DAL,2023,0.6664163568773234,0.7177997369286417,0.6313616181549088,0.8155555555555556,0.687781879194631,0.7301916010498687,0.6764601910828025,0.8886015831134565,0.6428673395818312,0.6494533929903057,0.6681823085221144,0.7297869207449111
DAL,2024,0.606,0.5695119896305898,0.507549019607843,0.6566768292682926,0.6534465361445785,0.6863618421052631,0.6104008746355685,0.6326237113402063,0.5681592844974446,0.603300089047195,0.5476674311926605,0.6094100923951671
DEN,2006,0.816,0.7789409056024559,0.5562906857727737,0.7063255395683453,0.7315,0.55461800486618,0.6057687048993544,0.5175421686746988,0.7122754403131116,0.6632599800399203,0.6815612535612535,0.7088691813804173
DEN,2007,0.7776981132075472,0.6847525423728815,0.5534377245508981,0.6232859839546957,0.7775542521994135,0.6465730337078651,0.6469150549867273,0.6771666666666667,0.5022036951501154,0.6724121721919841,0.7490182704019488,0.7593232104121475
DEN,2008,0.9109999999999999,0.6192586439155815,0.48212906666666666,0.5041986267778322,0.8525920679886685,0.5750080645161291,0.6233562126011968,0.7913902439024391,0.41021299836155106,0.7835000000000001,0.6861855670103092,0.7308878822197055
DEN,2009,0.659,0.7023124999999999,0.565076550051957,0.6661065700982928,0.7021094252873564,0.5698852040816326,0.6242066838046274,0.6311210613598673,0.6564777618364418,0.7638143851508121,0.6910012254901962,0.7089518879415346
DEN,2010,0.6509999999999999,0.7321893617021277,0.5542734877734877,0.6721204819277109,0.6733142300194932,0.6085094339622642,0.6369818109924872,0.6887624223602485,0.6247157265595816,0.7731825117370892,0.6095816831683168,0.7683935413245758
DEN,2011,0.5710000000000001,0.6985607447144209,0.5838947616800377,0.7291117424242425,0.6312580510246759,0.7147726269315673,0.6076006062902614,0.495,0.5563694267515924,0.6789988076311606,0.6446612244897959,0.6425251396648044
DEN,2012,0.6828393866020984,0.7669013707790038,0.6623044315992292,0.7865459140690816,0.7090295666261646,0.6881875,0.664457549334557,0.9070880121396054,0.6746497197758208,0.7813794482207117,0.7712824601366743,0.7839216398546963
DEN,2013,0.8521306462821403,0.6997847495779403,0.6505750699409388,0.7566063254265502,0.8249282068730861,0.7192060606060606,0.6503883421650266,0.9201696969696969,0.5687345844504021,0.7850204230488694,0.7499048938134809,0.7820192150449714
DEN,2014,0.7091592632719392,0.7589396825396826,0.6861831140350878,0.751774717832957,0.7637321949187839,0.7074928571428571,0.6694771784232366,0.7662581602373888,0.6644604966139954,0.7043842931937173,0.6966948748510131,0.77627047146402
DEN,2015,0.7545140470766895,0.7479662447257385,0.7522233038348084,0.7938933333333332,0.7557905017234776,0.6010410367170627,0.7749012915129152,0.6198866930171278,0.6941719658119658,0.6196745336886182,0.6537873754152824,0.7231481649297689
DEN,2016,0.9004322820037106,0.8190794107078692,0.6095960311835577,0.7997206255283179,0.6911153358681875,0.5690269607843138,0.6853377378435518,0.5576677265500795,0.6784973343488195,0.5930541992187499,0.6695614035087719,0.7046532460996476
DEN,2017,0.7490000000000001,0.7629171405361495,0.7171074486301371,0.8080049800796812,0.6044260969976906,0.7196375,0.6290355174525413,0.5046316590563166,0.6417540084388186,0.63897049689441,0.5845860306643952,0.6626436058700209
DEN,2018,0.8086040955631401,0.6456525123849964,0.7406293103448276,0.7564986772486771,0.6209799342105262,0.7361573033707866,0.6681797133406836,0.7,0.6247635085122132,0.6961087202718007,0.603730201342282,0.6610682074408117
DEN,2019,0.72,0.6162860538827258,0.6974329244163039,0.6822735321528425,0.6145355380059231,0.692413407821229,0.735854657113613,0.6079326241134752,0.7933202160493827,0.690525666337611,0.5443486682808717,0.6988168469860896
DEN,2020,0.405,0.58594848,0.6906678321678321,0.6539953073674332,0.5979809656453111,0.70975,0.6672169947191551,0.6018941368078176,0.7770237136465326,0.7499785816277962,0.6749318463444858,0.6458213077790305
DEN,2021,0.6325151237396883,0.6004316688567675,0.5623552151714076,0.5669267532467531,0.6617977736549165,0.7655835351089589,0.5789888641425389,0.7054908485856906,0.6366381692573402,0.7300716597318538,0.6396233292831105,0.6911902206320811
DEN,2022,0.5821250873515025,0.7247072389493914,0.5968310185185186,0.6008713178294574,0.65500099950025,0.6640499999999999,0.7136909560723514,0.6331621621621623,0.6884815608919383,0.6760143949617634,0.566299659477866,0.6618892421833598
DEN,2023,0.732,0.6225880587058039,0.5818589466089467,0.6464832826747721,0.7113172817281728,0.6955549132947977,0.6051651931130759,0.7470922570016475,0.6338803222094361,0.7122441752096925,0.5560993464052287,0.6757416050085373
DEN,2024,0.6299271317829458,0.6936987493202827,0.6279426865671642,0.6656718621821164,0.6969279628195197,0.6109545454545455,0.6866115992970122,0.6809999999999999,0.671589861751152,0.7292335329341317,0.5285481171548116,0.6411423423423425
DET,2006,0.6990000000000001,0.7069368466898954,0.6340993615323225,0.5711058887088062,0.6377694025683975,0.4769732824427481,0.6309567238912732,0.642,0.6578086550700042,0.6371700620017715,0.7488421052631579,0.7337718369507676
DET,2007,0.833,0.5729128283212791,0.6986682484900777,0.6834442396313364,0.7629306722689075,0.6575249999999999,0.4730667808219177,0.654954128440367,0.6680514081358964,0.7035388821385177,0.6600125260960333,0.7076271808999082
DET,2008,0.7536172344689378,0.5145309090909091,0.5002049602246139,0.5918666338582677,0.6540048338368579,0.6235723270440251,0.453503054257995,0.524003466204506,0.4712208480565371,0.6993202431042542,0.5856418439716312,0.6239537607891492
DET,2009,0.7829999999999999,0.6008796258641724,0.5019799297541395,0.6276615154536391,0.677163768115942,0.5580386904761906,0.5662817211055277,0.44624545454545456,0.5769158392434988,0.7776782334384857,0.6311748251748253,0.6039590069284065
DET,2010,0.647,0.6015215439856373,0.6451012544802868,0.6946415185007206,0.6824498644986451,0.6011891025641026,0.5768807803468208,0.7639765395894429,0.620633349123638,0.7427850045167117,0.6646100628930818,0.6596182707993474
DET,2011,0.6768531951640762,0.6277681415929204,0.6007316087308002,0.6825945478147989,0.7215,0.6287746913580247,0.6752270813087139,0.7606279683377308,0.43917564308681667,0.7084361518550475,0.7058017699115043,0.7327572861920689
DET,2012,0.7308908333333333,0.6482997224791859,0.7267457466918714,0.551145945945946,0.77,0.6950207715133533,0.6139624814264487,0.736214195183777,0.6031416015625001,0.7376004636785163,0.6361332250203087,0.7032680695333945
DET,2013,0.8809999999999999,0.5784037403740374,0.7108515917602996,0.644266862170088,0.7894954208460533,0.7363925000000001,0.721676217765043,0.8029999999999999,0.7148929095354524,0.7010594360086767,0.6772387332521316,0.676437
DET,2014,0.6133244535519126,0.7018955056179776,0.7347714143426295,0.6652242647058823,0.7325802469135803,0.6752765363128489,0.6580905068382944,0.684,0.8149644774886411,0.7137629506837961,0.5597556109725685,0.7418974854932303
DET,2015,0.603,0.6708105377120173,0.6133831168831169,0.688020618556701,0.7148688811188812,0.6717373737373737,0.6493208828522921,0.6521566951566953,0.6281658921933085,0.7187215601300109,0.6029877717391304,0.7443381995133819
DET,2016,0.6420485564304461,0.6734546112115731,0.5642740703005603,0.603912739965096,0.7078479632816981,0.6316192052980132,0.5299643201542912,0.8140000000000001,0.7369433962264151,0.7345624161073826,0.6472612732095492,0.6843480839416057
DET,2017,0.583,0.6695156794425089,0.6305135936727633,0.6636765881830298,0.6562162278808803,0.5904276923076922,0.5887515657620042,0.7821611374407581,0.7543269887750121,0.6332797619047619,0.6956641025641026,0.759383896103896
DET,2018,0.711,0.6017261692252767,0.8387688703800105,0.6190808687615528,0.6446415949252379,0.636092643051771,0.5643363431151242,0.7691515151515151,0.7170348787749894,0.7091610830656265,0.5941325115562404,0.6906362586605082
DET,2019,0.7490000000000001,0.584195153473344,0.5701527307878202,0.7020931106471815,0.6740333185251,0.6414930362116992,0.4864678260869565,0.6865707620528771,0.6767598846787479,0.6734376130198915,0.568884476534296,0.7376086253369273
DET,2020,0.7909712230215827,0.4835338865836791,0.5141829694323143,0.622613741097612,0.601134927412468,0.6336894409937889,0.5151478370432592,0.7900653188180403,0.5773239910313901,0.7273703133025167,0.708341493268054,0.7118469093009822
DET,2021,0.6929341983317887,0.5787898410236525,0.4919464579901154,0.636497690046199,0.6734799107142857,0.6602857142857143,0.41446993746993743,0.5935896226415094,0.5508081232492997,0.6851741573033707,0.6412251223491028,0.6631755265797392
DET,2022,0.779,0.544795540201005,0.5975273279352227,0.6683897820650233,0.585316777963272,0.7279014084507042,0.6096183552930486,0.7240000000000001,0.6460917594654789,0.7657221750212404,0.5799734693877552,0.7379088913282108
DET,2023,0.888,0.5899805304740406,0.6211759622937941,0.7453878887070376,0.649129641693811,0.778237911025145,0.6311163563829787,0.857,0.6422510373443983,0.863348725526413,0.6792799188640974,0.7243619087837837
DET,2024,0.8717406679764244,0.6079236739974128,0.6820707648320229,0.6829922535211268,0.6778147833474937,0.7849566929133858,0.6943367071524966,0.6728467153284671,0.848026208026208,0.7775906735751296,0.6597304347826087,0.7324344919786095
GB,2006,0.83,0.7392740830310358,0.7026587633658762,0.6553067141403865,0.625855580693816,0.4680350877192982,0.6909946666666666,0.5483100303951369,0.7575537885874649,0.7409796143250689,0.5602307692307693,0.6888634285714286
GB,2007,0.706,0.5632123197903014,0.6416002899951667,0.7450690161527167,0.6486296296296297,0.6985498721227622,0.6642633730834753,0.7382188905547226,0.5981055926544241,0.7033738277919864,0.7559193548387095,0.7234042654028437
GB,2008,0.865,0.7154888653234358,0.5806502590673576,0.5508131768953068,0.8371572871572872,0.5197868852459017,0.5852970711297071,0.7881735537190083,0.7349865354738477,0.766561224489796,0.6259110429447853,0.7011415880066629
GB,2009,0.7495987701767872,0.7673333333333333,0.5802955449482895,0.6914354136429608,0.7956204535729567,0.573738219895288,0.6990476190476189,0.8531778425655977,0.6846544391281233,0.680952446273434,0.6697026106696935,0.6939206019719771
GB,2010,0.832209372637944,0.726271689497717,0.6508051118210862,0.6229825851393189,0.8114076130055511,0.673659090909091,0.7194465408805031,0.877591968911917,0.6028476263399694,0.6665743063473965,0.6174153225806451,0.6865676910299003
GB,2011,0.8059999999999999,0.6411842105263158,0.5327564254646106,0.6407426408746847,0.7431897435897434,0.7077425742574258,0.6965203695926081,0.9090375722543353,0.5806160596752962,0.6372363207547169,0.6375717488789238,0.7340844027640672
GB,2012,0.6511754838709678,0.7494325278305729,0.5859030217849613,0.6359190154823343,0.7256516427969671,0.6280336787564766,0.7200014851485148,0.88792817679558,0.6768251949117768,0.649479804704838,0.65108690744921,0.7346040122110772
GB,2013,0.835,0.7146814299272382,0.5618753462603879,0.5899899255365746,0.8543442275042444,0.8522631578947368,0.6099731509625127,0.7203961218836565,0.5432319342276072,0.6468032520325202,0.6525132625994695,0.7620448408871746
GB,2014,0.7635688375927452,0.6901973816717019,0.5863400328137818,0.6871087516087515,0.8404612105711851,0.7526070528967255,0.5160016251354279,0.920254491017964,0.6709383963494133,0.7106345514950168,0.6313421787709498,0.7654512771996217
GB,2015,0.7804873828406633,0.7078408437200383,0.700205943045811,0.6160055147058824,0.8220331841909022,0.6500332480818415,0.5526467870642587,0.7510347593582888,0.7302707821816906,0.6602461410095953,0.6965848806366048,0.657837236998809
GB,2016,0.7708093023255813,0.5579648416532474,0.7199690286250585,0.6636966254594053,0.7105139641517298,0.6444975609756097,0.5854854709418837,0.9075790725326993,0.7056540880503144,0.7901029674651412,0.6495081967213115,0.7321397250092903
GB,2017,0.677,0.5887474162877222,0.7580215596330276,0.719229711751663,0.67603416746872,0.6832556634304205,0.6869005037783376,0.7084915514592933,0.6346681952178186,0.6879412317818524,0.5243834745762711,0.674180569185476
GB,2018,0.7859999999999999,0.6038851807707589,0.7521519461077845,0.6438235836020267,0.5966117432862994,0.7320436363636366,0.6754612299465242,0.8525170998632011,0.6007298174442192,0.803858432304038,0.5895145317545748,0.6943063477460902
GB,2019,0.7095099009900991,0.6935521435086653,0.6559441069258809,0.720321780372127,0.6578251457119068,0.8128087855297157,0.5742523178807947,0.8355141242937855,0.6744438830747022,0.7571595346904861,0.6157535753575357,0.6665975024015369
GB,2020,0.8640000000000001,0.660820197044335,0.6765350440444273,0.6564392340758108,0.6644269707883154,0.7602843822843822,0.47961860174781523,0.951,0.7502439357704134,0.7903071512309496,0.6643526011560693,0.7233224737713971
GB,2021,0.5683767019667171,0.6463076923076924,0.659198242933537,0.7609165322580644,0.6020063810391978,0.8317268292682927,0.7095899241603466,0.8393958944281524,0.6360989816700611,0.7018455631399317,0.6168024096385543,0.7262436274509803
GB,2022,0.604,0.6948435965243672,0.6350866326930616,0.64122361051271,0.649505728960885,0.8333048780487805,0.6095396405919661,0.7754137931034484,0.5549836065573771,0.6989983775013521,0.5948997461928934,0.6784847277556441
GB,2023,0.547,0.6230548761367201,0.648406523201076,0.6968407513270723,0.5768227589029881,0.7671250000000002,0.5998202628232301,0.8356115942028984,0.6469690130068859,0.7198395918367346,0.6233926991150441,0.7243437499999998
GB,2024,0.499,0.6167272727272727,0.5304828828828828,0.6123297872340425,0.605516862745098,0.8070474137931035,0.5977934700075931,0.7234967532467532,0.7621040189125295,0.73180615640599,0.6054232804232805,0.650189451022605
HST,2006,0.6901809744779582,0.6812721139430286,0.6078172874209417,0.5533443291326909,0.7874838249286394,0.5432689075630251,0.624665976821192,0.5752745454545455,0.6225233041070604,0.6737516339869281,0.5952204724409448,0.7020769811320754
HST,2007,0.6268363636363636,0.6807284527518171,0.5389117954070981,0.6576264367816091,0.7607602067183463,0.5914093567251462,0.7450192455735182,0.7551713780918727,0.538006987863185,0.721178034102307,0.7078426183844011,0.756372905027933
HST,2008,0.849761222540592,0.6133809931506848,0.5605094836670179,0.5859033742331288,0.7860095648015303,0.6668900523560208,0.654816491511722,0.6785107438016529,0.540751364764268,0.7227419201520912,0.7422936708860759,0.7788018555334659
HST,2009,0.87,0.5905894293374185,0.5423289368505196,0.6391473951715375,0.7384279004227337,0.5922027397260274,0.7369601406799531,0.8273427672955975,0.5985267175572518,0.7641618198874297,0.7177131681877444,0.76192
HST,2010,0.9,0.5800465827949677,0.5742787130564909,0.6675295191722459,0.8376883786316776,0.7330227272727273,0.5631513056835638,0.845,0.4686851588430535,0.755931711880262,0.7146519721577725,0.7136817899316344
HST,2011,0.9259999999999999,0.7045753731343283,0.6454210526315789,0.7281887709991158,0.7502831423895254,0.7935824372759857,0.7484382683057188,0.6885905096660808,0.6007061664190193,0.8033170327393285,0.8304774566473989,0.6828539568345324
HST,2012,0.84,0.6741744925780068,0.7625064935064935,0.6364461602671119,0.7005081648522551,0.7776672897196261,0.6063681348559,0.7240843195266272,0.5936652205350686,0.7855295926210607,0.7534234527687296,0.7258518518518519
HST,2013,0.9079999999999999,0.5823482772934827,0.7248704256908141,0.5819569682151589,0.794080695497102,0.6823785166240409,0.6009791094007696,0.5866827485380116,0.6134830633284242,0.713762157382847,0.6632959501557631,0.7244360241625479
HST,2014,0.748,0.7145401213755901,0.6689550867642056,0.648580966616841,0.761618408880666,0.6480963597430408,0.5967569248162804,0.6712029250457039,0.6249407461594733,0.7919064530099609,0.5424407988587732,0.7211659333752357
HST,2015,0.7488804173354736,0.6807565247252747,0.7481203438395416,0.7577435158501441,0.683149087672452,0.6081204545454546,0.6206583649160802,0.6318264840182648,0.653249495357287,0.7292512998266898,0.5412294043092523,0.7352694924123494
HST,2016,0.7566273734177216,0.7432653478854024,0.5926554586965546,0.7794244232299123,0.6216537074148296,0.6180191082802546,0.6842434301521438,0.5318652482269504,0.7147400970088926,0.6832366641622839,0.677774647887324,0.6623400987383434
HST,2017,0.6352377358490566,0.5918017982799062,0.6963024830699774,0.693999417927823,0.5408844949099452,0.6632039312039313,0.6796392872664059,0.6053471074380166,0.6945893550893552,0.48631568627450983,0.591653312788906,0.7015741971207088
HST,2018,0.652,0.7229809782608696,0.6790608324439701,0.7907096989966554,0.5935031531531532,0.6874853333333334,0.730713488372093,0.809,0.7488812475009997,0.5660313773431133,0.5617439516129032,0.7671296121097445
HST,2019,0.6729999999999999,0.5383551781870366,0.62270514330585,0.6610319400630914,0.5674126193441261,0.7481378378378378,0.6400023648648648,0.811779132791328,0.6958580952380953,0.659342637540453,0.5521742574257426,0.7400506692160612
HST,2020,0.561,0.5458917060593038,0.45106186006825943,0.6386095238095237,0.5834691358024692,0.6248275862068966,0.539220139494333,0.9231398176291793,0.5838795462128795,0.6771417004048582,0.7140204081632653,0.7473887991383953
HST,2021,0.5865113024757804,0.5903071455293677,0.5506089743589744,0.6549606845513414,0.5283251968503936,0.61841796875,0.4600629921259843,0.5870326264274062,0.47891882067851366,0.5894888888888888,0.5427155279503105,0.682575117370892
HST,2022,0.37128301886792453,0.6557089552238805,0.5355945512820512,0.6664895414320193,0.5240599123234291,0.7310577507598783,0.47890124949617097,0.575276295133438,0.5485785896346644,0.7279265765765767,0.6045514018691589,0.6568039443155452
HST,2023,0.5813458167330676,0.7469004244205028,0.5736421016717844,0.7430397230320699,0.5770340765671014,0.7057481296758104,0.6420426829268292,0.7796902777777779,0.6367667157584683,0.6454325865580449,0.6944229390681003,0.7203710298363811
HST,2024,0.6408350515463918,0.6926109253065774,0.4911678756476684,0.7090582375478927,0.5099871406959152,0.7315970149253732,0.6560609348914859,0.731412935323383,0.5887448165869219,0.7085222672064777,0.5913793103448276,0.7157166236003445
IND,2006,0.903,0.7471546592489569,0.5046452234206472,0.7427070089649552,0.736111643330877,0.6891243243243242,0.508191730474732,0.925,0.7926692759295499,0.7287721936903888,0.7116191607284243,0.8188056657223796
IND,2007,0.8819756097560976,0.7059403149029658,0.6203662846227316,0.6937388888888889,0.8405806451612903,0.7212913752913753,0.6532681627995435,0.9174060995184591,0.7737790697674419,0.6050906118636152,0.7256939890710381,0.786760748959778
IND,2008,0.7449576659038901,0.674503907856849,0.4068649695628113,0.5888106646058734,0.703478550603915,0.5951280653950953,0.5401988990825689,0.8903091190108191,0.6597968556061233,0.6900226833976835,0.7687499999999998,0.7332795997776542
IND,2009,0.8270000000000001,0.6318424842484249,0.4971035923141186,0.6353517659650374,0.731813981518682,0.620786600496278,0.6555357370772175,0.862279411764706,0.5907678992918962,0.7462245313773431,0.7783417849898581,0.7472822543083371
IND,2010,0.8390000000000001,0.6514442846872753,0.49990093642188266,0.6850596330275229,0.7091230342275671,0.5952075000000001,0.6132047930283223,0.902,0.6710571557155716,0.6568690196078432,0.7193619489559164,0.7144454416627303
IND,2011,0.8140000000000001,0.6356873028391167,0.5188843159065628,0.6418954664668415,0.6542942043222004,0.6345750708215298,0.5871581122976232,0.47519137931034483,0.6193131991051455,0.6474942468619248,0.621719476744186,0.6999825616355982
IND,2012,0.6993939393939393,0.6283258810155362,0.5466036523503551,0.6468696428571428,0.5900842886041806,0.6875526992287919,0.678481905634448,0.667,0.6036566156615661,0.7155794477138977,0.7836409431939978,0.7036176347680736
IND,2013,0.6652290155440413,0.6626490066225166,0.6028267278087127,0.7530500605571256,0.6306132372805043,0.6598899297423889,0.6359480793583789,0.7690399467376832,0.6380436590436591,0.7313029172320216,0.6466510538641687,0.7041628571428572
IND,2014,0.6240730563002681,0.7207816513761468,0.5939888143176735,0.6251567737430167,0.6666749831422791,0.64878,0.5768157267672757,0.7845826494724502,0.7394026622296173,0.7387373233582711,0.7287386363636363,0.7014227892652882
IND,2015,0.6110727902946274,0.5772623199393481,0.6530660180681029,0.6238382165605095,0.6918732394366197,0.5976862170087975,0.6930884289746002,0.5618376811594203,0.6058454972257789,0.7304014218009478,0.6379470404984423,0.7188039413845376
IND,2016,0.6941725383920507,0.6117928012519561,0.5719662239089184,0.5575937781785393,0.643973841554559,0.600502994011976,0.5214646171693735,0.8856328358208956,0.6219228395061729,0.7418663540445488,0.7087799791449426,0.6979059740259741
IND,2017,0.5998333333333333,0.6499661272111404,0.7575953673543251,0.7658783977110157,0.5164966198647946,0.6950026109660574,0.5621880552813425,0.609388698630137,0.6840643224699829,0.7084937256598874,0.649970909090909,0.6012917159763314
IND,2018,0.7382470214455917,0.6882106889094841,0.6660967873119155,0.6382969018932874,0.7636015006252604,0.6856149870801034,0.6649584664536743,0.9102444152431012,0.7165201203459948,0.7168476474981329,0.6727551440329219,0.6970471869328493
IND,2019,0.7212937905468026,0.6412603938730853,0.6281404303510758,0.679681423611111,0.7561830188679246,0.7091629072681703,0.7052180284191829,0.6047058823529412,0.6781904547501125,0.8026641187050358,0.6945493670886076,0.651864040660737
IND,2020,0.6706093489148581,0.6988704253214639,0.736008508224617,0.6108532502919423,0.7726494845360825,0.7851077981651375,0.5613566694283347,0.7929903381642514,0.6416022831050228,0.726131868131868,0.7417395171537484,0.6679603476371537
IND,2021,0.604505736981465,0.6637139573070607,0.6908596222562532,0.6493396068590547,0.6888486536675952,0.8243776223776224,0.6765462427745663,0.7090000000000001,0.6233769730733519,0.7084476314645807,0.6737275204359673,0.6561525522041763
IND,2022,0.643,0.6790937499999999,0.6850588521400779,0.5938664307828394,0.6199250720461096,0.6719553805774278,0.6555761217948718,0.6037693430656935,0.6689845916795069,0.6655773832497106,0.5616592039800995,0.6482930780559646
IND,2023,0.7045,0.6425436507936507,0.6506253065228053,0.7189523454951601,0.6592253032928943,0.6903076923076924,0.6210294250792214,0.605086956521739,0.6437673487544484,0.7105511363636364,0.6127118437118437,0.6762365145228216
IND,2024,0.6587368421052631,0.7113468634686346,0.6377978142076502,0.6281578612348823,0.7762673267326733,0.57124,0.5975646630236794,0.5788596491228071,0.6316936936936937,0.7168347039473685,0.6194366515837103,0.7083323442136498
JAX,2006,0.784,0.7110169491525424,0.6092325809617272,0.6809859667359668,0.8007676190476188,0.7698521126760564,0.670510333863275,0.605535019455253,0.6439391727493917,0.6903060606060606,0.688482005141388,0.686395366795367
JAX,2007,0.7669293257514216,0.7174684210526315,0.6229326999208236,0.6764536298783047,0.7867520764119601,0.8578224719101124,0.5779684509039348,0.7284183673469389,0.6355668449197861,0.6439712328767123,0.7106188679245282,0.7458832417582418
JAX,2008,0.755,0.6104841437632136,0.5507921083627798,0.5764684337349397,0.7130400323493732,0.6034186046511628,0.6255594781273983,0.7620161812297735,0.5058961303462322,0.7310000000000001,0.6220670520231214,0.672721837633732
JAX,2009,0.62,0.5994478034955124,0.6252836607570676,0.6283232944068841,0.7212651036970243,0.7286666666666666,0.7154186046511627,0.6794364548494982,0.5337174311926606,0.6988255646323882,0.7551553784860557,0.7005140983606557
JAX,2010,0.77,0.575027836355968,0.588747718733226,0.6007001484413657,0.6970286519492721,0.6826666666666665,0.62354101010101,0.6751836393989982,0.46599942791762006,0.6522851851851853,0.8137742857142857,0.6779598566308245
JAX,2011,0.7509799426934097,0.6662352018816151,0.6006839355681324,0.715336818932306,0.6403310313075508,0.7149670588235293,0.7873729440789472,0.32031412639405205,0.5979430408819476,0.7498119106699752,0.7245874999999999,0.5999935860058309
JAX,2012,0.6310590219224284,0.602989423778264,0.6537802590442162,0.7013335763762304,0.6015095,0.6364076433121019,0.6229284959492779,0.5554566210045662,0.6340442664418212,0.7042879271070616,0.7487390572390573,0.6614258809234508
JAX,2013,0.6709999999999999,0.7329830636055703,0.605450213604995,0.6445961930659415,0.6320212364322793,0.6683809523809523,0.6241665524331735,0.5548277439024392,0.41201008771929826,0.5946984467059454,0.6170956749672345,0.6405865024102839
JAX,2014,0.643,0.6042211948790897,0.6633433881779404,0.5958320926385442,0.6894467793513019,0.5441952861952861,0.5887105061349693,0.4671499227202473,0.5353544086021506,0.6388356997971603,0.5862018716577541,0.6259043615344193
JAX,2015,0.725,0.6111218139688844,0.6037946185286103,0.4824915356711004,0.6397019367028814,0.6618343558282209,0.6248006042296073,0.652,0.5283787748058671,0.7009409262759926,0.6365857988165682,0.7689508021390374
JAX,2016,0.8028416751787538,0.6760125379939209,0.6557434301521439,0.5724011194029851,0.6613220684039088,0.6032546012269939,0.7622255480607083,0.569,0.6346088129496402,0.6744031657355679,0.6149053117782909,0.6631450777202071
JAX,2017,0.8270000000000001,0.8305761353517365,0.7434177498879426,0.7707828408686366,0.6057279666897988,0.6350867158671586,0.8130343392299688,0.6932748885586925,0.6985417993630573,0.6298686714883899,0.651626936829559,0.7141724137931035
JAX,2018,0.6893739295908659,0.7216134233220848,0.6886973938223938,0.8019222881813277,0.6278748510131108,0.5839140271493213,0.6606781153676795,0.6189906976744186,0.6325062611806799,0.6112109375000001,0.5988553191489362,0.6262614413466596
JAX,2019,0.752296875,0.6172710317460317,0.7116150495049505,0.6488417989417989,0.5779447585906916,0.627462783171521,0.43264046159394154,0.6960175438596491,0.6656388763026733,0.6027917652626598,0.5358776266996291,0.6704696282864913
JAX,2020,0.7326228668941981,0.5271768990634755,0.5939039024390244,0.5707096522078937,0.6731053971486761,0.7078220640569396,0.6061230271145285,0.6291395348837209,0.5618737991266376,0.584626679462572,0.589779702970297,0.6889078048780488
JAX,2021,0.6177229916897506,0.6077260463507437,0.5069895203546957,0.6406425412143144,0.6253120697567691,0.6012266666666666,0.42922023233301065,0.5970567164179104,0.6285017226528854,0.6400906148867314,0.5908203389830509,0.6641179104477611
JAX,2022,0.52,0.684296627872277,0.6306223062381853,0.7203967463479416,0.601828910891089,0.7239399477806789,0.6009660889223813,0.7826174496644294,0.6158360408009067,0.6261576648133439,0.6516698717948717,0.664780045351474
JAX,2023,0.44299999999999995,0.6877872191011236,0.5682401800327331,0.6490554406288789,0.6043785166240409,0.7131703910614524,0.739614074406096,0.7897033898305085,0.6646909646442603,0.5562548785344485,0.6632164948453607,0.6451288404360754
JAX,2024,0.6308391003460209,0.6449020787746171,0.5523799472295514,0.7143044982698963,0.6536032843560935,0.6774715025906736,0.6849129337539432,0.7594767441860465,0.5363136645962733,0.5979823677581864,0.666865603644647,0.639725822532403
KC,2006,0.836951851851852,0.6972892625143294,0.538827482447342,0.7559240146282,0.7810617977528089,0.5737682672233819,0.628423746518106,0.5673540489642185,0.7380382585751978,0.612881454872025,0.8045077105575328,0.6741797410510282
KC,2007,0.78,0.6491392684001762,0.6236159420289855,0.7041868239921337,0.7467244801512286,0.5716342182890856,0.6901053726169845,0.6093189102564103,0.5682227116984826,0.6814982951777886,0.8234726840855107,0.6737525562372189
KC,2008,0.629,0.5373305298570228,0.5363906501880709,0.5483257479983144,0.8334545009784736,0.5953236245954692,0.5258537281484125,0.6545970873786408,0.4824829694323144,0.7709647532729104,0.8325306388526728,0.6024874464176363
KC,2009,0.613,0.7527061556329849,0.466501452432825,0.6798708178438662,0.6826971153846153,0.7562280701754387,0.5759129251700681,0.6067799671592775,0.543249546279492,0.6588130790190736,0.5653714285714285,0.6343076923076924
KC,2010,0.738,0.7671616161616162,0.6507986183074266,0.7612027491408935,0.7993896103896103,0.6689803921568628,0.8012059471365639,0.6726515426497277,0.6189831686791072,0.7278526453869697,0.755726923076923,0.6624319444444443
KC,2011,0.726,0.7306202266051196,0.6439014084507042,0.7143434823977165,0.7315808440018967,0.6535046728971962,0.7169873344847437,0.5922205270457697,0.5933262779552716,0.648998584237848,0.6140732538330494,0.7126072821846554
KC,2012,0.7983386581469648,0.7036117705242335,0.5452737094837935,0.7492746653445711,0.7359968717413973,0.7312270642201836,0.7308348684210527,0.5435387453874538,0.5892706677265501,0.7278423040604345,0.6863019943019943,0.6594748153122901
KC,2013,0.7415765920826161,0.614850357839948,0.7105473645410985,0.8313658743633277,0.7368171641791044,0.779292817679558,0.8178100183262066,0.6922608695652174,0.6575893643801133,0.6730720919946926,0.650808618504436,0.645567356321839
KC,2014,0.763,0.6875795734208368,0.5857226134585289,0.8001784587652094,0.5786152173913043,0.6172160664819946,0.5190855884203902,0.7262642487046632,0.6809586518415567,0.6706867088607595,0.7326912280701754,0.6268880994671403
KC,2015,0.682543973941368,0.6218963106796116,0.6906828012358395,0.7477020139745171,0.7082162723121628,0.6662879581151832,0.7990027218290691,0.6916413373860183,0.7110064389697648,0.6409479338842975,0.6980782241014799,0.6692490207050923
KC,2016,0.746,0.669574394463668,0.6248540245566166,0.6704358865848498,0.7074806682577566,0.669607038123167,0.6977737397420867,0.7645525902668759,0.7887847245691111,0.7465992923485184,0.7356193480546794,0.6276923076923077
KC,2017,0.6382742066720912,0.6714753199268738,0.679541887592789,0.6496996434937611,0.5859985781990522,0.7982861736334403,0.6406847098214287,0.8144595419847328,0.5804472727272727,0.7135028571428572,0.7322981501632209,0.6888695402298851
KC,2018,0.7219422918384173,0.7104558662280702,0.7239396662387676,0.7978557692307692,0.5613699743370403,0.7892029850746269,0.46254936375603334,0.9263820689655171,0.6157304498269897,0.798062473438164,0.8053591756624141,0.6886515403830141
KC,2019,0.66,0.635037845705968,0.6820613701236917,0.581214103653356,0.63955712395236,0.6396732394366198,0.5072825590251334,0.8648221343873518,0.694131329113924,0.7162910983488874,0.7708406998158379,0.6923917340521113
KC,2020,0.6909174311926606,0.6429894311470313,0.7491784702549575,0.5623917067752683,0.5832259003273919,0.7230962566844918,0.5156777171632396,0.8992424607961399,0.5851658415841584,0.7521838091513491,0.8351203883495144,0.6989384800965017
KC,2021,0.9152859174964437,0.6944795802609189,0.603393725766655,0.6526753343239227,0.7707004864489229,0.6747798408488064,0.605881814715974,0.7916566332218505,0.6319605091383812,0.6919865942028984,0.7775229202037351,0.6784735834609495
KC,2022,0.899,0.7076275802752294,0.6956605981794537,0.6049003629165292,0.72882342076099,0.6985706940874036,0.723327579737336,0.9174087677725118,0.7016231404958677,0.685093353248693,0.7892192716236721,0.6544880069777583
KC,2023,0.8140000000000001,0.7596213619666572,0.6524445367677606,0.6227111033762618,0.7330795728556666,0.7452426966292135,0.6506130136986301,0.8915462753950338,0.6245024891101432,0.5345738636363636,0.7224824629773966,0.6280710881652105
KC,2024,0.9159999999999999,0.65202492211838,0.7219420423183073,0.6473321917808219,0.8249026687598114,0.6446894977168949,0.6520174563591022,0.8340000000000001,0.6775980662983425,0.5793191489361702,0.7025833333333336,0.6332393822393823
LA,2016,0.648,0.6107332444148049,0.7886851258581236,0.6390886676149834,0.6965036572622778,0.569006309148265,0.6331320283215328,0.5225454545454544,0.6757623188405797,0.6582184284377923,0.5793283582089552,0.634382667416995
LA,2017,0.6685757575757574,0.7052208409506399,0.7139505678022713,0.6124397510004447,0.7241760797342192,0.7786054054054053,0.5872894511149227,0.7411333333333333,0.7869737187910644,0.7344622727272728,0.5884548104956269,0.724249329758713
LA,2018,0.5523487297921479,0.6867357710651828,0.7881157436216553,0.6544982110912343,0.7549381283836041,0.7497282377919321,0.6158211645101664,0.8421024590163935,0.751408140403286,0.8443583902809415,0.7295693251533741,0.7861859664227294
LA,2019,0.5323348300192431,0.717310647639956,0.7351083333333334,0.6529835616438355,0.5065295774647888,0.6580808383233533,0.6632386575512742,0.7232801204819277,0.6344391993957703,0.6162225249772934,0.7981840101522841,0.7412360909530722
LA,2020,0.703,0.7493363298202107,0.7446405054871964,0.6606,0.7090725432307045,0.7269225512528474,0.4654603750756201,0.7143299999999999,0.7365847776940466,0.7729195225259915,0.6472153163152052,0.7247778335005015
LA,2021,0.723333096590909,0.6947530959752324,0.7776059850374064,0.75939410801964,0.689988990825688,0.621017094017094,0.5435222013758599,0.858124060150376,0.6646069636135508,0.8288888487910502,0.6556166281755196,0.7490588687956906
LA,2022,0.5647478532396564,0.6904668674698796,0.6651154395997141,0.6476046671242279,0.5357682317682317,0.7692000000000001,0.7980347874102705,0.5673278301886793,0.6473113799283153,0.705670293797606,0.6298126934984519,0.6811432360742704
LA,2023,0.6618746887966803,0.6116905339805824,0.7320155189136759,0.5944957877000843,0.6993165178571429,0.750938725490196,0.6525570321151716,0.8784566929133859,0.6103699721226603,0.6735732558139533,0.5950734072022161,0.756719818913481
LA,2024,0.5802409812409812,0.6133856382978724,0.6187883008356546,0.6980962309542904,0.6049033423667569,0.6644497607655502,0.5614140271493212,0.6409999999999999,0.5994951523545706,0.616355,0.5892010050251256,0.7190583804143128
LAC,2017,0.536,0.8399989384288746,0.6291076331685886,0.8076083827265029,0.592631282292156,0.7111466666666666,0.6446132748217225,0.8006225165562915,0.7322080209895052,0.6519676375404532,0.7418261933904529,0.7179649227110583
LAC,2018,0.5822533097969992,0.7649035330261136,0.581674040066778,0.6798018638573744,0.571757281553398,0.8173952879581151,0.59258203125,0.8825768025078369,0.7150053555489438,0.6654432029795158,0.6395637319316688,0.7665263437998936
LAC,2019,0.5861635610766046,0.7075773359840954,0.5303995485327313,0.756590383726306,0.5783156723063223,0.7507507507507507,0.6157959285004965,0.7422206572769953,0.6606915846016114,0.564694523135033,0.6641468624833111,0.6788592715231787
LAC,2020,0.48200000000000004,0.6041952487008165,0.677415071031501,0.6415387021110242,0.48488237756383423,0.6933622448979592,0.5898873370577281,0.7885000000000001,0.5815021156558533,0.56612734241908,0.7038991793669401,0.6922830284552846
LAC,2021,0.8363366918555836,0.5695619808306709,0.5468257142857142,0.7184380053908356,0.6908290282902828,0.6742186588921284,0.5816475961538461,0.9,0.6871029118468288,0.7158478441127695,0.6297212614445575,0.7057241058987458
LAC,2022,0.6879770023790642,0.6606539885560416,0.5274254385964913,0.6652371658888419,0.5816847096009482,0.7164902506963788,0.58971875,0.7726949152542374,0.6688614357262104,0.629647615293654,0.577240157480315,0.6932190557209698
LAC,2023,0.5652048401037165,0.6224079201545397,0.5084943820224719,0.7734535958216151,0.5552373540856032,0.5729235474006116,0.6294220442769666,0.8034317548746517,0.6931099683544304,0.6921443298969072,0.5822905027932961,0.6787372125762552
LAC,2024,0.557,0.6972939093484419,0.6050153015301531,0.6842493907392363,0.61416961414791,0.6260783410138249,0.6343524004085801,0.846643109540636,0.6378805340829234,0.7993569958847737,0.5541117824773414,0.6811285189718483
LV,2020,0.7358744228993536,0.512290294117647,0.5564045926735921,0.6182884839084916,0.594770673486786,0.7315329949238579,0.5585008163265306,0.8423927392739273,0.5193970235237637,0.6547781725888324,0.7909730893433798,0.6768211538461538
LV,2021,0.6463859362224039,0.6841355343179842,0.48069647696476975,0.6727022494887526,0.5032301970992934,0.7630111731843576,0.5903801852597663,0.775479892761394,0.6365913140311804,0.7212366972477064,0.6315616016427106,0.7068049678012879
LV,2022,0.628,0.6325382026253786,0.5668326086956522,0.7338241631396691,0.5521745240253854,0.8834259259259258,0.5150659448818897,0.6591100775193798,0.6278188375053033,0.7711604572396273,0.6516353591160221,0.7099717935071848
LV,2023,0.7415674846625767,0.6512669359850839,0.590410947368421,0.7696610915492956,0.6747144840351689,0.6670196629213484,0.7046485870556063,0.6485364238410597,0.6684534933561938,0.7364981498612396,0.5819898255813953,0.6854353623188406
LV,2024,0.546,0.6114593730006397,0.5743244353182752,0.6728740920096853,0.6628405103668262,0.5738579881656805,0.5390730593607306,0.5661620111731844,0.6182269736842105,0.6328654670094258,0.7668340163934426,0.6194076147816351
MIA,2006,0.6679999999999999,0.6251828478964402,0.7044138858988159,0.7923668763102726,0.6917935014963661,0.564195530726257,0.7938301075268817,0.5344781931464174,0.65790370058873,0.7610380658436214,0.6694331125827815,0.6697176151761518
MIA,2007,0.59,0.6355388768898488,0.656921760391198,0.6209573615160351,0.7198024948024948,0.7601661891117478,0.5286352941176471,0.4723495145631068,0.5391430588235294,0.7357913998170175,0.6095677267373381,0.6257227866473148
MIA,2008,0.5752274881516587,0.711945914844649,0.606629304029304,0.610366802351877,0.6757123958843707,0.5859702970297029,0.6807571902654868,0.7424893617021278,0.6735680770842061,0.8749524267179241,0.826206572769953,0.7432887205387205
MIA,2009,0.8403904593639577,0.7097823940765118,0.6341363115693013,0.7171067708333333,0.745650502402796,0.5808492822966507,0.5154232773595832,0.6964295532646049,0.658103142983621,0.836820189274448,0.7345502008032128,0.7227290640394088
MIA,2010,0.7213928934010152,0.71023775671406,0.66554321880651,0.7695101580135442,0.6940535486612834,0.5936712707182321,0.7448870772946861,0.6831747572815533,0.6615159144893111,0.76003125,0.7885298126064736,0.7241000637348629
MIA,2011,0.73,0.5919962470146708,0.5868638118638119,0.7137537393162394,0.6993945492662473,0.5993374384236453,0.6618391077361176,0.7195220588235294,0.5311552428506582,0.6699439200444198,0.774067385444744,0.6859013698630135
MIA,2012,0.7840403458213256,0.6058297354819093,0.5997432824981844,0.8143113810741689,0.6888436714165967,0.6315567567567567,0.7231692573402417,0.6863826714801444,0.8266879496402879,0.6137368122518434,0.6830308370044054,0.6826093935790725
MIA,2013,0.7879999999999999,0.7239443254817988,0.7089549218031278,0.7053878069432684,0.6960870159453303,0.7145469798657718,0.5670108733777622,0.8006626686656672,0.6590651324359531,0.6642641277641278,0.7071437271619976,0.7233316557624561
MIA,2014,0.634,0.6253231972198089,0.6551853394418992,0.7655438780872307,0.5393687236489078,0.7192379518072289,0.656137875751503,0.7547592592592591,0.6852883793237466,0.6937025069637883,0.7277896070975919,0.6825658835546475
MIA,2015,0.762,0.5693353695784972,0.6457494387067804,0.7223615879828327,0.4763436960276339,0.7332046332046332,0.6132375409239724,0.6789200626959249,0.6923539562289561,0.6187713864306784,0.6156998738965952,0.7256377952755906
MIA,2016,0.6013450946643717,0.635831047381546,0.6756115333035315,0.6605669230769231,0.5990353614144565,0.7440901856763926,0.5400373502466524,0.7086371681415928,0.6427699843260187,0.6840973084886128,0.6351204111600587,0.7542209648600358
MIA,2017,0.621,0.6665594488188977,0.7135125881168177,0.6909977457168621,0.5392722859664608,0.7142780748663102,0.5308332012678288,0.5703038759689922,0.6395858359480053,0.612951381780962,0.5883704071499504,0.6882340862422999
MIA,2018,0.6255429141716566,0.6343976608187134,0.6252901008249313,0.6558564857405703,0.5265670831070072,0.7201875,0.5797328506097561,0.48157142857142854,0.7044159528907923,0.7024716062736615,0.5598398058252427,0.6786152392947102
MIA,2019,0.6629999999999999,0.5342347964040189,0.6606030317385126,0.5913562231759657,0.4516771551724138,0.5857203389830508,0.519892903787549,0.7098587570621469,0.6433874923359901,0.5185799418604652,0.5808425196850394,0.6532088050314466
MIA,2020,0.654,0.6555771571786608,0.6787041898031299,0.7068055842812824,0.5893617936117936,0.7035187499999999,0.5237360754070266,0.7004047999999999,0.6058051550895587,0.6032612712490761,0.7338002336448598,0.6768237288135593
MIA,2021,0.5580572419774502,0.6536778392450375,0.6763387888707038,0.656,0.5880008428150021,0.6244309523809523,0.5969845847836898,0.713160116448326,0.7084159779614325,0.5205610839626833,0.6366275140788414,0.6948973317865429
MIA,2022,0.784,0.6025920205920207,0.6853703319502076,0.7327894380501017,0.6010661462612983,0.706507614213198,0.6441136057476425,0.7407924528301887,0.633455005843397,0.6165039080459771,0.6060131578947368,0.7845993836671802
MIA,2023,0.6014981791697014,0.6029424977538185,0.6886593036315986,0.781905861456483,0.5792561787072243,0.8133895216400912,0.6609622641509434,0.8658774583963693,0.7589903239377367,0.6914253666954271,0.5098686868686869,0.7646409989594173
MIA,2024,0.8270000000000001,0.6825020380434783,0.6726969465648854,0.5975576208178438,0.5943721709974854,0.7607023255813953,0.5597477477477477,0.6327484662576686,0.6292982300884956,0.7277158424140822,0.5899432624113474,0.6071613663133099
MIN,2006,0.7153122590593678,0.6952186998394861,0.8097508287292818,0.5568628731343284,0.6997942830365511,0.6038740359897172,0.6998211320754717,0.5633115823817293,0.7886478174603174,0.6914695378151261,0.6165611510791367,0.6103378628783199
MIN,2007,0.777,0.6937817130466208,0.7543294337856808,0.6604557700942972,0.8384063904143784,0.8155132530120481,0.6815584173198954,0.61173,0.7265329995448339,0.7381271442986882,0.6643539682539682,0.7032416731216111
MIN,2008,0.787,0.760188679245283,0.6812525629077353,0.6740386740331493,0.815,0.657429435483871,0.6653487571701721,0.6072877959927141,0.6659792671166829,0.7443649247121348,0.8425347885402455,0.6751280056577087
MIN,2009,0.5980016181229774,0.6655661053385884,0.6996589259796807,0.7536192139737992,0.6832025806451614,0.6031891891891892,0.6954228010570026,0.8906033182503771,0.6081405109489051,0.7431927162367223,0.7527771679473105,0.7850934684684685
MIN,2010,0.6753290734824281,0.7003811036125447,0.6969077644606566,0.7279322689888729,0.7265013863216265,0.7927877984084881,0.6936405622489961,0.5680301953818827,0.5198662324649299,0.7092391622016561,0.6526018396846255,0.660712676056338
MIN,2011,0.8208749999999999,0.6111889007470651,0.6654168663152851,0.763078046554085,0.760856610800745,0.7974969696969697,0.6339438377535102,0.5648193979933109,0.458446223316913,0.7273048721659431,0.7287445945945946,0.6885965379494009
MIN,2012,0.847,0.6709332691690728,0.6467505838393275,0.7180822309617446,0.6468765938069216,0.879952380952381,0.5616230366492146,0.5553197969543147,0.71397079682937,0.7669999999999999,0.7224428969359331,0.6880469055374593
MIN,2013,0.865,0.5820356252226577,0.6283967693084301,0.680203216374269,0.7497390891840607,0.7658802228412257,0.5837619926199262,0.5868916323731138,0.6131891993957704,0.7713353919239905,0.7379113924050633,0.7279266001174398
MIN,2014,0.7020000000000001,0.6782048192771085,0.7254335205992509,0.6693872007366481,0.6561817741153659,0.6012225705329154,0.6376348228043143,0.6974983552631577,0.7976326436781609,0.6891160247265812,0.6909076723016906,0.6988198614318707
MIN,2015,0.7588527777777778,0.6805114980289094,0.6828895320791124,0.6896332648870638,0.6795085767269355,0.6660577367205543,0.6855695443645085,0.6852810810810812,0.6629690346083789,0.6306974288337925,0.720361038961039,0.6755157894736842
MIN,2016,0.7080189573459715,0.7186373276776247,0.683675404350251,0.665141392567279,0.6509553376906316,0.5768927444794952,0.5806178209459459,0.7591674565560822,0.67365712900097,0.5557629796839729,0.7242093023255813,0.7203916897506926
MIN,2017,0.6659999999999999,0.6657470569519567,0.7498114343029088,0.7455282944202611,0.6439003516998828,0.7211466395112016,0.6728005562177195,0.8031488721804512,0.8548695846359982,0.6424645756457564,0.7012060240963855,0.748063524590164
MIN,2018,0.4392960151802656,0.6765671641791045,0.6665835734870316,0.7158099094807052,0.6120038113387327,0.7288430034129693,0.663231097821444,0.7929999999999999,0.8037041108986616,0.660262959472196,0.6226838235294118,0.7588626543209877
MIN,2019,0.578,0.6140360307147077,0.6001854207436398,0.7592858161083393,0.6130431439555745,0.7401630901287553,0.7124785079928951,0.8399736842105264,0.8657332293291731,0.6936951541850219,0.6637527638190954,0.7252543659832953
MIN,2020,0.614,0.5530063447303489,0.5133939223410242,0.5644876937101185,0.5167777777777778,0.8646908665105387,0.591932389937107,0.8340000000000001,0.6857908847184986,0.7459831588529813,0.6366510067114094,0.8139899799599197
MIN,2021,0.6350465288035451,0.5592563119207414,0.6490452801227935,0.5944141274238227,0.6170835214446952,0.6418870588235295,0.5630235294117648,0.8674226646248087,0.7217035714285716,0.6758649386084586,0.6267647058823529,0.7491366718831508
MIN,2022,0.6241474358974359,0.6734493506493507,0.6937738473767886,0.7670036536353672,0.6515420408163266,0.6819132791327914,0.6382809706257982,0.7893741851368969,0.6546830732292916,0.8123159821065475,0.6660293356341673,0.7423467600700526
MIN,2023,0.6127693677649154,0.5964569427276473,0.5503668202764976,0.6179471698113207,0.5815942184154176,0.6734610951008646,0.738436660828955,0.7104087301587302,0.7031915077989602,0.7608456735057985,0.7676909684439607,0.6674747919725893
MIN,2024,0.68,0.6495325757575758,0.6092909803921568,0.7003840472673558,0.5785,0.7330079365079365,0.6574836272040302,0.739108552631579,0.6614644607843138,0.7738592010478061,0.6565850515463918,0.7259667036625972
NE,2006,0.721,0.7587250244061179,0.8159108940201303,0.7108576779026218,0.8500847842543529,0.5377092050209206,0.6555586005830902,0.7329669064748202,0.6779736111111111,0.7682338156892613,0.7194071499503475,0.644371921182266
NE,2007,0.785,0.6504641948382407,0.7742370661427636,0.7766597412779302,0.840526158445441,0.8183884711779449,0.5302601678502259,0.9338277254374158,0.718816041500399,0.8018617061255168,0.6714624447717231,0.8026006959547628
NE,2008,0.753,0.6242455913978495,0.6910986431976532,0.6497037681159421,0.8584326273095989,0.5673444180522565,0.6156159169550173,0.6207967741935484,0.691200845665962,0.8363663101604278,0.6346574746008707,0.6768624368332398
NE,2009,0.7809999999999999,0.6549462626262627,0.6044686176357335,0.6719705882352942,0.873604386677498,0.5069105504587156,0.6266886261261262,0.7524096385542168,0.6581167165455322,0.8064213219616204,0.6836434108527132,0.7500325248070562
NE,2010,0.7440000000000001,0.6998876533742331,0.6224617100371748,0.6662543585158694,0.769511466897447,0.669031941031941,0.7105831889081455,0.8589251700680272,0.5723948106591866,0.7505655172413792,0.7807084168336674,0.7086228610540726
NE,2011,0.6983452544704265,0.6418049403747871,0.6358951071314359,0.7599207606973059,0.7844330097087379,0.6736376146788992,0.6529070996978852,0.8887357512953368,0.5654979937583594,0.7334459942775394,0.8780395968322534,0.7515658747300216
NE,2012,0.8490000000000001,0.6816723679209427,0.6290880444856348,0.7150223983459684,0.7726357117246325,0.7070714285714285,0.7166880341880342,0.9007997399219766,0.738295826893354,0.7806109530583215,0.7930934343434343,0.7353463796477495
NE,2013,0.711,0.6776207302709069,0.5153280442804429,0.6998389261744967,0.7308670649738612,0.7672443531827516,0.677703125,0.79,0.7306970986460348,0.7773897859556892,0.6951361386138615,0.7174213457076565
NE,2014,0.645,0.672020308924485,0.5693964828137491,0.6736806411837237,0.6440335544284043,0.7170039920159681,0.7764325941569871,0.8429161372299873,0.8235478997789241,0.6932504327755338,0.7618508557457212,0.7088110195674562
NE,2015,0.6015460385438973,0.6818899637243048,0.6870013210039629,0.7498174904942967,0.6529595305544313,0.6667303370786516,0.7503241650294696,0.9157249357326478,0.776447223124391,0.5883573712255773,0.8093381112984823,0.6835766634522661
NE,2016,0.71,0.7429372346876895,0.7334918890633176,0.6911435689816257,0.7418397647923557,0.607545073375262,0.6876340072576465,0.8906790945406127,0.7233156856297269,0.8324992967651195,0.7849907407407407,0.6968772510106578
NE,2017,0.8239110947832475,0.7170403152470445,0.6736397334443982,0.6588761391880696,0.7795172921265637,0.7709694989106753,0.5543798627002288,0.8708744979919679,0.7015567629396626,0.7254833638025594,0.7538965791567225,0.6708247293921732
NE,2018,0.7526422823701536,0.7857223476297969,0.7239071949947863,0.721283261802575,0.8136053876956681,0.7293090128755365,0.6792958963282939,0.9062882758620691,0.7484594410361282,0.7076755395683453,0.6939343065693431,0.6860863549618321
NE,2019,0.665,0.7501460711887173,0.6614070473876063,0.7364604380867233,0.7549629051151894,0.686485576923077,0.6980658570761326,0.7862189781021899,0.7069659606656581,0.6765121749896823,0.5329140271493213,0.6535057051574622
NE,2020,0.6524988713318284,0.6662506544502618,0.5595294447560292,0.6223050161812297,0.7917071509648128,0.8123665689149561,0.5372526401299758,0.6739557344064386,0.6296998863205758,0.7717932914046122,0.5040838323353294,0.6603724137931034
NE,2021,0.7959999999999999,0.6775078516538591,0.5880178805058875,0.6196721763085399,0.7999859207113746,0.81981220657277,0.6424005245410266,0.8006387096774195,0.7509180386542591,0.7046070577014782,0.6808242506811989,0.7186189402480271
NE,2022,0.6920028116213683,0.624712647554806,0.5630156398104265,0.742029069767442,0.6732793682132281,0.7800168539325842,0.695036963036963,0.6739003322259136,0.7316661056883205,0.6425510026155187,0.5652877697841727,0.6556346047540077
NE,2023,0.7120000000000001,0.592297155481911,0.6151537414965986,0.6076006869901245,0.5620167189132707,0.6962134831460675,0.7459879893238434,0.522,0.68238421418637,0.6531889763779526,0.6477416216216215,0.6178143028846155
NE,2024,0.4860566037735849,0.644978148361127,0.590611152976639,0.6853561253561253,0.4852978056426332,0.6939862385321101,0.5356495867768595,0.6317005347593583,0.6511538965291421,0.5824421460892049,0.6891022727272729,0.5735272556390978
NO,2006,0.7516589271417133,0.5725501960784314,0.7768708961845608,0.6774606413994169,0.819290296712109,0.6745969498910677,0.744926159554731,0.813135520684736,0.6295889624724063,0.7180636182902584,0.6478244170096024,0.7237348571428572
NO,2007,0.76633907524932,0.670985851019559,0.7259388794567062,0.6878333333333333,0.8,0.6295444126074499,0.609087982832618,0.8390000000000001,0.7168173076923077,0.6615485175202156,0.6518626907073508,0.6950547486033519
NO,2008,0.745289400921659,0.6476241877256317,0.5405554997488698,0.5515393996247655,0.8661079335793358,0.5938870523415979,0.6379306016980435,0.8190000000000001,0.5277299516908214,0.8061526822558459,0.7575640096618358,0.6839693937610358
NO,2009,0.8259487179487179,0.7037647989870212,0.5792375919117646,0.5357145079735511,0.9066916036609629,0.6153869653767821,0.6327334826427773,0.8583224368499257,0.6901227018385292,0.728575678040245,0.785182326621924,0.7418459335624285
NO,2010,0.6848809723386421,0.685804716981132,0.6022667375132837,0.6342201286764705,0.8075000000000001,0.6609031413612567,0.5233590169378943,0.868406914893617,0.6543118644067796,0.6891630847029078,0.6818011363636364,0.7119624746450304
NO,2011,0.6952800294767871,0.6628303509979353,0.6272066521264995,0.5943025175402393,0.7979619669611986,0.7820927601809955,0.4719461358313817,0.9297283950617283,0.5355603765861645,0.749467410875045,0.8359809322033898,0.7468421807747488
NO,2012,0.8440000000000001,0.597351845463953,0.6498680965147453,0.6451852122986822,0.7886001676445935,0.78958,0.5888146462556888,0.8467185714285713,0.4841851851851852,0.6731339605734766,0.7478490066225165,0.7106053333333334
NO,2013,0.78,0.6842783211083945,0.6457576904874586,0.7542343558282208,0.7934622309197653,0.8171520618556701,0.5922678485864876,0.8405945945945946,0.6431152530779753,0.7327071428571429,0.8054976258309591,0.7157740458015268
NO,2014,0.6636640350877192,0.5256435907189047,0.6292575614366729,0.665360569105691,0.7096470588235294,0.7329217877094971,0.48905724508050097,0.8909999999999999,0.5515758354755784,0.7388092941692239,0.7121547738693468,0.6903037234042554
NO,2015,0.705,0.5327757264957265,0.6299463007159904,0.635648291571754,0.7168213796253997,0.6893896457765667,0.5093604781471797,0.8626932952924393,0.6380102516309414,0.7699194711538461,0.6911861598440544,0.7089649746192893
NO,2016,0.7509999999999999,0.576933249370277,0.5560842161016949,0.7540518934081347,0.6842328278322927,0.6451643059490085,0.5411229546517065,0.8320000000000001,0.6208344463971881,0.752018362662586,0.6024349315068493,0.781375879396985
NO,2017,0.631,0.7227210884353742,0.7097956656346749,0.7757043951769741,0.679315308988764,0.7718045112781955,0.6019296660117877,0.892,0.7045414309484193,0.7911304801670147,0.5977938420348059,0.7371221719457015
NO,2018,0.634,0.6438736358414704,0.7246858802502235,0.7772696057651548,0.5335540865384615,0.7927865707434053,0.7212866853258697,0.919139240506329,0.693704033970276,0.8066819727891156,0.6406675257731959,0.7297749178532311
NO,2019,0.78,0.6289279231179925,0.6462095141700405,0.7780507511165246,0.6172664141414141,0.7138724035608309,0.6846893242702919,0.8494155251141552,0.706026171637249,0.8435146017699116,0.7337914438502673,0.7115324751316559
NO,2020,0.6937680921052632,0.6189062203978529,0.7117969543147208,0.7615370127025844,0.5827763048881524,0.7989975786924938,0.6681032083494396,0.6994984567901235,0.6481139329805997,0.7934666666666668,0.6982163588390501,0.6983558718861211
NO,2021,0.6164812286689421,0.6704432132963989,0.6721943611277745,0.7544252,0.5097448246725813,0.6482751091703057,0.6921549037580201,0.699432013769363,0.7135829072315559,0.719304329725229,0.6151286713286714,0.6673205771643663
NO,2022,0.5839148936170213,0.5193428571428571,0.5641761633428299,0.7239407439446367,0.4956816574027287,0.7013714285714285,0.7666266233766234,0.7811617647058823,0.7285480984340045,0.6779504906333631,0.6741778656126483,0.7186801302931596
NO,2023,0.794,0.6635404282518377,0.5430519221168247,0.7150007942811755,0.5463195342820181,0.6933486238532109,0.7471316279069766,0.7559230769230769,0.7049356939356939,0.6141504098360655,0.6306940382452193,0.697985352112676
NO,2024,0.659516814159292,0.5585102581072138,0.4426901294498381,0.6246817248459959,0.6497373511904762,0.7083181818181817,0.5981963898916968,0.7165637393767705,0.6011747772446882,0.6321178623718887,0.6437810760667904,0.646492130115425
NYG,2006,0.6729999999999999,0.6865302478134111,0.628079674796748,0.6453561320754717,0.7431732711732711,0.6731194690265487,0.6097547864506628,0.605,0.7532181259600614,0.6668734359961501,0.70601547116737,0.6668855305466238
NYG,2007,0.7440000000000001,0.6667826086956523,0.62224,0.8012444061962134,0.8834057657657657,0.6475247706422018,0.574800219941349,0.702617110799439,0.5948897002305918,0.7452472160356347,0.7160337995337995,0.7216630151278038
NYG,2008,0.7894548611111112,0.7385721207603428,0.5999056939501779,0.660600977198697,0.9090098302055406,0.6532914171656687,0.5665036249395844,0.6501207207207208,0.6357720855183541,0.781031800601633,0.7984653465346535,0.6647389192471159
NYG,2009,0.8420000000000001,0.6953684824902724,0.5555367863449088,0.6712854570013508,0.8409157647058824,0.4803244552058112,0.5919638554216867,0.7566666666666667,0.3745762455963765,0.7338124131542381,0.784007894736842,0.7645329230769231
NYG,2010,0.6523298033282905,0.6355977396400166,0.7370363636363636,0.7847987124463518,0.7554673084636983,0.7276036036036035,0.7009242728184555,0.8109999999999999,0.6212449845679011,0.7122787046123651,0.6757145061728395,0.7364841897233202
NYG,2011,0.655,0.6745068015347053,0.6610784408084697,0.6816230980294337,0.5845345360824742,0.729010460251046,0.6167900621118011,0.8740000000000001,0.6312742672761495,0.6615515151515152,0.7241188811188811,0.7935524635036497
NYG,2012,0.7340000000000001,0.554645434298441,0.6762199270959903,0.7117071662422699,0.7826039603960395,0.7510973684210527,0.5762220408163264,0.7841830985915493,0.6895769392033543,0.709442289498581,0.7674736048265459,0.7739321824907522
NYG,2013,0.6551237964236589,0.7015832713754646,0.6670375653827866,0.6361722177091795,0.6373301809210526,0.6151544943820225,0.5588936802973978,0.6768238172920065,0.7888302626421011,0.727271787296898,0.66688654353562,0.7220713470319635
NYG,2014,0.6688504347826087,0.6478485602559544,0.6479138309549946,0.6671857262103505,0.6522148900169205,0.5911926605504587,0.5474815887463799,0.7058925233644862,0.5215446194225722,0.7425811885821245,0.6944,0.7414341085271317
NYG,2015,0.7862631578947368,0.6625874630784377,0.6352180774748925,0.6517651444547996,0.7415617338003502,0.64525,0.5604008157211716,0.6567872340425532,0.5108571428571429,0.5467901174168298,0.627958051420839,0.6888029055690073
NYG,2016,0.7755067385444743,0.7151492618917441,0.7087533016376123,0.6924553739786297,0.7466992592592592,0.5711670951156813,0.5161853546910755,0.644,0.7399995421245421,0.6408161648177497,0.5414915966386554,0.7013632053105738
NYG,2017,0.7069917149958576,0.6572474295190713,0.7681653061224489,0.6907361597757533,0.6339644351464435,0.6121657608695652,0.5018595505617978,0.6902942989214177,0.6997904139433551,0.6042683775554588,0.6559478935698447,0.6232277657266811
NYG,2018,0.6105149444918874,0.6531007518796994,0.7044973600844773,0.6815919132972071,0.6289321817018555,0.801622641509434,0.5175685636856369,0.6400490506329113,0.6416981132075471,0.6286962809917355,0.6837118012422361,0.7142125630959058
NYG,2019,0.5562837209302325,0.4981942207484604,0.7446925418569253,0.6356411308709531,0.6829387234042553,0.6893181818181818,0.6047725888324873,0.6488634361233481,0.6617439688715954,0.6414037170882809,0.6079415347137637,0.6966156862745099
NYG,2020,0.597,0.6323230254910155,0.7666333578251284,0.5862776101388052,0.5552828332513526,0.6563881578947368,0.6103477572559366,0.7614111675126903,0.6186068431245965,0.611358121330724,0.6161156462585035,0.6991373172282263
NYG,2021,0.6241180358829084,0.6585633047210302,0.6235837200999642,0.6044617909048289,0.5338871321914801,0.6186331168831168,0.43735177865612646,0.5627227272727273,0.6497620137299771,0.6695409111012827,0.5789000000000001,0.6299029810298102
NYG,2022,0.574,0.604758498374224,0.6597669971671387,0.5567968463513018,0.5920568475452197,0.7768423645320196,0.5094521548575602,0.7293366336633664,0.5978436003830194,0.6570865834633385,0.5829493136219641,0.6651174463937621
NYG,2023,0.41552713178294576,0.5414541455160744,0.6456405075187971,0.5250017057569296,0.45957462686567163,0.6491516034985423,0.7283600713012478,0.6545462686567164,0.7497834839769927,0.5446205334675389,0.593525,0.6152297503820682
NYG,2024,0.614,0.6443374631268436,0.6204918879056048,0.6833801787164907,0.6375,0.6289999999999999,0.6752804054054053,0.708671679197995,0.6089914463452566,0.6679535558780842,0.5462373540856031,0.6682903765690377
NYJ,2006,0.8270000000000001,0.6901890772128061,0.592716037735849,0.6440024606299213,0.712539126478617,0.5189606481481481,0.6544716699801193,0.5949865092748735,0.7950273311897107,0.6671412180052957,0.6586,0.7401456200227532
NYJ,2007,0.836,0.6732773892773893,0.6987880586592178,0.6132139917695474,0.7108194312796209,0.6678766404199474,0.5977099117799689,0.5510533562822719,0.7822718168812589,0.6943702290076336,0.7038928024502299,0.6852229965156795
NYJ,2008,0.937,0.761131021194605,0.6397705772811919,0.6081714538223596,0.8190068762278978,0.5574824797843666,0.6432673015873015,0.6225815602836879,0.8140880503144654,0.9128845014807503,0.7242457142857143,0.6553123456790123
NYJ,2009,0.934,0.7543657867672267,0.6702253767963546,0.6490310531053105,0.7988363933088537,0.49495999999999996,0.6874195774040536,0.5413925049309666,0.715422028353326,0.8630597576264104,0.6933551829268292,0.7311730182926829
NYJ,2010,0.8809999999999999,0.6874729299363057,0.7101191233651466,0.6360579447713898,0.7444735009671181,0.6071701720841299,0.7330974539069357,0.7142164634146343,0.6473206185567011,0.775099360180655,0.6518676092544987,0.6957958208955223
NYJ,2011,0.888,0.7311242257398486,0.6558794326241135,0.7217262168141593,0.7221221303948577,0.6416223958333332,0.7316106741573033,0.5330149253731343,0.6182685063512922,0.6722691117984976,0.6775754716981133,0.666792465300727
NYJ,2012,0.848,0.6751139677666923,0.7218625416821045,0.6257261048304215,0.7632035234121466,0.6540817307692307,0.5965563345017526,0.46107246376811595,0.6376771210293526,0.7700615640599002,0.6672733516483516,0.6483383838383837
NYJ,2013,0.732,0.5591666035592578,0.7635829846582985,0.6824827259820162,0.6366743638077286,0.6906498673740054,0.6005569972196478,0.5880611510791367,0.5818649380804954,0.7225137963843958,0.695278931750742,0.6695208877284595
NYJ,2014,0.8154949494949495,0.5701287290559869,0.7931028549080953,0.6869151892668903,0.6552337781868385,0.6432461139896374,0.6417090997095837,0.5121005110732538,0.7660204183266932,0.727884509624198,0.5620548112058465,0.6779016393442624
NYJ,2015,0.7357597461468721,0.5952486468200271,0.7743876355112805,0.613843713278496,0.7085747178329571,0.6824583333333333,0.6207614285714286,0.6336570996978852,0.718209574987787,0.6029576271186441,0.518,0.7026954838709678
NYJ,2016,0.6465064220183486,0.6126475869809203,0.7278869987849331,0.6531374249499666,0.7407691123653156,0.6759946666666667,0.5346268011527378,0.5139819672131147,0.597002886002886,0.6338751683879659,0.5658125,0.6547990632318501
NYJ,2017,0.5027788461538462,0.6007446548564446,0.7057237851662405,0.6778555045871559,0.5872023923444976,0.668219512195122,0.5928212215782435,0.6305567010309279,0.6354078118437632,0.6607798165137614,0.60825069637883,0.664004209260373
NYJ,2018,0.5080526315789474,0.6248884772137828,0.7450600139567342,0.60603857421875,0.626935297515887,0.6356073446327684,0.6799835512442007,0.6098969072164948,0.7877544727826418,0.6451626865671642,0.6551823979591838,0.6444626198083067
NYJ,2019,0.5277602739726028,0.6526990464839095,0.7118127139364302,0.6751038406827881,0.5660603112840468,0.6997596153846154,0.502822871883061,0.6001097770154374,0.8041496663489037,0.6206525590551182,0.5918981481481482,0.6722018681888946
NYJ,2020,0.622,0.5900171779141105,0.7049150908416758,0.6232245093346098,0.5751806515301086,0.6307275449101797,0.49171136241249325,0.5773520140105078,0.6400352986811482,0.6506978021978022,0.5646366279069768,0.656194180190263
NYJ,2021,0.759,0.5542786489746683,0.5502060656418778,0.663323603002502,0.6462514124293784,0.6781963190184049,0.42022765793528505,0.5825996810207337,0.603509842519685,0.7019339106654513,0.5725637860082303,0.6470526565464896
NYJ,2022,0.696,0.781205546492659,0.7282184954480115,0.7430169270833332,0.591671334431631,0.6534176610978519,0.636969495502542,0.5240349854227405,0.624725875320239,0.5321165297741273,0.5969976580796252,0.6829585230146688
NYJ,2023,0.5720809484873262,0.8042122007215481,0.6171754726126999,0.7496386118867172,0.5284981253347617,0.8029877551020409,0.813041478439425,0.5296192411924119,0.685449701423978,0.5301924635332252,0.6375618615209988,0.5972763895971444
NYJ,2024,0.722,0.6608550446998723,0.5578667168674699,0.5369610182975337,0.7460197368421052,0.6181,0.7071125827814568,0.7831227621483375,0.6398011620400258,0.6728805275407292,0.5777851063829788,0.7023682719546741
OAK,2006,0.7284672048435924,0.746086178184846,0.6757597840755735,0.5733051742344245,0.6818023952095809,0.5832054794520548,0.6750324599139617,0.5192864583333334,0.6186418269230769,0.612387969924812,0.532874686716792,0.6356400000000002
OAK,2007,0.8297660377358491,0.6162313152400835,0.6793393622084721,0.608075749318801,0.7714462494027712,0.6265180995475113,0.6857009487666035,0.5074526112185687,0.5197635416666666,0.7153406279733587,0.6355099236641221,0.67986867862969
OAK,2008,0.6975,0.6995682166581503,0.5254899203000469,0.5279325997248968,0.8138876651982379,0.5466197183098591,0.5972487526728438,0.5314212765957447,0.6084320882852292,0.6642125859333685,0.7585632183908045,0.5854469964664311
OAK,2009,0.726,0.6544076728499156,0.49849373979314104,0.6290456074766355,0.7214447186574532,0.5596095505617977,0.5919455284552845,0.5524566787003611,0.6961930885529157,0.637867915904936,0.7205584756898818,0.5880606694560669
OAK,2010,0.695,0.6234938757655292,0.6793585447582575,0.6879197530864197,0.664282146160962,0.6808564102564103,0.6545139135583186,0.6376660777385159,0.6905832078313253,0.6745320820602357,0.752,0.5847518009168304
OAK,2011,0.745,0.5377638830012718,0.6940734714003944,0.6619454787234043,0.6890845332094753,0.7273273195876288,0.591786917740337,0.66031914893617,0.6174855954855956,0.7150396921830701,0.6838665413533834,0.7173205841446453
OAK,2012,0.6637506654835846,0.7254316002019182,0.6509646107178968,0.6727283181600383,0.6586117755289788,0.5851418439716313,0.646654609101517,0.6468556390977444,0.6105320447609358,0.6817495327102804,0.7157640750670241,0.6868094968908989
OAK,2013,0.738969439728353,0.5500398975109809,0.6147519920318725,0.6165468493150684,0.5691545623836127,0.7006093189964158,0.6163134168157425,0.5623034111310592,0.5521178509532062,0.6439427083333333,0.6460499243570347,0.7018907894736843
OAK,2014,0.7440000000000001,0.6152091254752852,0.6110873786407768,0.73403375,0.692680965147453,0.5978781362007168,0.4065950299125633,0.4985284431137724,0.6193421378456458,0.7041760268231348,0.5339914772727272,0.6325819761129208
OAK,2015,0.724917221693625,0.5708814930015551,0.6918409607270366,0.7830707279297883,0.6875592479230432,0.6514648829431438,0.5248570743405276,0.7428183206106871,0.7483469891411648,0.7813157894736842,0.6455050251256281,0.6878956386292836
OAK,2016,0.8370000000000001,0.6625311188811188,0.5734911392405064,0.8031757950530036,0.7791143434343435,0.692412987012987,0.599064,0.8118969072164949,0.6827018493459631,0.753457774269929,0.6064122681883024,0.7077618819011041
OAK,2017,0.762,0.6588095061269958,0.6549028548770817,0.7928060928433268,0.7226975706494794,0.7068125,0.5930823275862069,0.6877837837837839,0.6519145338208409,0.6562710784313724,0.6175828729281767,0.6192647058823529
OAK,2018,0.8190000000000001,0.5918664586583464,0.644052434456929,0.5743166885676741,0.6235600358422939,0.6816531791907514,0.5764249116607774,0.7296623376623377,0.6436665139715987,0.489778097982709,0.733739570164349,0.6426715039577836
OAK,2019,0.6558666666666666,0.5808451178451178,0.6684170040485831,0.6157064760302775,0.6596861206473762,0.8205167095115682,0.5304722838137472,0.7903074204946997,0.6692306010928962,0.6373614750121299,0.7789907300115876,0.6337780187997107
PHI,2006,0.7509999999999999,0.7323286516853932,0.5188421052631579,0.6187294900221729,0.8411498330550919,0.652695652173913,0.6100382402707275,0.643242962962963,0.7618503850385039,0.7665,0.6818412698412698,0.6689505400795906
PHI,2007,0.823,0.6422732720735117,0.7162047917855106,0.6853702256944445,0.8051859925788497,0.7540685714285715,0.6771881382560879,0.6189315068493151,0.6852406159769008,0.7615930232558139,0.624094395280236,0.7202423900789177
PHI,2008,0.7879999999999999,0.7364694471387003,0.7064988317757008,0.7033885843276362,0.7948775981524249,0.6106435897435897,0.6441911663216011,0.7215172413793103,0.8084100077579519,0.7578783194609592,0.6495446650124069,0.6708914365933553
PHI,2009,0.825,0.7110439956725567,0.646580985915493,0.6854561576354679,0.6918594838181074,0.5484491525423728,0.6461886852085967,0.680387786259542,0.6316892160764027,0.733781188118812,0.7780380116959065,0.6911926556679086
PHI,2010,0.6656460176991149,0.6146780399274048,0.6514014713610089,0.7448940476190478,0.7094956672443674,0.6257667731629393,0.48913357798165136,0.7226995827538248,0.6729626736111112,0.7341237970253718,0.6246637426900585,0.6636284360189573
PHI,2011,0.625975925925926,0.672938376383764,0.6680293685756241,0.8004487179487179,0.7749051765844218,0.6996360946745561,0.5535703703703704,0.7318986175115207,0.593682884945621,0.8141369182105739,0.7742142857142857,0.6840754617414248
PHI,2012,0.6964809228039042,0.6063135528330781,0.614525664527956,0.7629780487804878,0.7967826941986234,0.7327012195121951,0.6180955684007707,0.5727696629213483,0.48908942307692305,0.638361178369653,0.6582663438256658,0.6980038004750594
PHI,2013,0.8732278589853827,0.7123997425168973,0.6133909433962264,0.7219972318339101,0.8739999999999999,0.8288076009501187,0.5540735062893082,0.6906080645161291,0.5877088897367417,0.8207742906276871,0.7912145545796737,0.7172962962962962
PHI,2014,0.7335483346872462,0.6250556270096463,0.6889880631497882,0.6990266370699222,0.7271889352818373,0.5982850241545893,0.6876267778322708,0.6172166172106824,0.73053479544496,0.8355613586559534,0.7920771850170261,0.6954561855670102
PHI,2015,0.741,0.5778067495559502,0.7365070162481536,0.7013694542599137,0.6641097666378564,0.5925365853658536,0.557983908045977,0.7498928571428571,0.7176652274991696,0.7558987012987014,0.816632530120482,0.5904827586206897
PHI,2016,0.7137989417989419,0.5473326621022956,0.6841170103092783,0.7272840646651271,0.7836941990011524,0.591015748031496,0.7925758232235702,0.6990950226244345,0.7007496907216494,0.8086919664859537,0.6859201213346815,0.5981638776687825
PHI,2017,0.941,0.7373588216859918,0.723493665158371,0.8198779940119761,0.7496680942184154,0.6596196721311476,0.6728910741301058,0.8070604838709678,0.7487635110627494,0.7273142857142857,0.7247894736842105,0.6956150925486474
PHI,2018,0.871,0.6213408314350797,0.8229888268156423,0.7880132255694341,0.6875399284862933,0.6129687500000001,0.6805402742073694,0.7824835164835164,0.7272377450980393,0.717955796497081,0.7452338352524358,0.6935338865836792
PHI,2019,0.8109999999999999,0.5406807142857142,0.7545459871118922,0.7183386765310317,0.7867242311591754,0.6431945812807882,0.6321096774193548,0.7549748603351956,0.6785905511811025,0.8142970978848991,0.7581371900826447,0.62607157326131
PHI,2020,0.6933146362839614,0.5262272024729522,0.6599590929301913,0.7246396148555709,0.6267904,0.6132426229508197,0.564101514531314,0.6202256699576869,0.682715690129768,0.6766482387475539,0.7168840436075322,0.6127328664332167
PHI,2021,0.8289480301760268,0.7062536615768152,0.5883414351851852,0.6422368217054263,0.6967355338223308,0.7146699999999999,0.6019336349924587,0.7537795527156549,0.6355737445630684,0.82378587003925,0.7969642857142857,0.6590142857142857
PHI,2022,0.8887589158345222,0.699784776902887,0.675470588235294,0.7665856992639326,0.7098389405869721,0.6830443458980042,0.75019477006312,0.8448349514563107,0.6320841865756541,0.8024867193108399,0.6710755555555556,0.7475068557919622
PHI,2023,0.7859999999999999,0.5589731778425657,0.7514647036617592,0.7102437831227069,0.6294337748344372,0.6275251396648046,0.6622082840236686,0.8584260869565217,0.7080125184094256,0.8008928716904278,0.6448841843088418,0.7166567164179104
PHI,2024,0.6859999999999999,0.7007701277068294,0.7082822641509433,0.7224367720465891,0.7232521613832853,0.7501937984496125,0.7638395677472983,0.7601533742331288,0.7110417007358953,0.7759130116959064,0.5847564402810305,0.6987712137486575
PIT,2006,0.6652969924812031,0.6241436656508489,0.728904318689501,0.6735610972568579,0.7054196428571429,0.5126504854368932,0.7274012107870116,0.5566196943972835,0.6882658000896459,0.7272598975314393,0.6931680672268907,0.7363366611203551
PIT,2007,0.636,0.6704680134680135,0.5605641215715345,0.7355988843813388,0.673210955183341,0.5638502202643172,0.7516993865030676,0.8017714285714287,0.6624079295154185,0.7274704830053667,0.8044688922610015,0.7677152647975078
PIT,2008,0.607,0.7397540294323757,0.5784851387054161,0.803804761904762,0.665500803858521,0.5092238493723849,0.7937770700636942,0.6927578008915304,0.8290822758902988,0.7956775089250298,0.7788723404255318,0.7314559051057246
PIT,2009,0.5955758139534884,0.5349827160493826,0.5888457767722474,0.7736407097092165,0.6695802816901409,0.6150666666666667,0.6434903846153847,0.8315394957983193,0.6628515993707393,0.8100273327049953,0.7618703703703703,0.7414452749599574
PIT,2010,0.677,0.6382998007968127,0.5538569993302076,0.8730271668822769,0.6118757608306481,0.7438475609756099,0.8401521915584416,0.7878384615384615,0.6859157938835359,0.6547023509655752,0.7541032608695653,0.7410567839195981
PIT,2011,0.629,0.6224172494172494,0.6216553328561203,0.74060348583878,0.6641599243856333,0.8121336633663366,0.5704116865869855,0.7517449139280125,0.7679883408071748,0.6649351425942963,0.8439640371229699,0.7765408740359898
PIT,2012,0.6989775784753363,0.6940113065326633,0.572938681064404,0.6755965270684373,0.6771347291761491,0.6721141304347827,0.7382626728110598,0.7988244766505636,0.7494394841269841,0.6406841517857143,0.7947174721189592,0.7082311377245508
PIT,2013,0.6532413793103449,0.6688951415588955,0.5799371888165453,0.6822335216572505,0.7816614525139665,0.6991624649859944,0.6063699354081032,0.8340000000000001,0.7129430983847282,0.6580552962298024,0.6529746835443039,0.7720317195325542
PIT,2014,0.740788838612368,0.5988175832687839,0.6249745547073792,0.6986221374045801,0.7384320323014805,0.6855936794582393,0.6086761633428299,0.8636036931818183,0.5765990453460621,0.758013411567477,0.7105662921348314,0.7383434999999999
PIT,2015,0.5675553772070625,0.6168752217622708,0.7092723087818696,0.6457013502779984,0.7985,0.7556020942408378,0.5327546709991877,0.7956359832635983,0.7077780364765232,0.6811429752066116,0.672215921483097,0.7638140726933831
PIT,2016,0.7809999999999999,0.7287475758523615,0.642717168141593,0.7211501006036217,0.8290837696335078,0.7492863436123347,0.6265785597381343,0.77125,0.6256266917293233,0.774962278106509,0.6608333333333334,0.7088928914505283
PIT,2017,0.7168510007412898,0.7050962658444673,0.7757273786407767,0.6168049627791563,0.7542098821396193,0.7163669950738916,0.6467550684931508,0.8482102189781022,0.5607344794651384,0.7325111743193824,0.6295828220858897,0.7415328467153285
PIT,2018,0.713,0.6655708215297451,0.7880997971602436,0.6818159922928709,0.7331071907101385,0.69599,0.6480359928014396,0.7797854195323247,0.6666267262388303,0.7455032481593764,0.6658561403508771,0.7097301724137932
PIT,2019,0.5309255898366605,0.7311548471047494,0.8378995544754961,0.819099771167048,0.6562603192074847,0.6616811594202897,0.6367464788732394,0.5043956834532374,0.6909543859649123,0.7476261518209739,0.46546185286103536,0.6306553262688233
PIT,2020,0.555001593625498,0.6649929824561404,0.8029378316906748,0.7230982293423271,0.6606844464365756,0.6327761194029851,0.5326679139382601,0.6939381720430108,0.7126591402518454,0.6635690923957482,0.5332878787878788,0.7043069767441861
PIT,2021,0.5655568181818182,0.6156317326411421,0.6948987975951905,0.731430278884462,0.6449618086040386,0.6713297872340425,0.4617950606585789,0.5471739707835325,0.5653674351585014,0.6072153550863724,0.6573240343347639,0.6415236457437661
PIT,2022,0.6697706896551723,0.6377810606060607,0.6638566235864297,0.7230186567164181,0.6615,0.740896,0.5001196231052848,0.7583568075117372,0.7222664125370606,0.6192029787234044,0.6682699167657551,0.6702230818826564
PIT,2023,0.532,0.6006316909975669,0.6519539563437926,0.8916992073425115,0.6776847203874944,0.7705165094339623,0.626320019020447,0.6395147540983607,0.6408976052848885,0.5660078774617068,0.5771455696202532,0.6668190423162583
PIT,2024,0.7097737704918032,0.5502928897586431,0.6521892103205629,0.7823226879574185,0.6391107518189167,0.7063305785123967,0.6220916179337231,0.7247108843537415,0.7307491666666667,0.6349827727645612,0.6520368852459016,0.6521266464032421
SD,2006,0.6366553480475381,0.715358024691358,0.6939537437603993,0.7373253521126761,0.8199924953095685,0.7725077262693156,0.8574084934277046,0.7225055555555556,0.6479438581680034,0.7062089887640448,0.8068566308243726,0.7242169517884914
SD,2007,0.6978955349620893,0.727455838570956,0.6857437350835321,0.7691610764430578,0.8167483981204613,0.70048,0.5796136595310908,0.7808255033557048,0.612965644998316,0.6377283594394063,0.8488649885583524,0.778628252788104
SD,2008,0.7365101289134439,0.630651890482399,0.597527358490566,0.5919780265339967,0.8367267865824016,0.5644029850746268,0.5442456140350878,0.812,0.6406697909156452,0.7618403863845447,0.7690848623853211,0.7467430362116992
SD,2009,0.7754118190212373,0.6397741935483872,0.5093067889908257,0.5731305319624496,0.7588429372768996,0.5163531073446328,0.6449285714285715,0.8878810720268008,0.7291238200999445,0.6909619870410367,0.7916643356643356,0.8220885167464115
SD,2010,0.6749963235294117,0.6912243778996203,0.6002804578904334,0.6722216108054028,0.722458977965307,0.6109438775510203,0.7054876120189773,0.9154307432432431,0.7397747658945293,0.7097074640704681,0.7656305361305361,0.7286348661633494
SD,2011,0.6531666666666668,0.5469539852095316,0.5560190627482129,0.7412042410714286,0.6713191586648376,0.7071644204851752,0.6317478427612655,0.785,0.6543621890547264,0.6164322493224932,0.7811035564853557,0.732245501285347
SD,2012,0.6536019512195123,0.5608483636363636,0.6175645161290323,0.6371778601204262,0.6959199029126214,0.6720521978021977,0.6720292486132123,0.6409999999999999,0.7390884915176525,0.6239531707317073,0.6481282051282051,0.7102555626191991
SD,2013,0.7560703592814371,0.5087196833393306,0.5313063165905632,0.6062378740970072,0.6869302147239263,0.7288765432098764,0.5745601750547046,0.882,0.7401082280641857,0.7570499999999999,0.7187806731813248,0.7512592178770949
SD,2014,0.5446714659685864,0.6074381464625569,0.563017090454356,0.6426619937694704,0.6376089454247025,0.6736798866855525,0.515557345971564,0.7781061806656102,0.7421183565774594,0.769534016775396,0.7268668341708543,0.7294135220125787
SD,2015,0.4603723150357995,0.6479719984656693,0.5019932289462548,0.6745911354581673,0.6180977973568281,0.6398360215053763,0.5102396694214877,0.6985648535564855,0.6406115107913669,0.6502606837606838,0.7046274319066148,0.6379216163583252
SD,2016,0.7170000000000001,0.6575286065286066,0.6500189818809319,0.7481847957945815,0.6299797088663431,0.6356632911392405,0.6848049435787211,0.7068330658105939,0.671287898089172,0.6128891554702494,0.747645355850422,0.7179196692262255
SEA,2006,0.650020618556701,0.6939980453479282,0.6676472727272726,0.58453412462908,0.6483567362428843,0.4575316455696203,0.7625678484107579,0.6226269113149847,0.7171667944785276,0.7227917852785685,0.571877894736842,0.7021411827384124
SEA,2007,0.7859999999999999,0.8129756690997567,0.7094794290512175,0.7420852082336046,0.727590631364562,0.5192222222222223,0.7438387374461979,0.6936342465753425,0.6558088,0.8568086104006821,0.5688178137651823,0.7457481840193704
SEA,2008,0.7509968652037617,0.6688607242339834,0.6437529527559055,0.6181410515672396,0.711947181008902,0.5579943181818182,0.6437999327505044,0.6800187969924811,0.6379017227877839,0.7680224194301728,0.7895964523281597,0.6273920539730135
SEA,2009,0.7256305970149253,0.6327321138211381,0.6266326253953909,0.6402341040462427,0.7496826789838338,0.5821710144927537,0.6718260373049105,0.5910505952380953,0.5952553986710963,0.7150277777777778,0.5993750000000001,0.6368086021505376
SEA,2010,0.6888874230430959,0.6488606016140865,0.658277848369335,0.6965982905982906,0.6419276937618148,0.6933921052631579,0.6599869894099848,0.7111588235294118,0.61900288,0.6965165837479271,0.5887741573033707,0.7101454869358669
SEA,2011,0.7559999999999999,0.6645135820354944,0.655125,0.7326659905341447,0.6217318531169941,0.7284895833333334,0.6993930571108622,0.665782383419689,0.7493928258967629,0.6294325605900948,0.5596,0.689103448275862
SEA,2012,0.858924610051993,0.7958085808580858,0.6027723304231029,0.7221225212464589,0.6278844155844157,0.8101416309012875,0.7225425644648533,0.903373665480427,0.692374415639609,0.6992755632582323,0.7912774869109949,0.773719201651755
SEA,2013,0.6941030502885408,0.8165824104234528,0.7380944444444445,0.7861964440589766,0.6388987115246958,0.8594863157894737,0.7031177389131793,0.8385628140703517,0.8309608782435131,0.7015818091942659,0.7048684895833334,0.7788435455086259
SEA,2014,0.6432615012106537,0.7113915343915345,0.5865767441860466,0.7254257507198684,0.6839488330341115,0.8395519480519481,0.6659735576923076,0.7447874015748032,0.8101154163231657,0.7045616929698709,0.6912415196743555,0.7132010106681639
SEA,2015,0.621748552522746,0.6946994489190335,0.6154996945632254,0.7584318568994889,0.6062683333333334,0.7785801526717556,0.7498898115618013,0.8141752577319588,0.8161421755725191,0.6570148514851485,0.7135679442508711,0.7738224348750664
SEA,2016,0.8049907329401852,0.6763555139019057,0.6039198019801981,0.7019398756046993,0.5905240054869684,0.7083318965517241,0.7851231778425656,0.8322208333333333,0.715,0.5025845915602013,0.7672660944206009,0.7128189573459717
SEA,2017,0.655,0.6873650377172844,0.660234149054505,0.6427279293739968,0.5383328197226502,0.6325747508305648,0.7706125654450261,0.7879999999999999,0.8129709042076992,0.5579236912156167,0.6346986455981941,0.7068271413828691
SEA,2018,0.6055194132873166,0.6030277200277199,0.6581177712114816,0.6456596283783784,0.5132843228200371,0.7628166311300639,0.7458700221238937,0.8909999999999999,0.7225051224944321,0.7106990595611287,0.6414891122278057,0.753248987854251
SEA,2019,0.62,0.6326204315279612,0.6756429468396818,0.6224616673648933,0.5635435315757203,0.7340093457943926,0.6630162652486705,0.919,0.6354588196065356,0.6415536054940862,0.6550790190735694,0.7177145321259165
SEA,2020,0.5778991596638655,0.6275791954745442,0.6236101808439384,0.6307881481481481,0.6294488421052633,0.7138095238095237,0.7523958408031552,0.9025811965811967,0.6113050847457627,0.7884201372997711,0.6109258130081301,0.7389836633663365
SEA,2021,0.5841977077363896,0.6469149758454107,0.6459630274032189,0.5741176831136992,0.6111022430881586,0.7048954423592494,0.6473062988884314,0.7351611785095322,0.6509308773262438,0.6654122807017544,0.6328582781456954,0.7120628431970715
SEA,2022,0.5477448275862069,0.6169755417956656,0.58666401062417,0.6508487221764221,0.6313674258702191,0.7307506702412868,0.5635910154422088,0.7929999999999999,0.6711331609566904,0.6394636871508379,0.6741307317073171,0.7202560590094836
SEA,2023,0.5521634349030471,0.7238887480190174,0.6686005025125628,0.6004502143878037,0.5538532019704433,0.7852492581602374,0.7047770419426048,0.8002225705329153,0.5984013581129378,0.6045375531412376,0.6302265258215962,0.7412506709608158
SEA,2024,0.6385136436597111,0.6102350698856417,0.6055588056063376,0.6233189282627485,0.5899805825242719,0.7828048780487805,0.6453467741935482,0.802,0.6630553505535055,0.6389757281553398,0.6159848812095032,0.705967585089141
SF,2006,0.741,0.7189236172080773,0.6458454269321633,0.6576801254410035,0.7185139896373058,0.6507142857142858,0.6259334365325078,0.495,0.6219919661733615,0.6958519061583577,0.7089720930232559,0.6738425076452599
SF,2007,0.6559999999999999,0.7150052594670405,0.6829899497487437,0.6088455414012739,0.7117302665969681,0.5672843137254903,0.7651389329107237,0.535928205128205,0.6776697286012526,0.6637605042016806,0.6116682926829269,0.6014367897727273
SF,2008,0.722,0.699234752589183,0.5822842561088772,0.5947516425755585,0.7362468239564428,0.5203291139240507,0.8781568415359653,0.6449565217391304,0.5960513457556936,0.6625105941005401,0.6719435897435898,0.6606020245071923
SF,2009,0.7693531827515401,0.7232838427947598,0.6814892944892945,0.6602658165767534,0.7478884835852005,0.5613904761904762,0.8700519774011299,0.6925787671232877,0.5322383627608347,0.7262481089258698,0.6783348571428571,0.6379014778325123
SF,2010,0.7843535253227407,0.6881120921305183,0.6809794353433252,0.6693634215500945,0.8283617021276596,0.6212808022922636,0.8610865865865867,0.6333350970017637,0.5691842369477911,0.6459799588900307,0.7557241798298908,0.6229723600283488
SF,2011,0.688,0.7299842364532021,0.7363989052343481,0.7463292090145823,0.7074880952380953,0.6715247311827957,0.8490860813704496,0.7851318864774623,0.6064091092301491,0.7303113445378151,0.751809090909091,0.6924599559147686
SF,2012,0.7879999999999999,0.7330086680150246,0.6236831716293075,0.8029559670781893,0.8052726568551511,0.7714204793028322,0.8863363673976004,0.7426754098360655,0.643002778880508,0.8603157446808511,0.7579067201604816,0.7978809704321456
SF,2013,0.7042664526484751,0.6965844315047502,0.628271854304636,0.7440724110032363,0.67696718687475,0.6766318082788672,0.8758071399261386,0.6808016666666666,0.7371728247914184,0.7903534065934066,0.6591493055555556,0.7855081374321881
SF,2014,0.6526822429906542,0.6620570909090909,0.6604928514694202,0.649289869122637,0.744743021710235,0.6305014492753623,0.6974195,0.6437008547008548,0.7507134724857685,0.7690497419052088,0.5755618915159945,0.7220771055753262
SF,2015,0.47133918669131236,0.6663839874411304,0.696081654294804,0.5906576366184025,0.6621665719158613,0.6596656151419558,0.574249490419894,0.569208,0.6200740088105726,0.7220177272727273,0.611445652173913,0.6601692406692408
SF,2016,0.6429305402425579,0.6475611664295875,0.6023291753291753,0.5876802692469498,0.5958467566390944,0.6083237822349571,0.6245081433224755,0.5409662162162161,0.5866538765822784,0.6859289700659563,0.6155686853766617,0.6207363993269769
SF,2017,0.6540093312597199,0.6292388059701493,0.6856912065439671,0.620623326959847,0.6430357142857144,0.5938717948717949,0.6315339690107271,0.7101901565995525,0.6907262939958592,0.8256373301831068,0.6727132262051916,0.694712849162011
SF,2018,0.5648941398865784,0.5878008709422011,0.6967871602082129,0.6407749803304486,0.6926693818878774,0.6681043956043956,0.5832069529652351,0.6434103852596315,0.5517493166731746,0.7860913327120224,0.8512317415730337,0.634932911392405
SF,2019,0.625,0.7674972594397075,0.721089929994615,0.7972161002969317,0.6696436573906758,0.7480231213872832,0.6177940309506265,0.773,0.7306777231777232,0.7158067744418785,0.8248513513513515,0.7084137396694216
SF,2020,0.6239155963302752,0.6973501277838626,0.5179785522788204,0.6766096416382252,0.7276027219701879,0.7101609498680739,0.7358195525291829,0.6155834683954619,0.6322602739726029,0.8092440295267044,0.7083571428571429,0.7130375704445836
SF,2021,0.7054873417721519,0.5939246896551724,0.6610246031746033,0.7430678445229683,0.6534960443037974,0.7150296296296297,0.6843521723772519,0.6968629283489097,0.6555568585643213,0.834237268061587,0.8343853333333333,0.7595011325028312
SF,2022,0.629,0.7069160714285715,0.4923766816143498,0.7359241788958771,0.5883326923076923,0.8589006772009029,0.8072322536181944,0.7224012441679627,0.7268878797369246,0.7883581376840431,0.7807612323491656,0.73596009253904
SF,2023,0.6629999999999999,0.7478046041549692,0.6480325743200506,0.7289035115469789,0.5875837780149413,0.8586310043668122,0.7585353535353535,0.8565111441307579,0.6800504638218924,0.772628017411951,0.8285609137055837,0.8106932797242965
SF,2024,0.6219633333333333,0.6782443857331573,0.5795064829821719,0.7040330228619814,0.7466324999999999,0.6847150259067358,0.692126198083067,0.823,0.6452753363228699,0.7741399999999999,0.8223021978021978,0.7231126914660831
SL,2006,0.6667902621722847,0.620260538116592,0.6017702044790653,0.6160265726681127,0.6739104878985785,0.6557361809045226,0.5837227488151658,0.7060790697674418,0.6910442192538001,0.6077835051546392,0.5844862804878048,0.722051404345522
SL,2007,0.5436842105263158,0.645093439363817,0.6743368932038833,0.6731667596207473,0.6022000980872978,0.6732020547945206,0.6719357734806631,0.6054935897435897,0.6850298434442269,0.6634236295902076,0.6636717363751584,0.7441216297183941
SL,2008,0.750422825070159,0.61030556621881,0.5368491107286288,0.5927752596789424,0.7316155268022182,0.5266499999999998,0.5847085561497326,0.549448943661972,0.5257112991538079,0.7232455264253016,0.5793293768545994,0.6286800000000001
SL,2009,0.669,0.5638456667985754,0.5990674846625768,0.6361273644388399,0.7219985865724381,0.6115306666666667,0.6786336872586873,0.5462487562189055,0.5566912669126691,0.7185191714411635,0.5837907949790795,0.6239896404631322
SL,2010,0.6622729754322112,0.6460596153846155,0.6472737752161384,0.6449944333996025,0.6878729433272395,0.6122950391644908,0.6389312657166807,0.6509999999999999,0.5958703422053232,0.6570146252285192,0.6077744845360824,0.6585156249999998
SL,2011,0.587241610738255,0.5241388101983003,0.7064172932330827,0.6123388460124954,0.6718529553099473,0.6643072776280323,0.6552669111654442,0.5710195758564437,0.5537115839243498,0.618196261682243,0.5959966480446927,0.7055770871419866
SL,2012,0.6821829351535836,0.6833953055141581,0.5587905604719764,0.6316886907174706,0.6400017699115043,0.6974808743169398,0.6255749539594844,0.7018850574712645,0.745822979915927,0.7032467594815169,0.685944369063772,0.7348666291502532
SL,2013,0.7135890547263681,0.6052642069550466,0.5937614240170032,0.76389,0.6507526228602982,0.6521447721179625,0.6264202027788208,0.6770791366906475,0.5740658059142024,0.8018276481149014,0.6970692090395482,0.6535476344782891
SL,2014,0.5509027355623101,0.6868458917076865,0.7421366489618543,0.6705657701711492,0.6138072225172597,0.6499908536585367,0.5379480158730159,0.602439367311072,0.6253444485159398,0.6882562674094708,0.7196949384404925,0.6869855889724309
SL,2015,0.581126969416126,0.7001986120290813,0.8057093975903614,0.6702647674905738,0.6590328295987492,0.6867304347826088,0.5356510579257718,0.6165774647887324,0.6394033219761498,0.6371144444444444,0.5932654600301659,0.6653455882352941
TB,2006,0.5870000000000001,0.6347554347826087,0.6399288939051919,0.5840345956054231,0.5706876237623764,0.5653846153846153,0.6099250180245134,0.4959337748344371,0.6974919551438322,0.5778835241413638,0.5755999999999999,0.6635389518413597
TB,2007,0.775,0.7590373427672956,0.6784305993690851,0.7137010443864229,0.6444417319207738,0.5948047058823529,0.6999891304347826,0.7644624373956593,0.7083373549883991,0.6529825718323128,0.6511858974358975,0.7054119646498981
TB,2008,0.7174490358126722,0.6525839191564148,0.4981241464928615,0.6788983577452286,0.7222018348623853,0.5803598971722365,0.6487779893373952,0.7382347266881029,0.6235899133978604,0.8400092336103416,0.6682455919395466,0.7177471410419315
TB,2009,0.6516583166332665,0.6786577603143417,0.5203252265140679,0.6260237974683545,0.6747023511755877,0.5912477064220183,0.6798433296982915,0.5372147651006711,0.5085743589743589,0.6861452095808384,0.6583952095808383,0.599822038567493
TB,2010,0.643228176318064,0.6879516066589237,0.5399187961385576,0.5667923280423282,0.5842905701754386,0.7749818731117826,0.6505767372723894,0.778531914893617,0.6158086548488007,0.6633046757164404,0.7364008097165992,0.6968888135593221
TB,2011,0.609,0.5613932915591595,0.5702723300970874,0.6679101717305151,0.6739787735849057,0.6875036764705883,0.46100757002271003,0.5886064318529862,0.5108091822094691,0.6769263256687001,0.6726077953714982,0.618242910647405
TB,2012,0.6448776223776224,0.6721417036737989,0.7225955117679256,0.6839741568112133,0.6860392670157067,0.7683234501347709,0.6474098984771575,0.6184491803278689,0.6713791487700117,0.7263364884051112,0.7342809917355371,0.785117253948967
TB,2013,0.8009999999999999,0.6513045058139534,0.6570832904884318,0.5310507776761207,0.6202284034373585,0.742753807106599,0.7154824489795919,0.642,0.5912876125160736,0.7975050651230101,0.6556898954703833,0.6847890573500329
TB,2014,0.6706923076923076,0.6059029021855965,0.6759290079924777,0.5862010333489902,0.6715882936507936,0.5688051118210863,0.6012086730911786,0.5896276771004942,0.5039449081803005,0.6682026302971262,0.5799085133418043,0.729109175377468
TB,2015,0.6577187268689859,0.5623729787998563,0.599954356846473,0.5628071850841292,0.7667583015786609,0.8397619047619046,0.5530578386605784,0.6709999999999999,0.6293283018867925,0.6127516638935108,0.6715497382198952,0.7108189755529685
TB,2016,0.7027272727272728,0.7120232473665092,0.6081155272919978,0.5848604651162791,0.6897663971248877,0.6419262086513995,0.64651166407465,0.7204961119751165,0.6471838649155722,0.6607567800258287,0.6913271461716938,0.746923750643998
TB,2017,0.7564676025917926,0.6676065099457504,0.687599891422367,0.6343967954759662,0.6243175675675676,0.5939184290030212,0.6748123900035199,0.7216470588235295,0.6455642958078192,0.6559812956204379,0.6684917061611374,0.7448186983471075
TB,2018,0.5660000000000001,0.6186060828142177,0.6176137418755803,0.6189867970660147,0.6039073825503355,0.6503344594594596,0.5812357966680904,0.7539586776859505,0.5934619131975198,0.6580053475935829,0.6329695603156709,0.7904218820351193
TB,2019,0.7929999999999999,0.6822431405656396,0.7150696250956388,0.7165580687255328,0.6762408510638298,0.6603323529411764,0.7185280143433438,0.6829732016925247,0.52958153580673,0.6780355594102341,0.5676286329386437,0.7949223677826298
TB,2020,0.6280026809651474,0.671132357082512,0.6303790024630542,0.6999718464351006,0.7128954613095239,0.694025641025641,0.6331549556213018,0.9243204005006257,0.6910751002551949,0.7804097995545658,0.6987504911591357,0.7265179465776294
TB,2021,0.6823926149208741,0.6659141291108404,0.6259968365553603,0.6111053811659193,0.7503818589025757,0.6879902676399026,0.5165725614591594,0.9140592334494774,0.7675163517441861,0.8068844184345282,0.6423480101608806,0.7044362606232294
TB,2022,0.6423412887828163,0.683184409960303,0.5635504782146652,0.6464425399298792,0.6208420074349442,0.662461971830986,0.6309525608732157,0.7700449172576832,0.6394197040779502,0.6949356838434714,0.5649766970618034,0.6905933675483615
TB,2023,0.502,0.6345296912114013,0.5846581480252241,0.6523793920252665,0.4992159320663162,0.6481884422110552,0.6249386753883892,0.7721207133058985,0.7231416396103897,0.7814607686148919,0.5662970085470085,0.7074571428571429
TB,2024,0.6030386996904025,0.725976691301876,0.5755283375314861,0.579760336370007,0.6095,0.8003069306930692,0.5695815654718362,0.767,0.5869819639278557,0.7384817970565453,0.6218502202643172,0.6641961279461281
TEN,2006,0.799,0.6599336837848766,0.653701671667381,0.5620134061569018,0.6617354623450906,0.6068360215053763,0.6092847111394829,0.5054923664122137,0.6573313446535107,0.7807671755725191,0.6312125748502994,0.6668579586009993
TEN,2007,0.7248123188405796,0.7234661593912695,0.6860814988290399,0.7536968468468468,0.7652812499999999,0.6080086767895878,0.6974794331144141,0.6947710843373492,0.6125916549460854,0.785,0.7043695652173912,0.6905317604355716
TEN,2008,0.7512088772845953,0.7772404434250765,0.6243044871794873,0.6329129275877386,0.7693953823953824,0.5634877049180327,0.65007012296444,0.636351923076923,0.7223945823927765,0.902407063197026,0.7225879332477535,0.6748842268842269
TEN,2009,0.637,0.6465608712563204,0.5641347869177403,0.5974372256365232,0.810767942583732,0.6793906976744186,0.6591411589895988,0.6750766283524905,0.488973399458972,0.79833299646286,0.7118469241773964,0.7022982062780269
TEN,2010,0.5644702380952381,0.6813063333333333,0.5776526997840173,0.6745441919191919,0.6130421393841167,0.7316021798365122,0.6599540385265291,0.6535553398058253,0.6133585304054054,0.729,0.6510829756795422,0.6733862111043319
TEN,2011,0.648,0.7953134275618374,0.6371870350690755,0.5537587174348697,0.7568053789731051,0.6358757396449704,0.5823993494759668,0.6873053311793214,0.6437198986058301,0.7859476236663433,0.6517856154910097,0.6835538461538461
TEN,2012,0.7389401251117069,0.7208552497451581,0.6798112014453478,0.6835133544590312,0.6244822657490735,0.6222140575079872,0.5991730985387786,0.6836655844155844,0.5254504391468005,0.7703329984932195,0.6561487710219922,0.6461518840579711
TEN,2013,0.656608695652174,0.7617413472273912,0.7173222423146475,0.6551430769230768,0.7773782649253731,0.6257735368956743,0.5800271822358346,0.6876568627450981,0.7094234650967199,0.7560885200553251,0.672234916559692,0.7286268486916949
TEN,2014,0.6363391215526046,0.5549052991452992,0.6421794786096255,0.6273510182207932,0.7622131484334874,0.5892842809364548,0.5929886731391587,0.5835808080808081,0.5128393762183235,0.6770561740890688,0.7171922503725782,0.6485786713286713
TEN,2015,0.4859935117599351,0.5698698292220115,0.7099149331352155,0.6458971563981042,0.6627052772808586,0.6218047138047138,0.7366838576585869,0.5562717041800642,0.62056191327671,0.6995310100413467,0.8145283381364072,0.65055078125
TEN,2016,0.7290000000000001,0.581436896551724,0.6979599524187153,0.6905524118738404,0.7353049180327869,0.6889308641975308,0.670603700097371,0.6515475763016157,0.6544396297854438,0.8216298317417008,0.744321608040201,0.6919460526315789
TEN,2017,0.716,0.6639774527726996,0.7404160206718347,0.6886620607974733,0.6777490247074122,0.6835037593984962,0.6728510204081632,0.7353542319749217,0.7330560190703218,0.7279233013755733,0.6866937697993664,0.6691347150259067
TEN,2018,0.727,0.697226624956552,0.6967325471698114,0.6483986516853932,0.6338442415017758,0.7659255319148937,0.7389592304168575,0.679083495145631,0.7535310279488395,0.7130282258064516,0.6607578231292517,0.6847174392935983
TEN,2019,0.7929999999999999,0.6745950762016413,0.6848030032177332,0.6553481161695447,0.6281205020920502,0.7622141280353201,0.5608520962732919,0.8171940789473684,0.6863917458237797,0.7908418821534549,0.6901615044247789,0.7449795180722892
TEN,2020,0.7859999999999999,0.6571169739351557,0.6924122727272728,0.6268812729498164,0.7072348583877995,0.8613395445134574,0.574159891598916,0.9047012522361358,0.6316154133931912,0.643720796460177,0.7251826280623607,0.7767508747375786
TEN,2021,0.764,0.6250646126233922,0.628784917447568,0.6368439393939395,0.661421564653425,0.7222063157894736,0.5814295802275402,0.8370000000000001,0.8253777219430486,0.7223190283400809,0.595087912087912,0.7007156398104265
TEN,2022,0.709315112540193,0.6171067179846046,0.7224470794905578,0.648199917559769,0.6007798999545249,0.8261317073170732,0.6465764705882353,0.696411320754717,0.7201263952724886,0.5020247452692868,0.6785528455284553,0.6473153950953678
TEN,2023,0.7140623229461756,0.5826357868020304,0.5726419213973799,0.6452543330821402,0.5986533499791926,0.8647676240208877,0.6734558510638298,0.6568504347826087,0.6388736631016042,0.5658442275042445,0.5750493506493507,0.6721911057692308
TEN,2024,0.5781999999999999,0.5952428376534789,0.6595589700996678,0.647198669201521,0.5867797998180163,0.7580386473429951,0.5869468085106382,0.5459510703363915,0.6767685950413224,0.5472346509671994,0.5616914153132251,0.608731234866828
WAS,2006,0.759,0.6674931623931624,0.6299507554560717,0.5891794538361509,0.7569082526509912,0.5367590361445782,0.5520608203677511,0.5140769230769231,0.6289608557123351,0.7866688574317492,0.7169130434782609,0.6830721003134796
WAS,2007,0.639,0.6878202592087312,0.621461050201962,0.7241229314420804,0.759376075378943,0.5927737556561086,0.6293880647336481,0.7276682615629986,0.7808468085106384,0.7780987972508591,0.753638998682477,0.7264521242866203
WAS,2008,0.7170000000000001,0.6445769370680247,0.5842229262672811,0.4877160664819944,0.8082501096972355,0.6608496420047733,0.6759141052631579,0.733,0.7085020576131688,0.7450584707646177,0.7727771084337349,0.6307090570719602
WAS,2009,0.7167636363636363,0.643339874411303,0.620419921875,0.6296870489935434,0.7545309904153356,0.6102544378698224,0.7244,0.6277475083056478,0.5440679980979553,0.636083185840708,0.7165199386503068,0.6397016509433963
WAS,2010,0.653,0.6642961805555555,0.5878062723302898,0.58789699918897,0.6761082230623818,0.6854142394822006,0.613322380952381,0.6509221556886228,0.5489654519640322,0.6399129422718808,0.6695884353741497,0.6594300458715596
WAS,2011,0.6920000000000001,0.6332195512820513,0.5389519230769231,0.6823498334126606,0.6453858534519272,0.6597171428571429,0.7043023937469468,0.5762006220839813,0.5688750612444881,0.6799634517766497,0.721606182795699,0.6775362708221386
WAS,2012,0.777,0.6895656634746923,0.5854858055358411,0.6792607966457024,0.7135355704697987,0.8853439153439154,0.5989701492537314,0.8134283121597097,0.59423440285205,0.7010259067357513,0.7063944827586208,0.7221671105193076
WAS,2013,0.805,0.6526127450980392,0.5540550200803214,0.6992527684159845,0.7455100436681223,0.7658235294117648,0.5090925284512618,0.6250549132947978,0.47216411270390507,0.8484460400348128,0.6615550510783201,0.6963693121693122
WAS,2014,0.732,0.4573892885691447,0.5521125907990314,0.7106918918918919,0.6898555240793202,0.6332098765432098,0.5439575729927008,0.5445748407643312,0.47101657458563523,0.6993813559322033,0.641933588761175,0.6724711696869851
WAS,2015,0.637905803195963,0.611848178675884,0.6943975080385852,0.6616093082835184,0.7458782608695652,0.5468932038834952,0.4425009310986964,0.7037115987460815,0.542580122591944,0.7790071599045346,0.8146186556927297,0.6919628855201253
WAS,2016,0.7002431668237512,0.6222218895542249,0.6503511578947369,0.7185165416850463,0.6736922339405561,0.6267755102040816,0.6517753164556961,0.8059999999999999,0.6383508137432188,0.8272795650203897,0.7812675544794189,0.7325574650912996
WAS,2017,0.6291241217798595,0.7551623287671233,0.5729802325581396,0.7476124885215795,0.6054716743600502,0.6033203592814371,0.6002448886869605,0.7,0.6799647597254004,0.6868163366336634,0.6030712530712531,0.6693394549763034
WAS,2018,0.65,0.6514872076023392,0.6705987096774194,0.7576121856866538,0.5622928381962864,0.7305145631067962,0.6726933461909355,0.6271789297658863,0.6872251533742332,0.6891575373472159,0.6394024844720497,0.598613662456946
WAS,2019,0.6752870632672332,0.5808591954022989,0.664799565846599,0.6045776223776224,0.6606251336898395,0.6786222222222221,0.5935791198501872,0.6012820512820514,0.6066817413355875,0.6446776071995766,0.5145066666666667,0.6752170775706554
WAS,2020,0.7634060085836909,0.6570147523709169,0.7272339797639122,0.7615939201451906,0.7236086583797686,0.6951068493150685,0.5881196819085488,0.6249944367176634,0.6551460531869987,0.7432145002145002,0.6272164948453609,0.6537419509851035
WAS,2021,0.7375525070955535,0.679331712789828,0.7146784539473684,0.6204311350381336,0.7304948368442793,0.6422550505050505,0.5063855783675514,0.5938260188087774,0.6501413005272408,0.7820897846999542,0.6546683738796415,0.6581719242902208
WAS,2022,0.5640675138999206,0.6677210610932476,0.6698946157386101,0.6980526558891456,0.5525974141774409,0.7609538106235566,0.6014983552631579,0.5591521394611727,0.685834924001414,0.7052969325153374,0.5406830808080808,0.7123255319148936
WAS,2023,0.5944887082204156,0.6554979035639412,0.561376456408196,0.5467464516129033,0.6457925892453683,0.7324395973154363,0.6032559726962458,0.6102767978290367,0.6375141121829224,0.6925768194070081,0.5625662393162394,0.6671015228426396
WAS,2024,0.6489523809523808,0.5795434687636523,0.492636186770428,0.6129164715066354,0.6581002102312543,0.7508771186440677,0.7390246652572234,0.8546142131979695,0.6095755076142133,0.6388588154269972,0.5931361161524502,0.68777161055505
