player,player_id,position,team_name,player_game_count,accuracy_percent,aimed_passes,attempts,avg_depth_of_target,avg_time_to_throw,bats,big_time_throws,btt_rate,completion_percent,completions,declined_penalties,def_gen_pressures,drop_rate,dropbacks,drops,first_downs,franchise_id,grades_hands_fumble,grades_offense,grades_pass,grades_run,hit_as_threw,interceptions,passing_snaps,penalties,pressure_to_sack_rate,qb_rating,sack_percent,sacks,scrambles,spikes,thrown_aways,touchdowns,turnover_worthy_plays,twp_rate,yards,ypa,year
Matt Leinart,2955,QB,ARZ,12,66.9,344,377,9.5,2.67,10,14,3.6,56.8,214,0,161,7.0,412,16,126,1,56.2,58.0,58.9,51.7,9,12,429,3,13.7,74.0,5.3,22,10,7,7,11,17,4.0,2549,6.8,2006
Kurt Warner,112,QB,ARZ,6,72.3,155,167,8.5,2.58,7,7,4.0,64.1,107,0,68,4.5,184,5,64,1,18.6,42.4,48.3,28.3,3,5,193,3,22.1,89.1,8.2,15,2,0,2,6,16,8.3,1369,8.2,2006
Kurt Warner,112,QB,ARZ,14,73.5,419,451,9.2,2.55,7,21,4.5,62.5,282,0,157,8.4,474,26,172,1,27.8,84.3,88.5,24.1,9,17,494,3,12.7,90.1,4.2,20,3,4,12,27,23,4.7,3425,7.6,2007
Matt Leinart,2955,QB,ARZ,5,66.7,99,112,9.3,2.83,4,1,0.9,53.6,60,0,53,9.1,121,6,34,1,87.1,50.5,54.1,44.0,3,4,127,2,7.5,61.9,3.3,4,5,0,6,2,4,3.1,647,5.8,2007
Tim Rattay,701,QB,ARZ,4,79.2,24,27,14.1,2.75,0,1,3.4,55.6,15,0,9,21.1,28,4,10,1,19.6,66.1,80.0,25.3,0,3,30,0,0.0,71.1,0.0,0,1,0,3,3,2,6.7,164,6.1,2007
Kurt Warner,112,QB,ARZ,20,79.3,673,733,7.1,0.0,17,24,3.1,67.3,493,0,248,7.7,767,41,274,1,69.7,73.3,76.1,30.2,24,17,802,12,12.5,99.8,4.0,31,3,4,15,41,20,2.5,5752,7.8,2008
Matt Leinart,2955,QB,ARZ,4,63.0,27,29,10.1,0.0,1,0,0.0,51.7,15,0,7,11.8,32,2,11,1,24.2,34.8,41.2,43.9,1,1,32,2,28.6,80.2,6.3,2,1,0,0,1,0,0.0,264,9.1,2008
J.J. Arrington,2261,HB,ARZ,1,0.0,1,1,34.0,0.0,0,0,0.0,0.0,0,0,0,,1,0,0,1,83.6,63.3,53.5,60.9,0,0,1,0,,39.6,0.0,0,0,0,0,0,0,0.0,0,0.0,2008
Jerheme Urban,1709,WR,ARZ,1,100.0,1,1,15.0,0.0,0,0,0.0,100.0,1,0,1,0.0,1,0,1,1,78.3,60.7,68.9,,0,0,1,2,0.0,118.8,0.0,0,0,0,0,0,0,0.0,18,18.0,2008
Kurt Warner,112,QB,ARZ,17,78.3,525,573,8.0,0.0,14,20,3.3,67.4,386,0,181,6.1,604,25,223,1,63.6,74.9,76.7,29.6,22,15,635,3,14.4,97.5,4.3,26,5,7,5,32,18,2.8,4345,7.6,2009
Matt Leinart,2955,QB,ARZ,8,72.9,85,87,7.5,0.0,0,2,2.2,66.7,58,0,27,6.5,89,4,26,1,85.3,53.3,56.6,40.6,1,3,92,0,7.4,67.2,2.2,2,0,1,0,0,4,4.3,499,5.7,2009
Brian St. Pierre,1470,QB,ARZ,1,50.0,4,4,7.3,0.0,0,0,0.0,50.0,2,0,3,0.0,4,0,2,1,66.9,41.0,42.3,,0,1,4,0,0.0,56.3,0.0,0,0,0,0,1,0,0.0,12,3.0,2009
Derek Anderson,2430,QB,ARZ,12,62.6,310,327,10.2,0.0,7,13,3.8,51.7,169,0,137,12.9,355,25,100,1,72.5,48.2,49.6,54.0,4,10,369,5,18.2,65.9,7.0,25,3,0,6,7,16,4.3,2066,6.3,2010
John Skelton,5678,QB,ARZ,5,58.5,118,126,9.3,0.0,1,6,4.6,47.6,60,0,45,13.0,142,9,33,1,49.7,62.5,56.8,90.2,0,2,147,1,20.0,65.0,6.3,9,7,1,6,3,5,3.4,662,5.3,2010
Max Hall,5878,QB,ARZ,6,55.4,74,78,8.5,0.0,1,1,1.3,50.0,39,0,37,4.9,92,2,22,1,30.2,29.5,30.0,59.9,0,6,93,1,37.8,35.7,15.2,14,0,0,3,1,10,10.8,370,4.7,2010
Richard Bartel,3884,QB,ARZ,1,69.2,26,28,6.6,0.0,1,1,3.4,57.1,16,0,5,11.1,30,2,7,1,77.6,45.3,46.0,,0,1,31,0,40.0,57.1,6.7,2,0,0,1,0,1,3.2,150,5.4,2010
Steve Breaston,3758,WR,ARZ,2,50.0,2,2,24.5,0.0,0,1,50.0,50.0,1,0,1,0.0,2,0,1,1,79.7,65.5,75.9,63.5,0,0,2,4,0.0,79.2,0.0,0,0,0,0,0,0,0.0,17,8.5,2010
John Skelton,5678,QB,ARZ,8,62.6,262,275,9.4,2.86,2,12,4.2,54.9,151,0,120,7.9,315,13,91,1,70.3,35.8,37.8,47.8,3,14,326,2,19.2,68.9,7.3,23,17,1,7,11,22,6.7,1913,7.0,2011
Kevin Kolb,3652,QB,ARZ,9,73.0,226,253,8.4,2.87,12,18,6.6,57.7,146,0,115,11.5,291,19,93,1,46.3,59.5,60.7,55.9,0,8,311,5,26.1,81.1,10.3,30,8,1,14,9,17,5.5,1955,7.7,2011
Richard Bartel,3884,QB,ARZ,2,61.9,21,22,9.5,2.47,0,0,0.0,45.5,10,0,7,23.1,24,3,5,1,76.6,37.7,41.0,55.3,1,1,26,0,14.3,52.5,4.2,1,1,0,0,1,0,0.0,86,3.9,2011
John Skelton,5678,QB,ARZ,7,64.7,187,201,8.1,2.59,4,5,2.4,54.2,109,0,76,9.9,218,12,55,1,74.2,35.1,37.0,54.3,5,9,225,3,19.7,55.4,6.9,15,2,1,4,2,10,4.4,1132,5.6,2012
Kevin Kolb,3652,QB,ARZ,6,69.6,171,183,7.9,2.84,4,10,5.2,59.6,109,0,92,8.4,217,10,67,1,75.5,68.1,65.7,75.1,1,3,229,2,29.3,86.1,12.4,27,7,0,7,8,7,3.1,1169,6.4,2012
Ryan Lindley,7174,QB,ARZ,6,63.5,159,171,8.7,2.38,7,6,3.4,52.0,89,0,45,11.9,184,12,38,1,77.1,37.2,37.0,62.2,2,7,193,0,26.7,46.7,6.5,12,1,0,3,0,10,5.2,752,4.4,2012
Brian Hoyer,5277,QB,ARZ,2,59.6,52,53,9.4,2.41,0,1,1.8,56.6,30,0,13,3.2,58,1,15,1,81.4,47.3,47.9,63.9,0,2,60,1,30.8,65.8,6.9,4,1,0,1,1,2,3.3,330,6.2,2012
Carson Palmer,1317,QB,ARZ,16,70.9,539,572,9.8,2.46,10,33,5.4,63.3,362,1,249,5.2,618,20,205,1,90.8,67.9,69.8,33.9,8,22,655,5,16.5,83.9,6.6,41,5,1,14,24,40,6.1,4275,7.5,2013
Patrick Peterson,6157,CB,ARZ,2,100.0,1,1,16.0,4.3,0,0,0.0,100.0,1,0,1,0.0,1,0,1,1,57.6,75.6,68.2,61.9,0,0,2,6,0.0,118.8,0.0,0,0,0,0,0,0,0.0,17,17.0,2013
Larry Fitzgerald,1724,WR,ARZ,1,,0,1,,4.5,0,0,0.0,0.0,0,0,1,,1,0,0,1,53.6,80.3,60.0,59.8,0,0,1,1,0.0,39.6,0.0,0,0,0,1,0,0,0.0,0,0.0,2013
Drew Stanton,3659,QB,ARZ,9,66.2,222,240,11.6,2.59,7,10,3.7,55.0,132,1,79,10.2,262,15,81,1,80.9,51.0,50.7,61.2,7,5,292,3,13.9,78.7,4.2,11,11,0,4,7,16,5.5,1711,7.1,2014
Carson Palmer,1317,QB,ARZ,6,75.1,209,224,9.2,2.59,3,15,6.2,63.4,142,1,87,9.6,238,15,83,1,77.0,72.1,72.2,62.6,2,3,255,4,10.3,96.0,3.8,9,4,0,10,11,10,3.9,1629,7.3,2014
Ryan Lindley,7174,QB,ARZ,4,56.0,116,121,12.3,2.6,2,5,4.0,50.4,61,0,45,6.2,131,4,35,1,38.3,37.5,38.1,,0,6,136,0,22.2,54.5,7.6,10,0,0,3,3,12,8.8,663,5.5,2014
Logan Thomas,8755,QB,ARZ,2,50.0,6,9,6.8,3.28,0,0,0.0,11.1,1,0,6,66.7,11,2,1,1,71.9,57.9,57.4,,1,0,11,0,33.3,101.6,18.2,2,0,0,2,1,0,0.0,81,9.0,2014
Marion Grice,8835,HB,ARZ,1,0.0,1,1,22.0,3.1,0,0,0.0,0.0,0,0,0,,1,0,0,1,77.6,69.0,52.2,68.1,0,0,1,0,,39.6,0.0,0,0,0,0,0,0,0.0,0,0.0,2014
Ted Ginn Jr.,3625,WR,ARZ,1,100.0,1,1,11.0,4.5,0,0,0.0,100.0,1,0,0,0.0,1,0,1,1,60.6,67.1,71.0,67.5,0,0,1,0,,108.3,0.0,0,0,0,0,0,0,0.0,10,10.0,2014
Carson Palmer,1317,QB,ARZ,18,72.9,572,618,11.3,2.46,6,45,6.8,63.1,390,0,273,6.5,656,27,268,1,57.4,86.1,84.8,51.2,14,17,706,6,11.4,99.7,4.7,31,7,6,20,39,37,5.2,5255,8.5,2015
Drew Stanton,3659,QB,ARZ,5,65.2,23,25,12.4,2.56,1,1,3.7,44.0,11,0,14,26.7,27,4,6,1,80.1,62.2,60.5,63.0,1,2,29,0,14.3,22.8,7.4,2,0,0,0,0,1,3.4,104,4.2,2015
Larry Fitzgerald,1724,WR,ARZ,1,,0,1,,4.8,0,0,0.0,0.0,0,0,1,,1,0,0,1,42.6,89.4,60.0,,0,0,1,2,0.0,39.6,0.0,0,0,0,1,0,0,0.0,0,0.0,2015
Carson Palmer,1317,QB,ARZ,15,70.5,552,597,10.0,2.37,11,21,3.3,61.0,364,0,247,6.4,644,25,219,1,37.4,73.4,74.6,27.0,11,14,694,7,16.2,87.2,6.2,40,4,2,21,26,30,4.3,4233,7.1,2016
Drew Stanton,3659,QB,ARZ,5,53.3,45,48,12.5,2.64,0,1,1.9,39.6,19,0,18,20.8,49,5,11,1,81.2,47.0,46.4,60.5,1,3,53,0,5.6,39.6,2.0,1,0,1,1,2,3,5.7,192,4.0,2016
Larry Fitzgerald,1724,WR,ARZ,1,,0,1,,3.9,0,0,0.0,0.0,0,0,1,,1,0,0,1,43.3,83.3,60.0,,1,0,1,1,0.0,39.6,0.0,0,0,0,0,0,0,0.0,0,0.0,2016
Carson Palmer,1317,QB,ARZ,7,71.0,252,267,9.8,2.45,5,15,5.2,61.4,164,0,122,8.4,290,15,94,1,73.3,65.3,65.8,45.0,3,7,312,1,18.0,84.4,7.6,22,1,0,7,9,18,5.8,1978,7.4,2017
Blaine Gabbert,6162,QB,ARZ,5,65.8,161,171,9.8,2.58,6,7,3.8,55.6,95,0,70,10.4,207,11,61,1,28.3,45.4,45.4,56.2,2,6,219,1,31.4,71.9,10.6,22,14,1,1,6,15,6.8,1086,6.4,2017
Drew Stanton,3659,QB,ARZ,5,62.3,146,159,11.1,2.56,4,6,3.5,49.7,79,0,62,13.2,167,12,50,1,71.1,54.3,53.8,55.9,3,5,181,0,11.3,66.4,4.2,7,1,0,6,6,10,5.5,894,5.6,2017
Larry Fitzgerald,1724,WR,ARZ,1,100.0,1,1,17.0,4.1,0,0,0.0,100.0,1,1,0,0.0,1,0,1,1,60.3,80.0,68.8,,0,0,1,2,,118.8,0.0,0,0,0,0,0,0,0.0,21,21.0,2017
Josh Rosen,35460,QB,ARZ,14,67.9,352,393,8.8,2.66,10,19,4.5,55.2,217,0,183,9.2,453,22,120,1,34.6,49.1,48.2,60.6,6,14,481,4,24.6,66.7,9.9,45,14,1,24,11,24,5.0,2278,5.8,2018
Sam Bradford,5526,QB,ARZ,3,66.7,78,80,6.4,2.34,1,1,1.2,62.5,50,0,37,3.8,88,2,17,1,23.7,41.4,42.6,64.3,0,4,92,2,16.2,62.5,6.8,6,1,0,1,2,7,7.6,400,5.0,2018
Mike Glennon,7854,QB,ARZ,2,75.0,20,21,9.4,2.19,1,0,0.0,71.4,15,0,6,0.0,22,0,8,1,75.6,57.5,57.4,,0,0,22,0,16.7,112.0,4.5,1,0,0,0,1,0,0.0,174,8.3,2018
Larry Fitzgerald,1724,WR,ARZ,1,100.0,1,1,28.0,3.4,0,1,100.0,100.0,1,1,0,0.0,1,0,1,1,81.4,73.2,79.9,,0,0,1,2,,158.3,0.0,0,0,0,0,1,0,0.0,32,32.0,2018
Kyler Murray,38334,QB,ARZ,16,74.4,492,541,7.6,2.74,12,23,4.0,64.3,348,1,183,4.9,620,18,182,1,85.7,64.2,61.1,69.6,1,12,661,4,25.7,87.4,7.6,47,29,4,32,20,18,2.7,3713,6.9,2019
Brett Hundley,9580,QB,ARZ,3,63.6,11,11,9.3,3.38,0,0,0.0,45.5,5,0,5,28.6,15,2,4,1,75.7,80.4,68.6,81.6,0,0,15,0,40.0,58.5,13.3,2,2,0,0,0,0,0.0,49,4.5,2019
Andy Lee,1906,P,ARZ,1,100.0,1,1,25.0,4.5,0,0,0.0,100.0,1,0,0,0.0,1,0,1,1,60.4,74.2,70.7,,0,0,1,0,,118.8,0.0,0,0,0,0,0,0,0.0,26,26.0,2019
Kyler Murray,38334,QB,ARZ,16,76.5,507,558,8.3,2.82,11,27,4.6,67.2,375,0,172,3.4,638,13,227,1,83.1,82.8,77.2,86.5,1,12,674,7,15.7,94.3,4.2,27,51,8,31,26,17,2.5,3971,7.1,2020
Chris Streveler,46440,QB,ARZ,1,68.8,16,16,6.5,2.14,0,0,0.0,68.8,11,0,6,0.0,18,0,5,1,76.5,27.4,25.7,66.5,0,1,21,0,33.3,81.5,11.1,2,0,0,0,1,3,14.3,105,6.6,2020
Andy Lee,1906,P,ARZ,1,100.0,1,1,13.0,2.1,0,0,0.0,100.0,1,0,0,0.0,1,0,1,1,60.4,73.1,68.8,,0,0,1,0,,118.8,0.0,0,0,0,0,0,0,0.0,26,26.0,2020
Kyler Murray,38334,QB,ARZ,15,76.2,478,515,8.2,2.78,9,43,7.9,68.3,352,0,187,3.3,582,12,191,1,49.0,82.9,86.7,49.2,1,12,617,4,17.6,96.7,5.7,33,31,0,27,24,14,2.3,3931,7.6,2021
Colt McCoy,5609,QB,ARZ,4,84.2,95,99,5.3,2.31,2,1,1.0,74.7,74,0,30,7.5,109,6,40,1,27.5,55.8,56.8,52.5,0,1,115,0,20.0,101.4,5.5,6,3,0,2,3,6,5.2,740,7.5,2021
Chris Streveler,46440,QB,ARZ,1,66.7,9,9,4.8,2.56,0,0,0.0,66.7,6,0,4,0.0,12,0,1,1,73.0,50.8,56.9,56.1,0,0,12,1,50.0,74.3,16.7,2,1,0,0,0,0,0.0,36,4.0,2021
Christian Kirk,47546,WR,ARZ,1,100.0,1,1,33.0,4.2,0,1,100.0,100.0,1,1,0,0.0,1,0,1,1,84.5,72.1,82.2,63.1,0,0,1,3,,118.8,0.0,0,0,0,0,0,0,0.0,33,33.0,2021
Chris Banjo,8419,S,ARZ,1,100.0,1,1,20.0,2.0,0,0,0.0,100.0,1,0,0,0.0,1,0,1,1,60.4,60.5,60.1,,0,0,1,0,,118.8,0.0,0,0,0,0,0,0,0.0,23,23.0,2021
Kyler Murray,38334,QB,ARZ,11,77.0,357,390,7.2,2.61,9,9,2.2,66.4,259,0,120,5.8,443,16,128,1,47.9,67.1,63.4,71.8,2,7,473,1,20.8,87.2,5.6,25,25,3,19,14,18,3.8,2363,6.1,2022
Colt McCoy,5609,QB,ARZ,4,75.8,128,132,6.4,2.5,1,5,3.5,68.2,90,0,48,7.2,154,7,37,1,48.1,62.1,66.9,33.2,0,3,163,1,27.1,76.6,8.4,13,8,0,3,1,2,1.2,780,5.9,2022
Trace McSorley,32819,QB,ARZ,5,66.2,74,83,8.3,2.54,1,3,3.4,54.2,45,0,25,8.2,91,4,19,1,57.5,36.4,37.1,50.3,1,5,96,1,12.0,42.8,3.3,3,5,1,6,0,8,8.3,412,5.0,2022
David Blough,46508,QB,ARZ,2,71.4,56,58,8.1,2.68,0,0,0.0,65.5,38,0,22,5.0,65,2,18,1,45.4,50.3,51.9,49.1,0,2,70,0,22.7,82.7,7.7,5,2,0,2,2,3,4.3,402,6.9,2022
Andy Lee,1906,P,ARZ,1,100.0,1,1,0.0,2.0,0,0,0.0,100.0,1,0,0,0.0,1,0,1,1,60.4,59.5,60.3,,0,0,1,0,,83.3,0.0,0,0,0,0,0,0,0.0,4,4.0,2022
Kyler Murray,38334,QB,ARZ,8,73.5,253,268,7.5,2.8,9,8,2.8,65.7,176,1,95,5.4,304,10,96,1,59.7,70.8,67.6,77.8,2,5,326,5,18.9,89.4,5.9,18,16,1,3,10,6,1.8,1799,6.7,2023
Clayton Tune,77652,QB,ARZ,2,73.7,19,21,3.2,2.95,2,0,0.0,57.1,12,0,17,14.3,33,2,4,1,78.8,34.2,28.0,65.6,0,2,35,0,41.2,22.6,21.2,7,5,0,0,0,3,8.6,62,3.0,2023
Kyler Murray,38334,QB,ARZ,10,75.9,261,276,7.9,2.82,6,15,5.2,69.2,191,0,93,3.5,312,7,106,1,52.0,82.4,78.9,78.1,1,3,328,4,16.1,100.8,4.8,15,19,0,8,12,7,2.1,2058,7.5,2024
Michael Vick,773,QB,ATL,16,65.0,363,388,12.7,3.46,9,15,3.7,52.6,204,1,189,13.6,506,32,159,2,43.7,66.8,57.8,85.4,1,13,529,3,23.8,75.7,8.9,45,73,0,15,20,27,5.1,2474,6.4,2006
Matt Schaub,1811,QB,ATL,4,68.0,25,26,12.2,3.26,0,3,11.1,65.4,17,0,8,0.0,30,0,11,2,78.5,69.4,72.3,53.3,0,2,31,0,25.0,70.7,6.7,2,2,0,1,1,2,6.5,208,8.0,2006
Jerious Norwood,3024,HB,ATL,1,,0,1,,4.6,0,0,0.0,0.0,0,0,1,,1,0,0,2,88.1,78.3,60.0,73.1,0,0,1,0,0.0,39.6,0.0,0,0,0,1,0,0,0.0,0,0.0,2006
Joey Harrington,1011,QB,ATL,12,72.0,329,348,7.0,2.59,7,12,3.3,61.8,215,0,157,9.3,388,22,102,2,91.3,69.3,70.0,43.9,4,8,405,0,20.4,77.2,8.2,32,8,0,8,7,12,3.0,2215,6.4,2007
Chris Redman,635,QB,ATL,6,71.0,138,149,7.9,2.39,4,4,2.6,59.7,89,0,54,9.2,164,9,48,2,68.4,47.7,52.2,28.8,3,5,172,0,16.7,90.4,5.5,9,6,1,3,10,7,4.1,1079,7.2,2007
Byron Leftwich,1323,QB,ATL,3,69.8,53,58,8.0,2.71,0,0,0.0,55.2,32,0,31,13.5,65,5,13,2,54.9,59.5,65.3,32.5,4,2,66,0,19.4,59.6,9.2,6,1,0,1,1,1,1.5,281,4.8,2007
Matt Ryan,4317,QB,ATL,17,74.7,439,474,9.5,0.0,4,37,7.4,61.4,291,0,134,11.3,517,37,178,2,74.9,78.8,85.4,27.6,8,13,544,2,14.9,86.5,3.9,20,23,2,21,18,18,3.3,3641,7.7,2008
Matt Ryan,4317,QB,ATL,14,68.7,406,451,9.0,0.0,4,16,3.3,58.3,263,0,125,5.7,482,16,157,2,81.6,66.4,68.6,32.4,6,14,511,1,15.2,80.9,3.9,19,12,5,30,22,17,3.3,2912,6.5,2009
Chris Redman,635,QB,ATL,3,68.6,105,119,9.4,0.0,5,3,2.4,58.0,69,0,34,4.2,128,3,40,2,64.4,53.1,54.5,41.7,5,3,135,0,23.5,78.4,6.3,8,1,2,2,4,4,3.0,781,6.6,2009
Matt Ryan,4317,QB,ATL,17,72.2,564,600,8.7,0.0,5,35,5.4,62.8,377,0,202,7.4,650,30,214,2,74.7,83.6,85.7,32.2,9,11,700,2,13.9,89.9,4.3,28,22,1,21,29,13,1.9,3891,6.5,2010
Chris Redman,635,QB,ATL,1,83.3,6,6,1.2,0.0,0,0,0.0,66.7,4,0,0,20.0,6,1,1,2,70.6,57.1,57.1,59.8,0,0,7,0,,71.5,0.0,0,0,0,0,0,0,0.0,20,3.3,2010
Matt Ryan,4317,QB,ATL,17,73.5,566,607,9.3,2.59,9,40,6.2,61.1,371,0,182,10.8,651,45,220,2,78.4,79.4,80.2,45.9,5,12,696,4,15.4,90.7,4.3,28,16,6,21,29,14,2.0,4376,7.2,2011
Chris Redman,635,QB,ATL,4,74.1,27,28,8.3,2.47,1,0,0.0,64.3,18,0,3,10.0,28,2,10,2,78.3,45.4,45.2,56.5,0,1,28,0,0.0,68.8,0.0,0,0,0,0,0,1,3.6,188,6.7,2011
Matt Ryan,4317,QB,ATL,18,75.9,667,692,8.8,2.67,8,47,6.5,68.8,476,0,218,5.9,743,30,290,2,83.8,88.1,88.6,38.7,3,17,778,1,13.3,99.8,3.9,29,22,0,14,38,22,2.8,5365,7.8,2012
Matt Ryan,4317,QB,ATL,16,78.4,611,651,7.0,2.6,14,25,3.6,67.4,439,0,290,8.4,703,40,233,2,89.2,76.6,76.4,40.6,7,17,744,2,15.2,89.6,6.3,44,8,1,18,26,20,2.7,4515,6.9,2013
Dominique Davis,7666,QB,ATL,1,71.4,7,7,6.3,2.0,0,0,0.0,71.4,5,0,1,0.0,7,0,2,2,70.9,45.0,45.8,,0,0,9,0,0.0,81.8,0.0,0,0,0,0,0,0,0.0,34,4.9,2013
Matt Ryan,4317,QB,ATL,16,76.4,588,628,8.2,2.6,8,33,5.0,66.1,415,1,241,7.6,683,34,242,2,74.1,84.9,82.9,63.8,8,14,720,2,12.9,93.9,4.5,31,24,5,19,28,26,3.6,4694,7.5,2014
T.J. Yates,6304,QB,ATL,1,75.0,4,4,10.8,2.5,0,0,0.0,75.0,3,0,2,0.0,4,0,3,2,66.9,81.4,80.2,,0,1,4,0,0.0,77.1,0.0,0,0,0,0,0,0,0.0,64,16.0,2014
Matt Ryan,4317,QB,ATL,16,76.4,581,614,8.1,2.59,18,15,2.3,66.3,407,0,215,8.3,657,37,236,2,55.5,80.9,80.3,46.5,4,16,703,1,14.0,89.0,4.6,30,13,0,11,21,20,2.8,4591,7.5,2015
Sean Renfree,8032,QB,ATL,1,50.0,6,7,2.3,2.12,0,0,0.0,42.9,3,0,3,0.0,9,0,1,2,72.7,55.1,56.1,57.4,1,1,10,0,66.7,10.7,22.2,2,0,0,0,0,0,0.0,11,1.6,2015
Matt Ryan,4317,QB,ATL,19,78.4,598,632,9.1,2.59,9,33,4.9,70.1,443,0,234,5.5,698,26,301,2,69.4,92.2,91.5,59.4,3,7,738,1,19.2,119.9,6.4,45,18,1,21,47,19,2.6,5958,9.4,2016
Matt Schaub,1811,QB,ATL,2,33.3,3,3,5.7,2.7,0,0,0.0,33.3,1,0,2,0.0,3,0,1,2,68.7,66.6,65.4,60.0,0,0,3,0,0.0,52.1,0.0,0,0,0,0,0,0,0.0,16,5.3,2016
Matt Ryan,4317,QB,ATL,18,76.5,554,595,8.8,2.67,8,22,3.5,64.7,385,1,222,9.2,644,39,232,2,74.7,88.3,86.7,62.1,9,12,674,3,13.5,91.6,4.7,30,19,3,21,22,8,1.2,4523,7.6,2017
Mohamed Sanu,7084,WR,ATL,1,100.0,1,1,50.0,3.0,0,1,100.0,100.0,1,0,1,0.0,1,0,1,2,82.2,77.2,86.9,61.8,0,0,1,2,0.0,158.3,0.0,0,0,0,0,1,0,0.0,51,51.0,2017
Matt Ryan,4317,QB,ATL,16,77.8,576,608,8.9,2.61,8,24,3.8,69.4,422,0,219,5.8,668,26,243,2,44.1,84.3,80.6,79.0,2,7,706,1,19.2,108.1,6.3,42,18,1,21,35,21,3.0,4924,8.1,2018
Matt Schaub,1811,QB,ATL,1,100.0,7,7,4.4,1.99,0,0,0.0,71.4,5,0,0,28.6,7,2,1,2,17.7,40.1,55.0,45.9,0,0,7,0,,74.1,0.0,0,0,0,0,0,0,0.0,20,2.9,2018
Mohamed Sanu,7084,WR,ATL,2,50.0,2,2,18.5,2.5,0,0,0.0,50.0,1,0,0,0.0,2,0,1,2,31.2,71.6,53.4,67.7,0,0,2,2,,95.8,0.0,0,0,0,0,1,0,0.0,5,2.5,2018
Matt Ryan,4317,QB,ATL,15,76.5,558,616,8.7,2.67,13,25,3.8,66.2,408,0,269,4.4,686,19,236,2,47.0,76.0,74.7,62.2,8,14,732,3,17.8,92.1,7.0,48,22,1,36,26,28,3.8,4466,7.3,2019
Matt Schaub,1811,QB,ATL,3,79.4,63,67,7.7,2.23,0,1,1.4,74.6,50,0,16,0.0,69,0,30,2,47.2,60.2,59.6,60.5,1,1,75,0,12.5,109.0,2.9,2,0,2,1,3,4,5.3,580,8.7,2019
Kenjon Barner,7963,HB,ATL,1,100.0,1,1,-4.0,1.2,0,0,0.0,100.0,1,0,0,0.0,1,0,0,2,58.2,60.6,60.1,69.3,0,0,1,0,,79.2,0.0,0,0,0,0,0,0,0.0,3,3.0,2019
Matt Ryan,4317,QB,ATL,16,76.5,574,626,9.3,2.75,11,31,4.7,65.0,407,0,233,7.3,683,32,249,2,76.4,83.1,82.1,53.3,6,11,721,2,17.6,93.3,6.0,41,16,1,34,26,21,2.9,4581,7.3,2020
Russell Gage,44771,WR,ATL,2,100.0,2,2,38.0,2.75,0,2,100.0,50.0,1,0,1,50.0,2,1,1,2,81.8,76.4,98.8,62.6,0,0,2,1,0.0,135.4,0.0,0,0,0,0,1,0,0.0,39,19.5,2020
Matt Ryan,4317,QB,ATL,17,75.9,523,560,7.8,2.69,13,26,4.4,67.0,375,0,245,5.5,617,22,199,2,35.0,74.7,75.9,41.0,6,12,653,5,16.3,90.4,6.5,40,17,1,17,20,21,3.2,3968,7.1,2021
Josh Rosen,35460,QB,ATL,3,20.0,10,11,11.9,2.72,0,0,0.0,18.2,2,0,4,0.0,11,0,1,2,71.9,24.1,24.7,,0,2,11,0,0.0,0.0,0.0,0,0,0,1,0,1,9.1,19,1.7,2021
Cordarrelle Patterson,7810,HB,ATL,1,,0,1,,4.0,0,0,0.0,0.0,0,0,1,,1,0,0,2,80.1,81.3,60.0,63.7,0,0,1,0,0.0,39.6,0.0,0,0,0,1,0,0,0.0,0,0.0,2021
Feleipe Franks,40217,QB,ATL,1,0.0,1,1,3.0,1.7,0,0,0.0,0.0,0,0,0,,1,0,0,2,68.2,27.1,57.7,49.2,0,1,1,0,,0.0,0.0,0,0,0,0,0,1,100.0,0,0.0,2021
Marcus Mariota,9435,QB,ATL,13,67.3,284,300,10.5,2.99,3,8,2.5,61.3,184,0,121,3.7,354,7,116,2,46.6,66.3,62.7,70.0,1,9,373,1,23.1,88.2,7.9,28,26,4,8,15,15,4.0,2219,7.4,2022
Desmond Ridder,55086,QB,ATL,4,68.5,108,115,8.4,3.0,1,3,2.5,63.5,73,0,43,1.4,136,1,40,2,43.5,55.9,60.1,36.2,2,0,144,2,20.9,86.4,6.6,9,11,0,4,2,2,1.4,708,6.2,2022
Desmond Ridder,55086,QB,ATL,15,72.7,363,388,8.5,2.68,8,13,3.2,64.2,249,0,139,5.7,439,15,146,2,27.6,51.9,53.2,48.8,0,12,464,5,22.3,83.4,7.1,31,19,2,15,12,26,5.6,2836,7.3,2023
Taylor Heinicke,9896,QB,ATL,5,64.5,121,136,8.6,2.99,2,4,2.9,54.4,74,0,44,5.1,157,4,46,2,67.2,52.5,48.5,70.7,2,4,161,0,18.2,74.7,5.1,8,13,2,9,5,9,5.6,890,6.5,2023
Logan Woodside,46517,QB,ATL,1,75.0,4,4,2.0,2.55,0,0,0.0,75.0,3,0,2,0.0,6,0,3,2,68.9,24.8,24.9,58.3,0,1,6,0,50.0,53.1,16.7,1,1,0,0,0,1,16.7,27,6.8,2023
Jonnu Smith,11855,TE,ATL,1,0.0,1,1,9.0,3.3,0,0,0.0,0.0,0,2,0,,1,0,0,2,37.5,59.1,56.3,56.9,0,0,1,5,,39.6,0.0,0,0,0,0,0,0,0.0,0,0.0,2023
Drake London,86519,WR,ATL,1,100.0,1,1,12.0,4.0,0,0,0.0,100.0,1,0,1,0.0,1,0,1,2,81.4,78.9,69.5,,0,0,1,1,0.0,118.8,0.0,0,0,0,0,0,0,0.0,22,22.0,2023
Kirk Cousins,7102,QB,ATL,10,76.8,306,333,8.0,2.57,9,9,2.5,68.2,227,0,121,3.4,356,8,121,2,41.6,76.1,74.3,65.2,3,8,384,1,15.7,98.9,5.3,19,2,3,12,17,16,4.2,2634,7.9,2024
Darnell Mooney,48236,WR,ATL,1,,0,1,,4.2,0,0,0.0,0.0,0,0,1,,1,0,0,2,79.0,75.6,60.0,,0,0,1,2,0.0,39.6,0.0,0,0,0,1,0,0,0.0,0,0.0,2024
Michael Penix Jr.,82134,QB,ATL,1,100.0,1,1,3.0,1.8,0,0,0.0,100.0,1,0,0,0.0,1,0,1,2,60.4,73.0,70.8,,0,0,1,0,,118.8,0.0,0,0,0,0,0,0,0.0,14,14.0,2024
Steve McNair,114,QB,BLT,17,71.9,455,497,7.8,2.65,9,14,2.7,63.0,313,1,161,4.3,527,14,177,3,67.0,59.7,61.8,49.7,12,14,551,8,9.9,80.6,3.0,16,14,6,15,16,29,5.3,3223,6.5,2006
Kyle Boller,1335,QB,BLT,3,65.4,52,55,11.7,3.19,0,3,5.1,60.0,33,0,27,2.9,66,1,22,3,23.6,40.4,51.6,30.4,0,2,70,1,11.1,104.0,4.5,3,8,0,3,5,3,4.3,485,8.8,2006
Mark Clayton,2239,WR,BLT,1,0.0,1,1,20.0,2.6,0,0,0.0,0.0,0,0,0,,1,0,0,3,82.6,73.2,58.4,46.4,0,0,1,1,,39.6,0.0,0,0,0,0,0,0,0.0,0,0.0,2006
Kyle Boller,1335,QB,BLT,12,69.4,255,275,9.4,2.74,5,16,5.5,61.1,168,0,97,5.1,311,9,95,3,69.2,59.8,60.4,45.6,4,10,327,0,24.7,75.2,7.7,24,12,4,7,9,16,4.9,1743,6.3,2007
Steve McNair,114,QB,BLT,6,77.7,188,205,6.5,2.57,8,2,1.0,64.9,133,0,75,8.9,220,13,61,3,22.7,49.3,54.7,28.5,2,4,225,5,14.7,73.9,5.0,11,4,1,6,2,10,4.4,1113,5.4,2007
Troy Smith,3790,QB,BLT,4,65.7,70,76,9.6,2.9,1,2,2.6,52.6,40,0,26,13.0,87,6,29,3,24.1,41.5,46.6,34.8,0,0,89,1,15.4,79.5,4.6,4,7,1,4,2,4,4.5,452,5.9,2007
Mark Clayton,2239,WR,BLT,1,100.0,1,1,13.0,3.5,0,0,0.0,0.0,0,1,0,100.0,1,1,0,3,79.3,63.2,68.9,,0,0,1,1,,39.6,0.0,0,0,0,0,0,0,0.0,0,0.0,2007
Joe Flacco,4332,QB,BLT,19,68.8,464,503,9.6,0.0,5,17,3.2,57.7,290,1,173,9.1,553,29,168,3,73.2,65.2,66.6,41.4,12,15,585,4,20.2,75.9,6.3,35,15,1,21,15,21,3.6,3408,6.8,2008
Troy Smith,3790,QB,BLT,3,75.0,4,4,16.5,0.0,0,1,25.0,75.0,3,0,1,0.0,5,0,3,3,75.3,74.1,84.4,44.2,0,0,5,0,100.0,156.3,20.0,1,0,0,0,1,0,0.0,82,20.5,2008
Mark Clayton,2239,WR,BLT,1,100.0,1,1,34.0,0.0,0,1,100.0,100.0,1,1,0,0.0,1,0,1,3,80.3,69.8,83.4,65.4,0,0,1,2,,158.3,0.0,0,0,0,0,1,0,0.0,32,32.0,2008
Joe Flacco,4332,QB,BLT,18,71.2,511,544,8.9,0.0,8,17,3.0,62.3,339,0,166,6.9,597,25,203,3,73.7,78.5,80.7,38.1,7,15,631,5,22.9,84.9,6.4,38,15,2,16,21,14,2.2,3852,7.1,2009
Troy Smith,3790,QB,BLT,3,55.6,9,9,8.1,0.0,0,0,0.0,55.6,5,0,1,0.0,10,0,1,3,75.1,50.9,62.1,46.8,0,1,10,0,0.0,21.3,0.0,0,1,0,0,0,0,0.0,24,2.7,2009
Mark Clayton,2239,WR,BLT,1,100.0,1,1,-8.0,0.0,0,0,0.0,100.0,1,0,0,0.0,1,0,0,3,31.5,63.4,60.3,55.3,0,0,1,3,,79.2,0.0,0,0,0,0,0,0,0.0,0,0.0,2009
Ray Rice,4369,HB,BLT,1,0.0,1,1,15.0,0.0,0,0,0.0,0.0,0,0,0,,1,0,0,3,71.5,73.1,56.1,67.0,0,0,1,2,,39.6,0.0,0,0,0,0,0,0,0.0,0,0.0,2009
Joe Flacco,4332,QB,BLT,18,72.0,511,553,9.4,0.0,8,33,5.6,62.7,347,0,203,5.7,618,21,208,3,57.7,73.2,78.1,28.3,6,11,655,4,24.1,93.7,7.9,49,16,0,28,28,22,3.4,4083,7.4,2010
Anquan Boldin,1369,WR,BLT,1,100.0,1,1,-11.0,0.0,0,0,0.0,100.0,1,1,1,0.0,1,0,0,3,49.8,71.7,58.8,50.7,0,0,1,4,0.0,79.2,0.0,0,0,0,0,0,0,0.0,-6,-6.0,2010
Joe Flacco,4332,QB,BLT,18,67.6,568,605,9.8,2.76,8,51,8.0,57.5,348,0,207,9.4,657,36,208,3,46.4,65.3,68.3,33.6,7,13,692,6,18.8,82.5,5.9,39,13,0,22,24,30,4.3,4092,6.8,2011
Tyrod Taylor,6332,QB,BLT,1,100.0,1,1,6.0,4.57,0,0,0.0,100.0,1,0,2,0.0,3,0,1,3,67.4,64.0,55.1,61.1,0,0,3,0,100.0,118.8,66.7,2,0,0,0,0,0,0.0,18,18.0,2011
Ray Rice,4369,HB,BLT,1,100.0,1,1,8.0,2.2,0,0,0.0,100.0,1,0,0,0.0,1,0,1,3,74.0,75.7,54.1,70.5,0,0,1,1,,118.8,0.0,0,0,0,0,1,0,0.0,1,1.0,2011
Joe Flacco,4332,QB,BLT,20,67.7,619,657,10.6,2.64,9,55,7.8,59.4,390,0,222,6.9,705,29,231,3,66.1,73.3,76.2,28.0,13,10,756,3,18.5,93.4,5.8,41,7,0,16,33,23,3.0,4957,7.5,2012
Tyrod Taylor,6332,QB,BLT,3,70.4,27,29,6.7,3.26,0,0,0.0,58.6,17,0,11,10.5,37,2,11,3,80.7,68.2,58.1,78.9,0,1,38,0,27.3,62.3,8.1,3,5,0,2,0,1,2.6,179,6.2,2012
Joe Flacco,4332,QB,BLT,16,67.8,583,614,9.5,2.86,5,37,5.7,59.0,362,0,241,8.4,677,33,197,3,78.7,67.4,67.2,50.2,9,22,716,1,19.9,73.1,7.1,48,15,1,16,19,31,4.3,3912,6.4,2013
Tyrod Taylor,6332,QB,BLT,2,40.0,5,5,4.8,3.06,0,0,0.0,20.0,1,0,2,50.0,7,1,2,3,73.5,61.1,43.7,63.7,0,1,7,0,0.0,0.0,0.0,0,2,0,0,0,1,14.3,2,0.4,2013
Joe Flacco,4332,QB,BLT,18,74.0,580,628,9.2,2.67,6,27,4.0,62.1,390,0,221,9.1,659,39,229,3,61.9,76.2,75.7,48.5,13,14,709,2,9.0,92.2,3.0,20,11,6,23,33,29,4.1,4540,7.2,2014
Joe Flacco,4332,QB,BLT,10,74.9,382,413,7.7,2.54,3,21,4.8,64.4,266,0,130,7.0,430,20,124,3,57.3,64.9,64.3,51.5,6,12,458,1,11.5,83.1,3.5,15,2,4,18,14,22,4.8,2791,6.8,2015
Ryan Mallett,6226,QB,BLT,7,68.6,226,244,8.8,2.37,3,8,3.1,55.7,136,0,77,12.3,253,19,79,3,77.6,59.2,58.4,63.7,5,6,265,3,7.8,67.9,2.4,6,3,2,8,5,12,4.5,1336,5.5,2015
Jimmy Clausen,5573,QB,BLT,4,68.5,111,125,8.8,2.67,4,0,0.0,57.6,72,0,56,5.3,140,4,33,3,87.7,46.4,50.0,43.1,2,4,145,2,12.5,66.7,5.0,7,8,0,8,2,4,2.8,739,5.9,2015
Matt Schaub,1811,QB,BLT,2,70.3,74,80,7.9,2.5,0,2,2.4,65.0,52,0,34,0.0,85,0,28,3,84.3,51.2,53.1,44.5,0,4,87,1,8.8,76.0,3.5,3,2,0,6,3,4,4.6,540,6.8,2015
Sam Koch,3148,P,BLT,1,100.0,1,1,-5.0,1.0,0,0,0.0,100.0,1,0,0,0.0,1,0,0,3,60.4,61.5,60.5,,0,0,1,0,,79.2,0.0,0,0,0,0,0,0,0.0,-3,-3.0,2015
Joe Flacco,4332,QB,BLT,16,75.0,624,672,7.8,2.48,6,13,1.8,64.9,436,0,227,6.8,713,32,208,3,89.6,66.5,65.5,66.6,8,15,759,8,14.1,83.5,4.5,32,9,7,27,20,24,3.2,4317,6.4,2016
Ryan Mallett,6226,QB,BLT,3,83.3,6,6,9.7,2.27,0,0,0.0,50.0,3,0,1,40.0,6,2,1,3,72.8,55.9,53.3,61.3,0,1,6,0,0.0,22.2,0.0,0,0,0,0,0,0,0.0,26,4.3,2016
Justin Tucker,7604,K,BLT,1,0.0,1,1,14.0,2.9,0,0,0.0,0.0,0,0,1,,1,0,0,3,60.4,54.3,57.1,,0,0,1,0,0.0,39.6,0.0,0,0,0,0,0,0,0.0,0,0.0,2016
Joe Flacco,4332,QB,BLT,16,75.1,503,549,7.0,2.51,8,16,2.8,64.1,352,0,158,6.9,583,26,161,3,84.8,68.6,68.6,55.1,9,13,605,5,17.1,80.4,4.6,27,7,3,26,18,19,3.1,3141,5.7,2017
Ryan Mallett,6226,QB,BLT,2,62.5,16,16,8.4,2.18,0,0,0.0,56.3,9,0,3,10.0,16,1,5,3,76.2,52.8,52.6,57.6,0,0,20,0,0.0,103.1,0.0,0,0,0,0,2,1,5.0,56,3.5,2017
Sam Koch,3148,P,BLT,2,100.0,2,2,15.5,2.0,0,0,0.0,100.0,2,0,0,0.0,2,0,2,3,63.6,76.1,77.8,,0,0,2,0,,118.8,0.0,0,0,0,0,0,0,0.0,38,19.0,2017
Joe Flacco,4332,QB,BLT,9,74.9,342,379,9.3,2.58,13,15,3.7,61.2,232,0,113,9.4,400,24,124,3,76.8,72.0,70.6,71.2,4,6,427,2,14.2,84.2,4.0,16,4,3,17,12,12,2.8,2465,6.5,2018
Lamar Jackson,46416,QB,BLT,13,65.4,185,199,8.9,3.2,2,7,3.3,56.8,113,0,95,6.6,243,8,77,3,23.7,56.1,56.5,56.8,1,4,258,4,23.2,83.6,9.1,22,22,2,9,8,11,4.3,1395,7.0,2018
Robert Griffin III,7008,QB,BLT,2,40.0,5,6,13.0,3.23,0,0,0.0,33.3,2,0,4,0.0,6,0,1,3,69.6,34.9,33.9,,0,0,7,0,0.0,44.4,0.0,0,0,0,1,0,1,14.3,21,3.5,2018
Sam Koch,3148,P,BLT,1,100.0,1,1,17.0,2.3,0,0,0.0,100.0,1,0,0,0.0,1,0,1,3,60.4,71.6,68.8,,0,0,1,0,,118.8,0.0,0,0,0,0,0,0,0.0,21,21.0,2018
Lamar Jackson,46416,QB,BLT,16,75.1,425,460,9.6,3.06,10,25,5.2,64.3,296,0,165,7.2,537,23,204,3,62.6,90.2,82.5,90.6,3,8,564,4,16.4,106.9,5.0,27,49,3,19,37,12,2.1,3492,7.6,2019
Robert Griffin III,7008,QB,BLT,6,63.9,36,38,8.0,2.52,1,0,0.0,60.5,23,0,13,0.0,44,0,11,3,82.9,47.5,42.0,61.7,0,2,45,0,38.5,64.0,11.4,5,1,0,1,1,2,4.4,225,5.9,2019
Sam Koch,3148,P,BLT,1,100.0,1,1,-5.0,1.3,0,0,0.0,100.0,1,0,0,0.0,1,0,0,3,60.4,60.8,60.4,,0,0,1,0,,79.2,0.0,0,0,0,0,0,0,0.0,-2,-2.0,2019
Lamar Jackson,46416,QB,BLT,17,74.9,398,424,9.2,3.12,9,24,5.4,64.4,273,0,194,8.4,519,25,176,3,46.5,79.3,74.9,77.8,3,11,541,3,19.1,95.8,7.1,37,55,4,10,26,20,3.7,3098,7.3,2020
Tyler Huntley,46448,QB,BLT,3,61.1,18,18,10.7,3.03,0,1,5.6,50.0,9,0,5,18.2,21,2,4,3,78.4,61.6,57.7,64.9,0,0,21,0,20.0,61.1,4.8,1,2,0,0,0,1,4.8,75,4.2,2020
Robert Griffin III,7008,QB,BLT,3,61.5,13,14,6.7,2.08,0,0,0.0,57.1,8,0,8,0.0,17,0,1,3,78.4,52.9,36.3,75.2,1,2,20,0,37.5,22.6,17.6,3,0,0,0,0,1,5.0,42,3.0,2020
Trace McSorley,32819,QB,BLT,2,62.5,8,10,9.3,2.74,1,0,0.0,30.0,3,0,4,40.0,11,2,3,3,74.1,57.4,55.5,61.2,0,0,11,0,0.0,97.9,0.0,0,1,0,1,1,1,9.1,90,9.0,2020
Sam Koch,3148,P,BLT,1,100.0,1,1,9.0,2.0,0,0,0.0,100.0,1,0,0,0.0,1,0,1,3,60.4,70.7,67.2,,0,0,1,0,,118.8,0.0,0,0,0,0,0,0,0.0,15,15.0,2020
Lamar Jackson,46416,QB,BLT,12,74.3,350,382,10.0,3.06,10,19,4.7,64.4,246,0,174,5.4,470,14,154,3,48.6,70.2,65.9,75.8,8,13,495,5,21.8,87.0,8.1,38,50,4,10,16,18,3.6,2882,7.5,2021
Tyler Huntley,46448,QB,BLT,6,75.7,173,188,8.1,2.83,6,3,1.5,64.9,122,0,74,6.9,231,9,68,3,49.0,68.3,62.0,82.3,2,4,245,4,24.3,76.6,7.8,18,25,3,4,3,8,3.3,1081,5.8,2021
Josh Johnson,4474,QB,BLT,4,73.2,82,85,7.9,2.64,0,3,3.4,67.1,57,0,31,5.0,93,3,40,3,55.1,73.3,76.5,43.8,0,2,98,0,9.7,99.0,3.2,3,5,0,3,5,1,1.0,638,7.5,2021
Sam Koch,3148,P,BLT,1,0.0,1,1,9.0,2.1,0,0,0.0,0.0,0,0,0,,1,0,0,3,60.4,47.8,51.7,,0,0,1,0,,39.6,0.0,0,0,0,0,0,0,0.0,0,0.0,2021
Lamar Jackson,46416,QB,BLT,12,74.6,299,326,9.2,3.11,8,17,5.0,62.3,203,1,129,9.0,378,20,116,3,56.6,85.2,72.3,92.6,3,7,399,7,20.9,91.1,7.1,27,25,1,15,17,9,2.3,2242,6.9,2022
Tyler Huntley,46448,QB,BLT,6,71.0,131,141,7.4,2.98,2,3,2.0,65.2,92,0,58,1.1,168,1,45,3,56.9,55.3,57.3,51.0,1,4,177,1,15.5,80.2,5.4,9,18,2,5,4,6,3.4,884,6.3,2022
Anthony Brown,40316,QB,BLT,2,61.4,44,49,9.4,2.46,3,0,0.0,44.9,22,0,17,18.5,54,5,13,3,38.8,36.2,36.0,60.5,0,2,56,0,29.4,48.2,9.3,5,0,2,0,0,3,5.4,302,6.2,2022
James Proche II,48037,WR,BLT,1,0.0,1,1,35.0,4.6,0,0,0.0,0.0,0,0,0,,1,0,0,3,78.3,44.6,43.5,,0,1,1,5,,0.0,0.0,0,0,0,0,0,1,100.0,0,0.0,2022
Lamar Jackson,46416,QB,BLT,18,77.0,478,516,9.1,3.21,11,26,4.7,66.5,343,2,230,6.8,633,25,214,3,43.3,90.4,83.0,90.8,8,8,675,10,19.1,101.6,7.0,44,72,1,18,27,19,2.8,4102,7.9,2023
Tyler Huntley,46448,QB,BLT,5,70.6,34,37,7.2,3.21,1,1,2.7,56.8,21,0,18,12.5,48,3,14,3,81.5,63.8,64.7,57.6,0,0,48,0,22.2,99.3,8.3,4,7,0,2,3,1,2.1,203,5.5,2023
Lamar Jackson,46416,QB,BLT,10,79.4,262,288,8.9,3.15,8,13,4.2,69.1,199,0,111,4.3,331,9,139,3,49.5,92.5,91.2,83.0,5,2,356,4,11.7,123.2,3.9,13,29,4,9,24,5,1.4,2669,9.3,2024
Josh Johnson,4474,QB,BLT,1,100.0,1,1,0.0,2.8,0,0,0.0,100.0,1,0,1,0.0,1,0,0,3,68.2,52.0,60.4,55.6,0,0,1,0,0.0,79.2,0.0,0,0,0,0,0,0,0.0,1,1.0,2024
J.P. Losman,1743,QB,BUF,16,72.1,387,429,9.4,2.84,15,19,4.3,62.5,268,0,163,3.9,494,11,141,4,28.1,40.4,44.9,28.9,5,14,511,4,28.8,85.0,9.5,47,18,2,20,19,34,6.7,3052,7.1,2006
Lee Evans,1734,WR,BUF,1,0.0,1,1,25.0,3.1,0,0,0.0,0.0,0,2,0,,1,0,0,4,52.5,84.7,72.3,,0,0,1,4,,39.6,0.0,0,0,0,0,0,0,0.0,0,0.0,2006
Trent Edwards,3708,QB,BUF,10,68.9,241,269,7.2,2.82,10,6,2.2,56.1,151,0,99,9.0,288,15,83,4,44.6,59.4,60.7,38.8,4,8,298,1,12.1,70.4,4.2,12,7,2,12,7,14,4.7,1630,6.1,2007
J.P. Losman,1743,QB,BUF,8,70.7,164,175,8.9,2.95,4,7,3.9,63.4,111,0,70,4.3,200,5,65,4,44.3,47.0,48.8,43.9,2,6,204,0,20.0,77.0,7.0,14,11,1,4,4,10,4.9,1206,6.9,2007
Marshawn Lynch,3628,HB,BUF,1,100.0,1,1,11.0,2.6,0,0,0.0,100.0,1,0,0,0.0,1,0,1,4,75.8,80.1,68.9,79.1,0,0,1,1,,139.6,0.0,0,0,0,0,1,0,0.0,8,8.0,2007
Trent Edwards,3708,QB,BUF,14,76.7,347,374,7.2,0.0,7,20,5.1,65.5,245,0,115,7.9,416,21,140,4,47.1,77.3,78.5,46.8,7,10,434,2,20.0,85.4,5.5,23,19,1,12,11,9,2.1,2702,7.2,2008
J.P. Losman,1743,QB,BUF,4,78.1,96,104,7.4,0.0,0,1,0.9,60.6,63,0,41,16.0,125,12,39,4,19.0,42.2,38.9,71.4,1,5,130,2,36.6,62.3,12.0,15,6,3,4,2,10,7.7,584,5.6,2008
Ryan Fitzpatrick,2467,QB,BUF,10,66.4,211,227,9.5,0.0,5,9,3.8,55.9,127,0,89,9.3,266,13,67,4,79.7,61.4,61.0,56.1,9,10,276,1,23.6,69.7,7.9,21,18,1,1,9,9,3.3,1424,6.3,2009
Trent Edwards,3708,QB,BUF,8,75.2,165,183,7.4,0.0,4,8,4.2,60.1,110,0,83,11.3,217,14,59,4,75.0,65.1,63.1,65.8,4,7,226,1,27.7,73.7,10.6,23,11,0,10,6,7,3.1,1165,6.4,2009
Brian Brohm,4370,QB,BUF,1,73.1,26,29,6.2,0.0,1,0,0.0,58.6,17,0,12,10.5,31,2,8,4,78.5,47.2,52.3,48.5,1,2,32,1,16.7,43.2,6.5,2,0,0,1,0,1,3.1,146,5.0,2009
Fred Jackson,3368,HB,BUF,1,100.0,1,1,30.0,0.0,0,0,0.0,100.0,1,0,0,0.0,1,0,1,4,74.4,69.4,77.9,67.2,0,0,1,1,,158.3,0.0,0,0,0,0,1,0,0.0,27,27.0,2009
Ryan Fitzpatrick,2467,QB,BUF,13,68.8,413,441,9.5,0.0,12,29,6.3,57.8,255,0,164,10.2,494,29,161,4,80.1,66.9,68.2,41.4,11,15,512,2,14.6,81.8,4.9,24,29,1,4,23,19,3.7,3000,6.8,2010
Brian Brohm,4370,QB,BUF,1,50.0,22,23,9.9,0.0,1,0,0.0,43.5,10,0,12,9.1,26,1,5,4,76.3,57.4,56.9,,0,3,26,0,25.0,17.9,11.5,3,0,0,0,0,0,0.0,106,4.6,2010
J. Levi Brown,5732,QB,BUF,1,66.7,3,3,18.7,0.0,0,0,0.0,66.7,2,0,0,0.0,3,0,1,4,65.5,54.4,54.7,,0,1,3,0,,51.4,0.0,0,0,0,0,0,1,33.3,24,8.0,2010
Ryan Fitzpatrick,2467,QB,BUF,16,69.9,544,569,8.0,2.49,10,33,5.5,62.0,353,0,135,7.1,618,27,189,4,73.0,65.4,69.4,30.8,6,23,655,2,16.3,79.1,3.6,22,27,4,5,24,26,4.0,3834,6.7,2011
Tyler Thigpen,3833,QB,BUF,2,42.9,7,8,10.3,3.03,1,0,0.0,37.5,3,0,2,0.0,9,0,2,4,70.9,39.7,40.5,58.3,0,1,9,0,0.0,6.8,0.0,0,1,0,0,0,1,11.1,25,3.1,2011
Brad Smith,3048,WR,BUF,2,0.0,1,1,46.0,7.35,0,0,0.0,0.0,0,0,1,,2,0,0,4,80.4,55.0,50.2,66.4,0,1,2,2,100.0,0.0,50.0,1,0,0,0,0,0,0.0,0,0.0,2011
Ryan Fitzpatrick,2467,QB,BUF,16,71.0,483,505,7.9,2.6,8,19,3.6,60.6,306,0,151,10.8,566,37,183,4,59.9,54.0,52.7,60.8,4,16,584,2,19.9,83.3,5.3,30,31,2,8,24,29,5.0,3400,6.7,2012
Tyler Thigpen,3833,QB,BUF,1,75.0,4,5,5.5,1.86,0,0,0.0,60.0,3,0,1,0.0,5,0,2,4,69.2,53.0,53.0,59.8,0,0,5,0,0.0,77.1,0.0,0,0,0,1,0,0,0.0,30,6.0,2012
Brad Smith,3048,WR,BUF,1,0.0,1,1,38.0,2.5,0,0,0.0,0.0,0,0,1,,1,0,0,4,77.8,64.9,39.3,70.5,0,1,1,0,0.0,0.0,0.0,0,0,0,0,0,1,100.0,0,0.0,2012
E.J. Manuel,7797,QB,BUF,10,68.4,291,306,8.6,2.81,3,8,2.4,58.8,180,0,114,9.5,358,19,95,4,47.5,53.0,57.5,36.3,6,9,387,2,24.6,77.7,7.8,28,24,1,5,11,19,4.9,1972,6.4,2013
Thaddeus Lewis,5817,QB,BUF,5,67.5,151,157,8.8,2.73,2,12,7.5,59.2,93,0,64,8.8,184,9,48,4,26.1,61.0,67.7,29.5,1,3,190,0,28.1,81.0,9.8,18,9,0,3,4,6,3.2,1092,7.0,2013
Jeff Tuel,8508,QB,BUF,2,58.9,56,59,10.4,2.57,0,2,3.2,44.1,26,0,17,21.2,63,7,16,4,82.4,46.0,44.4,59.2,3,3,67,0,11.8,45.1,3.2,2,2,0,0,1,5,7.5,309,5.2,2013
Kyle Orton,2323,QB,BUF,12,74.2,415,446,7.5,2.4,7,20,4.3,64.1,286,0,149,7.1,484,22,150,4,71.5,57.7,57.5,51.3,3,10,509,3,22.1,87.8,6.8,33,5,2,19,18,17,3.3,3016,6.8,2014
E.J. Manuel,7797,QB,BUF,4,68.0,122,131,7.6,2.74,1,5,3.6,58.0,76,0,53,8.4,147,7,40,4,66.9,54.3,58.9,39.4,0,3,153,1,11.3,80.5,4.1,6,10,1,7,5,7,4.6,844,6.4,2014
Fred Jackson,3368,HB,BUF,1,0.0,1,1,33.0,3.3,0,0,0.0,0.0,0,0,1,,1,0,0,4,51.8,71.3,53.1,72.2,0,0,1,0,0.0,39.6,0.0,0,0,0,0,0,0,0.0,0,0.0,2014
Tyrod Taylor,6332,QB,BUF,14,71.2,365,380,10.7,3.23,5,24,5.9,63.7,242,0,178,6.9,468,18,151,4,56.7,77.0,73.8,74.7,3,6,507,4,20.2,99.4,7.7,36,52,0,7,20,17,3.4,3035,8.0,2015
E.J. Manuel,7797,QB,BUF,2,73.1,78,84,10.0,2.62,4,3,3.4,61.9,52,0,25,8.8,94,5,30,4,31.5,42.2,40.1,61.7,0,3,97,1,24.0,78.5,6.4,6,4,1,1,3,8,8.2,561,6.7,2015
Chris Hogan,6468,WR,BUF,2,100.0,1,1,2.0,4.8,0,0,0.0,100.0,1,0,1,0.0,2,0,0,4,77.8,60.3,60.5,58.3,0,0,2,1,0.0,83.3,0.0,0,1,0,0,0,0,0.0,4,4.0,2015
Tyrod Taylor,6332,QB,BUF,15,73.2,396,436,9.8,3.34,7,14,3.0,61.7,269,0,217,7.2,529,21,168,4,83.2,75.6,74.8,68.3,7,6,567,5,19.4,89.7,7.9,42,51,1,25,17,9,1.6,3023,6.9,2016
E.J. Manuel,7797,QB,BUF,5,60.0,25,26,11.1,2.77,0,0,0.0,42.3,11,0,11,26.7,32,4,6,4,28.7,41.8,43.6,49.0,1,0,34,0,27.3,58.3,9.4,3,2,0,0,0,2,5.9,131,5.0,2016
Cardale Jones,10773,QB,BUF,1,63.6,11,11,9.5,2.67,0,0,0.0,54.5,6,1,3,14.3,12,1,2,4,73.3,38.2,40.6,56.2,0,1,13,1,33.3,46.0,8.3,1,0,0,0,0,2,15.4,96,8.7,2016
Jonathan Williams,10790,HB,BUF,1,,0,1,,0.0,0,0,0.0,0.0,0,0,0,,1,0,0,4,21.3,46.5,60.0,46.6,0,0,1,0,,39.6,0.0,0,0,1,0,0,0,0.0,0,0.0,2016
Tyrod Taylor,6332,QB,BUF,16,72.3,422,457,8.7,3.16,13,16,3.3,61.3,280,0,209,8.2,552,25,160,4,78.7,77.7,74.5,72.6,3,5,584,2,22.5,85.5,8.5,47,45,0,19,14,8,1.4,2933,6.4,2017
Nathan Peterman,11926,QB,BUF,5,64.0,50,52,9.8,2.52,0,0,0.0,48.1,25,0,13,21.9,58,7,16,4,37.8,33.8,38.9,35.5,0,6,59,1,7.7,36.7,1.7,1,5,1,1,2,6,10.2,266,5.1,2017
Joe Webb III,5722,WR,BUF,2,28.6,7,7,16.3,2.89,0,0,0.0,28.6,2,0,3,0.0,7,0,1,4,74.7,46.7,28.2,75.9,0,1,7,0,0.0,8.3,0.0,0,0,0,0,0,2,28.6,35,5.0,2017
Josh Allen,46601,QB,BUF,12,64.7,292,320,11.5,3.2,1,17,4.9,52.8,169,0,172,10.6,396,20,114,4,50.2,65.3,58.0,81.4,4,12,429,4,16.3,67.9,7.1,28,47,0,23,10,22,5.1,2074,6.5,2018
Nathan Peterman,11926,QB,BUF,4,68.6,70,81,6.9,2.81,2,1,1.1,54.3,44,0,30,8.3,96,4,15,4,85.5,32.9,31.6,58.9,3,7,106,1,23.3,30.7,7.3,7,8,0,6,1,5,4.7,296,3.7,2018
Derek Anderson,2430,QB,BUF,2,68.2,66,70,9.6,2.46,3,2,2.8,60.0,42,0,22,6.7,75,3,22,4,26.6,47.5,47.4,60.0,0,4,77,0,22.7,56.0,6.7,5,0,0,1,0,7,9.1,465,6.6,2018
Matt Barkley,7880,QB,BUF,1,60.0,25,25,13.6,2.58,0,3,12.0,60.0,15,0,5,0.0,26,0,12,4,77.4,61.6,61.3,57.9,0,0,26,0,20.0,117.4,3.8,1,0,0,0,2,2,7.7,232,9.3,2018
Logan Thomas,8755,TE,BUF,1,100.0,1,1,8.0,2.0,0,0,0.0,100.0,1,0,0,0.0,1,0,1,4,73.4,51.7,67.2,,0,0,1,1,,118.8,0.0,0,0,0,0,0,0,0.0,15,15.0,2018
Zay Jones,11792,WR,BUF,1,0.0,1,1,18.0,4.7,0,0,0.0,0.0,0,0,1,,1,0,0,4,43.7,62.2,56.0,56.2,0,0,1,1,0.0,39.6,0.0,0,0,0,0,0,0,0.0,0,0.0,2018
Corey Bojorquez,27626,P,BUF,1,,0,1,,3.7,1,0,0.0,0.0,0,0,1,,1,0,0,4,13.3,28.7,60.0,60.0,0,0,1,0,0.0,39.6,0.0,0,0,0,0,0,1,100.0,0,0.0,2018
Josh Allen,46601,QB,BUF,17,70.6,462,507,9.7,2.92,7,15,2.8,58.2,295,1,217,9.5,595,31,176,4,26.7,64.1,61.4,65.4,6,9,629,5,18.9,83.9,6.9,41,47,4,28,20,27,4.3,3353,6.6,2019
Matt Barkley,7880,QB,BUF,2,69.6,46,51,8.8,2.36,3,2,3.8,52.9,27,0,20,15.6,53,5,15,4,19.9,45.8,49.4,43.7,1,3,54,1,10.0,51.0,3.8,2,0,1,0,0,5,9.3,359,7.0,2019
John Brown,8726,WR,BUF,3,100.0,2,2,16.5,3.95,0,0,0.0,100.0,2,0,0,0.0,2,0,2,4,82.2,74.2,67.9,50.9,0,0,3,0,,158.3,0.0,0,0,0,0,2,0,0.0,44,22.0,2019
Corey Bojorquez,27626,P,BUF,1,,0,1,,0.0,0,0,0.0,0.0,0,0,0,,1,0,0,4,60.4,60.0,60.0,,0,0,1,0,,39.6,0.0,0,0,1,0,0,0,0.0,0,0.0,2019
Josh Allen,46601,QB,BUF,19,78.7,643,692,9.3,3.04,10,45,6.1,68.4,473,1,280,6.5,767,33,289,4,52.7,90.3,87.9,76.6,5,11,820,6,11.8,104.9,4.3,33,42,0,34,42,29,3.5,5361,7.7,2020
Matt Barkley,7880,QB,BUF,4,68.4,19,21,13.4,2.44,2,2,9.5,52.4,11,0,5,15.4,22,2,9,4,77.5,60.6,59.1,61.6,0,1,22,0,20.0,80.9,4.5,1,0,0,0,1,2,9.1,197,9.4,2020
Jaquan Johnson,51433,S,BUF,1,100.0,1,1,10.0,1.1,0,0,0.0,100.0,1,0,0,0.0,1,0,1,4,67.7,73.1,68.8,,0,0,1,0,,118.8,0.0,0,0,0,0,0,0,0.0,13,13.0,2020
Isaiah McKenzie,11927,WR,BUF,1,100.0,1,1,-5.0,2.8,0,0,0.0,100.0,1,1,0,0.0,1,0,1,4,81.1,72.4,60.0,48.5,0,0,1,2,,156.3,0.0,0,0,0,0,1,0,0.0,12,12.0,2020
Cole Beasley,7330,WR,BUF,1,100.0,1,1,23.0,3.3,0,0,0.0,100.0,1,0,0,0.0,1,0,1,4,83.3,81.7,72.1,,0,0,1,2,,158.3,0.0,0,0,0,0,1,0,0.0,20,20.0,2020
Josh Allen,46601,QB,BUF,19,74.8,651,708,9.1,2.89,17,44,5.9,64.5,457,0,264,6.2,793,30,287,4,64.9,90.9,81.9,93.6,4,15,843,4,10.6,97.9,3.5,28,55,0,36,45,27,3.2,5044,7.1,2021
Mitch Trubisky,11757,QB,BUF,4,87.5,8,8,5.1,2.77,0,0,0.0,75.0,6,0,1,14.3,10,1,4,4,77.4,68.4,53.0,76.6,0,1,10,1,0.0,47.4,0.0,0,2,0,0,0,1,10.0,43,5.4,2021
Cole Beasley,7330,WR,BUF,1,0.0,1,1,22.0,3.1,0,0,0.0,0.0,0,0,0,,1,0,0,4,55.2,68.3,51.2,,0,0,1,1,,39.6,0.0,0,0,0,0,0,0,0.0,0,0.0,2021
Josh Allen,46601,QB,BUF,18,74.2,596,648,10.2,2.91,17,52,7.6,62.8,407,0,266,7.9,754,35,277,4,43.5,91.8,85.8,92.8,4,17,794,2,15.4,94.5,5.4,41,63,1,30,38,33,4.2,4898,7.6,2022
Case Keenum,7323,QB,BUF,2,28.6,7,7,8.3,1.87,0,0,0.0,28.6,2,0,0,0.0,7,0,0,4,73.2,28.5,27.3,58.1,0,0,7,0,,39.6,0.0,0,0,0,0,0,1,14.3,8,1.1,2022
Josh Allen,46601,QB,BUF,19,77.1,603,648,8.6,2.87,6,42,6.2,66.7,432,0,259,7.1,732,33,249,4,59.8,92.1,88.2,91.6,5,18,775,9,10.0,93.2,3.6,26,58,2,32,33,23,3.0,4696,7.2,2023
Josh Allen,46601,QB,BUF,10,74.2,271,299,8.0,2.76,7,21,6.5,63.5,190,0,110,5.5,339,11,115,4,29.6,80.6,71.8,91.1,4,4,367,1,11.8,100.2,3.8,13,24,1,16,17,13,3.5,2281,7.6,2024
Mitch Trubisky,11757,QB,BUF,2,66.7,3,3,6.0,1.87,0,0,0.0,66.7,2,0,0,0.0,3,0,0,4,72.8,29.6,24.6,61.9,0,0,3,0,,70.1,0.0,0,0,0,0,0,1,33.3,5,1.7,2024
Jake Delhomme,303,QB,CAR,13,72.0,393,431,9.1,2.47,17,15,3.3,61.0,263,0,128,7.1,456,20,128,5,90.3,60.2,61.1,45.9,6,11,473,2,17.2,82.7,4.8,22,3,0,15,17,16,3.4,2816,6.5,2006
Chris Weinke,861,QB,CAR,3,69.6,92,96,9.6,2.69,1,2,2.0,58.3,56,0,40,12.5,108,8,27,5,30.6,41.6,45.3,37.1,1,4,112,1,25.0,67.4,9.3,10,2,0,2,2,9,8.0,625,6.5,2006
Brett Basanez,3219,QB,CAR,1,60.0,10,11,9.0,2.2,1,0,0.0,54.5,6,0,1,0.0,12,0,4,5,72.4,50.5,53.4,56.8,0,1,12,0,0.0,30.9,0.0,0,1,0,0,0,1,8.3,56,5.1,2006
Keyshawn Johnson,153,WR,CAR,1,0.0,1,1,22.0,3.3,0,0,0.0,0.0,0,0,0,,1,0,0,5,48.1,76.0,42.6,62.8,0,1,1,7,,0.0,0.0,0,0,0,0,0,1,100.0,0,0.0,2006
Vinny Testaverde,2866,QB,CAR,6,64.6,164,172,7.7,2.26,4,6,3.2,54.7,94,0,47,11.3,184,12,46,5,25.3,46.9,46.4,52.7,0,6,198,2,19.1,65.8,4.9,9,3,0,4,5,14,7.1,952,5.5,2007
David Carr,1009,QB,CAR,6,67.8,121,136,8.0,2.83,4,3,2.1,53.7,73,0,58,11.0,160,9,36,5,69.0,52.5,54.1,47.9,0,5,169,0,22.4,58.5,8.1,13,11,0,11,3,6,3.6,641,4.7,2007
Matt Moore,4018,QB,CAR,8,62.6,107,111,11.1,2.48,2,5,4.5,56.8,63,0,23,6.0,118,4,37,5,68.1,52.5,54.2,38.7,0,5,119,0,26.1,67.0,5.1,6,1,0,2,3,7,5.9,730,6.6,2007
Jake Delhomme,303,QB,CAR,3,80.8,78,86,7.8,2.53,3,5,5.7,64.0,55,0,25,12.7,95,8,31,5,55.1,67.0,67.8,50.6,2,1,97,1,20.0,111.8,5.3,5,4,1,2,8,3,3.1,624,7.3,2007
Jake Delhomme,303,QB,CAR,17,70.4,419,448,10.1,0.0,20,24,5.1,58.7,263,0,114,10.8,475,32,164,5,65.5,76.8,77.6,36.8,4,17,496,3,19.3,79.6,4.6,22,5,1,4,16,17,3.4,3493,7.8,2008
Jake Delhomme,303,QB,CAR,11,64.8,301,321,9.8,0.0,6,15,4.5,55.5,178,0,103,8.7,351,17,104,5,79.7,55.6,54.1,63.7,6,18,366,2,22.3,59.4,6.6,23,7,5,3,8,14,3.8,2014,6.3,2009
Matt Moore,4018,QB,CAR,7,66.9,130,138,9.0,0.0,2,8,5.5,61.6,85,0,51,2.3,149,2,53,5,88.8,59.3,60.9,48.5,3,2,157,2,17.6,97.6,6.0,9,2,0,3,8,3,1.9,1025,7.4,2009
Josh McCown,1085,QB,CAR,1,16.7,6,6,3.8,0.0,0,0,0.0,16.7,1,0,2,0.0,7,0,0,5,69.6,27.3,28.3,,0,0,7,0,50.0,39.6,14.3,1,0,0,0,0,1,14.3,2,0.3,2009
Jimmy Clausen,5573,QB,CAR,13,68.8,260,299,7.0,0.0,12,14,4.5,52.5,157,0,118,12.3,344,22,75,5,87.2,60.5,61.7,41.0,3,9,359,2,28.0,58.3,9.6,33,12,1,23,3,7,1.9,1556,5.2,2010
Matt Moore,4018,QB,CAR,6,70.2,131,143,9.6,0.0,4,5,3.4,55.2,79,0,55,14.1,161,13,48,5,29.2,49.6,49.6,54.3,2,10,165,0,23.6,55.6,8.1,13,5,1,5,5,12,7.3,857,6.0,2010
Brian St. Pierre,1470,QB,CAR,1,75.0,24,28,7.4,0.0,1,1,3.4,46.4,13,0,9,27.8,31,5,3,5,77.7,54.8,54.3,,0,2,32,0,33.3,48.7,9.7,3,0,0,3,1,2,6.3,173,6.2,2010
Tony Pike,5727,QB,CAR,1,70.0,10,12,7.3,0.0,0,0,0.0,50.0,6,0,5,14.3,13,1,2,5,73.5,50.4,51.6,58.3,0,0,15,0,20.0,60.1,7.7,1,0,0,2,0,0,0.0,47,3.9,2010
Brandon LaFell,5602,WR,CAR,1,,0,1,,0.0,0,0,0.0,0.0,0,0,1,,1,0,0,5,43.4,64.6,60.0,81.8,0,0,1,3,0.0,39.6,0.0,0,0,0,1,0,0,0.0,0,0.0,2010
Armanti Edwards,5613,WR,CAR,2,100.0,1,1,-3.0,0.0,0,0,0.0,100.0,1,0,0,0.0,2,0,0,5,63.6,52.3,60.4,65.9,0,0,2,0,,79.2,0.0,0,1,0,0,0,0,0.0,0,0.0,2010
Cam Newton,6153,QB,CAR,16,68.2,494,517,10.0,3.08,5,45,8.2,60.0,310,0,208,8.0,600,27,193,5,86.3,67.2,65.1,68.4,7,17,634,5,16.8,84.5,5.8,35,48,3,8,21,28,4.4,4051,7.8,2011
Legedu Naanee,3788,WR,CAR,1,100.0,1,1,-5.0,3.5,0,0,0.0,100.0,1,0,0,0.0,1,0,1,5,78.9,58.1,60.3,,0,0,1,6,,118.8,0.0,0,0,0,0,0,0,0.0,27,27.0,2011
Armanti Edwards,5613,WR,CAR,1,100.0,1,1,-1.0,2.2,0,0,0.0,100.0,1,0,1,0.0,1,0,1,5,64.5,53.9,60.4,56.7,0,0,1,0,0.0,112.5,0.0,0,0,0,0,0,0,0.0,11,11.0,2011
Cam Newton,6153,QB,CAR,16,68.5,441,485,9.8,3.05,11,36,7.0,57.7,280,0,203,7.3,555,22,181,5,72.4,71.9,68.6,73.6,13,12,588,3,17.7,86.2,6.5,36,34,2,18,19,19,3.2,3869,8.0,2012
Derek Anderson,2430,QB,CAR,2,100.0,4,4,6.8,2.25,0,0,0.0,100.0,4,0,1,0.0,4,0,3,5,68.9,54.7,54.8,,0,0,6,0,0.0,118.8,0.0,0,0,0,0,0,0,0.0,58,14.5,2012
Armanti Edwards,5613,WR,CAR,1,0.0,1,1,25.0,2.9,0,0,0.0,0.0,0,0,0,,1,0,0,5,69.5,55.3,57.3,,0,0,1,0,,39.6,0.0,0,0,0,0,0,0,0.0,0,0.0,2012
Cam Newton,6153,QB,CAR,17,72.1,459,498,9.5,3.08,8,23,4.4,61.8,308,0,219,6.9,587,23,199,5,90.1,73.2,71.7,65.8,9,15,612,1,21.9,88.3,8.2,48,41,3,19,25,24,3.9,3646,7.3,2013
Cam Newton,6153,QB,CAR,16,67.7,492,516,9.8,2.9,6,31,5.6,58.7,303,0,214,9.0,593,30,195,5,55.9,76.1,74.7,66.8,4,15,632,2,19.2,82.0,6.9,41,36,2,12,22,26,4.1,3571,6.9,2014
Derek Anderson,2430,QB,CAR,5,73.4,94,97,9.7,2.29,0,2,2.0,67.0,65,0,27,5.8,104,4,45,5,31.0,70.0,75.2,29.2,1,0,107,1,14.8,105.2,3.8,4,3,1,1,5,2,1.9,701,7.2,2014
Cam Newton,6153,QB,CAR,19,71.4,539,586,10.9,2.84,14,38,6.2,59.6,349,0,234,9.4,657,36,245,5,79.7,84.7,84.4,67.1,13,12,692,6,17.5,97.5,6.2,41,30,2,18,38,21,3.0,4598,7.8,2015
Derek Anderson,2430,QB,CAR,1,66.7,6,6,10.2,2.45,0,0,0.0,66.7,4,0,1,0.0,6,0,2,5,26.2,49.8,57.4,47.3,0,0,6,0,0.0,82.6,0.0,0,0,0,0,0,0,0.0,36,6.0,2015
Cam Newton,6153,QB,CAR,15,65.4,460,510,11.0,2.66,10,27,4.9,52.9,270,2,210,10.3,557,31,176,5,80.6,68.5,69.4,56.5,10,14,596,8,17.1,75.8,6.5,36,10,3,27,19,32,5.4,3509,6.9,2016
Derek Anderson,2430,QB,CAR,4,69.8,53,53,9.0,2.47,0,1,1.8,67.9,36,0,11,2.7,54,1,22,5,36.9,59.9,65.2,29.3,0,5,59,0,0.0,67.6,0.0,0,1,0,0,2,4,6.8,453,8.5,2016
Cam Newton,6153,QB,CAR,17,69.8,493,532,9.0,2.81,9,19,3.4,59.2,315,1,194,8.4,603,29,195,5,72.6,68.7,67.7,64.4,6,16,641,5,20.1,82.5,6.5,39,32,2,22,24,21,3.3,3651,6.9,2017
Derek Anderson,2430,QB,CAR,3,37.5,8,9,11.9,2.06,1,0,0.0,22.2,2,0,0,33.3,9,1,1,5,72.3,47.8,47.5,60.0,0,0,9,0,,39.6,0.0,0,0,0,0,0,0,0.0,17,1.9,2017
Michael Palardy,9277,P,CAR,2,0.0,1,1,7.0,4.9,0,0,0.0,0.0,0,0,1,,1,0,0,5,13.9,41.8,38.5,,0,0,2,0,0.0,39.6,0.0,0,0,0,0,0,1,50.0,0,0.0,2017
Cam Newton,6153,QB,CAR,14,78.0,441,471,7.6,2.67,8,13,2.6,67.9,320,0,174,7.0,531,24,188,5,78.6,70.9,70.0,66.5,1,13,558,8,16.7,94.2,5.5,29,27,3,18,24,26,4.7,3395,7.2,2018
Taylor Heinicke,9896,QB,CAR,5,67.9,53,57,8.9,2.66,0,1,1.6,61.4,35,0,22,2.8,60,1,20,5,82.6,46.2,43.8,70.6,2,3,67,0,9.1,60.6,3.3,2,1,1,1,1,4,6.0,320,5.6,2018
Kyle Allen,26152,QB,CAR,2,71.4,28,31,8.6,2.86,0,1,2.9,64.5,20,0,13,0.0,34,0,12,5,79.2,73.8,73.2,61.5,2,0,38,0,0.0,113.1,0.0,0,3,0,1,2,0,0.0,266,8.6,2018
Garrett Gilbert,8848,QB,CAR,1,100.0,2,3,5.0,3.65,0,0,0.0,66.7,2,0,2,0.0,4,0,1,5,66.9,52.5,52.1,,0,0,4,0,50.0,109.7,25.0,1,0,0,1,0,0,0.0,40,13.3,2018
Christian McCaffrey,11763,HB,CAR,1,100.0,1,1,13.0,2.4,0,0,0.0,100.0,1,0,0,0.0,1,0,1,5,58.7,82.8,71.3,77.2,0,0,1,0,,158.3,0.0,0,0,0,0,1,0,0.0,50,50.0,2018
Kyle Allen,26152,QB,CAR,13,73.3,450,489,8.6,2.69,7,20,3.9,62.0,303,0,190,8.2,555,27,196,5,26.3,49.7,50.9,48.1,5,16,578,3,24.2,80.0,8.3,46,20,1,26,17,34,5.9,3322,6.8,2019
Cam Newton,6153,QB,CAR,2,66.3,80,89,9.5,2.25,1,0,0.0,56.2,50,0,27,5.7,96,3,29,5,55.4,48.5,53.6,29.2,5,1,99,0,18.5,71.0,5.2,5,1,1,2,0,4,4.0,572,6.4,2019
Will Grier,38265,QB,CAR,2,61.7,47,52,9.0,2.88,1,0,0.0,53.8,28,0,25,3.4,63,1,14,5,54.2,29.0,30.2,44.6,1,4,64,0,24.0,33.2,9.5,6,5,0,3,0,6,9.4,228,4.4,2019
Christian McCaffrey,11763,HB,CAR,2,0.0,1,2,17.0,4.05,0,0,0.0,0.0,0,1,1,,2,0,0,5,81.4,86.5,45.6,75.6,0,0,2,1,0.0,39.6,0.0,0,0,0,1,0,0,0.0,0,0.0,2019
Michael Palardy,9277,P,CAR,1,100.0,1,1,10.0,2.3,0,0,0.0,100.0,1,0,0,0.0,1,0,1,5,60.4,72.6,68.8,,0,0,1,0,,116.7,0.0,0,0,0,0,0,0,0.0,12,12.0,2019
Teddy Bridgewater,8667,QB,CAR,15,79.6,456,492,7.6,2.61,10,17,3.3,69.1,340,1,173,6.3,560,23,189,5,68.2,66.0,66.4,53.9,2,11,594,5,17.9,92.1,5.5,31,36,2,22,15,20,3.4,3733,7.6,2020
P.J. Walker,12134,QB,CAR,4,67.9,53,56,10.4,2.51,2,4,7.1,57.1,32,0,18,11.1,60,4,17,5,82.2,56.8,57.0,62.6,0,5,61,1,22.2,45.8,6.7,4,0,0,1,1,2,3.3,368,6.6,2020
DJ Moore,48267,WR,CAR,1,0.0,1,1,7.0,4.0,0,0,0.0,0.0,0,0,0,,1,0,0,5,81.6,79.1,53.5,75.3,0,0,1,3,,39.6,0.0,0,0,0,0,0,0,0.0,0,0.0,2020
Joseph Charlton,33672,P,CAR,2,100.0,1,1,18.0,2.45,0,0,0.0,100.0,1,0,1,0.0,2,0,1,5,63.6,69.6,67.4,,0,0,2,0,100.0,118.8,50.0,1,0,0,0,0,0,0.0,28,28.0,2020
Sam Darnold,29048,QB,CAR,12,73.4,365,406,7.6,2.86,6,15,3.5,59.9,243,0,177,9.3,463,25,132,5,33.2,54.7,53.9,63.6,7,13,486,6,19.2,71.9,7.3,34,23,0,28,9,21,4.3,2527,6.2,2021
Cam Newton,6153,QB,CAR,6,63.7,113,126,7.5,2.44,7,4,3.0,54.8,69,0,57,4.2,141,3,34,5,72.0,53.3,46.5,73.8,4,5,147,2,17.5,64.4,7.1,10,5,0,2,4,7,4.8,684,5.4,2021
P.J. Walker,12134,QB,CAR,5,58.7,63,66,9.5,2.58,2,0,0.0,54.5,36,0,26,2.7,75,1,20,5,49.0,52.0,52.6,59.1,0,3,79,1,26.9,56.5,9.3,7,2,1,0,1,3,3.8,362,5.5,2021
Brandon Zylstra,66438,WR,CAR,1,0.0,1,1,20.0,2.8,0,0,0.0,0.0,0,0,0,,1,0,0,5,74.2,63.8,52.2,,0,0,1,1,,39.6,0.0,0,0,0,0,0,0,0.0,0,0.0,2021
Sam Darnold,29048,QB,CAR,6,72.2,115,140,9.2,3.16,2,10,6.7,58.6,82,0,61,1.2,162,1,61,5,27.3,63.0,66.3,45.3,1,3,173,3,16.4,92.6,6.2,10,9,3,19,7,5,2.9,1143,8.2,2022
P.J. Walker,12134,QB,CAR,6,66.0,103,106,8.4,2.27,2,9,8.2,59.4,63,0,22,7.4,119,5,31,5,86.8,64.4,60.3,76.6,0,3,124,1,27.3,78.0,5.0,6,3,0,1,3,6,4.8,731,6.9,2022
Jacob Eason,46444,QB,CAR,1,80.0,5,5,5.0,2.22,0,0,0.0,60.0,3,0,1,25.0,5,1,2,5,68.0,29.2,29.9,,0,1,5,0,0.0,61.7,0.0,0,0,0,0,0,1,20.0,59,11.8,2022
Bryce Young,123943,QB,CAR,16,71.9,463,527,7.8,2.9,7,18,3.2,59.8,315,1,253,5.4,622,18,150,5,27.7,56.0,52.6,78.1,5,10,663,6,24.5,73.7,10.0,62,31,1,51,11,22,3.3,2877,5.5,2023
Andy Dalton,6187,QB,CAR,1,71.7,53,58,7.7,2.33,1,4,6.5,58.6,34,0,27,10.5,63,4,18,5,82.5,81.1,79.1,64.2,3,0,67,0,11.1,88.4,4.8,3,1,0,1,2,1,1.5,361,6.2,2023
Johnny Hekker,7252,P,CAR,1,100.0,1,1,-4.0,2.3,0,0,0.0,100.0,1,0,0,0.0,1,0,0,5,60.4,61.0,60.3,60.0,0,0,1,0,,95.8,0.0,0,0,0,0,0,0,0.0,7,7.0,2023
Andy Dalton,6187,QB,CAR,6,77.5,151,160,7.0,2.54,3,6,3.6,66.3,106,0,50,9.4,175,11,52,5,58.2,68.1,67.4,58.0,0,6,185,0,14.0,82.0,4.0,7,6,0,6,7,8,4.3,989,6.2,2024
Bryce Young,123943,QB,CAR,7,67.6,142,153,7.7,2.81,2,5,3.1,60.1,92,0,61,4.2,176,4,41,5,89.7,53.8,55.2,56.9,0,6,187,5,18.0,66.9,6.3,11,12,0,9,4,6,3.2,820,5.4,2024
Johnny Hekker,7252,P,CAR,2,0.0,2,2,10.5,2.15,0,0,0.0,0.0,0,0,0,,2,0,0,5,63.6,47.9,50.7,,0,0,2,0,,39.6,0.0,0,0,0,0,0,0,0.0,0,0.0,2024
Rex Grossman,1338,QB,CHI,19,64.9,518,572,10.1,2.55,14,25,4.2,54.9,314,1,201,6.5,598,22,175,6,55.5,46.3,50.5,25.4,10,23,626,3,12.4,73.8,4.2,25,1,1,29,26,41,6.5,3784,6.6,2006
Brian Griese,379,QB,CHI,5,64.3,28,32,7.6,2.73,0,2,5.9,56.3,18,0,16,0.0,35,0,10,6,79.6,32.2,31.3,54.8,3,2,37,0,18.8,62.0,8.6,3,0,0,1,1,5,13.5,220,6.9,2006
Thomas Jones,585,HB,CHI,2,100.0,1,1,-12.0,6.75,0,0,0.0,100.0,1,1,2,0.0,2,0,0,6,90.1,59.2,60.2,58.9,0,0,2,3,0.0,79.2,0.0,0,1,0,0,0,0,0.0,-4,-4.0,2006
Brian Griese,379,QB,CHI,7,72.2,248,264,8.0,2.34,5,15,5.4,61.7,163,0,74,8.9,283,16,82,6,53.6,64.3,71.0,24.8,3,12,297,6,20.3,75.8,5.3,15,4,4,4,10,13,4.4,1811,6.9,2007
Rex Grossman,1338,QB,CHI,8,68.7,201,225,9.7,2.66,4,12,5.2,54.2,122,0,86,11.6,255,16,69,6,28.1,57.6,61.5,32.0,3,7,262,2,29.1,66.4,9.8,25,5,4,13,4,14,5.3,1411,6.3,2007
Kyle Orton,2323,QB,CHI,3,66.2,71,80,9.3,2.54,1,3,3.7,53.8,43,0,27,8.5,82,4,20,6,52.1,44.2,49.4,28.8,4,2,84,2,7.4,73.9,2.4,2,0,0,4,3,6,7.1,478,6.0,2007
Adrian Peterson,1177,HB,CHI,1,100.0,1,1,17.0,2.9,0,0,0.0,100.0,1,0,0,0.0,1,0,1,6,63.8,63.2,68.9,51.7,0,0,1,0,,143.8,0.0,0,0,0,0,1,0,0.0,9,9.0,2007
Kyle Orton,2323,QB,CHI,15,70.2,426,465,8.5,0.0,17,19,4.0,58.5,272,1,139,9.0,501,27,147,6,67.0,60.1,63.7,28.3,7,12,519,3,19.4,80.3,5.4,27,9,2,13,19,16,3.1,2973,6.4,2008
Rex Grossman,1338,QB,CHI,3,57.1,56,62,8.7,0.0,1,2,3.2,51.6,32,0,17,0.0,64,0,12,6,82.5,39.8,42.0,45.1,0,2,65,0,11.8,59.7,3.1,2,0,0,5,2,1,1.5,257,4.1,2008
Jay Cutler,2956,QB,CHI,16,68.8,523,555,8.5,0.0,6,26,4.5,60.5,336,0,194,6.7,609,24,178,6,75.9,63.5,65.6,39.9,6,26,637,4,17.5,76.8,5.6,34,20,5,15,27,24,3.8,3676,6.6,2009
Caleb Hanie,4674,QB,CHI,2,66.7,6,7,7.0,0.0,0,0,0.0,42.9,3,0,2,25.0,7,1,0,6,69.6,51.5,51.7,,1,1,7,0,0.0,10.7,0.0,0,0,0,0,0,0,0.0,11,1.6,2009
Jay Cutler,2956,QB,CHI,17,69.2,438,474,9.7,0.0,14,30,5.9,59.5,282,0,233,6.9,565,21,192,6,38.4,66.5,65.8,64.4,4,17,601,6,24.5,86.4,10.1,57,34,0,18,25,37,6.2,3648,7.7,2010
Todd Collins,131,QB,CHI,3,50.0,24,31,9.1,0.0,3,0,0.0,32.3,10,0,12,16.7,33,2,2,6,78.1,20.5,21.1,,3,5,34,0,16.7,1.9,6.1,2,0,0,1,0,7,20.6,68,2.2,2010
Caleb Hanie,4674,QB,CHI,3,86.4,22,27,7.5,0.0,0,1,3.6,66.7,18,0,14,5.3,30,1,9,6,77.8,63.6,64.0,56.3,1,2,31,1,14.3,71.2,6.7,2,1,0,4,1,2,6.5,208,7.7,2010
Matt Forte,4358,HB,CHI,1,0.0,1,1,13.0,0.0,0,0,0.0,0.0,0,0,0,,1,0,0,6,72.0,74.4,26.1,71.7,0,1,1,1,,0.0,0.0,0,0,0,0,0,1,100.0,0,0.0,2010
Jay Cutler,2956,QB,CHI,10,67.7,297,314,9.1,2.81,2,25,7.5,58.0,182,0,132,9.5,345,19,109,6,41.5,68.4,71.4,29.8,6,7,364,2,17.4,85.7,6.7,23,8,0,9,13,14,3.8,2319,7.4,2011
Caleb Hanie,4674,QB,CHI,4,66.7,87,102,9.4,3.26,2,9,8.5,50.0,51,0,55,12.1,133,7,35,6,63.7,54.8,50.8,78.0,2,9,137,2,34.5,41.9,14.3,19,12,3,8,3,13,9.5,615,6.0,2011
Josh McCown,1085,QB,CHI,3,68.5,54,55,9.4,2.99,0,1,1.8,63.6,35,0,29,5.4,71,2,23,6,47.9,50.1,51.3,57.7,0,4,74,2,24.1,68.3,9.9,7,9,0,1,2,6,8.1,414,7.5,2011
Matt Forte,4358,HB,CHI,1,,0,1,,2.8,0,0,0.0,0.0,0,0,0,,1,0,0,6,70.1,85.1,60.0,83.1,0,0,1,1,,39.6,0.0,0,0,0,1,0,0,0.0,0,0.0,2011
Jay Cutler,2956,QB,CHI,15,70.0,413,434,10.4,2.79,12,31,6.7,58.8,255,0,185,11.8,496,34,168,6,56.1,72.4,70.6,68.7,4,14,529,4,20.5,81.3,7.7,38,24,0,5,19,23,4.3,3033,7.0,2012
Jason Campbell,2242,QB,CHI,4,71.4,49,51,7.6,2.91,0,2,3.7,62.7,32,0,21,8.6,61,3,11,6,21.6,45.1,46.1,55.1,0,2,66,1,28.6,72.8,9.8,6,4,0,2,2,5,7.6,265,5.2,2012
Jay Cutler,2956,QB,CHI,11,74.0,331,355,10.0,2.72,6,26,7.0,63.1,224,0,151,8.6,387,21,131,6,57.5,82.0,80.0,71.8,4,12,406,4,12.6,89.2,4.9,19,13,4,10,19,16,3.9,2621,7.4,2013
Josh McCown,1085,QB,CHI,8,77.8,207,224,8.6,2.81,5,11,4.6,66.5,149,1,90,7.5,243,12,95,6,90.4,86.4,84.3,69.6,3,1,258,2,12.2,109.0,4.5,11,8,0,9,13,6,2.3,1829,8.2,2013
Jay Cutler,2956,QB,CHI,15,74.7,529,561,7.7,2.54,13,16,2.6,66.0,370,0,191,6.3,619,25,195,6,43.2,64.5,63.3,67.9,4,18,665,5,19.9,88.6,6.1,38,19,0,15,28,29,4.4,3812,6.8,2014
Jimmy Clausen,5573,QB,CHI,4,68.9,45,48,8.3,2.68,0,0,0.0,54.2,26,0,19,16.1,53,5,13,6,81.0,59.1,59.7,60.7,1,1,54,1,15.8,71.8,5.7,3,2,0,2,2,3,5.6,223,4.6,2014
Jay Cutler,2956,QB,CHI,15,73.2,462,483,8.9,2.64,7,19,3.7,64.4,311,0,202,8.0,527,27,181,6,52.8,75.1,74.5,53.6,0,11,556,0,14.4,92.3,5.5,29,15,1,13,21,18,3.2,3659,7.6,2015
Matt Barkley,7880,QB,CHI,7,71.0,210,216,10.9,2.58,4,12,5.2,59.7,129,0,62,13.4,223,20,89,6,49.8,73.0,73.2,43.5,1,14,241,2,9.7,68.3,2.7,6,1,0,1,8,19,7.9,1611,7.5,2016
Brian Hoyer,5277,QB,CHI,6,74.9,191,200,8.3,2.41,0,7,3.3,67.0,134,0,50,6.3,206,9,73,6,74.1,79.8,79.0,51.4,1,0,216,1,8.0,98.0,1.9,4,1,2,6,6,3,1.4,1445,7.2,2016
Jay Cutler,2956,QB,CHI,5,71.4,126,137,9.5,2.79,1,6,4.1,59.1,81,0,71,10.0,157,9,46,6,29.2,49.8,49.3,57.8,3,5,167,0,23.9,78.1,10.8,17,3,0,7,4,11,6.6,1059,7.7,2016
David Fales,8818,QB,CHI,1,60.0,5,5,10.2,2.4,0,0,0.0,40.0,2,0,1,33.3,6,1,2,6,68.9,59.8,61.7,60.0,0,0,6,0,100.0,53.8,16.7,1,0,0,0,0,0,0.0,22,4.4,2016
Cameron Meredith,10008,WR,CHI,1,100.0,1,1,4.0,2.5,0,0,0.0,100.0,1,0,0,0.0,1,0,1,6,22.6,73.7,68.8,,0,0,1,3,,118.8,0.0,0,0,0,0,1,0,0.0,2,2.0,2016
Mitch Trubisky,11757,QB,CHI,12,70.3,306,330,8.1,2.74,6,14,3.9,59.4,196,0,139,8.8,386,19,109,6,44.9,66.4,71.2,39.4,3,7,415,6,22.3,77.5,8.0,31,25,1,14,7,12,2.9,2193,6.6,2017
Mike Glennon,7854,QB,CHI,4,77.6,134,140,6.8,2.44,1,3,2.0,66.4,93,0,56,10.6,149,11,42,6,28.9,61.4,62.9,34.1,2,5,159,0,14.3,76.9,5.4,8,1,0,3,4,8,5.0,833,6.0,2017
Tarik Cohen,11874,HB,CHI,2,50.0,2,2,29.5,3.65,0,1,50.0,50.0,1,0,0,0.0,2,0,1,6,50.8,77.5,74.8,64.9,0,0,2,0,,127.1,0.0,0,0,0,0,1,0,0.0,21,10.5,2017
Pat O'Donnell,8826,P,CHI,1,100.0,1,1,8.0,1.8,0,0,0.0,100.0,1,0,0,0.0,1,0,1,6,60.4,70.7,67.2,,0,0,1,0,,158.3,0.0,0,0,0,0,1,0,0.0,38,38.0,2017
Mitch Trubisky,11757,QB,CHI,15,71.4,458,477,9.4,2.75,3,24,4.6,66.0,315,0,162,3.7,544,12,179,6,56.1,63.6,57.8,85.5,2,12,587,5,16.0,94.9,4.8,26,38,2,12,25,25,4.3,3526,7.4,2018
Chase Daniel,5214,QB,CHI,2,78.1,73,76,8.4,2.74,1,4,4.8,69.7,53,0,29,7.0,87,4,24,6,25.1,57.6,67.7,26.3,2,2,94,2,31.0,90.6,10.3,9,2,0,0,3,2,2.1,515,6.8,2018
Anthony Miller,48160,WR,CHI,1,100.0,1,1,-5.0,3.0,0,0,0.0,100.0,1,0,1,0.0,1,0,1,6,81.2,60.6,60.0,56.9,0,0,1,6,0.0,100.0,0.0,0,0,0,0,0,0,0.0,8,8.0,2018
Tarik Cohen,11874,HB,CHI,1,100.0,1,1,6.0,3.2,0,0,0.0,100.0,1,0,0,0.0,1,0,1,6,30.3,71.4,69.7,59.3,0,0,1,0,,118.8,0.0,0,0,0,0,1,0,0.0,1,1.0,2018
Mitch Trubisky,11757,QB,CHI,15,71.1,491,516,8.3,2.67,4,20,3.7,63.2,326,0,187,6.6,579,23,164,6,77.6,64.3,63.6,59.8,5,10,613,3,20.3,83.1,6.6,38,23,3,13,17,21,3.4,3152,6.1,2019
Chase Daniel,5214,QB,CHI,3,77.4,62,64,6.7,2.6,1,4,5.8,70.3,45,0,28,6.3,74,3,22,6,83.8,67.4,70.8,47.8,0,2,79,1,25.0,91.6,9.5,7,2,0,1,3,3,3.8,435,6.8,2019
Mitch Trubisky,11757,QB,CHI,10,72.4,315,326,8.4,2.7,2,13,3.9,66.9,218,0,94,4.4,367,10,141,6,38.2,63.5,60.5,71.8,2,8,374,2,20.2,93.8,5.2,19,20,0,7,17,22,5.9,2254,6.9,2020
Nick Foles,7089,QB,CHI,9,73.2,284,312,8.3,2.39,7,17,5.2,64.7,202,0,118,2.9,335,6,94,6,72.4,66.5,66.9,51.9,5,8,350,4,15.3,80.8,5.4,18,4,1,15,10,11,3.1,1852,5.9,2020
Tyler Bray,8440,QB,CHI,1,33.3,3,5,11.7,2.22,0,0,0.0,20.0,1,0,2,0.0,5,0,1,6,68.0,40.7,42.2,,1,0,5,0,0.0,42.1,0.0,0,0,1,0,0,0,0.0,18,3.6,2020
Justin Fields,82118,QB,CHI,12,66.9,257,270,10.1,3.06,2,18,6.1,58.9,159,0,151,7.6,353,13,101,6,27.0,64.2,60.8,72.3,2,10,378,4,23.8,73.2,10.2,36,45,2,7,7,14,3.7,1870,6.9,2021
Andy Dalton,6187,QB,CHI,8,72.4,217,236,7.6,2.61,6,5,2.0,63.1,149,0,77,5.1,267,8,85,6,90.6,67.1,63.5,78.1,2,9,279,1,23.4,76.9,6.7,18,12,1,10,8,9,3.2,1515,6.4,2021
Nick Foles,7089,QB,CHI,1,80.6,31,35,6.1,2.69,0,0,0.0,68.6,24,0,14,4.0,40,1,14,6,29.6,60.2,59.4,60.1,3,0,43,0,28.6,98.5,10.0,4,1,0,1,1,2,4.7,250,7.1,2021
David Montgomery,45719,HB,CHI,1,0.0,1,1,12.0,2.2,0,0,0.0,0.0,0,0,0,,1,0,0,6,83.7,69.8,37.2,67.7,0,1,1,0,,0.0,0.0,0,0,0,0,0,1,100.0,0,0.0,2021
Justin Fields,82118,QB,CHI,15,71.7,286,318,9.5,3.45,11,13,3.8,60.4,192,3,203,6.3,444,13,128,6,28.8,70.2,54.4,91.5,5,11,474,7,27.1,85.2,12.4,55,70,0,16,17,21,4.4,2242,7.1,2022
Trevor Siemian,9683,QB,CHI,2,60.0,25,26,7.2,2.63,0,0,0.0,57.7,15,0,11,0.0,29,0,7,6,78.0,33.9,33.5,56.1,0,1,29,0,18.2,76.4,6.9,2,1,0,1,1,2,6.9,184,7.1,2022
Nathan Peterman,11926,QB,CHI,3,65.2,23,25,10.5,2.79,0,1,4.0,56.0,14,1,3,6.7,28,1,9,6,77.0,66.7,68.0,54.5,1,1,28,1,33.3,68.6,3.6,1,2,1,0,1,0,0.0,139,5.6,2022
Tim Boyle,21956,QB,CHI,1,25.0,8,8,12.3,2.56,0,0,0.0,25.0,2,0,1,0.0,8,0,2,6,72.3,35.2,35.4,60.0,0,2,9,0,0.0,4.7,0.0,0,0,0,0,0,1,11.1,33,4.1,2022
Chase Claypool,42312,WR,CHI,1,100.0,1,1,5.0,2.2,0,0,0.0,100.0,1,1,1,0.0,1,0,1,6,41.9,61.8,68.9,62.0,0,0,1,2,0.0,118.8,0.0,0,0,0,0,1,0,0.0,1,1.0,2022
Justin Fields,82118,QB,CHI,13,74.4,324,370,8.8,3.39,10,21,5.5,61.4,227,0,223,5.8,457,14,141,6,33.8,74.6,67.2,84.9,7,9,478,5,19.3,86.3,9.4,43,43,0,29,16,16,3.3,2562,6.9,2023
Tyson Bagent,169628,QB,CHI,5,76.3,131,143,6.5,2.91,3,2,1.3,65.7,94,0,53,6.0,159,6,55,6,50.5,57.7,50.8,81.2,3,6,166,0,9.4,71.4,3.1,5,11,0,6,3,11,6.6,859,6.0,2023
Caleb Williams,144622,QB,CHI,9,72.3,256,294,8.6,3.03,8,8,2.5,60.5,178,1,129,3.8,355,7,95,6,85.6,60.3,57.7,73.3,4,5,389,6,29.5,81.0,10.7,38,22,1,25,9,9,2.3,1785,6.1,2024
Carson Palmer,1317,QB,CIN,16,70.0,490,520,10.4,2.53,7,30,5.5,62.3,324,0,176,5.5,562,19,201,7,76.4,74.7,78.0,29.1,7,13,587,7,20.5,93.9,6.4,36,6,4,12,28,29,4.9,4041,7.8,2006
Anthony Wright,577,QB,CIN,2,100.0,3,3,-0.7,1.75,0,0,0.0,100.0,3,0,2,0.0,4,0,1,7,70.5,61.7,59.8,60.5,0,0,4,0,50.0,109.7,25.0,1,0,0,0,0,0,0.0,31,10.3,2006
Carson Palmer,1317,QB,CIN,16,73.1,551,575,9.7,2.43,8,32,5.3,64.9,373,0,145,7.4,596,30,215,7,68.1,74.5,77.5,27.2,5,20,623,3,11.7,86.7,2.9,17,4,3,8,26,28,4.5,4139,7.2,2007
Ryan Fitzpatrick,2467,QB,CIN,12,72.6,340,372,8.0,0.0,19,14,3.7,59.4,221,0,131,10.5,448,26,117,7,29.7,53.9,56.3,43.3,6,9,462,1,29.0,70.0,8.5,38,38,2,5,8,16,3.5,1905,5.1,2008
Carson Palmer,1317,QB,CIN,4,69.5,118,129,7.4,0.0,5,0,0.0,58.1,75,0,34,8.5,144,7,42,7,72.6,49.0,51.1,53.0,2,4,151,3,32.4,69.0,7.6,11,4,2,2,3,6,4.0,731,5.7,2008
Jordan Palmer,3821,QB,CIN,3,72.7,11,12,4.5,0.0,0,0,0.0,58.3,7,0,3,12.5,15,1,4,7,73.5,36.9,38.1,58.3,0,2,15,0,66.7,25.3,13.3,2,1,0,1,0,1,6.7,41,3.4,2008
Carson Palmer,1317,QB,CIN,17,70.0,474,502,9.0,0.0,9,18,3.4,59.8,300,0,148,9.6,549,32,172,7,87.0,65.3,68.2,42.8,4,14,582,10,19.6,81.9,5.3,29,18,4,11,22,18,3.1,3262,6.5,2009
J.T. O'Sullivan,1169,QB,CIN,3,50.0,10,11,4.0,0.0,0,0,0.0,36.4,4,0,5,20.0,15,1,1,7,19.5,32.4,42.8,47.5,0,0,16,2,60.0,47.5,20.0,3,1,0,1,0,0,0.0,40,3.6,2009
Carson Palmer,1317,QB,CIN,16,71.5,550,586,8.9,0.0,11,29,4.7,61.8,362,0,173,7.9,621,31,208,7,74.7,72.0,75.5,27.8,5,19,655,4,15.0,83.1,4.2,26,9,2,18,26,27,4.1,3970,6.8,2010
Jordan Palmer,3821,QB,CIN,1,100.0,3,3,-1.3,0.0,0,0,0.0,100.0,3,0,2,0.0,5,0,1,7,68.0,58.4,58.4,,0,0,5,0,100.0,91.7,40.0,2,0,0,0,0,0,0.0,18,6.0,2010
Chad Johnson,806,WR,CIN,1,0.0,1,1,38.0,0.0,0,0,0.0,0.0,0,0,0,,1,0,0,7,81.2,70.2,59.7,,0,0,1,3,,39.6,0.0,0,0,0,0,0,0,0.0,0,0.0,2010
Andy Dalton,6187,QB,CIN,17,70.3,511,558,8.6,2.57,17,32,5.4,58.6,327,0,150,8.9,610,32,174,7,79.2,62.2,62.5,49.6,3,16,651,1,18.7,78.2,4.6,28,24,0,27,20,26,4.0,3655,6.6,2011
Bruce Gradkowski,3139,QB,CIN,2,44.4,18,18,9.8,2.65,0,0,0.0,44.4,8,0,7,0.0,19,0,4,7,76.2,45.3,45.6,56.3,0,1,20,0,14.3,59.7,5.3,1,0,0,0,1,0,0.0,109,6.1,2011
Bernard Scott,5133,HB,CIN,1,0.0,1,1,-10.0,2.4,0,0,0.0,0.0,0,0,0,,1,0,0,7,89.6,62.1,56.6,68.7,0,0,1,0,,39.6,0.0,0,0,0,0,0,0,0.0,0,0.0,2011
Andy Dalton,6187,QB,CIN,17,71.3,523,558,9.1,2.63,16,35,6.0,61.5,343,0,164,8.0,628,30,185,7,90.9,63.7,63.7,56.1,3,17,659,6,29.3,85.1,7.6,48,22,3,13,27,20,3.0,3796,6.8,2012
Bruce Gradkowski,3139,QB,CIN,1,50.0,10,11,11.9,2.29,0,0,0.0,45.5,5,0,3,0.0,11,0,1,7,74.7,47.2,51.6,48.5,0,0,13,0,0.0,64.6,0.0,0,0,0,1,0,0,0.0,65,5.9,2012
Mohamed Sanu,7084,WR,CIN,1,100.0,1,1,43.0,2.5,0,1,100.0,100.0,1,0,0,0.0,1,0,1,7,25.5,71.7,87.1,61.3,0,0,1,0,,158.3,0.0,0,0,0,0,1,0,0.0,73,73.0,2012
Andy Dalton,6187,QB,CIN,17,72.5,590,637,9.2,2.46,15,41,6.2,61.5,392,0,175,8.4,697,36,232,7,76.3,70.6,74.1,35.4,3,22,726,3,18.3,87.0,4.6,32,28,3,26,34,30,4.1,4628,7.3,2013
Mohamed Sanu,7084,WR,CIN,1,100.0,1,1,25.0,3.3,0,1,100.0,100.0,1,0,0,0.0,1,0,1,7,41.6,63.0,80.3,51.6,0,0,1,1,,118.8,0.0,0,0,0,0,0,0,0.0,25,25.0,2013
Andy Dalton,6187,QB,CIN,17,72.8,481,516,8.1,2.41,11,23,4.2,63.4,327,0,143,6.6,561,23,174,7,78.3,66.5,66.5,50.4,3,17,599,1,16.8,82.1,4.3,24,21,0,21,19,24,4.0,3553,6.9,2014
Jason Campbell,2242,QB,CIN,4,73.7,19,19,4.1,2.35,0,0,0.0,57.9,11,0,2,21.4,21,3,3,7,75.4,53.4,55.9,55.7,0,0,22,0,50.0,66.6,4.8,1,1,0,0,0,0,0.0,74,3.9,2014
Mohamed Sanu,7084,WR,CIN,5,100.0,3,3,20.3,4.68,0,1,25.0,100.0,3,0,1,0.0,4,0,3,7,82.1,67.3,84.1,58.4,0,0,5,2,100.0,158.3,25.0,1,0,0,0,1,0,0.0,79,26.3,2014
Andy Dalton,6187,QB,CIN,13,76.9,355,386,9.3,2.41,10,27,6.5,66.1,255,0,125,6.6,433,18,154,7,70.7,80.4,82.3,49.3,5,7,463,2,15.2,106.3,4.4,19,27,0,16,25,14,3.0,3250,8.4,2015
A.J. McCarron,8799,QB,CIN,7,77.6,143,160,8.7,2.77,1,5,3.0,63.8,102,0,74,8.1,186,9,60,7,37.4,63.3,66.7,39.8,3,3,197,1,20.3,89.7,8.1,15,11,0,13,7,5,2.5,1066,6.7,2015
Andy Dalton,6187,QB,CIN,16,75.3,511,563,8.4,2.5,13,22,3.7,64.7,364,0,181,5.5,627,21,215,7,72.1,70.6,69.6,60.5,4,8,660,3,22.7,91.8,6.5,41,23,2,33,18,19,2.9,4206,7.5,2016
Andy Dalton,6187,QB,CIN,16,71.6,450,496,8.8,2.51,8,28,5.4,59.9,297,0,170,7.8,548,25,167,7,90.5,72.7,72.3,54.7,4,12,575,3,22.9,86.6,7.1,39,12,1,33,25,21,3.7,3320,6.7,2017
A.J. McCarron,8799,QB,CIN,2,58.3,12,14,8.1,3.11,0,0,0.0,50.0,7,0,5,0.0,15,0,3,7,73.9,37.1,38.0,,1,0,16,0,20.0,63.4,6.7,1,0,0,1,0,0,0.0,66,4.7,2017
Andy Dalton,6187,QB,CIN,11,72.4,341,365,8.9,2.5,6,23,5.9,61.9,226,0,127,8.5,398,21,136,7,86.5,81.9,79.3,69.7,4,11,428,0,16.5,89.6,5.3,21,12,3,11,21,16,3.7,2566,7.0,2018
Jeff Driskel,10841,QB,CIN,8,72.4,163,176,8.6,2.59,6,7,3.6,59.7,105,0,70,11.0,203,13,56,7,59.8,52.7,51.1,60.8,1,2,223,1,21.4,82.2,7.4,15,12,0,6,6,8,3.6,1003,5.7,2018
Tyler Boyd,10689,WR,CIN,1,0.0,1,1,38.0,3.4,0,0,0.0,0.0,0,1,1,,1,0,0,7,82.3,84.5,59.7,53.6,0,0,1,2,0.0,39.6,0.0,0,0,0,0,0,0,0.0,0,0.0,2018
Andy Dalton,6187,QB,CIN,13,70.6,487,529,8.6,2.46,15,18,3.2,59.4,314,0,168,8.7,575,30,175,7,60.5,66.5,66.1,61.0,3,14,609,7,22.0,78.1,6.4,37,9,7,17,16,23,3.8,3494,6.6,2019
Ryan Finley,46426,QB,CIN,3,58.0,81,87,8.4,2.95,2,0,0.0,47.1,41,0,51,12.8,104,6,23,7,25.4,29.3,28.2,70.0,0,2,110,1,21.6,62.1,10.6,11,6,0,4,2,10,9.1,474,5.4,2019
Alex Erickson,11107,WR,CIN,1,100.0,1,1,23.0,3.7,0,0,0.0,100.0,1,0,0,0.0,1,0,1,7,40.6,67.1,71.0,73.4,0,0,1,0,,118.8,0.0,0,0,0,0,0,0,0.0,26,26.0,2019
Joe Burrow,28022,QB,CIN,10,73.5,381,404,8.9,2.6,3,15,3.6,65.3,264,0,146,5.7,453,16,155,7,28.7,75.1,74.3,58.0,6,5,472,2,21.9,89.8,7.1,32,16,3,11,13,15,3.2,2688,6.7,2020
Brandon Allen,10835,QB,CIN,5,71.9,135,142,7.1,2.51,2,6,3.9,63.4,90,0,36,7.2,155,7,42,7,69.1,56.5,55.7,58.8,2,4,167,1,19.4,82.0,4.5,7,6,0,3,5,9,5.4,925,6.5,2020
Ryan Finley,46426,QB,CIN,4,56.3,32,32,10.5,2.87,0,2,6.3,53.1,17,0,25,5.6,43,1,9,7,81.1,62.0,60.3,62.3,0,2,43,0,36.0,52.1,20.9,9,2,0,0,1,0,0.0,164,5.1,2020
Tyler Boyd,10689,WR,CIN,2,50.0,2,2,0.5,3.65,0,0,0.0,50.0,1,2,1,0.0,2,0,1,7,53.8,75.8,55.0,65.6,0,0,2,3,0.0,77.1,0.0,0,0,0,0,0,0,0.0,16,8.0,2020
Alex Erickson,11107,WR,CIN,1,0.0,1,1,21.0,4.6,0,0,0.0,0.0,0,0,1,,1,0,0,7,29.6,53.4,51.2,28.6,0,0,1,0,0.0,39.6,0.0,0,0,0,0,0,0,0.0,0,0.0,2020
Joe Burrow,28022,QB,CIN,20,79.8,619,662,8.2,2.62,14,39,5.6,69.9,463,1,260,6.3,759,31,266,7,78.3,91.8,91.1,67.3,3,16,799,4,26.9,105.9,9.2,70,26,3,23,39,17,2.1,5716,8.6,2021
Brandon Allen,10835,QB,CIN,5,51.5,33,34,4.5,2.3,0,0,0.0,50.0,17,0,10,0.0,38,0,5,7,31.9,42.3,41.7,63.2,0,0,42,1,40.0,81.6,10.5,4,0,1,0,2,1,2.4,149,4.4,2021
Joe Mixon,11803,HB,CIN,1,100.0,1,1,14.0,2.4,0,0,0.0,100.0,1,0,0,0.0,1,0,1,7,83.2,79.2,69.5,82.1,0,0,1,1,,131.3,0.0,0,0,0,0,1,0,0.0,6,6.0,2021
Tyler Boyd,10689,WR,CIN,1,100.0,1,1,-5.0,3.5,0,0,0.0,100.0,1,0,0,0.0,1,0,1,7,55.0,70.8,60.1,65.4,0,0,1,2,,118.8,0.0,0,0,0,0,0,0,0.0,46,46.0,2021
Joe Burrow,28022,QB,CIN,19,77.3,660,715,7.6,2.5,21,37,4.9,68.0,486,0,223,4.7,803,24,269,7,75.8,92.0,91.0,78.0,7,14,858,7,22.9,99.0,6.4,51,35,2,25,39,18,2.1,5195,7.3,2022
Brandon Allen,10835,QB,CIN,1,100.0,3,3,3.7,2.6,0,0,0.0,100.0,3,0,1,0.0,4,0,1,7,70.5,74.9,70.1,65.7,0,0,4,0,100.0,97.2,25.0,1,0,0,0,0,0,0.0,22,7.3,2022
Tyler Boyd,10689,WR,CIN,2,100.0,1,1,21.0,3.45,0,0,0.0,100.0,1,0,1,0.0,2,0,1,7,81.3,70.2,71.4,,0,0,2,0,100.0,118.8,50.0,1,0,0,0,0,0,0.0,23,23.0,2022
Joe Burrow,28022,QB,CIN,10,76.8,340,365,6.9,2.47,6,17,4.4,66.8,244,0,123,6.5,403,17,122,7,87.0,77.9,76.8,68.8,6,6,422,5,19.5,91.0,6.0,24,14,1,12,15,9,2.1,2309,6.3,2023
Jake Browning,46401,QB,CIN,9,79.6,226,243,6.6,2.84,7,9,3.5,70.4,171,0,102,5.0,283,9,100,7,54.6,79.3,74.4,87.8,3,7,298,8,23.5,98.4,8.5,24,16,0,7,12,11,3.7,1936,8.0,2023
A.J. McCarron,8799,QB,CIN,2,100.0,5,5,-1.4,2.55,0,0,0.0,80.0,4,0,4,20.0,6,1,0,7,69.6,59.0,58.4,,0,0,7,0,25.0,82.5,16.7,1,0,0,0,0,0,0.0,19,3.8,2023
Tyler Boyd,10689,WR,CIN,1,0.0,1,1,-6.0,4.4,0,0,0.0,0.0,0,0,0,,1,0,0,7,81.5,59.5,57.3,59.1,0,1,1,2,,0.0,0.0,0,0,0,0,0,1,100.0,0,0.0,2023
Ja'Marr Chase,84270,WR,CIN,1,100.0,1,1,-7.0,4.8,0,0,0.0,100.0,1,1,0,0.0,1,0,0,7,58.8,85.3,60.0,52.8,0,0,1,2,,79.2,0.0,0,0,0,0,0,0,0.0,-7,-7.0,2023
Joe Burrow,28022,QB,CIN,10,78.1,333,358,7.8,2.69,5,17,4.5,68.7,246,0,131,5.4,397,14,148,7,56.0,90.3,89.8,63.3,5,4,420,5,17.6,108.1,5.8,23,14,0,15,24,7,1.7,2672,7.5,2024
Charlie Frye,2284,QB,CLV,13,75.6,365,394,8.3,3.03,5,9,2.2,64.2,253,0,171,8.3,473,23,130,8,53.1,49.5,47.8,66.1,5,17,502,4,25.7,72.0,9.3,44,35,2,17,10,22,4.4,2453,6.2,2006
Derek Anderson,2430,QB,CLV,4,70.3,111,117,8.5,2.49,3,1,0.8,56.4,66,0,38,15.4,128,12,39,8,36.8,40.9,41.8,52.2,1,8,130,1,21.1,63.1,6.3,8,3,1,1,5,12,9.2,793,6.8,2006
Ken Dorsey,1535,QB,CLV,1,0.0,1,1,16.0,2.5,0,0,0.0,0.0,0,0,1,,2,0,0,8,63.6,48.8,50.0,,0,0,2,0,100.0,39.6,50.0,1,0,0,0,0,0,0.0,0,0.0,2006
Joshua Cribbs,2544,WR,CLV,1,0.0,1,1,31.0,4.6,0,0,0.0,0.0,0,1,0,,1,0,0,8,21.5,47.0,53.5,59.5,0,0,1,1,,39.6,0.0,0,0,0,0,0,0,0.0,0,0.0,2006
Derek Anderson,2430,QB,CLV,16,68.1,489,527,9.5,2.57,7,31,5.6,56.5,298,0,157,10.5,554,35,197,8,90.4,64.4,66.9,41.3,5,19,581,7,8.9,82.5,2.5,14,13,8,18,29,34,5.9,3787,7.2,2007
Brady Quinn,3638,QB,CLV,1,85.7,7,8,8.1,2.4,1,0,0.0,37.5,3,0,2,50.0,8,3,3,8,70.3,75.7,74.3,,0,0,8,0,0.0,56.8,0.0,0,0,0,0,0,0,0.0,45,5.6,2007
Derek Anderson,2430,QB,CLV,10,65.9,261,283,8.6,0.0,9,6,2.0,50.2,142,0,87,17.4,307,30,83,8,85.9,55.9,59.7,30.6,8,8,324,4,16.1,66.5,4.6,14,10,0,5,9,10,3.1,1615,5.7,2008
Ken Dorsey,1535,QB,CLV,4,66.3,80,91,7.0,0.0,2,3,3.2,47.3,43,0,35,18.9,96,10,19,8,85.0,48.0,48.5,,8,7,101,1,14.3,26.4,5.2,5,0,0,1,0,5,5.0,370,4.1,2008
Brady Quinn,3638,QB,CLV,3,61.2,85,89,8.6,0.0,2,4,4.3,50.6,45,0,27,13.5,93,7,27,8,84.8,59.2,59.3,53.8,2,2,96,0,3.7,66.6,1.1,1,3,0,0,2,3,3.1,518,5.8,2008
Bruce Gradkowski,3139,QB,CLV,2,55.6,18,21,3.7,0.0,2,0,0.0,33.3,7,0,9,30.0,26,3,1,8,76.8,36.9,39.0,58.3,1,3,27,1,44.4,2.8,15.4,4,1,0,0,0,1,3.7,26,1.2,2008
Joshua Cribbs,2544,WR,CLV,3,33.3,3,4,24.7,0.0,0,0,0.0,25.0,1,0,3,0.0,5,0,1,8,80.2,62.8,58.8,68.9,0,0,5,1,0.0,39.6,0.0,0,1,0,1,0,0,0.0,8,2.0,2008
Brady Quinn,3638,QB,CLV,10,65.4,237,256,9.0,0.0,11,7,2.7,53.1,136,0,89,12.3,280,19,76,8,80.8,54.4,54.8,47.4,3,7,288,2,21.3,67.1,6.8,19,5,0,5,8,6,2.1,1335,5.2,2009
Derek Anderson,2430,QB,CLV,8,61.1,162,182,9.7,0.0,8,7,3.7,44.5,81,0,50,18.2,194,18,46,8,73.4,49.4,50.0,43.5,5,10,202,1,22.0,42.2,5.7,11,1,1,6,3,10,5.0,892,4.9,2009
Joshua Cribbs,2544,WR,CLV,3,50.0,4,4,12.3,0.0,0,0,0.0,25.0,1,0,1,50.0,4,1,1,8,26.3,63.8,43.2,74.5,0,1,4,0,0.0,6.3,0.0,0,0,0,0,0,1,25.0,18,4.5,2009
Colt McCoy,5609,QB,CLV,8,73.9,207,222,9.0,0.0,3,11,4.7,60.8,135,0,78,11.8,261,18,87,8,83.6,75.0,72.6,66.6,0,9,272,1,29.5,74.5,8.8,23,16,1,11,6,9,3.3,1578,7.1,2010
Jake Delhomme,303,QB,CLV,5,73.0,137,149,7.9,0.0,2,5,3.2,62.4,93,0,45,7.0,156,7,36,8,55.1,53.3,59.5,28.8,2,7,164,2,13.3,63.4,3.8,6,1,1,7,2,9,5.5,872,5.9,2010
Seneca Wallace,1422,QB,CLV,5,73.9,92,101,8.4,0.0,1,5,4.8,63.4,64,0,35,5.9,109,4,35,8,86.4,66.2,67.2,51.1,1,2,116,1,17.1,88.5,5.5,6,2,0,7,4,2,1.7,695,6.9,2010
Joshua Cribbs,2544,WR,CLV,3,66.7,3,3,8.7,0.0,0,0,0.0,66.7,2,1,0,0.0,3,0,2,8,26.2,62.0,68.3,41.7,0,0,3,2,,84.0,0.0,0,0,0,0,0,0,0.0,19,6.3,2010
Peyton Hillis,4541,HB,CLV,2,50.0,2,2,10.5,0.0,0,0,0.0,50.0,1,0,0,0.0,2,0,1,8,29.5,74.2,48.3,67.5,0,0,2,2,,70.8,0.0,0,0,0,0,0,1,50.0,13,6.5,2010
Mohamed Massaquoi,4973,WR,CLV,1,100.0,1,1,35.0,0.0,0,1,100.0,100.0,1,1,0,0.0,1,0,1,8,29.6,62.3,82.2,67.0,0,0,1,3,,158.3,0.0,0,0,0,0,1,0,0.0,29,29.0,2010
Colt McCoy,5609,QB,CLV,13,69.1,434,463,7.8,2.81,13,20,4.1,57.2,265,0,179,11.7,535,35,155,8,53.4,56.2,60.2,35.4,3,11,566,3,18.4,74.6,6.2,33,39,1,12,14,28,4.9,2733,5.9,2011
Seneca Wallace,1422,QB,CLV,5,63.9,97,107,8.6,2.71,2,5,4.5,51.4,55,0,32,11.3,118,7,33,8,68.8,62.4,57.5,78.4,0,2,122,0,18.8,65.4,5.1,6,5,2,6,2,4,3.3,567,5.3,2011
Brandon Weeden,7028,QB,CLV,15,72.4,463,517,8.0,2.81,21,17,3.2,57.4,297,0,155,11.3,559,38,175,8,83.8,50.1,51.4,40.2,8,17,578,2,18.1,72.6,5.0,28,14,1,24,14,38,6.6,3385,6.5,2012
Thaddeus Lewis,5817,QB,CLV,1,71.9,32,32,9.2,2.63,0,0,0.0,68.8,22,0,12,4.3,36,1,11,8,78.6,62.2,62.7,56.8,0,1,37,0,25.0,83.3,8.3,3,1,0,0,1,2,5.4,204,6.4,2012
Colt McCoy,5609,QB,CLV,1,56.3,16,17,7.3,2.75,0,0,0.0,52.9,9,0,6,0.0,22,0,6,8,77.5,39.5,40.9,57.4,1,0,25,1,66.7,85.2,18.2,4,1,0,0,1,0,0.0,79,4.6,2012
Jason Campbell,2242,QB,CLV,9,69.8,288,317,7.8,3.01,5,5,1.5,56.8,180,0,130,10.4,346,21,92,8,63.1,62.3,60.2,79.9,4,8,357,3,12.3,76.9,4.6,16,13,1,19,11,13,3.6,2015,6.4,2013
Brandon Weeden,7028,QB,CLV,8,68.2,242,267,9.6,2.98,3,14,5.0,52.8,141,0,115,14.5,301,24,80,8,63.4,62.6,64.3,45.6,5,9,316,5,23.5,70.3,9.0,27,7,1,16,9,14,4.4,1731,6.5,2013
Brian Hoyer,5277,QB,CLV,3,71.6,88,96,8.7,2.59,1,3,3.1,59.4,57,0,30,9.5,104,6,34,8,85.6,73.6,73.8,53.7,0,3,105,1,20.0,82.6,5.8,6,2,0,7,5,5,4.8,615,6.4,2013
Spencer Lanning,6566,P,CLV,1,100.0,1,1,4.0,1.6,0,0,0.0,100.0,1,0,0,0.0,1,0,1,8,60.4,48.4,52.7,,0,0,1,0,,152.1,0.0,0,0,0,0,1,0,0.0,11,11.0,2013
Brian Hoyer,5277,QB,CLV,14,64.5,409,440,10.8,2.63,11,24,5.2,55.5,244,0,140,7.6,472,20,165,8,83.3,59.1,60.0,37.8,5,13,499,2,15.7,76.7,4.7,22,10,1,14,12,24,4.8,3338,7.6,2014
Johnny Manziel,8657,QB,CLV,4,56.3,32,35,7.3,3.26,1,1,2.6,51.4,18,0,20,0.0,43,0,7,8,80.7,47.5,45.7,58.9,1,2,47,0,15.0,42.0,7.0,3,5,0,1,0,2,4.3,175,5.0,2014
Connor Shaw,9036,QB,CLV,1,61.5,26,28,9.8,2.96,1,0,0.0,50.0,14,0,16,12.5,34,2,10,8,29.0,42.2,48.5,43.4,0,1,37,1,25.0,55.2,11.8,4,2,0,1,0,1,2.7,177,6.3,2014
Josh Gordon,7618,WR,CLV,1,,0,1,,5.9,0,0,0.0,0.0,0,0,0,,1,0,0,8,75.9,78.4,60.0,,0,0,1,2,,39.6,0.0,0,0,0,1,0,1,100.0,0,0.0,2014
Josh McCown,1085,QB,CLV,8,74.1,270,292,8.3,2.65,3,10,3.1,63.7,186,0,123,7.0,327,14,100,8,29.1,58.5,60.5,45.9,8,4,356,3,18.7,93.3,7.0,23,12,0,11,12,16,4.5,2109,7.2,2015
Johnny Manziel,8657,QB,CLV,9,70.6,211,223,8.4,3.19,0,4,1.7,57.8,129,0,115,13.4,269,20,80,8,27.2,53.3,48.0,83.3,0,5,281,5,16.5,79.4,7.1,19,27,1,11,7,16,5.7,1500,6.7,2015
Austin Davis,7305,QB,CLV,3,72.9,85,94,8.4,2.77,1,1,1.0,59.6,56,0,55,9.7,109,6,28,8,59.9,47.6,46.6,64.8,1,3,119,2,20.0,66.2,10.1,11,4,0,7,1,6,5.0,547,5.8,2015
Cody Kessler,10727,QB,CLV,9,78.2,174,195,8.0,2.89,2,5,2.4,65.6,128,0,105,5.9,221,8,67,8,43.8,68.9,71.9,37.1,2,2,235,4,20.0,92.3,9.5,21,4,1,16,6,4,1.7,1380,7.1,2016
Josh McCown,1085,QB,CLV,5,65.8,149,165,10.1,2.76,4,6,3.4,54.5,90,0,78,8.2,188,8,56,8,27.5,55.7,57.4,49.3,4,6,199,2,23.1,72.3,9.6,18,4,1,7,6,11,5.5,1100,6.7,2016
Robert Griffin III,7008,QB,CLV,5,71.3,136,147,9.1,3.08,2,3,1.9,59.2,87,0,68,10.3,183,10,47,8,55.8,57.6,57.8,55.4,2,3,194,0,30.9,72.5,11.5,21,15,0,7,2,3,1.5,886,6.0,2016
Kevin Hogan,10796,QB,CLV,3,65.2,23,26,5.9,2.99,1,1,3.8,53.8,14,0,13,6.7,31,1,7,8,78.8,61.4,55.7,74.2,0,2,31,1,15.4,31.6,6.5,2,3,0,2,0,2,6.5,104,4.0,2016
Charlie Whitehurst,3026,QB,CLV,1,72.7,22,24,11.2,3.11,0,0,0.0,58.3,14,0,6,12.5,27,2,8,8,77.6,58.0,59.4,54.6,0,1,30,0,33.3,78.8,7.4,2,1,0,2,1,1,3.3,182,7.6,2016
Terrelle Pryor Sr.,6944,WR,CLV,3,55.6,9,9,7.6,3.45,0,0,0.0,55.6,5,2,3,0.0,11,0,1,8,58.1,74.7,44.8,43.9,0,0,11,9,33.3,67.4,9.1,1,1,0,0,0,1,9.1,41,4.6,2016
Duke Johnson Jr.,9510,HB,CLV,1,0.0,1,1,28.0,3.0,0,0,0.0,0.0,0,0,0,,1,0,0,8,35.3,64.6,51.2,59.8,0,0,1,0,,39.6,0.0,0,0,0,0,0,0,0.0,0,0.0,2016
DeShone Kizer,11807,QB,CLV,15,65.5,435,476,9.7,2.92,6,20,3.9,53.6,255,0,219,10.5,563,30,143,8,61.1,52.5,49.9,68.3,14,22,605,3,17.4,60.5,6.7,38,47,1,20,11,31,5.1,2894,6.1,2017
Kevin Hogan,10796,QB,CLV,4,64.9,74,75,10.2,2.64,0,4,4.8,61.3,46,0,33,4.2,87,2,25,8,55.0,50.5,49.5,65.4,0,5,95,2,18.2,71.9,6.9,6,5,0,1,4,7,7.4,517,6.9,2017
Cody Kessler,10727,QB,CLV,3,66.7,18,23,12.2,2.91,0,2,8.3,47.8,11,0,15,8.3,30,1,6,8,78.1,62.1,62.3,60.0,0,1,31,0,40.0,46.6,20.0,6,0,0,5,0,1,3.2,126,5.5,2017
Baker Mayfield,46518,QB,CLV,14,74.0,457,486,9.6,2.66,9,40,7.7,63.8,310,1,154,8.3,531,28,177,8,70.2,83.2,79.9,75.8,2,14,575,1,16.2,93.7,4.7,25,18,3,15,27,18,3.1,3725,7.7,2018
Tyrod Taylor,6332,QB,CLV,4,62.2,74,85,10.7,2.95,3,2,2.2,49.4,42,0,42,8.7,108,4,21,8,60.0,47.0,44.9,61.4,1,2,115,1,31.0,64.5,12.0,13,10,1,6,2,4,3.5,473,5.6,2018
Jarvis Landry,8698,WR,CLV,3,50.0,2,2,40.5,4.8,0,1,33.3,50.0,1,1,0,0.0,2,0,1,8,56.8,74.7,87.2,77.0,0,0,3,3,,95.8,0.0,0,0,0,0,0,0,0.0,63,31.5,2018
Dontrell Hilliard,45691,HB,CLV,1,0.0,1,1,14.0,2.9,0,0,0.0,0.0,0,0,0,,1,0,0,8,77.8,55.8,26.1,,0,1,1,0,,0.0,0.0,0,0,0,0,0,1,100.0,0,0.0,2018
Baker Mayfield,46518,QB,CLV,16,69.5,492,534,9.2,2.74,15,29,5.0,59.4,317,2,198,7.3,592,25,189,8,63.1,74.8,72.8,69.4,6,21,647,6,20.2,78.8,6.8,40,17,2,19,22,24,3.7,3827,7.2,2019
Garrett Gilbert,8848,QB,CLV,2,50.0,2,3,9.5,2.73,0,0,0.0,0.0,0,0,1,100.0,3,1,0,8,69.8,48.9,47.0,60.5,0,0,3,0,0.0,39.6,0.0,0,0,0,1,0,0,0.0,0,0.0,2019
Odell Beckham Jr.,8647,WR,CLV,2,50.0,2,2,32.0,4.9,0,0,0.0,50.0,1,3,1,0.0,2,0,1,8,53.2,68.7,82.6,58.3,0,0,2,8,0.0,85.4,0.0,0,0,0,0,0,0,0.0,20,10.0,2019
Baker Mayfield,46518,QB,CLV,18,76.4,500,557,8.8,2.93,11,34,5.8,62.7,349,0,155,8.6,612,33,222,8,65.1,85.7,85.1,58.1,3,9,648,9,17.4,95.7,4.4,27,27,5,38,30,18,2.8,4030,7.2,2020
Case Keenum,7323,QB,CLV,1,55.6,9,10,3.6,2.11,0,0,0.0,50.0,5,0,2,0.0,10,0,2,8,71.4,44.7,45.4,,0,0,10,0,0.0,62.9,0.0,0,0,0,1,0,0,0.0,46,4.6,2020
Jarvis Landry,8698,WR,CLV,4,100.0,4,4,14.5,3.65,0,2,50.0,100.0,4,1,3,0.0,4,0,4,8,55.6,84.8,89.9,67.8,0,0,4,4,0.0,158.3,0.0,0,0,0,0,1,0,0.0,74,18.5,2020
Odell Beckham Jr.,8647,WR,CLV,1,100.0,1,1,17.0,3.6,0,0,0.0,100.0,1,0,0,0.0,1,0,1,8,76.5,75.3,55.1,90.2,0,0,1,2,,118.8,0.0,0,0,0,0,0,0,0.0,18,18.0,2020
Baker Mayfield,46518,QB,CLV,14,72.2,385,418,9.2,2.84,12,20,4.5,60.5,253,0,148,9.0,486,25,151,8,61.4,63.6,62.4,60.1,2,13,516,3,29.1,83.1,8.8,43,25,2,17,17,20,3.9,3010,7.2,2021
Case Keenum,7323,QB,CLV,4,76.1,67,72,6.2,2.71,0,0,0.0,65.3,47,0,24,7.8,81,4,27,8,52.0,57.4,55.1,71.4,1,1,81,2,20.8,91.3,6.2,5,4,0,4,3,2,2.5,462,6.4,2021
Nick Mullens,12282,QB,CLV,1,75.0,28,30,8.0,2.55,0,1,3.2,66.7,20,0,8,4.8,30,1,9,8,77.6,69.2,70.0,,0,0,31,1,0.0,89.2,0.0,0,0,1,1,1,0,0.0,147,4.9,2021
Jacoby Brissett,10725,QB,CLV,12,74.6,339,369,9.5,2.9,5,18,4.5,64.0,236,1,137,6.7,416,17,140,8,59.6,82.6,75.2,91.5,4,6,448,4,17.5,88.9,5.8,24,23,3,18,12,14,3.1,2608,7.1,2022
Deshaun Watson,11767,QB,CLV,6,73.0,148,170,7.9,3.31,4,2,1.1,58.2,99,0,73,8.3,204,9,58,8,60.9,54.7,51.0,69.6,3,5,218,1,27.4,79.1,9.8,20,12,2,13,7,9,4.1,1102,6.5,2022
Amari Cooper,9437,WR,CLV,1,0.0,1,1,27.0,4.5,0,0,0.0,0.0,0,0,1,,1,0,0,8,82.1,81.2,33.1,,0,1,1,5,0.0,0.0,0.0,0,0,0,0,0,1,100.0,0,0.0,2022
Joe Flacco,4332,QB,CLV,6,72.5,233,250,9.1,2.78,1,11,4.2,62.8,157,0,88,7.1,265,12,75,8,65.4,72.8,70.6,69.1,2,10,277,1,13.6,88.5,4.5,12,2,0,14,14,11,4.0,1923,7.7,2023
Deshaun Watson,11767,QB,CLV,6,72.6,157,171,9.2,3.13,2,6,3.3,61.4,105,0,77,7.9,205,9,58,8,38.5,67.3,66.8,63.4,3,4,218,3,20.8,84.3,7.8,16,18,1,8,7,5,2.3,1115,6.5,2023
Dorian Thompson-Robinson,83574,QB,CLV,6,68.0,100,112,6.1,2.67,3,0,0.0,53.6,60,0,39,11.8,123,8,27,8,36.0,49.3,49.4,58.4,2,4,132,1,15.4,51.2,4.9,6,5,2,5,1,6,4.5,440,3.9,2023
P.J. Walker,12134,QB,CLV,5,59.4,101,111,8.7,2.79,2,4,3.4,48.6,54,0,52,10.0,126,6,28,8,26.9,29.7,28.8,63.3,2,5,135,1,21.2,52.2,8.7,11,4,1,5,1,11,8.1,674,6.1,2023
Jeff Driskel,10841,QB,CLV,1,62.5,24,26,10.7,2.98,1,2,7.7,50.0,13,0,11,13.3,32,2,11,8,78.7,66.4,58.9,83.4,0,2,32,1,27.3,63.9,9.4,3,3,0,1,2,3,9.4,166,6.4,2023
Deshaun Watson,11767,QB,CLV,7,76.8,198,216,7.1,3.05,2,8,3.5,63.4,137,0,118,9.9,270,15,54,8,56.9,63.1,63.4,57.6,6,3,290,2,28.0,79.0,12.2,33,21,0,10,5,5,1.7,1148,5.3,2024
Jameis Winston,9434,QB,CLV,4,71.4,91,99,10.9,2.55,6,5,4.8,59.6,59,0,28,9.2,112,6,38,8,61.2,78.0,72.2,84.0,1,3,118,0,32.1,83.4,8.0,9,4,0,1,5,6,5.1,652,6.6,2024
Dorian Thompson-Robinson,83574,QB,CLV,1,63.2,19,24,5.6,2.48,1,0,0.0,45.8,11,0,9,8.3,26,1,3,8,26.7,44.7,33.0,88.5,1,2,29,1,11.1,19.8,3.8,1,0,0,3,0,2,6.9,82,3.4,2024
Tony Romo,1693,QB,DAL,13,73.4,349,366,11.0,2.87,3,19,4.8,64.8,237,1,133,7.4,407,19,156,9,25.4,78.1,78.6,49.8,5,13,437,1,17.3,94.7,5.7,23,17,0,9,20,19,4.3,3097,8.5,2006
Drew Bledsoe,36,QB,DAL,6,66.0,150,166,9.3,2.67,3,7,3.8,53.6,89,0,72,10.1,187,10,58,9,78.0,59.0,59.4,55.8,2,8,205,3,22.2,69.8,8.6,16,5,0,11,7,13,6.3,1156,7.0,2006
Tony Romo,1693,QB,DAL,17,70.9,540,556,9.4,2.8,8,37,6.3,63.5,353,0,202,7.8,601,30,233,9,46.6,82.6,81.6,59.3,2,20,630,4,12.9,95.2,4.3,26,19,1,5,37,36,5.7,4412,7.9,2007
Brad Johnson,31,QB,DAL,1,72.7,11,11,7.5,2.63,0,0,0.0,63.6,7,0,4,12.5,12,1,2,9,74.9,58.8,60.2,55.7,0,0,12,1,25.0,85.0,8.3,1,0,0,0,0,0,0.0,79,7.2,2007
Tony Romo,1693,QB,DAL,13,70.5,430,450,9.5,0.0,4,28,6.0,61.3,276,0,162,8.9,480,27,153,9,30.0,65.6,70.6,28.2,4,14,497,7,12.3,91.6,4.2,20,10,0,12,26,25,5.0,3466,7.7,2008
Brad Johnson,31,QB,DAL,3,59.5,74,78,9.0,0.0,2,1,1.2,52.6,41,0,28,6.8,86,3,17,9,84.4,35.8,37.5,56.7,1,5,91,1,28.6,50.5,9.3,8,0,0,1,2,4,4.4,427,5.5,2008
Brooks Bollinger,1502,QB,DAL,2,68.8,16,17,7.9,0.0,0,0,0.0,58.8,10,0,7,9.1,20,1,4,9,75.4,42.4,42.6,,1,1,21,0,42.9,63.6,15.0,3,0,0,0,1,1,4.8,71,4.2,2008
Jason Witten,1384,TE,DAL,1,100.0,1,1,25.0,0.0,0,0,0.0,100.0,1,0,1,0.0,1,0,1,9,82.3,90.8,50.8,,0,0,1,7,0.0,118.8,0.0,0,0,0,0,0,1,100.0,42,42.0,2008
Patrick Crayton,1932,WR,DAL,1,0.0,1,1,50.0,0.0,0,0,0.0,0.0,0,0,1,,1,0,0,9,44.1,60.3,59.6,63.2,0,0,1,1,0.0,39.6,0.0,0,0,0,0,0,0,0.0,0,0.0,2008
Tony Romo,1693,QB,DAL,18,72.1,592,620,7.9,0.0,14,23,3.5,63.2,392,0,215,8.2,676,35,230,9,67.4,67.4,69.2,38.6,4,10,711,5,19.5,96.2,6.2,42,14,2,8,28,12,1.7,4926,7.9,2009
Jon Kitna,217,QB,DAL,10,76.3,299,318,7.2,0.0,10,16,4.8,65.7,209,0,88,8.3,356,19,123,9,43.3,60.3,64.7,32.6,2,12,374,2,23.9,88.9,5.9,21,17,1,6,16,5,1.3,2365,7.4,2010
Tony Romo,1693,QB,DAL,6,77.3,203,213,7.7,0.0,3,13,5.8,69.5,148,1,67,5.7,223,9,76,9,90.3,92.0,90.9,76.2,3,7,235,3,10.4,95.0,3.1,7,3,0,4,11,4,1.7,1611,7.6,2010
Stephen McGee,5024,QB,DAL,2,65.0,40,44,5.2,0.0,1,2,4.3,50.0,22,0,21,15.4,59,4,14,9,40.1,58.4,56.0,65.8,0,0,61,1,14.3,81.4,5.1,3,12,1,2,2,4,6.6,238,5.4,2010
Marion Barber III,2326,HB,DAL,1,,0,1,,0.0,0,0,0.0,0.0,0,0,1,,1,0,0,9,89.0,57.4,60.0,59.4,0,0,1,1,0.0,39.6,0.0,0,0,0,1,0,0,0.0,0,0.0,2010
Tony Romo,1693,QB,DAL,16,75.1,497,522,8.1,2.62,9,32,5.9,66.3,346,0,176,7.2,565,27,206,9,70.4,74.6,76.1,35.7,2,10,585,5,20.5,102.7,6.4,36,7,4,10,31,15,2.6,4203,8.1,2011
Stephen McGee,5024,QB,DAL,1,65.8,38,38,6.2,3.15,0,1,2.6,63.2,24,0,20,4.0,45,1,12,9,79.9,60.2,58.9,69.1,0,0,46,1,15.0,83.4,6.7,3,4,0,0,1,0,0.0,182,4.8,2011
Jon Kitna,217,QB,DAL,1,70.0,10,10,10.5,2.91,0,3,30.0,60.0,6,0,4,14.3,10,1,5,9,73.3,65.5,66.8,57.2,0,2,10,0,0.0,82.1,0.0,0,0,0,0,1,2,20.0,87,8.7,2011
Tony Romo,1693,QB,DAL,16,74.4,624,648,9.0,2.75,7,40,5.9,65.6,425,0,217,8.4,693,39,237,9,82.5,73.9,74.1,51.9,1,19,728,7,16.6,90.5,5.2,36,9,3,13,28,27,3.7,4903,7.6,2012
Kyle Orton,2323,QB,DAL,1,100.0,10,10,6.0,2.76,0,0,0.0,90.0,9,0,1,10.0,10,1,6,9,71.9,61.9,61.6,,0,0,11,0,0.0,137.1,0.0,0,0,0,0,1,0,0.0,89,8.9,2012
Tony Romo,1693,QB,DAL,15,73.0,512,535,8.3,2.75,6,27,4.7,63.9,342,0,203,8.6,579,32,198,9,82.2,77.7,80.2,28.3,0,10,614,4,17.2,96.8,6.0,35,8,1,16,31,15,2.4,3844,7.2,2013
Kyle Orton,2323,QB,DAL,2,70.8,48,51,8.8,2.27,1,2,3.8,64.7,33,0,14,2.9,52,1,20,9,80.9,66.0,64.0,64.0,0,2,54,1,0.0,85.3,0.0,0,1,0,2,2,1,1.9,398,7.8,2013
Tony Romo,1693,QB,DAL,17,75.6,467,485,9.4,2.84,4,22,4.3,69.7,338,0,161,4.2,535,15,217,9,51.2,83.6,82.7,63.3,1,9,569,7,24.8,114.5,7.5,40,10,1,12,38,20,3.5,4189,8.6,2014
Brandon Weeden,7028,QB,DAL,4,68.4,38,41,8.6,2.66,0,1,2.3,58.5,24,0,14,7.7,44,2,16,9,80.6,50.1,52.4,46.6,2,2,47,0,7.1,85.7,2.3,1,2,0,1,3,2,4.3,303,7.4,2014
Matt Cassel,2447,QB,DAL,8,71.2,184,204,8.9,2.73,10,5,2.3,58.3,119,1,73,9.2,230,12,59,9,76.2,51.2,51.1,50.5,3,7,248,1,19.2,70.6,6.1,14,12,2,5,5,7,2.8,1276,6.3,2015
Tony Romo,1693,QB,DAL,4,74.1,116,121,7.7,2.58,2,2,1.6,68.6,83,0,45,3.5,129,3,47,9,63.4,55.5,55.0,63.8,1,7,137,1,13.3,79.4,4.7,6,2,0,2,5,6,4.4,884,7.3,2015
Kellen Moore,7466,QB,DAL,3,69.4,98,104,9.4,2.57,1,2,1.9,58.7,61,0,28,10.3,109,7,40,9,58.5,61.9,65.0,33.9,2,6,113,1,17.9,71.0,4.6,5,0,0,3,4,3,2.7,779,7.5,2015
Darren McFadden,4318,HB,DAL,1,0.0,1,1,14.0,3.0,0,0,0.0,0.0,0,0,1,,1,0,0,9,62.6,60.1,54.8,61.6,0,0,1,0,0.0,39.6,0.0,0,0,0,0,0,0,0.0,0,0.0,2015
Dak Prescott,10769,QB,DAL,17,75.3,465,497,8.9,2.86,4,16,3.0,67.4,335,0,195,4.3,555,15,213,9,61.1,83.7,81.5,67.9,13,5,586,2,14.4,104.8,5.0,28,29,3,12,26,14,2.4,3969,8.0,2016
Mark Sanchez,4928,QB,DAL,2,68.8,16,18,3.9,2.89,0,1,5.3,55.6,10,0,10,9.1,22,1,5,9,76.8,47.0,46.8,58.1,1,2,23,0,30.0,30.3,13.6,3,1,0,1,0,2,8.7,93,5.2,2016
Tony Romo,1693,QB,DAL,1,75.0,4,4,16.5,2.58,0,0,0.0,75.0,3,0,0,0.0,4,0,3,9,68.0,62.5,62.1,,0,0,5,0,,134.4,0.0,0,0,0,0,1,1,20.0,29,7.3,2016
Dez Bryant,5549,WR,DAL,1,100.0,1,1,15.0,3.7,0,0,0.0,100.0,1,0,0,0.0,1,0,1,9,35.6,83.5,68.8,,0,0,1,0,,147.9,0.0,0,0,0,0,1,0,0.0,10,10.0,2016
Cole Beasley,7330,WR,DAL,1,0.0,1,1,38.0,3.5,0,0,0.0,0.0,0,0,0,,1,0,0,9,84.2,85.9,51.7,,0,0,1,0,,39.6,0.0,0,0,0,0,0,0,0.0,0,0.0,2016
Dak Prescott,10769,QB,DAL,16,74.3,452,490,8.8,2.8,8,19,3.6,62.9,308,1,203,8.3,554,28,179,9,90.6,72.2,67.8,78.5,9,13,606,1,15.8,86.6,5.8,32,32,2,19,22,17,2.8,3324,6.8,2017
Cooper Rush,12324,QB,DAL,2,50.0,2,3,0.0,2.13,1,0,0.0,33.3,1,0,1,0.0,3,0,0,9,68.7,67.9,59.6,65.2,0,0,3,0,0.0,42.4,0.0,0,0,0,0,0,0,0.0,2,0.7,2017
Dak Prescott,10769,QB,DAL,18,75.4,557,591,7.9,2.85,5,21,3.3,67.3,398,0,248,5.2,680,22,222,9,31.3,74.8,73.0,68.2,7,9,728,4,23.4,96.3,8.5,58,30,0,22,24,20,2.7,4377,7.4,2018
Cole Beasley,7330,WR,DAL,1,0.0,1,1,12.0,5.1,0,0,0.0,0.0,0,1,1,,1,0,0,9,86.4,74.6,55.1,,0,0,1,1,0.0,39.6,0.0,0,0,0,0,0,0,0.0,0,0.0,2018
Dak Prescott,10769,QB,DAL,16,76.1,566,596,9.8,2.81,7,29,4.6,65.1,388,0,204,10.0,639,43,239,9,66.4,80.1,76.6,76.2,7,11,679,1,11.3,99.7,3.6,23,20,1,15,30,22,3.2,4901,8.2,2019
Randall Cobb,6216,WR,DAL,1,,0,1,,4.7,0,0,0.0,0.0,0,0,1,,1,0,0,9,34.2,69.9,60.0,58.0,0,0,1,2,0.0,39.6,0.0,0,0,0,1,0,0,0.0,0,0.0,2019
Andy Dalton,6187,QB,DAL,11,76.2,311,333,7.5,2.48,5,11,3.1,64.9,216,0,111,8.9,376,21,121,9,75.1,69.9,69.8,55.7,5,8,393,2,21.6,87.3,6.4,24,15,0,12,14,11,2.8,2170,6.5,2020
Dak Prescott,10769,QB,DAL,5,78.0,209,222,8.3,2.59,3,12,5.2,68.0,151,0,67,7.4,240,12,97,9,74.1,85.2,80.4,78.9,4,4,247,0,14.9,99.6,4.2,10,8,1,5,9,9,3.6,1856,8.4,2020
Ben DiNucci,34311,QB,DAL,2,65.0,40,43,8.5,2.76,1,1,2.3,53.5,23,0,22,11.5,51,3,11,9,16.9,25.6,25.5,52.5,0,0,52,0,31.8,67.9,13.7,7,1,1,1,0,6,11.5,219,5.1,2020
Garrett Gilbert,8848,QB,DAL,1,68.8,32,38,11.0,2.64,3,2,5.1,55.3,21,0,18,4.5,42,1,12,9,79.7,66.4,62.5,73.0,1,1,43,0,11.1,72.6,4.8,2,2,1,1,1,2,4.7,243,6.4,2020
Cedrick Wilson Jr.,48170,WR,DAL,3,100.0,2,2,1.0,4.0,0,0,0.0,100.0,2,0,2,0.0,4,0,1,9,79.9,61.1,71.2,56.0,0,0,4,1,100.0,154.2,50.0,2,0,0,0,1,0,0.0,23,11.5,2020
Chris Jones,6798,P,DAL,1,100.0,1,1,9.0,2.3,0,0,0.0,0.0,0,0,0,100.0,1,1,0,9,64.5,54.4,56.5,60.0,0,0,1,0,,39.6,0.0,0,0,0,0,0,0,0.0,0,0.0,2020
Dak Prescott,10769,QB,DAL,17,76.5,604,639,8.3,2.7,12,34,4.9,67.8,433,0,222,6.3,703,29,244,9,37.0,82.4,83.5,41.6,7,11,760,3,15.8,101.9,5.0,35,24,1,15,38,24,3.2,4703,7.4,2021
Cooper Rush,12324,QB,DAL,4,71.1,45,47,8.8,2.41,1,2,3.8,63.8,30,0,10,6.3,51,2,18,9,43.2,56.7,57.0,56.5,0,1,57,0,30.0,105.1,5.9,3,1,0,1,3,4,7.0,422,9.0,2021
Cedrick Wilson Jr.,48170,WR,DAL,3,100.0,3,3,22.3,3.57,0,1,33.3,100.0,3,0,1,0.0,3,0,3,9,31.4,71.7,82.0,60.9,0,0,3,1,0.0,118.8,0.0,0,0,0,0,0,0,0.0,88,29.3,2021
Bryan Anger,7072,P,DAL,1,100.0,1,1,8.0,2.0,0,0,0.0,100.0,1,0,0,0.0,1,0,1,9,60.4,70.7,67.2,,0,0,1,0,,118.8,0.0,0,0,0,0,0,0,0.0,16,16.0,2021
Ezekiel Elliott,10638,HB,DAL,1,100.0,1,1,-4.0,1.3,0,0,0.0,100.0,1,1,0,0.0,1,0,0,9,85.6,69.3,60.1,76.6,0,0,1,1,,83.3,0.0,0,0,0,0,0,0,0.0,4,4.0,2021
Dak Prescott,10769,QB,DAL,14,75.1,442,464,8.6,2.71,4,19,3.9,66.6,309,0,158,6.9,507,23,173,9,83.2,71.8,68.2,74.4,6,17,531,5,13.9,92.7,4.3,22,21,0,12,28,20,3.8,3371,7.3,2022
Cooper Rush,12324,QB,DAL,8,69.4,144,162,8.9,2.43,7,3,1.8,58.0,94,0,55,6.0,172,6,52,9,71.3,56.5,55.9,54.8,3,3,182,1,12.7,80.0,4.1,7,2,1,7,5,8,4.4,1051,6.5,2022
Dak Prescott,10769,QB,DAL,18,77.0,626,651,8.5,2.72,11,41,5.9,69.4,452,0,229,6.2,731,30,263,9,84.3,90.0,87.0,78.6,6,11,784,5,18.3,104.4,5.7,42,34,0,8,39,17,2.2,4922,7.6,2023
Cooper Rush,12324,QB,DAL,7,75.0,24,24,8.4,1.91,0,1,4.0,75.0,18,0,6,0.0,27,0,8,9,79.6,58.0,54.3,66.2,0,1,28,0,16.7,72.2,3.7,1,1,0,0,0,1,3.6,144,6.0,2023
Dak Prescott,10769,QB,DAL,8,72.4,268,286,8.3,2.63,6,14,4.5,64.7,185,0,98,4.6,317,9,88,9,56.0,67.9,67.2,59.6,4,8,344,3,21.4,86.0,6.6,21,6,2,6,11,16,4.7,1978,6.9,2024
Cooper Rush,12324,QB,DAL,4,61.0,59,62,7.3,2.4,2,1,1.5,56.5,35,0,18,2.8,63,1,14,9,22.0,40.9,48.6,27.5,0,1,68,0,5.6,62.0,1.6,1,0,0,1,1,2,2.9,212,3.4,2024
Trey Lance,91399,QB,DAL,1,66.7,6,6,7.3,2.99,0,0,0.0,66.7,4,0,4,0.0,8,0,1,9,72.5,55.6,49.2,66.5,0,1,8,0,50.0,32.6,25.0,2,0,0,0,0,1,12.5,21,3.5,2024
Bryan Anger,7072,P,DAL,1,0.0,1,1,9.0,2.1,0,0,0.0,0.0,0,0,0,,1,0,0,9,60.4,43.9,44.0,,0,0,1,0,,39.6,0.0,0,0,0,0,0,1,100.0,0,0.0,2024
Jake Plummer,248,QB,DEN,12,68.2,289,317,9.4,2.65,8,13,4.0,55.2,175,0,103,11.2,345,22,110,10,32.4,52.0,55.1,38.0,5,13,356,1,17.5,68.8,5.2,18,10,1,14,11,22,6.2,1994,6.3,2006
Jay Cutler,2956,QB,DEN,5,68.5,130,137,11.0,2.61,4,5,3.4,59.1,81,0,50,9.0,153,8,48,10,34.1,51.2,55.1,29.8,1,5,164,0,26.0,88.5,8.5,13,3,0,2,9,8,4.9,1001,7.3,2006
Jay Cutler,2956,QB,DEN,16,71.3,450,467,8.8,2.52,9,21,4.3,63.6,297,0,147,7.5,507,24,184,10,43.2,69.7,70.8,47.9,3,14,525,3,18.4,88.1,5.3,27,13,3,2,20,25,4.8,3497,7.5,2007
Patrick Ramsey,1039,QB,DEN,2,79.5,44,48,6.8,2.33,3,0,0.0,60.4,29,0,18,17.1,51,6,13,10,27.7,48.0,51.0,53.2,0,1,53,1,16.7,73.7,5.9,3,0,1,0,1,3,5.7,265,5.5,2007
Jay Cutler,2956,QB,DEN,16,73.3,589,616,9.6,0.0,15,45,6.9,62.3,384,0,164,11.1,652,48,232,10,83.8,79.2,80.2,49.2,3,18,692,4,6.7,86.0,1.7,11,25,4,5,25,30,4.3,4526,7.3,2008
Patrick Ramsey,1039,QB,DEN,1,66.7,3,3,4.3,0.0,0,0,0.0,66.7,2,0,1,0.0,4,0,1,10,65.5,69.2,68.3,,0,0,4,0,100.0,84.0,25.0,1,0,0,0,0,0,0.0,19,6.3,2008
Eddie Royal,4356,WR,DEN,1,,0,1,,0.0,0,0,0.0,0.0,0,1,1,,1,0,0,10,60.4,73.7,60.0,70.9,0,0,1,5,0.0,39.6,0.0,0,0,0,1,0,0,0.0,0,0.0,2008
Kyle Orton,2323,QB,DEN,16,72.6,504,541,7.6,0.0,7,10,1.8,62.1,336,0,169,8.2,581,30,188,10,81.9,64.4,66.3,31.2,7,12,607,2,17.2,86.8,5.0,29,11,1,22,21,13,2.1,3799,7.0,2009
Chris Simms,1411,QB,DEN,2,50.0,12,17,9.5,0.0,1,0,0.0,29.4,5,0,12,16.7,22,1,1,10,76.8,29.1,29.5,49.6,3,1,24,0,41.7,15.1,22.7,5,0,0,1,0,1,4.2,23,1.4,2009
Kyle Orton,2323,QB,DEN,13,67.2,469,498,9.8,0.0,9,27,5.1,58.8,293,0,171,7.0,545,22,180,10,77.9,68.0,70.7,36.2,5,9,574,7,19.9,87.6,6.2,34,13,2,13,20,19,3.3,3658,7.3,2010
Tim Tebow,5550,QB,DEN,4,63.5,74,82,12.8,0.0,0,13,15.3,50.0,41,0,41,12.8,99,6,35,10,87.8,73.7,71.6,67.0,2,3,103,0,14.6,82.4,6.1,6,11,1,5,5,4,3.9,660,8.0,2010
Tim Tebow,5550,QB,DEN,14,59.4,286,318,13.3,3.66,4,26,7.7,45.6,145,0,176,14.7,396,25,107,10,29.0,49.5,49.6,55.5,4,6,417,8,21.6,75.5,9.6,38,40,3,21,14,13,3.1,2181,6.9,2011
Demaryius Thomas,5547,WR,DEN,1,0.0,1,1,12.0,5.3,0,0,0.0,0.0,0,0,0,,1,0,0,10,78.6,75.9,48.3,61.1,0,0,1,1,,39.6,0.0,0,0,0,0,0,0,0.0,0,0.0,2011
Eric Decker,5611,WR,DEN,1,0.0,1,1,38.0,3.2,0,0,0.0,0.0,0,1,1,,1,0,0,10,35.9,63.2,53.1,57.6,0,0,1,4,0.0,39.6,0.0,0,0,0,0,0,0,0.0,0,0.0,2011
Peyton Manning,327,QB,DEN,17,77.9,601,626,8.6,2.51,6,50,7.5,68.4,428,0,131,8.5,655,40,250,10,85.4,90.9,90.8,41.9,4,13,696,3,18.3,104.6,3.7,24,5,3,12,40,20,2.9,4949,7.9,2012
Brock Osweiler,7059,QB,DEN,1,75.0,4,4,5.8,2.43,0,0,0.0,50.0,2,0,1,33.3,4,1,2,10,73.7,59.4,63.4,55.1,0,0,4,0,0.0,56.3,0.0,0,0,0,0,0,0,0.0,12,3.0,2012
Peyton Manning,327,QB,DEN,19,77.3,766,787,8.2,2.36,8,53,6.3,68.7,541,1,183,8.6,806,51,334,10,88.6,92.8,93.2,27.5,0,13,858,4,10.4,111.7,2.4,19,0,1,12,60,16,1.9,6386,8.1,2013
Brock Osweiler,7059,QB,DEN,2,80.0,15,16,6.5,3.09,0,0,0.0,68.8,11,0,10,8.3,19,1,5,10,76.1,58.8,56.5,62.7,0,0,21,0,20.0,84.1,10.5,2,1,0,1,0,0,0.0,95,5.9,2013
Peyton Manning,327,QB,DEN,17,72.6,623,643,9.0,2.24,10,42,6.1,65.5,421,2,142,6.9,662,31,236,10,92.3,76.9,75.7,56.3,1,15,708,5,12.7,99.7,2.7,18,1,3,6,40,30,4.2,4944,7.7,2014
Brock Osweiler,7059,QB,DEN,4,87.5,8,10,7.3,2.71,0,0,0.0,40.0,4,0,5,42.9,12,3,2,10,75.5,61.5,65.9,52.7,1,0,13,1,0.0,90.4,0.0,0,2,0,1,1,0,0.0,52,5.2,2014
Peyton Manning,327,QB,DEN,13,67.3,404,423,9.6,2.32,7,16,3.6,58.9,249,0,150,8.5,449,23,137,10,78.8,60.6,60.4,53.9,4,18,473,3,16.7,69.5,5.6,25,1,1,7,11,26,5.5,2788,6.6,2015
Brock Osweiler,7059,QB,DEN,8,73.4,256,275,9.2,2.65,5,7,2.4,61.8,170,0,120,9.6,310,18,95,10,57.6,64.0,65.5,44.1,3,6,326,2,19.2,86.4,7.4,23,12,0,11,10,10,3.1,1967,7.2,2015
Trevor Siemian,9683,QB,DEN,14,70.0,437,486,9.2,2.65,14,18,3.5,59.5,289,0,191,5.6,530,17,158,10,83.2,56.9,56.3,55.2,7,10,566,2,16.2,84.6,5.8,31,13,0,28,18,25,4.4,3401,7.0,2016
Paxton Lynch,10660,QB,DEN,3,65.8,79,83,11.0,2.64,0,2,2.2,59.0,49,0,37,5.8,99,3,25,10,30.4,49.7,50.3,52.5,2,1,107,0,21.6,79.2,8.1,8,8,1,1,2,6,5.6,497,6.0,2016
Riley Dixon,10862,P,DEN,1,100.0,1,1,10.0,2.1,0,0,0.0,100.0,1,0,0,0.0,1,0,1,10,60.4,76.9,68.8,,0,0,1,0,,118.8,0.0,0,0,0,0,0,0,0.0,16,16.0,2016
Trevor Siemian,9683,QB,DEN,11,69.9,322,349,9.2,2.72,3,15,4.0,59.0,206,0,146,8.4,406,19,120,10,49.4,53.0,52.0,61.4,5,14,432,3,22.6,73.3,8.1,33,24,0,19,12,17,3.9,2285,6.5,2017
Brock Osweiler,7059,QB,DEN,6,70.7,157,172,7.8,2.69,2,3,1.6,55.8,96,0,81,13.5,192,15,56,10,72.8,47.3,49.3,43.8,4,5,206,1,12.3,72.5,5.2,10,10,2,7,5,10,4.9,1088,6.3,2017
Paxton Lynch,10660,QB,DEN,2,70.5,44,45,9.2,2.7,1,1,2.2,66.7,30,0,20,3.2,59,1,17,10,36.9,43.3,39.9,69.0,0,3,60,1,45.0,72.0,15.3,9,5,0,0,2,4,6.7,295,6.6,2017
Case Keenum,7323,QB,DEN,16,75.1,535,586,8.1,2.57,8,20,3.2,62.3,365,0,230,9.2,633,37,186,10,46.1,70.0,66.9,81.5,11,15,680,2,14.8,81.2,5.4,34,12,2,30,18,25,3.7,3890,6.6,2018
Emmanuel Sanders,5606,WR,DEN,1,100.0,1,1,32.0,3.3,0,0,0.0,100.0,1,1,0,0.0,1,0,1,10,82.2,81.1,73.4,60.5,0,0,1,3,,158.3,0.0,0,0,0,0,1,0,0.0,28,28.0,2018
Colby Wadman,38062,P,DEN,1,100.0,1,1,0.0,2.3,0,0,0.0,100.0,1,0,0,0.0,1,0,1,10,60.4,60.8,60.3,,0,0,1,0,,116.7,0.0,0,0,0,0,0,0,0.0,12,12.0,2018
Joe Flacco,4332,QB,DEN,8,78.1,233,262,7.1,2.57,7,8,2.8,65.3,171,0,107,6.0,294,11,89,10,28.2,66.4,64.4,66.7,6,5,315,1,24.3,85.1,8.8,26,5,1,15,6,10,3.2,1822,7.0,2019
Drew Lock,39517,QB,DEN,5,73.6,148,156,7.1,2.85,1,5,3.0,64.1,100,0,62,8.3,172,9,59,10,70.9,58.1,57.4,61.4,3,3,186,2,8.1,89.7,2.9,5,11,0,4,7,8,4.3,1020,6.5,2019
Brandon Allen,10835,QB,DEN,3,60.0,70,84,8.9,2.65,2,2,2.2,46.4,39,0,35,7.1,98,3,22,10,85.8,48.7,47.0,67.9,0,2,105,1,25.7,68.3,9.2,9,5,0,12,3,3,2.9,515,6.1,2019
Courtland Sutton,48164,WR,DEN,1,100.0,1,1,36.0,4.55,0,1,100.0,100.0,1,1,0,0.0,2,0,1,10,28.0,83.1,87.3,70.8,0,0,2,1,,118.8,0.0,0,1,0,0,0,0,0.0,38,38.0,2019
Andrew Beck,47121,TE,DEN,1,100.0,1,1,-3.0,2.0,0,0,0.0,100.0,1,0,0,0.0,1,0,1,10,71.8,58.8,60.4,61.4,0,0,1,3,,91.7,0.0,0,0,0,0,0,0,0.0,6,6.0,2019
Drew Lock,39517,QB,DEN,13,68.7,406,443,9.7,2.79,8,30,6.4,57.3,254,0,160,9.0,484,25,151,10,29.8,63.5,63.4,53.6,11,15,510,4,11.9,75.4,3.9,19,22,2,16,16,23,4.5,2933,6.6,2020
Jeff Driskel,10841,QB,DEN,2,70.0,60,64,10.8,2.63,2,2,2.9,54.7,35,0,37,16.7,78,7,19,10,84.1,55.1,51.3,74.9,0,2,85,0,29.7,78.4,14.1,11,3,0,2,3,3,3.5,432,6.8,2020
Brett Rypien,46487,QB,DEN,2,80.0,35,40,9.5,2.51,1,4,8.5,67.5,27,0,18,3.6,41,1,12,10,81.0,40.5,41.5,61.3,0,4,49,1,5.6,66.1,2.4,1,0,0,4,2,5,10.2,295,7.4,2020
Kendall Hinton,34045,QB,DEN,1,12.5,8,9,15.8,3.58,0,0,0.0,11.1,1,0,5,0.0,11,0,1,10,72.6,24.0,24.3,61.3,0,2,11,1,20.0,0.0,9.1,1,1,0,1,0,4,36.4,13,1.4,2020
Teddy Bridgewater,8667,QB,DEN,14,76.8,392,426,8.4,2.83,9,13,2.9,66.9,285,0,179,5.3,472,16,153,10,89.5,73.5,70.7,75.7,3,7,495,4,17.3,94.9,6.6,31,15,0,22,18,15,3.0,3052,7.2,2021
Drew Lock,39517,QB,DEN,6,68.6,105,111,10.4,2.82,2,5,4.1,60.4,67,0,41,6.9,127,5,36,10,40.5,60.0,59.9,54.7,0,2,138,0,22.0,80.4,7.1,9,7,1,3,2,4,2.9,787,7.1,2021
Brett Rypien,46487,QB,DEN,1,0.0,1,2,15.0,2.65,0,0,0.0,0.0,0,0,1,,2,0,0,10,63.6,44.0,45.2,,0,0,2,0,0.0,39.6,0.0,0,0,0,1,0,0,0.0,0,0.0,2021
Courtland Sutton,48164,WR,DEN,1,100.0,1,1,15.0,3.9,0,0,0.0,100.0,1,2,1,0.0,1,0,1,10,80.5,71.2,70.7,,0,0,1,7,0.0,118.8,0.0,0,0,0,0,0,0,0.0,16,16.0,2021
Kendall Hinton,34045,WR,DEN,1,100.0,1,1,-5.0,3.3,0,0,0.0,100.0,1,0,1,0.0,1,0,0,10,76.3,66.5,60.3,,0,0,1,1,0.0,79.2,0.0,0,0,0,0,0,0,0.0,1,1.0,2021
Russell Wilson,7077,QB,DEN,15,74.1,432,484,9.5,2.94,18,23,4.4,60.5,293,0,204,8.4,569,27,154,10,85.5,66.2,64.5,67.2,3,11,613,4,27.0,84.6,9.7,55,28,1,30,16,16,2.6,3540,7.3,2022
Brett Rypien,46487,QB,DEN,4,66.7,84,88,9.1,2.62,1,2,2.2,60.2,53,0,32,5.4,97,3,24,10,29.3,46.4,46.9,52.0,1,4,99,0,25.0,63.8,8.2,8,1,0,2,2,5,5.1,483,5.5,2022
Russell Wilson,7077,QB,DEN,15,78.8,400,447,7.8,3.07,11,27,5.6,66.4,297,0,218,5.7,530,18,150,10,28.9,77.5,72.5,80.3,5,8,568,2,20.6,98.0,8.5,45,36,4,27,26,17,3.0,3075,6.9,2023
Jarrett Stidham,13725,QB,DEN,2,70.5,61,66,7.7,2.76,0,0,0.0,60.6,40,0,28,7.0,77,3,19,10,51.9,55.5,58.5,45.0,1,1,81,1,25.0,87.7,9.1,7,3,0,4,2,1,1.2,496,7.5,2023
Bo Nix,97790,QB,DEN,10,73.8,298,324,8.4,3.13,9,11,3.2,63.6,206,0,117,6.4,377,14,105,10,90.0,68.1,64.6,74.5,4,6,403,6,14.5,82.9,4.5,17,32,1,12,10,6,1.5,1968,6.1,2024
Courtland Sutton,48164,WR,DEN,2,100.0,2,2,9.0,2.9,0,0,0.0,100.0,2,0,1,0.0,2,0,2,10,32.7,71.7,78.4,,0,0,2,1,0.0,158.3,0.0,0,0,0,0,1,0,0.0,30,15.0,2024
Riley Dixon,10862,P,DEN,1,100.0,1,1,-4.0,0.9,0,0,0.0,100.0,1,0,0,0.0,1,0,0,10,60.4,61.3,60.4,,0,0,1,0,,79.2,0.0,0,0,0,0,0,0,0.0,3,3.0,2024
Jon Kitna,217,QB,DET,16,71.1,560,596,9.3,2.79,9,24,3.8,62.4,372,0,245,6.5,677,26,221,11,62.0,64.2,65.4,43.9,6,22,714,3,25.7,79.9,9.3,63,18,2,19,21,33,4.6,4209,7.1,2006
Jon Kitna,217,QB,DET,16,73.9,522,561,9.5,2.78,8,17,2.9,63.3,355,0,217,8.0,624,31,199,11,29.6,66.5,68.4,31.1,4,20,652,3,23.5,80.9,8.2,51,12,1,26,18,32,4.9,4068,7.3,2007
J.T. O'Sullivan,1169,QB,DET,2,58.3,24,26,8.8,2.82,1,1,3.7,50.0,13,0,13,7.1,30,1,7,11,26.5,44.6,54.7,29.2,0,2,31,0,23.1,48.2,10.0,3,1,0,1,1,3,9.7,148,5.7,2007
Dan Orlovsky,2362,QB,DET,10,68.5,235,255,10.5,0.0,5,11,4.1,56.1,143,0,79,11.2,272,18,73,11,83.5,57.4,57.2,51.9,4,8,285,1,17.7,72.9,5.1,14,3,1,10,8,11,3.9,1632,6.4,2008
Jon Kitna,217,QB,DET,4,70.2,114,120,9.7,0.0,2,1,0.8,56.7,68,0,41,15.0,139,12,35,11,50.2,46.3,49.6,33.2,0,5,149,0,36.6,72.2,10.8,15,4,1,3,5,6,4.0,758,6.3,2008
Daunte Culpepper,446,QB,DET,5,62.1,103,115,10.1,0.0,3,5,4.1,52.2,60,0,61,6.3,135,4,32,11,44.5,46.6,48.6,50.6,2,6,146,2,23.0,63.9,10.4,14,6,2,5,4,9,6.2,786,6.8,2008
Drew Stanton,3659,QB,DET,3,58.8,17,17,12.6,0.0,0,0,0.0,52.9,9,0,7,10.0,26,1,7,11,77.0,63.5,63.8,57.9,0,0,28,0,85.7,95.0,23.1,6,3,0,0,1,1,3.6,119,7.0,2008
Drew Henson,1494,QB,DET,2,50.0,2,2,11.5,0.0,0,0,0.0,50.0,1,0,5,0.0,5,0,1,11,65.5,48.9,49.5,,0,0,5,0,60.0,85.4,60.0,3,0,0,0,0,0,0.0,20,10.0,2008
Matthew Stafford,4924,QB,DET,10,65.4,350,377,8.4,0.0,5,13,3.3,53.3,201,0,120,12.2,416,28,118,11,72.7,45.2,45.8,50.3,6,20,433,2,19.2,61.0,5.5,23,16,7,9,13,21,4.8,2271,6.0,2009
Daunte Culpepper,446,QB,DET,8,66.2,145,157,10.4,0.0,3,2,1.2,56.7,89,0,58,7.3,182,7,49,11,77.2,45.6,45.5,58.1,3,6,191,2,24.1,64.8,7.7,14,11,1,5,3,7,3.7,945,6.0,2009
Drew Stanton,3659,QB,DET,3,61.2,49,51,9.7,0.0,0,0,0.0,51.0,26,0,20,13.3,62,4,13,11,82.4,37.9,39.0,50.3,0,6,65,0,25.0,26.1,8.1,5,6,0,2,0,5,7.7,259,5.1,2009
Shaun Hill,1255,QB,DET,11,76.1,385,416,7.4,0.0,7,13,3.0,61.8,257,0,129,12.3,448,36,139,11,88.1,80.5,79.0,64.1,5,12,464,3,13.2,81.3,3.8,17,15,3,16,16,9,1.9,2686,6.5,2010
Drew Stanton,3659,QB,DET,6,68.8,112,119,7.0,0.0,0,6,4.8,58.0,69,0,43,10.4,132,8,42,11,50.6,58.3,56.7,61.6,3,3,137,1,14.0,78.4,4.5,6,7,2,2,4,6,4.4,780,6.6,2010
Matthew Stafford,4924,QB,DET,3,67.0,91,96,7.5,0.0,2,4,3.7,59.4,57,0,25,6.6,102,4,28,11,85.9,81.8,78.8,70.9,0,1,114,0,16.0,91.3,3.9,4,2,0,3,6,1,0.9,535,5.6,2010
Stefan Logan,4909,WR,DET,1,0.0,1,1,9.0,0.0,0,0,0.0,0.0,0,0,1,,1,0,0,11,75.7,64.3,60.1,74.2,0,0,1,0,0.0,39.6,0.0,0,0,0,0,0,0,0.0,0,0.0,2010
Jahvid Best,5555,HB,DET,1,0.0,1,1,14.0,0.0,0,0,0.0,0.0,0,0,0,,1,0,0,11,80.5,60.3,55.2,60.5,0,0,1,0,,39.6,0.0,0,0,0,0,0,0,0.0,0,0.0,2010
Matthew Stafford,4924,QB,DET,17,74.4,667,706,8.7,2.57,11,52,7.0,63.6,449,0,182,9.5,755,47,267,11,83.9,76.1,76.0,48.1,2,17,793,5,19.8,97.9,4.8,36,13,0,26,44,27,3.4,5435,7.7,2011
Shaun Hill,1255,QB,DET,2,66.7,3,3,15.3,1.97,0,0,0.0,66.7,2,0,1,0.0,3,0,1,11,67.4,66.7,67.0,59.8,0,0,3,0,0.0,103.5,0.0,0,0,0,0,0,0,0.0,33,11.0,2011
Matthew Stafford,4924,QB,DET,16,70.5,687,727,8.9,2.66,13,48,6.4,59.8,435,1,210,10.1,776,49,274,11,77.9,73.6,72.0,63.4,2,17,801,3,13.8,79.8,3.7,29,20,4,21,20,32,4.0,4967,6.8,2012
Shaun Hill,1255,QB,DET,1,91.7,12,13,11.3,2.28,0,1,7.1,76.9,10,0,1,9.1,13,1,8,11,73.7,74.9,76.2,57.3,0,0,14,0,0.0,157.9,0.0,0,0,1,0,2,1,7.1,172,13.2,2012
Matthew Stafford,4924,QB,DET,16,71.9,595,634,8.9,2.5,17,33,5.0,58.5,371,0,193,13.3,668,57,226,11,61.7,80.3,83.2,29.8,2,19,694,6,11.9,84.2,3.4,23,11,3,17,29,20,2.9,4650,7.3,2013
Matthew Stafford,4924,QB,DET,17,72.0,593,644,8.2,2.65,11,29,4.3,60.7,391,0,228,8.4,711,36,229,11,78.6,68.4,68.1,55.5,7,13,751,5,21.1,85.7,6.8,48,18,3,30,23,18,2.4,4570,7.1,2014
Sam Martin,7947,P,DET,1,100.0,2,2,-1.0,1.55,0,0,0.0,100.0,2,0,0,0.0,2,0,1,11,63.6,70.1,66.9,,0,0,2,0,,118.8,0.0,0,0,0,0,0,0,0.0,27,13.5,2014
Matthew Stafford,4924,QB,DET,16,76.2,554,592,6.9,2.56,9,22,3.6,67.2,398,0,232,5.7,662,24,233,11,87.8,65.7,64.7,62.0,6,13,694,5,19.0,97.0,6.6,44,26,0,23,32,26,3.7,4262,7.2,2015
Dan Orlovsky,2362,QB,DET,2,76.5,34,40,8.0,2.44,2,2,4.8,55.0,22,0,10,15.4,40,4,13,11,79.3,57.2,57.2,,1,1,42,0,0.0,66.8,0.0,0,0,0,3,1,1,2.4,201,5.0,2015
Matthew Stafford,4924,QB,DET,17,75.7,588,626,7.9,2.6,12,24,3.6,64.9,406,0,216,8.8,696,39,240,11,80.6,81.4,79.0,73.5,6,10,742,5,18.5,92.4,5.7,40,30,3,17,24,22,3.0,4532,7.2,2016
Matthew Stafford,4924,QB,DET,16,74.3,534,565,8.8,2.62,15,31,5.1,65.7,371,0,230,6.5,628,26,218,11,32.6,78.6,76.4,66.6,6,10,674,1,20.0,99.3,7.3,46,17,0,10,29,25,3.7,4446,7.9,2017
Jake Rudock,10825,QB,DET,1,60.0,5,5,5.6,1.98,0,0,0.0,60.0,3,0,1,0.0,5,0,1,11,69.9,30.0,43.1,60.0,0,1,6,1,0.0,32.5,0.0,0,0,0,0,0,1,16.7,24,4.8,2017
Matthew Stafford,4924,QB,DET,16,75.4,521,555,7.1,2.58,11,30,5.1,66.1,367,0,186,6.6,608,26,204,11,63.6,77.8,76.6,59.0,5,11,649,1,21.5,89.9,6.6,40,13,1,17,21,21,3.2,3777,6.8,2018
Matt Cassel,2447,QB,DET,2,50.0,16,17,7.8,2.51,0,0,0.0,41.2,7,0,5,12.5,19,1,3,11,75.7,48.6,46.4,64.5,0,1,21,0,20.0,26.3,5.3,1,1,0,1,0,0,0.0,59,3.5,2018
Bruce Ellington,8741,WR,DET,1,,0,1,,4.3,0,0,0.0,0.0,0,0,1,,1,0,0,11,78.6,68.3,60.0,56.6,0,0,1,0,0.0,39.6,0.0,0,0,0,1,0,0,0.0,0,0.0,2018
Matt Prater,3471,K,DET,1,100.0,1,1,12.0,1.5,0,0,0.0,100.0,1,0,0,0.0,1,0,1,11,60.4,88.9,73.8,,0,0,1,0,,139.6,0.0,0,0,0,0,1,0,0.0,8,8.0,2018
Matthew Stafford,4924,QB,DET,8,69.4,278,291,11.4,2.61,1,25,8.2,64.3,187,0,120,3.1,320,6,121,11,49.8,82.6,81.6,62.5,3,5,336,3,15.0,106.0,5.6,18,9,2,7,19,12,3.6,2499,8.6,2019
David Blough,46508,QB,DET,5,68.6,159,174,8.9,2.89,6,7,3.7,54.0,94,0,60,13.8,194,15,48,11,73.5,57.2,55.4,59.4,2,6,210,0,23.3,64.0,7.2,14,6,0,7,4,8,3.8,984,5.7,2019
Jeff Driskel,10841,QB,DET,3,71.0,93,105,9.3,3.11,1,3,2.6,59.0,62,1,55,6.1,129,4,36,11,66.5,51.3,51.2,60.5,3,4,141,3,20.0,75.3,8.5,11,12,2,6,4,7,5.0,685,6.5,2019
Danny Amendola,4717,WR,DET,1,100.0,1,1,13.0,4.2,0,0,0.0,100.0,1,0,0,0.0,1,0,1,11,84.9,71.5,68.8,,0,0,1,1,,158.3,0.0,0,0,0,0,1,0,0.0,19,19.0,2019
Matthew Stafford,4924,QB,DET,16,73.8,497,528,9.4,2.54,8,32,5.6,64.2,339,0,166,7.6,583,28,215,11,77.8,82.0,78.6,82.5,5,10,626,3,23.5,96.3,6.7,39,16,7,11,26,14,2.2,4084,7.7,2020
Chase Daniel,5214,QB,DET,4,82.5,40,43,6.5,2.31,1,2,4.5,67.4,29,0,14,12.1,48,4,15,11,80.4,54.0,51.2,70.7,0,2,50,0,21.4,72.2,6.3,3,2,1,1,1,3,6.0,264,6.1,2020
David Blough,46508,QB,DET,1,66.7,9,10,9.8,3.26,1,0,0.0,60.0,6,0,8,0.0,12,0,2,11,73.2,33.6,29.5,65.9,0,1,14,0,12.5,32.9,8.3,1,1,0,0,0,2,14.3,49,4.9,2020
Jamal Agnew,11920,WR,DET,1,0.0,1,1,14.0,4.3,0,1,100.0,0.0,0,0,0,,1,0,0,11,34.2,56.7,77.6,61.6,0,0,1,1,,39.6,0.0,0,0,0,0,0,0,0.0,0,0.0,2020
Jared Goff,10635,QB,DET,14,77.0,456,494,6.8,2.66,5,12,2.3,67.2,332,1,177,5.4,541,19,165,11,39.5,60.3,61.7,39.6,3,8,574,9,19.8,91.5,6.5,35,12,5,25,19,18,3.1,3245,6.6,2021
Tim Boyle,21956,QB,DET,3,70.5,88,94,6.0,2.42,2,1,1.0,64.9,61,0,20,1.6,95,1,29,11,54.8,54.0,52.2,66.4,3,6,100,1,0.0,63.5,0.0,0,1,0,1,3,7,7.0,526,5.6,2021
Jack Fox,34735,P,DET,3,66.7,3,3,10.3,2.07,0,0,0.0,66.7,2,0,0,0.0,3,0,2,11,65.5,71.5,69.7,,0,0,3,0,,109.7,0.0,0,0,0,0,0,0,0.0,38,12.7,2021
Tom Kennedy,94379,WR,DET,1,100.0,1,1,23.0,3.7,0,0,0.0,100.0,1,0,0,0.0,1,0,1,11,73.7,57.3,71.0,,0,0,1,0,,158.3,0.0,0,0,0,0,1,0,0.0,75,75.0,2021
D'Andre Swift,57212,HB,DET,1,,0,1,,2.4,0,0,0.0,0.0,0,1,1,,1,0,0,11,65.0,58.0,60.0,61.3,1,0,1,2,0.0,39.6,0.0,0,0,0,0,0,0,0.0,0,0.0,2021
Jared Goff,10635,QB,DET,17,77.8,531,587,7.6,2.69,15,18,2.9,65.1,382,0,187,7.5,626,31,230,11,64.3,72.4,71.6,53.0,8,7,663,1,12.3,99.3,3.7,23,15,1,32,29,24,3.6,4438,7.6,2022
Jack Fox,34735,P,DET,1,100.0,1,1,6.0,2.0,0,0,0.0,100.0,1,0,0,0.0,1,0,1,11,60.4,69.1,67.2,,0,0,1,0,,91.7,0.0,0,0,0,0,0,0,0.0,6,6.0,2022
Jared Goff,10635,QB,DET,20,77.9,662,716,7.3,2.58,10,25,3.3,67.6,484,0,266,6.2,761,32,278,11,60.3,85.7,85.2,51.9,8,12,794,10,13.9,98.7,4.9,37,8,4,32,34,19,2.4,5411,7.6,2023
Jalen Reeves-Maybin,11879,LB,DET,1,100.0,1,1,22.0,2.1,0,0,0.0,100.0,1,0,0,0.0,1,0,1,11,66.7,71.2,70.7,59.8,0,0,1,0,,118.8,0.0,0,0,0,0,0,0,0.0,31,31.0,2023
Jared Goff,10635,QB,DET,9,78.5,223,241,7.3,2.67,4,8,3.2,71.8,173,0,92,1.1,268,2,103,11,52.0,67.6,65.0,65.3,3,9,278,2,19.6,104.4,6.7,18,7,1,10,16,12,4.3,2080,8.6,2024
Hendon Hooker,60593,QB,DET,2,60.0,5,5,3.2,2.72,0,0,0.0,60.0,3,0,3,0.0,6,0,1,11,69.9,53.2,52.2,60.0,0,0,6,0,33.3,72.9,16.7,1,0,0,0,0,0,0.0,25,5.0,2024
Amon-Ra St. Brown,84470,WR,DET,1,100.0,1,1,5.0,3.9,0,0,0.0,100.0,1,1,0,0.0,1,0,1,11,79.9,81.5,60.5,,0,0,1,2,,135.4,0.0,0,0,0,0,1,0,0.0,7,7.0,2024
Jack Fox,34735,P,DET,1,100.0,1,1,15.0,2.0,0,0,0.0,100.0,1,0,0,0.0,1,0,1,11,60.4,72.6,68.8,,0,0,1,0,,118.8,0.0,0,0,0,0,0,0,0.0,17,17.0,2024
David Montgomery,45719,HB,DET,1,100.0,1,1,11.0,2.7,0,0,0.0,100.0,1,0,0,0.0,1,0,1,11,52.9,80.4,69.5,76.7,0,0,1,1,,118.8,0.0,0,0,0,0,1,0,0.0,3,3.0,2024
Brett Favre,14,QB,GB,16,66.2,583,613,9.0,2.52,12,22,3.4,56.0,343,1,162,11.1,638,43,188,12,74.7,55.6,57.3,31.3,4,18,666,2,13.0,72.8,3.3,21,4,2,12,18,27,4.1,3904,6.4,2006
Aaron Rodgers,2241,QB,GB,2,40.0,15,15,11.1,3.19,0,0,0.0,40.0,6,0,10,0.0,20,0,3,12,27.1,30.3,29.3,63.0,0,0,21,0,30.0,48.2,15.0,3,2,0,0,0,1,4.8,46,3.1,2006
Carlyle Holiday,2640,WR,GB,1,0.0,1,1,30.0,4.1,0,0,0.0,0.0,0,0,0,,1,0,0,12,71.6,63.8,59.7,,0,0,1,1,,39.6,0.0,0,0,0,0,0,0,0.0,0,0.0,2006
Brett Favre,14,QB,GB,18,75.0,569,593,8.0,2.42,9,28,4.5,66.3,393,0,184,8.0,615,34,224,12,63.9,75.0,77.5,29.4,7,17,645,4,8.7,96.0,2.6,16,6,3,5,33,36,5.6,4564,7.7,2007
Aaron Rodgers,2241,QB,GB,2,76.9,26,28,6.7,2.56,1,0,0.0,71.4,20,0,12,0.0,35,0,12,12,79.2,66.1,62.4,68.7,0,0,37,0,25.0,106.0,8.6,3,4,1,0,1,0,0.0,218,7.8,2007
Craig Nall,1154,QB,GB,1,50.0,14,15,8.3,2.81,0,0,0.0,46.7,7,0,6,0.0,17,0,5,12,17.2,47.1,67.5,27.3,1,0,17,0,16.7,87.6,5.9,1,1,0,0,1,0,0.0,88,5.9,2007
Aaron Rodgers,2241,QB,GB,16,77.4,496,536,9.3,0.0,6,29,5.2,63.6,341,0,164,11.2,600,43,194,12,73.4,79.2,80.8,48.6,6,13,627,6,20.7,93.9,5.7,34,30,5,23,28,18,2.9,4045,7.5,2008
Matt Flynn,4523,QB,GB,1,40.0,5,5,5.6,0.0,0,0,0.0,40.0,2,0,2,0.0,5,0,0,12,70.2,32.9,37.5,50.7,0,0,5,0,0.0,47.9,0.0,0,0,0,0,0,0,0.0,6,1.2,2008
Aaron Rodgers,2241,QB,GB,17,77.5,550,583,9.3,0.0,9,27,4.3,64.8,378,0,213,11.3,673,48,235,12,51.9,86.0,85.3,61.3,6,8,717,4,25.8,104.7,8.2,55,35,3,15,34,15,2.1,4875,8.4,2009
Matt Flynn,4523,QB,GB,4,66.7,12,12,9.2,0.0,0,0,0.0,58.3,7,0,3,12.5,13,1,4,12,75.4,50.0,56.5,44.2,0,1,14,1,33.3,36.1,7.7,1,0,0,0,0,0,0.0,58,4.8,2009
Aaron Rodgers,2241,QB,GB,19,76.6,578,607,9.6,0.0,6,55,8.6,66.2,402,0,198,9.3,695,41,264,12,83.0,91.3,91.6,59.7,2,13,728,7,19.7,103.2,5.6,39,49,2,19,37,21,2.9,5029,8.3,2010
Matt Flynn,4523,QB,GB,4,73.8,61,65,8.4,0.0,0,5,7.1,61.5,40,0,24,11.1,77,5,22,12,84.2,55.8,55.1,58.3,0,2,83,0,29.2,83.7,9.1,7,5,0,4,3,4,4.8,433,6.7,2010
Aaron Rodgers,2241,QB,GB,16,80.3,519,548,9.2,2.88,6,53,9.0,67.3,369,0,176,11.5,637,48,244,12,87.7,92.7,92.6,59.7,3,7,681,3,22.7,118.8,6.3,40,49,2,18,47,7,1.0,4907,9.0,2011
Matt Flynn,4523,QB,GB,5,83.0,47,49,9.1,2.59,0,4,7.8,67.3,33,0,15,15.4,55,6,23,12,57.2,70.1,74.8,45.7,2,2,58,0,33.3,124.8,9.1,5,1,0,0,6,2,3.4,518,10.6,2011
Randall Cobb,6216,WR,GB,1,0.0,1,1,22.0,4.0,0,0,0.0,0.0,0,0,0,,1,0,0,12,28.3,66.4,57.8,58.4,0,0,1,1,,39.6,0.0,0,0,0,0,0,0,0.0,0,0.0,2011
Aaron Rodgers,2241,QB,GB,18,80.0,585,624,8.2,2.87,6,49,7.3,67.3,420,0,218,10.3,720,48,255,12,77.4,89.1,88.7,60.0,5,9,775,4,25.2,106.8,7.6,55,41,3,25,42,15,1.9,4826,7.7,2012
Graham Harrell,5519,QB,GB,2,75.0,4,4,6.8,2.78,0,0,0.0,50.0,2,0,1,33.3,4,1,1,12,18.4,33.5,51.1,32.1,0,0,4,0,0.0,64.6,0.0,0,0,0,0,0,0,0.0,20,5.0,2012
Tim Masthay,5510,P,GB,1,0.0,1,1,22.0,3.2,0,0,0.0,0.0,0,0,0,,1,0,0,12,60.4,51.7,52.5,,0,0,1,0,,39.6,0.0,0,0,0,0,0,0,0.0,0,0.0,2012
Aaron Rodgers,2241,QB,GB,10,79.3,285,316,8.5,2.76,6,18,5.3,66.5,210,0,111,7.1,360,16,127,12,77.5,85.8,85.0,61.4,0,6,381,1,22.5,104.3,6.9,25,19,1,24,18,8,2.1,2713,8.6,2013
Matt Flynn,4523,QB,GB,7,74.2,182,200,7.3,2.69,6,5,2.4,62.0,124,0,70,8.1,236,11,71,12,37.5,53.2,60.7,26.6,1,5,250,0,34.3,85.7,10.2,24,12,0,11,8,8,3.2,1392,7.0,2013
Scott Tolzien,6749,QB,GB,3,73.2,82,90,7.7,2.43,5,6,6.5,61.1,55,0,27,8.3,98,5,33,12,85.1,71.1,68.2,70.7,1,5,102,0,11.1,66.7,3.1,3,5,2,0,1,8,7.8,715,7.9,2013
Seneca Wallace,1422,QB,GB,2,72.7,22,24,6.0,2.84,1,0,0.0,66.7,16,0,12,0.0,28,0,7,12,77.0,57.2,56.5,,0,1,28,0,33.3,64.4,14.3,4,0,0,1,0,1,3.6,139,5.8,2013
Aaron Rodgers,2241,QB,GB,18,75.0,559,589,8.6,2.86,7,42,6.7,65.2,384,0,177,8.4,650,35,265,12,58.8,93.3,91.7,89.8,1,7,693,5,17.5,109.7,4.8,31,30,0,22,42,19,2.7,4875,8.3,2014
Matt Flynn,4523,QB,GB,6,64.3,14,16,7.1,2.86,0,0,0.0,50.0,8,0,10,11.1,18,1,3,12,33.3,46.0,42.7,62.5,0,1,20,0,20.0,34.9,11.1,2,0,0,2,0,1,5.0,66,4.1,2014
Aaron Rodgers,2241,QB,GB,18,72.3,599,652,8.7,2.94,8,37,5.1,60.1,392,0,269,9.5,746,41,217,12,62.4,75.2,71.6,80.0,7,9,832,6,17.8,91.8,6.4,48,44,1,37,35,22,2.6,4292,6.6,2015
Scott Tolzien,6749,QB,GB,1,100.0,1,1,4.0,2.05,0,0,0.0,100.0,1,0,1,0.0,2,0,0,12,19.8,39.1,58.9,50.5,0,0,2,0,100.0,83.3,50.0,1,0,0,0,0,0,0.0,4,4.0,2015
Aaron Rodgers,2241,QB,GB,19,74.3,690,738,9.4,3.02,7,44,5.6,65.2,481,0,252,6.2,831,32,296,12,65.2,91.4,90.9,74.8,3,9,882,8,17.9,104.1,5.4,45,47,2,36,49,21,2.4,5432,7.4,2016
Brett Hundley,9580,QB,GB,4,40.0,10,10,8.4,2.75,0,0,0.0,20.0,2,0,1,50.0,10,2,0,12,21.7,37.4,39.6,53.0,0,1,10,0,0.0,0.0,0.0,0,0,0,0,0,0,0.0,17,1.7,2016
Brett Hundley,9580,QB,GB,11,73.2,284,316,7.8,3.0,6,8,2.4,60.8,192,0,140,7.7,368,16,103,12,63.7,64.8,58.5,89.5,2,12,389,4,20.7,70.6,7.9,29,22,0,24,9,15,3.9,1836,5.8,2017
Aaron Rodgers,2241,QB,GB,7,76.3,215,238,7.3,2.77,4,11,4.2,64.7,154,0,98,6.1,276,10,94,12,80.6,79.2,74.9,86.4,2,6,302,3,22.4,97.2,8.0,22,16,1,16,16,10,3.3,1675,7.0,2017
Joe Callahan,11144,QB,GB,1,71.4,7,7,6.9,2.69,0,0,0.0,71.4,5,0,2,0.0,7,0,1,12,69.6,59.6,59.5,,0,0,7,0,0.0,74.1,0.0,0,0,0,0,0,0,0.0,11,1.6,2017
Randall Cobb,6216,WR,GB,1,100.0,1,1,-5.0,3.8,0,0,0.0,100.0,1,1,0,0.0,1,0,1,12,51.5,64.4,60.1,60.2,0,0,1,3,,108.3,0.0,0,0,0,0,0,0,0.0,10,10.0,2017
Aaron Rodgers,2241,QB,GB,16,74.0,531,597,9.2,2.94,0,35,5.5,62.3,372,1,225,5.3,681,21,220,12,60.3,89.0,86.3,77.0,5,2,724,11,21.8,97.6,7.2,49,34,2,59,25,11,1.5,4442,7.4,2018
DeShone Kizer,11807,QB,GB,2,64.9,37,42,10.7,3.23,0,1,2.4,47.6,20,0,15,16.7,50,4,11,12,31.5,34.2,29.6,76.8,1,2,50,0,26.7,40.5,8.0,4,4,1,3,0,5,10.0,187,4.5,2018
JK Scott,38809,P,GB,1,,0,1,,3.0,0,0,0.0,0.0,0,0,0,,1,0,0,12,,57.6,60.0,,0,0,1,0,,39.6,0.0,0,0,0,1,0,0,0.0,0,0.0,2018
Aaron Rodgers,2241,QB,GB,18,74.2,582,636,9.1,2.92,3,41,6.0,63.1,401,0,235,7.2,704,31,227,12,63.3,83.7,82.1,71.5,4,6,759,10,17.4,96.4,5.8,41,27,1,46,30,19,2.5,4577,7.2,2019
Tim Boyle,21956,QB,GB,1,75.0,4,4,2.5,1.8,0,0,0.0,75.0,3,0,1,0.0,4,0,1,12,72.4,57.4,54.7,61.3,0,0,5,0,0.0,80.2,0.0,0,0,0,0,0,0,0.0,15,3.8,2019
Aaron Rodgers,2241,QB,GB,18,81.2,564,610,8.3,2.68,3,49,7.6,70.2,428,1,160,6.6,660,30,264,12,88.1,95.1,94.7,56.0,2,6,700,6,15.6,119.2,3.8,25,25,3,38,53,15,2.1,4941,8.1,2020
Aaron Rodgers,2241,QB,GB,17,77.7,520,560,8.1,2.6,6,36,6.1,68.9,386,0,162,4.5,612,18,227,12,88.5,89.4,87.0,67.9,4,4,645,3,21.6,110.9,5.7,35,17,4,26,37,13,2.0,4340,7.8,2021
Jordan Love,40306,QB,GB,4,61.7,60,62,7.6,2.57,0,1,1.5,58.1,36,1,25,2.7,70,1,23,12,27.2,36.2,31.3,70.5,0,3,73,1,12.0,68.7,4.3,3,5,0,2,2,6,8.2,411,6.6,2021
Aaron Rodgers,2241,QB,GB,17,75.8,501,542,8.5,2.67,7,33,5.7,64.6,350,0,157,7.9,588,30,183,12,85.6,77.5,75.9,63.5,3,12,624,7,20.4,91.1,5.4,32,13,2,29,26,18,2.9,3695,6.8,2022
Jordan Love,40306,QB,GB,4,85.0,20,21,7.8,2.17,0,1,4.8,66.7,14,0,4,17.6,21,3,9,12,75.7,78.7,77.1,60.0,0,0,21,0,0.0,112.2,0.0,0,0,1,0,1,0,0.0,195,9.3,2022
Jordan Love,40306,QB,GB,19,72.7,597,634,8.9,2.73,8,37,5.5,64.5,409,0,212,5.8,689,25,237,12,57.7,83.6,83.2,59.5,7,13,725,11,13.7,97.1,4.2,29,23,2,20,37,18,2.5,4624,7.3,2023
Dontayvion Wicks,99711,WR,GB,1,100.0,1,1,9.0,2.5,0,0,0.0,100.0,1,0,0,0.0,1,0,1,12,23.0,77.8,69.9,59.2,0,0,1,2,,118.8,0.0,0,0,0,0,0,0,0.0,14,14.0,2023
Sean Clifford,51708,QB,GB,1,100.0,1,1,33.0,2.6,0,0,0.0,100.0,1,0,1,0.0,1,0,1,12,15.5,56.8,76.0,44.9,0,0,1,0,0.0,118.8,0.0,0,0,0,0,0,0,0.0,37,37.0,2023
Jordan Love,40306,QB,GB,7,74.1,220,240,9.5,2.67,4,10,3.9,61.3,147,0,80,9.8,255,16,85,12,54.8,71.3,71.5,45.5,6,10,272,1,8.8,88.2,2.7,7,5,0,10,15,10,3.7,1820,7.6,2024
Malik Willis,60341,QB,GB,4,84.2,38,39,6.1,2.9,0,1,2.4,74.4,29,0,17,9.4,53,3,19,12,82.3,77.4,74.3,70.0,0,0,56,2,29.4,130.3,9.4,5,8,0,1,3,0,0.0,380,9.7,2024
David Carr,1009,QB,HST,16,79.8,400,442,6.1,2.67,17,4,0.9,68.3,302,1,170,5.3,509,17,147,13,27.6,56.7,62.6,29.5,3,12,532,5,24.1,82.1,8.1,41,26,2,20,11,24,4.5,2767,6.3,2006
Sage Rosenfels,863,QB,HST,3,76.3,38,39,8.2,2.5,0,2,4.9,69.2,27,0,12,6.9,41,2,15,13,80.3,67.8,74.8,43.6,1,1,45,1,8.3,103.9,2.4,1,1,0,0,3,0,0.0,273,7.0,2006
Matt Schaub,1811,QB,HST,11,77.7,260,289,8.9,2.74,5,12,4.0,66.4,192,0,111,5.0,313,10,99,13,64.6,80.3,81.8,40.0,4,9,327,3,14.4,87.2,5.1,16,8,4,16,9,8,2.4,2246,7.8,2007
Sage Rosenfels,863,QB,HST,9,74.7,225,240,9.2,2.62,5,12,4.9,64.2,154,0,80,8.3,253,14,96,13,49.6,69.6,71.9,39.2,3,12,258,1,7.5,84.8,2.4,6,7,1,6,15,14,5.4,1684,7.0,2007
Matt Schaub,1811,QB,HST,11,78.4,342,380,7.8,0.0,10,19,4.8,66.1,251,0,129,6.3,416,17,149,13,50.8,71.1,73.6,42.0,8,10,432,5,17.8,92.7,5.5,23,13,5,15,15,15,3.5,3043,8.0,2008
Sage Rosenfels,863,QB,HST,6,78.0,159,174,8.0,0.0,5,5,2.8,66.7,116,0,49,6.5,189,8,67,13,54.1,60.7,62.2,40.5,4,10,195,0,18.4,80.5,4.8,9,6,2,4,6,11,5.6,1474,8.5,2008
Matt Schaub,1811,QB,HST,16,79.5,527,583,7.9,0.0,12,24,4.0,67.9,396,0,180,5.5,626,23,235,13,83.9,83.5,88.9,26.9,16,15,642,0,14.4,98.6,4.2,26,17,5,23,29,12,1.9,4770,8.2,2009
Rex Grossman,1338,QB,HST,1,50.0,6,9,11.8,0.0,1,0,0.0,33.3,3,0,4,0.0,10,0,1,13,23.8,34.8,50.9,33.0,1,1,10,0,0.0,5.6,0.0,0,1,0,1,0,0,0.0,33,3.7,2009
Chris Brown,1407,HB,HST,1,0.0,1,1,4.0,0.0,0,0,0.0,0.0,0,0,1,,1,0,0,13,62.3,53.4,58.8,54.5,0,1,1,0,0.0,0.0,0.0,0,0,0,0,0,0,0.0,0,0.0,2009
Matt Schaub,1811,QB,HST,16,75.3,523,574,8.0,0.0,10,26,4.3,63.6,365,0,185,7.4,611,29,225,13,73.6,84.5,84.1,43.1,12,12,645,1,17.3,92.0,5.2,32,5,4,25,24,15,2.3,4372,7.6,2010
Matt Schaub,1811,QB,HST,10,74.5,259,292,8.8,2.8,10,16,5.3,61.0,178,0,109,7.8,313,15,120,13,82.4,78.5,79.7,33.9,1,6,325,0,14.7,96.8,5.1,16,5,2,20,15,8,2.5,2479,8.5,2011
T.J. Yates,6304,QB,HST,8,70.2,171,189,9.6,2.86,5,10,5.1,58.2,110,0,63,8.3,213,10,70,13,58.2,56.1,58.5,39.8,1,6,220,1,27.0,73.0,8.0,17,7,3,9,4,14,6.4,1298,6.9,2011
Jake Delhomme,303,QB,HST,1,80.8,26,28,9.0,2.69,0,0,0.0,64.3,18,0,8,14.3,30,3,9,13,32.7,62.7,62.7,58.1,0,0,32,0,25.0,99.0,6.7,2,0,1,1,1,1,3.1,211,7.5,2011
Matt Leinart,2955,QB,HST,1,91.7,12,13,1.8,2.65,0,1,6.7,76.9,10,0,2,9.1,13,1,1,13,74.0,60.0,59.6,59.8,0,0,15,0,0.0,110.1,0.0,0,0,0,1,1,1,6.7,57,4.4,2011
Matt Schaub,1811,QB,HST,18,76.9,589,633,7.8,2.62,10,27,4.1,65.2,413,0,190,8.8,665,40,234,13,81.2,73.1,74.4,29.6,5,14,693,3,14.7,90.2,4.2,28,4,2,27,24,23,3.3,4613,7.3,2012
T.J. Yates,6304,QB,HST,3,44.4,9,10,7.6,2.84,1,0,0.0,40.0,4,0,3,0.0,11,0,3,13,20.9,30.6,30.8,56.6,0,1,11,0,33.3,11.7,9.1,1,0,0,0,0,1,9.1,38,3.8,2012
Matt Schaub,1811,QB,HST,10,70.0,330,358,8.4,2.83,7,14,3.7,61.2,219,0,160,5.2,383,12,116,13,85.1,58.6,58.3,60.8,2,14,400,2,13.1,73.0,5.5,21,4,0,19,10,21,5.3,2310,6.5,2013
Case Keenum,7323,QB,HST,8,67.5,228,253,9.7,3.03,6,14,5.4,54.2,137,0,126,11.0,277,17,78,13,38.8,60.9,60.8,58.4,3,6,283,2,15.1,78.2,6.9,19,5,3,13,9,15,5.3,1760,7.0,2013
T.J. Yates,6304,QB,HST,2,80.0,20,22,4.6,2.83,0,0,0.0,68.2,15,0,9,6.3,24,1,7,13,76.9,34.0,34.7,59.3,0,2,27,0,22.2,42.4,8.3,2,0,0,2,0,2,7.4,113,5.1,2013
Ryan Fitzpatrick,2467,QB,HST,12,72.4,294,312,9.0,2.68,7,15,4.5,63.1,197,0,141,7.5,365,16,129,13,60.6,74.4,75.6,55.8,6,8,391,4,14.9,95.3,5.8,21,32,1,4,17,11,2.8,2483,8.0,2014
Case Keenum,7323,QB,HST,2,70.4,71,77,6.7,2.35,2,3,3.7,58.4,45,0,21,10.0,85,5,25,13,84.7,54.7,55.8,51.1,2,2,91,0,14.3,72.2,3.5,3,5,0,2,2,4,4.4,435,5.6,2014
Ryan Mallett,6226,QB,HST,2,62.5,72,75,8.9,2.25,1,4,5.1,54.7,41,0,16,8.9,76,4,23,13,84.0,50.2,50.5,54.1,0,2,80,0,6.3,67.6,1.3,1,0,2,0,2,3,3.8,400,5.3,2014
Tom Savage,8770,QB,HST,1,66.7,18,19,11.0,2.38,0,2,9.1,52.6,10,0,9,16.7,21,2,6,13,19.3,52.1,61.6,30.6,1,1,24,0,22.2,51.9,9.5,2,0,0,0,0,2,8.3,127,6.7,2014
Arian Foster,5398,HB,HST,1,100.0,1,1,10.0,3.5,0,0,0.0,100.0,1,0,1,0.0,1,0,1,13,75.4,71.7,68.5,71.3,0,0,1,0,0.0,127.1,0.0,0,0,0,0,1,0,0.0,5,5.0,2014
Shane Lechler,673,P,HST,1,100.0,1,1,0.0,1.9,0,0,0.0,100.0,1,0,0,0.0,1,0,1,13,60.4,73.9,66.4,,0,0,1,0,,108.3,0.0,0,0,0,0,0,0,0.0,10,10.0,2014
Brian Hoyer,5277,QB,HST,12,68.9,386,403,9.9,2.51,5,8,1.9,59.3,239,0,130,10.2,435,27,145,13,58.9,61.5,59.2,82.7,3,11,457,2,21.5,84.2,6.4,28,4,0,9,19,19,4.2,2742,6.8,2015
Brandon Weeden,7028,QB,HST,6,74.8,135,140,8.0,2.64,2,4,2.6,69.3,97,0,39,4.0,159,4,57,13,51.0,67.7,66.4,61.4,0,2,173,0,25.6,96.8,6.3,10,9,1,2,5,8,4.6,1043,7.5,2015
T.J. Yates,6304,QB,HST,4,60.8,51,57,11.1,2.69,1,4,6.6,49.1,28,0,25,9.7,63,3,19,13,83.0,63.4,61.4,66.9,2,1,69,0,20.0,80.3,7.9,5,1,0,3,3,1,1.4,370,6.5,2015
B.J. Daniels,8020,WR,HST,1,50.0,2,2,15.0,2.0,0,0,0.0,50.0,1,0,1,0.0,2,0,0,13,77.2,64.1,62.1,57.6,0,0,3,0,0.0,58.3,0.0,0,0,0,0,0,0,0.0,7,3.5,2015
Cecil Shorts,6266,WR,HST,1,100.0,1,1,18.0,3.1,0,0,0.0,100.0,1,0,0,0.0,1,0,1,13,30.5,60.4,68.5,43.5,0,0,1,1,,158.3,0.0,0,0,0,0,1,0,0.0,21,21.0,2015
Jonathan Grimes,7585,HB,HST,1,0.0,1,1,7.0,2.6,0,0,0.0,0.0,0,0,1,,1,0,0,13,85.8,63.0,69.4,53.4,0,0,1,0,0.0,39.6,0.0,0,0,0,0,0,0,0.0,0,0.0,2015
Brock Osweiler,7059,QB,HST,17,68.9,533,575,9.2,2.63,12,19,3.1,58.8,338,0,233,7.9,625,29,182,13,59.3,51.7,49.8,70.0,7,19,659,4,12.9,71.2,4.8,30,20,3,20,17,34,5.2,3322,5.8,2016
Tom Savage,8770,QB,HST,3,71.0,69,73,8.8,2.69,0,2,2.4,63.0,46,0,32,6.1,80,3,21,13,53.7,64.8,62.2,70.9,0,0,92,0,15.6,80.9,6.3,5,2,0,4,0,3,3.3,461,6.3,2016
Tom Savage,8770,QB,HST,8,67.8,202,223,10.2,2.56,9,13,5.3,56.1,125,0,115,8.8,246,12,67,13,62.8,58.6,58.4,55.3,4,6,268,2,18.3,71.4,8.5,21,2,1,7,5,14,5.2,1412,6.3,2017
Deshaun Watson,11767,QB,HST,7,65.6,195,204,11.5,3.09,2,17,7.5,61.8,126,0,115,1.6,241,2,92,13,51.6,68.1,64.1,74.9,1,8,267,1,16.5,103.0,7.9,19,18,2,4,19,12,4.5,1699,8.3,2017
T.J. Yates,6304,QB,HST,4,64.3,84,97,11.0,2.7,2,5,4.8,48.5,47,0,49,13.0,115,7,31,13,23.9,48.7,45.3,77.3,5,3,123,0,26.5,65.8,11.3,13,5,0,6,4,8,6.5,523,5.4,2017
Taylor Heinicke,9896,QB,HST,1,100.0,1,1,6.0,3.17,0,0,0.0,100.0,1,0,2,0.0,3,0,1,13,65.5,65.1,68.2,58.3,0,0,3,0,50.0,108.3,33.3,1,1,0,0,0,0,0.0,10,10.0,2017
Deshaun Watson,11767,QB,HST,17,75.3,514,554,8.9,3.06,6,22,3.7,67.5,374,0,296,3.4,685,13,238,13,43.4,80.9,77.9,75.6,8,10,732,3,21.6,100.2,9.3,64,65,6,20,27,21,2.9,4400,7.9,2018
DeAndre Hopkins,7808,WR,HST,1,0.0,1,1,16.0,2.4,0,0,0.0,0.0,0,1,0,,1,0,0,13,42.1,92.0,48.9,59.2,0,0,1,3,,39.6,0.0,0,0,0,0,0,0,0.0,0,0.0,2018
Deshaun Watson,11767,QB,HST,17,76.4,543,572,9.1,3.03,3,35,5.8,67.1,384,0,267,7.5,691,31,243,13,37.4,82.7,78.0,79.7,3,12,733,1,20.6,98.9,8.0,55,60,3,20,29,27,3.7,4487,7.8,2019
A.J. McCarron,8799,QB,HST,2,65.6,32,37,8.4,3.28,0,0,0.0,56.8,21,0,17,0.0,47,0,14,13,80.0,58.8,54.9,69.8,0,1,47,0,29.4,63.5,10.6,5,5,0,5,0,0,0.0,225,6.1,2019
DeAndre Hopkins,7808,WR,HST,2,50.0,2,2,6.5,3.0,0,0,0.0,50.0,1,1,1,0.0,2,0,1,13,62.9,87.8,29.8,62.4,0,1,2,3,0.0,56.3,0.0,0,0,0,0,1,1,50.0,6,3.0,2019
Deshaun Watson,11767,QB,HST,16,78.4,515,544,9.4,2.98,7,42,7.4,70.2,382,0,236,5.4,656,22,246,13,68.9,92.4,91.1,81.4,1,7,687,3,20.8,112.4,7.5,49,62,2,19,33,14,2.0,4823,8.9,2020
A.J. McCarron,8799,QB,HST,2,100.0,1,1,18.0,2.9,0,0,0.0,100.0,1,0,1,0.0,2,0,1,13,63.6,64.1,63.3,,0,0,2,0,100.0,118.8,50.0,1,0,0,0,0,0,0.0,20,20.0,2020
Randall Cobb,6216,WR,HST,1,0.0,1,1,16.0,2.7,0,0,0.0,0.0,0,0,0,,1,0,0,13,77.9,71.6,46.4,,0,0,1,0,,39.6,0.0,0,0,0,0,0,0,0.0,0,0.0,2020
Davis Mills,52269,QB,HST,13,74.6,366,394,7.8,2.57,9,16,3.8,66.8,263,0,133,3.7,435,10,120,13,48.0,58.5,59.0,48.4,5,10,469,3,23.3,88.8,7.1,31,10,2,12,16,20,4.3,2664,6.8,2021
Tyrod Taylor,6332,QB,HST,6,69.6,138,150,7.6,2.82,4,4,2.5,60.7,91,0,77,5.2,178,5,51,13,70.7,59.2,55.2,73.1,2,5,188,0,16.9,76.7,7.3,13,15,1,5,5,5,2.7,966,6.4,2021
Danny Amendola,4717,WR,HST,1,0.0,1,1,15.0,2.8,0,0,0.0,0.0,0,0,0,,1,0,0,13,26.9,63.1,32.4,,0,0,1,1,,39.6,0.0,0,0,0,0,0,1,100.0,0,0.0,2021
Rex Burkhead,7971,HB,HST,1,,0,1,,4.5,0,0,0.0,0.0,0,0,1,,1,0,0,13,72.3,65.4,60.0,60.6,0,0,1,0,0.0,39.6,0.0,0,0,0,1,0,0,0.0,0,0.0,2021
Davis Mills,52269,QB,HST,15,69.9,439,479,8.4,2.66,11,21,4.1,61.0,292,0,213,4.9,529,15,142,13,60.6,61.9,63.6,43.2,11,15,562,4,14.6,78.8,5.9,31,17,1,17,17,15,2.7,3118,6.5,2022
Kyle Allen,26152,QB,HST,2,67.1,73,77,7.3,2.6,2,1,1.2,58.4,45,0,26,8.2,84,4,19,13,23.7,27.0,29.1,29.3,0,4,89,0,19.2,60.3,6.0,5,2,0,2,2,7,7.9,416,5.4,2022
Jeff Driskel,10841,QB,HST,6,93.8,16,20,2.5,2.6,3,0,0.0,70.0,14,0,7,6.7,24,1,7,13,80.7,68.0,62.0,69.9,0,0,24,0,28.6,99.6,8.3,2,2,0,1,1,0,0.0,108,5.4,2022
Phillip Dorsett,9462,WR,HST,1,,0,1,,5.3,0,0,0.0,0.0,0,2,1,,1,0,0,13,74.9,55.7,60.0,,0,0,1,3,0.0,39.6,0.0,0,0,0,1,0,0,0.0,0,0.0,2022
Rex Burkhead,7971,HB,HST,1,,0,1,,3.1,0,0,0.0,0.0,0,0,1,,1,0,0,13,82.5,59.1,60.0,57.2,0,0,1,0,0.0,39.6,0.0,0,0,0,1,0,0,0.0,0,0.0,2022
C.J. Stroud,129759,QB,HST,17,74.2,512,553,9.3,2.93,9,26,4.4,64.0,354,0,219,6.8,618,26,215,13,52.1,83.2,80.4,73.4,3,5,653,4,17.4,101.7,6.1,38,25,6,23,26,18,2.8,4557,8.2,2023
Case Keenum,7323,QB,HST,2,68.6,51,53,7.9,2.73,0,0,0.0,64.2,34,0,19,2.9,59,1,14,13,82.5,44.8,45.6,54.0,0,3,68,1,31.6,61.1,10.2,6,0,0,2,1,4,5.9,291,5.5,2023
Davis Mills,52269,QB,HST,6,60.5,38,40,7.9,2.67,1,0,0.0,47.5,19,0,17,17.4,43,4,12,13,80.5,48.3,46.3,68.2,0,0,45,0,11.8,77.0,4.7,2,1,0,1,2,4,8.9,179,4.5,2023
Devin Singletary,40485,HB,HST,1,100.0,1,1,12.0,2.7,0,0,0.0,100.0,1,0,1,0.0,1,0,1,13,85.0,75.1,69.5,78.1,0,0,1,0,0.0,131.3,0.0,0,0,0,0,1,0,0.0,6,6.0,2023
C.J. Stroud,129759,QB,HST,10,71.3,307,329,8.4,3.0,2,17,4.8,62.9,207,0,152,5.5,388,12,130,13,65.8,73.5,72.4,63.3,6,6,412,2,22.4,89.1,8.8,34,24,1,13,12,10,2.4,2371,7.2,2024
Davis Mills,52269,QB,HST,2,66.7,12,13,8.0,2.29,1,0,0.0,53.8,7,0,3,12.5,14,1,4,13,73.2,63.2,62.7,,0,0,14,0,33.3,72.3,7.1,1,0,0,0,0,0,0.0,79,6.1,2024
Stefon Diggs,9579,WR,HST,2,100.0,1,1,-4.0,4.15,0,0,0.0,100.0,1,0,0,0.0,2,0,2,13,79.7,79.0,60.4,64.9,0,0,2,2,,118.8,0.0,0,1,0,0,0,0,0.0,13,13.0,2024
Joe Mixon,11803,HB,HST,1,0.0,1,1,18.0,2.8,0,0,0.0,0.0,0,0,0,,1,0,0,13,90.3,76.4,54.9,73.6,0,0,1,0,,39.6,0.0,0,0,0,0,0,0,0.0,0,0.0,2024
Peyton Manning,327,QB,IND,20,73.8,676,710,10.4,2.61,8,48,6.5,64.6,459,0,209,8.0,738,40,299,14,92.5,92.5,92.0,50.0,1,16,767,1,9.6,94.4,2.7,20,7,5,20,34,21,2.7,5435,7.7,2006
Peyton Manning,327,QB,IND,17,75.8,533,562,9.6,2.58,11,44,7.5,65.7,369,0,188,8.7,585,35,229,14,69.4,94.4,94.2,33.4,4,16,607,2,11.2,98.0,3.6,21,2,0,14,34,21,3.5,4442,7.9,2007
Jim Sorgi,1910,QB,IND,4,62.5,32,36,5.3,2.42,1,0,0.0,50.0,18,0,21,10.0,38,2,7,14,80.2,50.8,53.2,49.5,2,0,40,0,9.5,68.3,5.3,2,0,0,1,1,1,2.5,132,3.7,2007
Peyton Manning,327,QB,IND,17,76.9,566,597,9.0,0.0,12,34,5.5,66.3,396,0,183,9.0,616,39,223,14,90.8,90.2,90.6,31.1,4,12,641,4,8.2,94.7,2.4,15,4,2,13,28,11,1.7,4312,7.2,2008
Jim Sorgi,1910,QB,IND,1,79.3,29,30,4.9,0.0,0,0,0.0,73.3,22,0,4,4.3,31,1,11,14,78.5,65.8,68.6,52.1,0,0,31,0,0.0,87.9,0.0,0,1,0,1,0,0,0.0,178,5.9,2008
Peyton Manning,327,QB,IND,19,75.3,679,699,9.1,0.0,9,40,5.5,68.7,480,0,160,6.1,715,31,288,14,91.3,88.5,89.6,29.7,3,18,748,5,8.8,99.8,2.0,14,2,0,8,39,17,2.3,5470,7.8,2009
Curtis Painter,5125,QB,IND,2,38.5,26,28,10.5,0.0,0,0,0.0,28.6,8,0,11,20.0,33,2,3,14,32.7,37.0,41.1,45.3,0,2,33,0,27.3,9.8,9.1,3,2,0,2,0,2,6.1,83,3.0,2009
Joseph Addai,2975,HB,IND,1,100.0,1,1,29.0,0.0,0,0,0.0,100.0,1,0,0,0.0,1,0,1,14,72.7,65.2,72.3,58.2,0,0,1,0,,158.3,0.0,0,0,0,0,1,0,0.0,22,22.0,2009
Reggie Wayne,800,WR,IND,1,0.0,1,1,16.0,0.0,0,0,0.0,0.0,0,1,0,,1,0,0,14,68.3,86.2,39.1,,0,1,1,4,,0.0,0.0,0,0,0,0,0,1,100.0,0,0.0,2009
Peyton Manning,327,QB,IND,17,74.8,690,705,8.9,0.0,6,35,4.8,66.4,468,0,185,9.3,723,48,266,14,91.2,90.2,89.5,41.2,4,17,746,3,9.2,92.5,2.4,17,1,0,5,34,20,2.7,4925,7.0,2010
Curtis Painter,5125,QB,IND,9,64.3,224,243,8.4,2.42,5,12,4.8,54.3,132,1,69,8.3,268,12,76,14,51.6,41.4,44.1,49.3,6,9,277,5,23.2,66.6,6.0,16,9,0,8,6,16,5.8,1541,6.3,2011
Dan Orlovsky,2362,QB,IND,8,72.5,178,193,8.4,2.47,4,11,5.5,63.2,122,0,61,5.4,209,7,71,14,39.2,57.1,58.0,43.0,2,4,215,1,23.0,82.4,6.7,14,2,3,6,6,12,5.6,1201,6.2,2011
Kerry Collins,115,QB,IND,3,60.2,88,98,9.2,2.44,1,1,1.0,49.0,48,0,41,9.4,103,5,29,14,22.7,44.0,48.6,29.4,3,1,105,2,12.2,65.9,4.9,5,0,2,4,2,3,2.9,481,4.9,2011
Andrew Luck,7007,QB,IND,17,67.4,628,681,10.7,2.8,16,51,7.0,53.9,367,0,289,13.2,764,56,245,14,81.0,66.7,64.7,69.3,14,19,813,5,15.2,75.1,5.8,44,39,8,15,23,43,5.3,4662,6.8,2012
T.Y. Hilton,7092,WR,IND,1,,0,1,,5.7,1,0,0.0,0.0,0,1,0,,1,0,0,14,81.1,65.5,60.0,58.4,0,0,1,1,,39.6,0.0,0,0,0,0,0,0,0.0,0,0.0,2012
Andrew Luck,7007,QB,IND,18,70.4,614,656,8.9,2.81,14,38,5.4,59.8,392,0,275,9.3,739,40,241,14,79.8,77.5,73.6,76.8,12,16,784,0,13.1,85.6,4.9,36,47,0,16,29,30,3.8,4596,7.0,2013
Matt Hasselbeck,408,QB,IND,3,58.3,12,12,8.3,2.02,0,0,0.0,58.3,7,0,0,0.0,12,0,6,14,73.5,40.2,44.3,58.0,0,1,12,1,,61.1,0.0,0,0,0,0,0,1,8.3,130,10.8,2013
Andrew Luck,7007,QB,IND,19,72.9,682,736,9.2,2.86,15,46,5.9,61.1,450,1,298,9.5,807,47,290,14,64.1,79.1,77.1,68.2,13,20,855,4,9.4,92.5,3.5,28,43,0,26,43,38,4.4,5529,7.5,2014
Matt Hasselbeck,408,QB,IND,3,72.7,44,44,7.6,2.18,0,1,2.1,68.2,30,1,8,6.3,46,2,17,14,81.6,67.2,67.2,57.1,0,0,50,1,25.0,102.6,4.3,2,0,0,0,2,1,2.0,301,6.8,2014
Pat McAfee,5146,P,IND,1,100.0,1,1,17.0,1.4,0,0,0.0,0.0,0,0,0,100.0,1,1,0,14,60.4,73.0,68.7,,0,0,1,0,,39.6,0.0,0,0,0,0,0,0,0.0,0,0.0,2014
Andrew Luck,7007,QB,IND,7,65.0,266,293,10.2,2.86,8,12,3.9,55.3,162,0,134,6.4,333,11,103,14,71.8,48.9,47.9,60.1,6,12,353,1,11.2,74.9,4.5,15,25,2,11,15,25,7.1,1881,6.4,2015
Matt Hasselbeck,408,QB,IND,8,71.0,238,256,7.9,2.47,8,6,2.2,60.9,156,0,88,7.7,278,13,87,14,80.7,65.3,66.4,55.1,2,5,297,5,18.2,84.0,5.8,16,6,0,8,9,9,3.0,1690,6.6,2015
Charlie Whitehurst,3026,QB,IND,4,58.6,29,32,8.6,2.71,0,0,0.0,50.0,16,0,17,5.9,37,1,9,14,79.2,44.7,45.1,57.6,1,1,38,0,29.4,50.3,13.5,5,0,0,2,0,3,7.9,150,4.7,2015
Josh Freeman,4940,QB,IND,1,66.7,27,28,7.2,2.62,0,1,3.6,53.6,15,0,10,16.7,32,3,8,14,78.9,64.9,62.1,65.5,1,1,32,0,10.0,65.9,3.1,1,3,0,0,1,0,0.0,149,5.3,2015
Ryan Lindley,7174,QB,IND,1,60.0,10,10,11.1,2.44,0,0,0.0,60.0,6,0,5,0.0,10,0,4,14,71.4,59.9,59.8,,0,0,10,0,0.0,109.6,0.0,0,0,0,0,1,0,0.0,58,5.8,2015
Andrew Luck,7007,QB,IND,15,74.6,500,545,9.0,2.86,17,30,5.1,63.5,346,0,279,7.2,628,27,223,14,80.2,90.4,90.3,60.3,12,13,677,5,14.7,96.4,6.5,41,41,3,13,31,15,2.2,4240,7.8,2016
Scott Tolzien,6749,QB,IND,2,72.2,36,37,10.7,2.57,0,2,5.1,62.2,23,0,18,11.5,42,3,13,14,80.2,61.1,63.4,48.6,1,2,44,0,16.7,64.7,7.1,3,2,0,0,1,5,11.4,216,5.8,2016
Pat McAfee,5146,P,IND,1,100.0,1,1,17.0,2.8,0,0,0.0,100.0,1,0,0,0.0,1,0,1,14,64.5,69.2,68.8,56.0,0,0,1,0,,118.8,0.0,0,0,0,0,0,0,0.0,35,35.0,2016
Jacoby Brissett,10725,QB,IND,16,73.1,420,469,7.9,2.96,7,15,3.0,58.8,276,0,225,10.1,561,31,154,14,60.4,62.4,62.6,52.3,12,7,591,2,23.1,81.7,9.3,52,40,3,27,13,16,2.7,3098,6.6,2017
Scott Tolzien,6749,QB,IND,1,52.9,17,18,9.6,2.56,1,0,0.0,50.0,9,0,11,0.0,23,0,5,14,76.2,25.3,25.6,57.9,0,2,24,0,36.4,33.8,17.4,4,1,0,0,0,4,16.7,128,7.1,2017
Andrew Luck,7007,QB,IND,18,75.3,669,707,8.3,2.57,18,41,5.5,66.2,468,0,222,7.1,757,36,267,14,90.2,91.2,89.5,76.7,6,16,806,3,9.5,97.2,2.8,21,28,2,12,42,23,2.9,5018,7.1,2018
Jacoby Brissett,10725,QB,IND,3,75.0,4,4,22.8,3.1,0,0,0.0,50.0,2,0,2,33.3,4,1,1,14,73.2,57.8,54.8,61.9,0,0,4,0,0.0,56.3,0.0,0,0,0,0,0,0,0.0,2,0.5,2018
Eric Ebron,8645,TE,IND,1,0.0,1,1,6.0,2.8,0,0,0.0,0.0,0,1,0,,1,0,0,14,50.9,66.2,54.8,34.6,0,0,1,6,,39.6,0.0,0,0,0,0,0,0,0.0,0,0.0,2018
Jacoby Brissett,10725,QB,IND,15,73.3,408,446,8.3,2.94,7,11,2.3,61.0,272,1,194,9.0,506,27,153,14,55.6,59.2,58.0,59.3,6,6,545,5,13.9,88.2,5.3,27,33,3,22,18,15,2.8,2942,6.6,2019
Brian Hoyer,5277,QB,IND,2,65.1,63,65,9.3,2.61,0,5,7.4,53.8,35,0,31,14.6,72,6,22,14,83.5,69.4,70.3,49.9,1,4,75,0,16.1,65.7,6.9,5,2,0,1,4,2,2.7,372,5.7,2019
Zach Pascal,12303,WR,IND,1,0.0,1,1,21.0,3.2,0,0,0.0,0.0,0,1,0,,1,0,0,14,81.4,73.7,52.3,58.5,0,0,1,2,,39.6,0.0,0,0,0,0,0,0,0.0,0,0.0,2019
Philip Rivers,1725,QB,IND,17,77.0,551,590,7.7,2.38,12,29,4.6,67.3,397,1,143,6.4,610,27,217,14,90.8,79.4,77.8,59.6,5,11,647,5,13.3,96.7,3.1,19,1,3,19,26,22,3.4,4478,7.6,2020
Jacoby Brissett,10725,QB,IND,5,42.9,7,8,9.1,3.37,0,0,0.0,25.0,2,0,5,33.3,11,1,2,14,78.3,73.7,52.5,85.6,0,0,11,2,40.0,39.6,18.2,2,1,0,1,0,0,0.0,17,2.1,2020
Zach Pascal,12303,WR,IND,1,0.0,1,1,13.0,3.0,0,0,0.0,0.0,0,1,0,,1,0,0,14,79.8,62.9,48.9,,0,0,1,4,,39.6,0.0,0,0,0,0,0,0,0.0,0,0.0,2020
Carson Wentz,10636,QB,IND,17,72.3,477,516,8.4,2.78,7,22,4.0,62.4,322,0,211,6.7,575,23,173,14,46.4,70.9,67.9,73.6,13,7,622,4,15.2,94.6,5.6,32,27,0,19,27,18,2.9,3563,6.9,2021
Matt Ryan,4317,QB,IND,12,78.6,416,461,6.5,2.58,9,6,1.2,67.0,309,0,171,5.5,509,18,160,14,26.9,63.8,63.0,60.3,5,13,535,3,22.2,83.9,7.5,38,10,1,30,14,23,4.3,3057,6.6,2022
Sam Ehlinger,60555,QB,IND,4,71.1,97,101,7.8,3.02,2,3,2.9,63.4,64,0,48,7.2,125,5,31,14,63.5,57.2,56.6,58.0,0,3,132,0,29.2,76.1,11.2,14,10,0,2,3,4,3.0,573,5.7,2022
Nick Foles,7089,QB,IND,2,65.9,41,42,8.4,2.75,0,0,0.0,59.5,25,0,18,7.4,51,2,9,14,80.9,34.0,35.3,53.6,0,4,53,0,44.4,34.3,15.7,8,1,0,1,0,5,9.4,224,5.3,2022
Gardner Minshew,41401,QB,IND,16,74.2,446,490,7.8,2.67,14,14,2.7,62.2,305,0,190,7.9,546,26,153,14,42.5,62.0,60.6,59.6,4,9,580,4,17.9,84.6,6.2,34,21,0,26,15,22,3.8,3305,6.7,2023
Anthony Richardson,124393,QB,IND,4,71.1,76,84,8.0,2.86,3,3,3.3,59.5,50,0,31,7.4,98,4,33,14,23.6,52.2,56.5,45.3,2,1,107,1,22.6,87.3,7.1,7,7,0,3,3,4,3.7,577,6.9,2023
Joe Flacco,4332,QB,IND,5,72.7,161,170,8.8,2.6,2,4,2.2,66.5,113,1,52,3.4,187,4,61,14,90.0,65.5,64.7,58.6,1,5,202,2,25.0,91.5,7.0,13,3,0,6,9,9,4.5,1167,6.9,2024
Anthony Richardson,124393,QB,IND,6,55.9,118,133,13.3,3.02,1,10,7.2,44.4,59,1,55,10.6,155,7,42,14,24.9,48.7,49.5,53.0,9,7,161,2,16.4,57.2,5.8,9,13,2,3,4,8,5.0,958,7.2,2024
Adonai Mitchell,146712,WR,IND,1,100.0,1,1,-6.0,3.5,0,0,0.0,100.0,1,0,0,0.0,1,0,1,14,25.0,59.2,60.0,59.5,0,0,1,1,,118.8,0.0,0,0,0,0,0,0,0.0,24,24.0,2024
David Garrard,1109,QB,JAX,10,70.2,225,241,10.6,3.2,8,5,2.0,60.2,145,0,111,8.2,288,13,94,15,68.4,65.3,64.4,59.9,4,9,299,1,18.0,80.5,6.9,20,27,0,4,10,12,4.0,1735,7.2,2006
Byron Leftwich,1323,QB,JAX,6,71.7,166,183,8.2,2.61,8,2,1.0,59.0,108,0,62,9.2,201,11,58,15,63.4,53.1,57.9,34.3,3,5,209,3,14.5,79.0,4.5,9,8,0,6,7,8,3.8,1159,6.3,2006
Quinn Gray,1247,QB,JAX,1,77.8,18,22,10.2,2.98,2,0,0.0,59.1,13,0,12,7.1,25,1,10,15,25.6,65.8,70.2,54.2,0,0,27,1,8.3,82.8,4.0,1,2,0,2,0,1,3.7,166,7.5,2006
David Garrard,1109,QB,JAX,14,74.4,351,379,9.8,2.99,11,14,3.6,63.1,239,0,158,8.4,429,22,156,15,73.0,80.9,79.7,68.0,5,6,448,3,16.5,98.7,6.1,26,24,1,11,21,14,3.1,2927,7.7,2007
Quinn Gray,1247,QB,JAX,7,63.0,138,144,11.1,2.62,2,4,2.7,55.6,80,0,39,8.0,159,7,57,15,69.8,51.1,51.1,58.0,2,5,165,2,25.6,85.6,6.3,10,5,0,2,10,11,6.7,987,6.9,2007
David Garrard,1109,QB,JAX,16,76.9,498,535,8.9,0.0,8,21,3.7,62.6,335,0,208,12.5,616,48,197,15,62.7,76.3,77.1,54.6,9,13,647,3,20.2,81.7,6.8,42,39,2,18,15,16,2.5,3628,6.8,2008
Cleo Lemon,1271,QB,JAX,1,100.0,1,2,5.0,0.0,0,0,0.0,0.0,0,0,1,100.0,2,1,0,15,67.8,45.9,51.1,53.6,0,0,2,0,0.0,39.6,0.0,0,0,0,1,0,0,0.0,0,0.0,2008
David Garrard,1109,QB,JAX,16,71.6,462,516,8.9,0.0,13,25,4.7,60.9,314,0,206,5.1,593,17,184,15,44.2,68.1,71.0,44.8,18,10,615,3,20.4,83.5,7.1,42,35,3,20,15,23,3.7,3597,7.0,2009
Luke McCown,1827,QB,JAX,2,33.3,3,3,6.3,0.0,0,0,0.0,33.3,1,0,2,0.0,5,0,0,15,68.9,49.4,49.9,,0,0,6,0,100.0,42.4,40.0,2,0,0,0,0,0,0.0,2,0.7,2009
David Garrard,1109,QB,JAX,14,74.6,339,366,9.2,0.0,6,25,6.5,64.5,236,0,159,6.7,421,17,140,15,60.3,75.1,77.6,50.2,5,15,442,2,20.1,90.8,7.6,32,23,1,15,23,18,4.1,2734,7.5,2010
Trent Edwards,3708,QB,JAX,4,72.7,88,101,5.8,0.0,3,2,1.9,54.5,55,0,53,14.1,122,9,28,15,87.0,51.4,55.3,42.2,3,5,129,1,20.8,54.9,9.0,11,10,0,7,2,4,3.1,521,5.2,2010
Todd Bouman,299,QB,JAX,1,64.5,31,34,8.3,0.0,0,3,8.1,52.9,18,0,12,10.0,36,2,12,15,79.1,49.6,51.0,52.9,0,2,39,0,8.3,68.5,2.8,1,1,0,3,2,4,10.3,222,6.5,2010
Luke McCown,1827,QB,JAX,1,66.7,18,19,10.6,0.0,1,0,0.0,57.9,11,0,1,8.3,20,1,6,15,75.4,38.5,41.4,55.7,0,0,21,0,0.0,76.6,0.0,0,1,0,0,0,1,4.8,120,6.3,2010
Maurice Jones-Drew,3005,HB,JAX,1,0.0,1,1,21.0,0.0,0,0,0.0,0.0,0,0,1,,1,0,0,15,68.8,72.1,42.6,68.5,0,1,1,0,0.0,0.0,0.0,0,0,0,0,0,1,100.0,0,0.0,2010
Blaine Gabbert,6162,QB,JAX,15,62.2,381,413,8.1,2.72,11,13,3.0,50.8,210,0,153,11.4,475,27,114,15,26.3,31.2,37.4,26.7,2,11,499,3,26.1,65.4,8.4,40,22,1,18,12,21,4.2,2214,5.4,2011
Luke McCown,1827,QB,JAX,4,64.0,50,56,6.9,2.52,2,4,6.9,53.6,30,0,23,6.3,63,2,15,15,42.9,38.3,42.5,36.8,1,4,65,0,17.4,39.0,6.3,4,3,0,3,0,6,9.2,296,5.3,2011
Chad Henne,4371,QB,JAX,10,66.8,283,308,9.4,2.51,10,15,4.5,53.9,166,0,131,12.2,348,23,90,15,62.1,53.1,56.9,28.6,7,11,372,1,21.4,72.2,8.0,28,12,3,5,11,12,3.2,2084,6.8,2012
Blaine Gabbert,6162,QB,JAX,10,70.5,268,278,8.1,2.56,3,11,3.7,58.3,162,0,101,14.3,309,27,73,15,74.2,58.3,60.0,41.6,3,6,335,1,21.8,77.4,7.1,22,9,0,4,9,9,2.7,1662,6.0,2012
Chad Henne,4371,QB,JAX,15,72.7,461,503,7.1,2.43,20,10,1.9,60.6,305,0,195,9.0,551,30,154,15,84.1,58.7,60.6,39.6,5,14,577,7,19.0,76.5,6.7,37,11,1,16,13,24,4.2,3241,6.4,2013
Blaine Gabbert,6162,QB,JAX,3,63.6,77,86,7.3,2.75,2,4,4.4,48.8,42,0,43,14.3,105,7,23,15,38.5,38.6,42.6,41.5,0,7,109,1,27.9,36.0,11.4,12,7,0,7,1,7,6.4,481,5.6,2013
Maurice Jones-Drew,3005,HB,JAX,1,100.0,1,1,11.0,3.1,0,0,0.0,100.0,1,0,0,0.0,1,0,1,15,84.7,73.0,69.8,66.3,0,0,1,0,,139.6,0.0,0,0,0,0,1,0,0.0,8,8.0,2013
Ace Sanders,7883,WR,JAX,1,100.0,1,1,22.0,3.2,0,1,100.0,100.0,1,1,0,0.0,1,0,1,15,87.5,61.9,80.9,59.1,0,0,1,2,,158.3,0.0,0,0,0,0,1,0,0.0,21,21.0,2013
Denard Robinson,7917,HB,JAX,1,0.0,1,1,35.0,3.2,0,0,0.0,0.0,0,0,0,,1,0,0,15,16.4,29.5,59.2,31.0,0,0,1,0,,39.6,0.0,0,0,0,0,0,0,0.0,0,0.0,2013
Blake Bortles,8638,QB,JAX,14,70.0,444,475,7.4,2.59,16,12,2.4,58.9,280,0,187,10.0,550,31,143,15,62.0,46.7,45.4,65.6,5,17,587,6,29.4,69.5,10.0,55,20,1,9,11,25,4.3,2908,6.1,2014
Chad Henne,4371,QB,JAX,3,66.2,71,78,8.9,2.53,4,4,5.0,53.8,42,0,44,10.6,97,5,20,15,85.0,46.8,46.6,59.8,2,1,101,0,36.4,80.7,16.5,16,2,0,1,3,4,4.0,492,6.3,2014
Cecil Shorts,6266,WR,JAX,2,100.0,2,2,12.0,3.35,0,0,0.0,100.0,2,2,0,0.0,2,0,2,15,25.5,62.4,62.6,,0,0,2,4,,158.3,0.0,0,0,0,0,1,0,0.0,32,16.0,2014
Denard Robinson,7917,HB,JAX,1,,0,1,,3.1,1,0,0.0,0.0,0,0,1,,1,0,0,15,56.8,55.9,60.0,55.5,0,0,1,0,0.0,39.6,0.0,0,0,0,0,0,1,100.0,0,0.0,2014
Bryan Anger,7072,P,JAX,1,100.0,1,1,-5.0,1.6,0,0,0.0,100.0,1,0,0,0.0,1,0,1,15,60.4,60.8,60.3,,0,0,1,0,,118.8,0.0,0,0,0,0,0,0,0.0,19,19.0,2014
Blake Bortles,8638,QB,JAX,16,70.0,557,606,10.0,2.72,20,27,4.2,58.6,355,0,244,9.0,685,35,230,15,54.0,65.2,62.8,75.5,4,18,724,4,20.9,88.2,7.4,51,28,3,22,35,38,5.2,4428,7.3,2015
Bryan Walters,6139,WR,JAX,1,0.0,1,1,28.0,3.9,0,0,0.0,0.0,0,0,0,,1,0,0,15,82.9,75.2,52.2,,0,0,1,0,,39.6,0.0,0,0,0,0,0,0,0.0,0,0.0,2015
Blake Bortles,8638,QB,JAX,16,69.7,578,625,8.7,2.6,20,17,2.5,58.9,368,1,228,8.7,698,35,223,15,56.4,56.9,55.4,64.7,9,16,745,8,14.9,78.8,4.9,34,36,0,18,23,26,3.5,3905,6.2,2016
Marqise Lee,8674,WR,JAX,1,100.0,1,1,15.0,3.4,0,0,0.0,100.0,1,0,0,0.0,1,0,1,15,85.8,71.9,69.5,56.9,0,0,1,1,,158.3,0.0,0,0,0,0,1,0,0.0,20,20.0,2016
Blake Bortles,8638,QB,JAX,19,72.1,549,608,8.3,2.74,15,31,4.8,59.9,364,0,239,8.1,671,32,240,15,36.9,69.4,66.7,71.2,16,13,706,4,12.1,85.6,4.3,29,34,2,26,24,27,3.8,4281,7.0,2017
Chad Henne,4371,QB,JAX,1,0.0,1,2,4.0,3.0,0,0,0.0,0.0,0,0,1,,2,0,0,15,71.0,45.0,40.6,61.3,1,0,2,0,0.0,39.6,0.0,0,0,0,0,0,1,50.0,0,0.0,2017
Marqise Lee,8674,WR,JAX,1,0.0,1,1,31.0,3.6,0,0,0.0,0.0,0,0,1,,1,0,0,15,83.6,76.0,59.7,69.1,0,0,1,5,0.0,39.6,0.0,0,0,0,0,0,0,0.0,0,0.0,2017
Brad Nortman,7192,P,JAX,1,100.0,1,1,7.0,1.7,0,0,0.0,100.0,1,0,0,0.0,1,0,1,15,63.6,70.1,67.5,,0,0,2,0,,118.8,0.0,0,0,0,0,0,0,0.0,29,29.0,2017
Blake Bortles,8638,QB,JAX,13,74.5,368,403,7.7,2.74,14,18,4.3,60.3,243,0,171,11.3,476,31,147,15,40.4,64.1,64.7,54.6,8,11,493,3,18.1,79.8,6.5,31,40,0,13,13,14,2.8,2718,6.7,2018
Cody Kessler,10727,QB,JAX,5,77.5,120,131,6.9,2.87,0,3,2.2,64.9,85,0,73,8.6,169,8,42,15,23.6,55.7,52.1,70.0,1,2,177,0,30.1,77.4,13.0,22,15,0,10,2,7,4.0,709,5.4,2018
Dede Westbrook,11865,WR,JAX,1,,0,1,,4.4,0,0,0.0,0.0,0,0,1,,1,0,0,15,43.8,71.3,60.0,84.9,0,0,1,3,0.0,39.6,0.0,0,0,0,1,0,0,0.0,0,0.0,2018
Logan Cooke,29214,P,JAX,1,100.0,1,1,-4.0,2.1,0,0,0.0,100.0,1,0,0,0.0,1,0,1,15,60.4,61.5,60.4,,0,0,1,0,,83.3,0.0,0,0,0,0,0,0,0.0,4,4.0,2018
Gardner Minshew,41401,QB,JAX,14,71.2,430,470,7.9,2.91,8,18,3.6,60.6,285,0,195,6.9,556,21,169,15,29.3,70.5,70.2,58.5,10,6,598,1,16.9,91.2,5.9,33,50,1,21,21,19,3.2,3271,7.0,2019
Nick Foles,7089,QB,JAX,4,74.1,108,117,8.5,2.51,3,6,4.8,65.8,77,0,42,3.8,128,3,32,15,39.0,65.7,64.8,60.0,0,2,137,1,19.0,84.6,6.3,8,3,0,6,3,7,5.1,736,6.3,2019
Logan Cooke,29214,P,JAX,3,100.0,2,2,3.5,2.43,0,0,0.0,100.0,2,0,1,0.0,3,0,2,15,17.3,48.1,52.1,,0,0,3,0,100.0,100.0,33.3,1,0,0,0,0,0,0.0,16,8.0,2019
Gardner Minshew,41401,QB,JAX,9,75.2,302,327,8.5,2.77,2,16,4.7,66.1,216,0,130,4.8,378,11,127,15,52.6,67.8,66.0,67.7,3,5,396,1,20.8,95.9,7.1,27,24,1,19,16,10,2.5,2259,6.9,2020
Mike Glennon,7854,QB,JAX,5,72.3,166,179,8.8,2.42,4,11,6.0,62.0,111,0,48,7.5,192,9,57,15,71.6,67.5,69.4,36.3,2,5,198,2,18.8,80.1,4.7,9,4,2,5,7,10,5.1,1072,6.0,2020
Jake Luton,17287,QB,JAX,3,69.4,98,110,8.4,2.6,4,4,3.5,54.5,60,0,42,11.8,118,8,32,15,59.9,39.8,37.7,70.8,2,6,123,0,16.7,54.5,5.9,7,1,0,6,2,9,7.3,624,5.7,2020
Trevor Lawrence,77632,QB,JAX,17,72.4,547,602,8.2,2.84,9,22,3.4,59.6,359,0,220,9.3,668,37,187,15,61.7,59.6,58.3,63.6,13,17,709,2,14.5,71.9,4.8,32,33,3,30,12,26,3.7,3641,6.0,2021
C.J. Beathard,11859,QB,JAX,1,100.0,2,2,13.0,2.6,0,1,33.3,100.0,2,0,0,0.0,2,0,1,15,67.4,95.0,95.4,60.0,0,0,3,0,,118.8,0.0,0,0,0,0,0,0,0.0,33,16.5,2021
Trevor Lawrence,77632,QB,JAX,19,76.3,624,670,7.9,2.5,17,35,5.0,65.5,439,0,210,7.8,733,37,246,15,46.0,78.6,74.1,83.9,3,13,772,6,14.8,92.2,4.2,31,27,3,23,30,23,3.0,4618,6.9,2022
C.J. Beathard,11859,QB,JAX,2,81.8,11,11,6.0,2.68,0,0,0.0,63.6,7,0,6,22.2,12,2,2,15,74.4,57.6,56.3,61.0,0,1,12,1,16.7,30.5,8.3,1,0,0,0,0,0,0.0,35,3.2,2022
Christian Kirk,47546,WR,JAX,1,0.0,1,1,-3.0,3.2,0,0,0.0,0.0,0,0,0,,1,0,0,15,85.2,72.9,60.3,51.9,0,0,1,1,,39.6,0.0,0,0,0,0,0,0,0.0,0,0.0,2022
Trevor Lawrence,77632,QB,JAX,16,74.7,530,564,8.6,2.54,14,35,5.8,65.6,370,0,190,6.6,645,26,194,15,36.5,79.7,78.6,69.9,7,14,681,8,18.4,88.5,5.4,35,41,0,13,21,26,3.8,4017,7.1,2023
C.J. Beathard,11859,QB,JAX,5,85.7,49,53,6.2,2.56,1,1,1.8,75.5,40,0,20,4.8,63,2,21,15,45.5,71.5,74.6,46.9,0,0,68,0,30.0,98.7,9.5,6,4,0,3,1,2,2.9,349,6.6,2023
Christian Kirk,47546,WR,JAX,2,50.0,2,2,12.5,3.85,0,0,0.0,50.0,1,1,0,0.0,2,0,0,15,26.7,71.1,52.1,63.3,0,0,2,1,,56.3,0.0,0,0,0,0,0,0,0.0,-1,-0.5,2023
Logan Cooke,29214,P,JAX,1,100.0,1,1,4.0,2.4,0,0,0.0,100.0,1,0,0,0.0,1,0,1,15,60.4,70.3,66.9,,0,0,1,0,,118.8,0.0,0,0,0,0,0,0,0.0,13,13.0,2023
Trevor Lawrence,77632,QB,JAX,9,71.2,260,274,9.7,2.63,2,13,4.5,61.3,168,0,89,9.2,306,17,102,15,69.9,80.3,76.9,77.8,1,6,321,1,20.2,87.9,5.9,18,12,1,10,11,11,3.4,2004,7.3,2024
Mac Jones,60323,QB,JAX,3,70.0,30,31,6.4,2.61,0,0,0.0,64.5,20,0,12,4.8,38,1,7,15,28.8,40.9,39.3,62.0,0,2,40,0,41.7,47.6,13.2,5,2,0,1,0,4,10.0,139,4.5,2024
Damon Huard,215,QB,KC,10,73.8,221,244,8.7,2.39,11,19,7.5,60.7,148,0,79,9.2,262,15,107,16,34.6,70.4,72.4,37.1,6,1,272,3,20.3,98.0,6.1,16,2,0,6,11,12,4.4,1878,7.7,2006
Trent Green,58,QB,KC,9,71.8,213,222,8.6,2.66,4,7,3.0,60.8,135,0,86,11.8,261,18,85,16,49.8,43.7,44.0,48.0,3,11,271,0,32.6,71.3,10.7,28,10,0,2,8,16,5.9,1449,6.5,2006
Brodie Croyle,3030,QB,KC,1,42.9,7,7,13.1,2.61,0,0,0.0,42.9,3,0,1,0.0,8,0,2,16,72.5,34.5,38.3,49.6,0,2,8,0,100.0,11.9,12.5,1,0,0,0,0,1,12.5,23,3.3,2006
Larry Johnson,1343,HB,KC,1,0.0,1,1,20.0,3.3,0,0,0.0,0.0,0,1,1,,1,0,0,16,86.3,57.0,58.7,57.6,0,0,1,2,0.0,39.6,0.0,0,0,0,0,0,0,0.0,0,0.0,2006
Damon Huard,215,QB,KC,11,70.3,310,332,9.1,2.5,9,14,4.0,62.0,206,0,116,5.5,371,12,111,16,88.3,68.0,68.6,38.5,1,13,388,2,31.0,76.8,9.7,36,3,1,11,11,15,3.9,2257,6.8,2007
Brodie Croyle,3030,QB,KC,9,68.6,210,224,8.2,2.68,4,7,3.0,56.7,127,0,77,11.8,246,17,60,16,28.5,50.7,52.5,49.7,1,6,258,4,22.1,69.9,6.9,17,5,1,8,6,14,5.4,1227,5.5,2007
Tyler Thigpen,3833,QB,KC,1,66.7,6,6,13.8,2.44,0,0,0.0,33.3,2,0,2,50.0,7,2,2,16,70.3,45.9,47.1,,0,1,8,0,50.0,18.8,14.3,1,0,0,0,0,1,12.5,41,6.8,2007
Larry Johnson,1343,HB,KC,1,0.0,1,1,18.0,3.0,0,0,0.0,0.0,0,0,0,,1,0,0,16,81.4,56.9,49.0,59.0,0,0,1,3,,39.6,0.0,0,0,0,0,0,0,0.0,0,0.0,2007
Tyler Thigpen,3833,QB,KC,14,63.4,402,420,8.9,0.0,3,20,4.6,54.8,230,0,109,9.8,486,25,144,16,84.3,64.9,63.4,61.5,3,12,506,2,23.9,76.0,5.3,26,40,4,8,18,17,3.4,2608,6.2,2008
Damon Huard,215,QB,KC,5,70.7,75,81,8.7,0.0,4,6,7.2,61.7,50,0,32,5.7,91,3,21,16,41.7,64.6,68.4,42.9,1,4,93,2,28.1,65.7,9.9,9,1,1,0,2,3,3.2,477,5.9,2008
Brodie Croyle,3030,QB,KC,2,85.7,28,29,4.7,0.0,1,1,3.3,69.0,20,0,14,16.7,30,4,7,16,77.6,75.6,76.2,,0,0,31,1,7.1,81.3,3.3,1,0,0,0,0,0,0.0,151,5.2,2008
Quinn Gray,1247,QB,KC,1,100.0,7,8,6.4,0.0,1,0,0.0,87.5,7,0,1,0.0,9,0,6,16,70.9,68.7,72.4,56.8,0,0,9,0,0.0,145.8,0.0,0,1,0,0,1,0,0.0,76,9.5,2008
Mark Bradley,2256,WR,KC,1,100.0,1,1,40.0,0.0,0,1,100.0,100.0,1,0,0,0.0,1,0,1,16,76.7,59.2,82.2,,0,0,1,2,,158.3,0.0,0,0,0,0,1,0,0.0,37,37.0,2008
Larry Johnson,1343,HB,KC,1,100.0,1,1,12.0,0.0,0,0,0.0,100.0,1,0,1,0.0,1,0,1,16,52.4,59.4,68.9,57.2,0,0,1,0,0.0,122.9,0.0,0,0,0,0,1,0,0.0,4,4.0,2008
Marques Hagans,3089,QB,KC,1,100.0,1,1,4.0,0.0,0,0,0.0,100.0,1,0,2,0.0,2,0,0,16,68.7,73.9,58.6,63.4,0,0,2,0,50.0,87.5,50.0,1,0,0,0,0,0,0.0,5,5.0,2008
Matt Cassel,2447,QB,KC,15,69.2,455,494,8.7,0.0,14,23,4.3,55.1,272,0,193,13.7,566,43,132,16,66.5,59.8,64.2,30.0,9,16,607,8,21.8,69.9,7.4,42,30,4,12,16,17,2.8,2924,5.9,2009
Brodie Croyle,3030,QB,KC,3,72.2,36,39,8.2,0.0,1,1,2.4,59.0,23,0,16,11.5,42,3,10,16,79.5,72.5,71.2,,0,0,44,0,18.8,84.3,7.1,3,0,0,2,1,0,0.0,230,5.9,2009
Tim Castille,3906,FB,KC,1,0.0,1,1,26.0,0.0,0,0,0.0,0.0,0,0,1,,1,0,0,16,25.0,41.1,33.4,41.6,0,1,1,0,0.0,0.0,0.0,0,0,0,0,0,1,100.0,0,0.0,2009
Matt Gutierrez,3948,QB,KC,1,100.0,1,1,3.0,0.0,0,0,0.0,100.0,1,0,0,0.0,1,0,0,16,60.4,61.1,60.4,,0,0,1,0,,79.2,0.0,0,0,0,0,0,0,0.0,3,3.0,2009
Matt Cassel,2447,QB,KC,16,71.1,419,468,8.8,0.0,13,22,4.5,57.9,271,0,185,9.1,519,27,169,16,82.7,68.1,67.2,62.9,6,10,544,7,15.7,89.0,5.6,29,22,5,25,27,17,3.1,3186,6.8,2010
Brodie Croyle,3030,QB,KC,2,50.0,18,19,12.9,0.0,1,0,0.0,42.1,8,0,9,11.1,23,1,2,16,76.3,56.2,56.0,,0,1,25,0,44.4,27.7,17.4,4,0,0,0,0,1,4.0,38,2.0,2010
Tyler Palko,4031,QB,KC,2,100.0,6,6,3.0,0.0,0,0,0.0,66.7,4,0,4,33.3,9,2,3,16,72.1,47.4,50.0,54.7,0,0,10,0,50.0,81.9,22.2,2,1,0,0,0,0,0.0,35,5.8,2010
Matt Cassel,2447,QB,KC,9,72.4,250,269,9.2,2.83,5,15,5.3,59.5,160,0,91,11.6,309,21,87,16,69.5,64.1,63.8,56.4,2,9,326,2,24.2,76.6,7.1,22,18,1,11,10,14,4.3,1713,6.4,2011
Kyle Orton,2323,QB,KC,9,70.3,229,252,8.5,2.58,7,10,3.7,59.5,150,0,73,6.8,265,11,99,16,79.7,62.2,64.0,39.7,2,9,287,2,13.7,77.8,3.8,10,3,1,13,9,15,5.2,1758,7.0,2011
Tyler Palko,4031,QB,KC,6,69.0,126,134,7.5,2.74,2,4,2.9,59.7,80,0,40,8.0,147,7,40,16,65.8,43.6,44.2,53.6,0,7,149,2,27.5,59.8,7.5,11,2,2,4,2,9,6.0,796,5.9,2011
Matt Cassel,2447,QB,KC,9,74.2,248,277,9.0,2.76,6,7,2.4,58.1,161,0,92,12.5,312,23,105,16,44.8,56.9,59.2,43.1,6,12,328,4,20.7,66.7,6.1,19,16,7,10,6,11,3.4,1796,6.5,2012
Brady Quinn,3638,QB,KC,10,68.3,180,197,8.4,2.78,3,5,2.4,56.9,112,0,86,8.9,230,11,51,16,76.7,50.9,48.5,65.2,2,8,239,1,24.4,60.1,9.1,21,12,0,12,2,8,3.3,1141,5.8,2012
Peyton Hillis,4541,HB,KC,1,0.0,1,1,2.0,3.4,0,0,0.0,0.0,0,0,1,,1,0,0,16,38.2,72.6,54.1,71.5,0,0,1,1,0.0,39.6,0.0,0,0,0,0,0,0,0.0,0,0.0,2012
Alex Smith,2218,QB,KC,16,73.7,510,554,7.0,2.85,13,22,3.7,61.0,338,0,224,10.1,645,38,200,16,69.5,69.8,71.3,54.6,3,7,684,7,18.3,91.7,6.4,41,50,4,24,27,13,1.9,3691,6.7,2013
Chase Daniel,5214,QB,KC,3,75.0,36,38,4.6,2.9,0,1,2.5,65.8,25,0,20,7.4,45,2,17,16,81.6,61.0,58.8,62.7,1,1,48,0,10.0,81.9,4.4,2,5,0,1,1,2,4.2,248,6.5,2013
Alex Smith,2218,QB,KC,15,79.9,422,465,5.9,2.73,15,13,2.6,65.4,304,0,196,9.8,546,33,187,16,78.2,72.9,74.4,47.6,6,6,577,2,23.0,94.2,8.2,45,36,0,22,19,10,1.7,3282,7.1,2014
Chase Daniel,5214,QB,KC,2,76.9,26,28,7.5,2.49,1,0,0.0,57.1,16,0,10,20.0,33,4,7,16,78.9,68.1,63.4,73.6,0,0,35,0,40.0,73.1,12.1,4,1,0,1,0,0,0.0,157,5.6,2014
Dustin Colquitt,2316,P,KC,1,100.0,1,1,-4.0,1.1,0,0,0.0,100.0,1,0,0,0.0,1,0,1,16,60.4,61.9,60.5,,0,0,1,0,,91.7,0.0,0,0,0,0,0,0,0.0,6,6.0,2014
Alex Smith,2218,QB,KC,18,74.8,504,542,7.0,2.74,7,14,2.4,65.1,353,0,244,6.4,656,24,207,16,81.8,69.2,68.1,67.1,1,8,697,6,19.7,93.9,7.3,48,65,1,29,22,15,2.2,3922,7.2,2015
Chase Daniel,5214,QB,KC,1,100.0,2,2,1.0,1.65,0,0,0.0,100.0,2,0,1,0.0,2,0,1,16,70.1,57.4,54.5,61.0,0,0,2,0,0.0,79.2,0.0,0,0,0,0,0,0,0.0,4,2.0,2015
Cairo Santos,8932,K,KC,1,100.0,1,1,-6.0,2.7,0,0,0.0,100.0,1,0,1,0.0,1,0,0,16,60.4,61.3,60.5,,0,0,1,0,0.0,79.2,0.0,0,0,0,0,0,0,0.0,3,3.0,2015
Alex Smith,2218,QB,KC,16,77.9,493,523,7.0,2.43,8,20,3.6,66.5,348,1,147,9.4,578,36,194,16,56.6,77.4,78.0,55.2,2,9,607,6,19.7,89.8,5.0,29,25,1,19,16,17,2.8,3674,7.0,2016
Nick Foles,7089,QB,KC,2,70.4,54,55,8.6,2.26,0,4,6.9,65.5,36,0,12,5.3,59,2,14,16,82.3,67.2,66.1,61.0,0,0,62,0,33.3,105.9,6.8,4,0,0,1,3,2,3.2,410,7.5,2016
Jeremy Maclin,4942,WR,KC,1,,0,1,,4.4,0,0,0.0,0.0,0,0,0,,1,0,0,16,79.1,61.8,60.0,59.2,0,0,1,1,,39.6,0.0,0,0,0,1,0,0,0.0,0,0.0,2016
Dontari Poe,7017,DI,KC,1,100.0,1,1,10.0,1.3,0,0,0.0,100.0,1,0,0,0.0,1,0,1,16,60.4,86.4,71.9,,0,0,1,0,,118.8,0.0,0,0,0,0,1,0,0.0,2,2.0,2016
Alex Smith,2218,QB,KC,16,79.2,500,538,7.8,2.66,8,33,5.8,67.8,365,1,201,7.8,615,31,209,16,91.3,82.1,81.0,66.9,5,5,647,6,19.4,105.4,6.3,39,36,1,24,28,11,1.7,4306,8.0,2017
Patrick Mahomes,11765,QB,KC,1,73.5,34,35,7.7,2.64,0,3,8.3,62.9,22,0,18,12.0,39,3,14,16,80.0,72.6,76.3,48.7,0,1,40,0,11.1,76.4,5.1,2,2,0,1,0,1,2.5,284,8.1,2017
Tyler Bray,8440,QB,KC,1,0.0,1,1,6.0,1.7,0,0,0.0,0.0,0,0,1,,1,0,0,16,60.4,24.2,53.8,60.0,0,0,1,0,0.0,39.6,0.0,0,0,0,0,0,0,0.0,0,0.0,2017
Travis Kelce,7844,TE,KC,1,0.0,1,1,47.0,5.2,0,0,0.0,0.0,0,0,0,,1,0,0,16,83.0,83.3,27.8,58.3,0,1,1,5,,0.0,0.0,0,0,0,0,0,1,100.0,0,0.0,2017
Tyreek Hill,10799,WR,KC,1,0.0,1,1,15.0,3.2,0,0,0.0,0.0,0,1,0,,1,0,0,16,88.6,79.9,32.6,53.1,0,1,1,3,,0.0,0.0,0,0,0,0,0,1,100.0,0,0.0,2017
Patrick Mahomes,11765,QB,KC,18,77.8,595,652,9.7,2.8,11,51,7.3,65.3,426,0,256,8.0,722,37,273,16,62.4,92.8,92.2,67.1,17,12,774,6,13.3,112.2,4.7,34,32,1,28,53,25,3.2,5670,8.7,2018
Chad Henne,4371,QB,KC,1,100.0,3,3,5.0,1.73,0,0,0.0,66.7,2,0,0,33.3,3,1,2,16,67.4,53.7,56.1,58.3,0,0,3,0,,97.9,0.0,0,0,0,0,0,0,0.0,29,9.7,2018
Patrick Mahomes,11765,QB,KC,17,77.2,549,596,8.5,2.84,7,36,5.4,65.6,391,2,198,7.8,659,33,243,16,62.0,90.0,86.0,81.9,8,7,732,3,11.6,106.5,3.5,23,39,0,32,36,20,2.7,4932,8.3,2019
Matt Moore,4018,QB,KC,4,71.8,85,91,7.4,2.45,3,3,3.2,64.8,59,0,28,3.3,100,2,35,16,28.5,63.3,62.6,58.4,0,0,104,0,28.6,100.9,8.0,8,1,1,2,4,3,2.9,659,7.2,2019
Dustin Colquitt,2316,P,KC,2,,0,1,,1.9,0,0,0.0,0.0,0,0,1,,1,0,0,16,,19.8,26.2,,0,0,2,1,0.0,39.6,0.0,0,0,0,1,0,1,50.0,0,0.0,2019
Patrick Mahomes,11765,QB,KC,18,77.1,656,705,8.5,2.91,10,50,6.7,66.1,466,0,270,7.9,779,40,305,16,67.3,91.8,90.5,78.0,6,8,827,0,9.6,105.3,3.3,26,47,2,31,42,23,2.8,5590,7.9,2020
Chad Henne,4371,QB,KC,4,79.5,44,46,5.2,2.22,1,0,0.0,73.9,34,0,8,2.9,50,1,19,16,81.7,60.7,59.4,62.0,0,1,53,0,37.5,97.6,6.0,3,1,0,1,2,1,1.9,314,6.8,2020
Travis Kelce,7844,TE,KC,2,50.0,2,2,0.5,3.15,0,0,0.0,50.0,1,0,0,0.0,2,0,1,16,65.4,93.8,58.8,,0,0,2,7,,56.3,0.0,0,0,0,0,0,0,0.0,4,2.0,2020
Sammy Watkins,8639,WR,KC,1,0.0,1,1,23.0,4.5,0,0,0.0,0.0,0,0,0,,1,0,0,16,29.5,64.5,60.1,59.2,0,1,1,2,,0.0,0.0,0,0,0,0,0,0,0.0,0,0.0,2020
Tommy Townsend,33007,P,KC,1,100.0,1,1,6.0,2.0,0,0,0.0,100.0,1,0,0,0.0,1,0,1,16,60.4,70.7,67.2,,0,0,1,0,,118.8,0.0,0,0,0,0,0,0,0.0,13,13.0,2020
Patrick Mahomes,11765,QB,KC,20,79.2,708,780,7.4,2.87,6,30,3.6,67.3,525,0,276,6.4,880,36,346,16,47.4,80.1,75.7,84.0,8,16,937,5,13.4,101.6,4.2,37,61,0,58,48,24,2.6,5896,7.6,2021
Chad Henne,4371,QB,KC,1,80.0,15,16,6.8,2.62,0,0,0.0,68.8,11,0,2,8.3,17,1,6,16,18.4,30.8,43.1,30.6,0,0,18,0,0.0,80.7,0.0,0,1,0,1,0,1,5.6,82,5.1,2021
Travis Kelce,7844,TE,KC,1,100.0,1,1,7.0,2.1,0,0,0.0,100.0,1,1,0,0.0,1,0,1,16,62.1,85.0,71.9,60.9,0,0,1,7,,118.8,0.0,0,0,0,0,1,0,0.0,2,2.0,2021
Tommy Townsend,33007,P,KC,1,100.0,1,1,11.0,2.1,0,0,0.0,100.0,1,0,0,0.0,1,0,1,16,60.4,73.1,68.8,,0,0,1,0,,118.8,0.0,0,0,0,0,0,0,0.0,16,16.0,2021
Patrick Mahomes,11765,QB,KC,20,78.0,685,747,7.5,2.85,7,38,4.8,67.7,506,0,286,5.2,835,28,341,16,81.0,92.0,90.1,89.7,10,12,885,1,10.1,106.5,3.5,29,55,0,45,48,19,2.1,5955,8.0,2022
Chad Henne,4371,QB,KC,2,85.7,7,9,3.1,2.01,2,0,0.0,55.6,5,0,2,16.7,9,1,3,16,74.4,67.7,62.7,61.6,0,0,9,0,0.0,97.9,0.0,0,0,0,0,1,0,0.0,23,2.6,2022
Tommy Townsend,33007,P,KC,1,0.0,1,1,1.0,3.4,0,0,0.0,0.0,0,0,0,,1,0,0,16,64.5,26.7,56.7,60.0,0,0,1,0,,39.6,0.0,0,0,0,0,0,0,0.0,0,0.0,2022
Patrick Mahomes,11765,QB,KC,20,79.3,680,746,6.9,3.0,6,31,3.9,67.7,505,1,303,6.3,846,34,292,16,81.9,90.5,85.8,88.4,14,15,900,7,10.6,94.1,3.8,32,64,2,44,33,22,2.4,5234,7.0,2023
Blaine Gabbert,6162,QB,KC,2,68.8,32,35,5.9,2.41,2,0,0.0,51.4,18,0,18,18.2,40,4,10,16,79.8,60.7,54.6,74.8,0,3,41,0,5.6,31.2,2.5,1,4,0,1,0,2,4.9,185,5.3,2023
Kadarius Toney,61245,WR,KC,1,0.0,1,1,16.0,4.6,0,0,0.0,0.0,0,0,1,,1,0,0,16,38.3,62.5,55.1,62.3,0,0,1,1,0.0,39.6,0.0,0,0,0,0,0,0,0.0,0,0.0,2023
Jerick McKinnon,8731,HB,KC,1,100.0,1,1,-4.0,0.9,0,0,0.0,100.0,1,0,0,0.0,1,0,1,16,80.9,63.1,60.1,60.6,0,0,1,0,,122.9,0.0,0,0,0,0,1,0,0.0,4,4.0,2023
Tommy Townsend,33007,P,KC,1,100.0,1,1,12.0,2.0,0,0,0.0,100.0,1,0,0,0.0,1,0,1,16,60.4,74.7,68.8,,0,0,1,0,,112.5,0.0,0,0,0,0,0,0,0.0,11,11.0,2023
Patrick Mahomes,11765,QB,KC,9,80.7,280,311,6.3,2.77,5,8,2.5,69.5,216,0,111,4.4,359,10,132,16,91.2,83.4,77.6,87.8,2,9,378,0,18.0,90.3,5.6,20,24,1,23,12,8,2.1,2208,7.1,2024
Case Keenum,7323,QB,LA,10,72.1,301,322,8.4,2.38,12,11,3.3,60.9,196,0,116,9.7,354,21,107,26,59.8,58.9,57.9,58.9,4,11,373,3,19.8,76.4,6.5,23,9,0,5,9,13,3.5,2201,6.8,2016
Jared Goff,10635,QB,LA,7,67.4,190,205,7.3,2.47,5,3,1.4,54.6,112,0,102,12.5,234,16,47,26,41.2,42.9,42.9,56.1,4,7,253,1,25.5,63.6,11.1,26,3,1,5,5,12,4.7,1089,5.3,2016
Sean Mannion,9522,QB,LA,1,66.7,6,6,1.7,1.88,0,0,0.0,50.0,3,0,1,25.0,6,1,1,26,17.9,25.0,34.3,41.9,0,1,7,0,0.0,17.4,0.0,0,0,0,0,0,1,14.3,19,3.2,2016
Johnny Hekker,7252,P,LA,2,50.0,2,2,3.5,1.8,0,0,0.0,50.0,1,0,0,0.0,2,0,1,26,63.6,61.9,61.4,,0,0,2,2,,56.3,0.0,0,0,0,0,0,0,0.0,4,2.0,2016
Pharoh Cooper,10751,WR,LA,1,0.0,1,1,19.0,2.9,0,0,0.0,0.0,0,0,1,,1,0,0,26,81.9,52.8,39.0,,0,1,1,0,0.0,0.0,0.0,0,0,0,0,0,1,100.0,0,0.0,2016
Jared Goff,10635,QB,LA,16,71.3,480,522,8.7,2.83,9,28,5.1,61.3,320,0,198,6.4,560,22,189,26,68.4,75.5,74.9,54.1,6,7,589,5,14.1,98.5,5.0,28,10,2,25,29,17,2.9,4063,7.8,2017
Sean Mannion,9522,QB,LA,3,70.3,37,37,7.1,2.33,0,2,5.1,59.5,22,0,11,15.4,40,4,8,26,48.1,54.7,57.7,52.1,0,0,42,1,27.3,72.5,7.5,3,0,0,0,0,2,4.8,185,5.0,2017
Johnny Hekker,7252,P,LA,3,66.7,3,3,12.0,2.37,0,0,0.0,66.7,2,0,0,0.0,3,0,1,26,65.5,55.1,56.0,,0,0,3,0,,104.9,0.0,0,0,0,0,0,1,33.3,34,11.3,2017
Cooper Kupp,11824,WR,LA,1,0.0,1,1,20.0,4.4,0,0,0.0,0.0,0,1,1,,1,0,0,26,49.0,78.1,57.4,,0,0,1,3,0.0,39.6,0.0,0,0,0,0,0,0,0.0,0,0.0,2017
Jared Goff,10635,QB,LA,19,74.8,596,667,9.2,2.83,12,39,5.5,63.4,423,0,232,5.2,729,23,276,26,56.2,84.3,83.6,53.3,9,14,771,3,16.8,96.4,5.3,39,23,4,46,33,30,3.9,5400,8.1,2018
Johnny Hekker,7252,P,LA,6,60.0,5,5,11.0,2.82,0,0,0.0,60.0,3,0,0,0.0,6,0,3,26,68.9,51.1,57.1,55.3,0,0,6,0,,77.9,0.0,0,1,0,0,0,0,0.0,31,6.2,2018
Sean Mannion,9522,QB,LA,1,100.0,3,3,-3.3,2.13,0,0,0.0,66.7,2,0,0,33.3,3,1,1,26,72.8,62.4,62.8,58.5,0,0,3,0,,89.6,0.0,0,0,0,0,0,0,0.0,23,7.7,2018
Jared Goff,10635,QB,LA,16,73.2,571,626,8.0,2.65,12,31,4.6,62.9,394,0,238,5.7,662,24,223,26,74.4,72.4,72.5,43.7,14,16,709,3,9.2,86.5,3.3,22,12,1,28,22,27,3.8,4638,7.4,2019
Johnny Hekker,7252,P,LA,3,66.7,3,3,2.7,2.07,0,0,0.0,66.7,2,0,1,0.0,3,0,2,26,65.5,50.3,51.9,,0,1,3,0,0.0,56.9,0.0,0,0,0,0,0,0,0.0,28,9.3,2019
Blake Bortles,8638,QB,LA,1,100.0,1,2,-4.0,2.3,0,0,0.0,50.0,1,0,1,0.0,2,0,0,26,67.8,48.5,58.7,52.2,0,0,2,0,0.0,56.3,0.0,0,0,0,1,0,0,0.0,3,1.5,2019
Cooper Kupp,11824,WR,LA,1,0.0,1,1,22.0,4.2,0,0,0.0,0.0,0,0,0,,1,0,0,26,22.6,74.6,52.2,62.9,0,0,1,4,,39.6,0.0,0,0,0,0,0,0,0.0,0,0.0,2019
Jared Goff,10635,QB,LA,17,78.8,539,598,6.8,2.66,15,14,2.3,66.9,400,0,200,5.9,651,25,215,26,73.4,71.3,71.6,55.1,8,13,672,7,14.5,90.9,4.5,29,24,2,34,22,20,3.0,4281,7.2,2020
John Wolford,46454,QB,LA,2,73.7,38,44,9.9,2.91,2,4,8.7,56.8,25,0,24,10.7,49,3,16,26,81.5,73.2,67.6,76.9,3,1,51,0,12.5,64.6,6.1,3,2,0,1,0,1,2.0,260,5.9,2020
Matthew Stafford,4924,QB,LA,21,76.6,709,741,8.9,2.66,8,47,6.0,67.7,502,0,208,7.6,793,41,296,26,85.9,86.1,84.6,73.9,7,20,831,10,17.8,103.9,4.7,37,15,1,16,50,29,3.5,6074,8.2,2021
John Wolford,46454,QB,LA,2,25.0,4,4,2.8,2.24,0,0,0.0,25.0,1,0,2,0.0,5,0,0,26,70.2,40.2,38.6,58.1,0,1,5,0,50.0,0.0,20.0,1,0,0,0,0,1,20.0,5,1.3,2021
Cooper Kupp,11824,WR,LA,2,0.0,2,2,15.0,3.6,0,0,0.0,0.0,0,0,1,,2,0,0,26,76.3,93.0,66.2,51.3,0,0,2,0,0.0,39.6,0.0,0,0,0,0,0,0,0.0,0,0.0,2021
Odell Beckham Jr.,8647,WR,LA,1,100.0,1,1,27.0,3.0,0,1,100.0,100.0,1,0,1,0.0,1,0,1,26,81.4,74.8,79.9,61.5,0,0,1,1,0.0,118.8,0.0,0,0,0,0,0,0,0.0,40,40.0,2021
Johnny Hekker,7252,P,LA,3,100.0,1,1,-4.0,2.9,0,0,0.0,100.0,1,0,1,0.0,1,0,0,26,13.5,39.9,46.7,60.0,0,0,3,0,0.0,79.2,0.0,0,0,0,0,0,1,33.3,2,2.0,2021
Baker Mayfield,46518,QB,LA,12,69.2,305,335,7.1,2.86,12,8,2.2,60.0,201,0,117,4.7,389,10,98,26,54.5,50.6,52.2,44.0,2,8,411,2,30.8,79.0,9.3,36,15,1,15,10,12,2.9,2163,6.5,2022
Matthew Stafford,4924,QB,LA,9,74.7,288,303,7.0,2.59,3,15,4.8,68.0,206,0,107,4.2,338,9,108,26,47.6,67.0,67.6,52.1,0,8,347,4,27.1,87.4,8.6,29,5,0,12,10,12,3.5,2087,6.9,2022
John Wolford,46454,QB,LA,2,64.4,59,62,8.5,3.04,2,2,3.1,61.3,38,0,33,0.0,74,0,20,26,46.7,40.0,40.0,55.4,0,3,76,0,21.2,64.6,9.5,7,5,0,1,1,4,5.3,390,6.3,2022
Bryce Perkins,35299,QB,LA,4,66.7,30,34,6.5,3.47,2,1,2.9,55.9,19,0,23,5.0,47,1,14,26,82.0,60.0,60.4,63.6,1,2,47,2,26.1,53.7,12.8,6,7,1,0,1,1,2.1,161,4.7,2022
Riley Dixon,10862,P,LA,2,100.0,2,2,4.5,2.05,0,0,0.0,100.0,2,0,0,0.0,2,0,2,26,63.6,70.5,67.6,,0,0,2,0,,104.2,0.0,0,0,0,0,0,0,0.0,18,9.0,2022
Cooper Kupp,11824,WR,LA,1,0.0,1,1,25.0,3.3,0,0,0.0,0.0,0,0,1,,1,0,0,26,53.5,86.3,57.4,58.1,0,0,1,0,0.0,39.6,0.0,0,0,0,0,0,0,0.0,0,0.0,2022
Matthew Stafford,4924,QB,LA,16,74.3,513,557,8.2,2.59,8,37,6.3,63.0,351,0,203,7.9,605,30,204,26,92.1,88.2,86.0,61.3,4,11,643,7,15.8,94.3,5.3,32,14,3,29,26,12,1.9,4332,7.8,2023
Carson Wentz,10636,QB,LA,1,87.0,23,24,6.7,2.49,0,3,10.3,70.8,17,0,9,15.0,30,3,12,26,80.8,80.7,80.2,68.1,0,1,35,0,22.2,99.8,6.7,2,4,0,1,2,0,0.0,163,6.8,2023
Matthew Stafford,4924,QB,LA,9,73.1,305,322,8.1,2.64,6,9,2.6,66.5,214,0,110,4.0,343,9,106,26,60.8,64.1,64.3,34.1,3,7,364,1,19.1,87.0,6.1,21,0,1,7,9,14,3.8,2262,7.0,2024
Tutu Atwell,77965,WR,LA,1,0.0,1,1,35.0,3.4,0,0,0.0,0.0,0,0,0,,1,0,0,26,76.5,70.2,59.7,51.7,0,0,1,1,,39.6,0.0,0,0,0,0,0,0,0.0,0,0.0,2024
Philip Rivers,1725,QB,LAC,16,75.4,524,575,9.2,2.52,11,24,3.9,62.6,360,0,223,8.9,596,35,217,27,65.2,80.4,79.9,47.6,3,10,634,13,8.1,96.0,3.0,18,2,2,35,28,23,3.6,4515,7.9,2017
Kellen Clemens,2994,QB,LAC,2,75.0,8,8,3.8,1.91,0,0,0.0,75.0,6,0,4,0.0,8,0,4,27,73.6,54.9,51.8,61.3,0,1,8,0,0.0,43.8,0.0,0,0,0,0,0,0,0.0,36,4.5,2017
Philip Rivers,1725,QB,LAC,18,76.5,549,591,8.7,2.51,12,37,5.9,66.7,394,0,233,6.2,632,26,236,27,90.9,88.9,87.4,56.7,7,13,674,6,15.0,102.0,5.5,35,6,0,23,35,24,3.6,4799,8.1,2018
Geno Smith,7820,QB,LAC,3,50.0,2,4,2.5,3.2,1,0,0.0,25.0,1,0,3,0.0,6,0,0,27,13.9,20.6,17.2,59.2,0,0,7,1,33.3,39.6,16.7,1,1,0,1,0,3,42.9,8,2.0,2018
Philip Rivers,1725,QB,LAC,16,76.4,547,591,9.0,2.53,12,27,4.2,66.0,390,0,225,6.7,633,28,219,27,79.2,74.3,73.6,50.2,6,20,682,5,15.1,88.5,5.4,34,6,3,23,23,32,4.7,4615,7.8,2019
Tyrod Taylor,6332,QB,LAC,2,83.3,6,6,5.5,2.12,0,0,0.0,66.7,4,0,1,20.0,6,1,3,27,75.2,66.0,70.1,59.3,0,0,6,0,0.0,120.1,0.0,0,0,0,0,1,0,0.0,33,5.5,2019
Justin Herbert,28237,QB,LAC,15,75.8,553,595,7.8,2.61,12,31,4.9,66.6,396,0,239,5.5,653,23,228,27,74.2,79.9,78.4,63.8,12,10,689,2,13.4,98.3,4.9,32,25,4,14,31,16,2.3,4336,7.3,2020
Tyrod Taylor,6332,QB,LAC,2,66.7,27,30,10.8,2.66,0,1,3.0,53.3,16,0,11,11.1,34,2,11,27,79.8,59.4,63.1,47.8,1,0,38,0,9.1,75.4,2.9,1,2,0,2,0,0,0.0,208,6.9,2020
Keenan Allen,7857,WR,LAC,1,0.0,1,1,15.0,2.9,0,0,0.0,0.0,0,1,0,,1,0,0,27,58.1,84.9,48.9,,0,0,1,2,,39.6,0.0,0,0,0,0,0,0,0.0,0,0.0,2020
Easton Stick,29466,QB,LAC,1,100.0,1,1,0.0,2.2,0,0,0.0,100.0,1,0,0,0.0,1,0,0,27,64.5,54.5,60.1,56.9,0,0,1,0,,83.3,0.0,0,0,0,0,0,0,0.0,4,4.0,2020
Justin Herbert,28237,QB,LAC,17,77.1,624,672,7.9,2.72,17,27,3.8,65.9,443,0,199,7.9,740,38,273,27,92.6,90.0,85.8,79.1,6,15,793,2,15.6,97.7,4.2,31,36,1,24,38,13,1.6,5014,7.5,2021
Ty Long,9728,K,LAC,1,0.0,1,1,10.0,1.8,0,0,0.0,0.0,0,0,0,,1,0,0,27,60.4,60.0,60.0,,0,0,1,0,,39.6,0.0,0,0,0,0,0,0,0.0,0,0.0,2021
Keenan Allen,7857,WR,LAC,2,0.0,1,1,14.0,3.1,0,0,0.0,0.0,0,0,0,,1,0,0,27,59.9,77.5,60.1,,0,0,2,4,,39.6,0.0,0,0,0,0,0,0,0.0,0,0.0,2021
Justin Herbert,28237,QB,LAC,18,78.8,673,743,6.9,2.74,23,24,3.1,67.7,503,1,288,5.1,812,27,249,27,74.0,77.9,76.7,60.2,16,10,840,2,14.2,92.7,5.0,41,24,2,29,26,14,1.7,5016,6.8,2022
Chase Daniel,5214,QB,LAC,3,66.7,12,12,1.3,2.46,0,0,0.0,66.7,8,0,4,0.0,14,0,4,27,73.5,40.7,43.0,55.7,0,0,15,0,25.0,103.5,7.1,1,1,0,0,1,1,6.7,52,4.3,2022
Justin Herbert,28237,QB,LAC,13,74.7,427,456,8.2,2.79,7,24,5.0,65.1,297,1,186,6.9,520,22,163,27,66.7,85.5,83.1,73.2,8,7,552,5,15.6,93.2,5.6,29,32,0,14,20,13,2.4,3134,6.9,2023
Easton Stick,29466,QB,LAC,5,70.9,165,174,7.5,2.76,2,5,2.7,63.8,111,0,62,5.1,198,6,58,27,29.2,66.8,61.8,79.9,2,1,208,1,22.6,85.7,7.1,14,9,1,4,3,7,3.4,1132,6.5,2023
Keenan Allen,7857,WR,LAC,2,100.0,1,2,23.0,3.35,0,0,0.0,50.0,1,0,1,0.0,2,0,1,27,35.7,86.3,71.4,,0,0,2,1,0.0,135.4,0.0,0,0,0,1,1,0,0.0,49,24.5,2023
Justin Herbert,28237,QB,LAC,9,77.7,224,241,8.5,2.9,3,17,6.7,66.0,159,0,101,8.6,278,15,86,27,43.1,85.0,84.4,61.4,4,1,294,0,20.8,103.2,7.6,21,14,1,9,11,7,2.4,1889,7.8,2024
Taylor Heinicke,9896,QB,LAC,1,100.0,2,2,7.5,2.64,0,0,0.0,100.0,2,0,3,0.0,5,0,1,27,68.0,66.0,65.2,,0,0,5,0,100.0,116.7,60.0,3,0,0,0,0,0,0.0,24,12.0,2024
Derek Carr,8671,QB,LV,16,78.5,478,517,8.5,2.77,7,37,6.7,67.3,348,1,170,7.2,566,27,203,23,43.4,84.7,83.9,55.7,5,9,604,2,15.3,101.4,4.6,26,23,4,23,27,18,3.0,4103,7.9,2020
Marcus Mariota,9435,QB,LV,1,72.0,25,28,10.8,2.89,1,2,6.9,60.7,17,0,5,5.6,32,1,14,23,79.1,82.1,77.4,74.1,0,1,33,0,0.0,83.3,0.0,0,4,1,1,1,2,6.1,226,8.1,2020
Nathan Peterman,11926,QB,LV,1,60.0,5,5,2.0,2.91,0,0,0.0,60.0,3,0,2,0.0,8,0,2,23,70.3,60.2,54.4,63.9,0,0,8,0,100.0,72.9,25.0,2,1,0,0,0,0,0.0,25,5.0,2020
Zay Jones,11792,WR,LV,1,100.0,1,1,26.0,3.2,0,0,0.0,100.0,1,0,0,0.0,1,0,1,23,73.0,62.9,72.1,,0,0,1,1,,118.8,0.0,0,0,0,0,0,0,0.0,29,29.0,2020
Derek Carr,8671,QB,LV,18,77.0,631,680,8.4,2.73,10,41,5.7,67.2,457,0,252,6.0,744,29,236,23,57.7,77.6,77.5,54.6,6,15,789,5,17.1,92.0,5.8,43,19,4,29,24,25,3.2,5114,7.5,2021
Marcus Mariota,9435,QB,LV,2,50.0,2,2,15.0,2.45,0,0,0.0,50.0,1,0,0,0.0,2,0,0,23,23.1,58.2,60.7,57.8,0,0,2,0,,56.3,0.0,0,0,0,0,0,0,0.0,4,2.0,2021
Derek Carr,8671,QB,LV,15,70.8,455,502,9.7,2.84,8,21,4.0,60.8,305,0,196,5.3,544,17,168,23,67.1,66.6,65.4,68.1,10,14,575,6,13.8,86.3,5.0,27,14,0,29,24,19,3.3,3522,7.0,2022
Jarrett Stidham,13725,QB,LV,3,73.7,76,83,10.3,3.05,1,2,2.2,63.9,53,0,47,5.4,101,3,37,23,25.3,62.2,62.8,58.9,2,3,107,2,14.9,89.2,6.9,7,11,0,4,4,4,3.7,656,7.9,2022
Mack Hollins,11873,WR,LV,1,100.0,1,1,-6.0,3.4,0,0,0.0,100.0,1,0,0,0.0,1,0,0,23,80.7,63.8,60.0,77.3,0,0,1,7,,83.3,0.0,0,0,0,0,0,0,0.0,4,4.0,2022
Aidan O'Connell,60516,QB,LV,11,74.0,315,343,8.0,2.62,8,12,3.4,62.1,213,0,122,8.6,370,20,107,23,72.1,65.9,64.6,61.6,3,7,380,2,19.7,83.9,6.5,24,0,1,16,12,10,2.6,2218,6.5,2023
Jimmy Garoppolo,8697,QB,LV,7,74.2,159,169,8.8,2.84,5,2,1.1,65.1,110,0,58,6.8,191,8,63,23,74.1,65.0,65.0,58.8,1,9,203,1,24.1,77.7,7.3,14,8,1,3,7,6,3.0,1205,7.1,2023
Brian Hoyer,5277,QB,LV,2,59.5,42,42,8.5,2.26,0,3,6.5,54.8,23,0,5,8.0,43,2,14,23,80.6,55.2,54.6,60.5,0,2,47,0,20.0,50.8,2.3,1,0,0,0,0,1,2.1,231,5.5,2023
Jakobi Meyers,47468,WR,LV,3,100.0,2,3,10.5,4.55,0,0,0.0,66.7,2,0,2,0.0,4,0,2,23,82.1,69.9,80.8,70.0,0,0,4,6,0.0,113.9,0.0,0,1,0,1,1,0,0.0,12,4.0,2023
Gardner Minshew,41401,QB,LV,8,76.0,200,221,6.8,2.61,6,3,1.3,67.0,148,0,92,2.6,252,4,81,23,46.7,60.2,60.4,53.0,1,8,270,1,25.0,80.2,9.1,23,8,2,12,6,9,3.3,1501,6.8,2024
Aidan O'Connell,60516,QB,LV,4,70.3,74,82,7.1,2.78,1,1,1.1,63.4,52,0,26,0.0,85,0,26,23,84.2,47.7,48.2,,3,2,90,2,11.5,76.0,3.5,3,0,0,4,2,3,3.3,455,5.5,2024
Desmond Ridder,55086,QB,LV,1,80.0,15,16,5.7,2.37,0,1,5.9,68.8,11,0,9,8.3,21,1,4,23,24.0,49.7,50.9,58.3,1,0,22,0,44.4,99.5,19.0,4,1,0,0,1,1,4.5,74,4.6,2024
Joey Harrington,1011,QB,MIA,11,71.4,357,388,8.1,2.5,6,11,2.7,57.5,223,0,118,12.5,408,32,116,17,77.2,56.6,57.5,43.1,1,15,425,2,12.7,68.2,3.7,15,5,2,22,12,15,3.5,2236,5.8,2006
Daunte Culpepper,446,QB,MIA,4,72.2,126,134,9.2,2.82,0,3,2.2,60.4,81,0,62,11.0,161,10,46,17,29.5,45.3,48.1,45.9,4,3,167,2,33.9,77.0,13.0,21,6,1,3,2,9,5.4,929,6.9,2006
Cleo Lemon,1271,QB,MIA,3,63.5,63,68,10.9,2.6,1,4,5.7,55.9,38,0,17,5.0,73,2,23,17,83.3,53.8,53.0,61.8,1,1,75,0,23.5,77.6,5.5,4,1,3,0,2,5,6.7,412,6.1,2006
Ronnie Brown,2219,HB,MIA,2,0.0,1,1,13.0,2.6,0,0,0.0,0.0,0,0,0,,1,0,0,17,61.4,58.2,52.8,55.4,0,0,2,0,,39.6,0.0,0,0,0,0,0,0,0.0,0,0.0,2006
Cleo Lemon,1271,QB,MIA,9,66.7,282,309,8.5,2.91,8,11,3.4,56.0,173,0,111,8.0,348,15,91,17,31.6,51.4,51.4,55.6,5,6,362,3,22.5,71.0,7.2,25,14,2,12,6,17,4.7,1773,5.7,2007
Trent Green,58,QB,MIA,5,70.5,129,141,8.9,2.69,5,5,3.4,60.3,85,0,48,6.6,150,6,52,17,88.5,52.0,54.5,42.4,1,7,158,2,14.6,72.6,4.7,7,2,3,3,5,11,7.0,987,7.0,2007
John Beck,3656,QB,MIA,5,67.0,103,108,6.8,2.45,0,1,0.9,56.5,61,0,34,11.6,120,8,25,17,21.8,29.2,34.4,27.9,0,3,122,0,29.4,62.4,8.3,10,2,2,3,1,6,4.9,563,5.2,2007
Chad Pennington,596,QB,MIA,17,76.2,491,514,8.0,0.0,7,17,3.2,67.3,346,0,147,7.5,552,28,195,17,72.5,74.4,76.6,33.2,9,11,565,1,18.4,93.9,4.9,27,11,1,6,20,15,2.7,3904,7.6,2008
Chad Henne,4371,QB,MIA,1,81.8,11,12,6.0,0.0,0,0,0.0,58.3,7,0,3,22.2,12,2,3,17,72.8,67.3,66.4,,1,0,13,0,0.0,74.0,0.0,0,0,0,0,0,0,0.0,67,5.6,2008
Ronnie Brown,2219,HB,MIA,4,66.7,3,3,13.0,0.0,0,0,0.0,66.7,2,1,2,0.0,4,0,1,17,75.8,62.4,57.5,64.1,0,0,4,1,50.0,140.3,25.0,1,0,0,0,1,0,0.0,31,10.3,2008
Chad Henne,4371,QB,MIA,14,72.1,420,451,8.6,0.0,11,17,3.6,60.8,274,0,108,9.6,484,29,159,17,85.9,70.1,70.9,36.3,7,14,502,2,24.1,75.3,5.4,26,7,3,10,12,9,1.8,2880,6.4,2009
Chad Pennington,596,QB,MIA,3,85.7,63,74,8.3,0.0,2,0,0.0,68.9,51,0,22,5.6,81,3,29,17,50.1,74.1,72.9,58.8,2,2,84,0,27.3,76.0,7.4,6,1,2,5,1,2,2.4,413,5.6,2009
Tyler Thigpen,3833,QB,MIA,1,57.1,7,8,17.3,0.0,0,1,10.0,50.0,4,0,4,0.0,9,0,3,17,72.6,39.3,42.7,52.3,0,2,11,0,0.0,87.0,0.0,0,1,0,1,1,2,18.2,83,10.4,2009
Ronnie Brown,2219,HB,MIA,4,100.0,4,6,13.0,0.0,1,0,0.0,33.3,2,0,5,50.0,7,2,2,17,75.6,60.7,73.0,56.2,0,0,7,0,20.0,84.7,14.3,1,0,0,1,1,0,0.0,22,3.7,2009
Pat White,4967,QB,MIA,4,0.0,5,5,13.4,0.0,0,0,0.0,0.0,0,0,3,,8,0,1,17,34.0,31.0,32.8,39.7,0,0,8,0,33.3,39.6,12.5,1,2,0,0,0,0,0.0,0,0.0,2009
Ricky Williams,440,HB,MIA,1,0.0,1,1,7.0,0.0,0,0,0.0,0.0,0,0,1,,1,0,0,17,51.2,55.4,34.5,57.6,0,1,1,0,0.0,0.0,0.0,0,0,0,0,0,1,100.0,0,0.0,2009
Chad Henne,4371,QB,MIA,15,74.3,443,491,8.2,0.0,16,20,3.9,61.5,302,0,160,8.2,540,27,171,17,80.2,68.3,69.7,40.9,4,18,561,1,18.8,76.2,5.6,30,19,2,26,15,19,3.4,3298,6.7,2010
Tyler Thigpen,3833,QB,MIA,4,65.6,61,62,10.7,0.0,1,6,9.4,53.2,33,0,28,17.5,76,7,22,17,84.1,68.7,65.2,71.1,0,2,78,0,28.6,73.0,10.5,8,6,0,0,2,0,0.0,435,7.0,2010
Chad Pennington,596,QB,MIA,1,100.0,1,2,5.0,0.0,0,0,0.0,50.0,1,0,1,0.0,2,0,1,17,63.6,58.5,58.6,,1,0,2,0,0.0,83.3,0.0,0,0,0,0,0,0,0.0,19,9.5,2010
Ronnie Brown,2219,HB,MIA,2,50.0,2,2,15.5,0.0,0,0,0.0,0.0,0,0,1,100.0,2,1,0,17,57.0,62.3,52.9,58.1,0,0,2,0,0.0,39.6,0.0,0,0,0,0,0,0,0.0,0,0.0,2010
Brandon Marshall,3064,WR,MIA,1,0.0,1,1,41.0,0.0,0,0,0.0,0.0,0,1,0,,1,0,0,17,63.4,77.1,60.9,59.8,0,0,1,5,,39.6,0.0,0,0,0,0,0,0,0.0,0,0.0,2010
Matt Moore,4018,QB,MIA,13,72.0,328,347,10.4,2.82,7,39,10.8,60.5,210,0,128,11.0,394,26,127,17,26.1,71.7,76.1,28.9,2,9,411,1,27.3,87.1,8.9,35,12,0,10,16,22,5.4,2497,7.2,2011
Chad Henne,4371,QB,MIA,4,69.6,102,112,9.7,2.69,3,10,8.6,57.1,64,0,59,9.9,134,7,48,17,87.6,75.1,73.1,66.4,5,4,139,0,18.6,79.0,8.2,11,11,0,2,4,4,2.9,868,7.8,2011
J.P. Losman,1743,QB,MIA,1,66.7,9,10,10.1,2.67,1,2,18.2,60.0,6,0,9,0.0,16,0,3,17,74.6,51.8,65.2,30.1,0,0,17,0,55.6,77.1,31.3,5,1,0,0,0,0,0.0,60,6.0,2011
Ryan Tannehill,7014,QB,MIA,16,72.1,441,484,8.8,2.73,13,27,5.2,58.3,282,0,163,11.3,532,36,158,17,71.2,68.4,70.2,42.8,8,13,567,1,21.5,76.1,6.6,35,13,2,20,12,13,2.3,3294,6.8,2012
Matt Moore,4018,QB,MIA,2,70.6,17,19,13.1,2.84,1,2,10.0,57.9,11,0,5,8.3,22,1,7,17,77.1,74.4,82.6,48.7,0,0,23,1,40.0,96.6,9.1,2,1,0,1,1,0,0.0,131,6.9,2012
Ryan Tannehill,7014,QB,MIA,16,70.8,548,588,9.6,2.6,8,27,4.5,60.4,355,0,222,8.5,661,33,211,17,66.0,80.4,80.7,49.8,3,17,679,2,26.6,81.7,8.9,59,14,4,25,24,20,2.9,3913,6.7,2013
Matt Moore,4018,QB,MIA,1,33.3,6,6,18.8,3.1,0,1,16.7,33.3,2,0,2,0.0,6,0,1,17,68.0,43.3,44.6,,0,2,6,0,0.0,27.1,0.0,0,0,0,0,0,1,16.7,53,8.8,2013
Ryan Tannehill,7014,QB,MIA,16,75.9,555,590,8.1,2.61,17,21,3.3,66.4,392,0,248,6.9,644,29,227,17,56.7,75.6,76.1,49.6,2,12,684,2,18.5,92.9,7.1,46,8,1,15,27,27,3.9,4059,6.9,2014
Matt Moore,4018,QB,MIA,1,50.0,4,4,23.5,2.33,0,0,0.0,50.0,2,0,1,0.0,4,0,2,17,69.5,55.5,52.7,60.0,0,0,4,0,0.0,65.6,0.0,0,0,0,0,0,1,25.0,21,5.3,2014
Mike Wallace,5007,WR,MIA,1,0.0,1,1,30.0,3.7,0,0,0.0,0.0,0,0,0,,1,0,0,17,27.4,72.6,53.1,34.0,0,0,1,2,,39.6,0.0,0,0,0,0,0,0,0.0,0,0.0,2014
Ryan Tannehill,7014,QB,MIA,16,73.2,542,586,8.9,2.58,12,24,3.9,61.9,363,0,246,8.6,637,34,196,17,39.8,67.9,66.7,62.4,9,12,673,4,18.3,88.7,7.1,45,6,2,21,24,27,4.0,4208,7.2,2015
Matt Moore,4018,QB,MIA,1,100.0,1,1,4.0,2.3,0,0,0.0,100.0,1,0,0,0.0,1,0,1,17,68.2,62.8,60.5,60.5,0,0,1,0,,118.8,0.0,0,0,0,0,0,0,0.0,14,14.0,2015
Jarvis Landry,8698,WR,MIA,2,100.0,1,1,0.0,4.45,0,0,0.0,100.0,1,1,0,0.0,2,0,0,17,90.6,88.0,60.3,84.2,0,0,2,6,,104.2,0.0,0,1,0,0,0,0,0.0,9,9.0,2015
Ryan Tannehill,7014,QB,MIA,13,77.4,359,389,8.2,2.61,12,25,6.1,67.1,261,0,171,6.1,435,17,140,17,63.0,74.2,73.4,58.8,8,12,456,2,17.0,93.5,6.7,29,16,2,8,19,16,3.5,2995,7.7,2016
Matt Moore,4018,QB,MIA,5,75.4,114,123,8.4,2.53,5,4,3.1,68.3,84,0,44,2.3,130,2,51,17,28.6,59.7,58.8,53.8,2,4,136,1,13.6,104.0,4.6,6,1,1,1,9,8,5.9,1010,8.2,2016
Jarvis Landry,8698,WR,MIA,1,,0,1,,4.0,0,0,0.0,0.0,0,3,1,,1,0,0,17,31.4,84.6,60.0,58.2,0,0,1,10,0.0,39.6,0.0,0,0,0,1,0,0,0.0,0,0.0,2016
Jay Cutler,2956,QB,MIA,14,72.0,404,429,8.7,2.53,8,7,1.6,62.0,266,0,143,8.6,456,25,138,17,60.2,58.4,58.5,48.1,2,14,476,1,14.0,80.8,4.4,20,6,0,15,19,20,4.2,2666,6.2,2017
Matt Moore,4018,QB,MIA,4,70.1,117,127,8.7,2.48,3,6,4.5,61.4,78,0,48,4.9,142,4,37,17,87.7,53.9,53.9,55.3,1,5,148,0,25.0,75.6,8.5,12,3,1,5,4,6,4.1,861,6.8,2017
David Fales,8818,QB,MIA,2,75.0,40,43,7.3,2.69,1,0,0.0,67.4,29,0,18,3.3,47,1,14,17,80.7,53.2,56.7,44.7,0,1,51,1,5.6,82.0,2.1,1,3,0,2,1,1,2.0,265,6.2,2017
Matt Haack,12212,P,MIA,1,0.0,1,1,21.0,2.7,0,0,0.0,0.0,0,0,0,,1,0,0,17,60.4,53.0,55.2,,0,1,1,0,,0.0,0.0,0,0,0,0,0,0,0.0,0,0.0,2017
MarQueis Gray,8286,TE,MIA,1,0.0,1,1,5.0,2.9,0,0,0.0,0.0,0,0,1,,1,0,0,17,70.9,40.4,59.6,61.7,0,0,1,0,0.0,39.6,0.0,0,0,0,0,0,0,0.0,0,0.0,2017
Jarvis Landry,8698,WR,MIA,1,0.0,1,1,14.0,4.9,0,0,0.0,0.0,0,2,1,,1,0,0,17,29.0,79.5,55.1,56.6,0,0,1,7,0.0,39.6,0.0,0,0,0,0,0,0,0.0,0,0.0,2017
Ryan Tannehill,7014,QB,MIA,11,74.3,249,274,8.5,2.57,10,8,2.7,64.2,176,0,120,4.9,318,9,97,17,38.2,45.3,42.4,65.8,3,9,343,1,29.2,92.7,11.0,35,8,1,11,17,23,6.7,1979,7.2,2018
Brock Osweiler,7059,QB,MIA,7,74.2,159,178,8.0,2.58,3,4,2.1,63.5,113,0,85,4.2,200,5,58,17,90.1,52.7,53.4,50.9,4,4,211,1,20.0,86.0,8.5,17,4,1,11,6,9,4.3,1247,7.0,2018
Albert Wilson,8943,WR,MIA,1,100.0,1,1,20.0,3.7,0,0,0.0,100.0,1,0,0,0.0,1,0,1,17,78.8,82.5,71.0,50.4,0,0,1,1,,158.3,0.0,0,0,0,0,1,0,0.0,52,52.0,2018
Kenny Stills,7926,WR,MIA,1,100.0,1,1,3.0,3.2,0,0,0.0,100.0,1,1,0,0.0,1,0,1,17,79.0,64.4,57.1,,0,0,1,6,,118.8,0.0,0,0,0,0,1,0,0.0,3,3.0,2018
Danny Amendola,4717,WR,MIA,1,100.0,1,1,26.0,2.9,0,1,100.0,100.0,1,0,0,0.0,1,0,1,17,56.6,66.6,81.0,56.6,0,0,1,2,,158.3,0.0,0,0,0,0,1,0,0.0,28,28.0,2018
Ryan Fitzpatrick,2467,QB,MIA,15,73.4,466,502,9.6,2.61,14,18,3.3,62.0,311,0,230,9.1,580,31,198,17,48.6,76.5,75.6,60.9,7,13,620,0,17.4,84.8,6.9,40,37,3,12,19,17,2.7,3529,7.0,2019
Josh Rosen,35460,QB,MIA,5,65.3,101,109,8.5,2.66,6,4,3.4,53.2,58,0,51,12.1,128,8,26,17,62.9,46.0,47.1,48.2,1,5,137,0,31.4,52.0,12.5,16,3,0,1,1,9,6.6,567,5.2,2019
Albert Wilson,8943,WR,MIA,2,50.0,2,2,9.0,3.93,0,0,0.0,50.0,1,0,2,0.0,3,0,1,17,37.9,62.3,50.8,60.9,0,0,3,1,50.0,85.4,33.3,1,0,0,0,0,0,0.0,20,10.0,2019
Matt Haack,12212,P,MIA,2,50.0,2,2,18.0,2.3,0,0,0.0,50.0,1,0,1,0.0,2,0,1,17,66.1,76.4,64.0,60.0,0,0,2,0,0.0,95.8,0.0,0,0,0,0,1,0,0.0,1,0.5,2019
Tua Tagovailoa,60326,QB,MIA,10,74.2,275,290,8.0,2.52,2,7,2.3,64.1,186,0,95,8.8,326,18,107,17,83.9,65.4,63.9,65.4,2,5,347,1,21.1,87.1,6.1,20,16,3,8,11,13,3.7,1814,6.3,2020
Ryan Fitzpatrick,2467,QB,MIA,9,78.2,252,267,8.2,2.37,8,12,4.2,68.5,183,0,98,7.1,299,14,115,17,90.9,75.1,70.7,80.0,3,8,316,3,14.3,95.6,4.7,14,18,1,3,13,14,4.4,2091,7.8,2020
Lynn Bowden,61361,WR,MIA,3,50.0,2,2,7.5,5.83,0,0,0.0,50.0,1,0,1,0.0,4,0,1,17,78.8,68.8,55.5,77.9,0,0,4,0,0.0,95.8,0.0,0,2,0,0,0,0,0.0,32,16.0,2020
Tua Tagovailoa,60326,QB,MIA,13,75.3,372,388,7.4,2.53,1,10,2.4,67.8,263,0,139,6.1,428,17,145,17,30.0,68.3,67.3,60.1,5,10,460,3,14.4,90.1,4.7,20,20,1,9,16,22,4.8,2653,6.8,2021
Jacoby Brissett,10725,QB,MIA,9,75.4,207,225,7.9,2.83,0,9,3.7,62.7,141,0,116,9.6,259,15,75,17,50.4,76.3,74.0,69.3,8,4,277,2,16.4,78.1,7.3,19,13,1,9,5,10,3.6,1283,5.7,2021
Mike Gesicki,47153,TE,MIA,1,0.0,1,1,26.0,4.4,0,0,0.0,0.0,0,2,0,,1,0,0,17,81.8,68.7,51.2,60.0,0,0,1,4,,39.6,0.0,0,0,0,0,0,0,0.0,0,0.0,2021
Albert Wilson,8943,WR,MIA,2,0.0,1,1,14.0,5.25,0,0,0.0,0.0,0,0,1,,2,0,0,17,77.6,59.3,67.7,66.8,0,0,2,1,100.0,39.6,50.0,1,0,0,0,0,0,0.0,0,0.0,2021
Tua Tagovailoa,60326,QB,MIA,13,74.2,376,400,10.1,2.52,5,18,4.3,64.8,259,1,111,7.2,432,20,165,17,45.9,81.9,81.4,52.0,2,8,455,4,18.9,105.5,4.9,21,10,1,16,25,19,4.2,3548,8.9,2022
Skylar Thompson,60417,QB,MIA,8,64.4,135,150,9.0,3.04,1,4,2.5,52.0,78,0,83,10.3,167,9,39,17,52.4,55.4,59.1,45.4,4,5,180,3,12.0,56.9,6.0,10,7,0,10,2,6,3.3,754,5.0,2022
Teddy Bridgewater,8667,QB,MIA,5,70.8,72,79,9.8,3.06,1,0,0.0,62.0,49,0,42,3.9,90,2,34,17,84.3,71.2,72.0,68.8,3,4,92,4,16.7,85.6,7.8,7,3,0,3,4,5,5.4,683,8.6,2022
Tua Tagovailoa,60326,QB,MIA,18,76.1,568,600,8.1,2.33,10,36,5.8,68.2,409,0,163,5.3,655,23,237,17,56.6,86.9,88.6,29.9,3,15,683,6,19.0,99.0,4.7,31,19,2,17,30,23,3.4,4878,8.1,2023
Mike White,46453,QB,MIA,4,83.3,6,6,3.7,1.67,0,1,16.7,83.3,5,0,0,0.0,6,0,1,17,73.9,52.5,46.2,60.3,0,1,6,0,,118.1,0.0,0,0,0,0,1,1,16.7,74,12.3,2023
Tua Tagovailoa,60326,QB,MIA,5,80.5,149,156,6.0,2.34,4,6,3.7,72.4,113,1,35,5.8,175,7,64,17,31.0,70.1,67.7,69.0,0,4,181,1,25.7,95.4,5.1,9,5,0,3,6,6,3.3,1155,7.4,2024
Tyler Huntley,46448,QB,MIA,3,73.3,60,66,9.5,2.7,2,1,1.4,59.1,39,0,25,11.4,82,5,22,17,85.1,62.3,57.5,71.6,1,1,91,2,28.0,73.9,8.5,7,7,0,3,1,5,5.5,377,5.7,2024
Skylar Thompson,60417,QB,MIA,2,74.2,31,33,7.6,2.78,0,0,0.0,63.6,21,0,17,8.7,40,2,8,17,20.3,39.6,41.8,55.3,1,0,41,0,35.3,78.7,15.0,6,1,0,1,0,3,7.3,187,5.7,2024
Tim Boyle,21956,QB,MIA,2,62.5,24,26,7.5,2.37,0,0,0.0,57.7,15,0,7,0.0,29,0,8,17,77.6,57.5,56.3,62.1,0,0,31,0,14.3,74.7,3.4,1,2,1,1,0,0,0.0,153,5.9,2024
Brad Johnson,31,QB,MIN,15,74.3,397,439,8.3,2.56,13,13,2.8,61.5,270,0,152,8.5,486,25,137,18,74.6,58.7,59.4,43.3,10,15,511,4,19.1,72.2,6.0,29,17,4,15,9,19,3.7,2767,6.3,2006
Tarvaris Jackson,3009,QB,MIN,4,69.3,75,81,8.5,3.03,2,3,3.5,58.0,47,0,39,9.6,103,5,21,18,56.4,46.0,43.4,63.7,1,4,108,0,20.5,62.5,7.8,8,14,1,2,2,6,5.6,475,5.9,2006
Brooks Bollinger,1502,QB,MIN,2,75.0,16,17,6.2,2.34,0,0,0.0,70.6,12,0,11,0.0,24,0,6,18,76.6,52.7,52.6,,0,1,26,0,54.5,70.2,25.0,6,0,0,1,0,0,0.0,138,8.1,2006
Mewelde Moore,1840,HB,MIN,1,100.0,1,1,22.0,2.7,0,0,0.0,100.0,1,0,1,0.0,1,0,1,18,82.6,70.6,72.7,64.3,0,0,1,0,0.0,158.3,0.0,0,0,0,0,1,0,0.0,15,15.0,2006
Tarvaris Jackson,3009,QB,MIN,12,73.0,263,294,10.1,2.91,5,6,2.0,58.2,171,0,121,10.9,345,21,110,18,72.9,59.3,57.0,67.2,4,12,354,4,15.7,70.8,5.5,19,32,7,15,9,18,5.1,1912,6.5,2007
Kelly Holcomb,148,QB,MIN,3,65.7,67,83,9.4,2.63,4,4,4.3,50.6,42,0,34,4.5,95,2,23,18,85.2,66.0,67.1,59.4,7,1,104,4,35.3,73.3,12.6,12,0,1,4,2,4,3.8,519,6.3,2007
Brooks Bollinger,1502,QB,MIN,4,76.6,47,50,6.9,2.79,0,1,1.9,66.0,33,0,20,8.3,60,3,19,18,41.7,64.3,68.7,40.1,0,1,63,0,35.0,88.0,11.7,7,3,1,2,1,1,1.6,391,7.8,2007
Sidney Rice,3660,WR,MIN,1,100.0,2,2,31.0,4.45,0,1,50.0,100.0,2,0,1,0.0,2,0,2,18,77.0,82.5,85.9,,0,0,2,0,0.0,118.8,0.0,0,0,0,0,0,0,0.0,94,47.0,2007
Chester Taylor,1182,HB,MIN,1,0.0,1,1,10.0,2.4,0,0,0.0,0.0,0,0,0,,1,0,0,18,27.7,70.2,68.9,71.4,0,0,1,1,,39.6,0.0,0,0,0,0,0,0,0.0,0,0.0,2007
Mewelde Moore,1840,HB,MIN,1,0.0,1,1,12.0,3.2,0,0,0.0,0.0,0,0,0,,1,0,0,18,27.4,60.6,68.9,62.0,0,0,1,0,,39.6,0.0,0,0,0,0,0,0,0.0,0,0.0,2007
Gus Frerotte,93,QB,MIN,11,71.0,283,301,8.4,0.0,11,11,3.4,59.1,178,0,96,11.4,334,23,101,18,84.2,57.4,60.9,29.3,2,15,356,2,30.2,73.7,8.7,29,4,1,4,12,12,3.4,2157,7.2,2008
Tarvaris Jackson,3009,QB,MIN,8,66.5,167,184,9.3,0.0,2,8,4.1,56.0,103,0,83,7.2,215,8,68,18,64.2,65.9,61.8,75.2,6,3,226,1,18.1,85.9,7.0,15,16,2,7,9,7,3.1,1221,6.6,2008
Chester Taylor,1182,HB,MIN,1,100.0,1,1,9.0,0.0,0,0,0.0,100.0,1,0,0,0.0,1,0,1,18,56.8,68.6,68.2,66.1,0,0,1,0,,122.9,0.0,0,0,0,0,1,0,0.0,4,4.0,2008
Sidney Rice,3660,WR,MIN,1,0.0,1,1,40.0,0.0,0,0,0.0,0.0,0,1,0,,1,0,0,18,73.9,67.9,53.5,,0,0,1,1,,39.6,0.0,0,0,0,0,0,0,0.0,0,0.0,2008
Brett Favre,14,QB,MIN,18,75.4,578,601,8.4,0.0,6,31,4.9,67.6,406,0,166,6.9,641,30,242,18,90.8,90.6,90.9,37.2,5,9,676,11,22.3,106.1,5.8,37,3,3,9,38,14,2.1,4746,7.9,2009
Tarvaris Jackson,3009,QB,MIN,6,80.0,20,21,5.7,0.0,0,0,0.0,66.7,14,0,6,12.5,22,2,9,18,80.1,44.2,61.7,33.4,1,0,25,1,0.0,113.4,0.0,0,1,0,0,1,0,0.0,201,9.6,2009
Sidney Rice,3660,WR,MIN,1,,0,1,,0.0,0,0,0.0,0.0,0,0,1,,1,0,0,18,65.0,89.6,60.0,,0,0,1,3,0.0,39.6,0.0,0,0,0,1,0,0,0.0,0,0.0,2009
Brett Favre,14,QB,MIN,13,69.7,343,358,8.8,0.0,4,15,3.9,60.6,217,0,129,9.2,383,22,117,18,48.5,59.5,64.1,27.7,5,19,409,9,17.1,69.9,5.7,22,3,0,6,11,16,3.9,2509,7.0,2010
Joe Webb III,5722,QB,MIN,4,68.6,86,89,8.8,0.0,2,4,4.4,60.7,54,0,37,8.5,112,5,34,18,60.2,49.1,46.4,66.1,0,3,116,1,21.6,61.1,7.1,8,15,0,1,0,6,5.2,480,5.4,2010
Tarvaris Jackson,3009,QB,MIN,3,67.3,52,58,8.8,0.0,0,3,4.9,58.6,34,0,25,2.9,68,1,20,18,46.5,54.3,55.3,51.4,0,4,71,0,24.0,63.9,8.8,6,4,0,6,3,2,2.8,341,5.9,2010
Christian Ponder,6164,QB,MIN,11,66.3,264,291,9.6,2.91,9,15,5.0,54.3,158,1,118,9.7,342,17,105,18,60.2,51.9,50.0,64.3,6,13,356,3,25.4,70.1,8.8,30,21,0,12,13,21,5.9,1853,6.4,2011
Donovan McNabb,438,QB,MIN,6,69.7,145,156,7.9,2.82,6,8,4.9,60.3,94,0,74,6.9,180,7,58,18,89.9,70.5,69.3,60.1,2,2,187,0,21.6,82.9,8.9,16,8,0,3,4,1,0.5,1026,6.6,2011
Joe Webb III,5722,QB,MIN,6,66.1,59,63,9.9,3.61,0,3,4.7,54.0,34,0,33,12.8,76,5,23,18,53.2,43.9,39.9,70.2,1,2,77,2,9.1,74.6,3.9,3,10,0,3,3,6,7.8,376,6.0,2011
Christian Ponder,6164,QB,MIN,16,72.1,452,483,6.8,2.76,6,23,4.5,62.1,300,0,176,8.0,555,26,176,18,76.1,57.0,54.8,64.0,5,12,582,1,18.2,81.2,5.8,32,40,0,20,18,25,4.3,2935,6.1,2012
Joe Webb III,5722,QB,MIN,1,50.0,26,30,15.8,3.76,0,0,0.0,36.7,11,0,17,15.4,36,2,7,18,29.1,32.9,27.1,79.2,1,1,36,1,17.6,54.9,8.3,3,3,1,2,1,4,11.1,180,6.0,2012
Matt Cassel,2447,QB,MIN,9,71.2,233,254,9.0,2.54,12,12,4.6,60.2,153,0,92,7.8,281,13,83,18,56.5,64.0,65.2,45.1,2,9,287,0,17.4,81.6,5.7,16,11,0,7,11,11,3.8,1807,7.1,2013
Christian Ponder,6164,QB,MIN,9,72.6,223,239,8.8,2.96,2,13,5.2,63.6,152,0,110,6.2,291,10,94,18,80.2,56.9,56.7,55.5,3,9,301,1,24.5,77.9,9.3,27,25,0,11,7,17,5.6,1648,6.9,2013
Josh Freeman,4940,QB,MIN,4,54.7,139,147,11.0,2.86,1,7,4.5,42.9,63,1,61,17.1,157,13,40,18,68.7,52.5,53.1,59.9,1,4,167,4,13.1,52.6,5.1,8,2,0,6,2,9,5.4,761,5.2,2013
Teddy Bridgewater,8667,QB,MIN,13,77.3,362,402,7.9,2.83,8,14,3.3,64.4,259,0,188,7.5,474,21,149,18,89.8,75.6,74.8,63.8,7,12,501,5,20.7,86.0,8.2,39,33,5,20,15,11,2.2,2920,7.3,2014
Matt Cassel,2447,QB,MIN,3,70.8,65,71,6.4,2.63,3,0,0.0,57.7,41,0,36,10.9,81,5,22,18,28.4,48.7,46.7,65.6,2,4,86,0,19.4,65.8,8.6,7,3,0,1,3,5,5.8,425,6.0,2014
Christian Ponder,6164,QB,MIN,1,60.5,43,44,8.9,2.81,0,2,4.3,50.0,22,0,27,15.4,53,4,15,18,81.2,49.6,48.3,68.4,0,2,55,1,22.2,45.8,11.3,6,3,0,1,0,1,1.8,222,5.0,2014
Teddy Bridgewater,8667,QB,MIN,17,79.2,414,471,7.4,3.0,14,17,3.4,65.6,309,0,252,5.8,547,19,175,18,70.3,68.9,66.8,64.1,2,9,579,1,18.3,88.6,8.4,46,29,0,41,14,19,3.3,3377,7.2,2015
Shaun Hill,1255,QB,MIN,2,50.0,6,7,7.2,2.79,0,0,0.0,28.6,2,0,5,33.3,8,1,0,18,73.1,43.1,39.9,61.0,0,0,8,0,20.0,39.6,12.5,1,0,0,1,0,0,0.0,15,2.1,2015
Sam Bradford,5526,QB,MIN,15,80.9,513,552,6.6,2.45,14,31,5.3,71.6,395,0,197,4.8,596,20,199,18,79.8,76.7,75.8,63.0,13,5,626,7,18.8,99.3,6.2,37,7,0,12,20,13,2.1,3877,7.0,2016
Shaun Hill,1255,QB,MIN,3,64.7,34,35,9.9,2.47,0,1,2.8,54.3,19,0,16,13.6,37,3,12,18,79.6,63.3,64.3,53.5,1,0,38,0,6.3,76.1,2.7,1,1,0,0,0,1,2.6,242,6.9,2016
Jerick McKinnon,8731,HB,MIN,1,0.0,1,1,23.0,2.5,0,0,0.0,0.0,0,0,0,,1,0,0,18,90.5,59.3,37.0,56.5,0,0,1,1,,39.6,0.0,0,0,0,0,0,1,100.0,0,0.0,2016
Case Keenum,7323,QB,MIN,17,75.1,527,569,7.9,2.72,9,25,4.0,66.4,378,0,243,4.5,615,18,218,18,92.2,81.4,77.3,86.2,11,10,666,5,10.3,94.5,4.1,25,21,0,22,24,16,2.4,4136,7.3,2017
Sam Bradford,5526,QB,MIN,2,76.7,43,43,8.4,2.51,0,4,8.9,74.4,32,0,14,3.0,48,1,17,18,80.7,67.1,65.9,60.0,0,0,50,0,35.7,124.4,10.4,5,0,0,0,3,4,8.0,382,8.9,2017
Teddy Bridgewater,8667,QB,MIN,1,100.0,2,2,2.0,3.1,0,0,0.0,0.0,0,0,1,100.0,2,2,0,18,69.1,63.8,62.0,60.5,0,1,2,0,0.0,0.0,0.0,0,0,0,0,0,0,0.0,0,0.0,2017
Ryan Quigley,7573,P,MIN,1,0.0,1,1,1.0,2.1,0,0,0.0,0.0,0,0,1,,1,0,0,18,60.4,60.7,60.3,,0,0,1,0,0.0,39.6,0.0,0,0,0,0,0,0,0.0,0,0.0,2017
Kirk Cousins,7102,QB,MIN,16,79.5,561,606,7.9,2.61,17,26,4.1,70.1,425,0,261,4.7,669,21,220,18,61.1,79.3,79.2,51.4,8,10,705,2,15.3,99.7,6.0,40,17,3,17,30,17,2.4,4298,7.1,2018
Kirk Cousins,7102,QB,MIN,17,80.3,461,504,8.3,2.87,10,24,4.4,68.8,347,0,200,6.2,549,23,186,18,42.7,84.2,85.4,30.5,6,7,586,1,18.0,105.4,6.6,36,9,0,27,28,15,2.6,4019,8.0,2019
Sean Mannion,9522,QB,MIN,1,77.8,18,21,7.4,2.65,2,2,9.1,57.1,12,0,6,14.3,21,2,6,18,77.2,78.7,80.5,56.1,1,2,22,0,0.0,35.1,0.0,0,0,0,0,0,1,4.5,126,6.0,2019
Stefon Diggs,9579,WR,MIN,3,0.0,1,1,12.0,5.87,0,0,0.0,0.0,0,0,2,,3,0,0,18,23.9,78.3,48.0,84.1,0,0,3,4,50.0,39.6,33.3,1,1,0,0,0,0,0.0,0,0.0,2019
Kirk Cousins,7102,QB,MIN,16,78.6,467,516,8.7,2.75,9,24,4.3,67.6,349,0,221,4.9,572,18,222,18,61.2,83.4,80.6,79.2,8,13,613,6,17.6,105.0,6.8,39,17,3,29,35,18,2.9,4265,8.3,2020
Kirk Cousins,7102,QB,MIN,16,77.6,508,561,8.5,2.59,9,30,5.0,66.3,372,0,206,5.6,611,22,195,18,42.4,88.2,86.8,60.0,18,7,647,4,13.6,103.1,4.6,28,15,5,21,33,18,2.8,4221,7.5,2021
Sean Mannion,9522,QB,MIN,1,72.7,33,36,7.0,2.68,1,1,2.6,61.1,22,0,13,8.3,39,2,9,18,79.4,68.9,64.4,74.4,0,0,41,0,15.4,84.1,5.1,2,1,0,2,1,0,0.0,189,5.3,2021
Justin Jefferson,61398,WR,MIN,4,66.7,3,4,2.3,4.45,0,0,0.0,50.0,2,0,3,0.0,4,0,2,18,60.9,90.1,68.2,58.0,0,0,4,1,0.0,80.2,0.0,0,0,0,1,0,0,0.0,35,8.8,2021
Kellen Mond,60556,QB,MIN,1,66.7,3,3,1.0,2.0,0,0,0.0,66.7,2,0,1,0.0,3,0,0,18,65.5,21.8,23.4,,0,0,3,0,0.0,70.1,0.0,0,0,0,0,0,1,33.3,5,1.7,2021
Kirk Cousins,7102,QB,MIN,18,76.7,621,682,7.9,2.69,12,31,4.3,66.7,455,0,269,4.4,740,21,252,18,71.1,79.3,77.7,73.6,12,14,784,8,17.1,93.7,6.2,46,12,3,34,31,23,2.9,4821,7.1,2022
Nick Mullens,12282,QB,MIN,4,87.5,24,25,7.2,2.53,0,1,4.0,84.0,21,0,7,0.0,27,0,11,18,77.3,69.0,69.9,57.1,1,1,27,0,0.0,100.7,0.0,0,2,0,0,1,2,7.4,224,9.0,2022
Justin Jefferson,61398,WR,MIN,4,100.0,3,3,-1.0,4.2,0,0,0.0,100.0,3,1,1,0.0,4,0,2,18,86.0,90.2,62.1,65.2,0,0,4,4,0.0,111.1,0.0,0,1,0,0,0,0,0.0,32,10.7,2022
Ryan Wright,77591,P,MIN,2,50.0,2,2,10.5,2.05,0,0,0.0,50.0,1,0,0,0.0,2,0,1,18,63.6,60.8,60.4,,0,0,2,0,,70.8,0.0,0,0,0,0,0,0,0.0,13,6.5,2022
Joshua Dobbs,11890,QB,MIN,13,72.1,390,417,8.0,3.03,6,12,2.7,62.8,262,1,185,6.8,485,19,143,18,49.8,65.9,59.9,82.2,6,10,524,5,16.2,79.5,6.2,30,35,0,15,13,23,4.4,2464,5.9,2023
Kirk Cousins,7102,QB,MIN,8,80.5,293,311,7.7,2.69,1,10,3.0,69.5,216,0,108,8.5,331,20,112,18,46.2,86.1,85.1,64.8,7,5,353,6,15.7,103.8,5.1,17,3,2,8,18,8,2.3,2331,7.5,2023
Nick Mullens,12282,QB,MIN,5,74.5,137,148,10.5,2.92,2,8,5.2,67.6,100,0,67,2.0,165,2,59,18,49.7,57.7,59.5,59.9,4,8,172,5,17.9,88.4,7.3,12,5,1,4,7,12,7.0,1306,8.8,2023
Jaren Hall,82094,QB,MIN,3,68.4,19,20,6.8,3.23,0,0,0.0,65.0,13,0,13,0.0,27,0,7,18,77.2,60.3,64.4,49.7,0,1,27,0,30.8,70.4,14.8,4,3,0,1,0,0,0.0,168,8.4,2023
Justin Jefferson,61398,WR,MIN,1,0.0,1,1,22.0,3.5,0,0,0.0,0.0,0,1,1,,1,0,0,18,48.1,91.1,49.2,57.2,0,0,1,1,0.0,39.6,0.0,0,0,0,0,0,0,0.0,0,0.0,2023
Sam Darnold,29048,QB,MIN,9,77.1,240,261,9.4,3.11,0,15,5.3,68.6,179,0,113,3.2,303,6,111,18,48.4,73.9,72.0,71.9,3,10,328,4,23.0,99.2,8.6,26,16,1,17,17,14,4.3,2141,8.2,2024
Nick Mullens,12282,QB,MIN,1,100.0,1,1,22.0,2.1,0,0,0.0,100.0,1,0,1,0.0,1,0,1,18,64.5,77.2,74.8,60.0,0,0,1,0,0.0,118.8,0.0,0,0,0,0,0,0,0.0,24,24.0,2024
Justin Jefferson,61398,WR,MIN,2,100.0,1,1,-4.0,5.85,0,0,0.0,100.0,1,1,1,0.0,2,0,1,18,40.8,85.9,60.3,58.3,0,0,2,2,0.0,118.8,0.0,0,1,0,0,0,0,0.0,22,22.0,2024
Tom Brady,698,QB,NE,19,73.9,589,635,9.0,2.57,12,36,5.4,61.3,389,2,209,10.6,681,46,215,19,91.2,73.7,76.0,39.0,14,16,714,4,14.4,85.8,4.4,30,15,1,19,29,18,2.5,4255,6.7,2006
Matt Cassel,2447,QB,NE,4,71.4,7,8,4.3,2.69,1,0,0.0,62.5,5,0,3,0.0,11,0,3,19,72.7,52.5,55.4,53.8,0,0,11,0,100.0,70.8,27.3,3,0,0,0,0,0,0.0,32,4.0,2006
Vinny Testaverde,2866,QB,NE,1,100.0,3,3,4.7,1.8,0,0,0.0,66.7,2,0,0,33.3,3,1,2,19,73.8,58.0,70.2,51.9,0,0,3,0,,137.5,0.0,0,0,0,0,1,0,0.0,29,9.7,2006
Tom Brady,698,QB,NE,19,78.4,654,687,9.2,2.5,7,41,5.7,69.1,475,0,215,7.4,733,38,289,19,89.9,94.0,94.0,43.8,6,11,766,2,13.5,113.8,4.0,29,17,0,20,56,10,1.3,5543,8.1,2007
Matt Cassel,2447,QB,NE,3,66.7,6,7,4.5,2.38,0,0,0.0,57.1,4,0,3,0.0,8,0,3,19,71.8,46.2,36.2,67.3,1,1,8,0,0.0,32.7,0.0,0,1,0,0,0,1,12.5,38,5.4,2007
Matt Gutierrez,3948,QB,NE,2,100.0,1,1,0.0,3.1,0,0,0.0,100.0,1,0,1,0.0,2,0,1,19,70.1,55.9,58.4,56.4,0,0,2,0,100.0,118.8,50.0,1,0,0,0,0,0,0.0,15,15.0,2007
Matt Cassel,2447,QB,NE,16,76.9,476,516,7.7,0.0,18,15,2.8,63.4,327,0,164,10.7,602,39,198,19,64.4,62.5,63.8,48.5,6,11,621,1,28.0,89.4,7.6,46,40,3,13,21,16,2.6,3695,7.2,2008
Tom Brady,698,QB,NE,1,72.7,11,11,6.8,0.0,0,0,0.0,63.6,7,0,3,12.5,11,1,3,19,71.9,50.2,50.6,,0,0,11,0,0.0,83.9,0.0,0,0,0,0,0,1,9.1,76,6.9,2008
Kevin O'Connell,4408,QB,NE,2,66.7,6,6,5.2,0.0,0,0,0.0,66.7,4,0,1,0.0,7,0,1,19,72.0,44.6,49.2,49.6,0,0,7,0,100.0,73.6,14.3,1,0,0,0,0,0,0.0,23,3.8,2008
Kevin Faulk,470,HB,NE,1,100.0,1,1,-4.0,0.0,0,0,0.0,100.0,1,0,0,0.0,1,0,0,19,88.5,67.4,60.3,64.0,0,0,1,0,,79.2,0.0,0,0,0,0,0,0,0.0,-2,-2.0,2008
Tom Brady,698,QB,NE,17,75.2,576,607,8.9,0.0,5,30,4.6,64.9,394,0,157,9.0,632,39,224,19,91.3,76.2,79.2,29.1,9,16,672,7,12.1,92.9,3.0,19,6,0,17,30,12,1.8,4552,7.5,2009
Brian Hoyer,5277,QB,NE,4,74.1,27,27,3.4,0.0,0,0,0.0,70.4,19,0,3,5.0,32,1,10,19,79.8,56.3,60.0,50.6,0,0,35,0,66.7,82.6,6.3,2,3,0,0,0,0,0.0,142,5.3,2009
Tom Brady,698,QB,NE,17,77.6,514,537,8.0,0.0,6,24,4.2,65.7,353,0,171,11.5,572,46,211,19,87.9,86.6,88.1,35.5,6,5,602,2,17.5,109.2,5.2,30,5,0,11,38,8,1.3,4199,7.8,2010
Brian Hoyer,5277,QB,NE,3,66.7,15,15,10.7,0.0,0,1,6.7,46.7,7,0,4,30.0,16,3,7,19,77.2,60.6,63.6,53.5,0,1,16,1,0.0,69.3,0.0,0,1,0,0,1,1,6.3,122,8.1,2010
Tom Brady,698,QB,NE,19,74.9,690,722,8.7,2.57,9,48,6.3,65.9,476,1,205,7.9,771,41,313,19,90.7,88.9,90.3,35.4,7,16,807,5,17.1,104.8,4.5,35,14,2,14,47,15,1.9,6113,8.5,2011
Brian Hoyer,5277,QB,NE,1,100.0,1,1,22.0,2.5,0,0,0.0,100.0,1,0,0,0.0,1,0,1,19,69.4,68.5,74.0,56.9,0,0,1,0,,118.8,0.0,0,0,0,0,0,0,0.0,22,22.0,2011
Tom Brady,698,QB,NE,18,74.5,682,731,9.0,2.45,10,41,5.3,62.2,455,0,191,10.4,765,53,292,19,91.5,90.3,88.6,56.6,12,10,808,3,14.7,96.9,3.7,28,6,5,22,38,12,1.5,5491,7.5,2012
Ryan Mallett,6226,QB,NE,2,50.0,4,4,5.5,2.2,0,0,0.0,25.0,1,0,1,50.0,4,1,1,19,74.0,48.0,47.9,54.6,0,1,5,0,0.0,5.2,0.0,0,0,0,0,0,0,0.0,17,4.3,2012
Tom Brady,698,QB,NE,18,71.9,658,691,8.9,2.47,4,34,4.6,60.3,417,0,237,11.8,739,56,251,19,67.5,79.0,80.9,28.8,9,11,785,2,18.6,87.3,6.0,44,4,4,16,26,20,2.5,4818,7.0,2013
Tom Brady,698,QB,NE,19,75.6,669,717,8.4,2.36,10,28,3.7,65.0,466,0,213,7.9,753,40,280,19,85.6,85.7,84.2,54.9,11,13,802,2,11.7,97.9,3.3,25,11,0,27,43,18,2.2,5029,7.0,2014
Jimmy Garoppolo,8697,QB,NE,3,79.2,24,27,6.2,3.06,0,0,0.0,70.4,19,0,15,0.0,34,0,9,19,80.2,53.1,51.0,61.8,1,0,37,0,33.3,101.2,14.7,5,2,0,2,1,2,5.4,182,6.7,2014
Julian Edelman,5156,WR,NE,1,100.0,1,1,33.0,0.8,0,1,100.0,100.0,1,0,0,0.0,1,0,1,19,28.9,78.0,86.8,55.2,0,0,1,1,,158.3,0.0,0,0,0,0,1,0,0.0,51,51.0,2014
Tom Brady,698,QB,NE,18,76.2,664,722,8.3,2.34,10,40,5.2,63.3,457,0,271,9.7,774,49,262,19,89.8,91.7,90.4,78.0,14,9,824,1,15.9,98.7,5.6,43,9,2,32,39,16,1.9,5382,7.5,2015
Jimmy Garoppolo,8697,QB,NE,1,75.0,4,4,3.0,2.1,0,0,0.0,25.0,1,0,0,66.7,4,2,0,19,72.0,66.9,66.1,61.3,0,0,4,0,,39.6,0.0,0,0,0,0,0,0,0.0,6,1.5,2015
Danny Amendola,4717,WR,NE,1,100.0,1,1,7.0,4.0,0,0,0.0,100.0,1,2,0,0.0,1,0,1,19,69.1,75.2,68.2,59.5,0,0,1,4,,118.8,0.0,0,0,0,0,0,0,0.0,36,36.0,2015
Tom Brady,698,QB,NE,15,78.3,526,574,8.7,2.53,7,41,6.7,66.9,384,0,187,6.8,614,28,226,19,90.8,94.9,94.2,58.7,4,5,654,2,12.8,108.6,3.9,24,14,2,35,35,8,1.2,4691,8.2,2016
Jimmy Garoppolo,8697,QB,NE,6,76.7,60,63,8.1,2.3,0,4,5.8,68.3,43,0,22,6.5,69,3,23,19,50.7,73.8,75.8,52.9,2,0,76,1,13.6,113.3,4.3,3,2,0,1,4,1,1.3,502,8.0,2016
Jacoby Brissett,10725,QB,NE,3,78.0,50,55,7.2,2.63,1,1,1.6,61.8,34,0,21,12.8,68,5,19,19,23.1,51.9,53.1,51.3,3,0,75,0,28.6,83.9,8.8,6,7,0,1,0,5,6.7,400,7.3,2016
Julian Edelman,5156,WR,NE,1,0.0,1,1,26.0,3.0,0,0,0.0,0.0,0,1,0,,1,0,0,19,40.0,80.3,72.1,45.3,0,0,1,5,,39.6,0.0,0,0,0,0,0,0,0.0,0,0.0,2016
Tom Brady,698,QB,NE,19,75.1,678,720,9.6,2.62,9,49,6.3,65.8,474,0,239,6.9,767,35,289,19,87.6,94.1,93.3,57.4,6,8,827,2,16.3,103.9,5.1,39,8,2,25,40,16,1.9,5709,7.9,2017
Brian Hoyer,5277,QB,NE,8,68.8,202,211,8.4,2.39,3,9,4.1,58.3,123,0,77,11.5,229,16,65,19,81.4,63.6,65.5,44.6,1,4,241,3,20.8,74.5,7.0,16,1,0,5,4,8,3.3,1287,6.1,2017
Danny Amendola,4717,WR,NE,2,100.0,2,2,1.0,3.75,0,0,0.0,50.0,1,1,0,50.0,2,1,0,19,69.4,77.4,56.1,56.2,0,0,2,3,,85.4,0.0,0,0,0,0,0,0,0.0,20,10.0,2017
Tom Brady,698,QB,NE,19,76.0,653,695,8.1,2.45,6,33,4.5,66.2,460,0,175,7.3,723,36,259,19,78.9,90.7,88.5,74.7,4,14,761,1,12.6,95.5,3.0,22,5,2,30,31,20,2.6,5308,7.6,2018
Julian Edelman,5156,WR,NE,2,100.0,2,2,-0.5,3.25,0,0,0.0,100.0,2,1,2,0.0,2,0,1,19,89.9,82.4,61.6,79.6,0,0,2,6,0.0,118.8,0.0,0,0,0,0,0,0,0.0,43,21.5,2018
Brian Hoyer,5277,QB,NE,2,50.0,2,2,1.0,1.35,0,0,0.0,50.0,1,0,0,0.0,2,0,0,19,74.4,64.9,55.5,67.3,0,0,2,0,,58.3,0.0,0,0,0,0,0,0,0.0,7,3.5,2018
Tom Brady,698,QB,NE,17,72.6,592,650,8.0,2.63,6,23,3.3,60.5,393,0,197,8.6,680,37,206,19,82.7,79.0,76.0,73.0,6,9,727,4,13.7,86.4,4.0,27,3,0,46,24,18,2.5,4266,6.6,2019
Jarrett Stidham,13725,QB,NE,2,50.0,4,4,4.3,2.4,0,0,0.0,50.0,2,0,1,0.0,5,0,1,19,70.2,27.2,26.3,60.0,0,1,5,0,100.0,18.8,20.0,1,0,0,0,0,1,20.0,14,3.5,2019
Julian Edelman,5156,WR,NE,2,100.0,2,2,7.0,3.5,0,0,0.0,100.0,2,0,1,0.0,2,0,2,19,39.6,71.4,71.8,56.1,0,0,2,7,0.0,158.3,0.0,0,0,0,0,1,0,0.0,47,23.5,2019
James White,8765,HB,NE,1,100.0,1,1,9.0,2.7,0,0,0.0,100.0,1,0,0,0.0,1,0,1,19,88.7,76.5,72.9,66.6,0,0,1,1,,118.8,0.0,0,0,0,0,0,0,0.0,35,35.0,2019
Cam Newton,6153,QB,NE,15,78.1,334,368,7.3,2.84,13,11,2.8,65.8,242,0,130,7.3,420,19,141,19,76.0,70.9,67.8,66.2,6,10,444,1,23.8,82.9,7.4,31,20,2,13,8,10,2.3,2657,7.2,2020
Jarrett Stidham,13725,QB,NE,5,68.6,35,44,6.9,2.91,2,0,0.0,50.0,22,0,21,8.3,50,2,13,19,81.6,42.6,44.9,49.4,1,3,53,0,19.0,54.7,8.0,4,2,0,6,2,2,3.8,256,5.8,2020
Brian Hoyer,5277,QB,NE,1,69.6,23,24,8.0,2.51,0,1,4.2,62.5,15,0,7,6.3,27,1,9,19,25.2,58.8,56.3,63.9,0,1,27,0,28.6,59.4,7.4,2,1,0,1,0,3,11.1,130,5.4,2020
Julian Edelman,5156,WR,NE,1,100.0,2,2,-1.5,3.85,0,0,0.0,100.0,2,0,0,0.0,2,0,2,19,75.8,68.8,61.6,62.6,0,0,2,0,,118.8,0.0,0,0,0,0,0,0,0.0,38,19.0,2020
Jakobi Meyers,47468,WR,NE,2,100.0,2,2,20.0,3.65,0,1,50.0,100.0,2,0,1,0.0,2,0,2,19,46.4,78.6,85.4,60.3,0,0,2,3,0.0,158.3,0.0,0,0,0,0,2,0,0.0,43,21.5,2020
Mac Jones,60323,QB,NE,18,75.0,525,559,8.3,2.62,10,26,4.4,67.3,376,0,170,4.6,609,18,199,19,77.6,80.0,78.5,72.1,2,15,644,7,18.2,91.3,5.1,31,17,2,20,24,16,2.5,4033,7.2,2021
Brian Hoyer,5277,QB,NE,3,81.8,11,11,8.8,2.12,0,1,9.1,81.8,9,0,2,0.0,11,0,8,19,76.7,83.6,81.9,67.7,0,0,11,0,0.0,149.1,0.0,0,0,0,0,1,0,0.0,227,20.6,2021
Jakobi Meyers,47468,WR,NE,1,100.0,2,2,5.0,3.75,0,1,50.0,100.0,2,0,1,0.0,2,0,1,19,83.7,74.7,78.1,63.1,0,0,2,3,0.0,118.8,0.0,0,0,0,0,0,0,0.0,45,22.5,2021
Kendrick Bourne,12270,WR,NE,1,100.0,1,1,22.0,3.4,0,0,0.0,100.0,1,0,1,0.0,1,0,1,19,51.6,77.8,71.0,76.3,0,0,1,3,0.0,158.3,0.0,0,0,0,0,1,0,0.0,25,25.0,2021
Mac Jones,60323,QB,NE,14,74.3,412,442,8.2,2.69,7,22,4.7,65.2,288,0,145,5.9,496,18,134,19,90.1,67.5,68.7,56.2,1,11,523,8,23.4,84.8,6.9,34,20,2,20,14,14,2.7,2997,6.8,2022
Bailey Zappe,60396,QB,NE,4,80.0,85,92,7.4,2.77,3,1,1.0,70.7,65,0,26,4.4,99,3,37,19,26.1,67.1,74.0,29.9,0,3,109,3,23.1,100.9,6.1,6,1,0,4,5,2,1.8,781,8.5,2022
Brian Hoyer,5277,QB,NE,1,83.3,6,6,4.2,1.97,0,0,0.0,83.3,5,0,3,0.0,7,0,2,19,69.6,63.7,62.9,,0,0,7,0,33.3,92.4,14.3,1,0,0,0,0,0,0.0,37,6.2,2022
Mac Jones,60323,QB,NE,11,72.3,328,345,7.4,2.42,5,11,3.1,64.9,224,0,119,5.5,379,13,104,19,53.8,52.2,52.2,61.3,4,12,395,4,18.5,77.0,5.8,22,12,0,8,10,23,5.8,2120,6.1,2023
Bailey Zappe,60396,QB,NE,10,68.7,198,212,8.1,2.75,4,10,4.6,59.9,127,0,103,6.6,247,9,57,19,62.2,52.2,51.1,63.3,0,9,253,1,24.3,68.8,10.1,25,10,1,9,6,10,4.0,1272,6.0,2023
Jacoby Brissett,10725,QB,NE,6,70.9,141,159,7.4,2.9,1,5,2.9,59.1,94,0,82,6.0,186,6,45,19,36.9,59.4,58.8,56.7,5,1,198,2,22.0,74.6,9.7,18,9,1,11,2,6,3.0,828,5.2,2024
Drake Maye,143969,QB,NE,6,73.4,139,150,7.6,2.99,2,9,5.5,64.7,97,0,70,4.9,188,5,61,19,54.3,66.9,58.5,90.3,2,5,203,1,20.0,84.1,7.4,14,23,1,6,7,12,5.9,954,6.4,2024
Drew Brees,802,QB,NO,18,77.3,581,635,8.0,2.6,23,33,5.0,63.5,403,0,190,10.2,672,46,227,20,83.7,83.2,86.5,29.9,5,12,697,6,12.6,95.3,3.6,24,12,2,24,29,21,3.0,5022,7.9,2006
Jamie Martin,63,QB,NO,1,76.2,21,24,8.2,2.75,0,3,12.0,66.7,16,0,15,0.0,29,0,6,20,17.2,37.6,40.7,,2,1,30,1,33.3,90.3,17.2,5,0,0,1,1,4,13.3,208,8.7,2006
Reggie Bush,2947,HB,NO,1,0.0,1,1,23.0,3.4,0,0,0.0,0.0,0,0,0,,1,0,0,20,59.9,66.3,52.5,54.9,0,1,1,1,,0.0,0.0,0,0,0,0,0,0,0.0,0,0.0,2006
Joe Horn,199,WR,NO,1,0.0,1,1,6.0,2.7,0,0,0.0,0.0,0,1,0,,1,0,0,20,78.2,77.3,48.4,,0,0,1,2,,39.6,0.0,0,0,0,0,0,0,0.0,0,0.0,2006
Drew Brees,802,QB,NO,16,79.2,610,652,7.5,2.44,18,25,3.7,67.5,440,0,163,8.9,675,43,237,20,88.3,83.9,83.4,49.0,6,18,707,5,9.8,89.4,2.4,16,7,2,16,28,21,3.0,4423,6.8,2007
Drew Brees,802,QB,NO,16,75.1,598,635,8.5,0.0,17,28,4.2,65.0,413,0,173,8.0,653,36,234,20,92.2,81.9,81.7,41.6,6,17,681,4,7.5,96.3,2.0,13,5,6,8,34,16,2.3,5074,8.0,2008
Lance Moore,2718,WR,NO,1,0.0,1,1,17.0,0.0,0,0,0.0,0.0,0,0,1,,1,0,0,20,82.1,76.3,49.1,,0,1,1,1,0.0,0.0,0.0,0,0,0,0,0,0,0.0,0,0.0,2008
Drew Brees,802,QB,NO,18,79.0,581,616,8.4,0.0,17,32,5.0,70.6,435,0,165,5.2,643,24,253,20,62.9,87.7,87.8,38.8,9,11,671,4,13.3,110.8,3.4,22,5,2,7,42,15,2.2,5120,8.3,2009
Mark Brunell,51,QB,NO,2,61.5,26,29,6.9,0.0,0,0,0.0,51.7,15,0,9,6.3,30,1,6,20,78.3,45.8,47.2,49.6,3,1,31,0,11.1,45.5,3.3,1,0,0,0,0,1,3.2,102,3.5,2009
Drew Brees,802,QB,NO,17,77.7,676,718,7.9,0.0,11,44,5.9,67.8,487,0,209,7.2,747,38,259,20,83.1,87.1,87.0,36.0,3,22,776,5,12.4,91.2,3.5,26,3,5,23,35,22,2.8,5024,7.0,2010
Chase Daniel,5214,QB,NO,2,66.7,3,3,2.0,0.0,0,0,0.0,66.7,2,0,1,0.0,5,0,1,20,68.0,48.1,53.6,55.3,0,0,5,0,100.0,79.9,20.0,1,1,0,0,0,0,0.0,16,5.3,2010
Drew Brees,802,QB,NO,18,78.9,730,763,8.2,2.67,6,65,8.2,70.9,541,0,210,6.1,806,35,327,20,91.6,93.2,92.6,57.9,9,16,840,6,13.8,110.5,3.6,29,14,4,14,53,24,2.9,6398,8.4,2011
Chase Daniel,5214,QB,NO,2,75.0,4,4,4.8,2.75,0,0,0.0,75.0,3,0,1,0.0,4,0,2,20,71.0,47.2,53.4,53.2,0,0,5,1,0.0,85.4,0.0,0,0,0,0,0,0,0.0,20,5.0,2011
Drew Brees,802,QB,NO,16,76.2,618,670,8.9,2.72,12,53,7.6,63.0,422,0,200,10.4,699,49,268,20,88.6,84.7,83.9,41.6,7,19,725,6,13.0,96.3,3.7,26,3,3,30,43,27,3.7,5177,7.7,2012
Chase Daniel,5214,QB,NO,2,100.0,1,1,-2.0,2.1,0,0,0.0,100.0,1,0,0,0.0,1,0,1,20,69.8,65.0,58.4,66.0,0,0,3,0,,108.3,0.0,0,0,0,0,0,0,0.0,10,10.0,2012
Drew Brees,802,QB,NO,18,76.2,681,723,8.4,2.74,8,43,5.6,67.8,490,0,227,5.6,776,29,276,20,72.7,84.1,86.8,37.0,6,14,822,12,17.6,102.4,5.2,40,13,2,26,41,31,3.8,5721,7.9,2013
Luke McCown,1827,QB,NO,1,0.0,1,1,24.0,3.2,0,0,0.0,0.0,0,0,1,,1,0,0,20,68.2,52.6,54.4,56.3,0,0,1,0,0.0,39.6,0.0,0,0,0,0,0,0,0.0,0,0.0,2013
Drew Brees,802,QB,NO,16,80.2,607,659,8.1,2.61,13,30,4.3,69.2,456,0,231,6.4,702,31,267,20,70.3,89.1,88.4,48.5,9,17,740,3,12.6,97.0,4.1,29,14,6,24,33,28,3.8,4952,7.5,2014
Drew Brees,802,QB,NO,15,77.0,592,627,8.2,2.47,7,32,4.8,68.3,428,0,190,6.1,661,28,230,20,74.4,86.8,84.8,65.7,6,11,706,5,16.3,101.0,4.7,31,3,2,20,32,23,3.3,4870,7.8,2015
Luke McCown,1827,QB,NO,2,89.5,38,39,7.4,2.72,1,2,4.4,82.1,32,0,8,5.9,40,2,19,20,44.4,77.5,79.5,60.0,0,1,46,0,12.5,91.8,2.5,1,0,0,0,0,1,2.2,335,8.6,2015
Travaris Cadet,7457,HB,NO,1,0.0,1,1,14.0,3.0,0,0,0.0,0.0,0,0,0,,1,0,0,20,79.5,61.1,48.6,55.3,0,0,1,0,,39.6,0.0,0,0,0,0,0,0,0.0,0,0.0,2015
Drew Brees,802,QB,NO,16,79.8,625,673,7.7,2.34,15,31,4.4,70.0,471,0,172,5.6,704,28,262,20,82.6,83.2,82.5,53.8,4,15,739,11,15.7,101.7,3.8,27,3,7,22,37,26,3.5,5208,7.7,2016
Willie Snead IV,8999,WR,NO,1,100.0,1,1,23.0,3.1,0,0,0.0,100.0,1,0,1,0.0,1,0,1,20,29.5,79.6,72.1,,0,0,1,1,0.0,158.3,0.0,0,0,0,0,1,0,0.0,50,50.0,2016
Drew Brees,802,QB,NO,18,80.1,567,609,7.4,2.51,5,36,5.7,71.3,434,0,146,4.4,638,20,236,20,89.7,89.2,87.9,56.7,4,11,667,6,15.8,103.5,3.6,23,5,3,30,28,19,2.8,5004,8.2,2017
Willie Snead IV,8999,WR,NO,1,0.0,1,1,23.0,2.7,0,0,0.0,0.0,0,0,0,,1,0,0,20,73.6,60.2,52.2,,0,0,1,0,,39.6,0.0,0,0,0,0,0,0,0.0,0,0.0,2017
Drew Brees,802,QB,NO,17,81.5,541,567,7.7,2.48,7,31,5.2,73.7,418,0,152,5.2,592,23,226,20,78.9,94.0,93.6,70.3,3,7,627,8,13.8,112.9,3.5,21,4,1,15,36,15,2.4,4542,8.0,2018
Teddy Bridgewater,8667,QB,NO,2,66.7,21,23,7.3,3.34,1,0,0.0,60.9,14,0,12,0.0,28,0,9,20,79.1,58.4,59.4,55.6,0,1,29,0,16.7,70.6,7.1,2,3,0,1,1,1,3.4,118,5.1,2018
Taysom Hill,12112,QB,NO,9,75.0,8,8,16.4,3.36,0,1,11.1,37.5,3,0,6,50.0,12,3,4,20,87.4,67.2,57.9,74.1,0,1,13,1,16.7,27.1,8.3,1,3,0,0,0,1,7.7,64,8.0,2018
Drew Brees,802,QB,NO,12,83.2,386,411,6.9,2.4,3,11,2.5,74.7,307,0,107,4.4,427,14,171,20,87.7,90.8,89.7,65.9,5,5,453,2,14.0,114.3,3.5,15,1,5,12,28,10,2.2,3187,7.8,2019
Teddy Bridgewater,8667,QB,NO,7,80.6,180,196,6.1,2.87,3,7,3.4,67.9,133,0,74,8.3,220,12,70,20,77.3,73.4,71.9,67.1,3,2,236,2,16.2,99.1,5.5,12,12,0,10,9,5,2.1,1384,7.1,2019
Taysom Hill,12112,QB,NO,7,83.3,6,7,22.7,3.68,0,1,14.3,57.1,4,0,5,20.0,10,1,5,20,82.8,88.7,88.0,83.5,0,0,10,0,20.0,101.8,10.0,1,2,0,1,0,0,0.0,105,15.0,2019
Alvin Kamara,11822,HB,NO,1,100.0,1,1,10.0,2.8,0,0,0.0,100.0,1,0,0,0.0,1,0,1,20,60.3,68.9,69.7,67.2,0,0,1,2,,118.8,0.0,0,0,0,0,0,0,0.0,13,13.0,2019
Drew Brees,802,QB,NO,14,78.9,435,463,6.5,2.47,7,16,3.3,69.5,322,0,122,6.1,478,21,168,20,71.6,71.5,69.5,70.2,3,9,498,3,10.7,101.4,2.7,13,2,2,16,27,22,4.4,3341,7.2,2020
Taysom Hill,12112,QB,NO,13,82.6,115,121,7.3,3.0,1,3,2.3,72.7,88,0,58,7.4,155,7,52,20,20.0,67.7,69.1,73.9,1,2,163,4,25.9,98.8,9.7,15,18,0,4,4,7,4.3,928,7.7,2020
Jameis Winston,9434,QB,NO,3,66.7,12,12,7.5,2.73,0,0,0.0,66.7,8,0,6,0.0,15,0,6,20,76.6,43.8,46.5,56.6,0,0,16,1,33.3,130.9,13.3,2,1,0,0,1,1,6.3,131,10.9,2020
Trevor Siemian,9683,QB,NO,6,69.5,167,188,8.2,2.73,6,11,5.4,57.4,108,0,57,6.9,200,8,62,20,70.6,64.4,63.6,62.2,1,3,218,1,15.8,88.4,4.5,9,3,0,14,11,6,2.8,1154,6.1,2021
Jameis Winston,9434,QB,NO,7,72.5,142,161,9.5,3.09,5,12,7.1,59.0,95,0,80,7.8,191,8,67,20,56.9,74.0,66.2,90.0,5,3,199,4,13.8,102.8,5.8,11,17,0,9,14,6,3.0,1170,7.3,2021
Taysom Hill,12112,QB,NO,11,73.2,123,134,8.1,2.94,1,2,1.5,58.2,78,0,62,13.3,160,12,49,20,72.5,75.0,59.6,91.9,1,5,162,3,14.5,75.4,5.6,9,16,2,7,4,8,4.9,978,7.3,2021
Ian Book,40216,QB,NO,1,72.2,18,20,4.2,3.77,0,0,0.0,60.0,12,0,17,7.7,30,1,5,20,77.8,54.1,53.0,59.9,0,2,31,1,47.1,40.6,26.7,8,2,0,2,0,1,3.2,135,6.8,2021
Blake Gillikin,45045,P,NO,1,0.0,1,1,9.0,1.9,0,0,0.0,0.0,0,0,0,,1,0,0,20,60.4,47.8,51.7,,0,0,1,0,,39.6,0.0,0,0,0,0,0,0,0.0,0,0.0,2021
Andy Dalton,6187,QB,NO,14,76.8,349,378,8.4,2.59,7,16,4.1,66.7,252,0,118,6.0,415,16,136,20,67.2,82.1,81.0,64.4,5,9,431,3,21.2,95.2,6.0,25,11,0,17,18,10,2.3,2871,7.6,2022
Jameis Winston,9434,QB,NO,3,71.7,106,115,12.0,2.64,2,7,5.7,63.5,73,0,42,3.9,129,3,35,20,39.6,65.3,66.9,37.5,1,5,137,1,26.2,79.5,8.5,11,3,2,4,4,7,5.1,858,7.5,2022
Taysom Hill,12112,TE,NO,12,72.2,18,19,14.1,2.64,0,3,15.0,68.4,13,0,7,0.0,21,0,11,20,49.1,75.6,84.7,82.9,0,0,23,1,28.6,146.3,9.5,2,0,0,1,2,0,0.0,240,12.6,2022
Derek Carr,8671,QB,NO,17,76.8,514,548,8.2,2.57,3,18,3.2,68.4,375,0,181,5.1,588,20,187,20,61.9,77.2,77.0,46.6,6,8,609,4,17.1,97.7,5.3,31,9,0,25,25,14,2.3,3878,7.1,2023
Jameis Winston,9434,QB,NO,4,60.0,45,47,12.7,2.41,0,3,6.0,53.2,25,0,15,7.4,49,2,10,20,81.5,56.3,55.8,61.3,0,3,52,1,13.3,57.4,4.1,2,0,0,2,2,3,5.8,264,5.6,2023
Taysom Hill,12112,TE,NO,10,60.0,10,11,13.8,3.11,1,0,0.0,54.5,6,0,5,0.0,16,0,6,20,67.7,75.3,51.6,86.1,0,0,17,0,40.0,109.3,12.5,2,3,0,0,1,0,0.0,83,7.5,2023
Derek Carr,8671,QB,NO,7,78.8,165,184,8.9,2.63,3,11,5.6,67.4,124,0,62,4.6,198,6,62,20,74.3,83.1,84.7,43.5,0,4,212,3,9.7,102.9,3.0,6,5,0,16,11,4,1.9,1494,8.1,2024
Spencer Rattler,97408,QB,NO,3,75.0,88,99,7.4,2.79,2,1,1.0,59.6,59,0,45,10.6,119,7,25,20,24.6,55.9,55.4,58.4,3,2,127,0,31.1,70.7,11.8,14,6,0,6,1,5,3.9,571,5.8,2024
Jake Haener,60596,QB,NO,4,60.7,28,29,9.3,2.79,0,2,6.5,48.3,14,0,17,17.6,36,3,8,20,79.4,60.8,60.0,61.2,1,0,38,0,11.8,79.2,5.6,2,4,0,0,1,0,0.0,177,6.1,2024
Taysom Hill,12112,TE,NO,2,50.0,2,2,-2.0,3.7,0,0,0.0,50.0,1,0,2,0.0,2,0,0,20,80.0,69.7,55.0,84.5,0,0,2,0,0.0,56.3,0.0,0,0,0,0,0,0,0.0,3,1.5,2024
Eli Manning,1722,QB,NYG,17,67.9,511,549,9.0,2.7,14,22,3.8,57.7,317,0,201,8.6,582,30,174,21,77.7,60.5,62.3,34.2,4,19,613,5,12.9,77.4,4.5,26,7,3,17,26,33,5.4,3408,6.2,2006
Eli Manning,1722,QB,NYG,20,68.7,611,648,9.7,2.72,15,35,5.1,56.9,369,0,218,12.1,696,51,217,21,59.3,70.8,74.6,29.4,8,21,730,9,16.5,77.9,5.2,36,12,3,11,29,29,4.0,4190,6.5,2007
Jared Lorenzen,2107,QB,NYG,2,62.5,8,8,13.9,2.84,0,0,0.0,50.0,4,0,7,20.0,10,1,1,21,71.4,50.2,54.7,55.3,0,0,10,0,14.3,58.3,10.0,1,1,0,0,0,0,0.0,28,3.5,2007
Anthony Wright,577,QB,NYG,2,28.6,7,7,10.4,3.37,0,0,0.0,14.3,1,0,2,50.0,7,1,1,21,71.1,45.4,46.1,59.8,0,0,8,0,0.0,39.6,0.0,0,0,0,0,0,0,0.0,12,1.7,2007
Eli Manning,1722,QB,NYG,17,71.9,484,508,9.4,0.0,11,20,3.7,59.8,304,0,133,12.6,539,44,180,21,76.0,64.3,65.8,39.8,4,12,578,7,20.3,83.8,5.0,27,4,1,8,21,18,3.1,3407,6.7,2008
David Carr,1009,QB,NYG,2,75.0,12,12,11.0,0.0,0,3,23.1,75.0,9,0,5,0.0,16,0,7,21,76.1,89.0,92.8,57.0,0,0,17,0,20.0,144.1,6.3,1,3,0,0,2,0,0.0,115,9.6,2008
Eli Manning,1722,QB,NYG,16,72.3,484,509,9.3,0.0,11,30,5.6,62.3,317,0,165,9.4,546,33,187,21,61.5,77.2,78.0,33.3,6,14,577,4,18.2,93.3,5.5,30,7,2,6,27,17,2.9,4037,7.9,2009
David Carr,1009,QB,NYG,6,71.0,31,33,8.5,0.0,1,0,0.0,63.6,21,0,7,4.5,39,1,13,21,80.1,54.2,55.0,54.0,0,0,42,1,28.6,93.6,5.1,2,4,1,0,1,0,0.0,225,6.8,2009
Eli Manning,1722,QB,NYG,16,74.3,513,539,9.5,0.0,6,36,6.3,62.9,339,0,174,11.0,565,42,195,21,79.6,81.1,82.4,39.2,5,25,597,4,9.2,85.3,2.8,16,10,1,14,31,23,3.9,4002,7.4,2010
Eli Manning,1722,QB,NYG,20,73.2,698,752,10.1,2.73,9,70,8.9,61.8,465,0,314,9.0,803,46,279,21,86.3,87.4,90.1,30.7,9,17,841,10,12.4,95.1,4.9,39,12,2,34,38,27,3.2,6153,8.2,2011
Eli Manning,1722,QB,NYG,16,69.9,505,536,10.1,2.68,10,46,8.0,59.9,321,0,168,9.1,564,32,190,21,85.0,78.7,79.3,38.1,7,15,608,5,11.3,87.2,3.4,19,9,0,14,26,22,3.6,3948,7.4,2012
David Carr,1009,QB,NYG,2,66.7,3,3,5.3,2.55,0,0,0.0,66.7,2,0,1,0.0,4,0,1,21,21.2,38.7,35.6,57.9,0,0,4,0,100.0,84.0,25.0,1,0,0,0,0,0,0.0,19,6.3,2012
Eli Manning,1722,QB,NYG,16,67.2,516,551,10.1,2.73,7,29,5.0,57.5,317,0,240,8.6,596,30,177,21,67.2,68.8,70.6,47.5,3,27,625,12,16.3,69.4,6.5,39,6,0,25,18,33,5.3,3818,6.9,2013
Curtis Painter,5125,QB,NYG,3,62.5,16,16,7.5,2.68,0,0,0.0,50.0,8,0,5,20.0,17,2,2,21,16.8,28.5,39.5,28.3,0,2,18,0,20.0,19.0,5.9,1,0,0,0,0,2,11.1,57,3.6,2013
Eli Manning,1722,QB,NYG,16,72.5,564,601,9.2,2.49,5,17,2.7,63.1,379,0,181,7.3,635,30,220,21,66.2,70.9,69.6,58.6,3,14,670,4,15.5,92.1,4.4,28,6,1,28,30,28,4.2,4410,7.3,2014
Ryan Nassib,7892,QB,NYG,1,100.0,5,5,3.4,2.9,0,0,0.0,80.0,4,0,3,20.0,7,1,2,21,22.8,42.4,40.9,60.0,0,0,8,0,66.7,116.7,28.6,2,0,0,0,0,0,0.0,60,12.0,2014
Odell Beckham Jr.,8647,WR,NYG,2,0.0,1,1,55.0,4.1,0,0,0.0,0.0,0,0,1,,2,0,0,21,87.4,90.8,59.2,60.5,0,0,2,2,0.0,39.6,0.0,0,1,0,0,0,0,0.0,0,0.0,2014
Eli Manning,1722,QB,NYG,16,74.1,572,618,8.1,2.47,10,22,3.3,62.6,387,0,222,8.7,653,37,210,21,52.1,65.7,65.2,60.6,11,14,699,7,12.2,93.6,4.1,27,8,1,24,35,30,4.3,4436,7.2,2015
Ryan Nassib,7892,QB,NYG,1,100.0,5,5,9.8,2.5,0,0,0.0,100.0,5,0,0,0.0,5,0,4,21,68.0,62.9,62.5,,0,0,5,0,,158.3,0.0,0,0,0,0,1,0,0.0,68,13.6,2015
Eli Manning,1722,QB,NYG,17,71.6,612,642,8.4,2.4,15,22,3.3,62.3,400,0,198,8.7,670,38,206,21,61.9,64.4,63.2,56.4,4,17,705,2,11.6,85.1,3.4,23,4,0,11,27,34,4.8,4326,6.7,2016
Eli Manning,1722,QB,NYG,15,72.7,543,571,7.6,2.4,6,19,3.1,61.6,352,0,177,10.9,607,43,174,21,47.9,68.9,67.8,59.6,6,13,645,3,17.5,80.4,5.1,31,5,0,16,19,24,3.7,3468,6.1,2017
Geno Smith,7820,QB,NYG,2,74.2,31,36,6.3,2.97,2,1,2.7,58.3,21,0,20,8.7,42,2,10,21,29.2,70.9,72.5,58.8,0,0,43,1,15.0,84.5,7.1,3,3,0,3,1,1,2.3,212,5.9,2017
Shane Vereen,6208,HB,NYG,1,0.0,1,1,20.0,2.8,0,0,0.0,0.0,0,0,0,,1,0,0,21,86.2,57.9,33.1,57.6,0,1,1,0,,0.0,0.0,0,0,0,0,0,1,100.0,0,0.0,2017
Eli Manning,1722,QB,NYG,16,74.9,542,576,7.8,2.52,6,25,4.1,66.0,380,0,213,6.4,627,26,206,21,55.1,64.3,63.7,59.6,5,11,657,5,22.1,92.4,7.5,47,4,1,22,21,31,4.7,4299,7.5,2018
Kyle Lauletta,46452,QB,NYG,1,0.0,5,5,13.6,2.7,0,0,0.0,0.0,0,0,4,,5,0,0,21,69.2,27.0,26.8,60.0,0,1,5,0,0.0,0.0,0.0,0,0,0,0,0,2,40.0,0,0.0,2018
Odell Beckham Jr.,8647,WR,NYG,2,100.0,2,2,33.5,3.95,0,0,0.0,100.0,2,0,1,0.0,2,0,2,21,84.7,90.0,83.3,49.8,0,0,2,2,0.0,158.3,0.0,0,0,0,0,2,0,0.0,106,53.0,2018
Daniel Jones,39395,QB,NYG,13,72.3,422,459,8.4,2.84,6,20,4.1,61.9,284,0,221,6.9,527,21,153,21,27.1,65.5,65.1,59.0,14,12,566,2,18.1,87.7,7.6,40,27,0,17,24,31,5.5,3027,6.6,2019
Eli Manning,1722,QB,NYG,4,71.4,133,147,9.0,2.6,3,7,4.6,61.9,91,0,31,4.2,153,4,47,21,29.0,62.8,63.6,40.7,3,5,160,1,16.1,82.6,3.3,5,1,0,8,6,9,5.6,1042,7.1,2019
Alex Tanney,7610,QB,NYG,1,100.0,1,1,1.0,2.9,0,0,0.0,100.0,1,0,0,0.0,1,0,0,21,60.4,60.7,60.4,,0,0,1,0,,79.2,0.0,0,0,0,0,0,0,0.0,1,1.0,2019
Daniel Jones,39395,QB,NYG,14,74.8,413,448,8.0,2.7,10,24,5.0,62.5,280,0,208,9.4,516,29,168,21,34.1,78.4,74.4,78.8,8,10,552,5,21.6,80.4,8.7,45,22,2,15,11,17,3.1,2943,6.6,2020
Colt McCoy,5609,QB,NYG,4,62.1,66,66,9.3,2.61,0,1,1.5,60.6,40,0,24,2.4,75,1,19,21,83.7,60.6,62.8,45.6,0,1,78,0,20.8,75.0,6.7,5,4,0,0,1,2,2.6,375,5.7,2020
Golden Tate,5585,WR,NYG,2,100.0,1,2,-6.0,4.7,0,0,0.0,50.0,1,1,2,0.0,2,0,1,21,79.9,66.0,58.8,,0,0,2,2,0.0,81.3,0.0,0,0,0,1,0,0,0.0,18,9.0,2020
Riley Dixon,10862,P,NYG,2,0.0,1,1,12.0,2.5,0,0,0.0,0.0,0,0,0,,1,0,0,21,63.6,64.3,63.0,,0,0,2,0,,39.6,0.0,0,0,0,0,0,0,0.0,0,0.0,2020
Daniel Jones,39395,QB,NYG,11,74.5,337,361,7.3,2.7,5,7,1.8,64.3,232,0,140,7.6,407,19,123,21,51.1,71.1,70.6,57.4,3,7,439,3,15.7,84.8,5.4,22,23,1,15,10,12,2.7,2428,6.7,2021
Mike Glennon,7854,QB,NYG,6,65.6,151,167,7.6,2.67,1,2,1.1,53.9,90,0,65,9.1,181,9,45,21,27.2,30.0,31.2,54.5,1,10,193,2,13.8,49.7,5.0,9,5,3,11,4,18,9.3,790,4.7,2021
Jake Fromm,60389,QB,NYG,3,55.8,52,60,7.4,2.58,4,0,0.0,45.0,27,0,28,6.9,72,2,14,21,45.4,38.5,36.7,61.4,1,3,73,0,21.4,38.9,8.3,6,6,0,3,1,4,5.5,210,3.5,2021
Kadarius Toney,61245,WR,NYG,5,66.7,3,3,18.7,5.0,0,0,0.0,33.3,1,1,2,50.0,5,1,1,21,79.7,72.8,66.7,48.8,0,0,5,1,50.0,56.3,20.0,1,1,0,0,0,0,0.0,19,6.3,2021
Riley Dixon,10862,P,NYG,1,0.0,1,1,13.0,2.4,0,0,0.0,0.0,0,0,0,,1,0,0,21,60.4,50.2,53.3,,0,0,1,0,,39.6,0.0,0,0,0,0,0,0,0.0,0,0.0,2021
Dante Pettis,48113,WR,NYG,1,100.0,1,1,15.0,3.5,0,0,0.0,100.0,1,0,0,0.0,1,0,1,21,74.3,68.3,68.8,,0,0,1,0,,118.8,0.0,0,0,0,0,0,0,0.0,16,16.0,2021
Daniel Jones,39395,QB,NYG,18,80.1,482,534,6.5,3.01,11,8,1.4,66.7,356,0,273,7.8,650,30,214,21,50.8,75.8,70.0,84.4,6,6,693,8,18.7,92.0,7.8,51,65,5,30,17,21,3.0,3642,6.8,2022
Davis Webb,11842,QB,NYG,1,63.9,36,40,6.6,2.87,2,0,0.0,57.5,23,0,19,0.0,42,0,11,21,80.2,33.8,33.8,64.6,0,0,43,3,0.0,75.8,0.0,0,2,0,2,1,3,7.0,168,4.2,2022
Tyrod Taylor,6332,QB,NYG,2,87.5,8,8,11.1,3.29,0,0,0.0,75.0,6,0,7,14.3,15,1,7,21,15.1,58.3,52.6,65.5,0,1,16,0,42.9,94.8,20.0,3,4,0,0,1,3,18.8,58,7.3,2022
Tyrod Taylor,6332,QB,NYG,10,76.7,163,180,9.1,2.83,1,17,8.9,64.4,116,0,87,7.2,224,9,57,21,44.1,71.4,73.4,54.5,0,3,242,0,19.5,89.1,7.6,17,26,6,10,5,3,1.2,1341,7.5,2023
Tommy DeVito,60545,QB,NYG,9,78.3,161,178,6.6,3.09,4,4,2.2,64.0,114,0,99,9.5,237,12,48,21,77.3,62.0,64.4,50.9,1,3,243,3,37.4,89.2,15.6,37,22,0,12,8,5,2.1,1101,6.2,2023
Daniel Jones,39395,QB,NYG,6,75.2,149,160,6.9,2.85,3,4,2.4,67.5,108,0,95,3.6,209,4,51,21,45.3,63.0,54.4,82.2,2,6,220,0,31.6,70.5,14.4,30,19,0,6,2,9,4.1,909,5.7,2023
Daniel Jones,39395,QB,NYG,10,77.7,309,341,7.5,2.71,5,7,1.9,63.3,216,0,145,10.0,389,24,110,21,80.1,72.0,67.5,79.0,3,7,418,5,20.0,79.4,7.5,29,16,4,20,8,9,2.2,2070,6.1,2024
Drew Lock,39517,QB,NYG,1,42.9,7,8,10.0,2.67,1,0,0.0,37.5,3,0,2,0.0,10,0,1,21,18.1,26.8,24.7,65.9,0,0,10,0,50.0,45.8,10.0,1,1,0,0,0,2,20.0,6,0.8,2024
Malik Nabers,146759,WR,NYG,1,,0,1,,4.3,0,0,0.0,0.0,0,0,1,,1,0,0,21,81.2,80.9,60.0,50.7,0,0,1,2,0.0,39.6,0.0,0,0,0,1,0,0,0.0,0,0.0,2024
Chad Pennington,596,QB,NYJ,17,70.8,496,525,8.2,2.52,11,17,3.1,64.0,336,0,155,4.3,584,15,182,22,79.8,59.9,61.0,40.0,5,17,617,1,21.3,82.3,5.7,33,18,6,7,18,27,4.4,3653,7.0,2006
Patrick Ramsey,1039,QB,NYJ,2,50.0,2,2,14.0,3.1,0,0,0.0,50.0,1,0,1,0.0,2,0,0,22,63.6,52.2,52.9,,0,0,2,0,0.0,56.3,0.0,0,0,0,0,0,0,0.0,-1,-0.5,2006
Kellen Clemens,2994,QB,NYJ,2,0.0,1,1,6.0,4.94,0,0,0.0,0.0,0,0,6,,7,0,0,22,21.1,28.1,28.3,54.2,0,0,8,0,66.7,39.6,57.1,4,2,0,0,0,0,0.0,0,0.0,2006
Chad Pennington,596,QB,NYJ,9,76.5,247,260,7.8,2.65,3,13,4.8,68.8,179,0,114,5.3,291,10,92,22,81.2,58.2,63.7,29.3,3,9,301,7,22.8,86.1,8.9,26,5,2,5,10,16,5.3,1765,6.8,2007
Kellen Clemens,2994,QB,NYJ,10,67.0,224,250,9.5,2.74,2,7,2.7,52.0,130,0,95,13.3,290,20,85,22,68.4,52.0,55.5,43.2,5,10,303,5,28.4,60.9,9.3,27,13,4,15,5,13,4.3,1529,6.1,2007
Brad Smith,3048,WR,NYJ,1,0.0,1,1,10.0,2.7,0,0,0.0,0.0,0,0,1,,1,0,0,22,79.9,57.1,48.2,76.3,0,0,2,0,0.0,39.6,0.0,0,0,0,0,0,0,0.0,0,0.0,2007
Leon Washington,3062,HB,NYJ,1,100.0,1,1,25.0,2.6,0,0,0.0,100.0,1,0,1,0.0,1,0,1,22,64.1,71.1,75.6,72.3,0,0,1,0,0.0,118.8,0.0,0,0,0,0,0,0,0.0,36,36.0,2007
Brett Favre,14,QB,NYJ,16,75.2,500,522,7.7,0.0,8,17,3.0,65.7,343,0,115,8.8,559,33,185,22,60.1,62.4,64.0,29.3,4,22,598,5,26.1,81.0,5.4,30,7,4,6,22,30,5.0,3472,6.7,2008
Kellen Clemens,2994,QB,NYJ,1,80.0,5,5,10.0,0.0,0,0,0.0,60.0,3,0,1,25.0,5,1,2,22,71.0,46.4,51.7,49.6,0,1,5,0,0.0,34.2,0.0,0,0,0,0,0,0,0.0,26,5.2,2008
Brad Smith,3048,WR,NYJ,2,50.0,2,2,10.0,0.0,0,0,0.0,50.0,1,1,1,0.0,2,0,0,22,77.2,58.9,52.2,80.9,0,0,2,1,0.0,81.3,0.0,0,0,0,0,0,0,0.0,18,9.0,2008
Mark Sanchez,4928,QB,NYJ,18,65.6,398,431,9.9,0.0,5,21,4.7,55.0,237,0,113,9.2,475,24,159,22,57.0,54.6,56.6,46.1,5,22,494,9,23.9,67.9,5.7,27,17,4,19,16,24,4.9,2983,6.9,2009
Kellen Clemens,2994,QB,NYJ,3,58.3,24,26,9.3,0.0,0,1,3.8,50.0,13,0,9,7.1,32,1,7,22,79.6,47.3,52.3,44.0,0,0,32,1,44.4,63.8,12.5,4,2,1,1,0,1,3.1,125,4.8,2009
Braylon Edwards,2220,WR,NYJ,1,0.0,1,1,18.0,0.0,0,0,0.0,0.0,0,0,0,,1,0,0,22,38.7,71.2,55.2,,0,0,1,6,,39.6,0.0,0,0,0,0,0,0,0.0,0,0.0,2009
Brad Smith,3048,WR,NYJ,1,100.0,1,1,34.0,0.0,0,0,0.0,100.0,1,0,0,0.0,1,0,1,22,78.5,60.9,77.9,70.9,0,0,1,3,,118.8,0.0,0,0,0,0,0,0,0.0,45,45.0,2009
Mark Sanchez,4928,QB,NYJ,18,68.1,555,595,9.5,0.0,17,29,4.7,55.8,332,0,177,12.2,639,46,202,22,69.8,71.4,72.1,44.0,6,14,664,4,16.9,78.5,4.7,30,14,5,12,22,27,4.1,3907,6.6,2010
Mark Brunell,51,QB,NYJ,2,63.6,11,13,13.9,0.0,0,2,14.3,53.8,7,0,5,0.0,14,0,7,22,73.5,71.9,70.5,,1,1,15,0,20.0,92.0,7.1,1,0,0,1,2,1,6.7,117,9.0,2010
Brad Smith,3048,WR,NYJ,3,66.7,3,3,15.0,0.0,0,0,0.0,66.7,2,0,2,0.0,3,0,1,22,43.5,57.8,64.0,70.7,0,0,3,0,0.0,109.7,0.0,0,0,0,0,1,0,0.0,6,2.0,2010
Kellen Clemens,2994,QB,NYJ,1,100.0,1,2,3.0,0.0,0,0,0.0,50.0,1,0,1,0.0,3,0,2,22,67.4,73.8,67.9,65.7,0,0,3,0,0.0,56.3,0.0,0,1,0,1,0,0,0.0,6,3.0,2010
Mark Sanchez,4928,QB,NYJ,16,66.4,506,543,8.6,2.64,15,30,5.1,56.7,308,0,164,8.3,600,28,180,22,56.2,53.3,56.2,30.0,7,18,642,4,23.8,78.2,6.5,39,18,3,12,26,32,5.0,3474,6.4,2011
Mark Brunell,51,QB,NYJ,1,33.3,3,3,13.0,2.67,0,0,0.0,33.3,1,0,0,0.0,3,0,1,22,65.5,53.6,51.6,,0,0,3,0,,67.4,0.0,0,0,0,0,0,0,0.0,27,9.0,2011
Jeremy Kerley,6305,WR,NYJ,1,100.0,1,1,18.0,2.9,0,0,0.0,100.0,1,0,1,0.0,1,0,1,22,77.9,69.9,70.0,69.9,0,0,1,0,0.0,118.8,0.0,0,0,0,0,0,0,0.0,41,41.0,2011
Mark Sanchez,4928,QB,NYJ,15,65.6,422,453,9.4,2.69,14,25,5.2,54.3,246,1,145,11.2,496,31,151,22,26.4,46.0,49.6,26.8,8,18,530,2,23.4,66.9,6.9,34,9,2,7,13,30,5.7,2883,6.4,2012
Greg McElroy,6360,QB,NYJ,2,69.0,29,31,7.1,3.26,0,1,2.9,61.3,19,0,18,5.0,48,1,15,22,80.7,46.0,47.3,51.0,0,1,51,0,61.1,79.2,22.9,11,6,0,2,1,2,3.9,214,6.9,2012
Tim Tebow,5550,QB,NYJ,5,100.0,5,6,7.4,3.21,0,0,0.0,66.7,4,0,3,20.0,8,1,2,22,80.7,53.4,67.5,55.0,0,0,9,1,66.7,70.1,25.0,2,0,0,1,0,0,0.0,17,2.8,2012
Jeremy Kerley,6305,WR,NYJ,1,100.0,1,1,42.0,3.2,0,0,0.0,100.0,1,0,0,0.0,1,0,1,22,26.2,67.5,76.2,47.1,0,0,1,0,,118.8,0.0,0,0,0,0,0,0,0.0,42,42.0,2012
Geno Smith,7820,QB,NYJ,16,67.4,405,443,9.2,3.06,9,23,5.0,55.8,247,1,217,9.5,517,26,158,22,69.7,60.7,60.6,58.8,2,21,538,6,19.8,66.4,8.3,43,31,1,26,12,33,6.1,3036,6.9,2013
Matt Simms,7423,QB,NYJ,3,62.1,29,31,8.9,3.05,1,0,0.0,51.6,16,0,16,11.1,39,2,9,22,79.0,33.7,35.1,50.6,0,1,40,0,25.0,63.4,10.3,4,4,0,1,1,2,5.0,156,5.0,2013
Joshua Cribbs,2544,WR,NYJ,2,66.7,3,3,13.7,3.03,0,0,0.0,66.7,2,0,0,0.0,3,0,2,22,85.2,66.6,66.7,64.2,0,0,3,0,,109.7,0.0,0,0,0,0,0,0,0.0,38,12.7,2013
Josh Bush,7176,S,NYJ,1,0.0,1,1,7.0,1.5,0,0,0.0,0.0,0,0,0,,1,0,0,22,60.4,51.8,55.5,,0,0,1,1,,39.6,0.0,0,0,0,0,0,0,0.0,0,0.0,2013
Bilal Powell,6278,HB,NYJ,1,100.0,1,1,20.0,3.2,0,0,0.0,100.0,1,1,0,0.0,1,0,1,22,79.4,64.5,74.1,64.7,0,0,1,1,,118.8,0.0,0,0,0,0,0,0,0.0,30,30.0,2013
Jeremy Kerley,6305,WR,NYJ,1,0.0,1,1,6.0,5.3,0,0,0.0,0.0,0,0,1,,1,0,0,22,83.2,73.4,45.7,57.4,0,0,1,0,0.0,39.6,0.0,0,0,0,0,0,0,0.0,0,0.0,2013
Geno Smith,7820,QB,NYJ,14,72.1,330,367,8.6,3.09,9,14,3.6,59.7,219,1,171,8.0,426,19,130,22,41.2,56.9,60.4,39.2,3,13,448,3,16.4,77.5,6.6,28,31,1,24,13,19,4.2,2525,6.9,2014
Michael Vick,773,QB,NYJ,8,69.1,110,121,9.9,3.14,2,2,1.6,52.9,64,0,62,15.8,153,12,42,22,23.8,35.3,37.1,54.5,2,2,158,5,30.6,68.3,12.4,19,13,2,5,3,13,8.2,604,5.0,2014
Matt Simms,7423,QB,NYJ,1,66.7,6,8,7.8,2.31,0,0,0.0,37.5,3,0,2,25.0,8,1,2,22,71.1,52.5,55.2,58.2,0,0,8,0,0.0,53.6,0.0,0,0,0,2,0,0,0.0,39,4.9,2014
Jeremy Kerley,6305,WR,NYJ,1,0.0,1,1,0.0,2.4,0,0,0.0,0.0,0,1,1,,1,0,0,22,85.9,61.7,55.5,74.4,0,0,1,1,0.0,39.6,0.0,0,0,0,0,0,0,0.0,0,0.0,2014
Ryan Quigley,7573,P,NYJ,1,100.0,1,1,9.0,1.5,0,0,0.0,100.0,1,0,0,0.0,1,0,1,22,60.4,73.7,67.6,,0,0,1,0,,118.8,0.0,0,0,0,0,0,0,0.0,38,38.0,2014
Ryan Fitzpatrick,2467,QB,NYJ,16,70.5,526,562,9.8,2.46,19,21,3.6,59.6,335,0,214,9.7,615,36,211,22,90.8,63.6,60.8,74.9,8,15,638,4,8.9,88.0,3.1,19,34,0,9,31,32,5.0,3905,6.9,2015
Geno Smith,7820,QB,NYJ,1,70.7,41,42,9.6,2.72,0,1,2.3,64.3,27,0,18,6.9,47,2,15,22,80.3,60.3,58.5,66.4,0,1,49,0,16.7,87.9,6.4,3,2,0,1,2,2,4.1,265,6.3,2015
Ryan Fitzpatrick,2467,QB,NYJ,14,68.8,375,403,9.8,2.41,12,14,3.3,56.6,228,0,146,11.6,441,30,133,22,71.9,51.9,53.7,43.8,8,17,466,4,13.0,69.6,4.3,19,19,0,8,12,22,4.7,2710,6.7,2016
Bryce Petty,9536,QB,NYJ,6,69.6,125,133,9.2,2.47,4,5,3.6,56.4,75,0,47,13.8,150,12,35,22,66.8,48.2,47.6,56.1,1,7,157,0,27.7,60.0,8.7,13,3,0,3,3,9,5.7,809,6.1,2016
Geno Smith,7820,QB,NYJ,2,71.4,14,14,7.1,2.92,0,0,0.0,57.1,8,0,9,20.0,19,2,4,22,74.8,65.0,63.7,61.8,0,1,20,0,33.3,81.2,15.8,3,2,0,0,1,0,0.0,126,9.0,2016
Josh McCown,1085,QB,NYJ,13,76.5,370,397,8.1,2.55,9,15,3.6,67.3,267,0,177,5.7,455,16,143,22,29.1,67.9,65.4,75.0,1,9,482,3,22.0,94.5,8.6,39,15,5,12,18,23,4.8,2926,7.4,2017
Bryce Petty,9536,QB,NYJ,4,59.2,103,112,8.2,2.47,4,5,4.2,49.1,55,1,41,9.8,127,6,27,22,63.4,45.7,42.7,74.5,1,3,135,1,19.5,55.1,6.3,8,6,0,4,1,6,4.4,544,4.9,2017
Lachlan Edwards,10869,P,NYJ,1,100.0,1,1,5.0,2.2,0,0,0.0,100.0,1,0,0,0.0,1,0,1,22,60.4,60.8,60.3,,0,0,1,0,,118.8,0.0,0,0,0,0,0,0,0.0,31,31.0,2017
Sam Darnold,29048,QB,NYJ,13,69.7,379,414,9.8,2.83,7,16,3.7,57.7,239,0,165,9.5,460,25,138,22,71.5,64.7,62.9,62.7,2,15,477,2,18.2,77.6,6.5,30,16,1,25,17,21,4.4,2865,6.9,2018
Josh McCown,1085,QB,NYJ,4,70.1,97,110,7.9,2.54,8,1,0.9,54.5,60,0,47,11.8,122,8,30,22,86.6,47.0,45.5,65.9,2,4,126,0,14.9,55.8,5.7,7,5,1,2,1,6,4.8,539,4.9,2018
Sam Darnold,29048,QB,NYJ,13,74.6,394,441,8.8,2.79,8,20,4.2,61.9,273,0,204,7.1,485,21,150,22,32.4,63.6,64.3,44.0,8,13,521,3,16.2,84.3,6.8,33,9,2,29,19,23,4.4,3024,6.9,2019
Luke Falk,46586,QB,NYJ,3,76.1,67,73,5.7,2.62,3,0,0.0,64.4,47,0,43,7.8,90,4,15,22,28.7,42.2,44.1,,0,3,97,2,37.2,62.4,17.8,16,0,0,3,0,5,5.2,416,5.7,2019
Trevor Siemian,9683,QB,NYJ,1,60.0,5,6,5.2,3.15,0,0,0.0,50.0,3,0,4,0.0,8,0,0,22,71.9,42.8,47.7,,0,0,11,1,50.0,56.3,25.0,2,0,0,1,0,0,0.0,3,0.5,2019
Bilal Powell,6278,HB,NYJ,1,100.0,1,1,13.0,3.6,0,0,0.0,0.0,0,0,0,100.0,1,1,0,22,84.4,54.8,68.8,60.9,0,0,1,0,,39.6,0.0,0,0,0,0,0,0,0.0,0,0.0,2019
Sam Darnold,29048,QB,NYJ,12,72.5,324,364,8.1,2.84,5,9,2.3,59.6,217,0,179,7.7,425,18,117,22,77.9,58.4,52.7,87.7,9,11,449,1,19.6,72.7,8.2,35,26,3,23,9,17,3.8,2208,6.1,2020
Joe Flacco,4332,QB,NYJ,5,67.2,119,134,11.3,2.83,2,9,6.2,55.2,74,1,65,7.5,146,6,39,22,66.6,55.8,55.9,57.8,1,3,160,3,10.8,80.6,4.8,7,5,0,12,6,8,5.0,864,6.4,2020
Jamison Crowder,9538,WR,NYJ,1,100.0,1,1,26.0,3.9,0,0,0.0,100.0,1,0,0,0.0,1,0,1,22,80.8,75.3,71.0,63.1,0,0,1,2,,158.3,0.0,0,0,0,0,1,0,0.0,43,43.0,2020
Zach Wilson,82096,QB,NYJ,13,69.9,349,383,8.0,3.05,9,10,2.5,55.6,213,0,171,12.7,444,31,118,22,69.3,59.3,54.8,86.8,3,11,469,1,26.3,69.7,10.1,45,16,1,21,9,18,3.8,2334,6.1,2021
Mike White,46453,QB,NYJ,4,76.4,123,132,6.4,2.52,5,3,2.1,66.7,88,0,45,6.4,137,6,49,22,88.1,53.6,51.4,71.1,3,8,147,1,8.9,75.1,2.9,4,0,0,1,5,9,6.1,953,7.2,2021
Joe Flacco,4332,QB,NYJ,2,73.0,37,42,8.3,2.3,1,1,2.4,64.3,27,0,19,0.0,46,0,14,22,29.7,62.1,62.5,62.7,1,0,46,1,10.5,113.0,4.3,2,1,0,3,3,1,2.2,338,8.0,2021
Keelan Cole Sr.,51593,WR,NYJ,1,0.0,1,1,9.0,3.4,0,0,0.0,0.0,0,0,1,,1,0,0,22,79.3,61.3,50.1,,0,0,1,1,0.0,39.6,0.0,0,0,0,0,0,0,0.0,0,0.0,2021
Zach Wilson,82096,QB,NYJ,9,65.9,211,242,9.7,3.07,7,8,3.2,54.5,132,0,111,5.0,279,7,78,22,80.6,46.6,43.3,65.5,4,7,289,1,20.7,72.8,8.2,23,13,0,20,6,17,5.9,1688,7.0,2022
Joe Flacco,4332,QB,NYJ,5,71.7,166,191,8.4,2.58,6,3,1.5,57.6,110,0,77,7.6,202,9,57,22,28.2,53.3,52.8,61.5,8,3,212,2,13.0,75.2,5.0,10,1,0,11,5,7,3.3,1051,5.5,2022
Mike White,46453,QB,NYJ,4,69.6,158,175,8.0,2.61,5,8,4.5,58.9,103,0,51,6.4,186,7,56,22,71.6,61.3,59.6,69.2,5,4,189,0,17.6,75.7,4.8,9,1,0,7,3,7,3.7,1192,6.8,2022
Chris Streveler,46440,QB,NYJ,1,78.6,14,15,9.1,3.35,0,0,0.0,66.7,10,0,6,9.1,19,1,5,22,25.2,41.0,41.9,52.0,1,0,20,0,0.0,82.6,0.0,0,4,0,0,0,2,10.0,90,6.0,2022
Braden Mann,44664,P,NYJ,2,100.0,1,2,6.0,3.0,0,0,0.0,50.0,1,0,1,0.0,2,0,1,22,13.6,54.0,56.0,,0,0,2,0,0.0,79.2,0.0,0,0,0,1,0,1,50.0,17,8.5,2022
Braxton Berrios,47961,WR,NYJ,1,100.0,1,1,4.0,3.0,0,0,0.0,100.0,1,0,0,0.0,1,0,1,22,70.3,62.8,70.8,72.6,0,0,1,0,,118.8,0.0,0,0,0,0,1,0,0.0,2,2.0,2022
Garrett Wilson,97405,WR,NYJ,1,,0,1,,4.6,0,0,0.0,0.0,0,1,0,,1,0,0,22,28.2,82.7,60.0,31.2,0,0,1,5,,39.6,0.0,0,0,0,1,0,0,0.0,0,0.0,2022
Zach Wilson,82096,QB,NYJ,12,72.5,331,368,7.9,2.92,7,10,2.6,60.1,221,0,189,7.9,439,19,110,22,30.8,58.2,57.2,60.9,6,7,463,2,24.3,77.2,10.5,46,25,3,21,8,12,2.6,2271,6.2,2023
Trevor Siemian,9683,QB,NYJ,5,63.8,138,153,6.2,2.48,4,4,2.5,56.2,86,0,57,2.3,167,2,37,22,31.5,34.9,37.4,49.4,2,4,177,4,14.0,62.1,4.8,8,6,0,9,2,7,4.0,724,4.7,2023
Tim Boyle,21956,QB,NYJ,3,72.2,72,77,6.2,2.48,1,2,2.5,62.3,48,0,32,7.7,86,4,16,22,84.4,64.1,61.2,73.5,0,4,89,0,28.1,56.2,10.5,9,0,0,4,1,3,3.4,360,4.7,2023
Brett Rypien,46487,QB,NYJ,2,58.8,34,38,8.7,2.74,3,0,0.0,47.4,18,1,14,10.0,44,2,9,22,22.4,48.1,48.0,70.7,0,1,47,3,14.3,49.5,4.5,2,3,0,1,0,3,6.4,172,4.5,2023
Aaron Rodgers,2241,QB,NYJ,1,,0,1,,4.15,0,0,0.0,0.0,0,0,2,,2,0,0,22,65.5,39.4,41.1,,0,0,3,0,50.0,39.6,50.0,1,0,0,1,0,0,0.0,0,0.0,2023
Garrett Wilson,97405,WR,NYJ,1,0.0,1,1,9.0,2.9,0,0,0.0,0.0,0,1,0,,1,0,0,22,32.1,72.9,53.5,62.0,0,0,1,5,,39.6,0.0,0,0,0,0,0,0,0.0,0,0.0,2023
Thomas Morstead,5088,P,NYJ,1,100.0,1,1,9.0,1.9,0,0,0.0,100.0,1,0,0,0.0,1,0,1,22,60.4,69.8,67.2,,0,0,1,0,,118.8,0.0,0,0,0,0,0,0,0.0,18,18.0,2023
Aaron Rodgers,2241,QB,NYJ,10,73.9,326,351,7.4,2.54,8,18,4.8,62.4,219,0,101,9.1,382,22,117,22,85.4,78.6,77.2,69.3,5,7,404,5,22.8,86.8,6.0,23,8,0,12,15,7,1.7,2258,6.4,2024
Tyrod Taylor,6332,QB,NYJ,1,75.0,8,8,4.6,2.6,0,0,0.0,75.0,6,0,3,0.0,9,0,3,22,71.4,66.1,59.8,65.6,0,0,10,0,0.0,122.9,0.0,0,1,0,0,1,0,0.0,36,4.5,2024
Andrew Walter,2286,QB,OAK,12,62.6,262,276,10.4,2.84,3,9,3.1,53.3,147,0,127,10.4,327,17,81,23,23.9,48.2,54.2,24.7,0,13,347,3,36.2,55.8,14.1,46,4,1,10,3,17,4.9,1677,6.1,2006
Aaron Brooks,509,QB,OAK,7,71.5,172,192,8.8,3.0,4,7,3.5,57.3,110,0,97,10.6,233,13,64,23,28.9,57.5,62.6,33.1,4,8,244,2,26.8,61.7,11.2,26,15,2,10,3,11,4.5,1105,5.8,2006
Marques Tuiasosopo,826,QB,OAK,2,53.8,13,13,9.0,3.72,0,0,0.0,46.2,6,0,3,14.3,16,1,5,23,74.3,47.0,40.4,68.3,0,2,16,0,0.0,48.4,0.0,0,3,0,0,1,1,6.3,68,5.2,2006
Ronald Curry,1199,WR,OAK,2,0.0,2,2,40.0,4.1,0,0,0.0,0.0,0,1,1,,2,0,0,23,80.9,80.5,39.0,63.4,0,1,2,2,0.0,0.0,0.0,0,0,0,0,0,1,50.0,0,0.0,2006
Josh McCown,1085,QB,OAK,9,68.6,175,190,9.3,3.01,3,8,3.9,58.4,111,0,81,7.5,220,9,59,23,28.6,48.3,52.3,40.3,2,11,236,3,17.3,69.4,6.4,14,16,0,10,10,14,5.9,1151,6.1,2007
Daunte Culpepper,446,QB,OAK,7,71.2,170,185,9.1,2.96,7,11,5.6,57.8,107,0,75,11.6,214,14,64,23,23.3,59.8,64.2,37.8,2,5,228,4,29.3,78.0,10.3,22,7,0,6,5,13,5.7,1329,7.2,2007
JaMarcus Russell,3617,QB,OAK,4,66.1,62,66,7.7,3.05,1,1,1.4,54.5,36,0,33,12.2,75,5,17,23,35.9,32.3,33.4,55.0,1,4,83,1,21.2,55.9,9.3,7,2,0,2,2,7,8.4,373,5.7,2007
Andrew Walter,2286,QB,OAK,1,62.5,8,8,6.6,2.71,0,0,0.0,62.5,5,0,2,0.0,8,0,2,23,70.9,48.7,53.4,,0,0,9,1,0.0,74.0,0.0,0,0,0,0,0,0,0.0,38,4.8,2007
Ronald Curry,1199,WR,OAK,1,,0,1,,4.9,0,0,0.0,0.0,0,0,1,,1,0,0,23,80.5,68.8,60.0,56.7,0,0,1,6,0.0,39.6,0.0,0,0,0,1,0,0,0.0,0,0.0,2007
JaMarcus Russell,3617,QB,OAK,15,64.9,339,368,10.1,0.0,4,17,4.4,53.8,198,0,129,10.0,410,22,119,23,28.8,53.2,52.5,65.5,8,8,429,4,24.0,77.1,7.6,31,11,1,16,13,13,3.0,2423,6.6,2008
Andrew Walter,2286,QB,OAK,2,54.3,46,49,6.8,0.0,0,0,0.0,44.9,22,0,12,12.0,56,3,12,23,81.3,54.5,55.2,52.9,0,3,57,0,41.7,31.3,8.9,5,2,1,2,0,1,1.8,204,4.2,2008
Michael Bush,3716,HB,OAK,3,100.0,2,2,8.0,0.0,0,0,0.0,50.0,1,0,1,50.0,2,1,1,23,73.2,57.3,74.0,55.4,0,0,3,0,0.0,60.4,0.0,0,0,0,0,0,0,0.0,8,4.0,2008
Marques Tuiasosopo,826,QB,OAK,1,100.0,1,2,3.0,0.0,1,0,0.0,50.0,1,0,2,0.0,4,0,0,23,16.0,28.2,46.4,36.9,0,0,4,0,100.0,56.3,50.0,2,0,0,0,0,0,0.0,4,2.0,2008
JaMarcus Russell,3617,QB,OAK,12,65.0,226,246,10.5,0.0,6,8,3.0,48.8,120,0,120,18.4,286,27,63,23,33.5,43.6,44.1,45.0,9,11,304,0,26.7,50.0,11.2,32,8,1,4,3,12,3.9,1287,5.2,2009
Bruce Gradkowski,3139,QB,OAK,7,65.2,135,150,11.7,0.0,5,8,5.0,54.7,82,0,60,6.8,172,6,50,23,33.7,70.3,70.9,55.9,1,3,181,2,18.3,80.6,6.4,11,11,2,7,6,3,1.7,1007,6.7,2009
Charlie Frye,2284,QB,OAK,3,68.8,80,87,8.9,0.0,1,5,5.2,60.9,53,0,37,3.6,95,2,30,23,85.3,63.0,62.6,62.5,2,4,104,2,13.5,65.3,5.3,5,3,0,4,1,4,3.8,581,6.7,2009
J.P. Losman,1743,QB,OAK,1,,0,1,,0.0,0,0,0.0,0.0,0,0,1,,1,0,0,23,60.4,59.9,60.0,,1,0,1,0,0.0,39.6,0.0,0,0,0,0,0,0,0.0,0,0.0,2009
Michael Bush,3716,HB,OAK,1,0.0,1,1,19.0,0.0,0,0,0.0,0.0,0,0,0,,1,0,0,23,54.1,56.6,49.9,56.3,0,0,1,0,,39.6,0.0,0,0,0,0,0,0,0.0,0,0.0,2009
Jason Campbell,2242,QB,OAK,13,72.1,301,329,9.4,0.01,11,20,5.6,59.0,194,0,154,10.6,387,23,117,23,39.4,67.2,68.2,49.6,3,8,421,3,21.4,84.5,8.5,33,25,3,11,13,12,2.9,2389,7.3,2010
Bruce Gradkowski,3139,QB,OAK,6,64.6,144,157,9.5,0.0,3,8,4.8,52.9,83,0,61,10.8,172,10,51,23,45.4,57.2,59.4,48.3,4,7,182,3,16.4,66.3,5.8,10,5,0,6,5,6,3.3,1059,6.7,2010
Kyle Boller,1335,QB,OAK,3,50.0,4,4,9.0,0.0,0,1,25.0,50.0,2,0,3,0.0,7,0,1,23,72.8,35.3,35.4,49.3,0,1,7,0,33.3,30.2,14.3,1,2,0,0,0,1,14.3,25,6.3,2010
Darren McFadden,4318,HB,OAK,1,0.0,1,1,33.0,0.0,0,0,0.0,0.0,0,0,1,,1,0,0,23,53.3,69.2,39.8,64.4,0,0,1,0,0.0,39.6,0.0,0,0,0,0,0,1,100.0,0,0.0,2010
Carson Palmer,1317,QB,OAK,10,67.9,312,328,10.3,2.53,6,23,6.6,60.7,199,0,105,6.1,350,13,124,23,88.1,66.3,67.6,30.0,0,16,374,2,16.2,80.7,4.9,17,5,2,8,13,22,5.9,2771,8.4,2011
Jason Campbell,2242,QB,OAK,6,70.9,151,165,10.5,2.78,1,7,4.0,60.6,100,0,61,6.5,178,7,60,23,59.5,71.7,75.3,35.5,3,4,190,0,8.2,84.2,2.8,5,8,1,9,6,3,1.6,1170,7.1,2011
Kyle Boller,1335,QB,OAK,2,63.0,27,28,11.6,2.91,0,1,3.2,53.6,15,0,13,11.8,36,2,9,23,29.2,35.4,38.1,45.1,0,3,39,0,23.1,31.1,8.3,3,5,0,1,0,4,10.3,161,5.8,2011
Carson Palmer,1317,QB,OAK,15,71.8,535,565,8.6,2.59,12,26,4.4,61.1,345,0,189,10.2,595,39,185,23,70.3,65.7,66.4,40.8,7,14,625,4,13.8,85.3,4.4,26,4,4,7,22,21,3.4,4018,7.1,2012
Matt Leinart,2955,QB,OAK,2,56.7,30,33,8.4,2.65,1,1,2.9,48.5,16,0,10,5.9,34,1,7,23,78.3,55.6,55.4,,1,1,35,1,10.0,44.4,2.9,1,0,0,1,0,1,2.9,115,3.5,2012
Terrelle Pryor Sr.,6944,QB,OAK,3,57.1,28,30,12.9,3.71,0,3,8.6,46.7,14,0,8,12.5,36,2,12,23,30.6,56.5,61.1,41.2,0,1,42,1,0.0,70.8,0.0,0,6,0,2,2,3,7.1,155,5.2,2012
Terrelle Pryor Sr.,6944,QB,OAK,11,68.3,249,272,8.2,3.46,3,10,3.5,57.4,156,0,158,8.2,337,14,99,23,46.1,53.9,49.4,71.7,1,11,354,8,19.6,69.1,9.2,31,34,1,18,7,17,4.8,1798,6.6,2013
Matt McGloin,8374,QB,OAK,7,66.5,197,211,9.5,2.63,9,15,6.7,55.9,118,0,76,9.9,220,13,72,23,34.0,59.8,62.9,30.3,1,8,233,1,7.9,76.1,2.7,6,3,0,4,8,14,6.0,1547,7.3,2013
Marcel Reece,4702,FB,OAK,1,100.0,1,1,8.0,1.1,0,0,0.0,100.0,1,0,0,0.0,1,0,1,23,84.5,66.7,67.9,68.8,0,0,1,3,,118.8,0.0,0,0,0,0,0,0,0.0,22,22.0,2013
Darren McFadden,4318,HB,OAK,1,100.0,1,1,21.0,3.4,0,1,100.0,100.0,1,0,0,0.0,1,0,1,23,75.6,57.8,80.9,60.4,0,0,1,0,,158.3,0.0,0,0,0,0,1,0,0.0,16,16.0,2013
Derek Carr,8671,QB,OAK,16,69.4,546,599,8.5,2.58,16,13,2.1,58.1,348,1,213,8.2,635,31,166,23,45.5,50.3,54.4,27.4,7,12,666,10,11.3,76.6,3.8,24,12,6,24,21,26,3.9,3270,5.5,2014
Matt McGloin,8374,QB,OAK,1,72.2,18,19,9.3,2.56,0,1,5.3,63.2,12,0,8,7.7,20,1,7,23,75.8,52.2,53.6,57.1,0,2,20,0,12.5,61.0,5.0,1,0,0,1,1,2,10.0,129,6.8,2014
Matt Schaub,1811,QB,OAK,2,55.6,9,10,9.0,2.82,0,0,0.0,50.0,5,0,5,0.0,13,0,4,23,11.8,24.4,25.3,,0,2,14,0,60.0,27.9,23.1,3,0,0,1,0,2,14.3,57,5.7,2014
Darren McFadden,4318,HB,OAK,1,,0,1,,3.1,0,0,0.0,0.0,0,3,1,,1,0,0,23,78.0,60.2,60.0,56.1,1,0,1,3,0.0,39.6,0.0,0,0,0,0,0,0,0.0,0,0.0,2014
Derek Carr,8671,QB,OAK,16,72.8,541,573,8.3,2.59,12,37,6.1,61.1,350,0,183,11.2,621,44,187,23,51.5,76.0,77.3,43.2,0,13,652,6,16.9,91.1,5.0,31,17,1,19,32,25,3.8,3987,7.0,2015
Matt McGloin,8374,QB,OAK,2,83.9,31,32,5.0,2.0,0,0,0.0,71.9,23,0,14,11.5,34,3,10,23,27.1,42.9,43.8,,0,1,35,0,14.3,88.3,5.9,2,0,0,1,2,2,5.7,142,4.4,2015
Derek Carr,8671,QB,OAK,15,73.9,533,560,8.2,2.51,3,32,5.3,63.8,357,0,141,9.4,593,37,193,23,73.7,85.3,87.2,33.4,1,6,643,5,11.3,96.7,2.7,16,17,2,21,28,17,2.6,3938,7.0,2016
Connor Cook,10734,QB,OAK,2,61.9,63,66,9.3,2.41,1,1,1.4,48.5,32,0,18,17.9,71,7,17,23,45.9,54.4,54.2,,1,4,76,0,27.8,47.0,7.0,5,0,0,1,2,4,5.3,311,4.7,2016
Matt McGloin,8374,QB,OAK,3,69.2,13,15,8.9,2.05,1,0,0.0,53.3,8,0,4,11.1,15,1,3,23,75.4,45.5,47.5,60.5,1,0,17,1,0.0,60.4,0.0,0,0,0,0,0,1,5.9,50,3.3,2016
Derek Carr,8671,QB,OAK,15,72.8,492,515,8.4,2.4,6,17,3.1,62.7,323,0,148,9.8,544,35,170,23,39.1,68.9,69.9,29.6,1,13,586,2,13.5,86.4,3.7,20,9,0,16,22,24,4.1,3496,6.8,2017
E.J. Manuel,7797,QB,OAK,2,69.2,39,43,10.5,2.4,2,1,2.3,55.8,24,0,9,11.1,48,3,14,23,80.5,67.4,68.0,60.8,1,1,49,1,44.4,72.3,8.3,4,1,0,1,1,1,2.0,265,6.2,2017
Derek Carr,8671,QB,OAK,16,78.9,511,553,7.1,2.45,8,26,4.5,68.9,381,0,183,5.5,612,22,200,23,46.7,73.2,71.9,64.6,5,10,647,4,27.9,93.9,8.3,51,8,7,22,19,24,3.7,4049,7.3,2018
A.J. McCarron,8799,QB,OAK,1,100.0,1,3,6.0,3.6,0,0,0.0,33.3,1,0,3,0.0,4,0,0,23,18.7,37.2,54.2,40.9,0,0,4,0,33.3,42.4,25.0,1,0,0,2,0,0,0.0,8,2.7,2018
Derek Carr,8671,QB,OAK,16,82.3,469,513,6.9,2.75,9,17,3.2,70.4,361,0,158,6.5,556,25,197,23,68.0,79.9,81.2,40.2,2,8,578,4,18.4,100.8,5.2,29,14,2,31,21,12,2.1,4055,7.9,2019
Mike Glennon,7854,QB,OAK,2,66.7,9,10,12.7,2.8,0,1,10.0,60.0,6,0,3,0.0,10,0,3,23,8.6,30.7,52.6,29.0,1,0,10,0,0.0,108.8,0.0,0,0,0,0,1,1,10.0,56,5.6,2019
Donovan McNabb,438,QB,PHI,10,70.6,299,316,10.1,3.1,7,15,4.6,57.0,180,0,129,14.7,358,31,124,24,84.3,71.0,69.4,67.5,4,6,368,2,16.3,95.5,5.9,21,20,2,4,18,13,3.5,2648,8.4,2006
Jeff Garcia,550,QB,PHI,10,69.8,232,250,9.7,3.05,2,14,5.4,59.2,148,0,106,8.6,277,14,84,24,44.4,55.7,58.2,46.3,4,2,287,2,8.5,92.5,3.2,9,18,0,12,12,18,6.3,1702,6.8,2006
A.J. Feeley,893,QB,PHI,2,80.6,36,38,8.4,2.28,1,1,2.4,68.4,26,0,10,10.3,40,3,15,24,79.5,64.3,66.7,55.7,0,0,44,2,10.0,122.9,2.5,1,1,0,1,3,1,2.3,342,9.0,2006
Hank Baskett,3220,WR,PHI,1,0.0,1,1,28.0,3.7,0,0,0.0,0.0,0,0,1,,1,0,0,24,75.6,59.0,38.6,,0,1,1,5,0.0,0.0,0.0,0,0,0,0,0,1,100.0,0,0.0,2006
Donovan McNabb,438,QB,PHI,14,74.5,428,473,8.2,2.98,10,16,3.3,61.5,291,0,197,8.8,546,28,162,24,69.6,66.1,67.9,48.3,8,7,566,3,22.3,89.9,8.1,44,29,2,25,19,19,3.4,3324,7.0,2007
A.J. Feeley,893,QB,PHI,3,68.0,97,103,10.5,2.76,2,4,3.8,57.3,59,0,27,10.6,111,7,35,24,67.1,41.2,42.2,50.4,0,8,114,0,11.1,61.2,2.7,3,5,0,4,5,9,7.9,681,6.6,2007
Greg Lewis,1650,WR,PHI,1,0.0,1,1,33.0,4.7,0,0,0.0,0.0,0,0,0,,1,0,0,24,72.7,67.6,54.7,,0,0,1,2,,39.6,0.0,0,0,0,0,0,0,0.0,0,0.0,2007
Donovan McNabb,438,QB,PHI,19,71.1,653,692,8.7,0.0,14,37,5.2,60.4,418,0,202,9.9,747,46,244,24,70.6,74.0,73.9,57.7,2,15,766,8,13.9,85.8,3.7,28,27,6,17,28,25,3.3,4811,7.0,2008
Kevin Kolb,3652,QB,PHI,4,59.4,32,34,8.3,0.0,1,1,2.7,50.0,17,0,6,10.5,36,2,8,24,81.0,33.8,41.0,35.9,0,4,39,0,0.0,21.8,0.0,0,2,0,1,0,2,5.1,144,4.2,2008
DeSean Jackson,4363,WR,PHI,1,0.0,1,1,11.0,0.0,0,0,0.0,0.0,0,0,0,,1,0,0,24,83.8,71.0,35.3,66.2,0,1,1,0,,0.0,0.0,0,0,0,0,0,1,100.0,0,0.0,2008
Donovan McNabb,438,QB,PHI,15,71.5,439,480,9.5,0.0,20,26,5.1,59.6,286,0,154,8.9,537,28,171,24,62.2,71.1,71.5,52.4,6,11,571,3,26.0,91.0,7.4,40,17,2,13,23,15,2.6,3781,7.9,2009
Kevin Kolb,3652,QB,PHI,3,73.9,88,96,7.6,0.0,3,3,3.1,64.6,62,0,23,4.6,101,3,31,24,65.2,53.2,54.8,45.0,2,3,103,0,17.4,88.9,4.0,4,1,0,3,4,1,1.0,741,7.7,2009
Michael Vick,773,QB,PHI,9,61.5,13,15,14.5,0.0,0,2,12.5,46.7,7,0,5,12.5,17,1,5,24,46.2,59.5,72.5,49.7,2,0,18,0,0.0,125.6,0.0,0,2,0,0,2,0,0.0,162,10.8,2009
Brian Westbrook,1094,HB,PHI,1,100.0,1,1,1.0,0.0,0,0,0.0,0.0,0,0,0,100.0,1,1,0,24,85.5,60.9,57.2,60.4,0,0,1,0,,39.6,0.0,0,0,0,0,0,0,0.0,0,0.0,2009
Michael Vick,773,QB,PHI,13,75.9,373,408,9.6,0.0,11,26,6.1,62.0,253,1,207,10.6,508,30,170,24,53.1,79.9,74.3,84.2,9,7,531,4,17.9,98.4,7.3,37,63,3,12,22,12,2.3,3310,8.1,2010
Kevin Kolb,3652,QB,PHI,6,74.1,170,189,8.8,0.0,7,8,4.0,60.8,115,0,69,8.7,211,11,63,24,48.3,53.9,52.1,64.7,0,7,225,1,23.2,75.8,7.6,16,6,3,9,7,14,6.2,1186,6.3,2010
Michael Vick,773,QB,PHI,13,73.2,384,423,9.3,3.14,14,37,8.4,59.8,253,0,199,10.0,498,28,179,24,30.2,79.4,79.6,66.0,6,14,522,7,11.6,84.9,4.6,23,52,5,14,18,24,4.6,3303,7.8,2011
Vince Young,2948,QB,PHI,5,66.7,111,114,11.6,3.22,1,9,7.6,57.9,66,0,46,10.8,135,8,42,24,56.0,51.0,51.1,53.3,0,9,140,2,17.4,60.8,5.9,8,13,0,2,4,9,6.4,866,7.6,2011
Mike Kafka,5645,QB,PHI,2,75.0,16,16,12.2,2.54,0,2,11.8,68.8,11,0,6,8.3,18,1,3,24,75.6,67.8,69.3,55.6,0,2,19,0,16.7,47.7,5.6,1,1,0,0,0,2,10.5,107,6.7,2011
Michael Vick,773,QB,PHI,10,71.2,316,351,9.2,3.05,8,14,3.8,58.1,204,0,173,9.3,418,21,131,24,29.7,57.8,59.9,46.7,7,10,434,2,16.2,78.1,6.7,28,39,2,18,12,18,4.1,2362,6.7,2012
Nick Foles,7089,QB,PHI,7,71.8,238,265,7.8,2.81,4,16,5.6,60.8,161,0,108,5.8,292,10,81,24,29.8,56.5,57.6,48.9,4,5,313,3,18.5,79.1,6.8,20,7,2,17,6,15,4.8,1699,6.4,2012
Trent Edwards,3708,QB,PHI,1,100.0,2,2,3.5,2.9,0,0,0.0,100.0,2,0,0,0.0,2,0,0,24,63.6,61.4,60.8,,0,0,2,0,,95.8,0.0,0,0,0,0,0,0,0.0,14,7.0,2012
Nick Foles,7089,QB,PHI,14,74.6,323,350,9.7,3.09,2,22,5.9,64.6,226,0,133,6.2,397,15,148,24,78.0,78.1,83.7,39.5,5,2,423,5,22.6,117.9,7.6,30,17,0,20,29,7,1.7,3086,8.8,2013
Michael Vick,773,QB,PHI,6,66.4,128,141,11.3,3.38,5,9,6.1,54.6,77,0,76,9.4,171,8,60,24,29.1,61.2,58.4,67.6,1,3,178,2,17.1,86.5,7.6,13,17,0,7,5,8,4.5,1215,8.6,2013
Matt Barkley,7880,QB,PHI,3,68.8,48,49,10.1,2.98,1,0,0.0,61.2,30,0,15,9.1,52,3,17,24,24.4,25.9,26.7,58.4,0,4,57,0,20.0,44.6,5.8,3,0,0,0,0,10,17.5,300,6.1,2013
Brad Smith,3048,WR,PHI,1,0.0,1,1,13.0,4.9,0,0,0.0,0.0,0,0,0,,1,0,0,24,23.6,48.3,48.6,31.8,0,0,1,0,,39.6,0.0,0,0,0,0,0,0,0.0,0,0.0,2013
Nick Foles,7089,QB,PHI,8,68.8,285,312,10.3,2.77,0,14,4.2,59.9,187,0,112,4.6,330,9,106,24,60.5,64.7,65.2,44.9,8,10,355,0,8.0,81.5,2.7,9,7,1,18,13,20,5.6,2167,6.9,2014
Mark Sanchez,4928,QB,PHI,9,71.1,301,309,8.8,2.64,2,9,2.8,64.1,198,0,104,7.5,343,16,120,24,54.3,58.9,60.5,42.9,1,11,356,3,21.2,88.4,6.4,22,12,0,5,14,16,4.5,2418,7.8,2014
Matt Barkley,7880,QB,PHI,1,0.0,1,1,7.0,2.1,0,0,0.0,0.0,0,0,1,,1,0,0,24,68.2,46.7,45.7,60.5,0,0,1,0,0.0,39.6,0.0,0,0,0,0,0,0,0.0,0,0.0,2014
Sam Bradford,5526,QB,PHI,14,78.1,497,532,7.4,2.6,14,25,4.4,65.0,346,0,183,10.8,570,42,167,24,66.3,75.9,75.8,47.1,7,14,611,4,15.3,86.4,4.9,28,10,1,13,19,15,2.5,3725,7.0,2015
Mark Sanchez,4928,QB,PHI,3,72.4,87,91,5.9,2.6,1,4,4.3,64.8,59,0,39,6.3,102,4,30,24,65.9,69.9,68.8,60.9,0,4,104,0,23.1,80.7,8.8,9,2,0,3,4,4,3.8,616,6.8,2015
Carson Wentz,10636,QB,PHI,16,74.8,555,607,7.9,2.66,15,17,2.6,62.4,379,0,197,8.7,662,36,197,24,50.3,69.9,68.3,66.3,14,14,700,4,17.3,79.3,5.1,34,19,2,21,16,27,3.9,3782,6.2,2016
Chase Daniel,5214,QB,PHI,1,100.0,1,1,4.0,3.1,0,0,0.0,100.0,1,0,1,0.0,1,0,1,24,60.4,76.2,60.7,,0,0,1,0,0.0,118.8,0.0,0,0,0,0,0,0,0.0,16,16.0,2016
Carson Wentz,10636,QB,PHI,13,69.6,411,440,10.3,2.75,10,29,6.2,60.2,265,0,179,7.3,502,21,174,24,35.3,84.9,84.7,60.1,7,7,537,3,15.6,101.9,5.6,28,32,0,12,33,17,3.2,3296,7.5,2017
Nick Foles,7089,QB,PHI,9,74.7,190,207,8.8,2.59,2,9,4.1,64.7,134,0,70,5.6,215,8,78,24,29.7,73.2,73.8,39.6,4,3,225,1,10.0,98.1,3.3,7,1,0,11,11,7,3.1,1508,7.3,2017
Nate Sudfeld,10821,QB,PHI,1,90.9,22,23,3.8,2.6,1,0,0.0,82.6,19,0,11,5.0,27,1,5,24,78.0,62.5,59.9,65.7,0,0,29,0,27.3,90.9,11.1,3,1,0,0,0,0,0.0,134,5.8,2017
Trey Burton,9185,TE,PHI,1,100.0,1,1,3.0,2.7,0,0,0.0,100.0,1,0,0,0.0,1,0,1,24,76.4,73.4,68.9,,0,0,1,0,,118.8,0.0,0,0,0,0,1,0,0.0,1,1.0,2017
Carson Wentz,10636,QB,PHI,11,78.7,381,401,8.0,2.61,3,18,4.3,69.6,279,0,140,7.0,448,21,163,24,44.9,79.4,78.5,60.3,10,7,472,3,22.1,102.2,6.9,31,16,2,5,21,16,3.4,3074,7.7,2018
Nick Foles,7089,QB,PHI,7,75.3,255,266,7.4,2.44,2,8,2.8,69.2,184,0,84,4.2,278,8,89,24,53.8,76.6,73.7,73.2,2,8,297,3,11.9,89.2,3.6,10,2,2,5,10,9,3.0,1880,7.1,2018
Nate Sudfeld,10821,QB,PHI,2,50.0,2,2,5.0,2.2,0,0,0.0,50.0,1,0,1,0.0,2,0,1,24,67.8,49.4,47.5,60.0,0,0,2,0,0.0,129.2,0.0,0,0,0,0,1,0,0.0,22,11.0,2018
Nelson Agholor,9453,WR,PHI,1,100.0,1,1,9.0,3.2,0,0,0.0,100.0,1,0,0,0.0,1,0,1,24,51.4,64.7,68.5,66.1,0,0,1,2,,118.8,0.0,0,0,0,0,0,0,0.0,15,15.0,2018
Carson Wentz,10636,QB,PHI,17,73.9,571,611,8.5,2.71,14,33,5.0,63.7,389,0,244,7.8,679,33,220,24,28.6,76.5,75.4,61.0,11,7,724,2,15.6,92.7,5.6,38,29,1,14,27,25,3.5,4042,6.6,2019
Josh McCown,1085,QB,PHI,2,81.5,27,29,5.7,3.14,0,0,0.0,72.4,21,0,13,4.5,37,1,11,24,22.3,57.1,62.3,49.0,0,0,39,1,46.2,90.9,16.2,6,2,0,2,0,1,2.6,198,6.8,2019
Jake Elliott,11908,K,PHI,1,0.0,1,1,3.0,5.0,0,0,0.0,0.0,0,0,1,,1,0,0,24,60.4,50.1,56.7,,0,1,1,0,0.0,0.0,0.0,0,0,0,0,0,0,0.0,0,0.0,2019
Carson Wentz,10636,QB,PHI,12,70.1,401,437,9.4,2.88,6,20,4.3,57.4,251,0,190,10.7,509,30,138,24,40.4,65.0,60.0,82.6,6,15,544,2,26.3,72.8,9.8,50,21,1,23,16,24,4.4,2620,6.0,2020
Jalen Hurts,40291,QB,PHI,10,65.1,126,148,10.1,3.37,3,7,4.4,52.0,77,0,70,6.1,185,5,56,24,23.3,56.2,57.5,55.4,5,4,197,4,17.1,77.6,6.5,12,25,1,13,6,9,4.6,1061,7.2,2020
Nate Sudfeld,10821,QB,PHI,1,55.6,9,12,9.7,3.09,0,0,0.0,41.7,5,0,9,0.0,15,0,2,24,73.5,32.8,39.7,46.9,0,1,15,0,22.2,14.6,13.3,2,1,0,3,0,1,6.7,32,2.7,2020
Greg Ward,12258,WR,PHI,2,100.0,1,1,15.0,5.9,0,0,0.0,100.0,1,1,2,0.0,2,0,1,24,41.3,58.8,68.8,48.6,0,0,2,1,0.0,118.8,0.0,0,1,0,0,0,0,0.0,15,15.0,2020
Jalen Hurts,40291,QB,PHI,16,72.4,428,475,9.5,3.18,12,25,5.0,60.6,288,0,206,7.1,556,22,179,24,72.2,77.1,69.2,86.9,9,11,591,3,13.1,84.7,4.9,27,51,2,24,17,23,3.9,3402,7.2,2021
Gardner Minshew,41401,QB,PHI,3,85.2,54,60,6.0,3.02,1,2,3.2,68.3,41,0,29,10.9,70,5,24,24,48.4,61.7,59.9,62.2,1,1,75,0,17.2,104.8,7.1,5,4,0,4,4,2,2.7,439,7.3,2021
Greg Ward,12258,WR,PHI,2,50.0,2,2,5.0,4.0,0,0,0.0,50.0,1,0,1,0.0,2,0,0,24,74.4,54.9,51.4,,0,0,2,1,0.0,56.3,0.0,0,0,0,0,0,0,0.0,2,1.0,2021
Jalen Hurts,40291,QB,PHI,18,77.4,500,547,8.7,2.86,13,26,4.5,66.5,364,0,189,5.9,637,23,210,24,66.7,88.2,83.8,83.8,2,6,673,6,21.2,100.8,6.3,40,48,0,32,25,12,1.8,4280,7.8,2022
Gardner Minshew,41401,QB,PHI,4,63.8,69,76,10.3,2.73,1,0,0.0,57.9,44,0,35,0.0,84,0,30,24,52.7,56.3,56.5,54.1,0,3,87,0,17.1,83.4,7.1,6,2,1,5,3,5,5.7,664,8.7,2022
Jalen Hurts,40291,QB,PHI,18,75.8,521,573,8.9,3.11,8,29,4.8,65.8,377,0,270,4.6,661,18,211,24,66.5,86.7,83.9,76.7,6,15,693,7,14.4,89.8,5.9,39,47,0,38,24,16,2.3,4108,7.2,2023
Marcus Mariota,9435,QB,PHI,2,71.4,21,23,8.1,3.01,2,1,4.3,65.2,15,0,9,0.0,29,0,12,24,27.4,66.3,55.6,80.7,0,1,29,1,33.3,82.5,10.3,3,3,0,0,1,2,6.9,164,7.1,2023
Kenneth Gainwell,77737,HB,PHI,1,100.0,1,1,17.0,2.6,0,0,0.0,100.0,1,0,0,0.0,1,0,1,24,29.3,55.3,69.7,52.4,0,0,1,0,,118.8,0.0,0,0,0,0,0,0,0.0,17,17.0,2023
Braden Mann,44664,P,PHI,1,100.0,1,1,11.0,2.2,0,0,0.0,100.0,1,0,0,0.0,1,0,1,24,60.4,73.1,68.8,,0,0,1,0,,118.8,0.0,0,0,0,0,0,0,0.0,28,28.0,2023
Jalen Hurts,40291,QB,PHI,10,79.8,238,263,8.8,3.17,4,14,5.1,69.2,182,0,134,4.2,322,8,113,24,46.6,76.3,66.4,88.8,1,5,338,1,20.9,101.8,8.7,28,28,1,19,12,14,4.1,2197,8.4,2024
Kenny Pickett,60515,QB,PHI,2,50.0,2,3,5.5,2.6,0,0,0.0,33.3,1,0,4,0.0,4,0,0,24,69.5,53.1,44.6,64.5,1,0,4,0,25.0,42.4,25.0,1,0,0,0,0,0,0.0,5,1.7,2024
Ben Roethlisberger,1732,QB,PIT,15,68.5,441,469,10.0,2.91,10,19,3.9,59.7,280,0,206,7.3,531,22,182,25,77.2,54.5,55.9,40.7,3,23,546,1,22.3,75.4,8.7,46,14,5,10,18,29,5.3,3518,7.5,2006
Charlie Batch,367,QB,PIT,6,69.4,49,53,10.8,2.99,0,4,7.0,58.5,31,0,26,8.8,58,3,23,25,58.0,66.3,73.2,38.7,1,0,62,0,11.5,121.0,5.2,3,2,0,3,5,1,1.6,492,9.3,2006
Cedrick Wilson,901,WR,PIT,1,100.0,1,1,21.0,4.5,0,0,0.0,100.0,1,0,0,0.0,1,0,1,25,22.7,64.2,72.3,45.2,0,0,1,1,,118.8,0.0,0,0,0,0,0,0,0.0,21,21.0,2006
Ben Roethlisberger,1732,QB,PIT,16,75.1,426,446,10.0,3.11,4,30,6.5,65.7,293,0,193,8.4,524,27,197,25,33.7,81.9,81.7,51.9,3,14,542,0,27.5,101.9,10.1,53,25,3,10,34,31,5.7,3501,7.8,2007
Charlie Batch,367,QB,PIT,2,65.6,32,36,12.3,2.98,1,1,2.6,47.2,17,0,11,19.0,36,4,10,25,81.0,55.1,57.2,51.1,0,3,38,1,0.0,52.1,0.0,0,0,0,3,2,2,5.3,232,6.4,2007
Willie Parker,2142,HB,PIT,1,0.0,1,1,15.0,2.8,0,0,0.0,0.0,0,0,0,,1,0,0,25,59.8,53.5,49.1,53.9,0,0,1,1,,39.6,0.0,0,0,0,0,0,0,0.0,0,0.0,2007
Ben Roethlisberger,1732,QB,PIT,19,72.4,521,557,9.4,0.0,8,26,4.5,60.0,334,0,210,11.4,630,43,198,25,29.6,69.3,73.0,28.8,9,16,656,6,26.2,82.0,8.7,55,18,4,15,20,19,2.9,4000,7.2,2008
Byron Leftwich,1323,QB,PIT,6,65.7,35,37,13.0,0.0,1,1,2.6,56.8,21,0,16,8.7,42,2,18,25,80.6,69.6,74.3,46.4,0,0,43,0,18.8,101.5,7.1,3,2,1,0,2,0,0.0,303,8.2,2008
Dennis Dixon,4470,QB,PIT,1,100.0,1,1,-3.0,0.0,0,0,0.0,100.0,1,0,0,0.0,1,0,0,25,66.7,40.4,60.2,50.7,0,0,1,1,,79.2,0.0,0,0,0,0,0,0,0.0,3,3.0,2008
Ben Roethlisberger,1732,QB,PIT,15,77.4,474,506,9.5,0.0,12,30,5.6,66.6,337,0,156,8.2,567,30,211,25,80.3,85.2,85.9,40.4,12,12,601,1,32.1,100.5,8.8,50,11,1,7,26,13,2.2,4328,8.6,2009
Dennis Dixon,4470,QB,PIT,1,50.0,24,26,11.3,0.0,2,0,0.0,46.2,12,0,8,0.0,26,0,6,25,78.1,39.3,37.6,58.2,0,1,30,0,0.0,60.6,0.0,0,0,0,0,1,2,6.7,145,5.6,2009
Charlie Batch,367,QB,PIT,1,50.0,2,2,9.5,0.0,0,0,0.0,50.0,1,0,1,0.0,2,0,1,25,63.6,73.2,71.8,,0,0,2,0,0.0,79.2,0.0,0,0,0,0,0,0,0.0,17,8.5,2009
Mewelde Moore,1840,HB,PIT,1,100.0,1,1,14.0,0.0,0,0,0.0,100.0,1,0,0,0.0,1,0,1,25,82.5,58.6,55.2,50.5,0,0,1,1,,131.3,0.0,0,0,0,0,1,0,0.0,6,6.0,2009
Santonio Holmes,2970,WR,PIT,1,0.0,1,1,34.0,0.0,0,0,0.0,0.0,0,0,0,,1,0,0,25,82.7,81.7,53.5,50.4,0,1,1,1,,0.0,0.0,0,0,0,0,0,0,0.0,0,0.0,2009
Ben Roethlisberger,1732,QB,PIT,15,71.5,446,480,10.2,0.0,12,39,7.8,61.3,294,0,194,7.8,546,25,197,25,41.0,84.6,87.9,40.6,2,9,571,4,21.1,93.1,7.5,41,25,8,12,21,13,2.3,3822,8.0,2010
Charlie Batch,367,QB,PIT,3,69.6,46,49,12.1,0.0,1,5,9.3,59.2,29,0,22,9.4,55,3,14,25,25.6,52.5,57.8,37.0,1,3,61,1,18.2,76.2,7.3,4,2,1,0,3,3,4.9,352,7.2,2010
Dennis Dixon,4470,QB,PIT,2,73.3,30,32,6.4,0.0,1,1,3.1,68.8,22,0,21,0.0,40,0,9,25,21.9,41.2,49.7,30.0,1,1,40,0,23.8,79.4,12.5,5,3,0,0,0,3,7.5,254,7.9,2010
Byron Leftwich,1323,QB,PIT,1,85.7,7,7,4.3,0.0,0,0,0.0,71.4,5,0,3,16.7,9,1,3,25,70.9,53.6,53.2,,0,0,9,0,66.7,86.6,22.2,2,0,0,0,0,0,0.0,42,6.0,2010
Antwaan Randle El,1069,WR,PIT,3,100.0,2,2,25.0,0.0,0,0,0.0,100.0,2,0,0,0.0,2,0,2,25,76.6,62.8,69.9,63.4,0,0,3,0,,158.3,0.0,0,0,0,0,2,0,0.0,42,21.0,2010
Ben Roethlisberger,1732,QB,PIT,16,70.5,529,553,9.8,2.71,11,41,7.1,62.6,346,0,200,7.2,613,27,229,25,63.8,75.5,75.8,47.2,2,15,644,3,22.5,89.1,7.3,45,15,2,9,22,28,4.3,4366,7.9,2011
Charlie Batch,367,QB,PIT,3,66.7,24,24,6.9,2.62,0,3,11.5,62.5,15,0,11,6.3,26,1,9,25,78.0,67.5,69.3,57.9,0,1,29,1,18.2,72.9,7.7,2,0,0,0,0,1,3.4,208,8.7,2011
Emmanuel Sanders,5606,WR,PIT,1,100.0,1,1,12.0,4.0,0,1,100.0,100.0,1,1,1,0.0,1,0,1,25,76.3,73.0,77.0,,0,0,1,5,0.0,118.8,0.0,0,0,0,0,0,0,0.0,15,15.0,2011
Ben Roethlisberger,1732,QB,PIT,13,75.6,409,449,8.8,2.82,13,33,7.1,63.3,284,0,169,8.1,491,25,171,25,66.1,85.5,85.0,55.6,7,8,509,3,17.8,96.2,6.1,30,12,6,14,25,18,3.5,3265,7.3,2012
Charlie Batch,367,QB,PIT,2,71.2,66,70,10.0,2.84,2,3,3.9,64.3,45,0,19,4.3,73,2,24,25,48.5,60.2,59.7,,1,4,80,1,15.8,64.9,4.1,3,0,0,1,1,6,7.5,475,6.8,2012
Byron Leftwich,1323,QB,PIT,2,55.1,49,53,10.8,3.14,0,2,3.5,47.2,25,0,19,7.4,57,2,14,25,81.5,56.7,53.4,69.5,1,1,61,0,15.8,54.9,5.3,3,1,0,3,0,2,3.3,272,5.1,2012
Antonio Brown,5718,WR,PIT,2,50.0,2,2,19.5,3.6,0,0,0.0,0.0,0,0,0,100.0,2,1,0,25,27.8,79.6,51.0,57.4,0,1,2,2,,0.0,0.0,0,0,0,0,0,1,50.0,0,0.0,2012
Ben Roethlisberger,1732,QB,PIT,16,74.7,550,584,8.6,2.59,10,27,4.4,64.2,375,0,207,8.8,639,36,211,25,50.5,83.4,84.0,41.5,4,14,663,3,20.3,92.0,6.6,42,13,6,14,28,25,3.8,4261,7.3,2013
Antonio Brown,5718,WR,PIT,1,100.0,1,1,11.0,4.45,0,0,0.0,100.0,1,1,1,0.0,2,0,1,25,90.0,89.1,67.4,52.1,0,0,2,4,100.0,118.8,50.0,1,0,0,0,0,0,0.0,15,15.0,2013
Mat McBriar,1659,P,PIT,1,100.0,1,1,19.0,3.4,0,0,0.0,100.0,1,0,1,0.0,1,0,1,25,60.4,73.0,68.7,,0,0,1,0,0.0,118.8,0.0,0,0,0,0,0,0,0.0,30,30.0,2013
Ben Roethlisberger,1732,QB,PIT,17,75.3,624,653,9.1,2.48,9,35,5.1,67.2,439,0,198,6.6,701,31,260,25,57.5,86.4,86.6,31.4,5,11,741,4,19.7,101.7,5.6,39,8,9,6,33,18,2.4,5297,8.1,2014
Bruce Gradkowski,3139,QB,PIT,1,66.7,3,3,9.7,2.27,0,0,0.0,66.7,2,0,1,0.0,3,0,1,25,68.7,77.1,76.4,60.0,0,0,3,0,0.0,88.2,0.0,0,0,0,0,0,0,0.0,22,7.3,2014
Antonio Brown,5718,WR,PIT,2,100.0,2,2,6.0,3.45,0,0,0.0,100.0,2,1,1,0.0,2,0,2,25,74.3,91.1,85.2,71.9,0,0,2,6,0.0,147.9,0.0,0,0,0,0,1,0,0.0,20,10.0,2014
Brad Wing,8256,P,PIT,1,0.0,1,1,10.0,2.6,0,0,0.0,0.0,0,0,1,,1,0,0,25,60.4,56.7,58.0,,0,1,1,0,0.0,0.0,0.0,0,0,0,0,0,0,0.0,0,0.0,2014
Robert Golden,7303,S,PIT,1,100.0,1,1,13.0,1.0,0,0,0.0,100.0,1,0,0,0.0,1,0,1,25,60.4,73.5,68.7,,0,0,1,0,,118.8,0.0,0,0,0,0,0,0,0.0,25,25.0,2014
Ben Roethlisberger,1732,QB,PIT,14,76.2,512,537,10.1,2.41,6,44,7.5,67.2,361,0,166,7.4,567,29,196,25,91.1,90.5,89.6,52.1,4,16,623,2,15.7,94.3,4.6,26,4,2,13,22,21,3.4,4506,8.4,2015
Michael Vick,773,QB,PIT,4,67.7,62,66,10.0,3.2,0,1,1.4,60.6,40,0,33,4.8,87,2,18,25,64.3,39.4,32.5,68.9,2,1,90,0,30.3,79.8,11.5,10,11,1,1,2,7,7.8,371,5.6,2015
Landry Jones,7897,QB,PIT,6,61.4,57,60,10.5,2.39,2,3,4.7,56.7,34,0,22,2.9,63,1,19,25,82.8,36.6,36.5,61.3,0,5,67,0,13.6,67.6,4.8,3,0,0,1,3,7,10.4,524,8.7,2015
Ben Roethlisberger,1732,QB,PIT,17,73.3,580,605,9.4,2.52,7,36,5.6,64.8,392,0,146,7.8,630,33,220,25,65.4,80.3,79.3,50.5,5,17,674,2,13.0,93.4,3.0,19,6,3,10,32,31,4.6,4554,7.5,2016
Landry Jones,7897,QB,PIT,4,69.4,85,86,9.5,2.61,0,5,5.5,61.6,53,0,25,10.2,90,6,26,25,85.2,54.9,54.0,61.6,0,2,95,0,16.0,86.3,4.4,4,0,1,0,4,6,6.3,558,6.5,2016
Le'Veon Bell,7829,HB,PIT,1,,0,1,,3.9,0,0,0.0,0.0,0,1,0,,1,0,0,25,65.3,78.2,60.0,80.1,0,0,1,6,,39.6,0.0,0,0,0,1,0,0,0.0,0,0.0,2016
Ben Roethlisberger,1732,QB,PIT,16,72.8,584,619,9.6,2.49,12,35,5.3,64.1,397,0,182,6.6,654,28,235,25,80.9,86.5,84.5,61.5,8,15,697,2,12.6,95.0,3.5,23,12,4,11,33,21,3.0,4720,7.6,2017
Landry Jones,7897,QB,PIT,2,82.1,28,28,7.5,2.47,0,0,0.0,82.1,23,0,12,0.0,31,0,9,25,28.9,49.4,47.6,62.1,0,1,32,0,25.0,99.3,9.7,3,0,0,0,1,2,6.3,239,8.5,2017
Robert Golden,7303,S,PIT,1,100.0,1,1,23.0,1.3,0,1,100.0,100.0,1,0,0,0.0,1,0,1,25,65.1,76.6,77.6,,0,0,1,0,,118.8,0.0,0,0,0,0,0,0,0.0,44,44.0,2017
Ben Roethlisberger,1732,QB,PIT,16,73.9,640,675,8.1,2.45,7,43,6.0,67.0,452,0,173,4.4,713,21,255,25,73.8,78.2,75.2,78.4,8,16,761,3,13.9,96.5,3.4,24,13,3,17,34,27,3.5,5129,7.6,2018
Joshua Dobbs,11890,QB,PIT,3,54.5,11,12,5.1,2.98,0,0,0.0,50.0,6,0,5,0.0,14,0,4,25,74.2,66.7,59.1,72.6,1,1,14,0,0.0,24.0,0.0,0,2,0,0,0,0,0.0,43,3.6,2018
Chris Boswell,8990,K,PIT,1,100.0,1,1,6.0,2.1,0,0,0.0,100.0,1,0,0,0.0,1,0,1,25,60.4,82.8,71.3,,0,0,1,0,,118.8,0.0,0,0,0,0,1,0,0.0,2,2.0,2018
Antonio Brown,5718,WR,PIT,1,0.0,1,1,12.0,2.9,0,0,0.0,0.0,0,0,1,,1,0,0,25,84.1,79.3,48.9,,0,0,1,3,0.0,39.6,0.0,0,0,0,0,0,0,0.0,0,0.0,2018
Mason Rudolph,46569,QB,PIT,10,74.5,259,283,8.1,2.74,3,6,2.0,62.2,176,0,112,8.8,308,17,84,25,49.3,53.5,53.5,57.5,12,9,331,3,13.4,82.0,4.9,15,10,0,9,13,14,4.2,1765,6.2,2019
Devlin Hodges,29838,QB,PIT,8,78.4,139,160,7.6,2.86,2,7,4.0,62.5,100,0,68,8.3,183,9,56,25,26.2,45.8,49.4,41.5,2,8,196,5,22.1,71.4,8.2,15,8,0,17,5,11,5.6,1063,6.6,2019
Ben Roethlisberger,1732,QB,PIT,2,66.7,60,62,9.3,2.55,2,1,1.4,56.5,35,0,16,12.5,65,5,14,25,45.0,49.0,49.5,58.3,0,1,74,0,12.5,66.0,3.1,2,1,0,0,0,3,4.1,351,5.7,2019
Jaylen Samuels,47297,HB,PIT,2,80.0,5,5,-3.2,1.16,0,0,0.0,80.0,4,1,1,0.0,5,0,2,25,65.2,54.4,47.3,56.1,0,1,5,2,0.0,56.3,0.0,0,0,0,0,0,1,20.0,35,7.0,2019
Ben Roethlisberger,1732,QB,PIT,16,75.4,646,676,7.6,2.19,18,29,4.0,66.0,446,0,145,8.4,694,41,223,25,82.7,69.0,68.3,50.5,6,14,745,2,9.0,93.2,1.9,13,3,0,6,37,21,2.8,4304,6.4,2020
Mason Rudolph,46569,QB,PIT,3,65.9,41,43,10.8,2.49,0,3,6.5,58.1,25,0,14,7.4,45,2,13,25,81.2,75.4,75.6,55.7,1,1,48,0,7.1,87.7,2.2,1,1,0,1,2,1,2.1,324,7.5,2020
Joshua Dobbs,11890,QB,PIT,1,100.0,4,5,-3.5,2.14,0,0,0.0,80.0,4,0,1,0.0,5,0,0,25,70.2,70.0,61.8,68.7,0,0,5,0,0.0,79.2,0.0,0,0,0,1,0,0,0.0,2,0.4,2020
Ben Roethlisberger,1732,QB,PIT,17,72.5,626,649,7.1,2.25,12,24,3.4,64.6,419,0,154,7.7,692,35,206,25,28.1,53.0,52.8,52.5,3,10,740,2,26.0,87.2,5.8,40,3,2,6,24,36,4.9,3955,6.1,2021
Mason Rudolph,46569,QB,PIT,2,71.7,53,58,6.4,2.42,2,2,3.2,60.3,35,0,12,7.9,61,3,19,25,82.3,74.2,68.8,81.7,1,1,65,0,0.0,70.8,0.0,0,3,1,1,1,2,3.1,277,4.8,2021
Chris Boswell,8990,K,PIT,1,0.0,1,1,17.0,5.4,0,0,0.0,0.0,0,0,1,,1,0,0,25,60.4,38.8,49.5,,0,0,1,0,0.0,39.6,0.0,0,0,0,0,0,0,0.0,0,0.0,2021
Kenny Pickett,60515,QB,PIT,13,73.3,360,389,8.0,2.99,8,18,4.3,63.0,245,1,140,7.2,444,19,134,25,80.5,75.5,73.0,77.5,2,9,477,5,19.3,76.7,6.1,27,28,1,18,7,12,2.5,2404,6.2,2022
Mitch Trubisky,11757,QB,PIT,7,71.3,171,180,10.0,2.71,3,11,5.8,65.0,117,0,57,4.1,195,5,66,25,90.2,76.6,74.0,73.7,2,5,207,1,19.3,81.1,5.6,11,4,1,3,4,8,3.9,1252,7.0,2022
Najee Harris,57121,HB,PIT,1,100.0,1,1,-5.0,0.6,0,0,0.0,100.0,1,0,0,0.0,1,0,0,25,76.0,73.5,60.0,75.2,0,0,1,1,,83.3,0.0,0,0,0,0,0,0,0.0,4,4.0,2022
Kenny Pickett,60515,QB,PIT,12,71.8,298,324,7.5,2.73,8,13,3.8,62.0,201,0,136,6.1,363,13,96,25,91.3,70.6,68.8,66.7,3,4,386,2,16.9,81.4,6.3,23,14,1,14,6,7,1.8,2070,6.4,2023
Mason Rudolph,46569,QB,PIT,5,77.2,101,113,7.5,2.55,3,5,4.3,68.1,77,0,50,1.3,125,1,43,25,40.2,64.8,64.8,58.2,2,1,130,1,14.0,104.9,5.6,7,4,1,6,5,4,3.1,948,8.4,2023
Mitch Trubisky,11757,QB,PIT,5,68.6,102,107,9.1,2.78,0,1,0.9,62.6,67,0,49,4.3,122,3,38,25,64.6,43.3,44.2,51.0,3,5,132,0,14.3,71.9,5.7,7,8,1,1,4,7,5.3,632,5.9,2023
Connor Heyward,57301,TE,PIT,1,,0,1,,2.0,1,0,0.0,0.0,0,1,0,,1,0,0,25,76.3,55.5,60.0,59.3,0,0,1,4,,39.6,0.0,0,0,0,0,0,0,0.0,0,0.0,2023
Justin Fields,82118,QB,PIT,6,78.8,146,160,7.7,3.08,2,6,3.5,66.3,106,0,78,7.8,195,9,51,25,61.7,71.9,67.0,76.7,3,1,212,4,20.5,93.9,8.2,16,18,1,8,5,6,2.8,1106,6.9,2024
Russell Wilson,7077,QB,PIT,3,68.8,77,85,10.8,2.94,1,6,6.6,58.8,50,0,34,5.7,98,3,34,25,58.0,73.6,72.3,61.7,1,1,104,0,23.5,105.9,8.2,8,3,1,5,6,1,1.0,737,8.7,2024
Miles Killebrew,10745,S,PIT,1,100.0,1,1,17.0,1.1,0,0,0.0,0.0,0,0,0,100.0,1,1,0,25,60.4,73.1,68.8,,0,0,1,0,,39.6,0.0,0,0,0,0,0,0,0.0,0,0.0,2024
Kyle Allen,26152,QB,PIT,1,100.0,1,1,13.0,2.2,0,0,0.0,100.0,1,0,0,0.0,1,0,1,25,60.4,73.2,71.6,,0,0,1,0,,118.8,0.0,0,0,0,0,0,0,0.0,19,19.0,2024
Philip Rivers,1725,QB,SD,17,70.2,453,492,9.8,2.63,7,26,5.1,60.6,298,0,168,6.3,537,20,177,27,67.8,72.4,77.5,28.3,6,10,552,4,17.9,89.6,5.6,30,12,3,23,22,17,3.1,3618,7.4,2006
LaDainian Tomlinson,777,HB,SD,3,66.7,3,3,15.7,2.5,0,0,0.0,66.7,2,0,0,0.0,3,0,2,27,83.5,76.4,70.2,75.1,0,0,3,2,,125.0,0.0,0,0,0,0,2,0,0.0,20,6.7,2006
Billy Volek,768,QB,SD,1,50.0,2,2,3.5,2.1,0,0,0.0,50.0,1,0,1,0.0,3,0,0,27,69.8,45.5,52.5,49.6,0,0,3,0,100.0,56.3,33.3,1,0,0,0,0,0,0.0,4,2.0,2006
Philip Rivers,1725,QB,SD,19,70.4,493,546,9.3,2.76,11,36,6.4,60.3,329,0,204,5.2,580,18,195,27,49.9,79.5,82.6,29.3,6,19,594,7,11.8,83.0,4.1,24,10,0,36,25,23,3.9,3929,7.2,2007
Billy Volek,768,QB,SD,5,46.2,13,14,7.5,3.0,1,0,0.0,42.9,6,0,5,0.0,16,0,2,27,28.0,26.7,28.5,32.6,0,1,18,0,40.0,24.1,12.5,2,0,0,0,0,2,11.1,54,3.9,2007
LaDainian Tomlinson,777,HB,SD,1,100.0,1,1,15.0,3.0,0,0,0.0,100.0,1,0,1,0.0,1,0,1,27,90.2,75.0,68.9,71.0,0,0,1,2,0.0,158.3,0.0,0,0,0,0,1,0,0.0,17,17.0,2007
Philip Rivers,1725,QB,SD,18,76.1,497,549,9.0,0.0,6,28,4.8,64.3,353,0,173,6.6,595,25,223,27,50.3,81.2,83.0,42.3,8,13,624,10,19.1,102.7,5.5,33,13,1,37,37,18,2.9,4534,8.3,2008
Philip Rivers,1725,QB,SD,17,76.1,485,526,10.2,0.0,2,32,5.8,65.4,344,0,162,6.8,565,25,227,27,86.9,90.9,91.5,41.5,12,11,590,7,16.7,102.3,4.8,27,12,3,24,29,10,1.7,4552,8.7,2009
Billy Volek,768,QB,SD,2,67.7,31,31,8.4,0.0,0,1,3.2,64.5,20,0,9,4.8,32,1,13,27,79.7,51.5,59.4,39.1,0,1,32,0,11.1,84.2,3.1,1,0,0,0,1,1,3.1,231,7.5,2009
Legedu Naanee,3788,WR,SD,1,100.0,1,1,10.0,0.0,0,0,0.0,100.0,1,0,1,0.0,1,0,1,27,76.5,66.2,55.3,58.9,0,0,1,1,0.0,118.8,0.0,0,0,0,0,0,0,0.0,21,21.0,2009
LaDainian Tomlinson,777,HB,SD,1,0.0,1,1,13.0,0.0,0,0,0.0,0.0,0,0,0,,1,0,0,27,72.3,47.6,68.9,49.4,0,0,1,1,,39.6,0.0,0,0,0,0,0,0,0.0,0,0.0,2009
Philip Rivers,1725,QB,SD,16,75.5,502,541,8.9,0.0,7,35,6.2,66.0,357,0,206,5.8,591,22,240,27,67.1,91.6,92.8,32.1,8,13,612,13,18.4,101.8,6.4,38,12,1,23,30,10,1.6,4710,8.7,2010
Patrick Crayton,1932,WR,SD,1,0.0,1,1,30.0,0.0,0,0,0.0,0.0,0,0,0,,1,0,0,27,76.5,79.3,54.7,,0,0,1,0,,39.6,0.0,0,0,0,0,0,0,0.0,0,0.0,2010
Billy Volek,768,QB,SD,1,100.0,1,1,1.0,0.0,0,0,0.0,100.0,1,0,1,0.0,1,0,1,27,71.2,57.9,60.4,56.4,0,0,1,0,0.0,100.0,0.0,0,0,0,0,0,0,0.0,8,8.0,2010
Philip Rivers,1725,QB,SD,16,74.6,531,582,9.6,2.81,6,45,7.3,62.9,366,0,181,7.6,621,30,241,27,62.8,78.5,79.6,35.3,4,20,656,3,16.6,88.7,4.8,30,9,3,38,27,20,3.0,4624,7.9,2011
Philip Rivers,1725,QB,SD,16,75.6,476,527,7.8,2.78,4,31,5.5,64.1,338,0,223,6.1,587,22,186,27,72.0,64.1,66.3,43.9,3,15,619,11,22.4,88.6,8.5,50,10,2,42,26,23,3.7,3606,6.8,2012
Danario Alexander,6106,WR,SD,1,0.0,1,1,2.0,5.5,0,0,0.0,0.0,0,0,1,,1,0,0,27,77.9,78.9,56.6,,0,0,1,4,0.0,39.6,0.0,0,0,0,0,0,0,0.0,0,0.0,2012
Philip Rivers,1725,QB,SD,18,78.5,553,587,8.1,2.67,12,33,5.2,69.5,408,1,220,6.0,641,26,254,27,90.9,88.2,90.4,31.2,6,11,684,8,15.9,106.3,5.5,35,19,1,15,35,16,2.3,4823,8.2,2013
Philip Rivers,1725,QB,SD,16,75.6,532,570,9.0,2.69,3,29,4.7,66.5,379,1,213,5.7,627,23,222,27,72.5,77.9,77.5,48.0,7,18,670,3,16.9,93.8,5.7,36,20,1,27,31,17,2.5,4286,7.5,2014
Kellen Clemens,2994,QB,SD,1,33.3,3,3,9.3,2.75,0,0,0.0,33.3,1,0,2,0.0,4,0,1,27,66.9,63.8,62.8,,0,0,4,0,50.0,43.8,25.0,1,0,0,0,0,0,0.0,10,3.3,2014
Eric Weddle,3653,S,SD,1,0.0,1,1,24.0,1.4,0,0,0.0,0.0,0,0,1,,1,0,0,27,60.4,60.0,60.0,,0,0,1,3,0.0,39.6,0.0,0,0,0,0,0,0,0.0,0,0.0,2014
Philip Rivers,1725,QB,SD,16,77.6,607,661,7.5,2.4,12,21,2.9,66.1,437,0,280,7.2,711,34,230,27,85.0,69.9,70.6,38.0,9,13,766,7,14.3,93.8,5.6,40,9,1,32,29,19,2.5,4792,7.2,2015
Kellen Clemens,2994,QB,SD,1,83.3,6,6,14.0,2.32,0,0,0.0,83.3,5,0,1,0.0,6,0,4,27,69.9,64.7,63.9,60.0,0,0,6,0,0.0,150.0,0.0,0,0,0,0,1,0,0.0,63,10.5,2015
Philip Rivers,1725,QB,SD,16,74.0,516,578,9.0,2.63,10,25,4.1,60.4,349,1,250,8.6,622,33,216,27,78.8,70.7,69.4,56.5,5,21,659,6,14.4,87.9,5.8,36,7,1,46,33,23,3.5,4386,7.6,2016
Kellen Clemens,2994,QB,SD,1,0.0,1,1,35.0,2.4,0,0,0.0,0.0,0,0,0,,1,0,0,27,66.7,60.3,59.3,60.0,0,0,1,1,,39.6,0.0,0,0,0,0,0,0,0.0,0,0.0,2016
Travis Benjamin,7100,WR,SD,1,0.0,1,1,21.0,5.1,0,0,0.0,0.0,0,2,0,,1,0,0,27,36.4,67.2,71.0,51.3,0,0,1,2,,39.6,0.0,0,0,0,0,0,0,0.0,0,0.0,2016
Matt Hasselbeck,408,QB,SEA,14,69.1,405,439,11.0,2.69,7,23,5.0,56.0,246,0,141,12.1,490,34,145,29,89.7,66.3,65.5,61.9,4,18,515,4,26.2,75.1,7.6,37,14,4,19,21,27,5.2,2890,6.6,2006
Seneca Wallace,1422,QB,SEA,6,66.9,133,141,9.9,2.82,4,6,4.2,58.2,82,0,58,7.9,164,7,49,29,26.1,50.2,51.7,46.7,1,7,168,0,24.1,76.3,8.5,14,9,0,3,8,8,4.8,930,6.6,2006
Matt Hasselbeck,408,QB,SEA,18,73.0,589,627,8.7,2.57,8,31,4.8,62.4,391,0,186,9.1,681,39,230,29,62.2,71.2,73.6,34.7,1,14,699,4,19.4,89.9,5.3,36,18,2,27,30,31,4.4,4389,7.0,2007
Seneca Wallace,1422,QB,SEA,4,80.0,25,28,6.1,2.96,1,0,0.0,67.9,19,0,8,5.0,33,1,8,29,28.0,48.9,37.7,60.4,0,1,34,0,37.5,99.6,9.1,3,2,0,2,2,3,8.8,215,7.7,2007
Charlie Frye,2284,QB,SEA,1,60.0,10,10,5.7,3.3,0,0,0.0,40.0,4,0,8,33.3,16,2,2,29,74.2,33.4,34.7,58.3,0,1,17,0,62.5,10.0,31.3,5,1,0,0,0,1,5.9,34,3.4,2007
Seneca Wallace,1422,QB,SEA,9,70.4,226,242,8.1,0.0,4,10,4.0,58.3,141,0,106,11.3,265,18,77,29,55.1,72.1,71.1,61.0,2,3,271,1,13.2,87.0,5.3,14,9,2,8,11,5,1.8,1532,6.3,2008
Matt Hasselbeck,408,QB,SEA,7,62.1,198,209,9.5,0.0,5,8,3.7,52.2,109,0,82,11.4,239,14,71,29,76.5,64.7,62.3,74.3,1,10,248,2,23.2,57.8,7.9,19,11,0,5,5,8,3.2,1216,5.8,2008
Charlie Frye,2284,QB,SEA,1,66.7,21,23,7.0,0.0,1,1,4.2,52.2,12,0,10,14.3,28,2,6,29,77.4,57.4,54.7,72.3,1,2,30,1,30.0,53.4,10.7,3,2,0,0,2,2,6.7,83,3.6,2008
Matt Hasselbeck,408,QB,SEA,14,70.6,456,488,7.4,0.0,8,14,2.8,60.0,293,0,137,9.0,538,29,151,29,51.4,60.8,61.4,43.5,6,17,557,1,23.4,75.1,5.9,32,18,0,18,17,18,3.2,3029,6.2,2009
Seneca Wallace,1422,QB,SEA,9,73.0,115,120,7.8,0.0,4,3,2.4,65.0,78,0,36,7.1,134,6,39,29,56.9,52.3,55.4,35.0,0,2,139,2,25.0,81.9,6.7,9,5,0,1,3,2,1.4,700,5.8,2009
Matt Hasselbeck,408,QB,SEA,16,69.4,497,525,8.9,0.0,7,27,4.9,59.8,314,0,141,9.0,566,31,170,29,79.0,74.1,73.4,55.3,3,18,592,3,22.7,77.7,5.7,32,9,1,17,19,20,3.4,3528,6.7,2010
Charlie Whitehurst,3026,QB,SEA,5,67.0,91,99,7.0,0.0,1,3,2.9,57.6,57,0,33,6.6,114,4,25,29,87.0,56.3,59.2,47.0,1,3,121,0,15.2,65.5,4.4,5,10,0,6,2,3,2.5,507,5.1,2010
Michael Robinson,3045,FB,SEA,1,100.0,1,1,23.0,0.0,0,1,100.0,100.0,1,0,1,0.0,1,0,1,29,76.9,65.0,81.6,55.7,0,0,1,1,0.0,118.8,0.0,0,0,0,0,0,0,0.0,28,28.0,2010
Tarvaris Jackson,3009,QB,SEA,15,71.9,417,450,9.4,2.81,6,20,4.2,60.2,271,0,196,9.7,512,29,143,29,82.5,68.8,71.4,34.6,4,13,539,3,21.4,79.2,8.2,42,20,2,21,14,17,3.2,3091,6.9,2011
Charlie Whitehurst,3026,QB,SEA,3,66.7,51,56,10.7,2.78,1,2,3.4,48.2,27,0,21,20.6,67,7,15,29,82.5,49.6,50.9,57.8,0,1,70,1,38.1,63.2,11.9,8,3,0,4,1,5,7.1,302,5.4,2011
Marshawn Lynch,3628,HB,SEA,1,0.0,2,2,13.5,3.1,0,0,0.0,0.0,0,0,0,,2,0,0,29,66.7,76.4,52.6,78.3,0,0,2,2,,39.6,0.0,0,0,0,0,0,0,0.0,0,0.0,2011
Sidney Rice,3660,WR,SEA,1,100.0,1,1,45.0,3.7,0,1,100.0,100.0,1,1,0,0.0,1,0,1,29,28.5,68.1,82.0,29.4,0,0,1,2,,118.8,0.0,0,0,0,0,0,0,0.0,55,55.0,2011
Russell Wilson,7077,QB,SEA,18,76.8,414,455,10.3,3.41,7,36,7.5,64.0,291,0,212,8.5,553,27,202,29,71.4,90.6,88.5,80.2,2,11,590,7,18.9,100.3,7.2,40,58,0,32,29,10,1.7,3690,8.1,2012
Matt Flynn,4523,QB,SEA,1,77.8,9,9,10.6,2.46,0,0,0.0,55.6,5,0,2,28.6,9,2,2,29,73.8,74.2,76.6,56.9,0,0,10,0,0.0,79.9,0.0,0,0,0,0,0,0,0.0,68,7.6,2012
Sidney Rice,3660,WR,SEA,3,50.0,2,2,26.5,3.4,0,0,0.0,50.0,1,0,0,0.0,2,0,1,29,80.6,81.6,55.3,67.0,0,0,3,1,,95.8,0.0,0,0,0,0,0,1,33.3,25,12.5,2012
Golden Tate,5585,WR,SEA,1,100.0,1,1,32.0,4.4,0,1,100.0,100.0,1,0,0,0.0,1,0,1,29,80.7,82.8,82.0,63.9,0,0,1,3,,158.3,0.0,0,0,0,0,1,0,0.0,23,23.0,2012
Russell Wilson,7077,QB,SEA,19,72.0,440,475,9.6,3.18,6,38,7.5,63.2,300,0,253,5.4,583,17,200,29,50.1,83.8,82.6,72.6,1,9,623,10,20.2,101.2,8.7,51,57,2,26,29,20,3.2,3881,8.2,2013
Tarvaris Jackson,3009,QB,SEA,4,84.6,13,14,8.6,2.45,0,1,7.1,71.4,10,0,4,9.1,14,1,7,29,75.0,86.2,87.3,61.2,0,0,14,0,0.0,130.4,0.0,0,0,0,1,1,0,0.0,151,10.8,2013
Russell Wilson,7077,QB,SEA,19,74.8,469,524,9.0,3.18,9,31,5.7,62.2,326,1,281,7.1,634,25,213,29,32.6,74.5,72.6,68.9,3,12,661,8,18.5,94.3,8.2,52,58,1,42,26,26,3.9,4199,8.0,2014
Tarvaris Jackson,3009,QB,SEA,1,100.0,1,1,0.0,2.2,0,0,0.0,100.0,1,0,0,0.0,1,0,0,29,60.4,61.0,60.5,,0,0,1,0,,79.2,0.0,0,0,0,0,0,0,0.0,0,0.0,2014
Jon Ryan,3493,P,SEA,1,100.0,1,1,20.0,3.7,0,0,0.0,100.0,1,0,0,0.0,1,0,1,29,60.4,91.4,78.8,,0,0,1,0,,158.3,0.0,0,0,0,0,1,0,0.0,19,19.0,2014
Jermaine Kearse,7428,WR,SEA,1,100.0,1,1,14.0,3.8,0,0,0.0,100.0,1,0,1,0.0,1,0,1,29,82.4,67.4,68.5,69.1,0,0,1,2,0.0,118.8,0.0,0,0,0,0,0,0,0.0,17,17.0,2014
Russell Wilson,7077,QB,SEA,18,77.6,513,557,9.3,2.95,4,30,5.2,67.0,373,0,284,6.3,672,25,236,29,62.7,81.7,80.3,72.9,5,11,699,10,18.3,106.3,7.7,52,63,4,31,38,22,3.1,4532,8.1,2015
Tarvaris Jackson,3009,QB,SEA,3,80.0,5,6,2.6,2.53,0,0,0.0,66.7,4,0,3,0.0,7,0,3,29,74.7,54.3,50.1,62.1,0,0,7,0,33.3,83.3,14.3,1,0,0,1,0,0,0.0,37,6.2,2015
Russell Wilson,7077,QB,SEA,18,77.8,545,606,9.1,2.65,8,41,6.4,64.9,393,0,291,7.3,701,31,228,29,78.8,83.8,83.3,58.4,9,13,741,2,15.8,93.0,6.6,46,41,2,42,25,19,2.6,4668,7.7,2016
Trevone Boykin,11279,QB,SEA,4,76.5,17,18,5.5,2.18,0,0,0.0,72.2,13,0,8,0.0,19,0,8,29,24.4,61.9,64.7,53.7,0,1,20,0,12.5,91.2,5.3,1,0,0,1,1,2,10.0,145,8.1,2016
Doug Baldwin,6615,WR,SEA,1,100.0,1,1,13.0,3.4,0,0,0.0,100.0,1,0,1,0.0,1,0,1,29,60.1,86.1,68.8,,0,0,1,2,0.0,158.3,0.0,0,0,0,0,1,0,0.0,15,15.0,2016
Jon Ryan,3493,P,SEA,1,,0,1,,3.9,0,0,0.0,0.0,0,0,0,,1,0,0,29,13.3,49.5,60.0,64.6,0,0,1,0,,39.6,0.0,0,0,0,1,0,1,100.0,0,0.0,2016
Tanner McEvoy,11288,WR,SEA,1,100.0,1,1,28.0,3.1,0,0,0.0,100.0,1,0,0,0.0,1,0,1,29,71.1,64.9,71.0,,0,0,1,0,,118.8,0.0,0,0,0,0,0,0,0.0,43,43.0,2016
Russell Wilson,7077,QB,SEA,16,73.1,506,553,10.5,3.12,6,36,6.0,61.3,339,0,271,8.4,655,31,207,29,50.0,78.8,75.3,75.2,4,11,713,7,15.9,95.4,6.6,43,55,4,33,34,26,3.6,3983,7.2,2017
Tanner McEvoy,11288,WR,SEA,1,0.0,1,1,33.0,4.2,0,0,0.0,0.0,0,1,0,,1,0,0,29,16.8,47.9,33.8,,0,1,1,2,,0.0,0.0,0,0,0,0,0,1,100.0,0,0.0,2017
Jon Ryan,3493,P,SEA,1,100.0,1,1,-4.0,0.8,0,0,0.0,100.0,1,0,0,0.0,1,0,0,29,60.4,61.3,60.4,,0,0,1,0,,79.2,0.0,0,0,0,0,0,0,0.0,-4,-4.0,2017
Russell Wilson,7077,QB,SEA,17,76.7,407,454,9.8,2.98,8,43,8.8,65.6,298,1,212,4.5,538,14,177,29,47.8,89.1,86.3,74.1,4,7,576,4,24.5,110.6,9.7,52,31,8,27,36,16,2.8,3681,8.1,2018
Russell Wilson,7077,QB,SEA,18,76.3,532,577,10.0,2.95,5,47,7.6,65.9,380,0,283,6.4,690,26,237,29,76.4,91.9,91.4,70.7,4,5,743,5,19.1,106.4,7.8,54,57,4,32,33,11,1.5,4712,8.2,2019
Josh Gordon,7618,WR,SEA,1,0.0,1,1,33.0,4.2,0,0,0.0,0.0,0,0,1,,1,0,0,29,76.4,63.7,33.8,59.2,0,1,1,2,0.0,0.0,0.0,0,0,0,0,0,1,100.0,0,0.0,2019
Russell Wilson,7077,QB,SEA,17,78.6,548,585,9.1,3.03,5,47,7.6,67.5,395,0,271,8.4,696,36,242,29,83.1,90.5,88.7,77.4,4,14,734,8,18.8,103.6,7.3,51,58,1,27,42,18,2.5,4386,7.5,2020
Geno Smith,7820,QB,SEA,1,100.0,4,5,4.5,2.32,0,0,0.0,80.0,4,0,2,0.0,6,0,3,29,70.8,62.2,67.4,53.9,1,0,6,0,50.0,94.2,16.7,1,0,0,0,0,0,0.0,33,6.6,2020
Russell Wilson,7077,QB,SEA,14,72.7,374,400,10.2,2.78,5,26,6.1,64.8,259,0,170,4.8,460,13,146,29,70.8,73.9,70.7,76.1,2,6,486,2,20.0,103.1,7.4,34,24,0,19,25,12,2.5,3113,7.8,2021
Geno Smith,7820,QB,SEA,4,80.5,82,95,7.5,2.9,3,7,6.9,68.4,65,0,44,1.5,112,1,32,29,60.5,73.9,71.4,78.4,2,1,118,2,29.5,103.0,11.6,13,4,1,7,5,3,2.5,702,7.4,2021
Jacob Eason,46444,QB,SEA,1,40.0,5,5,12.4,2.9,0,0,0.0,40.0,2,0,1,0.0,5,0,2,29,68.0,29.6,31.5,,0,1,5,0,0.0,16.7,0.0,0,0,0,0,0,1,20.0,25,5.0,2021
Geno Smith,7820,QB,SEA,18,77.7,565,607,8.3,2.79,8,35,5.4,69.9,424,0,232,3.4,693,15,236,29,76.4,79.3,75.4,83.8,6,12,738,8,21.1,100.8,7.1,49,36,1,27,32,31,4.2,4535,7.5,2022
DeeJay Dallas,55632,HB,SEA,1,0.0,1,1,14.0,3.0,0,0,0.0,0.0,0,0,0,,1,0,0,29,89.2,64.9,22.2,70.0,0,1,1,0,,0.0,0.0,0,0,0,0,0,1,100.0,0,0.0,2022
Geno Smith,7820,QB,SEA,15,77.4,446,499,8.2,2.73,13,32,6.0,64.7,323,0,223,6.4,553,22,177,29,68.8,82.9,82.1,62.8,8,9,591,6,13.9,92.1,5.6,31,20,4,28,20,21,3.6,3624,7.3,2023
Drew Lock,39517,QB,SEA,4,75.0,72,76,8.5,2.56,3,2,2.5,63.2,48,0,31,11.1,85,6,20,29,52.5,61.3,62.2,56.4,0,3,91,3,19.4,81.2,7.1,6,3,0,1,3,5,5.5,543,7.1,2023
Geno Smith,7820,QB,SEA,9,76.5,319,342,8.0,2.74,7,18,4.7,68.1,233,1,153,4.5,386,11,136,29,70.4,80.2,79.9,62.3,2,10,426,7,18.3,88.6,7.3,28,16,2,12,11,10,2.3,2560,7.5,2024
Jaxon Smith-Njigba,129758,WR,SEA,1,100.0,1,1,33.0,3.8,0,0,0.0,100.0,1,0,1,0.0,1,0,1,29,39.9,72.6,59.7,,0,0,1,0,0.0,118.8,0.0,0,0,0,0,0,0,0.0,35,35.0,2024
Alex Smith,2218,QB,SF,16,69.8,391,442,8.7,3.0,14,20,4.3,58.1,257,0,185,5.9,502,16,141,28,56.6,49.5,53.1,37.2,8,16,528,5,18.9,74.8,7.0,35,23,4,25,16,25,4.7,2899,6.6,2006
Arnaz Battle,1499,WR,SF,1,0.0,1,1,45.0,5.9,0,0,0.0,0.0,0,0,1,,1,0,0,28,45.8,76.1,59.7,62.2,0,0,1,2,0.0,39.6,0.0,0,0,0,0,0,0,0.0,0,0.0,2006
Trent Dilfer,72,QB,SF,7,64.5,200,219,9.6,2.64,5,11,4.7,51.6,113,0,82,12.4,250,16,62,28,62.9,57.6,58.6,47.9,2,12,264,1,32.9,55.1,10.8,27,4,4,8,7,13,4.9,1166,5.3,2007
Alex Smith,2218,QB,SF,7,64.0,172,193,9.9,2.84,4,6,3.0,48.7,94,0,82,14.5,219,16,52,28,68.0,52.0,51.5,64.4,3,4,225,3,20.7,57.2,7.8,17,9,2,12,2,9,4.0,914,4.7,2007
Shaun Hill,1255,QB,SF,3,75.3,73,79,5.5,2.65,1,2,2.4,68.4,54,0,27,1.8,89,1,28,28,55.0,52.2,55.8,44.0,1,1,92,2,22.2,101.3,6.7,6,4,1,3,5,4,4.3,501,6.3,2007
Chris Weinke,861,QB,SF,1,66.7,21,22,8.3,2.81,1,0,0.0,59.1,13,0,10,7.1,27,1,5,28,76.8,34.0,34.1,,0,0,27,0,50.0,86.2,18.5,5,0,0,0,1,2,7.4,104,4.7,2007
Shaun Hill,1255,QB,SF,9,72.5,265,288,8.4,0.0,4,13,4.3,62.8,181,0,95,5.7,325,11,108,28,38.9,69.7,68.7,58.5,2,8,340,1,24.2,87.5,7.1,23,14,4,13,13,12,3.5,2046,7.1,2008
J.T. O'Sullivan,1169,QB,SF,9,70.4,203,220,9.2,0.0,2,17,7.0,58.2,128,0,111,10.5,273,15,83,28,40.7,58.3,57.9,58.6,2,11,296,1,28.8,73.6,11.7,32,21,1,12,8,17,5.7,1678,7.6,2008
Isaac Bruce,80,WR,SF,1,0.0,1,1,20.0,0.0,0,0,0.0,0.0,0,0,0,,1,0,0,28,80.8,68.0,58.7,50.7,0,0,1,2,,39.6,0.0,0,0,0,0,0,0,0.0,0,0.0,2008
Alex Smith,2218,QB,SF,11,74.6,327,372,7.5,0.0,13,16,4.1,60.5,225,0,133,7.8,405,19,103,28,76.7,70.3,72.6,46.5,11,12,423,6,16.5,81.5,5.4,22,11,1,20,18,10,2.4,2350,6.3,2009
Shaun Hill,1255,QB,SF,6,72.5,138,155,8.7,0.0,3,6,3.7,56.1,87,0,53,13.0,179,13,43,28,70.9,66.9,65.4,76.5,6,2,188,4,34.0,79.8,10.1,18,6,0,8,5,3,1.6,950,6.1,2009
Alex Smith,2218,QB,SF,11,74.9,299,342,7.9,0.0,8,13,3.7,59.6,204,1,135,8.9,375,20,106,28,67.4,60.9,62.4,52.9,8,10,392,10,18.5,82.1,6.7,25,8,3,24,14,11,2.8,2370,6.9,2010
Troy Smith,3790,QB,SF,6,65.2,135,145,10.8,0.0,4,21,13.7,50.3,73,0,75,17.0,178,15,50,28,28.4,71.2,76.1,37.7,3,4,186,2,24.0,77.8,10.1,18,15,0,3,5,5,2.7,1176,8.1,2010
David Carr,1009,QB,SF,1,54.5,11,13,11.5,0.0,0,0,0.0,38.5,5,0,2,16.7,14,1,3,28,73.2,28.5,28.8,,1,1,14,0,50.0,23.6,7.1,1,0,1,0,0,1,7.1,67,5.2,2010
Alex Smith,2218,QB,SF,18,74.1,463,513,8.1,2.85,16,40,7.4,60.2,309,0,229,9.9,594,34,174,28,45.6,78.6,80.1,50.6,6,5,626,6,22.3,92.1,8.6,51,30,1,27,22,16,2.6,3639,7.1,2011
Colin Kaepernick,6188,QB,SF,2,80.0,5,5,8.6,2.78,0,0,0.0,60.0,3,0,1,25.0,5,1,2,28,70.2,68.2,69.4,58.4,0,0,5,0,0.0,81.3,0.0,0,0,0,0,0,0,0.0,35,7.0,2011
Colin Kaepernick,6188,QB,SF,14,73.5,283,298,10.7,3.16,1,34,10.8,62.1,185,0,115,11.1,354,23,135,28,25.9,78.8,82.7,56.3,1,5,372,8,18.3,99.0,5.9,21,35,0,13,14,12,3.2,2612,8.8,2012
Alex Smith,2218,QB,SF,10,81.3,203,218,7.7,2.89,4,8,3.5,70.2,153,0,72,7.3,256,12,93,28,83.5,68.0,67.1,63.8,2,5,267,4,33.3,104.1,9.4,24,14,0,9,13,4,1.5,1737,8.0,2012
Colin Kaepernick,6188,QB,SF,19,67.9,468,498,10.2,3.11,13,29,5.5,57.8,288,1,208,9.4,599,30,201,28,49.4,68.1,68.1,63.4,1,11,629,9,21.6,88.7,7.5,45,56,0,16,24,27,4.3,3773,7.6,2013
Anquan Boldin,1369,WR,SF,1,0.0,1,1,23.0,3.5,0,0,0.0,0.0,0,1,1,,1,0,0,28,83.9,90.5,58.4,62.9,0,0,1,7,0.0,39.6,0.0,0,0,0,0,0,0,0.0,0,0.0,2013
Colt McCoy,5609,QB,SF,1,100.0,1,1,0.0,2.1,0,0,0.0,100.0,1,0,0,0.0,1,0,1,28,71.2,56.2,60.6,55.0,0,0,1,0,,118.8,0.0,0,0,0,0,0,0,0.0,13,13.0,2013
Andy Lee,1906,P,SF,1,0.0,1,1,2.0,1.5,0,0,0.0,0.0,0,0,0,,1,0,0,28,60.4,60.8,60.3,,0,0,1,0,,39.6,0.0,0,0,0,0,0,0,0.0,0,0.0,2013
Colin Kaepernick,6188,QB,SF,16,72.6,445,478,9.5,2.96,5,26,5.0,60.5,289,0,215,10.5,577,34,182,28,53.9,64.5,66.2,56.3,1,10,624,7,23.7,86.4,8.8,51,48,0,27,19,23,3.7,3369,7.0,2014
Blaine Gabbert,6162,QB,SF,1,42.9,7,7,12.1,2.16,0,0,0.0,42.9,3,0,1,0.0,8,0,2,28,70.3,55.0,56.8,58.3,0,0,8,0,0.0,100.0,0.0,0,1,0,0,1,0,0.0,38,5.4,2014
Andy Lee,1906,P,SF,1,0.0,1,1,15.0,5.2,0,0,0.0,0.0,0,0,1,,1,0,0,28,60.4,20.7,27.0,,0,0,1,0,0.0,39.6,0.0,0,0,0,0,0,1,100.0,0,0.0,2014
Anquan Boldin,1369,WR,SF,1,0.0,1,1,25.0,4.3,0,0,0.0,0.0,0,3,0,,1,0,0,28,84.7,79.3,52.2,56.9,0,0,1,7,,39.6,0.0,0,0,0,0,0,0,0.0,0,0.0,2014
Blaine Gabbert,6162,QB,SF,8,72.2,273,282,7.0,2.68,3,11,3.7,63.1,178,0,125,9.6,330,19,91,28,59.2,65.7,61.7,77.9,0,7,345,0,20.0,86.2,7.6,25,23,0,6,10,8,2.3,2031,7.2,2015
Colin Kaepernick,6188,QB,SF,9,68.3,227,244,7.7,2.87,4,10,3.9,59.0,144,0,117,7.1,295,11,80,28,56.6,47.1,49.8,46.7,0,5,306,3,23.9,78.5,9.5,28,23,0,13,6,11,3.6,1615,6.6,2015
Colin Kaepernick,6188,QB,SF,11,71.2,306,331,8.3,2.91,6,6,1.7,59.2,196,0,171,10.1,403,22,119,28,25.3,57.8,53.8,70.1,2,4,421,1,20.5,90.7,8.7,35,37,1,16,16,15,3.6,2241,6.8,2016
Blaine Gabbert,6162,QB,SF,6,67.8,152,160,8.7,2.68,3,2,1.2,56.9,91,0,61,11.7,189,12,57,28,90.2,46.2,45.9,53.2,1,6,198,0,18.0,68.4,5.8,11,17,0,4,5,8,4.0,925,5.8,2016
C.J. Beathard,11859,QB,SF,6,69.2,201,224,8.1,2.59,6,8,3.5,54.9,123,0,101,11.5,257,16,70,28,64.9,59.5,56.7,71.8,9,6,265,2,18.8,69.2,7.4,19,13,1,7,4,11,4.2,1430,6.4,2017
Jimmy Garoppolo,8697,QB,SF,6,74.0,169,178,9.4,2.64,2,4,2.2,67.4,120,0,62,4.0,190,5,81,28,72.9,86.6,86.8,46.7,2,5,196,0,12.9,96.2,4.2,8,4,2,3,7,4,2.0,1560,8.8,2017
Nick Mullens,12282,QB,SF,8,78.2,239,274,7.5,2.51,8,5,1.7,64.2,176,0,109,5.9,292,11,106,28,69.9,64.6,66.7,37.9,15,10,316,3,15.6,90.8,5.8,17,1,4,8,13,10,3.2,2277,8.3,2018
C.J. Beathard,11859,QB,SF,6,73.4,154,169,7.3,2.59,9,3,1.7,60.4,102,0,71,9.7,198,11,63,28,61.4,64.9,65.5,52.7,2,7,207,0,25.4,81.8,9.1,18,11,0,4,8,5,2.4,1252,7.4,2018
Jimmy Garoppolo,8697,QB,SF,3,65.5,84,89,9.5,2.96,2,4,4.1,59.6,53,0,48,3.6,107,2,36,28,33.3,62.6,60.5,63.2,0,3,117,0,27.1,90.0,12.1,13,5,0,3,5,5,4.3,718,8.1,2018
Jimmy Garoppolo,8697,QB,SF,19,78.3,506,534,6.9,2.58,8,15,2.6,68.5,366,1,176,7.6,589,30,222,28,57.2,77.3,75.1,68.1,4,16,633,5,22.7,99.2,6.8,40,13,2,14,29,22,3.5,4405,8.2,2019
Emmanuel Sanders,5606,WR,SF,1,100.0,1,1,22.0,3.7,0,0,0.0,100.0,1,0,1,0.0,1,0,1,28,81.7,77.0,71.0,,0,0,1,8,0.0,158.3,0.0,0,0,0,0,1,0,0.0,35,35.0,2019
Dante Pettis,48113,WR,SF,1,100.0,1,1,-3.0,3.7,0,0,0.0,100.0,1,0,0,0.0,1,0,1,28,72.0,56.4,60.0,,0,0,1,1,,118.8,0.0,0,0,0,0,0,0,0.0,16,16.0,2019
Nick Mullens,12282,QB,SF,10,75.6,299,326,6.9,2.52,11,10,2.9,64.7,211,0,131,6.6,348,15,120,28,61.2,56.9,56.7,55.9,11,12,365,2,14.5,84.1,5.5,19,2,0,5,12,21,5.8,2437,7.5,2020
Jimmy Garoppolo,8697,QB,SF,6,74.6,138,140,6.5,2.52,1,4,2.8,67.1,94,0,38,8.7,155,9,56,28,88.6,67.5,65.4,66.3,0,5,159,0,28.9,92.4,7.1,11,4,0,1,7,4,2.5,1096,7.8,2020
C.J. Beathard,11859,QB,SF,6,78.1,96,104,8.4,2.47,1,4,3.6,63.5,66,0,41,12.0,114,9,42,28,61.8,67.7,64.9,68.5,2,0,123,0,22.0,105.7,7.9,9,1,1,4,6,4,3.3,787,7.6,2020
Jimmy Garoppolo,8697,QB,SF,18,77.3,480,515,7.6,2.56,11,12,2.2,66.8,344,0,167,7.3,556,27,205,28,57.7,71.2,70.2,62.9,5,15,584,6,19.8,95.0,5.9,33,8,4,15,22,30,5.1,4341,8.4,2021
Trey Lance,91399,QB,SF,5,71.4,63,71,10.3,3.37,4,3,3.9,57.7,41,0,27,8.9,86,4,31,28,87.3,59.9,61.1,56.7,2,2,93,0,11.1,97.3,3.5,3,12,0,2,5,4,4.3,603,8.5,2021
Deebo Samuel,48274,WR,SF,2,50.0,2,2,24.5,3.65,0,0,0.0,50.0,1,0,1,0.0,2,0,1,28,39.8,90.2,62.3,85.3,0,0,2,1,0.0,133.3,0.0,0,0,0,0,1,0,0.0,24,12.0,2021
Jimmy Garoppolo,8697,QB,SF,11,75.4,289,308,7.3,2.53,12,13,4.0,67.2,207,0,96,5.0,329,11,114,28,64.7,71.4,69.5,67.4,3,4,348,2,18.8,103.0,5.5,18,3,0,4,16,9,2.6,2437,7.9,2022
Brock Purdy,77672,QB,SF,10,77.4,212,233,7.8,2.84,7,5,2.0,66.5,155,0,87,5.5,259,9,97,28,90.7,77.7,75.1,69.9,3,4,275,0,17.2,108.0,5.8,15,9,0,11,16,7,2.5,1943,8.3,2022
Trey Lance,91399,QB,SF,2,64.3,28,31,7.8,3.15,1,2,6.3,48.4,15,0,15,16.7,38,3,8,28,34.8,53.1,52.4,56.7,1,1,39,0,13.3,55.0,5.3,2,4,0,1,0,1,2.6,194,6.3,2022
Josh Johnson,4474,QB,SF,2,88.9,9,15,2.9,2.42,2,0,0.0,53.3,8,0,11,0.0,17,0,4,28,23.9,48.1,69.9,38.9,2,0,17,3,18.2,69.9,11.8,2,0,0,2,0,0,0.0,84,5.6,2022
Christian McCaffrey,11763,HB,SF,2,100.0,1,2,30.0,4.85,0,1,50.0,50.0,1,0,1,0.0,2,0,1,28,89.4,90.4,85.0,82.1,0,0,2,0,0.0,135.4,0.0,0,0,0,1,1,0,0.0,34,17.0,2022
Brock Purdy,77672,QB,SF,19,76.6,509,552,8.6,2.73,13,32,5.5,67.8,374,0,245,4.1,618,16,240,28,70.5,87.4,81.5,92.0,4,12,647,5,13.1,108.2,5.2,32,24,4,22,34,21,3.2,5054,9.2,2023
Sam Darnold,29048,QB,SF,6,69.8,43,46,8.7,2.73,0,1,2.0,60.9,28,0,25,6.7,55,2,16,28,22.9,66.0,66.5,57.8,1,1,59,1,24.0,85.1,10.9,6,3,1,1,2,2,3.4,297,6.5,2023
Jauan Jennings,48027,WR,SF,1,100.0,1,1,-5.0,3.5,0,0,0.0,100.0,1,0,1,0.0,1,0,1,28,76.8,74.1,60.0,59.7,0,0,1,3,0.0,158.3,0.0,0,0,0,0,1,0,0.0,21,21.0,2023
Deebo Samuel,48274,WR,SF,1,,0,1,,5.1,0,0,0.0,0.0,0,0,1,,1,0,0,28,64.7,85.4,60.0,68.2,0,0,1,2,0.0,39.6,0.0,0,0,0,1,0,0,0.0,0,0.0,2023
Brock Purdy,77672,QB,SF,9,73.0,263,278,9.7,3.15,4,14,4.7,65.1,181,0,127,5.7,331,11,127,28,55.1,82.3,76.4,85.5,2,7,350,0,14.2,97.0,5.4,18,32,1,8,12,10,2.9,2454,8.8,2024
Marc Bulger,684,QB,SL,16,70.5,559,588,9.5,2.51,5,26,4.2,62.9,370,0,174,6.1,642,24,215,26,49.9,70.6,71.5,30.0,2,8,675,2,28.7,92.9,7.8,50,4,8,14,24,20,3.0,4303,7.3,2006
Gus Frerotte,93,QB,SL,1,50.0,2,3,30.5,3.13,1,0,0.0,33.3,1,0,1,0.0,3,0,1,26,65.5,72.3,71.1,,0,0,3,0,0.0,67.4,0.0,0,0,0,0,0,0,0.0,27,9.0,2006
Isaac Bruce,80,WR,SL,1,0.0,1,1,16.0,2.7,0,0,0.0,0.0,0,1,0,,1,0,0,26,81.7,74.0,49.0,,0,0,1,5,,39.6,0.0,0,0,0,0,0,0,0.0,0,0.0,2006
Marc Bulger,684,QB,SL,12,66.9,356,378,9.3,2.47,7,16,4.0,58.5,221,0,134,7.1,417,17,131,26,50.1,62.2,63.8,28.2,4,15,437,3,27.6,70.3,8.9,37,2,2,9,11,23,5.3,2392,6.3,2007
Gus Frerotte,93,QB,SL,8,69.4,157,167,9.6,2.49,5,10,5.7,56.3,94,0,70,13.8,179,15,55,26,52.6,57.4,61.2,29.0,3,12,188,2,15.7,58.3,6.1,11,1,1,1,7,14,7.4,1014,6.1,2007
Brock Berlin,2495,QB,SL,1,75.0,24,28,8.7,2.49,2,1,3.3,60.7,17,0,10,5.6,28,1,8,26,77.6,56.1,60.3,44.7,0,1,30,0,0.0,60.6,0.0,0,0,0,2,0,2,6.7,153,5.5,2007
Steven Jackson,1745,HB,SL,1,100.0,1,1,8.0,2.7,0,0,0.0,100.0,1,0,0,0.0,1,0,1,26,39.2,69.4,67.9,71.5,0,0,1,0,,118.8,0.0,0,0,0,0,1,0,0.0,2,2.0,2007
Marc Bulger,684,QB,SL,15,67.1,419,440,8.6,0.0,10,18,3.9,57.0,251,0,110,10.7,485,30,123,26,68.5,56.1,56.3,39.7,1,13,511,1,34.5,71.4,7.8,38,7,0,10,11,16,3.1,2717,6.2,2008
Trent Green,58,QB,SL,3,64.7,68,72,9.8,0.0,1,2,2.7,52.8,38,0,26,13.6,80,6,20,26,83.8,47.7,49.2,46.4,3,6,83,0,23.1,41.7,7.5,6,2,0,0,0,4,4.8,525,7.3,2008
Dane Looker,755,WR,SL,4,100.0,2,3,8.5,0.0,0,0,0.0,66.7,2,0,1,0.0,4,0,0,26,19.9,50.3,66.8,,0,0,4,1,100.0,81.3,25.0,1,0,0,1,0,0,0.0,17,5.7,2008
Brock Berlin,2495,QB,SL,1,66.7,3,3,14.7,0.0,0,0,0.0,33.3,1,0,0,50.0,3,1,0,26,65.5,61.4,60.9,,0,0,3,0,,42.4,0.0,0,0,0,0,0,0,0.0,6,2.0,2008
Dante' Hall,677,WR,SL,1,0.0,1,1,26.0,0.0,0,0,0.0,0.0,0,0,0,,1,0,0,26,74.3,62.2,58.1,66.1,0,0,1,0,,39.6,0.0,0,0,0,0,0,0,0.0,0,0.0,2008
Marc Bulger,684,QB,SL,9,68.7,230,247,8.1,0.0,6,10,3.8,56.7,140,0,63,11.4,267,18,79,26,41.7,58.1,62.6,26.6,4,6,283,3,22.2,70.7,5.2,14,6,1,6,5,9,3.2,1469,5.9,2009
Kyle Boller,1335,QB,SL,7,69.4,157,176,6.2,0.0,6,3,1.6,55.7,98,0,73,10.1,201,11,54,26,73.5,51.1,48.7,66.8,7,6,211,0,23.3,61.3,8.5,17,8,1,5,3,6,2.8,902,5.1,2009
Keith Null,5120,QB,SL,4,67.5,114,119,6.5,0.0,1,0,0.0,61.3,73,0,35,5.2,135,4,30,26,63.9,53.0,54.6,43.0,1,9,138,1,37.1,50.1,9.6,13,3,0,3,3,6,4.3,571,4.8,2009
Sam Bradford,5526,QB,SL,16,72.9,535,590,6.8,0.0,17,24,3.9,60.0,354,0,219,9.2,640,36,184,26,74.6,65.1,65.7,41.0,17,15,672,2,15.5,76.5,5.3,34,16,3,18,18,22,3.3,3521,6.0,2010
Sam Bradford,5526,QB,SL,10,68.5,324,357,9.4,2.68,10,15,3.9,53.5,191,0,136,14.0,398,31,107,26,48.7,59.6,63.0,28.3,12,6,423,3,26.5,70.5,9.0,36,5,0,11,6,12,2.8,2164,6.1,2011
A.J. Feeley,893,QB,SL,4,70.3,91,97,6.5,2.35,5,4,3.9,54.6,53,0,40,17.2,108,11,29,26,66.7,50.0,50.1,60.4,1,2,113,2,25.0,66.0,9.3,10,1,0,0,1,3,2.7,548,5.6,2011
Kellen Clemens,2994,QB,SL,3,62.5,88,91,10.3,2.63,2,4,4.2,52.7,48,0,42,12.7,105,7,29,26,57.9,55.1,54.5,57.8,0,1,109,1,21.4,73.8,8.6,9,5,0,1,2,3,2.8,546,6.0,2011
Tom Brandstater,5098,QB,SL,1,0.0,2,2,16.5,2.3,0,0,0.0,0.0,0,0,0,,2,0,0,26,63.6,48.6,49.7,,0,0,2,0,,39.6,0.0,0,0,0,0,0,0,0.0,0,0.0,2011
Jerious Norwood,3024,HB,SL,1,0.0,1,1,8.0,2.7,0,0,0.0,0.0,0,1,1,,1,0,0,26,78.5,36.2,38.3,48.4,0,1,1,2,0.0,0.0,0.0,0,0,0,0,0,1,100.0,0,0.0,2011
Brandon Lloyd,1436,WR,SL,1,0.0,1,1,30.0,2.2,0,0,0.0,0.0,0,0,0,,1,0,0,26,59.4,82.4,59.5,56.8,0,0,1,2,,39.6,0.0,0,0,0,0,0,0,0.0,0,0.0,2011
Sam Bradford,5526,QB,SL,16,71.0,504,551,8.8,2.67,10,25,4.3,59.5,328,0,197,8.4,605,30,193,26,71.1,70.4,72.1,48.5,14,13,638,9,18.3,82.6,6.0,36,18,7,16,21,20,3.1,3702,6.7,2012
Kellen Clemens,2994,QB,SL,2,50.0,2,3,24.5,3.68,1,0,0.0,33.3,1,0,0,0.0,4,0,2,26,19.2,38.2,59.7,38.0,0,1,4,0,,42.4,0.0,0,1,0,0,0,0,0.0,39,13.0,2012
Sam Bradford,5526,QB,SL,7,74.7,241,262,7.0,2.67,8,9,3.3,60.7,159,0,103,11.7,284,21,87,26,55.4,72.6,74.7,34.7,2,4,297,0,14.6,91.0,5.3,15,7,0,11,14,11,3.7,1689,6.4,2013
Kellen Clemens,2994,QB,SL,10,68.7,227,242,9.1,2.81,2,10,3.9,58.7,142,0,99,9.0,272,14,84,26,44.9,62.6,66.7,29.5,5,7,291,1,21.2,78.8,7.7,21,9,1,7,8,8,2.7,1673,6.9,2013
Johnny Hekker,7252,P,SL,1,0.0,1,1,15.0,2.7,0,0,0.0,0.0,0,0,0,,1,0,0,26,60.4,44.4,45.5,,0,0,1,0,,39.6,0.0,0,0,0,0,0,1,100.0,0,0.0,2013
Tavon Austin,7789,WR,SL,1,,0,1,,3.2,0,0,0.0,0.0,0,0,1,,1,0,0,26,44.7,70.0,60.0,90.9,0,0,1,0,0.0,39.6,0.0,0,0,0,1,0,0,0.0,0,0.0,2013
Austin Davis,7305,QB,SL,9,72.6,263,284,8.8,2.85,3,6,2.0,63.4,180,0,137,5.8,319,11,107,26,74.1,60.2,60.0,55.0,4,9,337,3,21.2,85.4,9.1,29,6,2,12,12,14,4.2,2017,7.1,2014
Shaun Hill,1255,QB,SL,8,74.4,211,229,8.3,2.5,5,10,4.0,63.3,145,0,88,7.6,250,12,83,26,36.1,60.3,61.2,46.2,3,7,272,2,20.5,83.9,7.2,18,3,0,10,8,11,4.0,1657,7.2,2014
Johnny Hekker,7252,P,SL,2,100.0,2,2,4.5,1.95,0,0,0.0,100.0,2,0,0,0.0,2,0,2,26,63.6,71.4,68.3,,0,0,2,0,,118.8,0.0,0,0,0,0,0,0,0.0,37,18.5,2014
Nick Foles,7089,QB,SL,11,69.0,310,337,8.6,2.53,0,10,2.8,56.4,190,1,146,11.2,357,24,85,26,73.9,58.7,57.8,66.0,5,10,379,6,9.6,69.0,3.9,14,5,2,20,7,16,4.2,2052,6.1,2015
Case Keenum,7323,QB,SL,5,71.2,118,125,8.5,2.6,0,7,5.3,60.8,76,0,43,9.5,133,8,41,26,50.5,69.7,70.3,52.3,2,1,142,1,9.3,87.7,3.0,4,3,0,5,4,5,3.5,828,6.6,2015
Sean Mannion,9522,QB,SL,1,85.7,7,7,3.7,2.17,0,0,0.0,85.7,6,0,2,0.0,7,0,2,26,69.6,59.7,59.6,,0,0,7,0,0.0,85.1,0.0,0,0,0,0,0,0,0.0,31,4.4,2015
Johnny Hekker,7252,P,SL,4,50.0,4,4,16.5,3.35,0,0,0.0,25.0,1,0,0,50.0,4,1,1,26,66.9,60.3,60.1,,0,0,4,0,,47.9,0.0,0,0,0,0,0,0,0.0,20,5.0,2015
Bruce Gradkowski,3139,QB,TB,13,68.6,293,328,7.7,2.92,12,11,3.2,54.0,177,0,163,11.9,385,24,87,30,37.7,48.0,49.6,47.9,6,9,401,2,15.3,65.9,6.5,25,32,2,15,9,20,5.0,1665,5.1,2006
Chris Simms,1411,QB,TB,3,69.6,92,105,7.6,2.8,7,3,2.7,54.3,57,0,41,10.9,112,7,30,30,86.1,32.9,35.0,45.2,0,7,117,0,9.8,45.9,3.6,4,3,1,5,1,10,8.5,585,5.6,2006
Tim Rattay,701,QB,TB,4,71.9,89,101,7.5,2.55,2,3,2.9,60.4,61,0,32,4.7,107,3,27,30,85.6,72.8,72.5,59.2,3,2,108,0,12.5,88.2,3.7,4,1,0,7,4,1,0.9,748,7.4,2006
Jeff Garcia,550,QB,TB,14,79.3,328,367,7.9,2.85,10,11,2.9,63.5,233,0,186,10.4,407,27,134,30,57.0,80.7,85.0,37.3,3,6,425,5,10.8,92.1,4.9,20,20,5,21,15,9,2.1,2666,7.3,2007
Luke McCown,1827,QB,TB,5,79.8,129,139,6.8,2.97,3,5,3.5,67.6,94,0,52,8.7,164,9,53,30,54.7,68.1,62.4,82.6,0,3,170,0,28.8,91.9,9.1,15,10,2,5,5,7,4.1,1015,7.3,2007
Bruce Gradkowski,3139,QB,TB,3,72.7,22,24,9.8,2.48,0,1,4.0,54.2,13,0,6,18.8,28,3,6,30,78.5,63.5,66.3,57.7,0,1,29,1,33.3,52.4,7.1,2,2,1,1,0,0,0.0,130,5.4,2007
Jeff Garcia,550,QB,TB,12,78.7,348,376,7.9,0.0,10,21,5.4,64.9,244,0,114,10.9,425,30,138,30,66.5,79.2,78.8,62.6,5,6,441,3,20.2,90.2,5.4,23,26,4,9,12,10,2.3,2712,7.2,2008
Brian Griese,379,QB,TB,5,72.2,176,184,7.1,0.0,3,8,4.1,59.8,110,0,50,13.4,194,17,59,30,78.2,62.5,63.5,48.7,1,7,204,2,18.0,69.4,4.6,9,1,1,3,5,7,3.4,1073,5.8,2008
Luke McCown,1827,QB,TB,1,0.0,1,1,9.0,0.0,0,0,0.0,0.0,0,0,0,,3,0,0,30,67.4,44.4,53.8,50.3,0,0,3,0,,39.6,0.0,0,2,0,0,0,0,0.0,0,0.0,2008
Earnest Graham,1613,HB,TB,1,100.0,1,1,8.0,0.0,0,0,0.0,100.0,1,0,0,0.0,1,0,1,30,57.2,60.5,69.0,58.5,0,0,1,0,,118.8,0.0,0,0,0,0,1,0,0.0,3,3.0,2008
Josh Freeman,4940,QB,TB,10,64.6,271,291,9.8,0.0,7,16,5.3,54.6,159,0,120,9.1,331,16,99,30,42.3,51.9,51.5,54.3,4,18,344,3,15.8,59.9,5.7,19,21,3,6,10,16,4.7,1855,6.4,2009
Josh Johnson,4474,QB,TB,5,60.3,116,125,8.8,0.0,6,7,5.3,50.4,63,0,61,10.0,154,7,39,30,45.6,50.3,49.2,60.6,3,8,166,1,18.0,50.9,7.1,11,18,0,0,4,9,5.4,685,5.5,2009
Byron Leftwich,1323,QB,TB,3,70.4,98,107,9.6,0.0,0,4,3.5,54.2,58,0,40,15.9,111,11,29,30,86.3,63.9,64.7,47.0,4,3,118,0,5.0,71.2,1.8,2,2,0,5,4,3,2.5,596,5.6,2009
Mark Bradley,2256,WR,TB,1,100.0,1,1,13.0,0.0,0,0,0.0,100.0,1,0,0,0.0,1,0,1,30,76.2,52.9,72.0,59.8,0,0,1,2,,118.8,0.0,0,0,0,0,0,0,0.0,26,26.0,2009
Michael Clayton,1736,WR,TB,1,,0,1,,0.0,0,0,0.0,0.0,0,0,1,,1,0,0,30,73.6,53.3,60.0,,1,0,1,2,0.0,39.6,0.0,0,0,0,0,0,0,0.0,0,0.0,2009
Micheal Spurlock,3517,WR,TB,1,0.0,1,1,18.0,0.0,0,0,0.0,0.0,0,0,0,,1,0,0,30,60.4,48.7,53.2,,0,0,1,0,,39.6,0.0,0,0,0,0,0,0,0.0,0,0.0,2009
Josh Freeman,4940,QB,TB,16,72.0,436,474,9.7,0.0,6,34,6.8,61.4,291,0,222,7.3,544,23,188,30,69.9,78.3,77.0,67.3,10,6,568,5,12.6,95.9,5.1,28,42,0,22,25,14,2.5,3458,7.3,2010
Josh Johnson,4474,QB,TB,6,100.0,16,16,6.6,0.0,0,0,0.0,87.5,14,0,6,12.5,20,2,6,30,76.3,65.7,67.1,57.6,0,0,22,0,33.3,95.6,10.0,2,2,0,0,0,0,0.0,111,6.9,2010
Micheal Spurlock,3517,WR,TB,2,0.0,1,2,15.0,0.0,0,0,0.0,0.0,0,0,1,,2,0,0,30,74.5,64.6,53.4,,1,0,2,0,0.0,39.6,0.0,0,0,0,0,0,0,0.0,0,0.0,2010
Earnest Graham,1613,FB,TB,1,100.0,1,1,6.0,0.0,0,0,0.0,100.0,1,0,0,0.0,1,0,1,30,30.1,55.7,67.9,55.6,0,0,1,0,,118.8,0.0,0,0,0,0,1,0,0.0,2,2.0,2010
Josh Freeman,4940,QB,TB,15,73.4,519,551,7.4,2.72,8,22,3.7,62.8,346,0,205,9.2,609,35,184,30,58.5,58.8,61.2,47.1,3,22,655,6,14.1,74.7,4.8,29,29,6,15,16,26,4.0,3607,6.5,2011
Josh Johnson,4474,QB,TB,5,70.0,30,36,11.5,3.38,1,1,2.8,52.8,19,1,19,9.5,44,2,13,30,80.8,59.7,60.2,62.6,2,2,45,1,15.8,60.6,6.8,3,5,0,3,1,0,0.0,246,6.8,2011
Micheal Spurlock,3517,WR,TB,1,0.0,1,1,38.0,4.7,0,0,0.0,0.0,0,0,0,,1,0,0,30,65.7,48.3,59.5,,0,0,1,0,,39.6,0.0,0,0,0,0,0,0,0.0,0,0.0,2011
Josh Freeman,4940,QB,TB,16,66.7,508,558,10.7,2.81,17,46,7.8,54.8,306,0,205,9.7,603,33,195,30,82.8,61.9,62.5,50.3,11,17,632,6,12.7,81.6,4.3,26,19,2,20,27,32,5.1,4065,7.3,2012
Dan Orlovsky,2362,QB,TB,1,66.7,6,7,11.2,3.4,0,0,0.0,57.1,4,0,2,0.0,7,0,2,30,69.6,57.1,56.9,,0,0,7,0,0.0,80.1,0.0,0,0,0,1,0,0,0.0,51,7.3,2012
Mike Williams,5625,WR,TB,1,100.0,1,1,23.0,1.0,0,0,0.0,100.0,1,0,0,0.0,1,0,1,30,80.9,78.8,71.4,,0,0,1,1,,118.8,0.0,0,0,0,0,0,0,0.0,28,28.0,2012
Mike Glennon,7854,QB,TB,13,70.2,382,416,9.6,3.0,7,18,4.0,59.4,247,1,203,7.8,468,21,129,30,71.2,64.2,66.0,42.2,8,9,502,6,19.7,83.9,8.5,40,12,0,19,19,27,5.4,2608,6.3,2013
Michael Koenen,2682,P,TB,2,0.0,1,2,29.0,4.6,0,0,0.0,0.0,0,0,1,,2,0,0,30,63.6,48.2,52.1,,0,0,2,0,0.0,39.6,0.0,0,0,0,1,0,0,0.0,0,0.0,2013
Bobby Rainey Jr.,7511,HB,TB,1,0.0,1,1,13.0,3.3,0,0,0.0,0.0,0,0,1,,1,0,0,30,77.3,80.5,48.6,79.3,0,0,1,0,0.0,39.6,0.0,0,0,0,0,0,0,0.0,0,0.0,2013
Mike James,7970,HB,TB,1,100.0,1,1,4.0,2.4,0,0,0.0,100.0,1,0,1,0.0,1,0,1,30,85.1,87.6,68.0,89.7,0,0,1,1,0.0,118.8,0.0,0,0,0,0,1,0,0.0,2,2.0,2013
Josh McCown,1085,QB,TB,11,67.7,300,327,10.7,2.84,3,16,4.7,56.3,184,0,164,9.4,382,19,108,30,52.7,54.7,52.5,72.1,7,14,405,2,22.0,70.5,9.4,36,19,4,13,11,22,5.4,2206,6.7,2014
Mike Glennon,7854,QB,TB,6,67.0,188,203,11.6,2.73,1,12,5.4,57.6,117,0,95,7.1,225,9,66,30,90.3,66.2,67.6,48.8,7,6,246,3,16.8,83.3,7.1,16,6,1,6,10,9,3.7,1417,7.0,2014
Bobby Rainey Jr.,7511,HB,TB,1,0.0,1,1,24.0,3.1,0,0,0.0,0.0,0,0,1,,1,0,0,30,35.1,57.5,58.4,59.5,0,0,1,0,0.0,39.6,0.0,0,0,0,0,0,0,0.0,0,0.0,2014
Jameis Winston,9434,QB,TB,16,69.2,503,536,10.4,2.83,5,27,4.6,58.4,313,0,225,10.1,597,35,219,30,62.5,67.1,67.2,53.2,10,15,650,6,12.0,84.2,4.5,27,34,2,16,22,33,5.1,4038,7.5,2015
Jameis Winston,9434,QB,TB,16,69.1,531,567,10.8,2.89,12,18,2.9,60.8,345,0,240,6.0,632,22,223,30,59.3,72.0,72.3,54.2,9,18,689,8,14.6,86.1,5.5,35,29,0,15,28,26,3.8,4090,7.2,2016
Mike Glennon,7854,QB,TB,1,100.0,11,11,3.5,2.38,0,0,0.0,90.9,10,0,3,9.1,11,1,6,30,72.4,74.9,73.7,,0,0,12,0,0.0,125.4,0.0,0,0,0,0,1,0,0.0,75,6.8,2016
Josh Huff,8721,WR,TB,1,0.0,1,1,28.0,3.3,0,0,0.0,0.0,0,0,1,,1,0,0,30,80.3,63.6,57.4,50.6,0,0,1,0,0.0,39.6,0.0,0,0,0,0,0,0,0.0,0,0.0,2016
Jameis Winston,9434,QB,TB,13,70.8,421,442,11.0,2.73,2,23,4.9,63.8,282,1,166,5.4,500,16,188,30,28.4,73.7,74.4,58.3,7,11,529,8,19.9,92.2,6.6,33,25,3,9,19,28,5.3,3504,7.9,2017
Ryan Fitzpatrick,2467,QB,TB,6,67.7,155,163,9.7,2.58,3,7,4.0,58.9,96,0,62,8.6,180,9,67,30,90.0,67.9,67.7,62.5,1,3,194,3,11.3,86.0,3.9,7,10,0,4,7,6,3.1,1103,6.8,2017
Jameis Winston,9434,QB,TB,11,70.3,364,378,11.3,2.88,4,13,3.2,64.6,244,0,150,4.7,441,12,166,30,60.2,69.9,68.3,69.2,4,14,471,3,18.0,90.2,6.1,27,36,1,5,19,22,4.7,2992,7.9,2018
Ryan Fitzpatrick,2467,QB,TB,8,74.8,234,246,10.8,2.63,4,20,7.7,66.7,164,0,101,6.3,285,11,118,30,68.0,83.9,82.4,65.4,2,12,302,1,13.9,100.4,4.9,14,24,0,6,17,17,5.6,2366,9.6,2018
Bryan Anger,7072,P,TB,1,0.0,1,1,10.0,3.2,0,0,0.0,0.0,0,0,1,,1,0,0,30,13.3,31.0,53.3,60.0,0,0,1,0,0.0,39.6,0.0,0,0,0,0,0,0,0.0,0,0.0,2018
Jameis Winston,9434,QB,TB,16,70.2,574,626,10.9,2.75,10,31,4.7,60.7,380,0,233,5.7,705,23,255,30,62.6,68.4,66.7,70.6,12,30,747,8,20.2,84.3,6.7,47,32,2,28,33,40,5.4,5109,8.2,2019
Ryan Griffin,7983,QB,TB,1,66.7,3,4,4.3,2.43,0,0,0.0,50.0,2,0,2,0.0,4,0,1,30,71.3,50.2,47.6,61.0,0,0,4,0,0.0,62.5,0.0,0,0,0,1,0,0,0.0,18,4.5,2019
Tom Brady,698,QB,TB,20,74.0,712,748,9.8,2.41,7,56,7.1,64.4,482,1,185,8.5,780,45,287,30,90.8,93.3,92.3,67.5,4,15,829,5,14.6,101.4,3.5,27,4,4,21,50,16,1.9,5694,7.6,2020
Blaine Gabbert,6162,QB,TB,2,60.0,15,16,7.4,2.22,0,0,0.0,56.3,9,0,5,0.0,19,0,5,30,77.6,56.8,53.8,63.4,1,0,22,0,20.0,125.8,5.3,1,2,0,0,2,0,0.0,143,8.9,2020
Tom Brady,698,QB,TB,19,76.4,766,810,8.2,2.33,10,44,5.2,67.2,544,0,175,7.0,849,41,303,30,90.5,91.7,90.5,77.5,5,13,881,2,16.6,100.7,3.4,29,10,2,27,46,16,1.8,5916,7.3,2021
Blaine Gabbert,6162,QB,TB,5,70.0,10,11,7.8,2.19,1,1,7.7,63.6,7,0,2,0.0,12,0,4,30,25.1,70.6,69.6,62.3,0,0,14,0,50.0,80.5,8.3,1,0,0,0,0,1,7.1,67,6.1,2021
Leonard Fournette,11759,HB,TB,1,,0,1,,4.8,1,0,0.0,0.0,0,0,1,,1,0,0,30,83.0,75.1,60.0,80.0,0,0,1,0,0.0,39.6,0.0,0,0,0,0,0,0,0.0,0,0.0,2021
Tom Brady,698,QB,TB,18,74.8,743,799,7.3,2.3,12,36,4.3,65.7,525,0,166,5.6,829,31,258,30,75.1,77.5,77.1,44.0,4,10,878,3,14.5,89.2,2.9,24,4,3,37,27,23,2.6,5054,6.3,2022
Kyle Trask,39987,QB,TB,1,37.5,8,9,12.4,2.38,0,0,0.0,33.3,3,0,1,0.0,9,0,1,30,70.9,43.1,44.3,,0,0,9,0,0.0,42.4,0.0,0,0,0,1,0,0,0.0,23,2.6,2022
Blaine Gabbert,6162,QB,TB,1,75.0,8,8,2.8,1.68,0,0,0.0,75.0,6,0,1,0.0,8,0,2,30,70.3,63.8,63.1,,0,0,8,0,0.0,119.3,0.0,0,0,0,0,1,0,0.0,29,3.6,2022
Leonard Fournette,11759,HB,TB,1,0.0,1,1,15.0,2.2,0,0,0.0,0.0,0,0,1,,1,0,0,30,90.9,66.4,34.2,67.6,0,1,1,1,0.0,0.0,0.0,0,0,0,0,0,1,100.0,0,0.0,2022
Baker Mayfield,46518,QB,TB,19,73.9,597,643,9.0,2.74,17,30,4.4,64.1,412,1,248,6.6,728,29,231,30,77.8,77.2,74.8,69.5,10,12,777,3,19.4,96.0,6.6,48,32,0,19,34,26,3.3,4731,7.4,2023
Chris Godwin,11839,WR,TB,1,0.0,1,1,18.0,3.6,0,0,0.0,0.0,0,1,0,,1,0,0,30,83.5,77.5,49.6,70.7,0,0,1,1,,39.6,0.0,0,0,0,0,0,0,0.0,0,0.0,2023
Kyle Trask,39987,QB,TB,1,0.0,1,1,12.0,2.3,0,1,100.0,0.0,0,0,0,,1,0,0,30,64.5,86.0,82.7,60.0,0,0,1,0,,39.6,0.0,0,0,0,0,0,0,0.0,0,0.0,2023
Baker Mayfield,46518,QB,TB,10,78.5,326,344,6.4,2.67,8,13,3.6,70.6,243,0,98,5.1,395,13,141,30,44.6,76.7,75.7,65.1,5,9,416,3,24.5,103.6,6.1,24,24,1,4,24,15,3.6,2505,7.3,2024
Vince Young,2948,QB,TEN,15,63.6,327,357,10.6,2.91,8,19,5.1,51.5,184,0,142,11.5,430,24,132,31,28.9,51.5,48.5,64.2,8,13,451,2,17.6,66.7,5.8,25,46,5,9,12,30,6.7,2199,6.2,2006
Kerry Collins,115,QB,TEN,3,61.3,75,90,10.3,2.6,7,3,3.2,46.7,42,0,30,8.7,94,4,24,31,84.7,46.2,46.2,,2,6,97,1,13.3,42.4,4.3,4,0,0,6,1,6,6.2,550,6.1,2006
Vince Young,2948,QB,TEN,16,70.7,389,411,9.3,2.97,7,16,3.8,61.8,254,0,151,7.6,494,21,168,31,73.7,67.8,69.3,55.1,1,18,507,5,19.2,69.8,5.9,29,54,2,12,9,29,5.7,2684,6.5,2007
Kerry Collins,115,QB,TEN,6,76.4,72,82,8.2,2.72,2,5,6.0,61.0,50,0,29,9.1,87,5,31,31,84.4,79.0,81.3,49.6,2,0,89,2,17.2,79.9,5.7,5,0,0,6,0,2,2.2,531,6.5,2007
Kerry Collins,115,QB,TEN,17,71.9,420,457,8.6,0.0,12,13,2.7,58.6,268,0,107,11.3,472,34,155,31,90.5,66.3,68.2,37.5,6,8,496,5,8.4,79.4,1.9,9,6,0,19,12,12,2.4,2957,6.5,2008
Vince Young,2948,QB,TEN,3,77.1,35,36,7.6,0.0,1,0,0.0,61.1,22,0,12,18.5,45,5,9,31,25.0,36.5,36.3,56.7,0,2,49,1,25.0,64.5,6.7,3,6,0,0,1,2,4.1,219,6.1,2008
Chris Simms,1411,QB,TEN,1,50.0,2,2,27.5,0.0,0,0,0.0,50.0,1,0,1,0.0,3,0,1,31,65.5,51.4,51.7,,0,0,3,0,100.0,58.3,33.3,1,0,0,0,0,0,0.0,7,3.5,2008
Vince Young,2948,QB,TEN,12,66.5,239,259,10.1,0.0,3,15,5.6,58.7,152,0,86,4.4,298,7,109,31,57.6,72.7,71.0,63.0,6,7,307,1,10.5,82.8,3.0,9,30,1,10,10,11,3.6,1879,7.3,2009
Kerry Collins,115,QB,TEN,7,73.7,190,216,8.2,0.0,4,7,3.1,55.1,119,0,65,15.0,224,21,64,31,64.8,60.6,64.1,28.3,7,8,232,2,7.7,65.6,2.2,5,3,0,15,6,8,3.4,1232,5.7,2009
Chris Johnson,4338,HB,TEN,1,,0,1,,0.0,0,0,0.0,0.0,0,0,1,,1,0,0,31,74.9,73.5,60.0,75.5,1,0,1,2,0.0,39.6,0.0,0,0,0,0,0,0,0.0,0,0.0,2009
Kerry Collins,115,QB,TEN,10,71.4,252,278,10.3,0.0,7,20,6.8,57.6,160,0,97,11.1,292,20,91,31,59.6,67.3,70.0,27.7,3,8,309,2,13.4,82.2,4.5,13,1,2,14,14,9,2.9,1823,6.6,2010
Vince Young,2948,QB,TEN,9,69.4,147,156,12.0,0.0,3,15,9.1,59.6,93,0,59,8.8,182,9,63,31,26.2,67.7,70.3,48.4,2,3,192,2,22.0,98.6,7.1,13,13,0,4,10,11,5.7,1255,8.0,2010
Rusty Smith,5699,QB,TEN,2,59.0,39,40,9.7,0.0,1,3,7.0,50.0,20,0,9,13.0,41,3,7,31,79.6,41.1,41.7,,0,4,44,0,11.1,25.0,2.4,1,0,0,0,0,4,9.1,200,5.0,2010
Matt Hasselbeck,408,QB,TEN,16,69.4,490,518,8.3,2.39,14,28,5.2,61.6,319,0,112,6.2,544,21,167,31,90.3,69.3,69.1,49.6,2,14,568,2,17.0,82.4,3.5,19,7,1,11,18,24,4.2,3571,6.9,2011
Jake Locker,6160,QB,TEN,5,62.3,61,66,9.8,2.7,2,3,4.5,51.5,34,0,20,10.5,75,4,24,31,83.5,64.6,59.7,77.7,1,0,75,0,25.0,99.4,6.7,5,4,1,1,4,3,4.0,542,8.2,2011
Jake Locker,6160,QB,TEN,11,69.3,290,314,10.0,2.84,11,19,5.8,56.4,177,0,107,11.9,370,24,105,31,50.1,70.9,68.1,77.4,5,11,387,7,23.4,74.0,6.8,25,31,0,8,10,13,3.4,2182,6.9,2012
Matt Hasselbeck,408,QB,TEN,8,72.4,210,221,8.1,2.5,4,12,5.2,62.4,138,0,59,9.2,241,14,75,31,47.0,64.8,66.1,44.2,0,5,252,4,23.7,81.0,5.8,14,6,0,7,7,9,3.6,1367,6.2,2012
Rusty Smith,5699,QB,TEN,1,80.0,5,5,9.2,1.96,0,0,0.0,60.0,3,0,1,25.0,5,1,2,31,68.9,52.8,53.2,,0,0,6,0,0.0,80.4,0.0,0,0,0,0,0,0,0.0,34,6.8,2012
Ryan Fitzpatrick,2467,QB,TEN,11,74.1,328,350,8.7,2.74,3,18,4.9,62.0,217,0,140,10.7,399,26,127,31,39.2,68.0,68.5,55.9,4,12,422,2,14.3,82.0,5.0,20,29,3,12,14,20,4.7,2457,7.0,2013
Jake Locker,6160,QB,TEN,7,70.9,175,183,9.9,2.73,2,9,4.7,60.7,111,0,83,10.5,213,13,64,31,47.4,70.2,72.4,50.8,3,4,221,2,19.3,86.7,7.5,16,14,1,2,8,7,3.2,1256,6.9,2013
Charlie Whitehurst,3026,QB,TEN,7,68.1,163,185,10.7,3.0,5,12,6.2,56.8,105,0,95,5.4,216,6,63,31,90.2,68.7,68.9,59.2,3,2,228,3,18.9,87.4,8.3,18,13,3,11,7,6,2.6,1326,7.2,2014
Zach Mettenberger,8813,QB,TEN,7,68.5,168,179,9.1,2.64,6,8,4.3,59.8,107,0,75,7.0,198,8,58,31,90.1,56.7,56.5,61.2,2,7,210,1,24.0,83.4,9.1,18,1,0,3,8,8,3.8,1412,7.9,2014
Jake Locker,6160,QB,TEN,7,67.4,141,146,10.1,2.86,1,3,1.9,58.9,86,0,72,9.5,177,9,57,31,71.1,47.8,46.0,64.8,3,7,186,1,19.4,70.9,7.9,14,17,0,1,5,10,5.4,993,6.8,2014
Jordan Palmer,3821,QB,TEN,1,33.3,3,3,11.3,2.23,0,0,0.0,33.3,1,0,3,0.0,3,0,0,31,67.4,46.1,46.3,60.0,0,0,3,0,0.0,42.4,0.0,0,0,0,0,0,0,0.0,7,2.3,2014
Marcus Mariota,9435,QB,TEN,12,71.5,347,370,9.6,2.68,5,9,2.2,62.2,230,0,149,7.3,424,18,148,31,31.3,62.0,61.1,59.3,2,10,461,3,26.2,91.5,9.2,39,15,3,13,19,21,4.6,2818,7.6,2015
Zach Mettenberger,8813,QB,TEN,7,71.8,156,166,8.5,2.58,4,0,0.0,60.8,101,0,72,9.8,181,11,47,31,33.9,38.4,40.7,39.7,1,7,188,1,18.1,66.7,7.2,13,2,1,4,4,11,5.9,935,5.6,2015
Alex Tanney,7610,QB,TEN,1,78.6,14,14,9.1,2.48,0,1,7.1,71.4,10,0,7,9.1,17,1,7,31,74.2,80.1,78.4,,0,0,17,0,42.9,114.9,17.6,3,0,0,0,1,0,0.0,99,7.1,2015
Antonio Andrews,9014,HB,TEN,1,100.0,1,1,25.0,2.5,0,0,0.0,100.0,1,0,0,0.0,1,0,1,31,76.1,68.3,74.8,63.8,0,0,1,0,,158.3,0.0,0,0,0,0,1,0,0.0,41,41.0,2015
Marcus Mariota,9435,QB,TEN,15,69.4,415,451,10.1,2.77,5,25,5.1,61.2,276,0,147,4.2,499,12,168,31,50.1,66.8,67.3,53.5,3,9,541,3,15.6,95.6,4.6,23,23,3,25,26,22,4.1,3426,7.6,2016
Matt Cassel,2447,QB,TEN,3,68.9,45,51,8.5,2.6,3,1,1.9,58.8,30,0,20,3.2,58,1,16,31,81.8,51.0,54.0,49.2,0,2,61,1,25.0,71.0,8.6,5,2,2,1,2,1,1.6,284,5.6,2016
DeMarco Murray,6223,HB,TEN,2,50.0,2,2,19.0,2.9,0,0,0.0,50.0,1,0,0,0.0,2,0,1,31,69.2,69.5,60.7,64.6,0,0,2,3,,104.2,0.0,0,0,0,0,1,0,0.0,10,5.0,2016
Marcus Mariota,9435,QB,TEN,17,70.8,490,521,9.5,2.81,7,31,5.6,61.8,322,0,182,7.2,588,25,183,31,87.0,76.2,72.1,79.6,2,16,626,3,20.3,81.2,6.3,37,30,1,21,17,16,2.6,3691,7.1,2017
Matt Cassel,2447,QB,TEN,2,69.4,36,42,8.3,2.64,2,2,4.7,59.5,25,0,22,0.0,50,0,10,31,23.3,42.2,42.3,,1,2,51,1,36.4,55.9,16.0,8,0,0,3,1,4,7.8,162,3.9,2017
Eric Decker,5611,WR,TEN,1,,0,1,,3.9,0,0,0.0,0.0,0,1,1,,1,0,0,31,80.9,69.4,60.0,,0,0,1,6,0.0,39.6,0.0,0,0,0,1,0,0,0.0,0,0.0,2017
Marcus Mariota,9435,QB,TEN,14,77.1,315,331,7.9,2.81,3,13,3.7,68.9,228,0,141,6.2,409,15,135,31,48.9,76.8,70.3,83.0,0,8,431,5,29.8,92.3,10.3,42,35,0,13,11,15,3.5,2528,7.6,2018
Blaine Gabbert,6162,QB,TEN,6,66.3,98,101,7.7,2.29,1,3,2.8,60.4,61,1,23,6.2,106,4,31,31,86.4,33.6,35.2,49.8,0,4,115,3,21.7,74.9,4.7,5,0,0,2,4,9,7.8,626,6.2,2018
Derrick Henry,10679,HB,TEN,3,66.7,3,3,2.7,1.53,0,0,0.0,66.7,2,0,0,0.0,3,0,1,31,82.4,85.3,64.7,86.2,0,0,3,1,,77.1,0.0,0,0,0,0,0,0,0.0,14,4.7,2018
Darius Jennings,10038,WR,TEN,1,100.0,1,1,9.0,3.5,0,0,0.0,100.0,1,0,1,0.0,1,0,1,31,82.1,55.5,72.9,59.3,0,0,1,1,0.0,118.8,0.0,0,0,0,0,0,0,0.0,21,21.0,2018
Kevin Byard,10698,S,TEN,1,100.0,1,1,18.0,0.41,0,0,0.0,100.0,1,0,0,0.0,1,0,1,31,60.4,73.1,68.8,,0,0,1,1,,158.3,0.0,0,0,0,0,1,0,0.0,66,66.0,2018
Ryan Tannehill,7014,QB,TEN,14,75.4,325,346,10.2,2.97,6,23,6.3,68.5,237,0,126,3.3,405,8,160,31,30.0,90.2,87.4,78.8,4,7,430,2,28.6,114.2,8.9,36,23,3,8,27,12,2.8,3111,9.0,2019
Marcus Mariota,9435,QB,TEN,8,73.5,147,161,7.6,2.89,1,5,2.9,59.6,96,0,72,11.1,203,12,52,31,40.9,64.8,64.1,59.9,2,2,215,3,34.7,92.3,12.3,25,16,2,9,7,8,3.7,1207,7.5,2019
Brett Kern,4580,P,TEN,3,66.7,3,3,14.7,2.23,0,0,0.0,66.7,2,0,0,0.0,3,0,2,31,67.4,73.5,68.1,60.0,0,0,3,0,,109.7,0.0,0,0,0,0,0,0,0.0,39,13.0,2019
Derrick Henry,10679,HB,TEN,2,100.0,1,1,11.0,1.9,0,0,0.0,100.0,1,0,0,0.0,1,0,1,31,58.1,79.2,64.9,79.9,0,0,2,3,,118.8,0.0,0,0,0,0,1,0,0.0,3,3.0,2019
Ryan Tannehill,7014,QB,TEN,17,76.3,464,507,8.7,2.64,10,20,3.7,65.7,333,0,171,5.9,556,21,222,31,68.8,90.6,86.0,90.9,10,8,586,2,14.6,105.3,4.5,25,23,0,23,34,23,3.9,3984,7.9,2020
Logan Woodside,46517,QB,TEN,2,33.3,3,3,6.3,2.5,0,0,0.0,33.3,1,0,0,0.0,3,0,1,31,72.8,66.4,60.0,66.5,0,0,3,0,,42.4,0.0,0,0,0,0,0,0,0.0,7,2.3,2020
Brett Kern,4580,P,TEN,2,0.0,1,1,17.0,4.0,0,0,0.0,0.0,0,0,1,,1,0,0,31,60.4,53.8,55.5,,0,0,2,0,0.0,39.6,0.0,0,0,0,0,0,0,0.0,0,0.0,2020
Ryan Tannehill,7014,QB,TEN,18,77.1,519,555,8.0,2.59,11,22,3.7,67.0,372,0,215,7.0,625,28,216,31,58.5,83.7,81.6,71.1,12,17,660,5,22.3,88.1,7.7,48,22,1,12,22,23,3.5,3954,7.1,2021
A.J. Brown,48327,WR,TEN,2,0.0,1,2,29.0,4.05,0,0,0.0,0.0,0,1,2,,2,0,0,31,81.6,86.3,38.2,64.4,0,0,2,3,0.0,39.6,0.0,0,0,0,1,0,1,50.0,0,0.0,2021
Matthias Farley,10953,S,TEN,1,100.0,1,1,4.0,1.6,0,0,0.0,100.0,1,0,0,0.0,1,0,1,31,60.4,54.6,56.3,,0,0,1,0,,91.7,0.0,0,0,0,0,0,0,0.0,6,6.0,2021
Derrick Henry,10679,HB,TEN,1,100.0,1,1,13.0,2.4,0,0,0.0,100.0,1,0,0,0.0,1,0,1,31,84.0,77.3,70.7,74.9,0,0,1,1,,127.1,0.0,0,0,0,0,1,0,0.0,5,5.0,2021
Ryan Tannehill,7014,QB,TEN,12,75.9,303,325,8.2,2.67,7,11,3.2,65.2,212,0,135,7.8,374,18,124,31,76.1,74.9,71.9,77.2,6,6,397,3,24.4,94.6,8.8,33,13,1,8,13,10,2.5,2536,7.8,2022
Joshua Dobbs,11890,QB,TEN,2,72.4,58,68,7.8,3.01,2,2,2.9,58.8,40,0,37,4.8,77,2,26,31,27.1,62.3,57.7,73.5,3,2,78,0,16.2,73.8,7.8,6,3,0,5,2,4,5.1,410,6.0,2022
Malik Willis,60341,QB,TEN,6,67.3,52,61,8.2,3.52,1,3,4.6,50.8,31,1,38,11.4,79,4,14,31,25.3,51.9,39.8,75.6,1,3,84,1,26.3,42.8,12.7,10,8,0,7,0,3,3.6,276,4.5,2022
Derrick Henry,10679,HB,TEN,2,100.0,2,2,3.5,1.35,0,0,0.0,100.0,2,0,0,0.0,2,0,1,31,46.9,85.9,66.1,86.7,0,0,3,1,,118.8,0.0,0,0,0,0,1,0,0.0,4,2.0,2022
Will Levis,83542,QB,TEN,9,69.1,236,255,11.1,2.76,6,16,5.9,58.4,149,0,130,8.6,292,14,85,31,68.9,63.7,61.6,67.4,6,4,310,1,21.5,84.2,9.6,28,9,2,5,8,14,4.5,1808,7.1,2023
Ryan Tannehill,7014,QB,TEN,9,76.1,213,230,8.4,2.67,5,10,4.0,64.8,149,0,106,8.0,271,13,77,31,70.5,68.7,66.3,69.7,3,7,291,1,30.2,78.5,11.8,32,9,2,7,4,11,3.8,1616,7.0,2023
Malik Willis,60341,QB,TEN,1,80.0,5,5,7.6,3.55,0,0,0.0,80.0,4,0,6,0.0,12,0,2,31,74.5,45.9,48.4,52.2,0,0,15,0,66.7,118.8,33.3,4,3,0,0,0,0,0.0,74,14.8,2023
Derrick Henry,10679,HB,TEN,3,66.7,3,3,15.7,2.73,0,0,0.0,66.7,2,0,0,0.0,3,0,2,31,91.4,90.1,72.2,86.8,0,0,3,0,,116.7,0.0,0,0,0,0,2,0,0.0,14,4.7,2023
DeAndre Hopkins,7808,WR,TEN,2,0.0,1,1,-2.0,6.55,0,0,0.0,0.0,0,0,2,,2,0,0,31,82.1,81.0,59.6,64.5,0,0,2,4,0.0,39.6,0.0,0,1,0,0,0,0,0.0,0,0.0,2023
Will Levis,83542,QB,TEN,6,75.0,140,148,8.5,2.8,1,4,2.5,68.2,101,0,71,3.8,185,4,51,31,31.6,50.6,45.3,77.7,2,7,195,2,31.0,79.6,11.9,22,15,0,5,7,8,4.1,874,5.9,2024
Mason Rudolph,46569,QB,TEN,4,74.6,114,128,8.3,2.67,1,3,2.2,59.4,76,0,52,10.6,142,9,46,31,45.4,59.8,60.3,52.4,1,4,152,2,11.5,75.2,4.2,6,6,2,10,4,4,2.6,806,6.3,2024
Mark Brunell,51,QB,WAS,10,75.1,233,260,6.9,2.82,4,13,4.7,62.3,162,0,91,7.4,279,13,82,32,71.4,55.5,57.2,40.0,4,4,301,3,13.2,86.5,4.3,12,5,1,18,8,15,5.0,1790,6.9,2006
Jason Campbell,2242,QB,WAS,7,60.3,189,207,10.9,3.09,6,5,2.3,53.1,110,0,77,3.5,228,4,75,32,90.3,46.4,44.4,62.3,2,6,234,0,9.1,76.5,3.1,7,14,1,9,10,10,4.3,1297,6.3,2006
Antwaan Randle El,1069,WR,WAS,5,66.7,3,3,39.3,4.78,0,1,25.0,66.7,2,1,2,0.0,4,0,2,32,43.8,66.9,86.2,63.0,0,0,5,3,0.0,149.3,0.0,0,1,0,0,1,0,0.0,88,29.3,2006
Jason Campbell,2242,QB,WAS,13,71.6,384,417,9.4,2.76,5,19,4.4,60.0,250,0,138,9.1,460,25,160,32,41.1,72.9,73.4,52.6,6,11,476,3,15.2,77.6,4.6,21,22,4,18,12,26,5.5,2700,6.5,2007
Todd Collins,131,QB,WAS,5,72.5,142,155,8.6,2.63,2,8,4.9,61.9,96,0,54,6.8,167,7,58,32,32.0,72.4,79.4,25.9,4,2,174,2,18.5,94.4,6.0,10,2,0,7,7,4,2.3,1154,7.4,2007
Antwaan Randle El,1069,WR,WAS,2,50.0,2,2,18.0,4.5,0,0,0.0,50.0,1,0,1,0.0,2,0,1,32,81.7,82.6,67.7,48.5,0,0,2,0,0.0,83.3,0.0,0,0,0,0,0,0,0.0,19,9.5,2007
Clinton Portis,1058,HB,WAS,2,100.0,1,1,18.0,3.9,0,0,0.0,100.0,1,0,1,0.0,3,0,1,32,55.4,58.9,67.0,55.6,0,0,3,1,100.0,158.3,33.3,1,1,0,0,1,0,0.0,15,15.0,2007
Jason Campbell,2242,QB,WAS,16,76.1,465,506,6.8,0.0,17,9,1.7,62.3,315,0,178,11.0,572,39,176,32,61.1,73.3,71.4,66.6,8,6,603,2,21.3,84.3,6.6,38,28,3,13,13,10,1.7,3245,6.4,2008
Antwaan Randle El,1069,WR,WAS,4,100.0,3,4,11.3,0.0,0,1,25.0,75.0,3,0,3,0.0,4,0,3,32,80.4,63.2,86.0,56.7,0,0,4,3,0.0,152.1,0.0,0,0,0,1,1,0,0.0,46,11.5,2008
Jason Campbell,2242,QB,WAS,16,78.6,454,507,6.9,0.0,16,20,3.8,64.5,327,1,194,8.4,577,30,200,32,44.1,62.7,64.0,49.8,13,15,599,6,22.2,86.4,7.5,43,27,2,22,20,17,2.8,3620,7.1,2009
Todd Collins,131,QB,WAS,3,77.8,18,23,9.5,0.0,2,2,8.3,52.2,12,0,13,14.3,25,2,4,32,25.2,64.5,66.2,,1,0,26,1,15.4,71.6,8.0,2,0,0,2,0,1,3.8,144,6.3,2009
Clinton Portis,1058,HB,WAS,1,0.0,1,1,10.0,0.0,0,0,0.0,0.0,0,0,0,,1,0,0,32,71.0,57.9,56.1,57.3,0,0,1,1,,39.6,0.0,0,0,0,0,0,0,0.0,0,0.0,2009
Donovan McNabb,438,QB,WAS,13,69.1,440,472,9.0,0.0,15,21,4.2,58.3,275,0,212,9.5,524,29,160,32,47.9,65.2,67.0,42.5,8,15,550,4,17.5,77.1,7.1,37,15,2,7,14,18,3.3,3377,7.2,2010
Rex Grossman,1338,QB,WAS,4,72.3,112,133,7.6,0.0,6,11,7.8,55.6,74,0,53,8.6,144,7,42,32,29.8,64.7,67.7,43.7,2,4,152,3,17.0,81.2,6.3,9,2,1,12,7,9,5.9,884,6.6,2010
Rex Grossman,1338,QB,WAS,13,67.9,417,458,9.5,2.7,14,32,6.6,57.9,265,0,180,6.4,487,18,160,32,64.3,59.1,62.5,38.4,5,20,515,12,13.9,72.4,5.1,25,4,2,20,16,34,6.6,3151,6.9,2011
John Beck,3656,QB,WAS,4,70.4,125,132,8.7,2.79,3,3,2.1,60.6,80,0,51,9.1,156,8,49,32,33.2,53.0,51.0,74.5,1,4,164,1,31.4,72.1,10.3,16,8,1,2,2,8,4.9,858,6.5,2011
Brandon Banks,6053,WR,WAS,1,100.0,1,1,33.0,4.6,0,1,100.0,100.0,1,0,0,0.0,1,0,1,32,66.2,96.4,87.1,66.6,0,0,1,0,,158.3,0.0,0,0,0,0,1,0,0.0,49,49.0,2011
Robert Griffin III,7008,QB,WAS,16,78.2,386,411,8.5,3.07,6,16,3.7,65.0,267,1,167,11.6,488,35,172,32,27.5,81.4,85.5,55.6,6,6,511,7,19.2,101.2,6.6,32,45,2,11,22,12,2.3,3279,8.0,2012
Kirk Cousins,7102,QB,WAS,4,74.1,54,58,9.4,2.83,1,6,10.0,62.1,36,0,20,10.0,63,4,23,32,43.0,80.9,78.4,74.3,2,3,65,1,15.0,90.9,4.8,3,2,0,1,4,4,6.2,497,8.6,2012
Josh Morgan,4488,WR,WAS,1,0.0,1,1,35.0,5.4,0,0,0.0,0.0,0,0,1,,1,0,0,32,39.1,68.2,58.1,80.7,0,0,1,3,0.0,39.6,0.0,0,0,0,0,0,0,0.0,0,0.0,2012
Robert Griffin III,7008,QB,WAS,13,72.4,428,456,8.9,2.95,9,11,2.3,60.1,274,0,202,11.6,530,36,169,32,76.8,65.9,66.5,58.1,3,12,548,6,18.8,82.2,7.2,38,36,2,14,16,16,2.9,3203,7.0,2013
Kirk Cousins,7102,QB,WAS,5,63.2,144,155,8.4,2.63,3,6,3.8,52.3,81,0,43,11.0,162,10,42,32,88.6,51.4,54.5,42.8,1,7,165,3,11.6,58.4,3.1,5,2,1,6,4,7,4.2,854,5.5,2013
Robert Griffin III,7008,QB,WAS,9,78.9,199,214,7.0,2.94,3,9,4.0,68.7,147,0,121,6.4,265,10,76,32,25.6,47.6,51.7,38.6,1,6,281,3,27.3,86.9,12.5,33,18,0,11,4,15,5.3,1694,7.9,2014
Kirk Cousins,7102,QB,WAS,6,74.5,192,204,9.0,2.41,5,13,6.0,61.8,126,0,53,11.9,213,17,75,32,75.5,58.1,60.1,45.5,2,9,228,4,15.1,86.4,3.8,8,1,0,5,10,11,4.8,1710,8.4,2014
Colt McCoy,5609,QB,WAS,5,75.0,124,128,7.3,2.67,3,4,2.9,71.1,91,0,50,2.2,150,2,44,32,48.3,61.4,62.6,60.2,0,3,160,3,34.0,96.4,11.3,17,5,0,1,4,6,3.8,1057,8.3,2014
Pierre Garcon,4519,WR,WAS,1,0.0,1,1,54.0,4.1,0,0,0.0,0.0,0,0,0,,1,0,0,32,81.3,70.4,53.9,,0,0,1,3,,39.6,0.0,0,0,0,0,0,0,0.0,0,0.0,2014
Kirk Cousins,7102,QB,WAS,17,77.7,561,589,8.3,2.57,7,22,3.5,69.3,408,0,225,6.4,626,28,222,32,53.4,70.8,71.1,52.8,2,11,668,6,14.2,100.8,5.1,32,4,0,19,30,22,3.3,4495,7.6,2015
Colt McCoy,5609,QB,WAS,1,72.7,11,11,8.4,2.62,0,0,0.0,63.6,7,0,2,12.5,12,1,4,32,21.7,48.0,49.5,60.5,0,0,12,1,50.0,133.9,8.3,1,0,0,0,1,1,8.3,128,11.6,2015
Jamison Crowder,9538,WR,WAS,1,,0,1,,7.1,0,0,0.0,0.0,0,0,1,,1,0,0,32,89.4,69.5,60.0,54.8,0,0,1,1,0.0,39.6,0.0,0,0,0,1,0,0,0.0,0,0.0,2015
Kirk Cousins,7102,QB,WAS,16,76.3,560,606,9.4,2.73,10,33,5.1,67.0,406,0,204,4.9,638,21,231,32,75.2,80.6,80.0,52.3,2,12,675,2,11.3,97.2,3.6,23,9,3,31,25,19,2.8,4917,8.1,2016
Tress Way,8358,P,WAS,1,100.0,1,1,29.0,2.4,0,0,0.0,100.0,1,0,0,0.0,1,0,1,32,60.4,60.2,60.1,,0,0,1,0,,118.8,0.0,0,0,0,0,0,0,0.0,31,31.0,2016
Kirk Cousins,7102,QB,WAS,16,74.4,507,540,8.2,2.66,11,23,4.1,64.3,347,0,222,8.0,606,30,202,32,52.4,70.0,68.7,65.3,7,13,626,6,18.5,93.9,6.8,41,24,0,15,27,21,3.4,4093,7.6,2017
Alex Smith,2218,QB,WAS,10,72.8,294,328,8.6,2.79,5,9,2.6,62.5,205,0,119,4.2,374,9,114,32,75.6,70.2,69.0,61.6,6,5,396,2,18.5,85.7,5.9,22,23,2,21,10,9,2.3,2180,6.6,2018
Josh Johnson,4474,QB,WAS,4,64.3,84,91,9.7,3.21,1,1,1.0,57.1,52,0,49,3.7,114,2,33,32,39.1,47.6,42.3,68.2,1,4,126,1,20.4,69.4,8.8,10,13,0,5,3,6,4.8,590,6.5,2018
Colt McCoy,5609,QB,WAS,3,68.6,51,54,10.0,2.72,1,3,5.1,63.0,34,0,23,2.9,67,1,20,32,46.0,60.1,51.2,87.4,0,3,72,0,26.1,78.6,9.0,6,7,2,0,3,4,5.6,372,6.9,2018
Mark Sanchez,4928,QB,WAS,2,80.6,31,35,6.0,2.69,2,1,2.9,54.3,19,0,19,24.0,43,6,4,32,28.8,41.8,41.7,63.9,1,3,43,1,36.8,28.0,16.3,7,1,0,1,0,4,9.3,138,3.9,2018
Tress Way,8358,P,WAS,1,100.0,1,1,6.0,1.9,0,0,0.0,100.0,1,0,0,0.0,1,0,1,32,60.4,70.7,67.2,,0,0,1,0,,95.8,0.0,0,0,0,0,0,0,0.0,7,7.0,2018
Case Keenum,7323,QB,WAS,9,74.2,229,247,7.3,2.59,1,11,4.1,64.8,160,1,93,5.9,266,10,85,32,26.4,55.0,56.1,47.3,7,5,290,2,16.1,91.3,5.6,15,3,2,8,11,12,4.1,1707,6.9,2019
Dwayne Haskins,41897,QB,WAS,9,68.6,191,203,9.1,2.87,4,8,3.7,58.6,119,0,88,9.2,245,12,71,32,90.4,67.9,67.0,62.3,1,7,259,1,33.0,76.1,11.8,29,12,1,6,7,5,1.9,1365,6.7,2019
Colt McCoy,5609,QB,WAS,1,76.0,25,27,6.7,2.76,1,1,3.4,66.7,18,0,14,5.3,35,1,6,32,20.5,44.7,43.1,63.4,0,1,37,0,42.9,60.6,17.1,6,2,0,1,0,3,8.1,119,4.4,2019
Steven Sims,48341,WR,WAS,1,,0,1,,5.8,0,0,0.0,0.0,0,0,0,,1,0,0,32,35.1,63.6,60.0,68.0,0,0,1,1,,39.6,0.0,0,0,0,1,0,0,0.0,0,0.0,2019
Kelvin Harmon,47931,WR,WAS,1,100.0,1,1,6.0,3.4,0,0,0.0,100.0,1,0,1,0.0,1,0,1,32,76.7,63.9,56.3,,0,0,1,2,0.0,112.5,0.0,0,0,0,0,0,0,0.0,11,11.0,2019
Alex Smith,2218,QB,WAS,8,78.5,228,252,5.4,2.48,5,10,3.8,66.7,168,0,94,6.1,277,11,74,32,79.7,66.0,66.9,51.6,2,8,289,4,23.4,78.5,7.9,22,3,0,17,6,7,2.4,1582,6.3,2020
Dwayne Haskins,41897,QB,WAS,7,69.1,230,241,6.9,2.51,5,6,2.4,61.4,148,0,73,6.9,269,11,77,32,65.6,48.4,47.5,59.8,3,7,277,1,27.4,73.0,7.4,20,7,0,3,5,10,3.6,1439,6.0,2020
Kyle Allen,26152,QB,WAS,4,81.8,77,87,6.4,2.81,2,3,3.2,69.0,60,0,31,4.8,98,3,33,32,57.4,68.5,66.7,70.2,1,1,107,2,22.6,99.3,7.1,7,4,0,7,4,3,2.8,610,7.0,2020
Taylor Heinicke,9896,QB,WAS,2,74.6,59,63,11.3,3.1,1,7,10.6,60.3,38,0,21,13.6,75,6,27,32,83.3,92.3,89.8,84.8,0,1,79,0,14.3,85.6,4.0,3,9,0,3,2,1,1.3,443,7.0,2020
Logan Thomas,8755,TE,WAS,1,100.0,1,1,28.0,4.2,0,1,100.0,100.0,1,0,0,0.0,1,0,1,32,82.6,65.2,79.9,63.9,0,0,1,4,,118.8,0.0,0,0,0,0,0,0,0.0,28,28.0,2020
Isaiah Wright,40113,WR,WAS,1,,0,1,,6.4,0,0,0.0,0.0,0,0,1,,1,0,0,32,48.2,57.5,60.0,66.5,0,0,1,0,0.0,39.6,0.0,0,0,0,1,0,0,0.0,0,0.0,2020
Taylor Heinicke,9896,QB,WAS,16,73.3,464,494,8.2,2.99,9,18,3.4,65.0,321,0,199,5.6,575,19,183,32,61.8,59.4,58.9,59.3,4,15,616,4,19.1,85.9,6.6,38,42,3,14,20,27,4.4,3419,6.9,2021
Garrett Gilbert,8848,QB,WAS,1,69.0,29,31,6.8,2.81,0,0,0.0,64.5,20,0,15,0.0,33,0,8,32,27.2,59.7,57.5,,1,0,34,0,13.3,81.9,6.1,2,0,0,1,0,1,2.9,194,6.3,2021
Kyle Allen,26152,QB,WAS,2,77.8,18,19,7.4,2.67,0,2,10.0,63.2,12,0,6,14.3,22,2,7,32,24.5,65.9,65.7,66.3,0,0,23,1,33.3,81.0,9.1,2,1,0,1,0,1,4.3,120,6.3,2021
Ryan Fitzpatrick,2467,QB,WAS,1,80.0,5,6,3.8,2.59,0,0,0.0,50.0,3,0,5,25.0,8,1,0,32,70.3,38.9,42.5,55.7,1,0,9,0,20.0,56.3,12.5,1,1,0,0,0,1,11.1,13,2.2,2021
Carson Wentz,10636,QB,WAS,8,73.4,256,276,7.9,2.58,7,13,4.4,62.3,172,0,105,8.5,314,16,88,32,70.5,60.6,58.9,62.6,3,9,337,5,24.8,80.2,8.3,26,12,0,10,11,14,4.2,1755,6.4,2022
Taylor Heinicke,9896,QB,WAS,9,71.0,231,259,9.2,2.9,6,9,3.4,62.2,161,0,121,1.8,292,3,95,32,30.0,49.8,48.9,56.1,5,6,304,3,15.7,89.6,6.5,19,13,2,15,12,19,6.3,1859,7.2,2022
Sam Howell,97599,QB,WAS,1,70.6,17,19,9.7,2.86,1,1,4.5,57.9,11,0,12,8.3,25,1,9,32,77.5,68.5,61.5,75.6,0,1,28,0,25.0,82.8,12.0,3,3,0,1,1,1,3.6,168,8.8,2022
Sam Howell,97599,QB,WAS,17,75.0,555,612,7.7,2.84,17,30,4.7,63.4,388,0,277,6.7,712,28,193,32,81.3,60.2,57.6,71.5,6,21,750,3,23.5,78.9,9.1,65,33,0,34,21,31,4.1,3945,6.4,2023
Jacoby Brissett,10725,QB,WAS,2,86.4,22,23,9.0,2.83,0,1,3.7,78.3,18,0,8,5.3,25,1,10,32,77.4,84.6,79.4,75.0,0,0,29,0,0.0,146.8,0.0,0,2,0,1,3,0,0.0,224,9.7,2023
Dyami Brown,77986,WR,WAS,1,100.0,1,1,1.0,3.7,0,0,0.0,100.0,1,0,0,0.0,1,0,0,32,72.9,59.0,60.0,56.2,0,0,1,1,,83.3,0.0,0,0,0,0,0,0,0.0,4,4.0,2023
Jayden Daniels,97993,QB,WAS,11,78.0,273,294,7.8,2.96,6,12,3.8,68.7,202,1,125,5.2,365,11,129,32,67.6,85.8,82.1,77.0,1,3,388,1,18.4,99.6,6.3,23,46,0,14,10,6,1.5,2338,8.0,2024
Marcus Mariota,9435,QB,WAS,2,84.0,25,26,9.9,3.34,0,3,10.0,73.1,19,0,7,9.5,29,2,14,32,80.1,81.2,87.0,53.9,0,0,33,0,14.3,121.2,3.4,1,2,0,1,2,0,0.0,203,7.8,2024
