player,year_signed,years,value,apy,guaranteed,apy_cap_pct,inflated_value,inflated_apy,inflated_guaranteed,gsis_id
Joe Burrow,2023,5,275,55,219.01,0.245,312.433274,62.486655,248.821859,00-0036442
Aaron Rodgers,2023,3,112.5,37.5,75,0.167,127.813612,42.604537,85.209075,00-0023459
Josh Allen,2021,6,258,43,150,0.236,361.05863,60.176438,209.917808,00-0034857
Russell Wilson,2022,5,245,49,165,0.235,300.542747,60.108549,202.40634,00-0029263
Justin Herbert,2023,5,262.5,52.5,193.738375,0.234,298.231762,59.646352,220.110236,00-0036355
Lamar Jackson,2023,5,260,52,185,0.231,295.391459,59.078292,210.182384,00-0034796
Patrick Mahomes,2020,10,450,45,141,0.227,579.868819,57.986882,181.69223,00-0033873
Jalen Hurts,2023,5,255,51,179.304,0.227,289.710854,57.942171,203.711039,00-0036389
Kyler Murray,2022,5,230.5,46.1,160,0.221,282.755524,56.551105,196.272815,00-0035228
Deshaun Watson,2022,5,230,46,230,0.221,282.142171,56.428434,282.142171,00-0033537
Dak Prescott,2021,4,160,40,126,0.219,223.912329,55.978082,176.330959,00-0033077
Derek Carr,2023,4,150,37.5,100,0.167,170.418149,42.604537,113.6121,00-0031280
Matt Stafford,2022,4,160,40,135,0.192,196.272815,49.068204,165.605187,00-0026498
Jared Goff,2019,4,134,33.5,110.042682,0.178,181.846971,45.461743,149.335287,00-0033106
Daniel Jones,2023,4,160,40,104,0.178,181.779359,45.44484,118.156584,00-0035710
Carson Wentz,2023,1,1.315,1.315,0.15,0.006,1.493999,1.493999,0.170418,00-0032950
Matt Ryan,2018,5,150,30,100,0.169,216.196388,43.239278,144.130926,00-0026143
Kirk Cousins,2022,1,35,35,70,0.168,42.934678,42.934678,85.869356,00-0029604
Jimmy Garoppolo,2023,3,72.75,24.25,33.75,0.108,82.652802,27.550934,38.344084,00-0031345
Ryan Tannehill,2020,4,118,29.5,91,0.149,152.05449,38.013623,117.262361,00-0029701
Tom Brady,2021,1,25,25,25,0.137,34.986301,34.986301,34.986301,00-0019596
Alex Smith,2018,4,94,23.5,71,0.133,135.48307,33.870767,102.332957,00-0023436
Drew Brees,2020,2,50,25,25,0.126,64.429869,32.214934,32.214934,00-0020531
Nick Foles,2022,2,6.2,3.1,4,0.015,7.605572,3.802786,4.90682,00-0029567
Geno Smith,2023,3,75,25,40,0.111,85.209075,28.403025,45.44484,00-0030565
Teddy Bridgewater,2023,1,3,3,2.55,0.013,3.408363,3.408363,2.897109,00-0031237
Ben Roethlisberger,2021,1,14,14,14,0.077,19.592329,19.592329,19.592329,00-0022924
Baker Mayfield,2023,1,4,4,4,0.018,4.544484,4.544484,4.544484,00-0034855
Jameis Winston,2023,1,4,4,4,0.018,4.544484,4.544484,4.544484,00-0031503
Jordan Love,2023,1,13.5,13.5,13,0.06,15.337633,15.337633,14.769573,00-0036264
Andy Dalton,2023,2,10,5,8,0.022,11.36121,5.680605,9.088968,00-0027973
Ryan Fitzpatrick,2021,1,10,10,6,0.055,13.994521,13.994521,8.396712,00-0023682
Taysom Hill,2021,4,40,10,21.5,0.055,55.978082,13.994521,30.088219,00-0033357
Trevor Lawrence,2021,4,36.793486,9.198372,36.783486,0.05,51.49072,12.872681,51.476725,00-0036971
Zach Wilson,2021,4,35.15068,8.787695,35.15068,0.048,49.191691,12.297958,49.191691,00-0037013
Trey Lance,2021,4,34.105258,8.526315,34.105258,0.047,47.728673,11.932169,47.728673,00-0037012
Cam Newton,2021,1,8.25,8.25,4.5,0.045,11.545479,11.545479,6.297534,00-0027939
Marcus Mariota,2023,1,5,5,5,0.022,5.680605,5.680605,5.680605,00-0032268
Sam Darnold,2023,1,4.5,4.5,3.5,0.02,5.112544,5.112544,3.976423,00-0034869
Bryce Young,2023,4,37.955074,9.488769,37.955074,0.042,43.121556,10.78039,43.121556,00-0039150
C.J. Stroud,2023,4,36.279246,9.069812,36.279246,0.04,41.217613,10.304404,41.217613,00-0039163
Tua Tagovailoa,2020,4,30.275436,7.568859,30.275436,0.038,39.012847,9.753212,39.012847,00-0036212
Anthony Richardson,2023,4,33.99403,8.498508,33.99403,0.038,38.621331,9.655333,38.621331,00-0039164
Mitchell Trubisky,2023,2,11.25,5.625,6.92,0.025,12.781361,6.390681,7.861957,00-0033869
Jacoby Brissett,2023,1,8,8,7.5,0.036,9.088968,9.088968,8.520907,00-0033119
Taylor Heinicke,2023,2,14,7,6.32,0.031,15.905694,7.952847,7.180285,00-0031800
Case Keenum,2023,2,6.25,3.125,4,0.014,7.100756,3.550378,4.544484,00-0028986
Tyrod Taylor,2022,2,11,5.5,10.9,0.026,13.493756,6.746878,13.371085,00-0028118
Mason Rudolph,2023,1,1.08,1.08,0,0.005,1.227011,1.227011,0,00-0034771
Justin Fields,2021,4,18.871952,4.717988,18.871952,0.026,26.410392,6.602598,26.410392,00-0036945
Josh Rosen,2022,1,0.965,0.965,0,0.005,1.18377,1.18377,0,00-0034343
Jarrett Stidham,2023,2,10,5,5,0.022,11.36121,5.680605,5.680605,00-0035264
Chase Daniel,2022,1,2,2,1.12,0.01,2.45341,2.45341,1.37391,00-0026544
Mac Jones,2021,4,15.58634,3.896585,15.58634,0.021,21.812336,5.453084,21.812336,00-0036972
Brian Hoyer,2023,2,4.5,2.25,4.205,0.01,5.112544,2.556272,4.777389,00-0026625
Joe Flacco,2023,1,2.2,2.2,0.4,0.01,2.499466,2.499466,0.454448,00-0026158
Dwayne Haskins,2022,1,2.54,2.54,0,0.012,3.115831,3.115831,0,NA
Mike White,2023,2,8,4,4.5,0.018,9.088968,4.544484,5.112544,00-0034401
Drew Lock,2023,1,4,4,1.75,0.018,4.544484,4.544484,1.988212,00-0035704
Kenny Pickett,2022,4,14.067904,3.516976,14.067904,0.017,17.257169,4.314292,17.257169,00-0038102
Colt McCoy,2022,2,7.5,3.25,6,0.016,9.200288,3.986792,7.360231,00-0027688
Gardner Minshew,2023,1,3.5,3.5,3.5,0.016,3.976423,3.976423,3.976423,00-0035289
C.J. Beathard,2023,2,4.5,2.25,2,0.01,5.112544,2.556272,2.272242,00-0033936
Tim Boyle,2023,1,1.155,1.155,0.075,0.005,1.31222,1.31222,0.085209,00-0034177
Jeff Driskel,2023,1,1.14,1.14,0.06,0.005,1.295178,1.295178,0.068167,00-0032436
Kyle Allen,2023,1,1.2325,1.2325,0.35,0.005,1.400269,1.400269,0.397642,00-0034577
Tyler Huntley,2023,1,2.627,2.627,0,0.012,2.98459,2.98459,0,00-0035993
Cooper Rush,2023,2,5,2.5,2.75,0.011,5.680605,2.840302,3.124333,00-0033662
Blaine Gabbert,2023,1,1.3175,1.3175,1.0925,0.006,1.496839,1.496839,1.241212,00-0027948
Will Levis,2023,4,9.542162,2.385541,8.730957,0.011,10.841051,2.710263,9.919424,00-0039152
Trevor Siemian,2023,1,1.3175,1.3175,0.1525,0.006,1.496839,1.496839,0.173258,00-0032156
Chad Henne,2022,1,2,2,2,0.01,2.45341,2.45341,2.45341,00-0026197
Nick Mullens,2023,2,4,2,1.9225,0.009,4.544484,2.272242,2.184193,00-0033319
Nate Sudfeld,2023,1,1.6,1.6,1,0.007,1.817794,1.817794,1.136121,00-0032792
Joshua Dobbs,2023,1,2,2,2,0.009,2.272242,2.272242,2.272242,00-0033949
Phillip Walker,2023,2,4,2,3.01,0.009,4.544484,2.272242,3.419724,00-0033275
Brandon Allen,2023,1,1.2325,1.2325,0.2,0.005,1.400269,1.400269,0.227224,00-0032434
Easton Stick,2023,1,1.8,1.8,1.1525,0.008,2.045018,2.045018,1.309379,00-0035282
Kyle Trask,2021,4,5.535336,1.383834,2.957306,0.008,7.746437,1.936609,4.138608,00-0036928
Mike Glennon,2022,1,0.2772,0.2772,0,0.001,0.340043,0.340043,0,00-0030520
Kellen Mond,2023,1,0.216,0.216,0,0.001,0.245402,0.245402,0,00-0036946
Davis Mills,2021,4,5.2221,1.305525,1.157892,0.007,7.308079,1.82702,1.620414,00-0036898
A.J. McCarron,2023,1,1.165,1.165,0,0.005,1.323581,1.323581,0,00-0031288
Desmond Ridder,2022,4,5.362962,1.340741,1.080336,0.006,6.578773,1.644694,1.325254,00-0038122
Hendon Hooker,2023,4,5.719028,1.429757,1.159292,0.006,6.497508,1.624377,1.317096,00-0038550
Ryan Griffin,2022,1,1.195,1.195,0.075,0.006,1.465913,1.465913,0.092003,00-0029857
Malik Willis,2022,4,5.1601,1.290025,0.9328,0.006,6.329921,1.58248,1.144271,00-0038128
Sean Mannion,2023,1,0.3708,0.3708,0,0.002,0.421274,0.421274,0,NA
Matt Corral,2022,4,2.094246,1.273562,0.884904,0.006,2.569022,1.562285,1.085516,00-0038132
Joe Webb,2021,1,1.0755,1.0755,5e-04,0.006,1.505111,1.505111,7e-04,00-0027796
Josh Johnson,2023,1,1.3175,1.3175,0.1525,0.006,1.496839,1.496839,0.173258,00-0026300
Blake Bortles,2022,1,1.12,1.12,0,0.005,1.37391,1.37391,0,00-0031407
Matt Barkley,2023,1,1.2502,1.2502,0.2352,0.006,1.420378,1.420378,0.267216,00-0030533
Ian Book,2023,1,0.216,0.216,0,0.001,0.245402,0.245402,0,00-0036929
Nathan Peterman,2023,1,1.2325,1.2325,0.1525,0.005,1.400269,1.400269,0.173258,00-0033958
David Blough,2023,1,1.2325,1.2325,0.07625,0.005,1.400269,1.400269,0.086629,00-0035040
Brett Hundley,2022,1,1.12,1.12,0,0.005,1.37391,1.37391,0,00-0031589
Kevin Hogan,2022,1,1.1175,1.1175,0.3025,0.005,1.370843,1.370843,0.371078,NA
Josh McCown,2020,2,2.125,1.0625,0,0.005,2.738269,1.369135,0,00-0021206
Bailey Zappe,2023,3,2.955,0.985,0,0.004,3.357238,1.119079,0,00-0038108
Garrett Gilbert,2022,1,1.075,1.075,0.015,0.005,1.318708,1.318708,0.018401,00-0031395
Will Grier,2023,1,1.08,1.08,0,0.005,1.227011,1.227011,0,00-0035251
Jacob Eason,2023,1,0.94,0.94,0,0.004,1.067954,1.067954,0,00-0036226
James Morgan,2022,1,0.825,0.825,0,0.004,1.012032,1.012032,0,NA
Alex Tanney,2021,1,0.9225,0.9225,0.0025,0.005,1.290995,1.290995,0.003499,00-0029623
Jake Haener,2023,4,4.544812,1.136203,0.704812,0.005,5.163456,1.290864,0.800752,00-0038998
Stetson Bennett,2023,4,4.539132,1.134783,0.699132,0.005,5.157003,1.289251,0.794299,00-0039107
DeShone Kizer,2021,1,0.92,0.92,0,0.005,1.287496,1.287496,0,00-0033899
Kyle Sloter,2022,1,0.965,0.965,0,0.005,1.18377,1.18377,0,00-0033672
Trace McSorley,2023,1,1.08,1.08,0,0.005,1.227011,1.227011,0,00-0035146
Davis Webb,2022,1,0.945,0.945,0.05,0.005,1.159236,1.159236,0.061335,00-0033550
Sam Ehlinger,2021,4,3.610704,0.902676,0.130704,0.005,5.053007,1.263252,0.182914,00-0036879
Aidan O'Connell,2023,4,4.34938,1.087345,0.50938,0.005,4.941422,1.235355,0.578717,00-0038579
Sam Howell,2022,4,4.0216,1.0054,0.3616,0.005,4.933317,1.233329,0.443577,00-0037077
Brett Rypien,2023,1,1.08,1.08,0,0.005,1.227011,1.227011,0,00-0034955
Clayton Tune,2023,4,4.190624,1.047656,0.350624,0.005,4.761056,1.190264,0.398351,00-0038582
Dorian Thompson-Robinson,2023,4,4.182268,1.045567,0.342268,0.005,4.751562,1.187891,0.388858,00-0038583
Sean Clifford,2023,4,4.16418,1.041045,0.32418,0.005,4.731012,1.182753,0.368308,00-0038391
Devlin Hodges,2021,2,1.675,0.8375,0,0.005,2.344082,1.172041,0,00-0035577
Kyle Lauletta,2021,2,1.675,0.8375,0,0.005,2.344082,1.172041,0,NA
Jaren Hall,2023,4,4.119272,1.029818,0.279272,0.005,4.679991,1.169998,0.317287,00-0038598
Logan Woodside,2022,2,1.905,0.9525,0,0.005,2.336873,1.168437,0,00-0034438
Jake Fromm,2023,2,1.925,0.9625,0,0.004,2.187033,1.093516,0,00-0036197
Chris Oladokun,2023,1,0.75,0.75,0,0.003,0.852091,0.852091,0,00-0037324
Skylar Thompson,2022,4,3.742208,0.935552,0.082208,0.004,4.590586,1.147646,0.100845,00-0037327
John Wolford,2023,1,1.01,1.01,0,0.004,1.147482,1.147482,0,00-0034899
Jake Luton,2023,1,1.01,1.01,0,0.004,1.147482,1.147482,0,00-0036312
Chris Streveler,2023,1,1.01,1.01,0,0.004,1.147482,1.147482,0,00-0035752
Brock Purdy,2022,4,3.737012,0.934253,0.077012,0.004,4.584212,1.146053,0.094471,00-0037834
Tanner McKee,2023,4,4.02652,1.00663,0.18652,0.004,4.574614,1.143653,0.211909,00-0038400
Feleipe Franks,2021,3,2.44,0.813333,0.1,0.004,3.414663,1.138221,0.139945,00-0036825
Shane Buechele,2023,1,0.94,0.94,0,0.004,1.067954,1.067954,0,00-0036679
Kenji Bahar,2021,3,2.425,0.808333,0,0.004,3.393671,1.131223,0,NA
Jamie Newman,2021,3,2.425,0.808333,0,0.004,3.393671,1.131223,0,NA
K.J. Costello,2022,1,0.705,0.705,0,0.003,0.864827,0.864827,0,NA
Ryan Finley,2019,4,3.309656,0.827414,0.789656,0.004,4.491425,1.122856,1.071616,00-0035652
Max Duggan,2023,4,3.92622,0.981555,0.08622,0.004,4.460661,1.115165,0.097956,00-0038637
Cole McDonald,2021,1,0.66,0.66,0,0.004,0.923638,0.923638,0,00-0036257
Ben DiNucci,2023,1,0.87,0.87,0,0.004,0.988425,0.988425,0,00-0036384
Alex McGough,2023,1,0.87,0.87,0,0.004,0.988425,0.988425,0,00-0034732
Jacob Dolegala,2021,1,0.78,0.78,0,0.004,1.091573,1.091573,0,00-0035394
Tommy Stevens,2021,1,0.66,0.66,0,0.004,0.923638,0.923638,0,00-0036433
Nate Stanley,2021,2,1.485,0.7425,0,0.004,2.078186,1.039093,0,00-0036279
EJ Perry,2023,1,0.75,0.75,0,0.003,0.852091,0.852091,0,00-0037068
Anthony Brown,2023,1,0.216,0.216,0,0.001,0.245402,0.245402,0,00-0037175
Carson Strong,2022,3,2.58,0.86,0.32,0.004,3.164899,1.054966,0.392546,NA
Levi Lewis,2022,3,2.575,0.858333,0.015,0.004,3.158766,1.052921,0.018401,NA
Chase Garbers,2023,1,0.75,0.75,0,0.003,0.852091,0.852091,0,00-0037507
Davis Cheek,2022,3,2.5675,0.855833,0.0075,0.004,3.149565,1.049855,0.0092,NA
Brandon Peters,2022,3,2.567,0.855667,0.007,0.004,3.148952,1.049651,0.008587,NA
Cole Kelley,2022,3,2.565,0.855,0.005,0.004,3.146499,1.048833,0.006134,NA
Jack Coan,2022,3,2.565,0.855,0.06,0.004,3.146499,1.048833,0.073602,NA
Dustin Crum,2022,3,2.56,0.853333,0,0.004,3.140365,1.046788,0,NA
Jarrett Guarantano,2022,3,2.56,0.853333,0,0.004,3.140365,1.046788,0,NA
Drew Plitt,2023,1,0.216,0.216,0,0.001,0.245402,0.245402,0,NA
Felix Harper,2022,3,2.56,0.853333,0,0.004,3.140365,1.046788,0,NA
Ryan Willis,2022,3,2.56,0.853333,0,0.004,3.140365,1.046788,0,NA
Clayton Thorson,2021,2,1.491,0.7455,0.006,0.004,2.086583,1.043292,0.008397,00-0035283
Reid Sinnett,2023,1,0.87,0.87,0,0.004,0.988425,0.988425,0,00-0036052
Bryce Perkins,2021,2,1.485,0.7425,0,0.004,2.078186,1.039093,0,00-0035939
Jake Browning,2023,1,0.75,0.75,0,0.003,0.852091,0.852091,0,00-0035100
Case Cookus,2022,1,0.207,0.207,0,0.001,0.253928,0.253928,0,NA
Malik Cunningham,2023,3,2.725,0.908333,0.2,0.004,3.09593,1.031976,0.227224,00-0038911
Tanner Morgan,2023,3,2.72,0.906667,0.025,0.004,3.090249,1.030083,0.028403,00-0038744
Tyson Bagent,2023,3,2.72,0.906667,0.025,0.004,3.090249,1.030083,0.028403,00-0038416
Tommy DeVito,2023,3,2.705,0.901667,0.02,0.004,3.073207,1.024403,0.022722,00-0038476
Adrian Martinez,2023,3,2.705,0.901667,0.06,0.004,3.073207,1.024403,0.068167,00-0038658
Nolan Henderson,2023,3,2.701,0.900333,0.006,0.004,3.068663,1.022887,0.006817,NA
Nathan Rourke,2023,3,2.7,0.9,0.221,0.004,3.067527,1.022509,0.251083,00-0038150
Tim DeMorat,2023,3,2.6975,0.899167,0.0025,0.004,3.064686,1.021563,0.00284,NA
James Blackman,2023,3,2.697,0.899,0.012,0.004,3.064118,1.021373,0.013633,NA
Holton Ahlers,2023,3,2.696,0.898667,0.001,0.004,3.062982,1.020994,0.001136,00-0038749
Braxton Burmeister,2023,3,2.695,0.898333,0,0.004,3.061846,1.020615,0,00-0038365
Dresser Winn,2023,3,2.695,0.898333,0,0.004,3.061846,1.020615,0,00-0038385
Austin Aune,2023,3,2.695,0.898333,0,0.004,3.061846,1.020615,0,NA
Steven Montez,2022,1,0.825,0.825,0,0.004,1.012032,1.012032,0,00-0036022
Anthony Gordon,2022,1,0.705,0.705,0,0.003,0.864827,0.864827,0,00-0035988
Josh Love,2021,1,0.1656,0.1656,0,0.001,0.231749,0.231749,0,00-0035937
Riley Neal,2020,3,2.293,0.764333,0.008,0.004,2.954754,0.984917,0.010309,NA
Kevin Davidson,2020,3,2.2925,0.764167,0.0175,0.004,2.954109,0.984704,0.02255,00-0036112
Jalen Morton,2021,1,0.66,0.66,0,0.004,0.923638,0.923638,0,NA
J'Mar Smith,2020,3,2.29,0.763333,0.03,0.004,2.950888,0.983629,0.038658,NA
Brian Lewerke,2022,1,0.7135,0.7135,0.0085,0.003,0.875254,0.875254,0.010427,00-0036092
Broc Rutter,2020,3,2.285279,0.76176,0.000279,0.004,2.944805,0.981602,0.00036,NA
Nick Tiano,2020,3,2.285,0.761667,0,0.004,2.944445,0.981482,0,NA
Shea Patterson,2020,3,2.285,0.761667,0,0.004,2.944445,0.981482,0,NA
Luke Falk,2018,4,2.608832,0.652208,0.148832,0.004,3.760134,0.940033,0.214513,00-0034412
Tanner Lee,2018,4,2.601544,0.650386,0.151544,0.004,3.749629,0.937407,0.218422,00-0034416
Danny Etling,2023,1,0.75,0.75,0,0.003,0.852091,0.852091,0,00-0034423
Kurt Benkert,2022,1,0.705,0.705,0,0.003,0.864827,0.864827,0,00-0034131
Jordan Ta'amu,2023,1,0.75,0.75,0,0.003,0.852091,0.852091,0,00-0035735
Eric Dungey,2021,1,0.66,0.66,0,0.004,0.923638,0.923638,0,NA
Kyle Shurmur,2021,1,0.66,0.66,0,0.004,0.923638,0.923638,0,00-0035163
Luis Perez,2022,1,0.705,0.705,0,0.003,0.864827,0.864827,0,00-0034737
Nick Fitzgerald,2019,3,1.77,0.59,0.03,0.003,2.402009,0.80067,0.040712,00-0035471
Tyree Jackson,2023,2,1.995,0.9975,0,0.004,2.266561,1.133281,0,00-0035356
Taryn Christion,2019,3,1.765,0.588333,0.01,0.003,2.395223,0.798407,0.013571,00-0035087
Drew Anderson,2019,3,1.762,0.587333,0.007,0.003,2.391152,0.79705,0.009499,00-0035483
Manny Wilkins,2019,3,1.762,0.587333,0.007,0.003,2.391152,0.79705,0.009499,00-0035077
Wilton Speight,2019,3,1.76,0.586667,0.02,0.003,2.388438,0.796146,0.027141,00-0035037
Vincent Testaverde,2019,3,1.755,0.585,0,0.003,2.381652,0.793884,0,NA
Brandon Silvers,2019,3,1.755,0.585,0,0.003,2.381652,0.793884,0,NA
T.J. Linta,2019,3,1.755,0.585,0,0.003,2.381652,0.793884,0,NA
Jalan McClendon,2019,3,1.755,0.585,0,0.003,2.381652,0.793884,0,NA
Tyler Bray,2021,1,0.1656,0.1656,0,0.001,0.231749,0.231749,0,00-0030151
Todd Gurley,2018,4,57.5,14.375,45,0.081,82.875282,20.718821,64.858916,00-0032241
Christian McCaffrey,2020,4,64.063412,16.015853,36.346412,0.081,82.551945,20.637986,46.835891,00-0033280
Ezekiel Elliott,2023,1,3,3,1.1,0.013,3.408363,3.408363,1.249733,00-0033045
Alvin Kamara,2020,5,75,15,34.333333,0.076,96.644803,19.328961,44.241843,00-0033906
Le'Veon Bell,2021,1,1.075,1.075,0,0.006,1.504411,1.504411,0,00-0030496
Nick Chubb,2021,3,36.6,12.2,20,0.067,51.219945,17.073315,27.989041,00-0034791
Aaron Jones,2023,2,23,11.5,8.52,0.051,26.130783,13.065391,9.679751,00-0033293
Dalvin Cook,2023,1,7,7,5.8,0.031,7.952847,7.952847,6.589502,00-0033893
Derrick Henry,2020,4,50,12.5,25.5,0.063,64.429869,16.107467,32.859233,00-0032764
Jonathan Taylor,2023,3,42,14,26.5,0.062,47.717082,15.905694,30.107206,00-0036223
Joe Mixon,2023,2,11.5,5.75,4.128,0.026,13.065391,6.532696,4.689907,00-0033897
Josh Jacobs,2023,1,11.791,11.791,10.091,0.052,13.396003,13.396003,11.464597,00-0035700
Devonta Freeman,2021,1,1.075,1.075,0,0.006,1.504411,1.504411,0,00-0031285
Saquon Barkley,2023,1,10.091,10.091,10.091,0.045,11.464597,11.464597,11.464597,00-0034844
Tony Pollard,2023,1,10.091,10.091,10.091,0.045,11.464597,11.464597,11.464597,00-0035261
Jerick McKinnon,2023,1,1.3175,1.3175,1.0925,0.006,1.496839,1.496839,1.241212,00-0031376
Melvin Gordon,2023,1,1.165,1.165,0,0.005,1.323581,1.323581,0,00-0032144
Nyheim Hines,2023,2,9,4.5,2,0.02,10.225089,5.112544,2.272242,NA
Leonard Fournette,2023,1,0.2898,0.2898,0,0.001,0.329248,0.329248,0,00-0033856
James Conner,2022,3,21,7,13.5,0.034,25.760807,8.586936,16.560519,00-0033553
Austin Ekeler,2020,4,24.5,6.125,15,0.031,31.570636,7.892659,19.328961,00-0033699
Kareem Hunt,2023,1,1.35,1.35,0.5,0.006,1.533763,1.533763,0.56806,00-0033923
Kenyan Drake,2023,1,1.3175,1.3175,0.1525,0.006,1.496839,1.496839,0.173258,00-0033118
Chase Edmonds,2023,1,1.2325,1.2325,0,0.005,1.400269,1.400269,0,00-0034681
Tarik Cohen,2023,1,0.2898,0.2898,0,0.001,0.329248,0.329248,0,NA
Chris Carson,2021,2,10.425,5.2125,5.5,0.029,14.589288,7.294644,7.696986,00-0033594
Miles Sanders,2023,4,25.4,6.35,13,0.028,28.857473,7.214368,14.769573,00-0035243
Dion Lewis,2018,4,19.8,4.95,8.25,0.028,28.537923,7.134481,11.890801,00-0028087
Rashaad Penny,2023,1,1.35,1.35,0.6,0.006,1.533763,1.533763,0.681673,00-0034750
David Johnson,2022,1,1.035,1.035,0,0.005,1.26964,1.26964,0,00-0032187
David Montgomery,2023,3,18,6,8.75,0.027,20.450178,6.816726,9.941059,00-0035685
Mark Ingram,2021,1,2.5,2.5,0.5,0.014,3.49863,3.49863,0.699726,00-0027966
Cordarrelle Patterson,2022,2,10.5,5.25,5,0.025,12.880403,6.440202,6.133525,00-0030578
Jordan Howard,2022,1,0.306,0.306,0,0.001,0.375372,0.375372,0,00-0032780
Bijan Robinson,2023,4,21.958544,5.489636,21.958544,0.024,24.947563,6.236891,24.947563,00-0038542
Gus Edwards,2023,1,3.384,3.384,2.3,0.015,3.844633,3.844633,2.613078,00-0034184
Jahmyr Gibbs,2023,4,17.845138,4.461285,17.845138,0.02,20.274236,5.06856,20.274236,00-0039139
Latavius Murray,2023,1,1.3175,1.3175,0.8025,0.006,1.496839,1.496839,0.911737,00-0030513
Najee Harris,2021,4,13.047444,3.261861,13.047444,0.018,18.259272,4.564818,18.259272,00-0036893
Phillip Lindsay,2022,1,1.135,1.135,0.025,0.005,1.39231,1.39231,0.030668,00-0034109
Jamaal Williams,2023,3,12,4,8.15,0.018,13.633452,4.544484,9.259386,00-0033948
Travis Etienne,2021,4,12.898112,3.224528,12.898112,0.018,18.050289,4.512572,18.050289,00-0036973
Jalen Richard,2020,2,7,3.5,4.5,0.018,9.020182,4.510091,5.798688,00-0033025
J.D. McKissic,2022,2,7,3.5,3.645,0.017,8.586936,4.293468,4.47134,00-0032602
Samaje Perine,2023,2,7.5,3.75,3,0.017,8.520907,4.260454,3.408363,00-0033526
Alexander Mattison,2023,2,7,3.5,6.35,0.016,7.952847,3.976423,7.214368,00-0034972
Raheem Mostert,2023,2,5.6,2.8,2.2,0.012,6.362278,3.181139,2.499466,00-0031687
Mike Davis,2022,1,1.2725,1.2725,0.1525,0.006,1.560982,1.560982,0.187073,00-0032063
Devontae Booker,2021,2,5.5,2.75,2,0.015,7.696986,3.848493,2.798904,00-0032972
Rex Burkhead,2021,1,2.5,2.5,2.1,0.014,3.49863,3.49863,2.938849,00-0030288
Clyde Edwards-Helaire,2020,4,10.821576,2.705394,9.95585,0.014,13.944654,3.486164,12.829082,00-0036360
Sony Michel,2023,1,1.08,1.08,0,0.005,1.227011,1.227011,0,00-0034845
James White,2022,2,5,2.5,0.5,0.012,6.133525,3.066763,0.613353,00-0031062
Jeff Wilson,2023,2,6,3,2.645,0.013,6.816726,3.408363,3.00504,00-0034115
Carlos Hyde,2021,2,4.5,2.25,1.4,0.012,6.297534,3.148767,1.959233,00-0031045
Devin Singletary,2023,1,2.75,2.75,2.5,0.012,3.124333,3.124333,2.840302,00-0035250
Javonte Williams,2021,4,8.865754,2.216439,6.718251,0.012,12.407198,3.1018,9.40187,00-0036997
Brandon Bolden,2022,2,5.01,2.505,2.375,0.012,6.145793,3.072896,2.913425,00-0029239
D'Ernest Johnson,2023,1,1.2325,1.2325,0.25,0.005,1.400269,1.400269,0.28403,00-0035628
Marlon Mack,2023,1,1.08,1.08,0,0.005,1.227011,1.227011,0,00-0033951
Breece Hall,2022,4,9.014768,2.253692,7.080482,0.011,11.058462,2.764615,8.685663,00-0038120
D'Andre Swift,2020,4,8.538918,2.13473,6.306374,0.011,11.003227,2.750807,8.126377,00-0036275
Mike Boone,2023,2,3.1,1.55,0.3,0.007,3.521975,1.760988,0.340836,00-0034208
Kenneth Walker III,2022,4,8.44158,2.110395,6.14404,0.01,10.355329,2.588832,7.536925,00-0038134
Justice Hill,2023,2,4.51,2.255,1.25,0.01,5.123906,2.561953,1.420151,00-0034975
Ronald Jones II,2023,1,1.2325,1.2325,0.3025,0.005,1.400269,1.400269,0.343677,00-0034816
D'Onta Foreman,2023,1,2,2,1,0.009,2.272242,2.272242,1.136121,00-0033925
Taiwan Jones,2023,1,0.387044,0.387044,0,0.002,0.439729,0.439729,0,00-0028063
Malcolm Brown,2022,1,1.1875,1.1875,0.0765,0.006,1.456712,1.456712,0.093843,00-0031806
Kerryon Johnson,2021,1,0.92,0.92,0,0.005,1.287496,1.287496,0,NA
James Robinson,2023,2,4,2,0.15,0.009,4.544484,2.272242,0.170418,00-0035831
Boston Scott,2023,1,2,2,1.08,0.009,2.272242,2.272242,1.227011,00-0034414
Travis Homer,2023,2,4,2,1.75,0.009,4.544484,2.272242,1.988212,00-0035594
Darrel Williams,2023,1,1.08,1.08,0,0.005,1.227011,1.227011,0,00-0034301
Ty Montgomery,2023,1,1.7,1.7,0,0.008,1.931406,1.931406,0,00-0032200
Damien Williams,2023,1,1.165,1.165,0,0.005,1.323581,1.323581,0,00-0030874
Buddy Howell,2021,1,1.5,1.5,0.2,0.008,2.099178,2.099178,0.27989,00-0034449
Damien Harris,2023,1,1.77,1.77,1,0.008,2.010934,2.010934,1.136121,00-0035657
Cam Akers,2020,4,6.173042,1.543261,3.550077,0.008,7.954566,1.988642,4.57462,00-0036414
Ameer Abdullah,2023,1,1.75,1.75,0.5,0.008,1.988212,1.988212,0.56806,00-0032104
Zach Charbonnet,2023,4,6.876078,1.71902,3.813333,0.008,7.812057,1.953015,4.332408,00-0039165
Antonio Williams,2022,2,1.585,1.585,0.01,0.008,1.944328,1.944328,0.012267,NA
Peyton Barber,2021,1,0.99,0.99,0,0.005,1.385458,1.385458,0,00-0032741
J.K. Dobbins,2020,4,5.729438,1.43236,3.207293,0.007,7.382939,1.845735,4.132909,00-0036158
Dare Ogunbowale,2022,1,3,1.5,0.55,0.007,3.680115,1.840058,0.674688,00-0033854
Tevin Coleman,2022,1,1.5,1.5,0.65,0.007,1.840058,1.840058,0.797358,00-0032058
James Cook,2022,4,5.832064,1.458016,3.096594,0.007,7.154223,1.788556,3.798608,00-0037248
Trey Sermon,2023,1,0.94,0.94,0,0.004,1.067954,1.067954,0,00-0036984
A.J. Dillon,2020,4,5.28583,1.321458,2.76024,0.007,6.811307,1.702827,3.556838,00-0036265
Giovani Bernard,2022,1,1.2725,1.2725,0.895,0.006,1.560982,1.560982,1.097901,00-0030456
Lamar Miller,2021,1,1.2125,1.2125,0.1375,0.007,1.696836,1.696836,0.192425,00-0029615
Josh Adams,2022,1,1.035,1.035,0,0.005,1.26964,1.26964,0,00-0034457
JaMycal Hasty,2023,2,2.9,1.45,0.3,0.006,3.294751,1.647375,0.340836,00-0035806
Salvon Ahmed,2023,1,1.45,1.45,0.3,0.006,1.647375,1.647375,0.340836,00-0036020
Theo Riddick,2021,1,1.175,1.175,0.05,0.006,1.644356,1.644356,0.069973,00-0030107
Derrius Guice,2018,4,4.541936,1.135484,2.473224,0.006,6.546334,1.636584,3.564681,00-0034358
Kendre Miller,2023,4,5.654312,1.413578,1.112228,0.006,6.423983,1.605996,1.263626,00-0038551
Matt Breida,2023,1,1.4,1.4,0.5,0.006,1.590569,1.590569,0.56806,00-0033308
Antonio Gibson,2020,4,4.932638,1.23316,1.147372,0.006,6.356184,1.589047,1.478501,00-0036328
Dwayne Washington,2023,1,1.165,1.165,0,0.005,1.323581,1.323581,0,00-0032450
Rachaad White,2022,4,5.13,1.2825,0.910908,0.006,6.292997,1.573249,1.117415,00-0037256
Dontrell Hilliard,2022,1,1.1875,1.1875,0.1525,0.006,1.456712,1.456712,0.187073,00-0034253
Tyrion Davis-Price,2023,1,0.216,0.216,0,0.001,0.245402,0.245402,0,00-0037827
Duke Johnson,2022,1,1.2725,1.2725,0.3775,0.006,1.560982,1.560982,0.463081,00-0032257
Tyjae Spears,2023,4,5.490602,1.372651,0.993164,0.006,6.237988,1.559498,1.128354,00-0039032
Brian Robinson Jr.,2022,4,5.044904,1.261226,0.84902,0.006,6.188609,1.547152,1.041497,00-0037746
Devon Achane,2023,4,5.43745,1.359363,0.954508,0.006,6.177601,1.544401,1.084437,00-0039040
Tank Bigsby,2023,4,5.392918,1.34823,0.92212,0.006,6.127007,1.531752,1.04764,00-0038555
Ke'Shawn Vaughn,2023,1,0.2898,0.2898,0,0.001,0.329248,0.329248,0,00-0036450
Alfred Morris,2021,1,1.075,1.075,0,0.006,1.504411,1.504411,0,00-0029141
Adrian Peterson,2021,1,1.075,1.075,0,0.006,1.504411,1.504411,0,00-0025394
Michael Carter,2021,4,4.28736,1.07184,0.80736,0.006,5.999955,1.499989,1.129862,00-0036924
Jonathan Williams,2023,1,1.3175,1.3175,0.1525,0.006,1.496839,1.496839,0.173258,00-0032975
Lynn Bowden,2023,1,0.87,0.87,0,0.004,0.988425,0.988425,0,00-0036364
Kene Nwangwu,2021,4,4.232796,1.058199,0.752796,0.006,5.923595,1.480899,1.053502,00-0036842
Rhamondre Stevenson,2021,4,4.22906,1.057265,0.74906,0.006,5.918367,1.479592,1.048274,00-0036875
Chuba Hubbard,2021,4,4.193172,1.04829,0.713172,0.006,5.868143,1.467032,0.99805,00-0036555
Zack Moss,2020,4,4.522081,1.13052,0.91442,0.006,5.827142,1.456785,1.178319,00-0036251
Trenton Cannon,2022,1,1.1875,1.1875,0.125,0.006,1.456712,1.456712,0.153338,00-0034164
Royce Freeman,2023,1,1.08,1.08,0,0.005,1.227011,1.227011,0,00-0034838
Elijhaa Penny,2020,2,2.25,1.125,0.335,0.006,2.899344,1.449672,0.43168,00-0032813
Darrynton Evans,2023,1,0.94,0.94,0,0.004,1.067954,1.067954,0,00-0036297
Darrell Henderson,2023,1,1.08,1.08,0,0.005,1.227011,1.227011,0,00-0035664
Trayveon Williams,2023,1,1.2325,1.2325,0.0525,0.005,1.400269,1.400269,0.059646,00-0035291
Myles Gaskin,2023,1,1.2325,1.2325,0,0.005,1.400269,1.400269,0,00-0035311
Ty Johnson,2023,1,1.2325,1.2325,0.25,0.005,1.400269,1.400269,0.28403,00-0035537
Wayne Gallman,2022,1,0.2772,0.2772,0,0.001,0.340043,0.340043,0,00-0033950
Troymaine Pope,2021,1,0.99,0.99,0,0.005,1.385458,1.385458,0,00-0033164
Corey Clement,2023,1,1.08,1.08,0,0.005,1.227011,1.227011,0,00-0033725
Trey Edmunds,2022,1,1.035,1.035,0,0.005,1.26964,1.26964,0,00-0033838
Brian Hill,2023,1,1.08,1.08,0,0.005,1.227011,1.227011,0,00-0033567
Alex Collins,2021,1,0.99,0.99,0,0.005,1.385458,1.385458,0,00-0032426
Rod Smith,2021,1,0.99,0.99,0,0.005,1.385458,1.385458,0,00-0031900
C.J. Prosise,2021,1,0.99,0.99,0,0.005,1.385458,1.385458,0,00-0032393
Dameon Pierce,2022,4,4.500432,1.125108,0.815432,0.005,5.520703,1.380176,1.000295,00-0037258
Kenjon Barner,2022,1,1.12,1.12,0,0.005,1.37391,1.37391,0,00-0030465
Zamir White,2022,4,4.403924,1.100981,0.743924,0.005,5.402316,1.350579,0.912575,00-0038040
Isaiah Spiller,2022,4,4.396952,1.099238,0.736952,0.005,5.393763,1.348441,0.904023,00-0038045
Pierre Strong Jr.,2022,4,4.373428,1.093357,0.713428,0.005,5.364906,1.341227,0.875166,00-0038098
Craig Reynolds,2023,1,1.08,1.08,0,0.005,1.227011,1.227011,0,00-0035567
Kenneth Gainwell,2021,4,3.815524,0.953881,0.335524,0.005,5.339643,1.334911,0.46955,00-0036919
Hassan Haskins,2022,4,4.352208,1.088052,0.692208,0.005,5.338876,1.334719,0.849135,00-0037617
Joshua Kelley,2020,4,4.075344,1.018836,0.780344,0.005,5.251478,1.312869,1.005549,00-0036370
Roschon Johnson,2023,4,4.608688,1.152172,0.768688,0.005,5.236027,1.309007,0.873323,00-0039021
La'Mical Perine,2023,2,1.995,0.9975,0,0.004,2.266561,1.133281,0,00-0036269
Avery Williams,2021,4,3.720152,0.930038,0.240152,0.005,5.206174,1.301544,0.336081,00-0036950
"Anthony McFarland, Jr.",2023,1,0.94,0.94,0,0.004,1.067954,1.067954,0,00-0036336
Kalen Ballage,2021,1,0.92,0.92,0,0.005,1.287496,1.287496,0,00-0034799
Paul Perkins,2021,1,0.92,0.92,0,0.005,1.287496,1.287496,0,00-0032417
Ito Smith,2022,2,2.045,1.0225,0,0.005,2.508612,1.254306,0,00-0034378
Elijah Mitchell,2021,4,3.663572,0.915893,0.183572,0.005,5.126993,1.281748,0.2569,00-0036567
Gary Brightwell,2021,4,3.658872,0.914718,0.178872,0.005,5.120416,1.280104,0.250323,00-0036569
Larry Rountree III,2023,1,0.94,0.94,0,0.004,1.067954,1.067954,0,00-0036650
Chris Evans,2021,4,3.652888,0.913222,0.172888,0.005,5.112042,1.27801,0.241948,00-0036857
Demetric Felton,2023,1,0.216,0.216,0,0.001,0.245402,0.245402,0,00-0036654
Ryquell Armstead,2021,2,1.815,0.9075,0,0.005,2.540005,1.270003,0,00-0035268
John Kelly,2023,1,1.01,1.01,0,0.004,1.147482,1.147482,0,00-0034808
Jaylen Samuels,2022,1,1.035,1.035,0,0.005,1.26964,1.26964,0,00-0034331
Jeremy McNichols,2023,1,1.08,1.08,0,0.005,1.227011,1.227011,0,00-0033955
Justin Jackson,2023,1,1.08,1.08,0,0.005,1.227011,1.227011,0,00-0034440
Jordan Wilkins,2023,1,1.08,1.08,0,0.005,1.227011,1.227011,0,00-0034400
Khalil Herbert,2021,4,3.610704,0.902676,0.130704,0.005,5.053007,1.263252,0.182914,00-0036906
Jake Funk,2023,1,0.94,0.94,0,0.004,1.067954,1.067954,0,00-0036860
Gerrid Doaks,2023,2,1.665,0.8325,0,0.004,1.891641,0.945821,0,00-0036578
Kylin Hill,2021,4,3.559064,0.889766,0.079064,0.005,4.980739,1.245185,0.110646,00-0036669
Jermar Jefferson,2023,1,0.87,0.87,0,0.004,0.988425,0.988425,0,00-0036670
Devine Ozigbo,2023,1,1.08,1.08,0,0.005,1.227011,1.227011,0,00-0035184
Qadree Ollison,2023,1,1.08,1.08,0,0.005,1.227011,1.227011,0,00-0035273
Benjamin Snell Jr.,2023,1,1.08,1.08,0,0.005,1.227011,1.227011,0,00-0035217
Tyler Allgeier,2022,4,3.993888,0.998472,0.333888,0.005,4.899323,1.224831,0.409582,00-0037263
Snoop Conner,2023,1,0.216,0.216,0,0.001,0.245402,0.245402,0,00-0037265
Jerome Ford,2022,4,3.982148,0.995537,0.322148,0.005,4.884921,1.22123,0.395181,00-0037267
DeeJay Dallas,2020,4,3.7894,0.94735,0.4944,0.005,4.883011,1.220753,0.637083,00-0036425
Kyren Williams,2022,4,3.970408,0.992602,0.310408,0.005,4.87052,1.21763,0.380779,00-0037840
Ty Chandler,2022,4,3.958844,0.989711,0.298844,0.005,4.856334,1.214084,0.366593,00-0037276
Jason Huntley,2023,1,0.87,0.87,0,0.004,0.988425,0.988425,0,00-0036278
Taquan Mizzell,2021,1,0.8535,0.8535,0.0035,0.005,1.194432,1.194432,0.004898,00-0033373
Bo Scarbrough,2021,1,0.85,0.85,0,0.005,1.189534,1.189534,0,00-0034432
Elijah McGuire,2021,1,0.85,0.85,0,0.005,1.189534,1.189534,0,00-0033295
Dexter Williams,2022,1,0.895,0.895,0,0.004,1.097901,1.097901,0,00-0034995
Patrick Laird,2023,1,1.01,1.01,0,0.004,1.147482,1.147482,0,00-0035342
Darius Jackson,2021,1,0.85,0.85,0,0.005,1.189534,1.189534,0,00-0033049
Ryan Nall,2022,1,0.965,0.965,0,0.005,1.18377,1.18377,0,00-0034597
Israel Abanikanda,2023,4,4.17638,1.044095,0.33638,0.005,4.744873,1.186218,0.382168,00-0038389
Kevin Harris,2023,2,1.855,0.9275,0,0.004,2.107504,1.053752,0,00-0037286
Rico Dowdle,2023,1,1.04,1.04,0.1,0.005,1.181566,1.181566,0.113612,00-0036139
Tyler Badie,2023,1,0.245667,0.245667,0,0.001,0.279107,0.279107,0,00-0037085
Keaontay Ingram,2023,1,0.216,0.216,0,0.001,0.245402,0.245402,0,00-0037299
Trestan Ebner,2022,4,3.825936,0.956484,0.165936,0.005,4.693295,1.173324,0.203555,00-0037087
Austin Walter,2023,1,0.94,0.94,0,0.004,1.067954,1.067954,0,00-0035187
Jeremy Cox,2021,2,1.675,0.8375,0,0.005,2.344082,1.172041,0,00-0035427
Jordan Scarlett,2021,2,1.675,0.8375,0,0.005,2.344082,1.172041,0,00-0035275
Chase Brown,2023,4,4.126156,1.031539,0.286156,0.005,4.687812,1.171953,0.325108,00-0038597
Jonathan Ward,2023,1,1.01,1.01,0,0.004,1.147482,1.147482,0,00-0035924
Eric Gray,2023,4,4.08498,1.021245,0.24498,0.005,4.641032,1.160258,0.278327,00-0038396
Evan Hull,2023,4,4.08498,1.021245,0.24498,0.005,4.641032,1.160258,0.278327,00-0038397
Deon Jackson,2023,1,0.94,0.94,0,0.004,1.067954,1.067954,0,00-0036493
Jaret Patterson,2023,1,0.216,0.216,0,0.001,0.245402,0.245402,0,00-0036755
Brittain Brown,2022,4,3.739856,0.934964,0.079856,0.004,4.5877,1.146925,0.09796,00-0037329
Isiah Pacheco,2022,4,3.739108,0.934777,0.079108,0.004,4.586783,1.146696,0.097042,00-0037197
Zander Horvath,2023,1,0.216,0.216,0,0.001,0.245402,0.245402,0,00-0037331
Chris Rodriguez Jr.,2023,4,4.017692,1.004423,0.177692,0.004,4.564584,1.141146,0.20188,00-0038611
Pooka Williams Jr.,2022,1,0.705,0.705,0,0.003,0.864827,0.864827,0,NA
Asim Rose,2022,1,0.705,0.705,0,0.003,0.864827,0.864827,0,NA
Garrett Groshek,2021,3,2.44,0.813333,0.065,0.004,3.414663,1.138221,0.090964,NA
Spencer Brown,2023,1,0.75,0.75,0,0.003,0.852091,0.852091,0,00-0036543
Josh Johnson,2021,3,2.435,0.811667,0.01,0.004,3.407666,1.135889,0.013995,00-0036799
Nate McCrary,2023,1,0.87,0.87,0,0.004,0.988425,0.988425,0,00-0036582
Dedrick Mills,2021,3,2.435,0.811667,0.025,0.004,3.407666,1.135889,0.034986,NA
Stevie Scott III,2023,1,0.75,0.75,0,0.003,0.852091,0.852091,0,00-0036548
Rakeem Boyd,2021,3,2.43,0.81,0.005,0.004,3.400668,1.133556,0.006997,NA
Javian Hawkins,2022,1,0.705,0.705,0,0.003,0.864827,0.864827,0,NA
Caleb Huntley,2022,2,1.575,0.7875,0,0.004,1.932061,0.96603,0,00-0036829
Mekhi Sargent,2023,1,0.87,0.87,0,0.004,0.988425,0.988425,0,00-0036698
JaQuan Hardy,2022,2,1.765,0.8825,0,0.004,2.165134,1.082567,0,00-0036768
Brenden Knox,2022,1,0.705,0.705,0,0.003,0.864827,0.864827,0,NA
Trey Ragas,2022,1,0.825,0.825,0,0.004,1.012032,1.012032,0,00-0036523
Mark Walton,2018,4,3.145348,0.786337,0.685348,0.004,4.533419,1.133355,0.987798,00-0034679
CJ Marable,2023,1,0.75,0.75,0,0.003,0.852091,0.852091,0,00-0036706
BJ Emmons,2022,1,0.705,0.705,0,0.003,0.864827,0.864827,0,NA
Tre Harbison III,2021,3,2.425,0.808333,0,0.004,3.393671,1.131223,0,NA
Darius Clark,2021,3,2.425,0.808333,0,0.004,3.393671,1.131223,0,NA
Corey Taylor,2021,3,2.425,0.808333,0,0.004,3.393671,1.131223,0,NA
Otis Anderson,2021,3,2.425,0.808333,0,0.004,3.393671,1.131223,0,NA
Deuce Vaughn,2023,4,3.973332,0.993333,0.133332,0.004,4.514186,1.128546,0.151481,00-0038622
Zach Evans,2023,4,3.973332,0.993333,0.133332,0.004,4.514186,1.128546,0.151481,00-0039136
DeWayne McBride,2023,4,3.950404,0.987601,0.110404,0.004,4.488137,1.122034,0.125432,00-0039046
Lew Nichols III,2023,4,3.936336,0.984084,0.096336,0.004,4.472154,1.118038,0.109449,NA
Kenny McIntosh,2023,4,3.930852,0.982646,0.090852,0.004,4.465923,1.116405,0.103219,00-0038636
Bryce Love,2019,4,3.274332,0.818583,0.754332,0.004,4.443488,1.110872,1.023679,00-0035256
Reggie Bonnafon,2022,1,0.895,0.895,0,0.004,1.097901,1.097901,0,00-0034578
J.J. Taylor,2023,1,0.94,0.94,0,0.004,1.067954,1.067954,0,00-0036096
Nathan Cottrell,2022,1,0.895,0.895,0,0.004,1.097901,1.097901,0,NA
Godwin Igwebuike,2023,1,1.01,1.01,0,0.004,1.147482,1.147482,0,00-0034614
Darwin Thompson,2023,1,0.94,0.94,0,0.004,1.067954,1.067954,0,00-0035148
Eno Benjamin,2020,4,3.397716,0.849429,0.102716,0.004,4.378288,1.094572,0.13236,00-0036383
Kerrith Whyte,2021,1,0.78,0.78,0,0.004,1.091573,1.091573,0,00-0035596
Tony Brooks-James,2021,1,0.78,0.78,0,0.004,1.091573,1.091573,0,00-0035551
Raymond Calais,2020,4,3.3715,0.842875,0.0765,0.004,4.344506,1.086127,0.098578,00-0036435
Patrick Taylor,2023,1,0.94,0.94,0,0.004,1.067954,1.067954,0,00-0035973
Damarea Crockett,2023,1,0.87,0.87,0,0.004,0.988425,0.988425,0,00-0035448
Tony Jones,2023,1,0.94,0.94,0,0.004,1.067954,1.067954,0,00-0035860
Zonovan Knight,2023,1,0.87,0.87,0,0.004,0.988425,0.988425,0,00-0037157
D'vonte Price,2022,3,2.585,0.861667,0.1,0.004,3.171033,1.057011,0.122671,NA
Adrian Killins,2021,2,1.5102,0.7551,0.0252,0.004,2.113452,1.056726,0.035266,00-0036000
Jacques Patrick,2023,1,1.855,0.9275,0,0.004,2.107504,1.053752,0,00-0035760
Mataeo Durant,2022,3,2.575,0.858333,0.015,0.004,3.158766,1.052921,0.018401,NA
Bryant Koback,2023,1,0.75,0.75,0,0.003,0.852091,0.852091,0,00-0037495
C.J. Verdell,2022,3,2.575,0.858333,0.025,0.004,3.158766,1.052921,0.030668,NA
Raheem Blackshear,2022,3,2.575,0.858333,0.015,0.004,3.158766,1.052921,0.018401,00-0037429
Abram Smith,2023,1,0.75,0.75,0,0.003,0.852091,0.852091,0,00-0037546
Greg Bell,2023,1,0.75,0.75,0,0.003,0.852091,0.852091,0,00-0037437
Jaylen Warren,2022,3,2.572,0.857333,0.012,0.004,3.155085,1.051695,0.01472,00-0037228
Kennedy Brooks,2023,1,0.75,0.75,0,0.003,0.852091,0.852091,0,00-0037131
Jerrion Ealy,2023,1,0.75,0.75,0,0.003,0.852091,0.852091,0,00-0037210
John Lovett,2023,1,0.75,0.75,0,0.003,0.852091,0.852091,0,00-0037234
Jashaun Corbin,2023,2,1.665,0.8325,0,0.004,1.891641,0.945821,0,00-0037410
Malik Davis,2023,1,0.324999,0.324999,0,0.001,0.369238,0.369238,0,00-0037563
ZaQuandre White,2022,3,2.57,0.856667,0.03,0.004,3.152632,1.050878,0.036801,NA
Ronnie Rivers,2022,3,2.569,0.856333,0.009,0.004,3.151405,1.050468,0.01104,00-0037557
Tyler Goodson,2023,2,1.665,0.8325,0,0.004,1.891641,0.945821,0,00-0037120
BJ Baylor,2023,1,0.75,0.75,0,0.003,0.852091,0.852091,0,NA
Leddie Brown,2022,3,2.5675,0.855833,0.0075,0.004,3.149565,1.049855,0.0092,NA
Julius Chestnut,2022,3,2.5675,0.855833,0.0325,0.004,3.149565,1.049855,0.039868,00-0037594
Master Teague,2023,1,0.75,0.75,0,0.003,0.852091,0.852091,0,NA
Ricky Person Jr.,2022,3,2.565,0.855,0.005,0.004,3.146499,1.048833,0.006134,NA
Aaron Shampklin,2023,1,0.75,0.75,0,0.003,0.852091,0.852091,0,00-0037609
Kevin Marks Jr.,2022,3,2.564,0.854667,0.004,0.004,3.145272,1.048424,0.004907,NA
Tayon Fleet-Davis,2022,3,2.5635,0.8545,0.0035,0.004,3.144659,1.04822,0.004293,NA
Shermari Jones,2022,3,2.5625,0.854167,0.0025,0.004,3.143432,1.047811,0.003067,NA
Max Borghi,2022,3,2.561,0.853667,0.001,0.004,3.141592,1.047198,0.001227,NA
De'Montre Tuggle,2022,3,2.56,0.853333,0,0.004,3.140365,1.046788,0,NA
Jordan Mason,2022,3,2.56,0.853333,0.04,0.004,3.140365,1.046788,0.049068,00-0037525
TJ Pledger,2022,3,2.56,0.853333,0,0.004,3.140365,1.046788,0,NA
DeAndre Torrey,2022,3,2.56,0.853333,0,0.004,3.140365,1.046788,0,NA
Sincere McCormick,2023,1,0.216,0.216,0,0.001,0.245402,0.245402,0,00-0037509
Ty Williams,2022,2,1.695,0.8475,0,0.004,2.079265,1.039633,0,00-0036457
Pete Guerriero,2021,2,1.485,0.7425,0,0.004,2.078186,1.039093,0,NA
Tavien Feaster,2021,2,1.485,0.7425,0,0.004,2.078186,1.039093,0,NA
Johnny Stanton,2022,1,0.825,0.825,0,0.004,1.012032,1.012032,0,00-0034311
Elijah Holyfield,2022,1,0.705,0.705,0,0.003,0.864827,0.864827,0,00-0035442
Darius Bradwell,2022,1,0.705,0.705,0,0.003,0.864827,0.864827,0,00-0035898
Christian Wade,2021,2,1.485,0.7425,0,0.004,2.078186,1.039093,0,NA
Xazavian Valladay,2023,3,2.725,0.908333,0.175,0.004,3.09593,1.031976,0.198821,NA
Deneric Prince,2023,3,2.715,0.905,0.236,0.004,3.084569,1.02819,0.268125,00-0038518
Hunter Luepke,2023,3,2.715,0.905,0.2,0.004,3.084569,1.02819,0.227224,00-0038738
Darius Hagans,2023,3,2.715,0.905,0.02,0.004,3.084569,1.02819,0.022722,00-0038433
Keaton Mitchell,2023,3,2.713,0.904333,0.073,0.004,3.082296,1.027432,0.082937,00-0038454
Camerun Peoples,2023,3,2.71,0.903333,0.045,0.004,3.078888,1.026296,0.051125,00-0038777
Jaleel McLaughlin,2023,3,2.71,0.903333,0.055,0.004,3.078888,1.026296,0.062487,00-0038794
Emanuel Wilson,2023,3,2.71,0.903333,0.045,0.004,3.078888,1.026296,0.051125,00-0038797
Emari Demercado,2023,3,2.71,0.903333,0.07,0.004,3.078888,1.026296,0.079528,00-0038705
Hassan Hall,2023,3,2.71,0.903333,0.125,0.004,3.078888,1.026296,0.142015,00-0038714
Jordan Mims,2023,3,2.707,0.902333,0.012,0.004,3.07548,1.025159,0.013633,00-0038678
Tiyon Evans,2023,3,2.705,0.901667,0.01,0.004,3.073207,1.024403,0.011361,NA
Khalan Laborn,2023,3,2.705,0.901667,0.04,0.004,3.073207,1.024403,0.045445,00-0038878
SaRodorick Thompson,2023,3,2.705,0.901667,0.035,0.004,3.073207,1.024403,0.039764,00-0038910
Jacob Salyors,2023,3,2.705,0.901667,0.01,0.004,3.073207,1.024403,0.011361,00-0038896
Travis Dye,2023,3,2.7025,0.900833,0.0625,0.004,3.070367,1.023455,0.071008,00-0038495
Elijah Dotson,2023,3,2.702,0.900667,0.007,0.004,3.069799,1.023267,0.007953,00-0038862
Chris Smith,2023,3,2.7015,0.9005,0.0065,0.004,3.069231,1.023077,0.007385,NA
Carlos Washington Jr.,2023,3,2.7,0.9,0.005,0.004,3.067527,1.022509,0.005681,00-0038930
Calvin Tyler,2023,3,2.7,0.9,0.005,0.004,3.067527,1.022509,0.005681,00-0038898
Charles McClelland,2023,3,2.7,0.9,0.01,0.004,3.067527,1.022509,0.011361,NA
Sean Tucker,2023,3,2.7,0.9,0.155,0.004,3.067527,1.022509,0.176099,00-0038951
Mohamed Ibrahim,2023,3,2.7,0.9,0.1,0.004,3.067527,1.022509,0.113612,00-0038656
Tyler Hoosman,2023,3,2.698,0.899333,0.003,0.004,3.065254,1.021751,0.003408,00-0038867
Titus Swen,2023,3,2.698,0.899333,0.003,0.004,3.065254,1.021751,0.003408,NA
Isaiah Bowser,2023,3,2.6975,0.899167,0.0025,0.004,3.064686,1.021563,0.00284,NA
Christopher Brooks,2023,3,2.697,0.899,0.02,0.004,3.064118,1.021373,0.022722,00-0038685
Ronald Awatt,2023,3,2.697,0.899,0.007,0.004,3.064118,1.021373,0.007953,NA
Owen Wright,2023,3,2.697,0.899,0.002,0.004,3.064118,1.021373,0.002272,00-0038458
Ronnie Brown,2023,3,2.696,0.898667,0.001,0.004,3.062982,1.020994,0.001136,00-0038816
Clint Ratkovich,2023,3,2.695,0.898333,0,0.004,3.061846,1.020615,0,00-0038156
Clinton Toriano,2023,1,2.695,0.898333,0,0.004,3.061846,1.020615,0,NA
Alfonzo Graham,2023,3,2.695,0.898333,0,0.004,3.061846,1.020615,0,NA
Ellis Merriweather,2023,3,2.695,0.898333,0,0.004,3.061846,1.020615,0,00-0038965
Aaron Dykes,2023,3,2.695,0.898333,0,0.004,3.061846,1.020615,0,NA
Wayne Taulapapa,2023,3,2.695,0.898333,0,0.004,3.061846,1.020615,0,00-0039170
Derrick Gore,2023,1,0.87,0.87,0,0.004,0.988425,0.988425,0,00-0035715
LeVante Bellamy,2020,3,2.315,0.771667,0.065,0.004,2.983103,0.994368,0.083759,00-0035912
Rodney Smith,2021,1,0.2272,0.2272,0,0.001,0.317956,0.317956,0,00-0035957
Javon Leake,2021,1,0.66,0.66,0,0.004,0.923638,0.923638,0,00-0035868
Darius Anderson,2022,1,0.705,0.705,0,0.003,0.864827,0.864827,0,NA
Scottie Phillips,2020,3,2.295,0.765,0.01,0.004,2.957331,0.985777,0.012886,00-0036069
Xavier Jones,2020,3,2.294,0.764667,0.009,0.004,2.956042,0.985348,0.011597,00-0036078
Anthony Jones,2020,3,2.2925,0.764167,0.0075,0.004,2.954109,0.984704,0.009664,NA
Michael Warren,2021,1,0.66,0.66,0,0.004,0.923638,0.923638,0,00-0036006
Artavis Pierce,2021,1,0.1656,0.1656,0,0.001,0.231749,0.231749,0,00-0036208
Cameron Scarlett,2021,1,0.66,0.66,0,0.004,0.923638,0.923638,0,00-0036179
Devwah Whaley,2020,3,2.29,0.763333,0.005,0.004,2.950888,0.983629,0.006443,NA
Brian Herrien,2020,3,2.29,0.763333,0.04,0.004,2.950888,0.983629,0.051544,NA
Benny LeMay,2021,1,0.66,0.66,0,0.004,0.923638,0.923638,0,00-0036117
Bronson Rechsteiner,2020,3,2.288,0.762667,0.005,0.004,2.948311,0.982771,0.006443,NA
Mikey Daniel,2021,1,0.66,0.66,0,0.004,0.923638,0.923638,0,00-0035793
James Gilbert,2020,3,2.287,0.762333,0.002,0.004,2.947022,0.98234,0.002577,NA
Napoleon Maxwell,2020,3,2.2865,0.762167,0.0015,0.004,2.946378,0.982126,0.001933,NA
Patrick Carr,2020,3,2.286,0.762,0.001,0.004,2.945734,0.981911,0.001289,00-0036054
Sandro Platzgummer,2022,1,0.705,0.705,0,0.003,0.864827,0.864827,0,NA
Bobby Holly,2020,3,2.285,0.761667,0,0.004,2.944445,0.981482,0,00-0035905
Mike Weber,2021,1,0.66,0.66,0,0.004,0.923638,0.923638,0,00-0035303
Khalfani Muhammad,2021,1,0.66,0.66,0,0.004,0.923638,0.923638,0,00-0033797
Tyler Gaffney,2021,1,0.66,0.66,0,0.004,0.923638,0.923638,0,00-0031190
Jordan Chunn,2021,1,0.66,0.66,0,0.004,0.923638,0.923638,0,00-0034551
David Williams,2018,4,2.55398,0.638495,0.09398,0.004,3.681075,0.920269,0.135454,00-0034427
Dalyn Dawkins,2020,2,1.41,0.705,0,0.004,1.816922,0.908461,0,00-0034654
Rodney Anderson,2019,4,2.64784,0.66196,0.12784,0.004,3.593296,0.898324,0.173487,00-0035299
Matthew Colburn,2022,1,0.705,0.705,0,0.003,0.864827,0.864827,0,NA
Tyreik McAllister,2023,1,0.75,0.75,0,0.003,0.852091,0.852091,0,00-0037450
Jon Hilliman,2020,2,1.267,0.6335,0.007,0.003,1.632653,0.816326,0.00902,00-0035013
William Stanback,2020,2,1.26,0.63,0.1,0.003,1.623633,0.811816,0.12886,00-0033508
Shaun Wilson,2020,2,1.26,0.63,0,0.003,1.623633,0.811816,0,00-0034621
Nico Evans,2019,3,1.767,0.589,0.012,0.003,2.397937,0.799312,0.016285,NA
Alec Ingold,2023,3,12.2,4.066667,4.08,0.018,13.860676,4.620226,4.635374,00-0035125
Xavier Turner,2019,3,1.765,0.588333,0.01,0.003,2.395223,0.798407,0.013571,00-0035494
Bruce Anderson,2019,3,1.7625,0.5875,0.0075,0.003,2.39183,0.797277,0.010178,00-0035467
Nick Brossette,2019,3,1.7625,0.5875,0.0375,0.003,2.39183,0.797277,0.05089,00-0034961
Jalin Moore,2019,3,1.7635,0.587333,0.0835,0.003,2.393188,0.79705,0.113315,NA
Devontae Jackson,2019,3,1.762,0.587333,0.007,0.003,2.391152,0.79705,0.009499,00-0034935
Karan Higdon,2020,2,1.11,0.555,0,0.003,1.430343,0.715172,0,00-0035454
Travon McMillian,2019,3,1.76,0.586667,0.005,0.003,2.388438,0.796146,0.006785,00-0035212
Alex Barnes,2019,3,1.7585,0.586167,0.007,0.003,2.386402,0.795468,0.009499,00-0035512
Jordan Ellis,2019,3,1.757,0.585667,0.002,0.003,2.384367,0.794789,0.002714,00-0035396
Adam Choice,2019,3,1.7568,0.5856,0.0018,0.003,2.384095,0.794698,0.002443,NA
Darrin Hall,2019,3,1.7565,0.5855,0.0015,0.003,2.383688,0.794563,0.002036,00-0035043
Darnell Holland,2019,3,1.756,0.585333,0.001,0.003,2.38301,0.794336,0.001357,NA
Dontae Strickland,2019,3,1.755,0.585,0,0.003,2.381652,0.793884,0,00-0035569
Marcus Marshall,2019,3,1.755,0.585,0,0.003,2.381652,0.793884,0,00-0035209
Wes Hills,2019,3,1.755,0.585,0,0.003,2.381652,0.793884,0,00-0035489
Taj McGowan,2019,3,1.755,0.585,0,0.003,2.381652,0.793884,0,NA
Marquis Young,2019,3,1.755,0.585,0,0.003,2.381652,0.793884,0,NA
Valentine Holmes,2019,3,1.755,0.585,0,0.003,2.381652,0.793884,0,NA
Trayone Gray,2019,3,1.755,0.585,0,0.003,2.381652,0.793884,0,00-0035176
James Williams,2019,3,1.755,0.585,0,0.003,2.381652,0.793884,0,NA
A.J. Ouellette,2019,3,1.755,0.585,0,0.003,2.381652,0.793884,0,00-0035583
Marcelias Sutton,2019,3,1.755,0.585,0,0.003,2.381652,0.793884,0,NA
Josh Caldwell,2019,3,1.755,0.585,0,0.003,2.381652,0.793884,0,00-0035691
Aca'Cedric Ware,2020,2,1.11,0.555,0,0.003,1.430343,0.715172,0,NA
Wendell Smallwood,2021,1,0.252,0.252,0,0.001,0.352662,0.352662,0,00-0032782
Chris Thompson,2021,1,0.252,0.252,0,0.001,0.352662,0.352662,0,00-0030404
Kyle Juszczyk,2021,5,27,5.4,9.6,0.03,37.785205,7.557041,13.43474,00-0029892
Patrick Ricard,2022,3,11.25,3.75,4.5,0.018,13.800432,4.600144,5.520173,00-0033376
Derek Watt,2020,3,9.75,3.25,3.25,0.016,12.563824,4.187941,4.187941,00-0032897
C.J. Ham,2023,2,5.6,2.8,4.4,0.012,6.362278,3.181139,4.998932,00-0032918
Reggie Gilliam,2022,2,4.6,2.3,2.3,0.011,5.642843,2.821422,2.821422,00-0036187
Keith Smith,2023,1,2.35,2.35,0.625,0.01,2.669884,2.669884,0.710076,00-0030968
Andy Janovich,2022,1,1.5,1.5,0.7,0.007,1.840058,1.840058,0.858694,00-0032956
Jason Cabinda,2023,1,0.2898,0.2898,0,0.001,0.329248,0.329248,0,00-0034171
Roosevelt Nix,2018,4,6.975,1.74375,1.75,0.01,10.053132,2.513283,2.522291,00-0030741
Jamize Olawale,2019,3,5.4,1.8,2.8,0.01,7.328162,2.442721,3.799787,00-0029492
Khari Blasingame,2023,2,3.6,1.8,1.95,0.008,4.090036,2.045018,2.215436,00-0035099
Jakob Johnson,2023,1,1.625,1.625,0.275,0.007,1.846197,1.846197,0.312433,00-0035726
Alex Armah,2023,1,1.105,1.105,0.025,0.005,1.255414,1.255414,0.028403,00-0033296
Michael Burton,2023,1,1.3175,1.3175,1.06625,0.006,1.496839,1.496839,1.211389,00-0031595
Ben Mason,2023,1,0.75,0.75,0,0.003,0.852091,0.852091,0,00-0036565
Nick Bawden,2023,2,2.195,1.0975,0.2,0.005,2.493786,1.246893,0.227224,00-0034433
Cullen Gillaspia,2022,1,0.965,0.965,0,0.005,1.18377,1.18377,0,00-0035304
Tory Carter,2021,3,2.4375,0.8125,0.05,0.004,3.411164,1.137055,0.069973,00-0036691
Adam Prentice,2023,1,0.94,0.94,0,0.004,1.067954,1.067954,0,00-0036727
Mason Stokke,2021,3,2.435,0.811667,0.02,0.004,3.407666,1.135889,0.027989,NA
Derek Parish,2023,4,3.925328,0.981332,0.085328,0.004,4.459648,1.114912,0.096943,00-0038638
Giovanni Ricci,2023,1,0.94,0.94,0,0.004,1.067954,1.067954,0,00-0035956
Troy Hairston II,2022,3,2.585,0.861667,0.085,0.004,3.171033,1.057011,0.10427,00-0037456
Sutton Smith,2021,2,1.485,0.7425,0,0.004,2.078186,1.039093,0,00-0035218
Monte Pottebaum,2023,3,2.705,0.901667,0.01,0.004,3.073207,1.024403,0.011361,NA
Henry Pearson,2023,3,2.7025,0.900833,0.0075,0.004,3.070367,1.023455,0.008521,00-0038468
Robert Burns,2023,3,2.696,0.898667,0.001,0.004,3.062982,1.020994,0.001136,00-0038419
Levi Bell,2023,3,2.696,0.898667,0.001,0.004,3.062982,1.020994,0.001136,00-0038444
John Lovett,2023,1,0.87,0.87,0,0.004,0.988425,0.988425,0,00-0035161
Josh Hokit,2022,1,0.705,0.705,0,0.003,0.864827,0.864827,0,00-0035807
Sewo Olonilua,2020,3,2.29,0.763333,0.055,0.004,2.950888,0.983629,0.070873,00-0036033
Luke Sellers,2020,3,2.29,0.763333,0.01,0.004,2.950888,0.983629,0.012886,00-0036012
Spencer Nigh,2020,3,2.2875,0.7625,0.0025,0.004,2.947666,0.982555,0.003221,NA
Connor Slomka,2020,3,2.286,0.762,0.001,0.004,2.945734,0.981911,0.001289,00-0035872
Chandler Cox,2019,4,2.610912,0.652728,0.090912,0.003,3.543182,0.885796,0.123374,00-0035310
Jake Bargas,2023,1,0.75,0.75,0,0.003,0.852091,0.852091,0,00-0035975
Andrew Beck,2023,2,6.25,3.125,4,0.014,7.100756,3.550378,4.544484,00-0034959
George Aston,2020,2,1.1105,0.55525,5e-04,0.003,1.430987,0.715494,0.000644,00-0034946
Paul Quessenberry,2022,1,0.207,0.207,0,0.001,0.253928,0.253928,0,NA
Tyreek Hill,2022,4,120,30,72.2,0.144,147.204611,36.801153,88.568108,00-0033040
DeAndre Hopkins,2023,2,26,13,10.98,0.058,29.539146,14.769573,12.474609,00-0030564
Davante Adams,2022,5,140,28,65.71,0.134,171.738713,34.347743,80.606792,00-0031381
Cooper Kupp,2022,3,80.1,26.7,75,0.128,98.259078,32.753026,92.002882,00-0033908
A.J. Brown,2022,4,100,25,57.220471,0.12,122.670509,30.667627,70.192643,00-0035676
Julio Jones,2023,1,1.567,1.567,0,0.007,1.780302,1.780302,0,00-0027944
Stefon Diggs,2022,4,96,24,70,0.115,117.763689,29.440922,85.869356,00-0031588
D.K. Metcalf,2022,3,72,24,58.22,0.115,88.322767,29.440922,71.41877,00-0035640
Deebo Samuel,2022,3,71.55,23.85,58.167,0.115,87.770749,29.256916,71.353755,00-0035719
Terry McLaurin,2022,3,69.6,23.2,53.154118,0.111,85.378674,28.459558,65.204427,00-0035659
Michael Thomas,2023,1,10,10,6.26,0.044,11.36121,11.36121,7.112117,00-0032765
Odell Beckham Jr.,2023,1,15,15,15,0.067,17.041815,17.041815,17.041815,00-0031235
Keenan Allen,2020,4,80.1,20.025,50,0.101,103.21665,25.804162,64.429869,00-0030279
Amari Cooper,2020,5,100,20,60,0.101,128.859738,25.771948,77.315843,00-0031544
D.J. Moore,2022,3,61.884,20.628,41.61,0.099,75.913418,25.304473,51.043199,00-0034827
Kenny Golladay,2021,4,72,18,40,0.099,100.760548,25.190137,55.978082,00-0033932
Allen Robinson,2023,2,15,7.5,5,0.033,17.041815,8.520907,5.680605,00-0031428
Chris Godwin,2022,3,60,20,40,0.096,73.602305,24.534102,49.068204,00-0033921
Mike Williams,2022,3,60,20,40,0.096,73.602305,24.534102,49.068204,00-0033536
Brandin Cooks,2023,2,20,10,12,0.044,22.72242,11.36121,13.633452,00-0031236
Tyler Lockett,2021,4,69.2,17.3,37,0.095,96.842082,24.210521,51.779726,00-0032211
Mike Evans,2018,5,82.5,16.5,55.008,0.093,118.908014,23.781603,79.28354,00-0031408
Antonio Brown,2021,1,3.1,3.1,3.1,0.017,4.338301,4.338301,4.338301,00-0027793
Diontae Johnson,2022,2,36.71,18.355,27,0.088,45.032344,22.516172,33.121037,00-0035216
Christian Kirk,2022,4,72,18,37,0.086,88.322767,22.080692,45.388088,00-0034775
Adam Thielen,2023,3,25,8.333333,14,0.037,28.403025,9.467675,15.905694,00-0030035
Jarvis Landry,2022,1,3,3,3,0.014,3.680115,3.680115,3.680115,00-0031382
Courtland Sutton,2021,4,60,15,34.848944,0.082,83.967123,20.991781,48.769426,00-0034348
Robert Woods,2023,2,15.25,7.625,10,0.034,17.325845,8.662923,11.36121,00-0030431
Robbie Chosen,2023,1,1.3175,1.3175,0.1525,0.006,1.496839,1.496839,0.173258,00-0032688
Hunter Renfrow,2022,2,31.7,15.85,21,0.076,38.886551,19.443276,25.760807,00-0034983
Corey Davis,2021,3,37.5,12.5,27,0.068,52.479452,17.493151,37.785205,00-0033871
Curtis Samuel,2021,3,34.5,11.5,23,0.063,48.281096,16.093699,32.187397,00-0033282
Nelson Agholor,2023,1,3.25,3.25,3.25,0.014,3.692393,3.692393,3.692393,00-0031549
Tyrell Williams,2021,1,4,4,4,0.022,5.597808,5.597808,5.597808,00-0032160
Will Fuller,2021,1,10.625011,10.625011,10.625011,0.058,14.869193,14.869193,14.869193,00-0033127
Tyler Boyd,2019,4,43,10.75,11,0.057,58.353879,14.58847,14.927736,00-0033009
Pierre Garcon,2017,5,47.5,9.5,20,0.057,72.643713,14.528743,30.586826,00-0026345
Michael Gallup,2022,5,57.5,11.5,27,0.055,70.535543,14.107109,33.121037,00-0034764
Tim Patrick,2021,3,30,10,18.504,0.055,41.983562,13.994521,25.895461,00-0033375
Sterling Shepard,2023,1,1.3175,1.3175,0,0.006,1.496839,1.496839,0,00-0032385
DeVante Parker,2023,2,10.8,5.4,9.1,0.024,12.270107,6.135053,10.338701,00-0031547
Quincy Enunwa,2018,4,36,9,20.25,0.051,51.887133,12.971783,29.186512,00-0031023
Jamison Crowder,2023,1,1.3175,1.3175,0.0275,0.006,1.496839,1.496839,0.031243,00-0031941
Golden Tate,2021,1,0.252,0.252,0,0.001,0.352662,0.352662,0,00-0027891
Jakobi Meyers,2023,3,33,11,21,0.049,37.491993,12.497331,23.858541,00-0034960
Allen Lazard,2023,4,44,11,22,0.049,49.989324,12.497331,24.994662,00-0034521
Marquez Valdes-Scantling,2022,3,30,10,15,0.048,36.801153,12.267051,18.400576,00-0034272
D.J. Chark,2023,1,5,5,5,0.022,5.680605,5.680605,5.680605,00-0034777
Russell Gage,2023,2,17,8.5,7,0.038,19.314057,9.657028,7.952847,00-0034411
Marqise Lee,2021,1,0.99,0.99,0,0.005,1.385458,1.385458,0,00-0031431
DeSean Jackson,2022,1,1.12,1.12,0,0.005,1.37391,1.37391,0,00-0026189
Adam Humphries,2023,1,1.165,1.165,0,0.005,1.323581,1.323581,0,00-0032009
John Brown,2022,1,0.2772,0.2772,0,0.001,0.340043,0.340043,0,00-0031051
Randall Cobb,2023,1,3,3,0.25,0.013,3.408363,3.408363,0.28403,00-0028002
Paul Richardson,2018,5,40,8,20,0.045,57.65237,11.530474,28.826185,00-0031257
T.Y. Hilton,2022,1,2.9,2.9,0.6,0.014,3.557445,3.557445,0.736023,00-0029608
JuJu Smith-Schuster,2023,3,25.5,8.5,16,0.038,28.971085,9.657028,18.177936,00-0033857
Ja'Marr Chase,2021,4,30.819642,7.704911,30.819642,0.042,43.130611,10.782654,43.130611,00-0036900
Ryan Grant,2018,4,29,7.375,14.5,0.042,41.797968,10.629656,20.898984,00-0031068
Emmanuel Sanders,2021,1,6,6,5.9,0.033,8.396712,8.396712,8.256767,00-0027685
Cole Beasley,2023,1,1.165,1.165,0,0.005,1.323581,1.323581,0,00-0029000
Zay Jones,2022,3,24,8,14,0.038,29.440922,9.813641,17.173871,00-0033891
Jaylen Waddle,2021,4,27.085996,6.771499,27.085996,0.037,37.905553,9.476388,37.905553,00-0036613
Taylor Gabriel,2018,4,26,6.5,14,0.037,37.474041,9.36851,20.17833,00-0031228
Cedrick Wilson Jr.,2023,1,5,5,5,0.022,5.680605,5.680605,5.680605,00-0034418
Marvin Jones,2023,1,3,3,3,0.013,3.408363,3.408363,3.408363,00-0029293
A.J. Green,2022,1,3.5,3.5,3,0.017,4.293468,4.293468,3.680115,00-0027942
A.J. Green,2023,1,1.4,1.4,0.9,0.006,1.590569,1.590569,1.022509,00-0036114
Keelan Cole,2023,1,1.2325,1.2325,0.07625,0.005,1.400269,1.400269,0.086629,00-0033681
Braxton Berrios,2023,1,3.5,3.5,3,0.016,3.976423,3.976423,3.408363,00-0034419
DeVonta Smith,2021,4,20.141392,5.035348,20.141392,0.028,28.186912,7.046728,28.186912,00-0036912
Sammy Watkins,2022,1,1.85,1.85,0.35,0.009,2.269404,2.269404,0.429347,00-0031325
Kendrick Bourne,2021,3,15,5,5.25,0.027,20.991781,6.99726,7.347123,00-0033307
Darius Slayton,2023,2,12,6,4.9,0.027,13.633452,6.816726,5.566993,00-0035535
Jakeem Grant,2023,1,1.5125,1.5125,0,0.007,1.718383,1.718383,0,00-0032791
Jamal Agnew,2021,3,14.25,4.75,4,0.026,19.942192,6.647397,5.597808,00-0033572
David Moore,2023,1,1.08,1.08,0,0.005,1.227011,1.227011,0,00-0033589
Drake London,2022,4,21.534472,5.383618,21.534472,0.026,26.416446,6.604112,26.416446,00-0037238
Garrett Wilson,2022,4,20.554006,5.138502,20.554006,0.025,25.213704,6.303427,25.213704,00-0037740
Kalif Raymond,2023,2,10.5,5.25,8.15,0.023,11.92927,5.964635,9.259386,00-0032464
Chris Olave,2022,4,19.271872,4.817968,19.271872,0.023,23.640904,5.910226,23.640904,00-0037239
Deonte Harty,2023,2,9.5,4.75,5,0.021,10.793149,5.396575,5.680605,00-0035215
Henry Ruggs,2020,4,16.671626,4.167907,16.671626,0.021,21.483014,5.370754,21.483014,00-0036357
Jameson Williams,2022,4,17.461792,4.365448,17.461792,0.021,21.420469,5.355117,21.420469,00-0037240
Parris Campbell,2023,1,4.7,4.7,2.9,0.021,5.339769,5.339769,3.294751,00-0035639
Byron Pringle,2023,1,1.08,1.08,0,0.005,1.227011,1.227011,0,00-0034297
Jerry Jeudy,2020,5,15.192958,3.79824,15.192958,0.019,19.577606,4.894402,19.577606,00-0036407
Kadarius Toney,2021,4,13.719508,3.429877,13.719508,0.019,19.199794,4.799948,19.199794,00-0036913
Zach Pascal,2023,2,4.5,2.25,1.5,0.01,5.112544,2.556272,1.704181,00-0033251
Jahan Dotson,2022,4,15.048356,3.762089,15.048356,0.018,18.459895,4.614974,18.459895,00-0037741
Mecole Hardman,2023,1,4,4,3.58,0.018,4.544484,4.544484,4.067313,00-0035140
CeeDee Lamb,2020,4,14.010014,3.502504,14.010014,0.018,18.053267,4.513317,18.053267,00-0036358
Rashod Bateman,2021,4,12.599414,3.149854,12.599414,0.017,17.632276,4.40807,17.632276,00-0036550
Treylon Burks,2022,4,14.36959,3.592398,14.36959,0.017,17.627249,4.406813,17.627249,00-0037742
Jalen Reagor,2023,1,1.01,1.01,0,0.004,1.147482,1.147482,0,00-0036387
Justin Jefferson,2020,4,13.122806,3.280702,13.122806,0.017,16.910013,4.227504,16.910013,00-0036322
Jaxon Smith-Njigba,2023,4,14.417308,3.604327,14.417308,0.016,16.379806,4.094952,16.379806,00-0038543
Ashton Dulin,2023,2,7.2,3.6,3.5,0.016,8.180071,4.090036,3.976423,00-0035021
Brandon Aiyuk,2020,4,12.53135,3.132838,12.53135,0.016,16.147865,4.036967,16.147865,00-0036261
Quentin Johnston,2023,4,14.188786,3.547197,14.188786,0.016,16.120178,4.030045,16.120178,00-0038544
Marquise Brown,2019,4,11.78734,2.946835,11.589976,0.016,15.99621,3.999052,15.728373,00-0035662
Zay Flowers,2023,4,14.03644,3.50911,14.03644,0.016,15.947094,3.986774,15.947094,00-0039064
Calvin Ridley,2018,4,10.900732,2.725183,9.907077,0.015,15.711326,3.927831,14.279162,00-0034837
Jordan Addison,2023,4,13.731736,3.432934,13.731736,0.015,15.600914,3.900228,15.600914,00-0038994
Andre Roberts,2022,1,1.75,1.75,0.9,0.008,2.146734,2.146734,1.104035,00-0027691
Tre'Quan Smith,2023,1,0.2898,0.2898,0,0.001,0.329248,0.329248,0,00-0034765
Josh Reynolds,2022,2,6,3,2.7,0.014,7.360231,3.680115,3.312104,00-0033943
Breshad Perriman,2023,1,1.165,1.165,0,0.005,1.323581,1.323581,0,00-0032054
N'Keal Harry,2023,1,1.08,1.08,0,0.005,1.227011,1.227011,0,00-0035624
Matt Slater,2023,1,2.6675,2.6675,2.6675,0.012,3.030603,3.030603,3.030603,00-0026293
Rashard Higgins,2022,1,1.1875,1.1875,0.1525,0.006,1.456712,1.456712,0.187073,00-0032977
Cam Sims,2023,1,1.2325,1.2325,0.30125,0.005,1.400269,1.400269,0.342256,00-0034104
John Ross,2023,1,1.08,1.08,0,0.005,1.227011,1.227011,0,00-0033460
Elijah Moore,2021,4,8.940422,2.235106,7.061273,0.012,12.511692,3.127924,9.881913,00-0036980
KhaDarel Hodge,2023,1,1.2,1.2,0,0.005,1.363345,1.363345,0,00-0034854
Olamide Zaccheaus,2023,1,1.2325,1.2325,0.65,0.005,1.400269,1.400269,0.738479,00-0035208
Noah Brown,2023,1,2.6,2.6,2.25,0.012,2.953915,2.953915,2.556272,00-0033591
Mack Hollins,2023,1,2.5,2.5,0.91,0.011,2.840302,2.840302,1.03387,00-0033555
Christian Watson,2022,4,9.241026,2.310257,7.425885,0.011,11.336014,2.834004,9.109371,00-0038124
Tee Higgins,2020,4,8.686788,2.171697,6.752255,0.011,11.193772,2.798443,8.700938,00-0036410
"Michael Pittman, Jr.",2020,4,8.612842,2.153211,6.625377,0.011,11.098486,2.774622,8.537443,00-0036252
Isaiah McKenzie,2023,1,1.2325,1.2325,0.4025,0.005,1.400269,1.400269,0.457289,00-0033466
Cody Core,2022,1,1.035,1.035,0,0.005,1.26964,1.26964,0,00-0032795
Gunner Olszewski,2023,1,1.4,1.4,0,0.006,1.590569,1.590569,0,00-0035645
Danny Amendola,2021,1,1.8,1.8,0.25,0.01,2.519014,2.519014,0.349863,00-0026035
Devin Funchess,2022,1,1.035,1.035,0,0.005,1.26964,1.26964,0,00-0032055
Jonathan Mingo,2023,4,8.856606,2.214152,6.898887,0.01,10.062176,2.515545,7.83797,00-0039062
Wan'Dale Robinson,2022,4,8.185166,2.046292,5.791409,0.01,10.040785,2.510197,7.104351,00-0038117
Laviska Shenault,2020,4,7.696066,1.924017,4.726961,0.01,9.91713,2.479283,6.09115,00-0036268
John Metchie III,2022,4,8.070176,2.017544,5.626046,0.01,9.899726,2.474931,6.901499,00-0037614
Chris Conley,2023,1,1.3175,1.3175,0.4,0.006,1.496839,1.496839,0.454448,00-0032128
Ray-Ray McCloud,2022,2,4,2,3.615,0.01,4.90682,2.45341,4.434539,00-0034407
Rondale Moore,2021,4,6.924254,1.731064,4.030559,0.009,9.690161,2.422541,5.640574,00-0036936
Dante Pettis,2023,1,1.2325,1.2325,0.1525,0.005,1.400269,1.400269,0.173258,00-0034860
K.J. Hamler,2023,1,0.216,0.216,0,0.001,0.245402,0.245402,0,00-0036412
Tyquan Thornton,2022,4,7.05386,1.763465,4.04071,0.008,8.653006,2.163251,4.95676,00-0038104
Chase Claypool,2020,4,6.616636,1.654159,3.892856,0.008,8.52618,2.131545,5.016324,00-0036326
Chris Moore,2023,1,1.3175,1.3175,1,0.006,1.496839,1.496839,1.136121,00-0032398
D'Wayne Eskridge,2021,4,5.953512,1.488378,3.280442,0.008,8.331655,2.082914,4.590821,00-0036620
George Pickens,2022,4,6.752188,1.688047,3.867506,0.008,8.282943,2.070736,4.744289,00-0037247
Tutu Atwell,2021,4,5.908698,1.477175,3.245813,0.008,8.26894,2.067236,4.54236,00-0036849
Jayden Reed,2023,4,7.180778,1.795195,4.048783,0.008,8.158233,2.039559,4.599907,00-0039146
Alec Pierce,2022,4,6.601342,1.650336,3.691037,0.008,8.0979,2.024476,4.527814,00-0037664
Trent Sherfield,2023,1,1.77,1.77,0.75,0.008,2.010934,2.010934,0.852091,00-0034487
Terrace Marshall Jr.,2021,4,5.729482,1.432371,3.107327,0.008,8.018135,2.004535,4.348555,00-0036955
Skyy Moore,2022,4,6.450506,1.612627,3.574481,0.008,7.912869,1.978218,4.384834,00-0038090
Marquise Goodwin,2023,1,1.7,1.7,0.4,0.008,1.931406,1.931406,0.454448,00-0030068
Justin Watson,2023,2,3.4,1.7,1.8,0.008,3.862811,1.931406,2.045018,00-0034386
Anthony Miller,2023,1,1.08,1.08,0,0.005,1.227011,1.227011,0,00-0034353
Rashee Rice,2023,4,6.495218,1.623805,3.519033,0.007,7.379354,1.844839,3.998047,00-0039067
Preston Williams,2022,1,1.49,1.49,0.275,0.007,1.827791,1.827791,0.337344,NA
Van Jefferson,2020,4,5.61114,1.402785,3.11588,0.007,7.2305,1.807625,4.015115,00-0036415
Josh Palmer,2021,4,5.032056,1.258014,1.019676,0.007,7.042121,1.76053,1.426988,00-0036988
Denzel Mims,2023,1,0.2898,0.2898,0,0.001,0.329248,0.329248,0,00-0036255
Dyami Brown,2021,4,4.943998,1.236,0.955636,0.007,6.918888,1.729723,1.337367,00-0036626
Marvin Mims,2023,4,6.068634,1.517159,3.189399,0.007,6.894703,1.723676,3.623543,00-0038976
Amari Rodgers,2023,1,0.94,0.94,0,0.004,1.067954,1.067954,0,00-0036991
Nico Collins,2021,4,4.871516,1.217879,0.90292,0.007,6.817453,1.704363,1.263593,00-0036554
DeAndre Carter,2023,1,1.5,1.5,1.255,0.007,1.704181,1.704181,1.425832,00-0031763
Steven Sims,2023,1,1.5,1.5,0.5,0.007,1.704181,1.704181,0.56806,00-0034928
Anthony Schwartz,2023,1,0.216,0.216,0,0.001,0.245402,0.245402,0,00-0036999
J.J. Arcega-Whiteside,2023,1,1.01,1.01,0,0.004,1.147482,1.147482,0,00-0035246
Alex Erickson,2023,1,1.105,1.105,0.025,0.005,1.255414,1.255414,0.028403,00-0032543
Velus Jones Jr.,2022,4,5.405924,1.351481,1.11158,0.006,6.631474,1.657869,1.363581,00-0037745
James Washington,2023,1,1.08,1.08,0,0.005,1.227011,1.227011,0,00-0034676
Tank Dell,2023,4,5.689104,1.422276,1.137528,0.006,6.463511,1.615878,1.292369,00-0038977
Donte Moncrief,2021,1,1.15,1.15,0.05,0.006,1.60937,1.60937,0.069973,00-0031339
Jalin Hyatt,2023,4,5.625316,1.406329,1.09114,0.006,6.39104,1.59776,1.239667,00-0038938
Mohamed Sanu,2022,1,1.12,1.12,0,0.005,1.37391,1.37391,0,00-0029632
Cedric Tillman,2023,4,5.610462,1.402616,1.080336,0.006,6.374164,1.593541,1.227392,00-0038979
JoJo Natson,2021,1,1.1275,1.1275,0,0.006,1.577882,1.577882,0,00-0033266
Phillip Dorsett,2023,1,1.165,1.165,0,0.005,1.323581,1.323581,0,00-0032208
Damiere Byrd,2023,1,1.3175,1.3175,0.1525,0.006,1.496839,1.496839,0.173258,00-0031868
Willie Snead,2023,1,1.3175,1.3175,0.275,0.006,1.496839,1.496839,0.312433,00-0030663
Dede Westbrook,2022,1,0.2772,0.2772,0,0.001,0.340043,0.340043,0,00-0033839
Marcus Johnson,2022,1,1.035,1.035,0,0.005,1.26964,1.26964,0,00-0032980
Marvin Hall,2022,1,1.035,1.035,0,0.005,1.26964,1.26964,0,00-0033094
Demarcus Robinson,2023,1,1.165,1.165,0,0.005,1.323581,1.323581,0,00-0032775
Jalen Tolbert,2022,4,5.13572,1.28393,0.915068,0.006,6.300014,1.575003,1.122519,00-0037666
Andy Isabella,2023,1,1.08,1.08,0,0.005,1.227011,1.227011,0,00-0035527
Josh Downs,2023,4,5.520456,1.380114,1.014876,0.006,6.271906,1.567976,1.153022,00-0038997
Danny Gray,2022,4,5.044904,1.261226,0.84902,0.006,6.188609,1.547152,1.041497,00-0037828
David Bell,2022,4,5.044904,1.261226,0.84902,0.006,6.188609,1.547152,1.041497,00-0037257
Equanimeous St. Brown,2022,1,1.25,1.25,0.17,0.006,1.533381,1.533381,0.20854,00-0034279
Michael Wilson,2023,4,5.339462,1.334866,0.883244,0.006,6.066275,1.516569,1.003472,00-0038559
Tre Tucker,2023,4,5.304082,1.326021,0.857512,0.006,6.026079,1.50652,0.974237,00-0038563
Tavon Austin,2022,1,1.12,1.12,0,0.005,1.37391,1.37391,0,00-0030525
Chris Hogan,2021,1,1.075,1.075,0,0.006,1.504411,1.504411,0,00-0028237
Travis Benjamin,2021,1,1.075,1.075,0,0.006,1.504411,1.504411,0,00-0029269
Kenny Stills,2021,1,1.075,1.075,0,0.006,1.504411,1.504411,0,00-0030085
Dez Fitzpatrick,2023,2,1.855,0.9275,0,0.004,2.107504,1.053752,0,00-0036627
Amon-Ra St. Brown,2021,4,4.26526,1.066315,0.78526,0.006,5.969027,1.492257,1.098934,00-0036963
Bryan Edwards,2023,1,1.01,1.01,0,0.004,1.147482,1.147482,0,00-0036365
Robert Foster,2022,2,2.045,1.0225,0,0.005,2.508612,1.254306,0,00-0034510
Jaelon Darden,2023,1,0.256222,0.256222,0,0.001,0.291099,0.291099,0,00-0036877
Tylan Wallace,2021,4,4.165356,1.041339,0.685356,0.006,5.829216,1.457304,0.959123,00-0036630
Brandon Zylstra,2022,1,1.1875,1.1875,1.0475,0.006,1.456712,1.456712,1.284974,00-0034052
Laquon Treadwell,2023,1,1.165,1.165,0,0.005,1.323581,1.323581,0,00-0032951
Jake Kumerow,2022,1,1.1875,1.1875,0.07625,0.006,1.456712,1.456712,0.093536,00-0031787
Jalen Hurd,2023,1,0.87,0.87,0,0.004,0.988425,0.988425,0,00-0034971
Devin Duvernay,2020,4,4.455706,1.116927,0.887864,0.006,5.741611,1.439269,1.144099,00-0036331
Nick Westbrook-Ikhine,2023,1,1.26,1.26,0.4,0.006,1.431512,1.431512,0.454448,00-0036182
C.J. Board,2022,1,0.99,0.99,0,0.005,1.214438,1.214438,0,00-0033367
Mike Thomas,2023,1,1.08,1.08,0,0.005,1.227011,1.227011,0,00-0033114
Vyncint Smith,2023,1,1.01,1.01,0,0.004,1.147482,1.147482,0,00-0034631
Scott Miller,2023,1,1.2325,1.2325,0.1525,0.005,1.400269,1.400269,0.173258,00-0035298
Trent Taylor,2023,1,1.2325,1.2325,0.0525,0.005,1.400269,1.400269,0.059646,00-0033292
Richie James,2023,1,1.2325,1.2325,0.5525,0.005,1.400269,1.400269,0.627707,00-0034286
Jalen Guyton,2023,1,1.2325,1.2325,0.076,0.005,1.400269,1.400269,0.086345,00-0035414
Brandon Powell,2023,1,1.2325,1.2325,0.275,0.005,1.400269,1.400269,0.312433,00-0034646
Kevin White,2022,1,1.035,1.035,0,0.005,1.26964,1.26964,0,00-0031545
Jaydon Mickens,2023,1,1.08,1.08,0,0.005,1.227011,1.227011,0,00-0033006
Tajae Sharpe,2022,1,1.035,1.035,0,0.005,1.26964,1.26964,0,00-0032778
Geronimo Allison,2022,1,1.035,1.035,0,0.005,1.26964,1.26964,0,00-0032626
Trevor Davis,2021,1,0.99,0.99,0,0.005,1.385458,1.385458,0,00-0032423
J.J. Nelson,2021,1,0.99,0.99,0,0.005,1.385458,1.385458,0,00-0032112
Bennie Fowler,2021,1,0.99,0.99,0,0.005,1.385458,1.385458,0,00-0030670
Josh Gordon,2022,1,1.12,1.12,0,0.005,1.37391,1.37391,0,00-0029664
Chester Rogers,2022,1,1.035,1.035,0,0.005,1.26964,1.26964,0,00-0032355
Tommylee Lewis,2021,1,0.99,0.99,0,0.005,1.385458,1.385458,0,00-0032881
Pharoh Cooper,2022,1,1.035,1.035,0,0.005,1.26964,1.26964,0,00-0033111
Jordan Matthews,2023,1,1.08,1.08,0,0.005,1.227011,1.227011,0,00-0031299
Taywan Taylor,2021,1,0.99,0.99,0,0.005,1.385458,1.385458,0,00-0033911
Darius Jennings,2021,1,0.99,0.99,0,0.005,1.385458,1.385458,0,00-0031972
Justin Hardy,2021,1,0.99,0.99,0,0.005,1.385458,1.385458,0,00-0031570
Stanley Morgan,2023,1,0.435,0.435,0,0.002,0.494213,0.494213,0,00-0035399
Auden Tate,2023,1,1.08,1.08,0,0.005,1.227011,1.227011,0,NA
Albert Wilson,2022,1,1.12,1.12,0,0.005,1.37391,1.37391,0,00-0030669
Jeff Smith,2023,1,1.2,1.2,0,0.005,1.363345,1.363345,0,00-0035510
Malik Turner,2023,1,1.08,1.08,0,0.005,1.227011,1.227011,0,00-0034867
Dan Arnold,2023,1,1.185,1.185,0.05,0.005,1.346303,1.346303,0.056806,00-0034011
Erik Ezukanma,2022,4,4.384992,1.096248,0.724992,0.005,5.379092,1.344773,0.889351,00-0038092
Romeo Doubs,2022,4,4.343916,1.085979,0.683916,0.005,5.328704,1.332176,0.838963,00-0037816
Ihmir Smith-Marsette,2023,1,0.94,0.94,0,0.004,1.067954,1.067954,0,00-0036635
Marcus Kemp,2023,1,1.155,1.155,0.05,0.005,1.31222,1.31222,0.056806,00-0033481
DaeSean Hamilton,2022,1,1.065,1.065,0.35,0.005,1.306441,1.306441,0.429347,NA
Cornell Powell,2023,1,0.87,0.87,0,0.004,0.988425,0.988425,0,00-0036647
Simi Fehoko,2023,1,0.94,0.94,0,0.004,1.067954,1.067954,0,00-0036646
Derius Davis,2023,4,4.551928,1.137982,0.711928,0.005,5.171541,1.292885,0.808836,00-0038573
Marquez Callaway,2023,1,1.135,1.135,0.3025,0.005,1.289497,1.289497,0.343677,00-0036219
Frank Darby,2023,1,0.216,0.216,0,0.001,0.245402,0.245402,0,00-0036951
Devin Smith,2021,1,0.92,0.92,0,0.005,1.287496,1.287496,0,NA
Isaiah Ford,2023,1,1.08,1.08,0,0.005,1.227011,1.227011,0,00-0033471
Ryan Switzer,2021,1,0.92,0.92,0,0.005,1.287496,1.287496,0,00-0033562
Chad Williams,2021,1,0.92,0.92,0,0.005,1.287496,1.287496,0,00-0033933
Antonio Callaway,2023,2,2.135,1.0675,0,0.005,2.425618,1.212809,0,00-0034772
Damion Ratley,2021,1,0.92,0.92,0,0.005,1.287496,1.287496,0,00-0034273
Josh Malone,2022,1,0.965,0.965,0,0.005,1.18377,1.18377,0,NA
Chad Beebe,2022,1,0.965,0.965,0,0.005,1.18377,1.18377,0,NA
Gabriel Davis,2020,4,3.994372,0.998593,0.699372,0.005,5.147137,1.286784,0.901209,00-0036196
Charlie Jones,2023,4,4.518776,1.129694,0.678776,0.005,5.133876,1.283469,0.771172,00-0038576
Tyler Scott,2023,4,4.503448,1.125862,0.663448,0.005,5.116462,1.279115,0.753757,00-0038941
Marquez Stevenson,2023,1,0.87,0.87,0,0.004,0.988425,0.988425,0,00-0036571
Shi Smith,2023,1,0.216,0.216,0,0.001,0.245402,0.245402,0,00-0036572
Racey McMath,2023,1,0.216,0.216,0,0.001,0.245402,0.245402,0,00-0036652
Calvin Austin III,2022,4,4.164336,1.041084,0.504336,0.005,5.108412,1.277103,0.618672,00-0037837
Jalen Camp,2023,2,1.995,0.9975,0,0.004,2.266561,1.133281,0,00-0036858
Dazz Newsome,2023,1,0.87,0.87,0,0.004,0.988425,0.988425,0,00-0036907
Seth Williams,2023,1,0.75,0.75,0,0.003,0.852091,0.852091,0,00-0036657
Mike Strachan,2023,2,1.995,0.9975,0,0.004,2.266561,1.133281,0,00-0036482
Tre Nixon,2023,1,0.75,0.75,0,0.003,0.852091,0.852091,0,00-0036536
Bennett Skowronek,2021,4,3.564524,0.891131,0.084524,0.005,4.98838,1.247095,0.118287,00-0036862
Kawaan Baker,2023,1,0.75,0.75,0,0.003,0.852091,0.852091,0,00-0036939
Dax Milne,2021,4,3.557264,0.889316,0.077264,0.005,4.97822,1.244555,0.108127,00-0036671
Khalil Shakir,2022,4,4.007152,1.001788,0.347152,0.005,4.915594,1.228898,0.425853,00-0037261
Lil'Jordan Humphrey,2023,1,1.08,1.08,0,0.005,1.227011,1.227011,0,00-0035406
Keke Coutee,2023,1,1.08,1.08,0,0.005,1.227011,1.227011,0,00-0034366
Miles Boykin,2023,1,1.08,1.08,0,0.005,1.227011,1.227011,0,00-0035703
River Cracraft,2023,1,1.08,1.08,0,0.005,1.227011,1.227011,0,00-0034054
Greg Ward,2023,1,1.01,1.01,0,0.004,1.147482,1.147482,0,00-0033733
Antonio Gandy-Golden,2022,1,0.895,0.895,0,0.004,1.097901,1.097901,0,00-0036340
Montrell Washington,2023,2,1.855,0.9275,0,0.004,2.107504,1.053752,0,00-0037272
Kyle Philips,2022,4,3.973328,0.993332,0.313328,0.005,4.874102,1.218525,0.384361,00-0037273
Tyron Johnson,2023,2,2.135,1.0675,0,0.005,2.425618,1.212809,0,00-0035457
Juwann Winfree,2023,2,2.135,1.0675,0,0.005,2.425618,1.212809,0,00-0035593
Andy Jones,2021,1,0.85,0.85,0,0.005,1.189534,1.189534,0,00-0032707
Marcell Ateman,2023,1,0.94,0.94,0,0.004,1.067954,1.067954,0,00-0034747
Christian Blake,2022,1,0.965,0.965,0,0.005,1.18377,1.18377,0,00-0034132
Chad Hansen,2022,1,0.895,0.895,0,0.004,1.097901,1.097901,0,NA
Victor Bolden,2023,1,0.94,0.94,0,0.004,1.067954,1.067954,0,00-0033306
Gehrig Dieter,2022,1,0.895,0.895,0,0.004,1.097901,1.097901,0,00-0033474
Trey Quinn,2023,1,0.94,0.94,0,0.004,1.067954,1.067954,0,00-0034339
Darrius Shepherd,2023,1,0.94,0.94,0,0.004,1.067954,1.067954,0,00-0035181
Daurice Fountain,2023,1,1.01,1.01,0,0.004,1.147482,1.147482,0,00-0034395
Amara Darboh,2021,1,0.85,0.85,0,0.005,1.189534,1.189534,0,00-0033937
Diontae Spencer,2023,1,1.01,1.01,0,0.004,1.147482,1.147482,0,00-0031319
Jason Moore,2023,1,1.01,1.01,0,0.004,1.147482,1.147482,0,00-0035432
Cameron Batson,2022,1,0.965,0.965,0,0.005,1.18377,1.18377,0,00-0034652
Deante Burton,2022,1,0.965,0.965,0,0.005,1.18377,1.18377,0,00-0033222
Javon Wims,2023,1,1.01,1.01,0,0.004,1.147482,1.147482,0,00-0034426
Corey Coleman,2022,1,0.965,0.965,0,0.005,1.18377,1.18377,0,00-0032966
Nsimba Webster,2023,1,1.01,1.01,0,0.004,1.147482,1.147482,0,00-0035621
Justin Shorter,2023,4,4.163948,1.040987,0.323948,0.005,4.730749,1.182687,0.368044,00-0038590
Jalen Nailor,2022,4,3.84066,0.960165,0.18066,0.005,4.711357,1.177839,0.221617,00-0037291
Dontayvion Wicks,2023,4,4.142544,1.035636,0.302544,0.005,4.706431,1.176608,0.343727,00-0038393
Tyler Johnson,2023,1,1.035,1.035,0,0.005,1.175885,1.175885,0,00-0036427
Michael Woods,2022,4,3.828292,0.957073,0.168292,0.005,4.696185,1.174046,0.206445,00-0037300
Dan Chisena,2023,2,1.995,0.9975,0,0.004,2.266561,1.133281,0,00-0035976
J'Mon Moore,2021,2,1.675,0.8375,0,0.005,2.344082,1.172041,0,00-0034268
Derrick Willies,2021,2,1.675,0.8375,0,0.005,2.344082,1.172041,0,00-0034258
Tanner Gentry,2022,2,1.775,0.8875,0.01,0.004,2.177402,1.088701,0.012267,00-0033633
Deontay Burnett,2021,2,1.675,0.8375,0,0.005,2.344082,1.172041,0,00-0034653
Cyril Grayson,2022,1,0.207,0.207,0,0.001,0.253928,0.253928,0,NA
Greg Dortch,2023,1,1.01,1.01,0,0.004,1.147482,1.147482,0,00-0035500
Cody Hollister,2022,1,0.895,0.895,0,0.004,1.097901,1.097901,0,00-0033386
Fred Brown,2021,2,1.675,0.8375,0,0.005,2.344082,1.172041,0,00-0033994
Tyrie Cleveland,2023,1,1.01,1.01,0,0.004,1.147482,1.147482,0,00-0036439
Damion Willis,2021,2,1.675,0.8375,0,0.005,2.344082,1.172041,0,00-0035401
Ja'Marcus Bradley,2023,1,0.94,0.94,0,0.004,1.067954,1.067954,0,00-0036110
Chris Lacy,2023,1,0.87,0.87,0,0.004,0.988425,0.988425,0,00-0034593
Duke Williams,2021,2,1.675,0.8375,0,0.005,2.344082,1.172041,0,00-0032945
Hakeem Butler,2023,1,0.87,0.87,0,0.004,0.988425,0.988425,0,00-0035529
Joe Reed,2023,1,0.87,0.87,0,0.004,0.988425,0.988425,0,00-0036377
Freddie Swain,2023,1,1.01,1.01,0,0.004,1.147482,1.147482,0,00-0036247
Collin Johnson,2023,1,0.94,0.94,0,0.004,1.067954,1.067954,0,00-0036254
Puka Nacua,2023,4,4.08498,1.021245,0.24498,0.005,4.641032,1.160258,0.278327,00-0039075
Quintez Cephus,2020,4,3.599292,0.899823,0.304292,0.005,4.638038,1.15951,0.39211,00-0036277
Dezmon Patmon,2023,1,1.02,1.02,0.01,0.005,1.158843,1.158843,0.011361,00-0036228
John Hightower,2023,1,0.87,0.87,0,0.004,0.988425,0.988425,0,00-0036398
Isaiah Coulter,2023,2,1.86,0.93,0.005,0.004,2.113185,1.056593,0.005681,00-0036308
Bo Melton,2023,2,1.665,0.8325,0,0.004,1.891641,0.945821,0,00-0037091
Dareke Young,2022,4,3.7611,0.940275,0.1011,0.005,4.613761,1.15344,0.12402,00-0037093
Darnell Mooney,2020,4,3.577048,0.894262,0.282048,0.005,4.609375,1.152344,0.363446,00-0036309
K.J. Osborn,2020,4,3.562772,0.890693,0.267772,0.004,4.590979,1.147745,0.34505,00-0036345
Keith Kirkwood,2023,1,1.01,1.01,0,0.004,1.147482,1.147482,0,00-0034317
Penny Hart,2023,1,1.01,1.01,0,0.004,1.147482,1.147482,0,00-0035022
Javelin Guidry,2023,1,1.01,1.01,0,0.004,1.147482,1.147482,0,00-0036149
James Proche,2023,1,1.01,1.01,0,0.004,1.147482,1.147482,0,00-0036133
Samori Toure,2022,4,3.737012,0.934253,0.077012,0.004,4.584212,1.146053,0.094471,00-0037098
Parker Washington,2023,4,4.032264,1.008066,0.192264,0.004,4.58114,1.145285,0.218435,00-0038606
Kayshon Boutte,2023,4,4.027274,1.006819,0.187274,0.004,4.575471,1.143868,0.212766,00-0038608
Austin Watkins,2023,1,0.75,0.75,0,0.003,0.852091,0.852091,0,00-0036676
Trey Palmer,2023,4,4.019296,1.004824,0.179296,0.004,4.566407,1.141602,0.203702,00-0039052
Tyler Vaughns,2022,1,0.705,0.705,0,0.003,0.864827,0.864827,0,NA
A.T. Perry,2023,4,4.016364,1.004091,0.176364,0.004,4.563075,1.140769,0.200371,00-0038612
Elijah Higgins,2023,4,4.01588,1.00397,0.17588,0.004,4.562526,1.140631,0.199821,00-0039041
Cade Johnson,2023,1,0.87,0.87,0,0.004,0.988425,0.988425,0,00-0036810
Dillon Stoner,2022,1,0.825,0.825,0,0.004,1.012032,1.012032,0,00-0036526
Josh Imatorbhebhe,2021,3,2.445,0.815,0.07,0.004,3.42166,1.140553,0.097962,NA
Connor Wedington,2023,1,0.75,0.75,0,0.003,0.852091,0.852091,0,NA
Tim Jones,2023,1,0.87,0.87,0,0.004,0.988425,0.988425,0,00-0036497
Tarik Black,2023,1,0.75,0.75,0,0.003,0.852091,0.852091,0,00-0036491
Blake Proehl,2023,1,0.87,0.87,0,0.004,0.988425,0.988425,0,00-0036818
Javon McKinley,2022,1,0.705,0.705,0,0.003,0.864827,0.864827,0,NA
Xavier Hutchinson,2023,4,4.0037,1.000925,0.1637,0.004,4.548688,1.137172,0.185983,00-0038618
Damon Hazelton,2022,1,0.705,0.705,0,0.003,0.864827,0.864827,0,NA
Brandon Smith,2023,1,0.75,0.75,0,0.003,0.852091,0.852091,0,00-0036775
Andrei Iosivas,2023,4,3.999392,0.999848,0.159392,0.004,4.543793,1.135948,0.181089,00-0038619
Sage Surratt,2022,1,0.705,0.705,0,0.003,0.864827,0.864827,0,NA
D.J. Turner,2023,2,1.855,0.9275,0,0.004,2.107504,1.053752,0,00-0036527
Warren Jackson,2022,2,1.575,0.7875,0,0.004,1.932061,0.96603,0,NA
Jhamon Ausbon,2021,3,2.435,0.811667,0.08,0.004,3.407666,1.135889,0.111956,NA
Antonio Nunn,2021,3,2.435,0.811667,0.03,0.004,3.407666,1.135889,0.041984,NA
Whop Philyor,2021,3,2.435,0.811667,0.04,0.004,3.407666,1.135889,0.055978,NA
Jonathan Adams Jr.,2021,3,2.435,0.811667,0.09,0.004,3.407666,1.135889,0.125951,NA
Isaiah McKoy,2021,3,2.434,0.811333,0.009,0.004,3.406266,1.135422,0.012595,NA
Trevon Grimes,2021,3,2.4325,0.810833,0.0825,0.004,3.404167,1.134722,0.115455,NA
Bailey Gaither,2022,1,0.705,0.705,0,0.003,0.864827,0.864827,0,NA
Tamorrion Terry,2021,3,2.43,0.81,0.005,0.004,3.400668,1.133556,0.006997,NA
Tre Walker,2022,3,2.58,0.86,0.095,0.004,3.164899,1.054966,0.116537,NA
Austin Trammell,2023,1,0.87,0.87,0,0.004,0.988425,0.988425,0,00-0036841
Branden Mack,2021,3,2.43,0.81,0.005,0.004,3.400668,1.133556,0.006997,NA
Osirus Mitchell,2022,1,0.705,0.705,0,0.003,0.864827,0.864827,0,NA
T.J. Vasher,2021,3,2.43,0.81,0.055,0.004,3.400668,1.133556,0.07697,NA
Brennan Eagles,2021,3,2.43,0.81,0.055,0.004,3.400668,1.133556,0.07697,NA
Myron Mitchell,2022,1,0.705,0.705,0,0.003,0.864827,0.864827,0,NA
Rico Bussey Jr.,2022,1,0.705,0.705,0,0.003,0.864827,0.864827,0,NA
Jeremiah Haydel,2021,3,2.428,0.809333,0.003,0.004,3.39787,1.132623,0.004198,NA
Khalil McClain,2021,3,2.428,0.809333,0.003,0.004,3.39787,1.132623,0.004198,NA
Riley Lees,2021,3,2.4265,0.808833,0.0015,0.004,3.39577,1.131923,0.002099,NA
Landen Akers,2022,2,1.575,0.7875,0,0.004,1.932061,0.96603,0,00-0036598
DeVontres Dukes,2021,3,2.426,0.808667,0.001,0.004,3.395071,1.131691,0.001399,NA
T.J. Simmons,2021,3,2.426,0.808667,0.001,0.004,3.395071,1.131691,0.001399,NA
Donte Sylencieux,2021,3,2.425,0.808333,0,0.004,3.393671,1.131223,0,NA
Travis Toivonen,2022,1,0.7085,0.7085,0.0035,0.003,0.869121,0.869121,0.004293,NA
Michael Bandy,2023,1,0.87,0.87,0,0.004,0.988425,0.988425,0,00-0036959
Kai Locksley,2021,3,2.425,0.808333,0,0.004,3.393671,1.131223,0,NA
Chris Blair,2023,1,0.75,0.75,0,0.003,0.852091,0.852091,0,NA
Micah Simon,2021,3,2.425,0.808333,0,0.004,3.393671,1.131223,0,NA
Mathew Sexton,2023,1,0.75,0.75,0,0.003,0.852091,0.852091,0,00-0036471
C.J. Saunders,2023,1,0.75,0.75,0,0.003,0.852091,0.852091,0,00-0036910
Darece Roberson,2021,3,2.425,0.808333,0,0.004,3.393671,1.131223,0,NA
Demario Douglas,2023,4,3.973332,0.993333,0.133332,0.004,4.514186,1.128546,0.151481,00-0038621
Antoine Green,2023,4,3.95676,0.98919,0.11676,0.004,4.495358,1.12384,0.132653,00-0038627
Donovan Peoples-Jones,2020,4,3.481608,0.870402,0.186608,0.004,4.486391,1.121598,0.240463,00-0036233
Colton Dowell,2023,4,3.942696,0.985674,0.102696,0.004,4.47938,1.119845,0.116675,00-0038632
Quez Watkins,2020,4,3.46466,0.866165,0.16966,0.004,4.464552,1.116138,0.218623,00-0036271
Jalen Brooks,2023,4,3.922356,0.980589,0.082356,0.004,4.456271,1.114068,0.093566,00-0038640
Ronnie Bell,2023,4,3.917784,0.979446,0.077784,0.004,4.451077,1.112769,0.088372,00-0038647
Grant DuBose,2023,4,3.917784,0.979446,0.077784,0.004,4.451077,1.112769,0.088372,00-0038507
Isaiah Hodgins,2023,1,0.87,0.87,0,0.004,0.988425,0.988425,0,00-0036165
Malik Taylor,2023,1,0.94,0.94,0,0.004,1.067954,1.067954,0,00-0035480
Jesper Horsted,2023,1,1.12,1.12,0.03,0.005,1.272456,1.272456,0.034084,00-0035562
Travis Fulgham,2022,1,0.895,0.895,0,0.004,1.097901,1.097901,0,00-0035592
Davion Davis,2023,1,0.94,0.94,0,0.004,1.067954,1.067954,0,00-0035101
KeeSean Johnson,2023,1,0.9465,0.9465,0.0065,0.004,1.075339,1.075339,0.007385,00-0035287
Jauan Jennings,2023,1,0.94,0.94,0,0.004,1.067954,1.067954,0,00-0036259
Gary Jennings Jr.,2023,1,0.87,0.87,0,0.004,0.988425,0.988425,0,00-0035589
Jaleel Scott,2021,1,0.78,0.78,0,0.004,1.091573,1.091573,0,00-0034267
K.J. Hill,2021,1,0.1656,0.1656,0,0.001,0.231749,0.231749,0,00-0036382
Rodney Adams,2022,2,1.765,0.8825,0,0.004,2.165134,1.082567,0,00-0033957
Jeff Badet,2021,1,0.78,0.78,0,0.004,1.091573,1.091573,0,NA
Andre Patton,2021,1,0.78,0.78,0,0.004,1.091573,1.091573,0,00-0033705
Tevin Jones,2021,1,0.78,0.78,0,0.004,1.091573,1.091573,0,00-0032728
Isaac Whitney,2021,1,0.78,0.78,0,0.004,1.091573,1.091573,0,00-0033449
John Ursua,2021,1,0.78,0.78,0,0.004,1.091573,1.091573,0,00-0035597
Krishawn Hogan,2021,1,0.78,0.78,0,0.004,1.091573,1.091573,0,00-0033604
Lawrence Cager,2023,1,0.94,0.94,0,0.004,1.067954,1.067954,0,00-0036145
Michael Walker,2021,1,0.78,0.78,0,0.004,1.091573,1.091573,0,00-0035374
Darvin Kidsy,2021,1,0.78,0.78,0,0.004,1.091573,1.091573,0,00-0034710
Marken Michel,2022,1,0.825,0.825,0,0.004,1.012032,1.012032,0,00-0032609
Keelan Doss,2023,1,0.94,0.94,0,0.004,1.067954,1.067954,0,00-0035120
Isaiah Zuber,2023,1,0.87,0.87,0,0.004,0.988425,0.988425,0,00-0036100
Deon Cain,2023,1,0.87,0.87,0,0.004,0.988425,0.988425,0,00-0034406
Jake Lampman,2021,1,0.78,0.78,0,0.004,1.091573,1.091573,0,00-0033021
Ventell Bryant,2021,1,0.78,0.78,0,0.004,1.091573,1.091573,0,00-0035548
Riley Ridley,2019,4,3.202596,0.800649,0.682596,0.004,4.346137,1.086534,0.926328,00-0035590
Malcolm Perry,2022,1,0.88,0.88,0.055,0.004,1.0795,1.0795,0.067469,00-0036245
Terry Godwin,2022,2,1.765,0.8825,0,0.004,2.165134,1.082567,0,00-0035313
Kirk Merritt,2023,1,0.216,0.216,0,0.001,0.245402,0.245402,0,00-0035844
D.J. Montgomery,2023,2,1.855,0.9275,0,0.004,2.107504,1.053752,0,00-0035045
Trenton Irwin,2022,2,1.765,0.8825,0,0.004,2.165134,1.082567,0,00-0035341
J.J. Koski,2023,1,0.87,0.87,0,0.004,0.988425,0.988425,0,00-0035935
Easop Winston,2023,1,0.87,0.87,0,0.004,0.988425,0.988425,0,00-0036080
Kendall Hinton,2022,2,1.765,0.8825,0,0.004,2.165134,1.082567,0,00-0035864
Trishton Jackson,2023,1,0.87,0.87,0,0.004,0.988425,0.988425,0,00-0035934
Trinity Benson,2023,1,0.216,0.216,0,0.001,0.245402,0.245402,0,00-0034930
Jacob Harris,2023,1,0.94,0.94,0,0.004,1.067954,1.067954,0,00-0036918
Tom Kennedy,2023,1,0.94,0.94,0,0.004,1.067954,1.067954,0,00-0035544
David Sills,2023,1,0.94,0.94,0,0.004,1.067954,1.067954,0,00-0035359
Josh Hammond,2023,1,0.75,0.75,0,0.003,0.852091,0.852091,0,NA
Johnny Johnson III,2023,2,1.655,0.8325,0,0.004,1.88028,0.945821,0,00-0037460
Devon Williams,2022,3,2.59,0.863333,0.045,0.004,3.177166,1.059055,0.055202,NA
Isaiah Weston,2022,3,2.585,0.861667,0.075,0.004,3.171033,1.057011,0.092003,NA
Kevin Austin Jr.,2023,1,0.75,0.75,0,0.003,0.852091,0.852091,0,00-0037231
Jontre Kirklin,2023,1,0.75,0.75,0,0.003,0.852091,0.852091,0,00-0037553
Ra'Shaun Henry,2023,1,0.75,0.75,0,0.003,0.852091,0.852091,0,00-0037362
Jaivon Heiligh,2022,3,2.5775,0.859167,0.0175,0.004,3.161832,1.053945,0.021467,NA
Alex Bachman,2023,2,1.855,0.9275,0,0.004,2.107504,1.053752,0,00-0035602
Andre Baccellia,2023,2,1.855,0.9275,0,0.004,2.107504,1.053752,0,00-0035876
Braylon Sanders,2023,2,1.855,0.9275,0,0.004,2.107504,1.053752,0,00-0037355
Britain Covey,2023,2,1.855,0.9275,0,0.004,2.107504,1.053752,0,00-0037132
Kaylon Geiger,2023,2,1.855,0.9275,0,0.004,2.107504,1.053752,0,00-0037483
Stanley Berryhill,2023,1,0.87,0.87,0,0.004,0.988425,0.988425,0,00-0037581
Deven Thompkins,2022,3,2.576,0.858667,0.016,0.004,3.159992,1.053331,0.019627,00-0037487
Kalil Pimpleton,2023,1,0.75,0.75,0,0.003,0.852091,0.852091,0,00-0037443
Joshua Johnson,2022,3,2.575,0.858333,0.09,0.004,3.158766,1.052921,0.110403,NA
Rashid Shaheed,2022,3,2.575,0.858333,0.222,0.004,3.158766,1.052921,0.272329,00-0037545
Kwamie Lassiter II,2023,1,0.75,0.75,0,0.003,0.852091,0.852091,0,00-0037420
Keshunn Abram,2022,3,2.575,0.858333,0.085,0.004,3.158766,1.052921,0.10427,NA
Charleston Rambo,2023,1,0.75,0.75,0,0.003,0.852091,0.852091,0,NA
Trevon Bradford,2022,3,2.575,0.858333,0.015,0.004,3.158766,1.052921,0.018401,NA
Corey Sutton,2022,3,2.575,0.858333,0.05,0.004,3.158766,1.052921,0.061335,NA
Makai Polk,2023,1,0.75,0.75,0,0.003,0.852091,0.852091,0,NA
Kevin Shaa,2022,3,2.574,0.858,0.014,0.004,3.157539,1.052513,0.017174,NA
Demetris Robertson,2022,3,2.574,0.858,0.014,0.004,3.157539,1.052513,0.017174,NA
Michael Young Jr.,2022,3,2.5725,0.8575,0.0125,0.004,3.155699,1.0519,0.015334,NA
Jalen Virgil,2022,3,2.5725,0.8575,0.0425,0.004,3.155699,1.0519,0.052135,00-0037387
Reggie Roberson Jr.,2023,2,1.655,0.8325,0,0.004,1.88028,0.945821,0,00-0037604
Justin Hall,2022,3,2.572,0.857333,0.054,0.004,3.155085,1.051695,0.066242,NA
Jequez Ezzard,2022,3,2.57,0.856667,0.055,0.004,3.152632,1.050878,0.067469,NA
Dontario Drummond,2023,2,1.665,0.8325,0,0.004,1.891641,0.945821,0,00-0037564
Stephon Robinson,2022,3,2.57,0.856667,0.01,0.004,3.152632,1.050878,0.012267,NA
Malik Williams,2022,3,2.57,0.856667,0.01,0.004,3.152632,1.050878,0.012267,NA
Travell Harris,2022,3,2.57,0.856667,0.01,0.004,3.152632,1.050878,0.012267,NA
Chris Pierce Jr.,2023,1,0.75,0.75,0,0.003,0.852091,0.852091,0,NA
Kaden Davis,2023,1,0.75,0.75,0,0.003,0.852091,0.852091,0,00-0037380
Tay Martin,2023,1,0.75,0.75,0,0.003,0.852091,0.852091,0,00-0037524
Lance McCutcheon,2023,1,0.216,0.216,0,0.001,0.245402,0.245402,0,00-0037055
Changa Hodge,2022,3,2.5675,0.855833,0.0075,0.004,3.149565,1.049855,0.0092,NA
Brayden Lenius,2022,3,2.5675,0.855833,0.06,0.004,3.149565,1.049855,0.073602,NA
Samson Nacua,2022,3,2.567,0.855667,0.007,0.004,3.148952,1.049651,0.008587,NA
Slade Bolden,2023,1,0.75,0.75,0,0.003,0.852091,0.852091,0,00-0037173
Shemar Bridges,2023,1,0.75,0.75,0,0.003,0.852091,0.852091,0,00-0037174
Irvin Charles,2023,2,1.665,0.8325,0,0.004,1.891641,0.945821,0,00-0037156
Tyshaun James,2022,3,2.565,0.855,0.035,0.004,3.146499,1.048833,0.042935,NA
Jared Bernhardt,2022,3,2.565,0.855,0.04,0.004,3.146499,1.048833,0.049068,NA
Jaquarii Roberson,2023,2,1.665,0.8325,0,0.004,1.891641,0.945821,0,NA
Mike Harley,2023,1,0.75,0.75,0,0.003,0.852091,0.852091,0,00-0037334
Jake Herslow,2022,3,2.565,0.855,0.005,0.004,3.146499,1.048833,0.006134,NA
Ty Fryfogle,2023,1,0.75,0.75,0,0.003,0.852091,0.852091,0,00-0037566
Savon Scarver,2022,3,2.565,0.855,0.005,0.004,3.146499,1.048833,0.006134,NA
Neil Pau'u,2022,3,2.565,0.855,0.005,0.004,3.146499,1.048833,0.006134,NA
Brandon Johnson,2022,3,2.565,0.855,0.01,0.004,3.146499,1.048833,0.012267,00-0037382
Danny Davis,2022,3,2.565,0.855,0.005,0.004,3.146499,1.048833,0.006134,NA
Dai'Jean Dixon,2022,3,2.565,0.855,0.005,0.004,3.146499,1.048833,0.006134,NA
Kyric McGowan,2023,1,0.75,0.75,0,0.003,0.852091,0.852091,0,00-0037172
Tanner Conner,2023,1,0.324999,0.324999,0,0.001,0.369238,0.369238,0,00-0037348
Tre Turner,2022,3,2.565,0.855,0.04,0.004,3.146499,1.048833,0.049068,NA
Dennis Houston,2023,2,1.665,0.8325,0,0.004,1.891641,0.945821,0,00-0037570
Drew Estrada,2023,1,0.75,0.75,0,0.003,0.852091,0.852091,0,NA
Kendric Pryor,2023,1,0.216,0.216,0,0.001,0.245402,0.245402,0,00-0037422
Andre Miller,2023,1,0.75,0.75,0,0.003,0.852091,0.852091,0,00-0037448
Trevon Clark,2022,3,2.5625,0.854167,0.0025,0.004,3.143432,1.047811,0.003067,NA
Raleigh Webb,2023,1,0.216,0.216,0,0.001,0.245402,0.245402,0,00-0037185
Derek Wright,2023,1,0.75,0.75,0,0.003,0.852091,0.852091,0,00-0037368
Thomas Hennigan,2022,3,2.5625,0.854167,0.0025,0.004,3.143432,1.047811,0.003067,NA
Talolo Limu-Jones,2022,3,2.562,0.854,0.002,0.004,3.142818,1.047606,0.002453,NA
Andrew Parchment,2022,3,2.562,0.854,0.002,0.004,3.142818,1.047606,0.002453,NA
Lujuan Winningham,2022,3,2.562,0.854,0.002,0.004,3.142818,1.047606,0.002453,NA
Landon Lenoir,2022,3,2.562,0.854,0.002,0.004,3.142818,1.047606,0.002453,NA
Ethan Fernea,2023,1,0.75,0.75,0,0.003,0.852091,0.852091,0,NA
Kekoa Crawford,2023,1,0.75,0.75,0,0.003,0.852091,0.852091,0,00-0037391
Cyrus Holder,2022,3,2.561,0.853667,0.001,0.004,3.141592,1.047198,0.001227,NA
Jerreth Sterns,2023,2,1.665,0.8325,0,0.004,1.891641,0.945821,0,NA
Henry Litwin,2022,3,2.561,0.853667,0.001,0.004,3.141592,1.047198,0.001227,NA
Jack Sorenson,2022,3,2.561,0.853667,0.001,0.004,3.141592,1.047198,0.001227,NA
Kameron Brown,2022,3,2.561,0.853667,0.001,0.004,3.141592,1.047198,0.001227,NA
Taysir Mack,2022,3,2.56,0.853333,0,0.004,3.140365,1.046788,0,NA
Justyn Ross,2022,3,2.56,0.853333,0,0.004,3.140365,1.046788,0,00-0037216
DeVonte Dedmon,2022,3,2.56,0.853333,0.02,0.004,3.140365,1.046788,0.024534,NA
Calvin Jackson,2022,3,2.56,0.853333,0,0.004,3.140365,1.046788,0,NA
DEriq King,2022,3,2.56,0.853333,0,0.004,3.140365,1.046788,0,NA
Devon Allen,2023,2,1.665,0.8325,0,0.004,1.891641,0.945821,0,00-0037039
Kevin Kassis,2022,3,2.56,0.853333,0,0.004,3.140365,1.046788,0,NA
Kavontae Turpin,2022,3,2.56,0.853333,0,0.004,3.140365,1.046788,0,00-0037801
JaVonta Payton,2022,3,2.56,0.853333,0.05,0.004,3.140365,1.046788,0.061335,NA
Ryan McDaniel,2022,3,2.56,0.853333,0,0.004,3.140365,1.046788,0,NA
Jared Smart,2022,3,2.56,0.853333,0,0.004,3.140365,1.046788,0,NA
Daylen Baldwin,2023,1,0.75,0.75,0,0.003,0.852091,0.852091,0,00-0038147
Maurice Alexander,2023,1,0.87,0.87,0,0.004,0.988425,0.988425,0,00-0037708
Keric Wheatfall,2022,3,2.56,0.853333,0,0.004,3.140365,1.046788,0,NA
Tyler Snead,2022,3,2.56,0.853333,0,0.004,3.140365,1.046788,0,NA
Brandon Lewis,2022,3,2.56,0.853333,0,0.004,3.140365,1.046788,0,NA
Derrick Dillon,2022,1,0.705,0.705,0,0.003,0.864827,0.864827,0,00-0035813
Khalil Tate,2021,1,1.485,0.7425,0,0.004,2.078186,1.039093,0,NA
Manasseh Bailey,2021,2,1.485,0.7425,0,0.004,2.078186,1.039093,0,00-0035996
Rashard Davis,2022,1,0.705,0.705,0,0.003,0.864827,0.864827,0,00-0034034
Codey McElroy,2022,2,1.575,0.7875,0,0.004,1.932061,0.96603,0,00-0034735
Reggie Davis,2021,2,1.485,0.7425,0,0.004,2.078186,1.039093,0,00-0033815
Jon'Vea Johnson,2021,2,1.485,0.7425,0,0.004,2.078186,1.039093,0,00-0035417
Aaron Parker,2022,1,0.705,0.705,0,0.003,0.864827,0.864827,0,00-0036034
Kalija Lipscomb,2021,2,1.485,0.7425,0,0.004,2.078186,1.039093,0,NA
Cody White,2023,1,0.87,0.87,0,0.004,0.988425,0.988425,0,00-0035891
John Hurst,2022,1,0.705,0.705,0,0.003,0.864827,0.864827,0,00-0036104
Travis Jonsen,2022,2,1.575,0.7875,0,0.004,1.932061,0.96603,0,NA
Johnnie Dixon,2021,2,1.485,0.7425,0,0.004,2.078186,1.039093,0,00-0035450
Josh Pearson,2021,2,1.485,0.7425,0,0.004,2.078186,1.039093,0,00-0036107
Mason Kinsey,2023,2,1.665,0.8325,0,0.004,1.891641,0.945821,0,00-0036176
De'Mornay Pierson-El,2021,1,1.485,0.7425,0,0.004,2.078186,1.039093,0,00-0034103
Jason Brownlee,2023,3,2.725,0.908333,0.246,0.004,3.09593,1.031976,0.279486,00-0038492
Joseph Ngata,2023,3,2.725,0.908333,0.23,0.004,3.09593,1.031976,0.261308,00-0038484
Rakim Jarrett,2023,3,2.72,0.906667,0.225,0.004,3.090249,1.030083,0.255627,00-0038821
Brycen Tremayne,2023,3,2.715,0.905,0.1,0.004,3.084569,1.02819,0.113612,00-0038840
Bryce Ford-Wheaton,2023,3,2.715,0.905,0.236,0.004,3.084569,1.02819,0.268125,00-0038477
Justin Marshall,2023,3,2.7125,0.904167,0.0475,0.004,3.081728,1.027243,0.053966,NA
Xavier Gipson,2023,3,2.71,0.903333,0.165,0.004,3.078888,1.026296,0.18746,00-0038496
Chase Cota,2023,3,2.71,0.903333,0.08,0.004,3.078888,1.026296,0.09089,00-0038651
Jalen Wayne,2023,3,2.71,0.903333,0.015,0.004,3.078888,1.026296,0.017042,00-0038681
Nikko Remigio,2023,3,2.71,0.903333,0.05,0.004,3.078888,1.026296,0.056806,00-0038519
Zavier Scott,2023,3,2.71,0.903333,0.045,0.004,3.078888,1.026296,0.051125,00-0038440
Malik Knowles,2023,3,2.71,0.903333,0.075,0.004,3.078888,1.026296,0.085209,NA
Mitchell Tinsley,2023,3,2.71,0.903333,0.135,0.004,3.078888,1.026296,0.153376,00-0038839
Braydon Johnson,2023,3,2.71,0.903333,0.015,0.004,3.078888,1.026296,0.017042,NA
Kazmeir Allen,2023,3,2.71,0.903333,0.09,0.004,3.078888,1.026296,0.102251,00-0038830
Jadon Haselwood,2023,3,2.7075,0.9025,0.1275,0.004,3.076048,1.025349,0.144855,00-0038483
Cody Chrest,2023,3,2.7075,0.9025,0.0125,0.004,3.076048,1.025349,0.014202,00-0038430
Daniel Arias,2023,3,2.707,0.902333,0.087,0.004,3.07548,1.025159,0.098843,00-0038702
Josh Vann,2023,3,2.705,0.901667,0.04,0.004,3.073207,1.024403,0.045445,00-0038780
Tre'Shaun Harrison,2023,3,2.705,0.901667,0.015,0.004,3.073207,1.024403,0.017042,00-0038844
Jake Bobo,2023,3,2.705,0.901667,0.01,0.004,3.073207,1.024403,0.011361,00-0038752
Ryan Miller,2023,3,2.705,0.901667,0.01,0.004,3.073207,1.024403,0.011361,00-0038824
Jesse Matthews,2023,3,2.705,0.901667,0.06,0.004,3.073207,1.024403,0.068167,NA
Jared Wayne,2023,3,2.705,0.901667,0.21,0.004,3.073207,1.024403,0.238585,00-0038728
Xavier Malone,2023,3,2.705,0.901667,0.01,0.004,3.073207,1.024403,0.011361,00-0038928
Jalen Moreno-Cropper,2023,3,2.705,0.901667,0.15,0.004,3.073207,1.024403,0.170418,00-0038740
Tyrell Shavers,2023,3,2.7035,0.901667,0.0085,0.004,3.071503,1.024403,0.009657,00-0038679
T.J. Luther,2023,3,2.705,0.901667,0.045,0.004,3.073207,1.024403,0.051125,00-0038502
John Hall,2023,3,2.705,0.901667,0.01,0.004,3.073207,1.024403,0.011361,00-0038759
David Durden,2023,3,2.705,0.901667,0.15,0.004,3.073207,1.024403,0.170418,00-0038734
Matt Landers,2023,3,2.705,0.901667,0.01,0.004,3.073207,1.024403,0.011361,00-0038762
Elijah Cooks,2023,3,2.705,0.901667,0.07,0.004,3.073207,1.024403,0.079528,00-0038667
Shaq Davis,2023,3,2.705,0.901667,0.226,0.004,3.073207,1.024403,0.256763,00-0038902
Thayer Thomas,2023,3,2.705,0.901667,0.11,0.004,3.073207,1.024403,0.124973,00-0038810
Braxton Westfield,2023,3,2.705,0.901666,0.055,0.004,3.073207,1.024402,0.062487,NA
Jacob Copeland,2023,3,2.705,0.901666,0.05,0.004,3.073207,1.024402,0.056806,00-0038843
Kristian Wilkerson,2023,1,0.87,0.87,0,0.004,0.988425,0.988425,0,00-0036183
Thyrick Pitts,2023,3,2.7045,0.9015,0.0095,0.004,3.072639,1.024213,0.010793,00-0038427
Duece Watts,2023,3,2.704,0.901333,0.009,0.004,3.072071,1.024023,0.010225,00-0038472
Malik Heath,2023,3,2.704,0.901333,0.009,0.004,3.072071,1.024023,0.010225,00-0038465
Aron Cruickshank,2023,3,2.703,0.901,0.008,0.004,3.070935,1.023645,0.009089,NA
Shae Wyatt,2023,3,2.703,0.901,0.043,0.004,3.070935,1.023645,0.048853,NA
Terrell Bynum,2023,3,2.7025,0.900833,0.0075,0.004,3.070367,1.023455,0.008521,00-0038860
Shedrick Jackson,2023,3,2.7025,0.900833,0.0075,0.004,3.070367,1.023455,0.008521,00-0038891
Jaray Jenkins,2023,3,2.7025,0.900833,0.0825,0.004,3.070367,1.023455,0.09373,00-0038671
Jordan Byrd,2023,3,2.7025,0.900833,0.0075,0.004,3.070367,1.023455,0.008521,00-0038743
Bryan Thompson,2023,3,2.7015,0.9005,0.0065,0.004,3.069231,1.023077,0.007385,00-0038680
Cephus Johnson,2023,3,2.701,0.900333,0.026,0.004,3.068663,1.022887,0.029539,00-0038805
Pokey Wilson,2023,3,2.7,0.9,0.005,0.004,3.067527,1.022509,0.005681,00-0038873
Keytaon Thompson,2023,3,2.7,0.9,0.005,0.004,3.067527,1.022509,0.005681,NA
Keilahn Harris,2023,3,2.7,0.9,0.005,0.004,3.067527,1.022509,0.005681,00-0038926
Xavier Smith,2023,3,2.7,0.9,0.005,0.004,3.067527,1.022509,0.005681,00-0038359
Johnny King,2023,3,2.7,0.9,0.005,0.004,3.067527,1.022509,0.005681,00-0038434
Sean Ryan,2023,3,2.7,0.9,0.005,0.004,3.067527,1.022509,0.005681,00-0038455
Kade Warner,2023,3,2.7,0.9,0.005,0.004,3.067527,1.022509,0.005681,00-0038829
Chris Coleman,2023,3,2.7,0.9,0.017,0.004,3.067527,1.022509,0.019314,00-0038687
Willie Johnson,2022,3,2.56,0.833333,0,0.004,3.140365,1.022254,0,NA
Dallas Daniels,2023,3,2.698,0.899333,0.003,0.004,3.065254,1.021751,0.003408,NA
John Stephens,2023,3,2.698,0.899333,0.003,0.004,3.065254,1.021751,0.003408,00-0038741
Jose Barbon,2023,3,2.698,0.899333,0.003,0.004,3.065254,1.021751,0.003408,00-0038730
Dontay Demus Jr.,2023,3,2.6975,0.899167,0.0025,0.004,3.064686,1.021563,0.00284,00-0038447
Jalen Sample,2023,3,2.6975,0.899167,0.0025,0.004,3.064686,1.021563,0.00284,00-0038836
Zion Bowens,2023,3,2.6975,0.899167,0.0025,0.004,3.064686,1.021563,0.00284,00-0038831
Sy Barnett,2023,3,2.6975,0.899167,0.0025,0.004,3.064686,1.021563,0.00284,NA
Taye Barber,2023,3,2.697,0.899,0.002,0.004,3.064118,1.021373,0.002272,00-0038814
Taylor Grimes,2023,3,2.697,0.899,0.002,0.004,3.064118,1.021373,0.002272,00-0038789
Ty Scott,2023,3,2.6965,0.898833,0.0015,0.004,3.06355,1.021183,0.001704,00-0038520
Oliver Martin,2023,3,2.696,0.898667,0.002,0.004,3.062982,1.020994,0.002272,00-0038672
Isaiah Winstead,2023,3,2.696,0.898667,0.001,0.004,3.062982,1.020994,0.001136,00-0038883
C.J. Johnson,2023,3,2.696,0.898667,0.001,0.004,3.062982,1.020994,0.001136,NA
Tyjon Lindsey,2023,3,2.696,0.898667,0.001,0.004,3.062982,1.020994,0.001136,00-0038763
Malik Flowers,2023,3,2.696,0.898667,0.001,0.004,3.062982,1.020994,0.001136,NA
Avery Davis,2023,3,2.695,0.898333,0,0.004,3.061846,1.020615,0,NA
Garett Maag,2023,3,2.695,0.898333,0,0.004,3.061846,1.020615,0,00-0039043
Dylan Drummond,2023,3,2.695,0.898333,0,0.004,3.061846,1.020615,0,00-0038953
Nick Williams,2023,3,2.695,0.898333,0,0.004,3.061846,1.020615,0,00-0039045
Ed Lee,2023,3,2.695,0.898333,0,0.004,3.061846,1.020615,0,NA
Michael Tutsie,2023,3,2.695,0.898333,0,0.004,3.061846,1.020615,0,NA
Lucky Jackson,2023,3,2.695,0.898333,0,0.004,3.061846,1.020615,0,00-0038181
Jerome Kapp,2023,3,2.695,0.898333,0,0.004,3.061846,1.020615,0,00-0039033
Sam James,2023,3,2.695,0.898333,0,0.004,3.061846,1.020615,0,NA
Jadakis Bonds,2023,3,2.695,0.898333,0,0.004,3.061846,1.020615,0,00-0039022
Brian Cobbs,2023,3,2.695,0.898333,0,0.004,3.061846,1.020615,0,00-0039011
Tyler Hudson,2023,3,2.695,0.898333,0,0.004,3.061846,1.020615,0,00-0038356
Milton Wright,2023,3,2.695,0.898333,0,0.004,3.061846,1.020615,0,00-0039168
Kody Case,2023,3,2.695,0.898333,0,0.004,3.061846,1.020615,0,00-0038532
Tyler Adams,2023,3,2.695,0.898333,0,0.004,3.061846,1.020615,0,NA
Kearis Jackson,2023,3,2.695,0.898333,0,0.004,3.061846,1.020615,0,00-0038969
Gavin Holmes,2023,3,2.695,0.898333,0,0.004,3.061846,1.020615,0,00-0038962
Josh Ali,2023,3,2.695,0.898333,0,0.004,3.061846,1.020615,0,00-0038149
Mac Hippenhammer,2023,3,2.695,0.898333,0,0.004,3.061846,1.020615,0,00-0038887
Malachi Carter,2023,3,2.695,0.898333,0,0.004,3.061846,1.020615,0,00-0038886
Izaiah Gathings,2023,3,2.695,0.898333,0,0.004,3.061846,1.020615,0,00-0038954
Antoine Wesley,2023,1,0.2898,0.2898,0,0.001,0.329248,0.329248,0,00-0035126
Cody Thompson,2023,1,0.87,0.87,0,0.004,0.988425,0.988425,0,00-0035164
Kelvin Harmon,2022,1,0.825,0.825,0,0.004,1.012032,1.012032,0,00-0035297
De'Michael Harris,2022,1,0.825,0.825,0,0.004,1.012032,1.012032,0,NA
Austin Mack,2022,1,0.825,0.825,0,0.004,1.012032,1.012032,0,NA
Maurice Ffrench,2022,1,0.825,0.825,0,0.004,1.012032,1.012032,0,00-0035883
Tyler Simmons,2021,1,0.66,0.66,0,0.004,0.923638,0.923638,0,00-0036070
Chris Rowland,2021,1,0.66,0.66,0,0.004,0.923638,0.923638,0,00-0035789
Johnathon Johnson,2020,3,2.3015,0.767167,0.0165,0.004,2.965707,0.988569,0.021262,00-0036141
Chris Finke,2022,1,0.705,0.705,0,0.003,0.864827,0.864827,0,NA
Zimari Manning,2020,3,2.2975,0.765833,0.0125,0.004,2.960552,0.98685,0.016107,NA
Matt Cole,2022,1,0.705,0.705,0,0.003,0.864827,0.864827,0,00-0035838
Binjimen Victor,2022,1,0.705,0.705,0,0.003,0.864827,0.864827,0,00-0035819
JoJo Ward,2021,1,0.66,0.66,0,0.004,0.923638,0.923638,0,NA
Quartney Davis,2021,1,0.66,0.66,0,0.004,0.923638,0.923638,0,00-0035978
Juwan Johnson,2023,2,12.01,6.005,8.51,0.027,13.644813,6.822407,9.66839,00-0036040
Stephen Guidry,2020,3,2.295,0.765,0.11,0.004,2.957331,0.985777,0.141746,NA
TreVontae Hights,2020,3,2.293,0.764333,0.018,0.004,2.954754,0.984917,0.023195,NA
Dalton Schoen,2021,1,0.66,0.66,0,0.004,0.923638,0.923638,0,00-0035960
Seth Dawkins,2020,3,2.2925,0.764167,0.0075,0.004,2.954109,0.984704,0.009664,00-0036055
Aaron Fuller,2022,1,0.705,0.705,0,0.003,0.864827,0.864827,0,00-0035987
Will Hastings,2020,3,2.2925,0.764167,0.0575,0.004,2.954109,0.984704,0.074094,00-0036091
Darrell Stewart,2020,3,2.292,0.764,0.007,0.004,2.953465,0.984488,0.00902,NA
Ahmad Wagner,2020,3,2.291,0.763667,0.011,0.004,2.952177,0.984059,0.014175,00-0036211
Kyle Williams,2020,3,2.2905,0.7635,0.018,0.004,2.951532,0.983844,0.023195,00-0036184
Kendrick Rogers,2020,3,2.29,0.763333,0.005,0.004,2.950888,0.983629,0.006443,NA
Isaiah Wright,2020,3,2.29,0.763333,0.015,0.004,2.950888,0.983629,0.019329,00-0036142
Scotty Washington,2023,1,0.75,0.75,0,0.003,0.852091,0.852091,0,00-0035769
Brandon Polk,2020,3,2.29,0.763333,0.005,0.004,2.950888,0.983629,0.006443,NA
Tony Brown,2021,1,0.66,0.66,0,0.004,0.923638,0.923638,0,00-0036111
Tony Brown,2023,1,1.2325,1.2325,0.5,0.005,1.400269,1.400269,0.56806,00-0034540
Sean Riley,2020,3,2.29,0.763333,0.015,0.004,2.950888,0.983629,0.019329,NA
Jalen McCleskey,2022,2,1.575,0.7875,0,0.004,1.932061,0.96603,0,00-0035786
Jordan Lasley,2018,4,2.728676,0.682169,0.268676,0.004,3.932866,0.983216,0.387245,00-0034271
Earnest Edwards,2020,3,2.289,0.763,0.004,0.004,2.949599,0.9832,0.005154,00-0035931
Jeremiah Braswell,2020,3,2.288,0.762667,0.003,0.004,2.948311,0.982771,0.003866,NA
Steven Mitchell,2020,2,1.525,0.7625,0,0.004,1.965111,0.982555,0,00-0034081
Alexander Hollins,2021,1,0.1656,0.1656,0,0.001,0.231749,0.231749,0,00-0035104
Marvelle Ross,2020,3,2.2875,0.7625,0.0075,0.004,2.947666,0.982555,0.009664,00-0035834
George Campbell,2020,3,2.2875,0.7625,0.0025,0.004,2.947666,0.982555,0.003221,00-0036146
Justice Shelton-Mosley,2020,3,2.2875,0.7625,0.0025,0.004,2.947666,0.982555,0.003221,00-0035888
Jeff Thomas,2020,3,2.2875,0.7625,0.0025,0.004,2.947666,0.982555,0.003221,00-0036098
Shane Leatherbury,2020,3,2.287,0.762333,0.002,0.004,2.947022,0.98234,0.002577,NA
Jeff Cotton,2023,1,0.75,0.75,0,0.003,0.852091,0.852091,0,NA
Jaylon Moore,2023,1,0.75,0.75,0,0.003,0.852091,0.852091,0,00-0036125
Rashad Medaris,2020,3,2.287,0.762333,0.002,0.004,2.947022,0.98234,0.002577,NA
Devin Phelps,2020,3,2.286,0.762,0.001,0.004,2.945734,0.981911,0.001289,NA
Aleva Hifo,2021,1,0.66,0.66,0,0.004,0.923638,0.923638,0,NA
Siaosi Mariner,2021,1,0.66,0.66,0,0.004,0.923638,0.923638,0,NA
Juwan Green,2023,1,0.75,0.75,0,0.003,0.852091,0.852091,0,NA
Michael Dereus,2021,1,0.66,0.66,0,0.004,0.923638,0.923638,0,00-0036074
Omar Bayless,2022,1,0.705,0.705,0,0.003,0.864827,0.864827,0,00-0035947
Dylan Cantrell,2021,1,0.78,0.78,0,0.004,1.091573,1.091573,0,00-0034409
Ishmael Hyman,2022,1,0.705,0.705,0,0.003,0.864827,0.864827,0,00-0034922
A.J. Richardson,2021,1,0.66,0.66,0,0.004,0.923638,0.923638,0,00-0035491
Devin Gray,2022,1,0.705,0.705,0,0.003,0.864827,0.864827,0,00-0034141
Reece Horn,2021,1,0.66,0.66,0,0.004,0.923638,0.923638,0,00-0033092
Thomas Ives,2021,1,0.66,0.66,0,0.004,0.923638,0.923638,0,00-0035074
Anthony Ratliff-Williams,2021,1,0.66,0.66,0,0.004,0.923638,0.923638,0,00-0035520
Austin Proehl,2022,1,0.705,0.705,0,0.003,0.864827,0.864827,0,00-0034442
Anthony Johnson,2021,1,0.66,0.66,0,0.004,0.923638,0.923638,0,00-0035474
Anthony Johnson,2023,3,2.71,0.903333,0.231,0.004,3.078888,1.026296,0.262444,00-0038907
Bug Howard,2022,1,0.705,0.705,0,0.003,0.864827,0.864827,0,00-0033261
Jordan Veasy,2022,1,0.705,0.705,0,0.003,0.864827,0.864827,0,00-0034669
Jester Weah,2021,1,0.66,0.66,0,0.004,0.923638,0.923638,0,00-0034633
DeAndre Thompkins,2021,1,0.66,0.66,0,0.004,0.923638,0.923638,0,00-0035385
Reggie Begelton,2021,1,0.66,0.66,0,0.004,0.923638,0.923638,0,NA
Kabion Ento,2022,1,0.705,0.705,0,0.003,0.864827,0.864827,0,00-0035079
Devin Ross,2023,1,0.216,0.216,0,0.001,0.245402,0.245402,0,00-0034667
Jody Fortson,2023,1,0.94,0.94,0,0.004,1.067954,1.067954,0,00-0035547
De'Quan Hampton,2021,1,0.66,0.66,0,0.004,0.923638,0.923638,0,00-0034027
Caleb Scott,2021,1,0.66,0.66,0,0.004,0.923638,0.923638,0,00-0034243
Marcus Green,2020,2,1.11,0.555,0,0.003,1.430343,0.715172,0,00-0035296
Dillon Mitchell,2020,2,1.11,0.555,0,0.003,1.430343,0.715172,0,00-0035002
Olabisi Johnson,2019,4,2.594576,0.648644,0.074576,0.003,3.521013,0.880253,0.101205,00-0035006
Deontez Alexander,2022,1,0.705,0.705,0,0.003,0.864827,0.864827,0,NA
Keon Hatcher,2020,2,1.26,0.63,0,0.003,1.623633,0.811816,0,00-0033441
Damion Jeanpiere,2019,3,1.775,0.591667,0.02,0.003,2.408794,0.802932,0.027141,00-0035443
Marcus Simms,2019,3,1.775,0.591667,0.02,0.003,2.408794,0.802932,0.027141,NA
Alex Wesley,2019,3,1.77,0.59,0.1,0.003,2.402009,0.80067,0.135707,00-0035018
Malik Henry,2019,3,1.77,0.59,0.09,0.003,2.402009,0.80067,0.122136,00-0035031
Nick Easley,2020,2,1.1165,0.55825,0.0065,0.003,1.438719,0.719359,0.008376,00-0035353
Emanuel Hall,2020,2,1.11,0.555,0,0.003,1.430343,0.715172,0,00-0035070
Terry Wright,2020,2,1.11,0.555,0,0.003,1.430343,0.715172,0,00-0035097
Ryan Davis,2019,3,1.765,0.588333,0.07,0.003,2.395223,0.798407,0.094995,00-0034965
TJ Rahming,2020,2,1.11,0.555,0,0.003,1.430343,0.715172,0,NA
DaMarkus Lodge,2019,3,1.765,0.588333,0.01,0.003,2.395223,0.798407,0.013571,00-0035475
Jazz Ferguson,2019,3,1.763,0.587667,0.008,0.003,2.392509,0.797503,0.010857,00-0035090
Matthew Eaton,2019,3,1.762,0.587333,0.007,0.003,2.391152,0.79705,0.009499,00-0035078
Kelvin McKnight,2020,2,1.11,0.555,0,0.003,1.430343,0.715172,0,00-0034949
CJ Worton,2019,3,1.76,0.586667,0.005,0.003,2.388438,0.796146,0.006785,NA
Reggie White,2020,2,1.1175,0.55875,0.0075,0.003,1.440008,0.720004,0.009664,00-0035019
Shawn Poindexter,2019,3,1.76,0.586667,0.025,0.003,2.388438,0.796146,0.033927,00-0035035
Felton Davis,2019,3,1.76,0.586667,0.005,0.003,2.388438,0.796146,0.006785,NA
Tyre Brady,2019,3,1.76,0.586667,0.02,0.003,2.388438,0.796146,0.027141,00-0035361
Xavier Ubosi,2019,3,1.7585,0.586167,0.0135,0.003,2.386402,0.795468,0.01832,NA
Jonathan Duhart,2019,3,1.758,0.586,0.01,0.003,2.385724,0.795241,0.013571,00-0035325
Romell Guerrier,2019,3,1.758,0.586,0.003,0.003,2.385724,0.795241,0.004071,NA
Jamal Custis,2019,3,1.758,0.586,0.106,0.003,2.385724,0.795241,0.143849,00-0035153
Dredrick Snelson,2019,3,1.758,0.586,0.003,0.003,2.385724,0.795241,0.004071,NA
Kahlil Lewis,2019,3,1.7575,0.585833,0.0025,0.003,2.385045,0.795015,0.003393,00-0035200
Jonathan Lloyd,2019,3,1.757,0.585667,0.002,0.003,2.384367,0.794789,0.002714,NA
Emmanuel Butler,2020,2,1.11,0.555,0,0.003,1.430343,0.715172,0,00-0034943
Shawn Bane,2019,3,1.7565,0.5855,0.0015,0.003,2.383688,0.794563,0.002036,00-0035194
Dorian Baker,2019,3,1.7565,0.5855,0.0015,0.003,2.383688,0.794563,0.002036,00-0035038
Isaac Zico,2019,3,1.765,0.5855,0.0015,0.003,2.395223,0.794563,0.002036,00-0035524
Raphael Leonard,2019,3,1.7575,0.585333,0.0025,0.003,2.385045,0.794336,0.003393,00-0035366
Cortrelle Simpson,2019,3,1.756,0.585333,0.001,0.003,2.38301,0.794336,0.001357,00-0035479
Spencer Schnell,2019,3,1.756,0.585333,0.001,0.003,2.38301,0.794336,0.001357,00-0035587
Sean Modster,2019,3,1.7555,0.585167,5e-04,0.003,2.382331,0.794111,0.000679,00-0035114
Joe Walker,2022,1,1.035,1.035,0,0.005,1.26964,1.26964,0,00-0032809
Andre Lindsey,2019,3,1.755,0.585,0,0.003,2.381652,0.793884,0,NA
Stephen Louis,2019,3,1.755,0.585,0,0.003,2.381652,0.793884,0,00-0035460
Damon Sheehy-Guiseppi,2019,3,1.755,0.585,0,0.003,2.381652,0.793884,0,00-0034915
Charles Holland,2019,3,1.755,0.585,5e-04,0.003,2.381652,0.793884,0.000679,NA
Jamire Jordan,2019,3,1.755,0.585,0,0.003,2.381652,0.793884,0,NA
Fred Trevillion,2019,3,1.755,0.585,0,0.003,2.381652,0.793884,0,NA
Joe Horn,2019,3,1.755,0.585,0,0.003,2.381652,0.793884,0,00-0035601
Jamarius Way,2019,3,1.755,0.585,0,0.003,2.381652,0.793884,0,NA
Jalen Green,2019,3,1.755,0.585,0,0.003,2.381652,0.793884,0,NA
Papi White,2019,3,1.755,0.585,0.02,0.003,2.381652,0.793884,0.027141,00-0035376
Micah Wright,2019,3,1.755,0.585,0,0.003,2.381652,0.793884,0,NA
Jaylen Smith,2022,1,0.207,0.207,0,0.001,0.253928,0.253928,0,00-0035121
Brian Burt,2019,3,1.755,0.585,0,0.003,2.381652,0.793884,0,NA
Floyd Allen,2019,3,1.755,0.585,0,0.003,2.381652,0.793884,0,00-0035635
Bryant Mitchell,2019,3,1.755,0.585,0.024,0.003,2.381652,0.793884,0.03257,00-0034901
Trevion Thompson,2020,2,1.11,0.555,0,0.003,1.430343,0.715172,0,NA
Justin Sumpter,2019,3,1.755,0.585,0,0.003,2.381652,0.793884,0,NA
Joseph Parker,2019,3,1.755,0.585,0,0.003,2.381652,0.793884,0,NA
John Franklin III,2019,3,1.605,0.535,0,0.003,2.178092,0.726031,0,00-0034705
Bralon Addison,2020,2,1.1125,0.55625,0.0025,0.003,1.433565,0.716782,0.003221,00-0032482
Josh Smith,2020,2,1.11,0.555,0,0.003,1.430343,0.715172,0,NA
Martavis Bryant,2023,1,0.3708,0.3708,0,0.002,0.421274,0.421274,0,00-0031373
Josh Doctson,2021,1,0.252,0.252,0,0.001,0.352662,0.352662,0,00-0032760
Emeka Emezie,2022,1,0.207,0.207,0,0.001,0.253928,0.253928,0,NA
Darren Waller,2022,3,51,17,22,0.082,62.56196,20.853987,26.987512,00-0031610
Dallas Goedert,2021,4,57,14.25,35.127549,0.078,79.768767,19.942192,49.159321,00-0034351
Mark Andrews,2021,4,56,14,37.583059,0.077,78.369315,19.592329,52.595689,00-0034753
George Kittle,2020,5,75,15,40,0.076,96.644803,19.328961,51.543895,00-0033288
T.J. Hockenson,2023,4,66,16.5,42.5,0.073,74.983986,18.745996,48.285142,00-0035229
Travis Kelce,2020,4,57.25,14.3125,23,0.072,73.7722,18.44305,29.63774,00-0030506
Jonnu Smith,2023,2,15,7.5,8.5,0.033,17.041815,8.520907,9.657028,00-0033858
Hunter Henry,2021,3,37.5,12.5,25,0.068,52.479452,17.493151,34.986301,00-0033090
David Njoku,2022,4,54.75,13.6875,28,0.066,67.162104,16.790526,34.347743,00-0033885
Dawson Knox,2022,4,52,13,31.2,0.062,63.788665,15.947166,38.273199,00-0035689
Evan Engram,2023,3,41.25,13.75,25.5,0.061,46.864991,15.621664,28.971085,00-0033881
Cole Kmet,2023,4,50,12.5,32.793,0.056,56.80605,14.201512,37.256816,00-0036290
Austin Hooper,2023,1,2.75,2.75,2.165,0.012,3.124333,3.124333,2.459702,00-0032392
Dalton Schultz,2023,1,6.25,6.25,6,0.028,7.100756,7.100756,6.816726,00-0034383
Mike Gesicki,2023,1,4.5,4.5,3.55,0.02,5.112544,5.112544,4.03323,00-0034829
Zach Ertz,2023,1,0.2898,0.2898,0,0.001,0.329248,0.329248,0,00-0030061
Kyle Rudolph,2022,1,2,2,1.5,0.01,2.45341,2.45341,1.840058,00-0027981
Trey Burton,2018,4,32,8,22,0.045,46.121896,11.530474,31.708804,00-0030710
Kyle Pitts,2021,4,32.910496,8.227624,32.910496,0.045,46.056661,11.514165,46.056661,00-0036970
Logan Thomas,2021,3,24.065,8.021667,10.315,0.044,33.677814,11.225938,14.435348,00-0031260
Rob Gronkowski,2021,1,8,8,8,0.044,11.195616,11.195616,11.195616,00-0027656
Jimmy Graham,2023,1,1.3175,1.3175,0.1525,0.006,1.496839,1.496839,0.173258,00-0027696
Tyler Higbee,2023,2,17,8.5,16.07598,0.038,19.314057,9.657028,18.264258,00-0033110
Will Dissly,2022,3,24,8,15.98,0.038,29.440922,9.813641,19.602747,00-0034159
C.J. Uzomah,2022,3,24,8,15,0.038,29.440922,9.813641,18.400576,00-0032134
Cameron Brate,2022,2,8,4,4,0.019,9.813641,4.90682,4.90682,00-0031273
Jack Doyle,2019,3,21.3,7.1,12.25,0.038,28.905526,9.635175,16.62407,00-0030181
Nick Boyle,2022,2,9.75,4.875,3.75,0.023,11.960375,5.980187,4.600144,00-0031598
Tyler Kroft,2023,1,1.29,1.29,0.025,0.006,1.465596,1.465596,0.028403,00-0032214
Gerald Everett,2022,2,12,6,8,0.029,14.720461,7.360231,9.813641,00-0033895
Tyler Conklin,2022,3,20.25,6.75,10,0.032,24.840778,8.280259,12.267051,00-0034270
Hayden Hurst,2023,3,21.75,7.25,13,0.032,24.710632,8.236877,14.769573,00-0034830
Josh Oliver,2023,3,21,7,10.7,0.031,23.858541,7.952847,12.156495,00-0035249
Eric Ebron,2020,2,12,6,5,0.03,15.463169,7.731584,6.442987,00-0031387
Jesse James,2023,1,1.165,1.165,0,0.005,1.323581,1.323581,0,00-0032135
Mo Alie-Cox,2022,3,17.55,5.85,8.2,0.028,21.528674,7.176225,10.058982,00-0033217
Blake Jarwin,2020,4,22,5.5,9.25,0.028,28.349142,7.087286,11.919526,00-0033658
Ian Thomas,2023,2,6.65,3.325,4,0.015,7.555205,3.777602,4.544484,00-0034365
Vance McDonald,2020,2,10.3,5.15,4,0.026,13.272553,6.636276,5.15439,00-0030470
Jared Cook,2021,1,4.5,4.5,4.5,0.025,6.297534,6.297534,6.297534,00-0027061
Tyler Eifert,2020,2,9.5,4.75,3.25,0.024,12.241675,6.120838,4.187941,00-0030549
Marcedes Lewis,2023,1,2,2,1,0.009,2.272242,2.272242,1.136121,00-0024243
Robert Tonyan,2023,1,2.65,2.65,1.25,0.012,3.010721,3.010721,1.420151,00-0033757
Chris Manhertz,2023,2,6,3,3.34,0.013,6.816726,3.408363,3.794644,00-0031484
Foster Moreau,2023,3,12.234,4.078,8.02,0.018,13.899304,4.633101,9.11169,00-0034981
Durham Smythe,2023,2,7.75,3.875,5.5,0.017,8.804938,4.402469,6.248665,00-0034798
Ryan Griffin,2022,1,2.25,2.25,0.75,0.011,2.760086,2.760086,0.920029,00-0030108
Geoff Swaim,2023,1,1.7,1.7,0.45,0.008,1.931406,1.931406,0.511254,00-0032141
Pharaoh Brown,2023,1,1.08,1.08,0,0.005,1.227011,1.227011,0,00-0033439
O.J. Howard,2023,1,1.2325,1.2325,0.45125,0.005,1.400269,1.400269,0.512675,00-0033879
Noah Fant,2019,4,12.590724,3.147681,12.590724,0.017,17.086455,4.271614,17.086455,00-0035644
Anthony Firkser,2023,1,1.08,1.08,0,0.005,1.227011,1.227011,0,00-0033455
Lee Smith,2021,1,1.8,1.8,1.8,0.01,2.519014,2.519014,2.519014,00-0028097
Darren Fells,2021,1,1.2125,1.2125,0.4625,0.007,1.696836,1.696836,0.647247,00-0029738
Levine Toilolo,2021,1,1.6,1.6,0.65,0.009,2.239123,2.239123,0.909644,00-0030443
Dalton Kincaid,2023,4,13.42704,3.35676,13.42704,0.015,15.254742,3.813686,15.254742,00-0038933
Nick Vannett,2023,1,1.215,1.215,0.25,0.005,1.380387,1.380387,0.28403,00-0032394
Cethan Carter,2021,3,7.8,2.6,2.7,0.014,10.915726,3.638575,3.778521,00-0033338
Adam Shaheen,2020,2,4.85,2.425,3.247635,0.012,6.249697,3.124849,4.184894,00-0033896
Sam LaPorta,2023,4,9.465998,2.3665,7.825179,0.011,10.754519,2.68863,8.89035,00-0039065
Michael Mayer,2023,4,9.313638,2.32841,7.596697,0.01,10.58142,2.645355,8.630767,00-0039066
Luke Musgrave,2023,4,8.475742,2.118936,6.348437,0.009,9.629468,2.407368,7.212593,00-0039144
Antony Auclair,2022,1,1.9,1.9,1.6,0.009,2.33074,2.33074,1.962728,00-0033421
Ross Dwelley,2023,1,1.7,1.7,0.7,0.008,1.931406,1.931406,0.795285,00-0034073
James O'Shaughnessy,2022,1,1.12,1.12,0,0.005,1.37391,1.37391,0,00-0031951
Jordan Akins,2023,2,3.9,1.95,1.73,0.009,4.430872,2.215436,1.965489,00-0034364
Pat Freiermuth,2021,4,6.02818,1.507045,3.33814,0.008,8.436149,2.109037,4.671567,00-0036894
Harrison Bryant,2023,1,1.75,1.75,1.75,0.008,1.988212,1.988212,1.988212,00-0036232
Irv Smith Jr.,2023,1,1.75,1.75,0.4,0.008,1.988212,1.988212,0.454448,00-0034970
Trey McBride,2022,4,6.29966,1.574915,3.4579,0.008,7.727825,1.931956,4.241824,00-0037744
Eric Saubert,2023,1,1.685,1.685,0.85,0.007,1.914364,1.914364,0.965703,00-0033576
Drew Sample,2023,1,1.2325,1.2325,0.0525,0.005,1.400269,1.400269,0.059646,00-0035631
Luke Schoonmaker,2023,4,6.266678,1.56667,3.342433,0.007,7.119704,1.779927,3.797408,00-0038547
Eric Tomlinson,2023,1,1.3175,1.3175,0.6525,0.006,1.496839,1.496839,0.741319,00-0031690
Hunter Long,2021,4,4.968696,1.242174,0.973596,0.007,6.953452,1.738363,1.362501,00-0037004
Brenton Strange,2023,4,6.114342,1.528586,3.224717,0.007,6.946632,1.736659,3.663669,00-0038935
Tommy Tremble,2021,4,4.926434,1.231609,0.94286,0.007,6.894308,1.723578,1.319487,00-0037005
Adam Trautman,2023,1,1.5,1.5,1.5,0.007,1.704181,1.704181,1.704181,00-0036422
Josh Hill,2021,1,1.2125,1.2125,0.9875,0.007,1.696836,1.696836,1.381959,00-0030216
Derek Carrier,2021,1,1.2125,1.2125,0.275,0.007,1.696836,1.696836,0.384849,00-0029119
Tre' McKitty,2023,1,0.216,0.216,0,0.001,0.245402,0.245402,0,00-0037011
Jelani Woods,2022,4,5.372484,1.343121,1.08726,0.006,6.590453,1.647613,1.333747,00-0037755
Greg Dulcich,2022,4,5.25914,1.314785,1.004828,0.006,6.451414,1.612853,1.232628,00-0037252
Luke Stocker,2021,1,1.14375,1.14375,0.06875,0.006,1.600623,1.600623,0.096212,00-0028042
Zach Gentry,2023,1,1.4,1.4,0.1525,0.006,1.590569,1.590569,0.173258,00-0035222
MyCole Pruitt,2023,1,1.215,1.215,0,0.005,1.380387,1.380387,0,00-0031585
Jeremy Sprinkle,2022,1,1.1875,1.1875,0.1525,0.006,1.456712,1.456712,0.187073,00-0033528
Jacob Hollister,2023,1,1.08,1.08,0,0.005,1.227011,1.227011,0,00-0033387
Blake Bell,2023,1,1.3175,1.3175,0,0.006,1.496839,1.496839,0,00-0032062
Darrell Daniels,2023,1,1.08,1.08,0,0.005,1.227011,1.227011,0,00-0033258
Tucker Kraft,2023,4,5.537932,1.384483,1.027588,0.006,6.291761,1.57294,1.167464,00-0038996
Maxx Williams,2022,1,1.2725,1.2725,0,0.006,1.560982,1.560982,0,00-0031558
Jeremy Ruckert,2022,4,5.044903,1.261226,0.84902,0.006,6.188608,1.547152,1.041497,00-0037805
Darnell Washington,2023,4,5.353912,1.338478,0.893752,0.006,6.082692,1.520673,1.01541,00-0038558
Cameron Latu,2023,4,5.304082,1.326021,0.857512,0.006,6.026079,1.50652,0.974237,00-0038564
Demetrius Harris,2021,1,1.075,1.075,0,0.006,1.504411,1.504411,0,00-0030155
Johnny Mundt,2022,2,2.415,1.2075,0.2,0.006,2.962493,1.481246,0.245341,00-0033246
John Bates,2021,4,4.202416,1.050604,0.722416,0.006,5.88108,1.47027,1.010987,00-0036628
Kylen Granson,2021,4,4.186364,1.046591,0.706364,0.006,5.858616,1.464654,0.988523,00-0036876
Stephen Anderson,2023,1,0.2898,0.2898,0,0.001,0.329248,0.329248,0,00-0032725
Ricky Seals-Jones,2023,1,1.08,1.08,0,0.005,1.227011,1.227011,0,00-0033611
Daniel Brown,2021,1,1.04,1.04,0,0.006,1.45543,1.45543,0,00-0032098
Donald Parham,2023,2,2.565,1.2675,0.4,0.006,2.91415,1.440033,0.454448,00-0035329
Devin Asiasi,2023,1,0.2898,0.2898,0,0.001,0.329248,0.329248,0,00-0036194
Richard Rodgers,2022,1,1.12,1.12,0,0.005,1.37391,1.37391,0,00-0031384
Josiah Deguara,2020,4,4.419685,1.104921,0.867468,0.006,5.695194,1.423798,1.117817,00-0036332
Trevon Wesco,2023,1,1.2325,1.2325,0.3525,0.005,1.400269,1.400269,0.400483,00-0035259
Dalton Keene,2023,1,0.87,0.87,0,0.004,0.988425,0.988425,0,00-0036225
Cade Otton,2022,4,4.52394,1.130985,0.83394,0.005,5.54954,1.387385,1.022998,00-0038129
Ross Travis,2021,1,0.99,0.99,0,0.005,1.385458,1.385458,0,00-0032319
Kelvin Benjamin,2021,1,0.99,0.99,0,0.005,1.385458,1.385458,0,00-0031359
Daniel Bellinger,2022,4,4.453112,1.113278,0.793112,0.005,5.462655,1.365664,0.972915,00-0038115
Luke Farrell,2021,4,3.83802,0.959505,0.35802,0.005,5.371125,1.342781,0.501032,00-0036887
Brevin Jordan,2021,4,3.832184,0.958046,0.325184,0.005,5.362958,1.340739,0.455079,00-0036556
Jake Ferguson,2022,4,4.36488,1.09122,0.70488,0.005,5.354421,1.338605,0.86468,00-0038041
Charlie Kolar,2022,4,4.36488,1.09122,0.70488,0.005,5.354421,1.338605,0.86468,00-0038046
Noah Gray,2021,4,3.79378,0.948445,0.31378,0.005,5.309213,1.327303,0.43912,00-0036637
Zach Davidson,2023,2,1.674,0.837,0.009,0.004,1.901867,0.950933,0.010225,NA
Jace Sternberger,2023,1,1.01,1.01,0,0.004,1.147482,1.147482,0,00-0035671
Albert Okwuegbunam,2020,4,4.044044,1.011011,0.749044,0.005,5.211144,1.302786,0.965216,00-0036423
Jerell Adams,2021,1,0.92,0.92,0,0.005,1.287496,1.287496,0,00-0032429
Gabe Holmes,2021,1,0.92,0.92,0,0.005,1.287496,1.287496,0,00-0031884
Sean Culkin,2021,1,0.92,0.92,0,0.005,1.287496,1.287496,0,00-0033696
Jordan Thomas,2023,1,1.01,1.01,0,0.004,1.147482,1.147482,0,00-0034420
Deon Yelder,2022,1,1.035,1.035,0,0.005,1.26964,1.26964,0,00-0034319
Alex Ellis,2022,1,0.965,0.965,0,0.005,1.18377,1.18377,0,00-0032864
Josh Perkins,2021,1,0.92,0.92,0,0.005,1.287496,1.287496,0,00-0032599
Jordan Leggett,2021,1,0.92,0.92,0,0.005,1.287496,1.287496,0,00-0033953
Tim Tebow,2021,1,0.92,0.92,0,0.005,1.287496,1.287496,0,NA
Tanner Hudson,2023,1,1.08,1.08,0,0.005,1.227011,1.227011,0,00-0034613
Colby Parkinson,2020,4,3.96544,0.99136,0.67044,0.005,5.109856,1.277464,0.863927,00-0036244
Chigoziem Okonkwo,2022,4,4.164336,1.041084,0.504336,0.005,5.108412,1.277103,0.618672,00-0037809
Isaiah Likely,2022,4,4.164336,1.041084,0.504336,0.005,5.108412,1.277103,0.618672,00-0037838
Brycen Hopkins,2020,4,3.948132,0.987033,0.653132,0.005,5.087553,1.271888,0.841624,00-0036424
Christopher Herndon IV,2022,1,1.035,1.035,0,0.005,1.26964,1.26964,0,00-0034766
Kahale Warring,2022,1,0.895,0.895,0,0.004,1.097901,1.097901,0,00-0035660
Mason Schreck,2023,1,1.08,1.08,0,0.005,1.227011,1.227011,0,00-0033798
Tommy Sweeney,2023,1,1.08,1.08,0,0.005,1.227011,1.227011,0,00-0035308
J.P. Holtz,2023,1,1.08,1.08,0,0.005,1.227011,1.227011,0,00-0032986
Cole Turner,2022,4,3.99888,0.99972,0.33888,0.005,4.905446,1.226362,0.415706,00-0037078
Ryan Izzo,2022,1,0.895,0.895,0,0.004,1.097901,1.097901,0,00-0034439
Teagan Quitoriano,2022,4,3.956148,0.989037,0.296148,0.005,4.853027,1.213257,0.363286,00-0037277
James Mitchell,2022,4,3.902556,0.975639,0.242556,0.005,4.787285,1.196821,0.297545,00-0037282
Jake Butt,2021,1,0.85,0.85,0,0.005,1.189534,1.189534,0,00-0033564
Jaeden Graham,2022,1,0.895,0.895,0,0.004,1.097901,1.097901,0,00-0034788
Evan Baylis,2021,1,0.85,0.85,0,0.005,1.189534,1.189534,0,00-0033763
Daniel Helm,2023,1,1.01,1.01,0,0.004,1.147482,1.147482,0,00-0035428
Isaac Nauta,2021,1,0.85,0.85,0,0.005,1.189534,1.189534,0,00-0035539
Stephen Carlson,2023,1,0.94,0.94,0,0.004,1.067954,1.067954,0,00-0035039
Garrett Griffin,2022,1,0.965,0.965,0,0.005,1.18377,1.18377,0,00-0033095
Troy Fumagalli,2023,1,0.94,0.94,0,0.004,1.067954,1.067954,0,00-0034393
Josh Whyle,2023,4,4.165368,1.041342,0.325368,0.005,4.732362,1.183091,0.369657,00-0038589
Mitchell Wilcox,2023,1,1.04,1.04,0.025,0.005,1.181566,1.181566,0.028403,00-0035771
Tyler Davis,2023,1,1.04,1.04,0,0.005,1.181566,1.181566,0,00-0036250
Andrew Ogletree,2022,4,3.838192,0.959548,0.178192,0.005,4.70833,1.177082,0.218589,00-0037292
Grant Calcaterra,2022,4,3.83414,0.958535,0.17414,0.005,4.703359,1.17584,0.213618,00-0037086
Will Mallory,2023,4,4.130592,1.032648,0.290592,0.005,4.692852,1.173213,0.330148,00-0038394
Kevin Rader,2023,1,1.01,1.01,0,0.004,1.147482,1.147482,0,00-0034193
Cole Hikutini,2021,2,1.675,0.8375,0,0.005,2.344082,1.172041,0,00-0033315
Brandon Dillon,2023,1,0.87,0.87,0,0.004,0.988425,0.988425,0,00-0035102
Kendall Blanton,2023,1,1.01,1.01,0,0.004,1.147482,1.147482,0,00-0035603
Jordan Franks,2022,1,0.825,0.825,0,0.004,1.012032,1.012032,0,00-0034532
Chris Myarick,2023,1,1.01,1.01,0,0.004,1.147482,1.147482,0,00-0035345
Connor Heyward,2022,4,3.815224,0.953806,0.155224,0.005,4.680155,1.170039,0.190414,00-0037304
Sean McKeon,2023,1,1.01,1.01,0,0.004,1.147482,1.147482,0,00-0036032
John FitzPatrick,2022,4,3.792012,0.948003,0.132012,0.005,4.65168,1.16292,0.16194,00-0037306
Ko Kieft,2022,4,3.792012,0.948003,0.132012,0.005,4.65168,1.16292,0.16194,00-0037311
Davis Allen,2023,4,4.08498,1.021245,0.24498,0.005,4.641032,1.160258,0.278327,00-0039074
Payne Durham,2023,4,4.08498,1.021245,0.24498,0.005,4.641032,1.160258,0.278327,00-0039050
Nick Muse,2023,1,0.87,0.87,0,0.004,0.988425,0.988425,0,00-0037317
Kaden Smith,2023,1,1.01,1.01,0,0.004,1.147482,1.147482,0,00-0034988
Ben Ellefson,2023,1,1.01,1.01,0,0.004,1.147482,1.147482,0,00-0035823
Briley Moore,2021,3,2.455,0.818333,0.18,0.004,3.435655,1.145218,0.251901,NA
Cary Angeline,2021,3,2.455,0.818333,0.03,0.004,3.435655,1.145218,0.041984,NA
Jack Stoll,2021,3,2.4475,0.815833,0.1225,0.004,3.425159,1.141719,0.171433,00-0036741
Bruno Labelle,2021,3,2.4475,0.815833,0.0225,0.004,3.425159,1.141719,0.031488,NA
Dylan Soehner,2021,3,2.445,0.815,0.12,0.004,3.42166,1.140553,0.167934,NA
Kenny Yeboah,2022,2,1.815,0.9075,0.05,0.004,2.22647,1.113235,0.061335,00-0036510
Sammis Reyes,2023,1,0.87,0.87,0,0.004,0.988425,0.988425,0,00-0036474
Tony Poljan,2022,1,0.705,0.705,0,0.003,0.864827,0.864827,0,NA
Pro Wells,2021,3,2.44,0.813333,0.015,0.004,3.414663,1.138221,0.020992,NA
Shaun Beyer,2022,2,1.575,0.7875,0,0.004,1.932061,0.96603,0,NA
Quintin Morris,2022,2,1.575,0.7875,0,0.004,1.932061,0.96603,0,00-0036590
Matt Bushman,2023,1,0.75,0.75,0,0.003,0.852091,0.852091,0,00-0036519
Brock Wright,2023,1,0.94,0.94,0,0.004,1.067954,1.067954,0,00-0036754
Miller Forristall,2023,1,0.94,0.94,0,0.004,1.067954,1.067954,0,00-0036692
Josh Pederson,2023,1,0.75,0.75,0,0.003,0.852091,0.852091,0,00-0036674
Hunter Kampmoyer,2023,1,0.75,0.75,0,0.003,0.852091,0.852091,0,00-0036779
Artayvious Lynn,2021,3,2.43,0.81,0.06,0.004,3.400668,1.133556,0.083967,NA
Nick Eubanks,2023,1,0.75,0.75,0,0.003,0.852091,0.852091,0,00-0036766
Jake Hausmann,2022,1,0.7125,0.7125,0.0075,0.003,0.874027,0.874027,0.0092,NA
Carl Tucker,2021,3,2.428,0.809333,0.01,0.004,3.39787,1.132623,0.013995,NA
John Raine,2023,1,0.75,0.75,0,0.003,0.852091,0.852091,0,NA
Scooter Harrington,2021,3,2.426,0.808667,0.001,0.004,3.395071,1.131691,0.001399,NA
Kalif Jackson,2021,3,2.425,0.808333,0,0.004,3.393671,1.131223,0,NA
Shane Zylstra,2023,1,0.94,0.94,0,0.004,1.067954,1.067954,0,00-0036534
Daniel Crawford,2021,3,2.425,0.808333,0,0.004,3.393671,1.131223,0,NA
Cheyenne O'Grady,2021,3,2.425,0.808333,0,0.004,3.393671,1.131223,0,NA
Bernhard Seikovits,2023,1,0.75,0.75,0,0.003,0.852091,0.852091,0,NA
Michael Jacobson,2023,1,0.75,0.75,0,0.003,0.852091,0.852091,0,00-0037022
Nick Ralston,2022,2,1.765,0.8825,0,0.004,2.165134,1.082567,0,00-0036774
Graham Adomitis,2021,3,2.425,0.808333,0,0.004,3.393671,1.131223,0,NA
Sal Cannella,2023,1,0.75,0.75,0,0.003,0.852091,0.852091,0,NA
Hunter Thedford,2023,1,0.75,0.75,0,0.003,0.852091,0.852091,0,NA
Nick Guggemos,2023,1,0.75,0.75,0,0.003,0.852091,0.852091,0,NA
Matt Seybert,2021,3,2.425,0.808333,0,0.004,3.393671,1.131223,0,NA
Carson Williams,2021,3,2.425,0.808333,0.05,0.004,3.393671,1.131223,0.069973,NA
Jibri Blount,2021,3,2.425,0.808333,0,0.004,3.393671,1.131223,0,NA
Rashod Berry,2022,2,1.835,0.9175,0,0.004,2.251004,1.125502,0,00-0036086
Zack Kuntz,2023,4,3.954388,0.988597,0.114388,0.004,4.492663,1.123166,0.129959,00-0038406
Charlie Woerner,2020,4,3.476032,0.869008,0.181032,0.004,4.479206,1.119801,0.233277,00-0036429
Brayden Willis,2023,4,3.9199,0.979975,0.0799,0.004,4.453481,1.11337,0.090776,00-0038643
Dominique Dafney,2023,1,0.94,0.94,0,0.004,1.067954,1.067954,0,00-0036456
Colin Thompson,2023,1,0.94,0.94,0,0.004,1.067954,1.067954,0,00-0033720
Nick Keizer,2021,1,0.78,0.78,0,0.004,1.091573,1.091573,0,00-0034192
Lance Lenoir,2022,1,0.825,0.825,0,0.004,1.012032,1.012032,0,00-0033992
Tyrone Swoopes,2021,1,0.78,0.78,0,0.004,1.091573,1.091573,0,00-0033742
Marcus Baugh,2021,1,0.78,0.78,0,0.004,1.091573,1.091573,0,00-0034169
Charles Jones,2021,1,0.78,0.78,0,0.004,1.091573,1.091573,0,00-0035553
Stephen Sullivan,2023,1,0.94,0.94,0,0.004,1.067954,1.067954,0,00-0036438
Jared Pinkney,2023,1,0.94,0.94,0,0.004,1.067954,1.067954,0,00-0035787
David Wells,2023,1,0.87,0.87,0,0.004,0.988425,0.988425,0,00-0034575
Temarrick Hemingway,2021,1,0.252,0.252,0,0.001,0.352662,0.352662,0,00-0033112
Parker Hesse,2023,1,0.94,0.94,0,0.004,1.067954,1.067954,0,00-0035572
Seth Green,2023,2,1.665,0.9325,0,0.004,1.891641,1.059433,0,00-0037455
Curtis Hodges,2022,3,2.585,0.861667,0.125,0.004,3.171033,1.057011,0.153338,00-0037164
Jalen Wydermyer,2023,1,0.75,0.75,0,0.003,0.852091,0.852091,0,NA
Rodney Williams II,2023,2,1.665,0.8325,0,0.004,1.891641,0.945821,0,00-0037451
Lucas Krull,2023,2,1.665,0.8325,0,0.004,1.891641,0.945821,0,00-0037539
Armani Rogers,2022,3,2.5775,0.859167,0.0675,0.004,3.161832,1.053945,0.082803,00-0037168
Josh Babicz,2022,3,2.575,0.858333,0.05,0.004,3.158766,1.052921,0.061335,NA
Jeremiah Hall,2022,3,2.575,0.858333,0.03,0.004,3.158766,1.052921,0.036801,NA
Peyton Hendershot,2022,3,2.575,0.858333,0.165,0.004,3.158766,1.052921,0.202406,00-0037569
Austin Allen,2023,1,0.75,0.75,0,0.003,0.852091,0.852091,0,00-0037369
Chase Allen,2023,1,0.75,0.75,0,0.003,0.852091,0.852091,0,NA
Cole Fotheringham,2023,1,0.75,0.75,0,0.003,0.852091,0.852091,0,00-0037506
Zaire Mitchell-Paden,2023,1,0.75,0.75,0,0.003,0.852091,0.852091,0,00-0037340
Nolan Givan,2022,3,2.57,0.856667,0.01,0.004,3.152632,1.050878,0.012267,NA
Dylan Parham,2022,3,2.57,0.856667,0.02,0.004,3.152632,1.050878,0.024534,NA
Gerrit Prince,2023,1,0.75,0.75,0,0.003,0.852091,0.852091,0,00-0037233
Justin Rigg,2023,2,1.655,0.8325,0,0.004,1.88028,0.945821,0,00-0037424
Jake Tonges,2023,1,0.87,0.87,0,0.004,0.988425,0.988425,0,00-0037112
Cade Brewer,2022,3,2.565,0.855,0.005,0.004,3.146499,1.048833,0.006134,NA
Stone Smartt,2022,3,2.565,0.855,0.005,0.004,3.146499,1.048833,0.006134,00-0037475
Derrick Deese Jr.,2023,1,0.75,0.75,0,0.003,0.852091,0.852091,0,NA
John Mitchell,2022,3,2.565,0.855,0.005,0.004,3.146499,1.048833,0.006134,NA
Jamal Pettigrew,2022,3,2.565,0.855,0.005,0.004,3.146499,1.048833,0.006134,NA
Garrett Walston,2022,3,2.565,0.855,0.005,0.004,3.146499,1.048833,0.006134,NA
Ben Beise,2022,3,2.564,0.854667,0.004,0.004,3.145272,1.048424,0.004907,NA
Erik Krommenhoek,2022,3,2.5625,0.854167,0.0025,0.004,3.143432,1.047811,0.003067,NA
JJ Howland,2022,3,2.561,0.853667,0.001,0.004,3.141592,1.047198,0.001227,NA
Roger Carter,2023,2,1.665,0.8325,0,0.004,1.891641,0.945821,0,NA
Grayson Gunter,2022,3,2.56,0.853333,0,0.004,3.140365,1.046788,0,NA
Thomas Odukoya,2023,1,0.75,0.75,0,0.003,0.852091,0.852091,0,NA
Mark Vital,2022,3,2.56,0.853333,0,0.004,3.140365,1.046788,0,NA
Kehinde Oginni,2022,3,2.56,0.853333,0.207,0.004,3.140365,1.046788,0.253928,NA
Naz Bohannon,2022,3,2.56,0.853333,0,0.004,3.140365,1.046788,0,NA
Marcus Santos-Silva,2022,3,2.56,0.853333,0,0.004,3.140365,1.046788,0,NA
Travis Koontz,2022,3,2.56,0.853333,0,0.004,3.140365,1.046788,0,NA
Tucker Fisk,2023,2,1.665,0.8325,0,0.004,1.891641,0.945821,0,00-0037654
Nikola Kalinic,2023,1,0.87,0.87,0,0.004,0.988425,0.988425,0,00-0037031
Jared Scott,2022,3,2.56,0.853333,0,0.004,3.140365,1.046788,0,NA
Noah Togiai,2023,1,0.87,0.87,0,0.004,0.988425,0.988425,0,00-0036005
Rysen John,2021,2,1.49,0.745,0.005,0.004,2.085184,1.042592,0.006997,00-0035991
Tyler Mabry,2023,1,0.216,0.216,0,0.001,0.245402,0.245402,0,00-0036059
Tommy Hudson,2023,1,0.87,0.87,0,0.004,0.988425,0.988425,0,00-0036173
Nate Becker,2022,1,0.705,0.705,0,0.003,0.864827,0.864827,0,00-0035322
Ethan Wolf,2022,1,0.705,0.705,0,0.003,0.864827,0.864827,0,00-0034672
Connor Davis,2021,2,1.485,0.7425,0,0.004,2.078186,1.039093,0,00-0036451
Nakia Griffin-Stewart,2022,1,0.705,0.705,0,0.003,0.864827,0.864827,0,00-0035981
Kyle Markway,2022,2,1.575,0.7875,0,0.004,1.932061,0.96603,0,00-0035817
Donnie Ernsberger,2021,2,1.485,0.7425,0,0.004,2.078186,1.039093,0,00-0034611
Nate Wieting,2021,2,1.485,0.7425,0,0.004,2.078186,1.039093,0,00-0036122
Ryan Jones,2023,3,2.72,0.906667,0.125,0.004,3.090249,1.030083,0.142015,00-0038480
Blake Whiteheart,2023,3,2.71,0.903333,0.215,0.004,3.078888,1.026296,0.244266,00-0038710
Travis Vokolek,2023,3,2.71,0.903333,0.015,0.004,3.078888,1.026296,0.017042,00-0038456
Michael Ezeike,2023,3,2.708,0.902667,0.013,0.004,3.076616,1.025539,0.01477,00-0038864
Julian Hill,2023,3,2.7075,0.9025,0.0425,0.004,3.076048,1.025349,0.048285,00-0038720
Ben Sims,2023,3,2.705,0.901667,0.11,0.004,3.073207,1.024403,0.124973,00-0038809
Thomas Greaney,2023,3,2.705,0.901667,0.01,0.004,3.073207,1.024403,0.011361,00-0038713
Noah Gindorff,2023,3,2.705,0.901667,0.01,0.004,3.073207,1.024403,0.011361,00-0038758
Joel Honigford,2023,3,2.705,0.901667,0.0075,0.004,3.073207,1.024403,0.008521,00-0038706
Johnny Lumpkin,2023,3,2.705,0.901667,0.03,0.004,3.073207,1.024403,0.034084,00-0038913
E.J. Jenkins,2023,3,2.705,0.901667,0.11,0.004,3.073207,1.024403,0.124973,00-0038498
Nate Adkins,2023,3,2.705,0.901667,0.075,0.004,3.073207,1.024403,0.085209,00-0038783
Brady Russell,2023,3,2.703,0.901,0.048,0.004,3.070935,1.023645,0.054534,00-0038488
Camren McDonald,2023,3,2.7025,0.900833,0.0075,0.004,3.070367,1.023455,0.008521,00-0038467
Kris Leach,2023,3,2.702,0.900667,0.007,0.004,3.069799,1.023267,0.007953,NA
Christian Sims,2023,3,2.702,0.900667,0.007,0.004,3.069799,1.023267,0.007953,00-0038948
Griffin Hebert,2023,3,2.701,0.900333,0.006,0.004,3.068663,1.022887,0.006817,00-0038760
John Samuel Shenker,2023,3,2.7,0.9,0.005,0.004,3.067527,1.022509,0.005681,00-0038920
Leonard Taylor,2023,3,2.7,0.9,0.08,0.004,3.067527,1.022509,0.09089,NA
Princeton Fant,2023,3,2.7,0.9,0.03,0.004,3.067527,1.022509,0.034084,00-0038735
Joel Wilson,2023,3,2.6975,0.899167,0.0025,0.004,3.064686,1.021563,0.00284,00-0039023
Tanner Taula,2023,3,2.6975,0.899167,0.0025,0.004,3.064686,1.021563,0.00284,00-0038828
Christian Trahan,2023,3,2.6965,0.898833,0.0015,0.004,3.06355,1.021183,0.001704,00-0038897
Brian Walker,2023,3,2.696,0.898667,0.001,0.004,3.062982,1.020994,0.001136,NA
Lachlan Pitts,2023,3,2.695,0.898333,0,0.004,3.061846,1.020615,0,00-0039188
Damien Caffery,2023,3,2.695,0.898333,0,0.004,3.061846,1.020615,0,NA
Zach Ojile,2023,3,2.695,0.898333,0,0.004,3.061846,1.020615,0,NA
La'Michael Pettway,2023,1,2.695,0.898333,0,0.004,3.061846,1.020615,0,NA
Jordan Murray,2023,3,2.695,0.898333,0,0.004,3.061846,1.020615,0,00-0038999
Nick Bowers,2023,1,0.87,0.87,0,0.004,0.988425,0.988425,0,00-0036083
Thaddeus Moss,2022,1,0.705,0.705,0,0.003,0.864827,0.864827,0,NA
Hunter Bryant,2020,3,2.305,0.768333,0.06,0.004,2.970217,0.990072,0.077316,00-0036008
Matt Sokol,2023,1,0.87,0.87,0,0.004,0.988425,0.988425,0,00-0035436
Jacob Breeland,2020,3,2.3,0.766667,0.065,0.004,2.963774,0.987925,0.083759,NA
Cam Sutton,2021,1,0.66,0.66,0,0.004,0.923638,0.923638,0,00-0035773
Eli Wolf,2022,1,0.705,0.705,0,0.003,0.864827,0.864827,0,NA
Farrod Green,2022,1,0.705,0.705,0,0.003,0.864827,0.864827,0,NA
Ryan Becker,2022,1,0.705,0.705,0,0.003,0.864827,0.864827,0,NA
Chase Harrell,2021,1,0.66,0.66,0,0.004,0.923638,0.923638,0,00-0035805
Gabe Nabers,2020,3,2.2925,0.764167,0.0075,0.004,2.954109,0.984704,0.009664,00-0035908
Charlie Taumoepeau,2021,1,0.66,0.66,0,0.004,0.923638,0.923638,0,00-0036140
Jake Burt,2020,3,2.29,0.763333,0.085,0.004,2.950888,0.983629,0.109531,00-0036088
Dylan Stapleton,2020,3,2.29,0.763333,0.005,0.004,2.950888,0.983629,0.006443,00-0036071
Caleb Repp,2020,3,2.29,0.763333,0.005,0.004,2.950888,0.983629,0.006443,NA
Jordan Jones,2023,3,2.71,0.903333,0.015,0.004,3.078888,1.026296,0.017042,00-0038369
Jason Croom,2020,2,1.525,0.7625,0,0.004,1.965111,0.982555,0,00-0033627
Hale Hentges,2020,2,1.525,0.7625,0,0.004,1.965111,0.982555,0,00-0035025
Caleb Wilson,2021,1,0.1656,0.1656,0,0.001,0.231749,0.231749,0,00-0035320
Jared Rice,2020,3,2.287,0.762333,0.002,0.004,2.947022,0.98234,0.002577,NA
Dominick Wood-Anderson,2021,1,0.66,0.66,0,0.004,0.923638,0.923638,0,NA
Parker Houston,2020,3,2.287,0.762333,0.002,0.004,2.947022,0.98234,0.002577,NA
Austin Fort,2022,2,1.575,0.7875,0,0.004,1.932061,0.96603,0,NA
Ian Bunting,2022,2,1.575,0.7875,0,0.004,1.932061,0.96603,0,00-0035067
Alize Mack,2023,2,1.665,0.8325,0,0.004,1.891641,0.945821,0,00-0035309
Dax Raymond,2021,1,0.66,0.66,0,0.004,0.923638,0.923638,0,00-0035058
Carson Meier,2021,1,0.66,0.66,0,0.004,0.923638,0.923638,0,00-0035367
Andrew Vollert,2021,1,0.66,0.66,0,0.004,0.923638,0.923638,0,00-0034491
Jerome Washington,2019,3,1.766,0.588667,0.011,0.003,2.39658,0.798861,0.014928,NA
Kano Dillon,2019,3,1.765,0.588333,0.01,0.003,2.395223,0.798407,0.013571,NA
C.J. Conrad,2019,3,1.765,0.588333,0.05,0.003,2.395223,0.798407,0.067853,00-0035009
Tyree Mayfield,2019,3,1.765,0.588333,0.035,0.003,2.395223,0.798407,0.047497,00-0035034
Trevor Wood,2019,3,1.762,0.587333,0.007,0.003,2.391152,0.79705,0.009499,00-0035170
Davis Koppenhaver,2019,3,1.762,0.587333,0.007,0.003,2.391152,0.79705,0.009499,NA
Devon Johnson,2019,3,1.761,0.587,0.006,0.003,2.389795,0.796598,0.008142,NA
Mik'Quan Deane,2019,3,1.76,0.586667,0.005,0.003,2.388438,0.796146,0.006785,00-0035089
Justin Johnson,2019,3,1.76,0.586667,0.005,0.003,2.388438,0.796146,0.006785,NA
Charles Scarff,2019,3,1.7595,0.5865,0.0045,0.003,2.387759,0.79592,0.006107,00-0035119
Jaelin Robinson,2019,3,1.759,0.586333,0.004,0.003,2.387081,0.795693,0.005428,00-0035203
Cole Herdman,2020,2,1.11,0.555,0,0.003,1.430343,0.715172,0,00-0035109
Drew Belcher,2019,3,1.759,0.586333,0.004,0.003,2.387081,0.795693,0.005428,00-0035484
Keenan Brown,2019,3,1.758,0.586,0.003,0.003,2.385724,0.795241,0.004071,NA
Romello Brooker,2019,3,1.758,0.586,0.003,0.003,2.385724,0.795241,0.004071,00-0035604
Lanard Bonner,2019,3,1.7575,0.585667,0.002,0.003,2.385045,0.794789,0.002714,NA
Ellis Richardson,2019,3,1.7565,0.5855,0.0015,0.003,2.383688,0.794563,0.002036,00-0035057
Jake Powell,2019,3,1.756,0.585333,0.001,0.003,2.38301,0.794336,0.001357,00-0035185
Isaiah Searight,2019,3,1.755,0.585,0,0.003,2.381652,0.793884,0,NA
Michael Colubiale,2019,3,1.755,0.585,0,0.003,2.381652,0.793884,0,NA
Moral Stephens,2019,3,1.755,0.585,0,0.003,2.381652,0.793884,0,00-0035559
Micky Crum,2019,3,1.755,0.585,0,0.003,2.381652,0.793884,0,NA
Jackson Harris,2019,3,1.755,0.585,0,0.003,2.381652,0.793884,0,00-0035732
Darion Clark,2020,3,1.8,0.6,0,0.003,2.319475,0.773158,0,00-0035756
Matt LaCosse,2021,1,0.293,0.293,0,0.002,0.410039,0.410039,0,00-0031744
DeShon Williams,2021,1,0.1656,0.1656,0,0.001,0.231749,0.231749,0,NA
Luke Willson,2021,1,0,0,0,0,0,0,0,00-0030089
Trent Williams,2021,6,138.06,23.01,45.1,0.126,193.208351,32.201392,63.115288,00-0027857
David Bakhtiari,2020,4,92,23,30,0.116,118.550959,29.63774,38.657921,00-0030074
Laremy Tunsil,2023,3,75,25,60,0.111,85.209075,28.403025,68.16726,00-0032380
Andrew Thomas,2023,5,117.5,23.5,67,0.105,133.494217,26.698843,76.120107,00-0036386
Ronnie Stanley,2020,5,98.75,19.75,70.866,0.1,127.248991,25.449798,91.317742,00-0032965
Kolton Miller,2021,3,54.015,18.005,42.5,0.099,75.591403,25.197134,59.476712,00-0034759
Tyron Smith,2023,1,6,6,6,0.027,6.816726,6.816726,6.816726,00-0027947
Taylor Lewan,2018,5,80,16,50,0.09,115.30474,23.060948,72.065463,00-0031442
Jake Matthews,2022,3,55.5,18.5,42.058823,0.089,68.082133,22.694044,51.593772,00-0031279
Jordan Mailata,2021,4,64,16,40.85,0.088,89.564932,22.391233,57.167616,00-0034429
Nate Solder,2021,1,3,3,3,0.016,4.198356,4.198356,4.198356,00-0027955
Garett Bolles,2020,4,68,17,40,0.086,87.624622,21.906155,51.543895,00-0033538
Donovan Smith,2023,1,3,3,1.98,0.013,3.408363,3.408363,2.24952,00-0032217
Cam Robinson,2022,3,52.75,17.583333,33,0.084,64.708694,21.569564,40.481268,00-0033889
Anthony Castonzo,2020,2,33,16.5,17,0.083,42.523713,21.261857,21.906155,00-0027960
D.J. Humphries,2022,3,51,17,32.823529,0.082,62.56196,20.853987,40.26479,00-0032222
Orlando Brown Jr.,2023,4,64.092,16.023,31.1,0.071,72.816267,18.204067,35.333363,00-0034752
Taylor Decker,2020,4,59.65,14.9125,37.5,0.075,76.864834,19.216208,48.322402,00-0032381
Dion Dawkins,2020,4,58.3,14.575,32.5,0.074,75.125227,18.781307,41.879415,00-0033904
Terron Armstead,2022,5,75,15,43.37,0.072,92.002882,18.400576,53.2022,00-0030067
Riley Reiff,2023,1,5,5,4.15,0.022,5.680605,5.680605,4.714902,00-0029672
Charles Leno Jr.,2021,3,37.5,12.5,18.5,0.068,52.479452,17.493151,25.889863,00-0031095
Matt Kalil,2017,5,55.5,11.1,25,0.066,84.878443,16.975689,38.233533,00-0029687
Joseph Noteboom,2022,3,40,13.333333,25,0.064,49.068204,16.356067,30.667627,00-0034803
Andrew Whitworth,2021,2,17,8.5,6.5,0.047,23.790685,11.895342,9.096438,00-0024270
Duane Brown,2022,2,20,10,9,0.048,24.534102,12.267051,11.040346,00-0026166
George Fant,2023,1,3,3,0.8,0.013,3.408363,3.408363,0.908897,00-0032466
Eric Fisher,2022,1,3.808889,3.808889,2.5,0.018,4.672384,4.672384,3.066763,00-0030584
Andre Dillard,2023,3,29,9.666666,13,0.043,32.947509,10.982502,14.769573,00-0035233
Ikem Ekwonu,2022,4,27.56805,6.892013,27.56805,0.033,33.817867,8.454467,33.817867,00-0037229
Trent Brown,2023,1,6.5,6.5,4,0.029,7.384786,7.384786,4.544484,00-0032071
Patrick Mekari,2021,3,15.45,5.15,7.1,0.028,21.621534,7.207178,9.93611,00-0035112
Matt Pryor,2023,1,1.13,1.13,0,0.005,1.283817,1.283817,0,00-0034417
Charles Cross,2022,4,21.383626,5.345907,21.383626,0.026,26.231403,6.557851,26.231403,00-0037821
Jedrick Wills,2020,4,19.702914,4.925729,19.702914,0.025,25.389123,6.347281,25.389123,00-0036267
Andrus Peat,2023,1,5.5,5.5,5.5,0.024,6.248665,6.248665,6.248665,00-0032203
Rashawn Slater,2021,4,16.631758,4.15794,16.631758,0.023,23.275348,5.818838,23.275348,00-0037009
Terence Steele,2023,1,4.304,4.304,0,0.019,4.889865,4.889865,0,00-0036036
Yosuah Nijman,2023,1,4.304,4.304,0,0.019,4.889865,4.889865,0,00-0035084
Kendall Lamm,2023,1,1.3175,1.3175,0.2,0.006,1.496839,1.496839,0.227224,00-0031921
Broderick Jones,2023,4,16.626364,4.156591,16.626364,0.018,18.889561,4.72239,18.889561,00-0039109
Christian Darrisaw,2021,4,13.346146,3.336537,13.346146,0.018,18.677291,4.669324,18.677291,00-0036616
Chris Hubbard,2023,1,1.315,1.315,0.075,0.006,1.493999,1.493999,0.085209,00-0029963
Trevor Penning,2022,4,14.143316,3.535829,14.143316,0.017,17.349678,4.337419,17.349678,00-0037241
James Hurst,2022,1,3.25,3.25,1.305,0.016,3.986792,3.986792,1.60085,00-0030694
Cornelius Lucas,2022,2,6.5,3.25,2.92,0.016,7.973583,3.986792,3.581979,00-0030725
Sam Tevi,2021,1,2.51,2.51,1,0.014,3.512625,3.512625,1.399452,00-0033578
Rashod Hill,2022,1,1.035,1.035,0,0.005,1.26964,1.26964,0,00-0032520
Ja'Wuan James,2021,2,4.49,2.245,0.5,0.012,6.28354,3.14177,0.699726,NA
Yodny Cajuste,2023,1,2.743,2.743,0,0.012,3.11638,3.11638,0,00-0035252
Calvin Anderson,2023,2,7,3.5,4,0.016,7.952847,3.976423,4.544484,00-0034957
Jamarco Jones,2022,2,4.8,2.4,3.15,0.012,5.888184,2.944092,3.864121,NA
Cameron Fleming,2023,1,2.5,2.5,0.85,0.011,2.840302,2.840302,0.965703,00-0031067
Walker Little,2021,4,7.621702,1.905426,4.569497,0.01,10.666207,2.666552,6.394792,00-0036975
Jackson Carman,2021,4,7.44996,1.86249,3.776787,0.01,10.425862,2.606465,5.285432,00-0036865
Greg Little,2023,1,1.18,1.18,0.1,0.005,1.340623,1.340623,0.113612,NA
Colton McKivitz,2023,2,4.56,2.28,2.87,0.01,5.180712,2.590356,3.260667,00-0036256
Jason Peters,2023,1,1.165,1.165,0,0.005,1.323581,1.323581,0,00-0022531
Dennis Daley,2023,2,3.2,1.6,0.75,0.007,3.635587,1.817794,0.852091,00-0035300
Cedric Ogbuehi,2023,1,1.47,1.47,0.05,0.007,1.670098,1.670098,0.056806,00-0032233
Bernhard Raimann,2022,4,5.30196,1.32549,1.035972,0.006,6.503941,1.625985,1.270832,00-0037757
Roderick Johnson,2023,1,1.0254,1.0254,0.0154,0.005,1.164978,1.164978,0.017496,00-0033569
David Sharpe,2023,1,1.08,1.08,0,0.005,1.227011,1.227011,0,00-0033946
Elijah Wilkinson,2023,1,1.2325,1.2325,1.0925,0.005,1.400269,1.400269,1.241212,00-0033676
Julie'n Davenport,2023,1,1.08,1.08,0,0.005,1.227011,1.227011,0,00-0033560
Josh Wells,2023,1,1.3175,1.3175,0.15,0.006,1.496839,1.496839,0.170418,00-0030829
Sean Rhyan,2022,4,5.122854,1.280714,0.905712,0.006,6.284231,1.571058,1.111042,00-0037076
Josh Jones,2020,4,4.839336,1.209834,1.079516,0.006,6.235956,1.558989,1.391061,00-0036363
Josh Jones,2022,1,1.085,1.085,0.05,0.005,1.330975,1.330975,0.061335,00-0033903
Logan Bruss,2023,1,0.216,0.216,0,0.001,0.245402,0.245402,0,00-0037836
Wanya Morris,2023,4,5.368352,1.342088,0.904256,0.006,6.099097,1.524774,1.027344,00-0038981
Matt Nelson,2023,1,1.3,1.3,0.15,0.006,1.476957,1.476957,0.170418,00-0035328
Dan Moore Jr.,2021,4,4.1779,1.044475,0.6979,0.006,5.846771,1.461693,0.976678,00-0036869
Geron Christian,2023,1,1.08,1.08,0,0.005,1.227011,1.227011,0,00-0034817
Josh Ball,2021,4,3.979344,0.994836,0.499344,0.005,5.568901,1.392225,0.698808,00-0036886
Chaz Green,2022,1,1.035,1.035,0,0.005,1.26964,1.26964,0,NA
Jason Spriggs,2022,1,1.035,1.035,0,0.005,1.26964,1.26964,0,00-0032766
Ty Nsekhe,2023,1,0.438444,0.438444,0,0.002,0.498125,0.498125,0,00-0029709
Brett Toth,2023,1,1.155,1.155,0,0.005,1.31222,1.31222,0,00-0035743
Nick Saldiveri,2023,4,4.74528,1.18632,0.84228,0.005,5.391212,1.347803,0.956932,00-0038566
Jaylon Moore,2021,4,3.803036,0.950759,0.323036,0.005,5.322167,1.330542,0.452073,00-0036557
Tommy Doyle,2021,4,3.795732,0.948933,0.315732,0.005,5.311945,1.327986,0.441852,00-0036560
Blake Freeland,2023,4,4.655888,1.163972,0.815888,0.005,5.289652,1.322413,0.926947,00-0039158
Braeden Daniels,2023,4,4.594452,1.148613,0.754452,0.005,5.219853,1.304963,0.857149,00-0039010
Carter Warren,2023,4,4.58432,1.14608,0.74432,0.005,5.208342,1.302086,0.845638,00-0039004
Korey Cunningham,2023,1,1.08,1.08,0,0.005,1.227011,1.227011,0,00-0034687
Will Holden,2022,1,1.035,1.035,0,0.005,1.26964,1.26964,0,00-0033788
Martinas Rankin,2018,4,3.546268,0.886567,0.901268,0.005,5.111269,1.277817,1.299006,00-0034824
Stone Forsythe,2021,4,3.646624,0.911656,0.166624,0.005,5.103275,1.275819,0.233182,00-0036653
Eric Smith,2022,2,1.835,0.94,0,0.005,2.251004,1.153103,0,00-0033414
Justin Murray,2023,1,1.08,1.08,0,0.005,1.227011,1.227011,0,00-0032528
Shon Coleman,2022,1,1.035,1.035,0,0.005,1.26964,1.26964,0,NA
Larnel Coleman,2022,2,1.575,0.7875,0,0.004,1.932061,0.96603,0,00-0036575
Jackson Barton,2023,1,1.08,1.08,0,0.005,1.227011,1.227011,0,00-0035003
Ethan Greenidge,2023,1,0.94,0.94,0,0.004,1.067954,1.067954,0,00-0035403
Chuma Edoga,2023,1,1.2325,1.2325,0.1525,0.005,1.400269,1.400269,0.173258,00-0035698
Braxton Jones,2022,4,3.959548,0.989887,0.299548,0.005,4.857198,1.214299,0.367457,00-0037081
Greg Senat,2022,1,0.895,0.895,0,0.004,1.097901,1.097901,0,00-0034280
Joe Giles-Harris,2023,1,0.94,0.94,0,0.004,1.067954,1.067954,0,00-0035363
Kyle Murphy,2021,1,0.85,0.85,0,0.005,1.189534,1.189534,0,00-0032433
Vederian Lowe,2022,4,3.857872,0.964468,0.197872,0.005,4.732471,1.183118,0.242731,00-0037287
Isaiah Williams,2022,2,1.905,0.9525,0,0.005,2.336873,1.168437,0,00-0033161
Luke Tenuta,2022,4,3.81268,0.95317,0.15268,0.005,4.677034,1.169258,0.187293,00-0037305
Warren McClendon,2023,4,4.08498,1.021245,0.24498,0.005,4.641032,1.160258,0.278327,00-0039077
Dan Skipper,2023,1,1.01,1.01,0,0.004,1.147482,1.147482,0,00-0033863
Hakeem Adeniji,2023,1,1.01,1.01,0,0.004,1.147482,1.147482,0,00-0036310
Rasheed Walker,2022,4,3.740876,0.935219,0.080876,0.004,4.588952,1.147238,0.099211,00-0037196
Alaric Jackson,2021,3,2.445,0.815,0.02,0.004,3.42166,1.140553,0.027989,00-0036603
Foster Sarell,2023,1,0.87,0.87,0,0.004,0.988425,0.988425,0,00-0036584
Grant Hermanns,2023,2,1.855,0.9275,0,0.004,2.107504,1.053752,0,00-0036513
Kyle Spalding,2021,3,2.4325,0.810833,0.0075,0.004,3.404167,1.134722,0.010496,NA
Coy Cronk,2023,1,0.87,0.87,0,0.004,0.988425,0.988425,0,00-0036785
Yasir Durant,2023,2,1.995,0.9975,0,0.004,2.266561,1.133281,0,00-0035881
Jake Witt,2023,4,3.93482,0.983705,0.09482,0.004,4.470432,1.117608,0.107727,NA
Ryan Hayes,2023,4,3.927092,0.981773,0.087092,0.004,4.461652,1.115413,0.098947,00-0039042
Blake Brandel,2023,1,0.94,0.94,0,0.004,1.067954,1.067954,0,00-0036347
Jaryd Jones-Smith,2023,1,0.94,0.94,0,0.004,1.067954,1.067954,0,00-0034628
Alex Light,2020,2,1.67,0.835,0,0.004,2.151958,1.075979,0,00-0034186
Justin Skule,2023,1,0.94,0.94,0,0.004,1.067954,1.067954,0,00-0034989
Myron Cunningham,2022,3,2.58,0.86,0.075,0.004,3.164899,1.054966,0.092003,NA
Kellen Diesch,2023,1,0.75,0.75,0,0.003,0.852091,0.852091,0,00-0037349
Obinna Eze,2023,1,0.75,0.75,0,0.003,0.852091,0.852091,0,00-0037440
Dylan Cook,2023,2,1.665,0.8325,0,0.004,1.891641,0.945821,0,00-0037480
Tanner Owen,2022,3,2.575,0.858333,0.03,0.004,3.158766,1.052921,0.036801,NA
Ben Petrula,2022,3,2.575,0.858333,0.15,0.004,3.158766,1.052921,0.184006,NA
Bamidele Olaseni,2022,3,2.575,0.858333,0.09,0.004,3.158766,1.052921,0.110403,NA
Devin Cochran,2023,1,0.75,0.75,0,0.003,0.852091,0.852091,0,NA
Jake Dixon,2022,3,2.572,0.857333,0.012,0.004,3.155085,1.051695,0.01472,NA
Sage Doxtater,2022,3,2.5675,0.855833,0.0825,0.004,3.149565,1.049855,0.101203,NA
Sebastian Gutierrez,2023,1,0.87,0.87,0,0.004,0.988425,0.988425,0,00-0037381
Jahmir Johnson,2022,3,2.566,0.855333,0.006,0.004,3.147725,1.049241,0.00736,NA
Amon Simon,2022,3,2.565,0.855,0.005,0.004,3.146499,1.048833,0.006134,NA
Sam Schlueter,2023,1,0.75,0.75,0,0.003,0.852091,0.852091,0,NA
Will Ulmer,2022,3,2.5625,0.854167,0.0025,0.004,3.143432,1.047811,0.003067,NA
Aron Johnson,2022,3,2.5625,0.854167,0.0025,0.004,3.143432,1.047811,0.003067,NA
Gene Pryor,2022,3,2.561,0.853667,0.001,0.004,3.141592,1.047198,0.001227,NA
Roy Mbaeteka,2023,1,0.75,0.75,0,0.003,0.852091,0.852091,0,NA
Alex Akingbulu,2023,2,1.665,0.8325,0,0.004,1.891641,0.945821,0,00-0038073
Liam Ryan,2023,1,0.75,0.75,0,0.003,0.852091,0.852091,0,00-0037658
Khalique Washington,2022,3,2.56,0.853333,0,0.004,3.140365,1.046788,0,NA
Trey Adams,2021,2,1.4925,0.74625,0.0075,0.004,2.088682,1.044341,0.010496,00-0036185
Darrin Paulo,2023,1,0.75,0.75,0,0.003,0.852091,0.852091,0,00-0036024
Paul Adams,2021,2,1.485,0.7425,0,0.004,2.078186,1.039093,0,00-0035007
Brandon Kemp,2022,1,0.705,0.705,0,0.003,0.864827,0.864827,0,NA
Ryan Pope,2021,2,1.485,0.7425,0,0.004,2.078186,1.039093,0,00-0035331
Isaac Alarcon,2023,2,1.665,0.8325,0,0.004,1.891641,0.945821,0,00-0036448
Jonathan Hubbard,2022,2,1.575,0.7875,0,0.004,1.932061,0.96603,0,NA
Earl Bostick Jr.,2023,3,2.715,0.905,0.22,0.004,3.084569,1.02819,0.249947,00-0038732
Alex Palczewski,2023,3,2.715,0.905,0.08,0.004,3.084569,1.02819,0.09089,00-0038796
Ilm Manning,2023,3,2.71,0.903333,0.105,0.004,3.078888,1.026296,0.119293,00-0038880
Joey Fisher,2023,3,2.71,0.903333,0.13,0.004,3.078888,1.026296,0.147696,00-0038876
Connor Galvin,2023,3,2.71,0.903333,0.19,0.004,3.078888,1.026296,0.215863,00-0038654
Luke Haggard,2023,3,2.705,0.901667,0.12,0.004,3.073207,1.024403,0.136335,00-0038818
Robert Haskins,2023,3,2.705,0.901667,0.01,0.004,3.073207,1.024403,0.011361,00-0038424
Dylan Deatherage,2023,3,2.705,0.901667,0.08,0.004,3.073207,1.024403,0.09089,NA
Trevor Reid,2023,3,2.705,0.901667,0.11,0.004,3.073207,1.024403,0.124973,NA
Kadeem Telfort,2023,3,2.704,0.901333,0.009,0.004,3.072071,1.024023,0.010225,00-0038471
Tykeem Doss,2023,3,2.7025,0.900833,0.0175,0.004,3.070367,1.023455,0.019882,00-0038459
Ricky Lee,2023,3,2.7,0.9,0.005,0.004,3.067527,1.022509,0.005681,00-0038776
Alex Jensen,2023,3,2.698,0.899333,0.008,0.004,3.065254,1.021751,0.009089,NA
James Tunstall,2023,3,2.697,0.899,0.002,0.004,3.064118,1.021373,0.002272,00-0038697
Blake Haynes,2023,3,2.696,0.898667,0.001,0.004,3.062982,1.020994,0.001136,NA
Barry Wesley,2023,3,2.695,0.898333,0,0.004,3.061846,1.020615,0,00-0038304
J.D. DiRenzo,2023,3,2.695,0.898333,0,0.004,3.061846,1.020615,0,00-0038537
Raiqwon O'Neal,2023,3,2.695,0.898333,0,0.004,3.061846,1.020615,0,00-0038826
Carter O'Donnell,2023,1,0.75,0.75,0,0.003,0.852091,0.852091,0,00-0035853
Brandon Walton,2022,2,1.575,0.7875,0,0.004,1.932061,0.96603,0,00-0036123
Anthony McKinney,2020,3,2.2975,0.765833,0.0375,0.004,2.960552,0.98685,0.048322,NA
Evin Ksiezarczyk,2022,1,0.705,0.705,0,0.003,0.864827,0.864827,0,00-0035784
Steven Nielsen,2020,3,2.2925,0.764167,0.0175,0.004,2.954109,0.984704,0.02255,NA
Travis Bruffy,2020,3,2.292,0.764,0.027,0.004,2.953465,0.984488,0.034792,00-0035963
Julian Good-Jones,2023,2,1.665,0.8325,0,0.004,1.891641,0.945821,0,00-0035997
Hunter Atkinson,2020,3,2.292,0.764,0.007,0.004,2.953465,0.984488,0.00902,NA
Hunter Watts,2020,3,2.288,0.762667,0.003,0.004,2.948311,0.982771,0.003866,00-0035866
Casey Tucker,2022,2,1.575,0.7875,0,0.004,1.932061,0.96603,0,00-0035641
Ryan Van Demark,2023,2,1.674,0.837,0.009,0.004,1.901867,0.950933,0.010225,00-0037404
Leroy Watson,2023,2,1.665,0.8325,0,0.004,1.891641,0.945821,0,00-0037591
Jarron Jones,2021,1,0.66,0.66,0,0.004,0.923638,0.923638,0,00-0033715
Martez Ivey,2021,1,0.66,0.66,0,0.004,0.923638,0.923638,0,00-0035724
Corbin Kaufusi,2021,1,0.66,0.66,0,0.004,0.923638,0.923638,0,00-0034945
Ray Wilborn,2023,1,0.75,0.75,0,0.003,0.852091,0.852091,0,00-0035790
Olisaemeka Udoh,2023,1,2.5825,2.5825,2.5825,0.011,2.934032,2.934032,2.934032,00-0034994
Isaiah Prince,2023,1,1.01,1.01,0,0.004,1.147482,1.147482,0,00-0035295
K.C. McDermott,2022,1,0.3582,0.3582,0,0.002,0.439406,0.439406,0,00-0034522
Mitch Hyatt,2019,3,1.775,0.591667,0.15,0.003,2.408794,0.802932,0.20356,00-0035416
Chidi Okeke,2021,1,0.66,0.66,0,0.004,0.923638,0.923638,0,00-0034940
Tyree St. Louis,2021,1,0.78,0.78,0,0.004,1.091573,1.091573,0,00-0034958
Blake Camper,2019,3,1.762,0.587333,0.007,0.003,2.391152,0.79705,0.009499,00-0035425
Ryan Bates,2022,4,17,4.25,8.85,0.02,20.853987,5.213497,10.85634,00-0035382
D.J. Coker,2019,3,1.76,0.586667,0.013,0.003,2.388438,0.796146,0.017642,NA
Donnell Greene,2019,3,1.76,0.586667,0.005,0.003,2.388438,0.796146,0.006785,NA
Marcus Applefield,2019,3,1.758,0.586,0.003,0.003,2.385724,0.795241,0.004071,00-0035105
Dino Boyd,2019,3,1.758,0.586,0.003,0.003,2.385724,0.795241,0.004071,00-0035152
Tyler Roemer,2019,3,1.7575,0.585833,0.0025,0.003,2.385045,0.795015,0.003393,00-0035134
Damian Prince,2019,3,1.756,0.585333,0.001,0.003,2.38301,0.794336,0.001357,00-0035578
Travis Vornkahl,2019,3,1.755,0.585,0,0.003,2.381652,0.793884,0,NA
Ka'John Armstrong,2020,2,1.11,0.555,0,0.003,1.430343,0.715172,0,NA
Victor Salako,2020,2,1.1145,0.55725,0.0045,0.003,1.436142,0.718071,0.005799,00-0033816
Nate Wozniak,2020,2,1.111,0.5555,0.001,0.003,1.431632,0.715816,0.001289,00-0034128
Austin Calitro,2022,1,1.035,1.035,0,0.005,1.26964,1.26964,0,00-0033452
Tuf Borland,2022,1,0.705,0.705,0,0.003,0.864827,0.864827,0,NA
Jonah Williams,2022,2,1.765,0.8825,0,0.004,2.165134,1.082567,0,00-0035944
Quenton Nelson,2022,4,80,20,60,0.096,98.136407,24.534102,73.602305,00-0034342
Joel Bitonio,2021,3,48,16,33.102942,0.088,67.173699,22.391233,46.32598,00-0031426
Joe Thuney,2021,5,80,16,46.89,0.088,111.956164,22.391233,65.620307,00-0032391
Elgton Jenkins,2022,4,68,17,24,0.082,83.415946,20.853987,29.440922,00-0035526
Andrew Norwell,2022,2,10,5,5.7,0.024,12.267051,6.133525,6.992219,00-0031122
Laken Tomlinson,2022,3,40,13.333333,27,0.064,49.068204,16.356067,33.121037,00-0032234
Ali Marpet,2018,5,54.125,10.825,26.867351,0.061,78.010863,15.602173,38.724162,00-0032243
Rodger Saffold,2023,1,0.3708,0.3708,0,0.002,0.421274,0.421274,0,00-0027648
Ben Powers,2023,4,52,13,28.5,0.058,59.078292,14.769573,32.379448,00-0034978
Cody Whitehair,2019,5,51.25,10.25,27.526078,0.054,69.549681,13.909936,37.354731,00-0032768
Justin Pugh,2023,1,1.43,1.43,0.26,0.006,1.624653,1.624653,0.295391,00-0030585
Ereck Flowers,2020,3,30,10,19.95,0.05,38.657921,12.885974,25.707518,NA
Zach Fulton,2021,1,1.2125,1.2125,0.1375,0.007,1.696836,1.696836,0.192425,00-0030997
Matt Feiler,2023,1,2.5,2.5,1.29,0.011,2.840302,2.840302,1.465596,00-0031142
Isaac Seumalo,2023,3,24,8,6.95,0.036,27.266904,9.088968,7.896041,00-0032954
Connor McGovern,2023,3,22.35,7.45,11,0.033,25.392304,8.464101,12.497331,00-0035679
Richie Incognito,2021,1,2.12,2.12,1.1,0.012,2.966838,2.966838,1.539397,00-0023516
Nick Easton,2019,4,24,6,4,0.032,32.569607,8.142402,5.428268,00-0031765
Alex Lewis,2021,1,3.5,3.5,1,0.019,4.898082,4.898082,1.399452,00-0032407
James Carpenter,2021,1,1.075,1.075,0,0.006,1.504411,1.504411,0,00-0027963
Jon Feliciano,2023,1,2.25,2.25,2.25,0.01,2.556272,2.556272,2.556272,00-0032151
Quinton Spain,2021,1,1.1275,1.1275,0.1375,0.006,1.577882,1.577882,0.192425,00-0032043
Peter Skoronski,2023,4,19.67332,4.91833,19.67332,0.022,22.351272,5.587818,22.351272,00-0039034
B.J. Finney,2021,1,1.1275,1.1275,0.1375,0.006,1.577882,1.577882,0.192425,00-0031779
Dan Feeney,2023,1,3.25,3.25,3.125,0.014,3.692393,3.692393,3.550378,00-0033910
Kenyon Green,2022,4,15.953406,3.988352,15.953406,0.019,19.570124,4.892532,19.570124,00-0037613
Phil Haynes,2023,1,4,4,3.49,0.018,4.544484,4.544484,3.965062,00-0035141
Zion Johnson,2022,4,14.74668,3.68667,14.74668,0.018,18.089827,4.522457,18.089827,00-0037818
Tyler Smith,2022,4,13.389116,3.347279,13.389116,0.016,16.424497,4.106124,16.424497,00-0037243
Cole Strange,2022,4,12.255972,3.063993,12.255972,0.015,15.034463,3.758616,15.034463,00-0038103
Mike Person,2019,3,8.25,2.75,2.7,0.015,11.195802,3.731934,3.664081,00-0028177
Dalton Risner,2023,1,2.78125,2.78125,2.25,0.012,3.159837,3.159837,2.556272,00-0035702
Landon Dickerson,2021,4,8.65667,2.164168,5.958386,0.012,12.114595,3.028649,8.338476,00-0037002
Andrew Wylie,2023,3,24,8,12,0.036,27.266904,9.088968,13.633452,00-0033831
Chris Reed,2023,1,1.5,1.5,0,0.007,1.704181,1.704181,0,00-0031734
Steve Avila,2023,4,9.252708,2.313177,7.442147,0.01,10.512196,2.628049,8.455179,00-0039058
Matthew Bergeron,2023,4,8.978482,2.244621,7.014143,0.01,10.200642,2.550161,7.968915,00-0039048
Aaron Banks,2021,4,7.073608,1.768402,4.145968,0.01,9.899175,2.474794,5.802083,00-0036551
Alex Bars,2023,1,1.5,1.5,0.6175,0.007,1.704181,1.704181,0.701555,00-0035061
David Edwards,2023,1,1.77,1.77,1.72,0.008,2.010934,2.010934,1.954128,00-0035668
Justin McCray,2023,1,1.77,1.77,0.69,0.008,2.010934,2.010934,0.783923,00-0030792
Connor Williams,2022,2,14.035,7.0175,8.535,0.034,17.216806,8.608403,10.469928,00-0034352
Luke Goedeke,2022,4,6.178986,1.544747,3.364671,0.007,7.579794,1.894949,4.127459,00-0037835
Stefen Wisniewski,2020,2,2.85,1.425,0.375,0.007,3.672503,1.836251,0.483224,00-0027986
Jalen Mayfield,2023,1,0.87,0.87,0,0.004,0.988425,0.988425,0,00-0036947
Brady Christensen,2021,4,5.163282,1.290821,1.115112,0.007,7.225766,1.806442,1.560546,00-0036968
Ezra Cleveland,2020,4,5.537216,1.384304,3.058756,0.007,7.135242,1.783811,3.941505,00-0036327
Aaron Stinnie,2023,1,1.4,1.4,0.15,0.006,1.590569,1.590569,0.170418,00-0034668
Wyatt Davis,2023,1,0.94,0.94,0,0.004,1.067954,1.067954,0,00-0037006
Joshua Ezeudu,2022,4,5.485524,1.371381,1.169472,0.007,6.72912,1.68228,1.434597,00-0037807
Jordan Simmons,2022,1,0.965,0.965,0,0.005,1.18377,1.18377,0,00-0033446
Marcus Martin,2021,1,1.18,1.18,0.015,0.006,1.651353,1.651353,0.020992,00-0031337
Trystan Colon,2023,1,1.41,1.41,0.25,0.006,1.601931,1.601931,0.28403,00-0035992
Iosua Opeta,2023,1,1.4,1.4,0.175,0.006,1.590569,1.590569,0.198821,00-0035384
Damien Lewis,2020,4,4.902146,1.225537,1.125196,0.006,6.316892,1.579224,1.449925,00-0036417
Max Garcia,2023,1,1.165,1.165,0,0.005,1.323581,1.323581,0,00-0032132
Lane Taylor,2021,1,1.1275,1.1275,0.4,0.006,1.577882,1.577882,0.559781,00-0030273
Dylan Parham,2022,4,5.13143,1.282858,0.911948,0.006,6.294751,1.573688,1.118691,00-0037255
Jonah Jackson,2020,4,4.748806,1.187202,1.048564,0.006,6.119299,1.529825,1.351177,00-0036258
Drew Forbes,2023,1,1.325,1.325,0.2,0.006,1.50536,1.50536,0.227224,00-0034991
Dakota Dozier,2022,1,1.12,1.12,0,0.005,1.37391,1.37391,0,00-0031017
Ted Larsen,2021,1,1.075,1.075,0,0.006,1.504411,1.504411,0,00-0027607
Patrick Omameh,2021,1,1.075,1.075,0,0.006,1.504411,1.504411,0,00-0029889
Michael Schofield,2023,1,0.2898,0.2898,0,0.001,0.329248,0.329248,0,00-0031353
Adam Pankey,2023,1,1.08,1.08,0,0.005,1.227011,1.227011,0,00-0033359
Forrest Lamp,2022,1,1.1875,1.1875,0.025,0.006,1.456712,1.456712,0.030668,00-0033542
Kyle Fuller,2023,1,1.105,1.105,0,0.005,1.255414,1.255414,0,00-0033592
James Ferentz,2023,1,1.215,1.215,0.2,0.005,1.380387,1.380387,0.227224,00-0031039
Royce Newman,2021,4,3.979344,0.994836,0.499344,0.005,5.568901,1.392225,0.698808,00-0036631
Bryan Witzmann,2021,1,0.99,0.99,0,0.005,1.385458,1.385458,0,00-0031152
Matt Skura,2023,1,0.2898,0.2898,0,0.001,0.329248,0.329248,0,00-0032575
Oday Aboushi,2022,1,1.12,1.12,0,0.005,1.37391,1.37391,0,00-0030083
Tyre Phillips,2023,1,1.01,1.01,0,0.004,1.147482,1.147482,0,00-0036214
Cordell Volson,2022,4,4.31688,1.07922,0.65688,0.005,5.295539,1.323885,0.805798,00-0038095
Josh Andrews,2023,1,1.165,1.165,0,0.005,1.323581,1.323581,0,00-0030706
Saahdiq Charles,2020,4,4.094368,1.023592,0.799368,0.005,5.275992,1.318998,1.030064,00-0036334
John Simpson,2023,1,1.01,1.01,0,0.004,1.147482,1.147482,0,00-0036369
Solomon Kindley,2023,1,0.94,0.94,0,0.004,1.067954,1.067954,0,00-0036131
Ben Bartch,2023,1,0.94,0.94,0,0.004,1.067954,1.067954,0,00-0036272
Pat Elflein,2023,1,1.15,1.15,0.025,0.005,1.306539,1.306539,0.028403,00-0033909
Logan Stenberg,2023,1,0.2898,0.2898,0,0.001,0.329248,0.329248,0,00-0036234
Jon Gaines,2023,4,4.57224,1.14306,0.73224,0.005,5.194618,1.298654,0.831913,00-0038571
Parker Ehinger,2021,1,0.92,0.92,0,0.005,1.287496,1.287496,0,00-0032771
Cameron Clark,2020,4,3.985992,0.996498,0.690992,0.005,5.136339,1.284085,0.89041,00-0036263
Sean Harlow,2023,1,1.08,1.08,0,0.005,1.227011,1.227011,0,00-0033511
Deonte Brown,2023,1,0.87,0.87,0,0.004,0.988425,0.988425,0,00-0036566
William Sherman,2023,1,0.216,0.216,0,0.001,0.245402,0.245402,0,00-0036535
Cole Van Lanen,2023,1,0.94,0.94,0,0.004,1.067954,1.067954,0,00-0036655
Michael Jordan,2023,1,1.08,1.08,0,0.005,1.227011,1.227011,0,00-0035266
Danny Isidora,2022,1,1.035,1.035,0,0.005,1.26964,1.26964,0,00-0033960
Chandler Brewer,2023,1,1.1125,1.1125,0.15,0.005,1.263935,1.263935,0.170418,00-0035623
Matt Farniok,2023,1,0.216,0.216,0,0.001,0.245402,0.245402,0,00-0036663
Cody Ford,2023,1,1.08,1.08,0,0.005,1.227011,1.227011,0,00-0035238
Michael Deiter,2023,1,1.08,1.08,0,0.005,1.227011,1.227011,0,00-0035686
Wes Martin,2023,1,1.08,1.08,0,0.005,1.227011,1.227011,0,00-0035263
Ben Bredeson,2020,4,3.7894,0.94735,0.4944,0.005,4.883011,1.220753,0.637083,00-0036132
Lester Cotton,2023,2,2.135,1.0675,0,0.005,2.425618,1.212809,0,00-0035117
Luke Wattenberg,2022,4,3.947716,0.986929,0.287716,0.005,4.842683,1.210671,0.352943,00-0037278
Aviante Collins,2023,1,1.01,1.01,0,0.004,1.147482,1.147482,0,00-0033326
Jamil Demby,2021,1,0.85,0.85,0,0.005,1.189534,1.189534,0,00-0034809
Jeremiah Poutasi,2022,1,0.895,0.895,0,0.004,1.097901,1.097901,0,00-0032263
Austin Schlottmann,2023,1,1.13,1.13,0,0.005,1.283817,1.283817,0,00-0034112
Coleman Shelton,2023,2,4.75,2.375,3.75,0.011,5.396575,2.698287,4.260454,00-0034114
Atonio Mafi,2023,4,4.17554,1.043885,0.33554,0.005,4.743919,1.18598,0.381214,00-0038586
Ben Braden,2022,1,0.965,0.965,0,0.005,1.18377,1.18377,0,00-0033490
Nick Zakelj,2022,4,3.85036,0.96259,0.19036,0.005,4.723256,1.180814,0.233516,00-0037831
Jordan McFadden,2023,4,4.15214,1.038035,0.31214,0.005,4.717333,1.179333,0.354629,00-0038595
Justin Shaffer,2023,1,0.75,0.75,0,0.003,0.852091,0.852091,0,00-0037290
Cade Mays,2022,4,3.833068,0.958267,0.173068,0.005,4.702044,1.175511,0.212303,00-0037297
Shane Lemieux,2020,4,3.64214,0.910535,0.34714,0.005,4.693252,1.173313,0.447324,00-0036397
Beau Benzschawel,2022,1,0.825,0.825,0,0.004,1.012032,1.012032,0,00-0035323
Asim Richards,2023,4,4.08498,1.021245,0.24498,0.005,4.641032,1.160258,0.278327,00-0038601
Ja'Tyre Carter,2022,4,3.769312,0.942328,0.109312,0.005,4.623834,1.155959,0.134094,00-0037089
Chris Paul,2022,4,3.764448,0.941112,0.104448,0.005,4.617868,1.154467,0.128127,00-0037092
Michael Dunn,2023,1,1.01,1.01,0,0.004,1.147482,1.147482,0,00-0033995
Marquis Hayes,2023,1,0.216,0.216,0,0.001,0.245402,0.245402,0,00-0037748
Sadarius Hutcherson,2021,3,2.455,0.818333,0.13,0.004,3.435655,1.145218,0.181929,NA
Jared Hocker,2022,1,0.705,0.705,0,0.003,0.864827,0.864827,0,NA
Sala Aumavae-Laulu,2023,4,4.013192,1.003298,0.173192,0.004,4.559472,1.139868,0.196767,00-0038382
Parker Ferguson,2023,1,0.75,0.75,0,0.003,0.852091,0.852091,0,NA
Tommy Kraemer,2023,1,0.87,0.87,0,0.004,0.988425,0.988425,0,00-0036749
Nolan Laufenberg,2023,1,0.75,0.75,0,0.003,0.852091,0.852091,0,00-0036722
Ryan Neuzil,2022,1,0.705,0.705,0,0.003,0.864827,0.864827,0,00-0036833
Dareuan Parker,2021,3,2.43,0.81,0.005,0.004,3.400668,1.133556,0.006997,NA
Joe Sculthorpe,2021,3,2.428,0.809333,0.003,0.004,3.39787,1.132623,0.004198,NA
Greg Eiland,2023,1,0.75,0.75,0,0.003,0.852091,0.852091,0,00-0036796
Alexander Hoffman,2021,3,2.426,0.808667,0.001,0.004,3.395071,1.131691,0.001399,NA
Jovaughn Gwyn,2023,4,3.945828,0.986457,0.105828,0.004,4.482938,1.120735,0.120233,00-0038629
Andrew Vorhees,2023,4,3.942112,0.985528,0.102112,0.004,4.478716,1.119679,0.116012,00-0038383
Nick Broeker,2023,4,3.9421,0.985525,0.1021,0.004,4.478703,1.119676,0.115998,00-0038633
Jake Eldrenkamp,2022,1,0.895,0.895,0,0.004,1.097901,1.097901,0,NA
Arlington Hambright,2023,1,0.87,0.87,0,0.004,0.988425,0.988425,0,00-0036317
Sam Jones,2021,1,0.78,0.78,0,0.004,1.091573,1.091573,0,00-0034405
Zack Bailey,2023,1,0.87,0.87,0,0.004,0.988425,0.988425,0,00-0035468
Nick Leverett,2023,1,0.94,0.94,0,0.004,1.067954,1.067954,0,00-0036105
John Leglue,2023,2,1.855,0.9275,0,0.004,2.107504,1.053752,0,00-0034937
Tyrese Robinson,2023,2,1.665,0.8325,0,0.004,1.891641,0.945821,0,00-0037167
Curtis Blackwell,2022,3,2.575,0.858333,0.015,0.004,3.158766,1.052921,0.018401,NA
Zein Obeid,2022,3,2.575,0.858333,0.03,0.004,3.158766,1.052921,0.036801,NA
Josh Sills,2022,3,2.57,0.856667,0.135,0.004,3.152632,1.050878,0.165605,00-0037138
Jason Poe,2023,1,0.75,0.75,0,0.003,0.852091,0.852091,0,00-0037529
Wesley French,2022,3,2.57,0.856667,0.01,0.004,3.152632,1.050878,0.012267,00-0037396
Shamarious Gilmore,2022,3,2.567,0.855667,0.007,0.004,3.148952,1.049651,0.008587,NA
Blaise Andries,2022,3,2.567,0.855667,0.057,0.004,3.148952,1.049651,0.069922,NA
Xavier Newman-Johnson,2023,1,0.276999,0.276999,0,0.001,0.314704,0.314704,0,00-0037601
Drew Desjarlais,2022,3,2.565,0.855,0.065,0.004,3.146499,1.048833,0.079736,NA
Michael Niese,2023,2,1.665,0.8325,0,0.004,1.891641,0.945821,0,00-0037385
Mike Caliendo,2023,1,0.75,0.75,0,0.003,0.852091,0.852091,0,00-0037207
Desmond Noel,2022,3,2.5625,0.854167,0.0025,0.004,3.143432,1.047811,0.003067,NA
Greg Long,2022,3,2.56,0.853333,0,0.004,3.140365,1.046788,0,NA
John Molchon,2023,1,0.2898,0.2898,0,0.001,0.329248,0.329248,0,00-0036048
Cordel Iwuagwu,2021,2,1.485,0.7425,0,0.004,2.078186,1.039093,0,00-0036066
McClendon Curtis,2023,3,2.72,0.906667,0.21,0.004,3.090249,1.030083,0.238585,00-0038914
Mark Evans II,2023,3,2.72,0.906667,0.241,0.004,3.090249,1.030083,0.273805,00-0038903
Jerome Carvin,2023,3,2.7075,0.9025,0.1125,0.004,3.076048,1.025349,0.127814,00-0038509
Harris Lachance,2023,3,2.705,0.901667,0.02,0.004,3.073207,1.024403,0.022722,NA
Grant Miller,2023,3,2.696,0.898667,0.001,0.004,3.062982,1.020994,0.001136,00-0038947
Marquel Harrell,2021,1,0.66,0.66,0,0.004,0.923638,0.923638,0,00-0036143
Scott Quessenberry,2023,1,2.1,2.1,0.55,0.009,2.385854,2.385854,0.624867,NA
Kayode Awosika,2023,1,0.87,0.87,0,0.004,0.988425,0.988425,0,00-0036736
Bill Murray,2023,1,0.87,0.87,0,0.004,0.988425,0.988425,0,00-0036093
Dieter Eiselen,2023,1,0.87,0.87,0,0.004,0.988425,0.988425,0,00-0036202
Aaron Brewer,2023,1,4.304,4.304,0,0.019,4.889865,4.889865,0,00-0036171
Zack Johnson,2023,2,1.655,0.8325,0,0.004,1.88028,0.945821,0,00-0036015
Steven Gonzalez,2021,1,0.66,0.66,0,0.004,0.923638,0.923638,0,NA
Jovahn Fair,2020,3,2.29,0.763333,0.005,0.004,2.950888,0.983629,0.006443,NA
Evan Adams,2020,3,2.288,0.762667,0.008,0.004,2.948311,0.982771,0.010309,NA
Josh Dunlop,2020,3,2.2875,0.7625,0.0025,0.004,2.947666,0.982555,0.003221,00-0035902
Tyler Higby,2020,3,2.287,0.762333,0.002,0.004,2.947022,0.98234,0.002577,NA
Adrian Magee,2020,3,2.2855,0.761833,5e-04,0.004,2.945089,0.981696,0.000644,NA
R.J. Prince,2021,1,0.66,0.66,0,0.004,0.923638,0.923638,0,00-0034699
Anthony Fabiano,2020,2,1.41,0.705,0,0.004,1.816922,0.908461,0,00-0032567
Nick Allegretti,2023,1,2.5825,2.5825,2.5825,0.011,2.934032,2.934032,2.934032,00-0035149
Jordan Meredith,2023,1,0.75,0.75,0,0.003,0.852091,0.852091,0,00-0036604
Tyler Jones,2020,2,1.11,0.555,0,0.003,1.430343,0.715172,0,00-0035502
Tyler Gauthier,2021,1,0.1656,0.1656,0,0.001,0.231749,0.231749,0,00-0034963
Demetrius Knox,2019,3,1.763,0.587667,0.008,0.003,2.392509,0.797503,0.010857,00-0035093
Garrett Brumfield,2019,3,1.7625,0.5875,0.0075,0.003,2.39183,0.797277,0.010178,00-0035225
Chris Brown,2019,3,1.7605,0.586833,0.0055,0.003,2.389116,0.796372,0.007464,00-0035424
Marquez Tucker,2019,3,1.76,0.586667,0.01,0.003,2.388438,0.796146,0.013571,00-0035055
Brandon Knight,2019,3,1.76,0.586667,0.055,0.003,2.388438,0.796146,0.074639,00-0035418
Bunchy Stallings,2019,3,1.76,0.586667,0.02,0.003,2.388438,0.796146,0.027141,00-0035372
CJ Toogood,2019,3,1.758,0.586,0.003,0.003,2.385724,0.795241,0.004071,NA
Larry Williams,2019,3,1.757,0.585667,0.002,0.003,2.384367,0.794789,0.002714,NA
Mike Herndon,2019,3,1.756,0.585333,0.001,0.003,2.38301,0.794336,0.001357,NA
Austin Droogsma,2019,3,1.7555,0.585167,5e-04,0.003,2.382331,0.794111,0.000679,NA
Patrick Vahe,2019,3,1.755,0.585,0,0.003,2.381652,0.793884,0,00-0035571
Tommy Doles,2019,3,1.755,0.585,0,0.003,2.381652,0.793884,0,00-0035180
Jerald Foster,2019,3,1.755,0.585,0,0.003,2.381652,0.793884,0,00-0035563
Tiano Pupungatoa,2019,3,1.755,0.585,0,0.003,2.381652,0.793884,0,NA
Johnny Gibson,2019,3,1.755,0.585,0,0.003,2.381652,0.793884,0,NA
Rishard Cook,2019,3,1.755,0.585,0,0.003,2.381652,0.793884,0,00-0035729
David Bright,2019,3,1.755,0.585,0,0.003,2.381652,0.793884,0,NA
Abdul Beecham,2019,3,1.755,0.585,0,0.003,2.381652,0.793884,0,00-0035690
Fisayo Awolaja,2019,3,1.755,0.585,0,0.003,2.381652,0.793884,0,NA
Jordan Agasiva,2019,3,1.755,0.585,0,0.003,2.381652,0.793884,0,NA
Kofi Amichia,2020,2,1.11,0.555,0,0.003,1.430343,0.715172,0,00-0033301
Frank Ragnow,2021,4,54,13.5,42,0.074,75.570411,18.892603,58.776986,00-0034345
Corey Linsley,2021,5,62.5,12.5,26,0.068,87.465753,17.493151,36.385753,00-0031019
Jason Kelce,2023,1,14.25,14.25,14.25,0.063,16.189724,16.189724,16.189724,00-0028129
Ryan Kelly,2020,4,49.65,12.4125,34,0.063,63.97886,15.994715,43.812311,00-0032383
Ryan Jensen,2022,3,39,13,26.5,0.062,47.841499,15.947166,32.507685,00-0029895
Brandon Linder,2017,5,51.703,10.3406,24,0.062,79.071534,15.814307,36.704192,00-0031369
Travis Frederick,2016,6,56.4,9.4,28.162822,0.061,92.771044,15.461841,46.324369,00-0030546
Rodney Hudson,2021,3,30,10,16,0.055,41.983562,13.994521,22.391233,00-0027993
Mitch Morse,2022,2,19.5,9.75,12,0.047,23.920749,11.960375,14.720461,00-0031936
Nick Martin,2022,1,1.1875,1.1875,0.1525,0.006,1.456712,1.456712,0.187073,00-0032969
J.C. Tretter,2019,3,32.55,10.85,20.75,0.058,44.172529,14.724176,28.159139,00-0030076
Erik McCoy,2022,5,60,12,33,0.058,73.602305,14.720461,40.481268,00-0035242
Weston Richburg,2018,5,47.5,9.5,28.5,0.054,68.46219,13.692438,41.077314,00-0031238
Chase Roullier,2020,4,40.5,10.125,19.02,0.051,52.188194,13.047048,24.509122,00-0033529
Matt Paradis,2019,3,27.03,9.01,12,0.048,36.68152,12.227173,16.284803,00-0031349
Connor McGovern,2023,1,1.915,1.915,1.25,0.009,2.175672,2.175672,1.420151,00-0033011
Spencer Long,2019,3,12.6,4.2,1.2,0.022,17.099044,5.699681,1.62848,00-0031047
Trey Hopkins,2019,3,20.4,6.8,4.5,0.036,27.684166,9.228055,6.106801,00-0030781
Ben Jones,2022,2,14,7,8,0.034,17.173871,8.586936,9.813641,00-0029413
Brian Allen,2023,2,10,5,3,0.022,11.36121,5.680605,3.408363,00-0034804
Ted Karras,2022,3,18,6,5,0.029,22.080692,7.360231,6.133525,00-0032445
Alex Mack,2022,2,2.285,1.1425,0,0.005,2.803021,1.401511,0,00-0026997
Bradley Bozeman,2023,3,18,6,10,0.027,20.450178,6.816726,11.36121,00-0034281
Ethan Pocic,2023,3,18,6,10,0.027,20.450178,6.816726,11.36121,00-0033901
David Andrews,2021,4,19,4.75,6.5,0.026,26.589589,6.647397,9.096438,00-0031852
Mason Cole,2022,3,15.75,5.25,4.565,0.025,19.320605,6.440202,5.599909,00-0034785
Nick Gates,2023,3,16.5,5.5,8,0.024,18.745996,6.248665,9.088968,00-0034445
Andre James,2021,2,8.65,4.325,5.9,0.024,12.10526,6.05263,8.256767,00-0035127
Garrett Bradbury,2023,3,15.75,5.25,9.8,0.023,17.893906,5.964635,11.133986,00-0035588
Justin Britt,2022,2,9,4.5,4,0.022,11.040346,5.520173,4.90682,NA
Lucas Patrick,2022,2,8,4,4,0.019,9.813641,4.90682,4.90682,00-0033082
Austin Blythe,2022,1,4,4,2.5,0.019,4.90682,4.90682,3.066763,00-0032455
Jake Brendel,2023,4,16.5,4.125,8,0.018,18.745996,4.686499,9.088968,00-0032701
Billy Price,2023,1,1.08,1.08,0,0.005,1.227011,1.227011,0,00-0034762
Tyler Linderbaum,2022,4,13.238294,3.309574,13.238294,0.016,16.239483,4.059871,16.239483,00-0037825
Spencer Pulley,2021,1,0.99,0.99,0,0.005,1.385458,1.385458,0,00-0032911
Tyler Shatley,2022,2,4.8,2.4,2.35,0.012,5.888184,2.944092,2.882757,00-0030827
Wes Schweitzer,2023,2,5,2.5,3.165,0.011,5.680605,2.840302,3.595823,00-0032432
Liam Eichenberg,2021,4,8.014482,2.003621,4.873007,0.011,11.215883,2.803972,6.81954,00-0037010
Austin Corbett,2022,3,26.25,8.75,19.6,0.042,32.201009,10.73367,24.04342,00-0034261
Hjalte Froholdt,2023,2,4.6,2.3,2.11,0.01,5.226157,2.613078,2.397215,00-0035258
Evan Brown,2023,1,2.25,2.25,1,0.01,2.556272,2.556272,1.136121,00-0034495
Joe Tippmann,2023,4,8.359604,2.089901,6.167665,0.009,9.497522,2.37438,7.007214,00-0039145
Cameron Jurgens,2022,4,6.903024,1.725756,3.924154,0.008,8.467975,2.116994,4.81378,00-0038112
Josh Myers,2021,4,5.580142,1.395036,2.991927,0.008,7.809141,1.952286,4.187058,00-0036622
Creed Humphrey,2021,4,5.565208,1.391302,2.980388,0.008,7.788242,1.94706,4.17091,00-0036623
John Michael Schmitz,2023,4,6.373334,1.593334,3.424849,0.007,7.240879,1.81022,3.891043,00-0039019
Juice Scruggs,2023,4,6.099108,1.524777,3.212948,0.007,6.929325,1.732331,3.650298,00-0038936
Kendrick Green,2021,4,4.875764,1.218941,0.906008,0.007,6.823398,1.705849,1.267915,00-0036983
Luke Fortner,2022,4,5.500062,1.375016,1.180044,0.007,6.746954,1.686739,1.447566,00-0037814
Jonotthan Harrison,2023,1,1.165,1.165,0,0.005,1.323581,1.323581,0,00-0030649
Greg Mancz,2023,1,1.1695,1.1695,0.0045,0.005,1.328694,1.328694,0.005113,00-0031923
Matt Hennessy,2020,4,4.686377,1.171594,1.00958,0.006,6.038853,1.509713,1.300942,00-0036295
Ricky Stromberg,2023,4,5.304082,1.326021,0.857512,0.006,6.026079,1.50652,0.974237,00-0039008
Joe Looney,2021,1,1.075,1.075,0,0.006,1.504411,1.504411,0,00-0029278
Tyler Larsen,2023,1,1.3175,1.3175,0.1525,0.006,1.496839,1.496839,0.173258,00-0030869
Drew Dalman,2021,4,4.256724,1.064181,0.776724,0.006,5.957081,1.48927,1.086988,00-0036957
Lloyd Cushenberry,2020,4,4.57684,1.14421,0.946176,0.006,5.897704,1.474426,1.21924,00-0036391
Will Clapp,2023,1,1.2325,1.2325,0.1,0.005,1.400269,1.400269,0.113612,00-0034436
Adam Redmond,2021,2,2.025,1.0125,0,0.006,2.83389,1.416945,0,00-0032354
Austin Reiter,2023,1,1.08,1.08,0,0.005,1.227011,1.227011,0,00-0031958
Evan Boehm,2021,1,0.99,0.99,0,0.005,1.385458,1.385458,0,00-0032777
Brett Jones,2021,1,0.99,0.99,0,0.005,1.385458,1.385458,0,00-0031489
Joey Hunt,2023,1,1.08,1.08,0,0.005,1.227011,1.227011,0,00-0032443
Cameron Tom,2023,1,1.055,1.055,0.02,0.005,1.198608,1.198608,0.022722,00-0033505
Corey Levin,2023,1,1.08,1.08,0,0.005,1.227011,1.227011,0,00-0033793
Brenden Jaimes,2021,4,3.797796,0.949449,0.317796,0.005,5.314833,1.328708,0.44474,00-0036636
Jake Andrews,2023,4,4.648344,1.162086,0.808344,0.005,5.281081,1.32027,0.918377,00-0039030
Erik Magnuson,2021,1,0.92,0.92,0,0.005,1.287496,1.287496,0,00-0033317
Daniel Munyer,2022,1,0.965,0.965,0,0.005,1.18377,1.18377,0,NA
Trey Hill,2021,4,3.672356,0.918089,0.192356,0.005,5.139286,1.284822,0.269193,00-0036856
Hroniss Grasu,2023,1,1.095,1.095,0.015,0.005,1.244052,1.244052,0.017042,00-0031561
Jimmy Morrissey,2023,1,0.256222,0.256222,0,0.001,0.291099,0.291099,0,00-0036859
Michal Menet,2023,1,0.75,0.75,0,0.003,0.852091,0.852091,0,00-0036890
Tyler Biadasz,2020,4,3.7894,0.94735,0.4944,0.005,4.883011,1.220753,0.637083,00-0036376
Olusegun Oluwatimi,2023,4,4.15646,1.039115,0.31646,0.005,4.722241,1.18056,0.359537,00-0038593
J.C. Hassenauer,2023,1,1.035,1.035,0.2,0.005,1.175885,1.175885,0.227224,00-0034142
Ross Pierschbacher,2023,1,1.035,1.035,0,0.005,1.175885,1.175885,0,NA
Patrick Morris,2021,2,1.675,0.8375,0,0.005,2.344082,1.172041,0,00-0034118
Doug Kramer,2023,1,0.216,0.216,0,0.001,0.245402,0.245402,0,00-0037088
Keith Ismael,2023,1,0.94,0.94,0,0.004,1.067954,1.067954,0,00-0036342
Nick Harris,2020,4,3.609648,0.902412,0.314648,0.005,4.651383,1.162846,0.405455,00-0036236
Dawson Deaton,2022,4,3.742936,0.935734,0.082936,0.004,4.591479,1.14787,0.101738,NA
Sam Mustipher,2023,1,1.01,1.01,0,0.004,1.147482,1.147482,0,00-0035062
Ryan McCollum,2023,1,0.87,0.87,0,0.004,0.988425,0.988425,0,00-0036783
Harry Crider,2021,3,2.4475,0.815833,0.0425,0.004,3.425159,1.141719,0.059477,NA
Jarrett Patterson,2023,4,4.009976,1.002494,0.169976,0.004,4.555818,1.138954,0.193113,00-0038615
Drake Jackson,2022,2,1.575,0.7875,0,0.004,1.932061,0.96603,0,NA
Brett Heggie,2022,1,0.705,0.705,0,0.003,0.864827,0.864827,0,NA
Jimmy Murray,2023,1,1.995,0.9975,0,0.004,2.266561,1.133281,0,00-0034295
Alex Forsyth,2023,4,3.917784,0.979446,0.077784,0.004,4.451077,1.112769,0.088372,00-0038649
Jake Hanson,2023,1,0.94,0.94,0,0.004,1.067954,1.067954,0,00-0036273
Lamont Gaillard,2022,1,0.895,0.895,0,0.004,1.097901,1.097901,0,00-0035536
Dustin Woodard,2020,4,3.392324,0.848081,0.097324,0.004,4.37134,1.092835,0.125411,NA
Kody Russey,2023,1,0.216,0.216,0,0.001,0.245402,0.245402,0,00-0037204
Ben Brown,2023,1,0.75,0.75,0,0.003,0.852091,0.852091,0,00-0037413
Brock Hoffman,2023,2,1.855,0.9275,0,0.004,2.107504,1.053752,0,00-0037336
Dohnovan West,2022,3,2.575,0.858333,0.115,0.004,3.158766,1.052921,0.141071,NA
Alec Lindstrom,2023,2,1.665,0.8325,0,0.004,1.891641,0.945821,0,00-0037572
James Empey,2023,2,1.665,0.8325,0,0.004,1.891641,0.945821,0,00-0037565
Jack Snyder,2023,1,0.75,0.75,0,0.003,0.852091,0.852091,0,00-0037636
Liam Shanahan,2022,3,2.57,0.856667,0.025,0.004,3.152632,1.050878,0.030668,NA
Cole Schneider,2023,1,0.75,0.75,0,0.003,0.852091,0.852091,0,00-0037126
Isaac Weaver,2022,3,2.565,0.855,0.01,0.004,3.146499,1.048833,0.012267,00-0037478
Josh Sokol,2023,1,0.75,0.75,0,0.003,0.852091,0.852091,0,00-0037497
Alex Mollette,2023,1,0.75,0.75,0,0.003,0.852091,0.852091,0,NA
Ty Clary,2022,3,2.563,0.854333,0.013,0.004,3.144045,1.048015,0.015947,NA
Corey Dublin,2022,3,2.56,0.853333,0,0.004,3.140365,1.046788,0,NA
Sam Tecklenburg,2022,2,1.695,0.8475,0,0.004,2.079265,1.039633,0,00-0035958
Cohl Cabral,2023,1,0.75,0.75,0,0.003,0.852091,0.852091,0,00-0035930
Marcus Henry,2021,2,1.485,0.7425,0,0.004,2.078186,1.039093,0,00-0032877
Donell Stanley,2021,2,1.485,0.7425,0,0.004,2.078186,1.039093,0,00-0035846
Javon Patterson,2021,2,1.485,0.7425,0,0.004,2.078186,1.039093,0,00-0035005
Alan Ali,2023,3,2.715,0.905,0.12,0.004,3.084569,1.02819,0.136335,00-0038798
Johari Branch,2023,3,2.71,0.903333,0.015,0.004,3.078888,1.026296,0.017042,00-0038858
Alex Pihlstrom,2023,3,2.705,0.901667,0.06,0.004,3.073207,1.024403,0.068167,00-0038909
Alama Uluave,2023,3,2.705,0.901667,0.065,0.004,3.073207,1.024403,0.073848,00-0038699
Sean Maginn,2023,3,2.701,0.900333,0.006,0.004,3.068663,1.022887,0.006817,00-0038384
Brent Laing,2023,3,2.7,0.9,0.045,0.004,3.067527,1.022509,0.051125,00-0038500
Chris Murray,2023,3,2.7,0.9,0.025,0.004,3.067527,1.022509,0.028403,00-0038825
Jake Guidone,2023,3,2.699,0.899667,0.004,0.004,3.066391,1.022131,0.004544,00-0038460
Nick Amoah,2023,3,2.6985,0.8995,0.0035,0.004,3.065823,1.021941,0.003976,NA
Brad Cecil,2023,3,2.6975,0.899167,0.0025,0.004,3.064686,1.021563,0.00284,00-0038650
Trevor Downing,2023,3,2.6965,0.898833,0.0015,0.004,3.06355,1.021183,0.001704,NA
Mike McAllister,2023,3,2.696,0.898667,0.001,0.004,3.062982,1.020994,0.001136,00-0038358
Anderson Hardy,2023,3,2.695,0.898333,0,0.004,3.061846,1.020615,0,00-0038511
Josh Lugg,2023,3,2.695,0.898333,0,0.004,3.061846,1.020615,0,00-0038525
Jon Toth,2022,1,0.825,0.825,0,0.004,1.012032,1.012032,0,00-0034058
Luke Juriga,2021,1,0.1656,0.1656,0,0.001,0.231749,0.231749,0,00-0035999
Zach Shackelford,2020,3,2.3,0.766667,0.015,0.004,2.963774,0.987925,0.019329,00-0036051
Sean Pollard,2020,3,2.2925,0.764167,0.0225,0.004,2.954109,0.984704,0.028993,00-0036075
Darryl Williams,2023,1,0.75,0.75,0,0.003,0.852091,0.852091,0,00-0035892
Jake Lacina,2020,3,2.2913,0.763767,0.0063,0.004,2.952563,0.984188,0.008118,00-0035983
Austin Capps,2020,3,2.288,0.762667,0.003,0.004,2.948311,0.982771,0.003866,NA
Frederick Mauigoa,2020,3,2.2875,0.7625,0.0075,0.004,2.947666,0.982555,0.009664,NA
Tyler Haycraft,2020,3,2.2875,0.7625,0.005,0.004,2.947666,0.982555,0.006443,00-0035815
Brad Lundblade,2021,1,0.66,0.66,0,0.004,0.923638,0.923638,0,00-0034239
Nate Trewyn,2020,2,1.26,0.63,0,0.003,1.623633,0.811816,0,00-0035481
Keegan Render,2020,2,1.11,0.555,0,0.003,1.430343,0.715172,0,00-0035389
Brandon Hitner,2019,3,1.76,0.586667,0.005,0.003,2.388438,0.796146,0.006785,00-0035611
James O'Hagan,2019,3,1.76,0.586667,0.035,0.003,2.388438,0.796146,0.047497,00-0035015
John Keenoy,2019,3,1.7575,0.585833,0.0025,0.003,2.385045,0.795015,0.003393,00-0035106
Chandler Miller,2019,3,1.757,0.585667,0.002,0.003,2.384367,0.794789,0.002714,00-0035201
Tanner Volson,2020,2,1.112,0.556,0.002,0.003,1.43292,0.71646,0.002577,00-0035439
Lo Falemaka,2019,3,1.755,0.585,0,0.003,2.381652,0.793884,0,NA
Trevon Tate,2019,3,1.755,0.585,0,0.003,2.381652,0.793884,0,NA
Toa Lobendahn,2019,3,1.755,0.585,0.005,0.003,2.381652,0.793884,0.006785,NA
John Yarbrough,2019,3,1.755,0.585,0,0.003,2.381652,0.793884,0,00-0035722
Vitas Hrynkiewicz,2019,3,1.755,0.585,0,0.003,2.381652,0.793884,0,00-0035612
Ryan Anderson,2022,1,1.035,1.035,0,0.005,1.26964,1.26964,0,00-0033525
Ryan Anderson,2023,1,0.75,0.75,0,0.003,0.852091,0.852091,0,00-0035335
Jon Halapio,2021,1,0.252,0.252,0,0.001,0.352662,0.352662,0,00-0031185
Lecitus Smith,2023,1,0.216,0.216,0,0.001,0.245402,0.245402,0,00-0037308
Brady Breeze,2023,1,0.216,0.216,0,0.001,0.245402,0.245402,0,00-0036656
Nico Falah,2021,1,0.1656,0.1656,0,0.001,0.231749,0.231749,0,00-0034658
Brandon Scherff,2022,3,49.5,16.5,30,0.079,60.721902,20.240634,36.801153,00-0032053
Chris Lindstrom,2023,5,102.5,20.5,62.702,0.091,116.452402,23.29048,71.237059,00-0035630
Zack Martin,2023,2,36.85,18.425,36.85,0.082,41.866059,20.933029,41.866059,00-0031402
Wyatt Teller,2021,4,56.8,14.2,29.0915,0.078,79.488877,19.872219,40.712159,00-0034399
Brandon Brooks,2019,4,56.2,14.05,32.711177,0.075,76.267163,19.066791,44.391257,00-0029679
Kevin Zeitler,2021,3,22.5,7.5,16,0.041,31.487671,10.49589,22.391233,00-0029592
Gabe Jackson,2023,1,1.165,1.165,0,0.005,1.323581,1.323581,0,00-0031367
Graham Glasgow,2023,1,2.75,2.75,2.5,0.012,3.124333,3.124333,2.840302,00-0032395
Shaquille Mason,2023,3,35,11.666667,22,0.052,39.764235,13.254745,24.994662,00-0031580
Laurent Duvernay-Tardif,2022,1,1.12,1.12,0,0.005,1.37391,1.37391,0,00-0031022
Cesar Ruiz,2023,4,44,11,30,0.049,49.989324,12.497331,34.08363,00-0036408
Halapoulivaati Vaitai,2023,1,3.5,3.5,3,0.016,3.976423,3.976423,3.408363,00-0032785
Nate Davis,2023,4,30,10,19.25,0.044,34.08363,11.36121,21.870329,00-0035649
James Daniels,2022,3,26.5,8.833333,8.75,0.042,32.507685,10.835895,10.73367,00-0034347
Alex Cappa,2022,4,35,8.75,11,0.042,42.934678,10.73367,13.493756,00-0034678
Josh Kline,2019,3,15.5,5.166667,7.25,0.027,21.034538,7.011513,9.838735,00-0029992
Mike Remmers,2022,1,0.3582,0.3582,0,0.002,0.439406,0.439406,0,00-0029164
Jamon Brown,2019,3,18.25,6.083333,12.75,0.032,24.766472,8.25549,17.302604,00-0032244
Mark Glowinski,2022,3,18.3,6.1,11.4,0.029,22.448703,7.482901,13.984438,00-0031581
John Miller,2022,1,1.12,1.12,0,0.005,1.37391,1.37391,0,00-0032149
A.J. Cann,2022,2,8.5,4.25,4.5,0.02,10.426993,5.213497,5.520173,00-0032255
Denzelle Good,2022,1,1.56,1.56,0,0.007,1.91366,1.91366,0,00-0031632
Will Hernandez,2023,2,9,4.5,4.5,0.02,10.225089,5.112544,5.112544,00-0034346
Alex Leatherwood,2023,1,0.216,0.216,0,0.001,0.245402,0.245402,0,00-0036892
Nate Herbig,2023,2,8,4,2.92,0.018,9.088968,4.544484,3.317473,00-0035383
Greg Van Roten,2023,1,1.6,1.6,0.9075,0.007,1.817794,1.817794,1.03103,00-0029685
Trai Turner,2023,1,1.3175,1.3175,0.1525,0.006,1.496839,1.496839,0.173258,00-0031362
Xavier Su'a-Filo,2021,1,0.252,0.252,0,0.001,0.352662,0.352662,0,00-0031410
Joe Haeg,2022,3,7.5,2.5,2.6,0.012,9.200288,3.066763,3.189433,00-0032419
Daniel Brunskill,2023,2,5.5,2.75,1.5,0.012,6.248665,3.124333,1.704181,00-0033221
Ike Boettger,2023,1,1.2325,1.2325,0.05,0.005,1.400269,1.400269,0.056806,00-0034505
Teven Jenkins,2021,4,8.387848,2.096962,5.261518,0.011,11.738391,2.934598,7.363242,00-0036953
Robert Hunt,2020,4,8.065742,2.016436,5.012617,0.01,10.393494,2.598374,6.459245,00-0036325
Kevin Dotson,2023,1,2.25,2.25,2.25,0.01,2.556272,2.556272,2.556272,00-0036339
Senio Kelemete,2021,1,1.075,1.075,0,0.006,1.504411,1.504411,0,00-0029546
Samuel Cosmi,2021,4,6.625568,1.656392,3.799758,0.009,9.272165,2.318041,5.317579,00-0036618
David Quessenberry,2023,1,1.6,1.6,0.9,0.007,1.817794,1.817794,1.022509,00-0030097
Kyle Long,2021,1,1.5,1.5,1.45,0.008,2.099178,2.099178,2.029205,NA
Conor McDermott,2023,2,3.6,1.8,0.7,0.008,4.090036,2.045018,0.795285,00-0033300
Ed Ingram,2022,4,5.997974,1.499494,3.224799,0.007,7.357745,1.839437,3.955877,00-0038131
O'Cyrus Torrence,2023,4,6.22098,1.555245,3.30712,0.007,7.067786,1.766946,3.757288,00-0038548
Max Scharping,2023,1,1.28,1.28,0.175,0.006,1.454235,1.454235,0.198821,00-0035245
Brian Winters,2021,1,1.2125,1.2125,0.9875,0.007,1.696836,1.696836,1.381959,NA
Ben Cleveland,2021,4,4.787185,1.196796,0.86584,0.007,6.699436,1.674859,1.211702,00-0036977
Quinn Meinerz,2021,4,4.716455,1.179114,0.840616,0.006,6.600453,1.650114,1.176402,00-0037001
Jermaine Eluemunor,2023,1,3,3,2.438,0.013,3.408363,3.408363,2.769863,00-0033290
Alex Redmond,2021,1,1.08,1.08,0.04,0.006,1.511408,1.511408,0.055978,00-0032549
Kenny Wiggins,2021,1,1.0785,1.0785,0.0035,0.006,1.509309,1.509309,0.004898,00-0028240
D.J. Fluker,2023,1,0.2898,0.2898,0,0.001,0.329248,0.329248,0,00-0030505
Earl Watford,2021,1,1.075,1.075,0,0.006,1.504411,1.504411,0,00-0030504
Tom Compton,2022,1,2.25,2.25,1.495,0.011,2.760086,2.760086,1.833924,00-0029144
J.R. Sweezy,2021,1,1.075,1.075,0,0.006,1.504411,1.504411,0,00-0029146
Cole Toner,2022,1,0.2772,0.2772,0,0.001,0.340043,0.340043,0,00-0032787
Jamil Douglas,2022,1,1.1875,1.1875,0.3525,0.006,1.456712,1.456712,0.432414,NA
Jordan Devey,2021,1,1.04,1.04,0.01,0.006,1.45543,1.45543,0.013995,NA
Netane Muti,2023,1,1.25,1.25,0.0625,0.006,1.420151,1.420151,0.071008,00-0036399
Caleb Benenoch,2022,1,1.035,1.035,0,0.005,1.26964,1.26964,0,NA
Rashaad Coward,2023,1,1.08,1.08,0,0.005,1.227011,1.227011,0,00-0033631
Fred Johnson,2023,2,2.405,1.2025,0.2,0.005,2.732371,1.366185,0.227224,00-0034951
Spencer Burford,2022,4,4.332056,1.083014,0.672056,0.005,5.314155,1.328539,0.824415,00-0037829
Anthony Bradford,2023,4,4.643988,1.160997,0.803988,0.005,5.276132,1.319033,0.913428,00-0039020
Chandler Zavala,2023,4,4.611736,1.152934,0.771736,0.005,5.23949,1.309873,0.876785,00-0038536
Sidy Sow,2023,4,4.604116,1.151029,0.764116,0.005,5.230833,1.307708,0.868128,00-0038569
Chad Slade,2021,1,0.927,0.927,0.007,0.005,1.297292,1.297292,0.009796,00-0031928
Deion Calhoun,2022,1,0.895,0.895,0,0.004,1.097901,1.097901,0,00-0035336
Jordan Roos,2023,1,0.2898,0.2898,0,0.001,0.329248,0.329248,0,00-0033740
Trey Smith,2021,4,3.610704,0.902676,0.130704,0.005,5.053007,1.263252,0.182914,00-0036660
Jack Anderson,2023,1,0.94,0.94,0,0.004,1.067954,1.067954,0,00-0036577
Will Fries,2021,4,3.565376,0.891344,0.085376,0.005,4.989573,1.247393,0.11948,00-0036483
Colby Gossett,2023,1,1.08,1.08,0,0.005,1.227011,1.227011,0,00-0034165
Bobby Evans,2023,1,1.08,1.08,0,0.005,1.227011,1.227011,0,00-0035666
Marcus McKethan,2022,4,3.936508,0.984127,0.276508,0.005,4.828934,1.207234,0.339194,00-0037279
Kahlil McKenzie,2022,1,0.965,0.965,0,0.005,1.18377,1.18377,0,00-0034731
Colby Sorsdal,2023,4,4.160084,1.040021,0.320084,0.005,4.726359,1.18159,0.363654,00-0038592
Zachary Thomas,2023,1,0.216,0.216,0,0.001,0.245402,0.245402,0,00-0037618
Jamaree Salyer,2022,4,3.835932,0.958983,0.175932,0.005,4.705557,1.176389,0.215817,00-0037295
Danny Pinter,2020,4,3.643696,0.910924,0.348696,0.005,4.695257,1.173814,0.449329,00-0036215
Ryan Hunter,2022,1,0.825,0.825,0,0.004,1.012032,1.012032,0,00-0034289
Chasen Hines,2023,1,0.252333,0.252333,0,0.001,0.286681,0.286681,0,00-0037619
Dakoda Shepley,2023,1,0.216,0.216,0,0.001,0.245402,0.245402,0,00-0034229
Robert Jones,2021,3,2.455,0.818333,0.13,0.004,3.435655,1.145218,0.181929,00-0036596
Luke Wypler,2023,4,4.019972,1.004993,0.179972,0.004,4.567175,1.141794,0.20447,00-0038609
Jake Burton,2021,3,2.44,0.813333,0.04,0.004,3.414663,1.138221,0.055978,NA
Tristen Hoge,2021,3,2.44,0.813333,0.055,0.004,3.414663,1.138221,0.07697,NA
Chandon Herring,2021,3,2.435,0.811667,0.05,0.004,3.407666,1.135889,0.069973,NA
Pier-Olivier Lestage,2022,1,0.705,0.705,0,0.003,0.864827,0.864827,0,NA
Cole Banwart,2022,2,1.575,0.7875,0,0.004,1.932061,0.96603,0,NA
Bryce Hargrove,2021,3,2.43,0.81,0.01,0.004,3.400668,1.133556,0.013995,NA
Jon Dietzen,2021,3,2.43,0.81,0.005,0.004,3.400668,1.133556,0.006997,NA
Jacob Capra,2022,2,1.575,0.7875,0,0.004,1.932061,0.96603,0,NA
Lachavious Simmons,2023,2,1.995,0.9975,0,0.004,2.266561,1.133281,0,00-0036318
Evan Heim,2021,3,2.428,0.809333,0.003,0.004,3.39787,1.132623,0.004198,NA
Michael Brown,2021,3,2.427,0.809,0.002,0.004,3.39647,1.132157,0.002799,NA
Adam Coon,2021,3,2.425,0.808334,0,0.004,3.393671,1.131225,0,NA
Gage Cervenka,2021,3,2.425,0.808333,0,0.004,3.393671,1.131223,0,NA
"Jon Runyan, Jr.",2020,4,3.46968,0.86742,0.17468,0.004,4.471021,1.117755,0.225092,00-0036246
Spencer Anderson,2023,4,3.917784,0.979446,0.077784,0.004,4.451077,1.112769,0.088372,00-0038645
Kyle Hinton,2023,2,1.955,0.9775,0.1,0.004,2.221117,1.110558,0.113612,00-0036354
Simon Stepaniak,2020,4,3.447168,0.861792,0.152168,0.004,4.442012,1.110503,0.196083,00-0036242
Dru Samia,2022,1,0.895,0.895,0,0.004,1.097901,1.097901,0,00-0034976
Keaton Sutherland,2023,1,0.94,0.94,0,0.004,1.067954,1.067954,0,00-0035400
Malcolm Pridgeon,2022,1,0.825,0.825,0,0.004,1.012032,1.012032,0,00-0035463
Derwin Gray,2022,2,1.765,0.8825,0,0.004,2.165134,1.082567,0,NA
Najee Toran,2021,1,0.78,0.78,0,0.004,1.091573,1.091573,0,00-0034097
Calvin Throckmorton,2023,1,0.94,0.94,0,0.004,1.067954,1.067954,0,00-0035764
Quinn Bailey,2023,1,0.94,0.94,0,0.004,1.067954,1.067954,0,00-0034929
Hayden Howerton,2023,1,0.75,0.75,0,0.003,0.852091,0.852091,0,00-0037598
Kevin Jarvis,2023,1,0.75,0.75,0,0.003,0.852091,0.852091,0,00-0037441
Josh Seltzner,2022,3,2.575,0.858333,0.03,0.004,3.158766,1.052921,0.036801,NA
William Dunkle,2023,1,0.75,0.75,0,0.003,0.852091,0.852091,0,00-0037133
Nick Ford,2022,3,2.568,0.856,0.148,0.004,3.150179,1.05006,0.181552,NA
George Moore,2022,3,2.568,0.856,0.008,0.004,3.150179,1.05006,0.009814,NA
Matthew Gotel,2023,1,0.75,0.75,0,0.003,0.852091,0.852091,0,NA
Chris Owens,2022,3,2.565,0.855,0.005,0.004,3.146499,1.048833,0.006134,NA
Denzel Okafor,2022,3,2.565,0.855,0.02,0.004,3.146499,1.048833,0.024534,NA
Josh Rivas,2022,3,2.5625,0.854167,0.0025,0.004,3.143432,1.047811,0.003067,NA
Eric Wilson,2023,1,1.2325,1.2325,0.1525,0.005,1.400269,1.400269,0.173258,00-0033336
Keenan Forbes,2022,3,2.56,0.853333,0,0.004,3.140365,1.046788,0,NA
Vitaliy Gurman,2023,1,0.75,0.75,0,0.003,0.852091,0.852091,0,00-0037625
Sam Cooper,2022,3,2.56,0.853333,0,0.004,3.140365,1.046788,0,NA
Chris Glaser,2023,3,2.695,0.898333,0,0.004,3.061846,1.020615,0,00-0037225
Haggai Chisom Ndubuisi,2023,1,0.75,0.75,0,0.003,0.852091,0.852091,0,NA
Durval Queiroz,2021,2,1.485,0.7425,0,0.004,2.078186,1.039093,0,NA
Ross Reynolds,2021,2,1.485,0.7425,0,0.004,2.078186,1.039093,0,00-0035036
Nathan Gilliam,2023,1,0.75,0.75,0,0.003,0.852091,0.852091,0,00-0035904
Silas Dzansi,2023,3,2.73,0.91,0.135,0.004,3.10161,1.03387,0.153376,00-0038924
Mason Brooks,2023,3,2.73,0.91,0.185,0.004,3.10161,1.03387,0.210182,00-0038832
Jaxson Kirkland,2023,3,2.725,0.908333,0.03,0.004,3.09593,1.031976,0.034084,00-0038892
Nash Jensen,2023,3,2.72,0.906667,0.175,0.004,3.090249,1.030083,0.198821,00-0038775
Tashawn Manning,2023,3,2.715,0.905,0.04,0.004,3.084569,1.02819,0.045445,00-0038452
Henry Byrd,2023,3,2.71,0.903333,0.115,0.004,3.078888,1.026296,0.130654,00-0038785
Lorenz Metz,2023,3,2.705,0.901667,0.01,0.004,3.073207,1.024403,0.011361,NA
T.J. Bass,2023,3,2.705,0.901667,0.15,0.004,3.073207,1.024403,0.170418,00-0038731
Tyler Beach,2023,3,2.705,0.901667,0.085,0.004,3.073207,1.024403,0.09657,00-0038721
Jordan Steckler,2022,1,0.835,0.835,0.005,0.004,1.024299,1.024299,0.006134,NA
D.J. Scaife Jr.,2023,3,2.703,0.901,0.008,0.004,3.070935,1.023645,0.009089,NA
Emil Ekiyor,2023,3,2.7,0.9,0.005,0.004,3.067527,1.022509,0.005681,00-0038432
Kendall Randolph,2023,3,2.7,0.9,0.005,0.004,3.067527,1.022509,0.005681,00-0038767
Chuck Filiaga,2023,3,2.6995,0.899833,0.0045,0.004,3.066959,1.022319,0.005113,00-0038464
Micah Vanterpool,2023,3,2.695,0.898333,0,0.004,3.061846,1.020615,0,00-0039189
Cameron Hunt,2022,1,0.825,0.825,0,0.004,1.012032,1.012032,0,00-0033667
Tre'Vour Wallace-Simms,2022,1,0.825,0.825,0,0.004,1.012032,1.012032,0,NA
Mike Horton,2022,1,0.825,0.825,0,0.004,1.012032,1.012032,0,00-0035952
Blake Hance,2023,1,0.95,0.95,0.01,0.004,1.079315,1.079315,0.011361,00-0035355
Cole Madison,2018,4,2.784332,0.696083,0.324332,0.004,4.013083,1.003271,0.467463,00-0034269
Kyle Murphy,2020,3,2.297,0.765667,0.097,0.004,2.959908,0.986636,0.124994,00-0035870
Kamaal Seymour,2022,1,0.705,0.705,0,0.003,0.864827,0.864827,0,00-0036134
Daishawn Dixon,2020,3,2.2925,0.764167,0.0075,0.004,2.954109,0.984704,0.009664,NA
Christian Montano,2021,1,0.66,0.66,0,0.004,0.923638,0.923638,0,NA
Justin Gooseberry,2020,3,2.2875,0.7625,0.0025,0.004,2.947666,0.982555,0.003221,00-0035781
Andrew Dickinson,2020,3,2.285,0.761667,0,0.004,2.944445,0.981482,0,NA
Jeremiah Kolone,2022,2,1.575,0.7875,0,0.004,1.932061,0.96603,0,00-0034080
Willie Wright,2022,2,1.575,0.7875,0,0.004,1.932061,0.96603,0,00-0035051
Alec Anderson,2023,2,1.6735,0.83675,0.0085,0.004,1.901298,0.950649,0.009657,00-0037428
Aaron Monteiro,2023,1,0.75,0.75,0,0.003,0.852091,0.852091,0,00-0035344
Cole Boozer,2021,1,0.66,0.66,0,0.004,0.923638,0.923638,0,00-0034610
Koda Martin,2023,1,0.75,0.75,0,0.003,0.852091,0.852091,0,NA
Rod Taylor,2018,4,2.529072,0.632268,0.069072,0.004,3.645175,0.911294,0.099554,NA
Avery Gennesy,2020,2,1.39,0.695,0,0.004,1.79115,0.895575,0,00-0033688
"Larry Allen, Jr.",2019,3,1.76,0.586667,0.005,0.003,2.388438,0.796146,0.006785,NA
Micah St. Andrew,2019,3,1.758,0.586,0.006,0.003,2.385724,0.795241,0.008142,00-0035333
Joe Lowery,2019,3,1.757,0.585833,0.005,0.003,2.384367,0.795015,0.006785,00-0035066
Blake Blackmar,2019,3,1.7575,0.585833,0.0025,0.003,2.385045,0.795015,0.003393,00-0035065
Ryan Crozier,2019,3,1.755,0.585,0,0.003,2.381652,0.793884,0,00-0034947
Zach Allen,2023,1,0.102,0.102,0,0,0.115884,0.115884,0,00-0035248
Ryan Ramczyk,2021,5,96,19.2,60.214824,0.105,134.347397,26.869479,84.267759,00-0033888
Brian O'Neill,2021,5,92.5,18.5,49.076118,0.101,129.449315,25.889863,68.679674,00-0034158
Braden Smith,2021,4,70,17.5,42,0.096,97.961644,24.490411,58.776986,00-0034836
Lane Johnson,2023,4,80,20,30,0.089,90.88968,22.72242,34.08363,00-0030561
Taylor Moton,2021,5,85,17,43,0.093,118.953425,23.790685,60.176438,00-0033284
Jawaan Taylor,2023,4,80,20,60,0.089,90.88968,22.72242,68.16726,00-0035237
Tytus Howard,2023,3,56,18.666667,36.002,0.083,63.622776,21.207592,40.902628,00-0035234
Mike McGlinchey,2023,5,87.5,17.5,52.5,0.078,99.410587,19.882117,59.646352,00-0034847
Jack Conklin,2022,4,60,15,30,0.072,73.602305,18.400576,36.801153,00-0033057
Ricky Wagner,2020,2,11,5.5,3.5,0.028,14.174571,7.087286,4.510091,00-0029893
Rob Havenstein,2022,3,34.5,11.5,24.676471,0.055,42.321326,14.107109,30.270753,00-0032242
Austin Jackson,2023,3,36,12,20.686124,0.053,40.900356,13.633452,23.50194,00-0036248
La'el Collins,2023,1,0.3708,0.3708,0,0.002,0.421274,0.421274,0,00-0031534
Kaleb McGary,2023,3,34.5,11.5,15,0.051,39.196174,13.065391,17.041815,00-0035235
Bryan Bulaga,2020,3,30,10,19.25,0.05,38.657921,12.885974,24.805499,00-0027875
Morgan Moses,2022,3,15,5,5.5,0.024,18.400576,6.133525,6.746878,00-0031330
Chukwuma Okorafor,2022,3,29.25,9.75,9.25,0.047,35.881124,11.960375,11.347022,00-0034768
Daryl Williams,2021,3,24,8,13.75,0.044,33.586849,11.195616,19.242466,00-0031567
Bobby Massie,2021,1,2.5,2.5,1.575,0.014,3.49863,3.49863,2.204137,00-0029528
Alejandro Villanueva,2021,2,14,7,8,0.038,19.592329,9.796164,11.195616,00-0030648
Billy Turner,2023,1,1.65,1.65,1,0.007,1.8746,1.8746,1.136121,00-0031433
Penei Sewell,2021,4,24.099068,6.024767,24.099068,0.033,33.72549,8.431373,33.72549,00-0036880
Trey Pipkins,2023,3,21.75,7.25,15,0.032,24.710632,8.236877,17.041815,00-0035688
Paris Johnson Jr.,2023,4,28.05246,7.013115,28.05246,0.031,31.870989,7.967747,31.870989,00-0038540
Evan Neal,2022,4,24.551256,6.137814,24.551256,0.029,30.117151,7.529288,30.117151,00-0037612
Dennis Kelly,2023,1,1.265,1.265,0.025,0.006,1.437193,1.437193,0.028403,00-0029419
Bobby Hart,2023,1,1.165,1.165,0,0.005,1.323581,1.323581,0,00-0031622
Cameron Erving,2023,1,1.3175,1.3175,0.1525,0.006,1.496839,1.496839,0.173258,00-0032145
Jesse Davis,2023,1,0.3708,0.3708,0,0.002,0.421274,0.421274,0,00-0031893
Zach Banner,2021,2,9.5,4.75,3.25,0.026,13.294795,6.647397,4.548219,NA
Ty Sambrailo,2021,1,1.9,1.9,0.75,0.01,2.658959,2.658959,1.049589,00-0032147
Jonah Williams,2019,4,17.630166,4.407542,17.630166,0.023,23.925316,5.98133,23.925316,00-0035629
Darnell Wright,2023,4,20.96827,5.242068,20.96827,0.023,23.822492,5.955624,23.822492,00-0038932
Germain Ifedi,2023,1,1.3175,1.3175,0.1525,0.006,1.496839,1.496839,0.173258,00-0032384
Mekhi Becton,2020,4,18.446046,4.611512,18.446046,0.023,23.769526,5.942382,23.769526,00-0036284
Brandon Shell,2023,1,1.315,1.315,0.15,0.006,1.493999,1.493999,0.170418,00-0032420
Alijah Vera-Tucker,2021,4,15.885034,3.971259,15.885034,0.022,22.230343,5.557587,22.230343,00-0036979
Tristan Wirfs,2020,4,16.228028,4.057007,16.228028,0.02,20.911394,5.227849,20.911394,00-0036406
Matt Gono,2022,1,1.1875,1.1875,0.175,0.006,1.456712,1.456712,0.214673,00-0034140
Brandon Parker,2023,1,1.5,1.5,0.475,0.007,1.704181,1.704181,0.539657,00-0034763
Isaiah Wynn,2023,1,2.3,2.3,1.96,0.01,2.613078,2.613078,2.226797,00-0034833
Anton Harrison,2023,4,13.198522,3.299631,13.198522,0.015,14.995118,3.74878,14.995118,00-0038934
Isaiah Wilson,2021,1,0.1656,0.1656,0,0.001,0.231749,0.231749,0,00-0036445
Kelvin Beachum,2023,2,5.15,2.575,3.26,0.011,5.851023,2.925512,3.703754,00-0029316
Will Richardson,2022,1,2,2,0.975,0.01,2.45341,2.45341,1.196037,NA
Trenton Scott,2023,2,3.02,1.51,0.655,0.007,3.431085,1.715543,0.744159,00-0034571
Dillon Radunz,2021,4,6.326874,1.581719,3.568949,0.009,8.854157,2.21354,4.994573,00-0036619
Cody Mauch,2023,4,7.48547,1.871368,4.61324,0.008,8.5044,2.1261,5.241199,00-0039157
Prince Tega Wanogho,2023,1,1.865,1.865,0.75,0.008,2.118866,2.118866,0.852091,00-0036230
Marcus Cannon,2022,1,1.705,1.705,0,0.008,2.091532,2.091532,0,00-0028076
Sam Young,2021,1,1.2125,1.2125,0.35,0.007,1.696836,1.696836,0.489808,00-0027778
Spencer Brown,2021,4,4.808121,1.20203,0.876144,0.007,6.728735,1.682183,1.226122,00-0036976
Nicholas Petit-Frere,2022,4,5.45574,1.363935,1.147812,0.007,6.692584,1.673146,1.408027,00-0037754
Robert Hainsey,2021,4,4.767925,1.191981,0.855544,0.007,6.672482,1.66812,1.197293,00-0036985
Abraham Lucas,2022,4,5.391672,1.347918,1.101216,0.006,6.613991,1.653498,1.350867,00-0037812
Tyler Steen,2023,4,5.75044,1.43761,1.182136,0.006,6.533196,1.633299,1.34305,00-0039001
Le'Raven Clark,2023,1,1.215,1.215,0.05,0.005,1.380387,1.380387,0.056806,00-0033065
Jordan Mills,2022,1,1.12,1.12,0,0.005,1.37391,1.37391,0,00-0030046
James Hudson,2021,4,4.272416,1.068104,0.792416,0.006,5.979041,1.49476,1.108948,00-0036866
Lucas Niang,2020,4,4.378414,1.094604,0.847072,0.006,5.642013,1.410504,1.091535,00-0036367
Matt Peart,2020,4,4.32956,1.08239,0.832292,0.005,5.57906,1.394765,1.072489,00-0036392
D'Ante Smith,2021,4,3.979344,0.994836,0.499344,0.005,5.568901,1.392225,0.698808,00-0036852
Brent Qvale,2021,1,0.99,0.99,0,0.005,1.385458,1.385458,0,00-0031031
Daniel Faalele,2022,4,4.46034,1.115085,0.80034,0.005,5.471522,1.36788,0.981781,00-0038118
Max Mitchell,2022,4,4.456028,1.114007,0.796028,0.005,5.466232,1.366558,0.976492,00-0038114
Larry Borom,2021,4,3.813076,0.953269,0.333076,0.005,5.336217,1.334054,0.466124,00-0036905
Joshua Miles,2023,1,1.1625,1.1625,0.3525,0.005,1.320741,1.320741,0.400483,00-0035317
Dawand Jones,2023,4,4.632336,1.158084,0.792336,0.005,5.262894,1.315724,0.90019,00-0039014
Charlie Heck,2020,4,4.005704,1.001426,0.710704,0.005,5.16174,1.290435,0.915811,00-0036195
Jerald Hawkins,2022,1,0.965,0.965,0,0.005,1.18377,1.18377,0,00-0033085
Zach Tom,2022,4,4.164336,1.041084,0.504336,0.005,5.108412,1.277103,0.618672,00-0037817
Landon Young,2021,4,3.64978,0.912445,0.16978,0.005,5.107692,1.276923,0.237599,00-0036930
Darian Kinnard,2023,1,0.216,0.216,0,0.001,0.245402,0.245402,0,00-0037194
Matt Waletzko,2022,4,3.983492,0.995873,0.323492,0.005,4.88657,1.221642,0.396829,00-0037266
Jack Driscoll,2020,4,3.7894,0.94735,0.4944,0.005,4.883011,1.220753,0.637083,00-0036396
Tyler Marz,2021,1,0.85,0.85,0,0.005,1.189534,1.189534,0,00-0032867
Austin Deculus,2023,1,0.87,0.87,0,0.004,0.988425,0.988425,0,00-0037302
Garrett McGhin,2023,1,0.87,0.87,0,0.004,0.988425,0.988425,0,00-0035558
Thayer Munford,2022,4,3.75706,0.939265,0.09706,0.005,4.608805,1.152201,0.119064,00-0037322
Andrew Stueber,2023,1,0.275334,0.275334,0,0.001,0.312813,0.312813,0,00-0037620
Storm Norton,2023,1,1.01,1.01,0,0.004,1.147482,1.147482,0,00-0033752
A.J. Arcuri,2023,1,0.216,0.216,0,0.001,0.245402,0.245402,0,00-0037845
Devery Hamilton,2023,1,0.87,0.87,0,0.004,0.988425,0.988425,0,00-0036522
Jaelyn Duncan,2023,4,4.029808,1.007452,0.189808,0.004,4.578349,1.144587,0.215645,00-0038607
Jake Curhan,2023,1,0.94,0.94,0,0.004,1.067954,1.067954,0,00-0036795
Syrus Tuitele,2021,3,2.45,0.816667,0.025,0.004,3.428658,1.142886,0.034986,NA
Drew Himmelman,2023,1,0.75,0.75,0,0.003,0.852091,0.852091,0,NA
Carson Green,2022,2,0.715,0.715,0.005,0.003,0.877094,0.877094,0.006134,NA
Adrian Ealy,2022,1,0.705,0.705,0,0.003,0.864827,0.864827,0,NA
Teton Saltes,2021,3,2.443,0.814333,0.093,0.004,3.418861,1.13962,0.130149,NA
Kion Smith,2023,2,1.855,0.9275,0,0.004,2.107504,1.053752,0,00-0036839
Braylon Jones,2023,1,0.75,0.75,0,0.003,0.852091,0.852091,0,NA
Darius Harper,2021,3,2.4325,0.810833,0.0075,0.004,3.404167,1.134722,0.010496,NA
Gunnar Vogel,2021,3,2.43,0.81,0.005,0.004,3.400668,1.133556,0.006997,NA
Jack Batho,2021,3,2.427,0.809,0.002,0.004,3.39647,1.132157,0.002799,NA
Calvin Ashley,2021,3,2.426,0.808667,0.001,0.004,3.395071,1.131691,0.001399,NA
Tyrone Wheatley Jr.,2023,1,0.75,0.75,0,0.003,0.852091,0.852091,0,00-0036966
Alfredo Gutierrez,2023,1,0.75,0.75,0,0.003,0.852091,0.852091,0,NA
Max Pircher,2023,1,0.75,0.75,0,0.003,0.852091,0.852091,0,NA
Michael Onwenu,2020,4,3.497468,0.874367,0.202468,0.004,4.506828,1.126707,0.2609,00-0036198
Cooper Hodges,2023,4,3.945492,0.986373,0.105492,0.004,4.482556,1.120639,0.119852,00-0038630
Justin Herron,2020,4,3.467468,0.866867,0.172468,0.004,4.46817,1.117043,0.222242,00-0036163
Rick Leonard,2021,2,1.365,0.6825,0,0.004,1.910252,0.955126,0,00-0034379
David Steinmetz,2022,1,0.895,0.895,0,0.004,1.097901,1.097901,0,00-0034456
Willie Beavers,2022,1,0.825,0.825,0,0.004,1.012032,1.012032,0,00-0032405
Anthony Coyle,2021,1,0.78,0.78,0,0.004,1.091573,1.091573,0,00-0034625
Timon Parris,2022,1,0.825,0.825,0,0.004,1.012032,1.012032,0,00-0034102
Tremayne Anchrum,2020,4,3.370492,0.842623,0.075492,0.004,4.343207,1.085802,0.097279,00-0036437
Derrick Kelly,2023,1,0.87,0.87,0,0.004,0.988425,0.988425,0,00-0035407
Jean Delance,2023,1,0.75,0.75,0,0.003,0.852091,0.852091,0,00-0037103
Alex Taylor,2023,2,1.855,0.9275,0,0.004,2.107504,1.053752,0,00-0036120
Jordan Tucker,2022,3,2.575,0.858333,0.015,0.004,3.158766,1.052921,0.018401,NA
Jalen McKenzie,2023,1,0.75,0.75,0,0.003,0.852091,0.852091,0,00-0037600
Andrew Rupcich,2023,2,1.655,0.8325,0,0.004,1.88028,0.945821,0,00-0037605
Jarrid Williams,2023,1,0.75,0.75,0,0.003,0.852091,0.852091,0,00-0037140
Andrew Trainer,2022,3,2.57,0.856667,0.01,0.004,3.152632,1.050878,0.012267,00-0037477
Derek Kerstetter,2022,3,2.57,0.856667,0.06,0.004,3.152632,1.050878,0.073602,NA
Derek Schweiger,2022,3,2.565,0.855,0.015,0.004,3.146499,1.048833,0.018401,NA
Lewis Kidd,2023,1,0.216,0.216,0,0.001,0.245402,0.245402,0,00-0037537
Caleb Jones,2022,3,2.565,0.855,0.005,0.004,3.146499,1.048833,0.006134,00-0037122
Marcus Tatum,2022,3,2.562,0.854,0.002,0.004,3.142818,1.047606,0.002453,NA
Tyler Vrabel,2023,1,0.75,0.75,0,0.003,0.852091,0.852091,0,00-0037590
Brandon Murphy,2022,3,2.56,0.853333,0,0.004,3.140365,1.046788,0,NA
Christian DiLauro,2023,1,0.87,0.87,0,0.004,0.988425,0.988425,0,00-0034250
Austen Pleasants,2023,1,0.75,0.75,0,0.003,0.852091,0.852091,0,00-0035829
William Sweet,2022,1,0.705,0.705,0,0.003,0.864827,0.864827,0,00-0035492
Cody Conway,2021,2,1.485,0.7425,0,0.004,2.078186,1.039093,0,00-0035515
Richard Gouraige,2023,3,2.7225,0.9075,0.0275,0.004,3.093089,1.03103,0.031243,00-0038676
Dalton Wagner,2023,3,2.72,0.906667,0.225,0.004,3.090249,1.030083,0.255627,00-0038923
John Ojukwu,2023,3,2.715,0.905,0.19,0.004,3.084569,1.02819,0.215863,00-0038852
Jaylon Thomas,2023,3,2.71,0.903333,0.015,0.004,3.078888,1.026296,0.017042,00-0039005
Demontrey Jacobs,2023,3,2.71,0.903333,0.055,0.004,3.078888,1.026296,0.062487,00-0038792
Brandon Kipper,2023,3,2.705,0.901667,0.01,0.004,3.073207,1.024403,0.011361,NA
Ryan Swoboda,2023,3,2.705,0.901667,0.025,0.004,3.073207,1.024403,0.028403,00-0038662
Nick Melsop,2023,3,2.705,0.901667,0.025,0.004,3.073207,1.024403,0.028403,NA
Kilian Zierer,2023,3,2.705,0.901666,0.18,0.004,3.073207,1.024402,0.204502,00-0038729
Samuel Jackson,2023,3,2.703,0.901,0.058,0.004,3.070935,1.023645,0.065895,00-0038670
Gabriel Houy,2023,3,2.701,0.900333,0.006,0.004,3.068663,1.022887,0.006817,00-0038425
Corey Luciano,2023,3,2.7,0.9,0.01,0.004,3.067527,1.022509,0.011361,00-0038879
Jarrett Horst,2023,3,2.6975,0.899167,0.0075,0.004,3.064686,1.021563,0.008521,NA
Chim Okorafor,2023,3,2.695,0.898333,0,0.004,3.061846,1.020615,0,NA
Jacky Chen,2023,3,2.695,0.898333,0,0.004,3.061846,1.020615,0,00-0038802
Matthew Vanderslice,2023,3,2.695,0.898333,0,0.004,3.061846,1.020615,0,00-0038533
B.J. Wilson,2023,3,2.695,0.898333,0,0.004,3.061846,1.020615,0,NA
Chukwuebuka Godrick,2023,3,2.695,0.898333,0,0.004,3.061846,1.020615,0,NA
Scott Lashley,2023,3,2.695,0.898333,0,0.004,3.061846,1.020615,0,NA
LaColby Tucker,2023,3,2.695,0.898333,0,0.004,3.061846,1.020615,0,00-0039187
Tyrell Crosby,2018,4,2.747684,0.686921,0.287684,0.004,3.960262,0.990066,0.414642,00-0034390
Matt Kaskey,2023,1,0.87,0.87,0,0.004,0.988425,0.988425,0,00-0035613
Jared Hilbers,2020,3,2.297,0.765667,0.062,0.004,2.959908,0.986636,0.079893,00-0036150
Tommy Champion,2021,1,0.66,0.66,0,0.004,0.923638,0.923638,0,00-0035986
Jake Benzinger,2021,1,0.66,0.66,0,0.004,0.923638,0.923638,0,NA
Brady Aiello,2020,3,2.295,0.765,0.045,0.004,2.957331,0.985777,0.057987,00-0035974
Badara Traore,2023,1,0.75,0.75,0,0.003,0.852091,0.852091,0,00-0036210
Branden Bowen,2021,1,0.66,0.66,0,0.004,0.923638,0.923638,0,00-0035948
Scottie Dill,2020,3,2.293,0.764333,0.008,0.004,2.954754,0.984917,0.010309,00-0035778
Jackson Dennis,2020,3,2.291,0.763667,0.006,0.004,2.952177,0.984059,0.007732,00-0035917
Josh Knipfel,2020,3,2.29,0.763333,0.005,0.004,2.950888,0.983629,0.006443,00-0035766
Nick Kaltmayer,2020,3,2.29,0.763333,0.015,0.004,2.950888,0.983629,0.019329,00-0035842
Elex Woodworth,2020,3,2.29,0.763333,0.005,0.004,2.950888,0.983629,0.006443,NA
Clay Cordasco,2020,3,2.29,0.763333,0.005,0.004,2.950888,0.983629,0.006443,00-0035798
Ryan Roberts,2020,3,2.2875,0.7625,0.0025,0.004,2.947666,0.982555,0.003221,00-0035909
Pace Murphy,2020,2,1.525,0.7625,0,0.004,1.965111,0.982555,0,00-0032680
Drake Dorbeck,2020,3,2.2865,0.762167,0.0065,0.004,2.946378,0.982126,0.008376,NA
Lukayus McNeil,2021,1,0.66,0.66,0,0.004,0.923638,0.923638,0,00-0035132
Wyatt Miller,2022,1,0.705,0.705,0,0.003,0.864827,0.864827,0,00-0035504
Elijah Nkansah,2022,1,0.705,0.705,0,0.003,0.864827,0.864827,0,00-0034664
George Asafo-Adjei,2019,4,2.612368,0.653092,0.092368,0.003,3.545158,0.88629,0.12535,00-0035001
Juwann Bushell-Beatty,2019,3,1.77,0.59,0.015,0.003,2.402009,0.80067,0.020356,00-0034924
Tariq Cole,2019,3,1.761,0.587,0.006,0.003,2.389795,0.796598,0.008142,NA
O'Shea Dugas,2019,3,1.7605,0.586833,0.0055,0.003,2.389116,0.796372,0.007464,00-0035395
Brian Wallace,2019,3,1.76,0.586667,0.01,0.003,2.388438,0.796146,0.013571,NA
A.T. Hall,2019,3,1.76,0.586667,0.005,0.003,2.388438,0.796146,0.006785,00-0035517
Brian Fineanganofo,2019,3,1.758,0.586,0.003,0.003,2.385724,0.795241,0.004071,00-0035041
Brock Ruble,2019,3,1.758,0.586,0.003,0.003,2.385724,0.795241,0.004071,00-0035477
Derrick Puni,2019,3,1.758,0.586,0.003,0.003,2.385724,0.795241,0.004071,NA
Justice Powers,2019,3,1.755,0.585,0,0.003,2.381652,0.793884,0,NA
Riley Mayfield,2019,3,1.755,0.585,0,0.003,2.381652,0.793884,0,NA
Nate Jacobson,2019,3,1.755,0.585,0,0.003,2.381652,0.793884,0,NA
Pat Lawrence,2019,3,1.755,0.585,0,0.003,2.381652,0.793884,0,NA
Israel Helms,2019,3,1.755,0.585,0,0.003,2.381652,0.793884,0,NA
Brad Seaton,2020,2,1.11,0.555,0,0.003,1.430343,0.715172,0,00-0033795
Andre Smith,2021,1,0.461888,0.461888,0,0.003,0.64639,0.64639,0,00-0026982
Andre Smith,2023,1,1.08,1.08,0,0.005,1.227011,1.227011,0,00-0034430
Jared Veldheer,2023,1,0.2898,0.2898,0,0.001,0.329248,0.329248,0,00-0027674
Aaron Donald,2022,3,95,31.666667,65,0.152,116.536984,38.845662,79.735831,00-0031388
Leonard Williams,2021,3,63,21,45,0.115,88.165479,29.388493,62.975342,00-0031933
Fletcher Cox,2023,1,10,10,10,0.044,11.36121,11.36121,11.36121,00-0029653
Quinnen Williams,2023,4,96,24,66,0.107,109.067616,27.266904,74.983986,00-0035718
DeForest Buckner,2020,4,84,21,56.378,0.106,108.24218,27.060545,72.648543,00-0032378
Jeffery Simmons,2023,4,94,23.5,59.33,0.105,106.795374,26.698843,67.406059,00-0035643
Chris Jones,2020,4,80,20,60,0.101,103.08779,25.771948,77.315843,00-0032762
Chris Jones,2022,1,1.035,1.035,0,0.005,1.26964,1.26964,0,00-0034641
Dexter Lawrence,2023,4,90,22.5,59,0.1,102.25089,25.562722,67.031139,00-0035683
Daron Payne,2023,4,90,22.5,60.02,0.1,102.25089,25.562722,68.189982,00-0034333
Jonathan Allen,2021,4,72,18,35.642235,0.099,100.760548,25.190137,49.879599,00-0033523
Vita Vea,2021,4,71,17.75,40.59644,0.097,99.361096,24.840274,56.812771,00-0034773
Kawann Short,2017,5,80.5,16.1,45,0.096,123.111976,24.622395,68.820359,00-0030448
Javon Hargrave,2023,4,84,21,40,0.093,95.434164,23.858541,45.44484,00-0033109
Geno Atkins,2018,4,65.2,16.3,17,0.092,93.973363,23.493341,24.502257,00-0027720
Malik Jackson,2021,1,3.75,3.75,3.65,0.021,5.247945,5.247945,5.108,00-0029568
Grady Jarrett,2022,3,49.5,16.5,36.470588,0.079,60.721902,20.240634,44.738656,00-0031583
Kenny Clark,2020,4,70,17.5,25,0.088,90.201816,22.550454,32.214934,00-0033120
Arik Armstead,2020,5,85,17,45.85,0.086,109.530777,21.906155,59.08219,00-0032164
Cameron Heyward,2020,4,65.6,16.4,20.25,0.083,84.531988,21.132997,26.094097,00-0027969
J.J. Watt,2021,2,28,14,23,0.077,39.184658,19.592329,32.187397,00-0027949
Dre'Mont Jones,2023,3,51.53,17.176667,30,0.076,58.544315,19.514772,34.08363,00-0035678
Ed Oliver,2023,4,68,17,45.278,0.076,77.256228,19.314057,51.441286,00-0035230
Stephon Tuitt,2017,5,60,12,14,0.072,91.760479,18.352096,21.410778,00-0031412
D.J. Reader,2020,4,53,13.25,20.25,0.067,68.295661,17.073915,26.094097,00-0032424
Larry Ogunjobi,2023,3,28.75,9.583333,17,0.043,32.663479,10.887826,19.314057,00-0033905
Sheldon Richardson,2021,1,3.6,3.6,3,0.02,5.038027,5.038027,4.198356,00-0030573
Dalvin Tomlinson,2023,4,57,14.25,27.5,0.063,64.758897,16.189724,31.243327,00-0033546
Brandon Williams,2022,1,1.39,1.39,0.04,0.007,1.70512,1.70512,0.049068,00-0030511
Eddie Goldman,2022,1,1.2725,1.2725,1.0475,0.006,1.560982,1.560982,1.284974,00-0031551
Jarran Reed,2023,2,9,4.5,4.19,0.02,10.225089,5.112544,4.760347,00-0032387
Star Lotulelei,2020,3,18.6,6.2,7,0.031,23.967911,7.989304,9.020182,00-0030455
David Onyemata,2023,3,35,11.666667,24.5,0.052,39.764235,13.254745,27.834964,00-0033051
Grover Stewart,2020,3,30.75,10.25,20,0.052,39.624369,13.208123,25.771948,00-0033952
Davon Hamilton,2023,3,34.5,11.5,23,0.051,39.196174,13.065391,26.130783,00-0036262
Maliek Collins,2023,2,23,11.5,18.5,0.051,26.130783,13.065391,21.018238,00-0033131
Jordan Phillips,2023,1,3,3,1.22,0.013,3.408363,3.408363,1.386068,00-0031557
Davon Godchaux,2022,2,20.8,10.4,17.85,0.05,25.515466,12.757733,21.896686,00-0033860
Shelby Harris,2023,1,3.5,3.5,2,0.016,3.976423,3.976423,2.272242,00-0031270
Ndamukong Suh,2022,1,2.1875,2.1875,0.25,0.011,2.683417,2.683417,0.306676,00-0027855
D.J. Jones,2022,3,30,10,20,0.048,36.801153,12.267051,24.534102,00-0033297
Folorunso Fatukasi,2022,3,30,10,20,0.048,36.801153,12.267051,24.534102,00-0034275
B.J. Hill,2022,3,30,10,13,0.048,36.801153,12.267051,15.947166,00-0034800
Zach Sieler,2023,3,30.75,10.25,20,0.046,34.935721,11.64524,22.72242,00-0034285
Michael Pierce,2023,2,7.5,3.75,3.814722,0.017,8.520907,4.260454,4.333986,00-0032574
Henry Anderson,2023,1,1.3175,1.3175,0.1525,0.006,1.496839,1.496839,0.173258,00-0032269
Michael Brockers,2021,3,24,8,11,0.044,33.586849,11.195616,15.393973,00-0029630
Calais Campbell,2023,1,7,7,7,0.031,7.952847,7.952847,7.952847,00-0026190
Sheldon Rankins,2023,1,9.75,9.75,8.5,0.043,11.07718,11.07718,9.657028,00-0032759
A'Shawn Robinson,2023,1,5,5,4,0.022,5.680605,5.680605,4.544484,00-0032889
Linval Joseph,2023,1,2.2825,2.2825,1.25,0.01,2.593196,2.593196,1.420151,00-0027885
Roy Robertson-Harris,2023,3,21.6,7.2,14.4,0.032,24.540214,8.180071,16.360142,00-0032667
Denico Autry,2021,3,21.5,7.666667,9,0.042,30.088219,10.729133,12.595068,00-0031254
Matt Ioannidis,2022,1,5.9,5.9,5.8,0.028,7.23756,7.23756,7.11489,00-0032781
Akiem Hicks,2022,1,8,8,6.5,0.038,9.813641,9.813641,7.973583,00-0029657
Sebastian Joseph-Day,2023,1,2.7,2.7,0,0.012,3.067527,3.067527,0,00-0034810
Vernon Butler,2023,1,1.08,1.08,0,0.005,1.227011,1.227011,0,00-0032967
Dean Lowry,2023,2,8.5,4.25,7.9,0.019,9.657028,4.828514,8.975356,00-0032412
Quinton Jefferson,2023,1,3.6,3.6,2.75,0.016,4.090036,4.090036,3.124333,00-0032416
Poona Ford,2023,1,2.25,2.25,1.5,0.01,2.556272,2.556272,1.704181,00-0034234
DaQuan Jones,2022,2,14,7,10.625,0.034,17.173871,8.586936,13.033742,00-0031054
Austin Johnson,2022,2,14,7,10.625,0.034,17.173871,8.586936,13.033742,00-0032763
William Gholston,2023,1,2.6675,2.6675,1.3175,0.012,3.030603,3.030603,1.496839,00-0030386
Harrison Phillips,2022,3,19.5,6.5,12.9,0.031,23.920749,7.973583,15.824496,00-0034782
DeMarcus Walker,2023,3,21,7,15.65,0.031,23.858541,7.952847,17.780294,00-0033782
Gerald McCoy,2021,1,1.25,1.25,0.15,0.007,1.749315,1.749315,0.209918,00-0027856
Malcom Brown,2021,2,11,5.5,7.6,0.03,15.393973,7.696986,10.635836,00-0032261
Stacy McGee,2017,5,25,5,9,0.03,38.233533,7.646707,13.764072,00-0030515
Derrick Brown,2020,4,23.621404,5.905351,23.621404,0.03,30.438479,7.60962,30.438479,00-0036220
Shy Tuttle,2023,3,19.5,6.5,13,0.029,22.154359,7.384786,14.769573,00-0035409
Justin Jones,2022,2,12,6,9.05,0.029,14.720461,7.360231,11.101681,00-0034677
Bryan Mone,2022,2,11.035,5.5175,1.5,0.027,13.536691,6.768345,1.840058,00-0035094
Bilal Nichols,2022,2,11,5.5,9.5,0.026,13.493756,6.746878,11.653698,00-0034387
Nicholas Williams,2023,1,1.23,1.23,0.025,0.005,1.397429,1.397429,0.028403,00-0030500
Chris Wormley,2023,1,1.08,1.08,0,0.005,1.227011,1.227011,0,00-0033913
Jalen Carter,2023,4,21.806184,5.451546,21.806184,0.024,24.774463,6.193616,24.774463,00-0038386
Broderick Washington,2023,3,15.75,5.25,10,0.023,17.893906,5.964635,11.36121,00-0036081
Dontari Poe,2020,2,9,4.5,3.5,0.023,11.597376,5.798688,4.510091,00-0029688
Nathan Shepherd,2023,3,15,5,10.18,0.022,17.041815,5.680605,11.565712,00-0034760
Morgan Fox,2023,2,7.25,3.625,3.75,0.016,8.236877,4.118439,4.260454,00-0032671
Shamar Stephen,2021,1,2,2,0.75,0.011,2.798904,2.798904,1.049589,00-0031242
Derek Wolfe,2021,3,12,4,9,0.022,16.793425,5.597808,12.595068,00-0029586
Tim Settle,2023,1,3,3,2.458,0.013,3.408363,3.408363,2.792585,00-0034397
Al Woods,2023,1,2.25,2.25,1,0.01,2.556272,2.556272,1.136121,00-0027723
Mario Edwards Jr.,2023,1,1.3175,1.3175,0.1525,0.006,1.496839,1.496839,0.173258,00-0032265
Angelo Blackson,2023,1,1.165,1.165,0,0.005,1.323581,1.323581,0,00-0032107
Adam Butler,2023,1,1.55,1.55,0.4858,0.007,1.760988,1.760988,0.551928,00-0033381
Christian Wilkins,2019,4,15.439098,3.859774,15.439098,0.021,20.95189,5.237972,20.95189,00-0035231
Jordan Davis,2022,4,17.009278,4.25232,17.009278,0.02,20.865368,5.216343,20.865368,00-0037073
Danny Shelton,2023,1,1.165,1.165,0,0.005,1.323581,1.323581,0,00-0032143
Brandon Dunn,2020,3,12,4,4,0.02,15.463169,5.15439,5.15439,00-0031127
Tyeler Davison,2022,1,1.12,1.12,0,0.005,1.37391,1.37391,0,00-0031947
Javon Kinlaw,2020,4,15.4887,3.872175,15.4887,0.02,19.958698,4.989675,19.958698,00-0036260
Taven Bryan,2023,1,3.51,3.51,3,0.016,3.987785,3.987785,3.408363,00-0034842
Johnathan Hankins,2023,1,1.3175,1.3175,1.0925,0.006,1.496839,1.496839,1.241212,00-0030063
Teair Tart,2023,1,4.304,4.304,0,0.019,4.889865,4.889865,0,00-0036181
John Cominsky,2023,2,8.5,4.25,4,0.019,9.657028,4.828514,4.544484,00-0035265
Khalen Saunders,2023,3,12.3,4.1,6.6,0.018,13.974288,4.658096,7.498399,00-0035656
Kerry Hyder,2023,1,1.08,1.08,0,0.005,1.227011,1.227011,0,00-0030946
Solomon Thomas,2023,1,2.35,2.35,2.01,0.01,2.669884,2.669884,2.283603,00-0033870
Rakeem Nunez-Roches,2023,3,12,4,7.465,0.018,13.633452,4.544484,8.481143,00-0031957
Andrew Billings,2023,2,8,4,5.06,0.018,9.088968,4.544484,5.748772,00-0033066
Beau Allen,2020,2,7,3.5,2.75,0.018,9.020182,4.510091,3.543643,00-0031089
Mike Purcell,2023,1,2.25,2.25,0,0.01,2.556272,2.556272,0,00-0029890
Calijah Kancey,2023,4,14.493472,3.623368,14.493472,0.016,16.466338,4.116584,16.466338,00-0039063
Lawrence Guy,2021,4,11.5,2.875,3.075,0.016,16.093699,4.023425,4.303315,00-0028171
Greg Gaines,2023,1,3.5,3.5,3.5,0.016,3.976423,3.976423,3.976423,00-0035667
Devonte Wyatt,2022,4,12.861182,3.215296,12.861182,0.015,15.776877,3.94422,15.776877,00-0037075
Jerry Tillery,2023,2,6.8,3.4,5.5,0.015,7.725623,3.862811,6.248665,00-0035674
Tyson Alualu,2023,1,1.165,1.165,0,0.005,1.323581,1.323581,0,00-0027862
Mazi Smith,2023,4,13.274694,3.318674,13.274694,0.015,15.081659,3.770415,15.081659,00-0038545
Hassan Ridgeway,2023,1,3.25,3.25,3,0.014,3.692393,3.692393,3.408363,00-0032402
Isaac Rochell,2023,1,1.08,1.08,0,0.005,1.227011,1.227011,0,00-0033588
Bryan Bresee,2023,4,12.263552,3.065888,12.263552,0.014,13.932879,3.48322,13.932879,00-0038995
Derrick Nnadi,2023,1,1.2325,1.2325,1.0925,0.005,1.400269,1.400269,1.241212,00-0034818
Montravius Adams,2022,2,5,2.5,1.465,0.012,6.133525,3.066763,1.797123,00-0033929
P.J. Hall,2021,1,2.183,2.183,0,0.012,3.055004,3.055004,0,00-0034262
Antwaun Woods,2022,1,1.035,1.035,0,0.005,1.26964,1.26964,0,00-0032871
Christian Barmore,2021,4,8.522268,2.130567,5.552388,0.012,11.926505,2.981626,7.770301,00-0036981
Logan Hall,2022,4,9.316454,2.329114,7.566029,0.011,11.428542,2.857136,9.281286,00-0038127
Levi Onwuzurike,2021,4,8.148892,2.037223,4.976872,0.011,11.403984,2.850996,6.964894,00-0036954
Ross Blacklock,2023,1,1.01,1.01,0,0.004,1.147482,1.147482,0,00-0036289
Isaiah Buggs,2023,2,4.5,2.25,2.1,0.01,5.112544,2.556272,2.385854,00-0035219
Brent Urban,2023,1,1.165,1.165,0,0.005,1.323581,1.323581,0,00-0031177
Carlos Watkins,2023,1,1.67,1.67,0.25,0.007,1.897322,1.897322,0.28403,00-0033563
Phidarian Mathis,2022,4,7.506378,1.876595,4.501374,0.009,9.208112,2.302029,5.521858,00-0038099
Tershawn Wharton,2023,1,2.025,2.025,0.85,0.009,2.300645,2.300645,0.965703,00-0035890
Daniel Ekuale,2023,2,4,2,1,0.009,4.544484,2.272242,1.136121,00-0034251
Kevin Givens,2023,1,2,2,2,0.009,2.272242,2.272242,2.272242,00-0035026
Marlon Davidson,2023,1,0.94,0.94,0,0.004,1.067954,1.067954,0,00-0036291
Vincent Taylor,2022,1,1.1875,1.1875,0.275,0.006,1.456712,1.456712,0.337344,00-0033469
Mike Daniels,2021,1,1.5,1.5,0.2,0.008,2.099178,2.099178,0.27989,00-0029284
Kemoko Turay,2023,1,1.08,1.08,0,0.005,1.227011,1.227011,0,00-0034354
Keeanu Benton,2023,4,7.333124,1.833281,4.279836,0.008,8.331316,2.082829,4.862412,00-0039110
DeShawn Williams,2023,1,1.75,1.75,1.75,0.008,1.988212,1.988212,1.988212,00-0031795
Zach Kerr,2021,1,1.2125,1.2125,0,0.007,1.696836,1.696836,0,00-0031105
Abdullah Anderson,2023,1,1.7,1.7,0.5,0.008,1.931406,1.931406,0.56806,00-0034587
Jordan Elliott,2023,1,1.7,1.7,1.5,0.008,1.931406,1.931406,1.704181,00-0036266
Gervon Dexter,2023,4,6.723732,1.680933,3.695612,0.007,7.638973,1.909743,4.198662,00-0039070
Josh Tupou,2022,2,3,1.5,0.3,0.007,3.680115,1.840058,0.368012,00-0033347
Raekwon Davis,2020,4,5.65551,1.413878,3.150165,0.007,7.287675,1.821919,4.059294,00-0036213
Jaleel Johnson,2023,1,1.08,1.08,0,0.005,1.227011,1.227011,0,00-0033940
Alim McNeill,2021,4,5.129182,1.282296,1.090312,0.007,7.178044,1.794512,1.525839,00-0036624
Milton Williams,2021,4,5.110182,1.277546,1.076496,0.007,7.151455,1.787864,1.506505,00-0036916
Osa Odighizuwa,2021,4,5.086198,1.27155,1.059048,0.007,7.11789,1.779473,1.482087,00-0036942
Adam Gotsis,2023,2,2.88,1.44,1.25,0.006,3.272028,1.636014,1.420151,00-0033064
Tyler Lancaster,2023,1,1.08,1.08,0,0.005,1.227011,1.227011,0,00-0034185
Chauncey Golston,2021,4,4.916586,1.229147,0.9357,0.007,6.880526,1.720132,1.309467,00-0036982
Neville Gallimore,2023,1,1.5,1.5,1.25,0.007,1.704181,1.704181,1.420151,00-0036366
Justin Ellis,2023,1,1.165,1.165,0,0.005,1.323581,1.323581,0,00-0031346
Corey Peters,2022,1,1.260466,1.260466,0.140466,0.006,1.54622,1.54622,0.17231,00-0027686
Steve McLendon,2021,1,1.2125,1.2125,0,0.007,1.696836,1.696836,0,00-0026564
John Jenkins,2023,1,1.3175,1.3175,0.2,0.006,1.496839,1.496839,0.227224,00-0030070
Trysten Hill,2023,1,1.2325,1.2325,0.3,0.005,1.400269,1.400269,0.340836,00-0035247
Zacch Pickens,2023,4,5.763784,1.440946,1.191844,0.006,6.548356,1.637089,1.354079,00-0038937
Travis Jones,2022,4,5.30666,1.326665,1.039388,0.006,6.509707,1.627427,1.275023,00-0037756
Akeem Spence,2022,1,1.12,1.12,0,0.005,1.37391,1.37391,0,00-0030402
Byron Young,2023,4,5.66871,1.417178,1.122696,0.006,6.44034,1.610086,1.275518,00-0038978
Anthony Rush,2022,1,1.3,1.3,0.165,0.006,1.594717,1.594717,0.202406,00-0035390
DeMarvin Leal,2022,4,5.186896,1.296724,0.952288,0.006,6.362792,1.590698,1.168177,00-0037759
Nnamdi Madubuike,2020,4,4.85331,1.213328,1.08968,0.006,6.253963,1.563491,1.404159,00-0036130
Christian Covington,2023,1,1.165,1.165,0,0.005,1.323581,1.323581,0,00-0031619
Zachary Carter,2022,4,5.079936,1.269984,0.8745,0.006,6.231583,1.557896,1.072754,00-0037804
Kobie Turner,2023,4,5.39147,1.347868,0.921068,0.006,6.125362,1.531341,1.046445,00-0039138
Carl Davis,2023,1,1.3175,1.3175,0.25,0.006,1.496839,1.496839,0.28403,00-0031938
Brodric Martin,2023,4,5.304082,1.326021,0.857512,0.006,6.026079,1.50652,0.974237,00-0038939
Siaki Ika,2023,4,5.304082,1.326021,0.857512,0.006,6.026079,1.50652,0.974237,00-0038561
Jay Tufele,2021,4,4.305684,1.076421,0.825684,0.006,6.025598,1.5064,1.155505,00-0036881
Caraun Reid,2021,1,1.075,1.075,0,0.006,1.504411,1.504411,0,00-0031071
Abry Jones,2021,1,1.075,1.075,0,0.006,1.504411,1.504411,0,00-0029946
Mike Pennel,2023,1,0.322966,0.322966,0,0.001,0.366928,0.366928,0,00-0030757
Jack Crawford,2021,1,1.075,1.075,0,0.006,1.504411,1.504411,0,00-0029627
Margus Hunt,2021,1,1.075,1.075,0,0.006,1.504411,1.504411,0,00-0030449
Josh Mauro,2021,1,1.075,1.075,0,0.006,1.504411,1.504411,0,00-0030883
Damion Square,2021,1,1.075,1.075,0,0.006,1.504411,1.504411,0,00-0030148
Jonathan Bullard,2023,1,1.3175,1.3175,0.05,0.006,1.496839,1.496839,0.056806,00-0033093
Bobby Brown III,2021,4,4.236532,1.059133,0.756532,0.006,5.928823,1.482206,1.05873,00-0036903
Daniel Ross,2021,1,1.0575,1.0575,0.01,0.006,1.479921,1.479921,0.013995,00-0033535
Tyler Shelvin,2023,2,1.855,0.9275,0,0.004,2.107504,1.053752,0,00-0036851
Maurice Hurst,2023,1,1.2325,1.2325,0,0.005,1.400269,1.400269,0,00-0034746
Taylor Stallworth,2023,1,1.2325,1.2325,0.3525,0.005,1.400269,1.400269,0.400483,00-0034325
Pat O'Connor,2023,1,1.2325,1.2325,0.45,0.005,1.400269,1.400269,0.511254,00-0033595
David Irving,2021,1,1.04,1.04,0.05,0.006,1.45543,1.45543,0.069973,00-0031997
Tommy Togiai,2023,2,1.995,0.9975,0,0.004,2.266561,1.133281,0,00-0036883
McTelvin Agim,2023,1,0.94,0.94,0,0.004,1.067954,1.067954,0,00-0036420
L.J. Collier,2023,1,1.2325,1.2325,0.07625,0.005,1.400269,1.400269,0.086629,00-0035636
Deadrin Senat,2023,1,1.2325,1.2325,0.6525,0.005,1.400269,1.400269,0.741319,00-0034363
Armon Watts,2023,1,1.2325,1.2325,0.1525,0.005,1.400269,1.400269,0.173258,00-0034992
Matt Dickerson,2023,1,1.08,1.08,0,0.005,1.227011,1.227011,0,00-0034657
Joel Heath,2021,1,0.99,0.99,0,0.005,1.385458,1.385458,0,00-0032727
Trevon Coley,2023,1,1.08,1.08,0,0.005,1.227011,1.227011,0,00-0032566
Sheldon Day,2023,1,1.08,1.08,0,0.005,1.227011,1.227011,0,00-0033010
Xavier Williams,2021,1,0.99,0.99,0,0.005,1.385458,1.385458,0,00-0031713
Ethan Westbrooks,2021,1,0.99,0.99,0,0.005,1.385458,1.385458,0,00-0030986
Eddie Vanderdoes,2021,1,0.99,0.99,0,0.005,1.385458,1.385458,0,00-0033924
Robert Nkemdiche,2022,1,1.035,1.035,0,0.005,1.26964,1.26964,0,00-0032761
Eli Ankou,2023,1,1.08,1.08,0,0.005,1.227011,1.227011,0,00-0033598
Noah Spence,2022,1,1.035,1.035,0,0.005,1.26964,1.26964,0,00-0032952
Darius Philon,2021,1,0.99,0.99,0,0.005,1.385458,1.385458,0,00-0032116
Kyle Peko,2023,1,1.08,1.08,0,0.005,1.227011,1.227011,0,00-0032463
T.Y. McGill,2023,1,1.165,1.165,0.4,0.005,1.323581,1.323581,0.454448,00-0032162
Perrion Winfrey,2023,1,0.216,0.216,0,0.001,0.245402,0.245402,0,00-0038126
Woodrow Hamilton,2021,2,1.955,0.9775,0,0.005,2.735929,1.367964,0,00-0032578
Eyioma Uwazurike,2022,4,4.425872,1.106468,0.765872,0.005,5.42924,1.35731,0.939499,00-0038106
Neil Farrell Jr.,2022,4,4.380304,1.095076,0.720304,0.005,5.373341,1.343335,0.883601,00-0038093
Ta'Quon Graham,2021,4,3.830612,0.957653,0.350612,0.005,5.360758,1.340189,0.490665,00-0036948
Isaiahh Loudermilk,2021,4,3.800288,0.950072,0.320288,0.005,5.318321,1.32958,0.448228,00-0036843
Daviyon Nixon,2022,1,1.765,0.8825,0,0.004,2.165134,1.082567,0,00-0036558
Tedarrell Slaton,2021,4,3.76052,0.94013,0.28052,0.005,5.262667,1.315667,0.392574,00-0036642
Kevin Strong,2023,1,1.15625,1.15625,0.07625,0.005,1.31364,1.31364,0.086629,00-0035334
Leki Fotu,2020,4,4.068472,1.017118,0.773472,0.005,5.242622,1.310656,0.996694,00-0036371
Colby Wooden,2023,4,4.607928,1.151982,0.767928,0.005,5.235164,1.308791,0.872459,00-0038387
Chase Winovich,2023,1,2,2,1.75,0.009,2.272242,2.272242,1.988212,00-0035654
Cameron Young,2023,4,4.567508,1.141877,0.727508,0.005,5.189242,1.29731,0.826537,00-0038572
Jalyn Holmes,2023,1,1.08,1.08,0,0.005,1.227011,1.227011,0,00-0034264
Justin Hamilton,2022,1,1.035,1.035,0,0.005,1.26964,1.26964,0,00-0031636
Willie Henry,2021,1,0.92,0.92,0,0.005,1.287496,1.287496,0,00-0032409
Darius Kilgo,2021,1,0.92,0.92,0,0.005,1.287496,1.287496,0,00-0032138
Treyvon Hester,2021,1,0.92,0.92,0,0.005,1.287496,1.287496,0,00-0033976
Brian Price,2021,1,0.92,0.92,0,0.005,1.287496,1.287496,0,00-0032649
David Parry,2021,1,0.92,0.92,0,0.005,1.287496,1.287496,0,00-0031592
Christian Ringo,2022,1,1.035,1.035,0,0.005,1.26964,1.26964,0,00-0031615
Eddie Yarbrough,2021,1,0.92,0.92,0,0.005,1.287496,1.287496,0,00-0032480
Ryan Glasgow,2021,1,0.92,0.92,0,0.005,1.287496,1.287496,0,00-0033786
Bronson Kaufusi,2021,1,0.92,0.92,0,0.005,1.287496,1.287496,0,00-0033117
Marlon Tuipulotu,2021,4,3.675912,0.918978,0.195912,0.005,5.144263,1.286066,0.274169,00-0036920
Tyler Lacy,2023,4,4.52712,1.13178,0.68712,0.005,5.143356,1.285839,0.780651,00-0038940
James Lynch,2020,4,3.985992,0.996498,0.690992,0.005,5.136339,1.284085,0.89041,00-0036337
Quinton Bohanna,2023,2,1.995,0.9975,0,0.004,2.266561,1.133281,0,00-0036649
Rashard Lawrence,2023,1,0.3708,0.3708,0,0.002,0.421274,0.421274,0,00-0036373
Roy Lopez,2023,2,1.995,0.9975,0,0.004,2.266561,1.133281,0,00-0036568
Jonathan Marshall,2023,1,0.216,0.216,0,0.001,0.245402,0.245402,0,00-0036505
Bruce Hector,2023,2,2.065,1.0325,0,0.005,2.34609,1.173045,0,00-0034461
Tanzel Smart,2023,1,1.08,1.08,0,0.005,1.227011,1.227011,0,00-0033963
Justin Zimmer,2022,1,1.035,1.035,0,0.005,1.26964,1.26964,0,00-0032518
Phil Hoskins,2023,2,1.995,0.9975,0,0.004,2.266561,1.133281,0,00-0036576
Austin Bryant,2023,1,1.105,1.105,0.55,0.005,1.255414,1.255414,0.624867,00-0035531
Jonathan Harris,2022,2,1.905,0.9525,0,0.005,2.336873,1.168437,0,00-0035073
Khyiris Tonga,2023,1,0.94,0.94,0,0.004,1.067954,1.067954,0,00-0036909
Marquiss Spencer,2023,2,1.655,0.8325,0,0.004,1.88028,0.945821,0,00-0036668
Demone Harris,2023,1,1.09,1.09,0.01,0.005,1.238372,1.238372,0.011361,00-0034612
D.J. Davidson,2022,4,4.01412,1.00353,0.35412,0.005,4.924141,1.231035,0.434401,00-0037260
Michael Dogbe,2023,1,1.08,1.08,0,0.005,1.227011,1.227011,0,00-0035541
Isaiah Mack,2023,1,1.08,1.08,0,0.005,1.227011,1.227011,0,00-0035519
Byron Cowart,2023,1,1.08,1.08,0,0.005,1.227011,1.227011,0,00-0035278
Ben Banogu,2023,1,1.08,1.08,0,0.005,1.227011,1.227011,0,00-0034969
Kingsley Keke,2022,1,1,1,0,0.005,1.226705,1.226705,0,00-0034984
Thomas Booker,2023,1,0.216,0.216,0,0.001,0.245402,0.245402,0,00-0037262
Eric Johnson,2022,4,3.98074,0.995185,0.32074,0.005,4.883194,1.220799,0.393453,00-0037269
Otito Ogbonnia,2022,4,3.978888,0.994722,0.318888,0.005,4.880922,1.220231,0.391182,00-0037270
Matthew Butler,2023,2,1.785,0.8925,0,0.004,2.027976,1.013988,0,00-0037280
John Ridgeway,2022,4,3.902556,0.975639,0.242556,0.005,4.787285,1.196821,0.297545,00-0037283
Jeremiah Ledbetter,2022,2,1.905,0.9525,0,0.005,2.336873,1.168437,0,00-0033582
Porter Gustin,2022,1,0.965,0.965,0,0.005,1.18377,1.18377,0,00-0035404
Devaroe Lawrence,2021,1,0.85,0.85,0,0.005,1.189534,1.189534,0,00-0033501
Gabe Wright,2021,1,0.85,0.85,0,0.005,1.189534,1.189534,0,00-0031574
Nazair Jones,2021,1,0.85,0.85,0,0.005,1.189534,1.189534,0,00-0033934
Jaquelin Roy,2023,4,4.179772,1.044943,0.339772,0.005,4.748727,1.187182,0.386022,00-0038584
R.J. McIntosh,2022,1,0.965,0.965,0,0.005,1.18377,1.18377,0,00-0034848
Jordan Jackson,2023,1,0.75,0.75,0,0.003,0.852091,0.852091,0,00-0037294
Sam Roberts,2022,4,3.831476,0.957869,0.171476,0.005,4.700091,1.175023,0.21035,00-0037298
Matt Henningsen,2022,4,3.82208,0.95552,0.16208,0.005,4.688565,1.172141,0.198824,00-0037303
Quinton Bell,2023,1,0.94,0.94,0,0.004,1.067954,1.067954,0,00-0035000
Joe Gaziano,2023,1,1.01,1.01,0,0.004,1.147482,1.147482,0,00-0035903
Eric Banks,2023,1,0.296444,0.296444,0,0.001,0.336796,0.336796,0,00-0035928
Brandin Bryant,2023,1,1.012,1.012,0.002,0.005,1.149754,1.149754,0.002272,00-0032660
Henry Mondeaux,2023,1,1.01,1.01,0.025,0.004,1.147482,1.147482,0.028403,00-0034318
Deyon Sizer,2021,2,1.675,0.8375,0,0.005,2.344082,1.172041,0,00-0035557
Amani Bledsoe,2023,1,0.94,0.94,0,0.004,1.067954,1.067954,0,00-0035513
Kendal Vickers,2023,1,1.0125,1.0125,0.0025,0.005,1.150323,1.150323,0.00284,00-0034125
Daylon Mack,2021,1,1.675,0.8375,0,0.005,2.344082,1.172041,0,00-0034985
Wyatt Ray,2023,1,1.01,1.01,0,0.004,1.147482,1.147482,0,00-0035048
Jason Strowbridge,2021,1,0.1656,0.1656,0,0.001,0.231749,0.231749,0,00-0036160
Kalia Davis,2022,4,3.792012,0.948003,0.132012,0.005,4.65168,1.16292,0.16194,00-0037832
Curtis Brooks,2023,2,1.665,0.8325,0,0.004,1.891641,0.945821,0,NA
Isaiah Thomas,2023,1,0.216,0.216,0,0.001,0.245402,0.245402,0,00-0037314
Jonathan Ford,2023,1,0.216,0.216,0,0.001,0.245402,0.245402,0,00-0037094
Larrell Murchison,2022,1,0.321667,0.321667,0,0.002,0.394591,0.394591,0,00-0036237
Karl Brooks,2023,4,4.052028,1.013007,0.212028,0.005,4.603594,1.150899,0.240889,00-0038398
Kyle Phillips,2023,1,1.01,1.01,0,0.004,1.147482,1.147482,0,00-0035507
Malcolm Roach,2023,1,1.01,1.01,0,0.004,1.147482,1.147482,0,00-0035763
Andrew Brown,2023,1,1.01,1.01,0,0.004,1.147482,1.147482,0,00-0034394
Raymond Johnson III,2023,1,0.87,0.87,0,0.004,0.988425,0.988425,0,00-0036611
Marvin Wilson,2023,1,0.75,0.75,0,0.003,0.852091,0.852091,0,00-0036689
Josiah Bronson,2023,2,1.855,0.9275,0,0.004,2.107504,1.053752,0,00-0036537
Keondre Coburn,2023,4,4.016616,1.004154,0.176616,0.004,4.563362,1.14084,0.200657,00-0038985
Jared Goldwire,2021,3,2.445,0.815,0.05,0.004,3.42166,1.140553,0.069973,NA
Kenny Randall,2021,3,2.445,0.815,0.12,0.004,3.42166,1.140553,0.167934,NA
Darius Stills,2022,1,0.705,0.705,0,0.003,0.864827,0.864827,0,NA
Scott Matlock,2023,4,4.012292,1.003073,0.172292,0.004,4.558449,1.139612,0.195745,00-0038614
Cameron Murray,2021,3,2.44,0.813333,0.015,0.004,3.414663,1.138221,0.020992,NA
Austin Faoliu,2023,1,0.75,0.75,0,0.003,0.852091,0.852091,0,00-0036767
Daniel Archibong,2022,1,0.705,0.705,0,0.003,0.864827,0.864827,0,NA
Naquan Jones,2023,2,1.995,0.9975,0,0.004,2.266561,1.133281,0,00-0036695
Jerome Johnson,2021,3,2.435,0.811667,0.02,0.004,3.407666,1.135889,0.027989,NA
Thomas Schaffer,2021,3,2.435,0.811667,0.025,0.004,3.407666,1.135889,0.034986,NA
Elijah Ponder,2022,2,1.575,0.7875,0,0.004,1.932061,0.96603,0,NA
Forrest Merrill,2023,1,0.87,0.87,0,0.004,0.988425,0.988425,0,00-0036780
Jack Heflin,2023,1,0.87,0.87,0,0.004,0.988425,0.988425,0,00-0036788
Sam Kamara,2023,1,0.87,0.87,0,0.004,0.988425,0.988425,0,00-0036705
George Silvanic,2021,3,2.431,0.810333,0.006,0.004,3.402068,1.134022,0.008397,NA
Michael Dwumfour,2023,1,1.995,0.9975,0,0.004,2.266561,1.133281,0,00-0036507
Xavier Kelly,2021,3,2.427,0.809,0.002,0.004,3.39647,1.132157,0.002799,NA
Jarrod Hewitt,2023,1,0.75,0.75,0,0.003,0.852091,0.852091,0,NA
Willie Yarbary,2021,3,2.425,0.808333,0,0.004,3.393671,1.131223,0,NA
Jovan Swann,2021,3,2.425,0.808333,0,0.004,3.393671,1.131223,0,NA
Lorenzo Neal Jr.,2022,1,0.705,0.705,0,0.003,0.864827,0.864827,0,NA
Jordon Scott,2021,3,2.425,0.808333,0,0.004,3.393671,1.131223,0,NA
Dante Stills,2023,4,3.973332,0.993333,0.133332,0.004,4.514186,1.128546,0.151481,00-0038623
Bravvion Roy,2023,1,0.2898,0.2898,0,0.001,0.329248,0.329248,0,00-0036311
Travis Bell,2023,4,3.95714,0.989285,0.11714,0.004,4.49579,1.123947,0.133085,00-0038405
Raymond Vohasek,2023,4,3.944764,0.986191,0.104764,0.004,4.481729,1.120432,0.119025,00-0038631
Nesta Jade Silvera,2023,4,3.9407,0.985175,0.1007,0.004,4.477112,1.119278,0.114407,00-0038634
Robert Windsor,2021,1,0.66,0.66,0,0.004,0.923638,0.923638,0,00-0036227
Khalil Davis,2023,1,0.94,0.94,0,0.004,1.067954,1.067954,0,00-0036430
John Penisini,2023,1,0.94,0.94,0,0.004,1.067954,1.067954,0,00-0036238
Jordon Riley,2023,4,3.923032,0.980758,0.083032,0.004,4.457039,1.11426,0.094334,00-0038506
Moro Ojomo,2023,4,3.917784,0.979446,0.077784,0.004,4.451077,1.112769,0.088372,00-0038412
Desjuan Johnson,2023,4,3.917784,0.979446,0.077784,0.004,4.451077,1.112769,0.088372,00-0039061
Albert Huggins,2023,1,0.94,0.94,0,0.004,1.067954,1.067954,0,00-0035455
Cortez Broughton,2023,1,0.9425,0.9425,0.0025,0.004,1.070794,1.070794,0.00284,00-0035315
Carlos Davis,2023,1,0.94,0.94,0,0.004,1.067954,1.067954,0,00-0036352
Miles Brown,2021,1,0.78,0.78,0,0.004,1.091573,1.091573,0,NA
Elijah Qualls,2021,1,0.78,0.78,0,0.004,1.091573,1.091573,0,00-0033584
Niles Scott,2022,1,0.825,0.825,0,0.004,1.012032,1.012032,0,00-0034077
John Atkins,2021,1,0.78,0.78,0,0.004,1.091573,1.091573,0,00-0034586
Joey Ivie,2021,1,0.78,0.78,0,0.004,1.091573,1.091573,0,00-0033590
Freedom Akinmoladun,2021,1,0.78,0.78,0,0.004,1.091573,1.091573,0,00-0035600
Demarcus Christmas,2021,1,0.78,0.78,0,0.004,1.091573,1.091573,0,00-0035595
Nick Thurman,2023,1,0.87,0.87,0,0.004,0.988425,0.988425,0,00-0034723
Breeland Speaks,2023,1,0.87,0.87,0,0.004,0.988425,0.988425,0,00-0034774
Jashon Cornell,2020,4,3.379532,0.844883,0.084532,0.004,4.354856,1.088714,0.108928,NA
Renell Wren,2023,1,0.87,0.87,0,0.004,0.988425,0.988425,0,00-0035260
Marquise Copeland,2023,1,0.94,0.94,0,0.004,1.067954,1.067954,0,00-0035607
Chris Williams,2023,1,0.94,0.94,0,0.004,1.067954,1.067954,0,00-0035857
Breiden Fehoko,2023,1,0.94,0.94,0,0.004,1.067954,1.067954,0,00-0035927
Daniel Wise,2023,1,0.94,0.94,0,0.004,1.067954,1.067954,0,00-0035423
Benito Jones,2023,1,0.94,0.94,0,0.004,1.067954,1.067954,0,00-0035841
Elijah Garcia,2022,3,2.585,0.861667,0.025,0.004,3.171033,1.057011,0.030668,00-0037051
Kurt Hinish,2022,3,2.585,0.861667,0.085,0.004,3.171033,1.057011,0.10427,00-0037459
David Anenih,2023,1,0.87,0.87,0,0.004,0.988425,0.988425,0,00-0037592
LaBryan Ray,2023,1,0.75,0.75,0,0.003,0.852091,0.852091,0,00-0037203
Jordan Williams,2022,3,2.58,0.86,0.055,0.004,3.164899,1.054966,0.067469,NA
Ben Stille,2023,2,1.855,0.9275,0,0.004,2.107504,1.053752,0,00-0037356
Timmy Horne,2023,2,1.855,0.9275,0,0.004,2.107504,1.053752,0,00-0037585
Christopher Hinton,2023,1,0.87,0.87,0,0.004,0.988425,0.988425,0,00-0037375
Manny Jones,2023,1,0.216,0.216,0,0.001,0.245402,0.245402,0,00-0037551
Antonio Valentino,2022,3,2.575,0.858333,0.065,0.004,3.158766,1.052921,0.079736,NA
Marquan McCall,2023,1,0.216,0.216,0,0.001,0.245402,0.245402,0,00-0037363
Glen Logan,2022,3,2.575,0.858333,0.055,0.004,3.158766,1.052921,0.067469,NA
Jayden Peevy,2023,2,1.655,0.8325,0,0.004,1.88028,0.945821,0,00-0037603
Roderick Perry II,2023,1,0.87,0.87,0,0.004,0.988425,0.988425,0,00-0037341
Donovan Jeter,2023,1,0.75,0.75,0,0.003,0.852091,0.852091,0,00-0037046
Will Miles,2022,3,2.57,0.856667,0.01,0.004,3.152632,1.050878,0.012267,NA
Noah Elliss,2023,1,0.216,0.216,0,0.001,0.245402,0.245402,0,00-0037134
Haskell Garrett,2022,3,2.57,0.856667,0.01,0.004,3.152632,1.050878,0.012267,NA
Hauati Pututau,2022,3,2.568,0.856,0.008,0.004,3.150179,1.05006,0.009814,NA
Rayshad Nichols,2023,2,1.665,0.8325,0,0.004,1.891641,0.945821,0,00-0037181
Akial Byers,2022,3,2.568,0.856,0.008,0.004,3.150179,1.05006,0.009814,NA
Prince Emili,2023,2,1.665,0.8325,0,0.004,1.891641,0.945821,0,00-0037660
Jabari Ellis,2022,3,2.5675,0.855833,0.02,0.004,3.149565,1.049855,0.024534,NA
John Franklin-Myers,2021,4,55,13.75,30,0.075,76.969863,19.242466,41.983562,00-0034805
Kevin Atkins,2023,1,0.75,0.75,0,0.003,0.852091,0.852091,0,00-0037519
Micah Dew-Treadway,2022,3,2.565,0.855,0.005,0.004,3.146499,1.048833,0.006134,NA
Dion Novil,2022,3,2.565,0.855,0.005,0.004,3.146499,1.048833,0.006134,NA
Derrick Tangelo,2022,3,2.565,0.855,0.055,0.004,3.146499,1.048833,0.067469,NA
C.J. Brewer,2023,1,0.75,0.75,0,0.003,0.852091,0.852091,0,00-0037662
Damion Daniels,2022,3,2.5625,0.854167,0.0125,0.004,3.143432,1.047811,0.015334,NA
Bryce Rodgers,2022,3,2.5625,0.854167,0.0025,0.004,3.143432,1.047811,0.003067,NA
Israel Antwine,2022,3,2.562,0.854,0.002,0.004,3.142818,1.047606,0.002453,NA
Mike Greene,2023,2,1.665,0.8325,0,0.004,1.891641,0.945821,0,00-0037627
Tyarise Stevenson,2022,3,2.56025,0.853417,0.00025,0.004,3.140672,1.046891,0.000307,NA
Jeremiah Pharms,2023,2,1.665,0.8325,0,0.004,1.891641,0.945821,0,00-0037711
Josh Black,2022,3,2.56,0.853333,0,0.004,3.140365,1.046788,0,NA
Adedayo Odeleye,2023,1,0.75,0.75,0,0.003,0.852091,0.852091,0,NA
Caeveon Patton,2023,1,0.75,0.75,0,0.003,0.852091,0.852091,0,00-0038044
Trevon Mason,2022,3,2.56,0.853333,0,0.004,3.140365,1.046788,0,NA
McKinley Williams,2022,3,2.56,0.853333,0,0.004,3.140365,1.046788,0,NA
David Moa,2023,1,0.87,0.87,0,0.004,0.988425,0.988425,0,00-0035985
Kobe Smith,2023,1,0.75,0.75,0,0.003,0.852091,0.852091,0,00-0036180
Benning Potoa'e,2023,2,1.785,0.8925,0,0.004,2.027976,1.013988,0,00-0036050
Nick Coe,2021,2,1.485,0.7425,0,0.004,2.078186,1.039093,0,NA
Marcus Willoughby,2021,2,1.485,0.7425,0,0.004,2.078186,1.039093,0,00-0036128
Sam Renner,2021,2,1.485,0.7425,0,0.004,2.078186,1.039093,0,NA
Walter Palmore,2021,2,1.485,0.7425,0,0.004,2.078186,1.039093,0,00-0035462
Michael Hoecht,2023,1,0.94,0.94,0,0.004,1.067954,1.067954,0,00-0035933
T.J. Smith,2023,1,0.75,0.75,0,0.003,0.852091,0.852091,0,00-0035910
Caleb Sampson,2023,3,2.72,0.906667,0.125,0.004,3.090249,1.030083,0.142015,00-0038439
Devonnsha Maxwell,2023,3,2.72,0.906667,0.025,0.004,3.090249,1.030083,0.028403,NA
Terrance Lang,2023,3,2.715,0.905,0.05,0.004,3.084569,1.02819,0.056806,00-0038869
Shakel Brown,2023,3,2.715,0.905,0.105,0.004,3.084569,1.02819,0.119293,00-0038842
Jacob Slade,2023,3,2.715,0.905,0.2,0.004,3.084569,1.02819,0.227224,00-0038708
D.J. Dale,2023,3,2.715,0.905,0.02,0.004,3.084569,1.02819,0.022722,00-0038675
Jalen Redmond,2023,3,2.715,0.905,0.115,0.004,3.084569,1.02819,0.130654,00-0038778
Cory Durden,2023,3,2.71,0.903333,0.04,0.004,3.078888,1.026296,0.045445,00-0038653
James Nyamwaya,2023,3,2.709,0.903,0.014,0.004,3.077752,1.025917,0.015906,00-0038745
P.J. Mustipher,2023,3,2.705,0.901667,0.05,0.004,3.073207,1.024403,0.056806,00-0038795
Calvin Avery,2023,3,2.705,0.901667,0.045,0.004,3.073207,1.024403,0.051125,00-0038799
Spencer Waege,2023,3,2.705,0.901667,0.05,0.004,3.073207,1.024403,0.056806,00-0038882
Brandon Pili,2023,3,2.705,0.901667,0.1,0.004,3.073207,1.024403,0.113612,00-0038694
Jason Lewan,2023,3,2.704,0.901333,0.009,0.004,3.072071,1.024023,0.010225,00-0038466
TK McLendon,2023,3,2.701,0.900333,0.02,0.004,3.068663,1.022887,0.022722,00-0038850
Jerrod Clark,2023,3,2.7,0.9,0.105,0.004,3.067527,1.022509,0.119293,00-0038861
Kaieem Caesar,2023,3,2.7,0.9,0.005,0.004,3.067527,1.022509,0.005681,00-0038446
Jacob Sykes,2023,3,2.7,0.9,0.005,0.004,3.067527,1.022509,0.005681,00-0038771
Trey Botts,2023,3,2.698,0.899333,0.003,0.004,3.065254,1.021751,0.003408,00-0038445
Chris Smith,2023,3,2.6975,0.899167,0.0025,0.004,3.064686,1.021563,0.00284,00-0038661
Jerron Cage,2023,3,2.6975,0.899167,0.0025,0.004,3.064686,1.021563,0.00284,00-0038901
Anthony Montalvo,2023,3,2.697,0.899,0.002,0.004,3.064118,1.021373,0.002272,00-0038692
Robert Cooper,2023,3,2.696,0.898667,0.001,0.004,3.062982,1.020994,0.001136,NA
Jonah Tavai,2023,3,2.696,0.898667,0.001,0.004,3.062982,1.020994,0.001136,NA
Kenneth Odumegwu,2023,3,2.695,0.898333,0,0.004,3.061846,1.020615,0,NA
LaTrell Bumphus,2023,3,2.695,0.898333,0,0.004,3.061846,1.020615,0,NA
Taron Vincent,2023,3,2.695,0.898333,0,0.004,3.061846,1.020615,0,00-0038991
Caleb Sanders,2023,3,2.695,0.898333,0,0.004,3.061846,1.020615,0,NA
Jamal Woods,2023,3,2.695,0.898333,0,0.004,3.061846,1.020615,0,NA
Justus Tavai,2023,3,2.695,0.898333,0,0.004,3.061846,1.020615,0,00-0039012
Antonio Moultrie,2023,3,2.695,0.898333,0,0.004,3.061846,1.020615,0,00-0038530
Antwuan Jackson,2023,3,2.685,0.898333,0,0.004,3.050485,1.020615,0,00-0038253
C.J. Okoye,2023,3,2.695,0.898333,0,0.004,3.061846,1.020615,0,NA
Tautala Pesefea,2023,3,2.695,0.898333,0,0.004,3.061846,1.020615,0,00-0038888
Jamal Davis,2022,1,0.8275,0.8275,0.0025,0.004,1.015098,1.015098,0.003067,00-0035449
Duke Ejiofor,2022,1,0.825,0.825,0,0.004,1.012032,1.012032,0,00-0034402
Auzoyah Alufohai,2022,1,0.825,0.825,0,0.004,1.012032,1.012032,0,00-0036065
Raequan Williams,2023,1,0.87,0.87,0,0.004,0.988425,0.988425,0,00-0036007
Doug Costin,2023,1,0.87,0.87,0,0.004,0.988425,0.988425,0,00-0035822
Bunmi Rotimi,2022,1,0.825,0.825,0,0.004,1.012032,1.012032,0,00-0034602
Azur Kamara,2022,1,0.825,0.825,0,0.004,1.012032,1.012032,0,00-0036137
Darrion Daniels,2022,1,0.825,0.825,0,0.004,1.012032,1.012032,0,00-0035802
Mike Panasiuk,2021,1,0.66,0.66,0,0.004,0.923638,0.923638,0,00-0036170
Myles Adams,2023,1,0.87,0.87,0,0.004,0.988425,0.988425,0,00-0035946
Jonathan Ledbetter,2023,1,0.87,0.87,0,0.004,0.988425,0.988425,0,00-0035343
Josiah Coatney,2021,1,0.66,0.66,0,0.004,0.923638,0.923638,0,NA
Ray Lima,2020,3,2.3,0.766667,0.027,0.004,2.963774,0.987925,0.034792,NA
Trevon McSwain,2020,3,2.2975,0.765833,0.0325,0.004,2.960552,0.98685,0.041879,00-0036207
Calvin Taylor,2021,1,0.66,0.66,0,0.004,0.923638,0.923638,0,00-0035820
Tyler Clark,2022,1,0.705,0.705,0,0.003,0.864827,0.864827,0,NA
Sterling Johnson,2020,3,2.295,0.765,0.06,0.004,2.957331,0.985777,0.077316,00-0036153
Lacale London,2023,2,1.665,0.8325,0,0.004,1.891641,0.945821,0,00-0036204
Willington Previlon,2023,2,1.665,0.8325,0,0.004,1.891641,0.945821,0,00-0035969
Delontae Scott,2023,1,0.75,0.75,0,0.003,0.852091,0.852091,0,00-0035971
Trey Dishon,2020,3,2.291,0.763667,0.006,0.004,2.952177,0.984059,0.007732,00-0035765
Garrett Marino,2020,3,2.29,0.763333,0.045,0.004,2.950888,0.983629,0.057987,NA
Lee Autry,2020,3,2.29,0.763333,0.005,0.004,2.950888,0.983629,0.006443,00-0036201
T.J. Carter,2023,2,1.665,0.8325,0,0.004,1.891641,0.945821,0,00-0037052
Courtney Wallace,2020,3,2.289,0.763,0.02,0.004,2.949599,0.9832,0.025772,NA
Jeffery Whatley,2020,3,2.2885,0.762833,0.016,0.004,2.948955,0.982985,0.020618,NA
Cedrick Lattimore,2021,1,0.66,0.66,0,0.004,0.923638,0.923638,0,00-0036058
Adam Shuler,2020,3,2.288,0.762667,0.003,0.004,2.948311,0.982771,0.003866,NA
Josh Avery,2021,1,0.66,0.66,0,0.004,0.923638,0.923638,0,NA
Aaron Crawford,2022,1,0.705,0.705,0,0.003,0.864827,0.864827,0,00-0036191
Frank Herron,2022,1,0.207,0.207,0,0.001,0.253928,0.253928,0,00-0034590
Hercules Mata'afa,2021,1,0.252,0.252,0,0.001,0.352662,0.352662,0,00-0034215
Sailosi Latu,2020,3,2.287,0.762333,0.002,0.004,2.947022,0.98234,0.002577,00-0035785
Hinwa Allieu,2020,3,2.287,0.762333,0.002,0.004,2.947022,0.98234,0.002577,00-0035775
Marcus Webb,2021,1,0.66,0.66,0,0.004,0.923638,0.923638,0,00-0036063
Austrian Robinson,2020,3,2.286,0.762,0.001,0.004,2.945734,0.981911,0.001289,NA
Domenique Davis,2023,1,0.75,0.75,0,0.003,0.852091,0.852091,0,00-0036148
Kameron Cline,2023,1,0.216,0.216,0,0.001,0.245402,0.245402,0,00-0035850
Michael Barnett,2021,1,0.66,0.66,0,0.004,0.923638,0.923638,0,NA
David Bada,2022,2,1.575,0.7875,0,0.004,1.932061,0.96603,0,00-0036447
Earnest Brown IV,2023,1,0.216,0.216,0,0.001,0.245402,0.245402,0,00-0036855
Braxton Hoyett,2022,2,1.575,0.7875,0,0.004,1.932061,0.96603,0,00-0035518
Jalen Dalton,2022,2,1.575,0.7875,0,0.004,1.932061,0.96603,0,00-0035179
Jonathan Kongbo,2022,2,1.575,0.7875,0,0.004,1.932061,0.96603,0,00-0035754
Chris Slayton,2023,1,0.75,0.75,0,0.003,0.852091,0.852091,0,00-0035004
Olive Sagapolu,2023,1,0.75,0.75,0,0.003,0.852091,0.852091,0,00-0035720
Malik McDowell,2021,1,0.66,0.66,0,0.004,0.923638,0.923638,0,00-0034019
Chris Okoye,2021,1,0.66,0.66,0,0.004,0.923638,0.923638,0,00-0034696
P.J. Johnson,2022,1,0.705,0.705,0,0.003,0.864827,0.864827,0,00-0035540
Ryan Bee,2021,1,0.66,0.66,0,0.004,0.923638,0.923638,0,00-0034939
James Looney,2018,4,2.549428,0.637357,0.089428,0.004,3.674514,0.918629,0.128893,00-0034284
Kendrick Norton,2018,4,2.534984,0.633746,0.074984,0.004,3.653696,0.913424,0.108075,00-0034434
Joshua Frazier,2018,4,2.53254,0.633135,0.07254,0.004,3.650173,0.912543,0.104553,00-0034338
Terry Beckner Jr.,2019,4,2.632316,0.658079,0.112316,0.003,3.572229,0.893057,0.15242,00-0035302
Dontavius Russell,2019,4,2.603504,0.650876,0.083504,0.003,3.533129,0.883282,0.113321,00-0035312
Tomasi Laulile,2023,1,0.75,0.75,0,0.003,0.852091,0.852091,0,00-0034089
Iseoluwapo Jegede,2019,3,1.775,0.591667,0.02,0.003,2.408794,0.802932,0.027141,NA
Chuck Harris,2019,3,1.7675,0.589167,0.0375,0.003,2.398616,0.799539,0.05089,00-0035071
Michael Onuoha,2019,3,1.767,0.589,0.012,0.003,2.397937,0.799312,0.016285,00-0035116
Chris Nelson,2019,3,1.765,0.588333,0.01,0.003,2.395223,0.798407,0.013571,00-0035169
Nate Harvey,2019,3,1.76,0.588333,0.015,0.003,2.388438,0.798407,0.020356,NA
Kevin Wilkins,2020,2,1.111,0.5555,0.001,0.003,1.431632,0.715816,0.001289,00-0035391
Gerald Willis,2019,3,1.765,0.588333,0.06,0.003,2.395223,0.798407,0.081424,00-0035128
Immanuel Turner,2019,3,1.763,0.587667,0.008,0.003,2.392509,0.797503,0.010857,00-0035493
Jay Hayes,2019,3,1.7625,0.5875,0.0075,0.003,2.39183,0.797277,0.010178,NA
Kenny Bigelow,2019,3,1.7625,0.5875,0.0125,0.003,2.39183,0.797277,0.016963,NA
Markus Jones,2019,3,1.761,0.587,0.006,0.003,2.389795,0.796598,0.008142,00-0035111
Dare Odeyingbo,2019,3,1.76,0.586667,0.005,0.003,2.388438,0.796146,0.006785,00-0035476
Jeremiah Harris,2019,3,1.76,0.586667,0.01,0.003,2.388438,0.796146,0.013571,NA
Johnny Robinson,2019,3,1.76,0.586667,0.005,0.003,2.388438,0.796146,0.006785,NA
Jordan Thompson,2019,3,1.76,0.586667,0.005,0.003,2.388438,0.796146,0.006785,00-0035033
Jesse Aniebonam,2019,3,1.76,0.586667,0.015,0.003,2.388438,0.796146,0.020356,00-0035445
Ricky Walker,2019,3,1.76,0.586667,0.05,0.003,2.388438,0.796146,0.067853,00-0035421
Jay-Tee Tiuli,2020,2,1.11,0.555,0,0.003,1.430343,0.715172,0,00-0035096
Tito Odenigbo,2019,3,1.7575,0.585833,0.0025,0.003,2.385045,0.795015,0.003393,00-0035110
Owen Roberts,2019,3,1.757,0.585667,0.002,0.003,2.384367,0.794789,0.002714,NA
Andrew Williams,2019,3,1.757,0.585667,0.002,0.003,2.384367,0.794789,0.002714,00-0035377
Javier Edwards,2019,3,1.7565,0.5855,0.0015,0.003,2.383688,0.794563,0.002036,00-0035452
Daryle Banfield,2019,3,1.7565,0.5855,0.0015,0.003,2.383688,0.794563,0.002036,00-0035053
Khairi Clark,2019,3,1.7565,0.5855,0.0015,0.003,2.383688,0.794563,0.002036,NA
Justin Alexandre,2019,3,1.7565,0.5855,0.0015,0.003,2.383688,0.794563,0.002036,00-0035496
Trevon Sanders,2019,3,1.7565,0.5855,0.0015,0.003,2.383688,0.794563,0.002036,00-0035509
Myquon Stout,2019,3,1.7565,0.5855,0.0015,0.003,2.383688,0.794563,0.002036,00-0035511
Roderick Young,2019,3,1.756,0.585333,0.001,0.003,2.38301,0.794336,0.001357,NA
Jaylen Johnson,2019,3,1.7575,0.585333,0.01,0.003,2.385045,0.794336,0.013571,NA
Johnny Dwight,2019,3,1.756,0.585333,0.001,0.003,2.38301,0.794336,0.001357,00-0035451
Ira Savage-Lewis,2019,3,1.7555,0.585167,5e-04,0.003,2.382331,0.794111,0.000679,NA
Jonathan Bonner,2019,3,1.755,0.585,0,0.003,2.381652,0.793884,0,00-0035565
Quindarius Thagard,2019,3,1.755,0.585,0,0.003,2.381652,0.793884,0,NA
Kalil Morris,2019,3,1.755,0.585,0,0.003,2.381652,0.793884,0,NA
Eurndraus Bryant,2019,3,1.755,0.585,0,0.003,2.381652,0.793884,0,NA
Austin Maloata,2019,3,1.755,0.585,0,0.003,2.381652,0.793884,0,00-0035566
Sterling Shippy,2019,3,1.755,0.585,0,0.003,2.381652,0.793884,0,00-0035178
Cory Thomas,2019,3,1.755,0.585,0.007,0.003,2.381652,0.793884,0.009499,00-0035348
Kalani Vakameilalo,2019,3,1.755,0.585,0,0.003,2.381652,0.793884,0,00-0035682
Kahzin Daniels,2019,3,1.755,0.585,0,0.003,2.381652,0.793884,0,00-0035469
Ray Smith,2020,2,1.11,0.555,0,0.003,1.430343,0.715172,0,00-0035332
Eric Cotton,2019,3,1.755,0.585,0,0.003,2.381652,0.793884,0,NA
Lawrence Marshall,2019,3,1.755,0.585,0,0.003,2.381652,0.793884,0,NA
Tyrell Thompson,2019,3,1.755,0.585,0,0.003,2.381652,0.793884,0,NA
Bryant Jones,2019,3,1.755,0.585,0,0.003,2.381652,0.793884,0,00-0035622
Fredrick Jones,2019,3,1.755,0.585,0,0.003,2.381652,0.793884,0,00-0035501
Nate Hall,2022,2,1.765,0.8825,0,0.004,2.165134,1.082567,0,00-0035415
Ifeadi Odenigbo,2023,1,1.08,1.08,0,0.005,1.227011,1.227011,0,00-0033969
T.J. Watt,2021,4,112.011,28.00275,80,0.153,156.754024,39.188506,111.956164,00-0033886
Nick Bosa,2023,5,170,34,122.5,0.151,193.140569,38.628114,139.174822,00-0035717
Joey Bosa,2020,5,135,27,102,0.136,173.960646,34.792129,131.436932,00-0033156
Khalil Mack,2018,6,141,23.5,90,0.133,203.224605,33.870767,129.717833,00-0031040
Myles Garrett,2020,5,125,25,100,0.126,161.074672,32.214934,128.859738,00-0033868
Von Miller,2022,6,120,20,51.435,0.096,147.204611,24.534102,63.095576,00-0027940
Maxx Crosby,2022,4,94,23.5,53.03,0.113,115.310279,28.82757,65.052171,00-0034973
Demarcus Lawrence,2022,3,40,13.333333,30,0.064,49.068204,16.356067,36.801153,00-0031411
Frank Clark,2023,1,5.51,5.51,5,0.025,6.260027,6.260027,5.680605,00-0032210
Montez Sweat,2023,4,98,24.5,72.865,0.109,111.339858,27.834964,82.783456,00-0035647
Rashan Gary,2023,4,96,24,34.636928,0.107,109.067616,27.266904,39.351741,00-0034967
Bradley Chubb,2022,5,110,22,63.212444,0.106,134.93756,26.987512,77.543027,00-0034832
Chandler Jones,2022,3,51,17,32,0.082,62.56196,20.853987,39.254563,00-0029585
Trey Flowers,2023,1,1.675,1.675,0.05,0.007,1.903003,1.903003,0.056806,00-0031566
Trey Hendrickson,2023,1,21,21,8,0.093,23.858541,23.858541,9.088968,00-0033935
Shaquil Barrett,2021,4,68,17,34.5,0.093,95.16274,23.790685,48.281096,00-0031101
Cameron Jordan,2023,2,26.5,13.25,15.982647,0.059,30.107206,15.053603,18.158221,00-0027962
Bud Dupree,2023,1,3,3,2.49,0.013,3.408363,3.408363,2.828941,00-0032146
Dee Ford,2021,2,14,7,11.6,0.038,19.592329,9.796164,16.233644,00-0031297
Za'Darius Smith,2023,1,11.677,11.677,11.677,0.052,13.266485,13.266485,13.266485,00-0031576
Leonard Floyd,2023,1,7,7,0,0.031,7.952847,7.952847,0,00-0033072
Harold Landry,2022,5,87.5,17.5,52.5,0.084,107.336695,21.467339,64.402017,00-0034828
Carl Lawson,2023,1,9,9,8,0.04,10.225089,10.225089,9.088968,00-0033463
Danielle Hunter,2023,1,17,17,17,0.076,19.314057,19.314057,19.314057,00-0031565
Emmanuel Ogbah,2022,4,65.4,16.35,36,0.079,80.226513,20.056628,44.161383,00-0033073
Dante Fowler Jr.,2023,1,3,3,1,0.013,3.408363,3.408363,1.136121,00-0032052
Alex Highsmith,2023,4,68,17,27.743,0.076,77.256228,19.314057,31.519405,00-0036333
Matt Judon,2023,2,22.5,11.25,14,0.05,25.562722,12.781361,15.905694,00-0032415
Josh Sweat,2021,3,40,13.333333,26.92,0.073,55.978082,18.65936,37.673249,00-0034381
Haason Reddick,2022,3,45,15,30,0.072,55.201729,18.400576,36.801153,00-0033875
Nick Perry,2017,5,60,12,18.5,0.072,91.760479,18.352096,28.292814,00-0029408
Whitney Mercilus,2021,1,1.075,1.075,0,0.006,1.504411,1.504411,0,00-0029643
Yannick Ngakoue,2023,1,10.5,10.5,9.99,0.047,11.92927,11.92927,11.349849,00-0033123
Brandon Graham,2023,1,5,5,5,0.022,5.680605,5.680605,5.680605,00-0027865
Robert Quinn,2020,5,70,14,30,0.071,90.201816,18.040363,38.657921,00-0027952
Preston Smith,2022,4,52,13,12.2,0.062,63.788665,15.947166,14.965802,00-0031935
Romeo Okwara,2023,1,2.5,2.5,2,0.011,2.840302,2.840302,2.272242,00-0032655
Randy Gregory,2022,5,69.5,13.9,28,0.067,85.256004,17.051201,34.347743,00-0032197
Uchenna Nwosu,2023,3,45,15,32,0.067,51.125445,17.041815,36.355872,00-0034350
Kyle Van Noy,2023,1,1.6,1.6,1.4,0.007,1.817794,1.817794,1.590569,00-0031360
Jason Pierre-Paul,2023,1,1.165,1.165,0,0.005,1.323581,1.323581,0,00-0027867
Marcus Davenport,2023,1,13,13,10,0.058,14.769573,14.769573,11.36121,00-0034344
Carl Granderson,2023,4,52,13,35.3,0.058,59.078292,14.769573,40.105071,00-0035402
Sam Hubbard,2021,4,40,10,10,0.055,55.978082,13.994521,13.994521,00-0034834
Mario Addison,2022,2,7.7,3.85,4.6,0.018,9.445629,4.722815,5.642843,00-0028339
Shaq Lawson,2023,1,1.3175,1.3175,0.4525,0.006,1.496839,1.496839,0.514095,00-0033096
Jadeveon Clowney,2023,1,2.505,2.505,2.165,0.011,2.845983,2.845983,2.459702,00-0031364
Travon Walker,2022,4,37.372624,9.343156,37.372624,0.045,45.845188,11.461297,45.845188,00-0037235
Chase Young,2020,4,34.563598,8.6409,34.563598,0.044,44.538562,11.134641,44.538562,00-0036321
Aidan Hutchinson,2022,4,35.715388,8.928847,35.715388,0.043,43.812248,10.953062,43.812248,00-0037236
Carl Nassib,2022,1,1.1875,1.1875,0.6825,0.006,1.456712,1.456712,0.837226,00-0033129
Clelin Ferrell,2023,1,2.5,2.5,1.24,0.011,2.840302,2.840302,1.40879,00-0035692
Cameron Wake,2019,3,23,7.666667,9.75,0.041,31.21254,10.40418,13.231403,00-0023368
Will Anderson Jr.,2023,4,35.212818,8.803205,35.212818,0.039,40.006022,10.001506,40.006022,00-0039108
Kayvon Thibodeaux,2022,4,31.33904,7.83476,31.33904,0.038,38.44376,9.61094,38.44376,00-0037611
Carlos Dunlap,2022,1,3,3,3,0.014,3.680115,3.680115,3.680115,00-0027662
Samson Ebukam,2023,3,24,8,10.755,0.036,27.266904,9.088968,12.218981,00-0033945
Charles Omenihu,2023,2,16,8,8.6,0.036,18.177936,9.088968,9.770641,00-0035279
Devon Kennard,2022,1,1.5,1.5,0.6,0.007,1.840058,1.840058,0.736023,00-0031241
Derek Barnett,2023,1,3.75,3.75,3.5,0.017,4.260454,4.260454,3.976423,00-0033876
Alex Okafor,2021,1,1.075,1.075,0,0.006,1.504411,1.504411,0,00-0030503
Stephen Weatherly,2022,1,1.2,1.2,0.65,0.006,1.472046,1.472046,0.797358,00-0032448
Charles Harris,2023,1,3.5,3.5,3,0.016,3.976423,3.976423,3.408363,00-0033880
Arden Key,2023,3,21,7,13,0.031,23.858541,7.952847,14.769573,00-0034825
Rodney Gunter,2020,3,18,6,11.15,0.03,23.194753,7.731584,14.367861,00-0032131
Josh Hines-Allen,2019,4,22.742636,5.685659,22.742636,0.03,30.86328,7.71582,30.86328,00-0035642
Tyus Bowser,2021,4,22,5.5,12,0.03,30.787945,7.696986,16.793425,00-0033283
Deatrich Wise,2021,4,22,5.5,10,0.03,30.787945,7.696986,13.994521,00-0033947
Dorance Armstrong Jr.,2022,2,12,6,6,0.029,14.720461,7.360231,7.360231,00-0034373
Ogbonnia Okoronkwo,2023,3,19,6.333333,12.49,0.028,21.586299,7.195433,14.190151,00-0034807
Tyree Wilson,2023,4,25.0055,6.251375,25.0055,0.028,28.409274,7.102318,28.409274,00-0038541
Dawuane Smoot,2023,1,3.5,3.5,2.25,0.016,3.976423,3.976423,2.556272,00-0033907
Justin Houston,2023,1,6,6,6,0.027,6.816726,6.816726,6.816726,00-0028008
Jerry Hughes,2022,2,10,5,5.5,0.024,12.267051,6.133525,6.746878,00-0027881
Micah Parsons,2021,4,17.079792,4.269948,17.079792,0.023,23.90235,5.975588,23.90235,00-0036932
Takkarist McKinley,2023,1,1.2325,1.2325,0.1525,0.005,1.400269,1.400269,0.173258,00-0033540
Anthony Nelson,2023,2,10,5,5.5,0.022,11.36121,5.680605,6.248665,00-0035254
Melvin Ingram,2023,1,1.165,1.165,0,0.005,1.323581,1.323581,0,00-0029249
Jacob Martin,2023,1,2.5,2.5,1,0.011,2.840302,2.840302,1.136121,00-0034163
Markus Golden,2023,1,1.3175,1.3175,0.1525,0.006,1.496839,1.496839,0.173258,00-0032127
Benson Mayowa,2021,2,7.62,3.81,4.1,0.021,10.663825,5.331912,5.737753,00-0030380
Zaven Collins,2021,4,14.690254,3.672564,14.690254,0.02,20.558306,5.139577,20.558306,00-0036933
Lorenzo Carter,2023,2,9,4.5,5.25,0.02,10.225089,5.112544,5.964635,00-0034360
Lukas Van Ness,2023,4,17.388096,4.347024,17.388096,0.019,19.754981,4.938745,19.754981,00-0039112
Al-Quadin Muhammad,2023,1,1.2325,1.2325,0.6525,0.005,1.400269,1.400269,0.741319,00-0033964
Jaelan Phillips,2021,4,14.018206,3.504552,14.018206,0.019,19.617807,4.904452,19.617807,00-0036934
Bryce Huff,2023,1,4.304,4.304,0,0.019,4.889865,4.889865,0,00-0036151
Kwity Paye,2021,4,13.644836,3.411209,13.644836,0.019,19.095294,4.773823,19.095294,00-0036479
Dennis Gardeck,2022,3,10,3.333333,3.75,0.016,12.267051,4.089017,4.600144,00-0034473
Will McDonald IV,2023,4,16.321664,4.080416,16.321664,0.018,18.543385,4.635846,18.543385,00-0039142
Brian Burns,2019,4,13.540182,3.385046,13.540182,0.018,18.374933,4.593734,18.374933,00-0035713
Payton Turner,2021,4,12.524736,3.131184,12.524736,0.017,17.527768,4.381942,17.527768,00-0036926
K'Lavon Chaisson,2020,4,13.34461,3.336153,13.34461,0.017,17.195829,4.298958,17.195829,00-0036286
Jordan Jenkins,2022,1,1.035,1.035,0,0.005,1.26964,1.26964,0,00-0032970
Gregory Rousseau,2021,4,11.60819,2.902048,11.367075,0.016,16.245105,4.061277,15.907676,00-0036914
Jermaine Johnson II,2022,4,13.087444,3.271861,13.087444,0.016,16.054434,4.013609,16.054434,00-0037663
Odafe Oweh,2021,4,11.34239,2.835597,10.985701,0.016,15.873131,3.968282,15.373962,00-0036940
Joe Tryon-Shoyinka,2021,4,11.171244,2.792811,10.690907,0.015,15.63362,3.908405,14.961412,00-0036967
Jeremiah Attaochu,2022,1,1.12,1.12,0,0.005,1.37391,1.37391,0,00-0031258
Tarell Basham,2023,1,1.131,1.131,0,0.005,1.284953,1.284953,0,00-0033917
Adrian Clayborn,2020,2,5.75,2.875,2.75,0.015,7.409435,3.704717,3.543643,00-0027958
George Karlaftis,2022,4,11.935476,2.983869,11.935476,0.014,14.641309,3.660327,14.641309,00-0037192
Myles Murphy,2023,4,12.587256,3.146814,12.587256,0.014,14.300646,3.575161,14.300646,00-0038546
Jihad Ward,2023,1,1.5,1.5,0.5,0.007,1.704181,1.704181,0.56806,00-0033046
Ryan Kerrigan,2021,1,2.5,2.5,2.5,0.014,3.49863,3.49863,3.49863,00-0027954
Nolan Smith,2023,4,11.992416,2.998104,11.992416,0.013,13.624836,3.406209,13.624836,00-0039013
Rasheem Green,2023,1,2.5,2.5,0.85,0.011,2.840302,2.840302,0.965703,00-0034831
Marquis Haynes,2022,2,5.5,2.75,2.035,0.013,6.746878,3.373439,2.496345,00-0034382
Felix Anudike-Uzomah,2023,4,11.81782,2.954455,11.81782,0.013,13.426473,3.356618,13.426473,00-0039006
Tanoh Kpassagnon,2023,2,5,2.5,2.5,0.011,5.680605,2.840302,2.840302,00-0033902
Tyquan Lewis,2023,1,2.1,2.1,0.5,0.009,2.385854,2.385854,0.56806,00-0034359
Andrew Van Ginkel,2023,1,2.65,2.65,2.26,0.012,3.010721,3.010721,2.567633,00-0035272
Malik Reed,2023,1,1.2325,1.2325,0.75,0.005,1.400269,1.400269,0.852091,00-0034954
Arnold Ebiketie,2022,4,8.818692,2.204673,6.911142,0.011,10.817934,2.704484,8.477933,00-0038116
Yetur Gross-Matos,2020,4,8.198828,2.049707,5.215458,0.01,10.564988,2.641247,6.720625,00-0036288
Boye Mafe,2022,4,8.56226,2.140565,6.31929,0.01,10.503368,2.625842,7.751905,00-0038133
Derick Hall,2023,4,9.115604,2.278901,7.222566,0.01,10.356429,2.589107,8.205709,00-0039047
Isaiah Foskey,2023,4,8.734722,2.183681,6.731557,0.01,9.923701,2.480926,7.647863,00-0039143
B.J. Ojulari,2023,4,8.597614,2.149404,6.532849,0.01,9.76793,2.441983,7.422107,00-0039155
David Ojabo,2022,4,7.909124,1.977281,5.401594,0.009,9.702163,2.425541,6.626163,00-0038142
Josh Paschal,2022,4,7.735658,1.933915,4.842553,0.009,9.489371,2.372343,5.940384,00-0038096
Azeez Ojulari,2021,4,6.774914,1.693729,3.915159,0.009,9.481167,2.370293,5.479077,00-0036552
Efe Obada,2023,1,2,2,1,0.009,2.272242,2.272242,1.136121,00-0031500
Keion White,2023,4,7.79017,1.947543,5.321683,0.009,8.850576,2.212644,6.046076,00-0039148
Darrell Taylor,2020,4,6.764512,1.691128,4.007122,0.009,8.716732,2.179183,5.163567,00-0036413
Dayo Odeyingbo,2021,4,6.17753,1.544383,3.453545,0.008,8.645157,2.16129,4.833071,00-0036480
Kyler Fackrell,2022,1,1.1875,1.1875,0.6335,0.006,1.456712,1.456712,0.777118,00-0032955
Carlos Basham Jr.,2021,4,5.624942,1.406236,3.026547,0.008,7.871837,1.96796,4.235507,00-0036553
Sam Williams,2022,4,6.224254,1.556064,3.399649,0.007,7.635324,1.908832,4.170367,00-0037665
A.J. Epenesa,2020,4,5.877304,1.469326,3.321554,0.007,7.573479,1.89337,4.280146,00-0036192
Tuli Tuipulotu,2023,4,6.571382,1.642846,3.577887,0.007,7.465885,1.866472,4.064913,00-0039111
Vinny Curry,2022,1,1.3,1.3,0.8,0.006,1.594717,1.594717,0.981364,00-0029412
Joseph Ossai,2021,4,5.192616,1.298154,1.136448,0.007,7.266817,1.816704,1.590404,00-0036902
Drake Jackson,2022,4,5.892392,1.473098,3.143212,0.007,7.228227,1.807057,3.855794,00-0037826
Nik Bonitto,2022,4,5.801888,1.450472,3.073278,0.007,7.117206,1.779301,3.770006,00-0037249
Barkevious Mingo,2021,1,1.25,1.25,1.1,0.007,1.749315,1.749315,1.539397,00-0030558
Malcolm Koonce,2021,4,4.99796,1.24949,0.99488,0.007,6.994405,1.748601,1.392287,00-0036989
Joshua Uche,2020,4,5.389336,1.347334,2.944486,0.007,6.944684,1.736171,3.794257,00-0036159
Patrick Jones II,2021,4,4.870096,1.217524,0.901888,0.007,6.815466,1.703866,1.262149,00-0037007
Pernell McPhee,2021,1,1.2125,1.2125,0.45,0.007,1.696836,1.696836,0.629753,00-0028103
Ronnie Perkins,2023,1,0.87,0.87,0,0.004,0.988425,0.988425,0,00-0036978
Cassius Marsh,2021,1,1.175,1.175,0.1,0.006,1.644356,1.644356,0.139945,00-0031175
Baron Browning,2021,4,4.675775,1.168944,0.840616,0.006,6.543523,1.635881,1.176402,00-0036995
Alex Wright,2022,4,5.293574,1.323394,1.029872,0.006,6.493654,1.623414,1.263349,00-0037251
DeAngelo Malone,2022,4,5.229582,1.307396,0.983332,0.006,6.415155,1.603789,1.206258,00-0037808
Julian Okwara,2020,4,4.93134,1.232835,1.146428,0.006,6.354512,1.588628,1.477284,00-0036249
Zach Harrison,2023,4,5.568446,1.392112,1.04978,0.006,6.326428,1.581608,1.192677,00-0038980
Aldon Smith,2021,1,1.1275,1.1275,0.1375,0.006,1.577882,1.577882,0.192425,00-0027945
Taco Charlton,2023,1,1.08,1.08,0,0.005,1.227011,1.227011,0,00-0033541
Damontre Moore,2021,1,1.1275,1.1275,0.01,0.006,1.577882,1.577882,0.013995,00-0030069
Steven Means,2022,1,1.12,1.12,0,0.005,1.37391,1.37391,0,00-0030387
Byron Young,2023,4,5.555238,1.38881,1.040172,0.006,6.311423,1.577856,1.181761,00-0039137
Cameron Thomas,2022,4,5.14434,1.286085,0.921336,0.006,6.310588,1.577647,1.130208,00-0037815
D.J. Johnson,2023,4,5.502988,1.375747,1.002172,0.006,6.25206,1.563015,1.138589,00-0038535
YaYa Diaby,2023,4,5.465412,1.366353,0.974844,0.006,6.209369,1.552342,1.107541,00-0039068
Kentavius Street,2023,1,1.28,1.28,0.5,0.006,1.454235,1.454235,0.56806,00-0034320
Myjai Sanders,2022,4,5.044904,1.261226,0.84902,0.006,6.188609,1.547152,1.041497,00-0037751
Derek Rivers,2023,1,1.06,1.06,0.04,0.005,1.204288,1.204288,0.045445,00-0033920
Frankie Luvu,2022,2,9,4.5,4.5,0.022,11.040346,5.520173,5.520173,00-0034302
Everson Griffen,2021,1,1.075,1.075,0,0.006,1.504411,1.504411,0,00-0027701
John Simon,2022,1,1.12,1.12,0,0.005,1.37391,1.37391,0,00-0030442
Chris Smith,2021,1,1.075,1.075,0,0.006,1.504411,1.504411,0,00-0031264
Jabari Zuniga,2023,1,0.94,0.94,0,0.004,1.067954,1.067954,0,00-0036296
Cameron Sample,2021,4,4.268148,1.067037,0.788148,0.006,5.973068,1.493267,1.102975,00-0036850
Elerson Smith,2023,1,0.216,0.216,0,0.001,0.245402,0.245402,0,00-0036895
Chris Rumph II,2021,4,4.23354,1.058385,0.75354,0.006,5.924636,1.481159,1.054543,00-0036867
Jordan Smith,2021,4,4.219588,1.054897,0.739588,0.006,5.905111,1.476278,1.035018,00-0036868
Chad Thomas,2018,4,4.082294,1.020574,1.04894,0.006,5.883848,1.470963,1.511847,00-0034770
Terrell Lewis,2023,1,0.315,0.315,0,0.001,0.357878,0.357878,0,00-0036419
Olasunkanmi Adeniyi,2022,1,1.1875,1.1875,0.5025,0.006,1.456712,1.456712,0.616419,00-0034204
Anfernee Jennings,2020,4,4.503929,1.125982,0.90318,0.006,5.803751,1.450937,1.163835,00-0036193
Janarius Robinson,2023,2,1.855,0.9275,0,0.004,2.107504,1.053752,0,00-0036878
Rashad Weaver,2021,4,4.139664,1.034916,0.659664,0.006,5.793261,1.448315,0.923168,00-0036938
Jachai Polite,2020,2,1.11,0.555,0,0.003,1.430343,0.715172,0,00-0035528
Jonathan Greenard,2020,4,4.475554,1.118889,0.89398,0.006,5.767187,1.441797,1.15198,00-0036224
Trevis Gipson,2023,1,1.25,1.25,0.25,0.006,1.420151,1.420151,0.28403,00-0036305
Jordan Willis,2023,1,1.2325,1.2325,0.07625,0.005,1.400269,1.400269,0.086629,00-0033912
Malik Harrison,2020,4,4.336935,1.084234,0.832292,0.005,5.588563,1.397141,1.072489,00-0036280
Joshua Kaindoh,2021,4,3.979344,0.994836,0.499344,0.005,5.568901,1.392225,0.698808,00-0036632
Nate Orchard,2021,1,0.99,0.99,0,0.005,1.385458,1.385458,0,00-0031556
Daeshon Hall,2022,1,1.035,1.035,0,0.005,1.26964,1.26964,0,00-0033285
Shilique Calhoun,2022,1,1.035,1.035,0,0.005,1.26964,1.26964,0,00-0033122
Ronald Blair,2021,1,0.99,0.99,0,0.005,1.385458,1.385458,0,00-0032413
Anthony Zettel,2021,1,0.99,0.99,0,0.005,1.385458,1.385458,0,00-0032435
Brandon Copeland,2022,1,0.3727,0.3727,0,0.002,0.457193,0.457193,0,00-0030010
Bruce Irvin,2023,1,1.165,1.165,0,0.005,1.323581,1.323581,0,00-0029193
Micheal Clemons,2022,4,4.424096,1.106024,0.764096,0.005,5.427061,1.356765,0.93732,00-0038107
Oshane Ximines,2023,1,1.18,1.18,0.2,0.005,1.340623,1.340623,0.227224,00-0035708
Daelin Hayes,2023,1,0.87,0.87,0,0.004,0.988425,0.988425,0,NA
Dylan Horton,2023,4,4.641044,1.160261,0.801044,0.005,5.272788,1.318197,0.910083,00-0039009
Adetomiwa Adebawore,2023,4,4.636912,1.159228,0.796912,0.005,5.268093,1.317023,0.905388,00-0039031
D.J. Wonnum,2020,4,4.04578,1.011445,0.75078,0.005,5.213381,1.303345,0.967453,00-0036335
Adetokunbo Ogundeji,2021,4,3.720152,0.930038,0.240152,0.005,5.206174,1.301544,0.336081,00-0036949
Tavius Robinson,2023,4,4.560564,1.140141,0.720564,0.005,5.181353,1.295338,0.818648,00-0038505
Isaiah McGuire,2023,4,4.551928,1.137982,0.711928,0.005,5.171541,1.292885,0.808836,00-0038574
Peter Kalambayi,2021,1,0.92,0.92,0,0.005,1.287496,1.287496,0,00-0034421
Kylie Fitts,2021,1,0.92,0.92,0,0.005,1.287496,1.287496,0,00-0034404
Tashawn Bower,2023,1,1.08,1.08,0,0.005,1.227011,1.227011,0,00-0033324
Reggie Gilbert,2021,1,0.92,0.92,0,0.005,1.287496,1.287496,0,00-0032633
Bryan Cox Jr.,2022,1,0.965,0.965,0,0.005,1.18377,1.18377,0,00-0033408
Jullian Taylor,2022,1,0.965,0.965,0,0.005,1.18377,1.18377,0,00-0034283
Jeremiah Valoaga,2021,1,0.92,0.92,0,0.005,1.287496,1.287496,0,00-0033758
Viliami Fehoko,2023,4,4.530756,1.132689,0.690756,0.005,5.147487,1.286872,0.784782,00-0038575
Tarron Jackson,2023,1,0.94,0.94,0,0.004,1.067954,1.067954,0,00-0036921
Jaylen Twyman,2023,2,1.665,0.8325,0,0.004,1.891641,0.945821,0,00-0036651
Victor Dimukeje,2021,4,3.64186,0.910465,0.16186,0.005,5.096608,1.274152,0.226515,00-0036896
Joe Jackson,2022,1,0.965,0.965,0,0.005,1.18377,1.18377,0,00-0035281
Tuzar Skipper,2022,2,1.905,0.9525,0,0.005,2.336873,1.168437,0,NA
James Vaughters,2022,1,0.965,0.965,0,0.005,1.18377,1.18377,0,00-0031838
Jacob Tuioti-Mariner,2021,2,1.815,0.9075,0,0.005,2.540005,1.270003,0,00-0034154
Pita Taumoepenu,2023,2,1.995,0.9975,0,0.004,2.266561,1.133281,0,00-0033298
Cameron Malveaux,2022,2,2.045,1.0225,0,0.005,2.508612,1.254306,0,00-0033403
Da'Shawn Hand,2023,1,1.08,1.08,0,0.005,1.227011,1.227011,0,00-0034371
Quincy Roche,2023,1,0.94,0.94,0,0.004,1.067954,1.067954,0,00-0036845
Wyatt Hubert,2021,4,3.584204,0.896051,0.104204,0.005,5.015922,1.25398,0.145829,NA
Jonathon Cooper,2021,4,3.580672,0.895168,0.100672,0.005,5.010979,1.252745,0.140886,00-0036952
William Bradley-King,2023,1,0.87,0.87,0,0.004,0.988425,0.988425,0,00-0036664
Shaka Toney,2021,4,3.572952,0.893238,0.092952,0.005,5.000175,1.250044,0.130082,00-0036666
Chris Garrett,2023,1,0.87,0.87,0,0.004,0.988425,0.988425,0,NA
Jaylon Ferguson,2019,4,3.654808,0.913702,0.903308,0.005,4.959819,1.239955,1.225849,00-0035651
Justin Hollins,2023,1,1.08,1.08,0,0.005,1.227011,1.227011,0,00-0035591
Shane Ray,2023,1,1.08,1.08,0,0.005,1.227011,1.227011,0,00-0032221
Darryl Johnson Jr.,2023,1,1.08,1.08,0,0.005,1.227011,1.227011,0,00-0035306
Tyreke Smith,2023,2,1.665,0.8325,0,0.004,1.891641,0.945821,0,00-0037080
Esezi Otomewo,2023,1,0.216,0.216,0,0.001,0.245402,0.245402,0,00-0037274
Dominique Robinson,2022,4,3.933152,0.983288,0.273152,0.005,4.824818,1.206204,0.335077,00-0037082
Kingsley Enagbare,2022,4,3.902556,0.975639,0.242556,0.005,4.787285,1.196821,0.297545,00-0037083
K.J. Henry,2023,4,4.19926,1.049815,0.35926,0.005,4.770867,1.192717,0.408163,00-0038581
Trent Harris,2022,1,0.965,0.965,0,0.005,1.18377,1.18377,0,00-0034588
Shareef Miller,2021,1,0.85,0.85,0,0.005,1.189534,1.189534,0,00-0035267
Kyron Johnson,2023,2,1.855,0.9275,0,0.004,2.107504,1.053752,0,00-0037084
Ron'Dell Carter,2022,1,0.825,0.825,0,0.004,1.012032,1.012032,0,00-0036029
Emeke Egbule,2023,1,1.01,1.01,0,0.004,1.147482,1.147482,0,00-0035538
Mike Morris,2023,4,4.162076,1.040519,0.322076,0.005,4.728622,1.182155,0.365917,00-0038591
Amare Barno,2022,4,3.845408,0.961352,0.185408,0.005,4.717182,1.179295,0.227441,00-0037043
Khalid Kareem,2023,1,1.01,1.01,0,0.004,1.147482,1.147482,0,00-0036341
Nick Hampton,2023,4,4.139108,1.034777,0.299108,0.005,4.702528,1.175632,0.339823,00-0039076
Alton Robinson,2020,4,3.646344,0.911586,0.351344,0.005,4.698669,1.174667,0.452741,00-0036426
Joe Ostman,2021,2,1.675,0.8375,0,0.005,2.344082,1.172041,0,00-0034463
Mike Love,2022,2,1.775,0.8875,0.01,0.004,2.177402,1.088701,0.012267,00-0034511
Derrek Tuszka,2021,2,1.675,0.8375,0,0.005,2.344082,1.172041,0,00-0036440
B.J. Thompson,2023,4,4.111648,1.027912,0.271648,0.005,4.67133,1.167832,0.308625,00-0038983
James Houston,2022,4,3.792012,0.948003,0.132012,0.005,4.65168,1.16292,0.16194,00-0037310
Curtis Weaver,2023,1,0.75,0.75,0,0.003,0.852091,0.852091,0,00-0036216
Robert Beal Jr.,2023,4,4.08498,1.021245,0.24498,0.005,4.641032,1.160258,0.278327,00-0038603
Cameron Goode,2023,2,1.665,0.8325,0,0.004,1.891641,0.945821,0,00-0037315
Daniel Hardy,2023,1,0.252333,0.252333,0,0.001,0.286681,0.286681,0,00-0037843
Andre Anthony,2022,4,3.74154,0.935385,0.08154,0.004,4.589766,1.147442,0.100026,NA
Mike Danna,2020,4,3.55866,0.889665,0.26366,0.004,4.58568,1.14642,0.339752,00-0036378
Jeffrey Gunter,2023,1,0.216,0.216,0,0.001,0.245402,0.245402,0,00-0037760
Jesse Luketa,2022,4,3.737012,0.934253,0.077012,0.004,4.584212,1.146053,0.094471,00-0037330
Darius Hodge,2021,3,2.45,0.816667,0.025,0.004,3.428658,1.142886,0.034986,NA
Malik Herring,2021,3,2.45,0.816667,0.15,0.004,3.428658,1.142886,0.209918,00-0036682
Ochaun Mathis,2023,4,4.022468,1.005617,0.182468,0.004,4.57001,1.142503,0.207306,00-0039135
Jose Ramirez,2023,4,4.016008,1.004002,0.176008,0.004,4.562671,1.140668,0.199966,00-0039053
Hamilcar Rashed,2023,2,1.665,0.8325,0,0.004,1.891641,0.945821,0,00-0036517
Charles Snowden,2023,2,1.665,0.8325,0,0.004,1.891641,0.945821,0,00-0036711
Jamar Watson,2021,3,2.44,0.813333,0.015,0.004,3.414663,1.138221,0.020992,NA
JaQuan Bailey,2021,3,2.44,0.813333,0.04,0.004,3.414663,1.138221,0.055978,NA
Andre Mintze,2022,1,0.825,0.825,0,0.004,1.012032,1.012032,0,00-0036725
Justus Reed,2021,3,2.44,0.813333,0.025,0.004,3.414663,1.138221,0.034986,NA
Bradlee Anae,2022,2,1.835,0.9175,0,0.004,2.251004,1.125502,0,00-0036379
Aaron Patrick,2021,3,2.435,0.811667,0.01,0.004,3.407666,1.135889,0.013995,00-0036465
Leighton McCarthy,2021,3,2.435,0.811667,0.01,0.004,3.407666,1.135889,0.013995,NA
Kobe Jones,2023,1,0.75,0.75,0,0.003,0.852091,0.852091,0,00-0036831
Zeandae Johnson,2021,3,2.435,0.811667,0.02,0.004,3.407666,1.135889,0.027989,NA
Calvin Bundage,2021,3,2.4325,0.810833,0.0075,0.004,3.404167,1.134722,0.010496,NA
Carlo Kemp,2023,1,0.75,0.75,0,0.003,0.852091,0.852091,0,00-0036789
Romeo McKnight,2021,3,2.43,0.81,0.015,0.004,3.400668,1.133556,0.020992,NA
Max Roberts,2021,3,2.429,0.809667,0.004,0.004,3.399269,1.13309,0.005598,NA
Zac Dawe,2021,3,2.4285,0.8095,0.0035,0.004,3.398569,1.132856,0.004898,NA
Eli Howard,2021,3,2.4275,0.809167,0.0025,0.004,3.39717,1.13239,0.003499,NA
Alex Tchangam,2022,1,0.705,0.705,0,0.003,0.864827,0.864827,0,NA
Titus Leo,2023,4,3.973332,0.993333,0.133332,0.004,4.514186,1.128546,0.151481,00-0038404
Andre Jones Jr.,2023,4,3.940272,0.985068,0.100272,0.004,4.476626,1.119156,0.113921,00-0038635
Christian Miller,2019,4,3.257016,0.814254,0.737016,0.004,4.419989,1.104997,1.00018,00-0035257
Jonathan Woodard,2022,1,0.895,0.895,0,0.004,1.097901,1.097901,0,00-0032800
Jessie Lemonier,2022,1,0.895,0.895,0,0.004,1.097901,1.097901,0,00-0035906
Tim Ward,2022,1,0.895,0.895,0,0.004,1.097901,1.097901,0,00-0035135
Austin Larkin,2022,1,0.895,0.895,0,0.004,1.097901,1.097901,0,00-0034559
Justin Lawler,2022,1,0.895,0.895,0,0.004,1.097901,1.097901,0,NA
Chris Odom,2022,1,0.895,0.895,0,0.004,1.097901,1.097901,0,00-0033234
Kenny Willekes,2023,1,0.87,0.87,0,0.004,0.988425,0.988425,0,00-0036350
James Smith-Williams,2020,4,3.3927,0.848175,0.0977,0.004,4.371824,1.092956,0.125896,00-0036351
Kendall Donnerson,2021,1,0.78,0.78,0,0.004,1.091573,1.091573,0,00-0034287
Randy Ramsey,2022,1,0.825,0.825,0,0.004,1.012032,1.012032,0,00-0035085
Casey Toohill,2020,4,3.387032,0.846758,0.092032,0.004,4.364521,1.09113,0.118592,00-0036403
Jonathan Garvin,2020,4,3.374284,0.843571,0.079284,0.004,4.348094,1.087023,0.102165,00-0036239
Jamir Jones,2023,1,0.94,0.94,0,0.004,1.067954,1.067954,0,00-0036068
Christopher Allen,2022,3,2.59,0.863333,0.18,0.004,3.177166,1.059055,0.220807,00-0037379
DaMarcus Mitchell,2023,1,0.75,0.75,0,0.003,0.852091,0.852091,0,00-0037202
Zach McCloud,2023,2,1.655,0.8325,0,0.004,1.88028,0.945821,0,00-0037496
Kingsley Jonathan,2023,2,1.8585,0.92925,0.0035,0.004,2.111481,1.05574,0.003976,00-0037431
Jeremiah Moon,2023,1,0.75,0.75,0,0.003,0.852091,0.852091,0,00-0037179
Tariqious Tisdale,2022,3,2.58,0.86,0.02,0.004,3.164899,1.054966,0.024534,NA
Arron Mosby,2023,1,0.87,0.87,0,0.004,0.988425,0.988425,0,00-0037364
Keir Thomas,2023,2,1.855,0.9275,0,0.004,2.107504,1.053752,0,00-0037057
Luiji Vilain,2023,2,1.855,0.9275,0,0.004,2.107504,1.053752,0,00-0037499
Sam Okuayinonu,2023,2,1.855,0.9275,0,0.004,2.107504,1.053752,0,00-0037602
Demetrius Taylor,2023,1,0.87,0.87,0,0.004,0.988425,0.988425,0,NA
Jacub Panasiuk,2022,3,2.575,0.858333,0.065,0.004,3.158766,1.052921,0.079736,NA
Zach VanValkenburg,2023,2,1.665,0.8325,0,0.004,1.891641,0.945821,0,00-0037515
De'Shaan Dixon,2023,1,0.216,0.216,0,0.001,0.245402,0.245402,0,00-0037061
Joe Ozougwu,2022,3,2.571,0.857,0.011,0.004,3.153859,1.051286,0.013494,NA
Tomon Fox,2023,1,0.252333,0.252333,0,0.001,0.286681,0.286681,0,00-0037447
Tyree Johnson,2022,3,2.57,0.856667,0.01,0.004,3.152632,1.050878,0.012267,NA
Carson Wells,2023,1,0.75,0.75,0,0.003,0.852091,0.852091,0,NA
Owen Carney Jr.,2023,1,0.75,0.75,0,0.003,0.852091,0.852091,0,00-0037346
Myron Tagovailoa-Amosa,2022,3,2.57,0.856667,0.207,0.004,3.152632,1.050878,0.253928,NA
Deandre Johnson,2022,3,2.57,0.856667,0.025,0.004,3.152632,1.050878,0.030668,NA
Benton Whitley,2023,1,0.87,0.87,0,0.004,0.988425,0.988425,0,00-0037638
Chauncey Manac,2022,3,2.568,0.856,0.008,0.004,3.150179,1.05006,0.009814,NA
Ty Shelby,2023,2,1.545,0.7725,0,0.003,1.755307,0.877653,0,00-0037474
T.D. Moultry,2022,3,2.5675,0.855833,0.0075,0.004,3.149565,1.049855,0.0092,NA
Charles Wiley,2023,1,0.75,0.75,0,0.003,0.852091,0.852091,0,00-0037186
Brayden Thomas,2023,2,1.665,0.8325,0,0.004,1.891641,0.945821,0,NA
Andrzej Hughes-Murray,2022,3,2.566,0.855333,0.006,0.004,3.147725,1.049241,0.00736,NA
Mika Tafua,2022,3,2.565,0.855,0.055,0.004,3.146499,1.048833,0.067469,NA
Josh Onujiogu,2022,3,2.565,0.855,0.005,0.004,3.146499,1.048833,0.006134,00-0037149
Scott Patchan,2022,3,2.565,0.855,0.005,0.004,3.146499,1.048833,0.006134,NA
Big Kat Bryant,2022,3,2.565,0.855,0.08,0.004,3.146499,1.048833,0.098136,NA
Daniel Joseph,2022,3,2.5625,0.854167,0.0025,0.004,3.143432,1.047811,0.003067,NA
Ryder Anderson,2023,1,0.216,0.216,0,0.001,0.245402,0.245402,0,00-0037621
Cullen Wick,2022,3,2.561,0.853667,0.001,0.004,3.141592,1.047198,0.001227,NA
Carson Taylor,2022,3,2.56,0.853333,0,0.004,3.140365,1.046788,0,NA
Ali Fayad,2022,3,2.56,0.853333,0,0.004,3.140365,1.046788,0,NA
Drew Jordan,2022,3,2.56,0.853333,0,0.004,3.140365,1.046788,0,NA
Tipa Galeai,2021,2,1.485,0.7425,0,0.004,2.078186,1.039093,0,00-0035965
John Daka,2021,2,1.485,0.7425,0,0.004,2.078186,1.039093,0,00-0036155
Matt Leo,2023,1,0.75,0.75,0,0.003,0.852091,0.852091,0,NA
Davin Bellamy,2021,2,1.485,0.7425,0,0.004,2.078186,1.039093,0,00-0034622
Tyshun Render,2021,2,1.485,0.7425,0,0.004,2.078186,1.039093,0,00-0035845
Andre Carter II,2023,3,2.735,0.911667,0.34,0.004,3.107291,1.035764,0.386281,00-0038801
Ikenna Enechukwu,2023,3,2.725,0.908333,0.13,0.004,3.09593,1.031976,0.147696,NA
Eku Leota,2023,3,2.72,0.906667,0.175,0.004,3.090249,1.030083,0.198821,00-0038782
D.J. Coleman,2023,3,2.72,0.906667,0.125,0.004,3.090249,1.030083,0.142015,00-0038666
Lonnie Phelps,2023,3,2.72,0.906667,0.25,0.004,3.090249,1.030083,0.28403,00-0038718
Truman Jones,2023,3,2.715,0.905,0.236,0.004,3.084569,1.02819,0.268125,00-0038514
Thomas Incoom,2023,3,2.715,0.905,0.2,0.004,3.084569,1.02819,0.227224,00-0038791
Tyrus Wheat,2023,3,2.715,0.905,0.2,0.004,3.084569,1.02819,0.227224,00-0038742
David Perales,2023,3,2.71,0.903333,0.015,0.004,3.078888,1.026296,0.017042,00-0038746
Brevin Allen,2023,3,2.71,0.903333,0.025,0.004,3.078888,1.026296,0.028403,00-0038856
Jeremiah Martin,2023,3,2.71,0.903333,0.115,0.004,3.078888,1.026296,0.130654,00-0038716
M.J. Anderson,2023,3,2.71,0.903333,0.015,0.004,3.078888,1.026296,0.017042,NA
Habakkuk Baldonado,2023,3,2.71,0.903333,0.115,0.004,3.078888,1.026296,0.130654,00-0038473
Thomas Rush,2023,3,2.71,0.903333,0.175,0.004,3.078888,1.026296,0.198821,00-0038854
Deslin Alexandre,2023,3,2.71,0.903333,0.035,0.004,3.078888,1.026296,0.039764,00-0038491
Durrell Johnson,2023,3,2.705,0.901667,0.15,0.004,3.073207,1.024403,0.170418,00-0038736
Adam Plant,2023,3,2.075,0.901667,0.04,0.004,2.357451,1.024403,0.045445,00-0038919
Brandon Bouyer-Randle,2023,3,2.705,0.901667,0.01,0.004,3.073207,1.024403,0.011361,00-0038815
Andrew Farmer,2023,3,2.705,0.901667,0.01,0.004,3.073207,1.024403,0.011361,00-0038865
Garrett Nelson,2023,3,2.705,0.901667,0.085,0.004,3.073207,1.024403,0.09657,00-0038693
Jalen Harris,2023,3,2.705,0.901667,0.01,0.004,3.073207,1.024403,0.011361,00-0038423
Ali Gaye,2023,3,2.705,0.901666,0.08,0.004,3.073207,1.024402,0.09089,00-0038724
Brenton Cox Jr.,2023,3,2.704,0.901333,0.009,0.004,3.072071,1.024023,0.010225,00-0038463
Nelson Mbanasor,2023,3,2.702,0.900667,0.007,0.004,3.069799,1.023267,0.007953,NA
Niko Lalos,2023,1,0.87,0.87,0,0.004,0.988425,0.988425,0,00-0035816
George Tarlas,2023,3,2.7,0.9,0.005,0.004,3.067527,1.022509,0.005681,00-0038921
Randy Charlton,2023,3,2.7,0.9,0.045,0.004,3.067527,1.022509,0.051125,00-0038686
Guy Thomas,2023,3,2.7,0.9,0.005,0.004,3.067527,1.022509,0.005681,NA
Caleb Murphy,2023,3,2.7,0.9,0.015,0.004,3.067527,1.022509,0.017042,00-0038851
Keshawn Banks,2023,3,2.7,0.9,0.005,0.004,3.067527,1.022509,0.005681,00-0038462
Zach Morton,2023,3,2.7,0.9,0.015,0.004,3.067527,1.022509,0.017042,NA
Brock Martin,2023,3,2.7,0.9,0.005,0.004,3.067527,1.022509,0.005681,NA
Mitchell Agude,2023,3,2.7,0.9,0.025,0.004,3.067527,1.022509,0.028403,00-0038682
Joshua Pryor,2023,3,2.6975,0.899167,0.0025,0.004,3.064686,1.021563,0.00284,00-0038835
Zeke Vandenburgh,2023,3,2.697,0.899,0.022,0.004,3.064118,1.021373,0.024995,NA
Malik Hamm,2023,3,2.697,0.899,0.002,0.004,3.064118,1.021373,0.002272,00-0038448
Kelle Sanders,2023,3,2.696,0.898667,0.001,0.004,3.062982,1.020994,0.001136,00-0038461
Marcus Haynes,2023,3,2.696,0.898667,0.001,0.004,3.062982,1.020994,0.001136,00-0038790
Markees Watts,2023,3,2.696,0.898667,0.001,0.004,3.062982,1.020994,0.001136,00-0038958
Jordan Ferguson,2023,3,2.695,0.898333,0,0.004,3.061846,1.020615,0,00-0039037
Toby Ndukwe,2023,3,2.695,0.898333,0,0.004,3.061846,1.020615,0,00-0039016
Travez Moore,2023,3,2.695,0.898333,0,0.004,3.061846,1.020615,0,NA
D'Anthony Jones,2023,3,2.695,0.898333,0,0.004,3.061846,1.020615,0,00-0038524
David Ebuka Agoha,2023,3,2.695,0.898333,0,0.004,3.061846,1.020615,0,NA
Junior Aho,2023,3,2.695,0.898333,0,0.004,3.061846,1.020615,0,NA
Alex Barrett,2023,1,0.87,0.87,0,0.004,0.988425,0.988425,0,00-0033746
Jordan Brailford,2022,1,0.825,0.825,0,0.004,1.012032,1.012032,0,00-0035319
Kendall Coleman,2020,3,2.3,0.766667,0,0.004,2.963774,0.987925,0,00-0035851
Kendall Futrell,2020,3,2.295,0.765,0.01,0.004,2.957331,0.985777,0.012886,00-0035797
James Lockhart,2020,3,2.2935,0.7645,0.0085,0.004,2.955398,0.985133,0.010953,00-0036017
Bryce Sterk,2020,3,2.29,0.763333,0.005,0.004,2.950888,0.983629,0.006443,00-0035847
Nasir Player,2020,3,2.29,0.763333,0.005,0.004,2.950888,0.983629,0.006443,NA
Bryson Young,2021,1,0.66,0.66,0,0.004,0.923638,0.923638,0,NA
Chauncey Rivers,2021,1,0.66,0.66,0,0.004,0.923638,0.923638,0,00-0036076
Austin Edwards,2022,1,0.705,0.705,0,0.003,0.864827,0.864827,0,00-0035779
Oluwole Betiku,2020,3,2.2875,0.7625,0.005,0.004,2.947666,0.982555,0.006443,NA
George Obinna,2021,1,0.66,0.66,0,0.004,0.923638,0.923638,0,NA
Dana Levine,2020,3,2.287,0.762333,0.002,0.004,2.947022,0.98234,0.002577,NA
Gus Cumberlander,2020,3,2.2865,0.762167,0.0015,0.004,2.946378,0.982126,0.001933,NA
Jalen Jelks,2021,1,0.67,0.675,0,0.004,0.937633,0.94463,0,00-0035314
Trevon Young,2020,2,1.26,0.63,0,0.003,1.623633,0.811816,0,00-0034811
Ade Aruna,2018,4,2.578408,0.644602,0.118408,0.004,3.716283,0.929071,0.170663,00-0034166
Gerri Green,2023,1,0.75,0.75,0,0.003,0.852091,0.852091,0,00-0034997
Aaron Adeoye,2021,1,0.66,0.66,0,0.004,0.923638,0.923638,0,00-0035136
Robert McCray,2021,1,0.66,0.66,0,0.004,0.923638,0.923638,0,00-0034326
Jamell Garcia-Williams,2021,1,0.66,0.66,0,0.004,0.923638,0.923638,0,00-0035023
Ahmad Gooden,2020,2,1.26,0.63,0,0.003,1.623633,0.811816,0,00-0034933
Anree Saint-Amour,2019,3,1.77,0.59,0.065,0.003,2.402009,0.80067,0.088209,00-0035113
Jarrell Owens,2019,3,1.77,0.59,0.015,0.003,2.402009,0.80067,0.020356,00-0035046
Chris Peace,2019,3,1.766,0.588667,0.011,0.003,2.39658,0.798861,0.014928,NA
Dewayne Hendrix,2019,3,1.765,0.588333,0.015,0.003,2.395223,0.798407,0.020356,00-0035340
Mathieu Betts,2019,3,1.765,0.588333,0.022,0.003,2.395223,0.798407,0.029855,00-0035063
Derick Roberson,2022,1,0.207,0.207,0,0.001,0.253928,0.253928,0,00-0035521
Joey Alfieri,2020,2,1.11,0.555,0,0.003,1.430343,0.715172,0,00-0035381
Greg Roberts,2019,3,1.762,0.587333,0.072,0.003,2.391152,0.79705,0.097709,00-0035082
Elijah Zeise,2019,3,1.76,0.586667,0.005,0.003,2.388438,0.796146,0.006785,00-0035440
Reggie Howard,2019,3,1.759,0.586333,0.004,0.003,2.387081,0.795693,0.005428,00-0035429
Jamey Mosley,2019,3,1.758,0.586,0.003,0.003,2.385724,0.795241,0.004071,00-0035506
Ronald Ollie,2019,3,1.7575,0.585833,0.0025,0.003,2.385045,0.795015,0.003393,NA
Shane Bowman,2019,3,1.757,0.585667,0.002,0.003,2.384367,0.794789,0.002714,NA
Thomas Costigan,2019,3,1.755,0.585,0,0.003,2.381652,0.793884,0,NA
Joshua Smith,2020,2,1.11,0.555,0,0.003,1.430343,0.715172,0,NA
Ketner Kupp,2019,3,1.755,0.585,0,0.003,2.381652,0.793884,0,00-0035627
Logan Tago,2019,3,1.755,0.585,0,0.003,2.381652,0.793884,0,NA
Stacy Keely,2019,3,1.755,0.585,0,0.003,2.381652,0.793884,0,00-0035221
Jake Carlock,2020,2,1.11,0.555,0,0.003,1.430343,0.715172,0,00-0035008
Jabaal Sheard,2021,1,0.297722,0.297722,0,0.002,0.416648,0.416648,0,00-0027975
Brennan Scarlett,2022,1,0.2772,0.2772,0,0.001,0.340043,0.340043,0,00-0032734
Durell Nchami,2023,1,0.216,0.216,0,0.001,0.245402,0.245402,0,NA
Shaquille Leonard,2023,1,1.583333,1.583333,0,0.007,1.798858,1.798858,0,00-0034846
Fred Warner,2021,5,95.225,19.045,40.5,0.104,133.262822,26.652564,56.677808,00-0034815
Bobby Wagner,2023,1,5.5,5.5,4.48,0.024,6.248665,6.248665,5.089822,00-0029255
C.J. Mosley,2019,5,85,17,51,0.09,115.350691,23.070138,69.210414,00-0031296
Roquan Smith,2023,5,100,20,60,0.089,113.6121,22.72242,68.16726,00-0034874
Tremaine Edmunds,2023,4,72,18,50,0.08,81.800712,20.450178,56.80605,00-0034673
Myles Jack,2023,1,1.775,1.775,0.025,0.008,2.016615,2.016615,0.028403,00-0032968
Deion Jones,2023,1,1.24,1.24,0,0.006,1.40879,1.40879,0,00-0032388
Zach Cunningham,2023,1,1.775,1.775,0.014,0.008,2.016615,2.016615,0.015906,00-0033547
Foyesade Oluokun,2022,3,45,15,28,0.072,55.201729,18.400576,34.347743,00-0034413
Shaq Thompson,2023,2,12.6,6.3,8.5,0.028,14.315125,7.157562,9.657028,00-0031550
Kwon Alexander,2023,1,1.3175,1.3175,0.1525,0.006,1.496839,1.496839,0.173258,00-0032109
Anthony Barr,2023,1,1.165,1.165,0,0.005,1.323581,1.323581,0,00-0031256
Lavonte David,2023,1,4.5,4.5,4.5,0.02,5.112544,5.112544,5.112544,00-0029562
Jerome Baker,2021,3,37.5,12.5,28.41,0.068,52.479452,17.493151,39.758433,00-0034797
Jaylon Smith,2023,1,1.08,1.08,0,0.005,1.227011,1.227011,0,00-0033052
Matt Milano,2023,2,28.33,14.165,27.15,0.063,32.186308,16.093154,30.845685,00-0033571
Cory Littleton,2023,1,2.4,2.4,0.6,0.011,2.72669,2.72669,0.681673,00-0032677
Benardrick McKinney,2021,1,3,3,0.75,0.016,4.198356,4.198356,1.049589,00-0031553
Eric Kendricks,2023,2,13.25,6.625,6.75,0.029,15.053603,7.526802,7.668817,00-0031554
Joe Schobert,2022,1,1.1875,1.1875,0,0.006,1.456712,1.456712,0,00-0033125
Blake Martinez,2023,1,1.165,1.165,0,0.005,1.323581,1.323581,0,00-0032408
Anthony Hitchens,2018,5,45,9,25,0.051,64.858916,12.971783,36.032731,00-0031348
Jamie Collins,2022,1,0.356066,0.356066,0,0.002,0.436788,0.436788,0,00-0030421
De'Vondre Campbell,2022,5,50,10,15,0.048,61.335255,12.267051,18.400576,00-0032401
Demario Davis,2022,3,28,9.333333,7.38,0.045,34.347743,11.449247,9.053084,00-0029607
Jordan Hicks,2023,1,3.5,3.5,3.25,0.016,3.976423,3.976423,3.692393,00-0032129
Nigel Bradham,2019,4,31,7.75,4,0.041,42.069075,10.517269,5.428268,00-0029272
Bobby Okereke,2023,4,40,10,21.8,0.044,45.44484,11.36121,24.767438,00-0035687
Logan Wilson,2023,4,36,9,10,0.04,40.900356,10.225089,11.36121,00-0036294
Dre Greenlaw,2022,2,16.4,8.2,10.008301,0.039,20.117963,10.058982,12.277234,00-0034982
Devin White,2019,4,29.315814,7.328954,29.315814,0.039,39.783522,9.945881,39.783522,00-0035707
Danny Trevathan,2020,3,21.75,7.25,13.625,0.037,28.026993,9.342331,17.557139,00-0029577
Nick Kwiatkoski,2023,1,1.165,1.165,0,0.005,1.323581,1.323581,0,00-0032773
Christian Kirksey,2023,1,0.315,0.315,0,0.001,0.357878,0.357878,0,00-0031361
Kaden Elliss,2023,1,21.5,7.166667,10.16,0.032,24.426601,8.142201,11.542989,00-0035316
Malcolm Smith,2021,1,1.2125,1.2125,0.5,0.007,1.696836,1.696836,0.699726,00-0028180
A.J. Klein,2023,1,1.3175,1.3175,0.1,0.006,1.496839,1.496839,0.113612,00-0030463
Jarrad Davis,2023,1,1.18,1.18,0,0.005,1.340623,1.340623,0,00-0033539
Germaine Pratt,2023,3,20.25,6.75,7,0.03,23.00645,7.668817,7.952847,00-0035697
Ja'Whaun Bentley,2023,2,13.5,6.75,9,0.03,15.337633,7.668817,10.225089,00-0034385
Preston Brown,2019,3,16.5,5.5,4.8,0.029,22.391605,7.463868,6.513921,00-0031171
T.J. Edwards,2023,3,19.5,6.5,12.025,0.029,22.154359,7.384786,13.661855,00-0035386
Alex Anzalone,2023,3,18.75,6.25,9,0.028,21.302269,7.100756,10.225089,00-0033914
Cole Holcomb,2023,3,18,6,4.92,0.027,20.450178,6.816726,5.589715,00-0035286
Quincy Williams,2023,3,18,6,9,0.027,20.450178,6.816726,10.225089,00-0035680
Alex Singleton,2023,3,18,6,9,0.027,20.450178,6.816726,10.225089,00-0031898
Josey Jewell,2022,2,11,5.5,6,0.026,13.493756,6.746878,7.360231,00-0034368
Isaiah Simmons,2020,4,20.664054,5.166014,20.664054,0.026,26.627646,6.656912,26.627646,00-0036356
Devin Bush,2023,1,3.5,3.5,2.99,0.016,3.976423,3.976423,3.397002,00-0035525
Nicholas Morrow,2023,1,1.155,1.155,0,0.005,1.31222,1.31222,0,00-0033445
Jayon Brown,2022,1,1.25,1.25,0.625,0.006,1.533381,1.533381,0.766691,00-0033954
Azeez Al-Shaair,2023,1,5,5,4.25,0.022,5.680605,5.680605,4.828514,00-0035166
David Long Jr.,2023,2,10,5,6.5,0.022,11.36121,5.680605,7.384786,00-0035292
Kyzir White,2023,2,10,5,6,0.022,11.36121,5.680605,6.816726,00-0034375
Keanu Neal,2023,2,4.25,2.125,0.92,0.009,4.828514,2.414257,1.045231,00-0032382
Anthony Walker Jr.,2023,1,1.2325,1.2325,0.6525,0.005,1.400269,1.400269,0.741319,00-0033570
Kamu Grugier-Hill,2023,1,1.3175,1.3175,0.1525,0.006,1.496839,1.496839,0.173258,00-0032437
Kevin Pierre-Louis,2022,1,1.7,1.7,0.5,0.008,2.085399,2.085399,0.613353,00-0031308
Jamin Davis,2021,4,13.794176,3.448544,13.794176,0.019,19.304288,4.826072,19.304288,00-0036614
Alexander Johnson,2023,1,1.08,1.08,0,0.005,1.227011,1.227011,0,00-0034887
Tyler Matakevich,2023,1,2.5,2.5,2.5,0.011,2.840302,2.840302,2.840302,00-0032366
Jalen Reeves-Maybin,2023,1,1.75,1.75,0.5,0.008,1.988212,1.988212,0.56806,00-0033557
K.J. Wright,2021,1,3.255,3.255,3,0.018,4.555216,4.555216,4.198356,00-0028037
E.J. Speed,2023,2,8,4,3.92,0.018,9.088968,4.544484,4.453594,00-0034987
Leighton Vander Esch,2023,2,8,4,5,0.018,9.088968,4.544484,5.680605,00-0034674
Quay Walker,2022,4,13.841644,3.460411,13.841644,0.017,16.979615,4.244904,16.979615,00-0037074
Damien Wilson,2023,1,0.3708,0.3708,0,0.002,0.421274,0.421274,0,00-0032215
Denzel Perryman,2023,1,2.6,2.6,0.5,0.012,2.953915,2.953915,0.56806,00-0032103
Jack Campbell,2023,4,14.722018,3.680505,14.722018,0.016,16.725994,4.181499,16.725994,00-0039018
Kenneth Murray,2020,4,12.974944,3.243736,12.974944,0.016,16.719479,4.17987,16.719479,00-0036441
Rashaan Evans,2023,1,1.08,1.08,0,0.005,1.227011,1.227011,0,00-0034743
Zaire Franklin,2022,3,10,3.333333,4,0.016,12.267051,4.089017,4.90682,00-0034431
Cody Barton,2023,1,3.5,3.5,3.5,0.016,3.976423,3.976423,3.976423,00-0035672
Robert Spillane,2023,2,7,3.5,4.245,0.016,7.952847,3.976423,4.822834,00-0034720
Elandon Roberts,2023,2,7,3.5,2.335,0.016,7.952847,3.976423,2.652843,00-0032442
Devin Lloyd,2022,4,12.936608,3.234152,12.936608,0.016,15.869403,3.967351,15.869403,00-0037244
Jordyn Brooks,2020,4,12.235604,3.058901,12.121679,0.015,15.766767,3.941692,15.619964,00-0036409
Patrick Queen,2020,4,12.16167,3.040418,11.843261,0.015,15.671496,3.917875,15.261195,00-0036323
Nick Bellore,2023,2,6.6,3.3,2.3,0.015,7.498399,3.749199,2.613078,00-0028292
Duke Riley,2023,2,5,2.5,2.25,0.011,5.680605,2.840302,2.556272,00-0033549
David Mayo,2023,1,1.3175,1.3175,0.1525,0.006,1.496839,1.496839,0.173258,00-0031596
Drue Tranquill,2023,1,3,3,2.45,0.013,3.408363,3.408363,2.783496,00-0035262
Jon Bostic,2022,1,1.12,1.12,0,0.005,1.37391,1.37391,0,00-0030064
Marcus Allen,2022,1,2.54,2.54,0,0.012,3.115831,3.115831,0,00-0034335
Travin Howard,2023,1,1.01,1.01,0,0.004,1.147482,1.147482,0,00-0034812
Oren Burks,2022,2,5,2.5,1.365,0.012,6.133525,3.066763,1.674452,00-0034754
Zeke Turner,2023,1,2,2,0.6525,0.009,2.272242,2.272242,0.741319,00-0034490
Sione Takitaki,2023,1,2.5825,2.5825,1.2325,0.011,2.934032,2.934032,1.400269,00-0035646
Chris Board,2023,2,5,2.5,2.6,0.011,5.680605,2.840302,2.953915,00-0034787
Jahlani Tavai,2022,2,4.4,2.2,2,0.011,5.397502,2.698751,2.45341,00-0035240
L.J. Fort,2021,1,1.1275,1.1275,0.9875,0.006,1.577882,1.577882,1.381959,00-0028932
Nick Vigil,2023,1,1.165,1.165,0,0.005,1.323581,1.323581,0,00-0032892
Neville Hewitt,2023,1,1.7,1.7,0.3,0.008,1.931406,1.931406,0.340836,00-0031740
Tanner Vallejo,2023,1,1.08,1.08,0,0.005,1.227011,1.227011,0,00-0033580
Tyrel Dodson,2023,1,2.01,2.01,2.01,0.009,2.283603,2.283603,2.283603,00-0035352
Luke Gifford,2023,2,4,2,1,0.009,4.544484,2.272242,1.136121,00-0035413
Jeremiah Owusu-Koramoah,2021,4,6.476224,1.619056,3.684354,0.009,9.063165,2.265791,5.156077,00-0036915
Blake Cashman,2022,1,1.8,1.8,0.85,0.009,2.208069,2.208069,1.042699,00-0035276
Ben Niemann,2023,1,1.08,1.08,0,0.005,1.227011,1.227011,0,00-0034296
"Jermaine Carter, Jr.",2023,1,1.2325,1.2325,0.4,0.005,1.400269,1.400269,0.454448,00-0034396
Mark Nzeocha,2021,1,0.252,0.252,0,0.001,0.352662,0.352662,0,00-0031961
Joe Thomas,2022,1,1.12,1.12,0,0.005,1.37391,1.37391,0,00-0030761
Demetrius Flannigan-Fowles,2023,1,1.825,1.825,1.25,0.008,2.073421,2.073421,1.420151,00-0035020
Sam Eguavoen,2023,1,1.08,1.08,0,0.005,1.227011,1.227011,0,00-0034902
Nick Bolton,2021,4,5.83404,1.45851,3.18812,0.008,8.164459,2.041115,4.461621,00-0036621
Pete Werner,2021,4,5.684682,1.421171,3.072707,0.008,7.95544,1.988861,4.300106,00-0036927
Josh Woods,2023,1,1.2325,1.2325,0.7775,0.005,1.400269,1.400269,0.883334,00-0034801
Troy Andersen,2022,4,6.103574,1.525894,3.306399,0.007,7.487285,1.871822,4.055976,00-0037810
Raekwon McMillan,2023,1,1.6,1.6,0.575,0.007,1.817794,1.817794,0.65327,00-0033461
Mack Wilson,2023,1,1.6,1.6,0.575,0.007,1.817794,1.817794,0.65327,00-0035144
Chazz Surratt,2023,2,1.855,0.9275,0,0.004,2.107504,1.053752,0,00-0037003
Tae Davis,2023,1,1.2325,1.2325,0.1015,0.005,1.400269,1.400269,0.115316,00-0034500
Divine Deablo,2021,4,4.980836,1.245209,0.982424,0.007,6.970441,1.74261,1.374855,00-0036990
Khaleke Hudson,2023,1,1.5,1.5,0.3,0.007,1.704181,1.704181,0.340836,00-0036343
"Willie Gay, Jr.",2020,4,5.271046,1.317762,2.853081,0.007,6.792256,1.698065,3.676473,00-0036362
Christian Jones,2022,1,0.402266,0.402266,0,0.002,0.493462,0.493462,0,00-0031130
Kevin Minter,2021,1,1.2125,1.2125,0.1375,0.007,1.696836,1.696836,0.192425,00-0030382
LaRoy Reynolds,2021,1,1.2125,1.2125,0.075,0.007,1.696836,1.696836,0.104959,00-0029955
Mychal Kendricks,2021,1,1.2125,1.2125,0.2,0.007,1.696836,1.696836,0.27989,00-0029409
Monty Rice,2021,4,4.848858,1.212215,0.88644,0.007,6.785744,1.696437,1.24053,00-0037000
Brian Asamoah,2022,4,5.486844,1.371711,1.170432,0.007,6.730739,1.682685,1.435775,00-0037822
Marcell Harris,2023,1,0.3708,0.3708,0,0.002,0.421274,0.421274,0,00-0034730
Chad Muma,2022,4,5.426116,1.356529,1.126264,0.007,6.656244,1.664061,1.381594,00-0037811
Christian Harris,2022,4,5.348258,1.337065,1.06964,0.006,6.560735,1.640184,1.312133,00-0037823
Ernest Jones,2021,4,4.685354,1.171339,0.840616,0.006,6.556928,1.639233,1.176402,00-0036994
Drew Sanders,2023,4,5.734732,1.433683,1.170712,0.006,6.515349,1.628837,1.33007,00-0039003
Nakobe Dean,2022,4,5.204642,1.301161,0.965192,0.006,6.384561,1.596141,1.184006,00-0037615
Marte Mapu,2023,4,5.563708,1.390927,1.046332,0.006,6.321045,1.580261,1.18876,00-0039054
Jared Norris,2021,1,1.1275,1.1275,0.1375,0.006,1.577882,1.577882,0.192425,00-0032998
Miles Killebrew,2022,2,4,2,0.965,0.01,4.90682,2.45341,1.18377,00-0032399
Jordan Evans,2021,1,1.1275,1.1275,0.1,0.006,1.577882,1.577882,0.139945,00-0033790
Reggie Ragland,2022,1,1.035,1.035,0,0.005,1.26964,1.26964,0,00-0033058
Tyrell Adams,2022,1,1.035,1.035,0,0.005,1.26964,1.26964,0,00-0032094
Terrel Bernard,2022,4,5.132864,1.283216,0.912992,0.006,6.29651,1.574128,1.119972,00-0037254
Kenny Young,2022,1,1.2789,1.2789,0.1504,0.006,1.568833,1.568833,0.184496,00-0034266
Josh Bynes,2022,1,1.2725,1.2725,0.6,0.006,1.560982,1.560982,0.736023,00-0028278
Julian Stanford,2022,1,1.2725,1.2725,0,0.006,1.560982,1.560982,0,00-0029061
Nick Dzubnar,2021,1,1.115,1.115,0.05,0.006,1.560389,1.560389,0.069973,00-0032081
Calvin Munson,2023,1,1.01,1.01,0,0.004,1.147482,1.147482,0,00-0033716
Channing Tindall,2022,4,5.044904,1.261226,0.84902,0.006,6.188609,1.547152,1.041497,00-0037813
Leo Chenal,2022,4,5.044904,1.261226,0.84902,0.006,6.188609,1.547152,1.041497,00-0037819
Zack Baun,2020,4,4.787121,1.19678,1.059048,0.006,6.168672,1.542168,1.364686,00-0036418
Daiyan Henley,2023,4,5.420426,1.355107,0.942128,0.006,6.15826,1.539566,1.070371,00-0038553
Hardy Nickerson,2021,1,1.1,1.1,0.05,0.006,1.539397,1.539397,0.069973,00-0033344
Trenton Simpson,2023,4,5.404502,1.351126,0.930548,0.006,6.140168,1.535043,1.057215,00-0038504
DeMarvion Overshown,2023,4,5.390022,1.347506,0.920016,0.006,6.123717,1.53093,1.045249,00-0038556
Dorian Williams,2023,4,5.382806,1.345702,0.914768,0.006,6.115519,1.52888,1.039287,00-0038557
Joseph Jones,2023,1,1.08,1.08,0,0.005,1.227011,1.227011,0,00-0033659
Vince Williams,2021,1,1.075,1.075,0,0.006,1.504411,1.504411,0,00-0030434
Todd Davis,2021,1,1.075,1.075,0,0.006,1.504411,1.504411,0,00-0031427
Alec Ogletree,2021,1,1.075,1.075,0,0.006,1.504411,1.504411,0,00-0030527
Daren Bates,2021,1,1.075,1.075,0,0.006,1.504411,1.504411,0,00-0029794
Derrick Barnes,2021,4,4.261208,1.065302,0.781208,0.006,5.963356,1.490839,1.093263,00-0036964
Jabril Cox,2023,1,0.94,0.94,0,0.004,1.067954,1.067954,0,00-0036882
Harvey Langi,2022,1,1.185,1.185,0.075,0.006,1.453646,1.453646,0.092003,00-0033392
Vince Biegel,2022,1,1.035,1.035,0,0.005,1.26964,1.26964,0,00-0033939
Matthew Adams,2023,1,1.2325,1.2325,0.3,0.005,1.400269,1.400269,0.340836,00-0034424
Brandon King,2022,1,1.1875,1.1875,0.4025,0.006,1.456712,1.456712,0.493749,00-0031856
Marquel Lee,2022,1,1.1875,1.1875,0.2525,0.006,1.456712,1.456712,0.309743,00-0033956
Genard Avery,2023,1,1.08,1.08,0,0.005,1.227011,1.227011,0,00-0034682
Dylan Cole,2023,1,1.2325,1.2325,0.1,0.005,1.400269,1.400269,0.113612,00-0033765
Joel Iyiegbuniwe,2022,1,1.1875,1.1875,0.1525,0.006,1.456712,1.456712,0.187073,00-0034372
Devante Downs,2021,1,1.02,1.02,0.075,0.006,1.427441,1.427441,0.104959,00-0034167
Jordan Kunaszyk,2023,1,1.2325,1.2325,0.5,0.005,1.400269,1.400269,0.56806,00-0035444
Troy Reeder,2023,1,1.2325,1.2325,0.1,0.005,1.400269,1.400269,0.113612,00-0035617
Jacob Phillips,2020,4,4.34431,1.086078,0.832292,0.005,5.598066,1.399517,1.072489,00-0036276
Buddy Johnson,2023,1,0.87,0.87,0,0.004,0.988425,0.988425,0,00-0036870
Davion Taylor,2023,1,0.94,0.94,0,0.004,1.067954,1.067954,0,00-0036393
Elijah Lee,2022,1,1.055,1.055,0,0.005,1.294174,1.294174,0,00-0033973
Will Compton,2021,1,0.99,0.99,0,0.005,1.385458,1.385458,0,00-0029869
B.J. Goodson,2021,1,0.99,0.99,0,0.005,1.385458,1.385458,0,00-0033121
Patrick Onwuasor,2021,1,0.99,0.99,0,0.005,1.385458,1.385458,0,00-0032573
Justin March-Lillard,2022,1,1.035,1.035,0,0.005,1.26964,1.26964,0,00-0031999
James Burgess,2021,1,0.99,0.99,0,0.005,1.385458,1.385458,0,00-0032627
Josh Harvey-Clemons,2021,1,0.99,0.99,0,0.005,1.385458,1.385458,0,00-0033532
Terrance Smith,2021,1,0.99,0.99,0,0.005,1.385458,1.385458,0,00-0032820
B.J. Bello,2021,1,0.99,0.99,0,0.005,1.385458,1.385458,0,00-0033642
Darron Lee,2021,1,0.99,0.99,0,0.005,1.385458,1.385458,0,00-0033147
Kamalei Correa,2021,1,0.99,0.99,0,0.005,1.385458,1.385458,0,00-0032386
Nate Gerry,2023,1,1.08,1.08,0,0.005,1.227011,1.227011,0,00-0033577
Avery Williamson,2021,1,0.99,0.99,0,0.005,1.385458,1.385458,0,00-0031263
Kyle Wilber,2021,1,0.99,0.99,0,0.005,1.385458,1.385458,0,00-0029647
Sharif Finch,2022,1,1.035,1.035,0,0.005,1.26964,1.26964,0,00-0034659
Brandon Smith,2023,1,0.216,0.216,0,0.001,0.245402,0.245402,0,00-0038113
Jamien Sherwood,2021,4,3.834856,0.958714,0.354856,0.005,5.366697,1.341674,0.496604,00-0036500
Tony Fields II,2021,4,3.809752,0.952438,0.329752,0.005,5.331565,1.332891,0.461472,00-0036634
Akeem Davis-Gaither,2020,4,4.112508,1.028127,0.817508,0.005,5.299367,1.324842,1.053439,00-0036298
Garret Wallow,2023,2,1.995,0.9975,0,0.004,2.266561,1.133281,0,00-0036844
Joe Bachie,2023,1,1.16,1.16,0.075,0.005,1.3179,1.3179,0.085209,00-0035895
K.J. Britt,2021,4,3.746296,0.936574,0.266296,0.005,5.242762,1.31069,0.372668,00-0036643
Mykal Walker,2023,1,1.01,1.01,0,0.004,1.147482,1.147482,0,00-0036300
Cameron McGrone,2022,2,1.575,0.7875,0,0.004,1.932061,0.96603,0,00-0036644
Ventrell Miller,2023,4,4.576936,1.144234,0.736936,0.005,5.199953,1.299988,0.837248,00-0038570
Malik Jefferson,2023,2,2.135,1.0675,0,0.005,2.425618,1.212809,0,00-0034835
Nick Niemann,2021,4,3.694008,0.923502,0.214008,0.005,5.169587,1.292397,0.299494,00-0036648
Hamsah Nasirildeen,2022,2,1.765,0.8825,0,0.004,2.165134,1.082567,0,00-0036503
Edmond Robinson,2021,1,0.92,0.92,0,0.005,1.287496,1.287496,0,00-0031624
Donald Payne,2021,1,0.92,0.92,0,0.005,1.287496,1.287496,0,00-0033420
Shaquem Griffin,2021,1,0.92,0.92,0,0.005,1.287496,1.287496,0,00-0034755
Noah Dawkins,2022,1,0.895,0.895,0,0.004,1.097901,1.097901,0,00-0035549
Nick Herbig,2023,4,4.512924,1.128231,0.672924,0.005,5.127228,1.281807,0.764523,00-0038577
Troy Dye,2020,4,3.973572,0.993393,0.678572,0.005,5.120334,1.280084,0.874406,00-0036338
Isaiah McDuffie,2021,4,3.610704,0.902676,0.130704,0.005,5.053007,1.263252,0.182914,00-0036658
Del'Shawn Phillips,2023,1,1.11,1.11,0.1,0.005,1.261094,1.261094,0.113612,00-0035202
Patrick Johnson,2021,4,3.585872,0.896468,0.105872,0.005,5.018256,1.254564,0.148163,00-0036922
Ulysees Gilbert III,2022,2,2.045,1.0225,0,0.005,2.508612,1.254306,0,00-0035223
Devante Bond,2022,2,2.045,1.0225,0,0.005,2.508612,1.254306,0,00-0032789
Grant Stuard,2021,4,3.556248,0.889062,0.076248,0.005,4.976799,1.2442,0.106705,00-0036672
Micah McFadden,2022,4,4.015704,1.003926,0.355704,0.005,4.926085,1.231521,0.436344,00-0037259
Ty Summers,2023,1,1.08,1.08,0,0.005,1.227011,1.227011,0,00-0034999
Ryan Connelly,2023,1,1.08,1.08,0,0.005,1.227011,1.227011,0,00-0035533
Shaquille Quarterman,2020,4,3.7894,0.94735,0.4944,0.005,4.883011,1.220753,0.637083,00-0036235
D'Marco Jackson,2022,4,3.976916,0.994229,0.316916,0.005,4.878503,1.219626,0.388762,00-0037271
Cam Gill,2023,1,1.065,1.065,0.125,0.005,1.209969,1.209969,0.142015,00-0036045
Micah Kiser,2022,1,0.98,0.98,0.015,0.005,1.202171,1.202171,0.018401,00-0034806
Dorian O'Daniel,2018,4,3.323141,0.830785,0.761516,0.005,4.789674,1.197418,1.09758,00-0034781
Damone Clark,2022,4,3.902556,0.975639,0.242556,0.005,4.787285,1.196821,0.297545,00-0037281
Yasir Abdullah,2023,4,4.205216,1.051304,0.365216,0.005,4.777634,1.194409,0.41493,00-0038580
James Onwualu,2021,1,0.85,0.85,0,0.005,1.189534,1.189534,0,00-0033704
Natrez Patrick,2022,1,0.895,0.895,0,0.004,1.097901,1.097901,0,00-0035615
Jamal Carter,2022,1,0.895,0.895,0,0.004,1.097901,1.097901,0,00-0033819
Dakota Allen,2022,1,0.965,0.965,0,0.005,1.18377,1.18377,0,00-0035670
Darrian Beavers,2023,2,1.545,0.7725,0,0.003,1.755307,0.877653,0,00-0037285
Shaun Dion Hamilton,2022,1,0.965,0.965,0,0.005,1.18377,1.18377,0,00-0034336
Noah Sewell,2023,4,4.164948,1.041237,0.324948,0.005,4.731885,1.182971,0.36918,00-0038390
SirVocea Dennis,2023,4,4.157328,1.039332,0.317328,0.005,4.723228,1.180807,0.360523,00-0039049
Malcolm Rodriguez,2022,4,3.847928,0.961982,0.187928,0.005,4.720273,1.180068,0.230532,00-0037289
Devin Harper,2022,4,3.83752,0.95938,0.17752,0.005,4.707505,1.176876,0.217765,00-0037293
Krys Barnes,2023,1,1.035,1.035,0.025,0.005,1.175885,1.175885,0.028403,00-0035961
Kamal Martin,2021,2,1.675,0.8375,0,0.005,2.344082,1.172041,0,00-0036270
Curtis Bolton,2023,1,1.01,1.01,0,0.004,1.147482,1.147482,0,00-0035076
Javin White,2022,1,0.895,0.895,0,0.004,1.097901,1.097901,0,00-0036085
Tae Crowder,2023,1,1.01,1.01,0,0.004,1.147482,1.147482,0,00-0036167
Chance Campbell,2023,2,1.665,0.8325,0,0.004,1.891641,0.945821,0,00-0037312
Henry To'oTo'o,2023,4,4.08498,1.021245,0.24498,0.005,4.641032,1.160258,0.278327,00-0038599
Owen Pappoe,2023,4,4.08498,1.021245,0.24498,0.005,4.641032,1.160258,0.278327,00-0038600
Mark Robinson,2022,4,3.772356,0.943089,0.112356,0.005,4.627568,1.156892,0.137828,00-0037316
Baylon Spector,2022,4,3.763728,0.940932,0.103728,0.005,4.616984,1.154246,0.127244,00-0037318
Christian Elliss,2022,2,1.575,0.7875,0,0.004,1.932061,0.96603,0,00-0036813
Darius Harris,2023,1,1.01,1.01,0,0.004,1.147482,1.147482,0,00-0035157
Ben Burr-Kirven,2023,1,1.01,1.01,0,0.004,1.147482,1.147482,0,00-0035143
Tanner Muse,2023,1,1.01,1.01,0,0.004,1.147482,1.147482,0,00-0036368
Kristian Welch,2023,1,1.01,1.01,0,0.004,1.147482,1.147482,0,00-0036157
Zaire Barnes,2023,4,4.033568,1.008392,0.193568,0.004,4.582621,1.145655,0.219917,00-0038399
Justin Hilliard,2022,1,0.207,0.207,0,0.001,0.253928,0.253928,0,NA
Elijah Sullivan,2022,1,0.705,0.705,0,0.003,0.864827,0.864827,0,NA
Jon Rhattigan,2023,1,0.94,0.94,0,0.004,1.067954,1.067954,0,00-0036802
Dylan Moses,2021,3,2.445,0.815,0.07,0.004,3.42166,1.140553,0.097962,NA
Milo Eifler,2023,1,0.94,0.94,0,0.004,1.067954,1.067954,0,00-0036511
Paddy Fisher,2021,3,2.44,0.813333,0.015,0.004,3.414663,1.138221,0.020992,NA
Amen Ogbongbemiga,2021,3,2.44,0.813333,0.03,0.004,3.414663,1.138221,0.041984,00-0036716
Justin Strnad,2020,4,3.532776,0.883194,0.237776,0.004,4.552326,1.138081,0.306398,00-0036428
Curtis Robinson,2023,1,0.94,0.94,0,0.004,1.067954,1.067954,0,00-0036728
Riley Cole,2021,3,2.435,0.811667,0.1,0.004,3.407666,1.135889,0.139945,NA
Barrington Wade,2023,1,0.87,0.87,0,0.004,0.988425,0.988425,0,00-0036586
Tavante Beckett,2022,1,0.825,0.825,0,0.004,1.012032,1.012032,0,NA
Erroll Thompson,2021,3,2.433,0.811,0.023,0.004,3.404867,1.134956,0.032187,NA
Anthony Butler,2021,3,2.433,0.811,0.008,0.004,3.404867,1.134956,0.011196,NA
Max Richardson,2021,3,2.4328,0.810833,0.0075,0.004,3.404587,1.134722,0.010496,NA
Caleb Johnson,2021,3,2.432,0.810667,0.007,0.004,3.403467,1.13449,0.009796,00-0036704
Caleb Johnson,2023,3,2.7025,0.900833,0.0575,0.004,3.070367,1.023455,0.065327,00-0038499
Anthony Hines III,2022,1,0.705,0.705,0,0.003,0.864827,0.864827,0,NA
Alani Pututau,2021,3,2.43,0.81,0.005,0.004,3.400668,1.133556,0.006997,NA
Isaiah Kaufusi,2021,3,2.43,0.81,0.005,0.004,3.400668,1.133556,0.006997,NA
Dorian Etheridge,2023,1,0.87,0.87,0,0.004,0.988425,0.988425,0,00-0036824
David Curry,2021,3,2.428,0.809333,0.003,0.004,3.39787,1.132623,0.004198,NA
Shaq Smith,2021,3,2.426,0.808667,0.001,0.004,3.395071,1.131691,0.001399,NA
Lakiem Williams,2022,1,0.705,0.705,0,0.003,0.864827,0.864827,0,NA
Michael Pinckney,2021,3,2.425,0.808333,0,0.004,3.393671,1.131223,0,NA
Damon Lloyd,2021,3,2.425,0.808333,0,0.004,3.393671,1.131223,0,NA
Jarvis Miller,2021,3,2.425,0.808333,0,0.004,3.393671,1.131223,0,NA
Aaron Donkor,2022,1,0.705,0.705,0,0.003,0.864827,0.864827,0,NA
Dee Winters,2023,4,3.973332,0.993333,0.133332,0.004,4.514186,1.128546,0.151481,00-0038625
Cam Brown,2020,4,3.493364,0.873341,0.198364,0.004,4.50154,1.125385,0.255611,00-0036400
Tegray Scales,2022,1,0.825,0.825,0,0.004,1.012032,1.012032,0,NA
Shaun Bradley,2020,4,3.46642,0.866605,0.17142,0.004,4.46682,1.116705,0.220891,00-0036401
Evan Weaver,2021,1,0.66,0.66,0,0.004,0.923638,0.923638,0,NA
Cassh Maluia,2021,1,0.78,0.78,0,0.004,1.091573,1.091573,0,00-0036164
Jalen Graham,2023,4,3.917784,0.979446,0.077784,0.004,4.451077,1.112769,0.088372,00-0038648
Jordan Glasgow,2020,4,3.424412,0.856103,0.129412,0.004,4.412688,1.103172,0.16676,00-0036229
Markus Bailey,2020,4,3.408696,0.852174,0.113696,0.004,4.392437,1.098109,0.146508,00-0036314
Josh Watson,2022,1,0.895,0.895,0,0.004,1.097901,1.097901,0,NA
Chapelle Russell,2023,1,0.94,0.94,0,0.004,1.067954,1.067954,0,00-0036434
Chase Hansen,2022,1,0.895,0.895,0,0.004,1.097901,1.097901,0,00-0034944
Cole Christiansen,2023,1,0.94,0.94,0,0.004,1.067954,1.067954,0,00-0035900
Carter Coughlin,2020,4,3.405144,0.851286,0.110144,0.004,4.38786,1.096965,0.141931,00-0036402
Jeff Holland,2021,1,0.78,0.78,0,0.004,1.091573,1.091573,0,00-0034107
Asmar Bilal,2021,1,0.78,0.78,0,0.004,1.091573,1.091573,0,00-0035897
Nate Evans,2021,1,0.78,0.78,0,0.004,1.091573,1.091573,0,00-0035824
Emmanuel Ellerbee,2021,1,0.78,0.78,0,0.004,1.091573,1.091573,0,00-0034139
Justin Phillips,2021,1,0.78,0.78,0,0.004,1.091573,1.091573,0,00-0035419
Chris Orr,2021,1,0.78,0.78,0,0.004,1.091573,1.091573,0,00-0035954
Clay Johnston,2023,1,0.2898,0.2898,0,0.001,0.329248,0.329248,0,00-0036432
T.J. Brunson,2020,4,3.376952,0.844238,0.081952,0.004,4.351531,1.087883,0.105603,00-0036404
De'Jon Harris,2023,1,0.94,0.94,0,0.004,1.067954,1.067954,0,00-0036090
Terez Hall,2023,1,0.94,0.94,0,0.004,1.067954,1.067954,0,00-0034962
Ladarius Hamilton,2023,1,0.94,0.94,0,0.004,1.067954,1.067954,0,00-0036030
Blake Lynch,2023,1,0.94,0.94,0,0.004,1.067954,1.067954,0,00-0035984
Christian Rozeboom,2023,1,0.94,0.94,0,0.004,1.067954,1.067954,0,00-0035942
Andrew Dowell,2023,1,0.94,0.94,0,0.004,1.067954,1.067954,0,00-0035412
Anthony Pittman,2023,1,0.94,0.94,0,0.004,1.067954,1.067954,0,00-0035330
Jonas Griffith,2023,1,0.94,0.94,0,0.004,1.067954,1.067954,0,00-0035804
Jack Cochrane,2022,3,2.585,0.861667,0.15,0.004,3.171033,1.057011,0.184006,00-0037208
D.Q. Thomas,2022,3,2.585,0.861667,0.13,0.004,3.171033,1.057011,0.159472,NA
Khalan Tolson,2022,3,2.58,0.86,0.085,0.004,3.164899,1.054966,0.10427,NA
Jeremiah Gemmel,2022,3,2.58,0.86,0.09,0.004,3.164899,1.054966,0.110403,NA
Nephi Sewell,2023,2,1.855,0.9275,0,0.004,2.107504,1.053752,0,00-0037544
J.J. Russell,2023,2,1.855,0.9275,0,0.004,2.107504,1.053752,0,00-0037491
DeMarquis Gates,2023,2,1.855,0.9275,0,0.004,2.107504,1.053752,0,00-0034769
JoJo Domann,2023,2,1.855,0.9275,0,0.004,2.107504,1.053752,0,00-0037393
Chandler Wooten,2023,2,1.855,0.9275,0,0.004,2.107504,1.053752,0,00-0037560
Olakunle Fatukasi,2023,1,0.87,0.87,0,0.004,0.988425,0.988425,0,00-0037481
Isaiah Graham-Mobley,2022,3,2.575,0.858333,0.06,0.004,3.158766,1.052921,0.073602,NA
Ferrod Gardner,2023,1,0.75,0.75,0,0.003,0.852091,0.852091,0,00-0037163
Isaiah Pryor,2022,3,2.575,0.858333,0.025,0.004,3.158766,1.052921,0.030668,NA
Darien Butler,2022,3,2.575,0.858333,0.09,0.004,3.158766,1.052921,0.110403,00-0037503
Clarence Hicks,2022,3,2.575,0.858333,0.015,0.004,3.158766,1.052921,0.018401,NA
Diego Fagot,2023,1,0.75,0.75,0,0.003,0.852091,0.852091,0,00-0037806
CJ Avery,2022,3,2.572,0.857333,0.012,0.004,3.155085,1.051695,0.01472,NA
Sterling Weatherford,2022,3,2.57,0.856667,0.06,0.004,3.152632,1.050878,0.073602,00-0037406
Josh Ross,2023,1,0.305001,0.305001,0,0.001,0.346518,0.346518,0,00-0037184
Luke Masterson,2022,3,2.57,0.856667,0.07,0.004,3.152632,1.050878,0.085869,00-0037517
Vi Jones,2023,1,0.216,0.216,0,0.001,0.245402,0.245402,0,00-0037153
Zakoby McClain,2022,3,2.57,0.856667,0.01,0.004,3.152632,1.050878,0.012267,NA
Kanai Mauga,2023,1,0.75,0.75,0,0.003,0.852091,0.852091,0,00-0037383
Ellis Brooks,2022,3,2.568,0.856,0.008,0.004,3.150179,1.05006,0.009814,NA
Nate Landman,2023,1,0.87,0.87,0,0.004,0.988425,0.988425,0,00-0037587
Jake Hansen,2022,3,2.5675,0.855833,0.0225,0.004,3.149565,1.049855,0.027601,00-0037457
Drew White,2022,3,2.5675,0.855833,0.0275,0.004,3.149565,1.049855,0.033734,NA
Jack Sanborn,2022,3,2.5675,0.855833,0.0175,0.004,3.149565,1.049855,0.021467,00-0037109
Joel Dublanko,2022,3,2.566,0.855333,0.011,0.004,3.147725,1.049241,0.013494,NA
Grant Morgan,2022,3,2.565,0.855,0.005,0.004,3.146499,1.048833,0.006134,NA
Jake Hummel,2022,3,2.565,0.855,0.005,0.004,3.146499,1.048833,0.006134,00-0037633
Storey Jackson,2023,1,0.75,0.75,0,0.003,0.852091,0.852091,0,NA
Mike Rose,2023,2,1.665,0.8325,0,0.004,1.891641,0.945821,0,00-0037215
Forrest Rhyne,2023,1,0.87,0.87,0,0.004,0.988425,0.988425,0,00-0037401
Tyreek Maddox-Williams,2023,2,1.665,0.8325,0,0.004,1.891641,0.945821,0,NA
Silas Kelly,2022,3,2.565,0.855,0.02,0.004,3.146499,1.048833,0.024534,NA
Aaron Hansford,2022,3,2.565,0.855,0.085,0.004,3.146499,1.048833,0.10427,NA
Kadofi Wright,2022,3,2.565,0.855,0.005,0.004,3.146499,1.048833,0.006134,NA
Kuony Deng,2023,1,0.75,0.75,0,0.003,0.852091,0.852091,0,00-0037582
Segun Olubi,2023,1,0.75,0.75,0,0.003,0.852091,0.852091,0,00-0037527
Jordan Young,2022,3,2.5625,0.854167,0.0025,0.004,3.143432,1.047811,0.003067,NA
Jaylan Alexander,2022,3,2.562,0.854,0.002,0.004,3.142818,1.047606,0.002453,NA
Caliph Brice,2022,3,2.562,0.854,0.002,0.004,3.142818,1.047606,0.002453,NA
Bryce Notree,2022,3,2.5615,0.853833,0.0015,0.004,3.142205,1.047401,0.00184,NA
Jack Gibbens,2022,3,2.561,0.853667,0.001,0.004,3.141592,1.047198,0.001227,00-0037596
Nate Wieland,2022,3,2.56,0.853333,0,0.004,3.140365,1.046788,0,NA
Christian Albright,2022,3,2.56,0.853333,0,0.004,3.140365,1.046788,0,NA
William Kwenkeu,2022,3,2.56,0.853333,0,0.004,3.140365,1.046788,0,00-0037639
James Skalski,2022,3,2.56,0.853333,0.012,0.004,3.140365,1.046788,0.01472,NA
Kylan Johnson,2021,2,1.485,0.7425,0,0.004,2.078186,1.039093,0,00-0035840
Keandre Jones,2023,1,0.87,0.87,0,0.004,0.988425,0.988425,0,00-0036203
Jan Johnson,2021,2,1.485,0.7425,0,0.004,2.078186,1.039093,0,00-0036067
Shaka Heyward,2023,3,2.725,0.908333,0.03,0.004,3.09593,1.031976,0.034084,00-0038890
Ben VanSumeren,2023,3,2.725,0.908333,0.13,0.004,3.09593,1.031976,0.147696,00-0038489
Dyontae Johnson,2023,3,2.72,0.906667,0.175,0.004,3.090249,1.030083,0.198821,00-0038479
Mohamoud Diabate,2023,3,2.72,0.906667,0.25,0.004,3.090249,1.030083,0.28403,00-0038711
Ivan Pace Jr.,2023,3,2.715,0.905,0.236,0.004,3.084569,1.02819,0.268125,00-0038807
Isaiah Moore,2023,3,2.713,0.904333,0.148,0.004,3.082296,1.027432,0.168146,NA
Donavan Mutin,2023,3,2.71,0.903333,0.1,0.004,3.078888,1.026296,0.113612,00-0038437
Drake Thomas,2023,3,2.71,0.903333,0.1,0.004,3.078888,1.026296,0.113612,00-0038922
Jayson Ademilola,2023,3,2.71,0.903333,0.1,0.004,3.078888,1.026296,0.113612,NA
Seth Benson,2023,3,2.71,0.903333,0.05,0.004,3.078888,1.026296,0.056806,00-0038784
Nick Anderson,2023,3,2.71,0.903333,0.025,0.004,3.078888,1.026296,0.028403,00-0038899
Cam Jones,2023,3,2.71,0.903333,0.15,0.004,3.078888,1.026296,0.170418,00-0038513
Mike Jones Jr.,2023,3,2.705,0.901667,0.01,0.004,3.073207,1.024403,0.011361,00-0038927
Jack Colletto,2023,3,2.705,0.901667,0.11,0.004,3.073207,1.024403,0.124973,00-0038875
Micah Baskerville,2023,3,2.705,0.901667,0.01,0.004,3.073207,1.024403,0.011361,00-0038417
Jeremy Banks,2023,3,2.705,0.901667,0.035,0.004,3.073207,1.024403,0.039764,NA
Cam Bright,2023,3,2.705,0.901667,0.01,0.004,3.073207,1.024403,0.011361,00-0038754
Kyle Soelle,2023,3,2.705,0.901667,0.06,0.004,3.073207,1.024403,0.068167,00-0038709
Aubrey Miller Jr.,2023,3,2.705,0.901667,0.11,0.004,3.073207,1.024403,0.124973,00-0038691
Mariano Sori-Marin,2023,3,2.705,0.901667,0.04,0.004,3.073207,1.024403,0.045445,NA
Jourdan Heilig,2023,3,2.705,0.901667,0.01,0.004,3.073207,1.024403,0.011361,NA
Deandre Square,2023,3,2.705,0.901667,0.01,0.004,3.073207,1.024403,0.011361,00-0038949
Wilson Huber,2023,3,2.705,0.901667,0.03,0.004,3.073207,1.024403,0.034084,00-0038804
Troy Brown,2023,3,2.705,0.901667,0.01,0.004,3.073207,1.024403,0.011361,00-0038474
Liam Anderson,2023,3,2.705,0.901667,0.01,0.004,3.073207,1.024403,0.011361,00-0038429
Mikel Jones,2023,3,2.705,0.901667,0.03,0.004,3.073207,1.024403,0.034084,00-0038868
Anfernee Orji,2023,3,2.705,0.901667,0.226,0.004,3.073207,1.024403,0.256763,00-0038908
Charlie Thomas,2023,3,2.705,0.901667,0.05,0.004,3.073207,1.024403,0.056806,00-0038719
Jimmy Phillips Jr.,2023,3,2.704,0.901333,0.009,0.004,3.072071,1.024023,0.010225,00-0038469
Abraham Beauplan,2023,3,2.703,0.901,0.008,0.004,3.070935,1.023645,0.009089,00-0038800
Kelechi Anyalebechi,2023,3,2.703,0.901,0.008,0.004,3.070935,1.023645,0.009089,00-0038943
Maalik Hall,2023,3,2.7025,0.900833,0.0575,0.004,3.070367,1.023455,0.065327,NA
Michael Ayers,2023,3,2.7025,0.900833,0.0075,0.004,3.070367,1.023455,0.008521,NA
Otis Reese,2023,3,2.7,0.9,0.01,0.004,3.067527,1.022509,0.011361,00-0038853
Isaiah Land,2023,3,2.7,0.9,0.1,0.004,3.067527,1.022509,0.113612,00-0038737
Claudin Cherelus,2023,3,2.7,0.9,0.02,0.004,3.067527,1.022509,0.022722,00-0038493
Nathan East,2023,3,2.7,0.9,0.005,0.004,3.067527,1.022509,0.005681,00-0038863
Darrious Gaines,2023,3,2.7,0.9,0.045,0.004,3.067527,1.022509,0.051125,NA
Ryan Smenda Jr.,2023,3,2.699,0.899667,0.004,0.004,3.066391,1.022131,0.004544,00-0038370
Ian Swenson,2023,3,2.6975,0.899167,0.0025,0.004,3.064686,1.021563,0.00284,NA
Bumper Pool,2023,3,2.6975,0.899167,0.0025,0.004,3.064686,1.021563,0.00284,00-0038539
Patrick O'Connell,2023,3,2.697,0.899,0.002,0.004,3.064118,1.021373,0.002272,00-0038764
Tyler Murray,2023,3,2.6965,0.898833,0.0015,0.004,3.06355,1.021183,0.001704,00-0038895
Matthew Jester,2023,3,2.696,0.898667,0.001,0.004,3.062982,1.020994,0.001136,NA
Dequan Jackson,2023,3,2.696,0.898667,0.001,0.004,3.062982,1.020994,0.001136,00-0038669
Jaylen Moody,2023,3,2.696,0.898667,0.001,0.004,3.062982,1.020994,0.001136,00-0038894
Isaac Darkangelo,2023,3,2.695,0.898333,0.0035,0.004,3.061846,1.020615,0.003976,NA
Trevor Nowaske,2023,3,2.695,0.898333,0,0.004,3.061846,1.020615,0,00-0038660
Ayinde Eley,2023,3,2.695,0.898333,0,0.004,3.061846,1.020615,0,00-0038990
Austin Ajiake,2023,3,2.695,0.898333,0,0.004,3.061846,1.020615,0,00-0039178
Willie Taylor,2023,3,2.695,0.898333,0,0.004,3.061846,1.020615,0,00-0038295
DaShaun White,2023,3,2.695,0.898333,0,0.004,3.061846,1.020615,0,NA
Marvin Pierre,2023,3,2.695,0.898333,0,0.004,3.061846,1.020615,0,NA
Rashad Smith,2022,1,0.825,0.825,0,0.004,1.012032,1.012032,0,00-0036209
Ledarius Mack,2022,1,0.825,0.825,0,0.004,1.012032,1.012032,0,00-0036205
Willie Harvey,2022,1,0.825,0.825,0,0.004,1.012032,1.012032,0,00-0035177
Dicaprio Bootle,2023,2,1.995,0.9975,0,0.004,2.266561,1.133281,0,00-0036678
Kyahva Tezino,2023,1,0.75,0.75,0,0.003,0.852091,0.852091,0,00-0036097
Cale Garrett,2021,1,0.66,0.66,0,0.004,0.923638,0.923638,0,00-0036172
Solomon Ajayi,2020,3,2.295,0.765,0.06,0.004,2.957331,0.985777,0.077316,00-0036108
Omari Cobb,2022,1,0.7125,0.7125,0.0075,0.003,0.874027,0.874027,0.0092,00-0035879
Francis Bernard,2020,3,2.295,0.765,0.11,0.004,2.957331,0.985777,0.141746,00-0036028
David Reese,2020,3,2.294,0.764667,0.089,0.004,2.956042,0.985348,0.114685,00-0035955
Eli Mencer,2020,3,2.293,0.764333,0.008,0.004,2.954754,0.984917,0.010309,00-0035989
John Houston,2020,3,2.2925,0.764167,0.0075,0.004,2.954109,0.984704,0.009664,NA
Jordan Mack,2020,3,2.2925,0.764167,0.0225,0.004,2.954109,0.984704,0.028993,NA
Khaylan Kearse-Thomas,2020,3,2.2925,0.764167,0.0075,0.004,2.954109,0.984704,0.009664,00-0036174
Leo Lewis,2020,3,2.292,0.764,0.007,0.004,2.953465,0.984488,0.00902,00-0035794
Reggie Walker,2021,1,0.66,0.66,0,0.004,0.923638,0.923638,0,NA
Marcel Spears,2020,3,2.29,0.763333,0.005,0.004,2.950888,0.983629,0.006443,00-0035767
Michael Divinity,2020,3,2.29,0.763333,0.005,0.004,2.950888,0.983629,0.006443,00-0036044
Bryan Wright,2020,3,2.29,0.763333,0.015,0.004,2.950888,0.983629,0.019329,NA
Brandon Wellington,2020,3,2.289,0.763,0.004,0.004,2.949599,0.9832,0.005154,NA
Romeo Finley,2020,3,2.2875,0.7625,0.0025,0.004,2.947666,0.982555,0.003221,00-0036038
Greg Reaves,2020,3,2.287,0.762333,0.002,0.004,2.947022,0.98234,0.002577,NA
Bryan London,2020,3,2.2855,0.761833,5e-04,0.004,2.945089,0.981696,0.000644,00-0035936
Jason Ferris,2020,3,2.2825,0.761833,5e-04,0.004,2.941224,0.981696,0.000644,NA
Daniel Bituli,2021,1,0.66,0.66,0,0.004,0.923638,0.923638,0,NA
Dominique Ross,2020,3,2.285,0.761667,0,0.004,2.944445,0.981482,0,NA
Jordan Fehr,2020,3,2.285,0.761667,0,0.004,2.944445,0.981482,0,00-0035980
Dante Olson,2020,3,2.285,0.761667,0.01,0.004,2.944445,0.981482,0.012886,00-0036001
Mike Bell,2021,1,0.66,0.66,0,0.004,0.923638,0.923638,0,NA
Christian Sam,2022,2,1.575,0.7875,0,0.004,1.932061,0.96603,0,00-0034403
JaCoby Stevens,2022,2,1.575,0.7875,0,0.004,1.932061,0.96603,0,00-0036925
Vosean Joseph,2019,4,2.84252,0.71063,0.32252,0.004,3.85749,0.964372,0.437681,00-0035271
Cameron Smith,2019,4,2.815148,0.703787,0.295152,0.004,3.820344,0.955086,0.400541,00-0034986
D'Andre Walker,2019,4,2.787768,0.696942,0.267768,0.004,3.783188,0.945797,0.363379,00-0035284
Chris Covington,2019,3,1.98,0.66,0,0.004,2.686993,0.895664,0,00-0034410
Jack Cichy,2018,4,2.605376,0.651344,0.145376,0.004,3.755153,0.938788,0.209532,00-0034415
Azeem Victor,2018,4,2.578408,0.644602,0.118408,0.004,3.716283,0.929071,0.170663,00-0034282
Keishawn Bierria,2018,4,2.578408,0.644602,0.118408,0.004,3.716283,0.929071,0.170663,00-0034422
Wynton McManis,2021,1,0.66,0.66,0,0.004,0.923638,0.923638,0,00-0032960
Jonathan Celestin,2021,1,0.66,0.66,0,0.004,0.923638,0.923638,0,00-0034872
Te'von Coney,2021,1,0.66,0.66,0,0.004,0.923638,0.923638,0,00-0035115
Derrick Moncrief,2021,1,0.66,0.66,0,0.004,0.923638,0.923638,0,NA
Quentin Poling,2021,1,0.66,0.66,0,0.004,0.923638,0.923638,0,00-0034793
Emmanuel Smith,2021,1,0.66,0.66,0,0.004,0.923638,0.923638,0,00-0034153
Leon Jacobs,2018,4,2.55068,0.63767,0.09068,0.004,3.676319,0.91908,0.130698,00-0034428
Jermaine Grace,2020,2,1.41,0.705,0,0.004,1.816922,0.908461,0,00-0033242
Deshaun Davis,2019,4,2.64784,0.66196,0.12784,0.004,3.593296,0.898324,0.173487,00-0035626
Connor Strachan,2022,1,0.705,0.705,0,0.003,0.864827,0.864827,0,NA
Frank Ginda,2023,1,0.75,0.75,0,0.003,0.852091,0.852091,0,00-0034474
Nigel Harris,2020,2,1.26,0.63,0,0.003,1.623633,0.811816,0,00-0033700
Josiah Tauaefa,2019,3,1.77,0.59,0.11,0.003,2.402009,0.80067,0.149277,00-0035016
Tre Crawford,2020,2,1.11,0.555,0,0.003,1.430343,0.715172,0,00-0035198
BJ Blunt,2019,3,1.77,0.59,0.025,0.003,2.402009,0.80067,0.033927,NA
Malik Carney,2020,2,1.11,0.555,0,0.003,1.430343,0.715172,0,00-0035324
Joe Dineen,2019,3,1.765,0.588333,0.01,0.003,2.395223,0.798407,0.013571,00-0034931
Curtis Akins,2019,3,1.765,0.588333,0.01,0.003,2.395223,0.798407,0.013571,00-0035392
Otaro Alaka,2019,3,1.765,0.588333,0.05,0.003,2.395223,0.798407,0.067853,00-0035103
Koa Farmer,2019,3,1.765,0.588333,0.01,0.003,2.395223,0.798407,0.013571,00-0035123
Drew Lewis,2019,3,1.765,0.588333,0.025,0.003,2.395223,0.798407,0.033927,NA
Tre Lamar,2019,3,1.765,0.588333,0.025,0.003,2.395223,0.798407,0.033927,00-0035326
Landis Durham,2019,3,1.763,0.587667,0.008,0.003,2.392509,0.797503,0.010857,00-0035608
Juwan Foggie,2019,3,1.763,0.587667,0.008,0.003,2.392509,0.797503,0.010857,NA
Jameer Thurman,2019,3,1.7625,0.5875,0.04,0.003,2.39183,0.797277,0.054283,00-0034905
Dedrick Young,2019,3,1.7625,0.5875,0.0075,0.003,2.39183,0.797277,0.010178,00-0035052
Dante Booker,2019,3,1.762,0.587333,0.007,0.003,2.391152,0.79705,0.009499,00-0035482
Durrant Miles,2019,3,1.762,0.587333,0.007,0.003,2.391152,0.79705,0.009499,00-0035204
Silas Stewart,2019,3,1.76,0.586667,0.015,0.003,2.388438,0.796146,0.020356,00-0035122
James Folston,2019,3,1.76,0.586667,0.005,0.003,2.388438,0.796146,0.006785,NA
EJ Ejiya,2019,3,1.76,0.586667,0.005,0.003,2.388438,0.796146,0.006785,00-0035107
Yurik Bethune,2019,3,1.7585,0.586167,0.0035,0.003,2.386402,0.795468,0.00475,00-0035195
Josh Corcoran,2019,3,1.7575,0.585833,0.0025,0.003,2.385045,0.795015,0.003393,NA
Terrill Hanks,2020,2,1.11,0.555,0,0.003,1.430343,0.715172,0,00-0035338
Anthony Stubbs,2019,3,1.7565,0.5855,0.0015,0.003,2.383688,0.794563,0.002036,00-0035049
David Kenney,2019,3,1.756,0.585333,0.001,0.003,2.38301,0.794336,0.001357,00-0035581
Dexter Wright,2019,3,1.756,0.585333,0.001,0.003,2.38301,0.794336,0.001357,NA
Chase Middleton,2019,3,1.755,0.585,0,0.003,2.381652,0.793884,0,NA
Jeff Allison,2019,3,1.755,0.585,0,0.003,2.381652,0.793884,0,NA
Tre Thomas,2019,3,1.755,0.585,0,0.003,2.381652,0.793884,0,NA
Juwon Young,2019,3,1.755,0.585,0,0.003,2.381652,0.793884,0,NA
Tre Watson,2019,3,1.755,0.585,0.01,0.003,2.381652,0.793884,0.013571,00-0035349
Sterling Sheffield,2019,3,1.755,0.585,0,0.003,2.381652,0.793884,0,00-0035550
Darrell Williams,2019,3,1.755,0.585,0,0.003,2.381652,0.793884,0,NA
Sione Teuhema,2019,3,1.755,0.585,0,0.003,2.381652,0.793884,0,00-0035673
Andrew Ankrah,2019,3,1.755,0.585,0,0.003,2.381652,0.793884,0,00-0034916
Gary Johnson,2019,3,1.755,0.585,0,0.003,2.381652,0.793884,0,NA
Tre' Williams,2019,3,1.755,0.585,0,0.003,2.381652,0.793884,0,NA
Tahir Whitehead,2021,1,0.252,0.252,0,0.001,0.352662,0.352662,0,00-0029212
Blake Gallagher,2021,1,0.1656,0.1656,0,0.001,0.231749,0.231749,0,NA
Corey Thompson,2021,1,0.1656,0.1656,0,0.001,0.231749,0.231749,0,00-0034539
Marshon Lattimore,2021,5,97,19.4,68.346588,0.106,135.746849,27.14937,95.647773,00-0033874
Jalen Ramsey,2020,5,100,20,71.203,0.101,128.859738,25.771948,91.751999,00-0033055
Jaire Alexander,2022,4,84,21,30,0.101,103.043228,25.760807,36.801153,00-0034728
Marlon Humphrey,2020,5,97.5,19.5,66.957407,0.098,125.638244,25.127649,86.281139,00-0033281
Denzel Ward,2022,5,100.5,20.1,71.25,0.097,123.283862,24.656772,87.402738,00-0034856
Tre'Davious White,2020,4,69,17.25,55,0.087,88.913219,22.228305,70.872856,00-0033884
Xavien Howard,2022,5,90,18,40.3,0.086,110.403458,22.080692,49.436215,00-0033050
Trevon Diggs,2023,5,97,19.4,42.304,0.086,110.203737,22.040747,48.062463,00-0036361
Darius Slay,2023,3,39,13,23,0.058,44.308719,14.769573,26.130783,00-0030062
Xavier Rhodes,2022,1,1.12,1.12,0,0.005,1.37391,1.37391,0,00-0030575
Byron Jones,2020,5,82.5,16.5,54.375,0.083,106.309284,21.261857,70.067482,00-0032239
Desmond Trufant,2021,1,1.075,1.075,0,0.006,1.504411,1.504411,0,00-0030562
Trumaine Johnson,2018,5,72.5,14.5,45,0.082,104.494921,20.898984,64.858916,00-0029690
A.J. Bouye,2021,2,7,3.5,3.5,0.019,9.796164,4.898082,4.898082,00-0030228
J.C. Jackson,2022,5,82.5,16.5,40,0.079,101.20317,20.240634,49.068204,00-0034591
Kyle Fuller,2022,1,2.5,2.5,2.5,0.012,3.066763,3.066763,3.066763,00-0031041
Stephon Gilmore,2022,2,20,10,14,0.048,24.534102,12.267051,17.173871,00-0029542
Marcus Peters,2023,1,3,3,1.98,0.013,3.408363,3.408363,2.24952,00-0032165
William Jackson III,2021,3,40.5,13.5,26,0.074,56.677808,18.892603,36.385753,00-0033107
James Bradberry,2023,3,38,12.666667,20,0.056,43.172598,14.390866,22.72242,00-0032890
Shaquill Griffin,2023,1,3.5,3.5,3,0.016,3.976423,3.976423,3.408363,00-0033926
Carlton Davis,2022,3,44.5,14.833333,30,0.071,54.588377,18.196125,36.801153,00-0034778
Adoree' Jackson,2021,3,39,13,26.5,0.071,54.57863,18.192877,37.085479,00-0033878
Trae Waynes,2020,3,42,14,15,0.071,54.12109,18.040363,19.328961,00-0031546
Malcolm Butler,2022,2,5,2.5,0.75,0.012,6.133525,3.066763,0.920029,00-0031218
Charvarius Ward,2022,3,40.5,13.5,26.62,0.065,49.681556,16.560519,32.65489,00-0034573
Dre Kirkpatrick,2021,1,1.075,1.075,0,0.006,1.504411,1.504411,0,00-0029560
Jamel Dean,2023,4,52,13,24.5,0.058,59.078292,14.769573,27.834964,00-0035699
Donte Jackson,2022,3,35.18,11.726667,16.7575,0.056,43.155485,14.385162,20.556511,00-0034356
Ronald Darby,2023,1,1.7,1.7,0.5,0.008,1.931406,1.931406,0.56806,00-0032195
Bradley Roby,2023,1,1.165,1.165,0,0.005,1.323581,1.323581,0,00-0031372
D.J. Reed,2022,3,33,11,21,0.053,40.481268,13.493756,25.760807,00-0034384
Kendall Fuller,2020,4,40,10,23.5,0.05,51.543895,12.885974,30.282038,00-0033084
Cameron Sutton,2023,3,33,11,22.5,0.049,37.491993,12.497331,25.562722,00-0033930
Darious Williams,2022,3,30,10,18,0.048,36.801153,12.267051,22.080692,00-0034203
Aaron Colvin,2018,4,34,8.5,18,0.048,49.004515,12.251129,25.943567,00-0031259
Justin Coleman,2022,1,1.2725,1.2725,0.1525,0.006,1.560982,1.560982,0.187073,00-0031796
Michael Davis,2021,3,25.2,8.4,15,0.046,35.266192,11.755397,20.991781,00-0033697
Tavon Young,2022,1,1.365,1.365,0.65,0.007,1.674452,1.674452,0.797358,00-0032770
Steven Nelson,2023,1,5.5,5.5,2,0.024,6.248665,6.248665,2.272242,00-0032150
Kenny Moore,2019,4,33.3,8.325,18.25,0.044,45.190329,11.297582,24.766472,00-0033393
Patrick Peterson,2023,2,14,7,5.85,0.031,15.905694,7.952847,6.646308,00-0027943
Taron Johnson,2021,3,24,8,13.955,0.044,33.586849,11.195616,19.529353,00-0034376
T.J. Carrie,2022,1,1.12,1.12,0,0.005,1.37391,1.37391,0,00-0031269
Chris Harris Jr.,2022,1,1.12,1.12,0,0.005,1.37391,1.37391,0,00-0028224
Jeff Okudah,2023,1,5.182072,5.182072,5.182072,0.023,5.887461,5.887461,5.887461,00-0036274
Jonathan Jones,2023,2,19,9.5,13,0.042,21.586299,10.793149,14.769573,00-0032580
Derek Stingley Jr.,2022,4,34.657516,8.664379,34.657516,0.042,42.514551,10.628638,42.514551,00-0037237
Janoris Jenkins,2022,1,0.2772,0.2772,0,0.001,0.340043,0.340043,0,00-0029681
Avonte Maddox,2021,3,22.5,7.5,14.170221,0.041,31.487671,10.49589,19.830545,00-0034377
Ahmad Gardner,2022,4,33.450798,8.3627,33.450798,0.04,41.034264,10.258567,41.034264,00-0037190
Robert Alford,2021,1,0.99,0.99,0,0.005,1.385458,1.385458,0,00-0030528
Pierre Desir,2021,1,1.2125,1.2125,0.1375,0.007,1.696836,1.696836,0.192425,00-0031331
Chidobe Awuzie,2021,3,21.75,7.25,7.5,0.04,30.438082,10.146027,10.49589,00-0033548
Byron Murphy,2023,2,17.5,8.75,12.6,0.039,19.882117,9.941059,14.315125,00-0035236
Bryce Callahan,2022,1,1.2725,1.2725,0.1525,0.006,1.560982,1.560982,0.187073,00-0031904
Devon Witherspoon,2023,4,31.861152,7.965288,31.861152,0.035,36.198124,9.049531,36.198124,00-0039169
Rasul Douglas,2022,3,21,7,5.3,0.034,25.760807,8.586936,6.501537,00-0033551
Mike Hilton,2021,4,24,6,6,0.033,33.586849,8.396712,8.396712,00-0032521
Jalen Mills,2023,1,2.5,2.5,1,0.011,2.840302,2.840302,1.136121,00-0032803
Darryl Roberts,2021,1,1.595,1.595,0.63,0.009,2.232126,2.232126,0.881655,00-0031628
Jason Verrett,2023,1,0.3708,0.3708,0,0.002,0.421274,0.421274,0,00-0031334
Buster Skrine,2022,1,1.2725,1.2725,0.6025,0.006,1.560982,1.560982,0.73909,00-0028075
Jaycee Horn,2021,4,21.112146,5.278037,21.112146,0.029,29.545436,7.38636,29.545436,00-0036944
Patrick Surtain II,2021,4,20.962802,5.240701,20.962802,0.029,29.336436,7.33411,29.336436,00-0036874
Patrick Robinson,2020,2,4.7,2.35,0,0.012,6.056408,3.028204,0,00-0027882
Kevin King,2021,1,5,5,3.75,0.027,6.99726,6.99726,5.247945,00-0033524
Emmanuel Moseley,2023,1,6,6,2,0.027,6.816726,6.816726,2.272242,00-0034096
Casey Hayward,2022,2,11,5.5,6,0.026,13.493756,6.746878,7.360231,00-0029261
Anthony Brown,2023,1,1.165,1.165,0,0.005,1.323581,1.323581,0,00-0033047
C.J. Henderson,2020,4,20.516188,5.129047,20.516188,0.026,26.437106,6.609277,26.437106,00-0036281
Jourdan Lewis,2021,3,13.5,4.5,7.75,0.025,18.892603,6.297534,10.845753,00-0033928
Troy Hill,2023,1,1.265,1.265,0.05,0.006,1.437193,1.437193,0.056806,00-0031785
Ahkello Witherspoon,2023,1,1.08,1.08,0,0.005,1.227011,1.227011,0,00-0033783
Anthony Averett,2023,1,1.08,1.08,0,0.005,1.227011,1.227011,0,00-0034265
Levi Wallace,2022,2,8,4,2.965,0.019,9.813641,4.90682,3.637181,00-0034514
Nik Needham,2023,1,1.825,1.825,0.75,0.008,2.073421,2.073421,0.852091,00-0035346
B.W. Webb,2021,1,0.99,0.99,0,0.005,1.385458,1.385458,0,00-0030403
Caleb Farley,2021,4,13.495586,3.373897,13.495586,0.018,18.886426,4.721607,18.886426,00-0036615
Brandon Facyson,2023,2,6.5,3.25,2.268,0.014,7.384786,3.692393,2.576722,00-0034545
A.J. Terrell,2020,4,14.305746,3.576437,14.305746,0.018,18.434347,4.608587,18.434347,00-0036285
Terrance Mitchell,2023,1,1.165,1.165,0,0.005,1.323581,1.323581,0,00-0031097
Rock Ya-Sin,2023,1,4,4,4,0.018,4.544484,4.544484,4.544484,00-0035637
Keisean Nixon,2023,1,4,4,1.85,0.018,4.544484,4.544484,2.101824,00-0035133
Greg Newsome II,2021,4,12.748754,3.187189,12.748754,0.017,17.84127,4.460318,17.84127,00-0036996
Sidney Jones,2023,1,1.13,1.13,0,0.005,1.283817,1.283817,0,00-0033543
Emmanuel Forbes,2023,4,15.407568,3.851892,15.407568,0.017,17.504862,4.376215,17.504862,00-0039151
Damon Arnette,2022,1,0.895,0.895,0,0.004,1.097901,1.097901,0,00-0036359
Desmond King,2023,1,1.2325,1.2325,0.1525,0.005,1.400269,1.400269,0.173258,00-0033566
Eli Apple,2023,1,1.6,1.6,0.5,0.007,1.817794,1.817794,0.56806,00-0032379
Trent McDuffie,2022,4,13.992484,3.498121,13.992484,0.017,17.164651,4.291163,17.164651,00-0037191
Christian Gonzalez,2023,4,15.102868,3.775717,15.102868,0.017,17.158685,4.289671,17.158685,00-0039147
Kaiir Elam,2022,4,13.690812,3.422703,13.690812,0.016,16.794589,4.198647,16.794589,00-0037242
Bashaud Breeland,2021,1,3,3,2.075,0.016,4.198356,4.198356,2.903863,00-0031052
Eric Stokes,2021,4,11.925514,2.981379,11.834066,0.016,16.689185,4.172297,16.561208,00-0036901
Jeff Gladney,2022,2,6.5,3.25,4,0.016,7.973583,3.986792,4.90682,00-0036324
Sean Murphy-Bunting,2023,1,3.5,3.5,3.5,0.016,3.976423,3.976423,3.976423,00-0035239
Mike Hughes,2023,2,7,3.5,3.24,0.016,7.952847,3.976423,3.681032,00-0034843
Keion Crossen,2022,3,9.45,3.15,3.035,0.015,11.592363,3.864121,3.72305,00-0034435
Deonte Banks,2023,4,13.579404,3.394851,13.579404,0.015,15.427846,3.856962,15.427846,00-0039000
Isaiah Oliver,2023,2,6.75,3.375,4.16,0.015,7.668817,3.834408,4.726263,00-0034357
Siran Neal,2022,3,9,3,3.3,0.014,11.040346,3.680115,4.048127,00-0034391
Noah Igbinoghene,2020,4,11.254202,2.813551,10.718036,0.014,14.502135,3.625534,13.811233,00-0036287
Deandre Baker,2022,1,0.965,0.965,0,0.005,1.18377,1.18377,0,00-0035684
K'Waun Williams,2022,2,5.2,2.6,2.5,0.012,6.378866,3.189433,3.066763,00-0031253
Tyson Campbell,2021,4,9.015108,2.253777,7.175744,0.012,12.616211,3.154053,10.04211,00-0036974
Kevin Johnson,2021,1,2.25,2.25,2,0.012,3.148767,3.148767,2.798904,00-0031548
Justin Hardee,2021,3,6.75,2.25,1,0.012,9.446301,3.148767,1.399452,00-0033770
P.J. Williams,2022,1,2.5375,2.5375,2.5375,0.012,3.112764,3.112764,3.112764,00-0032059
A.J. Moore,2023,1,1.08,1.08,0,0.005,1.227011,1.227011,0,00-0034594
Chandon Sullivan,2023,1,1.2325,1.2325,0.1525,0.005,1.400269,1.400269,0.173258,00-0034468
Myles Bryant,2023,1,2.627,2.627,0,0.012,2.98459,2.98459,0,00-0036087
Rudy Ford,2023,1,1.5,1.5,0.05,0.007,1.704181,1.704181,0.056806,00-0033792
Tre Herndon,2023,1,2.5825,2.5825,2.5825,0.011,2.934032,2.934032,2.934032,00-0034516
Danny Johnson,2023,2,5,2.5,2.75,0.011,5.680605,2.840302,3.124333,00-0034071
Tremon Smith,2023,2,5,2.5,2.5,0.011,5.680605,2.840302,2.840302,00-0034278
Roger McCreary,2022,4,9.165614,2.291404,7.245757,0.011,11.243505,2.810877,8.888407,00-0038125
Tavierre Thomas,2023,1,2.25,2.25,2,0.01,2.556272,2.556272,2.272242,00-0034488
Justin Bethel,2023,1,1.3175,1.3175,0.075,0.006,1.496839,1.496839,0.085209,00-0029530
Joey Porter Jr.,2023,4,9.618348,2.404587,8.99987,0.011,10.927607,2.731902,10.224941,00-0039167
Kelvin Joseph,2023,1,0.216,0.216,0,0.001,0.245402,0.245402,0,00-0036935
Kyler Gordon,2022,4,8.68293,2.170733,6.495022,0.01,10.651394,2.662849,7.967477,00-0038111
Andrew Booth Jr.,2022,4,8.305828,2.076457,5.957187,0.01,10.188801,2.5472,7.307712,00-0038130
Asante Samuel Jr.,2021,4,7.222948,1.805737,4.261368,0.01,10.108169,2.527042,5.96358,00-0036617
Artie Burns,2023,1,1.08,1.08,0,0.005,1.227011,1.227011,0,00-0033103
Trayvon Mullen,2023,1,1.2325,1.2325,1.0925,0.005,1.400269,1.400269,1.241212,00-0035695
Fabian Moreau,2023,1,1.3,1.3,0.35,0.006,1.476957,1.476957,0.397642,00-0033918
C.J. Goodwin,2023,1,1.3175,1.3175,0.4525,0.006,1.496839,1.496839,0.514095,00-0031357
Arthur Maulet,2023,1,1.08,1.08,0.22,0.005,1.227011,1.227011,0.249947,00-0033503
Julius Brents,2023,4,8.196936,2.049234,5.975996,0.009,9.312711,2.328178,6.789455,00-0039156
Dane Jackson,2023,1,2.01,2.01,2.01,0.009,2.283603,2.283603,2.283603,00-0036166
Tre Flowers,2023,1,1.2325,1.2325,0.5,0.005,1.400269,1.400269,0.56806,00-0034756
Josh Jackson,2022,1,1.035,1.035,0,0.005,1.26964,1.26964,0,00-0034751
Joejuan Williams,2023,1,1.1,1.1,0.025,0.005,1.249733,1.249733,0.028403,00-0035241
Alontae Taylor,2022,4,7.204696,1.801174,4.157266,0.009,8.838037,2.209509,5.099739,00-0038121
Greedy Williams,2023,1,1.35,1.35,0.6,0.006,1.533763,1.533763,0.681673,00-0035638
Josh Norman,2023,1,0.369166,0.369166,0,0.002,0.419417,0.419417,0,00-0029285
Ryan Smith,2022,1,0.3582,0.3582,0,0.002,0.439406,0.439406,0,NA
Vernon Hargreaves,2021,1,1.5,1.5,0.5,0.008,2.099178,2.099178,0.699726,00-0032758
Jaylon Johnson,2020,4,6.468774,1.617194,3.778599,0.008,8.335645,2.083912,4.869093,00-0036292
Cam Smith,2023,4,7.028432,1.757108,3.931062,0.008,7.985149,1.996287,4.466162,00-0039133
Richard Sherman,2021,1,1.35,1.35,0.5,0.007,1.88926,1.88926,0.699726,00-0028092
Darius Phillips,2023,1,1.13,1.13,0.05,0.005,1.283817,1.283817,0.056806,00-0034683
Tyrique Stevenson,2023,4,6.449502,1.612376,3.483707,0.007,7.327415,1.831854,3.957913,00-0039071
M.J. Stewart,2023,2,6,3,3,0.013,6.816726,3.408363,3.408363,00-0034355
Cam Taylor-Britt,2022,4,5.95273,1.488183,3.189835,0.007,7.302244,1.825562,3.912987,00-0037753
Aaron Robinson,2021,4,5.143292,1.285823,1.100576,0.007,7.197791,1.799448,1.540203,00-0036899
Benjamin St-Juste,2021,4,5.100758,1.27519,1.06964,0.007,7.138266,1.784567,1.49691,00-0036625
Nevin Lawson,2021,1,1.275,1.275,0,0.007,1.784301,1.784301,0,00-0031176
Lonnie Johnson Jr.,2023,1,1.2325,1.2325,0,0.005,1.400269,1.400269,0,00-0035244
Paulson Adebo,2021,4,5.04501,1.26125,1.029096,0.007,7.06025,1.765059,1.440171,00-0036937
D.J. Turner,2023,4,6.16004,1.54001,3.26003,0.007,6.998551,1.749638,3.703789,00-0038549
Kristian Fulton,2020,4,5.330196,1.332549,2.898786,0.007,6.868477,1.717119,3.735368,00-0036416
Duke Dawson,2023,1,1.08,1.08,0,0.005,1.227011,1.227011,0,00-0034744
Antonio Hamilton,2023,1,1.5,1.5,1.5,0.007,1.704181,1.704181,1.704181,00-0032933
Mike Ford,2023,1,1.5,1.5,0.925,0.007,1.704181,1.704181,1.050912,00-0034639
Roderic Teamer,2023,1,1.5,1.5,0.729,0.007,1.704181,1.704181,0.828232,00-0035437
David Long,2023,1,1.5,1.5,0.625,0.007,1.704181,1.704181,0.710076,00-0035665
Blidi Wreh-Wilson,2021,1,1.2125,1.2125,0,0.007,1.696836,1.696836,0,00-0030541
Martin Emerson,2022,4,5.47129,1.367823,1.15912,0.007,6.711659,1.677915,1.421898,00-0037250
Elijah Molden,2021,4,4.78585,1.196463,0.840616,0.007,6.697568,1.674393,1.176402,00-0036992
Nahshon Wright,2021,4,4.7009,1.175225,0.840616,0.006,6.578684,1.644671,1.176402,00-0036986
Ifeatu Melifonwu,2021,4,4.690233,1.172558,0.840616,0.006,6.563756,1.640939,1.176402,00-0036993
Ambry Thomas,2021,4,4.688233,1.172058,0.840616,0.006,6.560957,1.640239,1.176402,00-0037008
Brandon Stephens,2021,4,4.681733,1.170433,0.840616,0.006,6.551861,1.637965,1.176402,00-0036987
Cornell Armstrong,2023,1,1.2325,1.2325,0.1525,0.005,1.400269,1.400269,0.173258,00-0034792
Cordale Flott,2022,4,5.241844,1.310461,0.992248,0.006,6.430197,1.607549,1.217196,00-0037758
Garrett Williams,2023,4,5.63493,1.408733,1.098132,0.006,6.401962,1.600491,1.247611,00-0039007
Marcus Jones,2022,4,5.176952,1.294238,0.945056,0.006,6.350593,1.587648,1.159305,00-0037253
Mackensie Alexander,2022,1,1.135,1.135,0,0.005,1.39231,1.39231,0,00-0032389
Quinton Dunbar,2021,1,1.1275,1.1275,0.1375,0.006,1.577882,1.577882,0.192425,NA
Brian Poole,2021,1,1.1275,1.1275,0.1375,0.006,1.577882,1.577882,0.192425,00-0032596
Dontae Johnson,2022,1,1.2725,1.2725,0.7125,0.006,1.560982,1.560982,0.874027,00-0031061
Riley Moss,2023,4,5.44749,1.361873,0.961812,0.006,6.189008,1.547253,1.092735,00-0038552
Michael Ojemudia,2023,1,0.2898,0.2898,0,0.001,0.329248,0.329248,0,00-0036390
Mekhi Blackmon,2023,4,5.304082,1.326021,0.857512,0.006,6.026079,1.50652,0.974237,00-0038565
Rashaan Melvin,2022,1,1.12,1.12,0,0.005,1.37391,1.37391,0,00-0029901
Prince Amukamara,2021,1,1.075,1.075,0,0.006,1.504411,1.504411,0,00-0027957
Darqueze Dennard,2022,1,1.12,1.12,0,0.005,1.37391,1.37391,0,00-0031380
Nickell Robey-Coleman,2022,1,0.433766,0.433766,0,0.002,0.532103,0.532103,0,00-0030041
Darren Hall,2023,1,0.216,0.216,0,0.001,0.245402,0.245402,0,00-0036956
Isaac Yiadom,2023,1,1.2325,1.2325,0,0.005,1.400269,1.400269,0,00-0034780
James Pierre,2023,1,1.3,1.3,0,0.006,1.476957,1.476957,0,00-0035795
Duke Shelley,2023,1,1.3,1.3,0.5,0.006,1.476957,1.476957,0.56806,00-0035696
Ross Cockrell,2021,2,2.11,1.055,0,0.006,2.952844,1.476422,0,00-0031016
Zech McPhearson,2021,4,4.209656,1.052414,0.729656,0.006,5.891212,1.472803,1.021119,00-0036917
Sam Beal,2021,1,0.1656,0.1656,0,0.001,0.231749,0.231749,0,00-0034839
Robert Rochell,2023,1,0.94,0.94,0,0.004,1.067954,1.067954,0,00-0036904
Troy Apke,2023,1,1.105,1.105,0.025,0.005,1.255414,1.255414,0.028403,00-0034334
Marco Wilson,2021,4,4.130376,1.032594,0.650376,0.006,5.780263,1.445066,0.91017,00-0036884
Cameron Dantzler,2023,1,1.01,1.01,0,0.004,1.147482,1.147482,0,00-0036330
Tre Brown,2021,4,4.120664,1.030166,0.640664,0.006,5.766672,1.441668,0.896579,00-0036885
Kris Boyd,2023,1,1.2325,1.2325,0.4275,0.005,1.400269,1.400269,0.485692,00-0035150
Rashad Fenton,2023,1,1.2325,1.2325,0.07625,0.005,1.400269,1.400269,0.086629,00-0035147
Amani Oruwariye,2023,1,1.2325,1.2325,0.0525,0.005,1.400269,1.400269,0.059646,00-0035270
Tevaughn Campbell,2023,1,1.2325,1.2325,0.1,0.005,1.400269,1.400269,0.113612,00-0034903
D.J. Hayden,2022,1,1.14,1.14,0.02,0.005,1.398444,1.398444,0.024534,00-0030572
Quincy Wilson,2022,1,1.035,1.035,0,0.005,1.26964,1.26964,0,00-0033544
Rashard Robinson,2022,1,1.035,1.035,0,0.005,1.26964,1.26964,0,00-0032410
Cre'Von LeBlanc,2022,1,1.075,1.075,0.015,0.005,1.318708,1.318708,0.018401,00-0032581
Ken Crawley,2022,1,1.035,1.035,0,0.005,1.26964,1.26964,0,00-0032875
Chris Milton,2021,1,0.99,0.99,0,0.005,1.385458,1.385458,0,00-0032353
Daryl Worley,2023,1,1.165,1.165,0,0.005,1.323581,1.323581,0,00-0032891
Torry McTyer,2021,1,0.99,0.99,0,0.005,1.385458,1.385458,0,00-0033405
Nate Hairston,2023,1,1.08,1.08,0,0.005,1.227011,1.227011,0,00-0033568
De'Vante Bausby,2022,1,1.035,1.035,0,0.005,1.26964,1.26964,0,00-0031991
Greg Mabin,2023,1,1.08,1.08,0,0.005,1.227011,1.227011,0,00-0033430
Brandon Williams,2021,1,0.99,0.99,0,0.005,1.385458,1.385458,0,00-0032769
Trevor Williams,2021,1,0.99,0.99,0,0.005,1.385458,1.385458,0,00-0032916
Tye Smith,2022,1,1.035,1.035,0,0.005,1.26964,1.26964,0,00-0031597
Marqui Christian,2021,1,0.99,0.99,0,0.005,1.385458,1.385458,0,00-0032786
Briean Boddy-Calhoun,2021,1,0.99,0.99,0,0.005,1.385458,1.385458,0,00-0032517
Jalen Davis,2023,2,2.43,1.215,0.15,0.005,2.760774,1.380387,0.170418,00-0034446
Kendall Sheffield,2023,1,1.21,1.21,0.05,0.005,1.374706,1.374706,0.056806,00-0035255
Joe Haden,2022,1,1.12,1.12,0,0.005,1.37391,1.37391,0,00-0027860
Coby Bryant,2022,4,4.467808,1.116952,0.807808,0.005,5.480683,1.370171,0.990942,00-0038136
Breon Borders,2023,1,1.08,1.08,0,0.005,1.227011,1.227011,0,00-0033435
Damarri Mathis,2022,4,4.43896,1.10974,0.77896,0.005,5.445295,1.361324,0.955554,00-0038105
Akayleb Evans,2022,4,4.421076,1.105269,0.761076,0.005,5.423356,1.355839,0.933616,00-0038101
Jalyn Armour-Davis,2022,4,4.420324,1.105081,0.760324,0.005,5.422434,1.355608,0.932693,00-0038119
Jack Jones,2022,4,4.406984,1.101746,0.746984,0.005,5.40607,1.351517,0.916329,00-0038039
Cameron Lewis,2023,1,1.185,1.185,0.35,0.005,1.346303,1.346303,0.397642,00-0035357
Michael Carter II,2021,4,3.808928,0.952232,0.328928,0.005,5.330412,1.332603,0.460319,00-0036501
Shaun Wade,2021,4,3.797564,0.949391,0.317564,0.005,5.314509,1.328627,0.444416,00-0036559
Joshua Williams,2022,4,4.32626,1.081565,0.66626,0.005,5.307045,1.326761,0.817305,00-0038043
Jakorian Bennett,2023,4,4.663588,1.165897,0.823588,0.005,5.2984,1.3246,0.935696,00-0039072
Keith Taylor,2023,1,0.216,0.216,0,0.001,0.245402,0.245402,0,00-0036561
Kelee Ringo,2023,4,4.660928,1.165232,0.820928,0.005,5.295378,1.323845,0.932674,00-0039140
Nate Hobbs,2021,4,3.783052,0.945763,0.303052,0.005,5.2942,1.32355,0.424107,00-0036871
Deommodore Lenoir,2021,4,3.764868,0.941217,0.284868,0.005,5.268752,1.317188,0.398659,00-0036563
Darnay Holmes,2023,1,1.01,1.01,0,0.004,1.147482,1.147482,0,00-0036394
"Troy Pride, Jr.",2023,1,0.87,0.87,0,0.004,0.988425,0.988425,0,00-0036299
Clark Phillips III,2023,4,4.613532,1.153383,0.773532,0.005,5.241531,1.310383,0.878826,00-0038568
Shemar Jean-Charles,2023,1,0.94,0.94,0,0.004,1.067954,1.067954,0,00-0036645
Reggie Robinson,2022,1,0.825,0.825,0,0.004,1.012032,1.012032,0,00-0036372
Corey Ballentine,2023,1,1.14,1.14,0.06,0.005,1.295178,1.295178,0.068167,00-0035633
Corn Elder,2022,1,1.055,1.055,0.02,0.005,1.294174,1.294174,0.024534,00-0033289
Donte Deayon,2021,1,0.92,0.92,0,0.005,1.287496,1.287496,0,00-0032641
Davontae Harris,2022,1,1.035,1.035,0,0.005,1.26964,1.26964,0,00-0034388
Parry Nickerson,2023,1,1.08,1.08,0,0.005,1.227011,1.227011,0,00-0034274
T.J. Green,2022,1,1.035,1.035,0,0.005,1.26964,1.26964,0,00-0033059
Kevin Peterson,2021,1,0.92,0.92,0,0.005,1.287496,1.287496,0,00-0032848
KeiVarae Russell,2022,1,0.965,0.965,0,0.005,1.18377,1.18377,0,00-0033091
Ryan Neal,2023,1,2.627,2.627,0,0.012,2.98459,2.98459,0,00-0034527
Cordrea Tankersley,2021,1,0.92,0.92,0,0.005,1.287496,1.287496,0,00-0033462
Lafayette Pitts,2022,1,0.965,0.965,0,0.005,1.18377,1.18377,0,00-0032617
Montre Hartage,2021,2,1.8365,0.91825,0.0015,0.005,2.570094,1.285047,0.002099,00-0035339
Tae Hayes,2023,1,1.01,1.01,0,0.004,1.147482,1.147482,0,00-0035365
Brandin Echols,2021,4,3.654192,0.913548,0.174192,0.005,5.113867,1.278467,0.243773,00-0036504
Rodarius Williams,2021,4,3.653136,0.913284,0.173136,0.005,5.112389,1.278097,0.242296,00-0036570
Damarion Williams,2022,4,4.164336,1.041084,0.504336,0.005,5.108412,1.277103,0.618672,00-0037984
Cobie Durant,2022,4,4.164336,1.041084,0.504336,0.005,5.108412,1.277103,0.618672,00-0037839
Rachad Wildgoose,2023,1,0.94,0.94,0,0.004,1.067954,1.067954,0,00-0036573
Grant Haley,2022,1,0.965,0.965,0,0.005,1.18377,1.18377,0,00-0034502
Kyron Brown,2023,1,0.94,0.94,0,0.004,1.067954,1.067954,0,00-0035499
Will Redmond,2022,1,1.035,1.035,0,0.005,1.26964,1.26964,0,00-0033124
Maurice Canady,2022,1,1.035,1.035,0,0.005,1.26964,1.26964,0,00-0032438
Josiah Scott,2023,1,1.01,1.01,0,0.004,1.147482,1.147482,0,00-0036303
L'Jarius Sneed,2020,4,3.92932,0.98233,0.63432,0.005,5.063311,1.265828,0.817383,00-0036374
Thomas Graham Jr.,2023,1,0.94,0.94,0,0.004,1.067954,1.067954,0,00-0036908
Tay Gowan,2023,1,0.94,0.94,0,0.004,1.067954,1.067954,0,00-0036897
Kary Vincent Jr.,2022,1,0.207,0.207,0,0.001,0.253928,0.253928,0,00-0036662
Justin Layne,2019,4,3.68318,0.920795,0.92218,0.005,4.998322,1.24958,1.25146,00-0035650
Chris Wilcox,2023,1,0.75,0.75,0,0.003,0.852091,0.852091,0,00-0036667
Xavier Crawford,2022,1,1.015,1.015,0,0.005,1.245106,1.245106,0,00-0035293
Kevon Seymour,2023,1,1.08,1.08,0,0.005,1.227011,1.227011,0,00-0032942
Ugochukwu Amadi,2023,1,1.08,1.08,0,0.005,1.227011,1.227011,0,00-0035142
Teez Tabor,2023,1,1.08,1.08,0,0.005,1.227011,1.227011,0,00-0033545
Bennett Jackson,2021,1,0.875,0.875,0.1,0.005,1.224521,1.224521,0.139945,00-0031188
Tariq Woolen,2022,4,3.992216,0.998054,0.332216,0.005,4.897272,1.224318,0.407531,00-0037079
Zyon McCollum,2022,4,3.981732,0.995433,0.321732,0.005,4.884411,1.221103,0.39467,00-0037268
Amik Robertson,2020,4,3.7894,0.94735,0.4944,0.005,4.883011,1.220753,0.637083,00-0036375
John Reid,2023,1,1.01,1.01,0,0.004,1.147482,1.147482,0,00-0036304
DaRon Bland,2022,4,3.964788,0.991197,0.304788,0.005,4.863626,1.215906,0.373885,00-0037275
Chris Lammons,2023,2,2.135,1.0675,0,0.005,2.425618,1.212809,0,00-0034145
Samuel Womack,2022,4,3.943324,0.985831,0.283324,0.005,4.837296,1.209324,0.347555,00-0037830
Darius Rush,2023,4,4.19766,1.049415,0.35766,0.005,4.76905,1.192262,0.406345,00-0038388
Robert Jackson,2022,1,0.965,0.965,0,0.005,1.18377,1.18377,0,00-0034088
Brian Allen,2022,1,0.895,0.895,0,0.004,1.097901,1.097901,0,00-0033467
Jordan Miller,2022,1,0.965,0.965,0,0.005,1.18377,1.18377,0,00-0035285
Rico Gafford,2022,1,0.895,0.895,0,0.004,1.097901,1.097901,0,00-0034660
Linden Stephens,2022,1,0.895,0.895,0,0.004,1.097901,1.097901,0,00-0034130
Jamal Perry,2023,1,1.01,1.01,0,0.004,1.147482,1.147482,0,00-0033734
Blessuan Austin,2023,1,1.01,1.01,0,0.004,1.147482,1.147482,0,00-0035294
Kareem Orr,2022,2,1.905,0.9525,0,0.005,2.336873,1.168437,0,00-0035573
Ken Webster,2021,1,0.85,0.85,0,0.005,1.189534,1.189534,0,00-0035318
Cameron Mitchell,2023,4,4.177228,1.044307,0.337228,0.005,4.745836,1.186459,0.383132,00-0038585
Craig James,2023,1,1.01,1.01,0,0.004,1.147482,1.147482,0,00-0034310
Jimmy Moreland,2023,1,1.01,1.01,0,0.004,1.147482,1.147482,0,00-0035307
Kevin Toliver II,2023,1,1.01,1.01,0,0.004,1.147482,1.147482,0,00-0034603
Christian Benford,2022,4,3.85428,0.96357,0.19428,0.005,4.728065,1.182016,0.238324,00-0037288
Darrell Luter Jr.,2023,4,4.153512,1.038378,0.313512,0.005,4.718892,1.179723,0.356188,00-0038594
Kyu Blu Kelly,2023,4,4.149144,1.037286,0.309144,0.005,4.71393,1.178482,0.351225,00-0038381
Gregory Junior,2022,4,3.834264,0.958566,0.174264,0.005,4.703511,1.175878,0.213771,00-0037296
Herb Miller,2023,1,1.01,1.01,0,0.004,1.147482,1.147482,0,00-0035210
Jameson Houston,2023,1,0.87,0.87,0,0.004,0.988425,0.988425,0,NA
Saivion Smith,2023,1,0.94,0.94,0,0.004,1.067954,1.067954,0,00-0035370
Terrell Bonds,2022,2,1.765,0.8825,0,0.004,2.165134,1.082567,0,00-0035137
Nate Meadors,2023,1,0.87,0.87,0,0.004,0.988425,0.988425,0,00-0035108
Terell Smith,2023,4,4.115884,1.028971,0.275884,0.005,4.676142,1.169036,0.313438,00-0038395
Tyler Hall,2023,1,1.01,1.01,0,0.004,1.147482,1.147482,0,00-0035783
Anthony Chesley,2022,2,1.905,0.9525,0,0.005,2.336873,1.168437,0,00-0035393
Chris Jackson,2022,2,1.905,0.9525,0,0.005,2.336873,1.168437,0,00-0036240
Harrison Hand,2022,2,1.905,0.9525,0,0.005,2.336873,1.168437,0,00-0036344
Luq Barcoo,2023,1,0.94,0.94,0,0.004,1.067954,1.067954,0,00-0036101
Bryce Hall,2023,1,1.01,1.01,0,0.004,1.147482,1.147482,0,00-0036241
Tariq Castro-Fields,2023,2,1.855,0.9275,0,0.004,2.107504,1.053752,0,00-0037833
Derion Kendrick,2022,4,3.792012,0.948003,0.132012,0.005,4.65168,1.16292,0.16194,00-0037842
Ja'Sir Taylor,2022,4,3.792012,0.948003,0.132012,0.005,4.65168,1.16292,0.16194,00-0037307
Kindle Vildor,2023,1,1.01,1.01,0,0.004,1.147482,1.147482,0,00-0036307
Montaric Brown,2022,4,3.77598,0.943995,0.11598,0.005,4.632014,1.158003,0.142273,00-0037313
Faion Hicks,2023,1,0.75,0.75,0,0.003,0.852091,0.852091,0,00-0037319
Deane Leonard,2022,4,3.759664,0.939916,0.099664,0.005,4.611999,1.153,0.122258,00-0037320
Chase Lucas,2023,1,0.87,0.87,0,0.004,0.988425,0.988425,0,00-0037321
Eric Scott,2023,4,4.058308,1.014577,0.218308,0.005,4.610729,1.152682,0.248024,00-0038604
Rodney Thomas,2022,4,3.755384,0.938846,0.095384,0.005,4.606749,1.151687,0.117008,00-0037323
Christian Holmes,2022,4,3.75388,0.93847,0.09388,0.005,4.604904,1.151226,0.115163,00-0037095
Mac McCain III,2023,1,0.87,0.87,0,0.004,0.988425,0.988425,0,00-0036724
Kei'Trel Clark,2023,4,4.0486,1.01215,0.2086,0.005,4.599699,1.149925,0.236995,00-0038984
Kalon Barnes,2023,1,0.216,0.216,0,0.001,0.245402,0.245402,0,00-0037325
Jaylen Watson,2022,4,3.745368,0.936342,0.085368,0.004,4.594462,1.148615,0.104721,00-0037195
Christian Matthew,2023,1,0.240666,0.240666,0,0.001,0.273426,0.273426,0,00-0037747
Olaijah Griffin,2022,2,1.575,0.7875,0.015,0.004,1.932061,0.96603,0.018401,NA
Essang Bassey,2023,1,1.01,1.01,0,0.004,1.147482,1.147482,0,00-0035862
Elijah Campbell,2023,1,1.01,1.01,0,0.004,1.147482,1.147482,0,00-0034248
Jace Whittaker,2023,1,1.01,1.01,0,0.004,1.147482,1.147482,0,00-0036043
Bobby Price,2023,1,1.01,1.01,0,0.004,1.147482,1.147482,0,00-0036011
Myles Hartsfield,2023,1,1.01,1.01,0,0.004,1.147482,1.147482,0,00-0035950
Isaiah Rodgers,2023,1,1.01,1.01,0,0.004,1.147482,1.147482,0,00-0036222
Dee Delaney,2023,1,1.01,1.01,0,0.004,1.147482,1.147482,0,00-0034515
Tre Tomlinson,2023,4,4.039852,1.009963,0.199852,0.004,4.589761,1.14744,0.227056,00-0039134
Antonio Phillips,2021,3,2.45,0.816667,0.025,0.004,3.428658,1.142886,0.034986,NA
Lorenzo Burns,2023,1,0.75,0.75,0,0.003,0.852091,0.852091,0,00-0036807
Shakur Brown,2022,2,1.575,0.7875,0,0.004,1.932061,0.96603,0,NA
Isaiah Dunn,2023,1,0.94,0.94,0,0.004,1.067954,1.067954,0,00-0036506
Bryan Mills,2021,3,2.445,0.815,0.02,0.004,3.42166,1.140553,0.027989,NA
Nick McCloud,2022,2,1.765,0.8825,0,0.004,2.165134,1.082567,0,00-0036589
Mark Gilbert,2023,2,1.855,0.9275,0,0.004,2.107504,1.053752,0,00-0036530
Christian Braswell,2023,4,4.007596,1.001899,0.167596,0.004,4.553114,1.138278,0.190409,00-0038616
Trill Williams,2021,3,2.44,0.813333,0.115,0.004,3.414663,1.138221,0.160937,00-0036546
D.J. Daniel,2021,3,2.44,0.813333,0.115,0.004,3.414663,1.138221,0.160937,NA
Nick Nelson,2021,1,0.78,0.78,0,0.004,1.091573,1.091573,0,00-0034767
Jarrick Bernard-Converse,2023,4,4.004384,1.001096,0.164384,0.004,4.549465,1.137366,0.18676,00-0038401
A.J. Parker,2023,1,0.94,0.94,0,0.004,1.067954,1.067954,0,00-0036752
Marlon Character,2021,3,2.4325,0.810833,0.01,0.004,3.404167,1.134722,0.013995,NA
Erick Hallett,2023,4,3.994208,0.998552,0.154208,0.004,4.537904,1.134476,0.175199,00-0038620
Lawrence Woods,2021,3,2.43,0.81,0.005,0.004,3.400668,1.133556,0.006997,NA
Ka'dar Hollman,2023,2,1.995,0.9975,0,0.004,2.266561,1.133281,0,00-0034990
Greg Stroman,2023,2,1.995,0.9975,0,0.004,2.266561,1.133281,0,00-0034337
Andre Chachere,2023,2,1.995,0.9975,0,0.004,2.266561,1.133281,0,00-0034623
Tre Hawkins,2023,4,3.98952,0.99738,0.14952,0.004,4.532577,1.133144,0.169873,00-0038403
Brontae Harris,2021,3,2.4285,0.8095,0.0035,0.004,3.398569,1.132856,0.004898,NA
Jerry Jacobs,2021,3,2.4285,0.8095,0.0035,0.004,3.398569,1.132856,0.004898,00-0036748
Corey Straughter,2021,3,2.428,0.809333,0.003,0.004,3.39787,1.132623,0.004198,NA
Jaylon McClain-Sapp,2021,3,2.4275,0.809167,0.0025,0.004,3.39717,1.13239,0.003499,NA
Emmanuel Rugamba,2021,3,2.4265,0.808833,0.0015,0.004,3.39577,1.131923,0.002099,NA
Kiondre Thomas,2023,1,0.87,0.87,0,0.004,0.988425,0.988425,0,00-0036688
Dionte Ruffin,2021,3,2.426,0.808667,0.001,0.004,3.395071,1.131691,0.001399,NA
Bryce Thompson,2023,2,1.855,0.9275,0,0.004,2.107504,1.053752,0,00-0036792
J.T. Ibe,2021,3,2.425,0.808333,0,0.004,3.393671,1.131223,0,NA
K.J. Sails,2021,3,2.425,0.808333,0,0.004,3.393671,1.131223,0,NA
Dominique Martin,2021,3,2.425,0.808333,0,0.004,3.393671,1.131223,0,NA
Manny Patterson,2021,3,2.425,0.808333,0,0.004,3.393671,1.131223,0,NA
Jaytlin Askew,2021,3,2.4275,0.808167,0.0025,0.004,3.39717,1.130991,0.003499,NA
Ameer Speed,2023,4,3.973332,0.993333,0.133332,0.004,4.514186,1.128546,0.151481,00-0038624
Jaylon Jones,2023,4,3.95348,0.98837,0.11348,0.004,4.491632,1.122908,0.128927,00-0038407
"Chauncey Gardner-Johnson, Jr.",2023,1,6.5,6.5,6.5,0.029,7.384786,7.384786,7.384786,00-0035253
Carrington Valentine,2023,4,3.94066,0.985165,0.10066,0.004,4.477067,1.119267,0.114362,00-0038408
Cory Trice,2023,4,3.924436,0.981109,0.084436,0.004,4.458634,1.114659,0.09593,00-0038639
Isaiah Bolden,2023,4,3.921684,0.980421,0.081684,0.004,4.455508,1.113877,0.092803,00-0038641
D.J. Ivey,2023,4,3.920656,0.980164,0.080656,0.004,4.45434,1.113585,0.091635,00-0038642
Alex Austin,2023,4,3.917784,0.979446,0.077784,0.004,4.451077,1.112769,0.088372,00-0038646
Nic Jones,2023,4,3.917784,0.979446,0.077784,0.004,4.451077,1.112769,0.088372,00-0038986
Ryan Lewis,2020,2,1.705,0.8525,0.035,0.004,2.197059,1.098529,0.045101,00-0033608
Madre Harper,2023,1,0.94,0.94,0,0.004,1.067954,1.067954,0,00-0036084
Isaiah Johnson,2022,1,0.895,0.895,0,0.004,1.097901,1.097901,0,00-0034980
Thakarius Keyes,2023,1,0.94,0.94,0,0.004,1.067954,1.067954,0,00-0036385
Stantley Thomas-Oliver,2023,1,0.2898,0.2898,0,0.001,0.329248,0.329248,0,00-0036315
Chris Claybrooks,2020,4,3.397388,0.849347,0.102388,0.004,4.377865,1.094466,0.131937,00-0036316
Dee Virgin,2021,1,0.252,0.252,0,0.001,0.352662,0.352662,0,00-0033779
Alijah Holder,2021,1,0.78,0.78,0,0.004,1.091573,1.091573,0,00-0034948
Adonis Alexander,2021,1,0.78,0.78,0,0.004,1.091573,1.091573,0,00-0034840
Delrick Abrams,2021,1,0.78,0.78,0,0.004,1.091573,1.091573,0,00-0035774
Alex Brown,2021,1,0.78,0.78,0,0.004,1.091573,1.091573,0,00-0035634
Khalil Dorsey,2023,1,0.87,0.87,0,0.004,0.988425,0.988425,0,00-0036124
Nate Brooks,2023,1,0.87,0.87,0,0.004,0.988425,0.988425,0,00-0035485
Chris Williamson,2022,2,1.765,0.8825,0,0.004,2.165134,1.082567,0,00-0036405
Iman Marshall,2019,4,3.195772,0.798943,0.675772,0.004,4.336877,1.084219,0.917068,00-0034979
Dylan Mabin,2023,1,0.87,0.87,0,0.004,0.988425,0.988425,0,00-0035130
Lamar Jackson,2023,1,0.94,0.94,0,0.004,1.067954,1.067954,0,00-0036152
Kemon Hall,2023,1,0.94,0.94,0,0.004,1.067954,1.067954,0,00-0035542
Michael Jackson Sr.,2023,1,0.94,0.94,0,0.004,1.067954,1.067954,0,00-0035277
Kyler McMichael,2023,2,1.674,0.837,0.009,0.004,1.901867,0.950933,0.010225,00-0037484
Kader Kohou,2022,3,2.59,0.863333,0.04,0.004,3.177166,1.059055,0.049068,00-0037353
Duron Lowe,2023,2,1.665,0.8325,0,0.004,1.891641,0.945821,0,NA
Tristin McCollum,2023,2,1.74,0.87,0.025,0.004,1.976851,0.988425,0.028403,00-0037461
Josh Valentine-Turner,2022,3,2.58,0.86,0.02,0.004,3.164899,1.054966,0.024534,NA
Marcelino McCrary-Ball,2023,3,2.695,0.898333,0,0.004,3.061846,1.020615,0,00-0037526
Matt Hankins,2023,1,0.75,0.75,0,0.003,0.852091,0.852091,0,NA
Caesar Williams,2022,3,2.58,0.86,0.02,0.004,3.164899,1.054966,0.024534,NA
Darrell Baker Jr.,2022,3,2.58,0.86,0.03,0.004,3.164899,1.054966,0.036801,00-0037549
DaMarcus Fields,2023,1,0.75,0.75,0,0.003,0.852091,0.852091,0,00-0037535
D'Angelo Ross,2023,2,1.855,0.9275,0,0.004,2.107504,1.053752,0,00-0034966
Sam Webb,2023,2,1.855,0.9275,0,0.004,2.107504,1.053752,0,00-0037516
Shaun Jolly,2023,2,1.855,0.9275,0,0.004,2.107504,1.053752,0,00-0037337
Ja'Quan McMillian,2022,3,2.575,0.858333,0.075,0.004,3.158766,1.052921,0.092003,00-0037384
Zyon Gilbert,2023,1,0.87,0.87,0,0.004,0.988425,0.988425,0,00-0037373
Josh Thompson,2023,1,0.216,0.216,0,0.001,0.245402,0.245402,0,00-0037070
Cedric Boswell,2022,3,2.575,0.858333,0.03,0.004,3.158766,1.052921,0.036801,NA
Josh Blackwell,2023,1,0.87,0.87,0,0.004,0.988425,0.988425,0,00-0037129
Chris Steele,2023,1,0.75,0.75,0,0.003,0.852091,0.852091,0,00-0037049
Dee Alford,2022,3,2.5705,0.856833,0.06,0.004,3.153245,1.051081,0.073602,00-0037034
Elijah Hamilton,2023,1,0.75,0.75,0,0.003,0.852091,0.852091,0,NA
Benjie Franklin,2023,1,0.75,0.75,0,0.003,0.852091,0.852091,0,00-0037062
Jermaine Waller,2022,3,2.57,0.856667,0.065,0.004,3.152632,1.050878,0.079736,NA
Bryce Watts,2022,3,2.57,0.856667,0.01,0.004,3.152632,1.050878,0.012267,NA
Josh Jobe,2022,3,2.57,0.856667,0.135,0.004,3.152632,1.050878,0.165605,00-0037137
Mario Goodrich,2023,2,1.665,0.8325,0,0.004,1.891641,0.945821,0,00-0037136
Darren Evans,2023,1,0.75,0.75,0,0.003,0.852091,0.852091,0,00-0037372
Shabari Davis,2022,3,2.57,0.856667,0.06,0.004,3.152632,1.050878,0.073602,NA
Don Gardner,2023,2,1.665,0.8325,0,0.004,1.891641,0.945821,0,00-0037482
Bryce Cosby,2023,1,0.75,0.75,0,0.003,0.852091,0.852091,0,00-0037505
Brandon Sebastian,2022,3,2.5675,0.855833,0.0075,0.004,3.149565,1.049855,0.0092,NA
Josh Drayden,2022,3,2.567,0.855667,0.022,0.004,3.148952,1.049651,0.026988,NA
Travon Fuller,2022,3,2.567,0.855667,0.007,0.004,3.148952,1.049651,0.008587,NA
Jacobi Francis,2023,1,0.216,0.216,0,0.001,0.245402,0.245402,0,00-0037464
Allie Green IV,2022,3,2.5655,0.855167,0.0055,0.004,3.147112,1.049038,0.006747,NA
Isaac Taylor-Stuart,2023,1,0.75,0.75,0,0.003,0.852091,0.852091,0,00-0037577
David Vereen,2023,1,0.75,0.75,0,0.003,0.852091,0.852091,0,NA
Quandre Mosely,2023,1,0.75,0.75,0,0.003,0.852091,0.852091,0,00-0037573
Vincent Gray,2023,1,0.75,0.75,0,0.003,0.852091,0.852091,0,00-0037536
Malkelm Morrison,2022,3,2.565,0.855,0.005,0.004,3.146499,1.048833,0.006134,NA
Dallis Flowers,2022,3,2.565,0.855,0.015,0.004,3.146499,1.048833,0.018401,00-0037395
Delonte Hood,2023,1,0.75,0.75,0,0.003,0.852091,0.852091,0,00-0037418
TJ Carter,2023,2,1.665,0.915,0,0.004,1.891641,1.039551,0,NA
Devin Taylor,2022,3,2.5635,0.8545,0.0035,0.004,3.144659,1.04822,0.004293,NA
Raleigh Texada,2022,3,2.563,0.854333,0.003,0.004,3.144045,1.048015,0.00368,NA
Brendan Radley-Hiles,2022,3,2.563,0.854333,0.003,0.004,3.144045,1.048015,0.00368,NA
Ja'Marcus Ingram,2023,2,1.673,0.8365,0.008,0.004,1.90073,0.950365,0.009089,00-0037661
Jaylon Jones,2022,3,2.5625,0.854167,0.0025,0.004,3.143432,1.047811,0.003067,00-0037106
Cortez Davis,2022,3,2.5625,0.854167,0.0025,0.004,3.143432,1.047811,0.003067,NA
Nijuel Hill,2022,3,2.5615,0.853833,0.0015,0.004,3.142205,1.047401,0.00184,NA
Allan George,2023,2,1.575,0.7875,0,0.004,1.789391,0.894695,0,00-0037415
Tre Swilling,2023,1,0.75,0.75,0,0.003,0.852091,0.852091,0,00-0037608
Denzel Williams,2022,3,2.561,0.853667,0.001,0.004,3.141592,1.047198,0.001227,NA
Marcel Dabo,2023,1,0.75,0.75,0,0.003,0.852091,0.852091,0,NA
Junior Faulk,2022,3,2.56,0.853333,0.02,0.004,3.140365,1.046788,0.024534,NA
Brandin Dandridge,2022,3,2.56,0.853333,0,0.004,3.140365,1.046788,0,NA
Devin Hafford,2022,3,2.56,0.853333,0,0.004,3.140365,1.046788,0,NA
Abu Daramy-Swaray,2022,3,2.56,0.853333,0,0.004,3.140365,1.046788,0,NA
Devin Jones,2022,3,2.56,0.853333,0,0.004,3.140365,1.046788,0,NA
Carlins Platel,2022,3,2.56,0.853333,0,0.004,3.140365,1.046788,0,NA
Elijah Jones,2022,3,2.56,0.853333,0,0.004,3.140365,1.046788,0,NA
Tre Avery,2022,3,2.56,0.853333,0,0.004,3.140365,1.046788,0,00-0037593
Jarren Williams,2023,1,0.87,0.87,0,0.004,0.988425,0.988425,0,00-0035925
Zane Lewis,2021,2,1.485,0.7425,0,0.004,2.078186,1.039093,0,NA
Lavert Hill,2023,1,0.75,0.75,0,0.003,0.852091,0.852091,0,00-0035885
Donte Vaughn,2022,1,0.705,0.705,0,0.003,0.864827,0.864827,0,00-0035911
John Brannon,2022,1,0.705,0.705,0,0.003,0.864827,0.864827,0,00-0035899
Josh Nurse,2021,2,1.485,0.7425,0,0.004,2.078186,1.039093,0,00-0036126
Javaris Davis,2022,2,1.575,0.7875,0,0.004,1.932061,0.96603,0,00-0035880
Tino Ellis,2023,2,1.665,0.8325,0,0.004,1.891641,0.945821,0,00-0035858
Corey Mayfield Jr.,2023,3,2.72,0.906667,0.035,0.004,3.090249,1.030083,0.039764,00-0038453
Mark Milton,2023,3,2.72,0.906667,0.055,0.004,3.090249,1.030083,0.062487,00-0038538
Kaleb Hayes,2023,3,2.72,0.906667,0.125,0.004,3.090249,1.030083,0.142015,00-0038668
Jordan Perryman,2023,3,2.7175,0.905833,0.1,0.004,3.087409,1.029136,0.113612,NA
Gemon Green,2023,3,2.715,0.905,0.105,0.004,3.084569,1.02819,0.119293,00-0038478
D'Shawn Jamison,2023,3,2.715,0.905,0.14,0.004,3.084569,1.02819,0.159057,00-0038877
Starling Thomas V,2023,3,2.715,0.905,0.02,0.004,3.084569,1.02819,0.022722,00-0038663
Mekhi Garner,2023,3,2.7125,0.904167,0.1175,0.004,3.081728,1.027243,0.133494,00-0038482
Steven Gilmore,2023,3,2.71,0.903333,0.075,0.004,3.078888,1.026296,0.085209,00-0038655
Cameron McCutcheon,2023,3,2.71,0.903333,0.015,0.004,3.078888,1.026296,0.017042,00-0038946
Rejzohn Wright,2023,3,2.71,0.903333,0.09,0.004,3.078888,1.026296,0.102251,00-0038781
Jaylin Williams,2023,3,2.71,0.903333,0.05,0.004,3.078888,1.026296,0.056806,00-0038812
Keenan Isaac,2023,3,2.707,0.902333,0.012,0.004,3.07548,1.025159,0.013633,00-0038819
Eli Ricks,2023,3,2.705,0.901667,0.04,0.004,3.073207,1.024403,0.045445,00-0038487
Tiawan Mullen,2023,3,2.705,0.901667,0.03,0.004,3.073207,1.024403,0.034084,00-0038871
Kahlef Hailassie,2023,3,2.705,0.901667,0.1,0.004,3.073207,1.024403,0.113612,00-0038523
Colby Richardson,2023,3,2.705,0.901667,0.01,0.004,3.073207,1.024403,0.011361,00-0038779
Art Green,2023,3,2.705,0.901667,0.18,0.004,3.073207,1.024403,0.204502,00-0038788
Myles Brooks,2023,3,2.705,0.901667,0.15,0.004,3.073207,1.024403,0.170418,00-0038733
Keidron Smith,2023,3,2.705,0.901667,0.135,0.004,3.073207,1.024403,0.153376,00-0038696
Jaydon Grant,2023,3,2.705,0.901667,0.04,0.004,3.073207,1.024403,0.045445,00-0038915
Steven Jones,2023,3,2.705,0.901666,0.025,0.004,3.073207,1.024402,0.028403,00-0038846
Timarcus Davis,2023,3,2.704,0.901333,0.009,0.004,3.072071,1.024023,0.010225,00-0038968
Azizi Hearn,2023,3,2.703,0.901,0.018,0.004,3.070935,1.023645,0.02045,NA
Ty Okada,2023,3,2.7025,0.900833,0.0075,0.004,3.070367,1.023455,0.008521,00-0038765
Divaad Wilson,2023,3,2.7025,0.900833,0.0175,0.004,3.070367,1.023455,0.019882,00-0038674
Arquon Bush,2023,3,2.7025,0.900833,0.0075,0.004,3.070367,1.023455,0.008521,00-0038755
Cole Coleman,2023,3,2.7025,0.900833,0.0075,0.004,3.070367,1.023455,0.008521,NA
Reese Taylor,2023,3,2.7,0.9,0.07,0.004,3.067527,1.022509,0.079528,00-0038521
Anthony Witherstone,2023,3,2.7,0.9,0.005,0.004,3.067527,1.022509,0.005681,00-0038522
Quavian White,2023,3,2.7,0.9,0.005,0.004,3.067527,1.022509,0.005681,00-0038931
Avery Young,2023,3,2.7,0.9,0.015,0.004,3.067527,1.022509,0.017042,00-0038885
Daewood Davis,2023,3,2.7,0.9,0.005,0.004,3.067527,1.022509,0.005681,00-0038688
Caleb Biggers,2023,3,2.7,0.9,0.01,0.004,3.067527,1.022509,0.011361,00-0038712
Tyler Richardson,2023,3,2.7,0.9,0.005,0.004,3.067527,1.022509,0.005681,NA
Cameron Brown,2023,3,2.7,0.9,0.005,0.004,3.067527,1.022509,0.005681,00-0038859
Ethan Bonner,2023,3,2.7,0.9,0.08,0.004,3.067527,1.022509,0.09089,00-0038684
Kenneth George,2022,3,2.56,0.833333,0,0.004,3.140365,1.022254,0,NA
Tyon Davis,2023,3,2.6985,0.8995,0.0035,0.004,3.065823,1.021941,0.003976,00-0038361
D'Angelo Mandell,2023,3,2.698,0.899333,0.003,0.004,3.065254,1.021751,0.003408,00-0038739
Nick Whiteside,2023,3,2.698,0.899333,0.003,0.004,3.065254,1.021751,0.003408,00-0038841
Jeremy Lucien,2023,3,2.698,0.899333,0.003,0.004,3.065254,1.021751,0.003408,00-0038451
C.J. Coldon,2023,3,2.6975,0.899167,0.0025,0.004,3.064686,1.021563,0.00284,00-0038803
D.J. Stirgus,2023,3,2.6975,0.899167,0.0025,0.004,3.064686,1.021563,0.00284,00-0038838
Derrick Langford,2023,3,2.697,0.899,0.002,0.004,3.064118,1.021373,0.002272,00-0038501
A.J. Uzodinma,2023,3,2.697,0.899,0.002,0.004,3.064118,1.021373,0.002272,00-0038872
Isaiah Norman,2023,3,2.6965,0.898833,0.0015,0.004,3.06355,1.021183,0.001704,00-0038517
Derrek Pitts,2023,3,2.696,0.898667,0.001,0.004,3.062982,1.020994,0.001136,00-0038827
James Campbell,2023,3,2.696,0.898667,0.001,0.004,3.062982,1.020994,0.001136,NA
Montrae Braswell,2023,3,2.696,0.898667,0.001,0.004,3.062982,1.020994,0.001136,NA
Lance Boykin,2023,3,2.696,0.898666,0.001,0.004,3.062982,1.020993,0.001136,00-0038753
Leonard Johnson,2023,3,2.695,0.898333,0,0.004,3.061846,1.020615,0,NA
Nehemiah Shelton,2023,3,2.695,0.898333,0,0.004,3.061846,1.020615,0,NA
Jordan Swann,2023,3,2.695,0.898333,0,0.004,3.061846,1.020615,0,00-0039039
Anthony Kendall,2023,3,2.695,0.898333,0,0.004,3.061846,1.020615,0,00-0038848
NaJee Thompson,2023,3,2.695,0.898333,0,0.004,3.061846,1.020615,0,00-0038811
Adrian Frye,2023,3,2.695,0.898333,0,0.004,3.061846,1.020615,0,00-0038964
Ekow Boye-Doe,2023,3,2.695,0.898333,0,0.004,3.061846,1.020615,0,00-0038956
William Hooper,2023,3,2.695,0.898333,0,0.004,3.061846,1.020615,0,00-0038529
Natrone Brooks,2023,3,2.695,0.898333,0,0.004,3.061846,1.020615,0,00-0038966
Andrew Whitaker,2023,3,2.695,0.898333,0,0.004,3.061846,1.020615,0,NA
LJ Davis,2023,3,2.695,0.898333,0,0.004,3.061846,1.020615,0,00-0038960
Armani Marsh,2023,3,2.695,0.898333,0,0.004,3.061846,1.020615,0,00-0038963
Eric Garror,2023,3,2.695,0.898333,0,0.004,3.061846,1.020615,0,00-0038961
Josh Butler,2023,3,2.695,0.898333,0,0.004,3.061846,1.020615,0,00-0038348
Tyrell Ford,2023,3,2.695,0.898333,0,0.004,3.061846,1.020615,0,00-0038151
Marvell Tell III,2023,1,0.87,0.87,0,0.004,0.988425,0.988425,0,00-0035534
Michael Jacquet,2023,1,0.87,0.87,0,0.004,0.988425,0.988425,0,00-0035998
Gavin Heslop,2023,1,0.87,0.87,0,0.004,0.988425,0.988425,0,00-0036056
Jayson Stanley,2022,1,0.825,0.825,0,0.004,1.012032,1.012032,0,00-0035207
Parnell Motley,2022,1,0.825,0.825,0,0.004,1.012032,1.012032,0,00-0036106
Chris Westry,2023,1,0.87,0.87,0,0.004,0.988425,0.988425,0,00-0035422
D.J. White,2020,2,1.57,0.785,0,0.004,2.023098,1.011549,0,00-0032788
Nevelle Clarke,2023,1,0.75,0.75,0,0.003,0.852091,0.852091,0,00-0035977
DeMarkus Acy,2021,1,0.66,0.66,0,0.004,0.923638,0.923638,0,00-0035801
Isiah Brown,2023,1,0.75,0.75,0,0.003,0.852091,0.852091,0,00-0036186
Shyheim Carter,2023,2,1.655,0.8325,0,0.004,1.88028,0.945821,0,00-0036147
Keith Washington,2021,1,0.66,0.66,0,0.004,0.923638,0.923638,0,00-0035896
Kobe Williams,2020,3,2.295,0.765,0.06,0.004,2.957331,0.985777,0.077316,NA
Prince Smith,2020,3,2.294,0.764667,0.034,0.004,2.956042,0.985348,0.043812,00-0036003
Trajan Bandy,2020,3,2.294,0.764667,0.009,0.004,2.956042,0.985348,0.011597,00-0035799
Dayan Lake,2021,1,0.66,0.66,0,0.004,0.923638,0.923638,0,00-0035945
Stanford Samuels,2022,1,0.705,0.705,0,0.003,0.864827,0.864827,0,00-0035970
Will Sunderland,2021,1,0.66,0.66,0,0.004,0.923638,0.923638,0,00-0035972
Kevin McGill,2020,3,2.2905,0.7635,0.0055,0.004,2.951532,0.983844,0.007087,00-0035907
Debione Renfro,2020,3,2.29,0.763333,0.005,0.004,2.950888,0.983629,0.006443,00-0035990
Amari Henderson,2021,1,0.66,0.66,0,0.004,0.923638,0.923638,0,00-0035871
Travis Reed,2020,3,2.289,0.763,0.004,0.004,2.949599,0.9832,0.005154,00-0035854
Hakeem Bailey,2020,3,2.288,0.762667,0.003,0.004,2.948311,0.982771,0.003866,00-0035877
Jalen Julius,2021,1,0.66,0.66,0,0.004,0.923638,0.923638,0,NA
Christian Angulo,2020,3,2.2875,0.7625,0.005,0.004,2.947666,0.982555,0.006443,00-0035810
Cole Luke,2021,1,0.1656,0.1656,0,0.001,0.231749,0.231749,0,00-0033410
Kemah Siverand,2021,1,0.66,0.66,0,0.004,0.923638,0.923638,0,NA
Roe Farris,2021,1,0.66,0.66,0,0.004,0.923638,0.923638,0,NA
Isiah Swann,2020,3,2.287,0.762333,0.002,0.004,2.947022,0.98234,0.002577,NA
Levonta Taylor,2020,3,2.287,0.762333,0.002,0.004,2.947022,0.98234,0.002577,NA
Bejour Wilson,2020,3,2.286,0.762,0.001,0.004,2.945734,0.981911,0.001289,NA
Jeff Hector,2020,3,2.286,0.762,0.001,0.004,2.945734,0.981911,0.001289,NA
Malcolm Elmore,2020,3,2.285,0.761667,0,0.004,2.944445,0.981482,0,NA
Tim Harris,2022,2,1.578,0.789,0.003,0.004,1.935741,0.96787,0.00368,00-0034996
Christian Campbell,2018,4,2.63074,0.657685,0.17074,0.004,3.79171,0.947927,0.246089,00-0034685
Simeon Thomas,2018,4,2.619224,0.654806,0.159224,0.004,3.775112,0.943778,0.229491,00-0034276
Kamrin Moore,2018,4,2.61848,0.65462,0.15848,0.004,3.774039,0.94351,0.228419,00-0034408
Donnie Lewis Jr.,2022,1,0.705,0.705,0,0.003,0.864827,0.864827,0,00-0034998
Winston Rose,2021,1,0.66,0.66,0,0.004,0.923638,0.923638,0,00-0032757
Picasso Nelson,2021,1,0.66,0.66,0,0.004,0.923638,0.923638,0,00-0035368
Alexander Myres,2022,1,0.705,0.705,0,0.003,0.864827,0.864827,0,NA
Jordan Brown,2022,1,0.705,0.705,0,0.003,0.864827,0.864827,0,00-0035305
LaDarius Wiley,2021,1,0.66,0.66,0,0.004,0.923638,0.923638,0,00-0035576
Donovan Olumba,2021,1,0.66,0.66,0,0.004,0.923638,0.923638,0,00-0034562
Stephen Denmark,2021,1,0.66,0.66,0,0.004,0.923638,0.923638,0,00-0035598
Michael Joseph,2022,1,0.705,0.705,0,0.003,0.864827,0.864827,0,00-0034607
Jermaine Kelly,2020,2,1.11,0.555,0,0.003,1.430343,0.715172,0,00-0034425
Mark Fields,2020,2,1.39,0.695,0,0.004,1.79115,0.895575,0,00-0035155
Dravon Askew-Henry,2020,2,1.39,0.695,0,0.004,1.79115,0.895575,0,00-0035224
DeJuan Neal,2022,1,0.705,0.705,0,0.003,0.864827,0.864827,0,NA
Channing Stribling,2022,1,0.705,0.705,0,0.003,0.864827,0.864827,0,00-0033652
Rodney Randle,2023,1,0.75,0.75,0,0.003,0.852091,0.852091,0,00-0035435
Jamal Peters,2023,1,0.75,0.75,0,0.003,0.852091,0.852091,0,NA
Tre Roberson,2020,2,1.285,0.6425,0.215,0.003,1.655848,0.827924,0.277048,00-0032849
Kenneth Durden,2020,2,1.26,0.63,0,0.003,1.623633,0.811816,0,00-0032931
Davante Davis,2019,3,1.765,0.588333,0.01,0.003,2.395223,0.798407,0.013571,NA
Rashard Causey,2020,2,1.11,0.555,0,0.003,1.430343,0.715172,0,NA
Derrek Thomas,2019,3,1.765,0.588333,0.01,0.003,2.395223,0.798407,0.013571,00-0035095
Jomon Dotson,2019,3,1.76,0.586667,0.01,0.003,2.388438,0.796146,0.013571,NA
Derrick Baity,2020,2,1.113,0.5565,0.003,0.003,1.434209,0.717104,0.003866,00-0035446
Ryan Pulley,2019,3,1.76,0.586667,0.005,0.003,2.388438,0.796146,0.006785,00-0035490
Javien Hamilton,2019,3,1.7592,0.5864,0.0042,0.003,2.387352,0.795784,0.0057,NA
Chris Rayford,2019,3,1.759,0.586334,0.004,0.003,2.387081,0.795694,0.005428,NA
Marquez Sanford,2019,3,1.758,0.586,0.003,0.003,2.385724,0.795241,0.004071,NA
Jordan Wyatt,2019,3,1.7575,0.585833,0.0025,0.003,2.385045,0.795015,0.003393,NA
Nydair Rouse,2019,3,1.7575,0.585833,0.0025,0.003,2.385045,0.795015,0.003393,00-0035080
Jalen Allison,2019,3,1.757,0.585667,0.002,0.003,2.384367,0.794789,0.002714,NA
Jalen Harvey,2019,3,1.757,0.585667,0.002,0.003,2.384367,0.794789,0.002714,00-0035091
Taj-Amir Torres,2019,3,1.765,0.5855,0.0015,0.003,2.395223,0.794563,0.002036,NA
Hamp Cheevers,2019,3,1.7565,0.5855,0.003,0.003,2.383688,0.794563,0.004071,NA
Jay Liggins,2019,3,1.7565,0.5855,0.0265,0.003,2.383688,0.794563,0.035962,00-0035388
Bradford Lemmons,2019,3,1.7555,0.585166,5e-04,0.003,2.382331,0.794109,0.000679,00-0035430
Shakial Taylor,2019,3,1.755,0.585,0,0.003,2.381652,0.793884,0,00-0035172
Dakari Monroe,2019,3,1.755,0.585,0,0.003,2.381652,0.793884,0,00-0035162
Cody Brown,2019,3,1.755,0.585,0,0.003,2.381652,0.793884,0,NA
Tyler Horton,2019,3,1.755,0.585,0,0.003,2.381652,0.793884,0,NA
Jhavonte Dean,2019,3,1.755,0.585,0,0.003,2.381652,0.793884,0,00-0035175
Mazzi Wilkins,2021,1,0.1656,0.1656,0,0.001,0.231749,0.231749,0,00-0035714
Mercy Maston,2019,3,1.755,0.585,0,0.003,2.381652,0.793884,0,NA
D'Andre Payne,2019,3,1.755,0.585,0,0.003,2.381652,0.793884,0,NA
David Simmons,2019,3,1.755,0.585,0,0.003,2.381652,0.793884,0,NA
Terrence Alexander,2019,3,1.755,0.585,0,0.003,2.381652,0.793884,0,NA
Jordan Martin,2019,3,1.755,0.585,0,0.003,2.381652,0.793884,0,NA
Jalin Burrell,2019,3,1.755,0.585,0,0.003,2.381652,0.793884,0,NA
Clifton Duck,2019,3,1.755,0.585,0,0.003,2.381652,0.793884,0,00-0035069
Jocquez Kalili,2019,3,1.755,0.585,0,0.003,2.381652,0.793884,0,NA
Deion Harris,2019,3,1.755,0.585,0,0.003,2.381652,0.793884,0,00-0035564
Ajene Harris,2019,3,1.755,0.585,0,0.003,2.381652,0.793884,0,00-0035734
Joshua Simmons,2019,3,1.755,0.585,0.006,0.003,2.381652,0.793884,0.008142,NA
Isaiah Langley,2019,3,1.755,0.585,0,0.003,2.381652,0.793884,0,NA
Darius Williams,2019,3,1.755,0.585,0,0.003,2.381652,0.793884,0,NA
Marcus Sayles,2020,2,1.1125,0.55625,0.0025,0.003,1.433565,0.716782,0.003221,00-0033628
Jordan Lucas,2021,1,0.252,0.252,0,0.001,0.352662,0.352662,0,00-0032797
Holton Hill,2021,1,0.252,0.252,0,0.001,0.352662,0.352662,0,00-0034213
Dane Cruikshank,2023,1,0.2898,0.2898,0,0.001,0.329248,0.329248,0,00-0034389
Darren Evans,2022,1,0.207,0.207,0,0.001,0.253928,0.253928,0,00-0028645
Jamal Adams,2021,4,70,17.5,38,0.096,97.961644,24.490411,53.179178,00-0033872
Derwin James,2022,4,76,19,42,0.091,93.229587,23.307397,51.521614,00-0034790
Harrison Smith,2021,4,64,16,26.379412,0.088,89.564932,22.391233,36.916722,00-0029606
Minkah Fitzpatrick,2022,4,72.988,18.247,36,0.088,89.534751,22.383688,44.161383,00-0034789
Justin Simmons,2021,4,61,15.25,35,0.084,85.366575,21.341644,48.980822,00-0032971
Eric Berry,2017,6,78,13,40,0.078,119.288623,19.881437,61.173653,00-0027858
Kevin Byard,2023,2,25.1,12.55,7,0.056,28.516637,14.258319,7.952847,00-0033132
Budda Baker,2023,2,28.2,14.1,13.4,0.063,32.038612,16.019306,15.224021,00-0033890
Landon Collins,2022,1,1.12,1.12,0,0.005,1.37391,1.37391,0,00-0032262
Tyrann Mathieu,2022,3,27,9,18,0.043,33.121037,11.040346,22.080692,00-0030459
Eddie Jackson,2020,4,58.4,14.6,33,0.074,75.254087,18.813522,42.523713,00-0033784
Earl Thomas,2019,4,55,13.75,32,0.073,74.638682,18.659671,43.426142,00-0027866
Jessie Bates III,2023,4,64.02,16.005,36,0.071,72.734466,18.183617,40.900356,00-0034675
Marcus Williams,2022,5,70,14,37,0.067,85.869356,17.173871,45.388088,00-0033894
Quandre Diggs,2022,3,39,13,26.98,0.062,47.841499,15.947166,33.096503,00-0031608
John Johnson,2023,1,1.08,1.08,0,0.005,1.227011,1.227011,0,00-0033927
Kareem Jackson,2023,1,2.6675,2.6675,0.1525,0.012,3.030603,3.030603,0.173258,00-0027872
Marcus Maye,2022,3,22.5,7.5,14.5,0.036,27.600865,9.200288,17.787224,00-0033892
Devin McCourty,2022,1,9,9,8,0.043,11.040346,11.040346,9.813641,00-0027647
Jalen Thompson,2022,3,36,12,24.5,0.058,44.161383,14.720461,30.054275,00-0035705
Lamarcus Joyner,2022,1,2.6,2.6,2.1,0.012,3.189433,3.189433,2.576081,00-0031389
Grant Delpit,2023,3,36,12,23.59677,0.053,40.900356,13.633452,26.808786,00-0036282
Micah Hyde,2021,2,19.25,9.625,13.3,0.053,26.939452,13.469726,18.612712,00-0030090
Logan Ryan,2023,1,1.165,1.165,0,0.005,1.323581,1.323581,0,00-0030411
Justin Reid,2022,3,31.5,10.5,20.485,0.05,38.64121,12.880403,25.129054,00-0034361
Jordan Poyer,2023,2,12.5,6.25,7,0.028,14.201512,7.100756,7.952847,00-0030114
Amani Hooker,2022,3,30,10,19.5,0.048,36.801153,12.267051,23.920749,00-0035632
Rayshawn Jenkins,2021,4,35,8.75,16,0.048,48.980822,12.245205,22.391233,00-0033941
Jimmie Ward,2023,2,13,6.5,8.5,0.029,14.769573,7.384786,9.657028,00-0031298
Adrian Amos,2023,1,1.75,1.75,1.75,0.008,1.988212,1.988212,1.988212,00-0031584
Malcolm Jenkins,2020,4,32,8,16.25,0.04,41.235116,10.308779,20.939707,00-0026990
Tracy Walker,2022,3,25,8.333333,16.95,0.04,30.667627,10.222542,20.792651,00-0034745
Tashaun Gipson,2023,1,2.9,2.9,2.17,0.013,3.294751,3.294751,2.465383,00-0028924
Eric Reid,2019,3,22.05,7.35,10,0.039,29.923326,9.974442,13.57067,00-0030548
Bobby McCain,2023,1,1.3175,1.3175,0.6525,0.006,1.496839,1.496839,0.741319,00-0031587
Jordan Whitehead,2023,1,5.25,5.25,5.25,0.023,5.964635,5.964635,5.964635,00-0034374
Vonn Bell,2023,3,22.5,7.5,13,0.033,25.562722,8.520907,14.769573,00-0032939
Kenny Vaccaro,2019,4,24,6,11.5,0.032,32.569607,8.142402,15.60627,00-0030060
Juan Thornhill,2023,3,21,7,14,0.031,23.858541,7.952847,15.905694,00-0035625
Donovan Wilson,2023,3,21,7,13.5,0.031,23.858541,7.952847,15.337633,00-0035301
Malik Hooker,2023,3,21,7,16.5,0.031,23.858541,7.952847,18.745996,00-0033877
Eric Murray,2023,1,2.5,2.5,1.475,0.011,2.840302,2.840302,1.675778,00-0033038
Tre Boston,2020,3,18,6,8,0.03,23.194753,7.731584,10.308779,00-0031261
Marcus Epps,2023,2,12,6,10.34,0.027,13.633452,6.816726,11.747491,00-0034993
Julian Love,2023,2,12,6,5.98,0.027,13.633452,6.816726,6.794004,00-0034974
Eric Rowe,2023,1,1.3175,1.3175,0.8525,0.006,1.496839,1.496839,0.968543,00-0031555
Chuck Clark,2020,3,15.3,5.1,10,0.026,19.71554,6.571847,12.885974,00-0033294
Jayron Kearse,2022,2,10,5,5,0.024,12.267051,6.133525,6.133525,00-0032454
Xavier Woods,2022,3,15,5,6.035,0.024,18.400576,6.133525,7.403165,00-0033579
Adrian Phillips,2021,3,12.75,4.25,7.25,0.023,17.843014,5.947671,10.146027,00-0031404
Anthony Harris,2022,1,2.5,2.5,1,0.012,3.066763,3.066763,1.226705,00-0031799
Rodney McLeod,2023,1,1.3175,1.3175,0.8525,0.006,1.496839,1.496839,0.968543,00-0028899
Juston Burris,2022,1,1.1875,1.1875,0,0.006,1.456712,1.456712,0,00-0032403
Jabrill Peppers,2023,2,9,4.5,6,0.02,10.225089,5.112544,6.816726,00-0033883
Kyle Hamilton,2022,4,16.255088,4.063772,16.255088,0.02,19.940199,4.98505,19.940199,00-0038038
Josh Metellus,2023,2,8,4,6.135,0.018,9.088968,4.544484,6.970102,00-0036348
Nick Scott,2023,3,12,4,3,0.018,13.633452,4.544484,3.408363,00-0035669
Darnell Savage Jr.,2019,4,12.517688,3.129422,12.517688,0.017,16.987341,4.246835,16.987341,00-0034968
Patrick Chung,2020,2,6.4,3.2,3,0.016,8.247023,4.123512,3.865792,00-0027010
Johnathan Abram,2023,1,1.1625,1.1625,0,0.005,1.320741,1.320741,0,00-0035693
Jeff Heath,2021,1,1.075,1.075,0,0.006,1.504411,1.504411,0,00-0030196
Terrell Edmunds,2023,1,2,2,0.6,0.009,2.272242,2.272242,0.681673,00-0034858
Clayton Fejedelem,2022,1,2,2,1,0.01,2.45341,2.45341,1.226705,00-0032807
J.T. Gray,2023,3,9.6,3.2,3.5,0.014,10.906762,3.635587,3.976423,00-0034116
Andrew Wingard,2023,3,9.6,3.2,6,0.014,10.906762,3.635587,6.816726,00-0035378
Daxton Hill,2022,4,11.667018,2.916755,11.667018,0.014,14.31199,3.577998,14.31199,00-0037743
Lewis Cine,2022,4,11.494155,2.873539,11.494155,0.014,14.099938,3.524985,14.099938,00-0037245
Daniel Sorensen,2023,1,0.356944,0.356944,0,0.002,0.405532,0.405532,0,00-0030665
Damontae Kazee,2023,2,6,3,1.75,0.013,6.816726,3.408363,1.988212,00-0033512
Mike Edwards,2023,1,3,3,2.48,0.013,3.408363,3.408363,2.81758,00-0035681
Jarrod Wilson,2022,1,1.035,1.035,0,0.005,1.26964,1.26964,0,00-0032525
Chris Banjo,2022,1,1.12,1.12,0,0.005,1.37391,1.37391,0,00-0029747
Jevon Holland,2021,4,8.716404,2.179101,6.257796,0.012,12.198189,3.049547,8.757485,00-0036998
Cody Davis,2023,1,2.2,2.2,0.5,0.01,2.499466,2.499466,0.56806,00-0029764
George Odum,2022,3,5.7,1.9,3.7,0.009,6.992219,2.33074,4.538809,00-0034091
Jeremy Reaves,2023,1,2.627,2.627,0,0.012,2.98459,2.98459,0,00-0034465
Dallin Leavitt,2023,1,1.4,1.4,0.15,0.006,1.590569,1.590569,0.170418,00-0034726
Will Harris,2023,1,2.5825,2.5825,2.5825,0.011,2.934032,2.934032,2.934032,00-0035655
Richie Grant,2021,4,8.268374,2.067094,5.069199,0.011,11.571193,2.892799,7.094101,00-0036961
Brandon Wilson,2023,1,0.2898,0.2898,0,0.001,0.329248,0.329248,0,00-0033791
Sam Franklin,2023,1,2.51,2.51,1.5,0.011,2.851664,2.851664,1.704181,00-0036037
Trevon Moehrig,2021,4,7.895012,1.973753,4.780692,0.011,11.048691,2.762173,6.690349,00-0036962
Jalen Pitre,2022,4,8.954436,2.238609,7.028376,0.011,10.984452,2.746113,8.621745,00-0037246
Deshazor Everett,2019,3,6,2,1.75,0.011,8.142402,2.714134,2.374867,00-0031844
Xavier McKinney,2020,4,8.391046,2.097762,5.789507,0.011,10.81268,2.703171,7.460344,00-0036388
Kyle Dugger,2020,4,8.331902,2.082976,5.560149,0.011,10.736467,2.684117,7.164793,00-0036231
C.J. Moore,2023,2,4.5,2.25,3,0.01,5.112544,2.556272,3.408363,00-0035327
Terrence Brooks,2022,1,1.7,1.7,0.5,0.008,2.085399,2.085399,0.613353,00-0031338
"Antoine Winfield, Jr.",2020,4,7.307182,1.826796,4.426457,0.009,9.416016,2.354005,5.703921,00-0036411
Brian Branch,2023,4,8.021742,2.005436,5.623617,0.009,9.11367,2.278418,6.389109,00-0039141
Jaquan Brisker,2022,4,7.355542,1.838886,4.273827,0.009,9.023081,2.255771,5.242725,00-0038135
DeAndre Houston-Carson,2023,1,1.165,1.165,0,0.005,1.323581,1.323581,0,00-0032790
Quan Martin,2023,4,7.637824,1.909456,5.111995,0.008,8.677492,2.169373,5.807845,00-0039149
Marquise Blair,2023,1,1.01,1.01,0,0.004,1.147482,1.147482,0,00-0035139
Deon Bush,2023,1,1.3175,1.3175,0.35,0.006,1.496839,1.496839,0.397642,00-0032774
Ricardo Allen,2021,1,1.49,1.49,0.4,0.008,2.085184,2.085184,0.559781,00-0031181
Taylor Rapp,2023,1,1.77,1.77,1.65,0.008,2.010934,2.010934,1.8746,00-0035663
DeShon Elliott,2023,1,1.77,1.77,1.77,0.008,2.010934,2.010934,2.010934,00-0034277
Geno Stone,2023,1,1.76,1.76,0.75,0.008,1.999573,1.999573,0.852091,00-0036199
Jaylen Watkins,2020,2,3,1.5,0.3,0.008,3.865792,1.932896,0.386579,00-0031173
Erik Harris,2023,1,0.2898,0.2898,0,0.001,0.329248,0.329248,0,00-0032320
Andre Cisco,2021,4,5.236498,1.309125,1.16836,0.007,7.328228,1.832058,1.635064,00-0036941
Justin Evans,2023,1,1.59,1.59,0.6,0.007,1.806432,1.806432,0.681673,00-0033898
Bryan Cook,2022,4,5.847142,1.461786,3.108247,0.007,7.172719,1.79318,3.812902,00-0037193
Nate Ebner,2021,1,1.2125,1.2125,0.9875,0.007,1.696836,1.696836,1.381959,00-0029570
Jason McCourty,2021,1,1.2125,1.2125,0.9875,0.007,1.696836,1.696836,1.381959,00-0027136
Shawn Williams,2021,1,1.2125,1.2125,0.06875,0.007,1.696836,1.696836,0.096212,00-0030471
Duron Harmon,2023,1,1.165,1.165,0,0.005,1.323581,1.323581,0,00-0030383
Jeremy Chinn,2020,4,5.241474,1.310369,2.687027,0.007,6.75415,1.688538,3.462496,00-0036293
Sydney Brown,2023,4,5.749106,1.437277,1.181168,0.006,6.53168,1.632921,1.34195,00-0039002
J.T. Woods,2022,4,5.27644,1.31911,1.017412,0.006,6.472636,1.618159,1.248064,00-0038091
Darian Thompson,2021,1,0.293,0.293,0,0.002,0.410039,0.410039,0,00-0033083
Nasir Adderley,2019,4,4.732112,1.183028,2.666632,0.006,6.421793,1.605448,3.618798,00-0035677
P.J. Locke,2023,1,1.4,1.4,0.254,0.006,1.590569,1.590569,0.288575,00-0035227
Ashtyn Davis,2020,4,4.917388,1.229347,1.13628,0.006,6.336533,1.584133,1.464207,00-0036329
Karl Joseph,2022,1,1.035,1.035,0,0.005,1.26964,1.26964,0,00-0032888
Damarious Randall,2021,1,1.1275,1.1275,0.1375,0.006,1.577882,1.577882,0.192425,00-0032251
Andrew Adams,2023,1,0.339066,0.339066,0,0.002,0.38522,0.38522,0,00-0032637
Ha-Ha Clinton-Dix,2021,1,1.1275,1.1275,0,0.006,1.577882,1.577882,0,00-0031333
Jaquiski Tartt,2022,1,1.12,1.12,0.5,0.005,1.37391,1.37391,0.613353,00-0032057
Dean Marlowe,2023,1,1.2325,1.2325,0.2525,0.005,1.400269,1.400269,0.286871,00-0031870
Sean Davis,2021,1,1.1275,1.1275,0.0525,0.006,1.577882,1.577882,0.073471,00-0033053
Charles Washington,2022,1,1.1875,1.1875,0,0.006,1.456712,1.456712,0,00-0032560
Tavon Wilson,2021,1,1.125,1.125,0,0.006,1.574384,1.574384,0,00-0029410
Brandon Jones,2020,4,4.873102,1.218276,1.104072,0.006,6.279466,1.569867,1.422704,00-0036221
Tony Jefferson,2022,1,1.2725,1.2725,0.1525,0.006,1.560982,1.560982,0.187073,00-0030294
Nick Cross,2022,4,5.065636,1.266409,0.8641,0.006,6.214041,1.55351,1.059996,00-0037616
Kerby Joseph,2022,4,5.044904,1.261226,0.84902,0.006,6.188609,1.547152,1.041497,00-0037667
Anthony Levine,2021,1,1.1,1.1,0.225,0.006,1.539397,1.539397,0.314877,00-0027539
Ji'Ayir Brown,2023,4,5.395804,1.348951,0.92422,0.006,6.130286,1.532572,1.050026,00-0038554
Matthias Farley,2023,1,1.165,1.165,0,0.005,1.323581,1.323581,0,00-0032496
Ronnie Harrison,2023,1,1.08,1.08,0,0.005,1.227011,1.227011,0,00-0034779
Jordan Battle,2023,4,5.325016,1.331254,0.87274,0.006,6.049862,1.512466,0.991538,00-0038560
Bradley McDougald,2021,1,1.075,1.075,0,0.006,1.504411,1.504411,0,00-0030161
Michael Thomas,2023,1,1.165,1.165,0,0.005,1.323581,1.323581,0,00-0028908
Andrew Sendejo,2021,1,1.075,1.075,0,0.006,1.504411,1.504411,0,00-0027914
Camryn Bynum,2021,4,4.197812,1.049453,0.717812,0.006,5.874637,1.468659,1.004543,00-0036629
Julian Blackmon,2020,4,4.539838,1.13496,0.926436,0.006,5.850023,1.462506,1.193803,00-0036253
Armani Watts,2022,1,1.1875,1.1875,0.4025,0.006,1.456712,1.456712,0.493749,00-0034680
Jordan Richards,2021,1,1.015,1.015,0.125,0.006,1.420444,1.420444,0.174932,00-0031559
Sheldrick Redwine,2023,2,2.135,1.0675,0,0.005,2.425618,1.212809,0,00-0034977
Jaquan Johnson,2023,1,1.2325,1.2325,0.4315,0.005,1.400269,1.400269,0.490236,00-0035290
Tyree Gillespie,2023,1,0.94,0.94,0,0.004,1.067954,1.067954,0,00-0036853
Terrell Burgess,2023,1,1.01,1.01,0,0.004,1.147482,1.147482,0,00-0036421
Will Parks,2023,1,1.165,1.165,0,0.005,1.323581,1.323581,0,00-0032958
Sharrod Neasman,2021,1,0.99,0.99,0,0.005,1.385458,1.385458,0,00-0032592
Tedric Thompson,2021,1,0.99,0.99,0,0.005,1.385458,1.385458,0,00-0033554
Clayton Geathers,2021,1,0.99,0.99,0,0.005,1.385458,1.385458,0,00-0031571
Ibraheim Campbell,2021,1,0.99,0.99,0,0.005,1.385458,1.385458,0,00-0032198
Curtis Riley,2021,1,0.99,0.99,0,0.005,1.385458,1.385458,0,00-0032042
Adrian Colbert,2023,1,1.08,1.08,0,0.005,1.227011,1.227011,0,00-0033302
Delano Hill,2021,1,0.99,0.99,0,0.005,1.385458,1.385458,0,00-0033931
Jahleel Addae,2021,1,0.99,0.99,0,0.005,1.385458,1.385458,0,00-0030312
Blake Countess,2021,1,0.99,0.99,0,0.005,1.385458,1.385458,0,00-0032793
Kavon Frazier,2022,1,1.035,1.035,0,0.005,1.26964,1.26964,0,00-0033048
Doug Middleton,2021,1,0.99,0.99,0,0.005,1.385458,1.385458,0,00-0032697
Percy Butler,2022,4,4.44902,1.112255,0.78902,0.005,5.457635,1.364409,0.967895,00-0038100
Dane Belton,2022,4,4.444492,1.111123,0.784492,0.005,5.452081,1.36302,0.96234,00-0038123
Caden Sterns,2021,4,3.810584,0.952646,0.330584,0.005,5.33273,1.333182,0.462636,00-0036633
Darrick Forrest,2021,4,3.791076,0.947769,0.311076,0.005,5.305429,1.326357,0.435336,00-0036638
Jamar Johnson,2021,4,3.790224,0.947556,0.310224,0.005,5.304237,1.326059,0.434144,NA
Shawn Davis,2021,4,3.787336,0.946834,0.307336,0.005,5.300195,1.325049,0.430102,00-0036481
Richard LeCounte,2023,2,1.995,0.9975,0,0.004,2.266561,1.133281,0,00-0036641
Jason Pinnock,2021,4,3.750448,0.937612,0.270448,0.005,5.248572,1.312143,0.378479,00-0036502
Chamarri Conner,2023,4,4.591364,1.147841,0.751364,0.005,5.216345,1.304086,0.85364,00-0038982
Talanoa Hufanga,2021,4,3.720152,0.930038,0.240152,0.005,5.206174,1.301544,0.336081,00-0036564
K'Von Wallace,2020,4,4.001112,1.000278,0.706112,0.005,5.155822,1.288956,0.909894,00-0036395
Joshuah Bledsoe,2023,2,1.785,0.8925,0,0.004,2.027976,1.013988,0,00-0036872
Sean Chandler,2023,1,1.08,1.08,0,0.005,1.227011,1.227011,0,00-0034496
Natrell Jamerson,2022,1,0.965,0.965,0,0.005,1.18377,1.18377,0,00-0034398
Trey Marshall,2021,1,0.92,0.92,0,0.005,1.287496,1.287496,0,00-0034111
Joshua Kalu,2023,1,1.08,1.08,0,0.005,1.227011,1.227011,0,00-0034662
Tarvarius Moore,2023,1,1.13,1.13,0.05,0.005,1.283817,1.283817,0.056806,00-0034263
Jaylinn Hawkins,2023,1,1.01,1.01,0,0.004,1.147482,1.147482,0,00-0036302
Jay Ward,2023,4,4.493544,1.123386,0.653544,0.005,5.10521,1.276302,0.742505,00-0038578
Damar Hamlin,2021,4,3.640476,0.910119,0.160476,0.005,5.094672,1.273668,0.224578,00-0036888
Maurice Smith,2021,2,1.815,0.9075,0,0.005,2.540005,1.270003,0,00-0033415
Brandon Rusnak,2021,2,1.815,0.9075,0,0.005,2.540005,1.270003,0,00-0035375
Quenton Meeks,2022,1,0.895,0.895,0,0.004,1.097901,1.097901,0,NA
Montrel Meander,2021,2,1.815,0.9075,0,0.005,2.540005,1.270003,0,00-0034255
Kai Nacua,2022,1,0.207,0.207,0,0.001,0.253928,0.253928,0,00-0033649
Israel Mukuamu,2021,4,3.610704,0.902676,0.130704,0.005,5.053007,1.263252,0.182914,00-0036661
Mark Webb,2023,1,0.87,0.87,0,0.004,0.988425,0.988425,0,00-0036665
James Wiggins,2023,1,0.87,0.87,0,0.004,0.988425,0.988425,0,00-0036889
Tre Norwood,2023,1,0.216,0.216,0,0.001,0.245402,0.245402,0,00-0036846
Rashaan Gaulden,2021,1,0.85,0.85,0,0.005,1.189534,1.189534,0,00-0034362
Deionte Thompson,2023,1,1.08,1.08,0,0.005,1.227011,1.227011,0,00-0035532
Delarrin Turner-Yell,2022,4,3.993048,0.998262,0.333048,0.005,4.898292,1.224573,0.408552,00-0037264
Tycen Anderson,2022,4,3.966084,0.991521,0.306084,0.005,4.865215,1.216304,0.375475,00-0037752
Steven Parker,2022,1,0.965,0.965,0,0.005,1.18377,1.18377,0,00-0034736
Obi Melifonwu,2021,1,0.85,0.85,0,0.005,1.189534,1.189534,0,00-0033900
Raven Greene,2021,1,0.85,0.85,0,0.005,1.189534,1.189534,0,00-0034179
Trayvon Henderson,2022,1,0.895,0.895,0,0.004,1.097901,1.097901,0,00-0034533
Jonathan Owens,2023,1,1.01,1.01,0,0.004,1.147482,1.147482,0,00-0034485
Grayland Arnold,2023,1,1.01,1.01,0,0.004,1.147482,1.147482,0,00-0035995
Jammie Robinson,2023,4,4.169532,1.042383,0.329532,0.005,4.737093,1.184273,0.374388,00-0038587
Jordan Howden,2023,4,4.166728,1.041682,0.326728,0.005,4.733907,1.183477,0.371203,00-0038588
Daniel Scott,2023,4,4.147836,1.036959,0.307836,0.005,4.712444,1.178111,0.349739,NA
Antonio Johnson,2023,4,4.141832,1.035458,0.301832,0.005,4.705622,1.176406,0.342918,00-0038596
Theo Jackson,2022,4,3.82348,0.95587,0.16348,0.005,4.690282,1.172571,0.200542,00-0037301
Jake Gervase,2023,1,0.94,0.94,0,0.004,1.067954,1.067954,0,00-0035609
Kenny Robinson,2023,1,0.94,0.94,0,0.004,1.067954,1.067954,0,00-0036283
Antoine Brooks,2022,1,0.895,0.895,0,0.004,1.097901,1.097901,0,00-0036346
Jovante Moffatt,2023,1,0.216,0.216,0,0.001,0.245402,0.245402,0,00-0036118
Elijah Riley,2022,2,1.905,0.9525,0,0.005,2.336873,1.168437,0,00-0036002
Daniel Thomas,2020,4,3.612116,0.903029,0.317116,0.005,4.654563,1.163641,0.408635,00-0036306
Quentin Lake,2022,4,3.792012,0.948003,0.132012,0.005,4.65168,1.16292,0.16194,00-0037841
Christopher Smith,2023,4,4.08498,1.021245,0.24498,0.005,4.641032,1.160258,0.278327,00-0038602
Tariq Carpenter,2023,1,0.324999,0.324999,0,0.001,0.369238,0.369238,0,00-0037090
Jared Mayden,2022,3,2.82,0.94,0,0.005,3.459308,1.153103,0,00-0035808
Josh Hayes,2023,4,4.044376,1.011094,0.204376,0.004,4.5949,1.148725,0.232196,00-0039051
Juju Hughes,2023,1,1.01,1.01,0,0.004,1.147482,1.147482,0,00-0036077
J.L. Skinner,2023,4,4.036224,1.009056,0.196224,0.004,4.585639,1.14641,0.222934,00-0038605
Elijah Hicks,2022,4,3.737012,0.934253,0.077012,0.004,4.584212,1.146053,0.094471,00-0037096
Nazeeh Johnson,2022,4,3.737012,0.934253,0.077012,0.004,4.584212,1.146053,0.094471,00-0037198
Russ Yeast,2022,4,3.737012,0.934253,0.077012,0.004,4.584212,1.146053,0.094471,00-0037844
Donovan Stiner,2022,1,0.705,0.705,0,0.003,0.864827,0.864827,0,NA
Jerrick Reed,2023,4,4.0148,1.0037,0.1748,0.004,4.561299,1.140325,0.198594,00-0038613
Zayne Anderson,2023,2,2.005,1.0025,0.01,0.004,2.277923,1.138961,0.011361,00-0036677
Lamont Wade,2021,3,2.44,0.813333,0.015,0.004,3.414663,1.138221,0.020992,NA
Devon Key,2023,1,0.75,0.75,0,0.003,0.852091,0.852091,0,00-0036683
Amari Burney,2023,4,4.005116,1.001279,0.165116,0.004,4.550296,1.137574,0.187592,00-0038617
Troy Warner,2022,2,1.575,0.7875,0,0.004,1.932061,0.96603,0,NA
Tariq Thompson,2021,3,2.4375,0.8125,0.0325,0.004,3.411164,1.137055,0.045482,NA
Jovan Grant,2021,3,2.435,0.811667,0.01,0.004,3.407666,1.135889,0.013995,NA
Christian Uphoff,2021,3,2.432,0.810667,0.007,0.004,3.403467,1.13449,0.009796,NA
JR Pace,2021,3,2.4315,0.8105,0.0165,0.004,3.402768,1.134256,0.023091,NA
Dwayne Johnson Jr.,2021,3,2.431,0.810333,0.006,0.004,3.402068,1.134022,0.008397,NA
D'Angelo Amos,2021,3,2.43,0.81,0.015,0.004,3.400668,1.133556,0.020992,NA
Tyler Coyle,2023,2,1.665,0.8325,0,0.004,1.891641,0.945821,0,00-0036764
Lawrence White,2021,3,2.43,0.81,0.005,0.004,3.400668,1.133556,0.006997,NA
Jordyn Peters,2021,3,2.43,0.81,0.005,0.004,3.400668,1.133556,0.006997,NA
Marcus Murphy,2021,3,2.43,0.81,0.01,0.004,3.400668,1.133556,0.013995,NA
Augie Contressa,2021,3,2.428,0.809333,0.003,0.004,3.39787,1.132623,0.004198,NA
Ben Deluca,2022,1,0.825,0.825,0,0.004,1.012032,1.012032,0,NA
Shaun Crawford,2021,3,2.4275,0.809167,0.0025,0.004,3.39717,1.13239,0.003499,NA
Eric Burrell,2021,3,2.4265,0.808833,0.0015,0.004,3.39577,1.131923,0.002099,NA
Aashari Crosswell,2021,3,2.426,0.808667,0.001,0.004,3.395071,1.131691,0.001399,NA
Cameron Kinley,2021,3,2.426,0.808667,0.001,0.004,3.395071,1.131691,0.001399,NA
Paris Ford,2021,3,2.426,0.808667,0.001,0.004,3.395071,1.131691,0.001399,NA
Ar'Darius Washington,2022,2,1.765,0.8825,0,0.004,2.165134,1.082567,0,00-0036587
Brendon White,2021,3,2.425,0.808333,0,0.004,3.393671,1.131223,0,NA
Deuce Wallace,2021,3,2.425,0.808333,0,0.004,3.393671,1.131223,0,NA
TJ Morrison,2021,3,2.425,0.808333,0,0.004,3.393671,1.131223,0,NA
Innis Gaines,2023,1,0.87,0.87,0,0.004,0.988425,0.988425,0,00-0036462
Alohi Gilman,2020,4,3.482876,0.870719,0.187876,0.004,4.488025,1.122006,0.242097,00-0036380
DeMarcco Hellams,2023,4,3.9463,0.986575,0.1063,0.004,4.483474,1.120869,0.12077,00-0038628
Jason Taylor II,2023,4,3.938032,0.984508,0.098032,0.004,4.474081,1.11852,0.111376,00-0039060
Jordan Fuller,2020,4,3.465708,0.866427,0.170708,0.004,4.465902,1.116476,0.219974,00-0036431
Khari Willis,2019,4,3.288036,0.822009,0.768036,0.004,4.462085,1.115521,1.042276,00-0035530
Anthony Johnson Jr.,2023,4,3.923764,0.980941,0.083764,0.004,4.457871,1.114468,0.095166,00-0038411
Brandon Hill,2023,4,3.918816,0.979704,0.078816,0.004,4.452249,1.113062,0.089545,00-0038644
Gervarrius Owens,2023,4,3.917784,0.979446,0.077784,0.004,4.451077,1.112769,0.088372,00-0038413
Kendall Williamson,2023,4,3.917784,0.979446,0.077784,0.004,4.451077,1.112769,0.088372,00-0038414
Kamren Curl,2020,4,3.408328,0.852082,0.113328,0.004,4.391963,1.097991,0.146034,00-0036349
J.R. Reed,2022,1,0.895,0.895,0,0.004,1.097901,1.097901,0,00-0035830
Henry Black,2023,1,0.94,0.94,0,0.004,1.067954,1.067954,0,00-0035962
Vernon Scott,2023,1,0.94,0.94,0,0.004,1.067954,1.067954,0,00-0036243
Brian Cole II,2021,2,1.485,0.7425,0,0.004,2.078186,1.039093,0,NA
Myles Dorn,2023,1,0.94,0.94,0,0.004,1.067954,1.067954,0,00-0035979
Smoke Monday,2022,3,2.58,0.86,0.12,0.004,3.164899,1.054966,0.147205,00-0037540
Nolan Turner,2023,2,1.855,0.9275,0,0.004,2.107504,1.053752,0,00-0037488
Micah Abernathy,2023,2,1.855,0.9275,0,0.004,2.107504,1.053752,0,00-0035098
Joey Blount,2023,2,1.855,0.9275,0,0.004,2.107504,1.053752,0,00-0037141
Markquese Bell,2022,3,2.575,0.858333,0.215,0.004,3.158766,1.052921,0.263742,00-0037561
Juanyeh Thomas,2023,2,1.665,0.8325,0,0.004,1.891641,0.945821,0,00-0037578
Daniel Isom,2022,3,2.575,0.858333,0.015,0.004,3.158766,1.052921,0.018401,NA
Yusuf Corker,2023,1,0.75,0.75,0,0.003,0.852091,0.852091,0,00-0037370
Nasir Greer,2022,3,2.575,0.858333,0.025,0.004,3.158766,1.052921,0.030668,NA
Qwynnterrio Cole,2022,3,2.575,0.858333,0.09,0.004,3.158766,1.052921,0.110403,NA
Bubba Bolden,2023,1,0.75,0.75,0,0.003,0.852091,0.852091,0,00-0037142
Trevor Denbow,2023,1,0.87,0.87,0,0.004,0.988425,0.988425,0,00-0037392
Mike Brown,2022,3,2.575,0.858333,0.05,0.004,3.158766,1.052921,0.061335,00-0037493
Brenden Schooler,2022,3,2.575,0.858333,0.015,0.004,3.158766,1.052921,0.018401,00-0037205
Scott Nelson,2023,1,0.75,0.75,0,0.003,0.852091,0.852091,0,NA
Kekaula Kaniho,2022,3,2.5725,0.8575,0.0125,0.004,3.155699,1.0519,0.015334,NA
Trenton Thompson,2023,2,1.665,0.8325,0,0.004,1.891641,0.945821,0,00-0037377
Kolby Harvell-Peel,2022,3,2.57,0.856667,0.08,0.004,3.152632,1.050878,0.098136,NA
Tayler Hawkins,2023,1,0.75,0.75,0,0.003,0.852091,0.852091,0,00-0037521
Verone McKinley,2023,1,0.216,0.216,0,0.001,0.245402,0.245402,0,00-0037354
Leon O'Neal Jr.,2022,3,2.57,0.856667,0.06,0.004,3.152632,1.050878,0.073602,NA
Deontai Williams,2022,3,2.57,0.856667,0.01,0.004,3.152632,1.050878,0.012267,NA
Tony Adams,2022,3,2.57,0.856667,0.11,0.004,3.152632,1.050878,0.134938,00-0037155
Isaiah Pola-Mao,2022,3,2.57,0.856667,0.06,0.004,3.152632,1.050878,0.073602,00-0037512
Raheem Layne,2022,3,2.57,0.856667,0.01,0.004,3.152632,1.050878,0.012267,00-0037468
Michael Griffin II,2022,3,2.57,0.856667,0.04,0.004,3.152632,1.050878,0.049068,NA
D'Anthony Bell,2022,3,2.5675,0.855833,0.06,0.004,3.149565,1.049855,0.073602,00-0037332
Qwuantrezz Knight,2023,2,1.665,0.8325,0,0.004,1.891641,0.945821,0,00-0037522
Drew Hartlaub,2022,3,2.566,0.855333,0.006,0.004,3.147725,1.049241,0.00736,NA
Jairon McVea,2022,3,2.565,0.855,0.005,0.004,3.146499,1.048833,0.006134,NA
Reed Blankenship,2022,3,2.565,0.855,0.055,0.004,3.146499,1.048833,0.067469,00-0037130
Brad Hawkins,2023,1,0.75,0.75,0,0.003,0.852091,0.852091,0,00-0037584
Amari Carter,2022,3,2.565,0.855,0.005,0.004,3.146499,1.048833,0.006134,NA
Jack Koerner,2022,3,2.565,0.855,0.015,0.004,3.146499,1.048833,0.018401,NA
La'Kendrick Van Zandt,2022,3,2.565,0.855,0.055,0.004,3.146499,1.048833,0.067469,NA
De'Vante Cross,2022,3,2.5625,0.854167,0.0025,0.004,3.143432,1.047811,0.003067,NA
Tre Sterling,2022,3,2.5625,0.854167,0.0025,0.004,3.143432,1.047811,0.003067,NA
Jordan Mosley,2022,3,2.562,0.854,0.002,0.004,3.142818,1.047606,0.002453,NA
Sean Mahone,2022,3,2.562,0.854,0.002,0.004,3.142818,1.047606,0.002453,NA
Will Adams,2022,3,2.5615,0.853833,0.0015,0.004,3.142205,1.047401,0.00184,NA
Skyler Thomas,2022,3,2.561,0.853667,0.001,0.004,3.141592,1.047198,0.001227,NA
A.J. Thomas,2023,1,0.324999,0.324999,0,0.001,0.369238,0.369238,0,00-0037222
Ayo Oyelola,2023,1,0.75,0.75,0,0.003,0.852091,0.852091,0,NA
Tae Daley,2022,3,2.56,0.853333,0,0.004,3.140365,1.046788,0,NA
Tre Webb,2022,3,2.56,0.853333,0,0.004,3.140365,1.046788,0,NA
Jon Alexander,2022,3,2.56,0.853333,0,0.004,3.140365,1.046788,0,NA
Tyrique McGhee,2021,2,1.485,0.7425,0,0.004,2.078186,1.039093,0,00-0035938
Luther Kirk,2022,1,0.705,0.705,0,0.003,0.864827,0.864827,0,00-0036138
Josh Thomas,2023,1,0.75,0.75,0,0.003,0.852091,0.852091,0,00-0036189
Javon Hagan,2022,1,0.705,0.705,0,0.003,0.864827,0.864827,0,00-0036046
Elijah Benton,2022,2,1.575,0.7875,0,0.004,1.932061,0.96603,0,00-0036109
Chris Cooper,2022,1,0.705,0.705,0,0.003,0.864827,0.864827,0,00-0034085
Reggie Floyd,2021,2,1.485,0.7425,0,0.004,2.078186,1.039093,0,NA
Quindell Johnson,2023,3,2.725,0.908333,0.03,0.004,3.09593,1.031976,0.034084,00-0038368
Ronnie Hickman,2023,3,2.715,0.905,0.22,0.004,3.084569,1.02819,0.249947,00-0038715
Kaevon Merriweather,2023,3,2.71,0.903333,0.231,0.004,3.078888,1.026296,0.262444,00-0038823
Brandon Joseph,2023,3,2.71,0.903333,0.05,0.004,3.078888,1.026296,0.056806,00-0038657
Christian Young,2023,3,2.71,0.903333,0.015,0.004,3.078888,1.026296,0.017042,00-0038773
Collin Duncan,2023,3,2.707,0.902333,0.012,0.004,3.07548,1.025159,0.013633,NA
Macon Clark,2023,3,2.705,0.901667,0.01,0.004,3.073207,1.024403,0.011361,00-0038421
Christian Izien,2023,3,2.705,0.901667,0.16,0.004,3.073207,1.024403,0.181779,00-0038820
Marquis Waters,2023,3,2.705,0.901667,0.1,0.004,3.073207,1.024403,0.113612,00-0038503
Trey Dean,2023,3,2.705,0.901667,0.1,0.004,3.073207,1.024403,0.113612,00-0038494
Alex Cook,2023,3,2.705,0.901667,0.015,0.004,3.073207,1.024403,0.017042,00-0038475
Rashad Torrence,2023,3,2.705,0.901667,0.01,0.004,3.073207,1.024403,0.011361,00-0038950
Darius Joiner,2023,3,2.705,0.901667,0.027,0.004,3.073207,1.024403,0.030675,NA
Kendell Brooks,2023,3,2.705,0.901667,0.08,0.004,3.073207,1.024403,0.09089,00-0038703
Tanner McCalister,2023,3,2.705,0.901667,0.01,0.004,3.073207,1.024403,0.011361,00-0038717
Tyreque Jones,2023,3,2.705,0.901666,0.035,0.004,3.073207,1.024402,0.039764,00-0038847
Larry Brooks,2023,3,2.7035,0.901167,0.0085,0.004,3.071503,1.023835,0.009657,00-0038889
Jonathan Sutherland,2023,3,2.7025,0.900833,0.0075,0.004,3.070367,1.023455,0.008521,00-0038770
Kendall Smith,2023,3,2.702,0.900667,0.037,0.004,3.069799,1.023267,0.042036,00-0038837
Anthony Cook,2023,3,2.7,0.9,0.005,0.004,3.067527,1.022509,0.005681,00-0038510
Mo Osling,2023,3,2.7,0.9,0.005,0.004,3.067527,1.022509,0.005681,NA
Xavier Henderson,2023,3,2.7,0.9,0.005,0.004,3.067527,1.022509,0.005681,NA
Aaron Maddox,2023,3,2.7,0.9,0.005,0.004,3.067527,1.022509,0.005681,00-0038436
Martez Manuel,2023,3,2.7,0.9,0.005,0.004,3.067527,1.022509,0.005681,NA
Bennett Williams,2023,3,2.7,0.9,0.03,0.004,3.067527,1.022509,0.034084,NA
Tanner Ingle,2023,3,2.7,0.9,0.005,0.004,3.067527,1.022509,0.005681,00-0038366
Nico Bolden,2023,3,2.699,0.899667,0.004,0.004,3.066391,1.022131,0.004544,NA
Tyler Baker-Williams,2023,3,2.697,0.899,0.002,0.004,3.064118,1.021373,0.002272,00-0038857
Justin Broiles,2023,3,2.697,0.899,0.002,0.004,3.064118,1.021373,0.002272,NA
Benny Sapp III,2023,3,2.696,0.899,0.002,0.004,3.062982,1.021373,0.002272,00-0038470
Jaiden Woodbey,2023,3,2.696,0.898667,0.001,0.004,3.062982,1.020994,0.001136,00-0038371
Kedrick Whitehead,2023,3,2.696,0.898667,0.001,0.004,3.062982,1.020994,0.001136,00-0038959
Matt Jackson,2023,3,2.696,0.898666,0.001,0.004,3.062982,1.020993,0.001136,00-0038845
Jaquan Amos,2023,3,2.695,0.898333,0,0.004,3.061846,1.020615,0,00-0038527
A.J. Finley,2023,3,2.695,0.898333,0,0.004,3.061846,1.020615,0,00-0038866
Christian Morgan,2023,3,2.695,0.898333,0,0.004,3.061846,1.020615,0,NA
Latavious Brini,2023,3,2.695,0.898333,0,0.004,3.061846,1.020615,0,00-0038955
Bralen Trahan,2023,3,2.695,0.898333,0,0.004,3.061846,1.020615,0,00-0038526
Clifford Chattman,2023,3,2.695,0.898333,0,0.004,3.061846,1.020615,0,00-0038967
Jalen Elliott,2023,1,0.87,0.87,0,0.004,0.988425,0.988425,0,00-0036010
Nigel Warrior,2022,1,0.825,0.825,0,0.004,1.012032,1.012032,0,00-0036127
Tyvis Powell,2020,2,1.57,0.785,0,0.004,2.023098,1.011549,0,00-0032479
Jeremiah Dinson,2020,3,2.315,0.771667,0.08,0.004,2.983103,0.994368,0.103088,00-0036009
Jaquarius Landrews,2020,3,2.295,0.765,0.015,0.004,2.957331,0.985777,0.019329,00-0035867
Garrett Taylor,2020,3,2.295,0.765,0.01,0.004,2.957331,0.985777,0.012886,NA
Chris Miller,2021,1,0.66,0.66,0,0.004,0.923638,0.923638,0,00-0036060
Marc-Antoine Dequoy,2020,3,2.292,0.764,0.007,0.004,2.953465,0.984488,0.00902,NA
Frankie Griffin,2020,3,2.292,0.764,0.007,0.004,2.953465,0.984488,0.00902,NA
Josh Norwood,2020,3,2.291,0.763667,0.006,0.004,2.952177,0.984059,0.007732,NA
Douglas Coleman III,2020,3,2.29,0.763333,0.005,0.004,2.950888,0.983629,0.006443,NA
Rodney Clemons,2022,2,1.575,0.7875,0,0.004,1.932061,0.96603,0,NA
Donald Rutledge,2021,1,0.66,0.66,0,0.004,0.923638,0.923638,0,00-0035855
Saquan Hampton,2020,2,1.525,0.7625,0,0.004,1.965111,0.982555,0,00-0035288
J.T. Hassell,2020,2,1.525,0.7625,0,0.004,1.965111,0.982555,0,00-0035044
Evan Foster,2020,3,2.285,0.761667,0,0.004,2.944445,0.981482,0,00-0036452
Malik Gant,2021,1,0.66,0.66,0,0.004,0.923638,0.923638,0,00-0034964
Chris Johnson,2021,1,0.66,0.66,0,0.004,0.923638,0.923638,0,00-0035456
Chris Edwards,2021,1,0.66,0.66,0,0.004,0.923638,0.923638,0,00-0033022
John Battle,2021,1,0.66,0.66,0,0.004,0.923638,0.923638,0,00-0035498
Joshua Moon,2021,1,0.66,0.66,0,0.004,0.923638,0.923638,0,00-0035555
Nate Holley,2020,2,1.39,0.695,0,0.004,1.79115,0.895575,0,00-0034802
Lukas Denis,2023,1,0.75,0.75,0,0.003,0.852091,0.852091,0,00-0035470
Corrion Ballard,2019,3,1.775,0.591667,0.02,0.003,2.408794,0.802932,0.027141,00-0035441
JoJo McIntosh,2019,3,1.771,0.590333,0.016,0.003,2.403366,0.801121,0.021713,00-0034926
Delvon Randall,2019,3,1.767,0.589,0.012,0.003,2.397937,0.799312,0.016285,NA
Mark McLaurin,2019,3,1.765,0.588333,0.03,0.003,2.395223,0.798407,0.040712,NA
Cameron Glenn,2019,3,1.76,0.586667,0.025,0.003,2.388438,0.796146,0.033927,NA
Adarius Pickett,2019,3,1.76,0.586667,0.01,0.003,2.388438,0.796146,0.013571,00-0035060
Doyin Jibowu,2019,3,1.76,0.586667,0.0125,0.003,2.388438,0.796146,0.016963,00-0035072
Zedrick Woods,2019,3,1.76,0.586667,0.015,0.003,2.388438,0.796146,0.020356,NA
Jonathan Crawford,2019,3,1.7595,0.5865,0.0045,0.003,2.387759,0.79592,0.006107,NA
JoJo Tillery,2019,3,1.759,0.586333,0.004,0.003,2.387081,0.795693,0.005428,00-0035522
Jacob Thieneman,2020,2,1.11,0.555,0,0.003,1.430343,0.715172,0,NA
Tyree Kinnel,2019,3,1.758,0.586,0.003,0.003,2.385724,0.795241,0.004071,00-0035398
Parker Baldwin,2019,3,1.7575,0.585833,0.0025,0.003,2.385045,0.795015,0.003393,00-0035193
Evan Worthington,2019,3,1.757,0.585667,0.002,0.003,2.384367,0.794789,0.002714,NA
Jermaine Ponder,2019,3,1.756,0.585333,0.001,0.003,2.38301,0.794336,0.001357,00-0035047
D'Cota Dixon,2019,3,1.756,0.585333,0.001,0.003,2.38301,0.794336,0.001357,00-0035586
Austin Exford,2019,3,1.756,0.585333,0.006,0.003,2.38301,0.794336,0.008142,00-0035453
Santos Ramirez,2019,3,1.756,0.585333,0.001,0.003,2.38301,0.794336,0.001357,00-0035508
Tenny Adewusi,2019,3,1.7555,0.585167,5e-04,0.003,2.382331,0.794111,0.000679,00-0035174
Abraham Wallace,2019,3,1.75515,0.58505,0.00015,0.003,2.381856,0.793952,0.000204,00-0035561
Rob Rolle,2019,3,1.755,0.585,0.005,0.003,2.381652,0.793884,0.006785,NA
Jawuan Johnson,2019,3,1.755,0.585,0,0.003,2.381652,0.793884,0,00-0035721
Isaiah Wharton,2019,3,1.755,0.585,0,0.003,2.381652,0.793884,0,00-0035214
Tyler Sigler,2019,3,1.755,0.585,0,0.003,2.381652,0.793884,0,00-0035568
Andrew Soroh,2019,3,1.755,0.585,0,0.003,2.381652,0.793884,0,00-0035211
Kahani Smith,2020,3,1.8,0.6,0,0.003,2.319475,0.773158,0,NA
Anthony Cioffi,2020,2,1.11,0.555,0,0.003,1.430343,0.715172,0,00-0033440
Eric Weddle,2021,1,0.252,0.252,0,0.001,0.352662,0.352662,0,00-0025424
D.J. Swearinger,2021,1,0.252,0.252,0,0.001,0.352662,0.352662,0,00-0030566
Arnold Tarpley III,2023,1,0.216,0.216,0,0.001,0.245402,0.245402,0,NA
Justin Tucker,2022,4,24,6,17.5,0.029,29.440922,7.360231,21.467339,00-0029597
Robbie Gould,2020,2,7.25,3.625,7.25,0.018,9.342331,4.671165,9.342331,00-0023252
Daniel Carlson,2021,4,18.4,4.6,11.140001,0.025,25.749918,6.437479,15.589897,00-0034161
Matt Gay,2023,4,22.5,5.625,13,0.025,25.562722,6.390681,14.769573,00-0035269
Graham Gano,2023,3,16.5,5.5,13.25,0.024,18.745996,6.248665,15.053603,00-0026858
Jason Sanders,2021,5,22,4.4,10,0.024,30.787945,6.157589,13.994521,00-0034794
Chris Boswell,2022,4,20,5,12.5,0.024,24.534102,6.133525,15.333814,00-0031136
Jason Myers,2023,4,21.1,5.275,12.3,0.023,23.972153,5.993038,13.974288,00-0031492
Younghoe Koo,2022,5,24.25,4.85,11.5,0.023,29.747598,5.94952,14.107109,00-0033702
Tyler Bass,2023,4,20.4,5.1,12.32,0.023,23.176868,5.794217,13.997011,00-0036162
Ryan Succop,2021,3,12,4,6.25,0.022,16.793425,5.597808,8.746575,00-0026968
Ka'imi Fairbairn,2020,4,17.65,4.4125,9,0.022,22.743744,5.685936,11.597376,00-0032726
Brandon McManus,2023,1,2,2,1.25,0.009,2.272242,2.272242,1.420151,00-0029822
Mason Crosby,2023,1,0.2898,0.2898,0,0.001,0.329248,0.329248,0,00-0025580
Harrison Butker,2019,5,20.275,4.055,9.1,0.022,27.514532,5.502906,12.349309,00-0033303
Wil Lutz,2023,1,2.2,2.2,0.5,0.01,2.499466,2.499466,0.56806,00-0032569
Jake Elliott,2019,5,20.15,4.03,10.455,0.021,27.344899,5.46898,14.188135,00-0033787
Cody Parkey,2021,1,1.2125,1.2125,0.2,0.007,1.696836,1.696836,0.27989,00-0030850
Josh Lambo,2022,1,1.12,1.12,0,0.005,1.37391,1.37391,0,00-0032087
Matt Prater,2023,2,7.5,3.75,4,0.017,8.520907,4.260454,4.544484,00-0023853
Cairo Santos,2023,4,15.6,3.9,9.583333,0.017,17.723488,4.430872,10.887826,00-0031203
Dan Bailey,2020,3,10,3.333333,6,0.017,12.885974,4.295324,7.731584,00-0028660
Dustin Hopkins,2022,3,9,3,4.65,0.014,11.040346,3.680115,5.704179,00-0030098
Greg Zuerlein,2023,1,2.6,2.6,1.75,0.012,2.953915,2.953915,1.988212,00-0029621
Nick Folk,2022,2,5,2.5,2.19,0.012,6.133525,3.066763,2.686484,00-0025565
Greg Joseph,2023,1,2,2,1.7,0.009,2.272242,2.272242,1.931406,00-0034450
Randy Bullock,2023,1,1.165,1.165,0,0.005,1.323581,1.323581,0,00-0029421
Zane Gonzalez,2022,2,4.5,2.25,2,0.011,5.520173,2.760086,2.45341,00-0033862
Joey Slye,2022,2,4.2,2.1,2,0.01,5.152161,2.576081,2.45341,00-0035192
Eddy Pineiro,2023,2,4.1,2.05,2.25,0.009,4.658096,2.329048,2.556272,00-0034173
Aldrick Rosas,2022,1,1.035,1.035,0,0.005,1.26964,1.26964,0,00-0032870
Michael Badgley,2023,1,1.2325,1.2325,0.35,0.005,1.400269,1.400269,0.397642,00-0034084
Jake Moody,2023,4,5.304082,1.326021,0.857512,0.006,6.026079,1.50652,0.974237,00-0038562
Brett Maher,2023,1,1.2325,1.2325,0.052,0.005,1.400269,1.400269,0.059078,00-0030332
Cade York,2023,1,0.87,0.87,0,0.004,0.988425,0.988425,0,00-0038097
Evan McPherson,2021,4,3.823716,0.955929,0.343716,0.005,5.351107,1.337777,0.481014,00-0036854
Chad Ryland,2023,4,4.626748,1.156687,0.786748,0.005,5.256546,1.314136,0.893841,00-0038567
Chase McLaughlin,2023,1,1.13,1.13,0.1,0.005,1.283817,1.283817,0.113612,00-0035358
Sam Ficken,2022,1,0.207,0.207,0,0.001,0.253928,0.253928,0,00-0033138
Matt McCrane,2021,2,1.675,0.8375,0,0.005,2.344082,1.172041,0,00-0034479
Matthew Wright,2023,1,1.01,1.01,0,0.004,1.147482,1.147482,0,00-0035189
Rodrigo Blankenship,2023,1,1.01,1.01,0,0.004,1.147482,1.147482,0,00-0035849
Justin Rohrwasser,2021,1,0.66,0.66,0,0.004,0.923638,0.923638,0,00-0036161
Alex Kessman,2021,3,2.435,0.811667,0.01,0.004,3.407666,1.135889,0.013995,00-0036714
Chris Naggar,2022,2,1.575,0.7875,0,0.004,1.932061,0.96603,0,00-0036515
Anders Carlson,2023,4,3.996776,0.999194,0.156776,0.004,4.540821,1.135205,0.178117,00-0038402
Riley Patterson,2023,1,0.94,0.94,0,0.004,1.067954,1.067954,0,00-0036816
Blake Haubeil,2021,3,2.43,0.81,0.01,0.004,3.400668,1.133556,0.013995,NA
Tristan Vizcaino,2023,2,1.995,0.9975,0,0.004,2.266561,1.133281,0,00-0034909
Jose Borregales,2022,2,1.575,0.7875,0,0.004,1.932061,0.96603,0,NA
J.J. Molson,2022,1,0.705,0.705,0,0.003,0.864827,0.864827,0,NA
Matt Ammendola,2023,1,0.94,0.94,0,0.004,1.067954,1.067954,0,00-0036469
Jake Verity,2023,2,1.665,0.8325,0,0.004,1.891641,0.945821,0,NA
Quinn Nordin,2022,1,0.705,0.705,0,0.003,0.864827,0.864827,0,NA
Brian Johnson,2022,1,0.825,0.825,0,0.004,1.012032,1.012032,0,00-0036703
Ryan Santoso,2022,1,0.895,0.895,0,0.004,1.097901,1.097901,0,00-0034648
Roberto Aguayo,2021,1,0.78,0.78,0,0.004,1.091573,1.091573,0,00-0033102
Sam Sloman,2022,1,0.825,0.825,0,0.004,1.012032,1.012032,0,00-0036436
Lirim Hajrullahu,2022,2,1.765,0.8825,0,0.004,2.165134,1.082567,0,00-0035758
Lucas Havrisik,2023,2,1.665,0.9325,0,0.004,1.891641,1.059433,0,00-0038152
Caleb Shudak,2023,2,1.855,0.9275,0,0.004,2.107504,1.053752,0,00-0037606
Cameron Dicker,2023,1,0.87,0.87,0,0.004,0.988425,0.988425,0,00-0037224
Andrew Mevis,2022,3,2.57,0.856667,0.06,0.004,3.152632,1.050878,0.073602,NA
Daniel Whelan,2023,1,0.75,0.75,0,0.003,0.852091,0.852091,0,00-0037547
James McCourt,2023,1,0.75,0.75,0,0.003,0.852091,0.852091,0,00-0037471
Jonathan Garibay,2022,3,2.565,0.855,0.055,0.004,3.146499,1.048833,0.067469,NA
John Parker Romo,2023,2,1.665,0.8325,0,0.004,1.891641,0.945821,0,00-0037542
Gabe Brkic,2022,3,2.56,0.853333,0,0.004,3.140365,1.046788,0,NA
Nick Sciba,2022,3,2.56,0.853333,0,0.004,3.140365,1.046788,0,00-0037645
Austin MacGinnis,2021,2,1.485,0.7425,0,0.004,2.078186,1.039093,0,00-0035759
Tucker McCann,2021,2,1.485,0.7425,0,0.004,2.078186,1.039093,0,NA
Elliott Fry,2023,1,0.75,0.75,0,0.003,0.852091,0.852091,0,00-0034921
Jack Podlesny,2023,3,2.7,0.9,0.015,0.004,3.067527,1.022509,0.017042,00-0038808
B.T. Potter,2023,3,2.7,0.9,0.005,0.004,3.067527,1.022509,0.005681,00-0038748
Trey Wolff,2023,3,2.6985,0.8995,0.0035,0.004,3.065823,1.021941,0.003976,00-0038855
Christopher Dunn,2023,3,2.698,0.899333,0.003,0.004,3.065254,1.021751,0.003408,NA
Tanner Brown,2023,3,2.698,0.899333,0.003,0.004,3.065254,1.021751,0.003408,00-0038354
Blake Grupe,2023,3,2.6975,0.899167,0.0025,0.004,3.064686,1.021563,0.00284,00-0038905
Andre Szmyt,2023,3,2.697,0.899,0.002,0.004,3.064118,1.021373,0.002272,NA
Brandon Aubrey,2023,3,2.695,0.898333,0,0.004,3.061846,1.020615,0,00-0037692
Parker White,2023,3,2.695,0.898333,0,0.004,3.061846,1.020615,0,NA
Jake Bates,2023,1,2.695,0.898333,0,0.004,3.061846,1.020615,0,00-0039172
Alex Quevedo,2023,3,2.695,0.898333,0,0.004,3.061846,1.020615,0,NA
Matthew Trickett,2023,3,2.695,0.898333,0,0.004,3.061846,1.020615,0,NA
Dominik Eberle,2022,1,0.705,0.705,0,0.003,0.864827,0.864827,0,00-0036168
Nick Vogel,2020,3,2.287,0.762333,0.002,0.004,2.947022,0.98234,0.002577,NA
Ramiz Ahmed,2022,1,0.705,0.705,0,0.003,0.864827,0.864827,0,00-0035761
Brandon Wright,2023,1,0.216,0.216,0,0.001,0.245402,0.245402,0,00-0035833
Austin Seibert,2023,1,0.3708,0.3708,0,0.002,0.421274,0.421274,0,00-0035145
Chris Blewitt,2022,1,0.705,0.705,0,0.003,0.864827,0.864827,0,00-0034913
Sergio Castillo,2020,2,1.39,0.695,0,0.004,1.79115,0.895575,0,00-0031385
Clayton Hatfield,2019,3,1.757,0.585667,0.002,0.003,2.384367,0.794789,0.002714,NA
Cole Murphy,2019,3,1.755,0.585,0,0.003,2.381652,0.793884,0,NA
Cole Hedlund,2019,3,1.755,0.585,0,0.003,2.381652,0.793884,0,00-0035171
Redford Jones,2019,3,1.755,0.585,0,0.003,2.381652,0.793884,0,NA
Phillip Andersen,2019,3,1.755,0.585,0,0.003,2.381652,0.793884,0,NA
John Baron,2019,3,1.755,0.585,0,0.003,2.381652,0.793884,0,NA
Taylor Bertolet,2022,1,0.229666,0.229666,0,0.001,0.281732,0.281732,0,00-0032669
Thomas Morstead,2023,1,1.3175,1.3175,1.0925,0.006,1.496839,1.496839,1.241212,00-0027114
Johnny Hekker,2022,3,7.62,2.54,4.87,0.012,9.347493,3.115831,5.974054,00-0028872
Michael Dickson,2021,4,14.699059,3.674765,8.5,0.02,20.570628,5.142657,11.895342,00-0034160
Brett Kern,2022,1,2.2,2.2,1,0.011,2.698751,2.698751,1.226705,NA
Jack Fox,2022,4,13.965,3.49125,7.645,0.017,17.130937,4.282734,9.37816,00-0035156
Tress Way,2020,4,13.25,3.3125,6.415,0.017,17.073915,4.268479,8.266352,00-0030140
Logan Cooke,2021,4,12,3,6,0.016,16.793425,4.198356,8.396712,00-0034437
A.J. Cole,2021,4,12,3,5.65,0.016,16.793425,4.198356,7.906904,00-0035190
Riley Dixon,2023,2,3.5,1.75,1,0.008,3.976423,1.988212,1.136121,00-0032943
Rigoberto Sanchez,2019,4,11.6,2.9,5,0.015,15.741977,3.935494,6.785335,00-0033269
Britton Colquitt,2021,1,0,0,0,0,0,0,0,00-0026516
Jake Bailey,2023,1,1.2325,1.2325,1.0925,0.005,1.400269,1.400269,1.241212,00-0035280
Bradley Pinion,2023,3,8.65,2.883333,4.325,0.013,9.827447,3.275815,4.913723,00-0032065
Cameron Johnston,2021,3,8,2.666667,3,0.015,11.195616,3.731873,4.198356,00-0033729
Bryan Anger,2022,3,9,3,5,0.014,11.040346,3.680115,6.133525,00-0029692
Mitch Wishnowsky,2022,4,11.2,2.8,4.761389,0.013,13.739097,3.434774,5.84082,00-0034941
Sam Koch,2020,2,4.95,2.475,5.25,0.012,6.378557,3.189279,6.765136,00-0024417
Sam Martin,2023,3,6,2,3.915,0.009,6.816726,2.272242,4.447914,00-0030092
Tommy Townsend,2023,1,2.627,2.627,0,0.012,2.98459,2.98459,0,00-0035889
Matt Haack,2023,1,1.08,1.08,0,0.005,1.227011,1.227011,0,00-0033400
Michael Palardy,2023,1,1.08,1.08,0,0.005,1.227011,1.227011,0,00-0031363
Pat O'Donnell,2023,1,0.2898,0.2898,0,0.001,0.329248,0.329248,0,00-0031079
Kevin Huber,2022,1,1.85,1.85,0.1525,0.009,2.269404,2.269404,0.187073,NA
Jamie Gillan,2023,2,4,2,1,0.009,4.544484,2.272242,1.136121,00-0035042
J.K. Scott,2023,2,4,2,0.82,0.009,4.544484,2.272242,0.931619,00-0034162
Andy Lee,2022,1,1.5,1.5,0.75,0.007,1.840058,1.840058,0.920029,00-0022824
Corey Bojorquez,2022,2,3.38,1.69,1.5,0.008,4.146263,2.073132,1.840058,00-0034721
Jordan Berry,2022,1,1.12,1.12,0,0.005,1.37391,1.37391,0,NA
Dustin Colquitt,2021,1,1.075,1.075,0,0.006,1.504411,1.504411,0,00-0023534
Blake Gillikin,2023,1,1.24,1.24,0.6,0.006,1.40879,1.40879,0.681673,00-0035859
Lachlan Edwards,2021,1,0.99,0.99,0,0.005,1.385458,1.385458,0,00-0032449
Jordan Stout,2022,4,4.357832,1.089458,0.697832,0.005,5.345775,1.336444,0.856034,00-0038094
Jake Camarda,2022,4,4.340316,1.085079,0.680316,0.005,5.324288,1.331072,0.834547,00-0038042
Pressley Harvin,2021,4,3.560732,0.890183,0.080732,0.005,4.983074,1.245768,0.112981,00-0036847
Ty Long,2022,1,0.2772,0.2772,0,0.001,0.340043,0.340043,0,00-0031543
Matt Araiza,2022,4,3.876148,0.969037,0.216148,0.005,4.75489,1.188723,0.26515,NA
Arryn Siposs,2023,1,0.296444,0.296444,0,0.001,0.336796,0.336796,0,00-0036013
Johnny Townsend,2021,2,1.675,0.8375,0,0.005,2.344082,1.172041,0,00-0034684
Braden Mann,2023,1,1.01,1.01,0,0.004,1.147482,1.147482,0,00-0036313
Trenton Gill,2022,4,3.737012,0.934253,0.077012,0.004,4.584212,1.146053,0.094471,00-0037097
Bryce Baringer,2023,4,4.018456,1.004614,0.178456,0.004,4.565452,1.141363,0.202748,00-0038610
Nolan Cooney,2023,1,0.75,0.75,0,0.003,0.852091,0.852091,0,00-0036539
Drue Chrisman,2022,2,1.575,0.7875,0,0.004,1.932061,0.96603,0,00-0036729
Oscar Draguicevich III,2021,3,2.432,0.810667,0.007,0.004,3.403467,1.13449,0.009796,NA
James Smith,2021,3,2.43,0.81,0.005,0.004,3.400668,1.133556,0.006997,NA
Max Duffy,2021,3,2.425,0.808333,0,0.004,3.393671,1.131223,0,NA
Zach Von Rosenberg,2021,3,2.425,0.808333,0,0.004,3.393671,1.131223,0,NA
Brad Robbins,2023,4,3.973332,0.993333,0.133332,0.004,4.514186,1.128546,0.151481,00-0038626
Corliss Waitman,2023,1,0.99,0.99,0.025,0.004,1.12476,1.12476,0.028403,00-0035821
Ethan Evans,2023,4,3.948,0.987,0.108,0.004,4.485406,1.121351,0.122701,00-0039059
Joseph Charlton,2023,1,0.94,0.94,0,0.004,1.067954,1.067954,0,00-0036320
Sterling Hofrichter,2022,2,1.765,0.8825,0,0.004,2.165134,1.082567,0,00-0036319
Colby Wadman,2023,1,0.94,0.94,0,0.004,1.067954,1.067954,0,00-0034064
Jake Julien,2022,3,2.575,0.858333,0.015,0.004,3.158766,1.052921,0.018401,NA
Ryan Stonehouse,2022,3,2.57,0.856667,0.01,0.004,3.152632,1.050878,0.012267,00-0037607
Ryan Wright,2022,3,2.565,0.855,0.02,0.004,3.146499,1.048833,0.024534,00-0037500
Seth Vernon,2022,3,2.562,0.854,0.002,0.004,3.142818,1.047606,0.002453,NA
Tommy Heatherly,2022,3,2.562,0.854,0.007,0.004,3.142818,1.047606,0.008587,NA
Cameron Nizialek,2022,1,0.825,0.825,0,0.004,1.012032,1.012032,0,00-0035742
Ty Zentner,2023,3,2.71,0.903333,0.115,0.004,3.078888,1.026296,0.130654,00-0038490
Joe Doyle,2023,3,2.705,0.901667,0.035,0.004,3.073207,1.024403,0.039764,NA
Lou Hedley,2023,3,2.7,0.9,0.01,0.004,3.067527,1.022509,0.011361,00-0038906
Julian Diaz,2023,3,2.695,0.898333,0,0.004,3.061846,1.020615,0,NA
Michael Turk,2023,3,2.695,0.898333,0,0.004,3.061846,1.020615,0,NA
Ryan Winslow,2022,1,0.825,0.825,0,0.004,1.012032,1.012032,0,00-0034606
Dom Maggio,2022,1,0.705,0.705,0,0.003,0.864827,0.864827,0,NA
Hunter Niswander,2020,3,2.285,0.761667,0,0.004,2.944445,0.981482,0,NA
Tyler Newsome,2021,1,0.66,0.66,0,0.004,0.923638,0.923638,0,00-0035433
Kaare Vedvik,2021,1,0.66,0.66,0,0.004,0.923638,0.923638,0,00-0034202
Austin Rehkow,2021,1,0.66,0.66,0,0.004,0.923638,0.923638,0,00-0033619
Trevor Daniel,2020,2,1.26,0.63,0,0.003,1.623633,0.811816,0,00-0034626
Ian Berryman,2020,2,1.11,0.555,0,0.003,1.430343,0.715172,0,00-0034950
Hayden Hunt,2019,3,1.755,0.585,0,0.003,2.381652,0.793884,0,NA
Stone Wilson,2019,3,1.755,0.585,0,0.003,2.381652,0.793884,0,NA
Sean Smith,2020,2,1.11,0.555,0,0.003,1.430343,0.715172,0,NA
Brad Wing,2023,1,0.3293,0.3293,0,0.001,0.374125,0.374125,0,00-0030142
Brock Miller,2022,1,0.207,0.207,0,0.001,0.253928,0.253928,0,00-0033189
James Winchester,2021,2,2.75,1.375,0.465,0.008,3.848493,1.924247,0.650745,00-0030615
Reid Ferguson,2023,2,2.295,1.1475,0.005,0.005,2.607398,1.303699,0.005681,00-0032497
Luke Rhodes,2023,4,6.465,1.61625,2.5,0.007,7.345022,1.836256,2.840302,00-0032753
Zach Wood,2023,4,6.31,1.5775,2.3,0.007,7.168923,1.792231,2.613078,00-0033063
Joe Cardona,2023,4,6.3,1.575,2.6,0.007,7.157562,1.789391,2.953915,00-0032228
Nick Moore,2023,1,1.55,1.55,0.45,0.007,1.760988,1.760988,0.511254,00-0035408
Charley Hughlett,2022,4,5.715555,1.428889,1.952027,0.007,7.0113,1.752825,2.394561,00-0029008
Beau Brinkley,2022,1,1.12,1.12,0,0.005,1.37391,1.37391,0,00-0029134
Josh Harris,2022,4,5.6,1.4,1.92,0.007,6.869549,1.717387,2.355274,00-0028845
J.J. Jansen,2023,1,1.3175,1.3175,0.5525,0.006,1.496839,1.496839,0.627707,00-0026027
Jon Weeks,2023,1,1.2725,1.2725,0.1525,0.006,1.445714,1.445714,0.173258,00-0027224
Jake McQuaide,2023,1,1.3175,1.3175,0.1525,0.006,1.496839,1.496839,0.173258,00-0028394
Morgan Cox,2023,1,1.3175,1.3175,1.0025,0.006,1.496839,1.496839,1.138961,00-0027557
Clark Harris,2022,1,1.2725,1.2725,0.1525,0.006,1.560982,1.560982,0.187073,00-0025630
Thomas Hennessy,2023,4,5.97,1.4925,2.625,0.007,6.782642,1.695661,2.982318,00-0033260
Don Muhlbach,2021,1,1.175,1.175,0.05,0.006,1.644356,1.644356,0.069973,00-0022455
Trent Sieg,2023,1,1.2325,1.2325,0.4025,0.005,1.400269,1.400269,0.457289,00-0034198
Patrick Scales,2023,1,1.3175,1.3175,1.0925,0.006,1.496839,1.496839,1.241212,00-0028284
Casey Kreiter,2023,1,1.3175,1.3175,0.3525,0.006,1.496839,1.496839,0.400483,00-0030957
Kameron Canaday,2022,1,0.2772,0.2772,0,0.001,0.340043,0.340043,0,00-0032486
Aaron Brewer,2023,1,1.3175,1.3175,0,0.006,1.496839,1.496839,0,00-0028946
Ross Matiscik,2022,4,5.07,1.2675,0.8,0.006,6.219395,1.554849,0.981364,00-0035827
Kyle Nelson,2022,1,0.2772,0.2772,0,0.001,0.340043,0.340043,0,00-0028374
Andrew DePaola,2023,3,4.025,1.341666,2.265,0.006,4.572887,1.524295,2.573314,00-0029714
Blake Ferguson,2023,3,4.06,1.353333,1.56,0.006,4.612651,1.53755,1.772349,00-0036217
Rick Lovato,2021,3,3.29,1.096667,0,0.006,4.604197,1.534733,0,00-0031911
Tyler Ott,2023,1,1.08,1.08,0,0.005,1.227011,1.227011,0,00-0031156
Matt Overton,2023,1,0.2898,0.2898,0,0.001,0.329248,0.329248,0,00-0027187
Taybor Pepper,2023,3,3.96,1.32,1.5,0.006,4.499039,1.49968,1.704181,00-0033199
Jacob Bobenmoyer,2023,3,3.815,1.271667,1,0.006,4.334302,1.444768,1.136121,00-0035757
Zach Triner,2022,2,2.345,1.1725,0.825,0.006,2.876623,1.438312,1.012032,00-0033196
Carson Tinker,2023,1,1.165,1.165,0,0.005,1.323581,1.323581,0,00-0029959
Matt Orzech,2023,1,3.375,1.225,0.3,0.005,3.834408,1.391748,0.340836,00-0035118
Colin Holba,2021,1,0.92,0.92,0,0.005,1.287496,1.287496,0,00-0033531
Camaron Cheeseman,2021,4,3.610704,0.902676,0.130704,0.005,5.053007,1.263252,0.182914,00-0036659
Thomas Fletcher,2021,4,3.610704,0.902676,0.130704,0.005,5.053007,1.263252,0.182914,NA
Ryan Langan,2021,3,2.43,0.81,0.005,0.004,3.400668,1.133556,0.006997,NA
Mitchell Fraboni,2022,3,2.56,0.853333,0,0.004,3.140365,1.046788,0,00-0036943
Brian Khoury,2021,3,2.425,0.808333,0,0.004,3.393671,1.131223,0,NA
Turner Bernard,2021,3,2.425,0.808333,0,0.004,3.393671,1.131223,0,NA
Steve Wirtel,2021,3,2.425,0.803333,0.1,0.004,3.393671,1.124226,0.139945,00-0036014
Tucker Addington,2023,3,2.955,0.985,0,0.004,3.357238,1.119079,0,00-0037686
Christian Kuntz,2023,1,0.94,0.94,0,0.004,1.067954,1.067954,0,00-0034051
Scott Daly,2023,1,0.94,0.94,0,0.004,1.067954,1.067954,0,00-0034067
Cal Adomitis,2023,1,0.87,0.87,0,0.004,0.988425,0.988425,0,00-0037412
Jack Coco,2023,1,0.87,0.87,0,0.004,0.988425,0.988425,0,00-0037749
Harrison Elliot,2022,3,2.56,0.853333,0,0.004,3.140365,1.046788,0,NA
Ross Reiter,2022,3,2.56,0.853333,0,0.004,3.140365,1.046788,0,NA
Antonio Ortiz,2022,3,2.56,0.853333,0,0.004,3.140365,1.046788,0,NA
Rex Sunahara,2023,1,0.75,0.75,0,0.003,0.852091,0.852091,0,00-0036443
Anthony Kukwa,2021,2,1.485,0.7425,0,0.004,2.078186,1.039093,0,NA
Joe Fortunato,2023,1,0.75,0.75,0,0.003,0.852091,0.852091,0,NA
Matt Hembrough,2023,3,2.702,0.900667,0.007,0.004,3.069799,1.023267,0.007953,NA
Chris Stoll,2023,3,2.7015,0.9005,0.0065,0.004,3.069231,1.023077,0.007385,00-0038769
Alex Ward,2023,3,2.7,0.9,0.005,0.004,3.067527,1.022509,0.005681,00-0038360
Cameron Lyons,2023,3,2.698,0.899333,0.003,0.004,3.065254,1.021751,0.003408,00-0038481
Evan Deckers,2023,3,2.698,0.899333,0.003,0.004,3.065254,1.021751,0.003408,00-0038817
Jack Landherr IV,2023,3,2.695,0.898333,0,0.004,3.061846,1.020615,0,NA
Broughton Hatcher,2023,3,2.695,0.898333,0,0.004,3.061846,1.020615,0,00-0038528
Liam McCullough,2023,1,0.87,0.87,0,0.004,0.988425,0.988425,0,00-0036082
Dan Godsil,2021,1,0.66,0.66,0,0.004,0.923638,0.923638,0,00-0035472
Wes Farnsworth,2021,1,0.66,0.66,0,0.004,0.923638,0.923638,0,00-0035337
Drew Scott,2021,1,0.66,0.66,0,0.004,0.923638,0.923638,0,00-0034727
Hunter Bradley,2022,1,0.2772,0.2772,0,0.001,0.340043,0.340043,0,00-0034168
Austin Cutting,2019,4,2.594576,0.648644,0.074576,0.003,3.521013,0.880253,0.101205,00-0035709
John Wirtel,2019,3,1.7575,0.585833,0.0075,0.003,2.385045,0.795015,0.010178,00-0035054
Kyle Vasey,2019,3,1.757,0.585667,0.002,0.003,2.384367,0.794789,0.002714,NA
Cole Mazza,2019,3,1.755,0.585,0,0.003,2.381652,0.793884,0,00-0034917
James Fisher,2020,3,1.8,0.6,0,0.003,2.319475,0.773158,0,NA
Garrison Sanborn,2022,1,0.2772,0.2772,0,0.001,0.340043,0.340043,0,00-0026844
Alex Matheson,2023,1,0.216,0.216,0,0.001,0.245402,0.245402,0,NA
