player,year_signed,years,value,apy,guaranteed,apy_cap_pct,inflated_value,inflated_apy,inflated_guaranteed,gsis_id,season,team,position,depth_chart_position,jersey_number,birth_date,draft_club,draft_number,age
Joe Burrow,2023,5,275.0,55.0,219.01,0.245,312.433274,62.486655,248.821859,00-0036442,2023,CIN,QB,QB,9.0,1996-12-10,CIN,1.0,27.0
Aaron Rodgers,2023,3,112.5,37.5,75.0,0.167,127.813612,42.604537,85.209075,00-0023459,2023,NYJ,QB,QB,8.0,1983-12-02,GB,24.0,40.0
Josh Allen,2021,6,258.0,43.0,150.0,0.236,361.05863,60.176438,209.917808,00-0034857,2023,BUF,QB,QB,17.0,1996-05-21,BUF,7.0,27.0
Russell Wilson,2022,5,245.0,49.0,165.0,0.235,300.542747,60.108549,202.40634,00-0029263,2023,DEN,QB,QB,3.0,1988-11-29,SEA,75.0,35.0
Justin Herbert,2023,5,262.5,52.5,193.738375,0.234,298.231762,59.646352,220.110236,00-0036355,2023,LAC,QB,QB,10.0,1998-03-10,LAC,6.0,26.0
Lamar Jackson,2023,5,260.0,52.0,185.0,0.231,295.391459,59.078292,210.182384,00-0034796,2023,BAL,QB,QB,8.0,1997-01-07,BAL,32.0,27.0
Patrick Mahomes,2020,10,450.0,45.0,141.0,0.227,579.868819,57.986882,181.69223,00-0033873,2023,KC,QB,QB,15.0,1995-09-17,KC,10.0,28.0
Jalen Hurts,2023,5,255.0,51.0,179.304,0.227,289.710854,57.942171,203.711039,00-0036389,2023,PHI,QB,QB,1.0,1998-08-07,PHI,53.0,25.0
Kyler Murray,2022,5,230.5,46.1,160.0,0.221,282.755524,56.551105,196.272815,00-0035228,2023,ARI,QB,QB,1.0,1997-08-07,ARI,1.0,26.0
Deshaun Watson,2022,5,230.0,46.0,230.0,0.221,282.142171,56.428434,282.142171,00-0033537,2023,CLE,QB,QB,4.0,1995-09-14,HOU,12.0,28.0
Dak Prescott,2021,4,160.0,40.0,126.0,0.219,223.912329,55.978082,176.330959,00-0033077,2023,DAL,QB,QB,4.0,1993-07-29,DAL,135.0,30.0
Derek Carr,2023,4,150.0,37.5,100.0,0.167,170.418149,42.604537,113.6121,00-0031280,2023,NO,QB,QB,4.0,1991-03-28,OAK,36.0,33.0
Matt Stafford,2022,4,160.0,40.0,135.0,0.192,196.272815,49.068204,165.605187,00-0026498,2023,LA,QB,QB,9.0,1988-02-07,DET,1.0,36.0
Jared Goff,2019,4,134.0,33.5,110.042682,0.178,181.846971,45.461743,149.335287,00-0033106,2023,DET,QB,QB,16.0,1994-10-14,LA,1.0,29.0
Daniel Jones,2023,4,160.0,40.0,104.0,0.178,181.779359,45.44484,118.156584,00-0035710,2023,NYG,QB,QB,8.0,1997-05-27,NYG,6.0,26.0
Carson Wentz,2023,1,1.315,1.315,0.15,0.006,1.493999,1.493999,0.170418,00-0032950,2023,LA,QB,QB,11.0,1992-12-30,PHI,2.0,31.0
Kirk Cousins,2022,1,35.0,35.0,70.0,0.168,42.934678,42.934678,85.869356,00-0029604,2023,MIN,QB,QB,8.0,1988-08-19,WAS,102.0,35.0
Jimmy Garoppolo,2023,3,72.75,24.25,33.75,0.108,82.652802,27.550934,38.344084,00-0031345,2023,LV,QB,QB,10.0,1991-11-02,NE,62.0,32.0
Ryan Tannehill,2020,4,118.0,29.5,91.0,0.149,152.05449,38.013623,117.262361,00-0029701,2023,TEN,QB,QB,17.0,1988-07-27,MIA,8.0,35.0
Geno Smith,2023,3,75.0,25.0,40.0,0.111,85.209075,28.403025,45.44484,00-0030565,2023,SEA,QB,QB,7.0,1990-10-10,NYJ,39.0,33.0
Teddy Bridgewater,2023,1,3.0,3.0,2.55,0.013,3.408363,3.408363,2.897109,00-0031237,2023,DET,QB,QB,10.0,1992-11-10,MIN,32.0,31.0
Baker Mayfield,2023,1,4.0,4.0,4.0,0.018,4.544484,4.544484,4.544484,00-0034855,2023,TB,QB,QB,6.0,1995-04-14,CLE,1.0,29.0
Jameis Winston,2023,1,4.0,4.0,4.0,0.018,4.544484,4.544484,4.544484,00-0031503,2023,NO,QB,QB,2.0,1994-01-06,TB,1.0,30.0
Jordan Love,2023,1,13.5,13.5,13.0,0.06,15.337633,15.337633,14.769573,00-0036264,2023,GB,QB,QB,10.0,1998-11-02,GB,26.0,25.0
Andy Dalton,2023,2,10.0,5.0,8.0,0.022,11.36121,5.680605,9.088968,00-0027973,2023,CAR,QB,QB,14.0,1987-10-29,CIN,35.0,36.0
Taysom Hill,2021,4,40.0,10.0,21.5,0.055,55.978082,13.994521,30.088219,00-0033357,2023,NO,QB,QB,7.0,1990-08-23,,,33.0
Trevor Lawrence,2021,4,36.793486,9.198372,36.783486,0.05,51.49072,12.872681,51.476725,00-0036971,2023,JAX,QB,QB,16.0,1999-10-06,JAX,1.0,24.0
Zach Wilson,2021,4,35.15068,8.787695,35.15068,0.048,49.191691,12.297958,49.191691,00-0037013,2023,NYJ,QB,QB,2.0,1999-08-03,NYJ,2.0,24.0
Trey Lance,2021,4,34.105258,8.526315,34.105258,0.047,47.728673,11.932169,47.728673,00-0037012,2023,DAL,QB,QB,15.0,2000-05-09,SF,3.0,23.0
Marcus Mariota,2023,1,5.0,5.0,5.0,0.022,5.680605,5.680605,5.680605,00-0032268,2023,PHI,QB,QB,8.0,1993-10-30,TEN,2.0,30.0
Sam Darnold,2023,1,4.5,4.5,3.5,0.02,5.112544,5.112544,3.976423,00-0034869,2023,SF,QB,QB,14.0,1997-06-05,NYJ,3.0,26.0
Bryce Young,2023,4,37.955074,9.488769,37.955074,0.042,43.121556,10.78039,43.121556,00-0039150,2023,CAR,QB,QB,9.0,2001-07-25,CAR,1.0,22.0
C.J. Stroud,2023,4,36.279246,9.069812,36.279246,0.04,41.217613,10.304404,41.217613,00-0039163,2023,HOU,QB,QB,7.0,2001-10-03,HOU,2.0,22.0
Tua Tagovailoa,2020,4,30.275436,7.568859,30.275436,0.038,39.012847,9.753212,39.012847,00-0036212,2023,MIA,QB,QB,1.0,1998-03-02,MIA,5.0,26.0
Anthony Richardson,2023,4,33.99403,8.498508,33.99403,0.038,38.621331,9.655333,38.621331,00-0039164,2023,IND,QB,QB,5.0,2002-05-22,IND,4.0,21.0
Mitchell Trubisky,2023,2,11.25,5.625,6.92,0.025,12.781361,6.390681,7.861957,00-0033869,2023,PIT,QB,QB,10.0,1994-08-20,CHI,2.0,29.0
Jacoby Brissett,2023,1,8.0,8.0,7.5,0.036,9.088968,9.088968,8.520907,00-0033119,2023,WAS,QB,QB,12.0,1992-12-11,NE,91.0,31.0
Taylor Heinicke,2023,2,14.0,7.0,6.32,0.031,15.905694,7.952847,7.180285,00-0031800,2023,ATL,QB,QB,4.0,1993-03-15,,,31.0
Case Keenum,2023,2,6.25,3.125,4.0,0.014,7.100756,3.550378,4.544484,00-0028986,2023,HOU,QB,QB,18.0,1988-02-17,,,36.0
Tyrod Taylor,2022,2,11.0,5.5,10.9,0.026,13.493756,6.746878,13.371085,00-0028118,2023,NYG,QB,QB,2.0,1989-08-03,BAL,180.0,34.0
Mason Rudolph,2023,1,1.08,1.08,0.0,0.005,1.227011,1.227011,0.0,00-0034771,2023,PIT,QB,QB,2.0,1995-06-17,PIT,76.0,28.0
Justin Fields,2021,4,18.871952,4.717988,18.871952,0.026,26.410392,6.602598,26.410392,00-0036945,2023,CHI,QB,QB,1.0,1999-03-05,CHI,11.0,25.0
Jarrett Stidham,2023,2,10.0,5.0,5.0,0.022,11.36121,5.680605,5.680605,00-0035264,2023,DEN,QB,QB,4.0,1996-08-08,NE,133.0,27.0
Mac Jones,2021,4,15.58634,3.896585,15.58634,0.021,21.812336,5.453084,21.812336,00-0036972,2023,NE,QB,QB,10.0,1998-09-05,NE,15.0,25.0
Brian Hoyer,2023,2,4.5,2.25,4.205,0.01,5.112544,2.556272,4.777389,00-0026625,2023,LV,QB,QB,7.0,1985-10-13,,,38.0
Joe Flacco,2023,1,2.2,2.2,0.4,0.01,2.499466,2.499466,0.454448,00-0026158,2023,CLE,QB,QB,15.0,1985-01-16,BAL,18.0,39.0
Mike White,2023,2,8.0,4.0,4.5,0.018,9.088968,4.544484,5.112544,00-0034401,2023,MIA,QB,QB,14.0,1995-03-25,DAL,171.0,29.0
Drew Lock,2023,1,4.0,4.0,1.75,0.018,4.544484,4.544484,1.988212,00-0035704,2023,SEA,QB,QB,2.0,1996-11-10,DEN,42.0,27.0
Kenny Pickett,2022,4,14.067904,3.516976,14.067904,0.017,17.257169,4.314292,17.257169,00-0038102,2023,PIT,QB,QB,8.0,1998-06-06,PIT,20.0,25.0
Colt McCoy,2022,2,7.5,3.25,6.0,0.016,9.200288,3.986792,7.360231,00-0027688,2023,ARI,QB,QB,12.0,1986-09-05,CLE,85.0,37.0
Gardner Minshew,2023,1,3.5,3.5,3.5,0.016,3.976423,3.976423,3.976423,00-0035289,2023,IND,QB,QB,10.0,1996-05-16,JAX,178.0,27.0
C.J. Beathard,2023,2,4.5,2.25,2.0,0.01,5.112544,2.556272,2.272242,00-0033936,2023,JAX,QB,QB,3.0,1993-11-16,SF,104.0,30.0
Tim Boyle,2023,1,1.155,1.155,0.075,0.005,1.31222,1.31222,0.085209,00-0034177,2023,HOU,QB,QB,16.0,1994-10-03,,,29.0
Jeff Driskel,2023,1,1.14,1.14,0.06,0.005,1.295178,1.295178,0.068167,00-0032436,2023,CLE,QB,QB,12.0,1993-04-23,SF,207.0,31.0
Kyle Allen,2023,1,1.2325,1.2325,0.35,0.005,1.400269,1.400269,0.397642,00-0034577,2023,BUF,QB,QB,9.0,1996-03-08,,,28.0
Tyler Huntley,2023,1,2.627,2.627,0.0,0.012,2.98459,2.98459,0.0,00-0035993,2023,BAL,QB,QB,2.0,1998-02-03,,,26.0
Cooper Rush,2023,2,5.0,2.5,2.75,0.011,5.680605,2.840302,3.124333,00-0033662,2023,DAL,QB,QB,10.0,1993-11-21,,,30.0
Blaine Gabbert,2023,1,1.3175,1.3175,1.0925,0.006,1.496839,1.496839,1.241212,00-0027948,2023,KC,QB,QB,9.0,1989-10-15,JAX,10.0,34.0
Will Levis,2023,4,9.542162,2.385541,8.730957,0.011,10.841051,2.710263,9.919424,00-0039152,2023,TEN,QB,QB,8.0,1999-06-27,TEN,33.0,24.0
Trevor Siemian,2023,1,1.3175,1.3175,0.1525,0.006,1.496839,1.496839,0.173258,00-0032156,2023,NYJ,QB,QB,14.0,1991-12-26,DEN,250.0,32.0
Nick Mullens,2023,2,4.0,2.0,1.9225,0.009,4.544484,2.272242,2.184193,00-0033319,2023,MIN,QB,QB,12.0,1995-03-21,,,29.0
Nate Sudfeld,2023,1,1.6,1.6,1.0,0.007,1.817794,1.817794,1.136121,00-0032792,2023,DET,QB,QB,10.0,1993-10-07,WAS,187.0,30.0
Joshua Dobbs,2023,1,2.0,2.0,2.0,0.009,2.272242,2.272242,2.272242,00-0033949,2023,MIN,QB,QB,15.0,1995-01-26,PIT,135.0,29.0
Phillip Walker,2023,2,4.0,2.0,3.01,0.009,4.544484,2.272242,3.419724,00-0033275,2023,CLE,QB,QB,10.0,1995-02-26,,,29.0
Brandon Allen,2023,1,1.2325,1.2325,0.2,0.005,1.400269,1.400269,0.227224,00-0032434,2023,SF,QB,QB,17.0,1992-09-05,JAX,201.0,31.0
Easton Stick,2023,1,1.8,1.8,1.1525,0.008,2.045018,2.045018,1.309379,00-0035282,2023,LAC,QB,QB,2.0,1995-09-15,LAC,166.0,28.0
Kyle Trask,2021,4,5.535336,1.383834,2.957306,0.008,7.746437,1.936609,4.138608,00-0036928,2023,TB,QB,QB,2.0,1998-03-06,TB,64.0,26.0
Kellen Mond,2023,1,0.216,0.216,0.0,0.001,0.245402,0.245402,0.0,00-0036946,2023,IND,QB,QB,12.0,1999-06-22,MIN,66.0,24.0
Davis Mills,2021,4,5.2221,1.305525,1.157892,0.007,7.308079,1.82702,1.620414,00-0036898,2023,HOU,QB,QB,10.0,1998-10-21,HOU,67.0,25.0
A.J. McCarron,2023,1,1.165,1.165,0.0,0.005,1.323581,1.323581,0.0,00-0031288,2023,CIN,QB,QB,4.0,1990-09-13,CIN,164.0,33.0
Desmond Ridder,2022,4,5.362962,1.340741,1.080336,0.006,6.578773,1.644694,1.325254,00-0038122,2023,ATL,QB,QB,9.0,1999-08-31,ATL,74.0,24.0
Hendon Hooker,2023,4,5.719028,1.429757,1.159292,0.006,6.497508,1.624377,1.317096,00-0038550,2023,DET,QB,QB,12.0,1998-01-13,DET,68.0,26.0
Malik Willis,2022,4,5.1601,1.290025,0.9328,0.006,6.329921,1.58248,1.144271,00-0038128,2023,TEN,QB,QB,7.0,1999-05-25,TEN,86.0,24.0
Matt Corral,2022,4,2.094246,1.273562,0.884904,0.006,2.569022,1.562285,1.085516,00-0038132,2023,NE,QB,QB,19.0,1999-01-31,CAR,94.0,25.0
Josh Johnson,2023,1,1.3175,1.3175,0.1525,0.006,1.496839,1.496839,0.173258,00-0026300,2023,BAL,QB,QB,17.0,1986-05-15,TB,160.0,37.0
Matt Barkley,2023,1,1.2502,1.2502,0.2352,0.006,1.420378,1.420378,0.267216,00-0030533,2023,JAX,QB,QB,19.0,1990-09-08,PHI,98.0,33.0
Ian Book,2023,1,0.216,0.216,0.0,0.001,0.245402,0.245402,0.0,00-0036929,2023,KC,QB,QB,19.0,1998-03-30,NO,133.0,26.0
Nathan Peterman,2023,1,1.2325,1.2325,0.1525,0.005,1.400269,1.400269,0.173258,00-0033958,2023,CHI,QB,QB,14.0,1994-05-04,BUF,171.0,29.0
David Blough,2023,1,1.2325,1.2325,0.07625,0.005,1.400269,1.400269,0.086629,00-0035040,2023,DET,QB,QB,18.0,1995-07-31,,,28.0
Bailey Zappe,2023,3,2.955,0.985,0.0,0.004,3.357238,1.119079,0.0,00-0038108,2023,NE,QB,QB,4.0,1999-04-26,NE,137.0,24.0
Will Grier,2023,1,1.08,1.08,0.0,0.005,1.227011,1.227011,0.0,00-0035251,2023,LAC,QB,QB,4.0,1995-04-03,CAR,100.0,29.0
Jacob Eason,2023,1,0.94,0.94,0.0,0.004,1.067954,1.067954,0.0,00-0036226,2023,NYG,QB,QB,9.0,1997-11-17,IND,122.0,26.0
Jake Haener,2023,4,4.544812,1.136203,0.704812,0.005,5.163456,1.290864,0.800752,00-0038998,2023,NO,QB,QB,3.0,1999-03-10,NO,127.0,25.0
Stetson Bennett,2023,4,4.539132,1.134783,0.699132,0.005,5.157003,1.289251,0.794299,00-0039107,2023,LA,QB,QB,13.0,1997-10-28,LA,128.0,26.0
Trace McSorley,2023,1,1.08,1.08,0.0,0.005,1.227011,1.227011,0.0,00-0035146,2023,PIT,QB,QB,10.0,1995-08-23,BAL,197.0,28.0
Sam Ehlinger,2021,4,3.610704,0.902676,0.130704,0.005,5.053007,1.263252,0.182914,00-0036879,2023,IND,QB,QB,4.0,1998-09-30,IND,218.0,25.0
Aidan O'Connell,2023,4,4.34938,1.087345,0.50938,0.005,4.941422,1.235355,0.578717,00-0038579,2023,LV,QB,QB,4.0,1998-09-01,LV,135.0,25.0
Sam Howell,2022,4,4.0216,1.0054,0.3616,0.005,4.933317,1.233329,0.443577,00-0037077,2023,WAS,QB,QB,14.0,2000-11-16,WAS,144.0,23.0
Brett Rypien,2023,1,1.08,1.08,0.0,0.005,1.227011,1.227011,0.0,00-0034955,2023,NYJ,QB,QB,15.0,1996-07-09,,,27.0
Clayton Tune,2023,4,4.190624,1.047656,0.350624,0.005,4.761056,1.190264,0.398351,00-0038582,2023,ARI,QB,QB,15.0,1999-03-23,ARI,139.0,25.0
Dorian Thompson-Robinson,2023,4,4.182268,1.045567,0.342268,0.005,4.751562,1.187891,0.388858,00-0038583,2023,CLE,QB,QB,17.0,1999-11-14,CLE,140.0,24.0
Sean Clifford,2023,4,4.16418,1.041045,0.32418,0.005,4.731012,1.182753,0.368308,00-0038391,2023,GB,QB,QB,8.0,1998-07-14,GB,149.0,25.0
Jaren Hall,2023,4,4.119272,1.029818,0.279272,0.005,4.679991,1.169998,0.317287,00-0038598,2023,MIN,QB,QB,16.0,1998-03-24,MIN,164.0,26.0
Logan Woodside,2022,2,1.905,0.9525,0.0,0.005,2.336873,1.168437,0.0,00-0034438,2023,ATL,QB,QB,11.0,1995-01-27,CIN,249.0,29.0
Jake Fromm,2023,2,1.925,0.9625,0.0,0.004,2.187033,1.093516,0.0,00-0036197,2023,WAS,QB,QB,11.0,1998-07-30,BUF,167.0,25.0
Chris Oladokun,2023,1,0.75,0.75,0.0,0.003,0.852091,0.852091,0.0,00-0037324,2023,KC,QB,QB,13.0,1997-09-03,PIT,241.0,26.0
Skylar Thompson,2022,4,3.742208,0.935552,0.082208,0.004,4.590586,1.147646,0.100845,00-0037327,2023,MIA,QB,QB,6.0,1997-06-04,MIA,247.0,26.0
John Wolford,2023,1,1.01,1.01,0.0,0.004,1.147482,1.147482,0.0,00-0034899,2023,TB,QB,QB,11.0,1995-10-16,,,28.0
Jake Luton,2023,1,1.01,1.01,0.0,0.004,1.147482,1.147482,0.0,00-0036312,2023,CAR,QB,QB,16.0,1996-04-11,JAX,189.0,28.0
Brock Purdy,2022,4,3.737012,0.934253,0.077012,0.004,4.584212,1.146053,0.094471,00-0037834,2023,SF,QB,QB,13.0,1999-12-27,SF,262.0,24.0
Tanner McKee,2023,4,4.02652,1.00663,0.18652,0.004,4.574614,1.143653,0.211909,00-0038400,2023,PHI,QB,QB,19.0,2000-04-27,PHI,188.0,23.0
Feleipe Franks,2021,3,2.44,0.813333,0.1,0.004,3.414663,1.138221,0.139945,00-0036825,2023,ATL,TE,TE,15.0,1997-12-22,,,26.0
Shane Buechele,2023,1,0.94,0.94,0.0,0.004,1.067954,1.067954,0.0,00-0036679,2023,BUF,QB,QB,6.0,1998-01-08,,,26.0
Max Duggan,2023,4,3.92622,0.981555,0.08622,0.004,4.460661,1.115165,0.097956,00-0038637,2023,LAC,QB,QB,8.0,2001-03-12,LAC,239.0,23.0
Ben DiNucci,2023,1,0.87,0.87,0.0,0.004,0.988425,0.988425,0.0,00-0036384,2023,DEN,QB,QB,11.0,1996-11-24,DAL,231.0,27.0
Alex McGough,2023,1,0.87,0.87,0.0,0.004,0.988425,0.988425,0.0,00-0034732,2023,GB,QB,QB,17.0,1995-11-19,SEA,220.0,28.0
EJ Perry,2023,1,0.75,0.75,0.0,0.003,0.852091,0.852091,0.0,00-0037068,2023,JAX,QB,QB,12.0,1998-08-16,,,25.0
Anthony Brown,2023,1,0.216,0.216,0.0,0.001,0.245402,0.245402,0.0,00-0037175,2023,BAL,QB,QB,12.0,,,,
Chase Garbers,2023,1,0.75,0.75,0.0,0.003,0.852091,0.852091,0.0,00-0037507,2023,LV,QB,QB,14.0,,,,
Reid Sinnett,2023,1,0.87,0.87,0.0,0.004,0.988425,0.988425,0.0,00-0036052,2023,CIN,QB,QB,7.0,1997-02-05,,,27.0
Jake Browning,2023,1,0.75,0.75,0.0,0.003,0.852091,0.852091,0.0,00-0035100,2023,CIN,QB,QB,6.0,1996-04-11,,,28.0
Malik Cunningham,2023,3,2.725,0.908333,0.2,0.004,3.09593,1.031976,0.227224,00-0038911,2023,BAL,QB,QB,12.0,1998-10-06,,,25.0
Tanner Morgan,2023,3,2.72,0.906667,0.025,0.004,3.090249,1.030083,0.028403,00-0038744,2023,MIN,QB,QB,5.0,1999-04-17,,,25.0
Tyson Bagent,2023,3,2.72,0.906667,0.025,0.004,3.090249,1.030083,0.028403,00-0038416,2023,CHI,QB,QB,17.0,2000-06-08,,,23.0
Tommy DeVito,2023,3,2.705,0.901667,0.02,0.004,3.073207,1.024403,0.022722,00-0038476,2023,NYG,QB,QB,15.0,1998-08-07,,,25.0
Adrian Martinez,2023,3,2.705,0.901667,0.06,0.004,3.073207,1.024403,0.068167,00-0038658,2023,DET,QB,QB,18.0,,,,
Nathan Rourke,2023,3,2.7,0.9,0.221,0.004,3.067527,1.022509,0.251083,00-0038150,2023,NE,QB,QB,13.0,1998-05-24,,,25.0
Holton Ahlers,2023,3,2.696,0.898667,0.001,0.004,3.062982,1.020994,0.001136,00-0038749,2023,SEA,QB,QB,15.0,1999-11-10,,,24.0
Braxton Burmeister,2023,3,2.695,0.898333,0.0,0.004,3.061846,1.020615,0.0,00-0038365,2023,LA,QB,QB,4.0,,,,
Dresser Winn,2023,3,2.695,0.898333,0.0,0.004,3.061846,1.020615,0.0,00-0038385,2023,LA,QB,QB,12.0,1998-11-11,,,25.0
Jordan Ta'amu,2023,1,0.75,0.75,0.0,0.003,0.852091,0.852091,0.0,00-0035735,2023,MIN,QB,QB,4.0,1997-12-10,,,26.0
Tyree Jackson,2023,2,1.995,0.9975,0.0,0.004,2.266561,1.133281,0.0,00-0035356,2023,NYG,TE,TE,84.0,1997-11-07,,,26.0
Christian McCaffrey,2020,4,64.063412,16.015853,36.346412,0.081,82.551945,20.637986,46.835891,00-0033280,2023,SF,RB,RB,23.0,1996-06-07,CAR,8.0,27.0
Ezekiel Elliott,2023,1,3.0,3.0,1.1,0.013,3.408363,3.408363,1.249733,00-0033045,2023,NE,RB,RB,15.0,1995-07-22,DAL,4.0,28.0
Alvin Kamara,2020,5,75.0,15.0,34.333333,0.076,96.644803,19.328961,44.241843,00-0033906,2023,NO,RB,RB,41.0,1995-07-25,NO,67.0,28.0
Nick Chubb,2021,3,36.6,12.2,20.0,0.067,51.219945,17.073315,27.989041,00-0034791,2023,CLE,RB,RB,24.0,1995-12-27,CLE,35.0,28.0
Aaron Jones,2023,2,23.0,11.5,8.52,0.051,26.130783,13.065391,9.679751,00-0033293,2023,GB,RB,RB,33.0,1994-12-02,GB,182.0,29.0
Dalvin Cook,2023,1,7.0,7.0,5.8,0.031,7.952847,7.952847,6.589502,00-0033893,2023,BAL,RB,RB,31.0,1995-08-10,MIN,41.0,28.0
Derrick Henry,2020,4,50.0,12.5,25.5,0.063,64.429869,16.107467,32.859233,00-0032764,2023,TEN,RB,RB,22.0,1994-01-04,TEN,45.0,30.0
Jonathan Taylor,2023,3,42.0,14.0,26.5,0.062,47.717082,15.905694,30.107206,00-0036223,2023,IND,RB,RB,28.0,1999-01-19,IND,41.0,25.0
Joe Mixon,2023,2,11.5,5.75,4.128,0.026,13.065391,6.532696,4.689907,00-0033897,2023,CIN,RB,RB,28.0,1996-07-24,CIN,48.0,27.0
Josh Jacobs,2023,1,11.791,11.791,10.091,0.052,13.396003,13.396003,11.464597,00-0035700,2023,LV,RB,RB,8.0,1998-02-11,OAK,24.0,26.0
Saquon Barkley,2023,1,10.091,10.091,10.091,0.045,11.464597,11.464597,11.464597,00-0034844,2023,NYG,RB,RB,26.0,1997-02-09,NYG,2.0,27.0
Tony Pollard,2023,1,10.091,10.091,10.091,0.045,11.464597,11.464597,11.464597,00-0035261,2023,DAL,RB,RB,20.0,1997-04-30,DAL,128.0,26.0
Jerick McKinnon,2023,1,1.3175,1.3175,1.0925,0.006,1.496839,1.496839,1.241212,00-0031376,2023,KC,RB,RB,1.0,1992-05-03,MIN,96.0,31.0
Melvin Gordon,2023,1,1.165,1.165,0.0,0.005,1.323581,1.323581,0.0,00-0032144,2023,BAL,RB,RB,33.0,1993-04-13,SD,15.0,31.0
Leonard Fournette,2023,1,0.2898,0.2898,0.0,0.001,0.329248,0.329248,0.0,00-0033856,2023,BUF,RB,RB,5.0,1995-01-18,JAX,4.0,29.0
James Conner,2022,3,21.0,7.0,13.5,0.034,25.760807,8.586936,16.560519,00-0033553,2023,ARI,RB,RB,6.0,1995-05-05,PIT,105.0,28.0
Austin Ekeler,2020,4,24.5,6.125,15.0,0.031,31.570636,7.892659,19.328961,00-0033699,2023,LAC,RB,RB,30.0,1995-05-17,,,28.0
Kareem Hunt,2023,1,1.35,1.35,0.5,0.006,1.533763,1.533763,0.56806,00-0033923,2023,CLE,RB,RB,27.0,1995-08-06,KC,86.0,28.0
Kenyan Drake,2023,1,1.3175,1.3175,0.1525,0.006,1.496839,1.496839,0.173258,00-0033118,2023,GB,RB,RB,32.0,1994-01-26,MIA,73.0,30.0
Chase Edmonds,2023,1,1.2325,1.2325,0.0,0.005,1.400269,1.400269,0.0,00-0034681,2023,TB,RB,RB,22.0,1996-04-13,ARI,134.0,28.0
Miles Sanders,2023,4,25.4,6.35,13.0,0.028,28.857473,7.214368,14.769573,00-0035243,2023,CAR,RB,RB,6.0,1997-05-01,PHI,53.0,26.0
Rashaad Penny,2023,1,1.35,1.35,0.6,0.006,1.533763,1.533763,0.681673,00-0034750,2023,PHI,RB,RB,23.0,1996-02-02,SEA,27.0,28.0
David Montgomery,2023,3,18.0,6.0,8.75,0.027,20.450178,6.816726,9.941059,00-0035685,2023,DET,RB,RB,5.0,1997-06-07,CHI,73.0,26.0
Cordarrelle Patterson,2022,2,10.5,5.25,5.0,0.025,12.880403,6.440202,6.133525,00-0030578,2023,ATL,RB,RB,84.0,1991-03-17,MIN,29.0,33.0
Bijan Robinson,2023,4,21.958544,5.489636,21.958544,0.024,24.947563,6.236891,24.947563,00-0038542,2023,ATL,RB,RB,7.0,2002-01-30,ATL,8.0,22.0
Gus Edwards,2023,1,3.384,3.384,2.3,0.015,3.844633,3.844633,2.613078,00-0034184,2023,BAL,RB,RB,35.0,1995-04-13,,,29.0
Jahmyr Gibbs,2023,4,17.845138,4.461285,17.845138,0.02,20.274236,5.06856,20.274236,00-0039139,2023,DET,RB,RB,26.0,2002-03-20,DET,12.0,22.0
Latavius Murray,2023,1,1.3175,1.3175,0.8025,0.006,1.496839,1.496839,0.911737,00-0030513,2023,BUF,RB,RB,28.0,1990-01-18,OAK,181.0,34.0
Najee Harris,2021,4,13.047444,3.261861,13.047444,0.018,18.259272,4.564818,18.259272,00-0036893,2023,PIT,RB,RB,22.0,1998-03-09,PIT,24.0,26.0
Jamaal Williams,2023,3,12.0,4.0,8.15,0.018,13.633452,4.544484,9.259386,00-0033948,2023,NO,RB,RB,21.0,1995-04-03,GB,134.0,29.0
Travis Etienne,2021,4,12.898112,3.224528,12.898112,0.018,18.050289,4.512572,18.050289,00-0036973,2023,JAX,RB,RB,1.0,1999-01-26,JAX,25.0,25.0
Samaje Perine,2023,2,7.5,3.75,3.0,0.017,8.520907,4.260454,3.408363,00-0033526,2023,DEN,RB,RB,25.0,1995-09-16,WAS,114.0,28.0
Alexander Mattison,2023,2,7.0,3.5,6.35,0.016,7.952847,3.976423,7.214368,00-0034972,2023,MIN,RB,RB,2.0,1998-06-19,MIN,102.0,25.0
Raheem Mostert,2023,2,5.6,2.8,2.2,0.012,6.362278,3.181139,2.499466,00-0031687,2023,MIA,RB,RB,31.0,1992-04-09,,,32.0
Clyde Edwards-Helaire,2020,4,10.821576,2.705394,9.95585,0.014,13.944654,3.486164,12.829082,00-0036360,2023,KC,RB,RB,25.0,1999-04-11,KC,32.0,25.0
Sony Michel,2023,1,1.08,1.08,0.0,0.005,1.227011,1.227011,0.0,00-0034845,2023,LA,RB,RB,24.0,1995-02-17,NE,31.0,29.0
Jeff Wilson,2023,2,6.0,3.0,2.645,0.013,6.816726,3.408363,3.00504,00-0034115,2023,MIA,RB,RB,23.0,1995-11-16,,,28.0
Devin Singletary,2023,1,2.75,2.75,2.5,0.012,3.124333,3.124333,2.840302,00-0035250,2023,HOU,RB,RB,26.0,1997-09-03,BUF,74.0,26.0
Javonte Williams,2021,4,8.865754,2.216439,6.718251,0.012,12.407198,3.1018,9.40187,00-0036997,2023,DEN,RB,RB,33.0,2000-04-25,DEN,35.0,24.0
Brandon Bolden,2022,2,5.01,2.505,2.375,0.012,6.145793,3.072896,2.913425,00-0029239,2023,LV,RB,RB,34.0,1990-01-26,,,34.0
D'Ernest Johnson,2023,1,1.2325,1.2325,0.25,0.005,1.400269,1.400269,0.28403,00-0035628,2023,JAX,RB,RB,25.0,1996-02-27,,,28.0
Marlon Mack,2023,1,1.08,1.08,0.0,0.005,1.227011,1.227011,0.0,00-0033951,2023,ARI,RB,RB,37.0,1996-03-07,IND,143.0,28.0
Breece Hall,2022,4,9.014768,2.253692,7.080482,0.011,11.058462,2.764615,8.685663,00-0038120,2023,NYJ,RB,RB,20.0,2001-05-31,NYJ,36.0,22.0
D'Andre Swift,2020,4,8.538918,2.13473,6.306374,0.011,11.003227,2.750807,8.126377,00-0036275,2023,PHI,RB,RB,0.0,1999-01-14,DET,35.0,25.0
Mike Boone,2023,2,3.1,1.55,0.3,0.007,3.521975,1.760988,0.340836,00-0034208,2023,CAR,RB,RB,22.0,1995-07-30,,,28.0
Kenneth Walker III,2022,4,8.44158,2.110395,6.14404,0.01,10.355329,2.588832,7.536925,00-0038134,2023,SEA,RB,RB,9.0,2000-10-20,SEA,41.0,23.0
Justice Hill,2023,2,4.51,2.255,1.25,0.01,5.123906,2.561953,1.420151,00-0034975,2023,BAL,RB,RB,43.0,1997-11-14,BAL,113.0,26.0
Ronald Jones II,2023,1,1.2325,1.2325,0.3025,0.005,1.400269,1.400269,0.343677,00-0034816,2023,DAL,RB,RB,32.0,1997-08-03,TB,38.0,26.0
D'Onta Foreman,2023,1,2.0,2.0,1.0,0.009,2.272242,2.272242,1.136121,00-0033925,2023,CHI,RB,RB,21.0,1996-04-24,HOU,89.0,28.0
Taiwan Jones,2023,1,0.387044,0.387044,0.0,0.002,0.439729,0.439729,0.0,00-0028063,2023,NYG,RB,RB,36.0,1988-07-26,OAK,125.0,35.0
James Robinson,2023,2,4.0,2.0,0.15,0.009,4.544484,2.272242,0.170418,00-0035831,2023,NO,RB,RB,26.0,1998-08-09,,,25.0
Boston Scott,2023,1,2.0,2.0,1.08,0.009,2.272242,2.272242,1.227011,00-0034414,2023,PHI,RB,RB,35.0,1995-04-27,NO,201.0,28.0
Travis Homer,2023,2,4.0,2.0,1.75,0.009,4.544484,2.272242,1.988212,00-0035594,2023,CHI,RB,RB,20.0,1998-08-07,SEA,204.0,25.0
Darrel Williams,2023,1,1.08,1.08,0.0,0.005,1.227011,1.227011,0.0,00-0034301,2023,NO,RB,RB,34.0,1995-04-15,,,29.0
Ty Montgomery,2023,1,1.7,1.7,0.0,0.008,1.931406,1.931406,0.0,00-0032200,2023,NE,WR,WR,14.0,1993-01-22,GB,94.0,31.0
Damien Williams,2023,1,1.165,1.165,0.0,0.005,1.323581,1.323581,0.0,00-0030874,2023,ARI,RB,RB,29.0,1992-04-03,,,32.0
Damien Harris,2023,1,1.77,1.77,1.0,0.008,2.010934,2.010934,1.136121,00-0035657,2023,BUF,RB,RB,22.0,1997-02-11,NE,87.0,27.0
Cam Akers,2020,4,6.173042,1.543261,3.550077,0.008,7.954566,1.988642,4.57462,00-0036414,2023,MIN,RB,RB,31.0,1999-06-22,LA,52.0,24.0
Ameer Abdullah,2023,1,1.75,1.75,0.5,0.008,1.988212,1.988212,0.56806,00-0032104,2023,LV,RB,RB,22.0,1993-06-13,DET,54.0,30.0
Zach Charbonnet,2023,4,6.876078,1.71902,3.813333,0.008,7.812057,1.953015,4.332408,00-0039165,2023,SEA,RB,RB,26.0,2001-01-08,SEA,52.0,23.0
J.K. Dobbins,2020,4,5.729438,1.43236,3.207293,0.007,7.382939,1.845735,4.132909,00-0036158,2023,BAL,RB,RB,27.0,1998-12-17,BAL,55.0,25.0
Dare Ogunbowale,2022,1,3.0,1.5,0.55,0.007,3.680115,1.840058,0.674688,00-0033854,2023,HOU,RB,RB,33.0,1994-05-04,,,29.0
James Cook,2022,4,5.832064,1.458016,3.096594,0.007,7.154223,1.788556,3.798608,00-0037248,2023,BUF,RB,RB,4.0,1999-09-25,BUF,63.0,24.0
Trey Sermon,2023,1,0.94,0.94,0.0,0.004,1.067954,1.067954,0.0,00-0036984,2023,IND,RB,RB,27.0,1999-01-30,SF,88.0,25.0
A.J. Dillon,2020,4,5.28583,1.321458,2.76024,0.007,6.811307,1.702827,3.556838,00-0036265,2023,GB,RB,RB,28.0,1998-05-02,GB,62.0,25.0
JaMycal Hasty,2023,2,2.9,1.45,0.3,0.006,3.294751,1.647375,0.340836,00-0035806,2023,NE,RB,RB,39.0,1996-09-12,,,27.0
Salvon Ahmed,2023,1,1.45,1.45,0.3,0.006,1.647375,1.647375,0.340836,00-0036020,2023,MIA,RB,RB,26.0,1998-12-29,,,25.0
Kendre Miller,2023,4,5.654312,1.413578,1.112228,0.006,6.423983,1.605996,1.263626,00-0038551,2023,NO,RB,RB,25.0,2002-06-11,NO,71.0,21.0
Matt Breida,2023,1,1.4,1.4,0.5,0.006,1.590569,1.590569,0.56806,00-0033308,2023,NYG,RB,RB,31.0,1995-02-28,,,29.0
Antonio Gibson,2020,4,4.932638,1.23316,1.147372,0.006,6.356184,1.589047,1.478501,00-0036328,2023,WAS,RB,RB,24.0,1998-06-23,WAS,66.0,25.0
Dwayne Washington,2023,1,1.165,1.165,0.0,0.005,1.323581,1.323581,0.0,00-0032450,2023,DEN,RB,RB,39.0,1994-04-24,DET,236.0,30.0
Rachaad White,2022,4,5.13,1.2825,0.910908,0.006,6.292997,1.573249,1.117415,00-0037256,2023,TB,RB,RB,1.0,1999-01-12,TB,91.0,25.0
Tyrion Davis-Price,2023,1,0.216,0.216,0.0,0.001,0.245402,0.245402,0.0,00-0037827,2023,SF,RB,RB,32.0,2000-10-23,SF,93.0,23.0
Tyjae Spears,2023,4,5.490602,1.372651,0.993164,0.006,6.237988,1.559498,1.128354,00-0039032,2023,TEN,RB,RB,32.0,2001-06-15,TEN,81.0,22.0
Brian Robinson Jr.,2022,4,5.044904,1.261226,0.84902,0.006,6.188609,1.547152,1.041497,00-0037746,2023,WAS,RB,RB,8.0,1999-03-22,WAS,98.0,25.0
Devon Achane,2023,4,5.43745,1.359363,0.954508,0.006,6.177601,1.544401,1.084437,00-0039040,2023,MIA,RB,RB,28.0,2001-10-13,MIA,84.0,22.0
Tank Bigsby,2023,4,5.392918,1.34823,0.92212,0.006,6.127007,1.531752,1.04764,00-0038555,2023,JAX,RB,RB,4.0,2001-08-30,JAX,88.0,22.0
Ke'Shawn Vaughn,2023,1,0.2898,0.2898,0.0,0.001,0.329248,0.329248,0.0,00-0036450,2023,NE,RB,RB,21.0,1997-05-04,TB,76.0,26.0
Michael Carter,2021,4,4.28736,1.07184,0.80736,0.006,5.999955,1.499989,1.129862,00-0036924,2023,ARI,RB,RB,22.0,1999-05-07,NYJ,107.0,24.0
Jonathan Williams,2023,1,1.3175,1.3175,0.1525,0.006,1.496839,1.496839,0.173258,00-0032975,2023,WAS,RB,RB,18.0,1994-02-02,BUF,156.0,30.0
Lynn Bowden,2023,1,0.87,0.87,0.0,0.004,0.988425,0.988425,0.0,00-0036364,2023,NO,WR,WR,5.0,1997-10-14,LV,80.0,26.0
Kene Nwangwu,2021,4,4.232796,1.058199,0.752796,0.006,5.923595,1.480899,1.053502,00-0036842,2023,MIN,RB,RB,26.0,1998-02-09,MIN,119.0,26.0
Rhamondre Stevenson,2021,4,4.22906,1.057265,0.74906,0.006,5.918367,1.479592,1.048274,00-0036875,2023,NE,RB,RB,38.0,1998-02-23,NE,120.0,26.0
Chuba Hubbard,2021,4,4.193172,1.04829,0.713172,0.006,5.868143,1.467032,0.99805,00-0036555,2023,CAR,RB,RB,30.0,1999-06-11,CAR,126.0,24.0
Zack Moss,2020,4,4.522081,1.13052,0.91442,0.006,5.827142,1.456785,1.178319,00-0036251,2023,IND,RB,RB,21.0,1997-12-15,BUF,86.0,26.0
Royce Freeman,2023,1,1.08,1.08,0.0,0.005,1.227011,1.227011,0.0,00-0034838,2023,LA,RB,RB,24.0,1996-02-24,DEN,71.0,28.0
Darrynton Evans,2023,1,0.94,0.94,0.0,0.004,1.067954,1.067954,0.0,00-0036297,2023,MIA,RB,RB,37.0,1998-07-09,TEN,93.0,25.0
Darrell Henderson,2023,1,1.08,1.08,0.0,0.005,1.227011,1.227011,0.0,00-0035664,2023,LA,RB,RB,27.0,1997-08-19,LA,70.0,26.0
Trayveon Williams,2023,1,1.2325,1.2325,0.0525,0.005,1.400269,1.400269,0.059646,00-0035291,2023,CIN,RB,RB,32.0,1997-10-18,CIN,182.0,26.0
Myles Gaskin,2023,1,1.2325,1.2325,0.0,0.005,1.400269,1.400269,0.0,00-0035311,2023,MIN,RB,RB,37.0,1997-02-15,MIA,234.0,27.0
Ty Johnson,2023,1,1.2325,1.2325,0.25,0.005,1.400269,1.400269,0.28403,00-0035537,2023,BUF,RB,RB,26.0,1997-09-17,DET,186.0,26.0
Corey Clement,2023,1,1.08,1.08,0.0,0.005,1.227011,1.227011,0.0,00-0033725,2023,ARI,RB,RB,23.0,1994-11-02,,,29.0
Brian Hill,2023,1,1.08,1.08,0.0,0.005,1.227011,1.227011,0.0,00-0033567,2023,SF,RB,RB,36.0,1995-11-09,ATL,156.0,28.0
Dameon Pierce,2022,4,4.500432,1.125108,0.815432,0.005,5.520703,1.380176,1.000295,00-0037258,2023,HOU,RB,RB,31.0,2000-02-19,HOU,107.0,24.0
Zamir White,2022,4,4.403924,1.100981,0.743924,0.005,5.402316,1.350579,0.912575,00-0038040,2023,LV,RB,RB,35.0,1999-09-18,LV,122.0,24.0
Isaiah Spiller,2022,4,4.396952,1.099238,0.736952,0.005,5.393763,1.348441,0.904023,00-0038045,2023,LAC,RB,RB,28.0,2001-08-09,LAC,123.0,22.0
Pierre Strong Jr.,2022,4,4.373428,1.093357,0.713428,0.005,5.364906,1.341227,0.875166,00-0038098,2023,CLE,RB,RB,20.0,1998-12-10,NE,127.0,25.0
Craig Reynolds,2023,1,1.08,1.08,0.0,0.005,1.227011,1.227011,0.0,00-0035567,2023,DET,RB,RB,13.0,1996-06-15,,,27.0
Kenneth Gainwell,2021,4,3.815524,0.953881,0.335524,0.005,5.339643,1.334911,0.46955,00-0036919,2023,PHI,RB,RB,14.0,1999-03-14,PHI,150.0,25.0
Hassan Haskins,2022,4,4.352208,1.088052,0.692208,0.005,5.338876,1.334719,0.849135,00-0037617,2023,TEN,RB,RB,25.0,1999-11-26,TEN,131.0,24.0
Joshua Kelley,2020,4,4.075344,1.018836,0.780344,0.005,5.251478,1.312869,1.005549,00-0036370,2023,LAC,RB,RB,25.0,1997-11-20,LAC,112.0,26.0
Roschon Johnson,2023,4,4.608688,1.152172,0.768688,0.005,5.236027,1.309007,0.873323,00-0039021,2023,CHI,RB,RB,23.0,2001-01-31,CHI,115.0,23.0
La'Mical Perine,2023,2,1.995,0.9975,0.0,0.004,2.266561,1.133281,0.0,00-0036269,2023,KC,RB,RB,29.0,1998-01-30,NYJ,120.0,26.0
Avery Williams,2021,4,3.720152,0.930038,0.240152,0.005,5.206174,1.301544,0.336081,00-0036950,2023,ATL,RB,RB,26.0,1998-07-15,ATL,183.0,25.0
"Anthony McFarland, Jr.",2023,1,0.94,0.94,0.0,0.004,1.067954,1.067954,0.0,00-0036336,2023,PIT,RB,RB,26.0,1999-03-04,PIT,124.0,25.0
Elijah Mitchell,2021,4,3.663572,0.915893,0.183572,0.005,5.126993,1.281748,0.2569,00-0036567,2023,SF,RB,RB,25.0,1998-05-02,SF,194.0,25.0
Gary Brightwell,2021,4,3.658872,0.914718,0.178872,0.005,5.120416,1.280104,0.250323,00-0036569,2023,NYG,RB,RB,23.0,1998-02-28,NYG,196.0,26.0
Larry Rountree III,2023,1,0.94,0.94,0.0,0.004,1.067954,1.067954,0.0,00-0036650,2023,HOU,RB,RB,49.0,1999-02-13,LAC,198.0,25.0
Chris Evans,2021,4,3.652888,0.913222,0.172888,0.005,5.112042,1.27801,0.241948,00-0036857,2023,CIN,RB,RB,25.0,1997-10-05,CIN,202.0,26.0
Demetric Felton,2023,1,0.216,0.216,0.0,0.001,0.245402,0.245402,0.0,00-0036654,2023,CIN,RB,RB,34.0,1998-07-16,CLE,211.0,25.0
John Kelly,2023,1,1.01,1.01,0.0,0.004,1.147482,1.147482,0.0,00-0034808,2023,CLE,RB,RB,41.0,1996-10-04,LA,176.0,27.0
Jeremy McNichols,2023,1,1.08,1.08,0.0,0.005,1.227011,1.227011,0.0,00-0033955,2023,SF,RB,RB,36.0,1995-12-26,TB,162.0,28.0
Justin Jackson,2023,1,1.08,1.08,0.0,0.005,1.227011,1.227011,0.0,00-0034440,2023,DET,RB,RB,42.0,1996-04-22,LAC,251.0,28.0
Jordan Wilkins,2023,1,1.08,1.08,0.0,0.005,1.227011,1.227011,0.0,00-0034400,2023,CLE,RB,RB,30.0,1994-07-18,IND,169.0,29.0
Khalil Herbert,2021,4,3.610704,0.902676,0.130704,0.005,5.053007,1.263252,0.182914,00-0036906,2023,CHI,RB,RB,24.0,1998-04-21,CHI,217.0,26.0
Jake Funk,2023,1,0.94,0.94,0.0,0.004,1.067954,1.067954,0.0,00-0036860,2023,DET,RB,RB,37.0,1998-01-11,LA,233.0,26.0
Gerrid Doaks,2023,2,1.665,0.8325,0.0,0.004,1.891641,0.945821,0.0,00-0036578,2023,HOU,RB,RB,28.0,1998-06-09,MIA,244.0,25.0
Jermar Jefferson,2023,1,0.87,0.87,0.0,0.004,0.988425,0.988425,0.0,00-0036670,2023,DET,RB,RB,28.0,2000-04-15,DET,257.0,24.0
Devine Ozigbo,2023,1,1.08,1.08,0.0,0.005,1.227011,1.227011,0.0,00-0035184,2023,DET,RB,RB,33.0,1996-10-02,,,27.0
Qadree Ollison,2023,1,1.08,1.08,0.0,0.005,1.227011,1.227011,0.0,00-0035273,2023,PIT,RB,RB,41.0,1996-09-08,ATL,152.0,27.0
Benjamin Snell Jr.,2023,1,1.08,1.08,0.0,0.005,1.227011,1.227011,0.0,00-0035217,2023,DET,RB,RB,38.0,1998-02-27,PIT,122.0,26.0
Tyler Allgeier,2022,4,3.993888,0.998472,0.333888,0.005,4.899323,1.224831,0.409582,00-0037263,2023,ATL,RB,RB,25.0,2000-04-15,ATL,151.0,24.0
Snoop Conner,2023,1,0.216,0.216,0.0,0.001,0.245402,0.245402,0.0,00-0037265,2023,JAX,RB,RB,24.0,2000-08-01,JAX,154.0,23.0
Jerome Ford,2022,4,3.982148,0.995537,0.322148,0.005,4.884921,1.22123,0.395181,00-0037267,2023,CLE,RB,RB,34.0,1999-09-12,CLE,156.0,24.0
DeeJay Dallas,2020,4,3.7894,0.94735,0.4944,0.005,4.883011,1.220753,0.637083,00-0036425,2023,SEA,RB,RB,31.0,1998-09-16,SEA,144.0,25.0
Kyren Williams,2022,4,3.970408,0.992602,0.310408,0.005,4.87052,1.21763,0.380779,00-0037840,2023,LA,RB,RB,23.0,2000-08-26,LA,164.0,23.0
Ty Chandler,2022,4,3.958844,0.989711,0.298844,0.005,4.856334,1.214084,0.366593,00-0037276,2023,MIN,RB,RB,32.0,1998-05-12,MIN,169.0,25.0
Jason Huntley,2023,1,0.87,0.87,0.0,0.004,0.988425,0.988425,0.0,00-0036278,2023,IND,RB,RB,31.0,1998-04-20,DET,172.0,26.0
Patrick Laird,2023,1,1.01,1.01,0.0,0.004,1.147482,1.147482,0.0,00-0035342,2023,TB,RB,RB,25.0,1995-08-17,,,28.0
Israel Abanikanda,2023,4,4.17638,1.044095,0.33638,0.005,4.744873,1.186218,0.382168,00-0038389,2023,NYJ,RB,RB,25.0,2002-10-05,NYJ,143.0,21.0
Kevin Harris,2023,2,1.855,0.9275,0.0,0.004,2.107504,1.053752,0.0,00-0037286,2023,NE,RB,RB,36.0,2000-11-17,NE,183.0,23.0
Rico Dowdle,2023,1,1.04,1.04,0.1,0.005,1.181566,1.181566,0.113612,00-0036139,2023,DAL,RB,RB,23.0,1998-06-14,,,25.0
Tyler Badie,2023,1,0.245667,0.245667,0.0,0.001,0.279107,0.279107,0.0,00-0037085,2023,DEN,RB,RB,36.0,1999-02-07,BAL,196.0,25.0
Keaontay Ingram,2023,1,0.216,0.216,0.0,0.001,0.245402,0.245402,0.0,00-0037299,2023,KC,RB,RB,30.0,1999-10-26,ARI,201.0,24.0
Trestan Ebner,2022,4,3.825936,0.956484,0.165936,0.005,4.693295,1.173324,0.203555,00-0037087,2023,CHI,RB,RB,25.0,,CHI,203.0,
Austin Walter,2023,1,0.94,0.94,0.0,0.004,1.067954,1.067954,0.0,00-0035187,2023,LV,RB,RB,32.0,1996-08-17,,,27.0
Chase Brown,2023,4,4.126156,1.031539,0.286156,0.005,4.687812,1.171953,0.325108,00-0038597,2023,CIN,RB,RB,30.0,2000-03-21,CIN,163.0,24.0
Jonathan Ward,2023,1,1.01,1.01,0.0,0.004,1.147482,1.147482,0.0,00-0035924,2023,TEN,RB,RB,20.0,1997-09-30,,,26.0
Eric Gray,2023,4,4.08498,1.021245,0.24498,0.005,4.641032,1.160258,0.278327,00-0038396,2023,NYG,RB,RB,20.0,1999-11-04,NYG,172.0,24.0
Evan Hull,2023,4,4.08498,1.021245,0.24498,0.005,4.641032,1.160258,0.278327,00-0038397,2023,IND,RB,RB,26.0,2000-10-26,IND,176.0,23.0
Deon Jackson,2023,1,0.94,0.94,0.0,0.004,1.067954,1.067954,0.0,00-0036493,2023,NYG,RB,RB,34.0,1999-02-18,,,25.0
Jaret Patterson,2023,1,0.216,0.216,0.0,0.001,0.245402,0.245402,0.0,00-0036755,2023,WAS,RB,RB,19.0,1999-12-23,,,24.0
Brittain Brown,2022,4,3.739856,0.934964,0.079856,0.004,4.5877,1.146925,0.09796,00-0037329,2023,LV,RB,RB,38.0,1997-10-10,LV,250.0,26.0
Isiah Pacheco,2022,4,3.739108,0.934777,0.079108,0.004,4.586783,1.146696,0.097042,00-0037197,2023,KC,RB,RB,10.0,1999-03-02,KC,251.0,25.0
Zander Horvath,2023,1,0.216,0.216,0.0,0.001,0.245402,0.245402,0.0,00-0037331,2023,LAC,RB,RB,46.0,1998-12-10,LAC,260.0,25.0
Chris Rodriguez Jr.,2023,4,4.017692,1.004423,0.177692,0.004,4.564584,1.141146,0.20188,00-0038611,2023,WAS,RB,RB,23.0,1999-09-26,WAS,193.0,24.0
Spencer Brown,2023,1,0.75,0.75,0.0,0.003,0.852091,0.852091,0.0,00-0036543,2023,CAR,RB,RB,41.0,1998-11-13,,,25.0
Nate McCrary,2023,1,0.87,0.87,0.0,0.004,0.988425,0.988425,0.0,00-0036582,2023,CLE,RB,RB,46.0,1999-04-09,,,25.0
Stevie Scott III,2023,1,0.75,0.75,0.0,0.003,0.852091,0.852091,0.0,00-0036548,2023,ARI,RB,RB,49.0,,,,
CJ Marable,2023,1,0.75,0.75,0.0,0.003,0.852091,0.852091,0.0,00-0036706,2023,NE,RB,RB,37.0,,,,
Deuce Vaughn,2023,4,3.973332,0.993333,0.133332,0.004,4.514186,1.128546,0.151481,00-0038622,2023,DAL,RB,RB,42.0,2001-11-02,DAL,212.0,22.0
Zach Evans,2023,4,3.973332,0.993333,0.133332,0.004,4.514186,1.128546,0.151481,00-0039136,2023,LA,RB,RB,21.0,2001-05-30,LA,215.0,22.0
DeWayne McBride,2023,4,3.950404,0.987601,0.110404,0.004,4.488137,1.122034,0.125432,00-0039046,2023,MIN,RB,RB,27.0,2001-07-08,MIN,222.0,22.0
Kenny McIntosh,2023,4,3.930852,0.982646,0.090852,0.004,4.465923,1.116405,0.103219,00-0038636,2023,SEA,RB,RB,25.0,2000-03-03,SEA,237.0,24.0
J.J. Taylor,2023,1,0.94,0.94,0.0,0.004,1.067954,1.067954,0.0,00-0036096,2023,HOU,RB,RB,38.0,1998-01-04,,,26.0
Godwin Igwebuike,2023,1,1.01,1.01,0.0,0.004,1.147482,1.147482,0.0,00-0034614,2023,PIT,RB,RB,48.0,1994-09-10,,,29.0
Darwin Thompson,2023,1,0.94,0.94,0.0,0.004,1.067954,1.067954,0.0,00-0035148,2023,LV,RB,RB,30.0,1997-02-12,KC,214.0,27.0
Eno Benjamin,2020,4,3.397716,0.849429,0.102716,0.004,4.378288,1.094572,0.13236,00-0036383,2023,NO,RB,RB,26.0,1999-04-13,ARI,222.0,25.0
Patrick Taylor,2023,1,0.94,0.94,0.0,0.004,1.067954,1.067954,0.0,00-0035973,2023,GB,RB,RB,27.0,1998-04-29,,,25.0
Tony Jones,2023,1,0.94,0.94,0.0,0.004,1.067954,1.067954,0.0,00-0035860,2023,ARI,RB,RB,37.0,1997-11-24,,,26.0
Zonovan Knight,2023,1,0.87,0.87,0.0,0.004,0.988425,0.988425,0.0,00-0037157,2023,DET,RB,RB,28.0,2001-04-11,,,23.0
Jacques Patrick,2023,1,1.855,0.9275,0.0,0.004,2.107504,1.053752,0.0,00-0035760,2023,NYJ,RB,RB,38.0,1997-01-07,,,27.0
Bryant Koback,2023,1,0.75,0.75,0.0,0.003,0.852091,0.852091,0.0,00-0037495,2023,SEA,RB,RB,40.0,1998-04-06,,,26.0
Raheem Blackshear,2022,3,2.575,0.858333,0.015,0.004,3.158766,1.052921,0.018401,00-0037429,2023,CAR,RB,RB,3.0,1998-06-05,,,25.0
Abram Smith,2023,1,0.75,0.75,0.0,0.003,0.852091,0.852091,0.0,00-0037546,2023,MIN,RB,RB,41.0,,,,
Greg Bell,2023,1,0.75,0.75,0.0,0.003,0.852091,0.852091,0.0,00-0037437,2023,PIT,RB,RB,38.0,1998-06-16,,,25.0
Jaylen Warren,2022,3,2.572,0.857333,0.012,0.004,3.155085,1.051695,0.01472,00-0037228,2023,PIT,RB,RB,30.0,1998-11-01,,,25.0
Kennedy Brooks,2023,1,0.75,0.75,0.0,0.003,0.852091,0.852091,0.0,00-0037131,2023,PHI,RB,RB,34.0,,,,
Jerrion Ealy,2023,1,0.75,0.75,0.0,0.003,0.852091,0.852091,0.0,00-0037210,2023,KC,RB,RB,39.0,,,,
Jashaun Corbin,2023,2,1.665,0.8325,0.0,0.004,1.891641,0.945821,0.0,00-0037410,2023,NYG,RB,RB,35.0,2000-08-20,,,23.0
Malik Davis,2023,1,0.324999,0.324999,0.0,0.001,0.369238,0.369238,0.0,00-0037563,2023,DAL,RB,RB,34.0,1998-11-26,,,25.0
Ronnie Rivers,2022,3,2.569,0.856333,0.009,0.004,3.151405,1.050468,0.01104,00-0037557,2023,LA,RB,RB,20.0,1999-01-31,,,25.0
Tyler Goodson,2023,2,1.665,0.8325,0.0,0.004,1.891641,0.945821,0.0,00-0037120,2023,IND,RB,RB,31.0,2000-11-10,,,23.0
Julius Chestnut,2022,3,2.5675,0.855833,0.0325,0.004,3.149565,1.049855,0.039868,00-0037594,2023,TEN,RB,RB,36.0,2000-10-26,,,23.0
Aaron Shampklin,2023,1,0.75,0.75,0.0,0.003,0.852091,0.852091,0.0,00-0037609,2023,LAC,RB,RB,23.0,,,,
Jordan Mason,2022,3,2.56,0.853333,0.04,0.004,3.140365,1.046788,0.049068,00-0037525,2023,SF,RB,RB,24.0,1999-05-24,,,24.0
Sincere McCormick,2023,1,0.216,0.216,0.0,0.001,0.245402,0.245402,0.0,00-0037509,2023,LV,RB,RB,47.0,2000-09-10,,,23.0
Ty Williams,2022,2,1.695,0.8475,0.0,0.004,2.079265,1.039633,0.0,00-0036457,2023,ARI,RB,RB,22.0,,,,
Deneric Prince,2023,3,2.715,0.905,0.236,0.004,3.084569,1.02819,0.268125,00-0038518,2023,KC,RB,RB,34.0,2000-04-11,,,24.0
Hunter Luepke,2023,3,2.715,0.905,0.2,0.004,3.084569,1.02819,0.227224,00-0038738,2023,DAL,RB,RB,40.0,2000-02-28,,,24.0
Darius Hagans,2023,3,2.715,0.905,0.02,0.004,3.084569,1.02819,0.022722,00-0038433,2023,PIT,RB,RB,25.0,,,,
Keaton Mitchell,2023,3,2.713,0.904333,0.073,0.004,3.082296,1.027432,0.082937,00-0038454,2023,BAL,RB,RB,34.0,2002-01-17,,,22.0
Camerun Peoples,2023,3,2.71,0.903333,0.045,0.004,3.078888,1.026296,0.051125,00-0038777,2023,CAR,RB,RB,32.0,,,,
Jaleel McLaughlin,2023,3,2.71,0.903333,0.055,0.004,3.078888,1.026296,0.062487,00-0038794,2023,DEN,RB,RB,38.0,2000-09-13,,,23.0
Emanuel Wilson,2023,3,2.71,0.903333,0.045,0.004,3.078888,1.026296,0.051125,00-0038797,2023,GB,RB,RB,31.0,1999-05-08,,,24.0
Emari Demercado,2023,3,2.71,0.903333,0.07,0.004,3.078888,1.026296,0.079528,00-0038705,2023,ARI,RB,RB,31.0,1999-01-20,,,25.0
Hassan Hall,2023,3,2.71,0.903333,0.125,0.004,3.078888,1.026296,0.142015,00-0038714,2023,KC,RB,RB,30.0,2000-08-28,,,23.0
Jordan Mims,2023,3,2.707,0.902333,0.012,0.004,3.07548,1.025159,0.013633,00-0038678,2023,NO,RB,RB,33.0,1999-06-16,,,24.0
SaRodorick Thompson,2023,3,2.705,0.901667,0.035,0.004,3.073207,1.024403,0.039764,00-0038910,2023,DAL,RB,RB,29.0,1999-10-01,,,24.0
Jacob Salyors,2023,3,2.705,0.901667,0.01,0.004,3.073207,1.024403,0.011361,00-0038896,2023,ATL,RB,RB,39.0,2000-03-08,,,24.0
Travis Dye,2023,3,2.7025,0.900833,0.0625,0.004,3.070367,1.023455,0.071008,00-0038495,2023,NYJ,RB,RB,35.0,,,,
Elijah Dotson,2023,3,2.702,0.900667,0.007,0.004,3.069799,1.023267,0.007953,00-0038862,2023,LAC,RB,RB,42.0,1999-01-19,,,25.0
Carlos Washington Jr.,2023,3,2.7,0.9,0.005,0.004,3.067527,1.022509,0.005681,00-0038930,2023,ATL,RB,RB,28.0,1998-12-26,,,25.0
Calvin Tyler,2023,3,2.7,0.9,0.005,0.004,3.067527,1.022509,0.005681,00-0038898,2023,CIN,RB,RB,36.0,,,,
Sean Tucker,2023,3,2.7,0.9,0.155,0.004,3.067527,1.022509,0.176099,00-0038951,2023,TB,RB,RB,44.0,2001-10-25,,,22.0
Mohamed Ibrahim,2023,3,2.7,0.9,0.1,0.004,3.067527,1.022509,0.113612,00-0038656,2023,DET,RB,RB,35.0,1999-09-08,,,24.0
Tyler Hoosman,2023,3,2.698,0.899333,0.003,0.004,3.065254,1.021751,0.003408,00-0038867,2023,LAC,RB,RB,44.0,,,,
Christopher Brooks,2023,3,2.697,0.899,0.02,0.004,3.064118,1.021373,0.022722,00-0038685,2023,MIA,RB,RB,35.0,2000-01-11,,,24.0
Owen Wright,2023,3,2.697,0.899,0.002,0.004,3.064118,1.021373,0.002272,00-0038458,2023,BAL,RB,RB,36.0,1999-02-28,,,25.0
Ronnie Brown,2023,3,2.696,0.898667,0.001,0.004,3.062982,1.020994,0.001136,00-0038816,2023,TB,RB,RB,43.0,,,,
Clint Ratkovich,2023,3,2.695,0.898333,0.0,0.004,3.061846,1.020615,0.0,00-0038156,2023,ATL,RB,FB,38.0,,,,
Ellis Merriweather,2023,3,2.695,0.898333,0.0,0.004,3.061846,1.020615,0.0,00-0038965,2023,GB,RB,RB,35.0,1999-04-07,,,25.0
Wayne Taulapapa,2023,3,2.695,0.898333,0.0,0.004,3.061846,1.020615,0.0,00-0039170,2023,SEA,RB,RB,43.0,,,,
Derrick Gore,2023,1,0.87,0.87,0.0,0.004,0.988425,0.988425,0.0,00-0035715,2023,WAS,RB,RB,38.0,1994-12-13,,,29.0
Alec Ingold,2023,3,12.2,4.066667,4.08,0.018,13.860676,4.620226,4.635374,00-0035125,2023,MIA,RB,FB,30.0,1996-07-09,,,27.0
Kyle Juszczyk,2021,5,27.0,5.4,9.6,0.03,37.785205,7.557041,13.43474,00-0029892,2023,SF,RB,FB,44.0,1991-04-23,BAL,130.0,33.0
Patrick Ricard,2022,3,11.25,3.75,4.5,0.018,13.800432,4.600144,5.520173,00-0033376,2023,BAL,RB,FB,42.0,1994-05-27,,,29.0
C.J. Ham,2023,2,5.6,2.8,4.4,0.012,6.362278,3.181139,4.998932,00-0032918,2023,MIN,RB,FB,30.0,1993-07-22,,,30.0
Reggie Gilliam,2022,2,4.6,2.3,2.3,0.011,5.642843,2.821422,2.821422,00-0036187,2023,BUF,RB,FB,41.0,1997-08-20,,,26.0
Keith Smith,2023,1,2.35,2.35,0.625,0.01,2.669884,2.669884,0.710076,00-0030968,2023,ATL,RB,FB,40.0,1992-04-08,,,32.0
Jason Cabinda,2023,1,0.2898,0.2898,0.0,0.001,0.329248,0.329248,0.0,00-0034171,2023,DET,RB,FB,45.0,1996-03-17,,,28.0
Khari Blasingame,2023,2,3.6,1.8,1.95,0.008,4.090036,2.045018,2.215436,00-0035099,2023,CHI,RB,FB,35.0,1996-07-01,,,27.0
Jakob Johnson,2023,1,1.625,1.625,0.275,0.007,1.846197,1.846197,0.312433,00-0035726,2023,LV,RB,FB,45.0,1994-12-15,,,29.0
Alex Armah,2023,1,1.105,1.105,0.025,0.005,1.255414,1.255414,0.028403,00-0033296,2023,WAS,RB,RB,40.0,1994-05-17,CAR,192.0,29.0
Michael Burton,2023,1,1.3175,1.3175,1.06625,0.006,1.496839,1.496839,1.211389,00-0031595,2023,DEN,RB,FB,20.0,1992-02-01,DET,168.0,32.0
Ben Mason,2023,1,0.75,0.75,0.0,0.003,0.852091,0.852091,0.0,00-0036565,2023,BAL,TE,TE,38.0,1999-05-25,BAL,184.0,24.0
Nick Bawden,2023,2,2.195,1.0975,0.2,0.005,2.493786,1.246893,0.227224,00-0034433,2023,NYJ,RB,FB,48.0,1996-06-22,DET,237.0,27.0
Adam Prentice,2023,1,0.94,0.94,0.0,0.004,1.067954,1.067954,0.0,00-0036727,2023,NO,RB,FB,46.0,1997-01-16,,,27.0
Derek Parish,2023,4,3.925328,0.981332,0.085328,0.004,4.459648,1.114912,0.096943,00-0038638,2023,JAX,RB,RB,43.0,1999-01-04,JAX,240.0,25.0
Giovanni Ricci,2023,1,0.94,0.94,0.0,0.004,1.067954,1.067954,0.0,00-0035956,2023,CAR,TE,TE,45.0,1996-10-16,,,27.0
Troy Hairston II,2022,3,2.585,0.861667,0.085,0.004,3.171033,1.057011,0.10427,00-0037456,2023,HOU,RB,FB,34.0,1998-12-08,,,25.0
Henry Pearson,2023,3,2.7025,0.900833,0.0075,0.004,3.070367,1.023455,0.008521,00-0038468,2023,GB,TE,TE,44.0,1999-11-23,,,24.0
Robert Burns,2023,3,2.696,0.898667,0.001,0.004,3.062982,1.020994,0.001136,00-0038419,2023,CHI,RB,RB,45.0,1998-09-25,,,25.0
Levi Bell,2023,3,2.696,0.898667,0.001,0.004,3.062982,1.020994,0.001136,00-0038444,2023,SEA,LB,OLB,43.0,1999-08-06,,,24.0
Jake Bargas,2023,1,0.75,0.75,0.0,0.003,0.852091,0.852091,0.0,00-0035975,2023,NO,RB,RB,47.0,1996-11-28,,,27.0
Andrew Beck,2023,2,6.25,3.125,4.0,0.014,7.100756,3.550378,4.544484,00-0034959,2023,HOU,RB,FB,47.0,1996-05-15,,,27.0
Tyreek Hill,2022,4,120.0,30.0,72.2,0.144,147.204611,36.801153,88.568108,00-0033040,2023,MIA,WR,WR,10.0,1994-03-01,KC,165.0,30.0
DeAndre Hopkins,2023,2,26.0,13.0,10.98,0.058,29.539146,14.769573,12.474609,00-0030564,2023,TEN,WR,WR,10.0,1992-06-06,HOU,27.0,31.0
Davante Adams,2022,5,140.0,28.0,65.71,0.134,171.738713,34.347743,80.606792,00-0031381,2023,LV,WR,WR,17.0,1992-12-24,GB,53.0,31.0
Cooper Kupp,2022,3,80.1,26.7,75.0,0.128,98.259078,32.753026,92.002882,00-0033908,2023,LA,WR,WR,10.0,1993-06-15,LA,69.0,30.0
A.J. Brown,2022,4,100.0,25.0,57.220471,0.12,122.670509,30.667627,70.192643,00-0035676,2023,PHI,WR,WR,11.0,1997-06-30,TEN,51.0,26.0
Julio Jones,2023,1,1.567,1.567,0.0,0.007,1.780302,1.780302,0.0,00-0027944,2023,PHI,WR,WR,80.0,1989-02-08,ATL,6.0,35.0
Stefon Diggs,2022,4,96.0,24.0,70.0,0.115,117.763689,29.440922,85.869356,00-0031588,2023,BUF,WR,WR,14.0,1993-11-29,MIN,146.0,30.0
D.K. Metcalf,2022,3,72.0,24.0,58.22,0.115,88.322767,29.440922,71.41877,00-0035640,2023,SEA,WR,WR,14.0,1997-12-14,SEA,64.0,26.0
Deebo Samuel,2022,3,71.55,23.85,58.167,0.115,87.770749,29.256916,71.353755,00-0035719,2023,SF,WR,WR,19.0,1996-01-15,SF,36.0,28.0
Terry McLaurin,2022,3,69.6,23.2,53.154118,0.111,85.378674,28.459558,65.204427,00-0035659,2023,WAS,WR,WR,17.0,1995-09-15,WAS,76.0,28.0
Michael Thomas,2023,1,10.0,10.0,6.26,0.044,11.36121,11.36121,7.112117,00-0032765,2023,NO,WR,WR,13.0,1993-03-03,NO,47.0,31.0
Odell Beckham Jr.,2023,1,15.0,15.0,15.0,0.067,17.041815,17.041815,17.041815,00-0031235,2023,BAL,WR,WR,3.0,1992-11-05,NYG,12.0,31.0
Keenan Allen,2020,4,80.1,20.025,50.0,0.101,103.21665,25.804162,64.429869,00-0030279,2023,LAC,WR,WR,13.0,1992-04-27,SD,76.0,31.0
Amari Cooper,2020,5,100.0,20.0,60.0,0.101,128.859738,25.771948,77.315843,00-0031544,2023,CLE,WR,WR,2.0,1994-06-17,OAK,4.0,29.0
D.J. Moore,2022,3,61.884,20.628,41.61,0.099,75.913418,25.304473,51.043199,00-0034827,2023,CHI,WR,WR,2.0,1997-04-14,CAR,24.0,27.0
Allen Robinson,2023,2,15.0,7.5,5.0,0.033,17.041815,8.520907,5.680605,00-0031428,2023,PIT,WR,WR,11.0,1993-08-24,JAX,61.0,30.0
Chris Godwin,2022,3,60.0,20.0,40.0,0.096,73.602305,24.534102,49.068204,00-0033921,2023,TB,WR,WR,14.0,1996-02-27,TB,84.0,28.0
Mike Williams,2022,3,60.0,20.0,40.0,0.096,73.602305,24.534102,49.068204,00-0033536,2023,LAC,WR,WR,81.0,1994-10-04,LAC,7.0,29.0
Brandin Cooks,2023,2,20.0,10.0,12.0,0.044,22.72242,11.36121,13.633452,00-0031236,2023,DAL,WR,WR,3.0,1993-09-25,NO,20.0,30.0
Tyler Lockett,2021,4,69.2,17.3,37.0,0.095,96.842082,24.210521,51.779726,00-0032211,2023,SEA,WR,WR,16.0,1992-09-28,SEA,69.0,31.0
Mike Evans,2018,5,82.5,16.5,55.008,0.093,118.908014,23.781603,79.28354,00-0031408,2023,TB,WR,WR,13.0,1993-08-21,TB,7.0,30.0
Diontae Johnson,2022,2,36.71,18.355,27.0,0.088,45.032344,22.516172,33.121037,00-0035216,2023,PIT,WR,WR,18.0,1996-07-05,PIT,66.0,27.0
Christian Kirk,2022,4,72.0,18.0,37.0,0.086,88.322767,22.080692,45.388088,00-0034775,2023,JAX,WR,WR,13.0,1996-11-18,ARI,47.0,27.0
Adam Thielen,2023,3,25.0,8.333333,14.0,0.037,28.403025,9.467675,15.905694,00-0030035,2023,CAR,WR,WR,19.0,1990-08-22,,,33.0
Courtland Sutton,2021,4,60.0,15.0,34.848944,0.082,83.967123,20.991781,48.769426,00-0034348,2023,DEN,WR,WR,14.0,1995-10-10,DEN,40.0,28.0
Robert Woods,2023,2,15.25,7.625,10.0,0.034,17.325845,8.662923,11.36121,00-0030431,2023,HOU,WR,WR,2.0,1992-04-10,BUF,41.0,32.0
Robbie Chosen,2023,1,1.3175,1.3175,0.1525,0.006,1.496839,1.496839,0.173258,00-0032688,2023,MIA,WR,WR,3.0,1993-05-09,,,30.0
Hunter Renfrow,2022,2,31.7,15.85,21.0,0.076,38.886551,19.443276,25.760807,00-0034983,2023,LV,WR,WR,13.0,1995-12-21,OAK,149.0,28.0
Corey Davis,2021,3,37.5,12.5,27.0,0.068,52.479452,17.493151,37.785205,00-0033871,2023,NYJ,WR,WR,84.0,1995-01-11,TEN,5.0,29.0
Curtis Samuel,2021,3,34.5,11.5,23.0,0.063,48.281096,16.093699,32.187397,00-0033282,2023,WAS,WR,WR,4.0,1996-08-11,CAR,40.0,27.0
Nelson Agholor,2023,1,3.25,3.25,3.25,0.014,3.692393,3.692393,3.692393,00-0031549,2023,BAL,WR,WR,15.0,1993-05-24,PHI,20.0,30.0
Tyler Boyd,2019,4,43.0,10.75,11.0,0.057,58.353879,14.58847,14.927736,00-0033009,2023,CIN,WR,WR,83.0,1994-11-15,CIN,55.0,29.0
Michael Gallup,2022,5,57.5,11.5,27.0,0.055,70.535543,14.107109,33.121037,00-0034764,2023,DAL,WR,WR,13.0,1996-03-04,DAL,81.0,28.0
Tim Patrick,2021,3,30.0,10.0,18.504,0.055,41.983562,13.994521,25.895461,00-0033375,2023,DEN,WR,WR,12.0,1993-11-23,,,30.0
Sterling Shepard,2023,1,1.3175,1.3175,0.0,0.006,1.496839,1.496839,0.0,00-0032385,2023,NYG,WR,WR,3.0,1993-02-10,NYG,40.0,31.0
DeVante Parker,2023,2,10.8,5.4,9.1,0.024,12.270107,6.135053,10.338701,00-0031547,2023,NE,WR,WR,1.0,1993-01-20,MIA,14.0,31.0
Jamison Crowder,2023,1,1.3175,1.3175,0.0275,0.006,1.496839,1.496839,0.031243,00-0031941,2023,WAS,WR,WR,83.0,1993-06-17,WAS,105.0,30.0
Jakobi Meyers,2023,3,33.0,11.0,21.0,0.049,37.491993,12.497331,23.858541,00-0034960,2023,LV,WR,WR,16.0,1996-11-09,,,27.0
Allen Lazard,2023,4,44.0,11.0,22.0,0.049,49.989324,12.497331,24.994662,00-0034521,2023,NYJ,WR,WR,10.0,1995-12-11,,,28.0
Marquez Valdes-Scantling,2022,3,30.0,10.0,15.0,0.048,36.801153,12.267051,18.400576,00-0034272,2023,KC,WR,WR,11.0,1994-10-10,GB,174.0,29.0
D.J. Chark,2023,1,5.0,5.0,5.0,0.022,5.680605,5.680605,5.680605,00-0034777,2023,CAR,WR,WR,17.0,1996-09-23,JAX,61.0,27.0
Russell Gage,2023,2,17.0,8.5,7.0,0.038,19.314057,9.657028,7.952847,00-0034411,2023,TB,WR,WR,3.0,1996-01-22,ATL,194.0,28.0
Adam Humphries,2023,1,1.165,1.165,0.0,0.005,1.323581,1.323581,0.0,00-0032009,2023,HOU,WR,WR,27.0,1993-06-24,,,30.0
Randall Cobb,2023,1,3.0,3.0,0.25,0.013,3.408363,3.408363,0.28403,00-0028002,2023,NYJ,WR,WR,18.0,1990-08-22,GB,64.0,33.0
JuJu Smith-Schuster,2023,3,25.5,8.5,16.0,0.038,28.971085,9.657028,18.177936,00-0033857,2023,NE,WR,WR,7.0,1996-11-22,PIT,62.0,27.0
Ja'Marr Chase,2021,4,30.819642,7.704911,30.819642,0.042,43.130611,10.782654,43.130611,00-0036900,2023,CIN,WR,WR,1.0,2000-03-01,CIN,5.0,24.0
Cole Beasley,2023,1,1.165,1.165,0.0,0.005,1.323581,1.323581,0.0,00-0029000,2023,NYG,WR,WR,9.0,1989-04-26,,,34.0
Zay Jones,2022,3,24.0,8.0,14.0,0.038,29.440922,9.813641,17.173871,00-0033891,2023,JAX,WR,WR,7.0,1995-03-30,BUF,37.0,29.0
Jaylen Waddle,2021,4,27.085996,6.771499,27.085996,0.037,37.905553,9.476388,37.905553,00-0036613,2023,MIA,WR,WR,17.0,1998-11-25,MIA,6.0,25.0
Cedrick Wilson Jr.,2023,1,5.0,5.0,5.0,0.022,5.680605,5.680605,5.680605,00-0034418,2023,MIA,WR,WR,11.0,1995-11-20,DAL,208.0,28.0
Marvin Jones,2023,1,3.0,3.0,3.0,0.013,3.408363,3.408363,3.408363,00-0029293,2023,DET,WR,WR,0.0,1990-03-12,CIN,166.0,34.0
A.J. Green,2023,1,1.4,1.4,0.9,0.006,1.590569,1.590569,1.022509,00-0036114,2023,CLE,DB,CB,38.0,1998-06-09,,,25.0
Keelan Cole,2023,1,1.2325,1.2325,0.07625,0.005,1.400269,1.400269,0.086629,00-0033681,2023,LV,WR,WR,84.0,1993-04-20,,,31.0
Braxton Berrios,2023,1,3.5,3.5,3.0,0.016,3.976423,3.976423,3.408363,00-0034419,2023,MIA,WR,WR,0.0,1995-10-06,NE,210.0,28.0
DeVonta Smith,2021,4,20.141392,5.035348,20.141392,0.028,28.186912,7.046728,28.186912,00-0036912,2023,PHI,WR,WR,6.0,1998-11-14,PHI,10.0,25.0
Kendrick Bourne,2021,3,15.0,5.0,5.25,0.027,20.991781,6.99726,7.347123,00-0033307,2023,NE,WR,WR,84.0,1995-08-04,,,28.0
Darius Slayton,2023,2,12.0,6.0,4.9,0.027,13.633452,6.816726,5.566993,00-0035535,2023,NYG,WR,WR,86.0,1997-01-12,NYG,171.0,27.0
Jakeem Grant,2023,1,1.5125,1.5125,0.0,0.007,1.718383,1.718383,0.0,00-0032791,2023,CLE,WR,WR,9.0,1992-10-30,MIA,186.0,31.0
Jamal Agnew,2021,3,14.25,4.75,4.0,0.026,19.942192,6.647397,5.597808,00-0033572,2023,JAX,WR,WR,39.0,1995-04-03,DET,165.0,29.0
David Moore,2023,1,1.08,1.08,0.0,0.005,1.227011,1.227011,0.0,00-0033589,2023,TB,WR,WR,19.0,1995-01-15,SEA,226.0,29.0
Drake London,2022,4,21.534472,5.383618,21.534472,0.026,26.416446,6.604112,26.416446,00-0037238,2023,ATL,WR,WR,5.0,2001-07-24,ATL,8.0,22.0
Garrett Wilson,2022,4,20.554006,5.138502,20.554006,0.025,25.213704,6.303427,25.213704,00-0037740,2023,NYJ,WR,WR,17.0,2000-07-22,NYJ,10.0,23.0
Kalif Raymond,2023,2,10.5,5.25,8.15,0.023,11.92927,5.964635,9.259386,00-0032464,2023,DET,WR,WR,11.0,1994-08-08,,,29.0
Chris Olave,2022,4,19.271872,4.817968,19.271872,0.023,23.640904,5.910226,23.640904,00-0037239,2023,NO,WR,WR,12.0,2000-06-27,NO,11.0,23.0
Deonte Harty,2023,2,9.5,4.75,5.0,0.021,10.793149,5.396575,5.680605,00-0035215,2023,BUF,WR,WR,11.0,1997-12-04,,,26.0
Jameson Williams,2022,4,17.461792,4.365448,17.461792,0.021,21.420469,5.355117,21.420469,00-0037240,2023,DET,WR,WR,9.0,2001-03-26,DET,12.0,23.0
Parris Campbell,2023,1,4.7,4.7,2.9,0.021,5.339769,5.339769,3.294751,00-0035639,2023,NYG,WR,WR,0.0,1997-07-16,IND,59.0,26.0
Byron Pringle,2023,1,1.08,1.08,0.0,0.005,1.227011,1.227011,0.0,00-0034297,2023,WAS,WR,WR,3.0,1993-11-17,,,30.0
Jerry Jeudy,2020,5,15.192958,3.79824,15.192958,0.019,19.577606,4.894402,19.577606,00-0036407,2023,DEN,WR,WR,10.0,1999-04-24,DEN,15.0,25.0
Kadarius Toney,2021,4,13.719508,3.429877,13.719508,0.019,19.199794,4.799948,19.199794,00-0036913,2023,KC,WR,WR,19.0,1999-01-27,NYG,20.0,25.0
Zach Pascal,2023,2,4.5,2.25,1.5,0.01,5.112544,2.556272,1.704181,00-0033251,2023,ARI,WR,WR,0.0,1994-12-18,,,29.0
Jahan Dotson,2022,4,15.048356,3.762089,15.048356,0.018,18.459895,4.614974,18.459895,00-0037741,2023,WAS,WR,WR,1.0,2000-03-22,WAS,16.0,24.0
Mecole Hardman,2023,1,4.0,4.0,3.58,0.018,4.544484,4.544484,4.067313,00-0035140,2023,KC,WR,WR,12.0,1998-03-12,KC,56.0,26.0
CeeDee Lamb,2020,4,14.010014,3.502504,14.010014,0.018,18.053267,4.513317,18.053267,00-0036358,2023,DAL,WR,WR,88.0,1999-04-08,DAL,17.0,25.0
Rashod Bateman,2021,4,12.599414,3.149854,12.599414,0.017,17.632276,4.40807,17.632276,00-0036550,2023,BAL,WR,WR,7.0,1999-11-29,BAL,27.0,24.0
Treylon Burks,2022,4,14.36959,3.592398,14.36959,0.017,17.627249,4.406813,17.627249,00-0037742,2023,TEN,WR,WR,16.0,2000-03-23,TEN,18.0,24.0
Jalen Reagor,2023,1,1.01,1.01,0.0,0.004,1.147482,1.147482,0.0,00-0036387,2023,NE,WR,WR,83.0,1999-01-02,PHI,21.0,25.0
Justin Jefferson,2020,4,13.122806,3.280702,13.122806,0.017,16.910013,4.227504,16.910013,00-0036322,2023,MIN,WR,WR,18.0,1999-06-16,MIN,22.0,24.0
Jaxon Smith-Njigba,2023,4,14.417308,3.604327,14.417308,0.016,16.379806,4.094952,16.379806,00-0038543,2023,SEA,WR,WR,11.0,2002-02-14,SEA,20.0,22.0
Ashton Dulin,2023,2,7.2,3.6,3.5,0.016,8.180071,4.090036,3.976423,00-0035021,2023,IND,WR,WR,16.0,1997-05-15,,,26.0
Brandon Aiyuk,2020,4,12.53135,3.132838,12.53135,0.016,16.147865,4.036967,16.147865,00-0036261,2023,SF,WR,WR,11.0,1998-03-17,SF,25.0,26.0
Quentin Johnston,2023,4,14.188786,3.547197,14.188786,0.016,16.120178,4.030045,16.120178,00-0038544,2023,LAC,WR,WR,1.0,2001-09-06,LAC,21.0,22.0
Marquise Brown,2019,4,11.78734,2.946835,11.589976,0.016,15.99621,3.999052,15.728373,00-0035662,2023,ARI,WR,WR,2.0,1997-06-04,BAL,25.0,26.0
Zay Flowers,2023,4,14.03644,3.50911,14.03644,0.016,15.947094,3.986774,15.947094,00-0039064,2023,BAL,WR,WR,4.0,2000-09-11,BAL,22.0,23.0
Calvin Ridley,2018,4,10.900732,2.725183,9.907077,0.015,15.711326,3.927831,14.279162,00-0034837,2023,JAX,WR,WR,0.0,1994-12-20,ATL,26.0,29.0
Jordan Addison,2023,4,13.731736,3.432934,13.731736,0.015,15.600914,3.900228,15.600914,00-0038994,2023,MIN,WR,WR,3.0,2002-01-27,MIN,23.0,22.0
Tre'Quan Smith,2023,1,0.2898,0.2898,0.0,0.001,0.329248,0.329248,0.0,00-0034765,2023,DEN,WR,WR,81.0,1996-01-07,NO,91.0,28.0
Josh Reynolds,2022,2,6.0,3.0,2.7,0.014,7.360231,3.680115,3.312104,00-0033943,2023,DET,WR,WR,8.0,1995-02-16,LA,117.0,29.0
Breshad Perriman,2023,1,1.165,1.165,0.0,0.005,1.323581,1.323581,0.0,00-0032054,2023,IND,WR,WR,9.0,1993-09-10,BAL,26.0,30.0
N'Keal Harry,2023,1,1.08,1.08,0.0,0.005,1.227011,1.227011,0.0,00-0035624,2023,MIN,WR,WR,13.0,1997-12-17,NE,32.0,26.0
Matt Slater,2023,1,2.6675,2.6675,2.6675,0.012,3.030603,3.030603,3.030603,00-0026293,2023,NE,WR,WR,18.0,1985-09-09,NE,153.0,38.0
Cam Sims,2023,1,1.2325,1.2325,0.30125,0.005,1.400269,1.400269,0.342256,00-0034104,2023,CAR,WR,WR,87.0,1996-01-06,,,28.0
John Ross,2023,1,1.08,1.08,0.0,0.005,1.227011,1.227011,0.0,00-0033460,2023,KC,WR,WR,12.0,1995-11-27,CIN,9.0,28.0
Elijah Moore,2021,4,8.940422,2.235106,7.061273,0.012,12.511692,3.127924,9.881913,00-0036980,2023,CLE,WR,WR,8.0,2000-03-27,NYJ,34.0,24.0
KhaDarel Hodge,2023,1,1.2,1.2,0.0,0.005,1.363345,1.363345,0.0,00-0034854,2023,ATL,WR,WR,12.0,1995-01-03,,,29.0
Olamide Zaccheaus,2023,1,1.2325,1.2325,0.65,0.005,1.400269,1.400269,0.738479,00-0035208,2023,PHI,WR,WR,13.0,1997-07-23,,,26.0
Noah Brown,2023,1,2.6,2.6,2.25,0.012,2.953915,2.953915,2.556272,00-0033591,2023,HOU,WR,WR,85.0,1996-01-06,DAL,239.0,28.0
Mack Hollins,2023,1,2.5,2.5,0.91,0.011,2.840302,2.840302,1.03387,00-0033555,2023,ATL,WR,WR,18.0,1993-09-16,PHI,118.0,30.0
Christian Watson,2022,4,9.241026,2.310257,7.425885,0.011,11.336014,2.834004,9.109371,00-0038124,2023,GB,WR,WR,9.0,1999-05-12,GB,34.0,24.0
Tee Higgins,2020,4,8.686788,2.171697,6.752255,0.011,11.193772,2.798443,8.700938,00-0036410,2023,CIN,WR,WR,5.0,1999-01-18,CIN,33.0,25.0
"Michael Pittman, Jr.",2020,4,8.612842,2.153211,6.625377,0.011,11.098486,2.774622,8.537443,00-0036252,2023,IND,WR,WR,11.0,1997-10-05,IND,34.0,26.0
Isaiah McKenzie,2023,1,1.2325,1.2325,0.4025,0.005,1.400269,1.400269,0.457289,00-0033466,2023,IND,WR,WR,6.0,1995-04-09,DEN,172.0,29.0
Gunner Olszewski,2023,1,1.4,1.4,0.0,0.006,1.590569,1.590569,0.0,00-0035645,2023,NYG,WR,WR,80.0,1996-11-26,,,27.0
Jonathan Mingo,2023,4,8.856606,2.214152,6.898887,0.01,10.062176,2.515545,7.83797,00-0039062,2023,CAR,WR,WR,15.0,2001-04-20,CAR,39.0,23.0
Wan'Dale Robinson,2022,4,8.185166,2.046292,5.791409,0.01,10.040785,2.510197,7.104351,00-0038117,2023,NYG,WR,WR,17.0,2001-01-05,NYG,43.0,23.0
Laviska Shenault,2020,4,7.696066,1.924017,4.726961,0.01,9.91713,2.479283,6.09115,00-0036268,2023,CAR,WR,WR,5.0,1998-10-05,JAX,42.0,25.0
John Metchie III,2022,4,8.070176,2.017544,5.626046,0.01,9.899726,2.474931,6.901499,00-0037614,2023,HOU,WR,WR,8.0,2000-07-18,HOU,44.0,23.0
Chris Conley,2023,1,1.3175,1.3175,0.4,0.006,1.496839,1.496839,0.454448,00-0032128,2023,SF,WR,WR,84.0,1992-10-25,KC,76.0,31.0
Ray-Ray McCloud,2022,2,4.0,2.0,3.615,0.01,4.90682,2.45341,4.434539,00-0034407,2023,SF,WR,WR,3.0,1996-10-15,BUF,187.0,27.0
Rondale Moore,2021,4,6.924254,1.731064,4.030559,0.009,9.690161,2.422541,5.640574,00-0036936,2023,ARI,WR,WR,4.0,2000-06-09,ARI,49.0,23.0
Dante Pettis,2023,1,1.2325,1.2325,0.1525,0.005,1.400269,1.400269,0.173258,00-0034860,2023,CHI,WR,WR,86.0,1995-10-23,SF,44.0,28.0
K.J. Hamler,2023,1,0.216,0.216,0.0,0.001,0.245402,0.245402,0.0,00-0036412,2023,BUF,WR,WR,13.0,1999-07-08,DEN,46.0,24.0
Tyquan Thornton,2022,4,7.05386,1.763465,4.04071,0.008,8.653006,2.163251,4.95676,00-0038104,2023,NE,WR,WR,11.0,2000-08-07,NE,50.0,23.0
Chase Claypool,2020,4,6.616636,1.654159,3.892856,0.008,8.52618,2.131545,5.016324,00-0036326,2023,MIA,WR,WR,83.0,1998-07-07,PIT,49.0,25.0
Chris Moore,2023,1,1.3175,1.3175,1.0,0.006,1.496839,1.496839,1.136121,00-0032398,2023,TEN,WR,WR,11.0,1993-06-16,BAL,107.0,30.0
D'Wayne Eskridge,2021,4,5.953512,1.488378,3.280442,0.008,8.331655,2.082914,4.590821,00-0036620,2023,SEA,WR,WR,1.0,1997-03-23,SEA,56.0,27.0
George Pickens,2022,4,6.752188,1.688047,3.867506,0.008,8.282943,2.070736,4.744289,00-0037247,2023,PIT,WR,WR,14.0,2001-03-04,PIT,52.0,23.0
Tutu Atwell,2021,4,5.908698,1.477175,3.245813,0.008,8.26894,2.067236,4.54236,00-0036849,2023,LA,WR,WR,5.0,1999-10-07,LA,57.0,24.0
Jayden Reed,2023,4,7.180778,1.795195,4.048783,0.008,8.158233,2.039559,4.599907,00-0039146,2023,GB,WR,WR,11.0,2000-04-28,GB,50.0,23.0
Alec Pierce,2022,4,6.601342,1.650336,3.691037,0.008,8.0979,2.024476,4.527814,00-0037664,2023,IND,WR,WR,14.0,2000-05-02,IND,53.0,23.0
Trent Sherfield,2023,1,1.77,1.77,0.75,0.008,2.010934,2.010934,0.852091,00-0034487,2023,BUF,WR,WR,16.0,1996-02-26,,,28.0
Terrace Marshall Jr.,2021,4,5.729482,1.432371,3.107327,0.008,8.018135,2.004535,4.348555,00-0036955,2023,CAR,WR,WR,88.0,2000-06-09,CAR,59.0,23.0
Skyy Moore,2022,4,6.450506,1.612627,3.574481,0.008,7.912869,1.978218,4.384834,00-0038090,2023,KC,WR,WR,24.0,2000-09-10,KC,54.0,23.0
Marquise Goodwin,2023,1,1.7,1.7,0.4,0.008,1.931406,1.931406,0.454448,00-0030068,2023,CLE,WR,WR,3.0,1990-11-19,BUF,78.0,33.0
Justin Watson,2023,2,3.4,1.7,1.8,0.008,3.862811,1.931406,2.045018,00-0034386,2023,KC,WR,WR,84.0,1996-04-04,TB,144.0,28.0
Anthony Miller,2023,1,1.08,1.08,0.0,0.005,1.227011,1.227011,0.0,00-0034353,2023,KC,WR,WR,84.0,1994-10-09,CHI,51.0,29.0
Rashee Rice,2023,4,6.495218,1.623805,3.519033,0.007,7.379354,1.844839,3.998047,00-0039067,2023,KC,WR,WR,4.0,2000-04-22,KC,55.0,24.0
Van Jefferson,2020,4,5.61114,1.402785,3.11588,0.007,7.2305,1.807625,4.015115,00-0036415,2023,ATL,WR,WR,15.0,1996-07-26,LA,57.0,27.0
Josh Palmer,2021,4,5.032056,1.258014,1.019676,0.007,7.042121,1.76053,1.426988,00-0036988,2023,LAC,WR,WR,5.0,1999-09-22,LAC,77.0,24.0
Denzel Mims,2023,1,0.2898,0.2898,0.0,0.001,0.329248,0.329248,0.0,00-0036255,2023,PIT,WR,WR,15.0,1997-10-10,NYJ,59.0,26.0
Dyami Brown,2021,4,4.943998,1.236,0.955636,0.007,6.918888,1.729723,1.337367,00-0036626,2023,WAS,WR,WR,2.0,1999-11-01,WAS,82.0,24.0
Marvin Mims,2023,4,6.068634,1.517159,3.189399,0.007,6.894703,1.723676,3.623543,00-0038976,2023,DEN,WR,WR,19.0,2002-03-19,DEN,63.0,22.0
Amari Rodgers,2023,1,0.94,0.94,0.0,0.004,1.067954,1.067954,0.0,00-0036991,2023,IND,WR,WR,3.0,1999-09-23,GB,85.0,24.0
Nico Collins,2021,4,4.871516,1.217879,0.90292,0.007,6.817453,1.704363,1.263593,00-0036554,2023,HOU,WR,WR,12.0,1999-03-19,HOU,89.0,25.0
DeAndre Carter,2023,1,1.5,1.5,1.255,0.007,1.704181,1.704181,1.425832,00-0031763,2023,LV,WR,WR,3.0,1993-04-10,,,31.0
Steven Sims,2023,1,1.5,1.5,0.5,0.007,1.704181,1.704181,0.56806,00-0034928,2023,HOU,WR,WR,82.0,1997-03-31,,,27.0
Anthony Schwartz,2023,1,0.216,0.216,0.0,0.001,0.245402,0.245402,0.0,00-0036999,2023,MIA,WR,WR,84.0,2000-09-05,CLE,91.0,23.0
J.J. Arcega-Whiteside,2023,1,1.01,1.01,0.0,0.004,1.147482,1.147482,0.0,00-0035246,2023,ATL,WR,WR,83.0,1996-12-31,PHI,57.0,27.0
Alex Erickson,2023,1,1.105,1.105,0.025,0.005,1.255414,1.255414,0.028403,00-0032543,2023,LAC,WR,WR,82.0,1992-11-06,,,31.0
Velus Jones Jr.,2022,4,5.405924,1.351481,1.11158,0.006,6.631474,1.657869,1.363581,00-0037745,2023,CHI,WR,WR,12.0,1997-05-11,CHI,71.0,26.0
James Washington,2023,1,1.08,1.08,0.0,0.005,1.227011,1.227011,0.0,00-0034676,2023,IND,WR,WR,12.0,1996-04-02,PIT,60.0,28.0
Tank Dell,2023,4,5.689104,1.422276,1.137528,0.006,6.463511,1.615878,1.292369,00-0038977,2023,HOU,WR,WR,3.0,1999-10-29,HOU,69.0,24.0
Jalin Hyatt,2023,4,5.625316,1.406329,1.09114,0.006,6.39104,1.59776,1.239667,00-0038938,2023,NYG,WR,WR,13.0,2001-09-25,NYG,73.0,22.0
Cedric Tillman,2023,4,5.610462,1.402616,1.080336,0.006,6.374164,1.593541,1.227392,00-0038979,2023,CLE,WR,WR,19.0,2000-04-19,CLE,74.0,24.0
Phillip Dorsett,2023,1,1.165,1.165,0.0,0.005,1.323581,1.323581,0.0,00-0032208,2023,DEN,WR,WR,13.0,1993-01-05,IND,29.0,31.0
Damiere Byrd,2023,1,1.3175,1.3175,0.1525,0.006,1.496839,1.496839,0.173258,00-0031868,2023,HOU,WR,WR,14.0,1993-01-27,,,31.0
Willie Snead,2023,1,1.3175,1.3175,0.275,0.006,1.496839,1.496839,0.312433,00-0030663,2023,SF,WR,WR,83.0,1992-10-17,,,31.0
Demarcus Robinson,2023,1,1.165,1.165,0.0,0.005,1.323581,1.323581,0.0,00-0032775,2023,LA,WR,WR,15.0,1994-09-21,KC,126.0,29.0
Jalen Tolbert,2022,4,5.13572,1.28393,0.915068,0.006,6.300014,1.575003,1.122519,00-0037666,2023,DAL,WR,WR,18.0,1999-02-27,DAL,88.0,25.0
Andy Isabella,2023,1,1.08,1.08,0.0,0.005,1.227011,1.227011,0.0,00-0035527,2023,BUF,WR,WR,87.0,1996-11-18,ARI,62.0,27.0
Josh Downs,2023,4,5.520456,1.380114,1.014876,0.006,6.271906,1.567976,1.153022,00-0038997,2023,IND,WR,WR,1.0,2001-08-12,IND,79.0,22.0
Danny Gray,2022,4,5.044904,1.261226,0.84902,0.006,6.188609,1.547152,1.041497,00-0037828,2023,SF,WR,WR,6.0,1999-04-01,SF,105.0,25.0
David Bell,2022,4,5.044904,1.261226,0.84902,0.006,6.188609,1.547152,1.041497,00-0037257,2023,CLE,WR,WR,18.0,2000-12-14,CLE,99.0,23.0
Equanimeous St. Brown,2022,1,1.25,1.25,0.17,0.006,1.533381,1.533381,0.20854,00-0034279,2023,CHI,WR,WR,19.0,1996-09-30,GB,207.0,27.0
Michael Wilson,2023,4,5.339462,1.334866,0.883244,0.006,6.066275,1.516569,1.003472,00-0038559,2023,ARI,WR,WR,14.0,2000-02-23,ARI,94.0,24.0
Tre Tucker,2023,4,5.304082,1.326021,0.857512,0.006,6.026079,1.50652,0.974237,00-0038563,2023,LV,WR,WR,11.0,2001-03-08,LV,100.0,23.0
Dez Fitzpatrick,2023,2,1.855,0.9275,0.0,0.004,2.107504,1.053752,0.0,00-0036627,2023,PIT,WR,WR,82.0,1997-12-17,TEN,109.0,26.0
Amon-Ra St. Brown,2021,4,4.26526,1.066315,0.78526,0.006,5.969027,1.492257,1.098934,00-0036963,2023,DET,WR,WR,14.0,1999-10-24,DET,112.0,24.0
Jaelon Darden,2023,1,0.256222,0.256222,0.0,0.001,0.291099,0.291099,0.0,00-0036877,2023,CLE,WR,WR,16.0,1999-01-14,TB,129.0,25.0
Tylan Wallace,2021,4,4.165356,1.041339,0.685356,0.006,5.829216,1.457304,0.959123,00-0036630,2023,BAL,WR,WR,16.0,1999-05-13,BAL,131.0,24.0
Laquon Treadwell,2023,1,1.165,1.165,0.0,0.005,1.323581,1.323581,0.0,00-0032951,2023,BAL,WR,WR,18.0,1995-06-14,MIN,23.0,28.0
Jalen Hurd,2023,1,0.87,0.87,0.0,0.004,0.988425,0.988425,0.0,00-0034971,2023,NE,WR,WR,14.0,1996-01-23,SF,67.0,28.0
Devin Duvernay,2020,4,4.455706,1.116927,0.887864,0.006,5.741611,1.439269,1.144099,00-0036331,2023,BAL,WR,WR,13.0,1997-09-12,BAL,92.0,26.0
Nick Westbrook-Ikhine,2023,1,1.26,1.26,0.4,0.006,1.431512,1.431512,0.454448,00-0036182,2023,TEN,WR,WR,15.0,1997-03-21,,,27.0
Vyncint Smith,2023,1,1.01,1.01,0.0,0.004,1.147482,1.147482,0.0,00-0034631,2023,IND,WR,WR,15.0,1996-06-09,,,27.0
Scott Miller,2023,1,1.2325,1.2325,0.1525,0.005,1.400269,1.400269,0.173258,00-0035298,2023,ATL,WR,WR,16.0,1997-07-31,TB,208.0,26.0
Trent Taylor,2023,1,1.2325,1.2325,0.0525,0.005,1.400269,1.400269,0.059646,00-0033292,2023,CHI,WR,WR,15.0,1994-04-30,SF,177.0,29.0
Richie James,2023,1,1.2325,1.2325,0.5525,0.005,1.400269,1.400269,0.627707,00-0034286,2023,KC,WR,WR,17.0,1995-09-05,SF,240.0,28.0
Jalen Guyton,2023,1,1.2325,1.2325,0.076,0.005,1.400269,1.400269,0.086345,00-0035414,2023,LAC,WR,WR,15.0,1997-06-07,,,26.0
Brandon Powell,2023,1,1.2325,1.2325,0.275,0.005,1.400269,1.400269,0.312433,00-0034646,2023,MIN,WR,WR,4.0,1995-09-12,,,28.0
Jaydon Mickens,2023,1,1.08,1.08,0.0,0.005,1.227011,1.227011,0.0,00-0033006,2023,IND,WR,WR,88.0,1994-04-21,,,30.0
Jordan Matthews,2023,1,1.08,1.08,0.0,0.005,1.227011,1.227011,0.0,00-0031299,2023,CAR,TE,TE,85.0,1992-07-16,PHI,42.0,31.0
Stanley Morgan,2023,1,0.435,0.435,0.0,0.002,0.494213,0.494213,0.0,00-0035399,2023,CIN,WR,WR,17.0,1996-09-07,,,27.0
Jeff Smith,2023,1,1.2,1.2,0.0,0.005,1.363345,1.363345,0.0,00-0035510,2023,ARI,WR,WR,81.0,1997-04-21,,,27.0
Malik Turner,2023,1,1.08,1.08,0.0,0.005,1.227011,1.227011,0.0,00-0034867,2023,IND,WR,WR,12.0,1996-01-30,,,28.0
Erik Ezukanma,2022,4,4.384992,1.096248,0.724992,0.005,5.379092,1.344773,0.889351,00-0038092,2023,MIA,WR,WR,18.0,2000-01-25,MIA,125.0,24.0
Romeo Doubs,2022,4,4.343916,1.085979,0.683916,0.005,5.328704,1.332176,0.838963,00-0037816,2023,GB,WR,WR,87.0,2000-04-13,GB,132.0,24.0
Ihmir Smith-Marsette,2023,1,0.94,0.94,0.0,0.004,1.067954,1.067954,0.0,00-0036635,2023,CAR,WR,WR,11.0,1999-08-29,MIN,157.0,24.0
Marcus Kemp,2023,1,1.155,1.155,0.05,0.005,1.31222,1.31222,0.056806,00-0033481,2023,WAS,WR,WR,19.0,1995-08-14,,,28.0
Cornell Powell,2023,1,0.87,0.87,0.0,0.004,0.988425,0.988425,0.0,00-0036647,2023,KC,WR,WR,14.0,1997-10-30,KC,181.0,26.0
Simi Fehoko,2023,1,0.94,0.94,0.0,0.004,1.067954,1.067954,0.0,00-0036646,2023,LAC,WR,WR,87.0,1997-11-05,DAL,179.0,26.0
Derius Davis,2023,4,4.551928,1.137982,0.711928,0.005,5.171541,1.292885,0.808836,00-0038573,2023,LAC,WR,WR,12.0,2000-09-11,LAC,125.0,23.0
Marquez Callaway,2023,1,1.135,1.135,0.3025,0.005,1.289497,1.289497,0.343677,00-0036219,2023,NO,WR,WR,10.0,1998-03-27,,,26.0
Frank Darby,2023,1,0.216,0.216,0.0,0.001,0.245402,0.245402,0.0,00-0036951,2023,ATL,WR,WR,88.0,1997-09-08,ATL,187.0,26.0
Isaiah Ford,2023,1,1.08,1.08,0.0,0.005,1.227011,1.227011,0.0,00-0033471,2023,CHI,WR,WR,32.0,1996-02-09,MIA,237.0,28.0
Gabriel Davis,2020,4,3.994372,0.998593,0.699372,0.005,5.147137,1.286784,0.901209,00-0036196,2023,BUF,WR,WR,13.0,1999-03-01,BUF,128.0,25.0
Charlie Jones,2023,4,4.518776,1.129694,0.678776,0.005,5.133876,1.283469,0.771172,00-0038576,2023,CIN,WR,WR,15.0,1998-10-29,CIN,131.0,25.0
Tyler Scott,2023,4,4.503448,1.125862,0.663448,0.005,5.116462,1.279115,0.753757,00-0038941,2023,CHI,WR,WR,13.0,2001-10-12,CHI,133.0,22.0
Marquez Stevenson,2023,1,0.87,0.87,0.0,0.004,0.988425,0.988425,0.0,00-0036571,2023,CAR,WR,WR,13.0,,BUF,203.0,
Shi Smith,2023,1,0.216,0.216,0.0,0.001,0.245402,0.245402,0.0,00-0036572,2023,KC,WR,WR,12.0,1998-10-26,CAR,204.0,25.0
Racey McMath,2023,1,0.216,0.216,0.0,0.001,0.245402,0.245402,0.0,00-0036652,2023,DAL,WR,WR,15.0,1999-06-14,TEN,205.0,24.0
Calvin Austin III,2022,4,4.164336,1.041084,0.504336,0.005,5.108412,1.277103,0.618672,00-0037837,2023,PIT,WR,WR,19.0,1999-03-24,PIT,138.0,25.0
Jalen Camp,2023,2,1.995,0.9975,0.0,0.004,2.266561,1.133281,0.0,00-0036858,2023,CAR,WR,WR,18.0,1998-07-10,JAX,209.0,25.0
Seth Williams,2023,1,0.75,0.75,0.0,0.003,0.852091,0.852091,0.0,00-0036657,2023,JAX,WR,WR,18.0,2000-04-10,DEN,219.0,24.0
Mike Strachan,2023,2,1.995,0.9975,0.0,0.004,2.266561,1.133281,0.0,00-0036482,2023,CAR,WR,WR,86.0,1997-08-13,IND,229.0,26.0
Tre Nixon,2023,1,0.75,0.75,0.0,0.003,0.852091,0.852091,0.0,00-0036536,2023,NE,WR,WR,82.0,1998-01-26,NE,242.0,26.0
Bennett Skowronek,2021,4,3.564524,0.891131,0.084524,0.005,4.98838,1.247095,0.118287,00-0036862,2023,LA,WR,WR,18.0,1997-06-27,LA,249.0,26.0
Kawaan Baker,2023,1,0.75,0.75,0.0,0.003,0.852091,0.852091,0.0,00-0036939,2023,NO,WR,WR,15.0,,NO,255.0,
Dax Milne,2021,4,3.557264,0.889316,0.077264,0.005,4.97822,1.244555,0.108127,00-0036671,2023,WAS,WR,WR,15.0,1999-06-23,WAS,258.0,24.0
Khalil Shakir,2022,4,4.007152,1.001788,0.347152,0.005,4.915594,1.228898,0.425853,00-0037261,2023,BUF,WR,WR,10.0,2000-02-03,BUF,148.0,24.0
Lil'Jordan Humphrey,2023,1,1.08,1.08,0.0,0.005,1.227011,1.227011,0.0,00-0035406,2023,DEN,WR,WR,17.0,1998-04-19,,,26.0
Keke Coutee,2023,1,1.08,1.08,0.0,0.005,1.227011,1.227011,0.0,00-0034366,2023,MIA,WR,WR,88.0,1997-01-14,HOU,103.0,27.0
Miles Boykin,2023,1,1.08,1.08,0.0,0.005,1.227011,1.227011,0.0,00-0035703,2023,PIT,WR,WR,13.0,1996-10-12,BAL,93.0,27.0
River Cracraft,2023,1,1.08,1.08,0.0,0.005,1.227011,1.227011,0.0,00-0034054,2023,MIA,WR,WR,85.0,1994-11-01,,,29.0
Greg Ward,2023,1,1.01,1.01,0.0,0.004,1.147482,1.147482,0.0,00-0033733,2023,PHI,WR,WR,84.0,1995-07-12,,,28.0
Montrell Washington,2023,2,1.855,0.9275,0.0,0.004,2.107504,1.053752,0.0,00-0037272,2023,KC,WR,WR,80.0,1999-03-14,DEN,162.0,25.0
Kyle Philips,2022,4,3.973328,0.993332,0.313328,0.005,4.874102,1.218525,0.384361,00-0037273,2023,TEN,WR,WR,18.0,1999-06-17,TEN,163.0,24.0
Tyron Johnson,2023,2,2.135,1.0675,0.0,0.005,2.425618,1.212809,0.0,00-0035457,2023,DAL,WR,WR,80.0,1996-01-08,,,28.0
Juwann Winfree,2023,2,2.135,1.0675,0.0,0.005,2.425618,1.212809,0.0,00-0035593,2023,IND,WR,WR,9.0,1996-09-04,DEN,187.0,27.0
Marcell Ateman,2023,1,0.94,0.94,0.0,0.004,1.067954,1.067954,0.0,00-0034747,2023,BUF,WR,WR,15.0,1994-09-16,OAK,228.0,29.0
Trey Quinn,2023,1,0.94,0.94,0.0,0.004,1.067954,1.067954,0.0,00-0034339,2023,DET,WR,WR,29.0,1995-12-07,WAS,256.0,28.0
Darrius Shepherd,2023,1,0.94,0.94,0.0,0.004,1.067954,1.067954,0.0,00-0035181,2023,LAC,WR,WR,20.0,1995-11-01,,,28.0
Daurice Fountain,2023,1,1.01,1.01,0.0,0.004,1.147482,1.147482,0.0,00-0034395,2023,DET,WR,WR,84.0,1995-12-22,IND,159.0,28.0
Javon Wims,2023,1,1.01,1.01,0.0,0.004,1.147482,1.147482,0.0,00-0034426,2023,CAR,WR,WR,13.0,1994-09-11,CHI,224.0,29.0
Nsimba Webster,2023,1,1.01,1.01,0.0,0.004,1.147482,1.147482,0.0,00-0035621,2023,CHI,WR,WR,83.0,1996-01-27,,,28.0
Justin Shorter,2023,4,4.163948,1.040987,0.323948,0.005,4.730749,1.182687,0.368044,00-0038590,2023,BUF,WR,WR,18.0,2000-04-17,BUF,150.0,24.0
Jalen Nailor,2022,4,3.84066,0.960165,0.18066,0.005,4.711357,1.177839,0.221617,00-0037291,2023,MIN,WR,WR,83.0,1999-03-02,MIN,191.0,25.0
Dontayvion Wicks,2023,4,4.142544,1.035636,0.302544,0.005,4.706431,1.176608,0.343727,00-0038393,2023,GB,WR,WR,13.0,2001-06-16,GB,159.0,22.0
Tyler Johnson,2023,1,1.035,1.035,0.0,0.005,1.175885,1.175885,0.0,00-0036427,2023,LA,WR,WR,16.0,1998-08-25,TB,161.0,25.0
Michael Woods,2022,4,3.828292,0.957073,0.168292,0.005,4.696185,1.174046,0.206445,00-0037300,2023,CLE,WR,WR,12.0,2000-03-19,CLE,202.0,24.0
Dan Chisena,2023,2,1.995,0.9975,0.0,0.004,2.266561,1.133281,0.0,00-0035976,2023,BAL,WR,WR,83.0,1997-02-25,,,27.0
Greg Dortch,2023,1,1.01,1.01,0.0,0.004,1.147482,1.147482,0.0,00-0035500,2023,ARI,WR,WR,83.0,1998-05-29,,,25.0
Tyrie Cleveland,2023,1,1.01,1.01,0.0,0.004,1.147482,1.147482,0.0,00-0036439,2023,IND,WR,WR,15.0,1997-09-20,DEN,252.0,26.0
Chris Lacy,2023,1,0.87,0.87,0.0,0.004,0.988425,0.988425,0.0,00-0034593,2023,LV,WR,WR,15.0,1996-01-28,,,28.0
Hakeem Butler,2023,1,0.87,0.87,0.0,0.004,0.988425,0.988425,0.0,00-0035529,2023,PIT,TE,TE,21.0,1996-05-16,ARI,103.0,27.0
Joe Reed,2023,1,0.87,0.87,0.0,0.004,0.988425,0.988425,0.0,00-0036377,2023,CHI,WR,WR,80.0,1998-01-04,LAC,151.0,26.0
Freddie Swain,2023,1,1.01,1.01,0.0,0.004,1.147482,1.147482,0.0,00-0036247,2023,MIA,WR,WR,87.0,1998-08-04,SEA,214.0,25.0
Collin Johnson,2023,1,0.94,0.94,0.0,0.004,1.067954,1.067954,0.0,00-0036254,2023,CHI,WR,WR,80.0,1997-09-23,JAX,165.0,26.0
Puka Nacua,2023,4,4.08498,1.021245,0.24498,0.005,4.641032,1.160258,0.278327,00-0039075,2023,LA,WR,WR,17.0,2001-05-29,LA,177.0,22.0
Dezmon Patmon,2023,1,1.02,1.02,0.01,0.005,1.158843,1.158843,0.011361,00-0036228,2023,CAR,WR,WR,19.0,1998-08-06,IND,212.0,25.0
John Hightower,2023,1,0.87,0.87,0.0,0.004,0.988425,0.988425,0.0,00-0036398,2023,LAC,WR,WR,84.0,1996-05-31,PHI,168.0,27.0
Isaiah Coulter,2023,2,1.86,0.93,0.005,0.004,2.113185,1.056593,0.005681,00-0036308,2023,BUF,WR,WR,82.0,1998-09-18,HOU,171.0,25.0
Bo Melton,2023,2,1.665,0.8325,0.0,0.004,1.891641,0.945821,0.0,00-0037091,2023,GB,WR,WR,80.0,1999-05-18,SEA,229.0,24.0
Dareke Young,2022,4,3.7611,0.940275,0.1011,0.005,4.613761,1.15344,0.12402,00-0037093,2023,SEA,WR,WR,83.0,1999-06-04,SEA,233.0,24.0
Darnell Mooney,2020,4,3.577048,0.894262,0.282048,0.005,4.609375,1.152344,0.363446,00-0036309,2023,CHI,WR,WR,11.0,1997-10-29,CHI,173.0,26.0
K.J. Osborn,2020,4,3.562772,0.890693,0.267772,0.004,4.590979,1.147745,0.34505,00-0036345,2023,MIN,WR,WR,17.0,1997-06-10,MIN,176.0,26.0
Keith Kirkwood,2023,1,1.01,1.01,0.0,0.004,1.147482,1.147482,0.0,00-0034317,2023,NO,WR,WR,18.0,1994-12-26,,,29.0
Penny Hart,2023,1,1.01,1.01,0.0,0.004,1.147482,1.147482,0.0,00-0035022,2023,ATL,WR,WR,19.0,1996-07-05,,,27.0
Javelin Guidry,2023,1,1.01,1.01,0.0,0.004,1.147482,1.147482,0.0,00-0036149,2023,NYJ,DB,CB,40.0,1998-08-06,,,25.0
James Proche,2023,1,1.01,1.01,0.0,0.004,1.147482,1.147482,0.0,00-0036133,2023,CLE,WR,WR,11.0,1996-09-20,BAL,201.0,27.0
Samori Toure,2022,4,3.737012,0.934253,0.077012,0.004,4.584212,1.146053,0.094471,00-0037098,2023,GB,WR,WR,83.0,1998-03-24,GB,258.0,26.0
Parker Washington,2023,4,4.032264,1.008066,0.192264,0.004,4.58114,1.145285,0.218435,00-0038606,2023,JAX,WR,WR,11.0,2002-03-21,JAX,185.0,22.0
Kayshon Boutte,2023,4,4.027274,1.006819,0.187274,0.004,4.575471,1.143868,0.212766,00-0038608,2023,NE,WR,WR,80.0,2002-05-07,NE,187.0,21.0
Austin Watkins,2023,1,0.75,0.75,0.0,0.003,0.852091,0.852091,0.0,00-0036676,2023,CLE,WR,WR,80.0,1998-02-16,,,26.0
Trey Palmer,2023,4,4.019296,1.004824,0.179296,0.004,4.566407,1.141602,0.203702,00-0039052,2023,TB,WR,WR,10.0,2001-04-02,TB,191.0,23.0
A.T. Perry,2023,4,4.016364,1.004091,0.176364,0.004,4.563075,1.140769,0.200371,00-0038612,2023,NO,WR,WR,17.0,1999-10-26,NO,195.0,24.0
Elijah Higgins,2023,4,4.01588,1.00397,0.17588,0.004,4.562526,1.140631,0.199821,00-0039041,2023,ARI,TE,TE,84.0,2000-10-27,MIA,197.0,23.0
Cade Johnson,2023,1,0.87,0.87,0.0,0.004,0.988425,0.988425,0.0,00-0036810,2023,SEA,WR,WR,88.0,1998-04-10,,,26.0
Tim Jones,2023,1,0.87,0.87,0.0,0.004,0.988425,0.988425,0.0,00-0036497,2023,JAX,WR,WR,15.0,1998-05-15,,,25.0
Tarik Black,2023,1,0.75,0.75,0.0,0.003,0.852091,0.852091,0.0,00-0036491,2023,BAL,WR,WR,81.0,1998-02-10,,,26.0
Blake Proehl,2023,1,0.87,0.87,0.0,0.004,0.988425,0.988425,0.0,00-0036818,2023,MIN,WR,WR,13.0,,,,
Xavier Hutchinson,2023,4,4.0037,1.000925,0.1637,0.004,4.548688,1.137172,0.185983,00-0038618,2023,HOU,WR,WR,19.0,2000-06-01,HOU,205.0,23.0
Brandon Smith,2023,1,0.75,0.75,0.0,0.003,0.852091,0.852091,0.0,00-0036775,2023,ARI,WR,WR,89.0,,,,
Andrei Iosivas,2023,4,3.999392,0.999848,0.159392,0.004,4.543793,1.135948,0.181089,00-0038619,2023,CIN,WR,WR,80.0,1999-10-15,CIN,206.0,24.0
D.J. Turner,2023,2,1.855,0.9275,0.0,0.004,2.107504,1.053752,0.0,00-0036527,2023,LV,WR,WR,19.0,1997-01-18,,,27.0
Austin Trammell,2023,1,0.87,0.87,0.0,0.004,0.988425,0.988425,0.0,00-0036841,2023,LA,WR,WR,81.0,1998-07-04,,,25.0
Michael Bandy,2023,1,0.87,0.87,0.0,0.004,0.988425,0.988425,0.0,00-0036959,2023,DEN,WR,WR,83.0,1997-12-05,,,26.0
Mathew Sexton,2023,1,0.75,0.75,0.0,0.003,0.852091,0.852091,0.0,00-0036471,2023,NE,WR,WR,14.0,1997-10-17,,,26.0
C.J. Saunders,2023,1,0.75,0.75,0.0,0.003,0.852091,0.852091,0.0,00-0036910,2023,ATL,WR,WR,86.0,1996-09-15,,,27.0
Demario Douglas,2023,4,3.973332,0.993333,0.133332,0.004,4.514186,1.128546,0.151481,00-0038621,2023,NE,WR,WR,81.0,2000-12-08,NE,210.0,23.0
Antoine Green,2023,4,3.95676,0.98919,0.11676,0.004,4.495358,1.12384,0.132653,00-0038627,2023,DET,WR,WR,80.0,1999-11-15,DET,219.0,24.0
Donovan Peoples-Jones,2020,4,3.481608,0.870402,0.186608,0.004,4.486391,1.121598,0.240463,00-0036233,2023,DET,WR,WR,19.0,1999-02-19,CLE,187.0,25.0
Colton Dowell,2023,4,3.942696,0.985674,0.102696,0.004,4.47938,1.119845,0.116675,00-0038632,2023,TEN,WR,WR,14.0,1999-04-19,TEN,228.0,25.0
Quez Watkins,2020,4,3.46466,0.866165,0.16966,0.004,4.464552,1.116138,0.218623,00-0036271,2023,PHI,WR,WR,16.0,1998-06-09,PHI,200.0,25.0
Jalen Brooks,2023,4,3.922356,0.980589,0.082356,0.004,4.456271,1.114068,0.093566,00-0038640,2023,DAL,WR,WR,83.0,2000-05-07,DAL,244.0,23.0
Ronnie Bell,2023,4,3.917784,0.979446,0.077784,0.004,4.451077,1.112769,0.088372,00-0038647,2023,SF,WR,WR,10.0,2000-01-28,SF,253.0,24.0
Grant DuBose,2023,4,3.917784,0.979446,0.077784,0.004,4.451077,1.112769,0.088372,00-0038507,2023,GB,WR,WR,86.0,2001-06-20,GB,256.0,22.0
Isaiah Hodgins,2023,1,0.87,0.87,0.0,0.004,0.988425,0.988425,0.0,00-0036165,2023,NYG,WR,WR,18.0,1998-10-21,BUF,207.0,25.0
Malik Taylor,2023,1,0.94,0.94,0.0,0.004,1.067954,1.067954,0.0,00-0035480,2023,NYJ,WR,WR,86.0,1995-12-21,,,28.0
Jesper Horsted,2023,1,1.12,1.12,0.03,0.005,1.272456,1.272456,0.034084,00-0035562,2023,LV,TE,TE,80.0,1997-02-27,,,27.0
Davion Davis,2023,1,0.94,0.94,0.0,0.004,1.067954,1.067954,0.0,00-0035101,2023,WAS,WR,WR,10.0,1996-10-23,,,27.0
KeeSean Johnson,2023,1,0.9465,0.9465,0.0065,0.004,1.075339,1.075339,0.007385,00-0035287,2023,BUF,WR,WR,81.0,1996-10-09,ARI,174.0,27.0
Jauan Jennings,2023,1,0.94,0.94,0.0,0.004,1.067954,1.067954,0.0,00-0036259,2023,SF,WR,WR,15.0,1997-07-10,SF,217.0,26.0
Gary Jennings Jr.,2023,1,0.87,0.87,0.0,0.004,0.988425,0.988425,0.0,00-0035589,2023,CAR,WR,WR,86.0,1997-03-07,SEA,120.0,27.0
Lawrence Cager,2023,1,0.94,0.94,0.0,0.004,1.067954,1.067954,0.0,00-0036145,2023,NYG,TE,TE,83.0,1997-08-20,,,26.0
Keelan Doss,2023,1,0.94,0.94,0.0,0.004,1.067954,1.067954,0.0,00-0035120,2023,LAC,WR,WR,86.0,1996-03-21,,,28.0
Isaiah Zuber,2023,1,0.87,0.87,0.0,0.004,0.988425,0.988425,0.0,00-0036100,2023,LV,WR,WR,19.0,1997-04-15,,,27.0
Kirk Merritt,2023,1,0.216,0.216,0.0,0.001,0.245402,0.245402,0.0,00-0035844,2023,NO,WR,WR,33.0,1997-01-05,,,27.0
D.J. Montgomery,2023,2,1.855,0.9275,0.0,0.004,2.107504,1.053752,0.0,00-0035045,2023,IND,WR,WR,2.0,1996-11-17,,,27.0
Trenton Irwin,2022,2,1.765,0.8825,0.0,0.004,2.165134,1.082567,0.0,00-0035341,2023,CIN,WR,WR,16.0,1995-12-10,,,28.0
J.J. Koski,2023,1,0.87,0.87,0.0,0.004,0.988425,0.988425,0.0,00-0035935,2023,DEN,WR,WR,43.0,1996-12-27,,,27.0
Easop Winston,2023,1,0.87,0.87,0.0,0.004,0.988425,0.988425,0.0,00-0036080,2023,SEA,WR,WR,86.0,1996-12-17,,,27.0
Kendall Hinton,2022,2,1.765,0.8825,0.0,0.004,2.165134,1.082567,0.0,00-0035864,2023,DEN,WR,WR,9.0,1997-02-19,,,27.0
Trishton Jackson,2023,1,0.87,0.87,0.0,0.004,0.988425,0.988425,0.0,00-0035934,2023,MIN,WR,WR,9.0,1998-03-09,,,26.0
Trinity Benson,2023,1,0.216,0.216,0.0,0.001,0.245402,0.245402,0.0,00-0034930,2023,CLE,WR,WR,82.0,1997-01-16,,,27.0
Jacob Harris,2023,1,0.94,0.94,0.0,0.004,1.067954,1.067954,0.0,00-0036918,2023,JAX,WR,WR,83.0,1997-04-16,LA,141.0,27.0
Tom Kennedy,2023,1,0.94,0.94,0.0,0.004,1.067954,1.067954,0.0,00-0035544,2023,DET,WR,WR,85.0,1996-07-29,,,27.0
David Sills,2023,1,0.94,0.94,0.0,0.004,1.067954,1.067954,0.0,00-0035359,2023,DEN,WR,WR,87.0,1996-05-29,,,27.0
Johnny Johnson III,2023,2,1.655,0.8325,0.0,0.004,1.88028,0.945821,0.0,00-0037460,2023,HOU,WR,WR,88.0,1999-05-14,,,24.0
Kevin Austin Jr.,2023,1,0.75,0.75,0.0,0.003,0.852091,0.852091,0.0,00-0037231,2023,JAX,WR,WR,80.0,,,,
Jontre Kirklin,2023,1,0.75,0.75,0.0,0.003,0.852091,0.852091,0.0,00-0037553,2023,NO,WR,WR,85.0,1998-10-09,,,25.0
Ra'Shaun Henry,2023,1,0.75,0.75,0.0,0.003,0.852091,0.852091,0.0,00-0037362,2023,SEA,WR,WR,18.0,1998-02-04,,,26.0
Alex Bachman,2023,2,1.855,0.9275,0.0,0.004,2.107504,1.053752,0.0,00-0035602,2023,HOU,WR,WR,14.0,1996-05-29,,,27.0
Andre Baccellia,2023,2,1.855,0.9275,0.0,0.004,2.107504,1.053752,0.0,00-0035876,2023,ARI,WR,WR,82.0,1997-01-07,,,27.0
Braylon Sanders,2023,2,1.855,0.9275,0.0,0.004,2.107504,1.053752,0.0,00-0037355,2023,MIA,WR,WR,86.0,1999-01-21,,,25.0
Britain Covey,2023,2,1.855,0.9275,0.0,0.004,2.107504,1.053752,0.0,00-0037132,2023,PHI,WR,WR,18.0,1997-03-18,,,27.0
Kaylon Geiger,2023,2,1.855,0.9275,0.0,0.004,2.107504,1.053752,0.0,00-0037483,2023,TB,WR,WR,80.0,,,,
Deven Thompkins,2022,3,2.576,0.858667,0.016,0.004,3.159992,1.053331,0.019627,00-0037487,2023,TB,WR,WR,83.0,1999-12-23,,,24.0
Kalil Pimpleton,2023,1,0.75,0.75,0.0,0.003,0.852091,0.852091,0.0,00-0037443,2023,NYG,WR,WR,81.0,,,,
Rashid Shaheed,2022,3,2.575,0.858333,0.222,0.004,3.158766,1.052921,0.272329,00-0037545,2023,NO,WR,WR,22.0,1998-08-31,,,25.0
Kwamie Lassiter II,2023,1,0.75,0.75,0.0,0.003,0.852091,0.852091,0.0,00-0037420,2023,CIN,WR,WR,18.0,1998-01-21,,,26.0
Jalen Virgil,2022,3,2.5725,0.8575,0.0425,0.004,3.155699,1.0519,0.052135,00-0037387,2023,DEN,WR,WR,15.0,1998-07-13,,,25.0
Reggie Roberson Jr.,2023,2,1.655,0.8325,0.0,0.004,1.88028,0.945821,0.0,00-0037604,2023,TEN,WR,WR,80.0,,,,
Dontario Drummond,2023,2,1.665,0.8325,0.0,0.004,1.891641,0.945821,0.0,00-0037564,2023,DAL,WR,WR,19.0,,,,
Kaden Davis,2023,1,0.75,0.75,0.0,0.003,0.852091,0.852091,0.0,00-0037380,2023,ARI,WR,WR,17.0,1998-09-25,,,25.0
Tay Martin,2023,1,0.75,0.75,0.0,0.003,0.852091,0.852091,0.0,00-0037524,2023,SF,WR,WR,86.0,1997-12-14,,,26.0
Lance McCutcheon,2023,1,0.216,0.216,0.0,0.001,0.245402,0.245402,0.0,00-0037055,2023,NYJ,WR,WR,14.0,1999-02-28,,,25.0
Slade Bolden,2023,1,0.75,0.75,0.0,0.003,0.852091,0.852091,0.0,00-0037173,2023,ATL,WR,WR,89.0,,,,
Shemar Bridges,2023,1,0.75,0.75,0.0,0.003,0.852091,0.852091,0.0,00-0037174,2023,BAL,WR,WR,85.0,,,,
Irvin Charles,2023,2,1.665,0.8325,0.0,0.004,1.891641,0.945821,0.0,00-0037156,2023,NYJ,WR,WR,19.0,1997-04-13,,,27.0
Mike Harley,2023,1,0.75,0.75,0.0,0.003,0.852091,0.852091,0.0,00-0037334,2023,CLE,WR,WR,82.0,,,,
Ty Fryfogle,2023,1,0.75,0.75,0.0,0.003,0.852091,0.852091,0.0,00-0037566,2023,KC,WR,WR,13.0,,,,
Brandon Johnson,2022,3,2.565,0.855,0.01,0.004,3.146499,1.048833,0.012267,00-0037382,2023,DEN,WR,WR,89.0,1998-07-26,,,25.0
Kyric McGowan,2023,1,0.75,0.75,0.0,0.003,0.852091,0.852091,0.0,00-0037172,2023,WAS,WR,WR,83.0,,,,
Tanner Conner,2023,1,0.324999,0.324999,0.0,0.001,0.369238,0.369238,0.0,00-0037348,2023,MIA,WR,WR,80.0,1998-03-20,,,26.0
Dennis Houston,2023,2,1.665,0.8325,0.0,0.004,1.891641,0.945821,0.0,00-0037570,2023,NYG,WR,WR,88.0,1999-04-24,,,25.0
Kendric Pryor,2023,1,0.216,0.216,0.0,0.001,0.245402,0.245402,0.0,00-0037422,2023,CIN,WR,WR,14.0,1998-01-06,,,26.0
Andre Miller,2023,1,0.75,0.75,0.0,0.003,0.852091,0.852091,0.0,00-0037448,2023,GB,WR,WR,16.0,,,,
Raleigh Webb,2023,1,0.216,0.216,0.0,0.001,0.245402,0.245402,0.0,00-0037185,2023,TB,WR,WR,17.0,1997-12-28,,,26.0
Derek Wright,2023,1,0.75,0.75,0.0,0.003,0.852091,0.852091,0.0,00-0037368,2023,CAR,WR,WR,83.0,1998-08-13,,,25.0
Justyn Ross,2022,3,2.56,0.853333,0.0,0.004,3.140365,1.046788,0.0,00-0037216,2023,KC,WR,WR,8.0,1999-12-15,,,24.0
Devon Allen,2023,2,1.665,0.8325,0.0,0.004,1.891641,0.945821,0.0,00-0037039,2023,PHI,WR,WR,82.0,1994-12-12,,,29.0
Kavontae Turpin,2022,3,2.56,0.853333,0.0,0.004,3.140365,1.046788,0.0,00-0037801,2023,DAL,WR,WR,9.0,1996-08-02,,,27.0
Daylen Baldwin,2023,1,0.75,0.75,0.0,0.003,0.852091,0.852091,0.0,00-0038147,2023,MIN,WR,WR,85.0,1999-11-24,,,24.0
Maurice Alexander,2023,1,0.87,0.87,0.0,0.004,0.988425,0.988425,0.0,00-0037708,2023,DET,WR,WR,15.0,1997-01-10,,,27.0
Cody White,2023,1,0.87,0.87,0.0,0.004,0.988425,0.988425,0.0,00-0035891,2023,SEA,WR,WR,82.0,1998-11-28,,,25.0
Mason Kinsey,2023,2,1.665,0.8325,0.0,0.004,1.891641,0.945821,0.0,00-0036176,2023,TEN,WR,WR,12.0,1998-08-29,,,25.0
Jason Brownlee,2023,3,2.725,0.908333,0.246,0.004,3.09593,1.031976,0.279486,00-0038492,2023,NYJ,WR,WR,16.0,1999-01-30,,,25.0
Joseph Ngata,2023,3,2.725,0.908333,0.23,0.004,3.09593,1.031976,0.261308,00-0038484,2023,PHI,WR,WR,86.0,2001-01-09,,,23.0
Rakim Jarrett,2023,3,2.72,0.906667,0.225,0.004,3.090249,1.030083,0.255627,00-0038821,2023,TB,WR,WR,18.0,2001-01-24,,,23.0
Brycen Tremayne,2023,3,2.715,0.905,0.1,0.004,3.084569,1.02819,0.113612,00-0038840,2023,WAS,WR,WR,89.0,1999-11-18,,,24.0
Bryce Ford-Wheaton,2023,3,2.715,0.905,0.236,0.004,3.084569,1.02819,0.268125,00-0038477,2023,NYG,WR,WR,6.0,2000-03-09,,,24.0
Xavier Gipson,2023,3,2.71,0.903333,0.165,0.004,3.078888,1.026296,0.18746,00-0038496,2023,NYJ,WR,WR,82.0,2001-03-08,,,23.0
Chase Cota,2023,3,2.71,0.903333,0.08,0.004,3.078888,1.026296,0.09089,00-0038651,2023,HOU,WR,WR,13.0,1999-11-09,,,24.0
Jalen Wayne,2023,3,2.71,0.903333,0.015,0.004,3.078888,1.026296,0.017042,00-0038681,2023,CLE,WR,WR,31.0,,,,
Nikko Remigio,2023,3,2.71,0.903333,0.05,0.004,3.078888,1.026296,0.056806,00-0038519,2023,KC,WR,WR,27.0,1999-11-04,,,24.0
Zavier Scott,2023,3,2.71,0.903333,0.045,0.004,3.078888,1.026296,0.051125,00-0038440,2023,IND,RB,RB,34.0,1999-07-17,,,24.0
Mitchell Tinsley,2023,3,2.71,0.903333,0.135,0.004,3.078888,1.026296,0.153376,00-0038839,2023,WAS,WR,WR,86.0,1999-09-15,,,24.0
Kazmeir Allen,2023,3,2.71,0.903333,0.09,0.004,3.078888,1.026296,0.102251,00-0038830,2023,WAS,WR,WR,10.0,2000-02-29,,,24.0
Jadon Haselwood,2023,3,2.7075,0.9025,0.1275,0.004,3.076048,1.025349,0.144855,00-0038483,2023,PHI,WR,WR,87.0,,,,
Cody Chrest,2023,3,2.7075,0.9025,0.0125,0.004,3.076048,1.025349,0.014202,00-0038430,2023,GB,WR,WR,82.0,,,,
Daniel Arias,2023,3,2.707,0.902333,0.087,0.004,3.07548,1.025159,0.098843,00-0038702,2023,ARI,WR,WR,81.0,1998-09-02,,,25.0
Josh Vann,2023,3,2.705,0.901667,0.04,0.004,3.073207,1.024403,0.045445,00-0038780,2023,CAR,WR,WR,87.0,,,,
Tre'Shaun Harrison,2023,3,2.705,0.901667,0.015,0.004,3.073207,1.024403,0.017042,00-0038844,2023,TEN,WR,WR,82.0,2000-06-26,,,23.0
Jake Bobo,2023,3,2.705,0.901667,0.01,0.004,3.073207,1.024403,0.011361,00-0038752,2023,SEA,WR,WR,19.0,1998-08-04,,,25.0
Ryan Miller,2023,3,2.705,0.901667,0.01,0.004,3.073207,1.024403,0.011361,00-0038824,2023,TB,WR,WR,81.0,2000-02-20,,,24.0
Jared Wayne,2023,3,2.705,0.901667,0.21,0.004,3.073207,1.024403,0.238585,00-0038728,2023,HOU,WR,WR,89.0,2000-10-07,,,23.0
Xavier Malone,2023,3,2.705,0.901667,0.01,0.004,3.073207,1.024403,0.011361,00-0038928,2023,ATL,WR,WR,82.0,2000-03-06,,,24.0
Jalen Moreno-Cropper,2023,3,2.705,0.901667,0.15,0.004,3.073207,1.024403,0.170418,00-0038740,2023,DAL,WR,WR,16.0,2001-05-03,,,22.0
Tyrell Shavers,2023,3,2.7035,0.901667,0.0085,0.004,3.071503,1.024403,0.009657,00-0038679,2023,BUF,WR,WR,80.0,1999-08-18,,,24.0
T.J. Luther,2023,3,2.705,0.901667,0.045,0.004,3.073207,1.024403,0.051125,00-0038502,2023,NE,WR,WR,82.0,2000-05-13,,,23.0
John Hall,2023,3,2.705,0.901667,0.01,0.004,3.073207,1.024403,0.011361,00-0038759,2023,SEA,WR,WR,82.0,,,,
David Durden,2023,3,2.705,0.901667,0.15,0.004,3.073207,1.024403,0.170418,00-0038734,2023,DAL,WR,WR,85.0,1998-12-26,,,25.0
Matt Landers,2023,3,2.705,0.901667,0.01,0.004,3.073207,1.024403,0.011361,00-0038762,2023,CAR,WR,WR,87.0,1999-06-16,,,24.0
Elijah Cooks,2023,3,2.705,0.901667,0.07,0.004,3.073207,1.024403,0.079528,00-0038667,2023,JAX,WR,WR,14.0,1998-10-13,,,25.0
Shaq Davis,2023,3,2.705,0.901667,0.226,0.004,3.073207,1.024403,0.256763,00-0038902,2023,NO,WR,WR,88.0,2000-02-08,,,24.0
Thayer Thomas,2023,3,2.705,0.901667,0.11,0.004,3.073207,1.024403,0.124973,00-0038810,2023,MIN,WR,WR,89.0,1998-05-20,,,25.0
Jacob Copeland,2023,3,2.705,0.901666,0.05,0.004,3.073207,1.024402,0.056806,00-0038843,2023,KC,WR,WR,15.0,1999-07-20,,,24.0
Kristian Wilkerson,2023,1,0.87,0.87,0.0,0.004,0.988425,0.988425,0.0,00-0036183,2023,LV,WR,WR,83.0,1997-01-10,,,27.0
Thyrick Pitts,2023,3,2.7045,0.9015,0.0095,0.004,3.072639,1.024213,0.010793,00-0038427,2023,GB,WR,WR,13.0,2001-04-08,,,23.0
Duece Watts,2023,3,2.704,0.901333,0.009,0.004,3.072071,1.024023,0.010225,00-0038472,2023,PIT,WR,WR,85.0,1999-12-23,,,24.0
Malik Heath,2023,3,2.704,0.901333,0.009,0.004,3.072071,1.024023,0.010225,00-0038465,2023,GB,WR,WR,18.0,2000-03-31,,,24.0
Terrell Bynum,2023,3,2.7025,0.900833,0.0075,0.004,3.070367,1.023455,0.008521,00-0038860,2023,LAC,WR,WR,35.0,1998-08-03,,,25.0
Shedrick Jackson,2023,3,2.7025,0.900833,0.0075,0.004,3.070367,1.023455,0.008521,00-0038891,2023,CIN,WR,WR,12.0,1999-10-20,,,24.0
Jaray Jenkins,2023,3,2.7025,0.900833,0.0825,0.004,3.070367,1.023455,0.09373,00-0038671,2023,JAX,WR,WR,87.0,,,,
Jordan Byrd,2023,3,2.7025,0.900833,0.0075,0.004,3.070367,1.023455,0.008521,00-0038743,2023,PIT,RB,RB,16.0,,,,
Bryan Thompson,2023,3,2.7015,0.9005,0.0065,0.004,3.069231,1.023077,0.007385,00-0038680,2023,BUF,WR,WR,89.0,1999-04-07,,,25.0
Cephus Johnson,2023,3,2.701,0.900333,0.026,0.004,3.068663,1.022887,0.029539,00-0038805,2023,TB,WR,WR,28.0,1999-09-21,,,24.0
Pokey Wilson,2023,3,2.7,0.9,0.005,0.004,3.067527,1.022509,0.005681,00-0038873,2023,LAC,WR,WR,83.0,,,,
Keilahn Harris,2023,3,2.7,0.9,0.005,0.004,3.067527,1.022509,0.005681,00-0038926,2023,ATL,WR,WR,86.0,2001-01-08,,,23.0
Xavier Smith,2023,3,2.7,0.9,0.005,0.004,3.067527,1.022509,0.005681,00-0038359,2023,LA,WR,WR,19.0,1997-09-21,,,26.0
Johnny King,2023,3,2.7,0.9,0.005,0.004,3.067527,1.022509,0.005681,00-0038434,2023,PHI,WR,WR,43.0,,,,
Sean Ryan,2023,3,2.7,0.9,0.005,0.004,3.067527,1.022509,0.005681,00-0038455,2023,BAL,WR,WR,82.0,1999-01-21,,,25.0
Kade Warner,2023,3,2.7,0.9,0.005,0.004,3.067527,1.022509,0.005681,00-0038829,2023,TB,WR,WR,85.0,,,,
Chris Coleman,2023,3,2.7,0.9,0.017,0.004,3.067527,1.022509,0.019314,00-0038687,2023,MIA,WR,WR,83.0,,,,
John Stephens,2023,3,2.698,0.899333,0.003,0.004,3.065254,1.021751,0.003408,00-0038741,2023,DAL,WR,WR,81.0,1999-09-23,,,24.0
Jose Barbon,2023,3,2.698,0.899333,0.003,0.004,3.065254,1.021751,0.003408,00-0038730,2023,DAL,WR,WR,14.0,,,,
Dontay Demus Jr.,2023,3,2.6975,0.899167,0.0025,0.004,3.064686,1.021563,0.00284,00-0038447,2023,BAL,WR,WR,18.0,2000-09-26,,,23.0
Zion Bowens,2023,3,2.6975,0.899167,0.0025,0.004,3.064686,1.021563,0.00284,00-0038831,2023,WAS,WR,WR,84.0,,,,
Taye Barber,2023,3,2.697,0.899,0.002,0.004,3.064118,1.021373,0.002272,00-0038814,2023,TB,WR,WR,17.0,,,,
Taylor Grimes,2023,3,2.697,0.899,0.002,0.004,3.064118,1.021373,0.002272,00-0038789,2023,DEN,WR,WR,13.0,,,,
Ty Scott,2023,3,2.6965,0.898833,0.0015,0.004,3.06355,1.021183,0.001704,00-0038520,2023,KC,WR,WR,85.0,,,,
Oliver Martin,2023,3,2.696,0.898667,0.002,0.004,3.062982,1.020994,0.002272,00-0038672,2023,JAX,WR,WR,88.0,,,,
Isaiah Winstead,2023,3,2.696,0.898667,0.001,0.004,3.062982,1.020994,0.001136,00-0038883,2023,SF,WR,WR,2.0,1999-08-09,,,24.0
Tyjon Lindsey,2023,3,2.696,0.898667,0.001,0.004,3.062982,1.020994,0.001136,00-0038763,2023,SEA,WR,WR,81.0,1999-01-07,,,25.0
Garett Maag,2023,3,2.695,0.898333,0.0,0.004,3.061846,1.020615,0.0,00-0039043,2023,MIN,WR,WR,82.0,,,,
Dylan Drummond,2023,3,2.695,0.898333,0.0,0.004,3.061846,1.020615,0.0,00-0038953,2023,NYG,WR,WR,83.0,2000-01-17,,,24.0
Nick Williams,2023,3,2.695,0.898333,0.0,0.004,3.061846,1.020615,0.0,00-0039045,2023,DEN,WR,WR,86.0,,,,
Lucky Jackson,2023,3,2.695,0.898333,0.0,0.004,3.061846,1.020615,0.0,00-0038181,2023,MIN,WR,WR,81.0,1997-07-17,,,26.0
Jerome Kapp,2023,3,2.695,0.898333,0.0,0.004,3.061846,1.020615,0.0,00-0039033,2023,NYJ,WR,WR,31.0,,,,
Jadakis Bonds,2023,3,2.695,0.898333,0.0,0.004,3.061846,1.020615,0.0,00-0039022,2023,GB,WR,WR,6.0,,,,
Brian Cobbs,2023,3,2.695,0.898333,0.0,0.004,3.061846,1.020615,0.0,00-0039011,2023,ARI,WR,WR,38.0,,,,
Tyler Hudson,2023,3,2.695,0.898333,0.0,0.004,3.061846,1.020615,0.0,00-0038356,2023,LA,WR,WR,86.0,,,,
Milton Wright,2023,3,2.695,0.898333,0.0,0.004,3.061846,1.020615,0.0,00-0039168,2023,LAC,WR,WR,38.0,,,,
Kody Case,2023,3,2.695,0.898333,0.0,0.004,3.061846,1.020615,0.0,00-0038532,2023,IND,WR,WR,13.0,,,,
Kearis Jackson,2023,3,2.695,0.898333,0.0,0.004,3.061846,1.020615,0.0,00-0038969,2023,TEN,WR,WR,5.0,1999-12-09,,,24.0
Gavin Holmes,2023,3,2.695,0.898333,0.0,0.004,3.061846,1.020615,0.0,00-0038962,2023,TEN,WR,WR,84.0,,,,
Josh Ali,2023,3,2.695,0.898333,0.0,0.004,3.061846,1.020615,0.0,00-0038149,2023,ATL,WR,WR,80.0,1999-03-03,,,25.0
Mac Hippenhammer,2023,3,2.695,0.898333,0.0,0.004,3.061846,1.020615,0.0,00-0038887,2023,CIN,WR,WR,14.0,,,,
Malachi Carter,2023,3,2.695,0.898333,0.0,0.004,3.061846,1.020615,0.0,00-0038886,2023,CIN,WR,WR,88.0,,,,
Izaiah Gathings,2023,3,2.695,0.898333,0.0,0.004,3.061846,1.020615,0.0,00-0038954,2023,KC,WR,WR,42.0,2000-09-18,,,23.0
Antoine Wesley,2023,1,0.2898,0.2898,0.0,0.001,0.329248,0.329248,0.0,00-0035126,2023,LV,WR,WR,13.0,1997-10-22,,,26.0
Cody Thompson,2023,1,0.87,0.87,0.0,0.004,0.988425,0.988425,0.0,00-0035164,2023,SEA,WR,WR,13.0,1996-01-11,,,28.0
Juwan Johnson,2023,2,12.01,6.005,8.51,0.027,13.644813,6.822407,9.66839,00-0036040,2023,NO,TE,TE,83.0,1996-09-13,,,27.0
Scotty Washington,2023,1,0.75,0.75,0.0,0.003,0.852091,0.852091,0.0,00-0035769,2023,BAL,TE,TE,81.0,1997-07-26,,,26.0
Tony Brown,2023,1,1.2325,1.2325,0.5,0.005,1.400269,1.400269,0.56806,00-0034540,2023,IND,DB,CB,38.0,1995-07-13,,,28.0
Jaylon Moore,2023,1,0.75,0.75,0.0,0.003,0.852091,0.852091,0.0,00-0036125,2023,JAX,WR,WR,83.0,1997-07-01,,,26.0
Anthony Johnson,2023,3,2.71,0.903333,0.231,0.004,3.078888,1.026296,0.262444,00-0038907,2023,GB,DB,CB,36.0,1999-06-12,,,24.0
Devin Ross,2023,1,0.216,0.216,0.0,0.001,0.245402,0.245402,0.0,00-0034667,2023,LV,WR,WR,8.0,1995-08-12,,,28.0
Jody Fortson,2023,1,0.94,0.94,0.0,0.004,1.067954,1.067954,0.0,00-0035547,2023,KC,TE,TE,88.0,1995-12-07,,,28.0
Martavis Bryant,2023,1,0.3708,0.3708,0.0,0.002,0.421274,0.421274,0.0,00-0031373,2023,DAL,WR,WR,85.0,1991-12-20,PIT,118.0,32.0
Darren Waller,2022,3,51.0,17.0,22.0,0.082,62.56196,20.853987,26.987512,00-0031610,2023,NYG,TE,TE,12.0,1992-09-13,BAL,204.0,31.0
Dallas Goedert,2021,4,57.0,14.25,35.127549,0.078,79.768767,19.942192,49.159321,00-0034351,2023,PHI,TE,TE,88.0,1995-01-03,PHI,49.0,29.0
Mark Andrews,2021,4,56.0,14.0,37.583059,0.077,78.369315,19.592329,52.595689,00-0034753,2023,BAL,TE,TE,89.0,1995-09-06,BAL,86.0,28.0
George Kittle,2020,5,75.0,15.0,40.0,0.076,96.644803,19.328961,51.543895,00-0033288,2023,SF,TE,TE,85.0,1993-10-09,SF,146.0,30.0
T.J. Hockenson,2023,4,66.0,16.5,42.5,0.073,74.983986,18.745996,48.285142,00-0035229,2023,MIN,TE,TE,87.0,1997-07-03,DET,8.0,26.0
Travis Kelce,2020,4,57.25,14.3125,23.0,0.072,73.7722,18.44305,29.63774,00-0030506,2023,KC,TE,TE,87.0,1989-10-05,KC,63.0,34.0
Jonnu Smith,2023,2,15.0,7.5,8.5,0.033,17.041815,8.520907,9.657028,00-0033858,2023,ATL,TE,TE,81.0,1995-08-22,TEN,100.0,28.0
Hunter Henry,2021,3,37.5,12.5,25.0,0.068,52.479452,17.493151,34.986301,00-0033090,2023,NE,TE,TE,85.0,1994-12-07,SD,35.0,29.0
David Njoku,2022,4,54.75,13.6875,28.0,0.066,67.162104,16.790526,34.347743,00-0033885,2023,CLE,TE,TE,85.0,1996-07-10,CLE,29.0,27.0
Dawson Knox,2022,4,52.0,13.0,31.2,0.062,63.788665,15.947166,38.273199,00-0035689,2023,BUF,TE,TE,88.0,1996-11-14,BUF,96.0,27.0
Evan Engram,2023,3,41.25,13.75,25.5,0.061,46.864991,15.621664,28.971085,00-0033881,2023,JAX,TE,TE,17.0,1994-09-02,NYG,23.0,29.0
Cole Kmet,2023,4,50.0,12.5,32.793,0.056,56.80605,14.201512,37.256816,00-0036290,2023,CHI,TE,TE,85.0,1999-03-10,CHI,43.0,25.0
Austin Hooper,2023,1,2.75,2.75,2.165,0.012,3.124333,3.124333,2.459702,00-0032392,2023,LV,TE,TE,81.0,1994-10-29,ATL,81.0,29.0
Dalton Schultz,2023,1,6.25,6.25,6.0,0.028,7.100756,7.100756,6.816726,00-0034383,2023,HOU,TE,TE,86.0,1996-07-11,DAL,137.0,27.0
Mike Gesicki,2023,1,4.5,4.5,3.55,0.02,5.112544,5.112544,4.03323,00-0034829,2023,NE,TE,TE,88.0,1995-10-03,MIA,42.0,28.0
Zach Ertz,2023,1,0.2898,0.2898,0.0,0.001,0.329248,0.329248,0.0,00-0030061,2023,DET,TE,TE,86.0,1990-11-10,PHI,35.0,33.0
Kyle Pitts,2021,4,32.910496,8.227624,32.910496,0.045,46.056661,11.514165,46.056661,00-0036970,2023,ATL,TE,TE,8.0,2000-10-06,ATL,4.0,23.0
Logan Thomas,2021,3,24.065,8.021667,10.315,0.044,33.677814,11.225938,14.435348,00-0031260,2023,WAS,TE,TE,82.0,1991-07-01,ARI,120.0,32.0
Jimmy Graham,2023,1,1.3175,1.3175,0.1525,0.006,1.496839,1.496839,0.173258,00-0027696,2023,NO,TE,TE,80.0,1986-11-24,NO,95.0,37.0
Tyler Higbee,2023,2,17.0,8.5,16.07598,0.038,19.314057,9.657028,18.264258,00-0033110,2023,LA,TE,TE,89.0,1993-01-01,LA,110.0,31.0
Will Dissly,2022,3,24.0,8.0,15.98,0.038,29.440922,9.813641,19.602747,00-0034159,2023,SEA,TE,TE,89.0,1996-07-08,SEA,120.0,27.0
C.J. Uzomah,2022,3,24.0,8.0,15.0,0.038,29.440922,9.813641,18.400576,00-0032134,2023,NYJ,TE,TE,87.0,1993-01-14,CIN,157.0,31.0
Tyler Kroft,2023,1,1.29,1.29,0.025,0.006,1.465596,1.465596,0.028403,00-0032214,2023,MIA,TE,TE,82.0,1992-10-15,CIN,85.0,31.0
Gerald Everett,2022,2,12.0,6.0,8.0,0.029,14.720461,7.360231,9.813641,00-0033895,2023,LAC,TE,TE,7.0,1994-06-25,LA,44.0,29.0
Tyler Conklin,2022,3,20.25,6.75,10.0,0.032,24.840778,8.280259,12.267051,00-0034270,2023,NYJ,TE,TE,83.0,1995-07-30,MIN,157.0,28.0
Hayden Hurst,2023,3,21.75,7.25,13.0,0.032,24.710632,8.236877,14.769573,00-0034830,2023,CAR,TE,TE,81.0,1993-08-24,BAL,25.0,30.0
Josh Oliver,2023,3,21.0,7.0,10.7,0.031,23.858541,7.952847,12.156495,00-0035249,2023,MIN,TE,TE,84.0,1997-03-21,JAX,69.0,27.0
Jesse James,2023,1,1.165,1.165,0.0,0.005,1.323581,1.323581,0.0,00-0032135,2023,LV,TE,TE,81.0,1994-06-04,PIT,160.0,29.0
Mo Alie-Cox,2022,3,17.55,5.85,8.2,0.028,21.528674,7.176225,10.058982,00-0033217,2023,IND,TE,TE,81.0,1993-09-19,,,30.0
Ian Thomas,2023,2,6.65,3.325,4.0,0.015,7.555205,3.777602,4.544484,00-0034365,2023,CAR,TE,TE,80.0,1996-06-06,CAR,101.0,27.0
Marcedes Lewis,2023,1,2.0,2.0,1.0,0.009,2.272242,2.272242,1.136121,00-0024243,2023,CHI,TE,TE,84.0,1984-05-19,JAX,28.0,39.0
Robert Tonyan,2023,1,2.65,2.65,1.25,0.012,3.010721,3.010721,1.420151,00-0033757,2023,CHI,TE,TE,18.0,1994-04-30,,,29.0
Chris Manhertz,2023,2,6.0,3.0,3.34,0.013,6.816726,3.408363,3.794644,00-0031484,2023,DEN,TE,TE,84.0,1992-04-10,,,32.0
Foster Moreau,2023,3,12.234,4.078,8.02,0.018,13.899304,4.633101,9.11169,00-0034981,2023,NO,TE,TE,87.0,1997-05-06,OAK,137.0,26.0
Durham Smythe,2023,2,7.75,3.875,5.5,0.017,8.804938,4.402469,6.248665,00-0034798,2023,MIA,TE,TE,81.0,1995-08-09,MIA,123.0,28.0
Geoff Swaim,2023,1,1.7,1.7,0.45,0.008,1.931406,1.931406,0.511254,00-0032141,2023,ARI,TE,TE,87.0,1993-09-16,DAL,246.0,30.0
Pharaoh Brown,2023,1,1.08,1.08,0.0,0.005,1.227011,1.227011,0.0,00-0033439,2023,NE,TE,TE,86.0,1994-05-04,,,29.0
Noah Fant,2019,4,12.590724,3.147681,12.590724,0.017,17.086455,4.271614,17.086455,00-0035644,2023,SEA,TE,TE,87.0,1997-11-20,DEN,20.0,26.0
Anthony Firkser,2023,1,1.08,1.08,0.0,0.005,1.227011,1.227011,0.0,00-0033455,2023,DET,TE,TE,86.0,1995-02-19,,,29.0
Dalton Kincaid,2023,4,13.42704,3.35676,13.42704,0.015,15.254742,3.813686,15.254742,00-0038933,2023,BUF,TE,TE,86.0,1999-10-18,BUF,25.0,24.0
Nick Vannett,2023,1,1.215,1.215,0.25,0.005,1.380387,1.380387,0.28403,00-0032394,2023,LAC,TE,TE,83.0,1993-03-06,SEA,94.0,31.0
Sam LaPorta,2023,4,9.465998,2.3665,7.825179,0.011,10.754519,2.68863,8.89035,00-0039065,2023,DET,TE,TE,87.0,2001-01-12,DET,34.0,23.0
Michael Mayer,2023,4,9.313638,2.32841,7.596697,0.01,10.58142,2.645355,8.630767,00-0039066,2023,LV,TE,TE,87.0,2001-07-06,LV,35.0,22.0
Luke Musgrave,2023,4,8.475742,2.118936,6.348437,0.009,9.629468,2.407368,7.212593,00-0039144,2023,GB,TE,TE,88.0,2000-09-02,GB,42.0,23.0
Ross Dwelley,2023,1,1.7,1.7,0.7,0.008,1.931406,1.931406,0.795285,00-0034073,2023,SF,TE,TE,82.0,1995-01-26,,,29.0
Jordan Akins,2023,2,3.9,1.95,1.73,0.009,4.430872,2.215436,1.965489,00-0034364,2023,CLE,TE,TE,84.0,1992-04-19,HOU,98.0,32.0
Pat Freiermuth,2021,4,6.02818,1.507045,3.33814,0.008,8.436149,2.109037,4.671567,00-0036894,2023,PIT,TE,TE,88.0,1998-10-25,PIT,55.0,25.0
Harrison Bryant,2023,1,1.75,1.75,1.75,0.008,1.988212,1.988212,1.988212,00-0036232,2023,CLE,TE,TE,88.0,1998-04-23,CLE,115.0,26.0
Irv Smith Jr.,2023,1,1.75,1.75,0.4,0.008,1.988212,1.988212,0.454448,00-0034970,2023,CIN,TE,TE,81.0,1998-08-09,MIN,50.0,25.0
Trey McBride,2022,4,6.29966,1.574915,3.4579,0.008,7.727825,1.931956,4.241824,00-0037744,2023,ARI,TE,TE,85.0,1999-11-22,ARI,55.0,24.0
Eric Saubert,2023,1,1.685,1.685,0.85,0.007,1.914364,1.914364,0.965703,00-0033576,2023,HOU,TE,TE,81.0,1994-05-09,ATL,174.0,29.0
Drew Sample,2023,1,1.2325,1.2325,0.0525,0.005,1.400269,1.400269,0.059646,00-0035631,2023,CIN,TE,TE,89.0,1996-04-16,CIN,52.0,28.0
Luke Schoonmaker,2023,4,6.266678,1.56667,3.342433,0.007,7.119704,1.779927,3.797408,00-0038547,2023,DAL,TE,TE,86.0,1998-09-28,DAL,58.0,25.0
Eric Tomlinson,2023,1,1.3175,1.3175,0.6525,0.006,1.496839,1.496839,0.741319,00-0031690,2023,IND,TE,TE,87.0,1992-04-22,,,32.0
Hunter Long,2021,4,4.968696,1.242174,0.973596,0.007,6.953452,1.738363,1.362501,00-0037004,2023,LA,TE,TE,84.0,1998-08-19,MIA,81.0,25.0
Brenton Strange,2023,4,6.114342,1.528586,3.224717,0.007,6.946632,1.736659,3.663669,00-0038935,2023,JAX,TE,TE,85.0,2000-12-27,JAX,61.0,23.0
Tommy Tremble,2021,4,4.926434,1.231609,0.94286,0.007,6.894308,1.723578,1.319487,00-0037005,2023,CAR,TE,TE,82.0,2000-06-02,CAR,83.0,23.0
Adam Trautman,2023,1,1.5,1.5,1.5,0.007,1.704181,1.704181,1.704181,00-0036422,2023,DEN,TE,TE,82.0,1997-02-05,NO,105.0,27.0
Tre' McKitty,2023,1,0.216,0.216,0.0,0.001,0.245402,0.245402,0.0,00-0037011,2023,BUF,TE,TE,83.0,1999-01-12,LAC,97.0,25.0
Jelani Woods,2022,4,5.372484,1.343121,1.08726,0.006,6.590453,1.647613,1.333747,00-0037755,2023,IND,TE,TE,80.0,1998-10-09,IND,73.0,25.0
Greg Dulcich,2022,4,5.25914,1.314785,1.004828,0.006,6.451414,1.612853,1.232628,00-0037252,2023,DEN,TE,TE,80.0,2000-03-26,DEN,80.0,24.0
Zach Gentry,2023,1,1.4,1.4,0.1525,0.006,1.590569,1.590569,0.173258,00-0035222,2023,LV,TE,TE,88.0,1996-09-10,PIT,141.0,27.0
MyCole Pruitt,2023,1,1.215,1.215,0.0,0.005,1.380387,1.380387,0.0,00-0031585,2023,ATL,TE,TE,85.0,1992-03-24,MIN,143.0,32.0
Jacob Hollister,2023,1,1.08,1.08,0.0,0.005,1.227011,1.227011,0.0,00-0033387,2023,LV,TE,TE,88.0,1993-11-18,,,30.0
Blake Bell,2023,1,1.3175,1.3175,0.0,0.006,1.496839,1.496839,0.0,00-0032062,2023,KC,TE,TE,81.0,1991-08-07,SF,117.0,32.0
Darrell Daniels,2023,1,1.08,1.08,0.0,0.005,1.227011,1.227011,0.0,00-0033258,2023,DET,TE,TE,86.0,1994-11-22,,,29.0
Tucker Kraft,2023,4,5.537932,1.384483,1.027588,0.006,6.291761,1.57294,1.167464,00-0038996,2023,GB,TE,TE,85.0,2000-11-03,GB,78.0,23.0
Jeremy Ruckert,2022,4,5.044903,1.261226,0.84902,0.006,6.188608,1.547152,1.041497,00-0037805,2023,NYJ,TE,TE,89.0,2000-08-11,NYJ,101.0,23.0
Darnell Washington,2023,4,5.353912,1.338478,0.893752,0.006,6.082692,1.520673,1.01541,00-0038558,2023,PIT,TE,TE,80.0,2001-08-17,PIT,93.0,22.0
Cameron Latu,2023,4,5.304082,1.326021,0.857512,0.006,6.026079,1.50652,0.974237,00-0038564,2023,SF,TE,TE,81.0,2000-02-24,SF,101.0,24.0
Johnny Mundt,2022,2,2.415,1.2075,0.2,0.006,2.962493,1.481246,0.245341,00-0033246,2023,MIN,TE,TE,86.0,1994-11-23,,,29.0
John Bates,2021,4,4.202416,1.050604,0.722416,0.006,5.88108,1.47027,1.010987,00-0036628,2023,WAS,TE,TE,87.0,1997-11-06,WAS,124.0,26.0
Kylen Granson,2021,4,4.186364,1.046591,0.706364,0.006,5.858616,1.464654,0.988523,00-0036876,2023,IND,TE,TE,83.0,1998-03-27,IND,127.0,26.0
Stephen Anderson,2023,1,0.2898,0.2898,0.0,0.001,0.329248,0.329248,0.0,00-0032725,2023,LAC,TE,TE,40.0,1993-01-30,,,31.0
Ricky Seals-Jones,2023,1,1.08,1.08,0.0,0.005,1.227011,1.227011,0.0,00-0033611,2023,IND,TE,TE,48.0,1995-03-15,,,29.0
Donald Parham,2023,2,2.565,1.2675,0.4,0.006,2.91415,1.440033,0.454448,00-0035329,2023,LAC,TE,TE,89.0,1997-08-16,,,26.0
Devin Asiasi,2023,1,0.2898,0.2898,0.0,0.001,0.329248,0.329248,0.0,00-0036194,2023,TEN,TE,TE,86.0,1997-08-14,NE,91.0,26.0
Josiah Deguara,2020,4,4.419685,1.104921,0.867468,0.006,5.695194,1.423798,1.117817,00-0036332,2023,GB,TE,TE,81.0,1997-02-14,GB,94.0,27.0
Trevon Wesco,2023,1,1.2325,1.2325,0.3525,0.005,1.400269,1.400269,0.400483,00-0035259,2023,TEN,TE,TE,88.0,1995-09-12,NYJ,121.0,28.0
Dalton Keene,2023,1,0.87,0.87,0.0,0.004,0.988425,0.988425,0.0,00-0036225,2023,HOU,TE,TE,40.0,1999-04-14,NE,101.0,25.0
Cade Otton,2022,4,4.52394,1.130985,0.83394,0.005,5.54954,1.387385,1.022998,00-0038129,2023,TB,TE,TE,88.0,1999-04-15,TB,106.0,25.0
Daniel Bellinger,2022,4,4.453112,1.113278,0.793112,0.005,5.462655,1.365664,0.972915,00-0038115,2023,NYG,TE,TE,82.0,2000-09-22,NYG,112.0,23.0
Luke Farrell,2021,4,3.83802,0.959505,0.35802,0.005,5.371125,1.342781,0.501032,00-0036887,2023,JAX,TE,TE,89.0,1997-10-14,JAX,145.0,26.0
Brevin Jordan,2021,4,3.832184,0.958046,0.325184,0.005,5.362958,1.340739,0.455079,00-0036556,2023,HOU,TE,TE,9.0,2000-07-16,HOU,147.0,23.0
Jake Ferguson,2022,4,4.36488,1.09122,0.70488,0.005,5.354421,1.338605,0.86468,00-0038041,2023,DAL,TE,TE,87.0,1999-01-18,DAL,129.0,25.0
Charlie Kolar,2022,4,4.36488,1.09122,0.70488,0.005,5.354421,1.338605,0.86468,00-0038046,2023,BAL,TE,TE,88.0,1999-02-10,BAL,128.0,25.0
Noah Gray,2021,4,3.79378,0.948445,0.31378,0.005,5.309213,1.327303,0.43912,00-0036637,2023,KC,TE,TE,83.0,1999-04-30,KC,162.0,24.0
Jace Sternberger,2023,1,1.01,1.01,0.0,0.004,1.147482,1.147482,0.0,00-0035671,2023,BUF,TE,TE,83.0,1996-06-26,GB,75.0,27.0
Albert Okwuegbunam,2020,4,4.044044,1.011011,0.749044,0.005,5.211144,1.302786,0.965216,00-0036423,2023,PHI,TE,TE,85.0,1998-04-25,DEN,118.0,26.0
Jordan Thomas,2023,1,1.01,1.01,0.0,0.004,1.147482,1.147482,0.0,00-0034420,2023,CAR,LB,OLB,48.0,1996-08-02,HOU,211.0,27.0
Tanner Hudson,2023,1,1.08,1.08,0.0,0.005,1.227011,1.227011,0.0,00-0034613,2023,CIN,TE,TE,87.0,1994-11-12,,,29.0
Colby Parkinson,2020,4,3.96544,0.99136,0.67044,0.005,5.109856,1.277464,0.863927,00-0036244,2023,SEA,TE,TE,84.0,1999-01-07,SEA,133.0,25.0
Chigoziem Okonkwo,2022,4,4.164336,1.041084,0.504336,0.005,5.108412,1.277103,0.618672,00-0037809,2023,TEN,TE,TE,85.0,1999-09-08,TEN,143.0,24.0
Isaiah Likely,2022,4,4.164336,1.041084,0.504336,0.005,5.108412,1.277103,0.618672,00-0037838,2023,BAL,TE,TE,80.0,2000-04-18,BAL,139.0,24.0
Brycen Hopkins,2020,4,3.948132,0.987033,0.653132,0.005,5.087553,1.271888,0.841624,00-0036424,2023,LA,TE,TE,88.0,1997-03-27,LA,136.0,27.0
Mason Schreck,2023,1,1.08,1.08,0.0,0.005,1.227011,1.227011,0.0,00-0033798,2023,HOU,TE,TE,86.0,1993-11-04,CIN,251.0,30.0
Tommy Sweeney,2023,1,1.08,1.08,0.0,0.005,1.227011,1.227011,0.0,00-0035308,2023,NYG,TE,TE,89.0,1995-07-01,BUF,228.0,28.0
J.P. Holtz,2023,1,1.08,1.08,0.0,0.005,1.227011,1.227011,0.0,00-0032986,2023,NO,TE,TE,86.0,1993-08-28,,,30.0
Cole Turner,2022,4,3.99888,0.99972,0.33888,0.005,4.905446,1.226362,0.415706,00-0037078,2023,WAS,TE,TE,85.0,2000-03-16,WAS,149.0,24.0
Teagan Quitoriano,2022,4,3.956148,0.989037,0.296148,0.005,4.853027,1.213257,0.363286,00-0037277,2023,HOU,TE,TE,84.0,2000-03-15,HOU,170.0,24.0
James Mitchell,2022,4,3.902556,0.975639,0.242556,0.005,4.787285,1.196821,0.297545,00-0037282,2023,DET,TE,TE,82.0,1999-08-11,DET,177.0,24.0
Daniel Helm,2023,1,1.01,1.01,0.0,0.004,1.147482,1.147482,0.0,00-0035428,2023,DET,TE,TE,43.0,1995-04-20,,,29.0
Stephen Carlson,2023,1,0.94,0.94,0.0,0.004,1.067954,1.067954,0.0,00-0035039,2023,CHI,TE,TE,88.0,1996-12-12,,,27.0
Troy Fumagalli,2023,1,0.94,0.94,0.0,0.004,1.067954,1.067954,0.0,00-0034393,2023,MIN,TE,TE,82.0,1995-02-17,DEN,156.0,29.0
Josh Whyle,2023,4,4.165368,1.041342,0.325368,0.005,4.732362,1.183091,0.369657,00-0038589,2023,TEN,TE,TE,81.0,1999-09-08,TEN,147.0,24.0
Mitchell Wilcox,2023,1,1.04,1.04,0.025,0.005,1.181566,1.181566,0.028403,00-0035771,2023,CIN,TE,TE,84.0,1996-11-07,,,27.0
Tyler Davis,2023,1,1.04,1.04,0.0,0.005,1.181566,1.181566,0.0,00-0036250,2023,GB,TE,TE,84.0,1997-04-02,JAX,206.0,27.0
Andrew Ogletree,2022,4,3.838192,0.959548,0.178192,0.005,4.70833,1.177082,0.218589,00-0037292,2023,IND,TE,TE,85.0,1998-07-28,IND,192.0,25.0
Grant Calcaterra,2022,4,3.83414,0.958535,0.17414,0.005,4.703359,1.17584,0.213618,00-0037086,2023,PHI,TE,TE,81.0,1998-12-04,PHI,198.0,25.0
Will Mallory,2023,4,4.130592,1.032648,0.290592,0.005,4.692852,1.173213,0.330148,00-0038394,2023,IND,TE,TE,86.0,1999-06-22,IND,162.0,24.0
Kevin Rader,2023,1,1.01,1.01,0.0,0.004,1.147482,1.147482,0.0,00-0034193,2023,TEN,TE,TE,86.0,1995-04-26,,,28.0
Brandon Dillon,2023,1,0.87,0.87,0.0,0.004,0.988425,0.988425,0.0,00-0035102,2023,WAS,TE,TE,46.0,1997-04-30,,,26.0
Kendall Blanton,2023,1,1.01,1.01,0.0,0.004,1.147482,1.147482,0.0,00-0035603,2023,KC,TE,TE,80.0,1995-11-10,,,28.0
Chris Myarick,2023,1,1.01,1.01,0.0,0.004,1.147482,1.147482,0.0,00-0035345,2023,NYG,TE,TE,85.0,1995-10-06,,,28.0
Connor Heyward,2022,4,3.815224,0.953806,0.155224,0.005,4.680155,1.170039,0.190414,00-0037304,2023,PIT,TE,TE,83.0,1999-01-22,PIT,208.0,25.0
Sean McKeon,2023,1,1.01,1.01,0.0,0.004,1.147482,1.147482,0.0,00-0036032,2023,DAL,TE,TE,84.0,1997-12-28,,,26.0
John FitzPatrick,2022,4,3.792012,0.948003,0.132012,0.005,4.65168,1.16292,0.16194,00-0037306,2023,ATL,TE,TE,87.0,2000-03-09,ATL,213.0,24.0
Ko Kieft,2022,4,3.792012,0.948003,0.132012,0.005,4.65168,1.16292,0.16194,00-0037311,2023,TB,TE,TE,41.0,1998-01-20,TB,218.0,26.0
Davis Allen,2023,4,4.08498,1.021245,0.24498,0.005,4.641032,1.160258,0.278327,00-0039074,2023,LA,TE,TE,87.0,2001-02-03,LA,175.0,23.0
Payne Durham,2023,4,4.08498,1.021245,0.24498,0.005,4.641032,1.160258,0.278327,00-0039050,2023,TB,TE,TE,87.0,2000-06-15,TB,171.0,23.0
Nick Muse,2023,1,0.87,0.87,0.0,0.004,0.988425,0.988425,0.0,00-0037317,2023,MIN,TE,TE,34.0,1998-11-25,MIN,227.0,25.0
Kaden Smith,2023,1,1.01,1.01,0.0,0.004,1.147482,1.147482,0.0,00-0034988,2023,WAS,TE,TE,45.0,1997-04-24,SF,176.0,27.0
Ben Ellefson,2023,1,1.01,1.01,0.0,0.004,1.147482,1.147482,0.0,00-0035823,2023,MIN,TE,TE,82.0,1996-09-01,,,27.0
Jack Stoll,2021,3,2.4475,0.815833,0.1225,0.004,3.425159,1.141719,0.171433,00-0036741,2023,PHI,TE,TE,89.0,1998-01-28,,,26.0
Kenny Yeboah,2022,2,1.815,0.9075,0.05,0.004,2.22647,1.113235,0.061335,00-0036510,2023,NYJ,TE,TE,88.0,1998-10-30,,,25.0
Sammis Reyes,2023,1,0.87,0.87,0.0,0.004,0.988425,0.988425,0.0,00-0036474,2023,JAX,TE,TE,19.0,,,,
Quintin Morris,2022,2,1.575,0.7875,0.0,0.004,1.932061,0.96603,0.0,00-0036590,2023,BUF,TE,TE,85.0,1999-01-21,,,25.0
Matt Bushman,2023,1,0.75,0.75,0.0,0.003,0.852091,0.852091,0.0,00-0036519,2023,KC,TE,TE,89.0,1995-11-03,,,28.0
Brock Wright,2023,1,0.94,0.94,0.0,0.004,1.067954,1.067954,0.0,00-0036754,2023,DET,TE,TE,89.0,1998-11-27,,,25.0
Miller Forristall,2023,1,0.94,0.94,0.0,0.004,1.067954,1.067954,0.0,00-0036692,2023,LA,TE,TE,82.0,1998-03-11,,,26.0
Josh Pederson,2023,1,0.75,0.75,0.0,0.003,0.852091,0.852091,0.0,00-0036674,2023,JAX,TE,TE,87.0,1997-09-22,,,26.0
Hunter Kampmoyer,2023,1,0.75,0.75,0.0,0.003,0.852091,0.852091,0.0,00-0036779,2023,LAC,TE,TE,48.0,1998-02-06,,,26.0
Nick Eubanks,2023,1,0.75,0.75,0.0,0.003,0.852091,0.852091,0.0,00-0036766,2023,IND,TE,TE,47.0,,,,
Shane Zylstra,2023,1,0.94,0.94,0.0,0.004,1.067954,1.067954,0.0,00-0036534,2023,DET,TE,TE,84.0,1996-11-16,,,27.0
Michael Jacobson,2023,1,0.75,0.75,0.0,0.003,0.852091,0.852091,0.0,00-0037022,2023,NO,TE,TE,86.0,1997-04-04,,,27.0
Zack Kuntz,2023,4,3.954388,0.988597,0.114388,0.004,4.492663,1.123166,0.129959,00-0038406,2023,NYJ,TE,TE,81.0,1999-06-09,NYJ,220.0,24.0
Charlie Woerner,2020,4,3.476032,0.869008,0.181032,0.004,4.479206,1.119801,0.233277,00-0036429,2023,SF,TE,TE,89.0,1997-10-16,SF,190.0,26.0
Brayden Willis,2023,4,3.9199,0.979975,0.0799,0.004,4.453481,1.11337,0.090776,00-0038643,2023,SF,TE,TE,9.0,1999-11-11,SF,247.0,24.0
Dominique Dafney,2023,1,0.94,0.94,0.0,0.004,1.067954,1.067954,0.0,00-0036456,2023,TB,TE,TE,82.0,1997-06-03,,,26.0
Colin Thompson,2023,1,0.94,0.94,0.0,0.004,1.067954,1.067954,0.0,00-0033720,2023,MIN,TE,TE,48.0,1993-12-15,,,30.0
Stephen Sullivan,2023,1,0.94,0.94,0.0,0.004,1.067954,1.067954,0.0,00-0036438,2023,CAR,TE,TE,84.0,1996-11-28,SEA,251.0,27.0
Jared Pinkney,2023,1,0.94,0.94,0.0,0.004,1.067954,1.067954,0.0,00-0035787,2023,CHI,TE,TE,46.0,1997-08-21,,,26.0
David Wells,2023,1,0.87,0.87,0.0,0.004,0.988425,0.988425,0.0,00-0034575,2023,TB,TE,TE,89.0,1995-05-02,,,28.0
Parker Hesse,2023,1,0.94,0.94,0.0,0.004,1.067954,1.067954,0.0,00-0035572,2023,ATL,TE,TE,46.0,1995-05-26,,,28.0
Seth Green,2023,2,1.665,0.9325,0.0,0.004,1.891641,1.059433,0.0,00-0037455,2023,DAL,TE,TE,47.0,,,,
Curtis Hodges,2022,3,2.585,0.861667,0.125,0.004,3.171033,1.057011,0.153338,00-0037164,2023,WAS,TE,TE,80.0,1999-07-03,,,24.0
Rodney Williams II,2023,2,1.665,0.8325,0.0,0.004,1.891641,0.945821,0.0,00-0037451,2023,PIT,TE,TE,87.0,2000-04-10,,,24.0
Lucas Krull,2023,2,1.665,0.8325,0.0,0.004,1.891641,0.945821,0.0,00-0037539,2023,DEN,TE,TE,85.0,1998-07-11,,,25.0
Armani Rogers,2022,3,2.5775,0.859167,0.0675,0.004,3.161832,1.053945,0.082803,00-0037168,2023,WAS,TE,TE,88.0,1997-12-04,,,26.0
Peyton Hendershot,2022,3,2.575,0.858333,0.165,0.004,3.158766,1.052921,0.202406,00-0037569,2023,DAL,TE,TE,89.0,1999-04-23,,,25.0
Austin Allen,2023,1,0.75,0.75,0.0,0.003,0.852091,0.852091,0.0,00-0037369,2023,GB,TE,TE,49.0,1998-11-10,,,25.0
Cole Fotheringham,2023,1,0.75,0.75,0.0,0.003,0.852091,0.852091,0.0,00-0037506,2023,LV,TE,TE,85.0,1997-10-11,,,26.0
Zaire Mitchell-Paden,2023,1,0.75,0.75,0.0,0.003,0.852091,0.852091,0.0,00-0037340,2023,CLE,TE,TE,83.0,1999-08-20,,,24.0
Gerrit Prince,2023,1,0.75,0.75,0.0,0.003,0.852091,0.852091,0.0,00-0037233,2023,KC,TE,TE,82.0,1997-08-25,,,26.0
Justin Rigg,2023,2,1.655,0.8325,0.0,0.004,1.88028,0.945821,0.0,00-0037424,2023,TEN,TE,TE,83.0,,,,
Jake Tonges,2023,1,0.87,0.87,0.0,0.004,0.988425,0.988425,0.0,00-0037112,2023,SF,TE,TE,81.0,1999-07-08,,,24.0
Stone Smartt,2022,3,2.565,0.855,0.005,0.004,3.146499,1.048833,0.006134,00-0037475,2023,LAC,TE,TE,84.0,1998-10-04,,,25.0
Tucker Fisk,2023,2,1.665,0.8325,0.0,0.004,1.891641,0.945821,0.0,00-0037654,2023,ATL,TE,TE,43.0,1999-01-19,,,25.0
Nikola Kalinic,2023,1,0.87,0.87,0.0,0.004,0.988425,0.988425,0.0,00-0037031,2023,LA,TE,TE,83.0,1997-01-21,,,27.0
Noah Togiai,2023,1,0.87,0.87,0.0,0.004,0.988425,0.988425,0.0,00-0036005,2023,PHI,TE,TE,83.0,1997-07-06,,,26.0
Tyler Mabry,2023,1,0.216,0.216,0.0,0.001,0.245402,0.245402,0.0,00-0036059,2023,SEA,TE,TE,85.0,1996-11-21,,,27.0
Tommy Hudson,2023,1,0.87,0.87,0.0,0.004,0.988425,0.988425,0.0,00-0036173,2023,NO,TE,TE,89.0,1997-02-22,,,27.0
Ryan Jones,2023,3,2.72,0.906667,0.125,0.004,3.090249,1.030083,0.142015,00-0038480,2023,NYG,TE,TE,49.0,1999-08-20,,,24.0
Blake Whiteheart,2023,3,2.71,0.903333,0.215,0.004,3.078888,1.026296,0.244266,00-0038710,2023,ARI,TE,TE,89.0,2000-03-22,,,24.0
Travis Vokolek,2023,3,2.71,0.903333,0.015,0.004,3.078888,1.026296,0.017042,00-0038456,2023,ARI,TE,TE,81.0,1998-06-04,,,25.0
Michael Ezeike,2023,3,2.708,0.902667,0.013,0.004,3.076616,1.025539,0.01477,00-0038864,2023,LAC,TE,TE,46.0,,,,
Julian Hill,2023,3,2.7075,0.9025,0.0425,0.004,3.076048,1.025349,0.048285,00-0038720,2023,MIA,TE,TE,89.0,2000-07-09,,,23.0
Ben Sims,2023,3,2.705,0.901667,0.11,0.004,3.073207,1.024403,0.124973,00-0038809,2023,GB,TE,TE,89.0,2000-05-16,,,23.0
Thomas Greaney,2023,3,2.705,0.901667,0.01,0.004,3.073207,1.024403,0.011361,00-0038713,2023,CLE,TE,TE,81.0,,,,
Noah Gindorff,2023,3,2.705,0.901667,0.01,0.004,3.073207,1.024403,0.011361,00-0038758,2023,PIT,TE,TE,46.0,1999-02-12,,,25.0
Joel Honigford,2023,3,2.705,0.901667,0.0075,0.004,3.073207,1.024403,0.008521,00-0038706,2023,ARI,TE,TE,42.0,,,,
Johnny Lumpkin,2023,3,2.705,0.901667,0.03,0.004,3.073207,1.024403,0.034084,00-0038913,2023,DEN,TE,TE,84.0,1997-09-03,,,26.0
E.J. Jenkins,2023,3,2.705,0.901667,0.11,0.004,3.073207,1.024403,0.124973,00-0038498,2023,LV,TE,TE,49.0,1998-11-03,,,25.0
Nate Adkins,2023,3,2.705,0.901667,0.075,0.004,3.073207,1.024403,0.085209,00-0038783,2023,DEN,TE,TE,45.0,1999-07-09,,,24.0
Brady Russell,2023,3,2.703,0.901,0.048,0.004,3.070935,1.023645,0.054534,00-0038488,2023,SEA,TE,TE,38.0,1998-08-31,,,25.0
Camren McDonald,2023,3,2.7025,0.900833,0.0075,0.004,3.070367,1.023455,0.008521,00-0038467,2023,LA,TE,TE,45.0,,,,
Christian Sims,2023,3,2.702,0.900667,0.007,0.004,3.069799,1.023267,0.007953,00-0038948,2023,LA,TE,TE,46.0,,,,
Griffin Hebert,2023,3,2.701,0.900333,0.006,0.004,3.068663,1.022887,0.006817,00-0038760,2023,PHI,WR,WR,47.0,1999-04-02,,,25.0
John Samuel Shenker,2023,3,2.7,0.9,0.005,0.004,3.067527,1.022509,0.005681,00-0038920,2023,LV,TE,TE,86.0,1998-09-02,,,25.0
Princeton Fant,2023,3,2.7,0.9,0.03,0.004,3.067527,1.022509,0.034084,00-0038735,2023,DAL,TE,TE,48.0,1999-03-11,,,25.0
Joel Wilson,2023,3,2.6975,0.899167,0.0025,0.004,3.064686,1.021563,0.00284,00-0039023,2023,GB,TE,TE,48.0,2000-06-21,,,23.0
Tanner Taula,2023,3,2.6975,0.899167,0.0025,0.004,3.064686,1.021563,0.00284,00-0038828,2023,TB,TE,TE,84.0,1998-12-06,,,25.0
Christian Trahan,2023,3,2.6965,0.898833,0.0015,0.004,3.06355,1.021183,0.001704,00-0038897,2023,CIN,TE,TE,85.0,,,,
Lachlan Pitts,2023,3,2.695,0.898333,0.0,0.004,3.061846,1.020615,0.0,00-0039188,2023,CHI,TE,TE,81.0,,,,
Jordan Murray,2023,3,2.695,0.898333,0.0,0.004,3.061846,1.020615,0.0,00-0038999,2023,IND,TE,TE,84.0,2000-04-20,,,24.0
Nick Bowers,2023,1,0.87,0.87,0.0,0.004,0.988425,0.988425,0.0,00-0036083,2023,MIA,TE,TE,88.0,1996-05-26,,,27.0
Matt Sokol,2023,1,0.87,0.87,0.0,0.004,0.988425,0.988425,0.0,00-0035436,2023,NE,TE,TE,87.0,1995-11-09,,,28.0
Jordan Jones,2023,3,2.71,0.903333,0.015,0.004,3.078888,1.026296,0.017042,00-0038369,2023,LA,DB,CB,38.0,,,,
Alize Mack,2023,2,1.665,0.8325,0.0,0.004,1.891641,0.945821,0.0,00-0035309,2023,TEN,TE,TE,87.0,1997-03-29,NO,231.0,27.0
Trent Williams,2021,6,138.06,23.01,45.1,0.126,193.208351,32.201392,63.115288,00-0027857,2023,SF,OL,T,71.0,1988-07-19,WAS,4.0,35.0
David Bakhtiari,2020,4,92.0,23.0,30.0,0.116,118.550959,29.63774,38.657921,00-0030074,2023,GB,OL,T,69.0,1991-09-30,GB,109.0,32.0
Laremy Tunsil,2023,3,75.0,25.0,60.0,0.111,85.209075,28.403025,68.16726,00-0032380,2023,HOU,OL,T,78.0,1994-08-02,MIA,13.0,29.0
Andrew Thomas,2023,5,117.5,23.5,67.0,0.105,133.494217,26.698843,76.120107,00-0036386,2023,NYG,OL,T,78.0,1999-01-22,NYG,4.0,25.0
Ronnie Stanley,2020,5,98.75,19.75,70.866,0.1,127.248991,25.449798,91.317742,00-0032965,2023,BAL,OL,T,79.0,1994-03-18,BAL,6.0,30.0
Kolton Miller,2021,3,54.015,18.005,42.5,0.099,75.591403,25.197134,59.476712,00-0034759,2023,LV,OL,T,74.0,1995-10-09,OAK,15.0,28.0
Tyron Smith,2023,1,6.0,6.0,6.0,0.027,6.816726,6.816726,6.816726,00-0027947,2023,DAL,OL,T,77.0,1990-12-12,DAL,9.0,33.0
Jake Matthews,2022,3,55.5,18.5,42.058823,0.089,68.082133,22.694044,51.593772,00-0031279,2023,ATL,OL,T,70.0,1992-02-11,ATL,6.0,32.0
Jordan Mailata,2021,4,64.0,16.0,40.85,0.088,89.564932,22.391233,57.167616,00-0034429,2023,PHI,OL,T,68.0,1997-03-31,PHI,233.0,27.0
Garett Bolles,2020,4,68.0,17.0,40.0,0.086,87.624622,21.906155,51.543895,00-0033538,2023,DEN,OL,T,72.0,1992-05-27,DEN,20.0,31.0
Donovan Smith,2023,1,3.0,3.0,1.98,0.013,3.408363,3.408363,2.24952,00-0032217,2023,KC,OL,T,79.0,1993-06-23,TB,34.0,30.0
Cam Robinson,2022,3,52.75,17.583333,33.0,0.084,64.708694,21.569564,40.481268,00-0033889,2023,JAX,OL,T,74.0,1995-10-09,JAX,34.0,28.0
D.J. Humphries,2022,3,51.0,17.0,32.823529,0.082,62.56196,20.853987,40.26479,00-0032222,2023,ARI,OL,T,74.0,1993-12-28,ARI,24.0,30.0
Orlando Brown Jr.,2023,4,64.092,16.023,31.1,0.071,72.816267,18.204067,35.333363,00-0034752,2023,CIN,OL,T,75.0,1996-05-02,BAL,83.0,27.0
Taylor Decker,2020,4,59.65,14.9125,37.5,0.075,76.864834,19.216208,48.322402,00-0032381,2023,DET,OL,T,68.0,1993-08-23,DET,16.0,30.0
Dion Dawkins,2020,4,58.3,14.575,32.5,0.074,75.125227,18.781307,41.879415,00-0033904,2023,BUF,OL,T,73.0,1994-04-26,BUF,63.0,29.0
Terron Armstead,2022,5,75.0,15.0,43.37,0.072,92.002882,18.400576,53.2022,00-0030067,2023,MIA,OL,T,72.0,1991-07-23,NO,75.0,32.0
Riley Reiff,2023,1,5.0,5.0,4.15,0.022,5.680605,5.680605,4.714902,00-0029672,2023,NE,OL,T,74.0,1988-12-01,DET,23.0,35.0
Charles Leno Jr.,2021,3,37.5,12.5,18.5,0.068,52.479452,17.493151,25.889863,00-0031095,2023,WAS,OL,T,72.0,1991-10-09,CHI,246.0,32.0
Joseph Noteboom,2022,3,40.0,13.333333,25.0,0.064,49.068204,16.356067,30.667627,00-0034803,2023,LA,OL,T,70.0,1995-06-19,LA,89.0,28.0
Duane Brown,2022,2,20.0,10.0,9.0,0.048,24.534102,12.267051,11.040346,00-0026166,2023,NYJ,OL,T,76.0,1985-08-30,HOU,26.0,38.0
George Fant,2023,1,3.0,3.0,0.8,0.013,3.408363,3.408363,0.908897,00-0032466,2023,HOU,OL,T,77.0,1992-07-19,,,31.0
Andre Dillard,2023,3,29.0,9.666666,13.0,0.043,32.947509,10.982502,14.769573,00-0035233,2023,TEN,OL,T,71.0,1995-10-03,PHI,22.0,28.0
Ikem Ekwonu,2022,4,27.56805,6.892013,27.56805,0.033,33.817867,8.454467,33.817867,00-0037229,2023,CAR,OL,T,79.0,2000-10-31,CAR,6.0,23.0
Trent Brown,2023,1,6.5,6.5,4.0,0.029,7.384786,7.384786,4.544484,00-0032071,2023,NE,OL,T,77.0,1993-04-13,SF,244.0,31.0
Patrick Mekari,2021,3,15.45,5.15,7.1,0.028,21.621534,7.207178,9.93611,00-0035112,2023,BAL,OL,G,65.0,1997-08-13,,,26.0
Matt Pryor,2023,1,1.13,1.13,0.0,0.005,1.283817,1.283817,0.0,00-0034417,2023,SF,OL,T,75.0,1994-12-16,PHI,206.0,29.0
Charles Cross,2022,4,21.383626,5.345907,21.383626,0.026,26.231403,6.557851,26.231403,00-0037821,2023,SEA,OL,T,67.0,2000-11-25,SEA,9.0,23.0
Jedrick Wills,2020,4,19.702914,4.925729,19.702914,0.025,25.389123,6.347281,25.389123,00-0036267,2023,CLE,OL,T,71.0,1999-05-17,CLE,10.0,24.0
Andrus Peat,2023,1,5.5,5.5,5.5,0.024,6.248665,6.248665,6.248665,00-0032203,2023,NO,OL,G,75.0,1993-11-04,NO,13.0,30.0
Rashawn Slater,2021,4,16.631758,4.15794,16.631758,0.023,23.275348,5.818838,23.275348,00-0037009,2023,LAC,OL,T,70.0,1999-03-26,LAC,13.0,25.0
Terence Steele,2023,1,4.304,4.304,0.0,0.019,4.889865,4.889865,0.0,00-0036036,2023,DAL,OL,T,78.0,1997-06-04,,,26.0
Yosuah Nijman,2023,1,4.304,4.304,0.0,0.019,4.889865,4.889865,0.0,00-0035084,2023,GB,OL,T,73.0,1996-01-02,,,28.0
Kendall Lamm,2023,1,1.3175,1.3175,0.2,0.006,1.496839,1.496839,0.227224,00-0031921,2023,MIA,OL,T,70.0,1992-06-05,,,31.0
Broderick Jones,2023,4,16.626364,4.156591,16.626364,0.018,18.889561,4.72239,18.889561,00-0039109,2023,PIT,OL,T,77.0,2001-05-16,PIT,14.0,22.0
Christian Darrisaw,2021,4,13.346146,3.336537,13.346146,0.018,18.677291,4.669324,18.677291,00-0036616,2023,MIN,OL,T,71.0,1999-06-02,MIN,23.0,24.0
Chris Hubbard,2023,1,1.315,1.315,0.075,0.006,1.493999,1.493999,0.085209,00-0029963,2023,TEN,OL,T,66.0,1991-04-23,,,33.0
Trevor Penning,2022,4,14.143316,3.535829,14.143316,0.017,17.349678,4.337419,17.349678,00-0037241,2023,NO,OL,T,70.0,1999-05-15,NO,19.0,24.0
James Hurst,2022,1,3.25,3.25,1.305,0.016,3.986792,3.986792,1.60085,00-0030694,2023,NO,OL,T,74.0,1991-12-17,,,32.0
Cornelius Lucas,2022,2,6.5,3.25,2.92,0.016,7.973583,3.986792,3.581979,00-0030725,2023,WAS,OL,T,78.0,1991-07-18,,,32.0
Yodny Cajuste,2023,1,2.743,2.743,0.0,0.012,3.11638,3.11638,0.0,00-0035252,2023,NYG,OL,T,70.0,1996-02-21,NE,101.0,28.0
Calvin Anderson,2023,2,7.0,3.5,4.0,0.016,7.952847,3.976423,4.544484,00-0034957,2023,NE,OL,T,76.0,1996-03-25,,,28.0
Cameron Fleming,2023,1,2.5,2.5,0.85,0.011,2.840302,2.840302,0.965703,00-0031067,2023,DEN,OL,T,73.0,1992-09-03,NE,140.0,31.0
Walker Little,2021,4,7.621702,1.905426,4.569497,0.01,10.666207,2.666552,6.394792,00-0036975,2023,JAX,OL,T,72.0,1999-04-01,JAX,45.0,25.0
Jackson Carman,2021,4,7.44996,1.86249,3.776787,0.01,10.425862,2.606465,5.285432,00-0036865,2023,CIN,OL,T,79.0,2000-01-22,CIN,46.0,24.0
Colton McKivitz,2023,2,4.56,2.28,2.87,0.01,5.180712,2.590356,3.260667,00-0036256,2023,SF,OL,T,68.0,1996-08-09,SF,153.0,27.0
Jason Peters,2023,1,1.165,1.165,0.0,0.005,1.323581,1.323581,0.0,00-0022531,2023,SEA,OL,T,70.0,1982-01-22,,,42.0
Dennis Daley,2023,2,3.2,1.6,0.75,0.007,3.635587,1.817794,0.852091,00-0035300,2023,ARI,OL,T,71.0,1996-08-07,CAR,212.0,27.0
Cedric Ogbuehi,2023,1,1.47,1.47,0.05,0.007,1.670098,1.670098,0.056806,00-0032233,2023,NYJ,OL,T,75.0,1992-04-25,CIN,21.0,32.0
Bernhard Raimann,2022,4,5.30196,1.32549,1.035972,0.006,6.503941,1.625985,1.270832,00-0037757,2023,IND,OL,T,79.0,1997-09-23,IND,77.0,26.0
Roderick Johnson,2023,1,1.0254,1.0254,0.0154,0.005,1.164978,1.164978,0.017496,00-0033569,2023,PHI,OL,T,66.0,1995-11-28,CLE,160.0,28.0
David Sharpe,2023,1,1.08,1.08,0.0,0.005,1.227011,1.227011,0.0,00-0033946,2023,CAR,OL,T,74.0,1995-10-21,OAK,129.0,28.0
Elijah Wilkinson,2023,1,1.2325,1.2325,1.0925,0.005,1.400269,1.400269,1.241212,00-0033676,2023,ARI,OL,G,65.0,1995-02-10,,,29.0
Josh Wells,2023,1,1.3175,1.3175,0.15,0.006,1.496839,1.496839,0.170418,00-0030829,2023,BAL,OL,T,77.0,1991-02-14,,,33.0
Sean Rhyan,2022,4,5.122854,1.280714,0.905712,0.006,6.284231,1.571058,1.111042,00-0037076,2023,GB,OL,G,75.0,2000-09-15,GB,92.0,23.0
Josh Jones,2020,4,4.839336,1.209834,1.079516,0.006,6.235956,1.558989,1.391061,00-0036363,2023,HOU,OL,G,74.0,1997-06-22,ARI,72.0,26.0
Logan Bruss,2023,1,0.216,0.216,0.0,0.001,0.245402,0.245402,0.0,00-0037836,2023,LA,OL,G,60.0,1998-10-06,LA,104.0,25.0
Wanya Morris,2023,4,5.368352,1.342088,0.904256,0.006,6.099097,1.524774,1.027344,00-0038981,2023,KC,OL,T,64.0,2000-10-10,KC,92.0,23.0
Matt Nelson,2023,1,1.3,1.3,0.15,0.006,1.476957,1.476957,0.170418,00-0035328,2023,DET,OL,T,67.0,1995-12-19,,,28.0
Dan Moore Jr.,2021,4,4.1779,1.044475,0.6979,0.006,5.846771,1.461693,0.976678,00-0036869,2023,PIT,OL,T,65.0,1998-09-28,PIT,128.0,25.0
Geron Christian,2023,1,1.08,1.08,0.0,0.005,1.227011,1.227011,0.0,00-0034817,2023,CLE,OL,T,64.0,1996-09-10,WAS,74.0,27.0
Josh Ball,2021,4,3.979344,0.994836,0.499344,0.005,5.568901,1.392225,0.698808,00-0036886,2023,DAL,OL,T,75.0,1998-05-15,DAL,138.0,25.0
Ty Nsekhe,2023,1,0.438444,0.438444,0.0,0.002,0.498125,0.498125,0.0,00-0029709,2023,CLE,OL,T,72.0,1985-10-27,,,38.0
Brett Toth,2023,1,1.155,1.155,0.0,0.005,1.31222,1.31222,0.0,00-0035743,2023,PHI,OL,T,64.0,1996-09-01,,,27.0
Nick Saldiveri,2023,4,4.74528,1.18632,0.84228,0.005,5.391212,1.347803,0.956932,00-0038566,2023,NO,OL,G,64.0,2000-08-14,NO,103.0,23.0
Jaylon Moore,2021,4,3.803036,0.950759,0.323036,0.005,5.322167,1.330542,0.452073,00-0036557,2023,SF,OL,T,76.0,1998-01-09,SF,155.0,26.0
Tommy Doyle,2021,4,3.795732,0.948933,0.315732,0.005,5.311945,1.327986,0.441852,00-0036560,2023,BUF,OL,T,72.0,1998-05-06,BUF,161.0,25.0
Blake Freeland,2023,4,4.655888,1.163972,0.815888,0.005,5.289652,1.322413,0.926947,00-0039158,2023,IND,OL,T,73.0,2001-05-03,IND,106.0,22.0
Braeden Daniels,2023,4,4.594452,1.148613,0.754452,0.005,5.219853,1.304963,0.857149,00-0039010,2023,WAS,OL,T,79.0,2000-08-22,WAS,118.0,23.0
Carter Warren,2023,4,4.58432,1.14608,0.74432,0.005,5.208342,1.302086,0.845638,00-0039004,2023,NYJ,OL,T,67.0,1999-01-19,NYJ,120.0,25.0
Stone Forsythe,2021,4,3.646624,0.911656,0.166624,0.005,5.103275,1.275819,0.233182,00-0036653,2023,SEA,OL,T,78.0,1997-12-29,SEA,208.0,26.0
Justin Murray,2023,1,1.08,1.08,0.0,0.005,1.227011,1.227011,0.0,00-0032528,2023,CLE,OL,T,67.0,1993-04-19,,,31.0
Larnel Coleman,2022,2,1.575,0.7875,0.0,0.004,1.932061,0.96603,0.0,00-0036575,2023,CAR,OL,T,74.0,,MIA,231.0,
Jackson Barton,2023,1,1.08,1.08,0.0,0.005,1.227011,1.227011,0.0,00-0035003,2023,ARI,OL,T,66.0,1995-08-08,IND,240.0,28.0
Ethan Greenidge,2023,1,0.94,0.94,0.0,0.004,1.067954,1.067954,0.0,00-0035403,2023,ATL,OL,T,71.0,1997-09-10,,,26.0
Chuma Edoga,2023,1,1.2325,1.2325,0.1525,0.005,1.400269,1.400269,0.173258,00-0035698,2023,DAL,OL,T,71.0,1997-05-25,NYJ,92.0,26.0
Braxton Jones,2022,4,3.959548,0.989887,0.299548,0.005,4.857198,1.214299,0.367457,00-0037081,2023,CHI,OL,T,70.0,1999-03-27,CHI,168.0,25.0
Greg Senat,2022,1,0.895,0.895,0.0,0.004,1.097901,1.097901,0.0,00-0034280,2023,NYJ,OL,T,68.0,1994-09-08,BAL,212.0,29.0
Joe Giles-Harris,2023,1,0.94,0.94,0.0,0.004,1.067954,1.067954,0.0,00-0035363,2023,NE,LB,OLB,44.0,1997-04-01,,,27.0
Vederian Lowe,2022,4,3.857872,0.964468,0.197872,0.005,4.732471,1.183118,0.242731,00-0037287,2023,NE,OL,T,59.0,1999-04-17,MIN,184.0,25.0
Luke Tenuta,2022,4,3.81268,0.95317,0.15268,0.005,4.677034,1.169258,0.187293,00-0037305,2023,GB,OL,T,78.0,1999-09-01,BUF,209.0,24.0
Warren McClendon,2023,4,4.08498,1.021245,0.24498,0.005,4.641032,1.160258,0.278327,00-0039077,2023,LA,OL,T,71.0,2001-04-11,LA,174.0,23.0
Dan Skipper,2023,1,1.01,1.01,0.0,0.004,1.147482,1.147482,0.0,00-0033863,2023,DET,OL,T,70.0,1994-09-20,,,29.0
Hakeem Adeniji,2023,1,1.01,1.01,0.0,0.004,1.147482,1.147482,0.0,00-0036310,2023,MIN,OL,G,78.0,1997-12-08,CIN,180.0,26.0
Rasheed Walker,2022,4,3.740876,0.935219,0.080876,0.004,4.588952,1.147238,0.099211,00-0037196,2023,GB,OL,T,63.0,2000-02-13,GB,249.0,24.0
Alaric Jackson,2021,3,2.445,0.815,0.02,0.004,3.42166,1.140553,0.027989,00-0036603,2023,LA,OL,T,77.0,1998-07-14,,,25.0
Foster Sarell,2023,1,0.87,0.87,0.0,0.004,0.988425,0.988425,0.0,00-0036584,2023,LAC,OL,T,73.0,1998-08-28,,,25.0
Grant Hermanns,2023,2,1.855,0.9275,0.0,0.004,2.107504,1.053752,0.0,00-0036513,2023,NYJ,OL,T,70.0,,,,
Coy Cronk,2023,1,0.87,0.87,0.0,0.004,0.988425,0.988425,0.0,00-0036785,2023,MIN,OL,T,63.0,1998-01-18,,,26.0
Ryan Hayes,2023,4,3.927092,0.981773,0.087092,0.004,4.461652,1.115413,0.098947,00-0039042,2023,MIA,OL,T,76.0,2000-02-28,MIA,238.0,24.0
Blake Brandel,2023,1,0.94,0.94,0.0,0.004,1.067954,1.067954,0.0,00-0036347,2023,MIN,OL,G,64.0,1997-01-23,MIN,203.0,27.0
Jaryd Jones-Smith,2023,1,0.94,0.94,0.0,0.004,1.067954,1.067954,0.0,00-0034628,2023,WAS,OL,T,60.0,1995-09-03,,,28.0
Justin Skule,2023,1,0.94,0.94,0.0,0.004,1.067954,1.067954,0.0,00-0034989,2023,TB,OL,T,77.0,1996-11-23,SF,183.0,27.0
Kellen Diesch,2023,1,0.75,0.75,0.0,0.003,0.852091,0.852091,0.0,00-0037349,2023,PIT,OL,T,72.0,1997-08-23,,,26.0
Obinna Eze,2023,1,0.75,0.75,0.0,0.003,0.852091,0.852091,0.0,00-0037440,2023,NYJ,OL,T,65.0,1998-06-12,,,25.0
Dylan Cook,2023,2,1.665,0.8325,0.0,0.004,1.891641,0.945821,0.0,00-0037480,2023,PIT,OL,T,60.0,1998-01-11,,,26.0
Sebastian Gutierrez,2023,1,0.87,0.87,0.0,0.004,0.988425,0.988425,0.0,00-0037381,2023,SF,OL,T,60.0,1998-07-06,,,25.0
Alex Akingbulu,2023,2,1.665,0.8325,0.0,0.004,1.891641,0.945821,0.0,00-0038073,2023,WAS,OL,T,62.0,1997-12-28,,,26.0
Liam Ryan,2023,1,0.75,0.75,0.0,0.003,0.852091,0.852091,0.0,00-0037658,2023,SEA,OL,T,66.0,,,,
Darrin Paulo,2023,1,0.75,0.75,0.0,0.003,0.852091,0.852091,0.0,00-0036024,2023,DET,OL,T,69.0,,,,
Isaac Alarcon,2023,2,1.665,0.8325,0.0,0.004,1.891641,0.945821,0.0,00-0036448,2023,SF,OL,T,60.0,1998-07-27,,,25.0
Earl Bostick Jr.,2023,3,2.715,0.905,0.22,0.004,3.084569,1.02819,0.249947,00-0038732,2023,DAL,OL,T,64.0,1998-12-31,,,25.0
Alex Palczewski,2023,3,2.715,0.905,0.08,0.004,3.084569,1.02819,0.09089,00-0038796,2023,DEN,OL,T,63.0,1999-08-03,,,24.0
Ilm Manning,2023,3,2.71,0.903333,0.105,0.004,3.078888,1.026296,0.119293,00-0038880,2023,CAR,OL,G,73.0,1999-07-23,,,24.0
Joey Fisher,2023,3,2.71,0.903333,0.13,0.004,3.078888,1.026296,0.147696,00-0038876,2023,CLE,OL,G,79.0,1997-11-11,,,26.0
Connor Galvin,2023,3,2.71,0.903333,0.19,0.004,3.078888,1.026296,0.215863,00-0038654,2023,DET,OL,T,76.0,1999-03-11,,,25.0
Luke Haggard,2023,3,2.705,0.901667,0.12,0.004,3.073207,1.024403,0.136335,00-0038818,2023,TB,OL,T,72.0,2000-01-03,,,24.0
Robert Haskins,2023,3,2.705,0.901667,0.01,0.004,3.073207,1.024403,0.011361,00-0038424,2023,CHI,OL,T,73.0,,,,
Kadeem Telfort,2023,3,2.704,0.901333,0.009,0.004,3.072071,1.024023,0.010225,00-0038471,2023,GB,OL,T,77.0,1998-11-10,,,25.0
Tykeem Doss,2023,3,2.7025,0.900833,0.0175,0.004,3.070367,1.023455,0.019882,00-0038459,2023,BAL,OL,G,63.0,1999-09-25,,,24.0
Ricky Lee,2023,3,2.7,0.9,0.005,0.004,3.067527,1.022509,0.005681,00-0038776,2023,CAR,OL,T,61.0,1999-11-16,,,24.0
James Tunstall,2023,3,2.697,0.899,0.002,0.004,3.064118,1.021373,0.002272,00-0038697,2023,MIA,OL,T,79.0,1999-10-29,,,24.0
Barry Wesley,2023,3,2.695,0.898333,0.0,0.004,3.061846,1.020615,0.0,00-0038304,2023,ATL,OL,T,69.0,1999-07-14,,,24.0
J.D. DiRenzo,2023,3,2.695,0.898333,0.0,0.004,3.061846,1.020615,0.0,00-0038537,2023,CAR,OL,G,65.0,1998-07-27,,,25.0
Raiqwon O'Neal,2023,3,2.695,0.898333,0.0,0.004,3.061846,1.020615,0.0,00-0038826,2023,SEA,OL,T,79.0,2000-01-12,,,24.0
Carter O'Donnell,2023,1,0.75,0.75,0.0,0.003,0.852091,0.852091,0.0,00-0035853,2023,ARI,OL,T,61.0,1998-12-23,,,25.0
Brandon Walton,2022,2,1.575,0.7875,0.0,0.004,1.932061,0.96603,0.0,00-0036123,2023,TB,OL,G,73.0,1998-03-18,,,26.0
Julian Good-Jones,2023,2,1.665,0.8325,0.0,0.004,1.891641,0.945821,0.0,00-0035997,2023,WAS,OL,T,61.0,1997-03-02,,,27.0
Ryan Van Demark,2023,2,1.674,0.837,0.009,0.004,1.901867,0.950933,0.010225,00-0037404,2023,BUF,OL,T,74.0,1998-03-22,,,26.0
Leroy Watson,2023,2,1.665,0.8325,0.0,0.004,1.891641,0.945821,0.0,00-0037591,2023,CLE,OL,T,69.0,1998-06-10,,,25.0
Ray Wilborn,2023,1,0.75,0.75,0.0,0.003,0.852091,0.852091,0.0,00-0035790,2023,NYG,LB,ILB,48.0,1997-04-01,,,27.0
Olisaemeka Udoh,2023,1,2.5825,2.5825,2.5825,0.011,2.934032,2.934032,2.934032,00-0034994,2023,MIN,OL,G,74.0,1997-02-14,MIN,193.0,27.0
Isaiah Prince,2023,1,1.01,1.01,0.0,0.004,1.147482,1.147482,0.0,00-0035295,2023,ATL,OL,T,75.0,1997-07-29,MIA,202.0,26.0
Ryan Bates,2022,4,17.0,4.25,8.85,0.02,20.853987,5.213497,10.85634,00-0035382,2023,BUF,OL,C,71.0,1997-02-14,,,27.0
Jonah Williams,2022,2,1.765,0.8825,0.0,0.004,2.165134,1.082567,0.0,00-0035944,2023,LA,DL,DE,92.0,1995-08-17,,,28.0
Quenton Nelson,2022,4,80.0,20.0,60.0,0.096,98.136407,24.534102,73.602305,00-0034342,2023,IND,OL,G,56.0,1996-03-19,IND,6.0,28.0
Joel Bitonio,2021,3,48.0,16.0,33.102942,0.088,67.173699,22.391233,46.32598,00-0031426,2023,CLE,OL,G,75.0,1991-10-11,CLE,35.0,32.0
Joe Thuney,2021,5,80.0,16.0,46.89,0.088,111.956164,22.391233,65.620307,00-0032391,2023,KC,OL,G,62.0,1992-11-18,NE,78.0,31.0
Elgton Jenkins,2022,4,68.0,17.0,24.0,0.082,83.415946,20.853987,29.440922,00-0035526,2023,GB,OL,G,74.0,1995-12-26,GB,44.0,28.0
Laken Tomlinson,2022,3,40.0,13.333333,27.0,0.064,49.068204,16.356067,33.121037,00-0032234,2023,NYJ,OL,G,78.0,1992-02-09,DET,28.0,32.0
Rodger Saffold,2023,1,0.3708,0.3708,0.0,0.002,0.421274,0.421274,0.0,00-0027648,2023,CLE,OL,G,76.0,1988-06-06,STL,33.0,35.0
Ben Powers,2023,4,52.0,13.0,28.5,0.058,59.078292,14.769573,32.379448,00-0034978,2023,DEN,OL,G,74.0,1996-10-29,BAL,123.0,27.0
Cody Whitehair,2019,5,51.25,10.25,27.526078,0.054,69.549681,13.909936,37.354731,00-0032768,2023,CHI,OL,G,65.0,1992-07-11,CHI,56.0,31.0
Justin Pugh,2023,1,1.43,1.43,0.26,0.006,1.624653,1.624653,0.295391,00-0030585,2023,NYG,OL,G,67.0,1990-08-15,NYG,19.0,33.0
Matt Feiler,2023,1,2.5,2.5,1.29,0.011,2.840302,2.840302,1.465596,00-0031142,2023,TB,OL,G,71.0,1992-07-07,,,31.0
Isaac Seumalo,2023,3,24.0,8.0,6.95,0.036,27.266904,9.088968,7.896041,00-0032954,2023,PIT,OL,G,73.0,1993-10-29,PHI,79.0,30.0
Connor McGovern,2023,3,22.35,7.45,11.0,0.033,25.392304,8.464101,12.497331,00-0035679,2023,BUF,OL,G,66.0,1997-11-03,DAL,90.0,26.0
Jon Feliciano,2023,1,2.25,2.25,2.25,0.01,2.556272,2.556272,2.556272,00-0032151,2023,SF,OL,C,55.0,1992-02-10,OAK,128.0,32.0
Peter Skoronski,2023,4,19.67332,4.91833,19.67332,0.022,22.351272,5.587818,22.351272,00-0039034,2023,TEN,OL,T,77.0,2001-07-31,TEN,11.0,22.0
Dan Feeney,2023,1,3.25,3.25,3.125,0.014,3.692393,3.692393,3.550378,00-0033910,2023,CHI,OL,C,67.0,1994-05-29,LAC,71.0,29.0
Kenyon Green,2022,4,15.953406,3.988352,15.953406,0.019,19.570124,4.892532,19.570124,00-0037613,2023,HOU,OL,G,59.0,2001-03-15,HOU,15.0,23.0
Phil Haynes,2023,1,4.0,4.0,3.49,0.018,4.544484,4.544484,3.965062,00-0035141,2023,SEA,OL,G,60.0,1995-10-19,SEA,124.0,28.0
Zion Johnson,2022,4,14.74668,3.68667,14.74668,0.018,18.089827,4.522457,18.089827,00-0037818,2023,LAC,OL,G,77.0,1999-11-18,LAC,17.0,24.0
Tyler Smith,2022,4,13.389116,3.347279,13.389116,0.016,16.424497,4.106124,16.424497,00-0037243,2023,DAL,OL,T,73.0,2001-04-03,DAL,24.0,23.0
Cole Strange,2022,4,12.255972,3.063993,12.255972,0.015,15.034463,3.758616,15.034463,00-0038103,2023,NE,OL,G,69.0,1998-07-31,NE,29.0,25.0
Dalton Risner,2023,1,2.78125,2.78125,2.25,0.012,3.159837,3.159837,2.556272,00-0035702,2023,MIN,OL,G,66.0,1995-07-13,DEN,41.0,28.0
Landon Dickerson,2021,4,8.65667,2.164168,5.958386,0.012,12.114595,3.028649,8.338476,00-0037002,2023,PHI,OL,G,69.0,1998-09-30,PHI,37.0,25.0
Andrew Wylie,2023,3,24.0,8.0,12.0,0.036,27.266904,9.088968,13.633452,00-0033831,2023,WAS,OL,T,71.0,1994-08-19,,,29.0
Chris Reed,2023,1,1.5,1.5,0.0,0.007,1.704181,1.704181,0.0,00-0031734,2023,MIN,OL,G,62.0,1992-07-22,,,31.0
Steve Avila,2023,4,9.252708,2.313177,7.442147,0.01,10.512196,2.628049,8.455179,00-0039058,2023,LA,OL,G,73.0,1999-10-16,LA,36.0,24.0
Matthew Bergeron,2023,4,8.978482,2.244621,7.014143,0.01,10.200642,2.550161,7.968915,00-0039048,2023,ATL,OL,G,65.0,2000-02-26,ATL,38.0,24.0
Aaron Banks,2021,4,7.073608,1.768402,4.145968,0.01,9.899175,2.474794,5.802083,00-0036551,2023,SF,OL,G,65.0,1997-09-03,SF,48.0,26.0
Alex Bars,2023,1,1.5,1.5,0.6175,0.007,1.704181,1.704181,0.701555,00-0035061,2023,LV,OL,G,64.0,1995-09-08,,,28.0
David Edwards,2023,1,1.77,1.77,1.72,0.008,2.010934,2.010934,1.954128,00-0035668,2023,BUF,OL,G,76.0,1997-03-20,LA,169.0,27.0
Justin McCray,2023,1,1.77,1.77,0.69,0.008,2.010934,2.010934,0.783923,00-0030792,2023,CAR,OL,C,67.0,1992-05-31,,,31.0
Connor Williams,2022,2,14.035,7.0175,8.535,0.034,17.216806,8.608403,10.469928,00-0034352,2023,MIA,OL,C,58.0,1997-05-12,DAL,50.0,26.0
Luke Goedeke,2022,4,6.178986,1.544747,3.364671,0.007,7.579794,1.894949,4.127459,00-0037835,2023,TB,OL,G,67.0,1998-11-21,TB,57.0,25.0
Jalen Mayfield,2023,1,0.87,0.87,0.0,0.004,0.988425,0.988425,0.0,00-0036947,2023,NYG,OL,G,62.0,2000-05-23,ATL,68.0,23.0
Brady Christensen,2021,4,5.163282,1.290821,1.115112,0.007,7.225766,1.806442,1.560546,00-0036968,2023,CAR,OL,T,70.0,1996-09-27,CAR,70.0,27.0
Ezra Cleveland,2020,4,5.537216,1.384304,3.058756,0.007,7.135242,1.783811,3.941505,00-0036327,2023,JAX,OL,G,76.0,1998-05-08,MIN,58.0,25.0
Aaron Stinnie,2023,1,1.4,1.4,0.15,0.006,1.590569,1.590569,0.170418,00-0034668,2023,TB,OL,G,64.0,1994-02-18,,,30.0
Wyatt Davis,2023,1,0.94,0.94,0.0,0.004,1.067954,1.067954,0.0,00-0037006,2023,NYG,OL,G,67.0,1999-02-17,MIN,86.0,25.0
Joshua Ezeudu,2022,4,5.485524,1.371381,1.169472,0.007,6.72912,1.68228,1.434597,00-0037807,2023,NYG,OL,G,75.0,1999-09-19,NYG,67.0,24.0
Trystan Colon,2023,1,1.41,1.41,0.25,0.006,1.601931,1.601931,0.28403,00-0035992,2023,ARI,OL,C,63.0,1998-03-23,,,26.0
Iosua Opeta,2023,1,1.4,1.4,0.175,0.006,1.590569,1.590569,0.198821,00-0035384,2023,PHI,OL,G,78.0,1996-08-15,,,27.0
Damien Lewis,2020,4,4.902146,1.225537,1.125196,0.006,6.316892,1.579224,1.449925,00-0036417,2023,SEA,OL,G,68.0,1997-03-21,SEA,69.0,27.0
Max Garcia,2023,1,1.165,1.165,0.0,0.005,1.323581,1.323581,0.0,00-0032132,2023,NO,OL,G,73.0,1991-11-09,DEN,133.0,32.0
Dylan Parham,2022,4,5.13143,1.282858,0.911948,0.006,6.294751,1.573688,1.118691,00-0037255,2023,LV,OL,G,66.0,1999-08-24,LV,90.0,24.0
Jonah Jackson,2020,4,4.748806,1.187202,1.048564,0.006,6.119299,1.529825,1.351177,00-0036258,2023,DET,OL,G,73.0,1997-02-05,DET,75.0,27.0
Drew Forbes,2023,1,1.325,1.325,0.2,0.006,1.50536,1.50536,0.227224,00-0034991,2023,CLE,OL,G,70.0,1997-01-18,CLE,189.0,27.0
Michael Schofield,2023,1,0.2898,0.2898,0.0,0.001,0.329248,0.329248,0.0,00-0031353,2023,DET,OL,G,71.0,1990-11-15,DEN,95.0,33.0
Adam Pankey,2023,1,1.08,1.08,0.0,0.005,1.227011,1.227011,0.0,00-0033359,2023,DAL,OL,G,68.0,1994-02-02,,,30.0
Kyle Fuller,2023,1,1.105,1.105,0.0,0.005,1.255414,1.255414,0.0,00-0033592,2023,BAL,OL,G,51.0,1994-03-04,HOU,243.0,30.0
James Ferentz,2023,1,1.215,1.215,0.2,0.005,1.380387,1.380387,0.227224,00-0031039,2023,NE,OL,C,65.0,1989-06-05,,,34.0
Royce Newman,2021,4,3.979344,0.994836,0.499344,0.005,5.568901,1.392225,0.698808,00-0036631,2023,GB,OL,G,70.0,1997-08-17,GB,142.0,26.0
Matt Skura,2023,1,0.2898,0.2898,0.0,0.001,0.329248,0.329248,0.0,00-0032575,2023,MIA,OL,C,64.0,1993-02-17,,,31.0
Tyre Phillips,2023,1,1.01,1.01,0.0,0.004,1.147482,1.147482,0.0,00-0036214,2023,NYG,OL,T,79.0,1997-01-29,BAL,106.0,27.0
Cordell Volson,2022,4,4.31688,1.07922,0.65688,0.005,5.295539,1.323885,0.805798,00-0038095,2023,CIN,OL,G,67.0,1998-07-20,CIN,136.0,25.0
Saahdiq Charles,2020,4,4.094368,1.023592,0.799368,0.005,5.275992,1.318998,1.030064,00-0036334,2023,WAS,OL,G,77.0,1999-07-26,WAS,108.0,24.0
John Simpson,2023,1,1.01,1.01,0.0,0.004,1.147482,1.147482,0.0,00-0036369,2023,BAL,OL,G,76.0,1997-08-19,LV,109.0,26.0
Ben Bartch,2023,1,0.94,0.94,0.0,0.004,1.067954,1.067954,0.0,00-0036272,2023,SF,OL,G,78.0,1998-07-22,JAX,116.0,25.0
Pat Elflein,2023,1,1.15,1.15,0.025,0.005,1.306539,1.306539,0.028403,00-0033909,2023,ARI,OL,C,50.0,1994-07-06,MIN,70.0,29.0
Logan Stenberg,2023,1,0.2898,0.2898,0.0,0.001,0.329248,0.329248,0.0,00-0036234,2023,TB,OL,G,74.0,1997-03-18,DET,121.0,27.0
Jon Gaines,2023,4,4.57224,1.14306,0.73224,0.005,5.194618,1.298654,0.831913,00-0038571,2023,ARI,OL,G,59.0,1999-05-24,ARI,122.0,24.0
Sean Harlow,2023,1,1.08,1.08,0.0,0.005,1.227011,1.227011,0.0,00-0033511,2023,NYG,OL,C,65.0,1995-03-28,ATL,136.0,29.0
Deonte Brown,2023,1,0.87,0.87,0.0,0.004,0.988425,0.988425,0.0,00-0036566,2023,CAR,OL,G,77.0,1998-01-15,CAR,193.0,26.0
William Sherman,2023,1,0.216,0.216,0.0,0.001,0.245402,0.245402,0.0,00-0036535,2023,DEN,OL,G,78.0,1999-05-27,NE,197.0,24.0
Cole Van Lanen,2023,1,0.94,0.94,0.0,0.004,1.067954,1.067954,0.0,00-0036655,2023,JAX,OL,G,70.0,1998-04-23,GB,214.0,26.0
Michael Jordan,2023,1,1.08,1.08,0.0,0.005,1.227011,1.227011,0.0,00-0035266,2023,GB,OL,G,73.0,1998-01-25,CIN,136.0,26.0
Chandler Brewer,2023,1,1.1125,1.1125,0.15,0.005,1.263935,1.263935,0.170418,00-0035623,2023,JAX,OL,T,67.0,1997-06-21,,,26.0
Matt Farniok,2023,1,0.216,0.216,0.0,0.001,0.245402,0.245402,0.0,00-0036663,2023,DET,OL,G,66.0,1997-09-26,DAL,238.0,26.0
Cody Ford,2023,1,1.08,1.08,0.0,0.005,1.227011,1.227011,0.0,00-0035238,2023,CIN,OL,G,61.0,1996-12-28,BUF,38.0,27.0
Michael Deiter,2023,1,1.08,1.08,0.0,0.005,1.227011,1.227011,0.0,00-0035686,2023,HOU,OL,C,63.0,1996-09-03,MIA,78.0,27.0
Wes Martin,2023,1,1.08,1.08,0.0,0.005,1.227011,1.227011,0.0,00-0035263,2023,CLE,OL,G,67.0,1996-05-09,WAS,131.0,27.0
Ben Bredeson,2020,4,3.7894,0.94735,0.4944,0.005,4.883011,1.220753,0.637083,00-0036132,2023,NYG,OL,G,68.0,1998-02-20,BAL,143.0,26.0
Lester Cotton,2023,2,2.135,1.0675,0.0,0.005,2.425618,1.212809,0.0,00-0035117,2023,MIA,OL,G,66.0,1996-02-20,,,28.0
Luke Wattenberg,2022,4,3.947716,0.986929,0.287716,0.005,4.842683,1.210671,0.352943,00-0037278,2023,DEN,OL,C,60.0,1997-09-10,DEN,171.0,26.0
Aviante Collins,2023,1,1.01,1.01,0.0,0.004,1.147482,1.147482,0.0,00-0033326,2023,CHI,OL,T,74.0,1993-04-21,,,31.0
Austin Schlottmann,2023,1,1.13,1.13,0.0,0.005,1.283817,1.283817,0.0,00-0034112,2023,MIN,OL,C,65.0,1995-09-18,,,28.0
Coleman Shelton,2023,2,4.75,2.375,3.75,0.011,5.396575,2.698287,4.260454,00-0034114,2023,LA,OL,C,65.0,1995-07-28,,,28.0
Atonio Mafi,2023,4,4.17554,1.043885,0.33554,0.005,4.743919,1.18598,0.381214,00-0038586,2023,NE,OL,G,68.0,2000-10-20,NE,144.0,23.0
Nick Zakelj,2022,4,3.85036,0.96259,0.19036,0.005,4.723256,1.180814,0.233516,00-0037831,2023,SF,OL,G,63.0,1999-06-22,SF,187.0,24.0
Jordan McFadden,2023,4,4.15214,1.038035,0.31214,0.005,4.717333,1.179333,0.354629,00-0038595,2023,LAC,OL,G,71.0,1999-11-16,LAC,156.0,24.0
Justin Shaffer,2023,1,0.75,0.75,0.0,0.003,0.852091,0.852091,0.0,00-0037290,2023,ATL,OL,G,54.0,1998-06-20,ATL,190.0,25.0
Cade Mays,2022,4,3.833068,0.958267,0.173068,0.005,4.702044,1.175511,0.212303,00-0037297,2023,CAR,OL,G,68.0,1999-04-26,CAR,199.0,24.0
Shane Lemieux,2020,4,3.64214,0.910535,0.34714,0.005,4.693252,1.173313,0.447324,00-0036397,2023,NYG,OL,G,66.0,1997-05-12,NYG,150.0,26.0
Asim Richards,2023,4,4.08498,1.021245,0.24498,0.005,4.641032,1.160258,0.278327,00-0038601,2023,DAL,OL,G,76.0,2000-10-02,DAL,169.0,23.0
Ja'Tyre Carter,2022,4,3.769312,0.942328,0.109312,0.005,4.623834,1.155959,0.134094,00-0037089,2023,CHI,OL,G,69.0,1999-01-15,CHI,226.0,25.0
Chris Paul,2022,4,3.764448,0.941112,0.104448,0.005,4.617868,1.154467,0.128127,00-0037092,2023,WAS,OL,G,75.0,1998-11-19,WAS,230.0,25.0
Michael Dunn,2023,1,1.01,1.01,0.0,0.004,1.147482,1.147482,0.0,00-0033995,2023,CLE,OL,G,68.0,1994-08-28,,,29.0
Marquis Hayes,2023,1,0.216,0.216,0.0,0.001,0.245402,0.245402,0.0,00-0037748,2023,ARI,OL,G,78.0,1999-02-14,ARI,257.0,25.0
Sala Aumavae-Laulu,2023,4,4.013192,1.003298,0.173192,0.004,4.559472,1.139868,0.196767,00-0038382,2023,BAL,OL,G,71.0,1999-05-25,BAL,199.0,24.0
Tommy Kraemer,2023,1,0.87,0.87,0.0,0.004,0.988425,0.988425,0.0,00-0036749,2023,NO,OL,G,62.0,1998-04-16,,,26.0
Nolan Laufenberg,2023,1,0.75,0.75,0.0,0.003,0.852091,0.852091,0.0,00-0036722,2023,WAS,OL,G,74.0,1999-03-25,,,25.0
Ryan Neuzil,2022,1,0.705,0.705,0.0,0.003,0.864827,0.864827,0.0,00-0036833,2023,ATL,OL,C,64.0,1997-07-31,,,26.0
Greg Eiland,2023,1,0.75,0.75,0.0,0.003,0.852091,0.852091,0.0,00-0036796,2023,SEA,OL,G,75.0,1998-02-01,,,26.0
Jovaughn Gwyn,2023,4,3.945828,0.986457,0.105828,0.004,4.482938,1.120735,0.120233,00-0038629,2023,ATL,OL,G,56.0,1999-03-18,ATL,225.0,25.0
Andrew Vorhees,2023,4,3.942112,0.985528,0.102112,0.004,4.478716,1.119679,0.116012,00-0038383,2023,BAL,OL,G,72.0,1999-01-21,BAL,229.0,25.0
Nick Broeker,2023,4,3.9421,0.985525,0.1021,0.004,4.478703,1.119676,0.115998,00-0038633,2023,HOU,OL,G,64.0,2000-10-07,BUF,230.0,23.0
Arlington Hambright,2023,1,0.87,0.87,0.0,0.004,0.988425,0.988425,0.0,00-0036317,2023,IND,OL,G,64.0,1996-01-30,CHI,226.0,28.0
Zack Bailey,2023,1,0.87,0.87,0.0,0.004,0.988425,0.988425,0.0,00-0035468,2023,LAC,OL,G,78.0,1995-11-08,,,28.0
Nick Leverett,2023,1,0.94,0.94,0.0,0.004,1.067954,1.067954,0.0,00-0036105,2023,TB,OL,G,60.0,1997-01-11,,,27.0
John Leglue,2023,2,1.855,0.9275,0.0,0.004,2.107504,1.053752,0.0,00-0034937,2023,ATL,OL,T,66.0,1996-04-17,,,28.0
Tyrese Robinson,2023,2,1.665,0.8325,0.0,0.004,1.891641,0.945821,0.0,00-0037167,2023,MIN,OL,G,79.0,1999-08-21,,,24.0
Josh Sills,2022,3,2.57,0.856667,0.135,0.004,3.152632,1.050878,0.165605,00-0037138,2023,IND,OL,G,65.0,1998-01-26,,,26.0
Jason Poe,2023,1,0.75,0.75,0.0,0.003,0.852091,0.852091,0.0,00-0037529,2023,NYJ,OL,G,51.0,1998-07-27,,,25.0
Wesley French,2022,3,2.57,0.856667,0.01,0.004,3.152632,1.050878,0.012267,00-0037396,2023,IND,OL,C,62.0,1996-11-30,,,27.0
Xavier Newman-Johnson,2023,1,0.276999,0.276999,0.0,0.001,0.314704,0.314704,0.0,00-0037601,2023,NYJ,OL,G,65.0,1999-08-04,,,24.0
Michael Niese,2023,2,1.665,0.8325,0.0,0.004,1.891641,0.945821,0.0,00-0037385,2023,DET,OL,T,62.0,1998-01-13,,,26.0
Mike Caliendo,2023,1,0.75,0.75,0.0,0.003,0.852091,0.852091,0.0,00-0037207,2023,KC,OL,G,66.0,1997-10-21,,,26.0
John Molchon,2023,1,0.2898,0.2898,0.0,0.001,0.329248,0.329248,0.0,00-0036048,2023,TB,OL,G,75.0,1997-02-02,,,27.0
McClendon Curtis,2023,3,2.72,0.906667,0.21,0.004,3.090249,1.030083,0.238585,00-0038914,2023,SEA,OL,G,66.0,1999-09-16,,,24.0
Mark Evans II,2023,3,2.72,0.906667,0.241,0.004,3.090249,1.030083,0.273805,00-0038903,2023,NO,OL,T,68.0,1999-10-11,,,24.0
Jerome Carvin,2023,3,2.7075,0.9025,0.1125,0.004,3.076048,1.025349,0.127814,00-0038509,2023,CHI,OL,G,67.0,2000-09-20,,,23.0
Grant Miller,2023,3,2.696,0.898667,0.001,0.004,3.062982,1.020994,0.001136,00-0038947,2023,LA,OL,G,63.0,1998-09-22,,,25.0
Kayode Awosika,2023,1,0.87,0.87,0.0,0.004,0.988425,0.988425,0.0,00-0036736,2023,DET,OL,T,74.0,1998-10-27,,,25.0
Bill Murray,2023,1,0.87,0.87,0.0,0.004,0.988425,0.988425,0.0,00-0036093,2023,CHI,OL,G,60.0,1997-07-03,,,26.0
Dieter Eiselen,2023,1,0.87,0.87,0.0,0.004,0.988425,0.988425,0.0,00-0036202,2023,HOU,OL,C,60.0,1996-06-10,,,27.0
Aaron Brewer,2023,1,4.304,4.304,0.0,0.019,4.889865,4.889865,0.0,00-0036171,2023,TEN,OL,G,55.0,1997-10-28,,,26.0
Zack Johnson,2023,2,1.655,0.8325,0.0,0.004,1.88028,0.945821,0.0,00-0036015,2023,TEN,OL,G,68.0,,,,
Nick Allegretti,2023,1,2.5825,2.5825,2.5825,0.011,2.934032,2.934032,2.934032,00-0035149,2023,KC,OL,G,73.0,1996-04-21,KC,216.0,28.0
Jordan Meredith,2023,1,0.75,0.75,0.0,0.003,0.852091,0.852091,0.0,00-0036604,2023,LV,OL,G,61.0,1998-01-04,,,26.0
Frank Ragnow,2021,4,54.0,13.5,42.0,0.074,75.570411,18.892603,58.776986,00-0034345,2023,DET,OL,C,77.0,1996-05-17,DET,20.0,27.0
Corey Linsley,2021,5,62.5,12.5,26.0,0.068,87.465753,17.493151,36.385753,00-0031019,2023,LAC,OL,C,63.0,1991-07-27,GB,161.0,32.0
Jason Kelce,2023,1,14.25,14.25,14.25,0.063,16.189724,16.189724,16.189724,00-0028129,2023,PHI,OL,C,62.0,1987-11-05,PHI,191.0,36.0
Ryan Kelly,2020,4,49.65,12.4125,34.0,0.063,63.97886,15.994715,43.812311,00-0032383,2023,IND,OL,C,78.0,1993-05-30,IND,18.0,30.0
Ryan Jensen,2022,3,39.0,13.0,26.5,0.062,47.841499,15.947166,32.507685,00-0029895,2023,TB,OL,C,66.0,1991-05-27,BAL,203.0,32.0
Mitch Morse,2022,2,19.5,9.75,12.0,0.047,23.920749,11.960375,14.720461,00-0031936,2023,BUF,OL,C,60.0,1992-04-21,KC,49.0,32.0
Erik McCoy,2022,5,60.0,12.0,33.0,0.058,73.602305,14.720461,40.481268,00-0035242,2023,NO,OL,C,78.0,1997-08-27,NO,48.0,26.0
Connor McGovern,2023,1,1.915,1.915,1.25,0.009,2.175672,2.175672,1.420151,00-0033011,2023,NYJ,OL,C,60.0,1993-04-27,DEN,144.0,30.0
Brian Allen,2023,2,10.0,5.0,3.0,0.022,11.36121,5.680605,3.408363,00-0034804,2023,LA,OL,C,55.0,1995-10-11,LA,111.0,28.0
Ted Karras,2022,3,18.0,6.0,5.0,0.029,22.080692,7.360231,6.133525,00-0032445,2023,CIN,OL,C,64.0,1993-03-15,NE,221.0,31.0
Bradley Bozeman,2023,3,18.0,6.0,10.0,0.027,20.450178,6.816726,11.36121,00-0034281,2023,CAR,OL,C,56.0,1994-11-24,BAL,215.0,29.0
Ethan Pocic,2023,3,18.0,6.0,10.0,0.027,20.450178,6.816726,11.36121,00-0033901,2023,CLE,OL,C,55.0,1995-08-05,SEA,58.0,28.0
David Andrews,2021,4,19.0,4.75,6.5,0.026,26.589589,6.647397,9.096438,00-0031852,2023,NE,OL,C,60.0,1992-07-10,,,31.0
Mason Cole,2022,3,15.75,5.25,4.565,0.025,19.320605,6.440202,5.599909,00-0034785,2023,PIT,OL,C,61.0,1996-03-28,ARI,97.0,28.0
Nick Gates,2023,3,16.5,5.5,8.0,0.024,18.745996,6.248665,9.088968,00-0034445,2023,WAS,OL,C,63.0,1995-11-27,,,28.0
Andre James,2021,2,8.65,4.325,5.9,0.024,12.10526,6.05263,8.256767,00-0035127,2023,LV,OL,C,68.0,1997-05-02,,,26.0
Garrett Bradbury,2023,3,15.75,5.25,9.8,0.023,17.893906,5.964635,11.133986,00-0035588,2023,MIN,OL,C,56.0,1995-06-20,MIN,18.0,28.0
Lucas Patrick,2022,2,8.0,4.0,4.0,0.019,9.813641,4.90682,4.90682,00-0033082,2023,CHI,OL,C,62.0,1993-07-30,,,30.0
Jake Brendel,2023,4,16.5,4.125,8.0,0.018,18.745996,4.686499,9.088968,00-0032701,2023,SF,OL,C,64.0,1992-09-10,,,31.0
Billy Price,2023,1,1.08,1.08,0.0,0.005,1.227011,1.227011,0.0,00-0034762,2023,DAL,OL,C,53.0,1994-10-11,CIN,21.0,29.0
Tyler Linderbaum,2022,4,13.238294,3.309574,13.238294,0.016,16.239483,4.059871,16.239483,00-0037825,2023,BAL,OL,C,64.0,2000-04-07,BAL,25.0,24.0
Tyler Shatley,2022,2,4.8,2.4,2.35,0.012,5.888184,2.944092,2.882757,00-0030827,2023,JAX,OL,G,69.0,1991-05-05,,,32.0
Wes Schweitzer,2023,2,5.0,2.5,3.165,0.011,5.680605,2.840302,3.595823,00-0032432,2023,NYJ,OL,G,71.0,1993-09-11,ATL,195.0,30.0
Liam Eichenberg,2021,4,8.014482,2.003621,4.873007,0.011,11.215883,2.803972,6.81954,00-0037010,2023,MIA,OL,G,74.0,1998-01-19,MIA,42.0,26.0
Austin Corbett,2022,3,26.25,8.75,19.6,0.042,32.201009,10.73367,24.04342,00-0034261,2023,CAR,OL,G,63.0,1995-09-05,CLE,33.0,28.0
Hjalte Froholdt,2023,2,4.6,2.3,2.11,0.01,5.226157,2.613078,2.397215,00-0035258,2023,ARI,OL,C,72.0,1996-08-20,NE,118.0,27.0
Evan Brown,2023,1,2.25,2.25,1.0,0.01,2.556272,2.556272,1.136121,00-0034495,2023,SEA,OL,C,63.0,1996-09-16,,,27.0
Joe Tippmann,2023,4,8.359604,2.089901,6.167665,0.009,9.497522,2.37438,7.007214,00-0039145,2023,NYJ,OL,C,66.0,2001-03-24,NYJ,43.0,23.0
Cameron Jurgens,2022,4,6.903024,1.725756,3.924154,0.008,8.467975,2.116994,4.81378,00-0038112,2023,PHI,OL,G,51.0,1999-08-21,PHI,51.0,24.0
Josh Myers,2021,4,5.580142,1.395036,2.991927,0.008,7.809141,1.952286,4.187058,00-0036622,2023,GB,OL,C,71.0,1998-07-16,GB,62.0,25.0
Creed Humphrey,2021,4,5.565208,1.391302,2.980388,0.008,7.788242,1.94706,4.17091,00-0036623,2023,KC,OL,C,52.0,1999-06-28,KC,63.0,24.0
John Michael Schmitz,2023,4,6.373334,1.593334,3.424849,0.007,7.240879,1.81022,3.891043,00-0039019,2023,NYG,OL,C,61.0,1999-04-19,NYG,57.0,25.0
Juice Scruggs,2023,4,6.099108,1.524777,3.212948,0.007,6.929325,1.732331,3.650298,00-0038936,2023,HOU,OL,C,70.0,2000-01-19,HOU,62.0,24.0
Kendrick Green,2021,4,4.875764,1.218941,0.906008,0.007,6.823398,1.705849,1.267915,00-0036983,2023,HOU,OL,C,50.0,1998-12-22,PIT,87.0,25.0
Luke Fortner,2022,4,5.500062,1.375016,1.180044,0.007,6.746954,1.686739,1.447566,00-0037814,2023,JAX,OL,C,79.0,1998-05-15,JAX,65.0,25.0
Jonotthan Harrison,2023,1,1.165,1.165,0.0,0.005,1.323581,1.323581,0.0,00-0030649,2023,MIA,OL,C,60.0,1991-08-25,,,32.0
Greg Mancz,2023,1,1.1695,1.1695,0.0045,0.005,1.328694,1.328694,0.005113,00-0031923,2023,BUF,OL,C,62.0,1992-04-23,,,32.0
Matt Hennessy,2020,4,4.686377,1.171594,1.00958,0.006,6.038853,1.509713,1.300942,00-0036295,2023,ATL,OL,C,61.0,1997-11-17,ATL,78.0,26.0
Ricky Stromberg,2023,4,5.304082,1.326021,0.857512,0.006,6.026079,1.50652,0.974237,00-0039008,2023,WAS,OL,C,53.0,2000-11-10,WAS,97.0,23.0
Tyler Larsen,2023,1,1.3175,1.3175,0.1525,0.006,1.496839,1.496839,0.173258,00-0030869,2023,WAS,OL,C,69.0,1991-07-08,,,32.0
Drew Dalman,2021,4,4.256724,1.064181,0.776724,0.006,5.957081,1.48927,1.086988,00-0036957,2023,ATL,OL,C,67.0,1998-10-15,ATL,114.0,25.0
Lloyd Cushenberry,2020,4,4.57684,1.14421,0.946176,0.006,5.897704,1.474426,1.21924,00-0036391,2023,DEN,OL,C,79.0,1997-11-22,DEN,83.0,26.0
Will Clapp,2023,1,1.2325,1.2325,0.1,0.005,1.400269,1.400269,0.113612,00-0034436,2023,LAC,OL,C,76.0,1995-12-10,NO,245.0,28.0
Austin Reiter,2023,1,1.08,1.08,0.0,0.005,1.227011,1.227011,0.0,00-0031958,2023,KC,OL,C,61.0,1991-11-27,WAS,222.0,32.0
Joey Hunt,2023,1,1.08,1.08,0.0,0.005,1.227011,1.227011,0.0,00-0032443,2023,SEA,OL,C,62.0,1994-02-22,SEA,215.0,30.0
Cameron Tom,2023,1,1.055,1.055,0.02,0.005,1.198608,1.198608,0.022722,00-0033505,2023,LAC,OL,C,66.0,1995-06-21,,,28.0
Corey Levin,2023,1,1.08,1.08,0.0,0.005,1.227011,1.227011,0.0,00-0033793,2023,TEN,OL,C,62.0,1994-08-12,TEN,217.0,29.0
Brenden Jaimes,2021,4,3.797796,0.949449,0.317796,0.005,5.314833,1.328708,0.44474,00-0036636,2023,LAC,OL,G,64.0,1999-05-28,LAC,159.0,24.0
Jake Andrews,2023,4,4.648344,1.162086,0.808344,0.005,5.281081,1.32027,0.918377,00-0039030,2023,NE,OL,C,67.0,1999-11-11,NE,107.0,24.0
Trey Hill,2021,4,3.672356,0.918089,0.192356,0.005,5.139286,1.284822,0.269193,00-0036856,2023,CIN,OL,C,63.0,2000-01-23,CIN,190.0,24.0
Hroniss Grasu,2023,1,1.095,1.095,0.015,0.005,1.244052,1.244052,0.017042,00-0031561,2023,LV,OL,C,65.0,1991-08-12,CHI,71.0,32.0
Jimmy Morrissey,2023,1,0.256222,0.256222,0.0,0.001,0.291099,0.291099,0.0,00-0036859,2023,HOU,OL,C,79.0,1998-06-09,LV,230.0,25.0
Michal Menet,2023,1,0.75,0.75,0.0,0.003,0.852091,0.852091,0.0,00-0036890,2023,ATL,OL,C,72.0,,ARI,247.0,
Tyler Biadasz,2020,4,3.7894,0.94735,0.4944,0.005,4.883011,1.220753,0.637083,00-0036376,2023,DAL,OL,C,63.0,1997-11-20,DAL,146.0,26.0
Olusegun Oluwatimi,2023,4,4.15646,1.039115,0.31646,0.005,4.722241,1.18056,0.359537,00-0038593,2023,SEA,OL,C,51.0,1999-08-05,SEA,154.0,24.0
J.C. Hassenauer,2023,1,1.035,1.035,0.2,0.005,1.175885,1.175885,0.227224,00-0034142,2023,NYG,OL,C,63.0,1995-09-15,,,28.0
Doug Kramer,2023,1,0.216,0.216,0.0,0.001,0.245402,0.245402,0.0,00-0037088,2023,CHI,OL,C,68.0,1998-06-04,CHI,207.0,25.0
Keith Ismael,2023,1,0.94,0.94,0.0,0.004,1.067954,1.067954,0.0,00-0036342,2023,ARI,OL,G,60.0,1998-07-25,WAS,156.0,25.0
Nick Harris,2020,4,3.609648,0.902412,0.314648,0.005,4.651383,1.162846,0.405455,00-0036236,2023,CLE,OL,C,53.0,1998-11-13,CLE,160.0,25.0
Sam Mustipher,2023,1,1.01,1.01,0.0,0.004,1.147482,1.147482,0.0,00-0035062,2023,BAL,OL,C,61.0,1996-08-13,,,27.0
Ryan McCollum,2023,1,0.87,0.87,0.0,0.004,0.988425,0.988425,0.0,00-0036783,2023,PIT,OL,C,62.0,1998-03-04,,,26.0
Jarrett Patterson,2023,4,4.009976,1.002494,0.169976,0.004,4.555818,1.138954,0.193113,00-0038615,2023,HOU,OL,G,68.0,1999-09-01,HOU,201.0,24.0
Jimmy Murray,2023,1,1.995,0.9975,0.0,0.004,2.266561,1.133281,0.0,00-0034295,2023,JAX,OL,C,64.0,1995-05-05,,,28.0
Alex Forsyth,2023,4,3.917784,0.979446,0.077784,0.004,4.451077,1.112769,0.088372,00-0038649,2023,DEN,OL,C,76.0,1999-02-13,DEN,257.0,25.0
Jake Hanson,2023,1,0.94,0.94,0.0,0.004,1.067954,1.067954,0.0,00-0036273,2023,NYJ,OL,C,62.0,1997-04-29,GB,208.0,26.0
Kody Russey,2023,1,0.216,0.216,0.0,0.001,0.245402,0.245402,0.0,00-0037204,2023,NE,OL,C,66.0,1998-05-14,,,25.0
Ben Brown,2023,1,0.75,0.75,0.0,0.003,0.852091,0.852091,0.0,00-0037413,2023,ARI,OL,G,76.0,1998-05-19,,,25.0
Brock Hoffman,2023,2,1.855,0.9275,0.0,0.004,2.107504,1.053752,0.0,00-0037336,2023,DAL,OL,C,67.0,1999-07-02,,,24.0
Alec Lindstrom,2023,2,1.665,0.8325,0.0,0.004,1.891641,0.945821,0.0,00-0037572,2023,DAL,OL,C,65.0,,,,
James Empey,2023,2,1.665,0.8325,0.0,0.004,1.891641,0.945821,0.0,00-0037565,2023,TEN,OL,C,62.0,1996-10-27,,,27.0
Jack Snyder,2023,1,0.75,0.75,0.0,0.003,0.852091,0.852091,0.0,00-0037636,2023,MIN,OL,G,68.0,,,,
Cole Schneider,2023,1,0.75,0.75,0.0,0.003,0.852091,0.852091,0.0,00-0037126,2023,GB,OL,G,61.0,,,,
Isaac Weaver,2022,3,2.565,0.855,0.01,0.004,3.146499,1.048833,0.012267,00-0037478,2023,LAC,OL,C,60.0,,,,
Josh Sokol,2023,1,0.75,0.75,0.0,0.003,0.852091,0.852091,0.0,00-0037497,2023,MIN,OL,C,60.0,,,,
Sam Tecklenburg,2022,2,1.695,0.8475,0.0,0.004,2.079265,1.039633,0.0,00-0035958,2023,CAR,OL,C,68.0,1997-01-31,,,27.0
Cohl Cabral,2023,1,0.75,0.75,0.0,0.003,0.852091,0.852091,0.0,00-0035930,2023,ARI,OL,C,79.0,1998-02-11,,,26.0
Alan Ali,2023,3,2.715,0.905,0.12,0.004,3.084569,1.02819,0.136335,00-0038798,2023,MIN,OL,C,66.0,,,,
Johari Branch,2023,3,2.71,0.903333,0.015,0.004,3.078888,1.026296,0.017042,00-0038858,2023,LAC,OL,C,61.0,,,,
Alex Pihlstrom,2023,3,2.705,0.901667,0.06,0.004,3.073207,1.024403,0.068167,00-0038909,2023,NO,OL,T,65.0,,,,
Alama Uluave,2023,3,2.705,0.901667,0.065,0.004,3.073207,1.024403,0.073848,00-0038699,2023,MIA,OL,C,62.0,1999-06-23,,,24.0
Sean Maginn,2023,3,2.701,0.900333,0.006,0.004,3.068663,1.022887,0.006817,00-0038384,2023,LA,OL,G,66.0,,,,
Brent Laing,2023,3,2.7,0.9,0.045,0.004,3.067527,1.022509,0.051125,00-0038500,2023,LAC,OL,G,65.0,1999-06-03,,,24.0
Chris Murray,2023,3,2.7,0.9,0.025,0.004,3.067527,1.022509,0.028403,00-0038825,2023,TB,OL,C,56.0,,,,
Jake Guidone,2023,3,2.699,0.899667,0.004,0.004,3.066391,1.022131,0.004544,00-0038460,2023,BAL,OL,G,67.0,,,,
Brad Cecil,2023,3,2.6975,0.899167,0.0025,0.004,3.064686,1.021563,0.00284,00-0038650,2023,DET,OL,C,64.0,,,,
Mike McAllister,2023,3,2.696,0.898667,0.001,0.004,3.062982,1.020994,0.001136,00-0038358,2023,LA,OL,C,68.0,1999-06-12,,,24.0
Anderson Hardy,2023,3,2.695,0.898333,0.0,0.004,3.061846,1.020615,0.0,00-0038511,2023,KC,OL,T,68.0,,,,
Josh Lugg,2023,3,2.695,0.898333,0.0,0.004,3.061846,1.020615,0.0,00-0038525,2023,CHI,OL,T,63.0,,,,
Darryl Williams,2023,1,0.75,0.75,0.0,0.003,0.852091,0.852091,0.0,00-0035892,2023,JAX,OL,C,60.0,1997-06-10,,,26.0
Lecitus Smith,2023,1,0.216,0.216,0.0,0.001,0.245402,0.245402,0.0,00-0037308,2023,PHI,OL,C,54.0,1998-07-13,ARI,215.0,25.0
Brady Breeze,2023,1,0.216,0.216,0.0,0.001,0.245402,0.245402,0.0,00-0036656,2023,HOU,DB,FS,27.0,1997-10-09,TEN,215.0,26.0
Brandon Scherff,2022,3,49.5,16.5,30.0,0.079,60.721902,20.240634,36.801153,00-0032053,2023,JAX,OL,G,68.0,1991-12-26,WAS,5.0,32.0
Chris Lindstrom,2023,5,102.5,20.5,62.702,0.091,116.452402,23.29048,71.237059,00-0035630,2023,ATL,OL,G,63.0,1997-02-08,ATL,14.0,27.0
Zack Martin,2023,2,36.85,18.425,36.85,0.082,41.866059,20.933029,41.866059,00-0031402,2023,DAL,OL,G,70.0,1990-11-20,DAL,16.0,33.0
Wyatt Teller,2021,4,56.8,14.2,29.0915,0.078,79.488877,19.872219,40.712159,00-0034399,2023,CLE,OL,G,77.0,1994-11-21,BUF,166.0,29.0
Kevin Zeitler,2021,3,22.5,7.5,16.0,0.041,31.487671,10.49589,22.391233,00-0029592,2023,BAL,OL,G,70.0,1990-03-08,CIN,27.0,34.0
Gabe Jackson,2023,1,1.165,1.165,0.0,0.005,1.323581,1.323581,0.0,00-0031367,2023,CAR,OL,G,69.0,1991-07-12,OAK,81.0,32.0
Graham Glasgow,2023,1,2.75,2.75,2.5,0.012,3.124333,3.124333,2.840302,00-0032395,2023,DET,OL,G,60.0,1992-08-19,DET,95.0,31.0
Shaquille Mason,2023,3,35.0,11.666667,22.0,0.052,39.764235,13.254745,24.994662,00-0031580,2023,HOU,OL,G,69.0,1993-08-28,NE,131.0,30.0
Cesar Ruiz,2023,4,44.0,11.0,30.0,0.049,49.989324,12.497331,34.08363,00-0036408,2023,NO,OL,G,51.0,1999-06-14,NO,24.0,24.0
Halapoulivaati Vaitai,2023,1,3.5,3.5,3.0,0.016,3.976423,3.976423,3.408363,00-0032785,2023,DET,OL,G,72.0,1993-06-16,PHI,164.0,30.0
Nate Davis,2023,4,30.0,10.0,19.25,0.044,34.08363,11.36121,21.870329,00-0035649,2023,CHI,OL,G,64.0,1996-09-23,TEN,82.0,27.0
James Daniels,2022,3,26.5,8.833333,8.75,0.042,32.507685,10.835895,10.73367,00-0034347,2023,PIT,OL,G,78.0,1997-09-13,CHI,39.0,26.0
Alex Cappa,2022,4,35.0,8.75,11.0,0.042,42.934678,10.73367,13.493756,00-0034678,2023,CIN,OL,G,65.0,1995-01-27,TB,94.0,29.0
Mark Glowinski,2022,3,18.3,6.1,11.4,0.029,22.448703,7.482901,13.984438,00-0031581,2023,NYG,OL,G,64.0,1992-05-03,SEA,134.0,31.0
Will Hernandez,2023,2,9.0,4.5,4.5,0.02,10.225089,5.112544,5.112544,00-0034346,2023,ARI,OL,G,76.0,1995-09-02,NYG,34.0,28.0
Alex Leatherwood,2023,1,0.216,0.216,0.0,0.001,0.245402,0.245402,0.0,00-0036892,2023,CLE,OL,T,74.0,1999-01-05,LV,17.0,25.0
Nate Herbig,2023,2,8.0,4.0,2.92,0.018,9.088968,4.544484,3.317473,00-0035383,2023,PIT,OL,G,71.0,1998-07-10,,,25.0
Greg Van Roten,2023,1,1.6,1.6,0.9075,0.007,1.817794,1.817794,1.03103,00-0029685,2023,LV,OL,G,70.0,1990-02-26,,,34.0
Trai Turner,2023,1,1.3175,1.3175,0.1525,0.006,1.496839,1.496839,0.173258,00-0031362,2023,NO,OL,G,59.0,1993-06-14,CAR,92.0,30.0
Daniel Brunskill,2023,2,5.5,2.75,1.5,0.012,6.248665,3.124333,1.704181,00-0033221,2023,TEN,OL,C,60.0,1994-01-27,,,30.0
Ike Boettger,2023,1,1.2325,1.2325,0.05,0.005,1.400269,1.400269,0.056806,00-0034505,2023,IND,OL,G,68.0,1994-10-05,,,29.0
Teven Jenkins,2021,4,8.387848,2.096962,5.261518,0.011,11.738391,2.934598,7.363242,00-0036953,2023,CHI,OL,T,76.0,1998-03-03,CHI,39.0,26.0
Robert Hunt,2020,4,8.065742,2.016436,5.012617,0.01,10.393494,2.598374,6.459245,00-0036325,2023,MIA,OL,G,68.0,1996-08-25,MIA,39.0,27.0
Kevin Dotson,2023,1,2.25,2.25,2.25,0.01,2.556272,2.556272,2.556272,00-0036339,2023,LA,OL,G,69.0,1996-09-18,PIT,135.0,27.0
Samuel Cosmi,2021,4,6.625568,1.656392,3.799758,0.009,9.272165,2.318041,5.317579,00-0036618,2023,WAS,OL,G,76.0,1999-02-16,WAS,51.0,25.0
David Quessenberry,2023,1,1.6,1.6,0.9,0.007,1.817794,1.817794,1.022509,00-0030097,2023,MIN,OL,G,76.0,1990-08-24,HOU,176.0,33.0
Conor McDermott,2023,2,3.6,1.8,0.7,0.008,4.090036,2.045018,0.795285,00-0033300,2023,NE,OL,T,75.0,1992-10-19,NE,211.0,31.0
Ed Ingram,2022,4,5.997974,1.499494,3.224799,0.007,7.357745,1.839437,3.955877,00-0038131,2023,MIN,OL,G,67.0,1999-02-11,MIN,59.0,25.0
O'Cyrus Torrence,2023,4,6.22098,1.555245,3.30712,0.007,7.067786,1.766946,3.757288,00-0038548,2023,BUF,OL,G,64.0,2000-01-20,BUF,59.0,24.0
Max Scharping,2023,1,1.28,1.28,0.175,0.006,1.454235,1.454235,0.198821,00-0035245,2023,CIN,OL,G,74.0,1996-08-10,HOU,55.0,27.0
Ben Cleveland,2021,4,4.787185,1.196796,0.86584,0.007,6.699436,1.674859,1.211702,00-0036977,2023,BAL,OL,G,66.0,1998-08-25,BAL,94.0,25.0
Quinn Meinerz,2021,4,4.716455,1.179114,0.840616,0.006,6.600453,1.650114,1.176402,00-0037001,2023,DEN,OL,G,77.0,1998-11-15,DEN,98.0,25.0
Jermaine Eluemunor,2023,1,3.0,3.0,2.438,0.013,3.408363,3.408363,2.769863,00-0033290,2023,LV,OL,T,72.0,1994-12-13,BAL,159.0,29.0
D.J. Fluker,2023,1,0.2898,0.2898,0.0,0.001,0.329248,0.329248,0.0,00-0030505,2023,LV,OL,G,67.0,1991-03-13,SD,11.0,33.0
Netane Muti,2023,1,1.25,1.25,0.0625,0.006,1.420151,1.420151,0.071008,00-0036399,2023,LV,OL,G,54.0,1999-03-27,DEN,181.0,25.0
Rashaad Coward,2023,1,1.08,1.08,0.0,0.005,1.227011,1.227011,0.0,00-0033631,2023,HOU,OL,T,74.0,1994-11-06,,,29.0
Fred Johnson,2023,2,2.405,1.2025,0.2,0.005,2.732371,1.366185,0.227224,00-0034951,2023,PHI,OL,T,74.0,1997-06-05,,,26.0
Spencer Burford,2022,4,4.332056,1.083014,0.672056,0.005,5.314155,1.328539,0.824415,00-0037829,2023,SF,OL,G,74.0,2000-07-19,SF,134.0,23.0
Anthony Bradford,2023,4,4.643988,1.160997,0.803988,0.005,5.276132,1.319033,0.913428,00-0039020,2023,SEA,OL,G,75.0,2001-04-28,SEA,108.0,22.0
Chandler Zavala,2023,4,4.611736,1.152934,0.771736,0.005,5.23949,1.309873,0.876785,00-0038536,2023,CAR,OL,G,62.0,1999-04-02,CAR,114.0,25.0
Sidy Sow,2023,4,4.604116,1.151029,0.764116,0.005,5.230833,1.307708,0.868128,00-0038569,2023,NE,OL,T,62.0,1998-06-10,NE,117.0,25.0
Jordan Roos,2023,1,0.2898,0.2898,0.0,0.001,0.329248,0.329248,0.0,00-0033740,2023,TEN,OL,G,70.0,1993-07-06,,,30.0
Trey Smith,2021,4,3.610704,0.902676,0.130704,0.005,5.053007,1.263252,0.182914,00-0036660,2023,KC,OL,G,65.0,1999-06-16,KC,226.0,24.0
Jack Anderson,2023,1,0.94,0.94,0.0,0.004,1.067954,1.067954,0.0,00-0036577,2023,IND,OL,G,67.0,1998-10-11,BUF,236.0,25.0
Will Fries,2021,4,3.565376,0.891344,0.085376,0.005,4.989573,1.247393,0.11948,00-0036483,2023,IND,OL,G,75.0,1998-04-04,IND,248.0,26.0
Colby Gossett,2023,1,1.08,1.08,0.0,0.005,1.227011,1.227011,0.0,00-0034165,2023,NO,OL,G,72.0,1995-06-23,MIN,213.0,28.0
Bobby Evans,2023,1,1.08,1.08,0.0,0.005,1.227011,1.227011,0.0,00-0035666,2023,JAX,OL,G,61.0,1997-03-24,LA,97.0,27.0
Marcus McKethan,2022,4,3.936508,0.984127,0.276508,0.005,4.828934,1.207234,0.339194,00-0037279,2023,NYG,OL,T,60.0,2000-05-19,NYG,173.0,23.0
Colby Sorsdal,2023,4,4.160084,1.040021,0.320084,0.005,4.726359,1.18159,0.363654,00-0038592,2023,DET,OL,G,75.0,2000-03-01,DET,152.0,24.0
Zachary Thomas,2023,1,0.216,0.216,0.0,0.001,0.245402,0.245402,0.0,00-0037618,2023,LA,OL,T,57.0,1998-05-26,CHI,186.0,25.0
Jamaree Salyer,2022,4,3.835932,0.958983,0.175932,0.005,4.705557,1.176389,0.215817,00-0037295,2023,LAC,OL,G,68.0,2000-07-13,LAC,195.0,23.0
Danny Pinter,2020,4,3.643696,0.910924,0.348696,0.005,4.695257,1.173814,0.449329,00-0036215,2023,IND,OL,C,63.0,1996-06-19,IND,149.0,27.0
Chasen Hines,2023,1,0.252333,0.252333,0.0,0.001,0.286681,0.286681,0.0,00-0037619,2023,MIA,OL,G,63.0,2000-04-03,NE,210.0,24.0
Dakoda Shepley,2023,1,0.216,0.216,0.0,0.001,0.245402,0.245402,0.0,00-0034229,2023,DAL,OL,C,65.0,1994-12-27,,,29.0
Robert Jones,2021,3,2.455,0.818333,0.13,0.004,3.435655,1.145218,0.181929,00-0036596,2023,MIA,OL,G,65.0,1999-01-28,,,25.0
Luke Wypler,2023,4,4.019972,1.004993,0.179972,0.004,4.567175,1.141794,0.20447,00-0038609,2023,CLE,OL,C,56.0,2001-05-03,CLE,190.0,22.0
Lachavious Simmons,2023,2,1.995,0.9975,0.0,0.004,2.266561,1.133281,0.0,00-0036318,2023,TEN,OL,G,73.0,1996-09-26,CHI,227.0,27.0
"Jon Runyan, Jr.",2020,4,3.46968,0.86742,0.17468,0.004,4.471021,1.117755,0.225092,00-0036246,2023,GB,OL,G,76.0,1997-08-08,GB,192.0,26.0
Spencer Anderson,2023,4,3.917784,0.979446,0.077784,0.004,4.451077,1.112769,0.088372,00-0038645,2023,PIT,OL,T,74.0,2000-06-07,PIT,251.0,23.0
Kyle Hinton,2023,2,1.955,0.9775,0.1,0.004,2.221117,1.110558,0.113612,00-0036354,2023,ATL,OL,G,68.0,1998-02-27,MIN,253.0,26.0
Keaton Sutherland,2023,1,0.94,0.94,0.0,0.004,1.067954,1.067954,0.0,00-0035400,2023,JAX,OL,G,78.0,1997-02-12,,,27.0
Calvin Throckmorton,2023,1,0.94,0.94,0.0,0.004,1.067954,1.067954,0.0,00-0035764,2023,TEN,OL,G,72.0,1996-08-16,,,27.0
Quinn Bailey,2023,1,0.94,0.94,0.0,0.004,1.067954,1.067954,0.0,00-0034929,2023,DEN,OL,G,75.0,1995-10-18,,,28.0
Hayden Howerton,2023,1,0.75,0.75,0.0,0.003,0.852091,0.852091,0.0,00-0037598,2023,ARI,OL,G,75.0,1999-02-11,,,25.0
Kevin Jarvis,2023,1,0.75,0.75,0.0,0.003,0.852091,0.852091,0.0,00-0037441,2023,BUF,OL,G,63.0,1998-12-22,,,25.0
William Dunkle,2023,1,0.75,0.75,0.0,0.003,0.852091,0.852091,0.0,00-0037133,2023,PIT,OL,G,68.0,,,,
Eric Wilson,2023,1,1.2325,1.2325,0.1525,0.005,1.400269,1.400269,0.173258,00-0033336,2023,GB,LB,ILB,45.0,1994-09-26,,,29.0
Vitaliy Gurman,2023,1,0.75,0.75,0.0,0.003,0.852091,0.852091,0.0,00-0037625,2023,NYJ,OL,T,73.0,1998-08-04,,,25.0
Chris Glaser,2023,3,2.695,0.898333,0.0,0.004,3.061846,1.020615,0.0,00-0037225,2023,NYJ,OL,G,63.0,1999-10-01,,,24.0
Nathan Gilliam,2023,1,0.75,0.75,0.0,0.003,0.852091,0.852091,0.0,00-0035904,2023,CIN,OL,G,66.0,1997-07-06,,,26.0
Silas Dzansi,2023,3,2.73,0.91,0.135,0.004,3.10161,1.03387,0.153376,00-0038924,2023,TB,OL,T,61.0,1998-06-13,,,25.0
Mason Brooks,2023,3,2.73,0.91,0.185,0.004,3.10161,1.03387,0.210182,00-0038832,2023,WAS,OL,G,64.0,1999-10-11,,,24.0
Jaxson Kirkland,2023,3,2.725,0.908333,0.03,0.004,3.09593,1.031976,0.034084,00-0038892,2023,CIN,OL,T,60.0,1998-07-30,,,25.0
Nash Jensen,2023,3,2.72,0.906667,0.175,0.004,3.090249,1.030083,0.198821,00-0038775,2023,CAR,OL,G,66.0,1999-05-07,,,24.0
Tashawn Manning,2023,3,2.715,0.905,0.04,0.004,3.084569,1.02819,0.045445,00-0038452,2023,BAL,OL,G,62.0,1998-05-23,,,25.0
Henry Byrd,2023,3,2.71,0.903333,0.115,0.004,3.078888,1.026296,0.130654,00-0038785,2023,MIN,OL,T,68.0,1999-07-01,,,24.0
T.J. Bass,2023,3,2.705,0.901667,0.15,0.004,3.073207,1.024403,0.170418,00-0038731,2023,DAL,OL,G,66.0,1999-03-31,,,25.0
Tyler Beach,2023,3,2.705,0.901667,0.085,0.004,3.073207,1.024403,0.09657,00-0038721,2023,HOU,OL,T,65.0,,,,
Emil Ekiyor,2023,3,2.7,0.9,0.005,0.004,3.067527,1.022509,0.005681,00-0038432,2023,IND,OL,G,66.0,,,,
Kendall Randolph,2023,3,2.7,0.9,0.005,0.004,3.067527,1.022509,0.005681,00-0038767,2023,SEA,OL,T,65.0,,,,
Chuck Filiaga,2023,3,2.6995,0.899833,0.0045,0.004,3.066959,1.022319,0.005113,00-0038464,2023,NO,OL,G,61.0,,,,
Micah Vanterpool,2023,3,2.695,0.898333,0.0,0.004,3.061846,1.020615,0.0,00-0039189,2023,NE,OL,T,72.0,,,,
Blake Hance,2023,1,0.95,0.95,0.01,0.004,1.079315,1.079315,0.011361,00-0035355,2023,JAX,OL,G,73.0,1996-01-11,,,28.0
Alec Anderson,2023,2,1.6735,0.83675,0.0085,0.004,1.901298,0.950649,0.009657,00-0037428,2023,BUF,OL,T,70.0,1999-10-03,,,24.0
Aaron Monteiro,2023,1,0.75,0.75,0.0,0.003,0.852091,0.852091,0.0,00-0035344,2023,WAS,OL,T,67.0,1997-03-25,,,27.0
Zach Allen,2023,1,0.102,0.102,0.0,0.0,0.115884,0.115884,0.0,00-0035248,2023,DEN,DL,DE,99.0,1997-08-20,ARI,65.0,26.0
Ryan Ramczyk,2021,5,96.0,19.2,60.214824,0.105,134.347397,26.869479,84.267759,00-0033888,2023,NO,OL,T,71.0,1994-04-22,NO,32.0,30.0
Brian O'Neill,2021,5,92.5,18.5,49.076118,0.101,129.449315,25.889863,68.679674,00-0034158,2023,MIN,OL,T,75.0,1995-09-15,MIN,62.0,28.0
Braden Smith,2021,4,70.0,17.5,42.0,0.096,97.961644,24.490411,58.776986,00-0034836,2023,IND,OL,T,72.0,1996-03-25,IND,37.0,28.0
Lane Johnson,2023,4,80.0,20.0,30.0,0.089,90.88968,22.72242,34.08363,00-0030561,2023,PHI,OL,T,65.0,1990-05-08,PHI,4.0,33.0
Taylor Moton,2021,5,85.0,17.0,43.0,0.093,118.953425,23.790685,60.176438,00-0033284,2023,CAR,OL,T,72.0,1994-08-14,CAR,64.0,29.0
Jawaan Taylor,2023,4,80.0,20.0,60.0,0.089,90.88968,22.72242,68.16726,00-0035237,2023,KC,OL,T,74.0,1997-11-25,JAX,35.0,26.0
Tytus Howard,2023,3,56.0,18.666667,36.002,0.083,63.622776,21.207592,40.902628,00-0035234,2023,HOU,OL,T,71.0,1996-05-23,HOU,23.0,27.0
Mike McGlinchey,2023,5,87.5,17.5,52.5,0.078,99.410587,19.882117,59.646352,00-0034847,2023,DEN,OL,T,69.0,1995-01-12,SF,9.0,29.0
Jack Conklin,2022,4,60.0,15.0,30.0,0.072,73.602305,18.400576,36.801153,00-0033057,2023,CLE,OL,T,78.0,1994-08-17,TEN,8.0,29.0
Rob Havenstein,2022,3,34.5,11.5,24.676471,0.055,42.321326,14.107109,30.270753,00-0032242,2023,LA,OL,T,79.0,1992-05-13,STL,57.0,31.0
Austin Jackson,2023,3,36.0,12.0,20.686124,0.053,40.900356,13.633452,23.50194,00-0036248,2023,MIA,OL,T,73.0,1999-08-11,MIA,18.0,24.0
La'el Collins,2023,1,0.3708,0.3708,0.0,0.002,0.421274,0.421274,0.0,00-0031534,2023,DAL,OL,T,71.0,1993-07-26,,,30.0
Kaleb McGary,2023,3,34.5,11.5,15.0,0.051,39.196174,13.065391,17.041815,00-0035235,2023,ATL,OL,T,76.0,1995-02-22,ATL,31.0,29.0
Morgan Moses,2022,3,15.0,5.0,5.5,0.024,18.400576,6.133525,6.746878,00-0031330,2023,BAL,OL,T,78.0,1991-03-03,WAS,66.0,33.0
Chukwuma Okorafor,2022,3,29.25,9.75,9.25,0.047,35.881124,11.960375,11.347022,00-0034768,2023,PIT,OL,T,76.0,1997-08-08,PIT,92.0,26.0
Billy Turner,2023,1,1.65,1.65,1.0,0.007,1.8746,1.8746,1.136121,00-0031433,2023,NYJ,OL,T,54.0,1991-10-17,MIA,67.0,32.0
Penei Sewell,2021,4,24.099068,6.024767,24.099068,0.033,33.72549,8.431373,33.72549,00-0036880,2023,DET,OL,T,58.0,2000-10-09,DET,7.0,23.0
Trey Pipkins,2023,3,21.75,7.25,15.0,0.032,24.710632,8.236877,17.041815,00-0035688,2023,LAC,OL,T,79.0,1996-09-05,LAC,91.0,27.0
Paris Johnson Jr.,2023,4,28.05246,7.013115,28.05246,0.031,31.870989,7.967747,31.870989,00-0038540,2023,ARI,OL,T,70.0,2001-07-03,ARI,6.0,22.0
Evan Neal,2022,4,24.551256,6.137814,24.551256,0.029,30.117151,7.529288,30.117151,00-0037612,2023,NYG,OL,T,73.0,2000-09-19,NYG,7.0,23.0
Dennis Kelly,2023,1,1.265,1.265,0.025,0.006,1.437193,1.437193,0.028403,00-0029419,2023,NYJ,OL,T,68.0,1990-01-16,PHI,153.0,34.0
Cameron Erving,2023,1,1.3175,1.3175,0.1525,0.006,1.496839,1.496839,0.173258,00-0032145,2023,NO,OL,T,77.0,1992-08-23,CLE,19.0,31.0
Jesse Davis,2023,1,0.3708,0.3708,0.0,0.002,0.421274,0.421274,0.0,00-0031893,2023,SF,OL,T,66.0,1991-09-15,,,32.0
Jonah Williams,2019,4,17.630166,4.407542,17.630166,0.023,23.925316,5.98133,23.925316,00-0035629,2023,CIN,OL,T,73.0,1997-11-17,CIN,11.0,26.0
Darnell Wright,2023,4,20.96827,5.242068,20.96827,0.023,23.822492,5.955624,23.822492,00-0038932,2023,CHI,OL,T,58.0,2001-08-10,CHI,10.0,22.0
Germain Ifedi,2023,1,1.3175,1.3175,0.1525,0.006,1.496839,1.496839,0.173258,00-0032384,2023,BUF,OL,G,68.0,1994-06-02,SEA,31.0,29.0
Mekhi Becton,2020,4,18.446046,4.611512,18.446046,0.023,23.769526,5.942382,23.769526,00-0036284,2023,NYJ,OL,T,77.0,1999-04-18,NYJ,11.0,25.0
Brandon Shell,2023,1,1.315,1.315,0.15,0.006,1.493999,1.493999,0.170418,00-0032420,2023,BUF,OL,T,68.0,1992-02-06,NYJ,158.0,32.0
Alijah Vera-Tucker,2021,4,15.885034,3.971259,15.885034,0.022,22.230343,5.557587,22.230343,00-0036979,2023,NYJ,OL,G,75.0,1999-06-17,NYJ,14.0,24.0
Tristan Wirfs,2020,4,16.228028,4.057007,16.228028,0.02,20.911394,5.227849,20.911394,00-0036406,2023,TB,OL,T,78.0,1999-01-24,TB,13.0,25.0
Brandon Parker,2023,1,1.5,1.5,0.475,0.007,1.704181,1.704181,0.539657,00-0034763,2023,LV,OL,T,75.0,1995-10-21,OAK,65.0,28.0
Isaiah Wynn,2023,1,2.3,2.3,1.96,0.01,2.613078,2.613078,2.226797,00-0034833,2023,MIA,OL,G,77.0,1995-12-09,NE,23.0,28.0
Anton Harrison,2023,4,13.198522,3.299631,13.198522,0.015,14.995118,3.74878,14.995118,00-0038934,2023,JAX,OL,T,77.0,2002-02-02,JAX,27.0,22.0
Kelvin Beachum,2023,2,5.15,2.575,3.26,0.011,5.851023,2.925512,3.703754,00-0029316,2023,ARI,OL,T,68.0,1989-06-08,PIT,248.0,34.0
Trenton Scott,2023,2,3.02,1.51,0.655,0.007,3.431085,1.715543,0.744159,00-0034571,2023,WAS,OL,T,73.0,1994-01-25,,,30.0
Dillon Radunz,2021,4,6.326874,1.581719,3.568949,0.009,8.854157,2.21354,4.994573,00-0036619,2023,TEN,OL,T,75.0,1998-03-28,TEN,53.0,26.0
Cody Mauch,2023,4,7.48547,1.871368,4.61324,0.008,8.5044,2.1261,5.241199,00-0039157,2023,TB,OL,G,69.0,1999-01-15,TB,48.0,25.0
Prince Tega Wanogho,2023,1,1.865,1.865,0.75,0.008,2.118866,2.118866,0.852091,00-0036230,2023,KC,OL,T,76.0,1997-11-22,PHI,210.0,26.0
Spencer Brown,2021,4,4.808121,1.20203,0.876144,0.007,6.728735,1.682183,1.226122,00-0036976,2023,BUF,OL,T,79.0,1998-02-28,BUF,93.0,26.0
Nicholas Petit-Frere,2022,4,5.45574,1.363935,1.147812,0.007,6.692584,1.673146,1.408027,00-0037754,2023,TEN,OL,T,78.0,1999-09-15,TEN,69.0,24.0
Robert Hainsey,2021,4,4.767925,1.191981,0.855544,0.007,6.672482,1.66812,1.197293,00-0036985,2023,TB,OL,C,70.0,1998-08-12,TB,95.0,25.0
Abraham Lucas,2022,4,5.391672,1.347918,1.101216,0.006,6.613991,1.653498,1.350867,00-0037812,2023,SEA,OL,T,72.0,1998-10-15,SEA,72.0,25.0
Tyler Steen,2023,4,5.75044,1.43761,1.182136,0.006,6.533196,1.633299,1.34305,00-0039001,2023,PHI,OL,G,56.0,2000-06-24,PHI,65.0,23.0
Le'Raven Clark,2023,1,1.215,1.215,0.05,0.005,1.380387,1.380387,0.056806,00-0033065,2023,PHI,OL,T,73.0,1993-04-22,IND,82.0,31.0
James Hudson,2021,4,4.272416,1.068104,0.792416,0.006,5.979041,1.49476,1.108948,00-0036866,2023,CLE,OL,T,66.0,1999-05-13,CLE,110.0,24.0
Lucas Niang,2020,4,4.378414,1.094604,0.847072,0.006,5.642013,1.410504,1.091535,00-0036367,2023,KC,OL,T,77.0,1998-08-19,KC,96.0,25.0
Matt Peart,2020,4,4.32956,1.08239,0.832292,0.005,5.57906,1.394765,1.072489,00-0036392,2023,NYG,OL,T,74.0,1997-06-11,NYG,99.0,26.0
D'Ante Smith,2021,4,3.979344,0.994836,0.499344,0.005,5.568901,1.392225,0.698808,00-0036852,2023,CIN,OL,T,70.0,1998-06-08,CIN,139.0,25.0
Daniel Faalele,2022,4,4.46034,1.115085,0.80034,0.005,5.471522,1.36788,0.981781,00-0038118,2023,BAL,OL,T,77.0,1999-11-09,BAL,110.0,24.0
Max Mitchell,2022,4,4.456028,1.114007,0.796028,0.005,5.466232,1.366558,0.976492,00-0038114,2023,NYJ,OL,T,61.0,1999-10-12,NYJ,111.0,24.0
Larry Borom,2021,4,3.813076,0.953269,0.333076,0.005,5.336217,1.334054,0.466124,00-0036905,2023,CHI,OL,T,75.0,1999-03-30,CHI,151.0,25.0
Joshua Miles,2023,1,1.1625,1.1625,0.3525,0.005,1.320741,1.320741,0.400483,00-0035317,2023,NYG,OL,T,77.0,1996-01-04,ARI,248.0,28.0
Dawand Jones,2023,4,4.632336,1.158084,0.792336,0.005,5.262894,1.315724,0.90019,00-0039014,2023,CLE,OL,T,79.0,2001-08-06,CLE,111.0,22.0
Charlie Heck,2020,4,4.005704,1.001426,0.710704,0.005,5.16174,1.290435,0.915811,00-0036195,2023,HOU,OL,T,67.0,1996-11-20,HOU,126.0,27.0
Zach Tom,2022,4,4.164336,1.041084,0.504336,0.005,5.108412,1.277103,0.618672,00-0037817,2023,GB,OL,T,50.0,1999-03-26,GB,140.0,25.0
Landon Young,2021,4,3.64978,0.912445,0.16978,0.005,5.107692,1.276923,0.237599,00-0036930,2023,NO,OL,T,67.0,1997-08-21,NO,206.0,26.0
Darian Kinnard,2023,1,0.216,0.216,0.0,0.001,0.245402,0.245402,0.0,00-0037194,2023,KC,OL,T,75.0,1999-12-29,KC,145.0,24.0
Matt Waletzko,2022,4,3.983492,0.995873,0.323492,0.005,4.88657,1.221642,0.396829,00-0037266,2023,DAL,OL,T,79.0,1999-12-15,DAL,155.0,24.0
Jack Driscoll,2020,4,3.7894,0.94735,0.4944,0.005,4.883011,1.220753,0.637083,00-0036396,2023,PHI,OL,T,63.0,1997-04-01,PHI,145.0,27.0
Austin Deculus,2023,1,0.87,0.87,0.0,0.004,0.988425,0.988425,0.0,00-0037302,2023,NYJ,OL,T,64.0,1999-03-12,HOU,205.0,25.0
Garrett McGhin,2023,1,0.87,0.87,0.0,0.004,0.988425,0.988425,0.0,00-0035558,2023,BUF,OL,T,68.0,1994-10-13,,,29.0
Thayer Munford,2022,4,3.75706,0.939265,0.09706,0.005,4.608805,1.152201,0.119064,00-0037322,2023,LV,OL,T,77.0,1999-09-18,LV,238.0,24.0
Andrew Stueber,2023,1,0.275334,0.275334,0.0,0.001,0.312813,0.312813,0.0,00-0037620,2023,NE,OL,T,64.0,1999-07-01,NE,245.0,24.0
Storm Norton,2023,1,1.01,1.01,0.0,0.004,1.147482,1.147482,0.0,00-0033752,2023,ATL,OL,T,77.0,1994-05-16,,,29.0
A.J. Arcuri,2023,1,0.216,0.216,0.0,0.001,0.245402,0.245402,0.0,00-0037845,2023,LA,OL,T,61.0,1997-08-13,LA,261.0,26.0
Jaelyn Duncan,2023,4,4.029808,1.007452,0.189808,0.004,4.578349,1.144587,0.215645,00-0038607,2023,TEN,OL,T,79.0,2000-07-08,TEN,186.0,23.0
Jake Curhan,2023,1,0.94,0.94,0.0,0.004,1.067954,1.067954,0.0,00-0036795,2023,SEA,OL,T,74.0,1998-02-09,,,26.0
Kion Smith,2023,2,1.855,0.9275,0.0,0.004,2.107504,1.053752,0.0,00-0036839,2023,MIA,OL,G,71.0,1998-10-07,,,25.0
Tyrone Wheatley Jr.,2023,1,0.75,0.75,0.0,0.003,0.852091,0.852091,0.0,00-0036966,2023,NE,OL,T,72.0,1997-02-04,,,27.0
Michael Onwenu,2020,4,3.497468,0.874367,0.202468,0.004,4.506828,1.126707,0.2609,00-0036198,2023,NE,OL,G,71.0,1997-12-10,NE,182.0,26.0
Cooper Hodges,2023,4,3.945492,0.986373,0.105492,0.004,4.482556,1.120639,0.119852,00-0038630,2023,JAX,OL,G,75.0,2000-07-13,JAX,226.0,23.0
Justin Herron,2020,4,3.467468,0.866867,0.172468,0.004,4.46817,1.117043,0.222242,00-0036163,2023,LV,OL,T,71.0,1995-11-27,NE,195.0,28.0
Tremayne Anchrum,2020,4,3.370492,0.842623,0.075492,0.004,4.343207,1.085802,0.097279,00-0036437,2023,LA,OL,G,72.0,1998-06-24,LA,250.0,25.0
Derrick Kelly,2023,1,0.87,0.87,0.0,0.004,0.988425,0.988425,0.0,00-0035407,2023,CLE,OL,T,60.0,1995-08-23,,,28.0
Jean Delance,2023,1,0.75,0.75,0.0,0.003,0.852091,0.852091,0.0,00-0037103,2023,GB,OL,T,79.0,,,,
Alex Taylor,2023,2,1.855,0.9275,0.0,0.004,2.107504,1.053752,0.0,00-0036120,2023,DAL,OL,T,72.0,1997-04-21,,,27.0
Jalen McKenzie,2023,1,0.75,0.75,0.0,0.003,0.852091,0.852091,0.0,00-0037600,2023,LV,OL,T,76.0,1999-07-10,,,24.0
Andrew Rupcich,2023,2,1.655,0.8325,0.0,0.004,1.88028,0.945821,0.0,00-0037605,2023,TEN,OL,T,76.0,1999-04-01,,,25.0
Jarrid Williams,2023,1,0.75,0.75,0.0,0.003,0.852091,0.852091,0.0,00-0037140,2023,MIN,OL,T,76.0,,,,
Andrew Trainer,2022,3,2.57,0.856667,0.01,0.004,3.152632,1.050878,0.012267,00-0037477,2023,LAC,OL,T,62.0,1997-12-18,,,26.0
Lewis Kidd,2023,1,0.216,0.216,0.0,0.001,0.245402,0.245402,0.0,00-0037537,2023,IND,OL,G,66.0,1997-09-15,,,26.0
Caleb Jones,2022,3,2.565,0.855,0.005,0.004,3.146499,1.048833,0.006134,00-0037122,2023,GB,OL,T,72.0,1999-02-10,,,25.0
Tyler Vrabel,2023,1,0.75,0.75,0.0,0.003,0.852091,0.852091,0.0,00-0037590,2023,ATL,OL,T,73.0,2000-06-24,,,23.0
Christian DiLauro,2023,1,0.87,0.87,0.0,0.004,0.988425,0.988425,0.0,00-0034250,2023,MIN,OL,T,61.0,1994-11-11,,,29.0
Austen Pleasants,2023,1,0.75,0.75,0.0,0.003,0.852091,0.852091,0.0,00-0035829,2023,LAC,OL,T,75.0,1997-08-22,,,26.0
Richard Gouraige,2023,3,2.7225,0.9075,0.0275,0.004,3.093089,1.03103,0.031243,00-0038676,2023,BUF,OL,T,75.0,1998-10-15,,,25.0
Dalton Wagner,2023,3,2.72,0.906667,0.225,0.004,3.090249,1.030083,0.255627,00-0038923,2023,LV,OL,T,78.0,1998-10-05,,,25.0
John Ojukwu,2023,3,2.715,0.905,0.19,0.004,3.084569,1.02819,0.215863,00-0038852,2023,TEN,OL,T,61.0,1999-01-09,,,25.0
Jaylon Thomas,2023,3,2.71,0.903333,0.015,0.004,3.078888,1.026296,0.017042,00-0039005,2023,HOU,OL,T,72.0,2000-03-31,,,24.0
Demontrey Jacobs,2023,3,2.71,0.903333,0.055,0.004,3.078888,1.026296,0.062487,00-0038792,2023,DEN,OL,T,71.0,1998-11-22,,,25.0
Ryan Swoboda,2023,3,2.705,0.901667,0.025,0.004,3.073207,1.024403,0.028403,00-0038662,2023,ATL,OL,T,50.0,1998-09-19,,,25.0
Kilian Zierer,2023,3,2.705,0.901666,0.18,0.004,3.073207,1.024402,0.204502,00-0038729,2023,HOU,OL,T,66.0,1998-02-24,,,26.0
Samuel Jackson,2023,3,2.703,0.901,0.058,0.004,3.070935,1.023645,0.065895,00-0038670,2023,JAX,OL,T,62.0,,,,
Gabriel Houy,2023,3,2.701,0.900333,0.006,0.004,3.068663,1.022887,0.006817,00-0038425,2023,CHI,OL,T,79.0,,,,
Corey Luciano,2023,3,2.7,0.9,0.01,0.004,3.067527,1.022509,0.011361,00-0038879,2023,SF,OL,C,61.0,1998-08-14,,,25.0
Jacky Chen,2023,3,2.695,0.898333,0.0,0.004,3.061846,1.020615,0.0,00-0038802,2023,HOU,OL,T,61.0,,,,
Matthew Vanderslice,2023,3,2.695,0.898333,0.0,0.004,3.061846,1.020615,0.0,00-0038533,2023,IND,OL,T,60.0,,,,
Matt Kaskey,2023,1,0.87,0.87,0.0,0.004,0.988425,0.988425,0.0,00-0035613,2023,LAC,OL,T,74.0,1997-03-17,,,27.0
Badara Traore,2023,1,0.75,0.75,0.0,0.003,0.852091,0.852091,0.0,00-0036210,2023,CAR,OL,T,76.0,1997-03-12,,,27.0
Andre Smith,2023,1,1.08,1.08,0.0,0.005,1.227011,1.227011,0.0,00-0034430,2023,ATL,LB,ILB,59.0,1997-04-20,CAR,234.0,27.0
Jared Veldheer,2023,1,0.2898,0.2898,0.0,0.001,0.329248,0.329248,0.0,00-0027674,2023,IND,OL,T,69.0,1987-06-14,OAK,69.0,36.0
Aaron Donald,2022,3,95.0,31.666667,65.0,0.152,116.536984,38.845662,79.735831,00-0031388,2023,LA,DL,DT,99.0,1991-05-23,STL,13.0,32.0
Leonard Williams,2021,3,63.0,21.0,45.0,0.115,88.165479,29.388493,62.975342,00-0031933,2023,SEA,DL,DT,99.0,1994-06-20,NYJ,6.0,29.0
Fletcher Cox,2023,1,10.0,10.0,10.0,0.044,11.36121,11.36121,11.36121,00-0029653,2023,PHI,DL,DT,91.0,1990-12-13,PHI,12.0,33.0
Quinnen Williams,2023,4,96.0,24.0,66.0,0.107,109.067616,27.266904,74.983986,00-0035718,2023,NYJ,DL,NT,95.0,1997-12-21,NYJ,3.0,26.0
DeForest Buckner,2020,4,84.0,21.0,56.378,0.106,108.24218,27.060545,72.648543,00-0032378,2023,IND,DL,DT,99.0,1994-03-17,SF,7.0,30.0
Jeffery Simmons,2023,4,94.0,23.5,59.33,0.105,106.795374,26.698843,67.406059,00-0035643,2023,TEN,DL,DT,98.0,1997-07-28,TEN,19.0,26.0
Chris Jones,2020,4,80.0,20.0,60.0,0.101,103.08779,25.771948,77.315843,00-0032762,2023,KC,DL,DT,95.0,1994-07-03,KC,37.0,29.0
Dexter Lawrence,2023,4,90.0,22.5,59.0,0.1,102.25089,25.562722,67.031139,00-0035683,2023,NYG,DL,NT,97.0,1997-11-12,NYG,17.0,26.0
Daron Payne,2023,4,90.0,22.5,60.02,0.1,102.25089,25.562722,68.189982,00-0034333,2023,WAS,DL,DT,94.0,1997-05-27,WAS,13.0,26.0
Jonathan Allen,2021,4,72.0,18.0,35.642235,0.099,100.760548,25.190137,49.879599,00-0033523,2023,WAS,DL,DT,93.0,1995-01-16,WAS,17.0,29.0
Vita Vea,2021,4,71.0,17.75,40.59644,0.097,99.361096,24.840274,56.812771,00-0034773,2023,TB,DL,NT,50.0,1995-02-05,TB,12.0,29.0
Javon Hargrave,2023,4,84.0,21.0,40.0,0.093,95.434164,23.858541,45.44484,00-0033109,2023,SF,DL,DT,98.0,1993-02-07,PIT,89.0,31.0
Grady Jarrett,2022,3,49.5,16.5,36.470588,0.079,60.721902,20.240634,44.738656,00-0031583,2023,ATL,DL,DT,97.0,1993-04-28,ATL,137.0,30.0
Kenny Clark,2020,4,70.0,17.5,25.0,0.088,90.201816,22.550454,32.214934,00-0033120,2023,GB,DL,DE,97.0,1995-10-04,GB,27.0,28.0
Arik Armstead,2020,5,85.0,17.0,45.85,0.086,109.530777,21.906155,59.08219,00-0032164,2023,SF,DL,DT,91.0,1993-11-15,SF,17.0,30.0
Cameron Heyward,2020,4,65.6,16.4,20.25,0.083,84.531988,21.132997,26.094097,00-0027969,2023,PIT,DL,DT,97.0,1989-05-06,PIT,31.0,34.0
Dre'Mont Jones,2023,3,51.53,17.176667,30.0,0.076,58.544315,19.514772,34.08363,00-0035678,2023,SEA,DL,DE,55.0,1997-01-05,DEN,71.0,27.0
Ed Oliver,2023,4,68.0,17.0,45.278,0.076,77.256228,19.314057,51.441286,00-0035230,2023,BUF,DL,DT,91.0,1997-12-12,BUF,9.0,26.0
D.J. Reader,2020,4,53.0,13.25,20.25,0.067,68.295661,17.073915,26.094097,00-0032424,2023,CIN,DL,NT,98.0,1994-07-01,HOU,166.0,29.0
Larry Ogunjobi,2023,3,28.75,9.583333,17.0,0.043,32.663479,10.887826,19.314057,00-0033905,2023,PIT,DL,DT,99.0,1994-06-03,CLE,65.0,29.0
Dalvin Tomlinson,2023,4,57.0,14.25,27.5,0.063,64.758897,16.189724,31.243327,00-0033546,2023,CLE,DL,DT,94.0,1994-02-18,NYG,55.0,30.0
Eddie Goldman,2022,1,1.2725,1.2725,1.0475,0.006,1.560982,1.560982,1.284974,00-0031551,2023,ATL,DL,NT,91.0,1994-01-06,CHI,39.0,30.0
Jarran Reed,2023,2,9.0,4.5,4.19,0.02,10.225089,5.112544,4.760347,00-0032387,2023,SEA,DL,NT,90.0,1992-12-16,SEA,49.0,31.0
David Onyemata,2023,3,35.0,11.666667,24.5,0.052,39.764235,13.254745,27.834964,00-0033051,2023,ATL,DL,DT,90.0,1992-11-08,NO,120.0,31.0
Grover Stewart,2020,3,30.75,10.25,20.0,0.052,39.624369,13.208123,25.771948,00-0033952,2023,IND,DL,DT,90.0,1993-10-20,IND,144.0,30.0
Davon Hamilton,2023,3,34.5,11.5,23.0,0.051,39.196174,13.065391,26.130783,00-0036262,2023,JAX,DL,DT,52.0,1997-02-01,JAX,73.0,27.0
Maliek Collins,2023,2,23.0,11.5,18.5,0.051,26.130783,13.065391,21.018238,00-0033131,2023,HOU,DL,DT,96.0,1995-04-08,DAL,67.0,29.0
Jordan Phillips,2023,1,3.0,3.0,1.22,0.013,3.408363,3.408363,1.386068,00-0031557,2023,BUF,DL,DT,97.0,1992-09-21,MIA,52.0,31.0
Davon Godchaux,2022,2,20.8,10.4,17.85,0.05,25.515466,12.757733,21.896686,00-0033860,2023,NE,DL,NT,92.0,1994-11-11,MIA,178.0,29.0
Shelby Harris,2023,1,3.5,3.5,2.0,0.016,3.976423,3.976423,2.272242,00-0031270,2023,CLE,DL,DT,93.0,1991-08-11,OAK,235.0,32.0
D.J. Jones,2022,3,30.0,10.0,20.0,0.048,36.801153,12.267051,24.534102,00-0033297,2023,DEN,DL,NT,93.0,1995-01-19,SF,198.0,29.0
Folorunso Fatukasi,2022,3,30.0,10.0,20.0,0.048,36.801153,12.267051,24.534102,00-0034275,2023,JAX,DL,DT,94.0,1995-03-04,NYJ,180.0,29.0
B.J. Hill,2022,3,30.0,10.0,13.0,0.048,36.801153,12.267051,15.947166,00-0034800,2023,CIN,DL,DT,92.0,1995-04-20,NYG,69.0,29.0
Zach Sieler,2023,3,30.75,10.25,20.0,0.046,34.935721,11.64524,22.72242,00-0034285,2023,MIA,DL,DE,92.0,1995-09-07,BAL,238.0,28.0
Michael Pierce,2023,2,7.5,3.75,3.814722,0.017,8.520907,4.260454,4.333986,00-0032574,2023,BAL,DL,NT,58.0,1992-11-06,,,31.0
Henry Anderson,2023,1,1.3175,1.3175,0.1525,0.006,1.496839,1.496839,0.173258,00-0032269,2023,CAR,DL,DE,94.0,1991-08-03,IND,93.0,32.0
Calais Campbell,2023,1,7.0,7.0,7.0,0.031,7.952847,7.952847,7.952847,00-0026190,2023,ATL,DL,DE,93.0,1986-09-01,ARI,50.0,37.0
Sheldon Rankins,2023,1,9.75,9.75,8.5,0.043,11.07718,11.07718,9.657028,00-0032759,2023,HOU,DL,DT,98.0,1994-04-02,NO,12.0,30.0
A'Shawn Robinson,2023,1,5.0,5.0,4.0,0.022,5.680605,5.680605,4.544484,00-0032889,2023,NYG,DL,DT,91.0,1995-03-21,DET,46.0,29.0
Linval Joseph,2023,1,2.2825,2.2825,1.25,0.01,2.593196,2.593196,1.420151,00-0027885,2023,BUF,DL,NT,93.0,1988-10-10,NYG,46.0,35.0
Roy Robertson-Harris,2023,3,21.6,7.2,14.4,0.032,24.540214,8.180071,16.360142,00-0032667,2023,JAX,DL,DT,95.0,1993-07-23,,,30.0
Denico Autry,2021,3,21.5,7.666667,9.0,0.042,30.088219,10.729133,12.595068,00-0031254,2023,TEN,DL,DE,96.0,1990-07-15,,,33.0
Sebastian Joseph-Day,2023,1,2.7,2.7,0.0,0.012,3.067527,3.067527,0.0,00-0034810,2023,SF,DL,DT,69.0,1995-03-21,LA,195.0,29.0
Vernon Butler,2023,1,1.08,1.08,0.0,0.005,1.227011,1.227011,0.0,00-0032967,2023,NYG,DL,DT,96.0,1994-06-14,CAR,30.0,29.0
Dean Lowry,2023,2,8.5,4.25,7.9,0.019,9.657028,4.828514,8.975356,00-0032412,2023,MIN,DL,DE,94.0,1994-06-09,GB,137.0,29.0
Quinton Jefferson,2023,1,3.6,3.6,2.75,0.016,4.090036,4.090036,3.124333,00-0032416,2023,NYJ,DL,DE,70.0,1993-03-31,SEA,147.0,31.0
Poona Ford,2023,1,2.25,2.25,1.5,0.01,2.556272,2.556272,1.704181,00-0034234,2023,BUF,DL,DE,98.0,1995-11-19,,,28.0
DaQuan Jones,2022,2,14.0,7.0,10.625,0.034,17.173871,8.586936,13.033742,00-0031054,2023,BUF,DL,DT,92.0,1991-12-27,TEN,112.0,32.0
Austin Johnson,2022,2,14.0,7.0,10.625,0.034,17.173871,8.586936,13.033742,00-0032763,2023,LAC,DL,DT,98.0,1994-05-08,TEN,43.0,29.0
William Gholston,2023,1,2.6675,2.6675,1.3175,0.012,3.030603,3.030603,1.496839,00-0030386,2023,TB,DL,DE,92.0,1991-07-31,TB,126.0,32.0
Harrison Phillips,2022,3,19.5,6.5,12.9,0.031,23.920749,7.973583,15.824496,00-0034782,2023,MIN,DL,DT,97.0,1996-01-25,BUF,96.0,28.0
DeMarcus Walker,2023,3,21.0,7.0,15.65,0.031,23.858541,7.952847,17.780294,00-0033782,2023,CHI,DL,DE,95.0,1994-09-30,DEN,51.0,29.0
Derrick Brown,2020,4,23.621404,5.905351,23.621404,0.03,30.438479,7.60962,30.438479,00-0036220,2023,CAR,DL,DT,95.0,1998-04-15,CAR,7.0,26.0
Shy Tuttle,2023,3,19.5,6.5,13.0,0.029,22.154359,7.384786,14.769573,00-0035409,2023,CAR,DL,DT,99.0,1995-10-20,,,28.0
Justin Jones,2022,2,12.0,6.0,9.05,0.029,14.720461,7.360231,11.101681,00-0034677,2023,CHI,DL,DT,93.0,1996-08-28,LAC,84.0,27.0
Bryan Mone,2022,2,11.035,5.5175,1.5,0.027,13.536691,6.768345,1.840058,00-0035094,2023,SEA,DL,NT,91.0,1995-10-20,,,28.0
Bilal Nichols,2022,2,11.0,5.5,9.5,0.026,13.493756,6.746878,11.653698,00-0034387,2023,LV,DL,DT,91.0,1996-09-14,CHI,145.0,27.0
Nicholas Williams,2023,1,1.23,1.23,0.025,0.005,1.397429,1.397429,0.028403,00-0030500,2023,LAC,DL,DT,95.0,1990-02-21,PIT,223.0,34.0
Chris Wormley,2023,1,1.08,1.08,0.0,0.005,1.227011,1.227011,0.0,00-0033913,2023,CAR,DL,DE,94.0,1993-08-25,BAL,74.0,30.0
Jalen Carter,2023,4,21.806184,5.451546,21.806184,0.024,24.774463,6.193616,24.774463,00-0038386,2023,PHI,DL,DT,98.0,2001-04-04,PHI,9.0,23.0
Broderick Washington,2023,3,15.75,5.25,10.0,0.023,17.893906,5.964635,11.36121,00-0036081,2023,BAL,DL,DE,96.0,1996-12-04,BAL,170.0,27.0
Nathan Shepherd,2023,3,15.0,5.0,10.18,0.022,17.041815,5.680605,11.565712,00-0034760,2023,NO,DL,DT,93.0,1993-10-09,NYJ,72.0,30.0
Morgan Fox,2023,2,7.25,3.625,3.75,0.016,8.236877,4.118439,4.260454,00-0032671,2023,LAC,DL,DT,56.0,1994-09-12,,,29.0
Tim Settle,2023,1,3.0,3.0,2.458,0.013,3.408363,3.408363,2.792585,00-0034397,2023,BUF,DL,DT,99.0,1997-07-11,WAS,163.0,26.0
Al Woods,2023,1,2.25,2.25,1.0,0.01,2.556272,2.556272,1.136121,00-0027723,2023,NYJ,DL,NT,96.0,1987-03-25,NO,123.0,37.0
Mario Edwards Jr.,2023,1,1.3175,1.3175,0.1525,0.006,1.496839,1.496839,0.173258,00-0032265,2023,SEA,DL,DE,97.0,1994-01-25,OAK,35.0,30.0
Angelo Blackson,2023,1,1.165,1.165,0.0,0.005,1.323581,1.323581,0.0,00-0032107,2023,JAX,DL,DT,90.0,1992-11-14,TEN,100.0,31.0
Adam Butler,2023,1,1.55,1.55,0.4858,0.007,1.760988,1.760988,0.551928,00-0033381,2023,LV,DL,DT,69.0,1994-04-12,,,30.0
Christian Wilkins,2019,4,15.439098,3.859774,15.439098,0.021,20.95189,5.237972,20.95189,00-0035231,2023,MIA,DL,DE,94.0,1995-12-20,MIA,13.0,28.0
Jordan Davis,2022,4,17.009278,4.25232,17.009278,0.02,20.865368,5.216343,20.865368,00-0037073,2023,PHI,DL,DT,90.0,2000-01-12,PHI,13.0,24.0
Danny Shelton,2023,1,1.165,1.165,0.0,0.005,1.323581,1.323581,0.0,00-0032143,2023,KC,DL,NT,71.0,1993-08-20,CLE,12.0,30.0
Javon Kinlaw,2020,4,15.4887,3.872175,15.4887,0.02,19.958698,4.989675,19.958698,00-0036260,2023,SF,DL,DT,99.0,1997-10-03,SF,14.0,26.0
Taven Bryan,2023,1,3.51,3.51,3.0,0.016,3.987785,3.987785,3.408363,00-0034842,2023,IND,DL,DT,96.0,1996-03-11,JAX,29.0,28.0
Johnathan Hankins,2023,1,1.3175,1.3175,1.0925,0.006,1.496839,1.496839,1.241212,00-0030063,2023,DAL,DL,DT,95.0,1992-03-30,NYG,49.0,32.0
Teair Tart,2023,1,4.304,4.304,0.0,0.019,4.889865,4.889865,0.0,00-0036181,2023,HOU,DL,DT,97.0,1997-02-28,,,27.0
John Cominsky,2023,2,8.5,4.25,4.0,0.019,9.657028,4.828514,4.544484,00-0035265,2023,DET,DL,DE,79.0,1995-11-22,ATL,135.0,28.0
Khalen Saunders,2023,3,12.3,4.1,6.6,0.018,13.974288,4.658096,7.498399,00-0035656,2023,NO,DL,DT,99.0,1996-08-09,KC,84.0,27.0
Kerry Hyder,2023,1,1.08,1.08,0.0,0.005,1.227011,1.227011,0.0,00-0030946,2023,HOU,DL,DE,56.0,1991-05-02,,,32.0
Solomon Thomas,2023,1,2.35,2.35,2.01,0.01,2.669884,2.669884,2.283603,00-0033870,2023,NYJ,DL,DT,94.0,1995-08-26,SF,3.0,28.0
Rakeem Nunez-Roches,2023,3,12.0,4.0,7.465,0.018,13.633452,4.544484,8.481143,00-0031957,2023,NYG,DL,NT,93.0,1993-07-03,KC,217.0,30.0
Andrew Billings,2023,2,8.0,4.0,5.06,0.018,9.088968,4.544484,5.748772,00-0033066,2023,CHI,DL,DT,97.0,1995-06-03,CIN,122.0,28.0
Mike Purcell,2023,1,2.25,2.25,0.0,0.01,2.556272,2.556272,0.0,00-0029890,2023,DEN,DL,NT,98.0,1991-04-20,,,33.0
Calijah Kancey,2023,4,14.493472,3.623368,14.493472,0.016,16.466338,4.116584,16.466338,00-0039063,2023,TB,DL,DE,94.0,2001-03-01,TB,19.0,23.0
Lawrence Guy,2021,4,11.5,2.875,3.075,0.016,16.093699,4.023425,4.303315,00-0028171,2023,NE,DL,DT,93.0,1990-03-17,GB,233.0,34.0
Greg Gaines,2023,1,3.5,3.5,3.5,0.016,3.976423,3.976423,3.976423,00-0035667,2023,TB,DL,NT,96.0,1996-05-06,LA,134.0,27.0
Devonte Wyatt,2022,4,12.861182,3.215296,12.861182,0.015,15.776877,3.94422,15.776877,00-0037075,2023,GB,DL,DE,95.0,1998-03-31,GB,28.0,26.0
Jerry Tillery,2023,2,6.8,3.4,5.5,0.015,7.725623,3.862811,6.248665,00-0035674,2023,LV,DL,DT,90.0,1996-10-08,LAC,28.0,27.0
Tyson Alualu,2023,1,1.165,1.165,0.0,0.005,1.323581,1.323581,0.0,00-0027862,2023,DET,DL,NT,92.0,1987-05-12,JAX,10.0,36.0
Mazi Smith,2023,4,13.274694,3.318674,13.274694,0.015,15.081659,3.770415,15.081659,00-0038545,2023,DAL,DL,DT,58.0,2001-06-16,DAL,26.0,22.0
Hassan Ridgeway,2023,1,3.25,3.25,3.0,0.014,3.692393,3.692393,3.408363,00-0032402,2023,HOU,DL,DT,91.0,1994-11-02,IND,116.0,29.0
Isaac Rochell,2023,1,1.08,1.08,0.0,0.005,1.227011,1.227011,0.0,00-0033588,2023,LV,DL,DE,96.0,1995-04-22,LAC,225.0,29.0
Bryan Bresee,2023,4,12.263552,3.065888,12.263552,0.014,13.932879,3.48322,13.932879,00-0038995,2023,NO,DL,DT,90.0,2001-10-06,NO,29.0,22.0
Derrick Nnadi,2023,1,1.2325,1.2325,1.0925,0.005,1.400269,1.400269,1.241212,00-0034818,2023,KC,DL,DT,91.0,1996-05-09,KC,75.0,27.0
Montravius Adams,2022,2,5.0,2.5,1.465,0.012,6.133525,3.066763,1.797123,00-0033929,2023,PIT,DL,NT,57.0,1995-07-24,GB,93.0,28.0
Christian Barmore,2021,4,8.522268,2.130567,5.552388,0.012,11.926505,2.981626,7.770301,00-0036981,2023,NE,DL,DT,90.0,1999-07-28,NE,38.0,24.0
Logan Hall,2022,4,9.316454,2.329114,7.566029,0.011,11.428542,2.857136,9.281286,00-0038127,2023,TB,DL,DE,90.0,2000-04-22,TB,33.0,24.0
Levi Onwuzurike,2021,4,8.148892,2.037223,4.976872,0.011,11.403984,2.850996,6.964894,00-0036954,2023,DET,DL,DE,91.0,1998-03-02,DET,41.0,26.0
Ross Blacklock,2023,1,1.01,1.01,0.0,0.004,1.147482,1.147482,0.0,00-0036289,2023,TEN,DL,DT,90.0,1998-07-09,HOU,40.0,25.0
Isaiah Buggs,2023,2,4.5,2.25,2.1,0.01,5.112544,2.556272,2.385854,00-0035219,2023,KC,DL,DT,96.0,1996-08-24,PIT,192.0,27.0
Brent Urban,2023,1,1.165,1.165,0.0,0.005,1.323581,1.323581,0.0,00-0031177,2023,BAL,DL,DE,97.0,1991-05-05,BAL,134.0,32.0
Carlos Watkins,2023,1,1.67,1.67,0.25,0.007,1.897322,1.897322,0.28403,00-0033563,2023,ARI,DL,DE,94.0,1993-12-05,HOU,142.0,30.0
Phidarian Mathis,2022,4,7.506378,1.876595,4.501374,0.009,9.208112,2.302029,5.521858,00-0038099,2023,WAS,DL,DT,98.0,1998-04-26,WAS,47.0,25.0
Tershawn Wharton,2023,1,2.025,2.025,0.85,0.009,2.300645,2.300645,0.965703,00-0035890,2023,KC,DL,DT,98.0,1998-06-25,,,25.0
Daniel Ekuale,2023,2,4.0,2.0,1.0,0.009,4.544484,2.272242,1.136121,00-0034251,2023,NE,DL,DT,95.0,1994-01-13,,,30.0
Kevin Givens,2023,1,2.0,2.0,2.0,0.009,2.272242,2.272242,2.272242,00-0035026,2023,SF,DL,DT,90.0,1997-03-01,,,27.0
Marlon Davidson,2023,1,0.94,0.94,0.0,0.004,1.067954,1.067954,0.0,00-0036291,2023,TEN,DL,DT,92.0,1998-05-11,ATL,47.0,25.0
Kemoko Turay,2023,1,1.08,1.08,0.0,0.005,1.227011,1.227011,0.0,00-0034354,2023,ATL,DL,DE,52.0,1995-07-11,IND,52.0,28.0
Keeanu Benton,2023,4,7.333124,1.833281,4.279836,0.008,8.331316,2.082829,4.862412,00-0039110,2023,PIT,DL,DT,95.0,2001-07-17,PIT,49.0,22.0
DeShawn Williams,2023,1,1.75,1.75,1.75,0.008,1.988212,1.988212,1.988212,00-0031795,2023,CAR,DL,DE,96.0,1992-12-29,,,31.0
Abdullah Anderson,2023,1,1.7,1.7,0.5,0.008,1.931406,1.931406,0.56806,00-0034587,2023,WAS,DL,DT,92.0,1996-01-24,,,28.0
Jordan Elliott,2023,1,1.7,1.7,1.5,0.008,1.931406,1.931406,1.704181,00-0036266,2023,CLE,DL,DT,96.0,1997-11-23,CLE,88.0,26.0
Gervon Dexter,2023,4,6.723732,1.680933,3.695612,0.007,7.638973,1.909743,4.198662,00-0039070,2023,CHI,DL,DT,99.0,2001-10-05,CHI,53.0,22.0
Josh Tupou,2022,2,3.0,1.5,0.3,0.007,3.680115,1.840058,0.368012,00-0033347,2023,CIN,DL,NT,68.0,1994-05-02,,,29.0
Raekwon Davis,2020,4,5.65551,1.413878,3.150165,0.007,7.287675,1.821919,4.059294,00-0036213,2023,MIA,DL,NT,98.0,1997-06-10,MIA,56.0,26.0
Jaleel Johnson,2023,1,1.08,1.08,0.0,0.005,1.227011,1.227011,0.0,00-0033940,2023,TEN,DL,DT,94.0,1994-07-12,MIN,109.0,29.0
Alim McNeill,2021,4,5.129182,1.282296,1.090312,0.007,7.178044,1.794512,1.525839,00-0036624,2023,DET,DL,DT,54.0,2000-05-11,DET,72.0,23.0
Milton Williams,2021,4,5.110182,1.277546,1.076496,0.007,7.151455,1.787864,1.506505,00-0036916,2023,PHI,DL,DT,93.0,1999-04-06,PHI,73.0,25.0
Osa Odighizuwa,2021,4,5.086198,1.27155,1.059048,0.007,7.11789,1.779473,1.482087,00-0036942,2023,DAL,DL,DT,97.0,1998-08-13,DAL,75.0,25.0
Adam Gotsis,2023,2,2.88,1.44,1.25,0.006,3.272028,1.636014,1.420151,00-0033064,2023,JAX,DL,DE,96.0,1992-09-23,DEN,63.0,31.0
Tyler Lancaster,2023,1,1.08,1.08,0.0,0.005,1.227011,1.227011,0.0,00-0034185,2023,DEN,DL,NT,96.0,1994-11-04,,,29.0
Chauncey Golston,2021,4,4.916586,1.229147,0.9357,0.007,6.880526,1.720132,1.309467,00-0036982,2023,DAL,DL,DT,99.0,1998-02-10,DAL,84.0,26.0
Neville Gallimore,2023,1,1.5,1.5,1.25,0.007,1.704181,1.704181,1.420151,00-0036366,2023,DAL,DL,DT,96.0,1997-01-17,DAL,82.0,27.0
Justin Ellis,2023,1,1.165,1.165,0.0,0.005,1.323581,1.323581,0.0,00-0031346,2023,MIA,DL,DT,78.0,1990-12-27,OAK,107.0,33.0
John Jenkins,2023,1,1.3175,1.3175,0.2,0.006,1.496839,1.496839,0.227224,00-0030070,2023,LV,DL,DT,95.0,1989-07-11,NO,82.0,34.0
Trysten Hill,2023,1,1.2325,1.2325,0.3,0.005,1.400269,1.400269,0.340836,00-0035247,2023,NE,DL,DT,97.0,1998-03-25,DAL,58.0,26.0
Zacch Pickens,2023,4,5.763784,1.440946,1.191844,0.006,6.548356,1.637089,1.354079,00-0038937,2023,CHI,DL,DT,96.0,2000-03-06,CHI,64.0,24.0
Travis Jones,2022,4,5.30666,1.326665,1.039388,0.006,6.509707,1.627427,1.275023,00-0037756,2023,BAL,DL,DT,98.0,1999-10-15,BAL,76.0,24.0
Byron Young,2023,4,5.66871,1.417178,1.122696,0.006,6.44034,1.610086,1.275518,00-0038978,2023,LV,DL,DT,93.0,2000-11-10,LV,70.0,23.0
DeMarvin Leal,2022,4,5.186896,1.296724,0.952288,0.006,6.362792,1.590698,1.168177,00-0037759,2023,PIT,DL,DE,98.0,2000-07-01,PIT,84.0,23.0
Nnamdi Madubuike,2020,4,4.85331,1.213328,1.08968,0.006,6.253963,1.563491,1.404159,00-0036130,2023,BAL,DL,DT,92.0,1997-11-17,BAL,71.0,26.0
Christian Covington,2023,1,1.165,1.165,0.0,0.005,1.323581,1.323581,0.0,00-0031619,2023,LAC,DL,NT,96.0,1993-10-16,HOU,216.0,30.0
Zachary Carter,2022,4,5.079936,1.269984,0.8745,0.006,6.231583,1.557896,1.072754,00-0037804,2023,CIN,DL,DT,95.0,1999-04-07,CIN,95.0,25.0
Kobie Turner,2023,4,5.39147,1.347868,0.921068,0.006,6.125362,1.531341,1.046445,00-0039138,2023,LA,DL,NT,91.0,1999-04-26,LA,89.0,24.0
Carl Davis,2023,1,1.3175,1.3175,0.25,0.006,1.496839,1.496839,0.28403,00-0031938,2023,DAL,DL,NT,98.0,1992-03-02,BAL,90.0,32.0
Brodric Martin,2023,4,5.304082,1.326021,0.857512,0.006,6.026079,1.50652,0.974237,00-0038939,2023,DET,DL,DT,98.0,1999-05-24,DET,96.0,24.0
Siaki Ika,2023,4,5.304082,1.326021,0.857512,0.006,6.026079,1.50652,0.974237,00-0038561,2023,CLE,DL,DT,62.0,2000-11-08,CLE,98.0,23.0
Jay Tufele,2021,4,4.305684,1.076421,0.825684,0.006,6.025598,1.5064,1.155505,00-0036881,2023,CIN,DL,NT,97.0,1999-07-25,JAX,106.0,24.0
Mike Pennel,2023,1,0.322966,0.322966,0.0,0.001,0.366928,0.366928,0.0,00-0030757,2023,KC,DL,NT,69.0,1991-05-09,,,32.0
Jonathan Bullard,2023,1,1.3175,1.3175,0.05,0.006,1.496839,1.496839,0.056806,00-0033093,2023,MIN,DL,DE,90.0,1993-10-22,CHI,72.0,30.0
Bobby Brown III,2021,4,4.236532,1.059133,0.756532,0.006,5.928823,1.482206,1.05873,00-0036903,2023,LA,DL,NT,95.0,2000-08-07,LA,117.0,23.0
Tyler Shelvin,2023,2,1.855,0.9275,0.0,0.004,2.107504,1.053752,0.0,00-0036851,2023,TEN,DL,NT,72.0,,CIN,122.0,
Maurice Hurst,2023,1,1.2325,1.2325,0.0,0.005,1.400269,1.400269,0.0,00-0034746,2023,CLE,DL,DT,90.0,1995-05-09,OAK,140.0,28.0
Taylor Stallworth,2023,1,1.2325,1.2325,0.3525,0.005,1.400269,1.400269,0.400483,00-0034325,2023,SF,DL,DT,97.0,1995-08-18,,,28.0
Pat O'Connor,2023,1,1.2325,1.2325,0.45,0.005,1.400269,1.400269,0.511254,00-0033595,2023,TB,DL,DE,79.0,1993-11-01,DET,250.0,30.0
Tommy Togiai,2023,2,1.995,0.9975,0.0,0.004,2.266561,1.133281,0.0,00-0036883,2023,ATL,DL,DT,62.0,1999-09-19,CLE,132.0,24.0
McTelvin Agim,2023,1,0.94,0.94,0.0,0.004,1.067954,1.067954,0.0,00-0036420,2023,HOU,DL,DT,98.0,1997-09-25,DEN,95.0,26.0
L.J. Collier,2023,1,1.2325,1.2325,0.07625,0.005,1.400269,1.400269,0.086629,00-0035636,2023,ARI,DL,DE,91.0,1995-09-12,SEA,29.0,28.0
Deadrin Senat,2023,1,1.2325,1.2325,0.6525,0.005,1.400269,1.400269,0.741319,00-0034363,2023,TB,DL,DT,56.0,1994-07-22,ATL,90.0,29.0
Armon Watts,2023,1,1.2325,1.2325,0.1525,0.005,1.400269,1.400269,0.173258,00-0034992,2023,PIT,DL,NT,94.0,1996-07-22,MIN,190.0,27.0
Matt Dickerson,2023,1,1.08,1.08,0.0,0.005,1.227011,1.227011,0.0,00-0034657,2023,KC,DL,DT,93.0,1995-11-09,,,28.0
Trevon Coley,2023,1,1.08,1.08,0.0,0.005,1.227011,1.227011,0.0,00-0032566,2023,TEN,DL,DT,79.0,1994-07-13,,,29.0
Sheldon Day,2023,1,1.08,1.08,0.0,0.005,1.227011,1.227011,0.0,00-0033010,2023,MIN,DL,DT,52.0,1994-07-01,JAX,103.0,29.0
Eli Ankou,2023,1,1.08,1.08,0.0,0.005,1.227011,1.227011,0.0,00-0033598,2023,BUF,DL,DT,51.0,1994-06-08,,,29.0
Kyle Peko,2023,1,1.08,1.08,0.0,0.005,1.227011,1.227011,0.0,00-0032463,2023,TEN,DL,DT,95.0,1993-07-23,,,30.0
T.Y. McGill,2023,1,1.165,1.165,0.4,0.005,1.323581,1.323581,0.454448,00-0032162,2023,SF,DL,DT,96.0,1992-11-23,,,31.0
Perrion Winfrey,2023,1,0.216,0.216,0.0,0.001,0.245402,0.245402,0.0,00-0038126,2023,NYJ,DL,DT,92.0,2000-08-15,CLE,108.0,23.0
Eyioma Uwazurike,2022,4,4.425872,1.106468,0.765872,0.005,5.42924,1.35731,0.939499,00-0038106,2023,DEN,DL,DE,96.0,1998-05-06,DEN,116.0,25.0
Neil Farrell Jr.,2022,4,4.380304,1.095076,0.720304,0.005,5.373341,1.343335,0.883601,00-0038093,2023,KC,DL,DT,92.0,1998-09-09,LV,126.0,25.0
Ta'Quon Graham,2021,4,3.830612,0.957653,0.350612,0.005,5.360758,1.340189,0.490665,00-0036948,2023,ATL,DL,DE,95.0,1998-12-01,ATL,148.0,25.0
Isaiahh Loudermilk,2021,4,3.800288,0.950072,0.320288,0.005,5.318321,1.32958,0.448228,00-0036843,2023,PIT,DL,DE,92.0,1997-10-10,PIT,156.0,26.0
Tedarrell Slaton,2021,4,3.76052,0.94013,0.28052,0.005,5.262667,1.315667,0.392574,00-0036642,2023,GB,DL,NT,93.0,1997-10-03,GB,173.0,26.0
Kevin Strong,2023,1,1.15625,1.15625,0.07625,0.005,1.31364,1.31364,0.086629,00-0035334,2023,ARI,DL,NT,92.0,1996-08-05,,,27.0
Leki Fotu,2020,4,4.068472,1.017118,0.773472,0.005,5.242622,1.310656,0.996694,00-0036371,2023,ARI,DL,NT,95.0,1998-08-23,ARI,114.0,25.0
Colby Wooden,2023,4,4.607928,1.151982,0.767928,0.005,5.235164,1.308791,0.872459,00-0038387,2023,GB,DL,DE,96.0,2000-12-21,GB,116.0,23.0
Chase Winovich,2023,1,2.0,2.0,1.75,0.009,2.272242,2.272242,1.988212,00-0035654,2023,MIA,DL,DE,50.0,1995-04-19,NE,77.0,29.0
Cameron Young,2023,4,4.567508,1.141877,0.727508,0.005,5.189242,1.29731,0.826537,00-0038572,2023,SEA,DL,NT,93.0,2000-06-08,SEA,123.0,23.0
Jalyn Holmes,2023,1,1.08,1.08,0.0,0.005,1.227011,1.227011,0.0,00-0034264,2023,NYJ,DL,DE,97.0,1996-01-25,MIN,102.0,28.0
Marlon Tuipulotu,2021,4,3.675912,0.918978,0.195912,0.005,5.144263,1.286066,0.274169,00-0036920,2023,PHI,DL,DT,95.0,1999-05-31,PHI,189.0,24.0
Tyler Lacy,2023,4,4.52712,1.13178,0.68712,0.005,5.143356,1.285839,0.780651,00-0038940,2023,JAX,DL,DE,93.0,1999-11-10,JAX,130.0,24.0
James Lynch,2020,4,3.985992,0.996498,0.690992,0.005,5.136339,1.284085,0.89041,00-0036337,2023,MIN,DL,NT,92.0,1999-01-20,MIN,130.0,25.0
Quinton Bohanna,2023,2,1.995,0.9975,0.0,0.004,2.266561,1.133281,0.0,00-0036649,2023,TEN,DL,DT,97.0,1999-03-16,DAL,192.0,25.0
Rashard Lawrence,2023,1,0.3708,0.3708,0.0,0.002,0.421274,0.421274,0.0,00-0036373,2023,HOU,DL,NT,73.0,1998-08-27,ARI,131.0,25.0
Roy Lopez,2023,2,1.995,0.9975,0.0,0.004,2.266561,1.133281,0.0,00-0036568,2023,ARI,DL,DT,98.0,1997-08-07,HOU,195.0,26.0
Jonathan Marshall,2023,1,0.216,0.216,0.0,0.001,0.245402,0.245402,0.0,00-0036505,2023,PIT,DL,DT,91.0,1997-09-16,NYJ,207.0,26.0
Bruce Hector,2023,2,2.065,1.0325,0.0,0.005,2.34609,1.173045,0.0,00-0034461,2023,NYJ,DL,DT,98.0,1994-10-07,,,29.0
Tanzel Smart,2023,1,1.08,1.08,0.0,0.005,1.227011,1.227011,0.0,00-0033963,2023,NYJ,DL,DT,79.0,1994-11-06,LA,189.0,29.0
Phil Hoskins,2023,2,1.995,0.9975,0.0,0.004,2.266561,1.133281,0.0,00-0036576,2023,ARI,DL,DT,79.0,1997-01-02,CAR,232.0,27.0
Austin Bryant,2023,1,1.105,1.105,0.55,0.005,1.255414,1.255414,0.624867,00-0035531,2023,SF,DL,DE,41.0,1996-11-12,DET,117.0,27.0
Jonathan Harris,2022,2,1.905,0.9525,0.0,0.005,2.336873,1.168437,0.0,00-0035073,2023,DEN,DL,DE,92.0,1996-08-04,,,27.0
Khyiris Tonga,2023,1,0.94,0.94,0.0,0.004,1.067954,1.067954,0.0,00-0036909,2023,MIN,DL,NT,95.0,1996-07-07,CHI,250.0,27.0
Marquiss Spencer,2023,2,1.655,0.8325,0.0,0.004,1.88028,0.945821,0.0,00-0036668,2023,NYJ,DL,DE,51.0,1997-07-16,DEN,253.0,26.0
Demone Harris,2023,1,1.09,1.09,0.01,0.005,1.238372,1.238372,0.011361,00-0034612,2023,ATL,DL,DE,91.0,1995-12-30,,,28.0
D.J. Davidson,2022,4,4.01412,1.00353,0.35412,0.005,4.924141,1.231035,0.434401,00-0037260,2023,NYG,DL,DT,98.0,1999-09-19,NYG,147.0,24.0
Michael Dogbe,2023,1,1.08,1.08,0.0,0.005,1.227011,1.227011,0.0,00-0035541,2023,MIN,DL,DE,96.0,1996-05-05,ARI,249.0,27.0
Isaiah Mack,2023,1,1.08,1.08,0.0,0.005,1.227011,1.227011,0.0,00-0035519,2023,WAS,DL,NT,64.0,1996-03-19,,,28.0
Byron Cowart,2023,1,1.08,1.08,0.0,0.005,1.227011,1.227011,0.0,00-0035278,2023,MIA,DL,DT,95.0,1996-05-20,NE,159.0,27.0
Ben Banogu,2023,1,1.08,1.08,0.0,0.005,1.227011,1.227011,0.0,00-0034969,2023,DAL,DL,DE,94.0,1996-01-19,IND,49.0,28.0
Thomas Booker,2023,1,0.216,0.216,0.0,0.001,0.245402,0.245402,0.0,00-0037262,2023,PHI,DL,DT,59.0,1999-11-11,HOU,150.0,24.0
Eric Johnson,2022,4,3.98074,0.995185,0.32074,0.005,4.883194,1.220799,0.393453,00-0037269,2023,IND,DL,DT,93.0,1998-07-16,IND,159.0,25.0
Otito Ogbonnia,2022,4,3.978888,0.994722,0.318888,0.005,4.880922,1.220231,0.391182,00-0037270,2023,LAC,DL,DT,93.0,2000-08-25,LAC,160.0,23.0
Matthew Butler,2023,2,1.785,0.8925,0.0,0.004,2.027976,1.013988,0.0,00-0037280,2023,LV,DL,DT,94.0,1999-06-10,LV,175.0,24.0
John Ridgeway,2022,4,3.902556,0.975639,0.242556,0.005,4.787285,1.196821,0.297545,00-0037283,2023,WAS,DL,DT,91.0,1999-05-07,DAL,178.0,24.0
Jeremiah Ledbetter,2022,2,1.905,0.9525,0.0,0.005,2.336873,1.168437,0.0,00-0033582,2023,JAX,DL,DE,99.0,1994-05-29,DET,205.0,29.0
Jaquelin Roy,2023,4,4.179772,1.044943,0.339772,0.005,4.748727,1.187182,0.386022,00-0038584,2023,MIN,DL,NT,93.0,2000-10-22,MIN,141.0,23.0
Jordan Jackson,2023,1,0.75,0.75,0.0,0.003,0.852091,0.852091,0.0,00-0037294,2023,DEN,DL,DT,90.0,1998-01-30,NO,194.0,26.0
Sam Roberts,2022,4,3.831476,0.957869,0.171476,0.005,4.700091,1.175023,0.21035,00-0037298,2023,NE,DL,DE,96.0,1998-04-14,NE,200.0,26.0
Matt Henningsen,2022,4,3.82208,0.95552,0.16208,0.005,4.688565,1.172141,0.198824,00-0037303,2023,DEN,DL,DE,91.0,1999-07-09,DEN,206.0,24.0
Quinton Bell,2023,1,0.94,0.94,0.0,0.004,1.067954,1.067954,0.0,00-0035000,2023,MIA,LB,OLB,56.0,1996-05-09,OAK,230.0,27.0
Joe Gaziano,2023,1,1.01,1.01,0.0,0.004,1.147482,1.147482,0.0,00-0035903,2023,ATL,DL,DE,99.0,1996-09-27,,,27.0
Eric Banks,2023,1,0.296444,0.296444,0.0,0.001,0.336796,0.336796,0.0,00-0035928,2023,ARI,DL,DT,96.0,1998-01-30,,,26.0
Henry Mondeaux,2023,1,1.01,1.01,0.025,0.004,1.147482,1.147482,0.028403,00-0034318,2023,JAX,DL,DT,97.0,1995-09-19,,,28.0
Kendal Vickers,2023,1,1.0125,1.0125,0.0025,0.005,1.150323,1.150323,0.00284,00-0034125,2023,ARI,DL,DT,93.0,1995-05-23,,,28.0
Kalia Davis,2022,4,3.792012,0.948003,0.132012,0.005,4.65168,1.16292,0.16194,00-0037832,2023,SF,DL,DT,93.0,1998-10-02,SF,220.0,25.0
Isaiah Thomas,2023,1,0.216,0.216,0.0,0.001,0.245402,0.245402,0.0,00-0037314,2023,CLE,DL,DE,58.0,1998-12-03,CLE,223.0,25.0
Jonathan Ford,2023,1,0.216,0.216,0.0,0.001,0.245402,0.245402,0.0,00-0037094,2023,GB,DL,DT,99.0,1998-09-29,GB,234.0,25.0
Larrell Murchison,2022,1,0.321667,0.321667,0.0,0.002,0.394591,0.394591,0.0,00-0036237,2023,LA,DL,DT,52.0,1997-04-24,TEN,174.0,27.0
Karl Brooks,2023,4,4.052028,1.013007,0.212028,0.005,4.603594,1.150899,0.240889,00-0038398,2023,GB,DL,NT,94.0,2000-05-08,GB,179.0,23.0
Kyle Phillips,2023,1,1.01,1.01,0.0,0.004,1.147482,1.147482,0.0,00-0035507,2023,NO,DL,DE,91.0,1997-05-05,,,26.0
Malcolm Roach,2023,1,1.01,1.01,0.0,0.004,1.147482,1.147482,0.0,00-0035763,2023,NO,DL,DT,97.0,1998-06-09,,,25.0
Andrew Brown,2023,1,1.01,1.01,0.0,0.004,1.147482,1.147482,0.0,00-0034394,2023,BUF,DL,NT,94.0,1995-12-30,CIN,158.0,28.0
Raymond Johnson III,2023,1,0.87,0.87,0.0,0.004,0.988425,0.988425,0.0,00-0036611,2023,DET,DL,DE,52.0,1997-12-02,,,26.0
Marvin Wilson,2023,1,0.75,0.75,0.0,0.003,0.852091,0.852091,0.0,00-0036689,2023,PHI,DL,DT,73.0,,,,
Josiah Bronson,2023,2,1.855,0.9275,0.0,0.004,2.107504,1.053752,0.0,00-0036537,2023,MIA,DL,DT,95.0,,,,
Keondre Coburn,2023,4,4.016616,1.004154,0.176616,0.004,4.563362,1.14084,0.200657,00-0038985,2023,TEN,DL,NT,91.0,2000-05-23,KC,194.0,23.0
Scott Matlock,2023,4,4.012292,1.003073,0.172292,0.004,4.558449,1.139612,0.195745,00-0038614,2023,LAC,DL,NT,99.0,2000-06-28,LAC,200.0,23.0
Austin Faoliu,2023,1,0.75,0.75,0.0,0.003,0.852091,0.852091,0.0,00-0036767,2023,SEA,DL,DT,64.0,1999-01-09,,,25.0
Naquan Jones,2023,2,1.995,0.9975,0.0,0.004,2.266561,1.133281,0.0,00-0036695,2023,ARI,DL,DT,96.0,1998-02-05,,,26.0
Forrest Merrill,2023,1,0.87,0.87,0.0,0.004,0.988425,0.988425,0.0,00-0036780,2023,DEN,DL,DT,68.0,1996-08-15,,,27.0
Jack Heflin,2023,1,0.87,0.87,0.0,0.004,0.988425,0.988425,0.0,00-0036788,2023,NO,DL,DT,95.0,1998-03-08,,,26.0
Sam Kamara,2023,1,0.87,0.87,0.0,0.004,0.988425,0.988425,0.0,00-0036705,2023,CLE,LB,OLB,92.0,1997-12-21,,,26.0
Michael Dwumfour,2023,1,1.995,0.9975,0.0,0.004,2.266561,1.133281,0.0,00-0036507,2023,CHI,DL,DT,97.0,1998-01-01,,,26.0
Dante Stills,2023,4,3.973332,0.993333,0.133332,0.004,4.514186,1.128546,0.151481,00-0038623,2023,ARI,DL,DE,55.0,1999-12-14,ARI,213.0,24.0
Bravvion Roy,2023,1,0.2898,0.2898,0.0,0.001,0.329248,0.329248,0.0,00-0036311,2023,BAL,DL,DT,93.0,1996-10-18,CAR,184.0,27.0
Travis Bell,2023,4,3.95714,0.989285,0.11714,0.004,4.49579,1.123947,0.133085,00-0038405,2023,CIN,DL,DT,90.0,1998-10-27,CHI,218.0,25.0
Raymond Vohasek,2023,4,3.944764,0.986191,0.104764,0.004,4.481729,1.120432,0.119025,00-0038631,2023,JAX,DL,NT,59.0,,JAX,227.0,
Nesta Jade Silvera,2023,4,3.9407,0.985175,0.1007,0.004,4.477112,1.119278,0.114407,00-0038634,2023,LV,DL,DT,99.0,2000-01-23,LV,231.0,24.0
Khalil Davis,2023,1,0.94,0.94,0.0,0.004,1.067954,1.067954,0.0,00-0036430,2023,HOU,DL,DT,94.0,1996-08-22,TB,194.0,27.0
John Penisini,2023,1,0.94,0.94,0.0,0.004,1.067954,1.067954,0.0,00-0036238,2023,NO,DL,NT,76.0,1997-05-31,DET,197.0,26.0
Jordon Riley,2023,4,3.923032,0.980758,0.083032,0.004,4.457039,1.11426,0.094334,00-0038506,2023,NYG,DL,NT,95.0,1998-05-19,NYG,243.0,25.0
Moro Ojomo,2023,4,3.917784,0.979446,0.077784,0.004,4.451077,1.112769,0.088372,00-0038412,2023,PHI,DL,DT,72.0,2001-08-15,PHI,249.0,22.0
Desjuan Johnson,2023,4,3.917784,0.979446,0.077784,0.004,4.451077,1.112769,0.088372,00-0039061,2023,LA,DL,DT,94.0,1999-09-02,LA,259.0,24.0
Albert Huggins,2023,1,0.94,0.94,0.0,0.004,1.067954,1.067954,0.0,00-0035455,2023,ATL,DL,DT,94.0,1997-06-27,,,26.0
Cortez Broughton,2023,1,0.9425,0.9425,0.0025,0.004,1.070794,1.070794,0.00284,00-0035315,2023,BUF,DL,DT,94.0,1996-09-02,LAC,242.0,27.0
Carlos Davis,2023,1,0.94,0.94,0.0,0.004,1.067954,1.067954,0.0,00-0036352,2023,ATL,DL,DT,74.0,1996-08-22,PIT,232.0,27.0
Nick Thurman,2023,1,0.87,0.87,0.0,0.004,0.988425,0.988425,0.0,00-0034723,2023,CAR,DL,DT,91.0,1995-06-12,,,28.0
Breeland Speaks,2023,1,0.87,0.87,0.0,0.004,0.988425,0.988425,0.0,00-0034774,2023,SF,DL,DE,66.0,1995-12-18,KC,46.0,28.0
Renell Wren,2023,1,0.87,0.87,0.0,0.004,0.988425,0.988425,0.0,00-0035260,2023,PIT,DL,DT,79.0,1995-10-23,CIN,125.0,28.0
Marquise Copeland,2023,1,0.94,0.94,0.0,0.004,1.067954,1.067954,0.0,00-0035607,2023,LA,DL,DT,93.0,1997-05-09,,,26.0
Chris Williams,2023,1,0.94,0.94,0.0,0.004,1.067954,1.067954,0.0,00-0035857,2023,CLE,DL,DT,98.0,1998-06-16,,,25.0
Breiden Fehoko,2023,1,0.94,0.94,0.0,0.004,1.067954,1.067954,0.0,00-0035927,2023,PIT,DL,NT,96.0,1996-10-15,,,27.0
Daniel Wise,2023,1,0.94,0.94,0.0,0.004,1.067954,1.067954,0.0,00-0035423,2023,KC,DL,DE,96.0,1996-01-16,,,28.0
Benito Jones,2023,1,0.94,0.94,0.0,0.004,1.067954,1.067954,0.0,00-0035841,2023,DET,DL,DT,94.0,1997-11-27,,,26.0
Elijah Garcia,2022,3,2.585,0.861667,0.025,0.004,3.171033,1.057011,0.030668,00-0037051,2023,DEN,DL,DE,95.0,1998-03-11,,,26.0
Kurt Hinish,2022,3,2.585,0.861667,0.085,0.004,3.171033,1.057011,0.10427,00-0037459,2023,HOU,DL,DT,93.0,1999-04-27,,,24.0
David Anenih,2023,1,0.87,0.87,0.0,0.004,0.988425,0.988425,0.0,00-0037592,2023,ARI,LB,OLB,57.0,,,,
LaBryan Ray,2023,1,0.75,0.75,0.0,0.003,0.852091,0.852091,0.0,00-0037203,2023,CAR,DL,DE,93.0,1997-12-05,,,26.0
Ben Stille,2023,2,1.855,0.9275,0.0,0.004,2.107504,1.053752,0.0,00-0037356,2023,ARI,DL,DT,90.0,1997-11-12,,,26.0
Timmy Horne,2023,2,1.855,0.9275,0.0,0.004,2.107504,1.053752,0.0,00-0037585,2023,NYG,DL,DT,96.0,1997-10-25,,,26.0
Christopher Hinton,2023,1,0.87,0.87,0.0,0.004,0.988425,0.988425,0.0,00-0037375,2023,LAC,DL,DT,91.0,2000-09-14,,,23.0
Manny Jones,2023,1,0.216,0.216,0.0,0.001,0.245402,0.245402,0.0,00-0037551,2023,NYJ,DL,DE,72.0,1999-06-06,,,24.0
Marquan McCall,2023,1,0.216,0.216,0.0,0.001,0.245402,0.245402,0.0,00-0037363,2023,LV,DL,NT,55.0,1999-03-26,,,25.0
Jayden Peevy,2023,2,1.655,0.8325,0.0,0.004,1.88028,0.945821,0.0,00-0037603,2023,CAR,DL,DT,78.0,1999-09-03,,,24.0
Roderick Perry II,2023,1,0.87,0.87,0.0,0.004,0.988425,0.988425,0.0,00-0037341,2023,SEA,DL,DT,73.0,,,,
Donovan Jeter,2023,1,0.75,0.75,0.0,0.003,0.852091,0.852091,0.0,00-0037046,2023,NYG,DL,NT,71.0,,,,
Noah Elliss,2023,1,0.216,0.216,0.0,0.001,0.245402,0.245402,0.0,00-0037134,2023,PHI,DL,DT,61.0,1999-03-31,,,25.0
Rayshad Nichols,2023,2,1.665,0.8325,0.0,0.004,1.891641,0.945821,0.0,00-0037181,2023,BAL,DL,DT,91.0,1999-07-09,,,24.0
Prince Emili,2023,2,1.665,0.8325,0.0,0.004,1.891641,0.945821,0.0,00-0037660,2023,NO,DL,DT,57.0,,,,
John Franklin-Myers,2021,4,55.0,13.75,30.0,0.075,76.969863,19.242466,41.983562,00-0034805,2023,NYJ,DL,DE,91.0,1996-09-26,LA,135.0,27.0
Kevin Atkins,2023,1,0.75,0.75,0.0,0.003,0.852091,0.852091,0.0,00-0037519,2023,NYG,DL,DT,76.0,,,,
C.J. Brewer,2023,1,0.75,0.75,0.0,0.003,0.852091,0.852091,0.0,00-0037662,2023,TB,DL,DT,95.0,1997-11-22,,,26.0
Mike Greene,2023,2,1.665,0.8325,0.0,0.004,1.891641,0.945821,0.0,00-0037627,2023,TB,DL,DT,91.0,1999-05-03,,,24.0
Jeremiah Pharms,2023,2,1.665,0.8325,0.0,0.004,1.891641,0.945821,0.0,00-0037711,2023,NE,DL,DE,70.0,1996-10-16,,,27.0
Caeveon Patton,2023,1,0.75,0.75,0.0,0.003,0.852091,0.852091,0.0,00-0038044,2023,ATL,DL,DT,75.0,,,,
David Moa,2023,1,0.87,0.87,0.0,0.004,0.988425,0.988425,0.0,00-0035985,2023,TEN,DL,DT,50.0,1996-06-14,,,27.0
Kobe Smith,2023,1,0.75,0.75,0.0,0.003,0.852091,0.852091,0.0,00-0036180,2023,NYG,DL,DT,72.0,1998-06-23,,,25.0
Benning Potoa'e,2023,2,1.785,0.8925,0.0,0.004,2.027976,1.013988,0.0,00-0036050,2023,WAS,DL,DE,79.0,1996-09-17,,,27.0
Michael Hoecht,2023,1,0.94,0.94,0.0,0.004,1.067954,1.067954,0.0,00-0035933,2023,LA,LB,OLB,97.0,1997-10-05,,,26.0
T.J. Smith,2023,1,0.75,0.75,0.0,0.003,0.852091,0.852091,0.0,00-0035910,2023,MIN,DL,DT,50.0,1997-04-19,,,27.0
Caleb Sampson,2023,3,2.72,0.906667,0.125,0.004,3.090249,1.030083,0.142015,00-0038439,2023,IND,DL,DT,68.0,,,,
Terrance Lang,2023,3,2.715,0.905,0.05,0.004,3.084569,1.02819,0.056806,00-0038869,2023,LAC,DL,DE,69.0,,,,
Shakel Brown,2023,3,2.715,0.905,0.105,0.004,3.084569,1.02819,0.119293,00-0038842,2023,TEN,DL,DT,91.0,1998-12-04,,,25.0
Jacob Slade,2023,3,2.715,0.905,0.2,0.004,3.084569,1.02819,0.227224,00-0038708,2023,ARI,DL,DT,79.0,2000-02-23,,,24.0
D.J. Dale,2023,3,2.715,0.905,0.02,0.004,3.084569,1.02819,0.022722,00-0038675,2023,BUF,DL,DT,61.0,,,,
Cory Durden,2023,3,2.71,0.903333,0.04,0.004,3.078888,1.026296,0.045445,00-0038653,2023,LA,DL,DT,98.0,1999-01-26,,,25.0
James Nyamwaya,2023,3,2.709,0.903,0.014,0.004,3.077752,1.025917,0.015906,00-0038745,2023,PIT,DL,DT,66.0,,,,
P.J. Mustipher,2023,3,2.705,0.901667,0.05,0.004,3.073207,1.024403,0.056806,00-0038795,2023,NO,DL,DT,54.0,1999-11-10,,,24.0
Calvin Avery,2023,3,2.705,0.901667,0.045,0.004,3.073207,1.024403,0.051125,00-0038799,2023,MIN,DL,DT,69.0,,,,
Spencer Waege,2023,3,2.705,0.901667,0.05,0.004,3.073207,1.024403,0.056806,00-0038882,2023,SF,DL,DE,69.0,1999-05-06,,,24.0
Brandon Pili,2023,3,2.705,0.901667,0.1,0.004,3.073207,1.024403,0.113612,00-0038694,2023,MIA,DL,NT,96.0,1999-04-02,,,25.0
Jason Lewan,2023,3,2.704,0.901333,0.009,0.004,3.072071,1.024023,0.010225,00-0038466,2023,GB,DL,DE,60.0,,,,
TK McLendon,2023,3,2.701,0.900333,0.02,0.004,3.068663,1.022887,0.022722,00-0038850,2023,TEN,DL,DE,69.0,1999-02-27,,,25.0
Jerrod Clark,2023,3,2.7,0.9,0.105,0.004,3.067527,1.022509,0.119293,00-0038861,2023,LAC,DL,DT,72.0,1999-11-16,,,24.0
Kaieem Caesar,2023,3,2.7,0.9,0.005,0.004,3.067527,1.022509,0.005681,00-0038446,2023,BAL,DL,DT,60.0,,,,
Jacob Sykes,2023,3,2.7,0.9,0.005,0.004,3.067527,1.022509,0.005681,00-0038771,2023,SEA,DL,DT,69.0,,,,
Trey Botts,2023,3,2.698,0.899333,0.003,0.004,3.065254,1.021751,0.003408,00-0038445,2023,BAL,DL,DT,93.0,,,,
Chris Smith,2023,3,2.6975,0.899167,0.0025,0.004,3.064686,1.021563,0.00284,00-0038661,2023,DET,DL,DT,90.0,1999-12-15,,,24.0
Jerron Cage,2023,3,2.6975,0.899167,0.0025,0.004,3.064686,1.021563,0.00284,00-0038901,2023,NO,DL,DT,77.0,,,,
Anthony Montalvo,2023,3,2.697,0.899,0.002,0.004,3.064118,1.021373,0.002272,00-0038692,2023,WAS,DL,DT,68.0,,,,
Taron Vincent,2023,3,2.695,0.898333,0.0,0.004,3.061846,1.020615,0.0,00-0038991,2023,LA,DL,DT,69.0,,,,
Justus Tavai,2023,3,2.695,0.898333,0.0,0.004,3.061846,1.020615,0.0,00-0039012,2023,NE,DL,DT,94.0,,,,
Antonio Moultrie,2023,3,2.695,0.898333,0.0,0.004,3.061846,1.020615,0.0,00-0038530,2023,GB,DL,DT,64.0,,,,
Antwuan Jackson,2023,3,2.685,0.898333,0.0,0.004,3.050485,1.020615,0.0,00-0038253,2023,CAR,DL,DE,69.0,,,,
Tautala Pesefea,2023,3,2.695,0.898333,0.0,0.004,3.061846,1.020615,0.0,00-0038888,2023,CIN,DL,DT,53.0,2000-06-25,,,23.0
Raequan Williams,2023,1,0.87,0.87,0.0,0.004,0.988425,0.988425,0.0,00-0036007,2023,CAR,DL,DE,92.0,1997-02-14,,,27.0
Doug Costin,2023,1,0.87,0.87,0.0,0.004,0.988425,0.988425,0.0,00-0035822,2023,LV,DL,DT,60.0,1997-10-05,,,26.0
Myles Adams,2023,1,0.87,0.87,0.0,0.004,0.988425,0.988425,0.0,00-0035946,2023,SEA,DL,DE,95.0,1998-03-09,,,26.0
Jonathan Ledbetter,2023,1,0.87,0.87,0.0,0.004,0.988425,0.988425,0.0,00-0035343,2023,ARI,DL,DE,93.0,1997-09-12,,,26.0
Lacale London,2023,2,1.665,0.8325,0.0,0.004,1.891641,0.945821,0.0,00-0036204,2023,ATL,DL,DT,72.0,1997-08-05,,,26.0
Willington Previlon,2023,2,1.665,0.8325,0.0,0.004,1.891641,0.945821,0.0,00-0035969,2023,DAL,DL,DT,94.0,1997-05-19,,,26.0
Delontae Scott,2023,1,0.75,0.75,0.0,0.003,0.852091,0.852091,0.0,00-0035971,2023,ATL,DL,DE,73.0,1997-01-21,,,27.0
Domenique Davis,2023,1,0.75,0.75,0.0,0.003,0.852091,0.852091,0.0,00-0036148,2023,CIN,DL,DT,72.0,1996-02-28,,,28.0
Kameron Cline,2023,1,0.216,0.216,0.0,0.001,0.245402,0.245402,0.0,00-0035850,2023,BUF,DL,DE,96.0,1998-02-19,,,26.0
David Bada,2022,2,1.575,0.7875,0.0,0.004,1.932061,0.96603,0.0,00-0036447,2023,WAS,DL,DT,64.0,1995-04-24,,,29.0
Earnest Brown IV,2023,1,0.216,0.216,0.0,0.001,0.245402,0.245402,0.0,00-0036855,2023,LA,DL,DE,90.0,1999-01-08,LA,174.0,25.0
Chris Slayton,2023,1,0.75,0.75,0.0,0.003,0.852091,0.852091,0.0,00-0035004,2023,GB,DL,DT,98.0,1996-08-06,NYG,245.0,27.0
Olive Sagapolu,2023,1,0.75,0.75,0.0,0.003,0.852091,0.852091,0.0,00-0035720,2023,PHI,DL,DT,66.0,1997-02-16,,,27.0
Tomasi Laulile,2023,1,0.75,0.75,0.0,0.003,0.852091,0.852091,0.0,00-0034089,2023,DEN,DL,DT,61.0,1995-05-22,,,28.0
Ifeadi Odenigbo,2023,1,1.08,1.08,0.0,0.005,1.227011,1.227011,0.0,00-0033969,2023,NYJ,DL,DE,92.0,1994-04-08,MIN,220.0,30.0
T.J. Watt,2021,4,112.011,28.00275,80.0,0.153,156.754024,39.188506,111.956164,00-0033886,2023,PIT,LB,OLB,90.0,1994-10-11,PIT,30.0,29.0
Nick Bosa,2023,5,170.0,34.0,122.5,0.151,193.140569,38.628114,139.174822,00-0035717,2023,SF,DL,DE,97.0,1997-10-23,SF,2.0,26.0
Joey Bosa,2020,5,135.0,27.0,102.0,0.136,173.960646,34.792129,131.436932,00-0033156,2023,LAC,DL,DE,97.0,1995-07-11,SD,3.0,28.0
Khalil Mack,2018,6,141.0,23.5,90.0,0.133,203.224605,33.870767,129.717833,00-0031040,2023,LAC,DL,DE,52.0,1991-02-22,OAK,5.0,33.0
Myles Garrett,2020,5,125.0,25.0,100.0,0.126,161.074672,32.214934,128.859738,00-0033868,2023,CLE,DL,DE,95.0,1995-12-29,CLE,1.0,28.0
Von Miller,2022,6,120.0,20.0,51.435,0.096,147.204611,24.534102,63.095576,00-0027940,2023,BUF,LB,OLB,40.0,1989-03-26,DEN,2.0,35.0
Maxx Crosby,2022,4,94.0,23.5,53.03,0.113,115.310279,28.82757,65.052171,00-0034973,2023,LV,DL,DE,98.0,1997-08-22,OAK,106.0,26.0
Demarcus Lawrence,2022,3,40.0,13.333333,30.0,0.064,49.068204,16.356067,36.801153,00-0031411,2023,DAL,DL,DE,90.0,1992-04-28,DAL,34.0,31.0
Frank Clark,2023,1,5.51,5.51,5.0,0.025,6.260027,6.260027,5.680605,00-0032210,2023,SEA,LB,OLB,57.0,1993-06-14,SEA,63.0,30.0
Montez Sweat,2023,4,98.0,24.5,72.865,0.109,111.339858,27.834964,82.783456,00-0035647,2023,CHI,DL,DE,98.0,1996-09-04,WAS,26.0,27.0
Rashan Gary,2023,4,96.0,24.0,34.636928,0.107,109.067616,27.266904,39.351741,00-0034967,2023,GB,LB,OLB,52.0,1997-12-03,GB,12.0,26.0
Bradley Chubb,2022,5,110.0,22.0,63.212444,0.106,134.93756,26.987512,77.543027,00-0034832,2023,MIA,LB,OLB,2.0,1996-06-24,DEN,5.0,27.0
Chandler Jones,2022,3,51.0,17.0,32.0,0.082,62.56196,20.853987,39.254563,00-0029585,2023,LV,DL,DE,55.0,1990-02-27,NE,21.0,34.0
Trey Flowers,2023,1,1.675,1.675,0.05,0.007,1.903003,1.903003,0.056806,00-0031566,2023,NE,LB,OLB,58.0,1993-08-16,NE,101.0,30.0
Trey Hendrickson,2023,1,21.0,21.0,8.0,0.093,23.858541,23.858541,9.088968,00-0033935,2023,CIN,DL,DE,91.0,1994-12-05,NO,103.0,29.0
Shaquil Barrett,2021,4,68.0,17.0,34.5,0.093,95.16274,23.790685,48.281096,00-0031101,2023,TB,LB,OLB,7.0,1992-11-17,,,31.0
Cameron Jordan,2023,2,26.5,13.25,15.982647,0.059,30.107206,15.053603,18.158221,00-0027962,2023,NO,DL,DE,94.0,1989-07-10,NO,24.0,34.0
Bud Dupree,2023,1,3.0,3.0,2.49,0.013,3.408363,3.408363,2.828941,00-0032146,2023,ATL,LB,OLB,48.0,1993-02-12,PIT,22.0,31.0
Za'Darius Smith,2023,1,11.677,11.677,11.677,0.052,13.266485,13.266485,13.266485,00-0031576,2023,CLE,DL,DE,99.0,1992-09-08,BAL,122.0,31.0
Leonard Floyd,2023,1,7.0,7.0,0.0,0.031,7.952847,7.952847,0.0,00-0033072,2023,BUF,DL,DE,56.0,1992-09-08,CHI,9.0,31.0
Harold Landry,2022,5,87.5,17.5,52.5,0.084,107.336695,21.467339,64.402017,00-0034828,2023,TEN,LB,OLB,58.0,1996-06-05,TEN,41.0,27.0
Carl Lawson,2023,1,9.0,9.0,8.0,0.04,10.225089,10.225089,9.088968,00-0033463,2023,NYJ,DL,DE,58.0,1995-06-29,CIN,116.0,28.0
Danielle Hunter,2023,1,17.0,17.0,17.0,0.076,19.314057,19.314057,19.314057,00-0031565,2023,MIN,LB,OLB,99.0,1994-10-29,MIN,88.0,29.0
Emmanuel Ogbah,2022,4,65.4,16.35,36.0,0.079,80.226513,20.056628,44.161383,00-0033073,2023,MIA,DL,DE,91.0,1993-11-06,CLE,32.0,30.0
Dante Fowler Jr.,2023,1,3.0,3.0,1.0,0.013,3.408363,3.408363,1.136121,00-0032052,2023,DAL,DL,DE,56.0,1994-08-03,JAX,3.0,29.0
Alex Highsmith,2023,4,68.0,17.0,27.743,0.076,77.256228,19.314057,31.519405,00-0036333,2023,PIT,LB,OLB,56.0,1997-08-07,PIT,102.0,26.0
Matt Judon,2023,2,22.5,11.25,14.0,0.05,25.562722,12.781361,15.905694,00-0032415,2023,NE,LB,OLB,9.0,1992-08-15,BAL,146.0,31.0
Josh Sweat,2021,3,40.0,13.333333,26.92,0.073,55.978082,18.65936,37.673249,00-0034381,2023,PHI,DL,DE,94.0,1997-03-29,PHI,130.0,27.0
Haason Reddick,2022,3,45.0,15.0,30.0,0.072,55.201729,18.400576,36.801153,00-0033875,2023,PHI,LB,OLB,7.0,1994-09-22,ARI,13.0,29.0
Yannick Ngakoue,2023,1,10.5,10.5,9.99,0.047,11.92927,11.92927,11.349849,00-0033123,2023,CHI,DL,DE,91.0,1995-03-31,JAX,69.0,29.0
Brandon Graham,2023,1,5.0,5.0,5.0,0.022,5.680605,5.680605,5.680605,00-0027865,2023,PHI,DL,DE,55.0,1988-04-03,PHI,13.0,36.0
Preston Smith,2022,4,52.0,13.0,12.2,0.062,63.788665,15.947166,14.965802,00-0031935,2023,GB,LB,OLB,91.0,1992-11-17,WAS,38.0,31.0
Romeo Okwara,2023,1,2.5,2.5,2.0,0.011,2.840302,2.840302,2.272242,00-0032655,2023,DET,DL,DE,95.0,1995-06-17,,,28.0
Randy Gregory,2022,5,69.5,13.9,28.0,0.067,85.256004,17.051201,34.347743,00-0032197,2023,SF,LB,OLB,5.0,1992-11-23,DAL,60.0,31.0
Uchenna Nwosu,2023,3,45.0,15.0,32.0,0.067,51.125445,17.041815,36.355872,00-0034350,2023,SEA,LB,OLB,10.0,1996-12-28,LAC,48.0,27.0
Kyle Van Noy,2023,1,1.6,1.6,1.4,0.007,1.817794,1.817794,1.590569,00-0031360,2023,BAL,LB,OLB,50.0,1991-03-26,DET,40.0,33.0
Jason Pierre-Paul,2023,1,1.165,1.165,0.0,0.005,1.323581,1.323581,0.0,00-0027867,2023,MIA,DL,DE,90.0,1989-01-01,NYG,15.0,35.0
Marcus Davenport,2023,1,13.0,13.0,10.0,0.058,14.769573,14.769573,11.36121,00-0034344,2023,MIN,LB,OLB,0.0,1996-09-04,NO,14.0,27.0
Carl Granderson,2023,4,52.0,13.0,35.3,0.058,59.078292,14.769573,40.105071,00-0035402,2023,NO,DL,DE,96.0,1996-12-18,,,27.0
Sam Hubbard,2021,4,40.0,10.0,10.0,0.055,55.978082,13.994521,13.994521,00-0034834,2023,CIN,DL,DE,94.0,1995-06-29,CIN,77.0,28.0
Shaq Lawson,2023,1,1.3175,1.3175,0.4525,0.006,1.496839,1.496839,0.514095,00-0033096,2023,BUF,DL,DE,90.0,1994-06-17,BUF,19.0,29.0
Jadeveon Clowney,2023,1,2.505,2.505,2.165,0.011,2.845983,2.845983,2.459702,00-0031364,2023,BAL,LB,OLB,24.0,1993-02-14,HOU,1.0,31.0
Travon Walker,2022,4,37.372624,9.343156,37.372624,0.045,45.845188,11.461297,45.845188,00-0037235,2023,JAX,LB,OLB,44.0,2000-12-18,JAX,1.0,23.0
Chase Young,2020,4,34.563598,8.6409,34.563598,0.044,44.538562,11.134641,44.538562,00-0036321,2023,SF,DL,DE,92.0,1999-04-14,WAS,2.0,25.0
Aidan Hutchinson,2022,4,35.715388,8.928847,35.715388,0.043,43.812248,10.953062,43.812248,00-0037236,2023,DET,DL,DE,97.0,2000-08-09,DET,2.0,23.0
Clelin Ferrell,2023,1,2.5,2.5,1.24,0.011,2.840302,2.840302,1.40879,00-0035692,2023,SF,DL,DE,94.0,1997-05-17,OAK,4.0,26.0
Will Anderson Jr.,2023,4,35.212818,8.803205,35.212818,0.039,40.006022,10.001506,40.006022,00-0039108,2023,HOU,DL,DE,51.0,2001-09-02,HOU,3.0,22.0
Kayvon Thibodeaux,2022,4,31.33904,7.83476,31.33904,0.038,38.44376,9.61094,38.44376,00-0037611,2023,NYG,LB,OLB,5.0,2000-12-15,NYG,5.0,23.0
Samson Ebukam,2023,3,24.0,8.0,10.755,0.036,27.266904,9.088968,12.218981,00-0033945,2023,IND,DL,DE,52.0,1995-05-09,LA,125.0,28.0
Charles Omenihu,2023,2,16.0,8.0,8.6,0.036,18.177936,9.088968,9.770641,00-0035279,2023,KC,DL,DE,90.0,1997-08-20,HOU,161.0,26.0
Derek Barnett,2023,1,3.75,3.75,3.5,0.017,4.260454,4.260454,3.976423,00-0033876,2023,HOU,DL,DE,95.0,1996-06-25,PHI,14.0,27.0
Charles Harris,2023,1,3.5,3.5,3.0,0.016,3.976423,3.976423,3.408363,00-0033880,2023,DET,DL,DE,53.0,1995-03-06,MIA,22.0,29.0
Arden Key,2023,3,21.0,7.0,13.0,0.031,23.858541,7.952847,14.769573,00-0034825,2023,TEN,LB,OLB,49.0,1996-05-03,OAK,87.0,27.0
Josh Hines-Allen,2019,4,22.742636,5.685659,22.742636,0.03,30.86328,7.71582,30.86328,00-0035642,2023,JAX,LB,OLB,41.0,1997-07-13,JAX,7.0,26.0
Tyus Bowser,2021,4,22.0,5.5,12.0,0.03,30.787945,7.696986,16.793425,00-0033283,2023,BAL,LB,OLB,54.0,1995-05-23,BAL,47.0,28.0
Deatrich Wise,2021,4,22.0,5.5,10.0,0.03,30.787945,7.696986,13.994521,00-0033947,2023,NE,DL,DE,91.0,1994-07-26,NE,131.0,29.0
Dorance Armstrong Jr.,2022,2,12.0,6.0,6.0,0.029,14.720461,7.360231,7.360231,00-0034373,2023,DAL,DL,DE,92.0,1997-06-10,DAL,116.0,26.0
Ogbonnia Okoronkwo,2023,3,19.0,6.333333,12.49,0.028,21.586299,7.195433,14.190151,00-0034807,2023,CLE,DL,DE,54.0,1995-04-24,LA,160.0,29.0
Tyree Wilson,2023,4,25.0055,6.251375,25.0055,0.028,28.409274,7.102318,28.409274,00-0038541,2023,LV,DL,DE,9.0,2000-05-20,LV,7.0,23.0
Dawuane Smoot,2023,1,3.5,3.5,2.25,0.016,3.976423,3.976423,2.556272,00-0033907,2023,JAX,DL,DE,91.0,1995-03-02,JAX,68.0,29.0
Justin Houston,2023,1,6.0,6.0,6.0,0.027,6.816726,6.816726,6.816726,00-0028008,2023,MIA,LB,OLB,52.0,1989-01-21,KC,70.0,35.0
Jerry Hughes,2022,2,10.0,5.0,5.5,0.024,12.267051,6.133525,6.746878,00-0027881,2023,HOU,DL,DE,55.0,1988-08-13,IND,31.0,35.0
Micah Parsons,2021,4,17.079792,4.269948,17.079792,0.023,23.90235,5.975588,23.90235,00-0036932,2023,DAL,LB,OLB,11.0,1999-05-26,DAL,12.0,24.0
Anthony Nelson,2023,2,10.0,5.0,5.5,0.022,11.36121,5.680605,6.248665,00-0035254,2023,TB,LB,OLB,98.0,1997-03-04,TB,107.0,27.0
Melvin Ingram,2023,1,1.165,1.165,0.0,0.005,1.323581,1.323581,0.0,00-0029249,2023,MIA,LB,OLB,9.0,1989-04-26,SD,18.0,34.0
Jacob Martin,2023,1,2.5,2.5,1.0,0.011,2.840302,2.840302,1.136121,00-0034163,2023,IND,DL,DE,92.0,1995-12-11,SEA,186.0,28.0
Markus Golden,2023,1,1.3175,1.3175,0.1525,0.006,1.496839,1.496839,0.173258,00-0032127,2023,PIT,LB,OLB,44.0,1991-03-13,ARI,58.0,33.0
Zaven Collins,2021,4,14.690254,3.672564,14.690254,0.02,20.558306,5.139577,20.558306,00-0036933,2023,ARI,LB,OLB,25.0,1999-05-19,ARI,16.0,24.0
Lorenzo Carter,2023,2,9.0,4.5,5.25,0.02,10.225089,5.112544,5.964635,00-0034360,2023,ATL,LB,OLB,0.0,1995-12-10,NYG,66.0,28.0
Lukas Van Ness,2023,4,17.388096,4.347024,17.388096,0.019,19.754981,4.938745,19.754981,00-0039112,2023,GB,LB,OLB,90.0,2001-07-06,GB,13.0,22.0
Al-Quadin Muhammad,2023,1,1.2325,1.2325,0.6525,0.005,1.400269,1.400269,0.741319,00-0033964,2023,IND,DL,DE,97.0,1995-03-28,NO,196.0,29.0
Jaelan Phillips,2021,4,14.018206,3.504552,14.018206,0.019,19.617807,4.904452,19.617807,00-0036934,2023,MIA,LB,OLB,15.0,1999-05-28,MIA,18.0,24.0
Bryce Huff,2023,1,4.304,4.304,0.0,0.019,4.889865,4.889865,0.0,00-0036151,2023,NYJ,DL,DE,47.0,1998-04-17,,,26.0
Kwity Paye,2021,4,13.644836,3.411209,13.644836,0.019,19.095294,4.773823,19.095294,00-0036479,2023,IND,DL,DE,51.0,1998-11-19,IND,21.0,25.0
Dennis Gardeck,2022,3,10.0,3.333333,3.75,0.016,12.267051,4.089017,4.600144,00-0034473,2023,ARI,LB,OLB,45.0,1994-08-09,,,29.0
Will McDonald IV,2023,4,16.321664,4.080416,16.321664,0.018,18.543385,4.635846,18.543385,00-0039142,2023,NYJ,LB,OLB,99.0,1999-06-04,NYJ,15.0,24.0
Brian Burns,2019,4,13.540182,3.385046,13.540182,0.018,18.374933,4.593734,18.374933,00-0035713,2023,CAR,LB,OLB,0.0,1998-04-23,CAR,16.0,26.0
Payton Turner,2021,4,12.524736,3.131184,12.524736,0.017,17.527768,4.381942,17.527768,00-0036926,2023,NO,DL,DE,98.0,1999-01-07,NO,28.0,25.0
K'Lavon Chaisson,2020,4,13.34461,3.336153,13.34461,0.017,17.195829,4.298958,17.195829,00-0036286,2023,JAX,LB,OLB,45.0,1999-07-25,JAX,20.0,24.0
Gregory Rousseau,2021,4,11.60819,2.902048,11.367075,0.016,16.245105,4.061277,15.907676,00-0036914,2023,BUF,DL,DE,50.0,2000-04-05,BUF,30.0,24.0
Jermaine Johnson II,2022,4,13.087444,3.271861,13.087444,0.016,16.054434,4.013609,16.054434,00-0037663,2023,NYJ,LB,OLB,11.0,1999-01-08,NYJ,26.0,25.0
Odafe Oweh,2021,4,11.34239,2.835597,10.985701,0.016,15.873131,3.968282,15.373962,00-0036940,2023,BAL,LB,OLB,99.0,1998-12-15,BAL,31.0,25.0
Joe Tryon-Shoyinka,2021,4,11.171244,2.792811,10.690907,0.015,15.63362,3.908405,14.961412,00-0036967,2023,TB,LB,OLB,9.0,1999-04-30,TB,32.0,24.0
George Karlaftis,2022,4,11.935476,2.983869,11.935476,0.014,14.641309,3.660327,14.641309,00-0037192,2023,KC,DL,DE,56.0,2001-04-03,KC,30.0,23.0
Myles Murphy,2023,4,12.587256,3.146814,12.587256,0.014,14.300646,3.575161,14.300646,00-0038546,2023,CIN,DL,DE,99.0,2002-01-03,CIN,28.0,22.0
Jihad Ward,2023,1,1.5,1.5,0.5,0.007,1.704181,1.704181,0.56806,00-0033046,2023,NYG,DL,DE,55.0,1994-05-11,OAK,44.0,29.0
Nolan Smith,2023,4,11.992416,2.998104,11.992416,0.013,13.624836,3.406209,13.624836,00-0039013,2023,PHI,LB,OLB,3.0,2001-01-18,PHI,30.0,23.0
Rasheem Green,2023,1,2.5,2.5,0.85,0.011,2.840302,2.840302,0.965703,00-0034831,2023,CHI,DL,DE,94.0,1997-05-15,SEA,79.0,26.0
Marquis Haynes,2022,2,5.5,2.75,2.035,0.013,6.746878,3.373439,2.496345,00-0034382,2023,CAR,LB,OLB,98.0,1993-12-16,CAR,136.0,30.0
Felix Anudike-Uzomah,2023,4,11.81782,2.954455,11.81782,0.013,13.426473,3.356618,13.426473,00-0039006,2023,KC,DL,DE,97.0,2002-01-24,KC,31.0,22.0
Tanoh Kpassagnon,2023,2,5.0,2.5,2.5,0.011,5.680605,2.840302,2.840302,00-0033902,2023,NO,DL,DE,92.0,1994-06-14,KC,59.0,29.0
Tyquan Lewis,2023,1,2.1,2.1,0.5,0.009,2.385854,2.385854,0.56806,00-0034359,2023,IND,DL,DE,94.0,1995-01-30,IND,64.0,29.0
Andrew Van Ginkel,2023,1,2.65,2.65,2.26,0.012,3.010721,3.010721,2.567633,00-0035272,2023,MIA,LB,OLB,43.0,1995-07-01,MIA,151.0,28.0
Malik Reed,2023,1,1.2325,1.2325,0.75,0.005,1.400269,1.400269,0.852091,00-0034954,2023,MIA,LB,OLB,47.0,1996-08-05,,,27.0
Arnold Ebiketie,2022,4,8.818692,2.204673,6.911142,0.011,10.817934,2.704484,8.477933,00-0038116,2023,ATL,LB,OLB,17.0,1999-01-23,ATL,38.0,25.0
Yetur Gross-Matos,2020,4,8.198828,2.049707,5.215458,0.01,10.564988,2.641247,6.720625,00-0036288,2023,CAR,LB,OLB,97.0,1998-02-26,CAR,38.0,26.0
Boye Mafe,2022,4,8.56226,2.140565,6.31929,0.01,10.503368,2.625842,7.751905,00-0038133,2023,SEA,LB,OLB,53.0,1998-11-30,SEA,40.0,25.0
Derick Hall,2023,4,9.115604,2.278901,7.222566,0.01,10.356429,2.589107,8.205709,00-0039047,2023,SEA,LB,OLB,58.0,2001-03-19,SEA,37.0,23.0
Isaiah Foskey,2023,4,8.734722,2.183681,6.731557,0.01,9.923701,2.480926,7.647863,00-0039143,2023,NO,DL,DE,55.0,2000-10-30,NO,40.0,23.0
B.J. Ojulari,2023,4,8.597614,2.149404,6.532849,0.01,9.76793,2.441983,7.422107,00-0039155,2023,ARI,LB,OLB,18.0,2002-04-05,ARI,41.0,22.0
David Ojabo,2022,4,7.909124,1.977281,5.401594,0.009,9.702163,2.425541,6.626163,00-0038142,2023,BAL,LB,OLB,90.0,2000-05-17,BAL,45.0,23.0
Josh Paschal,2022,4,7.735658,1.933915,4.842553,0.009,9.489371,2.372343,5.940384,00-0038096,2023,DET,DL,DE,93.0,1999-12-17,DET,46.0,24.0
Azeez Ojulari,2021,4,6.774914,1.693729,3.915159,0.009,9.481167,2.370293,5.479077,00-0036552,2023,NYG,DL,DE,51.0,2000-06-16,NYG,50.0,23.0
Efe Obada,2023,1,2.0,2.0,1.0,0.009,2.272242,2.272242,1.136121,00-0031500,2023,WAS,DL,DE,97.0,1992-04-13,,,32.0
Keion White,2023,4,7.79017,1.947543,5.321683,0.009,8.850576,2.212644,6.046076,00-0039148,2023,NE,DL,DE,99.0,1999-01-20,NE,46.0,25.0
Darrell Taylor,2020,4,6.764512,1.691128,4.007122,0.009,8.716732,2.179183,5.163567,00-0036413,2023,SEA,LB,OLB,52.0,1997-03-24,SEA,48.0,27.0
Dayo Odeyingbo,2021,4,6.17753,1.544383,3.453545,0.008,8.645157,2.16129,4.833071,00-0036480,2023,IND,DL,DE,54.0,1999-09-24,IND,54.0,24.0
Carlos Basham Jr.,2021,4,5.624942,1.406236,3.026547,0.008,7.871837,1.96796,4.235507,00-0036553,2023,NYG,LB,OLB,45.0,1997-12-16,BUF,61.0,26.0
Sam Williams,2022,4,6.224254,1.556064,3.399649,0.007,7.635324,1.908832,4.170367,00-0037665,2023,DAL,DL,DE,54.0,1999-03-31,DAL,56.0,25.0
A.J. Epenesa,2020,4,5.877304,1.469326,3.321554,0.007,7.573479,1.89337,4.280146,00-0036192,2023,BUF,DL,DE,57.0,1998-09-15,BUF,54.0,25.0
Tuli Tuipulotu,2023,4,6.571382,1.642846,3.577887,0.007,7.465885,1.866472,4.064913,00-0039111,2023,LAC,DL,DE,45.0,2002-09-03,LAC,54.0,21.0
Joseph Ossai,2021,4,5.192616,1.298154,1.136448,0.007,7.266817,1.816704,1.590404,00-0036902,2023,CIN,DL,DE,58.0,2000-04-13,CIN,69.0,24.0
Drake Jackson,2022,4,5.892392,1.473098,3.143212,0.007,7.228227,1.807057,3.855794,00-0037826,2023,SF,DL,DE,95.0,2001-04-12,SF,61.0,23.0
Nik Bonitto,2022,4,5.801888,1.450472,3.073278,0.007,7.117206,1.779301,3.770006,00-0037249,2023,DEN,LB,OLB,42.0,1999-09-26,DEN,64.0,24.0
Malcolm Koonce,2021,4,4.99796,1.24949,0.99488,0.007,6.994405,1.748601,1.392287,00-0036989,2023,LV,DL,DE,51.0,1998-06-06,LV,79.0,25.0
Joshua Uche,2020,4,5.389336,1.347334,2.944486,0.007,6.944684,1.736171,3.794257,00-0036159,2023,NE,LB,OLB,55.0,1998-09-18,NE,60.0,25.0
Patrick Jones II,2021,4,4.870096,1.217524,0.901888,0.007,6.815466,1.703866,1.262149,00-0037007,2023,MIN,LB,OLB,91.0,1998-09-29,MIN,90.0,25.0
Ronnie Perkins,2023,1,0.87,0.87,0.0,0.004,0.988425,0.988425,0.0,00-0036978,2023,DEN,DL,DE,51.0,1999-09-29,NE,96.0,24.0
Baron Browning,2021,4,4.675775,1.168944,0.840616,0.006,6.543523,1.635881,1.176402,00-0036995,2023,DEN,LB,ILB,56.0,1999-02-19,DEN,105.0,25.0
Alex Wright,2022,4,5.293574,1.323394,1.029872,0.006,6.493654,1.623414,1.263349,00-0037251,2023,CLE,DL,DE,91.0,2000-09-05,CLE,78.0,23.0
DeAngelo Malone,2022,4,5.229582,1.307396,0.983332,0.006,6.415155,1.603789,1.206258,00-0037808,2023,ATL,LB,OLB,51.0,1999-07-12,ATL,82.0,24.0
Julian Okwara,2020,4,4.93134,1.232835,1.146428,0.006,6.354512,1.588628,1.477284,00-0036249,2023,DET,LB,OLB,99.0,1997-12-27,DET,67.0,26.0
Zach Harrison,2023,4,5.568446,1.392112,1.04978,0.006,6.326428,1.581608,1.192677,00-0038980,2023,ATL,DL,DE,96.0,2001-08-14,ATL,75.0,22.0
Byron Young,2023,4,5.555238,1.38881,1.040172,0.006,6.311423,1.577856,1.181761,00-0039137,2023,LA,LB,OLB,0.0,1998-03-13,LA,77.0,26.0
Cameron Thomas,2022,4,5.14434,1.286085,0.921336,0.006,6.310588,1.577647,1.130208,00-0037815,2023,ARI,LB,OLB,97.0,2000-07-01,ARI,87.0,23.0
D.J. Johnson,2023,4,5.502988,1.375747,1.002172,0.006,6.25206,1.563015,1.138589,00-0038535,2023,CAR,LB,OLB,52.0,1998-10-21,CAR,80.0,25.0
YaYa Diaby,2023,4,5.465412,1.366353,0.974844,0.006,6.209369,1.552342,1.107541,00-0039068,2023,TB,LB,OLB,0.0,1999-05-30,TB,82.0,24.0
Kentavius Street,2023,1,1.28,1.28,0.5,0.006,1.454235,1.454235,0.56806,00-0034320,2023,ATL,DL,DT,75.0,1996-05-08,SF,128.0,27.0
Myjai Sanders,2022,4,5.044904,1.261226,0.84902,0.006,6.188609,1.547152,1.041497,00-0037751,2023,HOU,LB,OLB,41.0,1998-07-12,ARI,100.0,25.0
Derek Rivers,2023,1,1.06,1.06,0.04,0.005,1.204288,1.204288,0.045445,00-0033920,2023,IND,DL,DE,95.0,1994-05-09,NE,83.0,29.0
Frankie Luvu,2022,2,9.0,4.5,4.5,0.022,11.040346,5.520173,5.520173,00-0034302,2023,CAR,LB,ILB,49.0,1996-09-19,,,27.0
Jabari Zuniga,2023,1,0.94,0.94,0.0,0.004,1.067954,1.067954,0.0,00-0036296,2023,NO,DL,DE,91.0,1997-08-14,NYJ,79.0,26.0
Cameron Sample,2021,4,4.268148,1.067037,0.788148,0.006,5.973068,1.493267,1.102975,00-0036850,2023,CIN,DL,DE,96.0,1999-09-20,CIN,111.0,24.0
Elerson Smith,2023,1,0.216,0.216,0.0,0.001,0.245402,0.245402,0.0,00-0036895,2023,LV,LB,OLB,94.0,1998-07-17,NYG,116.0,25.0
Chris Rumph II,2021,4,4.23354,1.058385,0.75354,0.006,5.924636,1.481159,1.054543,00-0036867,2023,LAC,DL,DE,94.0,1998-10-19,LAC,118.0,25.0
Jordan Smith,2021,4,4.219588,1.054897,0.739588,0.006,5.905111,1.476278,1.035018,00-0036868,2023,KC,LB,OLB,92.0,,JAX,121.0,
Terrell Lewis,2023,1,0.315,0.315,0.0,0.001,0.357878,0.357878,0.0,00-0036419,2023,NO,LB,OLB,47.0,1998-08-25,LA,84.0,25.0
Anfernee Jennings,2020,4,4.503929,1.125982,0.90318,0.006,5.803751,1.450937,1.163835,00-0036193,2023,NE,LB,OLB,33.0,1997-09-01,NE,87.0,26.0
Janarius Robinson,2023,2,1.855,0.9275,0.0,0.004,2.107504,1.053752,0.0,00-0036878,2023,LV,DL,DE,97.0,1998-05-04,MIN,134.0,25.0
Rashad Weaver,2021,4,4.139664,1.034916,0.659664,0.006,5.793261,1.448315,0.923168,00-0036938,2023,TEN,LB,OLB,99.0,1997-11-10,TEN,135.0,26.0
Jonathan Greenard,2020,4,4.475554,1.118889,0.89398,0.006,5.767187,1.441797,1.15198,00-0036224,2023,HOU,DL,DE,52.0,1997-05-25,HOU,90.0,26.0
Trevis Gipson,2023,1,1.25,1.25,0.25,0.006,1.420151,1.420151,0.28403,00-0036305,2023,TEN,LB,OLB,51.0,1997-06-13,CHI,155.0,26.0
Jordan Willis,2023,1,1.2325,1.2325,0.07625,0.005,1.400269,1.400269,0.086629,00-0033912,2023,NO,DL,DE,99.0,1995-05-02,CIN,73.0,28.0
Malik Harrison,2020,4,4.336935,1.084234,0.832292,0.005,5.588563,1.397141,1.072489,00-0036280,2023,BAL,LB,OLB,40.0,1998-03-05,BAL,98.0,26.0
Joshua Kaindoh,2021,4,3.979344,0.994836,0.499344,0.005,5.568901,1.392225,0.698808,00-0036632,2023,KC,DL,DE,59.0,,KC,144.0,
Bruce Irvin,2023,1,1.165,1.165,0.0,0.005,1.323581,1.323581,0.0,00-0029193,2023,MIA,LB,OLB,46.0,1987-11-01,SEA,15.0,36.0
Micheal Clemons,2022,4,4.424096,1.106024,0.764096,0.005,5.427061,1.356765,0.93732,00-0038107,2023,NYJ,DL,DE,72.0,1997-08-21,NYJ,117.0,26.0
Oshane Ximines,2023,1,1.18,1.18,0.2,0.005,1.340623,1.340623,0.227224,00-0035708,2023,NYG,LB,OLB,53.0,1996-12-07,NYG,95.0,27.0
Dylan Horton,2023,4,4.641044,1.160261,0.801044,0.005,5.272788,1.318197,0.910083,00-0039009,2023,HOU,DL,DE,92.0,2000-08-21,HOU,109.0,23.0
Adetomiwa Adebawore,2023,4,4.636912,1.159228,0.796912,0.005,5.268093,1.317023,0.905388,00-0039031,2023,IND,DL,DT,95.0,2001-03-04,IND,110.0,23.0
D.J. Wonnum,2020,4,4.04578,1.011445,0.75078,0.005,5.213381,1.303345,0.967453,00-0036335,2023,MIN,LB,OLB,98.0,1997-10-31,MIN,117.0,26.0
Adetokunbo Ogundeji,2021,4,3.720152,0.930038,0.240152,0.005,5.206174,1.301544,0.336081,00-0036949,2023,ATL,LB,OLB,92.0,1998-10-09,ATL,182.0,25.0
Tavius Robinson,2023,4,4.560564,1.140141,0.720564,0.005,5.181353,1.295338,0.818648,00-0038505,2023,BAL,LB,OLB,95.0,1999-01-03,BAL,124.0,25.0
Isaiah McGuire,2023,4,4.551928,1.137982,0.711928,0.005,5.171541,1.292885,0.808836,00-0038574,2023,CLE,DL,DE,57.0,2001-07-27,CLE,126.0,22.0
Viliami Fehoko,2023,4,4.530756,1.132689,0.690756,0.005,5.147487,1.286872,0.784782,00-0038575,2023,DAL,DL,DE,93.0,1999-12-16,DAL,129.0,24.0
Tarron Jackson,2023,1,0.94,0.94,0.0,0.004,1.067954,1.067954,0.0,00-0036921,2023,PHI,DL,DE,75.0,1998-06-22,PHI,191.0,25.0
Jaylen Twyman,2023,2,1.665,0.8325,0.0,0.004,1.891641,0.945821,0.0,00-0036651,2023,MIA,DL,DT,97.0,,MIN,199.0,
Victor Dimukeje,2021,4,3.64186,0.910465,0.16186,0.005,5.096608,1.274152,0.226515,00-0036896,2023,ARI,LB,OLB,52.0,1999-11-18,ARI,210.0,24.0
Pita Taumoepenu,2023,2,1.995,0.9975,0.0,0.004,2.266561,1.133281,0.0,00-0033298,2023,NYJ,LB,OLB,50.0,1994-03-09,SF,202.0,30.0
Da'Shawn Hand,2023,1,1.08,1.08,0.0,0.005,1.227011,1.227011,0.0,00-0034371,2023,MIA,DL,DE,93.0,1995-11-14,DET,114.0,28.0
Quincy Roche,2023,1,0.94,0.94,0.0,0.004,1.067954,1.067954,0.0,00-0036845,2023,MIN,LB,OLB,48.0,1998-02-10,PIT,216.0,26.0
Jonathon Cooper,2021,4,3.580672,0.895168,0.100672,0.005,5.010979,1.252745,0.140886,00-0036952,2023,DEN,LB,OLB,0.0,1998-01-08,DEN,239.0,26.0
William Bradley-King,2023,1,0.87,0.87,0.0,0.004,0.988425,0.988425,0.0,00-0036664,2023,NE,DL,DE,56.0,1997-12-22,WAS,240.0,26.0
Shaka Toney,2021,4,3.572952,0.893238,0.092952,0.005,5.000175,1.250044,0.130082,00-0036666,2023,WAS,DL,DE,58.0,1998-01-07,WAS,246.0,26.0
Justin Hollins,2023,1,1.08,1.08,0.0,0.005,1.227011,1.227011,0.0,00-0035591,2023,LAC,LB,OLB,58.0,1996-01-15,DEN,156.0,28.0
Tyreke Smith,2023,2,1.665,0.8325,0.0,0.004,1.891641,0.945821,0.0,00-0037080,2023,ARI,LB,OLB,50.0,2000-02-14,SEA,158.0,24.0
Esezi Otomewo,2023,1,0.216,0.216,0.0,0.001,0.245402,0.245402,0.0,00-0037274,2023,JAX,DL,DE,92.0,1999-03-09,MIN,165.0,25.0
Dominique Robinson,2022,4,3.933152,0.983288,0.273152,0.005,4.824818,1.206204,0.335077,00-0037082,2023,CHI,DL,DE,90.0,1998-07-02,CHI,174.0,25.0
Kingsley Enagbare,2022,4,3.902556,0.975639,0.242556,0.005,4.787285,1.196821,0.297545,00-0037083,2023,GB,LB,OLB,55.0,2000-01-18,GB,179.0,24.0
K.J. Henry,2023,4,4.19926,1.049815,0.35926,0.005,4.770867,1.192717,0.408163,00-0038581,2023,WAS,DL,DE,55.0,1999-01-27,WAS,137.0,25.0
Kyron Johnson,2023,2,1.855,0.9275,0.0,0.004,2.107504,1.053752,0.0,00-0037084,2023,PIT,LB,OLB,53.0,1998-07-24,PHI,181.0,25.0
Mike Morris,2023,4,4.162076,1.040519,0.322076,0.005,4.728622,1.182155,0.365917,00-0038591,2023,SEA,DL,DE,94.0,2001-04-22,SEA,151.0,23.0
Amare Barno,2022,4,3.845408,0.961352,0.185408,0.005,4.717182,1.179295,0.227441,00-0037043,2023,CAR,LB,OLB,90.0,1999-04-26,CAR,189.0,24.0
Khalid Kareem,2023,1,1.01,1.01,0.0,0.004,1.147482,1.147482,0.0,00-0036341,2023,CHI,DL,DE,52.0,1998-04-28,CIN,147.0,25.0
Nick Hampton,2023,4,4.139108,1.034777,0.299108,0.005,4.702528,1.175632,0.339823,00-0039076,2023,LA,LB,OLB,31.0,2000-04-05,LA,161.0,24.0
B.J. Thompson,2023,4,4.111648,1.027912,0.271648,0.005,4.67133,1.167832,0.308625,00-0038983,2023,KC,DL,DE,53.0,1999-03-23,KC,166.0,25.0
James Houston,2022,4,3.792012,0.948003,0.132012,0.005,4.65168,1.16292,0.16194,00-0037310,2023,DET,DL,DE,41.0,1998-11-16,DET,217.0,25.0
Robert Beal Jr.,2023,4,4.08498,1.021245,0.24498,0.005,4.641032,1.160258,0.278327,00-0038603,2023,SF,DL,DE,51.0,1999-08-18,SF,173.0,24.0
Cameron Goode,2023,2,1.665,0.8325,0.0,0.004,1.891641,0.945821,0.0,00-0037315,2023,MIA,LB,OLB,53.0,1998-04-15,MIA,224.0,26.0
Daniel Hardy,2023,1,0.252333,0.252333,0.0,0.001,0.286681,0.286681,0.0,00-0037843,2023,CHI,LB,OLB,92.0,1998-12-15,LA,235.0,25.0
Mike Danna,2020,4,3.55866,0.889665,0.26366,0.004,4.58568,1.14642,0.339752,00-0036378,2023,KC,DL,DE,51.0,1997-12-01,KC,177.0,26.0
Jeffrey Gunter,2023,1,0.216,0.216,0.0,0.001,0.245402,0.245402,0.0,00-0037760,2023,CIN,DL,DE,93.0,1999-06-01,CIN,252.0,24.0
Jesse Luketa,2022,4,3.737012,0.934253,0.077012,0.004,4.584212,1.146053,0.094471,00-0037330,2023,ARI,LB,OLB,43.0,1999-01-15,ARI,256.0,25.0
Malik Herring,2021,3,2.45,0.816667,0.15,0.004,3.428658,1.142886,0.209918,00-0036682,2023,KC,DL,DE,94.0,1997-11-09,,,26.0
Ochaun Mathis,2023,4,4.022468,1.005617,0.182468,0.004,4.57001,1.142503,0.207306,00-0039135,2023,LA,LB,OLB,32.0,1999-01-08,LA,189.0,25.0
Jose Ramirez,2023,4,4.016008,1.004002,0.176008,0.004,4.562671,1.140668,0.199966,00-0039053,2023,TB,LB,OLB,33.0,1999-05-09,TB,196.0,24.0
Hamilcar Rashed,2023,2,1.665,0.8325,0.0,0.004,1.891641,0.945821,0.0,00-0036517,2023,SEA,DL,DE,46.0,1998-01-02,,,26.0
Charles Snowden,2023,2,1.665,0.8325,0.0,0.004,1.891641,0.945821,0.0,00-0036711,2023,LV,LB,OLB,48.0,1998-03-27,,,26.0
Bradlee Anae,2022,2,1.835,0.9175,0.0,0.004,2.251004,1.125502,0.0,00-0036379,2023,NYJ,DL,DE,50.0,1998-01-17,DAL,179.0,26.0
Aaron Patrick,2021,3,2.435,0.811667,0.01,0.004,3.407666,1.135889,0.013995,00-0036465,2023,DEN,LB,OLB,94.0,,,,
Kobe Jones,2023,1,0.75,0.75,0.0,0.003,0.852091,0.852091,0.0,00-0036831,2023,CAR,LB,OLB,91.0,,,,
Carlo Kemp,2023,1,0.75,0.75,0.0,0.003,0.852091,0.852091,0.0,00-0036789,2023,LAC,DL,DE,54.0,,,,
Titus Leo,2023,4,3.973332,0.993333,0.133332,0.004,4.514186,1.128546,0.151481,00-0038404,2023,IND,DL,DE,91.0,1999-08-26,IND,211.0,24.0
Andre Jones Jr.,2023,4,3.940272,0.985068,0.100272,0.004,4.476626,1.119156,0.113921,00-0038635,2023,WAS,DL,DE,50.0,1998-10-25,WAS,233.0,25.0
James Smith-Williams,2020,4,3.3927,0.848175,0.0977,0.004,4.371824,1.092956,0.125896,00-0036351,2023,WAS,DL,DE,96.0,1997-07-30,WAS,229.0,26.0
Casey Toohill,2020,4,3.387032,0.846758,0.092032,0.004,4.364521,1.09113,0.118592,00-0036403,2023,WAS,DL,DE,95.0,1996-08-21,PHI,233.0,27.0
Christopher Allen,2022,3,2.59,0.863333,0.18,0.004,3.177166,1.059055,0.220807,00-0037379,2023,DEN,LB,OLB,45.0,,,,
Zach McCloud,2023,2,1.655,0.8325,0.0,0.004,1.88028,0.945821,0.0,00-0037496,2023,IND,DL,DE,53.0,1998-04-22,,,26.0
Kingsley Jonathan,2023,2,1.8585,0.92925,0.0035,0.004,2.111481,1.05574,0.003976,00-0037431,2023,BUF,DL,DE,59.0,1998-04-28,,,25.0
Jeremiah Moon,2023,1,0.75,0.75,0.0,0.003,0.852091,0.852091,0.0,00-0037179,2023,BAL,LB,OLB,48.0,1998-08-18,,,25.0
Arron Mosby,2023,1,0.87,0.87,0.0,0.004,0.988425,0.988425,0.0,00-0037364,2023,GB,LB,OLB,53.0,1999-04-13,,,25.0
Keir Thomas,2023,2,1.855,0.9275,0.0,0.004,2.107504,1.053752,0.0,00-0037057,2023,LA,LB,OLB,96.0,1998-01-25,,,26.0
Luiji Vilain,2023,2,1.855,0.9275,0.0,0.004,2.107504,1.053752,0.0,00-0037499,2023,CAR,LB,OLB,43.0,1998-03-10,,,26.0
Sam Okuayinonu,2023,2,1.855,0.9275,0.0,0.004,2.107504,1.053752,0.0,00-0037602,2023,SF,DL,DE,59.0,1998-05-01,,,25.0
Zach VanValkenburg,2023,2,1.665,0.8325,0.0,0.004,1.891641,0.945821,0.0,00-0037515,2023,LA,LB,OLB,51.0,1998-02-17,,,26.0
De'Shaan Dixon,2023,1,0.216,0.216,0.0,0.001,0.245402,0.245402,0.0,00-0037061,2023,JAX,LB,OLB,47.0,1998-12-16,,,25.0
Tomon Fox,2023,1,0.252333,0.252333,0.0,0.001,0.286681,0.286681,0.0,00-0037447,2023,NYG,LB,OLB,94.0,1998-03-16,,,26.0
Owen Carney Jr.,2023,1,0.75,0.75,0.0,0.003,0.852091,0.852091,0.0,00-0037346,2023,CIN,DL,DE,90.0,,,,
Benton Whitley,2023,1,0.87,0.87,0.0,0.004,0.988425,0.988425,0.0,00-0037638,2023,NYG,LB,OLB,48.0,1999-02-12,,,25.0
Ty Shelby,2023,2,1.545,0.7725,0.0,0.003,1.755307,0.877653,0.0,00-0037474,2023,LAC,DL,DE,59.0,1998-10-14,,,25.0
Josh Onujiogu,2022,3,2.565,0.855,0.005,0.004,3.146499,1.048833,0.006134,00-0037149,2023,SEA,DL,DE,49.0,1998-03-03,,,26.0
Ryder Anderson,2023,1,0.216,0.216,0.0,0.001,0.245402,0.245402,0.0,00-0037621,2023,NYG,DL,DT,90.0,1998-10-15,,,25.0
Andre Carter II,2023,3,2.735,0.911667,0.34,0.004,3.107291,1.035764,0.386281,00-0038801,2023,MIN,LB,OLB,55.0,2000-06-02,,,23.0
Eku Leota,2023,3,2.72,0.906667,0.175,0.004,3.090249,1.030083,0.198821,00-0038782,2023,CAR,LB,OLB,46.0,1999-05-11,,,24.0
D.J. Coleman,2023,3,2.72,0.906667,0.125,0.004,3.090249,1.030083,0.142015,00-0038666,2023,JAX,DL,DE,54.0,1998-09-22,,,25.0
Lonnie Phelps,2023,3,2.72,0.906667,0.25,0.004,3.090249,1.030083,0.28403,00-0038718,2023,CLE,DL,DE,63.0,2000-08-24,,,23.0
Truman Jones,2023,3,2.715,0.905,0.236,0.004,3.084569,1.02819,0.268125,00-0038514,2023,KC,DL,DE,57.0,2000-05-13,,,23.0
Thomas Incoom,2023,3,2.715,0.905,0.2,0.004,3.084569,1.02819,0.227224,00-0038791,2023,DEN,LB,OLB,59.0,1999-02-19,,,25.0
Tyrus Wheat,2023,3,2.715,0.905,0.2,0.004,3.084569,1.02819,0.227224,00-0038742,2023,DAL,DL,DE,91.0,1999-12-08,,,24.0
David Perales,2023,3,2.71,0.903333,0.015,0.004,3.078888,1.026296,0.017042,00-0038746,2023,PIT,DL,DE,40.0,1999-04-09,,,25.0
Brevin Allen,2023,3,2.71,0.903333,0.025,0.004,3.078888,1.026296,0.028403,00-0038856,2023,LAC,DL,DE,90.0,2000-09-22,,,23.0
Jeremiah Martin,2023,3,2.71,0.903333,0.115,0.004,3.078888,1.026296,0.130654,00-0038716,2023,NYG,DL,DE,69.0,2000-07-10,,,23.0
Habakkuk Baldonado,2023,3,2.71,0.903333,0.115,0.004,3.078888,1.026296,0.130654,00-0038473,2023,NYG,DL,DE,45.0,,,,
Thomas Rush,2023,3,2.71,0.903333,0.175,0.004,3.078888,1.026296,0.198821,00-0038854,2023,TEN,LB,OLB,48.0,2000-01-31,,,24.0
Deslin Alexandre,2023,3,2.71,0.903333,0.035,0.004,3.078888,1.026296,0.039764,00-0038491,2023,GB,DL,DE,50.0,1998-06-11,,,25.0
Durrell Johnson,2023,3,2.705,0.901667,0.15,0.004,3.073207,1.024403,0.170418,00-0038736,2023,DAL,DL,DE,51.0,1998-06-26,,,25.0
Adam Plant,2023,3,2.075,0.901667,0.04,0.004,2.357451,1.024403,0.045445,00-0038919,2023,LV,DL,DE,52.0,,,,
Brandon Bouyer-Randle,2023,3,2.705,0.901667,0.01,0.004,3.073207,1.024403,0.011361,00-0038815,2023,WAS,LB,OLB,46.0,1997-05-02,,,26.0
Andrew Farmer,2023,3,2.705,0.901667,0.01,0.004,3.073207,1.024403,0.011361,00-0038865,2023,LAC,LB,OLB,92.0,2000-04-19,,,24.0
Garrett Nelson,2023,3,2.705,0.901667,0.085,0.004,3.073207,1.024403,0.09657,00-0038693,2023,CIN,DL,DE,56.0,2000-03-01,,,24.0
Jalen Harris,2023,3,2.705,0.901667,0.01,0.004,3.073207,1.024403,0.011361,00-0038423,2023,WAS,DL,DE,56.0,1999-02-26,,,25.0
Ali Gaye,2023,3,2.705,0.901666,0.08,0.004,3.073207,1.024402,0.09089,00-0038724,2023,HOU,DL,DE,90.0,1997-11-29,,,26.0
Brenton Cox Jr.,2023,3,2.704,0.901333,0.009,0.004,3.072071,1.024023,0.010225,00-0038463,2023,GB,LB,OLB,57.0,2000-01-30,,,24.0
Niko Lalos,2023,1,0.87,0.87,0.0,0.004,0.988425,0.988425,0.0,00-0035816,2023,NO,DL,DE,57.0,1997-06-25,,,26.0
George Tarlas,2023,3,2.7,0.9,0.005,0.004,3.067527,1.022509,0.005681,00-0038921,2023,LV,DL,DE,79.0,,,,
Randy Charlton,2023,3,2.7,0.9,0.045,0.004,3.067527,1.022509,0.051125,00-0038686,2023,MIA,DL,DE,90.0,,,,
Caleb Murphy,2023,3,2.7,0.9,0.015,0.004,3.067527,1.022509,0.017042,00-0038851,2023,TEN,LB,OLB,42.0,1999-12-15,,,24.0
Keshawn Banks,2023,3,2.7,0.9,0.005,0.004,3.067527,1.022509,0.005681,00-0038462,2023,GB,DL,DE,51.0,1999-12-21,,,24.0
Mitchell Agude,2023,3,2.7,0.9,0.025,0.004,3.067527,1.022509,0.028403,00-0038682,2023,DET,LB,OLB,50.0,1999-03-10,,,25.0
Joshua Pryor,2023,3,2.6975,0.899167,0.0025,0.004,3.064686,1.021563,0.00284,00-0038835,2023,WAS,DL,DT,59.0,1999-10-25,,,24.0
Malik Hamm,2023,3,2.697,0.899,0.002,0.004,3.064118,1.021373,0.002272,00-0038448,2023,BAL,DL,DE,59.0,2000-08-26,,,23.0
Kelle Sanders,2023,3,2.696,0.898667,0.001,0.004,3.062982,1.020994,0.001136,00-0038461,2023,BAL,LB,ILB,56.0,,,,
Marcus Haynes,2023,3,2.696,0.898667,0.001,0.004,3.062982,1.020994,0.001136,00-0038790,2023,DEN,DL,DE,52.0,1998-04-07,,,26.0
Markees Watts,2023,3,2.696,0.898667,0.001,0.004,3.062982,1.020994,0.001136,00-0038958,2023,TB,LB,OLB,58.0,1999-12-07,,,24.0
Jordan Ferguson,2023,3,2.695,0.898333,0.0,0.004,3.061846,1.020615,0.0,00-0039037,2023,SEA,DL,DE,42.0,,,,
Toby Ndukwe,2023,3,2.695,0.898333,0.0,0.004,3.061846,1.020615,0.0,00-0039016,2023,PIT,DL,DE,45.0,,,,
D'Anthony Jones,2023,3,2.695,0.898333,0.0,0.004,3.061846,1.020615,0.0,00-0038524,2023,CHI,DL,DE,63.0,,,,
Alex Barrett,2023,1,0.87,0.87,0.0,0.004,0.988425,0.988425,0.0,00-0033746,2023,SF,DL,DE,58.0,1994-03-06,,,30.0
Shaquille Leonard,2023,1,1.583333,1.583333,0.0,0.007,1.798858,1.798858,0.0,00-0034846,2023,PHI,LB,MLB,53.0,1995-07-27,IND,36.0,28.0
Fred Warner,2021,5,95.225,19.045,40.5,0.104,133.262822,26.652564,56.677808,00-0034815,2023,SF,LB,ILB,54.0,1996-11-19,SF,70.0,27.0
Bobby Wagner,2023,1,5.5,5.5,4.48,0.024,6.248665,6.248665,5.089822,00-0029255,2023,SEA,LB,ILB,54.0,1990-06-27,SEA,47.0,33.0
C.J. Mosley,2019,5,85.0,17.0,51.0,0.09,115.350691,23.070138,69.210414,00-0031296,2023,NYJ,LB,ILB,57.0,1992-06-19,BAL,17.0,31.0
Roquan Smith,2023,5,100.0,20.0,60.0,0.089,113.6121,22.72242,68.16726,00-0034874,2023,BAL,LB,ILB,0.0,1997-04-08,CHI,8.0,27.0
Tremaine Edmunds,2023,4,72.0,18.0,50.0,0.08,81.800712,20.450178,56.80605,00-0034673,2023,CHI,LB,ILB,49.0,1998-05-02,BUF,16.0,25.0
Myles Jack,2023,1,1.775,1.775,0.025,0.008,2.016615,2.016615,0.028403,00-0032968,2023,PIT,LB,ILB,16.0,1995-09-03,JAX,36.0,28.0
Deion Jones,2023,1,1.24,1.24,0.0,0.006,1.40879,1.40879,0.0,00-0032388,2023,CAR,LB,ILB,40.0,1994-11-04,ATL,52.0,29.0
Zach Cunningham,2023,1,1.775,1.775,0.014,0.008,2.016615,2.016615,0.015906,00-0033547,2023,PHI,LB,ILB,52.0,1994-12-02,HOU,57.0,29.0
Foyesade Oluokun,2022,3,45.0,15.0,28.0,0.072,55.201729,18.400576,34.347743,00-0034413,2023,JAX,LB,ILB,23.0,1995-08-02,ATL,200.0,28.0
Shaq Thompson,2023,2,12.6,6.3,8.5,0.028,14.315125,7.157562,9.657028,00-0031550,2023,CAR,LB,ILB,7.0,1994-04-21,CAR,25.0,30.0
Kwon Alexander,2023,1,1.3175,1.3175,0.1525,0.006,1.496839,1.496839,0.173258,00-0032109,2023,PIT,LB,OLB,54.0,1994-08-03,TB,124.0,29.0
Anthony Barr,2023,1,1.165,1.165,0.0,0.005,1.323581,1.323581,0.0,00-0031256,2023,MIN,LB,OLB,54.0,1992-03-18,MIN,9.0,32.0
Lavonte David,2023,1,4.5,4.5,4.5,0.02,5.112544,5.112544,5.112544,00-0029562,2023,TB,LB,ILB,54.0,1990-01-23,TB,58.0,34.0
Jerome Baker,2021,3,37.5,12.5,28.41,0.068,52.479452,17.493151,39.758433,00-0034797,2023,MIA,LB,ILB,55.0,1996-12-25,MIA,73.0,27.0
Jaylon Smith,2023,1,1.08,1.08,0.0,0.005,1.227011,1.227011,0.0,00-0033052,2023,PIT,LB,MLB,54.0,1995-06-14,DAL,34.0,28.0
Matt Milano,2023,2,28.33,14.165,27.15,0.063,32.186308,16.093154,30.845685,00-0033571,2023,BUF,LB,MLB,58.0,1994-07-28,BUF,163.0,29.0
Cory Littleton,2023,1,2.4,2.4,0.6,0.011,2.72669,2.72669,0.681673,00-0032677,2023,HOU,LB,OLB,42.0,1993-11-18,,,30.0
Eric Kendricks,2023,2,13.25,6.625,6.75,0.029,15.053603,7.526802,7.668817,00-0031554,2023,LAC,LB,ILB,6.0,1992-02-29,MIN,45.0,32.0
Blake Martinez,2023,1,1.165,1.165,0.0,0.005,1.323581,1.323581,0.0,00-0032408,2023,PIT,LB,ILB,40.0,1994-01-09,GB,131.0,30.0
De'Vondre Campbell,2022,5,50.0,10.0,15.0,0.048,61.335255,12.267051,18.400576,00-0032401,2023,GB,LB,ILB,59.0,1993-07-01,ATL,115.0,30.0
Demario Davis,2022,3,28.0,9.333333,7.38,0.045,34.347743,11.449247,9.053084,00-0029607,2023,NO,LB,MLB,56.0,1989-01-11,NYJ,77.0,35.0
Jordan Hicks,2023,1,3.5,3.5,3.25,0.016,3.976423,3.976423,3.692393,00-0032129,2023,MIN,LB,ILB,58.0,1992-06-27,PHI,84.0,31.0
Bobby Okereke,2023,4,40.0,10.0,21.8,0.044,45.44484,11.36121,24.767438,00-0035687,2023,NYG,LB,MLB,58.0,1996-07-29,IND,89.0,27.0
Logan Wilson,2023,4,36.0,9.0,10.0,0.04,40.900356,10.225089,11.36121,00-0036294,2023,CIN,LB,ILB,55.0,1996-07-08,CIN,65.0,27.0
Dre Greenlaw,2022,2,16.4,8.2,10.008301,0.039,20.117963,10.058982,12.277234,00-0034982,2023,SF,LB,ILB,57.0,1997-05-25,SF,148.0,26.0
Devin White,2019,4,29.315814,7.328954,29.315814,0.039,39.783522,9.945881,39.783522,00-0035707,2023,TB,LB,ILB,45.0,1998-02-17,TB,5.0,26.0
Nick Kwiatkoski,2023,1,1.165,1.165,0.0,0.005,1.323581,1.323581,0.0,00-0032773,2023,PIT,LB,ILB,53.0,1993-05-26,CHI,113.0,30.0
Christian Kirksey,2023,1,0.315,0.315,0.0,0.001,0.357878,0.357878,0.0,00-0031361,2023,BUF,LB,OLB,55.0,1992-08-31,CLE,71.0,31.0
Kaden Elliss,2023,1,21.5,7.166667,10.16,0.032,24.426601,8.142201,11.542989,00-0035316,2023,ATL,LB,ILB,55.0,1995-06-10,NO,244.0,28.0
A.J. Klein,2023,1,1.3175,1.3175,0.1,0.006,1.496839,1.496839,0.113612,00-0030463,2023,BUF,LB,OLB,52.0,1991-07-30,CAR,148.0,32.0
Jarrad Davis,2023,1,1.18,1.18,0.0,0.005,1.340623,1.340623,0.0,00-0033539,2023,NYG,LB,ILB,57.0,1994-11-16,DET,21.0,29.0
Germaine Pratt,2023,3,20.25,6.75,7.0,0.03,23.00645,7.668817,7.952847,00-0035697,2023,CIN,LB,OLB,57.0,1996-05-21,CIN,72.0,27.0
Ja'Whaun Bentley,2023,2,13.5,6.75,9.0,0.03,15.337633,7.668817,10.225089,00-0034385,2023,NE,LB,ILB,8.0,1996-08-24,NE,143.0,27.0
T.J. Edwards,2023,3,19.5,6.5,12.025,0.029,22.154359,7.384786,13.661855,00-0035386,2023,CHI,LB,ILB,53.0,1996-08-12,,,27.0
Alex Anzalone,2023,3,18.75,6.25,9.0,0.028,21.302269,7.100756,10.225089,00-0033914,2023,DET,LB,ILB,34.0,1994-09-22,NO,76.0,29.0
Cole Holcomb,2023,3,18.0,6.0,4.92,0.027,20.450178,6.816726,5.589715,00-0035286,2023,PIT,LB,ILB,55.0,1996-07-30,WAS,173.0,27.0
Quincy Williams,2023,3,18.0,6.0,9.0,0.027,20.450178,6.816726,10.225089,00-0035680,2023,NYJ,LB,ILB,56.0,1996-08-28,JAX,98.0,27.0
Alex Singleton,2023,3,18.0,6.0,9.0,0.027,20.450178,6.816726,10.225089,00-0031898,2023,DEN,LB,ILB,49.0,1993-12-07,,,30.0
Josey Jewell,2022,2,11.0,5.5,6.0,0.026,13.493756,6.746878,7.360231,00-0034368,2023,DEN,LB,ILB,47.0,1994-12-25,DEN,106.0,29.0
Isaiah Simmons,2020,4,20.664054,5.166014,20.664054,0.026,26.627646,6.656912,26.627646,00-0036356,2023,NYG,LB,MLB,19.0,1998-07-26,ARI,8.0,25.0
Devin Bush,2023,1,3.5,3.5,2.99,0.016,3.976423,3.976423,3.397002,00-0035525,2023,SEA,LB,ILB,0.0,1998-07-18,PIT,10.0,25.0
Nicholas Morrow,2023,1,1.155,1.155,0.0,0.005,1.31222,1.31222,0.0,00-0033445,2023,PHI,LB,OLB,41.0,1995-10-07,,,28.0
Azeez Al-Shaair,2023,1,5.0,5.0,4.25,0.022,5.680605,5.680605,4.828514,00-0035166,2023,TEN,LB,ILB,2.0,1997-08-04,,,26.0
David Long Jr.,2023,2,10.0,5.0,6.5,0.022,11.36121,5.680605,7.384786,00-0035292,2023,MIA,LB,ILB,51.0,1996-10-12,TEN,188.0,27.0
Kyzir White,2023,2,10.0,5.0,6.0,0.022,11.36121,5.680605,6.816726,00-0034375,2023,ARI,LB,ILB,7.0,1996-03-24,LAC,119.0,28.0
Keanu Neal,2023,2,4.25,2.125,0.92,0.009,4.828514,2.414257,1.045231,00-0032382,2023,PIT,DB,FS,31.0,1995-07-26,ATL,17.0,28.0
Anthony Walker Jr.,2023,1,1.2325,1.2325,0.6525,0.005,1.400269,1.400269,0.741319,00-0033570,2023,CLE,LB,MLB,5.0,1995-08-08,IND,161.0,28.0
Kamu Grugier-Hill,2023,1,1.3175,1.3175,0.1525,0.006,1.496839,1.496839,0.173258,00-0032437,2023,CAR,LB,ILB,54.0,1994-05-16,NE,208.0,29.0
Jamin Davis,2021,4,13.794176,3.448544,13.794176,0.019,19.304288,4.826072,19.304288,00-0036614,2023,WAS,LB,OLB,52.0,1998-12-12,WAS,19.0,25.0
Alexander Johnson,2023,1,1.08,1.08,0.0,0.005,1.227011,1.227011,0.0,00-0034887,2023,MIA,LB,ILB,42.0,1991-12-24,,,32.0
Tyler Matakevich,2023,1,2.5,2.5,2.5,0.011,2.840302,2.840302,2.840302,00-0032366,2023,BUF,LB,MLB,44.0,1992-12-22,PIT,246.0,31.0
Jalen Reeves-Maybin,2023,1,1.75,1.75,0.5,0.008,1.988212,1.988212,0.56806,00-0033557,2023,DET,LB,OLB,42.0,1995-01-31,DET,124.0,29.0
E.J. Speed,2023,2,8.0,4.0,3.92,0.018,9.088968,4.544484,4.453594,00-0034987,2023,IND,LB,OLB,45.0,1995-06-01,IND,164.0,28.0
Leighton Vander Esch,2023,2,8.0,4.0,5.0,0.018,9.088968,4.544484,5.680605,00-0034674,2023,DAL,LB,ILB,55.0,1996-02-08,DAL,19.0,28.0
Quay Walker,2022,4,13.841644,3.460411,13.841644,0.017,16.979615,4.244904,16.979615,00-0037074,2023,GB,LB,ILB,7.0,2000-05-08,GB,22.0,23.0
Damien Wilson,2023,1,0.3708,0.3708,0.0,0.002,0.421274,0.421274,0.0,00-0032215,2023,DAL,LB,MLB,57.0,1993-05-28,DAL,127.0,30.0
Denzel Perryman,2023,1,2.6,2.6,0.5,0.012,2.953915,2.953915,0.56806,00-0032103,2023,HOU,LB,ILB,6.0,1992-12-05,SD,48.0,31.0
Jack Campbell,2023,4,14.722018,3.680505,14.722018,0.016,16.725994,4.181499,16.725994,00-0039018,2023,DET,LB,ILB,46.0,2000-08-22,DET,18.0,23.0
Kenneth Murray,2020,4,12.974944,3.243736,12.974944,0.016,16.719479,4.17987,16.719479,00-0036441,2023,LAC,LB,ILB,9.0,1998-11-16,LAC,23.0,25.0
Rashaan Evans,2023,1,1.08,1.08,0.0,0.005,1.227011,1.227011,0.0,00-0034743,2023,DAL,LB,ILB,32.0,1995-11-08,TEN,22.0,28.0
Zaire Franklin,2022,3,10.0,3.333333,4.0,0.016,12.267051,4.089017,4.90682,00-0034431,2023,IND,LB,OLB,44.0,1996-07-02,IND,235.0,27.0
Cody Barton,2023,1,3.5,3.5,3.5,0.016,3.976423,3.976423,3.976423,00-0035672,2023,WAS,LB,MLB,57.0,1996-11-13,SEA,88.0,27.0
Robert Spillane,2023,2,7.0,3.5,4.245,0.016,7.952847,3.976423,4.822834,00-0034720,2023,LV,LB,OLB,41.0,1995-12-14,,,28.0
Elandon Roberts,2023,2,7.0,3.5,2.335,0.016,7.952847,3.976423,2.652843,00-0032442,2023,PIT,LB,ILB,50.0,1994-04-22,NE,214.0,30.0
Devin Lloyd,2022,4,12.936608,3.234152,12.936608,0.016,15.869403,3.967351,15.869403,00-0037244,2023,JAX,LB,ILB,33.0,1998-09-30,JAX,27.0,25.0
Jordyn Brooks,2020,4,12.235604,3.058901,12.121679,0.015,15.766767,3.941692,15.619964,00-0036409,2023,SEA,LB,ILB,56.0,1997-10-21,SEA,27.0,26.0
Patrick Queen,2020,4,12.16167,3.040418,11.843261,0.015,15.671496,3.917875,15.261195,00-0036323,2023,BAL,LB,ILB,6.0,1999-08-13,BAL,28.0,24.0
Nick Bellore,2023,2,6.6,3.3,2.3,0.015,7.498399,3.749199,2.613078,00-0028292,2023,SEA,LB,ILB,44.0,1989-05-12,,,34.0
Duke Riley,2023,2,5.0,2.5,2.25,0.011,5.680605,2.840302,2.556272,00-0033549,2023,MIA,LB,ILB,45.0,1994-08-09,ATL,75.0,29.0
David Mayo,2023,1,1.3175,1.3175,0.1525,0.006,1.496839,1.496839,0.173258,00-0031596,2023,WAS,LB,MLB,51.0,1993-08-18,CAR,169.0,30.0
Drue Tranquill,2023,1,3.0,3.0,2.45,0.013,3.408363,3.408363,2.783496,00-0035262,2023,KC,LB,ILB,23.0,1995-08-15,LAC,130.0,28.0
Travin Howard,2023,1,1.01,1.01,0.0,0.004,1.147482,1.147482,0.0,00-0034812,2023,BUF,LB,MLB,45.0,1996-05-10,LA,231.0,27.0
Oren Burks,2022,2,5.0,2.5,1.365,0.012,6.133525,3.066763,1.674452,00-0034754,2023,SF,LB,OLB,48.0,1995-03-21,GB,88.0,29.0
Zeke Turner,2023,1,2.0,2.0,0.6525,0.009,2.272242,2.272242,0.741319,00-0034490,2023,ARI,LB,ILB,47.0,1996-06-09,,,27.0
Sione Takitaki,2023,1,2.5825,2.5825,1.2325,0.011,2.934032,2.934032,1.400269,00-0035646,2023,CLE,LB,OLB,44.0,1995-06-08,CLE,80.0,28.0
Chris Board,2023,2,5.0,2.5,2.6,0.011,5.680605,2.840302,2.953915,00-0034787,2023,NE,LB,OLB,45.0,1995-07-23,,,28.0
Jahlani Tavai,2022,2,4.4,2.2,2.0,0.011,5.397502,2.698751,2.45341,00-0035240,2023,NE,LB,ILB,48.0,1996-09-28,DET,43.0,27.0
Nick Vigil,2023,1,1.165,1.165,0.0,0.005,1.323581,1.323581,0.0,00-0032892,2023,MIN,LB,ILB,59.0,1993-08-20,CIN,87.0,30.0
Neville Hewitt,2023,1,1.7,1.7,0.3,0.008,1.931406,1.931406,0.340836,00-0031740,2023,HOU,LB,ILB,43.0,1993-04-06,,,31.0
Tanner Vallejo,2023,1,1.08,1.08,0.0,0.005,1.227011,1.227011,0.0,00-0033580,2023,MIN,LB,ILB,54.0,1994-12-16,BUF,195.0,29.0
Tyrel Dodson,2023,1,2.01,2.01,2.01,0.009,2.283603,2.283603,2.283603,00-0035352,2023,BUF,LB,MLB,25.0,1998-06-25,,,25.0
Luke Gifford,2023,2,4.0,2.0,1.0,0.009,4.544484,2.272242,1.136121,00-0035413,2023,TEN,LB,OLB,57.0,1995-08-28,,,28.0
Jeremiah Owusu-Koramoah,2021,4,6.476224,1.619056,3.684354,0.009,9.063165,2.265791,5.156077,00-0036915,2023,CLE,LB,OLB,6.0,1999-11-04,CLE,52.0,24.0
Blake Cashman,2022,1,1.8,1.8,0.85,0.009,2.208069,2.208069,1.042699,00-0035276,2023,HOU,LB,ILB,53.0,1996-05-10,NYJ,157.0,27.0
Ben Niemann,2023,1,1.08,1.08,0.0,0.005,1.227011,1.227011,0.0,00-0034296,2023,DEN,LB,ILB,57.0,1995-07-27,,,28.0
Demetrius Flannigan-Fowles,2023,1,1.825,1.825,1.25,0.008,2.073421,2.073421,1.420151,00-0035020,2023,SF,LB,OLB,45.0,1996-09-04,,,27.0
Sam Eguavoen,2023,1,1.08,1.08,0.0,0.005,1.227011,1.227011,0.0,00-0034902,2023,NYJ,LB,ILB,52.0,1993-02-22,,,31.0
Nick Bolton,2021,4,5.83404,1.45851,3.18812,0.008,8.164459,2.041115,4.461621,00-0036621,2023,KC,LB,ILB,32.0,2000-03-10,KC,58.0,24.0
Pete Werner,2021,4,5.684682,1.421171,3.072707,0.008,7.95544,1.988861,4.300106,00-0036927,2023,NO,LB,OLB,20.0,1999-06-05,NO,60.0,24.0
Josh Woods,2023,1,1.2325,1.2325,0.7775,0.005,1.400269,1.400269,0.883334,00-0034801,2023,ARI,LB,ILB,10.0,1996-07-01,,,27.0
Troy Andersen,2022,4,6.103574,1.525894,3.306399,0.007,7.487285,1.871822,4.055976,00-0037810,2023,ATL,LB,ILB,44.0,1999-04-23,ATL,58.0,25.0
Raekwon McMillan,2023,1,1.6,1.6,0.575,0.007,1.817794,1.817794,0.65327,00-0033461,2023,NE,LB,ILB,50.0,1995-11-17,MIA,54.0,28.0
Mack Wilson,2023,1,1.6,1.6,0.575,0.007,1.817794,1.817794,0.65327,00-0035144,2023,NE,LB,ILB,3.0,1998-02-14,CLE,155.0,26.0
Chazz Surratt,2023,2,1.855,0.9275,0.0,0.004,2.107504,1.053752,0.0,00-0037003,2023,NYJ,LB,ILB,55.0,1997-02-16,MIN,78.0,27.0
Tae Davis,2023,1,1.2325,1.2325,0.1015,0.005,1.400269,1.400269,0.115316,00-0034500,2023,CAR,LB,ILB,33.0,1996-08-14,,,27.0
Divine Deablo,2021,4,4.980836,1.245209,0.982424,0.007,6.970441,1.74261,1.374855,00-0036990,2023,LV,LB,MLB,5.0,1998-08-17,LV,80.0,25.0
Khaleke Hudson,2023,1,1.5,1.5,0.3,0.007,1.704181,1.704181,0.340836,00-0036343,2023,WAS,LB,OLB,47.0,1997-12-06,WAS,162.0,26.0
"Willie Gay, Jr.",2020,4,5.271046,1.317762,2.853081,0.007,6.792256,1.698065,3.676473,00-0036362,2023,KC,LB,OLB,50.0,1998-02-15,KC,63.0,26.0
Monty Rice,2021,4,4.848858,1.212215,0.88644,0.007,6.785744,1.696437,1.24053,00-0037000,2023,NO,LB,ILB,59.0,1999-01-08,TEN,92.0,25.0
Brian Asamoah,2022,4,5.486844,1.371711,1.170432,0.007,6.730739,1.682685,1.435775,00-0037822,2023,MIN,LB,ILB,33.0,2000-03-29,MIN,66.0,24.0
Marcell Harris,2023,1,0.3708,0.3708,0.0,0.002,0.421274,0.421274,0.0,00-0034730,2023,HOU,LB,OLB,44.0,1994-06-09,SF,184.0,29.0
Chad Muma,2022,4,5.426116,1.356529,1.126264,0.007,6.656244,1.664061,1.381594,00-0037811,2023,JAX,LB,ILB,48.0,1999-08-18,JAX,70.0,24.0
Christian Harris,2022,4,5.348258,1.337065,1.06964,0.006,6.560735,1.640184,1.312133,00-0037823,2023,HOU,LB,ILB,48.0,2001-01-16,HOU,75.0,23.0
Ernest Jones,2021,4,4.685354,1.171339,0.840616,0.006,6.556928,1.639233,1.176402,00-0036994,2023,LA,LB,ILB,53.0,1999-11-22,LA,103.0,24.0
Drew Sanders,2023,4,5.734732,1.433683,1.170712,0.006,6.515349,1.628837,1.33007,00-0039003,2023,DEN,LB,ILB,41.0,2000-12-31,DEN,67.0,23.0
Nakobe Dean,2022,4,5.204642,1.301161,0.965192,0.006,6.384561,1.596141,1.184006,00-0037615,2023,PHI,LB,ILB,17.0,2000-12-13,PHI,83.0,23.0
Marte Mapu,2023,4,5.563708,1.390927,1.046332,0.006,6.321045,1.580261,1.18876,00-0039054,2023,NE,LB,ILB,30.0,1999-11-08,NE,76.0,24.0
Miles Killebrew,2022,2,4.0,2.0,0.965,0.01,4.90682,2.45341,1.18377,00-0032399,2023,PIT,DB,SS,28.0,1993-05-10,DET,111.0,30.0
Terrel Bernard,2022,4,5.132864,1.283216,0.912992,0.006,6.29651,1.574128,1.119972,00-0037254,2023,BUF,LB,MLB,43.0,1999-05-07,BUF,89.0,24.0
Calvin Munson,2023,1,1.01,1.01,0.0,0.004,1.147482,1.147482,0.0,00-0033716,2023,MIA,LB,ILB,50.0,1994-12-27,,,29.0
Channing Tindall,2022,4,5.044904,1.261226,0.84902,0.006,6.188609,1.547152,1.041497,00-0037813,2023,MIA,LB,ILB,41.0,2000-03-28,MIA,102.0,24.0
Leo Chenal,2022,4,5.044904,1.261226,0.84902,0.006,6.188609,1.547152,1.041497,00-0037819,2023,KC,LB,OLB,54.0,2000-10-26,KC,103.0,23.0
Zack Baun,2020,4,4.787121,1.19678,1.059048,0.006,6.168672,1.542168,1.364686,00-0036418,2023,NO,LB,OLB,53.0,1996-12-30,NO,74.0,27.0
Daiyan Henley,2023,4,5.420426,1.355107,0.942128,0.006,6.15826,1.539566,1.070371,00-0038553,2023,LAC,LB,ILB,0.0,1999-11-18,LAC,85.0,24.0
Trenton Simpson,2023,4,5.404502,1.351126,0.930548,0.006,6.140168,1.535043,1.057215,00-0038504,2023,BAL,LB,ILB,30.0,2001-06-14,BAL,86.0,22.0
DeMarvion Overshown,2023,4,5.390022,1.347506,0.920016,0.006,6.123717,1.53093,1.045249,00-0038556,2023,DAL,LB,ILB,35.0,2000-08-13,DAL,90.0,23.0
Dorian Williams,2023,4,5.382806,1.345702,0.914768,0.006,6.115519,1.52888,1.039287,00-0038557,2023,BUF,LB,MLB,42.0,2001-06-28,BUF,91.0,22.0
Joseph Jones,2023,1,1.08,1.08,0.0,0.005,1.227011,1.227011,0.0,00-0033659,2023,TEN,LB,ILB,52.0,1994-02-21,,,30.0
Derrick Barnes,2021,4,4.261208,1.065302,0.781208,0.006,5.963356,1.490839,1.093263,00-0036964,2023,DET,LB,ILB,55.0,1999-05-29,DET,113.0,24.0
Jabril Cox,2023,1,0.94,0.94,0.0,0.004,1.067954,1.067954,0.0,00-0036882,2023,WAS,LB,ILB,41.0,1998-04-16,DAL,115.0,26.0
Matthew Adams,2023,1,1.2325,1.2325,0.3,0.005,1.400269,1.400269,0.340836,00-0034424,2023,CLE,LB,OLB,40.0,1995-12-12,IND,221.0,28.0
Genard Avery,2023,1,1.08,1.08,0.0,0.005,1.227011,1.227011,0.0,00-0034682,2023,IND,DL,DE,92.0,1995-04-26,CLE,150.0,28.0
Dylan Cole,2023,1,1.2325,1.2325,0.1,0.005,1.400269,1.400269,0.113612,00-0033765,2023,CHI,LB,ILB,55.0,1994-05-19,,,29.0
Jordan Kunaszyk,2023,1,1.2325,1.2325,0.5,0.005,1.400269,1.400269,0.56806,00-0035444,2023,CLE,LB,MLB,51.0,1996-10-15,,,27.0
Troy Reeder,2023,1,1.2325,1.2325,0.1,0.005,1.400269,1.400269,0.113612,00-0035617,2023,LA,LB,ILB,59.0,1994-09-13,,,29.0
Jacob Phillips,2020,4,4.34431,1.086078,0.832292,0.005,5.598066,1.399517,1.072489,00-0036276,2023,CLE,LB,MLB,50.0,1999-04-01,CLE,97.0,25.0
Buddy Johnson,2023,1,0.87,0.87,0.0,0.004,0.988425,0.988425,0.0,00-0036870,2023,DAL,LB,ILB,57.0,1999-02-27,PIT,140.0,25.0
Davion Taylor,2023,1,0.94,0.94,0.0,0.004,1.067954,1.067954,0.0,00-0036393,2023,ARI,LB,OLB,50.0,1998-08-05,PHI,103.0,25.0
Brandon Smith,2023,1,0.216,0.216,0.0,0.001,0.245402,0.245402,0.0,00-0038113,2023,PHI,LB,ILB,47.0,2001-04-12,CAR,120.0,23.0
Jamien Sherwood,2021,4,3.834856,0.958714,0.354856,0.005,5.366697,1.341674,0.496604,00-0036500,2023,NYJ,LB,ILB,44.0,2000-01-12,NYJ,146.0,24.0
Tony Fields II,2021,4,3.809752,0.952438,0.329752,0.005,5.331565,1.332891,0.461472,00-0036634,2023,CLE,LB,OLB,42.0,1999-06-18,CLE,153.0,24.0
Akeem Davis-Gaither,2020,4,4.112508,1.028127,0.817508,0.005,5.299367,1.324842,1.053439,00-0036298,2023,CIN,LB,OLB,59.0,1997-09-21,CIN,107.0,26.0
Garret Wallow,2023,2,1.995,0.9975,0.0,0.004,2.266561,1.133281,0.0,00-0036844,2023,TEN,LB,OLB,54.0,1999-01-25,HOU,170.0,25.0
Joe Bachie,2023,1,1.16,1.16,0.075,0.005,1.3179,1.3179,0.085209,00-0035895,2023,CIN,LB,ILB,49.0,1998-02-26,,,26.0
K.J. Britt,2021,4,3.746296,0.936574,0.266296,0.005,5.242762,1.31069,0.372668,00-0036643,2023,TB,LB,ILB,52.0,1999-06-04,TB,176.0,24.0
Mykal Walker,2023,1,1.01,1.01,0.0,0.004,1.147482,1.147482,0.0,00-0036300,2023,PIT,LB,ILB,38.0,1997-08-28,ATL,119.0,26.0
Cameron McGrone,2022,2,1.575,0.7875,0.0,0.004,1.932061,0.96603,0.0,00-0036644,2023,IND,LB,MLB,59.0,2000-06-22,NE,177.0,23.0
Ventrell Miller,2023,4,4.576936,1.144234,0.736936,0.005,5.199953,1.299988,0.837248,00-0038570,2023,JAX,LB,ILB,51.0,1999-01-15,JAX,121.0,25.0
Malik Jefferson,2023,2,2.135,1.0675,0.0,0.005,2.425618,1.212809,0.0,00-0034835,2023,DAL,LB,OLB,46.0,1996-11-15,CIN,78.0,27.0
Nick Niemann,2021,4,3.694008,0.923502,0.214008,0.005,5.169587,1.292397,0.299494,00-0036648,2023,LAC,LB,ILB,31.0,1997-12-02,LAC,185.0,26.0
Hamsah Nasirildeen,2022,2,1.765,0.8825,0.0,0.004,2.165134,1.082567,0.0,00-0036503,2023,NYJ,LB,ILB,45.0,1999-01-17,NYJ,186.0,25.0
Nick Herbig,2023,4,4.512924,1.128231,0.672924,0.005,5.127228,1.281807,0.764523,00-0038577,2023,PIT,LB,OLB,51.0,2001-11-21,PIT,132.0,22.0
Troy Dye,2020,4,3.973572,0.993393,0.678572,0.005,5.120334,1.280084,0.874406,00-0036338,2023,MIN,LB,ILB,45.0,1996-09-18,MIN,132.0,27.0
Isaiah McDuffie,2021,4,3.610704,0.902676,0.130704,0.005,5.053007,1.263252,0.182914,00-0036658,2023,GB,LB,ILB,58.0,1999-07-21,GB,220.0,24.0
Del'Shawn Phillips,2023,1,1.11,1.11,0.1,0.005,1.261094,1.261094,0.113612,00-0035202,2023,BAL,LB,OLB,53.0,1996-10-09,,,27.0
Patrick Johnson,2021,4,3.585872,0.896468,0.105872,0.005,5.018256,1.254564,0.148163,00-0036922,2023,PHI,LB,OLB,48.0,1998-01-10,PHI,234.0,26.0
Ulysees Gilbert III,2022,2,2.045,1.0225,0.0,0.005,2.508612,1.254306,0.0,00-0035223,2023,TB,LB,ILB,57.0,1997-08-09,PIT,207.0,26.0
Grant Stuard,2021,4,3.556248,0.889062,0.076248,0.005,4.976799,1.2442,0.106705,00-0036672,2023,IND,LB,MLB,41.0,1998-10-15,TB,259.0,25.0
Micah McFadden,2022,4,4.015704,1.003926,0.355704,0.005,4.926085,1.231521,0.436344,00-0037259,2023,NYG,LB,MLB,41.0,2000-01-03,NYG,146.0,24.0
Ty Summers,2023,1,1.08,1.08,0.0,0.005,1.227011,1.227011,0.0,00-0034999,2023,NO,LB,MLB,42.0,1995-12-31,GB,226.0,28.0
Ryan Connelly,2023,1,1.08,1.08,0.0,0.005,1.227011,1.227011,0.0,00-0035533,2023,NO,LB,OLB,43.0,1995-10-23,NYG,143.0,28.0
Shaquille Quarterman,2020,4,3.7894,0.94735,0.4944,0.005,4.883011,1.220753,0.637083,00-0036235,2023,JAX,LB,ILB,50.0,1997-10-28,JAX,140.0,26.0
D'Marco Jackson,2022,4,3.976916,0.994229,0.316916,0.005,4.878503,1.219626,0.388762,00-0037271,2023,NO,LB,MLB,52.0,1998-07-20,NO,161.0,25.0
Cam Gill,2023,1,1.065,1.065,0.125,0.005,1.209969,1.209969,0.142015,00-0036045,2023,TB,LB,OLB,49.0,1997-12-14,,,26.0
Damone Clark,2022,4,3.902556,0.975639,0.242556,0.005,4.787285,1.196821,0.297545,00-0037281,2023,DAL,LB,ILB,33.0,2000-06-28,DAL,176.0,23.0
Yasir Abdullah,2023,4,4.205216,1.051304,0.365216,0.005,4.777634,1.194409,0.41493,00-0038580,2023,JAX,LB,OLB,56.0,2000-04-12,JAX,136.0,24.0
Darrian Beavers,2023,2,1.545,0.7725,0.0,0.003,1.755307,0.877653,0.0,00-0037285,2023,NYG,LB,MLB,43.0,1999-07-05,NYG,182.0,24.0
Noah Sewell,2023,4,4.164948,1.041237,0.324948,0.005,4.731885,1.182971,0.36918,00-0038390,2023,CHI,LB,ILB,44.0,2002-04-26,CHI,148.0,21.0
SirVocea Dennis,2023,4,4.157328,1.039332,0.317328,0.005,4.723228,1.180807,0.360523,00-0039049,2023,TB,LB,ILB,8.0,2000-03-09,TB,153.0,24.0
Malcolm Rodriguez,2022,4,3.847928,0.961982,0.187928,0.005,4.720273,1.180068,0.230532,00-0037289,2023,DET,LB,ILB,44.0,1999-03-29,DET,188.0,25.0
Devin Harper,2022,4,3.83752,0.95938,0.17752,0.005,4.707505,1.176876,0.217765,00-0037293,2023,CIN,LB,ILB,56.0,1998-05-13,DAL,193.0,25.0
Krys Barnes,2023,1,1.035,1.035,0.025,0.005,1.175885,1.175885,0.028403,00-0035961,2023,ARI,LB,ILB,51.0,1998-04-02,,,26.0
Curtis Bolton,2023,1,1.01,1.01,0.0,0.004,1.147482,1.147482,0.0,00-0035076,2023,LV,LB,OLB,36.0,1995-12-18,,,28.0
Tae Crowder,2023,1,1.01,1.01,0.0,0.004,1.147482,1.147482,0.0,00-0036167,2023,TEN,LB,ILB,53.0,1997-03-12,NYG,255.0,27.0
Chance Campbell,2023,2,1.665,0.8325,0.0,0.004,1.891641,0.945821,0.0,00-0037312,2023,TEN,LB,ILB,45.0,1999-10-08,TEN,219.0,24.0
Henry To'oTo'o,2023,4,4.08498,1.021245,0.24498,0.005,4.641032,1.160258,0.278327,00-0038599,2023,HOU,LB,ILB,39.0,2001-01-05,HOU,167.0,23.0
Owen Pappoe,2023,4,4.08498,1.021245,0.24498,0.005,4.641032,1.160258,0.278327,00-0038600,2023,ARI,LB,ILB,44.0,2000-09-29,ARI,168.0,23.0
Mark Robinson,2022,4,3.772356,0.943089,0.112356,0.005,4.627568,1.156892,0.137828,00-0037316,2023,PIT,LB,ILB,93.0,1999-08-14,PIT,225.0,24.0
Baylon Spector,2022,4,3.763728,0.940932,0.103728,0.005,4.616984,1.154246,0.127244,00-0037318,2023,BUF,LB,OLB,54.0,1998-10-20,BUF,231.0,25.0
Christian Elliss,2022,2,1.575,0.7875,0.0,0.004,1.932061,0.96603,0.0,00-0036813,2023,NE,LB,ILB,53.0,1999-01-02,,,25.0
Darius Harris,2023,1,1.01,1.01,0.0,0.004,1.147482,1.147482,0.0,00-0035157,2023,KC,LB,ILB,59.0,1996-01-17,,,28.0
Ben Burr-Kirven,2023,1,1.01,1.01,0.0,0.004,1.147482,1.147482,0.0,00-0035143,2023,SEA,LB,OLB,48.0,1997-09-08,SEA,142.0,26.0
Tanner Muse,2023,1,1.01,1.01,0.0,0.004,1.147482,1.147482,0.0,00-0036368,2023,LAC,LB,ILB,44.0,1996-09-06,LV,100.0,27.0
Kristian Welch,2023,1,1.01,1.01,0.0,0.004,1.147482,1.147482,0.0,00-0036157,2023,GB,LB,ILB,54.0,1998-05-24,,,25.0
Zaire Barnes,2023,4,4.033568,1.008392,0.193568,0.004,4.582621,1.145655,0.219917,00-0038399,2023,NYJ,LB,ILB,53.0,1999-09-03,NYJ,184.0,24.0
Jon Rhattigan,2023,1,0.94,0.94,0.0,0.004,1.067954,1.067954,0.0,00-0036802,2023,SEA,LB,OLB,59.0,1999-02-02,,,25.0
Milo Eifler,2023,1,0.94,0.94,0.0,0.004,1.067954,1.067954,0.0,00-0036511,2023,ATL,LB,OLB,52.0,1998-02-13,,,26.0
Amen Ogbongbemiga,2021,3,2.44,0.813333,0.03,0.004,3.414663,1.138221,0.041984,00-0036716,2023,LAC,LB,ILB,57.0,1998-09-04,,,25.0
Justin Strnad,2020,4,3.532776,0.883194,0.237776,0.004,4.552326,1.138081,0.306398,00-0036428,2023,DEN,LB,ILB,40.0,1996-08-21,DEN,178.0,27.0
Curtis Robinson,2023,1,0.94,0.94,0.0,0.004,1.067954,1.067954,0.0,00-0036728,2023,SF,LB,ILB,59.0,1998-06-02,,,25.0
Barrington Wade,2023,1,0.87,0.87,0.0,0.004,0.988425,0.988425,0.0,00-0036586,2023,CHI,LB,ILB,17.0,,,,
Caleb Johnson,2021,3,2.432,0.810667,0.007,0.004,3.403467,1.13449,0.009796,00-0036704,2023,JAX,LB,ILB,57.0,1998-07-28,,,25.0
Caleb Johnson,2023,3,2.7025,0.900833,0.0575,0.004,3.070367,1.023455,0.065327,00-0038499,2023,ARI,LB,ILB,38.0,1998-07-14,,,25.0
Dee Winters,2023,4,3.973332,0.993333,0.133332,0.004,4.514186,1.128546,0.151481,00-0038625,2023,SF,LB,ILB,53.0,2000-10-17,SF,216.0,23.0
Cam Brown,2020,4,3.493364,0.873341,0.198364,0.004,4.50154,1.125385,0.255611,00-0036400,2023,NYG,LB,MLB,47.0,1998-04-01,NYG,183.0,26.0
Shaun Bradley,2020,4,3.46642,0.866605,0.17142,0.004,4.46682,1.116705,0.220891,00-0036401,2023,PHI,LB,ILB,54.0,1997-04-08,PHI,196.0,27.0
Jalen Graham,2023,4,3.917784,0.979446,0.077784,0.004,4.451077,1.112769,0.088372,00-0038648,2023,SF,LB,ILB,50.0,2000-01-11,SF,255.0,24.0
Markus Bailey,2020,4,3.408696,0.852174,0.113696,0.004,4.392437,1.098109,0.146508,00-0036314,2023,CIN,LB,ILB,51.0,1997-03-07,CIN,215.0,27.0
Chapelle Russell,2023,1,0.94,0.94,0.0,0.004,1.067954,1.067954,0.0,00-0036434,2023,PIT,LB,ILB,49.0,1997-01-20,TB,241.0,27.0
Cole Christiansen,2023,1,0.94,0.94,0.0,0.004,1.067954,1.067954,0.0,00-0035900,2023,KC,LB,ILB,48.0,1997-07-30,,,26.0
Carter Coughlin,2020,4,3.405144,0.851286,0.110144,0.004,4.38786,1.096965,0.141931,00-0036402,2023,NYG,LB,MLB,52.0,1997-07-20,NYG,218.0,26.0
Clay Johnston,2023,1,0.2898,0.2898,0.0,0.001,0.329248,0.329248,0.0,00-0036432,2023,CIN,LB,OLB,44.0,1996-08-08,LA,234.0,27.0
De'Jon Harris,2023,1,0.94,0.94,0.0,0.004,1.067954,1.067954,0.0,00-0036090,2023,WAS,LB,MLB,45.0,1997-11-01,,,26.0
Terez Hall,2023,1,0.94,0.94,0.0,0.004,1.067954,1.067954,0.0,00-0034962,2023,NE,LB,OLB,59.0,1996-11-18,,,27.0
Ladarius Hamilton,2023,1,0.94,0.94,0.0,0.004,1.067954,1.067954,0.0,00-0036030,2023,SF,LB,OLB,60.0,1998-01-18,,,26.0
Blake Lynch,2023,1,0.94,0.94,0.0,0.004,1.067954,1.067954,0.0,00-0035984,2023,LAC,LB,OLB,53.0,1997-02-14,,,27.0
Christian Rozeboom,2023,1,0.94,0.94,0.0,0.004,1.067954,1.067954,0.0,00-0035942,2023,LA,LB,ILB,56.0,1997-01-30,,,27.0
Andrew Dowell,2023,1,0.94,0.94,0.0,0.004,1.067954,1.067954,0.0,00-0035412,2023,NO,LB,OLB,50.0,1996-11-16,,,27.0
Anthony Pittman,2023,1,0.94,0.94,0.0,0.004,1.067954,1.067954,0.0,00-0035330,2023,DET,LB,OLB,57.0,1996-11-24,,,27.0
Jonas Griffith,2023,1,0.94,0.94,0.0,0.004,1.067954,1.067954,0.0,00-0035804,2023,DEN,LB,ILB,50.0,1997-01-27,,,27.0
Jack Cochrane,2022,3,2.585,0.861667,0.15,0.004,3.171033,1.057011,0.184006,00-0037208,2023,KC,LB,ILB,43.0,1999-02-09,,,25.0
Nephi Sewell,2023,2,1.855,0.9275,0.0,0.004,2.107504,1.053752,0.0,00-0037544,2023,NO,LB,MLB,45.0,1998-12-19,,,25.0
J.J. Russell,2023,2,1.855,0.9275,0.0,0.004,2.107504,1.053752,0.0,00-0037491,2023,TB,LB,ILB,51.0,1998-10-12,,,25.0
DeMarquis Gates,2023,2,1.855,0.9275,0.0,0.004,2.107504,1.053752,0.0,00-0034769,2023,CHI,LB,OLB,43.0,1996-03-07,,,28.0
JoJo Domann,2023,2,1.855,0.9275,0.0,0.004,2.107504,1.053752,0.0,00-0037393,2023,TEN,LB,OLB,47.0,1997-07-28,,,26.0
Chandler Wooten,2023,2,1.855,0.9275,0.0,0.004,2.107504,1.053752,0.0,00-0037560,2023,CAR,LB,ILB,57.0,1999-04-25,,,25.0
Olakunle Fatukasi,2023,1,0.87,0.87,0.0,0.004,0.988425,0.988425,0.0,00-0037481,2023,LA,LB,ILB,54.0,1999-06-11,,,24.0
Ferrod Gardner,2023,1,0.75,0.75,0.0,0.003,0.852091,0.852091,0.0,00-0037163,2023,WAS,DB,SS,50.0,,,,
Darien Butler,2022,3,2.575,0.858333,0.09,0.004,3.158766,1.052921,0.110403,00-0037503,2023,LV,LB,ILB,58.0,2000-02-29,,,24.0
Diego Fagot,2023,1,0.75,0.75,0.0,0.003,0.852091,0.852091,0.0,00-0037806,2023,NE,LB,ILB,42.0,,,,
Josh Ross,2023,1,0.305001,0.305001,0.0,0.001,0.346518,0.346518,0.0,00-0037184,2023,BAL,LB,ILB,51.0,1999-10-31,,,24.0
Luke Masterson,2022,3,2.57,0.856667,0.07,0.004,3.152632,1.050878,0.085869,00-0037517,2023,LV,LB,OLB,59.0,1998-01-07,,,26.0
Vi Jones,2023,1,0.216,0.216,0.0,0.001,0.245402,0.245402,0.0,00-0037153,2023,TB,LB,ILB,53.0,1998-05-05,,,25.0
Kanai Mauga,2023,1,0.75,0.75,0.0,0.003,0.852091,0.852091,0.0,00-0037383,2023,LV,LB,ILB,43.0,2000-01-08,,,24.0
Nate Landman,2023,1,0.87,0.87,0.0,0.004,0.988425,0.988425,0.0,00-0037587,2023,ATL,LB,ILB,53.0,1998-11-19,,,25.0
Jake Hansen,2022,3,2.5675,0.855833,0.0225,0.004,3.149565,1.049855,0.027601,00-0037457,2023,HOU,LB,OLB,35.0,1998-06-19,,,25.0
Jack Sanborn,2022,3,2.5675,0.855833,0.0175,0.004,3.149565,1.049855,0.021467,00-0037109,2023,CHI,LB,ILB,57.0,2000-07-29,,,23.0
Jake Hummel,2022,3,2.565,0.855,0.005,0.004,3.146499,1.048833,0.006134,00-0037633,2023,LA,LB,ILB,35.0,1999-01-04,,,25.0
Forrest Rhyne,2023,1,0.87,0.87,0.0,0.004,0.988425,0.988425,0.0,00-0037401,2023,PIT,LB,ILB,46.0,,,,
Kuony Deng,2023,1,0.75,0.75,0.0,0.003,0.852091,0.852091,0.0,00-0037582,2023,PIT,LB,OLB,49.0,,,,
Segun Olubi,2023,1,0.75,0.75,0.0,0.003,0.852091,0.852091,0.0,00-0037527,2023,IND,LB,MLB,50.0,1999-11-01,,,24.0
Jack Gibbens,2022,3,2.561,0.853667,0.001,0.004,3.141592,1.047198,0.001227,00-0037596,2023,TEN,LB,ILB,50.0,1998-11-24,,,25.0
William Kwenkeu,2022,3,2.56,0.853333,0.0,0.004,3.140365,1.046788,0.0,00-0037639,2023,MIN,LB,ILB,47.0,1997-01-08,,,27.0
Keandre Jones,2023,1,0.87,0.87,0.0,0.004,0.988425,0.988425,0.0,00-0036203,2023,CIN,LB,ILB,47.0,,,,
Shaka Heyward,2023,3,2.725,0.908333,0.03,0.004,3.09593,1.031976,0.034084,00-0038890,2023,CIN,LB,ILB,50.0,2000-04-19,,,24.0
Ben VanSumeren,2023,3,2.725,0.908333,0.13,0.004,3.09593,1.031976,0.147696,00-0038489,2023,PHI,LB,ILB,57.0,2000-05-05,,,23.0
Dyontae Johnson,2023,3,2.72,0.906667,0.175,0.004,3.090249,1.030083,0.198821,00-0038479,2023,NYG,LB,ILB,54.0,2000-09-28,,,23.0
Mohamoud Diabate,2023,3,2.72,0.906667,0.25,0.004,3.090249,1.030083,0.28403,00-0038711,2023,CLE,LB,MLB,43.0,2001-05-18,,,22.0
Ivan Pace Jr.,2023,3,2.715,0.905,0.236,0.004,3.084569,1.02819,0.268125,00-0038807,2023,MIN,LB,ILB,40.0,2000-12-16,,,23.0
Donavan Mutin,2023,3,2.71,0.903333,0.1,0.004,3.078888,1.026296,0.113612,00-0038437,2023,ATL,LB,OLB,45.0,2000-09-22,,,23.0
Drake Thomas,2023,3,2.71,0.903333,0.1,0.004,3.078888,1.026296,0.113612,00-0038922,2023,SEA,LB,ILB,42.0,2000-02-25,,,24.0
Seth Benson,2023,3,2.71,0.903333,0.05,0.004,3.078888,1.026296,0.056806,00-0038784,2023,DEN,LB,ILB,57.0,,,,
Nick Anderson,2023,3,2.71,0.903333,0.025,0.004,3.078888,1.026296,0.028403,00-0038899,2023,NO,LB,MLB,40.0,,,,
Cam Jones,2023,3,2.71,0.903333,0.15,0.004,3.078888,1.026296,0.170418,00-0038513,2023,KC,LB,ILB,44.0,1999-10-21,,,24.0
Mike Jones Jr.,2023,3,2.705,0.901667,0.01,0.004,3.073207,1.024403,0.011361,00-0038927,2023,ATL,LB,ILB,45.0,,,,
Jack Colletto,2023,3,2.705,0.901667,0.11,0.004,3.073207,1.024403,0.124973,00-0038875,2023,PIT,RB,FB,45.0,1998-11-19,,,25.0
Micah Baskerville,2023,3,2.705,0.901667,0.01,0.004,3.073207,1.024403,0.011361,00-0038417,2023,CHI,LB,ILB,47.0,1999-10-19,,,24.0
Cam Bright,2023,3,2.705,0.901667,0.01,0.004,3.073207,1.024403,0.011361,00-0038754,2023,CLE,LB,MLB,49.0,,,,
Kyle Soelle,2023,3,2.705,0.901667,0.06,0.004,3.073207,1.024403,0.068167,00-0038709,2023,ARI,LB,ILB,58.0,,,,
Aubrey Miller Jr.,2023,3,2.705,0.901667,0.11,0.004,3.073207,1.024403,0.124973,00-0038691,2023,MIA,LB,ILB,52.0,,,,
Deandre Square,2023,3,2.705,0.901667,0.01,0.004,3.073207,1.024403,0.011361,00-0038949,2023,LA,LB,ILB,58.0,,,,
Wilson Huber,2023,3,2.705,0.901667,0.03,0.004,3.073207,1.024403,0.034084,00-0038804,2023,MIN,LB,ILB,57.0,,,,
Liam Anderson,2023,3,2.705,0.901667,0.01,0.004,3.073207,1.024403,0.011361,00-0038429,2023,IND,LB,MLB,47.0,2000-04-30,,,23.0
Mikel Jones,2023,3,2.705,0.901667,0.03,0.004,3.073207,1.024403,0.034084,00-0038868,2023,DAL,LB,ILB,52.0,2000-10-11,,,23.0
Anfernee Orji,2023,3,2.705,0.901667,0.226,0.004,3.073207,1.024403,0.256763,00-0038908,2023,NO,LB,OLB,58.0,2000-10-06,,,23.0
Charlie Thomas,2023,3,2.705,0.901667,0.05,0.004,3.073207,1.024403,0.056806,00-0038719,2023,CLE,LB,MLB,35.0,2000-01-31,,,24.0
Jimmy Phillips Jr.,2023,3,2.704,0.901333,0.009,0.004,3.072071,1.024023,0.010225,00-0038469,2023,GB,LB,ILB,46.0,,,,
Abraham Beauplan,2023,3,2.703,0.901,0.008,0.004,3.070935,1.023645,0.009089,00-0038800,2023,MIN,LB,ILB,39.0,2000-02-03,,,24.0
Kelechi Anyalebechi,2023,3,2.703,0.901,0.008,0.004,3.070935,1.023645,0.009089,00-0038943,2023,LA,LB,ILB,54.0,,,,
Otis Reese,2023,3,2.7,0.9,0.01,0.004,3.067527,1.022509,0.011361,00-0038853,2023,TEN,LB,ILB,41.0,1998-07-02,,,25.0
Isaiah Land,2023,3,2.7,0.9,0.1,0.004,3.067527,1.022509,0.113612,00-0038737,2023,IND,DL,DE,55.0,2000-02-05,,,24.0
Claudin Cherelus,2023,3,2.7,0.9,0.02,0.004,3.067527,1.022509,0.022722,00-0038493,2023,CAR,LB,OLB,53.0,1999-02-09,,,25.0
Nathan East,2023,3,2.7,0.9,0.005,0.004,3.067527,1.022509,0.005681,00-0038863,2023,LAC,LB,ILB,46.0,,,,
Ryan Smenda Jr.,2023,3,2.699,0.899667,0.004,0.004,3.066391,1.022131,0.004544,00-0038370,2023,LA,LB,ILB,50.0,,,,
Bumper Pool,2023,3,2.6975,0.899167,0.0025,0.004,3.064686,1.021563,0.00284,00-0038539,2023,CAR,LB,ILB,47.0,,,,
Patrick O'Connell,2023,3,2.697,0.899,0.002,0.004,3.064118,1.021373,0.002272,00-0038764,2023,SEA,LB,ILB,50.0,1998-12-31,,,25.0
Tyler Murray,2023,3,2.6965,0.898833,0.0015,0.004,3.06355,1.021183,0.001704,00-0038895,2023,PIT,LB,ILB,45.0,1999-02-15,,,25.0
Dequan Jackson,2023,3,2.696,0.898667,0.001,0.004,3.062982,1.020994,0.001136,00-0038669,2023,JAX,LB,ILB,55.0,1999-10-07,,,24.0
Jaylen Moody,2023,3,2.696,0.898667,0.001,0.004,3.062982,1.020994,0.001136,00-0038894,2023,CIN,LB,ILB,44.0,,,,
Trevor Nowaske,2023,3,2.695,0.898333,0.0,0.004,3.061846,1.020615,0.0,00-0038660,2023,ARI,LB,ILB,53.0,1998-11-07,,,25.0
Ayinde Eley,2023,3,2.695,0.898333,0.0,0.004,3.061846,1.020615,0.0,00-0038990,2023,CAR,LB,ILB,43.0,1998-10-22,,,25.0
Austin Ajiake,2023,3,2.695,0.898333,0.0,0.004,3.061846,1.020615,0.0,00-0039178,2023,IND,LB,ILB,53.0,2000-06-30,,,23.0
Willie Taylor,2023,3,2.695,0.898333,0.0,0.004,3.061846,1.020615,0.0,00-0038295,2023,JAX,LB,OLB,53.0,,,,
Dicaprio Bootle,2023,2,1.995,0.9975,0.0,0.004,2.266561,1.133281,0.0,00-0036678,2023,CAR,DB,CB,32.0,1997-09-17,,,26.0
Kyahva Tezino,2023,1,0.75,0.75,0.0,0.003,0.852091,0.852091,0.0,00-0036097,2023,SF,LB,ILB,51.0,,,,
Frank Ginda,2023,1,0.75,0.75,0.0,0.003,0.852091,0.852091,0.0,00-0034474,2023,ATL,LB,ILB,42.0,1997-05-26,,,26.0
Marshon Lattimore,2021,5,97.0,19.4,68.346588,0.106,135.746849,27.14937,95.647773,00-0033874,2023,NO,DB,CB,23.0,1996-05-20,NO,11.0,27.0
Jalen Ramsey,2020,5,100.0,20.0,71.203,0.101,128.859738,25.771948,91.751999,00-0033055,2023,MIA,DB,CB,5.0,1994-10-24,JAX,5.0,29.0
Jaire Alexander,2022,4,84.0,21.0,30.0,0.101,103.043228,25.760807,36.801153,00-0034728,2023,GB,DB,CB,23.0,1997-02-09,GB,18.0,27.0
Marlon Humphrey,2020,5,97.5,19.5,66.957407,0.098,125.638244,25.127649,86.281139,00-0033281,2023,BAL,DB,CB,44.0,1996-07-08,BAL,16.0,27.0
Denzel Ward,2022,5,100.5,20.1,71.25,0.097,123.283862,24.656772,87.402738,00-0034856,2023,CLE,DB,CB,21.0,1997-04-28,CLE,4.0,26.0
Tre'Davious White,2020,4,69.0,17.25,55.0,0.087,88.913219,22.228305,70.872856,00-0033884,2023,BUF,DB,CB,27.0,1995-01-16,BUF,27.0,29.0
Xavien Howard,2022,5,90.0,18.0,40.3,0.086,110.403458,22.080692,49.436215,00-0033050,2023,MIA,DB,CB,25.0,1993-07-04,MIA,38.0,30.0
Trevon Diggs,2023,5,97.0,19.4,42.304,0.086,110.203737,22.040747,48.062463,00-0036361,2023,DAL,DB,CB,7.0,1998-09-20,DAL,51.0,25.0
Darius Slay,2023,3,39.0,13.0,23.0,0.058,44.308719,14.769573,26.130783,00-0030062,2023,PHI,DB,CB,2.0,1991-01-01,DET,36.0,33.0
J.C. Jackson,2022,5,82.5,16.5,40.0,0.079,101.20317,20.240634,49.068204,00-0034591,2023,NE,DB,CB,29.0,1995-11-17,,,28.0
Stephon Gilmore,2022,2,20.0,10.0,14.0,0.048,24.534102,12.267051,17.173871,00-0029542,2023,DAL,DB,CB,21.0,1990-09-19,BUF,10.0,33.0
Marcus Peters,2023,1,3.0,3.0,1.98,0.013,3.408363,3.408363,2.24952,00-0032165,2023,LV,DB,CB,24.0,1993-01-09,KC,18.0,31.0
James Bradberry,2023,3,38.0,12.666667,20.0,0.056,43.172598,14.390866,22.72242,00-0032890,2023,PHI,DB,CB,24.0,1993-08-04,CAR,62.0,30.0
Shaquill Griffin,2023,1,3.5,3.5,3.0,0.016,3.976423,3.976423,3.408363,00-0033926,2023,CAR,DB,CB,20.0,1995-07-20,SEA,90.0,28.0
Carlton Davis,2022,3,44.5,14.833333,30.0,0.071,54.588377,18.196125,36.801153,00-0034778,2023,TB,DB,CB,24.0,1996-12-31,TB,63.0,27.0
Adoree' Jackson,2021,3,39.0,13.0,26.5,0.071,54.57863,18.192877,37.085479,00-0033878,2023,NYG,DB,CB,22.0,1995-09-18,TEN,18.0,28.0
Charvarius Ward,2022,3,40.5,13.5,26.62,0.065,49.681556,16.560519,32.65489,00-0034573,2023,SF,DB,CB,7.0,1996-05-16,,,27.0
Jamel Dean,2023,4,52.0,13.0,24.5,0.058,59.078292,14.769573,27.834964,00-0035699,2023,TB,DB,CB,35.0,1996-10-15,TB,94.0,27.0
Donte Jackson,2022,3,35.18,11.726667,16.7575,0.056,43.155485,14.385162,20.556511,00-0034356,2023,CAR,DB,CB,26.0,1995-11-08,CAR,55.0,28.0
Ronald Darby,2023,1,1.7,1.7,0.5,0.008,1.931406,1.931406,0.56806,00-0032195,2023,BAL,DB,CB,28.0,1994-01-02,BUF,50.0,30.0
Bradley Roby,2023,1,1.165,1.165,0.0,0.005,1.323581,1.323581,0.0,00-0031372,2023,PHI,DB,CB,33.0,1992-05-01,DEN,31.0,31.0
D.J. Reed,2022,3,33.0,11.0,21.0,0.053,40.481268,13.493756,25.760807,00-0034384,2023,NYJ,DB,CB,4.0,1996-11-11,SF,142.0,27.0
Kendall Fuller,2020,4,40.0,10.0,23.5,0.05,51.543895,12.885974,30.282038,00-0033084,2023,WAS,DB,CB,29.0,1995-02-13,WAS,84.0,29.0
Cameron Sutton,2023,3,33.0,11.0,22.5,0.049,37.491993,12.497331,25.562722,00-0033930,2023,DET,DB,CB,1.0,1995-02-27,PIT,94.0,29.0
Darious Williams,2022,3,30.0,10.0,18.0,0.048,36.801153,12.267051,22.080692,00-0034203,2023,JAX,DB,CB,31.0,1993-03-15,,,31.0
Michael Davis,2021,3,25.2,8.4,15.0,0.046,35.266192,11.755397,20.991781,00-0033697,2023,LAC,DB,CB,43.0,1995-01-06,,,29.0
Steven Nelson,2023,1,5.5,5.5,2.0,0.024,6.248665,6.248665,2.272242,00-0032150,2023,HOU,DB,CB,21.0,1993-01-22,KC,98.0,31.0
Kenny Moore,2019,4,33.3,8.325,18.25,0.044,45.190329,11.297582,24.766472,00-0033393,2023,IND,DB,CB,23.0,1995-08-23,,,28.0
Patrick Peterson,2023,2,14.0,7.0,5.85,0.031,15.905694,7.952847,6.646308,00-0027943,2023,PIT,DB,CB,20.0,1990-07-11,ARI,5.0,33.0
Taron Johnson,2021,3,24.0,8.0,13.955,0.044,33.586849,11.195616,19.529353,00-0034376,2023,BUF,DB,CB,7.0,1996-07-27,BUF,121.0,27.0
Jeff Okudah,2023,1,5.182072,5.182072,5.182072,0.023,5.887461,5.887461,5.887461,00-0036274,2023,ATL,DB,CB,1.0,1999-02-02,DET,3.0,25.0
Jonathan Jones,2023,2,19.0,9.5,13.0,0.042,21.586299,10.793149,14.769573,00-0032580,2023,NE,DB,CB,31.0,1993-09-20,,,30.0
Derek Stingley Jr.,2022,4,34.657516,8.664379,34.657516,0.042,42.514551,10.628638,42.514551,00-0037237,2023,HOU,DB,CB,24.0,2001-06-20,HOU,3.0,22.0
Avonte Maddox,2021,3,22.5,7.5,14.170221,0.041,31.487671,10.49589,19.830545,00-0034377,2023,PHI,DB,CB,29.0,1996-03-31,PHI,125.0,28.0
Ahmad Gardner,2022,4,33.450798,8.3627,33.450798,0.04,41.034264,10.258567,41.034264,00-0037190,2023,NYJ,DB,CB,1.0,2000-08-31,NYJ,4.0,23.0
Chidobe Awuzie,2021,3,21.75,7.25,7.5,0.04,30.438082,10.146027,10.49589,00-0033548,2023,CIN,DB,CB,22.0,1995-05-24,DAL,60.0,28.0
Byron Murphy,2023,2,17.5,8.75,12.6,0.039,19.882117,9.941059,14.315125,00-0035236,2023,MIN,DB,CB,7.0,1998-01-18,ARI,33.0,26.0
Devon Witherspoon,2023,4,31.861152,7.965288,31.861152,0.035,36.198124,9.049531,36.198124,00-0039169,2023,SEA,DB,CB,21.0,2000-12-11,SEA,5.0,23.0
Rasul Douglas,2022,3,21.0,7.0,5.3,0.034,25.760807,8.586936,6.501537,00-0033551,2023,BUF,DB,CB,31.0,1994-08-29,PHI,99.0,29.0
Mike Hilton,2021,4,24.0,6.0,6.0,0.033,33.586849,8.396712,8.396712,00-0032521,2023,CIN,DB,CB,21.0,1994-03-09,,,30.0
Jalen Mills,2023,1,2.5,2.5,1.0,0.011,2.840302,2.840302,1.136121,00-0032803,2023,NE,DB,CB,2.0,1994-04-06,PHI,233.0,30.0
Jason Verrett,2023,1,0.3708,0.3708,0.0,0.002,0.421274,0.421274,0.0,00-0031334,2023,SF,DB,CB,22.0,1991-06-18,SD,25.0,32.0
Jaycee Horn,2021,4,21.112146,5.278037,21.112146,0.029,29.545436,7.38636,29.545436,00-0036944,2023,CAR,DB,CB,8.0,1999-11-26,CAR,8.0,24.0
Patrick Surtain II,2021,4,20.962802,5.240701,20.962802,0.029,29.336436,7.33411,29.336436,00-0036874,2023,DEN,DB,CB,2.0,2000-04-14,DEN,9.0,24.0
Emmanuel Moseley,2023,1,6.0,6.0,2.0,0.027,6.816726,6.816726,2.272242,00-0034096,2023,DET,DB,CB,4.0,1996-03-25,,,28.0
Anthony Brown,2023,1,1.165,1.165,0.0,0.005,1.323581,1.323581,0.0,00-0033047,2023,NYJ,DB,CB,22.0,1993-12-15,DAL,189.0,30.0
C.J. Henderson,2020,4,20.516188,5.129047,20.516188,0.026,26.437106,6.609277,26.437106,00-0036281,2023,CAR,DB,CB,23.0,1998-09-30,JAX,9.0,25.0
Jourdan Lewis,2021,3,13.5,4.5,7.75,0.025,18.892603,6.297534,10.845753,00-0033928,2023,DAL,DB,CB,2.0,1995-08-31,DAL,92.0,28.0
Troy Hill,2023,1,1.265,1.265,0.05,0.006,1.437193,1.437193,0.056806,00-0031785,2023,CAR,DB,CB,13.0,1991-08-29,,,32.0
Ahkello Witherspoon,2023,1,1.08,1.08,0.0,0.005,1.227011,1.227011,0.0,00-0033783,2023,LA,DB,CB,44.0,1995-03-21,SF,66.0,29.0
Anthony Averett,2023,1,1.08,1.08,0.0,0.005,1.227011,1.227011,0.0,00-0034265,2023,DET,DB,CB,29.0,1994-11-30,BAL,118.0,29.0
Levi Wallace,2022,2,8.0,4.0,2.965,0.019,9.813641,4.90682,3.637181,00-0034514,2023,PIT,DB,CB,29.0,1995-06-12,,,28.0
Nik Needham,2023,1,1.825,1.825,0.75,0.008,2.073421,2.073421,0.852091,00-0035346,2023,MIA,DB,CB,40.0,1996-11-04,,,27.0
Caleb Farley,2021,4,13.495586,3.373897,13.495586,0.018,18.886426,4.721607,18.886426,00-0036615,2023,TEN,DB,CB,3.0,1998-11-02,TEN,22.0,25.0
Brandon Facyson,2023,2,6.5,3.25,2.268,0.014,7.384786,3.692393,2.576722,00-0034545,2023,LV,DB,CB,31.0,1994-09-08,,,29.0
A.J. Terrell,2020,4,14.305746,3.576437,14.305746,0.018,18.434347,4.608587,18.434347,00-0036285,2023,ATL,DB,CB,24.0,1998-09-23,ATL,16.0,25.0
Terrance Mitchell,2023,1,1.165,1.165,0.0,0.005,1.323581,1.323581,0.0,00-0031097,2023,SF,DB,CB,39.0,1992-05-17,DAL,254.0,31.0
Rock Ya-Sin,2023,1,4.0,4.0,4.0,0.018,4.544484,4.544484,4.544484,00-0035637,2023,BAL,DB,CB,23.0,1996-05-23,IND,34.0,27.0
Keisean Nixon,2023,1,4.0,4.0,1.85,0.018,4.544484,4.544484,2.101824,00-0035133,2023,GB,DB,CB,25.0,1997-06-22,,,26.0
Greg Newsome II,2021,4,12.748754,3.187189,12.748754,0.017,17.84127,4.460318,17.84127,00-0036996,2023,CLE,DB,CB,0.0,2000-05-18,CLE,26.0,23.0
Sidney Jones,2023,1,1.13,1.13,0.0,0.005,1.283817,1.283817,0.0,00-0033543,2023,CIN,DB,CB,24.0,1996-05-21,PHI,43.0,27.0
Emmanuel Forbes,2023,4,15.407568,3.851892,15.407568,0.017,17.504862,4.376215,17.504862,00-0039151,2023,WAS,DB,CB,13.0,2001-01-13,WAS,16.0,23.0
Desmond King,2023,1,1.2325,1.2325,0.1525,0.005,1.400269,1.400269,0.173258,00-0033566,2023,HOU,DB,CB,25.0,1994-12-14,LAC,151.0,29.0
Eli Apple,2023,1,1.6,1.6,0.5,0.007,1.817794,1.817794,0.56806,00-0032379,2023,MIA,DB,CB,33.0,1995-08-09,NYG,10.0,28.0
Trent McDuffie,2022,4,13.992484,3.498121,13.992484,0.017,17.164651,4.291163,17.164651,00-0037191,2023,KC,DB,CB,22.0,2000-09-13,KC,21.0,23.0
Christian Gonzalez,2023,4,15.102868,3.775717,15.102868,0.017,17.158685,4.289671,17.158685,00-0039147,2023,NE,DB,CB,6.0,2002-06-28,NE,17.0,21.0
Kaiir Elam,2022,4,13.690812,3.422703,13.690812,0.016,16.794589,4.198647,16.794589,00-0037242,2023,BUF,DB,CB,24.0,2001-05-05,BUF,23.0,22.0
Eric Stokes,2021,4,11.925514,2.981379,11.834066,0.016,16.689185,4.172297,16.561208,00-0036901,2023,GB,DB,CB,21.0,1999-03-01,GB,29.0,25.0
Sean Murphy-Bunting,2023,1,3.5,3.5,3.5,0.016,3.976423,3.976423,3.976423,00-0035239,2023,TEN,DB,CB,0.0,1997-06-19,TB,39.0,26.0
Mike Hughes,2023,2,7.0,3.5,3.24,0.016,7.952847,3.976423,3.681032,00-0034843,2023,ATL,DB,CB,21.0,1997-02-11,MIN,30.0,27.0
Keion Crossen,2022,3,9.45,3.15,3.035,0.015,11.592363,3.864121,3.72305,00-0034435,2023,MIA,DB,CB,27.0,1996-04-17,NE,243.0,28.0
Deonte Banks,2023,4,13.579404,3.394851,13.579404,0.015,15.427846,3.856962,15.427846,00-0039000,2023,NYG,DB,CB,25.0,2001-04-03,NYG,24.0,23.0
Isaiah Oliver,2023,2,6.75,3.375,4.16,0.015,7.668817,3.834408,4.726263,00-0034357,2023,SF,DB,CB,26.0,1996-09-30,ATL,58.0,27.0
Siran Neal,2022,3,9.0,3.0,3.3,0.014,11.040346,3.680115,4.048127,00-0034391,2023,BUF,DB,CB,33.0,1994-08-04,BUF,154.0,29.0
Noah Igbinoghene,2020,4,11.254202,2.813551,10.718036,0.014,14.502135,3.625534,13.811233,00-0036287,2023,DAL,DB,CB,19.0,1999-11-27,MIA,30.0,24.0
K'Waun Williams,2022,2,5.2,2.6,2.5,0.012,6.378866,3.189433,3.066763,00-0031253,2023,DEN,DB,CB,8.0,1991-07-12,,,32.0
Tyson Campbell,2021,4,9.015108,2.253777,7.175744,0.012,12.616211,3.154053,10.04211,00-0036974,2023,JAX,DB,CB,32.0,2000-03-17,JAX,33.0,24.0
Justin Hardee,2021,3,6.75,2.25,1.0,0.012,9.446301,3.148767,1.399452,00-0033770,2023,NYJ,DB,CB,34.0,1994-02-07,,,30.0
Chandon Sullivan,2023,1,1.2325,1.2325,0.1525,0.005,1.400269,1.400269,0.173258,00-0034468,2023,PIT,DB,CB,34.0,1996-08-07,,,27.0
Myles Bryant,2023,1,2.627,2.627,0.0,0.012,2.98459,2.98459,0.0,00-0036087,2023,NE,DB,CB,27.0,1998-01-02,,,26.0
Rudy Ford,2023,1,1.5,1.5,0.05,0.007,1.704181,1.704181,0.056806,00-0033792,2023,GB,DB,FS,20.0,1994-11-01,ARI,208.0,29.0
Tre Herndon,2023,1,2.5825,2.5825,2.5825,0.011,2.934032,2.934032,2.934032,00-0034516,2023,JAX,DB,CB,37.0,1996-03-05,,,28.0
Danny Johnson,2023,2,5.0,2.5,2.75,0.011,5.680605,2.840302,3.124333,00-0034071,2023,WAS,DB,CB,36.0,1995-11-17,,,28.0
Tremon Smith,2023,2,5.0,2.5,2.5,0.011,5.680605,2.840302,2.840302,00-0034278,2023,DEN,DB,CB,1.0,1996-07-20,KC,196.0,27.0
Roger McCreary,2022,4,9.165614,2.291404,7.245757,0.011,11.243505,2.810877,8.888407,00-0038125,2023,TEN,DB,CB,21.0,2000-02-10,TEN,35.0,24.0
Tavierre Thomas,2023,1,2.25,2.25,2.0,0.01,2.556272,2.556272,2.272242,00-0034488,2023,HOU,DB,CB,4.0,1996-03-11,,,28.0
Justin Bethel,2023,1,1.3175,1.3175,0.075,0.006,1.496839,1.496839,0.085209,00-0029530,2023,MIA,DB,CB,20.0,1990-06-17,ARI,177.0,33.0
Joey Porter Jr.,2023,4,9.618348,2.404587,8.99987,0.011,10.927607,2.731902,10.224941,00-0039167,2023,PIT,DB,CB,24.0,2000-07-26,PIT,32.0,23.0
Kelvin Joseph,2023,1,0.216,0.216,0.0,0.001,0.245402,0.245402,0.0,00-0036935,2023,KC,DB,CB,28.0,1999-11-11,DAL,44.0,24.0
Kyler Gordon,2022,4,8.68293,2.170733,6.495022,0.01,10.651394,2.662849,7.967477,00-0038111,2023,CHI,DB,CB,6.0,1999-12-17,CHI,39.0,24.0
Andrew Booth Jr.,2022,4,8.305828,2.076457,5.957187,0.01,10.188801,2.5472,7.307712,00-0038130,2023,MIN,DB,CB,23.0,2000-09-28,MIN,42.0,23.0
Asante Samuel Jr.,2021,4,7.222948,1.805737,4.261368,0.01,10.108169,2.527042,5.96358,00-0036617,2023,LAC,DB,CB,26.0,1999-10-03,LAC,47.0,24.0
Artie Burns,2023,1,1.08,1.08,0.0,0.005,1.227011,1.227011,0.0,00-0033103,2023,SEA,DB,CB,23.0,1995-05-01,PIT,25.0,28.0
Trayvon Mullen,2023,1,1.2325,1.2325,1.0925,0.005,1.400269,1.400269,1.241212,00-0035695,2023,BAL,DB,CB,28.0,1997-09-20,OAK,40.0,26.0
Fabian Moreau,2023,1,1.3,1.3,0.35,0.006,1.476957,1.476957,0.397642,00-0033918,2023,DEN,DB,CB,23.0,1994-04-09,WAS,81.0,30.0
C.J. Goodwin,2023,1,1.3175,1.3175,0.4525,0.006,1.496839,1.496839,0.514095,00-0031357,2023,DAL,DB,CB,29.0,1990-02-04,,,34.0
Arthur Maulet,2023,1,1.08,1.08,0.22,0.005,1.227011,1.227011,0.249947,00-0033503,2023,BAL,DB,CB,10.0,1993-07-13,,,30.0
Julius Brents,2023,4,8.196936,2.049234,5.975996,0.009,9.312711,2.328178,6.789455,00-0039156,2023,IND,DB,CB,29.0,2000-01-18,IND,44.0,24.0
Dane Jackson,2023,1,2.01,2.01,2.01,0.009,2.283603,2.283603,2.283603,00-0036166,2023,BUF,DB,CB,30.0,1996-11-29,BUF,239.0,27.0
Tre Flowers,2023,1,1.2325,1.2325,0.5,0.005,1.400269,1.400269,0.56806,00-0034756,2023,ATL,DB,CB,33.0,1995-06-02,SEA,146.0,28.0
Joejuan Williams,2023,1,1.1,1.1,0.025,0.005,1.249733,1.249733,0.028403,00-0035241,2023,MIN,DB,CB,29.0,1997-12-06,NE,45.0,26.0
Alontae Taylor,2022,4,7.204696,1.801174,4.157266,0.009,8.838037,2.209509,5.099739,00-0038121,2023,NO,DB,CB,1.0,1998-12-03,NO,49.0,25.0
Josh Norman,2023,1,0.369166,0.369166,0.0,0.002,0.419417,0.419417,0.0,00-0029285,2023,BUF,DB,CB,29.0,1987-12-15,CAR,143.0,36.0
Jaylon Johnson,2020,4,6.468774,1.617194,3.778599,0.008,8.335645,2.083912,4.869093,00-0036292,2023,CHI,DB,CB,33.0,1999-04-19,CHI,50.0,25.0
Cam Smith,2023,4,7.028432,1.757108,3.931062,0.008,7.985149,1.996287,4.466162,00-0039133,2023,MIA,DB,CB,24.0,2000-12-21,MIA,51.0,23.0
Darius Phillips,2023,1,1.13,1.13,0.05,0.005,1.283817,1.283817,0.056806,00-0034683,2023,TEN,DB,CB,29.0,1995-06-26,CIN,170.0,28.0
Tyrique Stevenson,2023,4,6.449502,1.612376,3.483707,0.007,7.327415,1.831854,3.957913,00-0039071,2023,CHI,DB,CB,29.0,2000-05-26,CHI,56.0,23.0
M.J. Stewart,2023,2,6.0,3.0,3.0,0.013,6.816726,3.408363,3.408363,00-0034355,2023,HOU,DB,SS,29.0,1995-09-16,TB,53.0,28.0
Cam Taylor-Britt,2022,4,5.95273,1.488183,3.189835,0.007,7.302244,1.825562,3.912987,00-0037753,2023,CIN,DB,CB,29.0,1999-10-15,CIN,60.0,24.0
Aaron Robinson,2021,4,5.143292,1.285823,1.100576,0.007,7.197791,1.799448,1.540203,00-0036899,2023,NYG,DB,CB,33.0,1997-11-10,NYG,71.0,26.0
Benjamin St-Juste,2021,4,5.100758,1.27519,1.06964,0.007,7.138266,1.784567,1.49691,00-0036625,2023,WAS,DB,CB,25.0,1997-09-08,WAS,74.0,26.0
Lonnie Johnson Jr.,2023,1,1.2325,1.2325,0.0,0.005,1.400269,1.400269,0.0,00-0035244,2023,NO,DB,CB,28.0,1995-11-04,HOU,54.0,28.0
Paulson Adebo,2021,4,5.04501,1.26125,1.029096,0.007,7.06025,1.765059,1.440171,00-0036937,2023,NO,DB,CB,29.0,1999-07-03,NO,76.0,24.0
D.J. Turner,2023,4,6.16004,1.54001,3.26003,0.007,6.998551,1.749638,3.703789,00-0038549,2023,CIN,DB,CB,20.0,2000-11-09,CIN,60.0,23.0
Kristian Fulton,2020,4,5.330196,1.332549,2.898786,0.007,6.868477,1.717119,3.735368,00-0036416,2023,TEN,DB,CB,26.0,1998-09-03,TEN,61.0,25.0
Antonio Hamilton,2023,1,1.5,1.5,1.5,0.007,1.704181,1.704181,1.704181,00-0032933,2023,ARI,DB,CB,33.0,1993-01-24,,,31.0
Mike Ford,2023,1,1.5,1.5,0.925,0.007,1.704181,1.704181,1.050912,00-0034639,2023,CLE,DB,CB,28.0,1995-08-04,,,28.0
Roderic Teamer,2023,1,1.5,1.5,0.729,0.007,1.704181,1.704181,0.828232,00-0035437,2023,LV,DB,SS,33.0,1997-05-12,,,26.0
David Long,2023,1,1.5,1.5,0.625,0.007,1.704181,1.704181,0.710076,00-0035665,2023,GB,DB,CB,30.0,1998-02-06,LA,79.0,26.0
Martin Emerson,2022,4,5.47129,1.367823,1.15912,0.007,6.711659,1.677915,1.421898,00-0037250,2023,CLE,DB,CB,23.0,2000-09-27,CLE,68.0,23.0
Elijah Molden,2021,4,4.78585,1.196463,0.840616,0.007,6.697568,1.674393,1.176402,00-0036992,2023,TEN,DB,CB,24.0,1999-01-30,TEN,100.0,25.0
Nahshon Wright,2021,4,4.7009,1.175225,0.840616,0.006,6.578684,1.644671,1.176402,00-0036986,2023,DAL,DB,CB,25.0,1998-09-23,DAL,99.0,25.0
Ifeatu Melifonwu,2021,4,4.690233,1.172558,0.840616,0.006,6.563756,1.640939,1.176402,00-0036993,2023,DET,DB,CB,6.0,1999-05-02,DET,101.0,24.0
Ambry Thomas,2021,4,4.688233,1.172058,0.840616,0.006,6.560957,1.640239,1.176402,00-0037008,2023,SF,DB,CB,20.0,1999-09-09,SF,102.0,24.0
Brandon Stephens,2021,4,4.681733,1.170433,0.840616,0.006,6.551861,1.637965,1.176402,00-0036987,2023,BAL,DB,FS,21.0,1997-12-29,BAL,104.0,26.0
Cornell Armstrong,2023,1,1.2325,1.2325,0.1525,0.005,1.400269,1.400269,0.173258,00-0034792,2023,LV,DB,CB,30.0,1995-09-22,MIA,209.0,28.0
Cordale Flott,2022,4,5.241844,1.310461,0.992248,0.006,6.430197,1.607549,1.217196,00-0037758,2023,NYG,DB,CB,28.0,2001-08-24,NYG,81.0,22.0
Garrett Williams,2023,4,5.63493,1.408733,1.098132,0.006,6.401962,1.600491,1.247611,00-0039007,2023,ARI,DB,CB,21.0,2001-06-01,ARI,72.0,22.0
Marcus Jones,2022,4,5.176952,1.294238,0.945056,0.006,6.350593,1.587648,1.159305,00-0037253,2023,NE,DB,CB,25.0,1998-10-22,NE,85.0,25.0
Riley Moss,2023,4,5.44749,1.361873,0.961812,0.006,6.189008,1.547253,1.092735,00-0038552,2023,DEN,DB,CB,37.0,2000-03-03,DEN,83.0,24.0
Michael Ojemudia,2023,1,0.2898,0.2898,0.0,0.001,0.329248,0.329248,0.0,00-0036390,2023,LA,DB,CB,22.0,1997-09-12,DEN,77.0,26.0
Mekhi Blackmon,2023,4,5.304082,1.326021,0.857512,0.006,6.026079,1.50652,0.974237,00-0038565,2023,MIN,DB,CB,5.0,1999-03-18,MIN,102.0,25.0
Darren Hall,2023,1,0.216,0.216,0.0,0.001,0.245402,0.245402,0.0,00-0036956,2023,IND,DB,CB,30.0,2000-05-02,ATL,108.0,23.0
Isaac Yiadom,2023,1,1.2325,1.2325,0.0,0.005,1.400269,1.400269,0.0,00-0034780,2023,NO,DB,CB,27.0,1996-02-20,DEN,99.0,28.0
James Pierre,2023,1,1.3,1.3,0.0,0.006,1.476957,1.476957,0.0,00-0035795,2023,PIT,DB,CB,42.0,1996-09-16,,,27.0
Duke Shelley,2023,1,1.3,1.3,0.5,0.006,1.476957,1.476957,0.56806,00-0035696,2023,LA,DB,CB,26.0,1996-10-08,CHI,205.0,27.0
Zech McPhearson,2021,4,4.209656,1.052414,0.729656,0.006,5.891212,1.472803,1.021119,00-0036917,2023,PHI,DB,CB,27.0,1998-03-21,PHI,123.0,26.0
Robert Rochell,2023,1,0.94,0.94,0.0,0.004,1.067954,1.067954,0.0,00-0036904,2023,GB,DB,CB,22.0,1998-04-26,LA,130.0,25.0
Troy Apke,2023,1,1.105,1.105,0.025,0.005,1.255414,1.255414,0.028403,00-0034334,2023,WAS,DB,FS,30.0,1995-04-11,WAS,109.0,29.0
Marco Wilson,2021,4,4.130376,1.032594,0.650376,0.006,5.780263,1.445066,0.91017,00-0036884,2023,NE,DB,CB,19.0,1999-03-03,ARI,136.0,25.0
Cameron Dantzler,2023,1,1.01,1.01,0.0,0.004,1.147482,1.147482,0.0,00-0036330,2023,NO,DB,CB,11.0,1998-09-03,MIN,89.0,25.0
Tre Brown,2021,4,4.120664,1.030166,0.640664,0.006,5.766672,1.441668,0.896579,00-0036885,2023,SEA,DB,CB,22.0,1997-09-24,SEA,137.0,26.0
Kris Boyd,2023,1,1.2325,1.2325,0.4275,0.005,1.400269,1.400269,0.485692,00-0035150,2023,HOU,DB,CB,17.0,1996-09-12,MIN,217.0,27.0
Rashad Fenton,2023,1,1.2325,1.2325,0.07625,0.005,1.400269,1.400269,0.086629,00-0035147,2023,ARI,DB,CB,24.0,1997-02-17,KC,201.0,27.0
Amani Oruwariye,2023,1,1.2325,1.2325,0.0525,0.005,1.400269,1.400269,0.059646,00-0035270,2023,JAX,DB,CB,27.0,1996-02-09,DET,146.0,28.0
Tevaughn Campbell,2023,1,1.2325,1.2325,0.1,0.005,1.400269,1.400269,0.113612,00-0034903,2023,JAX,DB,CB,29.0,1993-06-14,,,30.0
Daryl Worley,2023,1,1.165,1.165,0.0,0.005,1.323581,1.323581,0.0,00-0032891,2023,BAL,DB,FS,41.0,1995-02-22,CAR,77.0,29.0
Nate Hairston,2023,1,1.08,1.08,0.0,0.005,1.227011,1.227011,0.0,00-0033568,2023,ARI,DB,CB,27.0,1994-06-30,IND,158.0,29.0
Greg Mabin,2023,1,1.08,1.08,0.0,0.005,1.227011,1.227011,0.0,00-0033430,2023,CAR,DB,CB,29.0,1994-06-25,,,29.0
Jalen Davis,2023,2,2.43,1.215,0.15,0.005,2.760774,1.380387,0.170418,00-0034446,2023,CIN,DB,CB,35.0,1996-02-02,,,28.0
Kendall Sheffield,2023,1,1.21,1.21,0.05,0.005,1.374706,1.374706,0.056806,00-0035255,2023,TEN,DB,CB,36.0,1996-05-30,ATL,111.0,27.0
Coby Bryant,2022,4,4.467808,1.116952,0.807808,0.005,5.480683,1.370171,0.990942,00-0038136,2023,SEA,DB,CB,8.0,1999-03-29,SEA,109.0,25.0
Breon Borders,2023,1,1.08,1.08,0.0,0.005,1.227011,1.227011,0.0,00-0033435,2023,NE,DB,CB,35.0,1995-07-22,,,28.0
Damarri Mathis,2022,4,4.43896,1.10974,0.77896,0.005,5.445295,1.361324,0.955554,00-0038105,2023,DEN,DB,CB,27.0,1999-04-12,DEN,115.0,25.0
Akayleb Evans,2022,4,4.421076,1.105269,0.761076,0.005,5.423356,1.355839,0.933616,00-0038101,2023,MIN,DB,CB,21.0,1999-06-22,MIN,118.0,24.0
Jalyn Armour-Davis,2022,4,4.420324,1.105081,0.760324,0.005,5.422434,1.355608,0.932693,00-0038119,2023,BAL,DB,CB,5.0,1999-09-03,BAL,119.0,24.0
Jack Jones,2022,4,4.406984,1.101746,0.746984,0.005,5.40607,1.351517,0.916329,00-0038039,2023,LV,DB,CB,18.0,1997-12-20,NE,121.0,26.0
Cameron Lewis,2023,1,1.185,1.185,0.35,0.005,1.346303,1.346303,0.397642,00-0035357,2023,BUF,DB,CB,39.0,1997-04-13,,,27.0
Michael Carter II,2021,4,3.808928,0.952232,0.328928,0.005,5.330412,1.332603,0.460319,00-0036501,2023,NYJ,DB,CB,30.0,1999-03-08,NYJ,154.0,25.0
Shaun Wade,2021,4,3.797564,0.949391,0.317564,0.005,5.314509,1.328627,0.444416,00-0036559,2023,NE,DB,CB,26.0,1998-09-16,BAL,160.0,25.0
Joshua Williams,2022,4,4.32626,1.081565,0.66626,0.005,5.307045,1.326761,0.817305,00-0038043,2023,KC,DB,CB,2.0,1999-10-17,KC,135.0,24.0
Jakorian Bennett,2023,4,4.663588,1.165897,0.823588,0.005,5.2984,1.3246,0.935696,00-0039072,2023,LV,DB,CB,0.0,2000-08-23,LV,104.0,23.0
Keith Taylor,2023,1,0.216,0.216,0.0,0.001,0.245402,0.245402,0.0,00-0036561,2023,KC,DB,CB,39.0,1999-05-03,CAR,166.0,24.0
Kelee Ringo,2023,4,4.660928,1.165232,0.820928,0.005,5.295378,1.323845,0.932674,00-0039140,2023,PHI,DB,CB,22.0,2002-06-27,PHI,105.0,21.0
Nate Hobbs,2021,4,3.783052,0.945763,0.303052,0.005,5.2942,1.32355,0.424107,00-0036871,2023,LV,DB,CB,39.0,1999-06-24,LV,167.0,24.0
Deommodore Lenoir,2021,4,3.764868,0.941217,0.284868,0.005,5.268752,1.317188,0.398659,00-0036563,2023,SF,DB,CB,2.0,1999-10-06,SF,172.0,24.0
Darnay Holmes,2023,1,1.01,1.01,0.0,0.004,1.147482,1.147482,0.0,00-0036394,2023,NYG,DB,CB,30.0,1998-06-23,NYG,110.0,25.0
"Troy Pride, Jr.",2023,1,0.87,0.87,0.0,0.004,0.988425,0.988425,0.0,00-0036299,2023,HOU,DB,CB,27.0,1998-01-19,CAR,113.0,26.0
Clark Phillips III,2023,4,4.613532,1.153383,0.773532,0.005,5.241531,1.310383,0.878826,00-0038568,2023,ATL,DB,CB,34.0,2001-12-19,ATL,113.0,22.0
Shemar Jean-Charles,2023,1,0.94,0.94,0.0,0.004,1.067954,1.067954,0.0,00-0036645,2023,NO,DB,CB,38.0,1998-06-20,GB,178.0,25.0
Corey Ballentine,2023,1,1.14,1.14,0.06,0.005,1.295178,1.295178,0.068167,00-0035633,2023,GB,DB,CB,35.0,1996-04-13,NYG,180.0,28.0
Parry Nickerson,2023,1,1.08,1.08,0.0,0.005,1.227011,1.227011,0.0,00-0034274,2023,MIA,DB,CB,34.0,1994-10-11,NYJ,179.0,29.0
Ryan Neal,2023,1,2.627,2.627,0.0,0.012,2.98459,2.98459,0.0,00-0034527,2023,TB,DB,SS,23.0,1995-12-24,,,28.0
Tae Hayes,2023,1,1.01,1.01,0.0,0.004,1.147482,1.147482,0.0,00-0035365,2023,NYJ,DB,CB,27.0,1997-08-19,,,26.0
Brandin Echols,2021,4,3.654192,0.913548,0.174192,0.005,5.113867,1.278467,0.243773,00-0036504,2023,NYJ,DB,CB,26.0,1997-10-16,NYJ,200.0,26.0
Rodarius Williams,2021,4,3.653136,0.913284,0.173136,0.005,5.112389,1.278097,0.242296,00-0036570,2023,TB,DB,CB,28.0,,NYG,201.0,
Damarion Williams,2022,4,4.164336,1.041084,0.504336,0.005,5.108412,1.277103,0.618672,00-0037984,2023,BAL,DB,CB,22.0,1998-07-15,BAL,141.0,25.0
Cobie Durant,2022,4,4.164336,1.041084,0.504336,0.005,5.108412,1.277103,0.618672,00-0037839,2023,LA,DB,CB,14.0,1998-02-09,LA,142.0,26.0
Rachad Wildgoose,2023,1,0.94,0.94,0.0,0.004,1.067954,1.067954,0.0,00-0036573,2023,WAS,DB,CB,37.0,,BUF,213.0,
Kyron Brown,2023,1,0.94,0.94,0.0,0.004,1.067954,1.067954,0.0,00-0035499,2023,BUF,DB,CB,32.0,1996-05-26,,,27.0
Josiah Scott,2023,1,1.01,1.01,0.0,0.004,1.147482,1.147482,0.0,00-0036303,2023,PHI,DB,CB,34.0,1999-04-05,JAX,137.0,25.0
L'Jarius Sneed,2020,4,3.92932,0.98233,0.63432,0.005,5.063311,1.265828,0.817383,00-0036374,2023,KC,DB,CB,38.0,1997-01-21,KC,138.0,27.0
Thomas Graham Jr.,2023,1,0.94,0.94,0.0,0.004,1.067954,1.067954,0.0,00-0036908,2023,CLE,DB,CB,31.0,1999-06-26,CHI,228.0,24.0
Tay Gowan,2023,1,0.94,0.94,0.0,0.004,1.067954,1.067954,0.0,00-0036897,2023,TEN,DB,CB,30.0,1998-01-07,ARI,223.0,26.0
Chris Wilcox,2023,1,0.75,0.75,0.0,0.003,0.852091,0.852091,0.0,00-0036667,2023,LAC,DB,CB,38.0,1997-10-30,TB,251.0,26.0
Kevon Seymour,2023,1,1.08,1.08,0.0,0.005,1.227011,1.227011,0.0,00-0032942,2023,BAL,DB,CB,25.0,1993-11-30,BUF,218.0,30.0
Ugochukwu Amadi,2023,1,1.08,1.08,0.0,0.005,1.227011,1.227011,0.0,00-0035142,2023,NO,DB,FS,0.0,1997-05-16,SEA,132.0,26.0
Teez Tabor,2023,1,1.08,1.08,0.0,0.005,1.227011,1.227011,0.0,00-0033545,2023,SEA,DB,FS,36.0,1995-12-31,DET,53.0,28.0
Tariq Woolen,2022,4,3.992216,0.998054,0.332216,0.005,4.897272,1.224318,0.407531,00-0037079,2023,SEA,DB,CB,27.0,1999-05-02,SEA,153.0,24.0
Zyon McCollum,2022,4,3.981732,0.995433,0.321732,0.005,4.884411,1.221103,0.39467,00-0037268,2023,TB,DB,CB,27.0,1999-05-03,TB,157.0,24.0
Amik Robertson,2020,4,3.7894,0.94735,0.4944,0.005,4.883011,1.220753,0.637083,00-0036375,2023,LV,DB,CB,21.0,1998-07-06,LV,139.0,25.0
DaRon Bland,2022,4,3.964788,0.991197,0.304788,0.005,4.863626,1.215906,0.373885,00-0037275,2023,DAL,DB,CB,26.0,1999-07-12,DAL,167.0,24.0
Chris Lammons,2023,2,2.135,1.0675,0.0,0.005,2.425618,1.212809,0.0,00-0034145,2023,IND,DB,CB,35.0,1996-01-31,,,28.0
Samuel Womack,2022,4,3.943324,0.985831,0.283324,0.005,4.837296,1.209324,0.347555,00-0037830,2023,SF,DB,CB,0.0,1999-07-07,SF,172.0,24.0
Darius Rush,2023,4,4.19766,1.049415,0.35766,0.005,4.76905,1.192262,0.406345,00-0038388,2023,PIT,DB,CB,21.0,2000-02-22,IND,138.0,24.0
Jamal Perry,2023,1,1.01,1.01,0.0,0.004,1.147482,1.147482,0.0,00-0033734,2023,MIA,DB,CB,46.0,1994-10-23,,,29.0
Blessuan Austin,2023,1,1.01,1.01,0.0,0.004,1.147482,1.147482,0.0,00-0035294,2023,ATL,DB,CB,31.0,1996-07-19,NYJ,196.0,27.0
Cameron Mitchell,2023,4,4.177228,1.044307,0.337228,0.005,4.745836,1.186459,0.383132,00-0038585,2023,CLE,DB,CB,29.0,2001-09-08,CLE,142.0,22.0
Craig James,2023,1,1.01,1.01,0.0,0.004,1.147482,1.147482,0.0,00-0034310,2023,DET,DB,CB,33.0,1996-04-29,,,27.0
Jimmy Moreland,2023,1,1.01,1.01,0.0,0.004,1.147482,1.147482,0.0,00-0035307,2023,NYJ,DB,CB,33.0,1995-08-26,WAS,227.0,28.0
Kevin Toliver II,2023,1,1.01,1.01,0.0,0.004,1.147482,1.147482,0.0,00-0034603,2023,IND,DB,CB,27.0,1995-11-24,,,28.0
Christian Benford,2022,4,3.85428,0.96357,0.19428,0.005,4.728065,1.182016,0.238324,00-0037288,2023,BUF,DB,CB,47.0,2000-09-21,BUF,185.0,23.0
Darrell Luter Jr.,2023,4,4.153512,1.038378,0.313512,0.005,4.718892,1.179723,0.356188,00-0038594,2023,SF,DB,CB,28.0,2000-04-24,SF,155.0,24.0
Kyu Blu Kelly,2023,4,4.149144,1.037286,0.309144,0.005,4.71393,1.178482,0.351225,00-0038381,2023,WAS,DB,CB,36.0,2001-05-22,BAL,157.0,22.0
Gregory Junior,2022,4,3.834264,0.958566,0.174264,0.005,4.703511,1.175878,0.213771,00-0037296,2023,JAX,DB,CB,34.0,1999-06-21,JAX,197.0,24.0
Herb Miller,2023,1,1.01,1.01,0.0,0.004,1.147482,1.147482,0.0,00-0035210,2023,BUF,DB,CB,36.0,1997-11-11,,,26.0
Nate Meadors,2023,1,0.87,0.87,0.0,0.004,0.988425,0.988425,0.0,00-0035108,2023,PIT,DB,CB,30.0,1997-02-13,,,27.0
Terell Smith,2023,4,4.115884,1.028971,0.275884,0.005,4.676142,1.169036,0.313438,00-0038395,2023,CHI,DB,CB,32.0,1999-09-27,CHI,165.0,24.0
Tyler Hall,2023,1,1.01,1.01,0.0,0.004,1.147482,1.147482,0.0,00-0035783,2023,LV,DB,CB,37.0,1998-10-31,,,25.0
Anthony Chesley,2022,2,1.905,0.9525,0.0,0.005,2.336873,1.168437,0.0,00-0035393,2023,TB,DB,CB,37.0,1995-05-31,,,28.0
Luq Barcoo,2023,1,0.94,0.94,0.0,0.004,1.067954,1.067954,0.0,00-0036101,2023,PIT,DB,CB,35.0,1998-07-27,,,25.0
Bryce Hall,2023,1,1.01,1.01,0.0,0.004,1.147482,1.147482,0.0,00-0036241,2023,NYJ,DB,CB,37.0,1997-11-05,NYJ,158.0,26.0
Tariq Castro-Fields,2023,2,1.855,0.9275,0.0,0.004,2.107504,1.053752,0.0,00-0037833,2023,WAS,DB,CB,26.0,1999-01-14,SF,221.0,25.0
Derion Kendrick,2022,4,3.792012,0.948003,0.132012,0.005,4.65168,1.16292,0.16194,00-0037842,2023,LA,DB,CB,1.0,2000-08-24,LA,212.0,23.0
Ja'Sir Taylor,2022,4,3.792012,0.948003,0.132012,0.005,4.65168,1.16292,0.16194,00-0037307,2023,LAC,DB,CB,36.0,1999-01-08,LAC,214.0,25.0
Kindle Vildor,2023,1,1.01,1.01,0.0,0.004,1.147482,1.147482,0.0,00-0036307,2023,DET,DB,CB,29.0,1997-12-11,CHI,163.0,26.0
Montaric Brown,2022,4,3.77598,0.943995,0.11598,0.005,4.632014,1.158003,0.142273,00-0037313,2023,JAX,DB,CB,30.0,1999-08-24,JAX,222.0,24.0
Faion Hicks,2023,1,0.75,0.75,0.0,0.003,0.852091,0.852091,0.0,00-0037319,2023,NO,DB,CB,30.0,1998-09-02,DEN,232.0,25.0
Deane Leonard,2022,4,3.759664,0.939916,0.099664,0.005,4.611999,1.153,0.122258,00-0037320,2023,LAC,DB,CB,33.0,1999-11-20,LAC,236.0,24.0
Chase Lucas,2023,1,0.87,0.87,0.0,0.004,0.988425,0.988425,0.0,00-0037321,2023,DET,DB,CB,27.0,1997-03-04,DET,237.0,27.0
Eric Scott,2023,4,4.058308,1.014577,0.218308,0.005,4.610729,1.152682,0.248024,00-0038604,2023,DAL,DB,CB,37.0,1998-08-07,DAL,178.0,25.0
Rodney Thomas,2022,4,3.755384,0.938846,0.095384,0.005,4.606749,1.151687,0.117008,00-0037323,2023,IND,DB,FS,25.0,1998-06-26,IND,239.0,25.0
Christian Holmes,2022,4,3.75388,0.93847,0.09388,0.005,4.604904,1.151226,0.115163,00-0037095,2023,WAS,DB,CB,34.0,1997-11-14,WAS,240.0,26.0
Mac McCain III,2023,1,0.87,0.87,0.0,0.004,0.988425,0.988425,0.0,00-0036724,2023,CAR,DB,CB,35.0,1998-02-06,,,26.0
Kei'Trel Clark,2023,4,4.0486,1.01215,0.2086,0.005,4.599699,1.149925,0.236995,00-0038984,2023,ARI,DB,CB,13.0,2001-03-19,ARI,180.0,23.0
Kalon Barnes,2023,1,0.216,0.216,0.0,0.001,0.245402,0.245402,0.0,00-0037325,2023,CLE,DB,CB,21.0,1998-12-16,CAR,242.0,25.0
Jaylen Watson,2022,4,3.745368,0.936342,0.085368,0.004,4.594462,1.148615,0.104721,00-0037195,2023,KC,DB,CB,35.0,1998-09-17,KC,243.0,25.0
Christian Matthew,2023,1,0.240666,0.240666,0.0,0.001,0.273426,0.273426,0.0,00-0037747,2023,BAL,DB,CB,46.0,1996-10-26,ARI,244.0,27.0
Essang Bassey,2023,1,1.01,1.01,0.0,0.004,1.147482,1.147482,0.0,00-0035862,2023,LAC,DB,CB,27.0,1998-09-12,,,25.0
Elijah Campbell,2023,1,1.01,1.01,0.0,0.004,1.147482,1.147482,0.0,00-0034248,2023,MIA,DB,SS,22.0,1995-08-24,,,28.0
Jace Whittaker,2023,1,1.01,1.01,0.0,0.004,1.147482,1.147482,0.0,00-0036043,2023,WAS,DB,CB,0.0,1995-07-16,,,28.0
Bobby Price,2023,1,1.01,1.01,0.0,0.004,1.147482,1.147482,0.0,00-0036011,2023,ARI,DB,FS,26.0,1998-04-25,,,26.0
Myles Hartsfield,2023,1,1.01,1.01,0.0,0.004,1.147482,1.147482,0.0,00-0035950,2023,SF,DB,FS,38.0,1997-08-05,,,26.0
Isaiah Rodgers,2023,1,1.01,1.01,0.0,0.004,1.147482,1.147482,0.0,00-0036222,2023,PHI,DB,CB,34.0,1998-01-07,IND,211.0,26.0
Dee Delaney,2023,1,1.01,1.01,0.0,0.004,1.147482,1.147482,0.0,00-0034515,2023,TB,DB,CB,30.0,1995-02-20,,,29.0
Tre Tomlinson,2023,4,4.039852,1.009963,0.199852,0.004,4.589761,1.14744,0.227056,00-0039134,2023,LA,DB,CB,6.0,2000-01-10,LA,182.0,24.0
Lorenzo Burns,2023,1,0.75,0.75,0.0,0.003,0.852091,0.852091,0.0,00-0036807,2023,CLE,DB,CB,27.0,1997-10-10,,,26.0
Nick McCloud,2022,2,1.765,0.8825,0.0,0.004,2.165134,1.082567,0.0,00-0036589,2023,NYG,DB,CB,44.0,1998-07-09,,,25.0
Christian Braswell,2023,4,4.007596,1.001899,0.167596,0.004,4.553114,1.138278,0.190409,00-0038616,2023,JAX,DB,CB,21.0,1999-09-27,JAX,202.0,24.0
Trill Williams,2021,3,2.44,0.813333,0.115,0.004,3.414663,1.138221,0.160937,00-0036546,2023,MIA,DB,CB,6.0,,,,
Jarrick Bernard-Converse,2023,4,4.004384,1.001096,0.164384,0.004,4.549465,1.137366,0.18676,00-0038401,2023,NYJ,DB,CB,29.0,2000-04-29,NYJ,204.0,23.0
A.J. Parker,2023,1,0.94,0.94,0.0,0.004,1.067954,1.067954,0.0,00-0036752,2023,CAR,DB,CB,37.0,1998-02-15,,,26.0
Erick Hallett,2023,4,3.994208,0.998552,0.154208,0.004,4.537904,1.134476,0.175199,00-0038620,2023,JAX,DB,SS,40.0,2000-04-24,JAX,208.0,24.0
Ka'dar Hollman,2023,2,1.995,0.9975,0.0,0.004,2.266561,1.133281,0.0,00-0034990,2023,HOU,DB,CB,20.0,1994-09-18,GB,185.0,29.0
Greg Stroman,2023,2,1.995,0.9975,0.0,0.004,2.266561,1.133281,0.0,00-0034337,2023,CHI,DB,CB,27.0,1996-03-08,WAS,241.0,28.0
Andre Chachere,2023,2,1.995,0.9975,0.0,0.004,2.266561,1.133281,0.0,00-0034623,2023,ARI,DB,SS,36.0,1996-02-10,,,28.0
Tre Hawkins,2023,4,3.98952,0.99738,0.14952,0.004,4.532577,1.133144,0.169873,00-0038403,2023,NYG,DB,CB,37.0,2000-08-01,NYG,209.0,23.0
Jerry Jacobs,2021,3,2.4285,0.8095,0.0035,0.004,3.398569,1.132856,0.004898,00-0036748,2023,DET,DB,CB,23.0,1997-09-26,,,26.0
Kiondre Thomas,2023,1,0.87,0.87,0.0,0.004,0.988425,0.988425,0.0,00-0036688,2023,GB,DB,CB,43.0,1998-02-07,,,26.0
Bryce Thompson,2023,2,1.855,0.9275,0.0,0.004,2.107504,1.053752,0.0,00-0036792,2023,MIA,DB,CB,42.0,,,,
Ameer Speed,2023,4,3.973332,0.993333,0.133332,0.004,4.514186,1.128546,0.151481,00-0038624,2023,IND,DB,SS,37.0,1999-10-13,NE,214.0,24.0
Jaylon Jones,2023,4,3.95348,0.98837,0.11348,0.004,4.491632,1.122908,0.128927,00-0038407,2023,IND,DB,CB,40.0,2002-04-03,IND,221.0,22.0
"Chauncey Gardner-Johnson, Jr.",2023,1,6.5,6.5,6.5,0.029,7.384786,7.384786,7.384786,00-0035253,2023,DET,DB,SS,2.0,1997-12-20,NO,105.0,26.0
Carrington Valentine,2023,4,3.94066,0.985165,0.10066,0.004,4.477067,1.119267,0.114362,00-0038408,2023,GB,DB,CB,37.0,2001-09-09,GB,232.0,22.0
Cory Trice,2023,4,3.924436,0.981109,0.084436,0.004,4.458634,1.114659,0.09593,00-0038639,2023,PIT,DB,CB,27.0,2000-05-30,PIT,241.0,23.0
Isaiah Bolden,2023,4,3.921684,0.980421,0.081684,0.004,4.455508,1.113877,0.092803,00-0038641,2023,NE,DB,CB,29.0,1999-12-16,NE,245.0,24.0
D.J. Ivey,2023,4,3.920656,0.980164,0.080656,0.004,4.45434,1.113585,0.091635,00-0038642,2023,CIN,DB,CB,38.0,2000-02-25,CIN,246.0,24.0
Alex Austin,2023,4,3.917784,0.979446,0.077784,0.004,4.451077,1.112769,0.088372,00-0038646,2023,NE,DB,CB,28.0,2001-05-22,BUF,252.0,22.0
Nic Jones,2023,4,3.917784,0.979446,0.077784,0.004,4.451077,1.112769,0.088372,00-0038986,2023,KC,DB,CB,31.0,2001-10-15,KC,250.0,22.0
Madre Harper,2023,1,0.94,0.94,0.0,0.004,1.067954,1.067954,0.0,00-0036084,2023,PIT,DB,CB,38.0,1997-10-13,,,26.0
Thakarius Keyes,2023,1,0.94,0.94,0.0,0.004,1.067954,1.067954,0.0,00-0036385,2023,CLE,DB,CB,30.0,1997-11-09,KC,237.0,26.0
Stantley Thomas-Oliver,2023,1,0.2898,0.2898,0.0,0.001,0.329248,0.329248,0.0,00-0036315,2023,NYG,DB,CB,27.0,1998-06-04,CAR,221.0,25.0
Chris Claybrooks,2020,4,3.397388,0.849347,0.102388,0.004,4.377865,1.094466,0.131937,00-0036316,2023,JAX,DB,CB,6.0,1997-07-17,JAX,223.0,26.0
Khalil Dorsey,2023,1,0.87,0.87,0.0,0.004,0.988425,0.988425,0.0,00-0036124,2023,DET,DB,CB,30.0,1998-03-31,,,26.0
Nate Brooks,2023,1,0.87,0.87,0.0,0.004,0.988425,0.988425,0.0,00-0035485,2023,SF,DB,CB,36.0,1996-09-05,,,27.0
Lamar Jackson,2023,1,0.94,0.94,0.0,0.004,1.067954,1.067954,0.0,00-0036152,2023,CAR,DB,CB,31.0,1998-04-13,,,26.0
Kemon Hall,2023,1,0.94,0.94,0.0,0.004,1.067954,1.067954,0.0,00-0035542,2023,SF,DB,CB,37.0,1997-06-02,,,26.0
Michael Jackson Sr.,2023,1,0.94,0.94,0.0,0.004,1.067954,1.067954,0.0,00-0035277,2023,SEA,DB,CB,30.0,1997-01-10,DAL,158.0,27.0
Kyler McMichael,2023,2,1.674,0.837,0.009,0.004,1.901867,0.950933,0.010225,00-0037484,2023,ARI,DB,CB,48.0,2000-03-22,,,24.0
Kader Kohou,2022,3,2.59,0.863333,0.04,0.004,3.177166,1.059055,0.049068,00-0037353,2023,MIA,DB,CB,4.0,1998-11-28,,,25.0
Tristin McCollum,2023,2,1.74,0.87,0.025,0.004,1.976851,0.988425,0.028403,00-0037461,2023,PHI,DB,FS,36.0,1999-05-03,,,24.0
Marcelino McCrary-Ball,2023,3,2.695,0.898333,0.0,0.004,3.061846,1.020615,0.0,00-0037526,2023,NYJ,LB,ILB,41.0,1999-03-23,,,25.0
Darrell Baker Jr.,2022,3,2.58,0.86,0.03,0.004,3.164899,1.054966,0.036801,00-0037549,2023,IND,DB,CB,39.0,1998-03-27,,,26.0
DaMarcus Fields,2023,1,0.75,0.75,0.0,0.003,0.852091,0.852091,0.0,00-0037535,2023,WAS,DB,CB,38.0,,,,
D'Angelo Ross,2023,2,1.855,0.9275,0.0,0.004,2.107504,1.053752,0.0,00-0034966,2023,HOU,DB,CB,37.0,1996-10-29,,,27.0
Sam Webb,2023,2,1.855,0.9275,0.0,0.004,2.107504,1.053752,0.0,00-0037516,2023,LV,DB,CB,27.0,1998-05-19,,,25.0
Shaun Jolly,2023,2,1.855,0.9275,0.0,0.004,2.107504,1.053752,0.0,00-0037337,2023,LA,DB,CB,38.0,1998-10-17,,,25.0
Ja'Quan McMillian,2022,3,2.575,0.858333,0.075,0.004,3.158766,1.052921,0.092003,00-0037384,2023,DEN,DB,CB,29.0,2000-06-04,,,23.0
Zyon Gilbert,2023,1,0.87,0.87,0.0,0.004,0.988425,0.988425,0.0,00-0037373,2023,GB,DB,CB,38.0,1999-02-04,,,25.0
Josh Thompson,2023,1,0.216,0.216,0.0,0.001,0.245402,0.245402,0.0,00-0037070,2023,TEN,DB,SS,29.0,1998-10-20,,,25.0
Josh Blackwell,2023,1,0.87,0.87,0.0,0.004,0.988425,0.988425,0.0,00-0037129,2023,CHI,DB,CB,39.0,1999-04-05,,,25.0
Chris Steele,2023,1,0.75,0.75,0.0,0.003,0.852091,0.852091,0.0,00-0037049,2023,SEA,DB,CB,29.0,,,,
Dee Alford,2022,3,2.5705,0.856833,0.06,0.004,3.153245,1.051081,0.073602,00-0037034,2023,ATL,DB,CB,20.0,1997-11-05,,,26.0
Benjie Franklin,2023,1,0.75,0.75,0.0,0.003,0.852091,0.852091,0.0,00-0037062,2023,SEA,DB,CB,34.0,,,,
Josh Jobe,2022,3,2.57,0.856667,0.135,0.004,3.152632,1.050878,0.165605,00-0037137,2023,PHI,DB,CB,28.0,1998-04-09,,,26.0
Mario Goodrich,2023,2,1.665,0.8325,0.0,0.004,1.891641,0.945821,0.0,00-0037136,2023,PHI,DB,CB,37.0,2000-01-12,,,24.0
Darren Evans,2023,1,0.75,0.75,0.0,0.003,0.852091,0.852091,0.0,00-0037372,2023,NYG,DB,CB,35.0,,,,
Don Gardner,2023,2,1.665,0.8325,0.0,0.004,1.891641,0.945821,0.0,00-0037482,2023,TB,DB,CB,36.0,1997-12-09,,,26.0
Bryce Cosby,2023,1,0.75,0.75,0.0,0.003,0.852091,0.852091,0.0,00-0037505,2023,LV,DB,CB,44.0,,,,
Jacobi Francis,2023,1,0.216,0.216,0.0,0.001,0.245402,0.245402,0.0,00-0037464,2023,HOU,DB,CB,38.0,1998-09-06,,,25.0
Isaac Taylor-Stuart,2023,1,0.75,0.75,0.0,0.003,0.852091,0.852091,0.0,00-0037577,2023,IND,DB,CB,37.0,1999-10-25,,,24.0
Quandre Mosely,2023,1,0.75,0.75,0.0,0.003,0.852091,0.852091,0.0,00-0037573,2023,TB,DB,CB,34.0,1999-05-18,,,24.0
Vincent Gray,2023,1,0.75,0.75,0.0,0.003,0.852091,0.852091,0.0,00-0037536,2023,CLE,DB,CB,31.0,1999-12-28,,,24.0
Dallis Flowers,2022,3,2.565,0.855,0.015,0.004,3.146499,1.048833,0.018401,00-0037395,2023,IND,DB,CB,33.0,1997-06-04,,,26.0
Delonte Hood,2023,1,0.75,0.75,0.0,0.003,0.852091,0.852091,0.0,00-0037418,2023,DEN,DB,CB,13.0,,,,
Ja'Marcus Ingram,2023,2,1.673,0.8365,0.008,0.004,1.90073,0.950365,0.009089,00-0037661,2023,BUF,DB,CB,46.0,1997-09-02,,,26.0
Jaylon Jones,2022,3,2.5625,0.854167,0.0025,0.004,3.143432,1.047811,0.003067,00-0037106,2023,CHI,DB,CB,31.0,1997-10-14,,,26.0
Allan George,2023,2,1.575,0.7875,0.0,0.004,1.789391,0.894695,0.0,00-0037415,2023,CIN,DB,CB,42.0,1999-07-16,,,24.0
Tre Swilling,2023,1,0.75,0.75,0.0,0.003,0.852091,0.852091,0.0,00-0037608,2023,BAL,DB,CB,35.0,1999-03-26,,,25.0
Tre Avery,2022,3,2.56,0.853333,0.0,0.004,3.140365,1.046788,0.0,00-0037593,2023,TEN,DB,CB,23.0,1997-02-26,,,27.0
Lavert Hill,2023,1,0.75,0.75,0.0,0.003,0.852091,0.852091,0.0,00-0035885,2023,PIT,DB,DB,25.0,1998-10-03,,,25.0
Tino Ellis,2023,2,1.665,0.8325,0.0,0.004,1.891641,0.945821,0.0,00-0035858,2023,MIA,DB,CB,34.0,,,,
Corey Mayfield Jr.,2023,3,2.72,0.906667,0.035,0.004,3.090249,1.030083,0.039764,00-0038453,2023,BAL,DB,CB,39.0,,,,
Mark Milton,2023,3,2.72,0.906667,0.055,0.004,3.090249,1.030083,0.062487,00-0038538,2023,CAR,DB,CB,36.0,1999-09-14,,,24.0
Kaleb Hayes,2023,3,2.72,0.906667,0.125,0.004,3.090249,1.030083,0.142015,00-0038668,2023,NYG,DB,CB,38.0,1999-03-19,,,25.0
Gemon Green,2023,3,2.715,0.905,0.105,0.004,3.084569,1.02819,0.119293,00-0038478,2023,NYG,DB,CB,34.0,,,,
D'Shawn Jamison,2023,3,2.715,0.905,0.14,0.004,3.084569,1.02819,0.159057,00-0038877,2023,CAR,DB,CB,29.0,1999-06-04,,,24.0
Starling Thomas V,2023,3,2.715,0.905,0.02,0.004,3.084569,1.02819,0.022722,00-0038663,2023,ARI,DB,CB,24.0,2000-01-25,,,24.0
Mekhi Garner,2023,3,2.7125,0.904167,0.1175,0.004,3.081728,1.027243,0.133494,00-0038482,2023,PHI,DB,CB,43.0,2000-01-11,,,24.0
Steven Gilmore,2023,3,2.71,0.903333,0.075,0.004,3.078888,1.026296,0.085209,00-0038655,2023,DET,DB,CB,24.0,1999-09-17,,,24.0
Cameron McCutcheon,2023,3,2.71,0.903333,0.015,0.004,3.078888,1.026296,0.017042,00-0038946,2023,LA,DB,CB,41.0,2000-04-03,,,24.0
Rejzohn Wright,2023,3,2.71,0.903333,0.09,0.004,3.078888,1.026296,0.102251,00-0038781,2023,LV,DB,CB,31.0,2000-09-04,,,23.0
Jaylin Williams,2023,3,2.71,0.903333,0.05,0.004,3.078888,1.026296,0.056806,00-0038812,2023,MIN,DB,CB,38.0,2000-02-26,,,24.0
Keenan Isaac,2023,3,2.707,0.902333,0.012,0.004,3.07548,1.025159,0.013633,00-0038819,2023,TB,DB,CB,16.0,2000-02-17,,,24.0
Eli Ricks,2023,3,2.705,0.901667,0.04,0.004,3.073207,1.024403,0.045445,00-0038487,2023,PHI,DB,CB,39.0,2001-09-26,,,22.0
Tiawan Mullen,2023,3,2.705,0.901667,0.03,0.004,3.073207,1.024403,0.034084,00-0038871,2023,PHI,DB,CB,42.0,2000-07-12,,,23.0
Kahlef Hailassie,2023,3,2.705,0.901667,0.1,0.004,3.073207,1.024403,0.113612,00-0038523,2023,CLE,DB,CB,25.0,2000-11-09,,,23.0
Colby Richardson,2023,3,2.705,0.901667,0.01,0.004,3.073207,1.024403,0.011361,00-0038779,2023,DET,DB,CB,24.0,,,,
Art Green,2023,3,2.705,0.901667,0.18,0.004,3.073207,1.024403,0.204502,00-0038788,2023,DEN,DB,CB,28.0,2000-04-29,,,23.0
Myles Brooks,2023,3,2.705,0.901667,0.15,0.004,3.073207,1.024403,0.170418,00-0038733,2023,DAL,DB,CB,39.0,,,,
Keidron Smith,2023,3,2.705,0.901667,0.135,0.004,3.073207,1.024403,0.153376,00-0038696,2023,DEN,DB,FS,48.0,1999-11-06,,,24.0
Jaydon Grant,2023,3,2.705,0.901667,0.04,0.004,3.073207,1.024403,0.045445,00-0038915,2023,LV,DB,SS,40.0,1998-06-15,,,25.0
Steven Jones,2023,3,2.705,0.901666,0.025,0.004,3.073207,1.024402,0.028403,00-0038846,2023,TEN,DB,CB,36.0,,,,
Timarcus Davis,2023,3,2.704,0.901333,0.009,0.004,3.072071,1.024023,0.010225,00-0038968,2023,LA,DB,CB,27.0,,,,
Ty Okada,2023,3,2.7025,0.900833,0.0075,0.004,3.070367,1.023455,0.008521,00-0038765,2023,SEA,DB,SS,39.0,1999-06-04,,,24.0
Divaad Wilson,2023,3,2.7025,0.900833,0.0175,0.004,3.070367,1.023455,0.019882,00-0038674,2023,ARI,DB,CB,27.0,2000-01-26,,,24.0
Arquon Bush,2023,3,2.7025,0.900833,0.0075,0.004,3.070367,1.023455,0.008521,00-0038755,2023,SEA,DB,CB,24.0,,,,
Reese Taylor,2023,3,2.7,0.9,0.07,0.004,3.067527,1.022509,0.079528,00-0038521,2023,DEN,DB,CB,39.0,1999-08-27,,,24.0
Quavian White,2023,3,2.7,0.9,0.005,0.004,3.067527,1.022509,0.005681,00-0038931,2023,ARI,DB,CB,37.0,2000-06-12,,,23.0
Avery Young,2023,3,2.7,0.9,0.015,0.004,3.067527,1.022509,0.017042,00-0038885,2023,TB,DB,FS,39.0,,,,
Daewood Davis,2023,3,2.7,0.9,0.005,0.004,3.067527,1.022509,0.005681,00-0038688,2023,MIA,WR,WR,87.0,,,,
Caleb Biggers,2023,3,2.7,0.9,0.01,0.004,3.067527,1.022509,0.011361,00-0038712,2023,CLE,DB,CB,39.0,,,,
Cameron Brown,2023,3,2.7,0.9,0.005,0.004,3.067527,1.022509,0.005681,00-0038859,2023,LAC,DB,CB,38.0,,,,
Ethan Bonner,2023,3,2.7,0.9,0.08,0.004,3.067527,1.022509,0.09089,00-0038684,2023,MIA,DB,CB,38.0,1999-10-23,,,24.0
Tyon Davis,2023,3,2.6985,0.8995,0.0035,0.004,3.065823,1.021941,0.003976,00-0038361,2023,LA,DB,CB,20.0,,,,
D'Angelo Mandell,2023,3,2.698,0.899333,0.003,0.004,3.065254,1.021751,0.003408,00-0038739,2023,WAS,DB,CB,38.0,1998-12-27,,,25.0
Nick Whiteside,2023,3,2.698,0.899333,0.003,0.004,3.065254,1.021751,0.003408,00-0038841,2023,WAS,DB,CB,37.0,2000-05-01,,,23.0
Jeremy Lucien,2023,3,2.698,0.899333,0.003,0.004,3.065254,1.021751,0.003408,00-0038451,2023,BAL,DB,CB,31.0,2000-05-12,,,23.0
C.J. Coldon,2023,3,2.6975,0.899167,0.0025,0.004,3.064686,1.021563,0.00284,00-0038803,2023,MIN,DB,CB,35.0,1998-09-03,,,25.0
D.J. Stirgus,2023,3,2.6975,0.899167,0.0025,0.004,3.064686,1.021563,0.00284,00-0038838,2023,WAS,DB,CB,41.0,,,,
Derrick Langford,2023,3,2.697,0.899,0.002,0.004,3.064118,1.021373,0.002272,00-0038501,2023,NYJ,DB,CB,36.0,,,,
A.J. Uzodinma,2023,3,2.697,0.899,0.002,0.004,3.064118,1.021373,0.002272,00-0038872,2023,LAC,DB,CB,35.0,2000-06-01,,,23.0
Isaiah Norman,2023,3,2.6965,0.898833,0.0015,0.004,3.06355,1.021183,0.001704,00-0038517,2023,KC,DB,SS,46.0,,,,
Derrek Pitts,2023,3,2.696,0.898667,0.001,0.004,3.062982,1.020994,0.001136,00-0038827,2023,TB,DB,CB,38.0,1998-08-08,,,25.0
Lance Boykin,2023,3,2.696,0.898666,0.001,0.004,3.062982,1.020993,0.001136,00-0038753,2023,SEA,DB,CB,18.0,2000-08-31,,,23.0
Anthony Kendall,2023,3,2.695,0.898333,0.0,0.004,3.061846,1.020615,0.0,00-0038848,2023,TEN,DB,CB,40.0,1999-12-17,,,24.0
NaJee Thompson,2023,3,2.695,0.898333,0.0,0.004,3.061846,1.020615,0.0,00-0038811,2023,MIN,DB,CB,11.0,2000-07-07,,,23.0
Adrian Frye,2023,3,2.695,0.898333,0.0,0.004,3.061846,1.020615,0.0,00-0038964,2023,NO,DB,CB,44.0,,,,
Ekow Boye-Doe,2023,3,2.695,0.898333,0.0,0.004,3.061846,1.020615,0.0,00-0038956,2023,KC,DB,CB,40.0,1999-11-04,,,24.0
William Hooper,2023,3,2.695,0.898333,0.0,0.004,3.061846,1.020615,0.0,00-0038529,2023,NE,DB,CB,27.0,2000-03-21,,,24.0
Natrone Brooks,2023,3,2.695,0.898333,0.0,0.004,3.061846,1.020615,0.0,00-0038966,2023,ATL,DB,CB,35.0,1999-12-17,,,24.0
LJ Davis,2023,3,2.695,0.898333,0.0,0.004,3.061846,1.020615,0.0,00-0038960,2023,TEN,DB,CB,38.0,,,,
Armani Marsh,2023,3,2.695,0.898333,0.0,0.004,3.061846,1.020615,0.0,00-0038963,2023,TEN,DB,CB,38.0,1999-02-17,,,25.0
Eric Garror,2023,3,2.695,0.898333,0.0,0.004,3.061846,1.020615,0.0,00-0038961,2023,TEN,DB,CB,33.0,2000-03-31,,,24.0
Josh Butler,2023,3,2.695,0.898333,0.0,0.004,3.061846,1.020615,0.0,00-0038348,2023,DAL,DB,CB,31.0,1996-11-25,,,27.0
Tyrell Ford,2023,3,2.695,0.898333,0.0,0.004,3.061846,1.020615,0.0,00-0038151,2023,GB,DB,CB,40.0,,,,
Marvell Tell III,2023,1,0.87,0.87,0.0,0.004,0.988425,0.988425,0.0,00-0035534,2023,CIN,DB,CB,39.0,1996-08-02,IND,144.0,27.0
Michael Jacquet,2023,1,0.87,0.87,0.0,0.004,0.988425,0.988425,0.0,00-0035998,2023,LAC,DB,CB,39.0,1997-01-29,,,27.0
Gavin Heslop,2023,1,0.87,0.87,0.0,0.004,0.988425,0.988425,0.0,00-0036056,2023,CLE,DB,CB,41.0,1997-11-13,,,26.0
Nevelle Clarke,2023,1,0.75,0.75,0.0,0.003,0.852091,0.852091,0.0,00-0035977,2023,PIT,DB,DB,33.0,1996-11-16,,,27.0
Isiah Brown,2023,1,0.75,0.75,0.0,0.003,0.852091,0.852091,0.0,00-0036186,2023,LV,DB,CB,46.0,1998-04-25,,,26.0
Shyheim Carter,2023,2,1.655,0.8325,0.0,0.004,1.88028,0.945821,0.0,00-0036147,2023,TEN,DB,FS,28.0,1997-12-15,,,26.0
Rodney Randle,2023,1,0.75,0.75,0.0,0.003,0.852091,0.852091,0.0,00-0035435,2023,NE,DB,CB,39.0,1997-02-27,,,27.0
Dane Cruikshank,2023,1,0.2898,0.2898,0.0,0.001,0.329248,0.329248,0.0,00-0034389,2023,TEN,DB,SS,29.0,1995-04-27,TEN,152.0,28.0
Jamal Adams,2021,4,70.0,17.5,38.0,0.096,97.961644,24.490411,53.179178,00-0033872,2023,SEA,DB,SS,33.0,1995-10-17,NYJ,6.0,28.0
Derwin James,2022,4,76.0,19.0,42.0,0.091,93.229587,23.307397,51.521614,00-0034790,2023,LAC,DB,SS,3.0,1996-08-03,LAC,17.0,27.0
Harrison Smith,2021,4,64.0,16.0,26.379412,0.088,89.564932,22.391233,36.916722,00-0029606,2023,MIN,DB,SS,22.0,1989-02-02,MIN,29.0,35.0
Minkah Fitzpatrick,2022,4,72.988,18.247,36.0,0.088,89.534751,22.383688,44.161383,00-0034789,2023,PIT,DB,FS,39.0,1996-11-17,MIA,11.0,27.0
Justin Simmons,2021,4,61.0,15.25,35.0,0.084,85.366575,21.341644,48.980822,00-0032971,2023,DEN,DB,FS,31.0,1993-11-19,DEN,98.0,30.0
Kevin Byard,2023,2,25.1,12.55,7.0,0.056,28.516637,14.258319,7.952847,00-0033132,2023,PHI,DB,FS,31.0,1993-08-17,TEN,64.0,30.0
Budda Baker,2023,2,28.2,14.1,13.4,0.063,32.038612,16.019306,15.224021,00-0033890,2023,ARI,DB,SS,3.0,1996-01-10,ARI,36.0,28.0
Tyrann Mathieu,2022,3,27.0,9.0,18.0,0.043,33.121037,11.040346,22.080692,00-0030459,2023,NO,DB,FS,32.0,1992-05-13,ARI,69.0,31.0
Eddie Jackson,2020,4,58.4,14.6,33.0,0.074,75.254087,18.813522,42.523713,00-0033784,2023,CHI,DB,FS,4.0,1993-12-10,CHI,112.0,30.0
Jessie Bates III,2023,4,64.02,16.005,36.0,0.071,72.734466,18.183617,40.900356,00-0034675,2023,ATL,DB,FS,3.0,1997-02-26,CIN,54.0,27.0
Marcus Williams,2022,5,70.0,14.0,37.0,0.067,85.869356,17.173871,45.388088,00-0033894,2023,BAL,DB,FS,32.0,1996-09-08,NO,42.0,27.0
Quandre Diggs,2022,3,39.0,13.0,26.98,0.062,47.841499,15.947166,33.096503,00-0031608,2023,SEA,DB,FS,6.0,1993-01-22,DET,200.0,31.0
John Johnson,2023,1,1.08,1.08,0.0,0.005,1.227011,1.227011,0.0,00-0033927,2023,LA,DB,SS,43.0,1995-12-19,LA,91.0,28.0
Kareem Jackson,2023,1,2.6675,2.6675,0.1525,0.012,3.030603,3.030603,0.173258,00-0027872,2023,HOU,DB,SS,22.0,1988-04-10,HOU,20.0,36.0
Marcus Maye,2022,3,22.5,7.5,14.5,0.036,27.600865,9.200288,17.787224,00-0033892,2023,NO,DB,FS,6.0,1993-03-09,NYJ,39.0,31.0
Devin McCourty,2022,1,9.0,9.0,8.0,0.043,11.040346,11.040346,9.813641,00-0027647,2023,NE,DB,FS,32.0,1987-08-13,NE,27.0,36.0
Jalen Thompson,2022,3,36.0,12.0,24.5,0.058,44.161383,14.720461,30.054275,00-0035705,2023,ARI,DB,FS,34.0,1998-07-18,ARI,132.0,25.0
Grant Delpit,2023,3,36.0,12.0,23.59677,0.053,40.900356,13.633452,26.808786,00-0036282,2023,CLE,DB,SS,22.0,1998-09-20,CLE,44.0,25.0
Micah Hyde,2021,2,19.25,9.625,13.3,0.053,26.939452,13.469726,18.612712,00-0030090,2023,BUF,DB,FS,23.0,1990-12-31,GB,159.0,33.0
Logan Ryan,2023,1,1.165,1.165,0.0,0.005,1.323581,1.323581,0.0,00-0030411,2023,SF,DB,FS,33.0,1991-02-09,NE,83.0,33.0
Justin Reid,2022,3,31.5,10.5,20.485,0.05,38.64121,12.880403,25.129054,00-0034361,2023,KC,DB,SS,20.0,1997-02-15,HOU,68.0,27.0
Jordan Poyer,2023,2,12.5,6.25,7.0,0.028,14.201512,7.100756,7.952847,00-0030114,2023,BUF,DB,SS,21.0,1991-04-25,PHI,218.0,33.0
Amani Hooker,2022,3,30.0,10.0,19.5,0.048,36.801153,12.267051,23.920749,00-0035632,2023,TEN,DB,FS,37.0,1998-06-14,TEN,116.0,25.0
Rayshawn Jenkins,2021,4,35.0,8.75,16.0,0.048,48.980822,12.245205,22.391233,00-0033941,2023,JAX,DB,SS,2.0,1994-01-25,LAC,113.0,30.0
Jimmie Ward,2023,2,13.0,6.5,8.5,0.029,14.769573,7.384786,9.657028,00-0031298,2023,HOU,DB,FS,1.0,1991-07-18,SF,30.0,32.0
Adrian Amos,2023,1,1.75,1.75,1.75,0.008,1.988212,1.988212,1.988212,00-0031584,2023,HOU,DB,FS,0.0,1993-04-29,CHI,142.0,30.0
Tracy Walker,2022,3,25.0,8.333333,16.95,0.04,30.667627,10.222542,20.792651,00-0034745,2023,DET,DB,FS,21.0,1995-02-01,DET,82.0,29.0
Tashaun Gipson,2023,1,2.9,2.9,2.17,0.013,3.294751,3.294751,2.465383,00-0028924,2023,SF,DB,FS,31.0,1990-08-07,,,33.0
Bobby McCain,2023,1,1.3175,1.3175,0.6525,0.006,1.496839,1.496839,0.741319,00-0031587,2023,NYG,DB,SS,21.0,1993-08-18,MIA,145.0,30.0
Jordan Whitehead,2023,1,5.25,5.25,5.25,0.023,5.964635,5.964635,5.964635,00-0034374,2023,NYJ,DB,SS,3.0,1997-03-18,TB,117.0,27.0
Vonn Bell,2023,3,22.5,7.5,13.0,0.033,25.562722,8.520907,14.769573,00-0032939,2023,CAR,DB,SS,24.0,1994-12-12,NO,61.0,29.0
Juan Thornhill,2023,3,21.0,7.0,14.0,0.031,23.858541,7.952847,15.905694,00-0035625,2023,CLE,DB,FS,1.0,1995-10-19,KC,63.0,28.0
Donovan Wilson,2023,3,21.0,7.0,13.5,0.031,23.858541,7.952847,15.337633,00-0035301,2023,DAL,DB,SS,6.0,1995-02-21,DAL,213.0,29.0
Malik Hooker,2023,3,21.0,7.0,16.5,0.031,23.858541,7.952847,18.745996,00-0033877,2023,DAL,DB,FS,28.0,1996-04-02,IND,15.0,28.0
Eric Murray,2023,1,2.5,2.5,1.475,0.011,2.840302,2.840302,1.675778,00-0033038,2023,HOU,DB,FS,23.0,1994-01-07,KC,106.0,30.0
Marcus Epps,2023,2,12.0,6.0,10.34,0.027,13.633452,6.816726,11.747491,00-0034993,2023,LV,DB,SS,1.0,1996-01-27,MIN,191.0,28.0
Julian Love,2023,2,12.0,6.0,5.98,0.027,13.633452,6.816726,6.794004,00-0034974,2023,SEA,DB,SS,20.0,1998-03-19,NYG,108.0,26.0
Eric Rowe,2023,1,1.3175,1.3175,0.8525,0.006,1.496839,1.496839,0.968543,00-0031555,2023,PIT,DB,SS,25.0,1992-10-03,PHI,47.0,31.0
Chuck Clark,2020,3,15.3,5.1,10.0,0.026,19.71554,6.571847,12.885974,00-0033294,2023,NYJ,DB,SS,23.0,1995-04-19,BAL,186.0,29.0
Jayron Kearse,2022,2,10.0,5.0,5.0,0.024,12.267051,6.133525,6.133525,00-0032454,2023,DAL,DB,FS,1.0,1994-02-11,MIN,244.0,30.0
Xavier Woods,2022,3,15.0,5.0,6.035,0.024,18.400576,6.133525,7.403165,00-0033579,2023,CAR,DB,FS,25.0,1995-07-26,DAL,191.0,28.0
Adrian Phillips,2021,3,12.75,4.25,7.25,0.023,17.843014,5.947671,10.146027,00-0031404,2023,NE,DB,FS,21.0,1992-03-28,,,32.0
Rodney McLeod,2023,1,1.3175,1.3175,0.8525,0.006,1.496839,1.496839,0.968543,00-0028899,2023,CLE,DB,FS,26.0,1990-06-23,,,33.0
Jabrill Peppers,2023,2,9.0,4.5,6.0,0.02,10.225089,5.112544,6.816726,00-0033883,2023,NE,DB,SS,5.0,1995-10-04,CLE,25.0,28.0
Kyle Hamilton,2022,4,16.255088,4.063772,16.255088,0.02,19.940199,4.98505,19.940199,00-0038038,2023,BAL,DB,SS,14.0,2001-03-16,BAL,14.0,23.0
Josh Metellus,2023,2,8.0,4.0,6.135,0.018,9.088968,4.544484,6.970102,00-0036348,2023,MIN,DB,SS,44.0,1998-01-21,MIN,205.0,26.0
Nick Scott,2023,3,12.0,4.0,3.0,0.018,13.633452,4.544484,3.408363,00-0035669,2023,CIN,DB,SS,33.0,1995-05-17,LA,243.0,28.0
Darnell Savage Jr.,2019,4,12.517688,3.129422,12.517688,0.017,16.987341,4.246835,16.987341,00-0034968,2023,GB,DB,SS,26.0,1997-07-30,GB,21.0,26.0
Johnathan Abram,2023,1,1.1625,1.1625,0.0,0.005,1.320741,1.320741,0.0,00-0035693,2023,NO,DB,SS,24.0,1996-10-25,OAK,27.0,27.0
Terrell Edmunds,2023,1,2.0,2.0,0.6,0.009,2.272242,2.272242,0.681673,00-0034858,2023,TEN,DB,FS,38.0,1997-01-20,PIT,28.0,27.0
J.T. Gray,2023,3,9.6,3.2,3.5,0.014,10.906762,3.635587,3.976423,00-0034116,2023,NO,DB,SS,48.0,1996-01-18,,,28.0
Andrew Wingard,2023,3,9.6,3.2,6.0,0.014,10.906762,3.635587,6.816726,00-0035378,2023,JAX,DB,FS,42.0,1996-12-05,,,27.0
Daxton Hill,2022,4,11.667018,2.916755,11.667018,0.014,14.31199,3.577998,14.31199,00-0037743,2023,CIN,DB,FS,23.0,2000-09-29,CIN,31.0,23.0
Lewis Cine,2022,4,11.494155,2.873539,11.494155,0.014,14.099938,3.524985,14.099938,00-0037245,2023,MIN,DB,FS,6.0,1999-10-05,MIN,32.0,24.0
Daniel Sorensen,2023,1,0.356944,0.356944,0.0,0.002,0.405532,0.405532,0.0,00-0030665,2023,NO,DB,FS,26.0,1990-03-05,,,34.0
Damontae Kazee,2023,2,6.0,3.0,1.75,0.013,6.816726,3.408363,1.988212,00-0033512,2023,PIT,DB,SS,23.0,1993-06-05,ATL,149.0,30.0
Mike Edwards,2023,1,3.0,3.0,2.48,0.013,3.408363,3.408363,2.81758,00-0035681,2023,KC,DB,FS,21.0,1996-05-18,TB,99.0,27.0
Jevon Holland,2021,4,8.716404,2.179101,6.257796,0.012,12.198189,3.049547,8.757485,00-0036998,2023,MIA,DB,SS,8.0,2000-03-03,MIA,36.0,24.0
Cody Davis,2023,1,2.2,2.2,0.5,0.01,2.499466,2.499466,0.56806,00-0029764,2023,NE,DB,FS,22.0,1989-06-06,,,34.0
George Odum,2022,3,5.7,1.9,3.7,0.009,6.992219,2.33074,4.538809,00-0034091,2023,SF,DB,FS,30.0,1993-11-03,,,30.0
Jeremy Reaves,2023,1,2.627,2.627,0.0,0.012,2.98459,2.98459,0.0,00-0034465,2023,WAS,DB,SS,39.0,1996-08-29,,,27.0
Dallin Leavitt,2023,1,1.4,1.4,0.15,0.006,1.590569,1.590569,0.170418,00-0034726,2023,DEN,DB,SS,6.0,1994-08-08,,,29.0
Will Harris,2023,1,2.5825,2.5825,2.5825,0.011,2.934032,2.934032,2.934032,00-0035655,2023,DET,DB,SS,25.0,1995-12-19,DET,81.0,28.0
Richie Grant,2021,4,8.268374,2.067094,5.069199,0.011,11.571193,2.892799,7.094101,00-0036961,2023,ATL,DB,SS,27.0,1997-11-09,ATL,40.0,26.0
Brandon Wilson,2023,1,0.2898,0.2898,0.0,0.001,0.329248,0.329248,0.0,00-0033791,2023,IND,DB,FS,40.0,1994-07-27,CIN,207.0,29.0
Sam Franklin,2023,1,2.51,2.51,1.5,0.011,2.851664,2.851664,1.704181,00-0036037,2023,CAR,DB,SS,42.0,1996-02-02,,,28.0
Trevon Moehrig,2021,4,7.895012,1.973753,4.780692,0.011,11.048691,2.762173,6.690349,00-0036962,2023,LV,DB,FS,25.0,1999-06-16,LV,43.0,24.0
Jalen Pitre,2022,4,8.954436,2.238609,7.028376,0.011,10.984452,2.746113,8.621745,00-0037246,2023,HOU,DB,FS,5.0,1999-06-03,HOU,37.0,24.0
Xavier McKinney,2020,4,8.391046,2.097762,5.789507,0.011,10.81268,2.703171,7.460344,00-0036388,2023,NYG,DB,FS,29.0,1999-08-09,NYG,36.0,24.0
Kyle Dugger,2020,4,8.331902,2.082976,5.560149,0.011,10.736467,2.684117,7.164793,00-0036231,2023,NE,DB,FS,23.0,1996-03-22,NE,37.0,28.0
"Antoine Winfield, Jr.",2020,4,7.307182,1.826796,4.426457,0.009,9.416016,2.354005,5.703921,00-0036411,2023,TB,DB,FS,31.0,1998-08-16,TB,45.0,25.0
Brian Branch,2023,4,8.021742,2.005436,5.623617,0.009,9.11367,2.278418,6.389109,00-0039141,2023,DET,DB,SS,32.0,2001-10-22,DET,45.0,22.0
Jaquan Brisker,2022,4,7.355542,1.838886,4.273827,0.009,9.023081,2.255771,5.242725,00-0038135,2023,CHI,DB,SS,9.0,1999-04-20,CHI,48.0,25.0
DeAndre Houston-Carson,2023,1,1.165,1.165,0.0,0.005,1.323581,1.323581,0.0,00-0032790,2023,HOU,DB,FS,30.0,1993-04-13,CHI,185.0,31.0
Quan Martin,2023,4,7.637824,1.909456,5.111995,0.008,8.677492,2.169373,5.807845,00-0039149,2023,WAS,DB,CB,20.0,2000-04-17,WAS,47.0,24.0
Deon Bush,2023,1,1.3175,1.3175,0.35,0.006,1.496839,1.496839,0.397642,00-0032774,2023,KC,DB,SS,26.0,1993-08-14,CHI,124.0,30.0
Taylor Rapp,2023,1,1.77,1.77,1.65,0.008,2.010934,2.010934,1.8746,00-0035663,2023,BUF,DB,SS,20.0,1997-12-22,LA,61.0,26.0
DeShon Elliott,2023,1,1.77,1.77,1.77,0.008,2.010934,2.010934,2.010934,00-0034277,2023,MIA,DB,FS,21.0,1997-04-21,BAL,190.0,27.0
Geno Stone,2023,1,1.76,1.76,0.75,0.008,1.999573,1.999573,0.852091,00-0036199,2023,BAL,DB,SS,26.0,1999-04-19,BAL,219.0,25.0
Erik Harris,2023,1,0.2898,0.2898,0.0,0.001,0.329248,0.329248,0.0,00-0032320,2023,SF,DB,FS,35.0,1990-04-02,,,34.0
Andre Cisco,2021,4,5.236498,1.309125,1.16836,0.007,7.328228,1.832058,1.635064,00-0036941,2023,JAX,DB,SS,5.0,2000-03-23,JAX,65.0,24.0
Justin Evans,2023,1,1.59,1.59,0.6,0.007,1.806432,1.806432,0.681673,00-0033898,2023,PHI,DB,FS,30.0,1995-08-26,TB,50.0,28.0
Bryan Cook,2022,4,5.847142,1.461786,3.108247,0.007,7.172719,1.79318,3.812902,00-0037193,2023,KC,DB,FS,6.0,1999-09-07,KC,62.0,24.0
Duron Harmon,2023,1,1.165,1.165,0.0,0.005,1.323581,1.323581,0.0,00-0030383,2023,CLE,DB,SS,30.0,1991-01-24,NE,91.0,33.0
Jeremy Chinn,2020,4,5.241474,1.310369,2.687027,0.007,6.75415,1.688538,3.462496,00-0036293,2023,CAR,DB,FS,21.0,1998-02-26,CAR,64.0,26.0
Sydney Brown,2023,4,5.749106,1.437277,1.181168,0.006,6.53168,1.632921,1.34195,00-0039002,2023,PHI,DB,SS,21.0,2000-03-21,PHI,66.0,24.0
J.T. Woods,2022,4,5.27644,1.31911,1.017412,0.006,6.472636,1.618159,1.248064,00-0038091,2023,LAC,DB,FS,22.0,2000-06-10,LAC,79.0,23.0
P.J. Locke,2023,1,1.4,1.4,0.254,0.006,1.590569,1.590569,0.288575,00-0035227,2023,DEN,DB,FS,6.0,1997-02-12,,,27.0
Ashtyn Davis,2020,4,4.917388,1.229347,1.13628,0.006,6.336533,1.584133,1.464207,00-0036329,2023,NYJ,DB,SS,21.0,1996-10-10,NYJ,68.0,27.0
Andrew Adams,2023,1,0.339066,0.339066,0.0,0.002,0.38522,0.38522,0.0,00-0032637,2023,BAL,DB,SS,37.0,1993-08-28,,,30.0
Dean Marlowe,2023,1,1.2325,1.2325,0.2525,0.005,1.400269,1.400269,0.286871,00-0031870,2023,LAC,DB,SS,20.0,1992-07-25,,,31.0
Brandon Jones,2020,4,4.873102,1.218276,1.104072,0.006,6.279466,1.569867,1.422704,00-0036221,2023,MIA,DB,FS,29.0,1998-04-02,MIA,70.0,26.0
Nick Cross,2022,4,5.065636,1.266409,0.8641,0.006,6.214041,1.55351,1.059996,00-0037616,2023,IND,DB,SS,20.0,2001-09-10,IND,96.0,22.0
Kerby Joseph,2022,4,5.044904,1.261226,0.84902,0.006,6.188609,1.547152,1.041497,00-0037667,2023,DET,DB,FS,31.0,2000-11-14,DET,97.0,23.0
Ji'Ayir Brown,2023,4,5.395804,1.348951,0.92422,0.006,6.130286,1.532572,1.050026,00-0038554,2023,SF,DB,SS,27.0,2000-01-25,SF,87.0,24.0
Matthias Farley,2023,1,1.165,1.165,0.0,0.005,1.323581,1.323581,0.0,00-0032496,2023,CAR,DB,FS,41.0,1992-07-15,,,31.0
Ronnie Harrison,2023,1,1.08,1.08,0.0,0.005,1.227011,1.227011,0.0,00-0034779,2023,IND,LB,ILB,48.0,1997-04-18,JAX,93.0,27.0
Jordan Battle,2023,4,5.325016,1.331254,0.87274,0.006,6.049862,1.512466,0.991538,00-0038560,2023,CIN,DB,SS,27.0,2000-12-14,CIN,95.0,23.0
Michael Thomas,2023,1,1.165,1.165,0.0,0.005,1.323581,1.323581,0.0,00-0028908,2023,CIN,DB,SS,31.0,1990-03-17,,,34.0
Camryn Bynum,2021,4,4.197812,1.049453,0.717812,0.006,5.874637,1.468659,1.004543,00-0036629,2023,MIN,DB,FS,24.0,1998-07-19,MIN,125.0,25.0
Julian Blackmon,2020,4,4.539838,1.13496,0.926436,0.006,5.850023,1.462506,1.193803,00-0036253,2023,IND,DB,FS,32.0,1998-08-24,IND,85.0,25.0
Sheldrick Redwine,2023,2,2.135,1.0675,0.0,0.005,2.425618,1.212809,0.0,00-0034977,2023,DAL,DB,FS,27.0,1996-11-06,CLE,119.0,27.0
Jaquan Johnson,2023,1,1.2325,1.2325,0.4315,0.005,1.400269,1.400269,0.490236,00-0035290,2023,TB,DB,FS,26.0,1995-11-06,BUF,181.0,28.0
Tyree Gillespie,2023,1,0.94,0.94,0.0,0.004,1.067954,1.067954,0.0,00-0036853,2023,KC,DB,SS,43.0,1997-09-05,LV,143.0,26.0
Terrell Burgess,2023,1,1.01,1.01,0.0,0.004,1.147482,1.147482,0.0,00-0036421,2023,WAS,DB,FS,32.0,1998-11-12,LA,104.0,25.0
Adrian Colbert,2023,1,1.08,1.08,0.0,0.005,1.227011,1.227011,0.0,00-0033302,2023,CHI,DB,FS,23.0,1993-10-06,SF,229.0,30.0
Percy Butler,2022,4,4.44902,1.112255,0.78902,0.005,5.457635,1.364409,0.967895,00-0038100,2023,WAS,DB,FS,35.0,2000-05-05,WAS,113.0,23.0
Dane Belton,2022,4,4.444492,1.111123,0.784492,0.005,5.452081,1.36302,0.96234,00-0038123,2023,NYG,DB,SS,24.0,2000-12-07,NYG,114.0,23.0
Caden Sterns,2021,4,3.810584,0.952646,0.330584,0.005,5.33273,1.333182,0.462636,00-0036633,2023,DEN,DB,SS,30.0,1999-11-02,DEN,152.0,24.0
Darrick Forrest,2021,4,3.791076,0.947769,0.311076,0.005,5.305429,1.326357,0.435336,00-0036638,2023,WAS,DB,FS,22.0,1999-05-22,WAS,163.0,24.0
Richard LeCounte,2023,2,1.995,0.9975,0.0,0.004,2.266561,1.133281,0.0,00-0036641,2023,TB,DB,FS,15.0,1998-09-11,CLE,169.0,25.0
Jason Pinnock,2021,4,3.750448,0.937612,0.270448,0.005,5.248572,1.312143,0.378479,00-0036502,2023,NYG,DB,SS,27.0,1999-06-30,NYJ,175.0,24.0
Chamarri Conner,2023,4,4.591364,1.147841,0.751364,0.005,5.216345,1.304086,0.85364,00-0038982,2023,KC,DB,FS,27.0,2000-07-11,KC,119.0,23.0
Talanoa Hufanga,2021,4,3.720152,0.930038,0.240152,0.005,5.206174,1.301544,0.336081,00-0036564,2023,SF,DB,SS,29.0,2000-02-01,SF,180.0,24.0
K'Von Wallace,2020,4,4.001112,1.000278,0.706112,0.005,5.155822,1.288956,0.909894,00-0036395,2023,TEN,DB,FS,35.0,1997-07-25,PHI,127.0,26.0
Joshuah Bledsoe,2023,2,1.785,0.8925,0.0,0.004,2.027976,1.013988,0.0,00-0036872,2023,NE,DB,FS,24.0,1998-12-30,NE,188.0,25.0
Sean Chandler,2023,1,1.08,1.08,0.0,0.005,1.227011,1.227011,0.0,00-0034496,2023,WAS,DB,SS,48.0,1996-04-27,,,27.0
Joshua Kalu,2023,1,1.08,1.08,0.0,0.005,1.227011,1.227011,0.0,00-0034662,2023,WAS,DB,FS,42.0,1995-08-28,,,28.0
Tarvarius Moore,2023,1,1.13,1.13,0.05,0.005,1.283817,1.283817,0.056806,00-0034263,2023,GB,DB,SS,30.0,1996-08-16,SF,95.0,27.0
Jaylinn Hawkins,2023,1,1.01,1.01,0.0,0.004,1.147482,1.147482,0.0,00-0036302,2023,LAC,DB,FS,37.0,1997-08-27,ATL,134.0,26.0
Jay Ward,2023,4,4.493544,1.123386,0.653544,0.005,5.10521,1.276302,0.742505,00-0038578,2023,MIN,DB,FS,20.0,2000-07-13,MIN,134.0,23.0
Damar Hamlin,2021,4,3.640476,0.910119,0.160476,0.005,5.094672,1.273668,0.224578,00-0036888,2023,BUF,DB,SS,3.0,1998-03-24,BUF,212.0,26.0
Israel Mukuamu,2021,4,3.610704,0.902676,0.130704,0.005,5.053007,1.263252,0.182914,00-0036661,2023,DAL,DB,FS,24.0,1999-11-28,DAL,227.0,24.0
Mark Webb,2023,1,0.87,0.87,0.0,0.004,0.988425,0.988425,0.0,00-0036665,2023,LAC,DB,FS,29.0,1998-09-10,LAC,241.0,25.0
Tre Norwood,2023,1,0.216,0.216,0.0,0.001,0.245402,0.245402,0.0,00-0036846,2023,BUF,DB,FS,38.0,1999-04-19,PIT,245.0,25.0
Delarrin Turner-Yell,2022,4,3.993048,0.998262,0.333048,0.005,4.898292,1.224573,0.408552,00-0037264,2023,DEN,DB,FS,32.0,1999-12-16,DEN,152.0,24.0
Tycen Anderson,2022,4,3.966084,0.991521,0.306084,0.005,4.865215,1.216304,0.375475,00-0037752,2023,CIN,DB,SS,26.0,1999-06-13,CIN,166.0,24.0
Jonathan Owens,2023,1,1.01,1.01,0.0,0.004,1.147482,1.147482,0.0,00-0034485,2023,GB,DB,SS,34.0,1995-07-22,,,28.0
Grayland Arnold,2023,1,1.01,1.01,0.0,0.004,1.147482,1.147482,0.0,00-0035995,2023,HOU,DB,FS,25.0,1997-09-04,,,26.0
Jammie Robinson,2023,4,4.169532,1.042383,0.329532,0.005,4.737093,1.184273,0.374388,00-0038587,2023,CAR,DB,SS,22.0,2001-01-24,CAR,145.0,23.0
Jordan Howden,2023,4,4.166728,1.041682,0.326728,0.005,4.733907,1.183477,0.371203,00-0038588,2023,NO,DB,SS,31.0,2000-05-14,NO,146.0,23.0
Antonio Johnson,2023,4,4.141832,1.035458,0.301832,0.005,4.705622,1.176406,0.342918,00-0038596,2023,JAX,DB,FS,26.0,2001-10-29,JAX,160.0,22.0
Theo Jackson,2022,4,3.82348,0.95587,0.16348,0.005,4.690282,1.172571,0.200542,00-0037301,2023,MIN,DB,FS,25.0,1998-10-02,TEN,204.0,25.0
Jake Gervase,2023,1,0.94,0.94,0.0,0.004,1.067954,1.067954,0.0,00-0035609,2023,MIN,LB,ILB,49.0,1995-09-18,,,28.0
Kenny Robinson,2023,1,0.94,0.94,0.0,0.004,1.067954,1.067954,0.0,00-0036283,2023,PIT,DB,FS,41.0,1999-01-08,CAR,152.0,25.0
Jovante Moffatt,2023,1,0.216,0.216,0.0,0.001,0.245402,0.245402,0.0,00-0036118,2023,ARI,DB,SS,38.0,1996-12-25,,,27.0
Elijah Riley,2022,2,1.905,0.9525,0.0,0.005,2.336873,1.168437,0.0,00-0036002,2023,PIT,DB,FS,37.0,1998-06-12,,,25.0
Daniel Thomas,2020,4,3.612116,0.903029,0.317116,0.005,4.654563,1.163641,0.408635,00-0036306,2023,JAX,DB,SS,20.0,1998-07-01,JAX,157.0,25.0
Quentin Lake,2022,4,3.792012,0.948003,0.132012,0.005,4.65168,1.16292,0.16194,00-0037841,2023,LA,DB,FS,37.0,1999-01-29,LA,211.0,25.0
Christopher Smith,2023,4,4.08498,1.021245,0.24498,0.005,4.641032,1.160258,0.278327,00-0038602,2023,LV,DB,SS,29.0,2000-05-01,LV,170.0,23.0
Tariq Carpenter,2023,1,0.324999,0.324999,0.0,0.001,0.369238,0.369238,0.0,00-0037090,2023,PIT,DB,SS,49.0,1998-12-28,GB,228.0,25.0
Jared Mayden,2022,3,2.82,0.94,0.0,0.005,3.459308,1.153103,0.0,00-0035808,2023,BUF,DB,FS,36.0,1998-06-24,,,25.0
Josh Hayes,2023,4,4.044376,1.011094,0.204376,0.004,4.5949,1.148725,0.232196,00-0039051,2023,TB,DB,CB,32.0,1999-04-24,TB,181.0,25.0
Juju Hughes,2023,1,1.01,1.01,0.0,0.004,1.147482,1.147482,0.0,00-0036077,2023,ARI,DB,FS,36.0,1998-07-19,,,25.0
J.L. Skinner,2023,4,4.036224,1.009056,0.196224,0.004,4.585639,1.14641,0.222934,00-0038605,2023,DEN,DB,SS,34.0,2001-04-16,DEN,183.0,23.0
Elijah Hicks,2022,4,3.737012,0.934253,0.077012,0.004,4.584212,1.146053,0.094471,00-0037096,2023,CHI,DB,FS,22.0,1999-10-16,CHI,254.0,24.0
Nazeeh Johnson,2022,4,3.737012,0.934253,0.077012,0.004,4.584212,1.146053,0.094471,00-0037198,2023,KC,DB,FS,13.0,1998-07-17,KC,259.0,25.0
Russ Yeast,2022,4,3.737012,0.934253,0.077012,0.004,4.584212,1.146053,0.094471,00-0037844,2023,LA,DB,SS,2.0,1999-05-08,LA,253.0,24.0
Jerrick Reed,2023,4,4.0148,1.0037,0.1748,0.004,4.561299,1.140325,0.198594,00-0038613,2023,SEA,DB,SS,32.0,2000-08-07,SEA,198.0,23.0
Zayne Anderson,2023,2,2.005,1.0025,0.01,0.004,2.277923,1.138961,0.011361,00-0036677,2023,GB,DB,FS,39.0,1997-01-03,,,27.0
Devon Key,2023,1,0.75,0.75,0.0,0.003,0.852091,0.852091,0.0,00-0036683,2023,DEN,DB,SS,26.0,1997-10-28,,,26.0
Amari Burney,2023,4,4.005116,1.001279,0.165116,0.004,4.550296,1.137574,0.187592,00-0038617,2023,LV,LB,OLB,56.0,2000-06-19,LV,203.0,23.0
Tyler Coyle,2023,2,1.665,0.8325,0.0,0.004,1.891641,0.945821,0.0,00-0036764,2023,GB,DB,FS,31.0,1998-11-15,,,25.0
Ar'Darius Washington,2022,2,1.765,0.8825,0.0,0.004,2.165134,1.082567,0.0,00-0036587,2023,BAL,DB,FS,29.0,1999-11-02,,,24.0
Innis Gaines,2023,1,0.87,0.87,0.0,0.004,0.988425,0.988425,0.0,00-0036462,2023,GB,DB,SS,38.0,1998-08-29,,,25.0
Alohi Gilman,2020,4,3.482876,0.870719,0.187876,0.004,4.488025,1.122006,0.242097,00-0036380,2023,LAC,DB,SS,32.0,1997-09-17,LAC,186.0,26.0
DeMarcco Hellams,2023,4,3.9463,0.986575,0.1063,0.004,4.483474,1.120869,0.12077,00-0038628,2023,ATL,DB,SS,37.0,2000-06-05,ATL,224.0,23.0
Jason Taylor II,2023,4,3.938032,0.984508,0.098032,0.004,4.474081,1.11852,0.111376,00-0039060,2023,LA,DB,FS,25.0,1999-12-30,LA,234.0,24.0
Jordan Fuller,2020,4,3.465708,0.866427,0.170708,0.004,4.465902,1.116476,0.219974,00-0036431,2023,LA,DB,FS,4.0,1998-03-04,LA,199.0,26.0
Anthony Johnson Jr.,2023,4,3.923764,0.980941,0.083764,0.004,4.457871,1.114468,0.095166,00-0038411,2023,GB,DB,FS,36.0,1999-12-02,GB,242.0,24.0
Brandon Hill,2023,4,3.918816,0.979704,0.078816,0.004,4.452249,1.113062,0.089545,00-0038644,2023,HOU,DB,SS,36.0,2000-09-06,HOU,248.0,23.0
Gervarrius Owens,2023,4,3.917784,0.979446,0.077784,0.004,4.451077,1.112769,0.088372,00-0038413,2023,NYG,DB,FS,39.0,1999-10-14,NYG,254.0,24.0
Kendall Williamson,2023,4,3.917784,0.979446,0.077784,0.004,4.451077,1.112769,0.088372,00-0038414,2023,BUF,DB,SS,36.0,2000-08-24,CHI,258.0,23.0
Kamren Curl,2020,4,3.408328,0.852082,0.113328,0.004,4.391963,1.097991,0.146034,00-0036349,2023,WAS,DB,SS,31.0,1999-03-03,WAS,216.0,25.0
Henry Black,2023,1,0.94,0.94,0.0,0.004,1.067954,1.067954,0.0,00-0035962,2023,IND,DB,SS,38.0,1997-01-03,,,27.0
Myles Dorn,2023,1,0.94,0.94,0.0,0.004,1.067954,1.067954,0.0,00-0035979,2023,MIA,DB,SS,35.0,1998-06-25,,,25.0
Smoke Monday,2022,3,2.58,0.86,0.12,0.004,3.164899,1.054966,0.147205,00-0037540,2023,NO,DB,FS,38.0,,,,
Nolan Turner,2023,2,1.855,0.9275,0.0,0.004,2.107504,1.053752,0.0,00-0037488,2023,TB,DB,FS,34.0,,,,
Micah Abernathy,2023,2,1.855,0.9275,0.0,0.004,2.107504,1.053752,0.0,00-0035098,2023,ATL,DB,FS,29.0,1997-02-10,,,27.0
Joey Blount,2023,2,1.855,0.9275,0.0,0.004,2.107504,1.053752,0.0,00-0037141,2023,ARI,DB,FS,32.0,1998-11-16,,,25.0
Markquese Bell,2022,3,2.575,0.858333,0.215,0.004,3.158766,1.052921,0.263742,00-0037561,2023,DAL,DB,FS,14.0,1999-01-06,,,25.0
Juanyeh Thomas,2023,2,1.665,0.8325,0.0,0.004,1.891641,0.945821,0.0,00-0037578,2023,DAL,DB,FS,30.0,2000-06-24,,,23.0
Yusuf Corker,2023,1,0.75,0.75,0.0,0.003,0.852091,0.852091,0.0,00-0037370,2023,CIN,DB,FS,37.0,,,,
Trevor Denbow,2023,1,0.87,0.87,0.0,0.004,0.988425,0.988425,0.0,00-0037392,2023,IND,DB,FS,43.0,1998-08-26,,,25.0
Mike Brown,2022,3,2.575,0.858333,0.05,0.004,3.158766,1.052921,0.061335,00-0037493,2023,TEN,DB,FS,44.0,1999-04-07,,,25.0
Brenden Schooler,2022,3,2.575,0.858333,0.015,0.004,3.158766,1.052921,0.018401,00-0037205,2023,NE,DB,FS,41.0,1997-05-30,,,26.0
Trenton Thompson,2023,2,1.665,0.8325,0.0,0.004,1.891641,0.945821,0.0,00-0037377,2023,PIT,DB,SS,17.0,1997-12-18,,,26.0
Tayler Hawkins,2023,1,0.75,0.75,0.0,0.003,0.852091,0.852091,0.0,00-0037521,2023,SF,DB,SS,41.0,1997-12-27,,,26.0
Verone McKinley,2023,1,0.216,0.216,0.0,0.001,0.245402,0.245402,0.0,00-0037354,2023,ARI,DB,SS,32.0,1999-06-29,,,24.0
Tony Adams,2022,3,2.57,0.856667,0.11,0.004,3.152632,1.050878,0.134938,00-0037155,2023,NYJ,DB,FS,22.0,1999-01-24,,,25.0
Isaiah Pola-Mao,2022,3,2.57,0.856667,0.06,0.004,3.152632,1.050878,0.073602,00-0037512,2023,LV,DB,FS,20.0,1999-06-30,,,24.0
Raheem Layne,2022,3,2.57,0.856667,0.01,0.004,3.152632,1.050878,0.012267,00-0037468,2023,LAC,DB,SS,41.0,1999-07-02,,,24.0
D'Anthony Bell,2022,3,2.5675,0.855833,0.06,0.004,3.149565,1.049855,0.073602,00-0037332,2023,CLE,DB,SS,37.0,1996-10-17,,,27.0
Qwuantrezz Knight,2023,2,1.665,0.8325,0.0,0.004,1.891641,0.945821,0.0,00-0037522,2023,ARI,DB,CB,28.0,1997-10-10,,,26.0
Reed Blankenship,2022,3,2.565,0.855,0.055,0.004,3.146499,1.048833,0.067469,00-0037130,2023,PHI,DB,SS,32.0,1999-03-02,,,25.0
Brad Hawkins,2023,1,0.75,0.75,0.0,0.003,0.852091,0.852091,0.0,00-0037584,2023,NE,DB,SS,29.0,,,,
A.J. Thomas,2023,1,0.324999,0.324999,0.0,0.001,0.369238,0.369238,0.0,00-0037222,2023,CHI,DB,FS,38.0,1999-09-18,,,24.0
Josh Thomas,2023,1,0.75,0.75,0.0,0.003,0.852091,0.852091,0.0,00-0036189,2023,CAR,DB,SS,38.0,1996-11-19,,,27.0
Quindell Johnson,2023,3,2.725,0.908333,0.03,0.004,3.09593,1.031976,0.034084,00-0038368,2023,CHI,DB,SS,26.0,1999-11-05,,,24.0
Ronnie Hickman,2023,3,2.715,0.905,0.22,0.004,3.084569,1.02819,0.249947,00-0038715,2023,CLE,DB,SS,33.0,2001-10-11,,,22.0
Kaevon Merriweather,2023,3,2.71,0.903333,0.231,0.004,3.078888,1.026296,0.262444,00-0038823,2023,TB,DB,FS,26.0,1999-12-20,,,24.0
Brandon Joseph,2023,3,2.71,0.903333,0.05,0.004,3.078888,1.026296,0.056806,00-0038657,2023,DET,DB,SS,40.0,2001-01-05,,,23.0
Christian Young,2023,3,2.71,0.903333,0.015,0.004,3.078888,1.026296,0.017042,00-0038773,2023,GB,DB,SS,36.0,2000-07-18,,,23.0
Macon Clark,2023,3,2.705,0.901667,0.01,0.004,3.073207,1.024403,0.011361,00-0038421,2023,CHI,DB,FS,25.0,1999-07-21,,,24.0
Christian Izien,2023,3,2.705,0.901667,0.16,0.004,3.073207,1.024403,0.181779,00-0038820,2023,TB,DB,SS,29.0,2000-06-08,,,23.0
Marquis Waters,2023,3,2.705,0.901667,0.1,0.004,3.073207,1.024403,0.113612,00-0038503,2023,NYJ,DB,FS,35.0,,,,
Trey Dean,2023,3,2.705,0.901667,0.1,0.004,3.073207,1.024403,0.113612,00-0038494,2023,KC,DB,SS,38.0,2000-02-29,,,24.0
Alex Cook,2023,3,2.705,0.901667,0.015,0.004,3.073207,1.024403,0.017042,00-0038475,2023,CAR,DB,SS,27.0,1999-05-21,,,24.0
Rashad Torrence,2023,3,2.705,0.901667,0.01,0.004,3.073207,1.024403,0.011361,00-0038950,2023,LA,DB,FS,33.0,,,,
Kendell Brooks,2023,3,2.705,0.901667,0.08,0.004,3.073207,1.024403,0.09089,00-0038703,2023,ARI,DB,FS,28.0,,,,
Tanner McCalister,2023,3,2.705,0.901667,0.01,0.004,3.073207,1.024403,0.011361,00-0038717,2023,CLE,DB,FS,48.0,2000-01-27,,,24.0
Tyreque Jones,2023,3,2.705,0.901666,0.035,0.004,3.073207,1.024402,0.039764,00-0038847,2023,IND,DB,FS,36.0,1999-01-04,,,25.0
Larry Brooks,2023,3,2.7035,0.901167,0.0085,0.004,3.071503,1.023835,0.009657,00-0038889,2023,CIN,DB,FS,40.0,,,,
Jonathan Sutherland,2023,3,2.7025,0.900833,0.0075,0.004,3.070367,1.023455,0.008521,00-0038770,2023,SEA,DB,SS,28.0,1998-08-09,,,25.0
Kendall Smith,2023,3,2.702,0.900667,0.037,0.004,3.069799,1.023267,0.042036,00-0038837,2023,WAS,DB,FS,40.0,,,,
Anthony Cook,2023,3,2.7,0.9,0.005,0.004,3.067527,1.022509,0.005681,00-0038510,2023,KC,DB,FS,47.0,,,,
Tanner Ingle,2023,3,2.7,0.9,0.005,0.004,3.067527,1.022509,0.005681,00-0038366,2023,LA,DB,SS,34.0,1999-10-29,,,24.0
Tyler Baker-Williams,2023,3,2.697,0.899,0.002,0.004,3.064118,1.021373,0.002272,00-0038857,2023,LAC,DB,SS,44.0,,,,
Benny Sapp III,2023,3,2.696,0.899,0.002,0.004,3.062982,1.021373,0.002272,00-0038470,2023,GB,DB,SS,48.0,2000-06-27,,,23.0
Jaiden Woodbey,2023,3,2.696,0.898667,0.001,0.004,3.062982,1.020994,0.001136,00-0038371,2023,LA,LB,ILB,48.0,,,,
Kedrick Whitehead,2023,3,2.696,0.898667,0.001,0.004,3.062982,1.020994,0.001136,00-0038959,2023,TB,DB,SS,25.0,,,,
Matt Jackson,2023,3,2.696,0.898666,0.001,0.004,3.062982,1.020993,0.001136,00-0038845,2023,TEN,DB,SS,39.0,1998-11-09,,,25.0
A.J. Finley,2023,3,2.695,0.898333,0.0,0.004,3.061846,1.020615,0.0,00-0038866,2023,LAC,DB,FS,24.0,2001-09-14,,,22.0
Latavious Brini,2023,3,2.695,0.898333,0.0,0.004,3.061846,1.020615,0.0,00-0038955,2023,JAX,DB,SS,21.0,,,,
Bralen Trahan,2023,3,2.695,0.898333,0.0,0.004,3.061846,1.020615,0.0,00-0038526,2023,CHI,DB,SS,45.0,,,,
Clifford Chattman,2023,3,2.695,0.898333,0.0,0.004,3.061846,1.020615,0.0,00-0038967,2023,ATL,DB,FS,39.0,,,,
Jalen Elliott,2023,1,0.87,0.87,0.0,0.004,0.988425,0.988425,0.0,00-0036010,2023,PIT,DB,SS,16.0,1998-07-07,,,25.0
Lukas Denis,2023,1,0.75,0.75,0.0,0.003,0.852091,0.852091,0.0,00-0035470,2023,ATL,DB,FS,41.0,1997-04-13,,,27.0
Justin Tucker,2022,4,24.0,6.0,17.5,0.029,29.440922,7.360231,21.467339,00-0029597,2023,BAL,K,K,9.0,1989-11-21,,,34.0
Daniel Carlson,2021,4,18.4,4.6,11.140001,0.025,25.749918,6.437479,15.589897,00-0034161,2023,LV,K,K,2.0,1995-01-23,MIN,167.0,29.0
Matt Gay,2023,4,22.5,5.625,13.0,0.025,25.562722,6.390681,14.769573,00-0035269,2023,IND,K,K,7.0,1994-03-15,TB,145.0,30.0
Graham Gano,2023,3,16.5,5.5,13.25,0.024,18.745996,6.248665,15.053603,00-0026858,2023,NYG,K,K,9.0,1987-04-09,,,37.0
Jason Sanders,2021,5,22.0,4.4,10.0,0.024,30.787945,6.157589,13.994521,00-0034794,2023,MIA,K,K,7.0,1995-11-16,MIA,229.0,28.0
Chris Boswell,2022,4,20.0,5.0,12.5,0.024,24.534102,6.133525,15.333814,00-0031136,2023,PIT,K,K,9.0,1991-03-16,,,33.0
Jason Myers,2023,4,21.1,5.275,12.3,0.023,23.972153,5.993038,13.974288,00-0031492,2023,SEA,K,K,5.0,1991-05-12,,,32.0
Younghoe Koo,2022,5,24.25,4.85,11.5,0.023,29.747598,5.94952,14.107109,00-0033702,2023,ATL,K,K,6.0,1994-08-03,,,29.0
Tyler Bass,2023,4,20.4,5.1,12.32,0.023,23.176868,5.794217,13.997011,00-0036162,2023,BUF,K,K,2.0,1997-02-14,BUF,188.0,27.0
Ka'imi Fairbairn,2020,4,17.65,4.4125,9.0,0.022,22.743744,5.685936,11.597376,00-0032726,2023,HOU,K,K,15.0,1994-01-29,,,30.0
Brandon McManus,2023,1,2.0,2.0,1.25,0.009,2.272242,2.272242,1.420151,00-0029822,2023,JAX,K,K,10.0,1991-07-25,,,32.0
Mason Crosby,2023,1,0.2898,0.2898,0.0,0.001,0.329248,0.329248,0.0,00-0025580,2023,NYG,K,K,21.0,1984-09-03,GB,193.0,39.0
Harrison Butker,2019,5,20.275,4.055,9.1,0.022,27.514532,5.502906,12.349309,00-0033303,2023,KC,K,K,7.0,1995-07-14,CAR,233.0,28.0
Wil Lutz,2023,1,2.2,2.2,0.5,0.01,2.499466,2.499466,0.56806,00-0032569,2023,DEN,K,K,16.0,1994-07-07,,,29.0
Jake Elliott,2019,5,20.15,4.03,10.455,0.021,27.344899,5.46898,14.188135,00-0033787,2023,PHI,K,K,4.0,1995-01-21,CIN,153.0,29.0
Matt Prater,2023,2,7.5,3.75,4.0,0.017,8.520907,4.260454,4.544484,00-0023853,2023,ARI,K,K,5.0,1984-08-10,,,39.0
Cairo Santos,2023,4,15.6,3.9,9.583333,0.017,17.723488,4.430872,10.887826,00-0031203,2023,CHI,K,K,8.0,1991-11-12,,,32.0
Dustin Hopkins,2022,3,9.0,3.0,4.65,0.014,11.040346,3.680115,5.704179,00-0030098,2023,CLE,K,K,7.0,1990-10-01,BUF,177.0,33.0
Greg Zuerlein,2023,1,2.6,2.6,1.75,0.012,2.953915,2.953915,1.988212,00-0029621,2023,NYJ,K,K,9.0,1987-12-27,STL,171.0,36.0
Nick Folk,2022,2,5.0,2.5,2.19,0.012,6.133525,3.066763,2.686484,00-0025565,2023,TEN,K,K,6.0,1984-11-05,DAL,178.0,39.0
Greg Joseph,2023,1,2.0,2.0,1.7,0.009,2.272242,2.272242,1.931406,00-0034450,2023,MIN,K,K,1.0,1994-08-04,,,29.0
Randy Bullock,2023,1,1.165,1.165,0.0,0.005,1.323581,1.323581,0.0,00-0029421,2023,NYG,K,K,46.0,1989-12-16,HOU,161.0,34.0
Zane Gonzalez,2022,2,4.5,2.25,2.0,0.011,5.520173,2.760086,2.45341,00-0033862,2023,SF,K,K,10.0,1995-05-07,CLE,224.0,28.0
Joey Slye,2022,2,4.2,2.1,2.0,0.01,5.152161,2.576081,2.45341,00-0035192,2023,WAS,K,K,6.0,1996-04-10,,,28.0
Eddy Pineiro,2023,2,4.1,2.05,2.25,0.009,4.658096,2.329048,2.556272,00-0034173,2023,CAR,K,K,4.0,1995-09-13,,,28.0
Michael Badgley,2023,1,1.2325,1.2325,0.35,0.005,1.400269,1.400269,0.397642,00-0034084,2023,DET,K,K,17.0,1995-07-28,,,28.0
Jake Moody,2023,4,5.304082,1.326021,0.857512,0.006,6.026079,1.50652,0.974237,00-0038562,2023,SF,K,K,4.0,1999-11-23,SF,99.0,24.0
Brett Maher,2023,1,1.2325,1.2325,0.052,0.005,1.400269,1.400269,0.059078,00-0030332,2023,LA,K,K,8.0,1989-11-21,,,34.0
Cade York,2023,1,0.87,0.87,0.0,0.004,0.988425,0.988425,0.0,00-0038097,2023,NYG,K,K,99.0,2001-01-27,CLE,124.0,23.0
Evan McPherson,2021,4,3.823716,0.955929,0.343716,0.005,5.351107,1.337777,0.481014,00-0036854,2023,CIN,K,K,2.0,1999-07-21,CIN,149.0,24.0
Chad Ryland,2023,4,4.626748,1.156687,0.786748,0.005,5.256546,1.314136,0.893841,00-0038567,2023,NE,K,K,37.0,1999-10-15,NE,112.0,24.0
Chase McLaughlin,2023,1,1.13,1.13,0.1,0.005,1.283817,1.283817,0.113612,00-0035358,2023,TB,K,K,4.0,1996-04-09,,,28.0
Matthew Wright,2023,1,1.01,1.01,0.0,0.004,1.147482,1.147482,0.0,00-0035189,2023,CAR,K,K,16.0,1996-03-22,,,28.0
Anders Carlson,2023,4,3.996776,0.999194,0.156776,0.004,4.540821,1.135205,0.178117,00-0038402,2023,GB,K,K,17.0,1998-06-16,GB,207.0,25.0
Riley Patterson,2023,1,0.94,0.94,0.0,0.004,1.067954,1.067954,0.0,00-0036816,2023,CLE,K,K,36.0,1999-09-07,,,24.0
Matt Ammendola,2023,1,0.94,0.94,0.0,0.004,1.067954,1.067954,0.0,00-0036469,2023,HOU,K,K,16.0,1996-12-11,,,27.0
Lucas Havrisik,2023,2,1.665,0.9325,0.0,0.004,1.891641,1.059433,0.0,00-0038152,2023,LA,K,K,8.0,1999-09-29,,,24.0
Cameron Dicker,2023,1,0.87,0.87,0.0,0.004,0.988425,0.988425,0.0,00-0037224,2023,LAC,K,K,11.0,2000-05-06,,,23.0
Daniel Whelan,2023,1,0.75,0.75,0.0,0.003,0.852091,0.852091,0.0,00-0037547,2023,GB,P,P,19.0,1999-02-10,,,25.0
James McCourt,2023,1,0.75,0.75,0.0,0.003,0.852091,0.852091,0.0,00-0037471,2023,LV,K,K,14.0,1997-11-09,,,26.0
John Parker Romo,2023,2,1.665,0.8325,0.0,0.004,1.891641,0.945821,0.0,00-0037542,2023,CHI,K,K,46.0,1997-08-24,,,26.0
B.T. Potter,2023,3,2.7,0.9,0.005,0.004,3.067527,1.022509,0.005681,00-0038748,2023,PIT,K,K,3.0,,,,
Tanner Brown,2023,3,2.698,0.899333,0.003,0.004,3.065254,1.021751,0.003408,00-0038354,2023,LA,K,K,49.0,,,,
Blake Grupe,2023,3,2.6975,0.899167,0.0025,0.004,3.064686,1.021563,0.00284,00-0038905,2023,NO,K,K,19.0,1998-11-05,,,25.0
Brandon Aubrey,2023,3,2.695,0.898333,0.0,0.004,3.061846,1.020615,0.0,00-0037692,2023,DAL,K,K,17.0,1995-03-14,,,29.0
Brandon Wright,2023,1,0.216,0.216,0.0,0.001,0.245402,0.245402,0.0,00-0035833,2023,LA,P,P,1.0,1997-02-08,,,27.0
Austin Seibert,2023,1,0.3708,0.3708,0.0,0.002,0.421274,0.421274,0.0,00-0035145,2023,NYJ,K,K,6.0,1996-11-15,CLE,170.0,27.0
Thomas Morstead,2023,1,1.3175,1.3175,1.0925,0.006,1.496839,1.496839,1.241212,00-0027114,2023,NYJ,P,P,5.0,1986-03-08,NO,164.0,38.0
Johnny Hekker,2022,3,7.62,2.54,4.87,0.012,9.347493,3.115831,5.974054,00-0028872,2023,CAR,P,P,10.0,1990-02-08,,,34.0
Michael Dickson,2021,4,14.699059,3.674765,8.5,0.02,20.570628,5.142657,11.895342,00-0034160,2023,SEA,P,P,4.0,1996-01-04,SEA,149.0,28.0
Jack Fox,2022,4,13.965,3.49125,7.645,0.017,17.130937,4.282734,9.37816,00-0035156,2023,DET,P,P,3.0,1996-09-01,,,27.0
Tress Way,2020,4,13.25,3.3125,6.415,0.017,17.073915,4.268479,8.266352,00-0030140,2023,WAS,P,P,5.0,1990-04-18,,,34.0
Logan Cooke,2021,4,12.0,3.0,6.0,0.016,16.793425,4.198356,8.396712,00-0034437,2023,JAX,P,P,9.0,1995-07-28,JAX,247.0,28.0
A.J. Cole,2021,4,12.0,3.0,5.65,0.016,16.793425,4.198356,7.906904,00-0035190,2023,LV,P,P,6.0,1995-11-27,,,28.0
Riley Dixon,2023,2,3.5,1.75,1.0,0.008,3.976423,1.988212,1.136121,00-0032943,2023,DEN,P,P,9.0,1993-08-24,DEN,228.0,30.0
Rigoberto Sanchez,2019,4,11.6,2.9,5.0,0.015,15.741977,3.935494,6.785335,00-0033269,2023,IND,P,P,8.0,1994-09-08,,,29.0
Jake Bailey,2023,1,1.2325,1.2325,1.0925,0.005,1.400269,1.400269,1.241212,00-0035280,2023,MIA,P,P,16.0,1997-06-18,NE,163.0,26.0
Bradley Pinion,2023,3,8.65,2.883333,4.325,0.013,9.827447,3.275815,4.913723,00-0032065,2023,ATL,P,P,13.0,1994-06-01,SF,165.0,29.0
Cameron Johnston,2021,3,8.0,2.666667,3.0,0.015,11.195616,3.731873,4.198356,00-0033729,2023,HOU,P,P,11.0,1992-02-24,,,32.0
Bryan Anger,2022,3,9.0,3.0,5.0,0.014,11.040346,3.680115,6.133525,00-0029692,2023,DAL,P,P,5.0,1988-10-06,JAX,70.0,35.0
Mitch Wishnowsky,2022,4,11.2,2.8,4.761389,0.013,13.739097,3.434774,5.84082,00-0034941,2023,SF,P,P,18.0,1992-03-02,SF,110.0,32.0
Sam Martin,2023,3,6.0,2.0,3.915,0.009,6.816726,2.272242,4.447914,00-0030092,2023,BUF,P,P,8.0,1990-02-27,DET,165.0,34.0
Tommy Townsend,2023,1,2.627,2.627,0.0,0.012,2.98459,2.98459,0.0,00-0035889,2023,KC,P,P,5.0,1996-11-12,,,27.0
Matt Haack,2023,1,1.08,1.08,0.0,0.005,1.227011,1.227011,0.0,00-0033400,2023,BUF,P,P,39.0,1994-07-25,,,29.0
Pat O'Donnell,2023,1,0.2898,0.2898,0.0,0.001,0.329248,0.329248,0.0,00-0031079,2023,ATL,P,P,19.0,1991-02-22,CHI,191.0,33.0
Jamie Gillan,2023,2,4.0,2.0,1.0,0.009,4.544484,2.272242,1.136121,00-0035042,2023,NYG,P,P,6.0,1997-07-04,,,26.0
J.K. Scott,2023,2,4.0,2.0,0.82,0.009,4.544484,2.272242,0.931619,00-0034162,2023,LAC,P,P,16.0,1995-10-30,GB,172.0,28.0
Corey Bojorquez,2022,2,3.38,1.69,1.5,0.008,4.146263,2.073132,1.840058,00-0034721,2023,CLE,P,P,13.0,1996-09-13,,,27.0
Blake Gillikin,2023,1,1.24,1.24,0.6,0.006,1.40879,1.40879,0.681673,00-0035859,2023,ARI,P,P,12.0,1998-01-21,,,26.0
Jordan Stout,2022,4,4.357832,1.089458,0.697832,0.005,5.345775,1.336444,0.856034,00-0038094,2023,BAL,P,P,11.0,1998-08-04,BAL,130.0,25.0
Jake Camarda,2022,4,4.340316,1.085079,0.680316,0.005,5.324288,1.331072,0.834547,00-0038042,2023,TB,P,P,5.0,1999-04-20,TB,133.0,25.0
Pressley Harvin,2021,4,3.560732,0.890183,0.080732,0.005,4.983074,1.245768,0.112981,00-0036847,2023,PIT,P,P,6.0,1998-09-17,PIT,254.0,25.0
Arryn Siposs,2023,1,0.296444,0.296444,0.0,0.001,0.336796,0.336796,0.0,00-0036013,2023,PHI,P,P,10.0,1992-11-25,,,31.0
Braden Mann,2023,1,1.01,1.01,0.0,0.004,1.147482,1.147482,0.0,00-0036313,2023,PHI,P,P,10.0,1997-11-24,NYJ,191.0,26.0
Trenton Gill,2022,4,3.737012,0.934253,0.077012,0.004,4.584212,1.146053,0.094471,00-0037097,2023,CHI,P,P,16.0,1999-01-01,CHI,255.0,25.0
Bryce Baringer,2023,4,4.018456,1.004614,0.178456,0.004,4.565452,1.141363,0.202748,00-0038610,2023,NE,P,P,17.0,1999-04-26,NE,192.0,24.0
Nolan Cooney,2023,1,0.75,0.75,0.0,0.003,0.852091,0.852091,0.0,00-0036539,2023,ARI,P,P,16.0,1996-09-18,,,27.0
Drue Chrisman,2022,2,1.575,0.7875,0.0,0.004,1.932061,0.96603,0.0,00-0036729,2023,CIN,P,P,4.0,,,,
Brad Robbins,2023,4,3.973332,0.993333,0.133332,0.004,4.514186,1.128546,0.151481,00-0038626,2023,CIN,P,P,10.0,1998-10-06,CIN,217.0,25.0
Corliss Waitman,2023,1,0.99,0.99,0.025,0.004,1.12476,1.12476,0.028403,00-0035821,2023,NE,P,P,39.0,1995-07-21,,,28.0
Ethan Evans,2023,4,3.948,0.987,0.108,0.004,4.485406,1.121351,0.122701,00-0039059,2023,LA,P,P,42.0,2001-07-19,LA,223.0,22.0
Ryan Stonehouse,2022,3,2.57,0.856667,0.01,0.004,3.152632,1.050878,0.012267,00-0037607,2023,TEN,P,P,4.0,1999-05-11,,,24.0
Ryan Wright,2022,3,2.565,0.855,0.02,0.004,3.146499,1.048833,0.024534,00-0037500,2023,MIN,P,P,14.0,2000-06-01,,,23.0
Ty Zentner,2023,3,2.71,0.903333,0.115,0.004,3.078888,1.026296,0.130654,00-0038490,2023,TEN,P,P,13.0,1998-06-07,,,25.0
Lou Hedley,2023,3,2.7,0.9,0.01,0.004,3.067527,1.022509,0.011361,00-0038906,2023,NO,P,P,39.0,1993-06-26,,,30.0
Brad Wing,2023,1,0.3293,0.3293,0.0,0.001,0.374125,0.374125,0.0,00-0030142,2023,PIT,P,P,3.0,1991-01-27,,,33.0
James Winchester,2021,2,2.75,1.375,0.465,0.008,3.848493,1.924247,0.650745,00-0030615,2023,KC,LS,LS,41.0,1989-08-06,,,34.0
Reid Ferguson,2023,2,2.295,1.1475,0.005,0.005,2.607398,1.303699,0.005681,00-0032497,2023,BUF,LS,LS,69.0,1994-03-24,,,30.0
Luke Rhodes,2023,4,6.465,1.61625,2.5,0.007,7.345022,1.836256,2.840302,00-0032753,2023,IND,LS,LS,46.0,1992-12-02,,,31.0
Zach Wood,2023,4,6.31,1.5775,2.3,0.007,7.168923,1.792231,2.613078,00-0033063,2023,NO,LS,LS,49.0,1993-01-10,,,31.0
Joe Cardona,2023,4,6.3,1.575,2.6,0.007,7.157562,1.789391,2.953915,00-0032228,2023,NE,LS,LS,49.0,1992-04-16,NE,166.0,32.0
Nick Moore,2023,1,1.55,1.55,0.45,0.007,1.760988,1.760988,0.511254,00-0035408,2023,BAL,LS,LS,46.0,1992-12-09,,,31.0
Charley Hughlett,2022,4,5.715555,1.428889,1.952027,0.007,7.0113,1.752825,2.394561,00-0029008,2023,CLE,LS,LS,47.0,1990-05-16,,,33.0
Josh Harris,2022,4,5.6,1.4,1.92,0.007,6.869549,1.717387,2.355274,00-0028845,2023,LAC,LS,LS,47.0,1989-04-27,,,34.0
J.J. Jansen,2023,1,1.3175,1.3175,0.5525,0.006,1.496839,1.496839,0.627707,00-0026027,2023,CAR,LS,LS,44.0,1986-01-20,,,38.0
Jon Weeks,2023,1,1.2725,1.2725,0.1525,0.006,1.445714,1.445714,0.173258,00-0027224,2023,HOU,LS,LS,46.0,1986-02-17,,,38.0
Jake McQuaide,2023,1,1.3175,1.3175,0.1525,0.006,1.496839,1.496839,0.173258,00-0028394,2023,DET,LS,LS,43.0,1987-12-07,,,36.0
Morgan Cox,2023,1,1.3175,1.3175,1.0025,0.006,1.496839,1.496839,1.138961,00-0027557,2023,TEN,LS,LS,46.0,1986-04-26,,,37.0
Thomas Hennessy,2023,4,5.97,1.4925,2.625,0.007,6.782642,1.695661,2.982318,00-0033260,2023,NYJ,LS,LS,42.0,1994-06-11,,,29.0
Trent Sieg,2023,1,1.2325,1.2325,0.4025,0.005,1.400269,1.400269,0.457289,00-0034198,2023,DAL,LS,LS,44.0,1995-05-19,,,28.0
Patrick Scales,2023,1,1.3175,1.3175,1.0925,0.006,1.496839,1.496839,1.241212,00-0028284,2023,CHI,LS,LS,48.0,1988-02-11,,,36.0
Casey Kreiter,2023,1,1.3175,1.3175,0.3525,0.006,1.496839,1.496839,0.400483,00-0030957,2023,NYG,LS,LS,59.0,1990-08-13,,,33.0
Aaron Brewer,2023,1,1.3175,1.3175,0.0,0.006,1.496839,1.496839,0.0,00-0028946,2023,ARI,LS,LS,46.0,1990-07-05,,,33.0
Ross Matiscik,2022,4,5.07,1.2675,0.8,0.006,6.219395,1.554849,0.981364,00-0035827,2023,JAX,LS,LS,46.0,1996-09-13,,,27.0
Andrew DePaola,2023,3,4.025,1.341666,2.265,0.006,4.572887,1.524295,2.573314,00-0029714,2023,MIN,LS,LS,42.0,1987-07-28,,,36.0
Blake Ferguson,2023,3,4.06,1.353333,1.56,0.006,4.612651,1.53755,1.772349,00-0036217,2023,MIA,LS,LS,44.0,1997-04-21,MIA,185.0,27.0
Rick Lovato,2021,3,3.29,1.096667,0.0,0.006,4.604197,1.534733,0.0,00-0031911,2023,PHI,LS,LS,45.0,1992-09-09,,,31.0
Tyler Ott,2023,1,1.08,1.08,0.0,0.005,1.227011,1.227011,0.0,00-0031156,2023,BAL,LS,LS,69.0,1992-02-28,,,32.0
Matt Overton,2023,1,0.2898,0.2898,0.0,0.001,0.329248,0.329248,0.0,00-0027187,2023,CHI,LS,LS,45.0,1985-07-06,,,38.0
Taybor Pepper,2023,3,3.96,1.32,1.5,0.006,4.499039,1.49968,1.704181,00-0033199,2023,SF,LS,LS,46.0,1994-05-28,,,29.0
Jacob Bobenmoyer,2023,3,3.815,1.271667,1.0,0.006,4.334302,1.444768,1.136121,00-0035757,2023,LV,LS,LS,50.0,1997-05-28,,,26.0
Zach Triner,2022,2,2.345,1.1725,0.825,0.006,2.876623,1.438312,1.012032,00-0033196,2023,TB,LS,LS,97.0,1991-01-30,,,33.0
Carson Tinker,2023,1,1.165,1.165,0.0,0.005,1.323581,1.323581,0.0,00-0029959,2023,LA,LS,LS,46.0,1989-11-15,,,34.0
Matt Orzech,2023,1,3.375,1.225,0.3,0.005,3.834408,1.391748,0.340836,00-0035118,2023,GB,LS,LS,42.0,1995-04-12,,,29.0
Camaron Cheeseman,2021,4,3.610704,0.902676,0.130704,0.005,5.053007,1.263252,0.182914,00-0036659,2023,WAS,LS,LS,54.0,1998-04-26,WAS,225.0,25.0
Mitchell Fraboni,2022,3,2.56,0.853333,0.0,0.004,3.140365,1.046788,0.0,00-0036943,2023,DEN,LS,LS,48.0,1996-10-28,,,27.0
Tucker Addington,2023,3,2.955,0.985,0.0,0.004,3.357238,1.119079,0.0,00-0037686,2023,WAS,LS,LS,58.0,1997-07-16,,,26.0
Christian Kuntz,2023,1,0.94,0.94,0.0,0.004,1.067954,1.067954,0.0,00-0034051,2023,PIT,LS,LS,46.0,1994-04-13,,,30.0
Scott Daly,2023,1,0.94,0.94,0.0,0.004,1.067954,1.067954,0.0,00-0034067,2023,DET,LS,LS,47.0,1994-02-07,,,30.0
Cal Adomitis,2023,1,0.87,0.87,0.0,0.004,0.988425,0.988425,0.0,00-0037412,2023,CIN,LS,LS,48.0,1998-07-09,,,25.0
Rex Sunahara,2023,1,0.75,0.75,0.0,0.003,0.852091,0.852091,0.0,00-0036443,2023,PIT,LS,LS,49.0,,,,
Chris Stoll,2023,3,2.7015,0.9005,0.0065,0.004,3.069231,1.023077,0.007385,00-0038769,2023,SEA,LS,LS,41.0,1998-08-03,,,25.0
Alex Ward,2023,3,2.7,0.9,0.005,0.004,3.067527,1.022509,0.005681,00-0038360,2023,LA,LS,LS,47.0,1999-04-21,,,25.0
Cameron Lyons,2023,3,2.698,0.899333,0.003,0.004,3.065254,1.021751,0.003408,00-0038481,2023,NYG,LS,LS,48.0,,,,
Evan Deckers,2023,3,2.698,0.899333,0.003,0.004,3.065254,1.021751,0.003408,00-0038817,2023,TB,LS,LS,86.0,1999-02-23,,,25.0
Broughton Hatcher,2023,3,2.695,0.898333,0.0,0.004,3.061846,1.020615,0.0,00-0038528,2023,GB,LS,LS,43.0,,,,
Liam McCullough,2023,1,0.87,0.87,0.0,0.004,0.988425,0.988425,0.0,00-0036082,2023,ATL,LS,LS,49.0,1997-06-05,,,26.0
Sean Mannion,2023,1,0.3708,0.3708,0.0,0.002,0.421274,0.421274,0.0,,2023,SEA,QB,QB,15.0,1992-04-25,STL,89.0,32.0
Drew Plitt,2023,1,0.216,0.216,0.0,0.001,0.245402,0.245402,0.0,,2023,CIN,QB,QB,7.0,1998-01-09,,,26.0
James Blackman,2023,3,2.697,0.899,0.012,0.004,3.064118,1.021373,0.013633,,2023,MIA,QB,QB,16.0,,,,
Nyheim Hines,2023,2,9.0,4.5,2.0,0.02,10.225089,5.112544,2.272242,,2023,BUF,RB,RB,20.0,1996-11-12,IND,104.0,27.0
Tarik Cohen,2023,1,0.2898,0.2898,0.0,0.001,0.329248,0.329248,0.0,,2023,CAR,RB,RB,28.0,1995-07-26,CHI,119.0,28.0
Xazavian Valladay,2023,3,2.725,0.908333,0.175,0.004,3.09593,1.031976,0.198821,,2023,NYJ,RB,RB,35.0,1998-07-03,,,25.0
Chris Smith,2023,3,2.7015,0.9005,0.0065,0.004,3.069231,1.023077,0.007385,,2023,DET,DL,DT,90.0,1999-12-15,,,24.0
Alfonzo Graham,2023,3,2.695,0.898333,0.0,0.004,3.061846,1.020615,0.0,,2023,PIT,RB,RB,29.0,2000-03-20,,,24.0
Aaron Dykes,2023,3,2.695,0.898333,0.0,0.004,3.061846,1.020615,0.0,,2023,MIN,RB,RB,46.0,,,,
Monte Pottebaum,2023,3,2.705,0.901667,0.01,0.004,3.073207,1.024403,0.011361,,2023,PIT,LB,LB,40.0,,,,
Chris Blair,2023,1,0.75,0.75,0.0,0.003,0.852091,0.852091,0.0,,2023,ATL,WR,WR,83.0,1997-10-06,,,26.0
Josh Hammond,2023,1,0.75,0.75,0.0,0.003,0.852091,0.852091,0.0,,2023,DEN,WR,WR,37.0,1998-07-24,,,25.0
Isaiah Weston,2022,3,2.585,0.861667,0.075,0.004,3.171033,1.057011,0.092003,,2023,CLE,WR,WR,81.0,,,,
Charleston Rambo,2023,1,0.75,0.75,0.0,0.003,0.852091,0.852091,0.0,,2023,PHI,WR,WR,43.0,1999-08-10,,,24.0
Jared Bernhardt,2022,3,2.565,0.855,0.04,0.004,3.146499,1.048833,0.049068,,2023,ATL,WR,WR,83.0,,,,
Ethan Fernea,2023,1,0.75,0.75,0.0,0.003,0.852091,0.852091,0.0,,2023,IND,WR,WR,3.0,1998-03-02,,,26.0
Justin Marshall,2023,3,2.7125,0.904167,0.0475,0.004,3.081728,1.027243,0.053966,,2023,SEA,WR,WR,18.0,,,,
Malik Knowles,2023,3,2.71,0.903333,0.075,0.004,3.078888,1.026296,0.085209,,2023,MIN,WR,WR,81.0,2000-08-17,,,23.0
Jesse Matthews,2023,3,2.705,0.901667,0.06,0.004,3.073207,1.024403,0.068167,,2023,HOU,WR,WR,41.0,1999-08-12,,,24.0
Aron Cruickshank,2023,3,2.703,0.901,0.008,0.004,3.070935,1.023645,0.009089,,2023,PIT,WR,WR,84.0,,,,
Malik Flowers,2023,3,2.696,0.898667,0.001,0.004,3.062982,1.020994,0.001136,,2023,LV,WR,WR,37.0,1999-06-23,,,24.0
Avery Davis,2023,3,2.695,0.898333,0.0,0.004,3.061846,1.020615,0.0,,2023,DET,WR,WR,84.0,,,,
Tyler Adams,2023,3,2.695,0.898333,0.0,0.004,3.061846,1.020615,0.0,,2023,IND,WR,WR,2.0,,,,
Juwan Green,2023,1,0.75,0.75,0.0,0.003,0.852091,0.852091,0.0,,2023,KC,WR,WR,89.0,1998-07-01,,,25.0
Zach Davidson,2023,2,1.674,0.837,0.009,0.004,1.901867,0.950933,0.010225,,2023,BUF,TE,TE,84.0,1998-07-15,MIN,168.0,25.0
Bernhard Seikovits,2023,1,0.75,0.75,0.0,0.003,0.852091,0.852091,0.0,,2023,ARI,TE,TE,80.0,1997-07-24,,,26.0
Sal Cannella,2023,1,0.75,0.75,0.0,0.003,0.852091,0.852091,0.0,,2023,SEA,TE,TE,46.0,,,,
Dylan Parham,2022,3,2.57,0.856667,0.02,0.004,3.152632,1.050878,0.024534,,2023,LV,OL,G,66.0,1999-08-24,LV,90.0,24.0
Thomas Odukoya,2023,1,0.75,0.75,0.0,0.003,0.852091,0.852091,0.0,,2023,TEN,TE,TE,89.0,1997-05-05,,,26.0
Leonard Taylor,2023,3,2.7,0.9,0.08,0.004,3.067527,1.022509,0.09089,,2023,JAX,TE,TE,49.0,1999-08-26,,,24.0
La'Michael Pettway,2023,1,2.695,0.898333,0.0,0.004,3.061846,1.020615,0.0,,2023,NE,TE,TE,46.0,1997-03-20,,,27.0
Jake Witt,2023,4,3.93482,0.983705,0.09482,0.004,4.470432,1.117608,0.107727,,2023,IND,OL,T,76.0,2000-02-07,IND,236.0,24.0
Devin Cochran,2023,1,0.75,0.75,0.0,0.003,0.852091,0.852091,0.0,,2023,CIN,OL,T,76.0,1998-07-17,,,25.0
Roy Mbaeteka,2023,1,0.75,0.75,0.0,0.003,0.852091,0.852091,0.0,,2023,CHI,OL,T,78.0,2000-02-13,,,24.0
Trevor Reid,2023,3,2.705,0.901667,0.11,0.004,3.073207,1.024403,0.124973,,2023,ATL,OL,T,75.0,,,,
Scott Quessenberry,2023,1,2.1,2.1,0.55,0.009,2.385854,2.385854,0.624867,,2023,HOU,OL,C,54.0,1995-03-23,LAC,155.0,29.0
Ross Pierschbacher,2023,1,1.035,1.035,0.0,0.005,1.175885,1.175885,0.0,,2023,PHI,OL,C,66.0,1995-05-05,WAS,153.0,28.0
Dawson Deaton,2022,4,3.742936,0.935734,0.082936,0.004,4.591479,1.14787,0.101738,,2023,CLE,OL,G,52.0,1999-05-06,CLE,246.0,24.0
Drake Jackson,2022,2,1.575,0.7875,0.0,0.004,1.932061,0.96603,0.0,,2023,SF,DL,DE,95.0,2001-04-12,SF,61.0,23.0
Alex Mollette,2023,1,0.75,0.75,0.0,0.003,0.852091,0.852091,0.0,,2023,DET,OL,G,61.0,,,,
Matthew Gotel,2023,1,0.75,0.75,0.0,0.003,0.852091,0.852091,0.0,,2023,SEA,DL,DT,77.0,1999-01-02,,,25.0
Haggai Chisom Ndubuisi,2023,1,0.75,0.75,0.0,0.003,0.852091,0.852091,0.0,,2023,DEN,OL,T,64.0,2000-10-15,,,23.0
Braylon Jones,2023,1,0.75,0.75,0.0,0.003,0.852091,0.852091,0.0,,2023,ARI,OL,C,63.0,,,,
Alfredo Gutierrez,2023,1,0.75,0.75,0.0,0.003,0.852091,0.852091,0.0,,2023,SF,OL,T,77.0,1995-12-29,,,28.0
Max Pircher,2023,1,0.75,0.75,0.0,0.003,0.852091,0.852091,0.0,,2023,DET,OL,T,63.0,1999-09-07,,,24.0
Chim Okorafor,2023,3,2.695,0.898333,0.0,0.004,3.061846,1.020615,0.0,,2023,MIN,OL,T,63.0,,,,
Chukwuebuka Godrick,2023,3,2.695,0.898333,0.0,0.004,3.061846,1.020615,0.0,,2023,KC,OL,T,72.0,2000-10-11,,,23.0
Curtis Brooks,2023,2,1.665,0.8325,0.0,0.004,1.891641,0.945821,0.0,,2023,WAS,DL,DT,68.0,1998-02-06,IND,216.0,26.0
Adedayo Odeleye,2023,1,0.75,0.75,0.0,0.003,0.852091,0.852091,0.0,,2023,HOU,DL,DE,75.0,1997-10-17,,,26.0
Devonnsha Maxwell,2023,3,2.72,0.906667,0.025,0.004,3.090249,1.030083,0.028403,,2023,CIN,DL,DT,69.0,1999-05-05,,,24.0
Robert Cooper,2023,3,2.696,0.898667,0.001,0.004,3.062982,1.020994,0.001136,,2023,PHI,DL,DT,64.0,,,,
Kenneth Odumegwu,2023,3,2.695,0.898333,0.0,0.004,3.061846,1.020615,0.0,,2023,GB,DL,DT,56.0,2000-11-29,,,23.0
LaTrell Bumphus,2023,3,2.695,0.898333,0.0,0.004,3.061846,1.020615,0.0,,2023,SEA,DL,DE,77.0,1999-09-30,,,24.0
Caleb Sanders,2023,3,2.695,0.898333,0.0,0.004,3.061846,1.020615,0.0,,2023,PHI,DL,DT,67.0,,,,
Jamal Woods,2023,3,2.695,0.898333,0.0,0.004,3.061846,1.020615,0.0,,2023,MIA,DL,DT,69.0,,,,
Carson Wells,2023,1,0.75,0.75,0.0,0.003,0.852091,0.852091,0.0,,2023,NE,LB,LB,59.0,,,,
Deandre Johnson,2022,3,2.57,0.856667,0.025,0.004,3.152632,1.050878,0.030668,,2023,GB,LB,LB,56.0,,,,
Matt Leo,2023,1,0.75,0.75,0.0,0.003,0.852091,0.852091,0.0,,2023,PHI,DL,DE,66.0,,,,
Ikenna Enechukwu,2023,3,2.725,0.908333,0.13,0.004,3.09593,1.031976,0.147696,,2023,ATL,LB,OLB,79.0,2000-01-24,,,24.0
Zeke Vandenburgh,2023,3,2.697,0.899,0.022,0.004,3.064118,1.021373,0.024995,,2023,MIA,LB,OLB,57.0,1999-01-18,,,25.0
David Ebuka Agoha,2023,3,2.695,0.898333,0.0,0.004,3.061846,1.020615,0.0,,2023,LV,DL,DE,62.0,2001-05-18,,,22.0
Junior Aho,2023,3,2.695,0.898333,0.0,0.004,3.061846,1.020615,0.0,,2023,MIN,DL,DT,73.0,1999-02-02,,,25.0
Durell Nchami,2023,1,0.216,0.216,0.0,0.001,0.245402,0.245402,0.0,,2023,DEN,LB,LB,,,,,
Drew White,2022,3,2.5675,0.855833,0.0275,0.004,3.149565,1.049855,0.033734,,2023,WAS,LB,MLB,58.0,1998-09-15,,,25.0
Tyreek Maddox-Williams,2023,2,1.665,0.8325,0.0,0.004,1.891641,0.945821,0.0,,2023,ARI,LB,LB,58.0,1997-10-28,,,26.0
Isaiah Moore,2023,3,2.713,0.904333,0.148,0.004,3.082296,1.027432,0.168146,,2023,KC,LB,ILB,0.0,1999-10-06,,,24.0
Maalik Hall,2023,3,2.7025,0.900833,0.0575,0.004,3.070367,1.023455,0.065327,,2023,NYJ,LB,ILB,46.0,1999-02-04,,,25.0
Isaac Darkangelo,2023,3,2.695,0.898333,0.0035,0.004,3.061846,1.020615,0.003976,,2023,LV,LB,LB,53.0,2000-04-26,,,23.0
DaShaun White,2023,3,2.695,0.898333,0.0,0.004,3.061846,1.020615,0.0,,2023,BUF,LB,LB,49.0,,,,
Marvin Pierre,2023,3,2.695,0.898333,0.0,0.004,3.061846,1.020615,0.0,,2023,GB,LB,LB,54.0,,,,
Jameson Houston,2023,1,0.87,0.87,0.0,0.004,0.988425,0.988425,0.0,,2023,MIN,DB,DB,47.0,,,,
Duron Lowe,2023,2,1.665,0.8325,0.0,0.004,1.891641,0.945821,0.0,,2023,KC,DB,CB,42.0,,,,
Matt Hankins,2023,1,0.75,0.75,0.0,0.003,0.852091,0.852091,0.0,,2023,LAC,DB,DB,23.0,1999-02-22,,,25.0
Elijah Hamilton,2023,1,0.75,0.75,0.0,0.003,0.852091,0.852091,0.0,,2023,GB,DB,DB,19.0,,,,
Marcel Dabo,2023,1,0.75,0.75,0.0,0.003,0.852091,0.852091,0.0,,2023,IND,DB,FS,42.0,2000-01-10,,,24.0
Jordan Perryman,2023,3,2.7175,0.905833,0.1,0.004,3.087409,1.029136,0.113612,,2023,LV,DB,CB,49.0,,,,
Azizi Hearn,2023,3,2.703,0.901,0.018,0.004,3.070935,1.023645,0.02045,,2023,NE,DB,CB,48.0,1999-06-05,,,24.0
Nehemiah Shelton,2023,3,2.695,0.898333,0.0,0.004,3.061846,1.020615,0.0,,2023,NYJ,DB,DB,40.0,1999-09-13,,,24.0
Andrew Whitaker,2023,3,2.695,0.898333,0.0,0.004,3.061846,1.020615,0.0,,2023,SEA,DB,CB,38.0,1999-01-16,,,25.0
Daniel Scott,2023,4,4.147836,1.036959,0.307836,0.005,4.712444,1.178111,0.349739,,2023,IND,DB,FS,31.0,1998-10-26,IND,158.0,25.0
Scott Nelson,2023,1,0.75,0.75,0.0,0.003,0.852091,0.852091,0.0,,2023,HOU,DB,DB,48.0,1999-07-20,,,24.0
Ayo Oyelola,2023,1,0.75,0.75,0.0,0.003,0.852091,0.852091,0.0,,2023,JAX,DB,FS,35.0,1998-10-19,,,25.0
Collin Duncan,2023,3,2.707,0.902333,0.012,0.004,3.07548,1.025159,0.013633,,2023,CAR,DB,DB,39.0,,,,
Darius Joiner,2023,3,2.705,0.901667,0.027,0.004,3.073207,1.024403,0.030675,,2023,HOU,DB,DB,14.0,,,,
Matt Hembrough,2023,3,2.702,0.900667,0.007,0.004,3.069799,1.023267,0.007953,,2023,ARI,LS,LS,39.0,1999-05-17,,,24.0
Alex Matheson,2023,1,0.216,0.216,0.0,0.001,0.245402,0.245402,0.0,,2023,LA,LS,LS,,,,,
