year,player_id,player_game_count,grades_hands_fumble,grades_pass_block,slot_snaps,position,routes,grades_hands_drop,player,team_name,wide_snaps,inline_snaps,grades_offense,grades_pass_route
2006,1369,16,82.7,,198,WR,591,85.2,Anquan Boldin,ARZ,412,0,82.6,83.7
2006,1724,13,81.3,,75,WR,438,69.0,Larry Fitzgerald,ARZ,381,2,84.2,83.2
2006,1333,16,78.4,,208,WR,498,43.5,Bryant Johnson,ARZ,312,0,65.1,65.1
2006,439,16,79.4,81.1,0,HB,312,81.7,Edgerrin James,ARZ,1,0,49.6,62.0
2006,682,15,75.1,,174,WR,225,61.5,Troy Walters,ARZ,59,0,59.6,58.8
2006,2494,14,15.4,40.9,34,TE,218,65.6,Adam Bergen,ARZ,19,204,41.3,37.1
2006,3017,16,73.3,46.4,3,TE,169,66.7,Leonard Pope,ARZ,0,221,58.3,57.0
2006,297,13,26.6,57.2,1,FB,91,68.0,Obafemi Ayanbadejo,ARZ,2,2,55.7,54.8
2006,2261,12,76.7,51.3,0,HB,38,54.5,J.J. Arrington,ARZ,0,0,49.9,58.5
2006,987,11,77.2,23.2,0,HB,44,49.7,Marcel Shipp,ARZ,0,0,48.2,56.9
2006,3517,1,67.0,,10,WR,9,72.1,Micheal Spurlock,ARZ,0,0,77.1,74.7
2006,999,14,66.2,56.9,0,TE,20,68.3,Fred Wakefield,ARZ,0,73,68.1,78.7
2006,2506,1,61.2,,0,FB,1,64.7,John Bronson,ARZ,0,1,96.0,94.9
2007,1724,15,26.0,,55,WR,580,90.1,Larry Fitzgerald,ARZ,552,1,90.8,90.7
2007,1369,12,29.7,80.9,245,WR,433,70.3,Anquan Boldin,ARZ,183,7,77.9,80.9
2007,1333,16,78.9,74.9,94,WR,478,55.5,Bryant Johnson,ARZ,406,2,67.6,67.3
2007,2261,16,81.8,73.7,16,HB,181,59.5,J.J. Arrington,ARZ,11,0,57.7,62.5
2007,1709,10,75.1,65.4,180,WR,201,40.4,Jerheme Urban,ARZ,28,0,58.8,60.9
2007,3017,13,25.6,71.4,26,TE,170,41.7,Leonard Pope,ARZ,4,219,58.9,63.0
2007,439,16,54.6,71.1,26,HB,232,34.7,Edgerrin James,ARZ,2,0,60.7,41.9
2007,538,8,70.1,,84,WR,92,35.3,Sean Morey,ARZ,10,0,54.1,54.0
2007,3758,7,71.5,,19,WR,58,54.9,Steve Breaston,ARZ,40,0,61.2,60.9
2007,3831,8,70.1,76.8,13,TE,76,54.6,Ben Patrick,ARZ,7,82,75.2,65.9
2007,651,16,70.8,86.8,2,FB,88,35.3,Terrelle Smith,ARZ,2,3,74.2,47.5
2007,4195,16,70.1,60.3,33,TE,113,76.5,Troy Bienemann,ARZ,3,92,51.7,48.2
2007,987,15,76.5,90.4,6,HB,54,45.8,Marcel Shipp,ARZ,1,0,60.4,44.8
2008,1724,20,70.1,68.4,182,WR,796,90.4,Larry Fitzgerald,ARZ,645,4,87.7,86.1
2008,1369,15,25.0,30.2,455,WR,569,68.2,Anquan Boldin,ARZ,124,1,77.0,77.1
2008,3758,20,83.1,69.3,165,WR,700,57.4,Steve Breaston,ARZ,563,1,69.9,68.6
2008,1709,20,78.3,67.5,390,WR,424,66.2,Jerheme Urban,ARZ,53,0,60.7,58.4
2008,4463,20,66.7,62.9,31,HB,279,40.5,Tim Hightower,ARZ,0,0,47.1,44.8
2008,2261,15,83.6,74.0,28,HB,187,55.6,J.J. Arrington,ARZ,8,0,63.3,65.3
2008,439,17,67.1,58.2,12,HB,163,37.6,Edgerrin James,ARZ,2,0,50.8,40.5
2008,4395,7,73.0,,63,WR,70,65.6,Early Doucet,ARZ,8,0,67.8,65.3
2008,3831,13,72.3,58.4,39,TE,103,80.0,Ben Patrick,ARZ,4,83,78.7,65.6
2008,3017,16,72.2,52.7,47,TE,145,80.3,Leonard Pope,ARZ,0,156,59.5,50.0
2008,2789,12,68.0,79.9,42,TE,113,73.4,Stephen Spach,ARZ,1,101,60.4,43.0
2008,651,19,67.4,83.8,3,FB,52,36.2,Terrelle Smith,ARZ,0,0,68.4,42.8
2008,3906,15,68.0,79.3,15,FB,50,73.4,Tim Castille,ARZ,2,10,50.1,50.3
2008,4330,3,,,0,CB,4,,Dominique Rodgers-Cromartie,ARZ,4,0,55.4,56.4
2008,513,3,64.0,56.0,6,TE,22,68.3,Jerame Tuman,ARZ,1,25,70.3,63.9
2008,3621,20,62.3,62.6,0,T,0,67.6,Levi Brown,ARZ,0,0,76.0,44.8
2008,112,20,69.7,60.9,0,QB,1,,Kurt Warner,ARZ,0,0,73.3,58.4
2008,2225,3,64.0,,1,S,1,68.3,Antrel Rolle,ARZ,2,0,78.5,74.6
2009,1724,18,60.8,67.4,178,WR,690,89.0,Larry Fitzgerald,ARZ,545,3,83.2,81.7
2009,1369,15,24.9,,353,WR,514,85.9,Anquan Boldin,ARZ,177,3,79.2,77.2
2009,3758,17,81.5,,105,WR,555,86.2,Steve Breaston,ARZ,477,0,72.0,69.5
2009,4463,18,41.0,71.8,23,HB,410,47.0,Tim Hightower,ARZ,7,0,53.5,55.8
2009,4395,11,76.8,66.8,162,WR,221,42.6,Early Doucet,ARZ,67,0,67.2,65.7
2009,1709,11,28.2,,187,WR,236,59.2,Jerheme Urban,ARZ,61,0,54.6,52.9
2009,5164,18,29.5,75.9,21,HB,65,80.6,LaRod Stephens-Howling,ARZ,28,0,64.4,61.3
2009,3831,11,73.0,62.0,42,TE,141,65.6,Ben Patrick,ARZ,5,118,77.0,58.4
2009,4954,18,30.1,45.6,3,HB,110,79.4,Beanie Wells,ARZ,2,0,66.2,75.3
2009,602,18,18.7,74.8,8,TE,87,54.5,Anthony Becht,ARZ,0,129,78.4,50.8
2009,2789,7,67.0,78.1,13,TE,63,72.1,Stephen Spach,ARZ,2,74,55.6,39.8
2009,2212,14,73.1,28.3,7,HB,44,77.3,Jason Wright,ARZ,1,4,67.8,66.6
2009,749,16,67.0,63.5,0,FB,48,28.6,Dan Kreider,ARZ,0,2,70.9,31.9
2010,1724,16,82.8,,120,WR,618,82.3,Larry Fitzgerald,ARZ,515,1,78.4,77.5
2010,3758,13,79.7,,118,WR,472,35.1,Steve Breaston,ARZ,375,0,65.5,63.5
2010,4395,10,76.2,77.9,203,WR,257,29.5,Early Doucet,ARZ,58,0,53.4,51.7
2010,5612,13,29.9,,219,WR,299,54.4,Andre Roberts,ARZ,87,2,55.9,53.6
2010,4463,16,34.7,58.6,43,HB,280,28.8,Tim Hightower,ARZ,6,0,56.9,29.9
2010,5880,10,70.6,,38,WR,144,27.8,Stephen Williams,ARZ,111,0,47.6,46.9
2010,5883,8,20.9,65.7,102,WR,141,79.4,Max Komar,ARZ,44,0,51.4,53.7
2010,5164,13,80.1,60.0,20,HB,72,54.5,LaRod Stephens-Howling,ARZ,17,0,71.5,61.3
2010,3831,11,22.6,32.9,36,TE,93,81.1,Ben Patrick,ARZ,6,78,66.0,56.3
2010,2789,15,69.8,57.6,17,TE,111,53.3,Stephen Spach,ARZ,0,143,67.3,48.1
2010,2212,15,74.0,86.0,7,HB,81,38.4,Jason Wright,ARZ,3,0,61.9,47.9
2010,5756,14,65.8,64.6,23,TE,74,36.8,Jim Dray,ARZ,2,81,51.8,38.9
2010,4954,13,74.8,52.9,4,HB,72,29.2,Beanie Wells,ARZ,2,0,56.1,48.1
2010,3797,15,64.0,69.8,0,FB,35,68.3,Reagan Mauia,ARZ,0,0,75.6,63.0
2010,5258,1,,,0,FB,3,28.0,Jerome Johnson,ARZ,0,0,42.2,26.6
2011,1724,16,82.2,,143,WR,628,84.9,Larry Fitzgerald,ARZ,516,0,89.8,89.1
2011,5612,16,40.2,,138,WR,614,51.4,Andre Roberts,ARZ,509,0,58.9,56.6
2011,4395,16,39.4,,359,WR,440,41.7,Early Doucet,ARZ,88,0,59.8,60.5
2011,3100,16,75.9,51.0,17,TE,151,86.5,Jeff King,ARZ,4,208,89.5,89.9
2011,801,10,75.3,75.3,105,TE,190,62.5,Todd Heap,ARZ,8,89,71.0,62.8
2011,6221,12,21.7,72.6,69,TE,132,27.8,Rob Housler,ARZ,7,60,52.5,47.0
2011,1182,12,79.0,70.8,9,HB,123,29.3,Chester Taylor,ARZ,0,0,56.9,38.2
2011,5164,13,82.8,82.8,6,HB,68,65.6,LaRod Stephens-Howling,ARZ,7,0,62.6,82.2
2011,4954,14,47.9,64.5,15,HB,190,29.5,Beanie Wells,ARZ,0,0,56.4,32.4
2011,6288,14,70.8,54.5,1,FB,63,76.5,Anthony Sherman,ARZ,0,4,71.2,69.3
2011,6401,9,65.8,,5,WR,78,36.8,DeMarco Sampson,ARZ,77,0,54.1,54.0
2011,3851,9,15.0,,5,WR,67,72.1,Chansi Stuckey,ARZ,63,0,48.9,48.9
2011,5877,8,79.8,83.2,2,HB,25,36.2,Alfonso Smith,ARZ,0,0,57.3,44.6
2011,5756,6,64.0,39.6,13,TE,46,68.3,Jim Dray,ARZ,2,40,51.0,50.7
2011,3797,3,61.2,62.8,0,FB,9,64.7,Reagan Mauia,ARZ,0,1,58.5,68.0
2011,6157,2,61.2,70.4,1,CB,1,64.7,Patrick Peterson,ARZ,0,0,71.0,60.5
2012,1724,16,81.4,70.7,131,WR,674,69.5,Larry Fitzgerald,ARZ,569,1,69.4,68.5
2012,5612,15,48.5,67.6,303,WR,599,37.9,Andre Roberts,ARZ,315,5,61.4,60.6
2012,7019,16,32.9,,21,WR,416,54.9,Michael Floyd,ARZ,411,0,63.1,62.0
2012,6221,15,78.6,73.0,273,TE,389,68.8,Rob Housler,ARZ,24,102,62.1,60.8
2012,4395,12,77.2,70.4,264,WR,306,28.6,Early Doucet,ARZ,53,2,47.1,47.0
2012,5164,14,89.0,68.2,22,HB,155,54.5,LaRod Stephens-Howling,ARZ,5,0,69.5,48.4
2012,3100,16,73.9,77.9,47,TE,159,82.7,Jeff King,ARZ,3,143,68.0,63.7
2012,6939,12,84.9,71.6,7,HB,143,69.9,William Powell,ARZ,0,0,71.1,63.4
2012,801,2,70.6,28.2,35,TE,43,77.3,Todd Heap,ARZ,1,13,76.3,77.9
2012,6190,5,26.9,69.1,3,HB,38,52.5,Ryan Williams,ARZ,0,0,59.8,58.1
2012,6288,13,68.8,60.1,3,FB,63,74.6,Anthony Sherman,ARZ,0,2,61.2,56.3
2012,6157,4,69.7,,3,CB,4,70.5,Patrick Peterson,ARZ,1,0,67.4,60.9
2012,5877,4,64.0,77.6,1,HB,8,68.3,Alfonso Smith,ARZ,0,0,66.2,68.0
2012,7486,2,61.2,,6,WR,8,64.7,LaRon Byrd,ARZ,2,0,55.1,55.5
2012,5756,2,64.0,70.4,3,TE,8,68.3,Jim Dray,ARZ,0,4,73.8,69.8
2012,7144,1,62.3,34.3,0,G,0,67.6,Senio Kelemete,ARZ,0,0,60.6,91.2
2012,4954,8,61.8,35.0,0,HB,32,64.7,Beanie Wells,ARZ,0,0,57.6,57.1
2012,3797,3,61.2,77.7,1,FB,5,64.7,Reagan Mauia,ARZ,0,0,59.6,70.7
2013,1724,16,53.6,,304,WR,596,90.7,Larry Fitzgerald,ARZ,325,3,80.3,77.1
2013,7019,16,80.9,48.6,134,WR,567,67.2,Michael Floyd,ARZ,464,4,82.1,80.3
2013,5612,16,78.5,78.1,217,WR,401,76.0,Andre Roberts,ARZ,210,3,66.2,65.8
2013,7968,15,73.4,81.3,56,HB,220,41.6,Andre Ellington,ARZ,75,1,84.2,68.8
2013,6221,13,29.3,37.5,110,TE,291,49.2,Rob Housler,ARZ,15,193,58.0,58.1
2013,5756,16,26.5,67.3,30,TE,211,86.7,Jim Dray,ARZ,1,259,66.2,57.3
2013,4337,15,44.4,75.3,7,HB,158,70.3,Rashard Mendenhall,ARZ,7,1,65.1,65.1
2013,8128,16,71.5,,25,WR,113,78.7,Jaron Brown,ARZ,94,0,67.8,66.4
2013,5877,12,20.7,85.6,7,HB,62,78.0,Alfonso Smith,ARZ,4,0,51.8,56.4
2013,7481,5,67.0,,9,WR,36,72.1,Brittan Golden,ARZ,31,0,74.0,71.1
2013,5822,8,69.5,69.3,2,TE,41,75.6,Jake Ballard,ARZ,1,50,69.9,81.4
2013,7922,12,81.3,89.4,6,HB,36,76.5,Stepfan Taylor,ARZ,4,0,77.4,82.2
2013,6157,11,57.6,,15,CB,21,75.6,Patrick Peterson,ARZ,11,0,75.6,77.2
2013,6073,3,61.2,,2,WR,5,64.7,Teddy Williams,ARZ,3,0,89.5,83.2
2013,5369,5,61.2,49.1,0,TE,9,64.7,Kory Sperry,ARZ,0,20,57.9,68.5
2014,1724,15,49.6,68.7,352,WR,537,90.3,Larry Fitzgerald,ARZ,224,7,77.2,74.9
2014,8726,17,80.2,,222,WR,487,73.5,John Brown,ARZ,304,0,69.3,69.4
2014,7019,17,20.2,77.4,137,WR,614,63.9,Michael Floyd,ARZ,528,3,69.6,64.8
2014,7968,12,70.0,81.2,27,HB,239,34.9,Andre Ellington,ARZ,36,0,55.1,59.3
2014,4352,17,77.9,51.4,60,TE,402,34.2,John Carlson,ARZ,11,398,51.1,47.4
2014,8128,16,25.9,,71,WR,127,52.9,Jaron Brown,ARZ,66,1,73.9,72.5
2014,3625,17,60.6,,30,WR,126,35.8,Ted Ginn Jr.,ARZ,104,0,67.1,64.3
2014,6221,16,71.7,50.1,2,TE,110,78.0,Rob Housler,ARZ,1,140,61.1,60.3
2014,6564,14,75.5,62.2,1,HB,50,28.5,Robert Hughes,ARZ,2,0,64.2,65.6
2014,7922,15,85.6,73.8,5,HB,82,79.4,Stepfan Taylor,ARZ,12,0,61.7,69.0
2014,8835,8,77.6,80.6,5,HB,50,75.6,Marion Grice,ARZ,7,0,69.0,68.3
2014,8549,9,68.8,78.3,0,TE,64,74.6,Darren Fells,ARZ,0,93,82.3,69.0
2014,8013,5,52.6,88.5,1,HB,28,29.2,Kerwynn Williams,ARZ,3,0,58.5,32.3
2014,5711,2,76.9,73.5,1,HB,17,68.3,Jonathan Dwyer,ARZ,0,0,51.7,57.3
2014,8687,6,65.8,75.4,3,TE,18,70.5,Troy Niklas,ARZ,0,21,56.0,74.7
2014,1317,6,77.0,,0,QB,0,,Carson Palmer,ARZ,0,0,72.1,
2015,1724,18,42.6,79.7,407,WR,638,87.4,Larry Fitzgerald,ARZ,272,15,89.4,87.3
2015,8726,17,50.8,73.7,238,WR,584,64.7,John Brown,ARZ,394,0,78.7,78.9
2015,7019,17,80.6,71.1,155,WR,488,59.0,Michael Floyd,ARZ,370,0,80.0,79.4
2015,9519,18,41.1,59.8,33,HB,288,58.3,David Johnson,ARZ,60,1,71.5,71.1
2015,8549,16,75.7,61.0,36,TE,311,53.8,Darren Fells,ARZ,15,328,67.9,67.0
2015,9592,13,79.0,,44,WR,117,64.7,J.J. Nelson,ARZ,84,0,82.3,83.0
2015,5546,17,73.9,64.0,9,TE,209,55.6,Jermaine Gresham,ARZ,2,280,73.4,57.0
2015,8128,17,80.0,84.2,52,WR,159,48.3,Jaron Brown,ARZ,111,11,62.7,58.1
2015,7968,12,51.1,41.7,20,HB,126,81.1,Andre Ellington,ARZ,31,0,66.2,65.1
2015,4338,11,65.6,59.3,7,HB,115,29.7,Chris Johnson,ARZ,3,0,47.4,38.6
2015,8687,13,67.0,60.3,2,TE,36,72.1,Troy Niklas,ARZ,2,50,65.6,66.6
2015,7922,10,76.4,90.5,1,HB,15,64.7,Stepfan Taylor,ARZ,1,0,57.2,57.0
2015,8013,4,50.9,82.1,3,HB,13,68.3,Kerwynn Williams,ARZ,1,0,57.5,71.5
2015,7481,7,70.0,,9,WR,12,64.7,Brittan Golden,ARZ,5,0,58.7,55.1
2015,5542,15,62.3,67.6,0,G,0,67.6,Mike Iupati,ARZ,0,0,80.2,91.2
2016,1724,16,43.3,75.1,442,WR,645,88.5,Larry Fitzgerald,ARZ,254,5,83.3,80.2
2016,9519,16,53.2,71.0,75,HB,509,80.4,David Johnson,ARZ,118,0,79.9,90.0
2016,9592,15,30.1,,92,WR,334,37.2,J.J. Nelson,ARZ,272,0,69.5,67.2
2016,8726,15,53.7,,194,WR,394,90.1,John Brown,ARZ,232,0,71.4,70.2
2016,5546,16,28.9,49.3,66,TE,334,47.5,Jermaine Gresham,ARZ,6,405,63.8,63.4
2016,8128,6,71.5,85.3,31,WR,112,78.7,Jaron Brown,ARZ,87,1,66.1,64.1
2016,8549,14,73.0,80.1,32,TE,157,51.5,Darren Fells,ARZ,3,163,63.0,52.5
2016,7968,16,83.5,73.3,18,HB,82,80.0,Andre Ellington,ARZ,15,0,64.8,74.4
2016,7481,8,28.6,,41,WR,104,54.9,Brittan Golden,ARZ,65,3,58.0,55.7
2016,6476,2,81.6,,4,WR,14,72.1,Jeremy Ross,ARZ,10,1,81.2,77.8
2016,8557,4,64.0,0.0,2,TE,13,68.3,Ifeanyi Momah,ARZ,0,13,52.4,68.8
2016,8013,4,26.1,76.6,0,HB,23,64.7,Kerwynn Williams,ARZ,2,0,62.0,53.9
2016,10960,9,,73.4,0,TE,14,25.7,Hakeem Valles,ARZ,1,19,32.4,27.9
2016,8687,3,61.2,72.1,0,TE,19,28.9,Troy Niklas,ARZ,0,20,47.0,30.9
2016,4338,4,78.4,26.2,0,HB,10,,Chris Johnson,ARZ,0,0,57.2,53.3
2017,1724,16,60.3,74.5,434,WR,650,90.4,Larry Fitzgerald,ARZ,257,9,80.0,78.8
2017,8128,16,77.0,42.1,149,WR,528,78.9,Jaron Brown,ARZ,414,3,59.4,57.9
2017,9592,16,28.1,,102,WR,364,28.3,J.J. Nelson,ARZ,284,0,59.0,58.2
2017,8726,10,75.2,,156,WR,311,38.7,John Brown,ARZ,184,0,58.0,58.8
2017,5546,14,77.3,55.5,46,TE,309,45.4,Jermaine Gresham,ARZ,5,382,62.8,59.9
2017,12020,8,71.9,,15,TE,68,31.3,Ricky Seals-Jones,ARZ,13,38,80.7,89.7
2017,11214,7,79.0,77.2,14,HB,101,68.0,D.J. Foster,ARZ,29,0,65.8,68.8
2017,8687,15,73.1,56.0,13,TE,139,63.2,Troy Niklas,ARZ,0,179,59.1,71.0
2017,3623,10,43.3,21.5,10,HB,98,28.4,Adrian Peterson,ARZ,9,0,51.8,34.7
2017,8013,14,90.7,43.2,11,HB,79,58.5,Kerwynn Williams,ARZ,14,0,63.6,71.2
2017,7481,8,77.7,,53,WR,61,29.3,Brittan Golden,ARZ,12,0,47.9,49.9
2017,9519,1,16.9,46.0,3,HB,28,74.6,David Johnson,ARZ,3,0,40.9,38.8
2017,4338,4,82.8,35.4,1,HB,44,73.4,Chris Johnson,ARZ,4,0,58.4,61.4
2017,11853,6,68.7,,20,WR,68,70.5,Chad Williams,ARZ,51,0,60.9,59.7
2017,11300,11,80.3,75.7,1,HB,27,41.6,Elijhaa Penny,ARZ,3,0,68.5,61.2
2017,8557,6,61.2,,2,TE,18,28.8,Ifeanyi Momah,ARZ,2,15,48.9,55.9
2017,9980,2,,,0,TE,5,28.0,Gabe Holmes,ARZ,0,5,34.6,29.1
2018,1724,16,81.4,,419,WR,530,81.0,Larry Fitzgerald,ARZ,135,7,73.2,72.3
2018,9519,16,65.1,71.4,16,HB,360,34.3,David Johnson,ARZ,28,2,64.1,60.4
2018,12020,15,77.1,83.6,193,TE,366,52.5,Ricky Seals-Jones,ARZ,97,112,52.8,54.3
2018,47546,12,87.0,,112,WR,344,68.6,Christian Kirk,ARZ,250,2,70.3,70.1
2018,11853,10,74.0,65.7,23,WR,284,41.6,Chad Williams,ARZ,276,0,53.7,52.7
2018,48021,8,74.1,66.2,65,WR,224,69.6,Trent Sherfield,ARZ,167,1,58.1,56.2
2018,45851,16,31.8,49.7,4,HB,114,59.2,Chase Edmonds,ARZ,6,0,60.5,65.0
2018,9592,12,72.4,,14,WR,131,32.2,J.J. Nelson,ARZ,125,0,48.9,48.9
2018,5546,13,19.2,79.8,20,TE,111,56.7,Jermaine Gresham,ARZ,3,177,49.7,52.7
2018,11935,6,78.3,,6,HB,18,75.6,T.J. Logan,ARZ,0,0,59.9,68.0
2018,66933,3,65.8,,15,WR,54,70.5,Jalen Tolliver,ARZ,41,1,57.9,57.3
2018,7377,7,67.8,77.9,0,FB,10,68.3,Derrick Coleman,ARZ,0,0,67.8,70.5
2018,5132,8,65.8,69.3,10,TE,31,70.5,John Phillips,ARZ,2,39,63.1,61.9
2018,12122,5,,64.6,5,TE,25,,Darrell Daniels,ARZ,8,20,46.9,47.0
2018,10751,2,81.2,,2,WR,3,,Pharoh Cooper,ARZ,1,0,57.1,57.5
2019,1724,16,82.0,64.4,536,WR,574,90.5,Larry Fitzgerald,ARZ,79,4,70.3,71.6
2019,47546,13,85.1,66.2,224,WR,503,80.3,Christian Kirk,ARZ,312,0,62.5,62.0
2019,10707,14,65.9,56.0,24,HB,303,57.9,Kenyan Drake,ARZ,19,2,71.2,65.1
2019,9964,11,78.5,,17,WR,314,79.4,Damiere Byrd,ARZ,308,0,64.4,64.0
2019,9519,13,69.3,64.3,65,HB,232,80.4,David Johnson,ARZ,17,2,72.2,74.5
2019,39587,10,25.6,,13,WR,241,50.8,KeeSean Johnson,ARZ,243,0,53.5,53.4
2019,10751,13,89.0,65.6,152,WR,149,65.2,Pharoh Cooper,ARZ,13,0,70.3,69.4
2019,6326,15,74.4,54.1,53,TE,187,83.6,Charles Clay,ARZ,21,118,64.7,62.3
2019,45851,10,84.7,74.5,35,HB,101,27.6,Chase Edmonds,ARZ,9,0,69.7,54.1
2019,9488,16,73.0,82.1,78,TE,174,65.6,Maxx Williams,ARZ,10,138,79.1,61.0
2019,48021,12,68.7,,13,WR,144,28.7,Trent Sherfield,ARZ,138,0,52.2,50.0
2019,47448,13,76.1,,23,WR,96,77.3,Andy Isabella,ARZ,79,0,64.2,64.0
2019,51842,5,70.6,70.2,36,TE,67,77.3,Dan Arnold,ARZ,12,24,71.7,76.8
2019,4933,2,67.0,,0,WR,26,72.1,Michael Crabtree,ARZ,26,0,56.7,54.1
2019,12122,6,61.2,63.8,1,TE,9,28.8,Darrell Daniels,ARZ,1,8,49.1,47.5
2020,7808,16,38.3,,68,WR,626,91.5,DeAndre Hopkins,ARZ,595,0,87.1,88.0
2020,47546,14,87.0,,88,WR,513,78.2,Christian Kirk,ARZ,452,0,62.3,62.5
2020,1724,13,79.8,69.5,412,WR,444,90.6,Larry Fitzgerald,ARZ,61,0,59.6,61.1
2020,45851,16,58.0,49.3,96,HB,305,87.9,Chase Edmonds,ARZ,29,2,69.2,77.0
2020,51842,16,20.8,72.6,148,TE,298,78.4,Dan Arnold,ARZ,33,131,61.7,64.4
2020,47448,13,27.9,,194,WR,214,47.8,Andy Isabella,ARZ,27,0,56.8,56.1
2020,10707,15,60.1,60.0,14,HB,251,52.9,Kenyan Drake,ARZ,1,0,60.9,47.0
2020,39587,8,73.0,,72,WR,136,65.6,KeeSean Johnson,ARZ,73,0,61.2,61.7
2020,12122,12,71.1,77.0,25,TE,100,54.5,Darrell Daniels,ARZ,2,90,59.1,56.9
2020,9488,9,70.1,41.4,30,TE,104,76.5,Maxx Williams,ARZ,1,91,67.7,65.6
2020,48021,6,68.0,,26,WR,40,73.4,Trent Sherfield,ARZ,15,0,67.1,63.5
2020,49167,1,61.2,,0,LB,1,64.7,Ezekiel Turner,ARZ,0,0,73.8,90.3
2020,11214,4,70.1,59.4,5,HB,18,64.7,D.J. Foster,ARZ,2,0,51.1,51.4
2020,25859,1,61.2,,1,FB,1,64.7,Jonathan Ward,ARZ,0,0,97.7,90.8
2020,10772,3,,70.2,4,TE,12,,Seth DeValve,ARZ,1,8,35.2,48.9
2021,47546,18,84.5,,477,WR,576,69.8,Christian Kirk,ARZ,136,0,72.1,72.7
2021,7816,18,82.1,77.0,346,TE,551,83.5,Zach Ertz,ARZ,54,190,65.5,69.4
2021,6156,17,80.0,,51,WR,557,68.3,A.J. Green,ARZ,541,1,67.8,69.7
2021,62890,15,69.1,,223,WR,283,82.5,Rondale Moore,ARZ,60,0,70.7,70.1
2021,7808,10,78.5,,51,WR,325,75.8,DeAndre Hopkins,ARZ,292,0,79.8,81.1
2021,45851,12,73.8,51.7,55,HB,269,83.5,Chase Edmonds,ARZ,31,0,66.6,60.1
2021,11860,16,69.4,89.1,29,HB,242,90.0,James Conner,ARZ,13,2,81.9,84.8
2021,39967,15,74.4,,23,WR,271,70.5,Antoine Wesley,ARZ,264,0,60.1,58.8
2021,9488,5,73.3,70.0,45,TE,99,81.7,Maxx Williams,ARZ,6,66,77.9,77.6
2021,57136,8,83.1,46.6,4,HB,49,76.5,Eno Benjamin,ARZ,4,0,65.1,83.3
2021,12122,16,68.7,67.0,16,TE,73,41.6,Darrell Daniels,ARZ,3,83,49.9,36.2
2021,8524,14,69.5,64.8,20,TE,73,70.5,Demetrius Harris,ARZ,2,64,43.9,41.8
2021,25859,5,74.4,26.6,4,HB,25,70.5,Jonathan Ward,ARZ,1,0,83.2,90.9
2021,42237,2,75.2,,18,WR,20,70.5,Greg Dortch,ARZ,5,0,63.5,61.2
2021,47448,5,65.3,,4,WR,24,64.7,Andy Isabella,ARZ,21,0,57.0,56.9
2022,61568,12,47.7,,183,WR,492,79.5,Marquise Brown,ARZ,338,0,69.2,69.6
2022,7808,9,25.5,,106,WR,362,90.1,DeAndre Hopkins,ARZ,282,0,72.9,73.5
2022,7816,10,79.7,29.6,237,TE,375,85.8,Zach Ertz,ARZ,56,106,62.5,66.6
2022,42237,16,88.4,,303,WR,346,90.5,Greg Dortch,ARZ,58,0,64.2,67.6
2022,11860,13,54.4,73.8,46,HB,332,54.5,James Conner,ARZ,28,1,69.7,51.4
2022,62890,8,79.3,,171,WR,281,60.4,Rondale Moore,ARZ,123,0,63.4,63.6
2022,6156,15,76.3,,50,WR,362,66.6,A.J. Green,ARZ,334,0,55.6,55.1
2022,11254,16,24.3,,49,WR,323,70.5,Robbie Chosen,ARZ,294,0,51.2,52.6
2022,75916,15,27.8,81.2,121,TE,317,77.8,Trey McBride,ARZ,38,170,50.9,53.6
2022,47901,8,69.5,,11,WR,75,75.6,Andre Baccellia,ARZ,69,0,56.4,57.4
2022,13014,5,78.4,29.6,11,HB,58,73.4,Darrel Williams,ARZ,5,0,64.9,53.2
2022,11160,14,65.8,19.6,12,TE,48,26.5,Stephen Anderson,ARZ,4,40,33.9,30.0
2022,12253,4,76.8,12.4,6,HB,41,45.8,Corey Clement,ARZ,4,0,63.9,69.2
2022,77761,10,79.1,27.1,9,HB,52,42.1,Keaontay Ingram,ARZ,4,1,48.1,49.1
2022,9488,11,65.8,56.6,7,TE,44,70.5,Maxx Williams,ARZ,1,56,56.6,49.6
2022,10751,3,83.4,,8,WR,13,68.3,Pharoh Cooper,ARZ,3,0,46.8,55.5
2022,10842,1,61.2,,0,LB,1,64.7,Kamu Grugier-Hill,ARZ,0,0,89.6,90.3
2022,38287,1,61.2,,0,HB,2,64.7,Ty'Son Williams,ARZ,0,0,61.7,64.5
2023,75916,17,51.5,55.1,236,TE,406,78.8,Trey McBride,ARZ,29,183,76.3,80.5
2023,61568,14,79.9,,100,WR,460,73.0,Marquise Brown,ARZ,398,0,67.1,68.1
2023,62890,17,51.2,,353,WR,479,52.5,Rondale Moore,ARZ,136,0,53.6,50.5
2023,84423,13,77.9,68.1,115,WR,415,81.9,Michael Wilson,ARZ,329,0,68.3,68.7
2023,7816,7,75.9,29.4,111,TE,186,36.0,Zach Ertz,ARZ,25,67,50.8,51.7
2023,42237,13,88.8,,73,WR,245,85.7,Greg Dortch,ARZ,184,0,68.2,71.2
2023,11860,13,90.8,68.0,9,HB,201,86.5,James Conner,ARZ,27,0,89.2,69.2
2023,57337,15,81.9,37.4,0,HB,151,63.2,Michael Carter,ARZ,8,10,60.8,52.2
2023,77763,14,84.9,74.7,12,HB,164,59.2,Emari Demercado,ARZ,11,0,73.4,44.7
2023,98027,11,72.7,68.4,51,TE,91,64.4,Elijah Higgins,ARZ,12,36,63.6,70.4
2023,12303,14,67.0,,17,WR,93,41.6,Zach Pascal,ARZ,86,0,47.6,46.6
2023,9679,14,71.5,66.6,14,TE,100,60.2,Geoff Swaim,ARZ,5,124,50.2,53.4
2023,40498,7,79.7,50.9,0,HB,70,52.1,Tony Jones Jr.,ARZ,4,0,60.1,49.6
2023,9205,3,74.4,80.2,1,HB,10,68.3,Damien Williams,ARZ,1,0,72.7,66.7
2024,75916,9,79.3,67.3,136,TE,250,90.4,Trey McBride,ARZ,20,114,81.7,84.0
2024,145056,10,28.4,,75,WR,263,70.8,Marvin Harrison Jr.,ARZ,201,0,79.4,79.4
2024,84423,10,27.5,66.2,79,WR,264,68.1,Michael Wilson,ARZ,200,0,64.5,65.8
2024,42237,10,33.1,,128,WR,187,61.3,Greg Dortch,ARZ,60,0,59.8,59.1
2024,11860,10,46.9,67.2,12,HB,153,74.9,James Conner,ARZ,19,0,83.4,56.4
2024,98027,10,73.0,39.0,39,TE,101,65.9,Elijah Higgins,ARZ,15,52,64.9,69.0
2024,77763,10,79.6,46.6,1,HB,69,78.7,Emari Demercado,ARZ,8,0,74.8,71.7
2024,131705,8,45.9,85.0,0,HB,27,73.4,Trey Benson,ARZ,9,0,62.6,75.2
2024,129423,10,64.0,74.0,10,TE,54,68.3,Tip Reiman,ARZ,5,74,50.0,42.8
2024,11792,4,61.2,,6,WR,31,64.7,Zay Jones,ARZ,29,0,55.4,55.4
2024,101130,1,,,10,WR,27,,Xavier Weaver,ARZ,20,0,49.8,49.8
2006,805,16,79.9,75.2,176,TE,439,42.5,Alge Crumpler,ATL,26,295,73.2,72.7
2006,1750,16,78.2,80.7,240,WR,528,28.7,Michael Jenkins,ATL,301,5,54.3,54.2
2006,1026,15,76.1,,52,WR,377,37.7,Ashley Lelie,ATL,341,0,61.0,60.1
2006,2244,15,27.2,,7,WR,286,40.0,Roddy White,ATL,291,0,63.2,62.5
2006,1433,16,19.5,84.6,1,FB,163,62.5,Justin Griffith,ATL,9,3,60.9,56.0
2006,236,16,86.8,67.9,1,HB,261,39.5,Warrick Dunn,ATL,4,0,56.4,43.2
2006,3024,14,88.1,85.9,0,HB,66,80.6,Jerious Norwood,ATL,13,1,78.3,80.2
2006,1219,16,68.8,60.4,49,TE,113,74.6,Dwayne Blakley,ATL,12,67,52.6,51.3
2006,142,13,65.8,87.4,1,FB,39,70.5,Fred McCrary,ATL,0,3,76.2,64.9
2006,1278,1,61.2,74.3,0,FB,3,64.7,Corey McIntyre,ATL,0,0,62.9,77.3
2006,773,16,43.7,61.3,0,QB,1,,Michael Vick,ATL,0,0,66.8,60.0
2006,1729,1,18.4,,0,CB,1,64.7,DeAngelo Hall,ATL,1,0,25.7,29.3
2006,3129,5,61.9,,7,WR,12,,Adam Jennings,ATL,7,0,49.8,53.5
2007,2244,16,28.9,,71,WR,591,65.0,Roddy White,ATL,546,0,77.9,77.2
2007,1750,15,79.8,19.5,417,WR,419,47.8,Michael Jenkins,ATL,14,12,65.6,66.4
2007,3691,15,29.1,,32,WR,358,55.4,Laurent Robinson,ATL,337,0,57.7,57.4
2007,805,14,78.4,55.2,59,TE,354,52.5,Alge Crumpler,ATL,12,338,72.5,65.3
2007,236,16,71.8,73.0,2,HB,229,32.8,Warrick Dunn,ATL,18,0,53.3,37.4
2007,199,12,76.3,,107,WR,331,66.6,Joe Horn,ATL,240,0,60.3,59.2
2007,3024,15,89.2,81.3,0,HB,158,69.1,Jerious Norwood,ATL,28,0,76.3,65.8
2007,1219,11,69.5,58.0,9,TE,83,75.6,Dwayne Blakley,ATL,5,82,55.0,50.8
2007,1445,16,72.6,89.7,0,FB,86,49.2,Ovie Mughelli,ATL,1,3,92.5,46.1
2007,3749,7,70.6,38.3,10,TE,58,77.3,Martrez Milner,ATL,6,44,54.4,59.0
2007,3129,13,68.8,,65,WR,84,74.6,Adam Jennings,ATL,23,0,51.7,53.5
2007,1011,12,91.3,,0,QB,0,,Joey Harrington,ATL,0,0,69.3,
2008,2244,17,66.8,,163,WR,503,36.8,Roddy White,ATL,366,0,88.3,86.1
2008,1750,17,79.9,77.0,177,WR,422,67.6,Michael Jenkins,ATL,251,7,77.4,74.8
2008,3024,17,75.8,66.4,15,HB,241,57.9,Jerious Norwood,ATL,23,0,56.9,55.7
2008,4398,17,78.7,,280,WR,317,42.9,Harry Douglas,ATL,43,0,59.9,54.7
2008,423,17,25.5,28.8,45,WR,156,40.2,Brian Finneran,ATL,100,16,64.6,61.0
2008,1104,17,73.9,54.8,60,TE,220,43.8,Justin Peelle,ATL,4,184,77.2,52.1
2008,3860,16,77.3,67.1,3,FB,67,54.5,Jason Snelling,ATL,0,0,50.4,59.9
2008,1873,17,85.6,72.1,7,HB,148,31.8,Michael Turner,ATL,0,0,71.1,42.1
2008,1445,17,73.6,69.4,4,FB,89,77.3,Ovie Mughelli,ATL,1,3,77.1,63.3
2008,3691,6,68.0,,7,WR,47,73.4,Laurent Robinson,ATL,42,0,73.9,71.8
2008,1789,11,65.8,45.1,5,TE,107,70.5,Ben Hartsock,ATL,0,130,76.6,37.6
2008,151,2,13.6,,0,TE,5,68.3,Marcus Pollard,ATL,0,5,29.4,27.4
2008,4097,3,61.2,,3,WR,4,64.7,Eric Weems,ATL,1,0,63.7,57.3
2008,2154,7,21.7,73.7,1,TE,24,64.7,Jason Rader,ATL,0,31,53.9,30.2
2009,2244,16,62.9,,163,WR,591,70.5,Roddy White,ATL,458,0,75.1,75.4
2009,237,16,82.3,73.6,270,TE,520,85.3,Tony Gonzalez,ATL,38,274,81.3,79.9
2009,1750,15,79.3,67.4,110,WR,493,64.8,Michael Jenkins,ATL,401,8,64.0,62.5
2009,3860,14,59.7,80.2,14,HB,198,78.0,Jason Snelling,ATL,5,2,61.7,59.4
2009,487,16,73.8,67.9,141,WR,186,53.3,Marty Booker,ATL,56,0,58.7,57.1
2009,3024,10,62.5,51.5,14,HB,149,83.6,Jerious Norwood,ATL,7,0,55.1,61.4
2009,423,10,71.5,58.5,71,WR,103,60.2,Brian Finneran,ATL,24,6,59.8,58.0
2009,1104,15,21.9,65.4,45,TE,159,80.6,Justin Peelle,ATL,10,144,72.2,57.0
2009,1445,14,72.9,86.1,7,FB,86,75.6,Ovie Mughelli,ATL,2,4,81.8,56.4
2009,1873,11,37.2,81.6,5,HB,87,49.7,Michael Turner,ATL,1,0,59.7,52.7
2009,4097,15,74.1,64.9,50,WR,70,74.6,Eric Weems,ATL,16,0,59.8,55.4
2009,572,4,72.2,76.0,0,HB,15,73.4,Aaron Stecker,ATL,1,0,56.7,70.1
2009,1156,6,65.8,68.9,2,FB,39,70.5,Verron Haynes,ATL,0,0,72.0,57.9
2009,4546,13,,74.5,0,TE,23,27.9,Keith Zinger,ATL,0,32,56.7,30.2
2010,2244,17,63.3,,72,WR,611,66.6,Roddy White,ATL,576,3,82.8,83.6
2010,237,17,81.5,68.8,355,TE,557,64.6,Tony Gonzalez,ATL,65,218,68.7,65.8
2010,1750,12,49.0,,39,WR,393,85.9,Michael Jenkins,ATL,383,3,73.7,71.8
2010,3860,15,49.7,70.4,27,HB,245,78.5,Jason Snelling,ATL,1,2,55.6,63.4
2010,4398,17,76.2,68.8,309,WR,425,42.9,Harry Douglas,ATL,146,0,54.2,52.3
2010,423,17,75.3,64.9,76,WR,178,51.8,Brian Finneran,ATL,99,11,66.5,64.6
2010,1873,17,81.0,59.8,27,HB,183,36.9,Michael Turner,ATL,2,0,64.0,41.7
2010,1445,17,77.5,76.9,7,FB,123,63.2,Ovie Mughelli,ATL,1,6,79.1,60.9
2010,1104,13,71.1,49.0,35,TE,115,58.9,Justin Peelle,ATL,4,115,81.9,59.9
2010,5784,10,68.0,50.3,9,TE,35,73.4,Michael Palmer,ATL,0,34,70.8,66.9
2010,4097,13,68.8,,17,WR,48,74.6,Eric Weems,ATL,34,0,76.1,72.5
2010,5058,6,23.0,76.5,2,HB,35,70.5,Gartrell Johnson,ATL,0,0,51.4,30.0
2010,3024,1,66.7,75.7,3,HB,8,26.5,Jerious Norwood,ATL,0,0,41.9,27.7
2010,5440,5,61.9,17.7,2,HB,8,,Antone Smith,ATL,1,0,45.8,53.0
2011,2244,17,84.1,70.7,95,WR,656,35.6,Roddy White,ATL,601,0,80.9,81.0
2011,237,17,82.7,77.2,298,TE,538,86.9,Tony Gonzalez,ATL,47,302,87.6,86.8
2011,6158,14,47.1,,40,WR,499,37.0,Julio Jones,ATL,485,0,71.0,68.9
2011,4398,17,78.9,46.6,346,WR,461,54.0,Harry Douglas,ATL,151,1,58.4,58.1
2011,3860,16,84.2,78.8,11,HB,144,66.6,Jason Snelling,ATL,1,1,62.7,61.2
2011,6297,17,58.2,75.5,25,HB,190,54.2,Jacquizz Rodgers,ATL,3,0,61.8,52.4
2011,1873,17,68.9,76.3,29,HB,188,31.7,Michael Turner,ATL,0,0,71.0,39.7
2011,4097,17,71.5,70.9,100,WR,156,78.7,Eric Weems,ATL,69,1,58.5,55.9
2011,5784,16,71.1,77.6,27,TE,96,41.8,Michael Palmer,ATL,10,75,66.4,50.3
2011,1445,7,69.4,80.8,1,FB,39,28.6,Ovie Mughelli,ATL,2,0,54.9,40.5
2011,4716,9,13.3,78.6,0,FB,29,68.3,Mike Cox,ATL,0,1,68.0,28.7
2011,468,16,61.2,81.3,2,TE,34,28.9,Reggie Kelly,ATL,1,60,76.4,33.1
2011,5688,5,,,5,WR,12,,Kerry Meier,ATL,8,0,54.1,53.1
2012,2244,18,66.6,70.8,155,WR,725,90.2,Roddy White,ATL,602,0,89.3,87.4
2012,6158,18,84.0,67.3,61,WR,654,64.7,Julio Jones,ATL,615,0,86.1,86.5
2012,237,18,84.0,73.9,418,TE,632,88.1,Tony Gonzalez,ATL,81,226,89.2,90.1
2012,6297,18,90.0,75.8,27,HB,299,81.6,Jacquizz Rodgers,ATL,8,1,72.7,77.7
2012,4398,17,32.5,65.0,384,WR,473,67.6,Harry Douglas,ATL,113,0,58.6,56.8
2012,3860,18,44.3,73.1,40,HB,136,80.5,Jason Snelling,ATL,6,2,64.0,62.8
2012,1873,18,64.1,77.9,11,HB,154,33.5,Michael Turner,ATL,0,0,67.8,39.5
2012,6525,13,68.0,76.0,44,WR,65,73.4,Drew Davis,ATL,28,1,54.5,54.8
2012,5784,14,68.8,75.5,17,TE,70,74.6,Michael Palmer,ATL,18,60,59.8,53.4
2012,4716,10,67.4,51.2,7,FB,41,70.5,Mike Cox,ATL,4,2,65.5,58.2
2012,6594,7,64.0,76.3,8,TE,23,68.3,Tommy Gallarda,ATL,3,23,63.0,49.1
2012,2152,6,61.2,48.4,3,FB,25,28.8,Lousaka Polite,ATL,0,0,44.8,40.7
2012,5021,7,64.0,,1,TE,8,68.3,Chase Coffman,ATL,3,4,91.0,90.8
2012,5641,3,,78.1,0,C,2,25.6,Joe Hawley,ATL,0,2,33.3,22.4
2012,6889,2,,,2,WR,3,,Kevin Cone,ATL,2,0,54.0,54.9
2012,5440,2,61.9,,1,HB,4,,Antone Smith,ATL,3,0,55.6,56.4
2012,5622,11,61.2,79.1,0,G,4,64.7,Mike Johnson,ATL,0,30,86.5,83.7
2013,4398,16,41.6,67.8,416,WR,640,50.7,Harry Douglas,ATL,258,0,69.8,69.9
2013,237,16,82.7,62.6,463,TE,608,82.1,Tony Gonzalez,ATL,120,124,75.5,76.0
2013,2244,13,26.9,,116,WR,524,49.9,Roddy White,ATL,443,0,65.6,63.3
2013,6297,15,90.6,84.0,29,HB,237,87.0,Jacquizz Rodgers,ATL,11,0,74.7,83.5
2013,6158,5,23.1,,25,WR,211,58.7,Julio Jones,ATL,197,0,80.8,79.6
2013,1745,12,90.4,83.5,15,HB,172,43.7,Steven Jackson,ATL,1,0,69.9,52.0
2013,8418,10,25.0,,33,WR,292,38.9,Darius Johnson,ATL,275,0,55.2,52.4
2013,3860,14,88.5,68.6,18,HB,117,67.5,Jason Snelling,ATL,1,1,70.1,74.3
2013,6525,16,71.9,82.7,130,WR,233,61.8,Drew Davis,ATL,119,0,66.6,58.9
2013,7915,16,71.8,65.5,54,TE,81,79.6,Levine Toilolo,ATL,11,45,62.8,58.5
2013,6997,13,71.1,78.1,26,FB,65,54.5,Patrick DiMarco,ATL,5,3,75.9,57.7
2013,5440,6,70.9,61.8,5,HB,14,29.9,Antone Smith,ATL,2,1,68.5,43.2
2013,4959,1,,,0,WR,2,,Brian Robiskie,ATL,2,0,56.3,57.7
2013,7150,2,64.0,77.4,0,FB,2,68.3,Bradie Ewing,ATL,0,0,73.7,90.8
2013,5021,9,,,12,TE,23,,Chase Coffman,ATL,9,2,50.1,50.5
2013,5289,1,64.6,,0,HB,2,64.7,Josh Vaughan,ATL,0,0,59.2,62.5
2013,6889,6,61.2,,2,WR,13,64.7,Kevin Cone,ATL,11,0,69.0,62.8
2014,6158,15,34.8,,79,WR,585,63.5,Julio Jones,ATL,534,0,89.8,88.0
2014,2244,14,24.1,55.9,162,WR,590,47.3,Roddy White,ATL,457,1,68.5,69.3
2014,4398,12,82.6,67.3,262,WR,394,80.1,Harry Douglas,ATL,154,2,70.1,71.2
2014,3002,16,70.9,,237,WR,300,66.3,Devin Hester,ATL,78,0,64.3,66.0
2014,7915,16,28.5,69.5,296,TE,456,29.4,Levine Toilolo,ATL,69,203,53.8,44.4
2014,6297,16,62.6,91.6,10,HB,187,79.4,Jacquizz Rodgers,ATL,3,0,68.8,73.7
2014,8738,16,61.8,71.8,2,HB,125,77.8,Devonta Freeman,ATL,16,0,69.1,90.0
2014,1745,15,90.6,89.8,4,HB,136,71.5,Steven Jackson,ATL,4,0,76.8,69.4
2014,5440,10,29.7,67.4,1,HB,50,80.0,Antone Smith,ATL,7,0,78.3,91.3
2014,6997,16,70.6,81.1,23,FB,85,29.1,Patrick DiMarco,ATL,9,11,59.6,49.8
2014,4097,15,73.2,66.2,66,WR,110,78.7,Eric Weems,ATL,49,1,61.7,59.0
2014,2285,1,61.2,,0,WR,7,64.7,Courtney Roby,ATL,7,0,56.3,56.1
2014,5108,14,64.0,56.0,8,TE,42,68.3,Bear Pascoe,ATL,2,55,75.4,53.5
2014,9292,1,,,0,WR,2,,Freddie Martino,ATL,2,0,57.3,58.3
2015,6158,16,30.4,,186,WR,615,67.7,Julio Jones,ATL,469,2,92.5,92.1
2015,8738,15,59.3,72.8,16,HB,361,62.2,Devonta Freeman,ATL,46,0,68.1,70.9
2015,4441,15,80.3,49.0,201,TE,463,89.5,Jacob Tamme,ATL,60,229,66.9,68.2
2015,2244,16,82.1,75.6,94,WR,586,77.0,Roddy White,ATL,530,5,62.6,60.4
2015,9540,9,75.3,,159,WR,221,51.8,Justin Hardy,ATL,78,1,63.5,60.7
2015,8005,13,73.6,,92,WR,116,54.8,Nick Williams,ATL,33,0,65.0,66.8
2015,6997,16,73.6,57.4,1,FB,129,80.0,Patrick DiMarco,ATL,19,6,86.6,68.5
2015,9778,12,84.0,49.2,3,HB,51,77.3,Terron Ward,ATL,5,0,55.1,59.4
2015,7915,16,70.1,72.2,20,TE,133,76.5,Levine Toilolo,ATL,8,213,57.0,47.2
2015,9506,12,28.1,65.7,5,HB,86,27.0,Tevin Coleman,ATL,18,0,41.1,29.6
2015,5617,8,65.8,77.4,2,TE,22,36.8,Tony Moeaki,ATL,2,24,58.3,65.9
2015,4097,3,86.5,,2,WR,7,64.7,Eric Weems,ATL,5,0,71.7,68.4
2016,6158,17,83.6,62.3,159,WR,540,67.6,Julio Jones,ATL,412,0,93.5,93.4
2016,7084,18,52.6,73.8,343,WR,542,87.8,Mohamed Sanu,ATL,228,8,80.0,76.8
2016,8738,19,87.1,56.5,26,HB,345,78.8,Devonta Freeman,ATL,41,1,76.4,76.4
2016,9002,16,36.3,62.4,65,WR,300,76.0,Taylor Gabriel,ATL,256,0,85.9,85.9
2016,9506,16,76.8,63.1,12,HB,201,66.5,Tevin Coleman,ATL,31,1,74.6,85.9
2016,10715,17,77.0,82.2,78,TE,264,54.2,Austin Hooper,ATL,31,199,68.5,66.6
2016,6330,19,75.7,,36,WR,165,59.5,Aldrick Robinson,ATL,137,1,73.9,71.0
2016,9540,18,77.7,84.7,52,WR,201,85.3,Justin Hardy,ATL,163,2,75.9,73.8
2016,4441,8,75.0,67.1,68,TE,186,85.1,Jacob Tamme,ATL,22,112,70.4,71.9
2016,7915,19,74.4,66.6,19,TE,216,68.5,Levine Toilolo,ATL,17,289,66.1,60.2
2016,6997,19,80.3,47.4,3,FB,125,78.0,Patrick DiMarco,ATL,19,0,71.2,60.2
2016,8005,2,68.0,,12,WR,12,73.4,Nick Williams,ATL,0,0,93.6,92.2
2016,11051,10,65.8,73.6,16,TE,44,36.2,Joshua Perkins,ATL,4,27,46.8,52.7
2016,9778,5,79.8,76.2,1,HB,26,28.9,Terron Ward,ATL,1,0,60.7,41.3
2016,9167,2,61.2,75.8,0,TE,6,64.7,D.J. Tialavea,ATL,0,11,87.9,76.9
2017,6158,18,84.1,,125,WR,539,58.0,Julio Jones,ATL,436,0,91.8,91.5
2017,7084,17,82.2,69.9,351,WR,512,65.1,Mohamed Sanu,ATL,181,3,77.2,75.8
2017,10715,18,79.7,62.0,185,TE,439,53.7,Austin Hooper,ATL,56,280,61.7,58.5
2017,9002,18,79.2,,58,WR,362,80.4,Taylor Gabriel,ATL,323,0,63.7,64.0
2017,8738,15,49.2,67.5,19,HB,303,46.1,Devonta Freeman,ATL,37,0,68.9,60.5
2017,9506,17,79.7,77.2,25,HB,222,49.8,Tevin Coleman,ATL,31,1,70.1,71.6
2017,9540,18,25.2,70.2,89,WR,239,60.3,Justin Hardy,ATL,154,8,59.6,59.1
2017,7915,17,72.3,66.5,14,TE,131,63.2,Levine Toilolo,ATL,9,185,67.3,57.7
2017,11440,8,64.0,,11,WR,29,29.9,Marvin Hall,ATL,23,0,61.3,60.5
2017,7377,18,67.8,58.8,4,FB,63,30.0,Derrick Coleman,ATL,9,0,48.4,45.1
2017,8005,3,65.8,,24,WR,24,28.0,Nick Williams,ATL,1,0,60.3,57.8
2017,9778,5,29.6,83.1,1,HB,34,36.8,Terron Ward,ATL,5,0,62.2,48.8
2017,5612,8,41.9,,6,WR,21,64.7,Andre Roberts,ATL,15,0,62.7,59.5
2017,9492,7,,40.5,0,T,2,,Ty Sambrailo,ATL,0,10,56.9,54.4
2018,6158,16,38.6,,126,WR,572,71.9,Julio Jones,ATL,479,0,90.9,90.7
2018,7084,16,31.2,,451,WR,565,90.3,Mohamed Sanu,ATL,144,2,71.6,70.7
2018,48262,16,24.6,,118,WR,465,48.5,Calvin Ridley,ATL,371,1,68.8,70.5
2018,10715,16,81.4,71.2,214,TE,492,87.3,Austin Hooper,ATL,83,269,67.8,67.1
2018,9506,16,63.6,60.8,21,HB,296,69.5,Tevin Coleman,ATL,32,1,65.7,60.6
2018,45932,13,67.0,55.6,12,HB,164,76.1,Ito Smith,ATL,18,0,68.8,68.9
2018,9540,16,86.4,,54,WR,115,64.4,Justin Hardy,ATL,61,6,60.5,58.4
2018,11440,16,83.1,,17,WR,117,78.0,Marvin Hall,ATL,105,0,55.9,56.8
2018,44771,8,68.8,,3,WR,32,29.8,Russell Gage,ATL,29,0,58.3,58.8
2018,11929,16,68.0,76.3,21,TE,67,29.3,Eric Saubert,ATL,7,60,51.6,40.3
2018,5795,15,70.6,70.9,7,TE,87,77.3,Logan Paulsen,ATL,2,154,62.0,64.4
2018,8738,2,76.5,51.9,7,HB,36,46.3,Devonta Freeman,ATL,3,0,52.1,48.4
2018,47053,12,65.8,79.8,0,FB,45,70.5,Ricky Ortiz,ATL,5,0,62.6,56.6
2018,11911,5,26.5,46.9,2,HB,28,64.7,Brian Hill,ATL,3,0,70.1,56.1
2018,1811,1,17.7,,0,QB,0,,Matt Schaub,ATL,0,0,40.1,
2018,4317,16,44.1,,0,QB,2,64.7,Matt Ryan,ATL,1,0,84.3,89.4
2019,6158,15,58.3,,135,WR,572,85.8,Julio Jones,ATL,475,0,90.6,90.3
2019,10715,13,81.8,65.0,234,TE,478,88.9,Austin Hooper,ATL,45,265,78.3,80.5
2019,48262,13,47.0,,65,WR,511,78.4,Calvin Ridley,ATL,488,0,74.9,74.8
2019,44771,16,40.3,,270,WR,378,78.8,Russell Gage,ATL,132,0,66.3,66.4
2019,8738,14,57.6,67.8,10,HB,337,90.0,Devonta Freeman,ATL,22,0,60.8,69.5
2019,9540,15,74.1,69.2,60,WR,111,69.9,Justin Hardy,ATL,57,0,67.3,66.2
2019,47900,9,71.9,,55,WR,222,79.4,Christian Blake,ATL,177,0,51.3,52.4
2019,45932,7,80.1,28.7,2,HB,80,80.0,Ito Smith,ATL,11,0,59.9,63.2
2019,6256,15,18.5,59.0,7,TE,106,54.5,Luke Stocker,ATL,7,183,63.0,35.0
2019,11911,10,86.4,16.3,1,HB,108,58.5,Brian Hill,ATL,5,0,58.9,51.8
2019,31849,12,70.6,72.3,64,TE,120,77.3,Jaeden Graham,ATL,12,57,65.4,60.0
2019,7963,10,58.2,17.2,8,HB,54,74.6,Kenjon Barner,ATL,16,0,60.6,57.5
2019,44920,9,65.8,,14,WR,39,70.5,Olamide Zaccheaus,ATL,26,0,71.5,72.3
2019,45934,4,26.7,78.8,2,HB,29,64.7,Qadree Ollison,ATL,3,0,55.6,50.5
2019,9302,16,70.3,48.5,0,FB,54,64.7,Keith Smith,ATL,11,4,58.2,51.0
2019,9492,10,61.2,46.1,0,T,1,64.7,Ty Sambrailo,ATL,0,12,54.2,90.2
2019,46912,16,61.2,52.8,0,T,1,64.7,Kaleb McGary,ATL,0,0,53.0,61.9
2020,48262,15,56.3,,68,WR,562,66.9,Calvin Ridley,ATL,524,1,84.9,84.7
2020,44771,16,81.8,68.2,372,WR,517,58.0,Russell Gage,ATL,176,0,76.4,73.7
2020,47294,16,80.1,30.5,286,TE,528,82.3,Hayden Hurst,ATL,47,255,58.9,62.8
2020,6158,9,79.3,,71,WR,296,72.2,Julio Jones,ATL,243,0,86.3,84.9
2020,9443,15,66.6,50.8,3,HB,229,54.0,Todd Gurley II,ATL,5,0,54.8,44.0
2020,44920,11,74.8,,30,WR,177,58.1,Olamide Zaccheaus,ATL,154,0,68.6,70.1
2020,11911,16,48.2,43.5,1,HB,165,44.0,Brian Hill,ATL,4,0,57.9,39.4
2020,45932,14,57.5,57.2,14,HB,139,67.7,Ito Smith,ATL,12,0,59.0,43.0
2020,47900,15,72.3,,29,WR,143,63.5,Christian Blake,ATL,127,0,51.3,53.3
2020,48036,13,32.8,,111,WR,130,80.6,Brandon Powell,ATL,25,0,56.7,55.9
2020,9302,16,74.0,65.1,1,FB,65,45.7,Keith Smith,ATL,1,10,68.6,60.0
2020,6256,16,69.5,38.3,5,TE,115,52.5,Luke Stocker,ATL,1,206,48.1,44.4
2020,10657,4,68.8,,8,WR,40,74.6,Laquon Treadwell,ATL,33,0,68.5,68.0
2020,31849,14,67.9,32.4,24,TE,51,70.5,Jaeden Graham,ATL,8,24,45.1,48.7
2021,83964,17,81.2,69.7,241,TE,508,80.3,Kyle Pitts,ATL,188,120,80.3,82.3
2021,44771,14,26.5,,202,WR,392,66.5,Russell Gage,ATL,203,1,75.2,76.5
2021,7810,16,80.1,53.0,53,HB,245,90.6,Cordarrelle Patterson,ATL,93,9,81.3,91.4
2021,9559,17,29.5,43.2,14,HB,313,69.9,Mike Davis,ATL,23,11,56.1,48.5
2021,48262,5,76.8,,44,WR,197,59.9,Calvin Ridley,ATL,165,0,64.2,64.9
2021,44920,17,79.9,56.6,177,WR,373,58.7,Olamide Zaccheaus,ATL,218,5,63.4,62.0
2021,10774,15,75.7,,106,WR,325,64.3,Tajae Sharpe,ATL,233,2,54.4,55.0
2021,47294,13,15.1,32.5,107,TE,220,86.1,Hayden Hurst,ATL,43,116,55.3,57.4
2021,9302,16,76.3,65.9,11,FB,56,56.7,Keith Smith,ATL,7,20,61.8,61.5
2021,6311,16,70.6,55.6,4,TE,41,77.3,Lee Smith,ATL,1,116,70.1,73.5
2021,47900,10,67.0,,10,WR,56,42.1,Christian Blake,ATL,52,0,54.8,54.1
2021,48369,8,68.0,77.4,21,TE,47,73.4,Parker Hesse,ATL,7,33,67.4,61.5
2021,45934,6,27.0,28.6,0,HB,22,42.1,Qadree Ollison,ATL,2,0,56.6,46.5
2021,40988,3,61.2,,1,WR,12,64.7,Frank Darby,ATL,11,0,74.0,70.1
2021,11440,2,61.2,,4,WR,6,64.7,Marvin Hall,ATL,2,0,71.4,70.1
2022,86519,17,23.3,,95,WR,419,88.0,Drake London,ATL,344,0,83.2,85.3
2022,44920,17,30.0,69.4,235,WR,362,82.3,Olamide Zaccheaus,ATL,150,0,64.6,67.4
2022,83964,10,76.3,70.9,106,TE,211,76.7,Kyle Pitts,ATL,66,61,72.7,76.6
2022,7810,13,76.5,59.5,31,HB,170,72.1,Cordarrelle Patterson,ATL,38,1,81.0,65.6
2022,9964,14,72.3,,22,WR,167,63.5,Damiere Byrd,ATL,152,0,66.6,66.2
2022,9576,13,73.3,75.8,17,TE,77,67.0,MyCole Pruitt,ATL,6,103,75.9,80.9
2022,26104,16,72.7,,16,WR,79,64.4,KhaDarel Hodge,ATL,67,0,77.0,76.4
2022,83639,16,90.8,56.7,4,HB,177,82.7,Tyler Allgeier,ATL,14,2,86.7,61.6
2022,42873,15,65.6,22.4,19,HB,67,80.6,Avery Williams,ATL,8,3,61.1,66.5
2022,51837,11,70.6,80.3,75,TE,98,77.3,Anthony Firkser,ATL,17,15,59.1,58.7
2022,48369,17,70.6,70.9,46,TE,134,77.3,Parker Hesse,ATL,14,170,61.2,55.7
2022,28486,7,65.8,,11,WR,52,70.5,Bryan Edwards,ATL,42,0,50.7,50.8
2022,57156,11,57.3,39.9,1,HB,29,68.3,Caleb Huntley,ATL,1,0,86.9,53.4
2022,40217,8,61.9,74.3,12,QB,23,,Feleipe Franks,ATL,8,4,47.5,46.0
2022,9302,16,70.5,56.0,5,FB,36,64.7,Keith Smith,ATL,8,14,53.8,51.5
2022,61359,2,,,4,WR,5,,Josh Ali,ATL,1,0,55.6,56.2
2022,40988,4,61.2,,4,WR,21,64.7,Frank Darby,ATL,19,0,62.0,59.2
2023,86519,16,81.4,,134,WR,485,74.8,Drake London,ATL,377,0,78.9,78.9
2023,83964,17,79.7,77.6,290,TE,466,80.7,Kyle Pitts,ATL,131,74,68.1,72.7
2023,123126,17,37.8,56.8,93,HB,421,63.4,Bijan Robinson,ATL,55,2,69.1,61.5
2023,11855,17,37.5,75.4,232,TE,375,57.3,Jonnu Smith,ATL,60,134,59.1,63.5
2023,47447,17,75.0,,157,WR,376,47.8,Van Jefferson,ATL,238,0,50.1,51.9
2023,11873,13,73.9,66.1,44,WR,161,82.7,Mack Hollins,ATL,123,1,64.6,64.8
2023,26104,17,22.4,68.1,49,WR,183,49.6,KhaDarel Hodge,ATL,142,0,62.4,64.9
2023,83639,17,90.6,90.3,1,HB,108,83.2,Tyler Allgeier,ATL,3,1,82.9,81.0
2023,47481,17,74.1,,65,WR,128,78.7,Scott Miller,ATL,68,0,64.4,63.4
2023,9576,17,19.2,64.2,15,TE,63,77.3,MyCole Pruitt,ATL,4,130,59.4,76.7
2023,7810,14,53.3,78.3,18,HB,85,58.5,Cordarrelle Patterson,ATL,40,2,62.7,56.3
2023,9302,13,67.9,57.8,4,FB,23,70.5,Keith Smith,ATL,6,3,47.2,59.2
2023,9964,1,,,1,WR,12,,Damiere Byrd,ATL,11,0,51.7,52.0
2023,55086,15,27.6,61.3,0,QB,1,,Desmond Ridder,ATL,0,0,51.9,57.6
2023,52286,6,61.2,54.7,0,TE,9,64.7,Tucker Fisk,ATL,1,2,52.0,63.9
2023,83974,2,61.2,,4,TE,6,64.7,John FitzPatrick,ATL,1,2,63.7,68.7
2024,86519,10,80.2,72.7,141,WR,321,82.4,Drake London,ATL,209,1,80.9,81.8
2024,48236,10,79.0,,152,WR,347,62.4,Darnell Mooney,ATL,215,0,75.6,75.7
2024,83964,10,77.8,31.2,127,TE,281,80.4,Kyle Pitts,ATL,73,123,63.7,70.0
2024,47895,10,21.7,80.9,166,WR,333,90.0,Ray-Ray McCloud III,ATL,202,0,59.4,58.7
2024,123126,10,90.4,53.8,17,HB,222,84.3,Bijan Robinson,ATL,14,0,91.6,89.8
2024,83639,10,87.1,51.3,3,HB,64,76.5,Tyler Allgeier,ATL,3,0,84.9,65.7
2024,26104,8,65.8,,20,WR,46,70.5,KhaDarel Hodge,ATL,29,0,59.7,64.8
2024,42257,10,64.0,68.0,14,TE,43,68.3,Charlie Woerner,ATL,8,46,67.8,51.8
2024,101710,1,61.2,,0,WR,1,64.7,Casey Washington,ATL,1,0,83.1,77.9
2006,801,17,50.8,64.7,151,TE,518,90.5,Todd Heap,BLT,43,405,78.0,80.1
2006,2239,17,82.6,,220,WR,492,76.5,Mark Clayton,BLT,280,2,73.2,74.0
2006,271,17,58.9,,77,WR,564,87.0,Derrick Mason,BLT,508,4,73.9,74.4
2006,3056,17,75.1,,28,WR,245,50.6,Demetrius Williams,BLT,226,2,67.5,65.8
2006,1002,15,18.5,58.7,28,TE,134,62.2,Daniel Wilcox,BLT,11,107,65.6,66.9
2006,583,17,69.7,72.4,13,HB,195,59.2,Jamal Lewis,BLT,5,1,56.7,52.7
2006,1392,12,46.9,56.9,5,HB,97,84.5,Musa Smith,BLT,8,0,59.0,75.1
2006,1445,17,31.5,86.7,9,FB,106,87.0,Ovie Mughelli,BLT,10,0,83.6,67.5
2006,693,14,45.1,57.7,6,HB,76,60.2,Mike Anderson,BLT,6,1,58.7,54.0
2006,1915,8,64.0,74.4,11,WR,23,68.3,Clarence Moore,BLT,12,3,62.2,57.6
2006,2375,8,67.0,57.1,0,FB,24,72.1,Justin Green,BLT,1,0,48.4,65.6
2006,3111,16,64.0,77.2,5,TE,59,68.3,Quinn Sypniewski,BLT,1,83,49.3,36.5
2006,3487,1,,,0,HB,1,,Cory Ross,BLT,0,0,60.0,60.0
2007,271,16,58.5,,385,WR,596,81.3,Derrick Mason,BLT,230,4,79.8,80.1
2007,2239,16,79.3,,62,WR,514,57.0,Mark Clayton,BLT,469,4,63.2,61.2
2007,1339,15,68.3,84.8,6,HB,166,75.5,Willis McGahee,BLT,8,1,70.7,77.4
2007,3111,15,28.9,62.7,87,TE,272,71.6,Quinn Sypniewski,BLT,3,229,65.0,60.8
2007,3056,9,74.4,,22,WR,253,70.5,Demetrius Williams,BLT,238,1,66.4,65.7
2007,1803,13,74.1,,25,WR,219,33.8,Devard Darling,BLT,204,1,65.2,64.5
2007,801,6,75.3,82.2,33,TE,160,73.5,Todd Heap,BLT,9,137,79.6,84.0
2007,1392,16,62.8,74.8,4,HB,135,76.0,Musa Smith,BLT,8,0,62.7,66.4
2007,3753,16,24.1,74.8,3,FB,89,39.5,Le'Ron McClain,BLT,4,2,58.0,30.0
2007,1002,5,68.8,83.4,25,TE,74,49.2,Daniel Wilcox,BLT,1,55,50.7,43.7
2007,3542,6,65.8,80.4,3,TE,32,36.8,Lee Vickers,BLT,0,35,54.0,44.3
2007,693,6,24.8,80.6,0,HB,18,72.1,Mike Anderson,BLT,3,0,55.5,65.6
2007,3690,5,64.6,,10,WR,11,64.7,Yamon Figurs,BLT,2,0,73.9,71.6
2007,2375,7,64.0,85.7,0,FB,12,68.3,Justin Green,BLT,0,1,72.2,67.2
2007,1335,12,69.2,,0,QB,1,,Kyle Boller,BLT,0,0,59.8,58.4
2007,4283,4,61.2,,5,WR,14,64.7,Matt Willis,BLT,9,0,53.1,53.8
2008,271,19,46.0,,262,WR,522,73.5,Derrick Mason,BLT,287,0,89.0,90.0
2008,2239,19,80.3,68.4,162,WR,514,90.3,Mark Clayton,BLT,378,1,69.8,67.8
2008,801,19,30.1,72.6,129,TE,411,30.0,Todd Heap,BLT,38,312,71.0,58.9
2008,4369,14,71.2,51.3,9,HB,157,73.3,Ray Rice,BLT,7,0,54.3,75.3
2008,1339,16,45.5,74.2,5,HB,164,46.5,Willis McGahee,BLT,6,0,45.6,34.5
2008,3753,19,41.8,79.3,9,HB,169,28.6,Le'Ron McClain,BLT,9,26,43.3,30.2
2008,3056,7,72.3,,6,WR,114,63.2,Demetrius Williams,BLT,113,0,58.2,58.0
2008,47,18,76.9,36.0,1,FB,58,57.0,Lorenzo Neal,BLT,3,11,71.5,55.0
2008,3690,8,61.2,,23,WR,72,64.7,Yamon Figurs,BLT,55,0,59.0,58.4
2008,1002,15,68.8,78.0,4,TE,35,74.6,Daniel Wilcox,BLT,5,44,75.1,73.5
2008,4420,8,61.2,,38,WR,115,28.9,Marcus Smith,BLT,85,0,46.4,47.6
2008,3790,3,75.3,60.9,0,QB,1,67.6,Troy Smith,BLT,0,0,74.1,94.8
2008,4332,19,73.2,,0,QB,5,64.7,Joe Flacco,BLT,4,0,65.2,93.0
2008,4280,1,61.2,,0,ED,1,64.7,Edgar Jones,BLT,0,1,85.8,90.4
2008,2016,6,,,3,WR,14,,Terrance Copper,BLT,12,0,64.9,61.2
2009,271,18,82.2,,89,WR,573,62.9,Derrick Mason,BLT,517,0,77.2,77.5
2009,4369,18,71.5,84.4,18,HB,420,68.2,Ray Rice,BLT,23,0,73.1,81.2
2009,801,18,80.2,80.4,230,TE,455,76.1,Todd Heap,BLT,21,261,80.6,74.6
2009,2239,16,31.5,,101,WR,490,66.3,Mark Clayton,BLT,412,0,63.4,61.5
2009,1380,17,77.5,,311,WR,345,71.1,Kelley Washington,BLT,55,0,71.0,68.5
2009,3753,18,84.4,55.4,5,FB,174,61.2,Le'Ron McClain,BLT,5,24,62.0,57.4
2009,1339,17,72.7,72.4,3,HB,63,69.0,Willis McGahee,BLT,2,0,61.6,75.8
2009,3056,13,70.6,,24,WR,114,57.0,Demetrius Williams,BLT,100,0,71.9,71.1
2009,1376,10,64.0,74.2,8,TE,32,68.3,L.J. Smith,BLT,3,24,66.7,53.4
2009,4280,3,61.2,52.2,2,TE,8,64.7,Edgar Jones,BLT,0,7,54.7,51.1
2009,4946,18,62.3,73.9,0,T,18,67.6,Michael Oher,BLT,0,20,78.5,37.2
2009,4887,1,69.4,,0,HB,2,64.7,Matt Lawrence,BLT,0,0,45.3,64.4
2009,4529,2,,,3,WR,25,,Justin Harper,BLT,23,0,53.1,50.3
2010,1369,18,49.8,70.5,374,WR,594,74.8,Anquan Boldin,BLT,255,0,71.7,72.0
2010,271,18,80.7,,40,WR,538,71.7,Derrick Mason,BLT,531,0,74.8,75.8
2010,4369,18,90.1,36.5,4,HB,364,90.5,Ray Rice,BLT,20,0,68.6,87.7
2010,801,15,79.8,57.1,180,TE,369,74.5,Todd Heap,BLT,42,210,78.7,81.0
2010,921,18,77.3,,83,WR,384,33.4,T.J. Houshmandzadeh,BLT,326,0,67.5,67.4
2010,3753,17,81.4,50.7,3,FB,126,71.9,Le'Ron McClain,BLT,12,11,62.3,58.6
2010,5595,17,72.3,58.9,37,TE,134,47.7,Ed Dickson,BLT,8,142,54.0,54.1
2010,1339,17,51.2,54.9,1,HB,96,82.7,Willis McGahee,BLT,5,0,59.0,75.8
2010,1020,9,19.4,,5,WR,30,68.3,Donte' Stallworth,BLT,27,0,61.1,70.3
2010,5638,7,61.2,77.3,4,TE,23,64.7,Dennis Pitta,BLT,0,29,63.2,56.8
2010,5679,3,61.9,,3,WR,5,,David Reed,BLT,2,0,61.4,55.8
2011,1369,16,47.6,,293,WR,593,40.0,Anquan Boldin,BLT,330,0,73.6,72.9
2011,4369,18,74.0,61.3,13,HB,412,73.9,Ray Rice,BLT,36,0,75.7,86.3
2011,6210,18,41.7,66.4,46,WR,590,40.8,Torrey Smith,BLT,577,0,68.7,67.7
2011,5595,18,80.2,59.2,274,TE,496,50.3,Ed Dickson,BLT,14,261,66.2,63.3
2011,5638,18,79.0,67.6,191,TE,325,90.4,Dennis Pitta,BLT,20,125,76.8,80.7
2011,1734,11,70.1,,13,WR,210,35.3,Lee Evans,BLT,204,0,57.9,57.1
2011,2100,18,78.6,82.1,2,FB,145,56.9,Vonta Leach,BLT,11,0,76.4,52.4
2011,440,18,51.4,53.0,2,HB,85,51.2,Ricky Williams,BLT,5,0,64.5,58.8
2011,6511,7,67.0,65.7,13,WR,92,72.1,LaQuan Williams,BLT,88,0,55.4,57.7
2011,5679,3,61.9,,1,WR,15,,David Reed,BLT,14,0,56.3,53.1
2011,1782,7,61.2,69.5,0,TE,5,64.7,Kris Wilson,BLT,0,8,68.7,76.1
2011,6275,3,,,8,WR,14,,Tandon Doss,BLT,8,0,52.8,52.4
2011,4332,18,46.4,,0,QB,1,,Joe Flacco,BLT,0,0,65.3,60.0
2012,1369,19,82.9,,449,WR,656,87.4,Anquan Boldin,BLT,255,1,84.2,85.4
2012,6210,20,81.0,,52,WR,659,51.9,Torrey Smith,BLT,653,0,75.6,76.3
2012,5638,20,81.7,62.1,335,TE,491,71.6,Dennis Pitta,BLT,26,173,78.5,79.3
2012,4369,20,68.4,71.3,18,HB,410,81.1,Ray Rice,BLT,29,1,73.7,82.7
2012,3689,20,77.8,,24,WR,352,63.7,Jacoby Jones,BLT,351,0,72.5,70.6
2012,5595,17,75.9,56.3,74,TE,237,55.4,Ed Dickson,BLT,6,229,61.0,63.0
2012,2100,20,34.1,63.0,10,FB,137,66.6,Vonta Leach,BLT,11,8,83.4,60.0
2012,6275,18,69.5,,37,WR,153,31.8,Tandon Doss,BLT,130,0,57.2,55.3
2012,7085,19,90.2,58.1,6,HB,86,54.9,Bernard Pierce,BLT,1,0,88.3,61.2
2012,5679,2,68.0,,1,WR,45,73.4,David Reed,BLT,46,0,63.5,63.0
2012,7513,2,68.0,,31,WR,42,73.4,Deonte Thompson,BLT,12,0,64.5,62.8
2012,6377,6,76.2,77.9,5,HB,26,27.3,Anthony Allen,BLT,1,0,54.4,39.9
2012,2466,10,,76.1,0,TE,23,,Billy Bajema,BLT,0,30,51.9,42.2
2013,6210,16,80.8,,66,WR,668,66.8,Torrey Smith,BLT,641,0,70.5,70.6
2013,8179,14,79.4,,331,WR,516,51.0,Marlon Brown,BLT,211,0,65.7,64.9
2013,4369,15,72.0,63.8,16,HB,331,75.9,Ray Rice,BLT,27,0,54.6,63.6
2013,3689,12,88.3,,32,WR,361,90.0,Jacoby Jones,BLT,345,0,69.3,69.6
2013,1340,12,76.8,69.6,219,TE,271,50.9,Dallas Clark,BLT,13,42,61.1,62.4
2013,5595,16,80.6,74.4,66,TE,232,34.9,Ed Dickson,BLT,2,227,63.1,65.4
2013,6275,14,87.4,,188,WR,205,37.1,Tandon Doss,BLT,33,1,62.8,61.7
2013,5638,4,74.4,83.3,106,TE,127,46.8,Dennis Pitta,BLT,6,20,62.3,63.1
2013,7085,16,75.6,72.4,4,HB,150,73.0,Bernard Pierce,BLT,10,0,67.9,63.2
2013,498,6,72.3,,87,WR,102,80.0,Brandon Stokley,BLT,19,0,69.0,67.4
2013,7513,6,76.2,,7,WR,99,78.7,Deonte Thompson,BLT,96,1,61.3,62.2
2013,2100,14,81.7,69.0,2,FB,42,61.5,Vonta Leach,BLT,1,5,56.4,60.6
2013,2466,4,64.0,75.5,1,TE,9,68.3,Billy Bajema,BLT,0,14,56.7,73.8
2013,5133,2,70.0,73.0,0,HB,7,68.3,Bernard Scott,BLT,0,0,56.7,64.0
2013,6332,2,73.5,,2,QB,2,64.7,Tyrod Taylor,BLT,1,0,61.1,76.1
2013,7912,3,,,3,FB,3,,Kyle Juszczyk,BLT,1,0,55.6,56.6
2014,837,18,35.3,,99,WR,555,62.0,Steve Smith,BLT,501,1,79.0,77.6
2014,6210,18,79.9,,114,WR,528,29.4,Torrey Smith,BLT,458,0,71.5,70.7
2014,3043,17,80.1,57.9,106,TE,472,68.9,Owen Daniels,BLT,7,449,73.8,78.6
2014,4547,18,76.9,84.7,21,HB,346,78.9,Justin Forsett,BLT,30,0,72.0,64.1
2014,8179,16,76.5,,202,WR,269,87.6,Marlon Brown,BLT,80,1,71.1,69.0
2014,6671,17,75.7,18.7,66,WR,172,64.3,Kamar Aiken,BLT,117,4,69.8,71.1
2014,7912,18,15.2,57.5,26,FB,161,86.3,Kyle Juszczyk,BLT,19,25,70.4,47.3
2014,5638,3,73.8,61.3,37,TE,90,68.5,Dennis Pitta,BLT,2,67,67.9,70.9
2014,3689,16,75.8,,88,WR,123,26.4,Jacoby Jones,BLT,44,0,53.8,52.0
2014,8734,16,80.0,68.4,10,TE,127,48.0,Crockett Gillmore,BLT,3,185,74.7,70.1
2014,8852,5,74.7,,37,WR,48,78.7,Michael Campanaro,BLT,13,0,86.3,83.0
2014,8773,10,56.1,79.4,0,HB,41,54.5,Lorenzo Taliaferro,BLT,1,1,63.0,64.0
2014,9244,4,74.8,83.0,3,HB,16,72.1,Fitzgerald Toussaint,BLT,0,0,53.8,60.8
2014,7085,13,63.0,50.9,1,HB,38,68.3,Bernard Pierce,BLT,1,0,51.9,54.7
2014,7324,4,66.3,29.2,2,TE,11,72.4,Phillip Supernaw,BLT,1,13,69.6,81.4
2015,6671,16,50.4,66.5,129,WR,587,77.8,Kamar Aiken,BLT,487,5,78.5,77.8
2015,837,7,79.9,,82,WR,231,64.8,Steve Smith,BLT,166,1,90.3,89.9
2015,9558,15,60.0,42.4,8,HB,199,76.6,Javorius Allen,BLT,8,0,58.0,80.7
2015,7096,15,76.3,,49,WR,306,37.3,Chris Givens,BLT,269,0,59.5,60.6
2015,7912,16,82.1,91.0,19,FB,200,67.1,Kyle Juszczyk,BLT,13,25,63.6,71.5
2015,9488,14,77.0,55.9,105,TE,279,78.9,Maxx Williams,BLT,26,185,62.8,61.7
2015,8734,10,77.2,61.1,68,TE,254,70.6,Crockett Gillmore,BLT,7,263,75.9,80.0
2015,9080,8,27.7,67.8,174,WR,264,68.1,Jeremy Butler,BLT,99,0,64.9,63.3
2015,4547,10,90.4,59.2,13,HB,219,78.4,Justin Forsett,BLT,12,0,64.3,55.7
2015,8179,10,72.7,75.0,118,WR,239,29.3,Marlon Brown,BLT,135,1,50.1,47.7
2015,6820,13,72.3,,37,WR,148,63.2,Chris Matthews,BLT,114,1,63.0,65.2
2015,9604,11,74.1,76.8,29,TE,117,83.2,Nick Boyle,BLT,7,128,74.9,75.7
2015,10144,5,69.5,,44,WR,58,75.6,Daniel Brown,BLT,17,1,64.7,64.2
2015,9637,3,64.0,,14,WR,29,68.3,Darren Waller,BLT,14,0,52.9,57.3
2015,8852,4,77.3,,24,WR,32,73.4,Michael Campanaro,BLT,11,0,69.6,61.8
2015,8773,3,76.0,87.4,1,HB,17,74.6,Lorenzo Taliaferro,BLT,1,0,77.1,87.3
2015,8729,8,28.7,31.9,0,HB,43,72.1,Terrance West,BLT,1,0,54.3,55.8
2015,9864,1,68.6,76.4,0,HB,6,64.7,Terrence Magee,BLT,0,0,64.2,59.9
2016,5638,16,53.8,33.8,362,TE,538,76.2,Dennis Pitta,BLT,36,207,61.8,62.6
2016,5007,16,82.2,,119,WR,585,64.9,Mike Wallace,BLT,496,2,70.2,70.9
2016,837,14,81.5,,171,WR,461,81.9,Steve Smith,BLT,320,1,74.5,75.4
2016,9459,16,77.4,,40,WR,326,36.1,Breshad Perriman,BLT,308,0,64.2,63.4
2016,6671,16,76.6,73.9,304,WR,395,68.1,Kamar Aiken,BLT,119,2,60.5,57.8
2016,7912,16,79.2,91.0,32,FB,242,82.8,Kyle Juszczyk,BLT,29,10,75.6,71.1
2016,10768,12,66.9,39.9,5,HB,127,48.7,Kenneth Dixon,BLT,13,0,72.5,52.1
2016,8729,16,67.9,67.3,2,HB,155,79.9,Terrance West,BLT,17,0,73.9,79.3
2016,10741,11,24.7,,54,WR,94,35.3,Chris Moore,BLT,47,0,50.3,52.8
2016,9637,12,71.1,61.7,53,TE,110,41.8,Darren Waller,BLT,23,58,52.8,55.0
2016,8734,7,70.1,64.5,21,TE,90,76.5,Crockett Gillmore,BLT,3,108,63.4,54.9
2016,9604,6,70.1,67.9,29,TE,17,74.6,Nick Boyle,BLT,2,21,70.8,63.1
2016,9558,4,74.0,38.8,2,HB,18,42.1,Javorius Allen,BLT,2,0,58.5,62.5
2016,8773,1,67.4,78.7,0,HB,6,70.5,Lorenzo Taliaferro,BLT,0,0,63.4,68.1
2016,10764,9,,66.8,1,G,1,27.9,Alex Lewis,BLT,0,3,60.2,41.4
2016,8852,3,75.1,,4,WR,9,27.9,Michael Campanaro,BLT,4,1,60.6,41.3
2017,5007,15,79.6,,66,WR,455,72.5,Mike Wallace,BLT,408,2,69.0,69.0
2017,1753,16,43.4,72.8,190,TE,417,70.7,Benjamin Watson,BLT,34,228,60.7,62.5
2017,4942,12,78.1,66.2,189,WR,308,74.3,Jeremy Maclin,BLT,133,1,69.1,68.9
2017,9558,16,90.4,66.3,7,HB,218,77.3,Javorius Allen,BLT,15,1,68.7,71.0
2017,4914,8,80.0,66.2,27,HB,113,88.7,Danny Woodhead,BLT,21,0,71.7,73.9
2017,9604,15,76.3,66.2,58,TE,216,87.3,Nick Boyle,BLT,25,209,65.4,61.7
2017,10741,12,79.9,,61,WR,242,43.5,Chris Moore,BLT,185,0,59.0,59.2
2017,10805,15,43.9,39.4,4,HB,108,40.2,Alex Collins,BLT,6,0,83.4,38.8
2017,9459,11,71.1,,25,WR,215,28.1,Breshad Perriman,BLT,199,0,45.1,43.4
2017,8852,13,56.2,,152,WR,179,58.1,Michael Campanaro,BLT,27,0,60.7,59.0
2017,9488,11,23.3,82.5,18,TE,81,81.1,Maxx Williams,BLT,8,67,67.9,61.7
2017,7511,4,78.5,77.9,1,HB,24,74.6,Bobby Rainey Jr.,BLT,1,0,65.8,72.4
2017,6820,5,65.8,,10,WR,32,36.8,Chris Matthews,BLT,23,0,54.0,53.8
2017,7351,2,69.0,,9,WR,46,72.1,Griff Whalen,BLT,39,0,55.6,55.4
2017,48862,14,67.0,80.9,0,FB,17,41.6,Patrick Ricard,BLT,0,2,88.6,51.9
2017,8729,5,38.2,80.1,1,HB,17,36.8,Terrance West,BLT,1,0,51.1,62.8
2017,9556,5,69.4,,2,TE,7,,Vince Mayle,BLT,0,2,55.3,52.5
2018,4933,17,80.0,,75,WR,534,29.4,Michael Crabtree,BLT,498,1,63.3,62.0
2018,8999,17,81.6,66.2,427,WR,472,63.3,Willie Snead IV,BLT,75,6,67.5,66.9
2018,8726,17,79.2,,126,WR,509,39.7,John Brown,BLT,416,2,64.5,65.1
2018,47436,17,77.6,39.2,185,TE,297,55.3,Mark Andrews,BLT,38,90,73.5,75.5
2018,9558,13,53.5,59.8,20,HB,184,71.4,Javorius Allen,BLT,29,1,62.8,62.7
2018,9527,14,29.1,63.4,15,HB,165,75.5,Ty Montgomery,BLT,22,3,67.7,68.5
2018,9604,17,75.5,68.4,56,TE,175,52.9,Nick Boyle,BLT,6,185,67.3,60.2
2018,10741,17,82.9,,69,WR,214,83.6,Chris Moore,BLT,151,1,59.6,59.2
2018,47294,13,72.9,52.9,49,TE,129,80.0,Hayden Hurst,BLT,16,74,65.7,67.0
2018,9488,13,74.8,71.3,21,TE,88,82.2,Maxx Williams,BLT,7,81,69.9,66.8
2018,10805,10,30.2,39.7,5,HB,123,67.7,Alex Collins,BLT,10,2,59.8,63.2
2018,10768,7,24.5,21.9,0,HB,72,77.3,Kenneth Dixon,BLT,3,0,65.2,71.8
2018,46027,11,90.1,61.1,0,HB,58,68.3,Gus Edwards,BLT,5,0,80.3,52.4
2018,25681,2,66.2,37.3,0,HB,6,68.3,De'Lance Turner,BLT,2,0,66.2,68.0
2018,12144,1,28.2,,1,WR,1,64.7,Tim White,BLT,0,0,89.8,79.6
2018,46416,16,23.7,,10,QB,10,,Lamar Jackson,BLT,1,0,56.1,52.7
2019,47436,16,27.2,61.1,234,TE,333,58.3,Mark Andrews,BLT,48,70,88.5,87.8
2019,61568,15,79.6,,141,WR,388,73.0,Marquise Brown,BLT,264,0,72.8,72.6
2019,8999,17,78.5,,314,WR,376,64.3,Willie Snead IV,BLT,74,0,58.4,58.9
2019,47294,17,77.4,72.1,139,TE,243,89.7,Hayden Hurst,BLT,49,63,73.1,77.3
2019,9604,17,76.8,68.9,77,TE,231,69.0,Nick Boyle,BLT,16,191,73.1,65.0
2019,9079,17,75.1,,41,WR,310,61.5,Seth Roberts,BLT,282,0,63.5,63.2
2019,6180,16,68.8,80.2,13,HB,178,76.9,Mark Ingram II,BLT,31,0,78.7,78.0
2019,48209,17,73.3,,21,WR,230,53.1,Miles Boykin,BLT,223,0,58.9,57.4
2019,45865,17,86.5,53.8,14,HB,135,47.7,Justice Hill,BLT,40,0,52.0,49.0
2019,48862,17,70.1,86.6,17,DI,57,54.5,Patrick Ricard,BLT,9,31,76.5,57.5
2019,46027,17,54.3,63.6,17,HB,134,75.6,Gus Edwards,BLT,30,0,69.4,51.5
2019,10741,9,72.9,,26,WR,79,72.1,Chris Moore,BLT,56,0,52.7,52.0
2019,48097,1,61.2,,0,WR,5,64.7,Jaleel Scott,BLT,5,0,57.1,57.4
2019,8759,5,56.0,,11,WR,13,28.8,De'Anthony Thomas,BLT,4,0,48.1,45.8
2020,61568,18,81.5,,120,WR,523,57.4,Marquise Brown,BLT,423,0,74.6,74.6
2020,47436,16,45.9,75.2,274,TE,414,49.6,Mark Andrews,BLT,39,118,76.5,77.2
2020,8999,15,30.8,,292,WR,341,67.1,Willie Snead IV,BLT,65,0,69.5,69.2
2020,48209,18,74.9,,29,WR,310,84.5,Miles Boykin,BLT,294,0,61.7,58.5
2020,57366,17,61.1,71.3,40,HB,251,29.1,J.K. Dobbins,BLT,41,0,72.0,47.9
2020,40006,18,85.4,,97,WR,195,71.3,Devin Duvernay,BLT,107,0,60.3,60.2
2020,48862,17,22.0,68.4,41,FB,102,33.5,Patrick Ricard,BLT,14,55,60.1,48.8
2020,9604,9,73.3,53.8,40,TE,129,66.7,Nick Boyle,BLT,8,103,70.6,65.8
2020,5549,8,68.8,,5,WR,76,74.6,Dez Bryant,BLT,76,0,56.6,56.6
2020,46027,18,59.5,51.6,6,HB,123,77.3,Gus Edwards,BLT,7,0,85.5,60.3
2020,6180,11,57.3,74.1,5,HB,55,49.7,Mark Ingram II,BLT,5,0,53.3,50.4
2020,45865,12,75.7,30.0,14,HB,52,74.6,Justice Hill,BLT,11,0,50.8,53.6
2020,48037,8,86.8,,12,WR,14,64.7,James Proche II,BLT,2,0,61.4,61.0
2020,9786,9,,53.3,7,TE,25,,Eric Tomlinson,BLT,4,17,71.8,46.1
2021,47436,17,60.4,74.0,417,TE,623,88.9,Mark Andrews,BLT,105,147,91.5,91.0
2021,61568,16,30.0,,206,WR,625,73.6,Marquise Brown,BLT,450,1,68.6,68.7
2021,84296,12,78.8,,79,WR,409,69.3,Rashod Bateman,BLT,353,0,64.9,65.2
2021,8639,13,26.4,,37,WR,271,45.2,Sammy Watkins,BLT,250,0,66.3,64.6
2021,40006,16,72.3,72.8,247,WR,379,69.8,Devin Duvernay,BLT,155,3,55.7,54.5
2021,8738,16,90.2,52.8,42,HB,282,79.4,Devonta Freeman,BLT,34,0,68.2,59.1
2021,48037,14,74.6,,152,WR,169,66.7,James Proche II,BLT,22,2,66.9,66.5
2021,47083,13,19.2,74.7,47,TE,89,77.3,Josh Oliver,BLT,15,33,51.3,51.4
2021,7962,14,89.3,48.5,24,HB,154,41.1,Latavius Murray,BLT,12,5,65.5,44.5
2021,38287,8,39.6,89.5,8,HB,86,78.0,Ty'Son Williams,BLT,12,0,62.8,60.4
2021,48862,13,71.5,61.1,57,FB,141,76.5,Patrick Ricard,BLT,14,125,73.9,50.3
2021,61577,10,68.7,66.6,34,WR,55,68.3,Tylan Wallace,BLT,23,1,55.5,52.4
2021,9604,5,61.2,75.8,8,TE,28,28.8,Nick Boyle,BLT,2,26,41.9,36.4
2021,9786,16,61.2,71.1,15,TE,68,64.7,Eric Tomlinson,BLT,4,75,66.1,38.2
2021,48209,6,61.2,,3,WR,15,64.7,Miles Boykin,BLT,12,0,53.7,54.6
2022,47436,16,53.2,67.1,318,TE,466,78.6,Mark Andrews,BLT,106,67,80.7,79.4
2022,10760,18,24.4,,31,WR,378,58.1,Demarcus Robinson,BLT,365,0,65.4,64.8
2022,83955,17,77.9,35.5,194,TE,283,55.3,Isaiah Likely,BLT,59,58,65.0,62.9
2022,40006,14,89.5,,125,WR,352,80.8,Devin Duvernay,BLT,248,1,67.2,66.2
2022,8639,13,23.2,,32,WR,225,54.3,Sammy Watkins,BLT,207,0,62.2,61.9
2022,84296,6,22.4,,18,WR,120,28.3,Rashod Bateman,BLT,109,0,61.6,61.1
2022,47083,18,73.3,71.9,43,TE,171,67.0,Josh Oliver,BLT,23,141,72.3,63.1
2022,10707,12,69.3,45.1,30,HB,162,29.0,Kenyan Drake,BLT,8,2,53.1,46.2
2022,4363,7,71.1,,20,WR,75,78.0,DeSean Jackson,BLT,61,0,76.1,75.2
2022,48037,15,78.3,,110,WR,136,57.0,James Proche II,BLT,38,0,44.6,52.4
2022,48862,18,75.5,64.5,61,FB,178,60.2,Patrick Ricard,BLT,17,169,71.2,45.5
2022,45865,16,29.7,54.7,19,HB,130,81.1,Justice Hill,BLT,13,9,60.8,52.6
2022,57366,9,66.8,59.0,15,HB,85,78.7,J.K. Dobbins,BLT,8,0,75.7,68.5
2022,61577,8,67.0,,11,WR,45,72.1,Tylan Wallace,BLT,36,0,57.3,55.0
2022,60917,1,67.0,,23,TE,27,72.1,Charlie Kolar,BLT,2,3,74.8,69.7
2022,47448,5,66.2,,18,WR,51,68.3,Andy Isabella,BLT,34,0,50.8,53.9
2022,46027,10,63.5,59.5,6,HB,35,64.7,Gus Edwards,BLT,2,0,82.7,53.8
2022,9559,7,20.6,81.0,4,HB,18,68.3,Mike Davis,BLT,1,0,42.7,55.9
2023,97268,18,57.7,,194,WR,588,65.6,Zay Flowers,BLT,432,0,76.3,75.2
2023,8647,16,29.7,,47,WR,332,82.6,Odell Beckham Jr.,BLT,314,0,75.4,77.0
2023,47436,11,79.1,71.0,253,TE,290,55.3,Mark Andrews,BLT,28,33,78.8,79.5
2023,84296,18,78.0,,42,WR,389,55.9,Rashod Bateman,BLT,366,1,61.0,60.1
2023,9453,19,43.6,36.3,301,WR,394,56.7,Nelson Agholor,BLT,106,12,61.6,61.4
2023,45865,18,70.6,58.8,15,HB,277,81.5,Justice Hill,BLT,16,4,70.3,63.5
2023,83955,19,77.8,40.5,193,TE,341,54.6,Isaiah Likely,BLT,22,150,65.6,68.9
2023,11796,15,34.2,61.0,7,HB,89,81.1,Dalvin Cook,BLT,8,5,53.8,62.4
2023,46027,19,54.3,55.1,6,HB,180,81.1,Gus Edwards,BLT,4,0,73.7,54.5
2023,60917,13,70.8,55.1,24,TE,65,35.3,Charlie Kolar,BLT,2,53,55.4,57.4
2023,123826,7,83.0,35.9,4,HB,51,77.3,Keaton Mitchell,BLT,8,2,92.4,82.1
2023,40006,9,90.0,,35,WR,64,72.1,Devin Duvernay,BLT,33,0,51.4,49.6
2023,48862,19,68.0,62.8,20,FB,114,73.4,Patrick Ricard,BLT,4,136,58.9,46.4
2023,10657,3,61.2,36.3,7,WR,37,28.8,Laquon Treadwell,BLT,33,0,51.3,51.3
2023,9448,4,28.5,36.9,0,HB,17,72.1,Melvin Gordon III,BLT,1,0,65.3,85.2
2023,61577,5,78.5,,7,WR,27,64.7,Tylan Wallace,BLT,19,1,57.0,57.1
2023,57366,1,73.2,48.2,1,HB,14,70.5,J.K. Dobbins,BLT,1,0,53.5,65.9
2023,46416,18,43.3,,0,QB,0,,Lamar Jackson,BLT,0,0,90.4,
2024,97268,10,81.3,,122,WR,301,80.4,Zay Flowers,BLT,201,0,82.5,83.9
2024,33441,9,77.2,,48,WR,221,68.1,Diontae Johnson,BLT,186,0,66.7,67.1
2024,84296,10,76.6,,27,WR,288,49.8,Rashod Bateman,BLT,282,0,66.8,68.5
2024,47436,10,77.0,52.3,140,TE,214,77.8,Mark Andrews,BLT,51,55,78.4,79.0
2024,83955,9,75.3,34.0,117,TE,181,85.3,Isaiah Likely,BLT,18,67,73.5,74.0
2024,45865,10,83.6,55.4,13,HB,150,87.3,Justice Hill,BLT,8,2,76.0,91.2
2024,9453,10,72.3,62.3,81,WR,148,63.2,Nelson Agholor,BLT,75,5,63.9,63.9
2024,10679,10,63.7,90.4,4,HB,105,78.0,Derrick Henry,BLT,3,2,91.3,63.3
2024,60917,10,70.8,52.0,7,TE,36,76.5,Charlie Kolar,BLT,4,43,71.5,83.9
2024,61577,8,78.6,28.9,11,WR,33,73.4,Tylan Wallace,BLT,25,1,81.8,79.0
2024,48862,10,61.2,81.5,4,FB,44,28.8,Patrick Ricard,BLT,3,47,54.5,35.2
2006,1734,16,52.5,,42,WR,473,85.0,Lee Evans,BUF,449,0,84.7,84.3
2006,473,16,80.1,,71,WR,448,86.2,Peerless Price,BUF,392,0,63.2,63.1
2006,1043,13,78.1,37.2,206,WR,235,70.5,Josh Reed,BUF,25,2,72.9,75.4
2006,2272,16,26.3,,187,WR,212,62.5,Roscoe Parrish,BUF,32,0,63.4,61.2
2006,1151,16,75.4,69.0,44,TE,220,50.6,Robert Royal,BUF,17,267,66.0,65.8
2006,808,15,69.0,74.8,1,HB,73,85.1,Anthony Thomas,BUF,1,2,58.9,84.5
2006,1339,14,52.2,63.6,4,HB,176,70.5,Willis McGahee,BUF,3,0,52.6,68.7
2006,287,14,69.5,78.5,0,FB,44,75.6,Daimon Shelton,BUF,2,0,68.8,66.2
2006,2533,7,68.8,88.9,6,TE,38,74.6,Brad Cieslak,BUF,3,38,71.2,59.3
2006,1054,11,64.0,,1,WR,43,68.3,Andre' Davis,BUF,42,0,50.9,50.6
2006,2303,11,61.2,48.8,4,TE,25,64.7,Kevin Everett,BUF,0,52,42.8,44.2
2006,565,5,61.2,78.4,1,TE,11,64.7,Ryan Neufeld,BUF,1,14,69.4,65.0
2007,1734,16,79.8,,52,WR,455,60.6,Lee Evans,BUF,417,0,74.2,74.0
2007,1043,15,80.2,,186,WR,386,65.8,Josh Reed,BUF,210,1,69.9,69.2
2007,2272,16,78.0,65.8,134,WR,261,62.3,Roscoe Parrish,BUF,135,0,66.4,65.5
2007,1946,15,75.5,72.0,19,TE,146,29.4,Michael Gaines,BUF,6,140,71.9,67.9
2007,1151,16,19.6,65.8,83,TE,311,86.5,Robert Royal,BUF,43,195,54.7,50.4
2007,3368,8,85.3,66.5,3,HB,78,85.7,Fred Jackson,BUF,2,0,83.1,89.6
2007,3628,13,75.8,55.3,3,HB,134,70.3,Marshawn Lynch,BUF,4,0,80.1,61.1
2007,808,10,82.3,80.7,1,HB,67,65.9,Anthony Thomas,BUF,0,0,67.5,75.6
2007,473,4,69.5,,22,WR,83,52.1,Peerless Price,BUF,61,0,63.5,61.6
2007,3727,8,29.3,79.2,0,HB,13,70.5,Dwayne Wright,BUF,0,0,39.9,29.1
2007,3838,3,65.8,69.7,1,TE,20,70.5,Derek Schouman,BUF,1,1,63.4,62.0
2007,1439,6,61.2,,2,WR,26,64.7,Sam Aiken,BUF,24,0,57.5,58.3
2007,565,7,64.0,87.6,1,TE,22,68.3,Ryan Neufeld,BUF,4,5,51.2,53.5
2007,2081,9,,,6,WR,40,,Justin Jenkins,BUF,36,0,49.8,49.8
2007,2303,1,61.2,69.6,0,TE,2,64.7,Kevin Everett,BUF,0,3,65.2,61.0
2008,1734,16,28.6,,135,WR,531,72.6,Lee Evans,BUF,418,0,74.0,71.9
2008,1043,13,79.9,,222,WR,386,81.4,Josh Reed,BUF,181,0,74.8,71.2
2008,3628,15,75.0,45.5,15,HB,303,29.3,Marshawn Lynch,BUF,14,0,69.3,50.3
2008,1151,15,21.4,83.3,69,TE,301,29.8,Robert Royal,BUF,4,218,61.1,48.2
2008,3368,16,74.8,69.5,21,HB,159,73.2,Fred Jackson,BUF,14,0,67.2,78.2
2008,2272,13,76.0,,138,WR,264,62.3,Roscoe Parrish,BUF,136,1,60.2,58.9
2008,4355,13,70.6,,28,WR,186,38.7,James Hardy,BUF,166,0,51.5,50.9
2008,3838,16,22.5,57.5,28,TE,157,66.4,Derek Schouman,BUF,5,126,65.3,56.7
2008,4538,10,71.7,,37,WR,91,58.5,Steve Johnson,BUF,58,0,67.4,65.6
2008,4446,9,71.1,34.8,6,TE,81,78.0,Derek Fine,BUF,1,84,69.2,70.5
2008,1278,9,64.0,39.3,0,FB,34,29.9,Corey McIntyre,BUF,0,0,52.0,36.6
2009,188,16,81.2,,74,WR,510,42.3,Terrell Owens,BUF,456,0,66.1,64.0
2009,1734,16,78.8,,26,WR,515,69.5,Lee Evans,BUF,509,0,69.3,66.4
2009,3368,16,74.4,31.4,17,HB,275,70.8,Fred Jackson,BUF,12,0,69.4,81.0
2009,1043,14,76.5,,244,WR,268,53.4,Josh Reed,BUF,34,0,67.9,67.1
2009,3628,13,54.7,76.4,4,HB,151,39.9,Marshawn Lynch,BUF,8,0,58.5,48.9
2009,5045,12,17.0,78.8,15,TE,192,56.6,Shawn Nelson,BUF,3,251,60.2,41.2
2009,4446,8,70.6,76.8,1,TE,94,56.7,Derek Fine,BUF,0,143,63.3,39.9
2009,3838,2,70.6,61.8,8,TE,45,77.3,Derek Schouman,BUF,0,48,91.1,89.5
2009,4601,11,68.8,51.4,6,TE,91,29.8,Jonathan Stupar,BUF,0,112,67.2,42.7
2009,1278,9,73.5,73.8,0,FB,43,75.6,Corey McIntyre,BUF,0,0,62.6,68.2
2009,2272,6,68.7,,9,WR,24,70.5,Roscoe Parrish,BUF,16,0,53.5,54.0
2009,4538,4,64.0,,7,WR,14,68.3,Steve Johnson,BUF,7,0,61.2,61.0
2009,2991,1,61.2,46.2,0,TE,11,28.9,Joe Klopfenstein,BUF,0,17,43.7,46.3
2009,4355,2,61.2,,1,WR,11,64.7,James Hardy,BUF,10,0,55.2,54.7
2009,4493,3,69.7,73.6,1,HB,5,,Xavier Omon,BUF,0,0,69.4,56.0
2010,4538,16,52.5,,118,WR,564,31.3,Steve Johnson,BUF,465,0,76.1,75.8
2010,1734,13,22.2,,46,WR,469,63.7,Lee Evans,BUF,441,0,64.4,62.2
2010,2272,8,29.5,,257,WR,292,61.5,Roscoe Parrish,BUF,47,0,64.9,64.4
2010,3368,16,42.8,81.5,83,HB,294,28.2,Fred Jackson,BUF,22,0,61.7,45.1
2010,5862,15,77.0,,277,WR,281,79.1,David Nelson,BUF,14,0,68.5,67.6
2010,6000,8,75.1,,84,WR,179,55.9,Donald Jones,BUF,100,0,61.3,59.1
2010,5534,13,45.5,54.3,29,HB,114,74.4,C.J. Spiller,BUF,41,0,70.8,72.4
2010,5799,4,71.3,,47,WR,71,77.3,Naaman Roosevelt,BUF,26,0,68.8,69.5
2010,4601,15,21.2,28.1,24,TE,90,79.4,Jonathan Stupar,BUF,5,102,60.4,50.0
2010,916,14,69.5,61.4,7,TE,94,75.6,David Martin,BUF,3,130,64.6,51.7
2010,1278,15,19.2,57.1,1,FB,60,41.6,Corey McIntyre,BUF,2,13,61.4,29.3
2010,5045,4,14.2,74.4,7,TE,19,70.5,Shawn Nelson,BUF,1,18,48.5,43.5
2010,3191,9,73.9,66.9,0,HB,23,68.3,Quinton Ganther,BUF,3,0,51.4,55.5
2010,3745,10,61.2,78.4,10,TE,42,64.7,Scott Chandler,BUF,4,32,59.2,42.4
2010,4505,1,61.2,,7,WR,21,64.7,Paul Hubbard,BUF,14,0,53.7,53.6
2011,4538,16,81.8,,100,WR,550,64.0,Steve Johnson,BUF,485,0,76.0,76.3
2011,5862,16,80.6,24.0,508,WR,532,64.9,David Nelson,BUF,57,0,64.8,64.1
2011,5534,16,71.9,86.4,52,HB,246,57.8,C.J. Spiller,BUF,91,0,75.9,62.5
2011,3368,10,65.7,90.4,50,HB,238,90.1,Fred Jackson,BUF,46,0,82.6,70.9
2011,6000,8,75.4,,48,WR,221,61.5,Donald Jones,BUF,191,0,59.7,60.1
2011,3745,14,41.7,44.6,163,TE,240,90.0,Scott Chandler,BUF,9,110,74.8,77.9
2011,3048,14,80.4,,78,WR,264,40.2,Brad Smith,BUF,193,0,55.0,53.5
2011,3027,10,75.3,74.4,121,WR,219,51.6,Derek Hagan,BUF,114,0,62.4,62.6
2011,4436,12,24.8,72.5,12,HB,116,44.9,Tashard Choice,BUF,11,0,47.3,43.4
2011,5799,10,73.3,,166,WR,218,53.1,Naaman Roosevelt,BUF,65,0,57.6,57.0
2011,2111,7,69.5,,51,WR,107,52.1,Ruvell Martin,BUF,63,0,56.4,56.2
2011,5987,5,68.0,73.0,23,TE,33,73.4,Mike Caussin,BUF,1,10,55.7,56.8
2011,2272,2,61.2,,22,WR,25,28.8,Roscoe Parrish,BUF,4,0,51.6,51.1
2011,6311,7,67.0,64.4,23,TE,25,72.1,Lee Smith,BUF,1,24,77.9,53.3
2011,6285,3,74.9,73.4,1,HB,12,28.9,Johnny White,BUF,2,0,55.4,32.9
2011,5328,2,64.0,,4,TE,9,68.3,Kevin Brock,BUF,0,5,65.6,67.5
2011,5693,1,,,4,TE,9,,Fendi Onobun,BUF,0,6,51.2,50.4
2011,1278,10,61.2,80.5,1,FB,12,64.7,Corey McIntyre,BUF,2,0,74.1,54.2
2012,4538,16,50.8,,140,WR,550,41.2,Steve Johnson,BUF,428,0,78.1,77.9
2012,3745,15,23.3,70.3,323,TE,428,53.3,Scott Chandler,BUF,11,122,73.2,69.3
2012,6000,12,29.9,65.7,295,WR,401,44.5,Donald Jones,BUF,111,4,65.4,62.8
2012,7071,15,76.9,68.1,37,WR,415,29.4,T.J. Graham,BUF,392,0,52.4,51.5
2012,5534,16,58.1,59.0,50,HB,241,83.9,C.J. Spiller,BUF,68,0,91.7,74.9
2012,3368,10,25.2,76.6,25,HB,159,70.8,Fred Jackson,BUF,38,1,66.2,63.9
2012,7367,9,71.5,,17,WR,152,28.4,Kevin Elliott,BUF,143,0,52.3,52.1
2012,3048,15,77.8,,126,WR,181,80.6,Brad Smith,BUF,53,0,64.9,63.1
2012,5750,8,19.9,71.9,53,FB,61,38.7,Dorin Dickerson,BUF,2,9,54.6,53.9
2012,4436,10,82.7,83.2,4,HB,47,42.1,Tashard Choice,BUF,8,0,63.6,40.7
2012,2111,9,67.0,67.4,46,WR,67,28.7,Ruvell Martin,BUF,21,1,51.5,49.2
2012,5862,1,64.0,,16,WR,18,68.3,David Nelson,BUF,2,0,68.3,67.8
2012,6311,16,67.0,71.3,5,TE,19,72.1,Lee Smith,BUF,0,88,76.5,81.8
2012,1278,9,61.2,79.3,0,FB,12,64.7,Corey McIntyre,BUF,0,0,68.5,64.1
2013,4538,12,40.6,,295,WR,380,40.6,Steve Johnson,BUF,116,0,73.3,73.7
2013,7822,14,82.1,,132,WR,483,67.1,Robert Woods,BUF,384,0,63.9,62.3
2013,3745,16,39.2,38.8,37,TE,490,59.3,Scott Chandler,BUF,9,499,64.8,63.4
2013,3368,16,70.3,81.6,3,HB,271,56.6,Fred Jackson,BUF,6,0,76.6,64.5
2013,7071,16,27.7,,26,WR,465,42.9,T.J. Graham,BUF,470,0,57.1,56.3
2013,5534,15,42.2,23.4,0,HB,145,70.3,C.J. Spiller,BUF,4,0,71.1,71.0
2013,7859,12,38.8,,14,WR,192,69.0,Marquise Goodwin,BUF,189,0,68.5,66.6
2013,6468,11,71.1,,85,WR,121,78.0,Chris Hogan,BUF,41,0,57.9,58.1
2013,6311,16,68.0,82.2,1,TE,84,45.8,Lee Smith,BUF,0,141,69.0,55.4
2013,5093,13,75.9,36.9,1,FB,40,75.6,Frank Summers,BUF,1,14,66.1,75.6
2013,8004,6,68.0,73.3,0,TE,20,29.2,Chris Gragg,BUF,3,22,43.5,39.7
2013,5631,7,71.4,,12,WR,36,29.9,Marcus Easley,BUF,25,0,47.1,46.7
2013,7111,4,,,0,FB,7,,Evan Rodriguez,BUF,0,0,73.5,54.6
2013,8067,1,64.6,,0,HB,2,64.7,Ronnie Wingo,BUF,0,0,59.8,63.5
2014,8639,16,47.0,,45,WR,618,67.2,Sammy Watkins,BUF,604,0,69.3,69.0
2014,7822,16,48.3,,299,WR,577,52.2,Robert Woods,BUF,307,2,68.6,68.1
2014,3368,14,51.8,57.1,5,HB,283,85.4,Fred Jackson,BUF,6,1,71.3,71.1
2014,3745,16,79.2,73.1,109,TE,473,64.0,Scott Chandler,BUF,7,416,60.5,58.3
2014,6468,13,32.0,,262,WR,344,74.3,Chris Hogan,BUF,97,1,64.5,64.1
2014,7213,7,47.7,66.8,2,HB,60,67.0,Bryce Brown,BUF,6,0,65.5,90.6
2014,5534,9,28.3,36.1,6,HB,79,83.6,C.J. Spiller,BUF,6,0,55.5,82.0
2014,5625,8,70.1,,11,WR,126,36.0,Mike Williams,BUF,117,0,55.2,53.8
2014,8286,10,70.6,55.7,27,TE,61,77.3,MarQueis Gray,BUF,9,35,61.8,66.3
2014,8004,10,69.5,74.3,5,TE,73,52.1,Chris Gragg,BUF,5,72,61.3,54.1
2014,5696,12,71.0,76.1,1,HB,69,77.3,Anthony Dixon,BUF,5,0,65.6,63.0
2014,7859,10,23.3,,2,WR,61,64.7,Marquise Goodwin,BUF,60,0,51.5,51.5
2014,6311,14,69.5,69.8,0,TE,79,52.5,Lee Smith,BUF,1,120,64.6,50.2
2014,5093,9,73.6,66.9,0,FB,31,45.8,Frank Summers,BUF,1,2,50.8,43.4
2015,8639,13,80.6,,51,WR,390,64.5,Sammy Watkins,BUF,368,0,89.8,89.6
2015,7822,14,26.3,62.3,147,WR,442,63.2,Robert Woods,BUF,328,3,61.8,61.0
2015,6326,13,52.0,69.7,149,TE,360,60.6,Charles Clay,BUF,34,252,73.2,70.2
2015,6468,15,77.8,,222,WR,371,46.4,Chris Hogan,BUF,171,1,60.3,58.9
2015,4976,12,73.9,61.0,14,HB,254,70.8,LeSean McCoy,BUF,19,1,71.1,70.1
2015,6231,10,75.7,,163,WR,236,27.3,Leonard Hankerson,BUF,89,0,57.5,58.8
2015,4945,5,43.6,,26,WR,142,60.3,Percy Harvin,BUF,126,0,67.5,64.3
2015,8004,12,72.3,62.5,48,TE,165,80.0,Chris Gragg,BUF,8,155,62.4,57.9
2015,9588,11,48.4,84.1,3,HB,90,60.2,Karlos Williams,BUF,7,1,78.3,44.0
2015,7946,5,45.1,62.2,1,HB,42,74.6,Mike Gillislee,BUF,0,4,56.0,61.4
2015,5696,7,78.6,90.6,0,HB,31,74.6,Anthony Dixon,BUF,0,1,63.8,74.4
2015,6264,2,65.8,,27,WR,37,70.5,Greg Salas,BUF,10,0,65.7,65.6
2015,9627,4,61.2,62.4,4,TE,20,64.7,Nick O'Leary,BUF,4,12,64.4,61.0
2015,5631,4,61.2,,4,WR,13,64.7,Marcus Easley,BUF,10,1,55.8,57.4
2015,7859,2,68.7,,2,WR,13,68.3,Marquise Goodwin,BUF,11,0,72.4,71.7
2015,4460,16,81.6,64.4,3,FB,58,32.3,Jerome Felton,BUF,3,15,66.6,48.9
2015,8343,1,66.7,69.2,0,HB,6,64.7,Cierre Wood,BUF,0,0,57.4,60.3
2015,8286,4,61.2,69.6,3,TE,7,64.7,MarQueis Gray,BUF,1,5,45.0,43.3
2015,4701,12,61.2,46.4,4,TE,38,64.7,Matthew Mulligan,BUF,1,70,65.8,40.4
2015,6332,14,56.7,61.3,0,QB,1,64.7,Tyrod Taylor,BUF,1,0,77.0,65.1
2016,6326,15,80.4,70.2,118,TE,417,46.1,Charles Clay,BUF,26,356,68.2,62.8
2016,7822,13,79.7,,193,WR,355,59.3,Robert Woods,BUF,185,3,71.4,71.5
2016,7859,15,76.6,,56,WR,390,68.1,Marquise Goodwin,BUF,358,0,62.3,62.3
2016,4976,15,77.0,50.8,12,HB,254,87.2,LeSean McCoy,BUF,13,5,78.6,86.8
2016,8639,8,76.1,,46,WR,222,56.1,Sammy Watkins,BUF,188,1,73.7,73.0
2016,7815,13,71.1,,55,WR,187,58.9,Justin Hunter,BUF,150,0,62.3,61.6
2016,8831,9,73.8,66.2,56,WR,174,38.1,Walter Powell,BUF,135,0,57.5,58.4
2016,9627,16,72.0,55.9,48,TE,156,58.5,Nick O'Leary,BUF,7,151,66.1,47.9
2016,5006,11,89.8,,73,WR,94,28.8,Brandon Tate,BUF,25,0,57.2,56.9
2016,7946,15,66.5,54.0,2,HB,104,78.0,Mike Gillislee,BUF,3,9,79.2,58.2
2016,2947,11,29.0,83.2,6,HB,43,78.0,Reggie Bush,BUF,9,3,66.6,90.7
2016,4460,14,75.3,59.5,2,FB,49,29.7,Jerome Felton,BUF,1,5,68.4,44.2
2016,6264,2,67.0,,22,WR,27,72.1,Greg Salas,BUF,5,0,59.1,59.3
2016,4945,2,66.2,,7,WR,37,68.3,Percy Harvin,BUF,31,0,53.4,51.2
2016,10790,11,21.3,64.6,3,HB,35,64.7,Jonathan Williams,BUF,0,3,46.5,50.2
2016,9689,3,61.2,72.9,2,TE,7,64.7,Gerald Christian,BUF,1,8,73.4,69.7
2017,8663,15,79.2,,76,WR,406,57.4,Kelvin Benjamin,BUF,349,0,69.0,68.7
2017,4976,17,79.8,74.1,26,HB,357,60.9,LeSean McCoy,BUF,25,1,73.7,73.4
2017,6326,14,41.6,55.5,67,TE,331,49.0,Charles Clay,BUF,27,283,70.8,71.7
2017,7513,17,43.2,,82,WR,437,73.9,Deonte Thompson,BUF,380,0,63.6,62.2
2017,11792,16,76.3,66.2,177,WR,493,38.8,Zay Jones,BUF,343,0,55.0,52.7
2017,9627,16,25.6,42.5,24,TE,226,62.5,Nick O'Leary,BUF,10,263,59.3,63.8
2017,8677,10,26.4,64.9,239,WR,309,65.2,Jordan Matthews,BUF,87,1,52.7,52.0
2017,6489,14,73.0,,28,WR,195,65.6,Andre Holmes,BUF,176,1,63.3,61.2
2017,7457,7,79.8,76.8,6,HB,73,67.0,Travaris Cadet,BUF,13,0,63.3,65.4
2017,4740,13,33.3,66.3,3,HB,108,51.2,Mike Tolbert,BUF,7,0,54.0,49.3
2017,5006,10,88.1,,72,WR,94,49.2,Brandon Tate,BUF,29,1,64.5,60.5
2017,6997,17,72.0,83.8,1,FB,64,52.1,Patrick DiMarco,BUF,5,2,61.8,45.6
2017,8755,12,70.1,46.3,10,TE,87,76.5,Logan Thomas,BUF,3,83,61.8,54.5
2017,6277,1,67.8,,1,HB,2,64.7,Taiwan Jones,BUF,0,0,92.0,92.4
2017,9663,1,73.6,3.6,1,HB,3,68.3,Marcus Murphy,BUF,1,0,57.0,80.8
2018,11792,16,43.7,76.9,289,WR,545,75.9,Zay Jones,BUF,303,3,62.2,60.4
2018,48230,13,75.9,,38,WR,263,75.5,Robert Foster,BUF,243,0,72.1,73.3
2018,4976,13,90.5,50.4,16,HB,225,62.3,LeSean McCoy,BUF,24,0,60.9,63.3
2018,12145,15,18.1,61.3,94,TE,188,60.5,Jason Croom,BUF,18,108,52.1,54.0
2018,6326,13,25.3,73.8,138,TE,239,61.5,Charles Clay,BUF,18,127,56.6,55.2
2018,7513,13,76.9,,38,WR,136,55.9,Deonte Thompson,BUF,104,0,68.8,65.4
2018,11927,8,51.3,,122,WR,144,70.5,Isaiah McKenzie,BUF,37,0,67.0,66.4
2018,6944,8,73.8,,41,WR,165,39.8,Terrelle Pryor Sr.,BUF,135,0,56.6,58.2
2018,6007,13,65.5,41.8,2,HB,117,37.9,Chris Ivory,BUF,4,0,74.1,64.5
2018,9663,10,86.3,10.3,11,HB,99,45.7,Marcus Murphy,BUF,9,0,53.9,42.8
2018,8755,12,73.4,25.4,86,TE,121,63.2,Logan Thomas,BUF,13,68,51.7,53.6
2018,47895,10,23.4,,62,WR,74,46.3,Ray-Ray McCloud III,BUF,17,0,53.9,51.5
2018,6305,1,70.0,,27,WR,30,70.5,Jeremy Kerley,BUF,5,0,58.2,57.9
2018,23614,2,78.0,83.4,12,HB,32,42.1,Keith Ford,BUF,7,0,54.2,47.7
2018,12269,4,72.0,,11,WR,41,64.7,Victor Bolden Jr.,BUF,30,0,53.1,55.3
2018,6997,15,67.4,77.5,7,FB,43,70.5,Patrick DiMarco,BUF,7,0,56.5,59.7
2018,6277,2,71.5,,0,HB,2,,Taiwan Jones,BUF,1,0,59.2,58.4
2018,47593,2,61.2,,17,WR,20,64.7,Cam Phillips,BUF,3,0,52.0,52.3
2018,11818,16,61.2,76.2,0,T,3,64.7,Dion Dawkins,BUF,0,2,69.9,87.0
2018,3079,1,61.2,,0,DI,1,64.7,Kyle Williams,BUF,0,0,62.1,65.4
2018,46601,12,50.2,,0,QB,1,,Josh Allen,BUF,0,0,65.3,60.0
2018,10018,2,61.2,28.8,3,TE,9,64.7,Khari Lee,BUF,0,15,46.7,53.8
2019,8726,16,82.2,,127,WR,589,71.3,John Brown,BUF,498,0,74.2,74.2
2019,7330,16,81.4,70.2,406,WR,510,64.3,Cole Beasley,BUF,132,0,73.8,74.3
2019,35883,16,76.6,48.6,134,TE,365,27.6,Dawson Knox,BUF,64,215,60.2,55.1
2019,40485,13,28.3,52.7,36,HB,304,45.3,Devin Singletary,BUF,58,0,69.3,55.8
2019,11927,16,80.5,,137,WR,250,68.1,Isaiah McKenzie,BUF,122,0,69.8,67.4
2019,11366,5,73.9,44.9,74,WR,157,43.5,D'haquille Williams,BUF,88,0,69.4,69.2
2019,48230,11,68.7,65.7,37,WR,135,70.5,Robert Foster,BUF,106,0,52.7,52.7
2019,2282,17,90.4,71.7,8,HB,128,48.0,Frank Gore,BUF,14,0,62.6,50.1
2019,9469,6,28.0,43.5,5,HB,100,63.2,T.J. Yeldon,BUF,20,0,58.1,62.1
2019,9518,12,68.8,66.2,34,TE,116,29.7,Tyler Kroft,BUF,13,117,52.0,46.3
2019,47216,6,70.6,54.5,21,TE,59,56.7,Tommy Sweeney,BUF,1,47,72.6,71.1
2019,6997,13,71.9,77.0,14,FB,61,46.3,Patrick DiMarco,BUF,34,0,50.0,46.9
2019,5612,12,90.1,,20,WR,46,36.2,Andre Roberts,BUF,30,0,53.1,51.0
2019,6311,16,68.0,72.2,6,TE,60,73.4,Lee Smith,BUF,4,130,60.8,59.3
2019,9035,1,69.8,73.0,0,HB,4,64.7,Senorise Perry,BUF,0,0,65.9,62.3
2019,46601,17,26.7,60.9,0,QB,2,64.7,Josh Allen,BUF,0,0,64.1,90.3
2019,11818,17,61.2,76.9,0,T,1,64.7,Dion Dawkins,BUF,0,0,73.1,90.3
2020,9579,19,86.4,,250,WR,742,71.7,Stefon Diggs,BUF,543,0,90.2,90.6
2020,7330,18,83.3,,547,WR,572,90.5,Cole Beasley,BUF,63,0,81.7,83.1
2020,55410,19,31.8,59.3,203,WR,515,51.7,Gabe Davis,BUF,358,1,66.4,67.1
2020,8726,12,78.6,,44,WR,420,61.2,John Brown,BUF,398,0,65.7,66.2
2020,35883,15,21.3,65.1,131,TE,341,52.5,Dawson Knox,BUF,28,173,61.3,56.8
2020,40485,19,79.5,57.5,21,HB,405,48.3,Devin Singletary,BUF,79,0,66.0,53.1
2020,11927,19,81.1,25.0,124,WR,163,79.9,Isaiah McKenzie,BUF,47,0,72.4,78.5
2020,40341,14,89.6,78.9,10,HB,182,83.6,Zack Moss,BUF,29,0,73.0,61.0
2020,7926,10,71.5,,56,WR,122,43.5,Kenny Stills,BUF,73,0,58.5,58.0
2020,9518,10,71.9,79.1,48,TE,143,61.8,Tyler Kroft,BUF,16,71,64.3,61.4
2020,9469,5,25.2,66.6,4,HB,48,46.3,T.J. Yeldon,BUF,7,0,62.4,56.0
2020,6311,11,68.8,72.2,5,TE,36,74.6,Lee Smith,BUF,1,52,74.1,70.9
2020,5612,7,67.3,,6,WR,38,41.6,Andre Roberts,BUF,35,0,57.7,59.4
2020,40951,13,64.0,64.5,7,TE,31,68.3,Reggie Gilliam,BUF,5,8,57.0,54.9
2020,6277,5,,,1,HB,5,27.9,Taiwan Jones,BUF,3,0,40.5,40.7
2020,27130,1,61.2,,0,CB,1,64.7,Siran Neal,BUF,0,0,77.8,76.9
2020,46601,19,52.7,,0,QB,2,64.7,Josh Allen,BUF,0,0,90.3,90.3
2020,29141,1,,73.9,8,TE,10,,Nate Becker,BUF,0,5,43.5,52.8
2020,40197,1,74.5,74.1,1,HB,10,64.7,Antonio Williams,BUF,0,0,85.3,72.6
2021,9579,19,60.3,67.2,156,WR,704,84.4,Stefon Diggs,BUF,588,1,81.0,81.9
2021,7330,18,55.2,,499,WR,536,77.7,Cole Beasley,BUF,66,0,68.3,68.9
2021,35883,17,80.5,48.4,277,TE,573,50.5,Dawson Knox,BUF,85,248,63.6,65.9
2021,55410,18,78.8,81.2,129,WR,389,61.9,Gabe Davis,BUF,283,5,81.5,80.0
2021,5606,16,79.4,,106,WR,533,77.8,Emmanuel Sanders,BUF,460,0,66.4,68.3
2021,40485,19,39.0,48.0,28,HB,435,63.3,Devin Singletary,BUF,38,0,69.0,42.3
2021,40341,14,46.8,36.6,11,HB,178,62.5,Zack Moss,BUF,13,1,66.8,51.6
2021,11927,17,59.6,,124,WR,164,73.5,Isaiah McKenzie,BUF,42,0,72.3,75.4
2021,47216,13,19.2,58.5,49,TE,117,56.7,Tommy Sweeney,BUF,13,69,44.4,41.4
2021,40951,16,71.3,84.7,16,FB,51,74.6,Reggie Gilliam,BUF,3,19,69.8,57.7
2021,12271,7,29.5,22.3,4,HB,40,75.6,Matt Breida,BUF,1,0,70.9,77.2
2021,9883,16,64.0,65.3,13,WR,50,30.0,Jake Kumerow,BUF,40,0,54.7,53.6
2021,11818,18,,82.8,0,T,1,,Dion Dawkins,BUF,0,1,79.4,60.0
2021,40459,7,61.2,38.1,0,T,3,64.7,Tommy Doyle,BUF,0,14,54.3,86.7
2022,9579,18,62.0,,238,WR,658,69.7,Stefon Diggs,BUF,457,0,89.1,89.0
2022,55410,17,42.6,,72,WR,668,50.4,Gabe Davis,BUF,630,3,66.4,66.5
2022,35883,17,80.0,65.2,291,TE,543,61.6,Dawson Knox,BUF,85,193,66.5,64.5
2022,11927,16,81.8,,335,WR,395,53.0,Isaiah McKenzie,BUF,81,0,66.0,65.9
2022,40485,18,55.3,73.2,64,HB,419,59.7,Devin Singletary,BUF,31,0,78.6,58.5
2022,48103,18,73.6,73.4,42,HB,146,68.8,Nyheim Hines,BUF,19,2,63.4,76.7
2022,83666,17,68.5,26.9,17,HB,148,59.2,James Cook,BUF,21,0,73.2,68.3
2022,84140,16,77.6,52.8,111,WR,171,52.8,Khalil Shakir,BUF,70,0,65.6,68.0
2022,7330,6,71.5,,63,WR,69,60.2,Cole Beasley,BUF,11,0,71.2,70.2
2022,9538,4,79.5,,65,WR,71,49.2,Jamison Crowder,BUF,9,0,53.2,54.9
2022,61182,16,19.8,52.9,71,TE,168,78.0,Quintin Morris,BUF,38,72,45.5,47.4
2022,40951,16,70.1,75.1,26,FB,84,76.5,Reggie Gilliam,BUF,11,30,60.1,60.1
2022,9883,6,67.0,,7,WR,53,72.1,Jake Kumerow,BUF,46,2,62.0,62.8
2022,8726,4,61.2,,3,WR,26,64.7,John Brown,BUF,24,0,63.3,62.7
2022,47216,4,61.2,21.4,5,TE,21,64.7,Tommy Sweeney,BUF,1,15,56.3,56.9
2022,12170,3,,,2,WR,11,,Tanner Gentry,BUF,9,0,46.9,52.6
2023,9579,19,39.4,,251,WR,665,77.7,Stefon Diggs,BUF,444,0,79.1,79.0
2023,91791,18,51.8,44.3,334,TE,516,79.1,Dalton Kincaid,BUF,102,107,68.8,70.5
2023,55410,17,36.2,65.3,100,WR,555,63.6,Gabe Davis,BUF,493,3,67.9,68.7
2023,83666,19,56.2,23.5,33,HB,343,46.3,James Cook,BUF,36,0,71.7,53.0
2023,84140,19,82.9,69.9,317,WR,393,86.6,Khalil Shakir,BUF,92,4,76.7,76.9
2023,35883,14,75.7,79.5,124,TE,273,34.9,Dawson Knox,BUF,53,126,54.5,56.5
2023,7962,18,57.9,64.3,36,HB,198,51.6,Latavius Murray,BUF,15,3,65.9,52.7
2023,48021,18,71.9,65.4,85,WR,234,61.8,Trent Sherfield,BUF,160,0,51.1,52.8
2023,91470,18,62.8,,72,WR,127,82.2,Deonte Harty,BUF,58,0,68.9,69.7
2023,45769,9,52.2,58.9,3,HB,50,76.5,Ty Johnson,BUF,20,1,78.7,64.1
2023,61182,15,64.0,71.9,22,TE,54,27.3,Quintin Morris,BUF,14,28,55.2,46.8
2023,35134,5,78.8,85.3,3,HB,15,68.3,Damien Harris,BUF,1,0,76.5,57.3
2023,40951,16,61.2,62.8,14,FB,24,64.7,Reggie Gilliam,BUF,2,6,63.9,49.5
2023,47448,3,66.5,,3,WR,7,,Andy Isabella,BUF,5,0,60.8,54.4
2024,9437,8,76.5,,58,WR,269,29.2,Amari Cooper,BUF,231,0,64.6,65.0
2024,91791,10,38.3,69.8,146,TE,223,70.1,Dalton Kincaid,BUF,28,70,74.9,73.9
2024,84140,9,79.2,61.6,184,WR,220,85.6,Khalil Shakir,BUF,57,1,76.6,78.0
2024,144949,9,75.3,,14,WR,221,51.8,Keon Coleman,BUF,225,0,69.2,70.0
2024,11873,10,73.3,62.4,81,WR,245,67.0,Mack Hollins,BUF,173,10,56.1,58.7
2024,83666,9,90.0,73.4,11,HB,146,46.6,James Cook,BUF,8,0,73.5,49.8
2024,11795,9,74.0,,61,WR,125,82.2,Curtis Samuel,BUF,63,0,61.0,60.2
2024,35883,10,71.5,75.3,75,TE,159,43.8,Dawson Knox,BUF,23,88,51.7,49.0
2024,45769,10,77.9,58.5,19,HB,101,76.5,Ty Johnson,BUF,8,0,70.6,66.5
2024,101072,10,85.4,39.1,3,HB,47,78.0,Ray Davis,BUF,2,0,74.0,77.0
2024,61182,7,61.2,70.5,12,TE,25,64.7,Quintin Morris,BUF,4,11,44.3,56.1
2006,837,14,57.2,,113,WR,469,54.8,Steve Smith,CAR,372,0,85.5,85.1
2006,153,16,48.1,56.1,256,WR,549,86.5,Keyshawn Johnson,CAR,313,6,76.0,74.7
2006,1881,14,76.9,,59,WR,242,66.8,Drew Carter,CAR,192,0,71.0,69.1
2006,1041,14,51.3,71.7,4,HB,210,43.5,DeShaun Foster,CAR,31,4,49.3,40.2
2006,2972,13,60.4,75.7,2,HB,140,69.0,DeAngelo Williams,CAR,23,0,61.1,85.9
2006,292,14,74.6,74.3,61,TE,167,59.2,Kris Mangum,CAR,5,121,65.0,67.1
2006,1946,16,73.0,75.4,88,TE,203,29.5,Michael Gaines,CAR,2,176,65.0,48.8
2006,740,16,33.5,59.4,10,FB,182,70.5,Brad Hoover,CAR,35,19,72.2,56.0
2006,956,9,76.1,83.8,6,HB,49,78.0,Nick Goings,CAR,12,1,63.9,73.7
2006,1783,11,68.0,60.5,42,WR,135,45.8,Keary Colbert,CAR,98,3,50.6,50.6
2006,3231,2,65.8,,8,WR,28,70.5,Taye Biddle,CAR,20,0,59.6,59.4
2006,308,3,65.8,49.9,3,WR,17,70.5,Karl Hankton,CAR,14,0,65.2,67.9
2006,3100,3,61.2,78.7,6,TE,19,64.7,Jeff King,CAR,2,9,58.0,58.9
2006,2271,3,72.5,81.6,0,HB,8,64.7,Eric Shelton,CAR,1,0,56.6,66.7
2007,837,15,57.9,,135,WR,479,61.3,Steve Smith,CAR,363,0,80.1,79.7
2007,3100,16,23.9,64.5,232,TE,443,63.4,Jeff King,CAR,13,283,54.2,51.5
2007,1881,16,78.3,,137,WR,400,51.7,Drew Carter,CAR,279,0,69.1,67.9
2007,1783,12,27.7,27.6,117,WR,389,42.0,Keary Colbert,CAR,294,1,51.6,50.4
2007,1041,16,27.0,57.3,8,HB,180,43.1,DeShaun Foster,CAR,10,0,50.2,39.5
2007,2972,16,75.1,74.8,11,HB,259,40.0,DeAngelo Williams,CAR,12,0,66.0,33.5
2007,740,16,76.6,57.0,13,FB,131,60.6,Brad Hoover,CAR,6,3,71.9,44.8
2007,3661,6,69.8,,39,WR,78,29.8,Dwayne Jarrett,CAR,42,0,53.7,51.4
2007,3734,9,67.0,,16,WR,50,72.1,Ryne Robinson,CAR,34,0,56.2,56.5
2007,3771,13,69.1,74.1,20,TE,54,75.9,Dante Rosario,CAR,14,29,70.7,70.6
2007,130,13,68.0,52.6,11,TE,44,73.4,Christian Fauria,CAR,2,65,79.7,76.7
2007,588,2,61.2,,5,WR,29,28.9,Travis Taylor,CAR,26,0,46.1,47.0
2007,2636,1,69.7,,0,HB,7,70.5,Alex Haynes,CAR,1,0,59.7,64.4
2008,837,15,54.6,65.7,146,WR,403,58.0,Steve Smith,CAR,274,0,91.3,91.4
2008,173,17,27.4,66.1,151,WR,444,38.6,Muhsin Muhammad,CAR,312,0,79.8,73.4
2008,3771,17,74.6,79.2,123,TE,263,48.2,Dante Rosario,CAR,22,144,61.9,52.0
2008,2972,17,91.4,50.1,2,HB,233,50.4,DeAngelo Williams,CAR,11,0,81.3,44.9
2008,3100,17,74.8,54.1,64,TE,240,38.0,Jeff King,CAR,5,250,78.2,41.9
2008,1876,8,25.9,,30,WR,112,81.1,D.J. Hackett,CAR,90,0,63.9,63.7
2008,3661,10,71.9,,66,WR,164,46.0,Dwayne Jarrett,CAR,103,0,58.2,56.6
2008,4327,17,64.5,72.0,0,HB,112,60.2,Jonathan Stewart,CAR,0,0,69.3,52.9
2008,740,17,74.8,86.5,0,FB,105,31.8,Brad Hoover,CAR,2,1,80.5,39.2
2008,1922,4,64.0,,9,WR,18,68.3,Mark Jones,CAR,9,0,62.8,59.7
2008,956,7,73.7,16.2,0,HB,13,70.5,Nick Goings,CAR,1,0,32.9,56.9
2008,4455,4,,,1,TE,7,,Gary Barnidge,CAR,0,6,60.0,49.4
2009,837,15,49.7,,172,WR,469,80.5,Steve Smith,CAR,317,0,78.3,78.4
2009,173,14,79.8,66.4,93,WR,424,80.8,Muhsin Muhammad,CAR,352,2,73.2,67.6
2009,3771,14,75.9,57.3,153,TE,275,65.2,Dante Rosario,CAR,22,130,69.2,62.8
2009,2972,13,58.1,58.0,3,HB,211,48.9,DeAngelo Williams,CAR,7,0,65.6,52.9
2009,3100,16,29.6,63.3,64,TE,218,86.3,Jeff King,CAR,6,212,74.6,56.3
2009,3661,13,73.9,,75,WR,197,68.7,Dwayne Jarrett,CAR,133,0,63.4,60.1
2009,4327,16,61.0,43.6,2,HB,134,56.1,Jonathan Stewart,CAR,2,0,71.1,58.0
2009,4455,13,24.5,73.9,34,TE,87,79.4,Gary Barnidge,CAR,8,51,82.9,71.2
2009,4450,11,68.8,,24,WR,84,74.6,Kenneth Moore,CAR,62,0,53.1,51.6
2009,5395,6,75.7,48.4,0,HB,48,74.6,Tyrell Sutton,CAR,2,0,70.5,68.0
2009,740,11,77.5,65.8,1,FB,75,27.0,Brad Hoover,CAR,0,1,64.5,30.6
2009,5052,7,,80.2,0,FB,28,25.5,Tony Fiammetta,CAR,2,0,53.3,27.6
2009,5034,5,27.0,49.6,1,HB,14,68.3,Mike Goodson,CAR,0,1,37.4,76.9
2009,5366,5,61.2,,7,WR,32,64.7,Charly Martin,CAR,28,0,53.4,51.0
2010,837,14,24.5,,210,WR,446,31.1,Steve Smith,CAR,253,0,61.6,60.1
2010,5602,14,43.4,,89,WR,339,33.1,Brandon LaFell,CAR,264,0,64.6,62.8
2010,5721,15,78.3,68.2,62,WR,426,72.2,David Gettis,CAR,382,2,64.4,63.1
2010,3771,16,77.2,76.8,176,TE,370,51.7,Dante Rosario,CAR,55,161,57.6,52.7
2010,5034,16,58.2,48.7,10,HB,199,36.6,Mike Goodson,CAR,12,0,62.1,64.6
2010,3100,16,74.3,71.4,45,TE,177,34.7,Jeff King,CAR,1,233,65.6,44.8
2010,3773,13,69.5,,16,WR,94,52.1,David Clowney,CAR,85,0,64.5,63.4
2010,4327,14,34.1,54.7,1,HB,108,41.1,Jonathan Stewart,CAR,2,0,58.7,55.6
2010,2972,6,62.4,84.7,1,HB,56,60.2,DeAngelo Williams,CAR,0,0,62.7,64.1
2010,5395,4,77.1,80.6,0,HB,36,79.4,Tyrell Sutton,CAR,1,0,64.4,75.3
2010,5052,14,73.3,28.4,1,FB,76,73.4,Tony Fiammetta,CAR,1,1,71.0,63.4
2010,4455,15,,76.6,31,TE,70,27.9,Gary Barnidge,CAR,6,46,55.5,36.1
2010,3661,3,64.0,,9,WR,43,68.3,Dwayne Jarrett,CAR,35,0,59.1,58.9
2010,5613,3,63.6,,4,WR,10,28.0,Armanti Edwards,CAR,6,0,52.3,43.8
2011,837,16,44.0,65.7,51,WR,589,68.5,Steve Smith,CAR,569,0,83.3,83.2
2011,3647,16,34.5,65.5,242,TE,452,49.3,Greg Olsen,CAR,38,190,70.1,65.3
2011,3788,15,78.9,,312,WR,470,69.2,Legedu Naanee,CAR,185,0,58.1,57.5
2011,1021,15,22.4,56.6,46,TE,210,81.8,Jeremy Shockey,CAR,28,192,85.0,84.5
2011,4327,16,77.0,43.6,2,HB,254,55.2,Jonathan Stewart,CAR,3,0,81.0,67.2
2011,5602,16,77.4,39.9,121,WR,443,71.7,Brandon LaFell,CAR,344,1,68.1,68.2
2011,2972,16,90.3,55.4,8,HB,179,53.1,DeAngelo Williams,CAR,15,0,69.3,49.1
2011,5034,2,61.2,,0,HB,4,28.8,Mike Goodson,CAR,0,0,44.5,28.0
2011,6037,10,69.7,29.8,3,FB,20,70.5,Richard Brockel,CAR,0,6,71.2,66.1
2011,6035,7,61.2,,16,WR,23,64.7,Seyi Ajirotutu,CAR,7,1,51.3,50.5
2011,6153,16,86.3,,0,QB,2,64.7,Cam Newton,CAR,1,0,67.2,89.5
2012,837,16,51.8,,51,WR,526,55.3,Steve Smith,CAR,508,0,80.9,82.1
2012,3647,16,46.8,65.0,322,TE,463,80.0,Greg Olsen,CAR,58,124,83.3,80.7
2012,5602,14,79.2,62.3,313,WR,442,61.2,Brandon LaFell,CAR,157,0,70.0,67.2
2012,5048,16,27.0,66.4,87,WR,390,65.0,Louis Murphy Jr.,CAR,333,0,60.6,59.1
2012,4740,16,84.8,65.0,12,FB,183,75.5,Mike Tolbert,CAR,11,4,77.0,80.5
2012,4327,9,43.0,75.3,6,HB,121,82.7,Jonathan Stewart,CAR,3,0,69.3,65.6
2012,2972,16,62.0,83.5,5,HB,147,48.0,DeAngelo Williams,CAR,7,0,66.4,54.0
2012,5613,15,69.5,,42,WR,78,49.7,Armanti Edwards,CAR,40,0,55.3,53.9
2012,4455,16,68.8,64.7,38,TE,61,74.6,Gary Barnidge,CAR,7,21,63.9,59.6
2012,6284,6,66.2,,16,WR,18,68.3,Kealoha Pilares,CAR,4,0,78.5,66.6
2012,1789,15,64.0,65.5,5,TE,25,68.3,Ben Hartsock,CAR,2,49,80.2,60.2
2012,6037,7,,79.1,0,TE,4,,Richard Brockel,CAR,0,1,75.3,54.6
2012,7104,4,68.2,,2,WR,7,64.7,Joe Adams,CAR,5,0,54.3,56.9
2013,3647,17,84.5,68.5,305,TE,513,74.3,Greg Olsen,CAR,70,175,79.0,80.3
2013,837,16,81.2,,79,WR,478,68.4,Steve Smith,CAR,422,0,82.3,81.0
2013,5602,17,80.6,,374,WR,562,44.6,Brandon LaFell,CAR,202,6,66.2,63.9
2013,3625,17,90.4,,48,WR,372,65.7,Ted Ginn Jr.,CAR,340,0,75.1,74.8
2013,2972,16,63.4,89.6,10,HB,171,76.0,DeAngelo Williams,CAR,2,0,68.7,59.3
2013,4740,17,89.2,74.9,17,FB,234,87.6,Mike Tolbert,CAR,6,4,70.6,70.1
2013,3075,14,69.5,,16,WR,83,75.6,Domenik Hixon,CAR,68,0,63.1,57.5
2013,4327,6,46.8,80.4,1,HB,37,75.6,Jonathan Stewart,CAR,1,0,66.3,70.7
2013,7963,5,72.5,73.4,1,HB,9,29.9,Kenjon Barner,CAR,2,0,44.1,42.0
2013,6037,14,81.0,52.8,4,FB,30,64.7,Richard Brockel,CAR,3,17,64.2,50.3
2013,7182,1,,,0,WR,3,,Marvin McNutt,CAR,3,0,56.0,56.9
2014,8663,18,53.5,,77,WR,605,35.8,Kelvin Benjamin,CAR,564,0,75.0,74.5
2014,3647,18,56.0,72.4,340,TE,594,84.3,Greg Olsen,CAR,93,211,84.2,83.2
2014,1829,17,82.9,67.4,399,WR,549,67.5,Jerricho Cotchery,CAR,174,3,64.6,64.2
2014,8986,15,28.6,,40,WR,218,65.2,Corey Brown,CAR,188,0,69.1,67.8
2014,4327,15,69.3,92.1,10,HB,246,78.0,Jonathan Stewart,CAR,6,0,79.1,58.9
2014,5595,18,22.2,53.1,75,TE,176,36.3,Ed Dickson,CAR,17,107,58.1,58.1
2014,7516,17,84.8,,26,WR,109,66.7,Brenton Bersin,CAR,90,1,70.1,69.4
2014,4740,10,85.3,55.9,6,FB,104,35.8,Mike Tolbert,CAR,3,3,52.7,54.0
2014,9006,5,80.7,52.0,2,HB,54,73.4,Darrin Reaves,CAR,6,0,50.5,55.9
2014,8547,8,86.5,86.5,3,HB,42,74.6,Fozzy Whittaker,CAR,2,0,71.9,75.8
2014,2972,8,56.4,70.5,0,HB,50,76.5,DeAngelo Williams,CAR,2,0,70.1,69.0
2014,7876,7,67.0,22.2,7,TE,24,72.1,Brandon Williams,CAR,8,10,57.1,70.3
2014,5722,3,67.8,,2,QB,15,64.7,Joe Webb III,CAR,12,0,62.6,61.9
2014,7548,2,61.9,,0,WR,5,,DeAndre Presley,CAR,5,0,45.6,56.1
2015,3647,19,56.6,82.3,310,TE,580,90.0,Greg Olsen,CAR,113,200,90.4,91.1
2015,3625,18,89.6,,44,WR,471,28.3,Ted Ginn Jr.,CAR,450,0,72.1,69.3
2015,9474,19,28.6,,39,WR,272,29.2,Devin Funchess,CAR,248,0,74.7,75.1
2015,8986,17,79.5,65.6,181,WR,513,59.3,Corey Brown,CAR,350,0,70.0,68.7
2015,1829,17,79.1,64.9,261,WR,298,69.9,Jerricho Cotchery,CAR,42,4,76.1,74.3
2015,5595,19,74.1,69.0,137,TE,208,45.1,Ed Dickson,CAR,33,100,57.4,56.6
2015,4740,19,40.0,78.4,21,FB,162,83.6,Mike Tolbert,CAR,8,10,60.5,68.3
2015,4327,16,66.1,84.0,10,HB,225,72.1,Jonathan Stewart,CAR,7,0,71.8,55.6
2015,8547,16,83.4,76.8,14,HB,101,63.5,Fozzy Whittaker,CAR,4,0,67.5,53.0
2015,7516,7,22.8,,24,WR,43,77.3,Brenton Bersin,CAR,20,0,78.1,74.8
2015,9607,6,45.9,80.8,6,HB,33,75.9,Cameron Artis-Payne,CAR,1,0,61.3,70.3
2015,8758,1,,,3,WR,6,27.9,Kevin Norwood,CAR,5,0,59.6,54.6
2015,8954,4,61.2,67.7,0,TE,4,64.7,Scott Simonson,CAR,3,4,70.0,73.7
2016,3647,16,82.2,72.3,343,TE,515,84.9,Greg Olsen,CAR,141,114,83.4,84.9
2016,8663,16,36.3,,120,WR,472,84.1,Kelvin Benjamin,CAR,388,0,76.5,79.7
2016,3625,16,90.0,,83,WR,432,48.3,Ted Ginn Jr.,CAR,378,0,69.2,70.9
2016,9474,15,75.3,66.3,75,WR,267,29.1,Devin Funchess,CAR,214,2,64.4,65.8
2016,8986,16,76.2,,302,WR,353,75.5,Corey Brown,CAR,70,0,57.5,57.4
2016,8547,16,62.1,81.9,33,HB,160,43.1,Fozzy Whittaker,CAR,7,1,60.6,70.5
2016,5595,16,71.5,66.2,91,TE,138,29.8,Ed Dickson,CAR,21,104,62.5,54.5
2016,4327,13,55.4,84.8,19,HB,179,28.1,Jonathan Stewart,CAR,15,0,63.0,40.0
2016,4740,16,81.4,85.7,18,FB,94,43.5,Mike Tolbert,CAR,1,14,53.9,52.4
2016,7516,6,64.0,,8,WR,22,68.3,Brenton Bersin,CAR,15,1,63.5,58.2
2016,5722,3,72.0,,2,QB,12,64.7,Joe Webb III,CAR,11,0,52.0,52.8
2016,9607,3,80.9,85.3,2,HB,27,64.7,Cameron Artis-Payne,CAR,3,0,57.4,55.2
2016,9964,1,65.3,,0,WR,6,64.7,Damiere Byrd,CAR,6,0,71.9,70.3
2016,10211,5,61.2,74.5,1,TE,12,64.7,Chris Manhertz,CAR,4,12,62.7,63.0
2017,9474,17,81.2,68.1,120,WR,559,68.5,Devin Funchess,CAR,471,2,72.2,72.0
2017,11763,17,81.4,42.4,120,HB,481,86.2,Christian McCaffrey,CAR,56,1,74.6,84.4
2017,5595,17,77.0,72.3,252,TE,368,60.4,Ed Dickson,CAR,71,116,59.2,59.0
2017,3647,8,75.5,74.0,126,TE,219,85.7,Greg Olsen,CAR,55,53,68.6,72.3
2017,8254,15,25.7,,244,WR,291,27.3,Russell Shepard,CAR,66,2,46.0,45.1
2017,11795,9,79.0,,48,WR,135,29.5,Curtis Samuel,CAR,92,0,56.9,53.6
2017,9617,14,40.3,66.6,56,WR,178,29.1,Kaelin Clay,CAR,128,4,55.1,53.2
2017,9964,8,76.9,,19,WR,99,58.9,Damiere Byrd,CAR,85,1,59.8,58.8
2017,7516,9,71.5,,69,WR,107,78.7,Brenton Bersin,CAR,43,1,68.1,67.4
2017,4327,16,53.5,67.0,4,HB,109,29.1,Jonathan Stewart,CAR,6,0,56.4,44.6
2017,8547,10,77.1,77.2,4,HB,24,73.4,Fozzy Whittaker,CAR,3,0,59.9,64.2
2017,10211,15,64.0,57.6,13,TE,48,29.9,Chris Manhertz,CAR,12,44,48.8,45.8
2017,6342,2,,,0,S,0,,Colin Jones,CAR,0,0,59.6,56.8
2017,9607,5,77.0,,0,HB,5,64.7,Cameron Artis-Payne,CAR,0,0,66.9,61.4
2018,11763,16,58.7,62.6,58,HB,493,91.8,Christian McCaffrey,CAR,40,0,82.8,89.1
2018,9474,14,78.8,,88,WR,406,47.5,Devin Funchess,CAR,340,1,68.4,68.0
2018,48267,16,21.4,64.9,152,WR,432,67.5,DJ Moore,CAR,298,1,71.8,73.7
2018,11795,13,44.4,,79,WR,298,65.1,Curtis Samuel,CAR,239,0,71.5,71.9
2018,7118,16,19.5,,357,WR,387,68.3,Jarius Wright,CAR,49,2,63.7,63.0
2018,42130,12,77.4,72.7,201,TE,315,54.6,Ian Thomas,CAR,64,84,53.3,57.3
2018,3647,9,75.9,63.2,159,TE,246,75.5,Greg Olsen,CAR,49,66,65.8,68.6
2018,6210,11,73.9,,62,WR,207,55.9,Torrey Smith,CAR,160,0,58.4,61.3
2018,10211,16,64.0,86.6,19,TE,54,68.3,Chris Manhertz,CAR,4,70,57.7,47.8
2018,9607,3,77.3,45.4,1,HB,11,70.5,Cameron Artis-Payne,CAR,1,0,74.3,68.1
2018,9964,6,78.9,,5,WR,20,64.7,Damiere Byrd,CAR,15,0,59.7,59.2
2018,7963,6,84.2,77.7,3,HB,20,64.7,Kenjon Barner,CAR,1,0,60.0,54.0
2018,7457,1,74.1,80.0,0,HB,9,64.7,Travaris Cadet,CAR,1,0,46.8,58.9
2018,11948,13,73.1,81.3,0,FB,13,64.7,Alex Armah,CAR,0,4,62.7,54.2
2019,11763,16,81.4,75.5,60,HB,570,82.1,Christian McCaffrey,CAR,47,0,86.5,92.4
2019,48267,15,35.4,75.4,94,WR,580,76.5,DJ Moore,CAR,512,1,82.2,80.2
2019,11795,16,82.6,65.7,193,WR,647,47.6,Curtis Samuel,CAR,475,0,62.7,63.0
2019,3647,14,79.8,70.1,274,TE,453,87.4,Greg Olsen,CAR,87,137,66.9,68.7
2019,7118,16,76.6,66.1,425,WR,509,28.3,Jarius Wright,CAR,103,0,47.8,48.4
2019,42130,15,73.3,78.5,138,TE,184,39.8,Ian Thomas,CAR,21,47,51.8,52.3
2019,6468,7,76.8,,51,WR,110,76.5,Chris Hogan,CAR,61,0,54.9,54.7
2019,8725,8,67.0,,31,WR,89,28.6,Donte Moncrief,CAR,67,0,45.6,47.7
2019,66438,6,73.2,60.9,6,WR,49,54.9,Brandon Zylstra,CAR,43,0,66.4,64.1
2019,47542,8,79.4,38.2,2,HB,34,49.2,Reggie Bonnafon,CAR,3,0,55.4,48.6
2019,9697,7,76.4,,12,WR,47,72.1,DeAndrew White,CAR,35,0,61.3,60.9
2019,9559,6,76.2,61.4,0,HB,41,75.6,Mike Davis,CAR,1,0,53.6,63.8
2019,11948,15,72.3,77.6,1,FB,22,68.3,Alex Armah,CAR,0,5,50.9,55.3
2019,10211,15,61.2,61.7,39,TE,42,64.7,Chris Manhertz,CAR,5,96,62.1,52.2
2020,11254,16,58.2,,190,WR,551,79.9,Robbie Chosen,CAR,389,3,75.1,76.0
2020,48267,15,81.6,,129,WR,535,61.5,DJ Moore,CAR,439,0,79.1,79.1
2020,11795,15,64.0,76.2,332,WR,439,66.5,Curtis Samuel,CAR,99,4,77.1,76.4
2020,9559,15,79.5,52.4,27,HB,303,75.9,Mike Davis,CAR,22,0,75.1,73.2
2020,42130,16,24.5,79.3,267,TE,466,58.3,Ian Thomas,CAR,109,125,42.8,42.2
2020,11763,3,85.1,53.3,13,HB,83,82.7,Christian McCaffrey,CAR,10,0,75.6,75.9
2020,26306,7,42.0,50.9,5,HB,71,56.7,Rodney Smith,CAR,2,0,70.1,52.8
2020,10751,12,88.6,65.7,25,WR,66,45.8,Pharoh Cooper,CAR,44,1,58.5,60.4
2020,10211,16,68.8,61.4,39,TE,123,49.2,Chris Manhertz,CAR,18,163,58.1,41.5
2020,11948,15,73.1,86.0,2,FB,40,27.9,Alex Armah,CAR,14,4,57.0,30.3
2020,9079,7,67.0,,41,WR,58,72.1,Seth Roberts,CAR,20,0,53.4,56.5
2020,66438,13,68.8,,18,WR,75,70.5,Brandon Zylstra,CAR,57,0,54.8,55.6
2020,66446,8,79.2,72.4,5,HB,24,72.1,Trenton Cannon,CAR,2,0,65.0,58.6
2020,12239,13,61.2,82.2,10,TE,36,64.7,Colin Thompson,CAR,7,40,58.7,50.4
2020,47542,1,75.2,,1,HB,9,68.3,Reggie Bonnafon,CAR,0,0,61.6,75.7
2020,48017,1,61.2,,21,WR,24,64.7,Keith Kirkwood,CAR,5,1,50.4,51.1
2020,12134,4,82.2,,0,QB,1,,P.J. Walker,CAR,0,0,56.8,58.4
2021,48267,17,59.7,66.8,120,WR,622,55.1,DJ Moore,CAR,527,0,76.9,76.3
2021,11254,17,80.5,,245,WR,623,60.6,Robbie Chosen,CAR,406,1,60.6,59.3
2021,9487,15,88.9,31.7,15,HB,193,73.2,Ameer Abdullah,CAR,24,0,62.4,73.9
2021,11763,7,70.4,56.8,11,HB,118,90.1,Christian McCaffrey,CAR,7,1,80.6,92.8
2021,57373,16,78.1,52.7,8,HB,178,33.2,Chuba Hubbard,CAR,13,0,64.9,51.4
2021,84025,16,76.2,53.2,134,TE,276,48.2,Tommy Tremble,CAR,39,133,55.2,51.7
2021,84271,13,73.9,,177,WR,277,55.6,Terrace Marshall Jr.,CAR,113,1,53.3,52.9
2021,42130,17,73.9,54.7,131,TE,300,55.9,Ian Thomas,CAR,47,223,52.1,46.8
2021,66438,13,74.2,,96,WR,180,82.7,Brandon Zylstra,CAR,96,0,63.8,65.2
2021,61643,6,70.9,,45,WR,64,74.6,Shi Smith,CAR,18,0,61.4,60.8
2021,8999,9,67.0,,19,WR,35,28.7,Willie Snead IV,CAR,17,0,53.8,57.5
2021,48017,3,65.8,,26,WR,40,36.2,Keith Kirkwood,CAR,17,0,50.3,50.9
2021,26306,2,68.0,47.9,2,HB,30,73.4,Rodney Smith,CAR,0,0,64.7,73.2
2021,11107,12,89.3,,13,WR,32,70.5,Alex Erickson,CAR,22,0,62.9,60.7
2021,13756,16,,73.1,9,FB,45,,Giovanni Ricci,CAR,8,15,43.2,45.2
2021,42541,2,64.0,,11,WR,17,68.3,C.J. Saunders,CAR,7,0,61.4,60.9
2021,47542,1,66.2,53.9,0,HB,8,68.3,Reggie Bonnafon,CAR,0,0,60.5,71.1
2021,12239,9,,25.3,0,TE,11,,Colin Thompson,CAR,1,28,33.6,45.5
2021,40411,3,,20.7,19,TE,27,27.9,Stephen Sullivan,CAR,6,4,43.0,43.2
2022,48267,17,82.1,,149,WR,510,77.9,DJ Moore,CAR,386,4,73.9,76.2
2022,84271,14,26.7,,31,WR,326,65.8,Terrace Marshall Jr.,CAR,312,1,67.7,66.7
2022,61643,16,27.4,,266,WR,321,61.3,Shi Smith,CAR,71,1,52.1,53.0
2022,61220,12,78.5,,50,WR,94,75.5,Laviska Shenault Jr.,CAR,38,8,85.0,86.5
2022,84025,17,24.4,81.0,45,TE,246,56.9,Tommy Tremble,CAR,16,209,49.5,45.8
2022,42130,17,74.9,66.6,27,TE,176,49.3,Ian Thomas,CAR,5,204,49.6,54.7
2022,57373,15,66.4,45.9,2,HB,110,64.4,Chuba Hubbard,CAR,2,0,76.6,59.6
2022,57385,10,85.0,68.8,3,HB,47,78.0,Raheem Blackshear,CAR,5,0,70.3,71.4
2022,13756,13,70.1,76.4,14,TE,62,76.5,Giovanni Ricci,CAR,5,52,63.6,61.3
2022,11844,17,80.2,14.8,0,HB,112,73.4,D'Onta Foreman,CAR,0,0,73.1,52.4
2022,40411,12,66.8,75.7,31,TE,77,68.3,Stephen Sullivan,CAR,4,45,54.8,54.3
2022,57441,2,73.4,43.6,1,HB,18,29.9,Spencer Brown,CAR,0,0,57.6,42.0
2023,8288,17,33.0,46.5,472,WR,637,86.7,Adam Thielen,CAR,205,0,72.7,75.3
2023,97774,15,31.2,76.4,195,WR,539,60.7,Jonathan Mingo,CAR,382,0,54.7,52.6
2023,47702,15,21.7,,128,WR,486,46.1,DJ Chark Jr.,CAR,393,0,60.0,60.0
2023,57373,17,87.7,61.6,3,HB,295,90.1,Chuba Hubbard,CAR,14,0,77.2,62.1
2023,40555,16,56.4,23.3,16,HB,211,66.6,Miles Sanders,CAR,35,0,60.8,68.0
2023,47294,9,74.1,78.7,108,TE,224,57.1,Hayden Hurst,CAR,45,95,44.7,53.1
2023,84271,9,24.3,,65,WR,217,58.1,Terrace Marshall Jr.,CAR,164,0,54.8,56.6
2023,84025,16,75.3,62.0,105,TE,250,85.3,Tommy Tremble,CAR,41,139,55.6,62.0
2023,40411,11,71.9,73.7,56,TE,127,61.8,Stephen Sullivan,CAR,56,24,60.9,61.4
2023,61220,8,28.1,,19,WR,48,78.7,Laviska Shenault Jr.,CAR,23,0,67.4,66.6
2023,61324,13,89.9,,37,WR,55,54.9,Ihmir Smith-Marsette,CAR,22,0,63.6,63.7
2023,42130,11,68.0,32.7,12,TE,77,73.4,Ian Thomas,CAR,7,77,56.9,55.2
2023,57385,9,82.0,44.4,1,HB,31,74.6,Raheem Blackshear,CAR,10,0,63.7,53.9
2023,143358,4,61.2,,8,WR,31,28.8,Mike Strachan,CAR,24,0,54.6,55.7
2023,13756,2,61.2,70.2,3,TE,5,64.7,Giovanni Ricci,CAR,0,1,50.9,58.2
2024,99197,10,79.0,46.2,87,WR,238,47.5,Xavier Legette,CAR,166,0,62.1,62.3
2024,57373,10,46.8,51.8,19,HB,198,88.3,Chuba Hubbard,CAR,21,0,76.4,42.7
2024,144717,10,26.8,49.3,115,TE,201,54.9,Ja'Tavion Sanders,CAR,28,91,54.0,56.1
2024,143068,7,73.9,,121,WR,150,68.7,Jalen Coker,CAR,38,0,77.2,78.0
2024,40555,10,82.9,42.1,19,HB,108,84.1,Miles Sanders,CAR,17,0,68.1,62.7
2024,11981,10,76.8,,28,WR,138,64.4,David Moore,CAR,116,0,62.0,61.5
2024,84025,5,19.2,28.8,42,TE,106,77.3,Tommy Tremble,CAR,15,62,46.2,46.3
2024,8288,3,70.1,,57,WR,74,54.5,Adam Thielen,CAR,21,0,63.7,63.6
2024,42130,5,65.8,71.1,5,TE,24,36.2,Ian Thomas,CAR,0,33,52.8,46.1
2024,40217,3,,68.3,0,TE,3,,Feleipe Franks,CAR,0,2,74.4,54.3
2024,43580,1,,,0,S,1,,Sam Franklin Jr.,CAR,0,0,58.7,58.2
2006,1799,18,47.8,,25,WR,487,62.3,Bernard Berrian,CHI,484,0,73.2,74.0
2006,173,19,47.2,,88,WR,592,67.8,Muhsin Muhammad,CHI,529,1,74.8,74.0
2006,529,19,79.7,68.1,87,TE,464,73.5,Desmond Clark,CHI,7,464,75.3,76.9
2006,2554,19,76.5,62.4,295,WR,328,65.4,Rashied Davis,CHI,47,0,60.2,60.3
2006,585,19,90.1,65.1,10,HB,250,75.3,Thomas Jones,CHI,16,0,59.2,59.9
2006,1279,18,78.6,89.5,6,FB,166,77.8,Jason McKie,CHI,0,47,75.3,61.1
2006,2256,10,73.3,,0,WR,84,81.7,Mark Bradley,CHI,88,0,85.4,83.1
2006,2221,18,79.6,58.5,2,HB,79,60.6,Cedric Benson,CHI,6,0,46.1,63.5
2006,1176,18,69.8,70.8,1,TE,76,76.8,John Gilmore,CHI,1,103,87.4,54.0
2006,1688,10,68.0,74.9,18,TE,67,45.8,Gabe Reid,CHI,1,40,64.1,49.9
2006,1452,4,18.7,,9,WR,54,72.1,Justin Gage,CHI,48,0,56.9,55.7
2006,1177,8,74.7,86.1,0,HB,12,73.4,Adrian Peterson,CHI,0,0,71.0,82.2
2006,1338,19,55.5,61.3,0,QB,1,64.7,Rex Grossman,CHI,0,0,46.3,62.1
2006,3002,1,,,0,CB,1,,Devin Hester,CHI,1,0,57.7,59.3
2007,1799,16,48.9,,32,WR,553,81.1,Bernard Berrian,CHI,541,0,77.2,76.5
2007,173,16,78.0,,214,WR,565,50.0,Muhsin Muhammad,CHI,374,0,64.0,61.7
2007,3647,14,78.5,59.0,87,TE,238,53.3,Greg Olsen,CHI,28,149,74.4,76.5
2007,529,16,31.8,73.7,95,TE,405,54.1,Desmond Clark,CHI,17,373,65.2,60.4
2007,1177,16,63.8,78.4,2,HB,234,74.0,Adrian Peterson,CHI,2,0,63.2,80.8
2007,3002,15,77.0,,10,WR,159,39.1,Devin Hester,CHI,159,0,68.2,70.0
2007,2554,16,73.6,,212,WR,213,30.0,Rashied Davis,CHI,5,0,50.0,49.4
2007,2221,11,53.2,58.0,5,HB,114,28.8,Cedric Benson,CHI,6,1,42.4,37.1
2007,2256,15,68.8,,7,WR,80,49.2,Mark Bradley,CHI,76,0,57.3,57.5
2007,1279,16,22.8,56.6,0,FB,102,56.7,Jason McKie,CHI,0,16,82.8,48.1
2007,3709,10,33.3,84.5,2,HB,35,78.0,Garrett Wolfe,CHI,0,0,56.5,66.6
2007,1176,12,65.8,76.7,0,TE,21,36.2,John Gilmore,CHI,0,28,77.1,56.8
2007,649,8,61.2,64.4,0,T,1,64.7,John St. Clair,CHI,0,1,69.0,90.2
2008,3002,15,42.4,,85,WR,398,51.3,Devin Hester,CHI,329,0,65.0,64.5
2008,3647,16,25.1,67.4,156,TE,417,80.4,Greg Olsen,CHI,69,208,70.5,66.5
2008,4358,16,89.7,74.9,5,HB,329,84.4,Matt Forte,CHI,24,0,59.9,87.5
2008,529,16,30.3,72.5,63,TE,390,59.3,Desmond Clark,CHI,31,327,70.8,53.4
2008,2554,15,78.1,,205,WR,375,28.8,Rashied Davis,CHI,184,0,60.7,59.4
2008,1436,11,75.9,,33,WR,228,75.7,Brandon Lloyd,CHI,202,0,72.4,72.0
2008,487,13,73.2,,39,WR,236,29.9,Marty Booker,CHI,206,0,53.9,54.0
2008,1279,10,29.3,85.8,0,FB,56,78.7,Jason McKie,CHI,0,0,71.2,57.8
2008,1177,8,78.0,80.8,0,HB,33,49.2,Adrian Peterson,CHI,0,0,61.0,50.3
2008,3285,5,64.6,53.7,0,FB,17,28.8,Jason Davis,CHI,0,0,42.8,36.7
2008,1751,8,80.5,56.1,0,HB,17,70.5,Kevin Jones,CHI,2,0,54.8,59.0
2008,4384,4,,,8,WR,10,,Earl Bennett,CHI,2,0,51.8,52.4
2009,3647,16,80.3,46.5,142,TE,491,82.9,Greg Olsen,CHI,46,336,71.5,69.9
2009,3002,13,31.8,,59,WR,414,68.4,Devin Hester,CHI,375,0,71.8,73.1
2009,4384,16,41.6,,328,WR,504,75.0,Earl Bennett,CHI,201,0,69.2,68.2
2009,5064,15,78.8,,23,WR,360,61.9,Johnny Knox,CHI,360,0,66.7,65.8
2009,4358,16,35.4,50.8,16,HB,378,70.3,Matt Forte,CHI,31,0,46.5,57.9
2009,3178,9,75.3,,14,WR,157,62.3,Devin Aromashodu,CHI,149,0,83.9,83.3
2009,529,11,74.1,51.0,26,TE,192,44.9,Desmond Clark,CHI,9,177,65.4,52.2
2009,4472,14,70.6,55.7,7,TE,77,56.7,Kellen Davis,CHI,0,88,69.1,53.1
2009,1279,16,68.0,61.0,1,FB,90,45.8,Jason McKie,CHI,0,2,47.6,40.6
2009,2554,11,68.0,,8,WR,40,46.3,Rashied Davis,CHI,33,0,57.4,56.3
2009,5243,7,81.5,62.9,3,HB,35,28.8,Kahlil Bell,CHI,3,0,49.6,38.1
2009,3709,5,77.9,38.7,1,HB,13,68.3,Garrett Wolfe,CHI,1,0,43.9,58.1
2009,1177,5,72.3,47.1,0,HB,17,29.9,Adrian Peterson,CHI,1,0,51.0,43.6
2010,5064,18,53.5,,82,WR,603,55.2,Johnny Knox,CHI,558,0,71.4,69.8
2010,4358,18,72.0,75.0,42,HB,320,85.7,Matt Forte,CHI,20,0,74.4,78.9
2010,3002,18,79.7,,119,WR,505,44.3,Devin Hester,CHI,415,0,58.3,57.5
2010,4384,16,52.0,,290,WR,360,90.4,Earl Bennett,CHI,84,1,75.1,73.1
2010,3647,18,26.2,67.4,199,TE,443,65.1,Greg Olsen,CHI,21,249,69.5,66.5
2010,1182,18,90.0,69.3,14,HB,133,50.8,Chester Taylor,CHI,7,0,64.3,58.2
2010,3178,14,71.9,,49,WR,127,31.3,Devin Aromashodu,CHI,85,0,65.7,64.5
2010,2554,14,71.1,,59,WR,72,78.0,Rashied Davis,CHI,17,0,75.8,77.2
2010,876,18,68.8,35.3,7,TE,82,74.6,Brandon Manumaleuna,CHI,2,194,62.2,58.7
2010,4472,18,65.8,73.2,3,TE,24,70.5,Kellen Davis,CHI,1,35,77.4,64.1
2010,529,3,61.2,75.8,1,TE,3,28.8,Desmond Clark,CHI,1,0,39.0,34.8
2010,4328,15,62.3,60.3,0,G,0,67.6,Chris Williams,CHI,0,0,61.5,91.3
2011,4358,12,70.1,61.8,23,HB,256,87.2,Matt Forte,CHI,21,0,85.1,82.9
2011,5064,14,28.9,,51,WR,321,63.4,Johnny Knox,CHI,283,0,75.9,74.9
2011,1728,15,77.6,,52,WR,325,31.6,Roy Williams,CHI,287,0,70.9,69.4
2011,6570,14,76.4,,203,WR,241,28.9,Dane Sanzenbacher,CHI,44,0,57.5,57.5
2011,3002,14,26.8,,54,WR,324,45.4,Devin Hester,CHI,286,0,54.1,55.1
2011,4384,11,26.1,,174,WR,259,74.2,Earl Bennett,CHI,97,0,67.4,66.8
2011,4472,16,73.9,68.8,55,TE,215,43.8,Kellen Davis,CHI,7,254,78.8,66.3
2011,5243,7,26.9,72.6,5,HB,100,83.6,Kahlil Bell,CHI,5,0,68.0,67.6
2011,3362,12,70.1,,117,WR,133,54.9,Sam Hurd,CHI,17,0,55.3,54.9
2011,3693,15,69.5,66.9,13,TE,66,75.6,Matt Spaeth,CHI,5,132,78.0,67.7
2011,6124,16,19.2,31.8,0,FB,82,56.7,Tyler Clutts,CHI,2,0,34.8,40.0
2011,2326,11,63.7,63.9,2,HB,48,49.7,Marion Barber III,CHI,7,0,66.5,62.4
2011,6723,2,75.5,74.3,0,HB,5,,Armando Allen,CHI,0,0,67.7,56.3
2011,6556,2,,66.5,0,TE,2,,Kyle Adams,CHI,0,3,56.9,56.1
2012,3064,16,39.6,,128,WR,543,48.9,Brandon Marshall,CHI,448,0,90.4,90.1
2012,4358,15,74.6,77.2,16,HB,274,62.2,Matt Forte,CHI,34,0,67.6,62.5
2012,7048,10,75.9,,31,WR,261,65.2,Alshon Jeffery,CHI,251,0,66.0,66.4
2012,4384,12,76.3,66.1,200,WR,273,76.7,Earl Bennett,CHI,95,0,67.3,66.1
2012,4472,16,24.4,69.5,155,TE,361,27.0,Kellen Davis,CHI,13,351,60.4,44.1
2012,3002,15,76.6,,62,WR,247,41.6,Devin Hester,CHI,200,0,55.1,54.8
2012,3716,13,69.2,56.3,1,HB,68,77.3,Michael Bush,CHI,6,0,72.1,72.3
2012,3693,16,68.8,75.3,6,TE,93,49.7,Matt Spaeth,CHI,9,123,77.7,43.7
2012,6556,15,67.0,70.9,44,TE,91,28.6,Kyle Adams,CHI,14,32,46.7,40.9
2012,7111,12,67.0,47.8,2,FB,43,41.6,Evan Rodriguez,CHI,7,5,67.0,47.3
2012,4097,8,64.0,,11,WR,51,68.3,Eric Weems,CHI,42,2,61.6,57.0
2012,5243,6,28.8,64.1,1,HB,11,68.3,Kahlil Bell,CHI,2,0,47.8,28.7
2012,6723,7,79.1,65.4,0,HB,12,68.3,Armando Allen,CHI,5,0,70.8,63.5
2012,5170,11,62.3,75.7,0,G,0,67.6,Lance Louis,CHI,0,0,63.7,66.9
2013,3064,16,87.4,55.9,285,WR,606,35.3,Brandon Marshall,CHI,350,3,91.6,90.0
2013,7048,16,27.9,89.4,129,WR,600,76.6,Alshon Jeffery,CHI,497,10,86.9,83.9
2013,4375,16,46.9,45.0,342,TE,520,73.5,Martellus Bennett,CHI,43,211,75.1,76.0
2013,4358,16,79.6,67.7,26,HB,433,77.2,Matt Forte,CHI,23,1,72.4,79.9
2013,4384,15,77.3,69.8,114,WR,363,70.8,Earl Bennett,CHI,270,1,62.8,58.8
2013,3716,14,84.6,66.9,1,HB,41,28.6,Michael Bush,CHI,1,0,55.8,39.7
2013,5052,15,67.0,86.5,2,FB,49,42.1,Tony Fiammetta,CHI,5,6,70.3,50.3
2013,3771,15,61.2,85.5,40,TE,103,64.7,Dante Rosario,CHI,34,33,59.1,44.7
2013,4097,3,70.9,,3,WR,7,64.7,Eric Weems,CHI,4,0,65.5,56.1
2013,6028,4,,75.7,2,TE,13,,Steve Maneri,CHI,1,22,48.6,47.6
2013,8019,8,64.0,,10,WR,37,68.3,Marquess Wilson,CHI,30,0,54.7,54.9
2013,7801,16,18.9,75.1,0,G,0,67.6,Kyle Long,CHI,0,0,70.4,28.6
2014,7048,16,57.0,70.2,134,WR,622,66.5,Alshon Jeffery,CHI,524,7,76.7,76.3
2014,4375,16,83.1,59.4,294,TE,551,54.8,Martellus Bennett,CHI,81,272,79.5,78.3
2014,4358,16,79.5,55.1,19,HB,509,78.0,Matt Forte,CHI,22,0,63.6,69.2
2014,3064,13,45.8,77.0,250,WR,481,60.3,Brandon Marshall,CHI,263,2,74.8,71.9
2014,8019,7,73.6,,93,WR,251,41.9,Marquess Wilson,CHI,175,0,53.4,51.8
2014,3771,16,25.5,45.6,34,TE,152,82.2,Dante Rosario,CHI,29,57,57.6,53.3
2014,4488,14,72.7,,156,WR,249,43.8,Josh Morgan,CHI,110,5,52.5,47.1
2014,2970,9,25.5,,72,WR,172,76.5,Santonio Holmes,CHI,113,0,52.1,52.2
2014,8752,12,81.2,51.3,0,HB,42,73.4,Ka'Deem Carey,CHI,3,2,52.7,58.9
2014,3517,1,61.2,65.0,1,WR,9,28.8,Micheal Spurlock,CHI,9,1,37.1,39.5
2014,7472,2,,,1,WR,8,,Josh Bellamy,CHI,7,0,54.3,54.7
2014,9035,1,67.8,,0,HB,1,64.7,Senorise Perry,CHI,0,0,61.6,65.4
2014,4962,9,,67.9,0,G,1,,Eben Britton,CHI,0,41,67.8,60.0
2015,7048,9,79.8,,78,WR,281,87.9,Alshon Jeffery,CHI,217,0,92.0,92.1
2015,4375,11,25.1,61.9,88,TE,337,67.2,Martellus Bennett,CHI,87,230,73.0,66.3
2015,4358,13,72.3,52.2,32,HB,288,69.9,Matt Forte,CHI,36,5,70.7,68.2
2015,4356,9,78.2,,168,WR,272,63.4,Eddie Royal,CHI,116,0,59.4,58.0
2015,8019,11,76.1,,130,WR,369,46.7,Marquess Wilson,CHI,262,0,63.5,62.6
2015,5104,15,77.7,79.4,75,TE,213,90.0,Zach Miller,CHI,40,141,86.3,90.0
2015,9539,15,90.3,41.8,16,HB,166,27.3,Jeremy Langford,CHI,20,1,61.1,46.1
2015,7472,15,74.1,,54,WR,217,57.1,Josh Bellamy,CHI,172,0,60.7,60.2
2015,5745,15,63.6,65.9,272,WR,322,85.3,Marc Mariani,CHI,62,2,67.5,65.4
2015,10008,9,71.5,,15,WR,87,60.6,Cameron Meredith,CHI,75,0,62.4,62.1
2015,6221,9,67.0,47.6,23,TE,46,72.1,Rob Housler,CHI,12,19,64.5,61.8
2015,8752,7,44.7,12.0,3,HB,25,70.5,Ka'Deem Carey,CHI,0,0,61.0,60.4
2015,7513,5,77.9,,5,WR,23,68.3,Deonte Thompson,CHI,20,0,69.8,74.7
2015,10018,10,61.2,64.1,6,TE,26,28.8,Khari Lee,CHI,2,36,54.1,44.4
2015,6297,5,81.8,82.5,0,HB,17,64.7,Jacquizz Rodgers,CHI,2,0,70.4,55.3
2016,10008,14,22.6,,235,WR,428,50.5,Cameron Meredith,CHI,220,0,73.7,73.0
2016,7048,12,79.6,,81,WR,439,66.3,Alshon Jeffery,CHI,381,0,74.5,73.8
2016,5104,10,79.1,69.5,149,TE,304,85.9,Zach Miller,CHI,18,168,73.0,72.7
2016,10784,15,74.1,81.9,10,HB,303,28.8,Jordan Howard,CHI,14,2,73.8,41.0
2016,4356,9,51.7,,173,WR,228,79.9,Eddie Royal,CHI,66,0,65.1,64.2
2016,7472,12,76.3,,44,WR,172,28.0,Josh Bellamy,CHI,139,1,70.8,67.9
2016,7513,13,50.4,,20,WR,176,73.5,Deonte Thompson,CHI,174,0,70.5,69.5
2016,9440,4,74.8,,34,WR,133,70.7,Kevin White,CHI,104,0,66.0,66.0
2016,9539,12,30.0,77.1,6,HB,135,58.3,Jeremy Langford,CHI,4,0,54.4,59.3
2016,10144,6,73.3,29.5,53,TE,151,67.0,Daniel Brown,CHI,5,123,59.6,61.0
2016,8019,3,70.6,,7,WR,63,38.7,Marquess Wilson,CHI,61,0,74.6,72.4
2016,8752,11,80.9,86.9,2,HB,45,29.2,Ka'Deem Carey,CHI,3,0,59.4,44.6
2016,5795,16,67.0,64.9,14,TE,94,28.7,Logan Paulsen,CHI,2,145,48.6,30.6
2016,11335,9,67.0,60.2,12,TE,40,72.1,Ben Braunecker,CHI,2,40,59.5,56.7
2016,10864,3,61.2,,10,WR,10,64.7,Daniel Braverman,CHI,1,0,74.5,73.1
2016,9576,4,64.0,74.9,1,TE,8,68.3,MyCole Pruitt,CHI,1,6,52.9,56.4
2016,9802,8,69.8,51.5,0,FB,14,64.7,Paul Lasike,CHI,2,0,58.7,54.1
2016,7880,7,49.8,,0,QB,1,64.7,Matt Barkley,CHI,0,0,73.0,80.3
2016,11013,2,82.6,,0,WR,2,64.7,Bralon Addison,CHI,0,0,76.9,79.9
2017,7026,16,80.4,,306,WR,408,76.6,Kendall Wright,CHI,124,5,73.2,72.4
2017,11874,16,50.8,66.2,62,HB,198,81.8,Tarik Cohen,CHI,57,6,77.5,84.9
2017,7472,13,75.6,,58,WR,271,41.6,Josh Bellamy,CHI,220,4,63.8,61.3
2017,6597,11,75.5,,44,WR,266,33.4,Dontrelle Inman,CHI,242,0,66.0,63.0
2017,5104,8,74.6,70.9,123,TE,178,71.3,Zach Miller,CHI,23,50,66.6,63.5
2017,10784,16,86.3,75.6,1,HB,190,29.7,Jordan Howard,CHI,5,0,63.9,39.7
2017,7888,14,73.0,77.5,37,TE,175,38.1,Dion Sims,CHI,9,193,56.8,55.2
2017,8283,14,29.7,52.6,1,HB,121,70.7,Benny Cunningham,CHI,0,0,62.8,75.4
2017,10144,10,72.3,74.5,112,TE,171,47.7,Daniel Brown,CHI,6,66,54.7,55.1
2017,7860,11,65.8,,16,WR,116,36.2,Markus Wheaton,CHI,109,0,49.8,51.1
2017,9678,8,70.6,,20,WR,118,77.3,Tre McBride,CHI,110,0,63.5,63.4
2017,11800,13,71.9,57.6,5,TE,66,79.4,Adam Shaheen,CHI,10,65,72.2,84.0
2017,12170,4,65.8,,9,WR,80,36.8,Tanner Gentry,CHI,77,0,53.0,50.0
2017,9440,1,64.0,,4,WR,24,68.3,Kevin White,CHI,23,0,55.9,53.2
2017,9601,16,70.0,89.3,2,FB,40,68.3,Michael Burton,CHI,3,2,53.0,54.6
2018,8696,14,38.9,67.6,205,WR,492,84.7,Allen Robinson II,CHI,317,4,77.7,78.7
2018,9002,17,54.1,65.3,128,WR,520,82.3,Taylor Gabriel,CHI,419,5,68.8,69.5
2018,11874,17,30.3,60.8,68,HB,346,88.1,Tarik Cohen,CHI,64,1,71.4,82.3
2018,9185,16,41.9,65.7,233,TE,490,75.3,Trey Burton,CHI,129,187,69.4,64.4
2018,48160,15,81.2,,285,WR,395,55.9,Anthony Miller,CHI,124,9,60.6,61.7
2018,10784,17,74.1,86.3,2,HB,217,83.6,Jordan Howard,CHI,2,6,69.3,63.8
2018,7472,16,74.6,69.4,88,WR,166,67.0,Josh Bellamy,CHI,86,11,59.3,60.1
2018,45675,9,78.5,33.1,7,HB,44,54.5,Taquan Mizzell Sr.,CHI,17,0,60.0,71.6
2018,11800,7,70.6,48.1,33,TE,86,77.3,Adam Shaheen,CHI,18,56,54.2,55.0
2018,9440,9,68.0,,11,WR,70,73.4,Kevin White,CHI,67,0,63.4,63.9
2018,11335,14,68.8,70.8,23,TE,52,74.6,Ben Braunecker,CHI,17,21,61.1,60.6
2018,41406,3,67.0,,5,WR,11,72.1,Javon Wims,CHI,7,0,74.2,73.3
2018,7888,8,64.0,68.1,14,TE,62,29.9,Dion Sims,CHI,10,68,38.6,36.3
2018,7693,10,61.2,54.9,0,T,4,64.7,Bradley Sowell,CHI,0,15,60.6,77.6
2018,8283,7,78.8,52.0,0,HB,8,64.7,Benny Cunningham,CHI,0,1,44.9,65.8
2018,5214,4,25.1,,0,QB,3,64.7,Chase Daniel,CHI,1,0,57.6,89.1
2018,9601,5,61.2,82.3,1,FB,6,64.7,Michael Burton,CHI,1,1,75.9,56.8
2019,8696,16,83.5,65.1,277,WR,630,90.0,Allen Robinson II,CHI,390,3,80.8,81.1
2019,11874,16,90.8,70.6,112,HB,361,68.4,Tarik Cohen,CHI,56,15,60.6,61.4
2019,48160,16,40.7,,383,WR,467,66.1,Anthony Miller,CHI,98,11,66.0,67.9
2019,9002,9,77.4,62.4,70,WR,292,49.9,Taylor Gabriel,CHI,244,0,62.0,61.5
2019,41406,16,73.9,70.4,65,WR,288,43.3,Javon Wims,CHI,235,5,52.0,50.5
2019,45719,16,72.5,78.6,5,HB,239,65.0,David Montgomery,CHI,11,2,66.6,65.8
2019,9185,8,72.7,56.5,99,TE,175,49.6,Trey Burton,CHI,38,64,49.2,48.3
2019,7810,14,84.8,80.5,40,WR,126,78.7,Cordarrelle Patterson,CHI,83,9,54.7,53.7
2019,11800,8,72.0,70.6,25,TE,70,78.0,Adam Shaheen,CHI,25,36,61.2,62.0
2019,11335,8,68.8,45.2,42,TE,78,49.2,Ben Braunecker,CHI,13,39,55.7,55.9
2019,91465,6,70.6,67.4,44,TE,86,77.3,Jesper Horsted,CHI,36,14,54.1,58.0
2019,11062,14,71.7,78.3,12,TE,88,52.1,J.P. Holtz,CHI,19,95,66.9,52.8
2019,47933,5,68.8,,19,WR,72,74.6,Riley Ridley,CHI,54,1,63.8,63.4
2019,11929,2,64.0,70.2,11,TE,26,29.9,Eric Saubert,CHI,6,12,52.3,50.2
2020,8696,17,84.1,65.6,193,WR,636,91.3,Allen Robinson II,CHI,461,1,88.3,88.5
2020,48236,16,47.0,,111,WR,524,83.9,Darnell Mooney,CHI,426,0,68.7,67.3
2020,48160,17,46.5,,427,WR,446,71.9,Anthony Miller,CHI,32,1,58.2,58.8
2020,5619,17,38.1,54.3,218,TE,403,87.2,Jimmy Graham,CHI,77,162,64.5,67.4
2020,45719,16,76.0,60.9,13,HB,414,80.8,David Montgomery,CHI,22,4,80.2,65.8
2020,60995,17,27.8,63.0,117,TE,279,78.0,Cole Kmet,CHI,59,175,57.7,57.1
2020,7810,16,89.9,,16,HB,124,71.3,Cordarrelle Patterson,CHI,34,3,69.6,69.0
2020,41406,14,70.3,,30,WR,177,32.2,Javon Wims,CHI,153,0,53.5,51.8
2020,8524,13,72.6,65.3,12,TE,74,31.8,Demetrius Harris,CHI,20,77,58.5,48.0
2020,45753,14,74.8,64.9,0,HB,44,76.5,Ryan Nall,CHI,4,0,59.9,75.4
2020,11874,3,78.1,83.4,6,HB,54,49.2,Tarik Cohen,CHI,13,0,62.6,55.6
2020,47933,4,68.8,,5,WR,38,74.6,Riley Ridley,CHI,34,0,75.0,72.3
2020,9859,5,48.4,,16,WR,22,41.6,DeAndre Carter,CHI,7,0,52.6,54.6
2020,3625,6,74.5,,9,WR,42,70.5,Ted Ginn Jr.,CHI,34,0,56.6,58.5
2020,7112,8,61.2,70.8,0,T,1,64.7,Bobby Massie,CHI,0,0,72.6,89.1
2021,48236,17,83.0,65.8,284,WR,613,79.4,Darnell Mooney,CHI,362,0,74.7,74.9
2021,60995,17,80.7,44.5,285,TE,499,64.4,Cole Kmet,CHI,86,212,63.4,63.4
2021,8696,12,78.1,62.2,139,WR,363,74.3,Allen Robinson II,CHI,244,3,66.9,67.0
2021,45719,13,83.7,76.6,16,HB,289,68.6,David Montgomery,CHI,35,7,69.8,69.2
2021,7859,14,25.4,,30,WR,241,84.1,Marquise Goodwin,CHI,226,0,62.5,64.6
2021,9964,17,76.4,,190,WR,394,54.9,Damiere Byrd,CHI,215,1,53.8,54.5
2021,9205,12,82.5,72.6,16,HB,97,67.0,Damien Williams,CHI,7,0,71.4,63.9
2021,5619,15,73.3,48.6,57,TE,130,66.7,Jimmy Graham,CHI,37,53,69.7,70.9
2021,10820,13,30.0,,53,WR,90,47.7,Jakeem Grant Sr.,CHI,32,0,63.7,61.4
2021,41668,16,73.0,61.5,16,HB,141,51.2,Khalil Herbert,CHI,10,3,78.8,54.6
2021,9593,13,69.5,76.4,29,TE,100,75.6,Jesse James,CHI,11,96,59.4,56.3
2021,61510,3,75.8,,29,WR,63,68.3,Dazz Newsome,CHI,35,0,48.1,51.6
2021,91465,4,64.0,,2,TE,6,68.3,Jesper Horsted,CHI,3,1,87.7,82.9
2021,55307,1,,,0,WR,13,,Isaiah Coulter,CHI,13,0,52.3,53.0
2021,45753,4,64.6,76.9,2,HB,10,64.7,Ryan Nall,CHI,1,1,71.0,55.8
2021,11925,1,,,0,WR,4,27.9,Rodney Adams,CHI,5,0,39.1,41.4
2022,42312,15,41.9,69.6,275,WR,423,77.0,Chase Claypool,CHI,177,2,61.8,62.7
2022,60995,17,39.0,68.8,216,TE,428,79.6,Cole Kmet,CHI,68,221,67.6,66.1
2022,48236,12,78.2,68.2,204,WR,312,82.2,Darnell Mooney,CHI,128,0,69.2,68.9
2022,45719,16,69.0,57.4,32,HB,270,80.5,David Montgomery,CHI,28,0,67.9,64.0
2022,47967,16,76.5,80.5,94,WR,280,71.3,Equanimeous St. Brown,CHI,206,6,64.2,60.9
2022,48113,17,84.5,75.3,143,WR,308,49.5,Dante Pettis,CHI,183,1,53.3,53.5
2022,42345,11,71.1,71.6,44,WR,152,78.0,Byron Pringle,CHI,115,2,62.9,64.7
2022,40573,11,44.6,,14,WR,71,52.1,Velus Jones Jr.,CHI,59,0,64.9,62.8
2022,41668,13,90.0,54.4,13,HB,107,38.4,Khalil Herbert,CHI,8,1,72.5,46.5
2022,48297,7,69.5,,22,WR,79,75.6,N'Keal Harry,CHI,66,0,65.1,66.5
2022,7982,14,67.0,64.5,12,TE,45,72.1,Ryan Griffin,CHI,0,51,52.7,51.4
2022,57159,10,81.8,75.5,10,HB,35,70.5,Trestan Ebner,CHI,2,0,52.5,53.1
2022,42018,11,65.8,78.0,6,TE,34,36.2,Trevon Wesco,CHI,1,46,66.7,53.2
2022,48107,1,13.3,,0,WR,7,68.3,Nsimba Webster,CHI,7,0,46.6,48.2
2022,40692,4,75.5,76.3,5,HB,27,68.3,Darrynton Evans,CHI,0,2,54.2,60.4
2022,44889,16,,79.4,7,FB,32,,Khari Blasingame,CHI,4,17,59.6,43.6
2022,60864,3,,,1,TE,3,,Jake Tonges,CHI,1,1,52.5,55.7
2023,48267,17,57.4,,133,WR,591,90.5,DJ Moore,CHI,480,0,89.3,89.5
2023,60995,17,50.9,64.3,242,TE,425,90.4,Cole Kmet,CHI,51,210,73.7,77.7
2023,48236,15,77.1,39.6,320,WR,466,41.0,Darnell Mooney,CHI,159,3,55.2,58.9
2023,99467,15,65.9,64.8,7,HB,190,71.6,Roschon Johnson,CHI,19,7,65.8,60.7
2023,123578,17,28.2,80.6,57,WR,257,41.9,Tyler Scott,CHI,211,3,52.7,53.2
2023,41668,12,72.8,53.3,11,HB,146,84.1,Khalil Herbert,CHI,4,1,77.9,67.5
2023,12193,17,71.9,59.7,80,TE,164,61.8,Robert Tonyan,CHI,38,60,49.6,54.9
2023,11844,9,67.8,29.5,6,HB,96,60.2,D'Onta Foreman,CHI,7,0,74.0,58.3
2023,40573,12,80.5,,17,WR,54,29.7,Velus Jones Jr.,CHI,40,0,53.1,49.6
2023,47967,7,68.8,72.0,35,WR,111,74.6,Equanimeous St. Brown,CHI,81,2,55.1,56.3
2023,44889,16,73.2,57.0,11,FB,44,36.2,Khari Blasingame,CHI,12,12,55.8,41.3
2023,2973,16,67.0,68.4,0,TE,39,72.1,Marcedes Lewis,CHI,0,103,77.1,65.3
2023,11932,13,87.3,62.4,40,WR,60,64.7,Trent Taylor,CHI,24,0,51.8,52.3
2023,45859,2,,,0,HB,3,27.9,Travis Homer,CHI,0,0,37.9,26.0
2023,47808,3,61.2,,6,WR,14,64.7,Collin Johnson,CHI,9,0,66.9,64.0
2024,48267,9,79.6,,95,WR,347,76.5,DJ Moore,CHI,280,0,65.7,65.3
2024,73774,9,27.6,62.3,117,WR,322,56.1,Rome Odunze,CHI,235,0,62.0,62.9
2024,7857,7,76.1,66.4,138,WR,232,65.8,Keenan Allen,CHI,116,0,60.9,62.3
2024,60995,9,76.6,63.2,146,TE,250,88.0,Cole Kmet,CHI,28,119,68.4,67.5
2024,57212,9,58.1,40.2,15,HB,188,86.5,D'Andre Swift,CHI,27,0,61.9,61.2
2024,9859,5,84.8,73.7,61,WR,77,77.3,DeAndre Carter,CHI,27,0,53.7,57.1
2024,99467,7,81.7,43.4,3,HB,81,78.7,Roschon Johnson,CHI,3,1,68.8,67.0
2024,11799,9,69.5,69.0,50,TE,108,52.1,Gerald Everett,CHI,14,48,45.9,42.3
2024,40573,1,68.6,,1,HB,1,64.7,Velus Jones Jr.,CHI,0,0,71.7,61.0
2024,2973,9,61.2,79.6,5,TE,21,28.8,Marcedes Lewis,CHI,1,30,46.2,33.7
2006,806,16,83.3,,39,WR,552,65.9,Chad Johnson,CIN,538,0,87.5,89.5
2006,921,14,83.1,,304,WR,478,87.5,T.J. Houshmandzadeh,CIN,191,1,88.4,88.9
2006,2300,13,77.7,60.9,31,WR,335,64.5,Chris Henry,CIN,318,1,77.3,77.0
2006,468,16,74.6,74.0,45,TE,326,59.2,Reggie Kelly,CIN,12,242,68.7,51.7
2006,857,16,64.6,91.4,2,HB,245,72.8,Rudi Johnson,CIN,1,2,58.3,53.4
2006,1001,16,81.0,89.2,7,HB,169,74.3,Kenny Watson,CIN,6,1,71.0,68.2
2006,887,16,73.0,48.2,23,TE,120,81.1,Tony Stewart,CIN,10,65,71.6,71.3
2006,1380,5,70.6,,73,WR,99,77.3,Kelley Washington,CIN,27,0,70.9,65.8
2006,1747,4,75.8,79.0,1,HB,21,78.0,Chris Perry,CIN,4,0,82.6,87.6
2006,1430,16,76.8,46.8,3,FB,106,32.2,Jeremi Johnson,CIN,3,5,78.3,37.1
2006,2407,2,70.0,73.4,9,WR,17,73.4,Tab Perry,CIN,5,0,67.4,75.6
2006,946,3,65.8,,6,WR,37,70.5,Antonio Chatman,CIN,34,0,61.5,61.1
2006,3355,8,61.2,,24,WR,27,64.7,Glenn Holt,CIN,3,0,55.5,50.5
2007,921,16,38.9,,382,WR,577,71.0,T.J. Houshmandzadeh,CIN,218,0,82.3,82.5
2007,806,16,31.0,,39,WR,573,53.5,Chad Johnson,CIN,560,0,84.9,86.0
2007,1001,16,59.0,65.6,10,HB,290,88.7,Kenny Watson,CIN,4,0,70.7,65.7
2007,2300,8,74.6,,14,WR,209,29.7,Chris Henry,CIN,205,0,65.6,65.6
2007,946,12,74.5,,54,WR,129,56.9,Antonio Chatman,CIN,82,0,65.5,67.1
2007,468,15,74.4,81.9,72,TE,357,70.5,Reggie Kelly,CIN,9,238,66.3,43.9
2007,3355,9,74.2,,25,WR,120,81.7,Glenn Holt,CIN,97,0,78.3,75.0
2007,3908,15,71.9,75.2,30,TE,117,31.6,Daniel Coats,CIN,14,61,60.7,55.5
2007,857,11,46.9,49.5,3,HB,151,63.5,Rudi Johnson,CIN,2,0,51.2,51.6
2007,1430,16,73.6,69.8,4,FB,104,74.6,Jeremi Johnson,CIN,0,3,86.4,55.2
2007,2407,2,64.6,,15,WR,28,64.7,Tab Perry,CIN,14,0,54.2,52.0
2007,3299,7,78.4,54.7,1,HB,20,46.3,DeDe Dorsey,CIN,0,0,76.8,61.2
2007,3070,3,67.4,,21,WR,26,70.5,Skyler Green,CIN,9,0,60.1,63.3
2007,2440,3,61.2,,2,WR,11,64.7,Marcus Maxwell,CIN,9,0,67.7,63.0
2008,921,15,83.2,,425,WR,555,68.6,T.J. Houshmandzadeh,CIN,150,0,74.5,72.5
2008,806,13,79.8,42.4,44,WR,511,54.3,Chad Johnson,CIN,486,0,65.1,65.2
2008,2300,12,74.1,,40,WR,282,33.8,Chris Henry,CIN,247,0,53.5,52.8
2008,468,16,76.6,63.3,71,TE,326,68.1,Reggie Kelly,CIN,5,266,61.0,37.2
2008,1747,13,27.2,74.4,10,HB,183,47.8,Chris Perry,CIN,6,0,36.3,51.8
2008,946,10,25.6,,64,WR,171,71.3,Antonio Chatman,CIN,114,0,59.8,59.9
2008,2199,10,23.0,53.0,84,TE,185,52.8,Ben Utecht,CIN,11,79,44.1,43.7
2008,2221,11,85.3,63.8,0,HB,164,83.6,Cedric Benson,CIN,0,0,53.9,69.0
2008,4411,6,74.1,,48,WR,86,78.7,Andre Caldwell,CIN,38,0,67.2,59.3
2008,3355,8,65.8,,9,WR,66,25.5,Glenn Holt,CIN,58,0,48.0,42.6
2008,3908,15,65.8,54.7,3,FB,89,26.5,Daniel Coats,CIN,7,29,54.4,29.1
2008,1001,9,75.4,29.0,0,HB,70,36.2,Kenny Watson,CIN,1,0,40.7,39.0
2008,4634,4,74.5,76.9,2,HB,23,74.6,James Johnson,CIN,0,0,60.1,65.5
2008,1899,6,64.0,68.2,4,TE,25,68.3,Nate Lawrie,CIN,2,17,56.2,46.9
2008,4360,5,61.2,,0,WR,8,64.7,Jerome Simpson,CIN,10,0,46.4,47.6
2008,3299,3,70.9,70.7,1,HB,10,68.3,DeDe Dorsey,CIN,1,0,54.4,73.3
2008,2467,12,29.7,,0,QB,0,,Ryan Fitzpatrick,CIN,0,0,53.9,
2009,806,17,24.3,,52,WR,545,67.5,Chad Johnson,CIN,526,0,82.7,82.9
2009,4411,17,40.4,70.9,298,WR,402,59.5,Andre Caldwell,CIN,127,0,67.7,66.4
2009,638,17,38.8,,183,WR,417,57.4,Laveranues Coles,CIN,251,0,68.2,66.3
2009,2046,16,27.0,49.8,50,TE,239,66.0,John Paul Foschi,CIN,7,213,59.1,51.7
2009,3668,15,46.0,77.9,5,HB,181,88.3,Brian Leonard,CIN,9,0,64.4,68.2
2009,3908,17,16.1,70.0,47,TE,211,26.9,Daniel Coats,CIN,6,171,45.7,28.6
2009,2221,14,89.0,64.5,1,HB,189,50.6,Cedric Benson,CIN,1,0,62.0,47.8
2009,2300,8,72.3,,6,WR,134,80.0,Chris Henry,CIN,138,0,68.9,68.2
2009,1343,13,64.2,61.9,5,HB,116,67.7,Larry Johnson,CIN,2,0,47.8,55.9
2009,1430,17,21.5,59.9,0,FB,87,28.8,Jeremi Johnson,CIN,1,2,67.7,36.6
2009,5342,6,70.3,,27,WR,37,52.1,Quan Cosby,CIN,11,0,77.0,76.1
2009,5133,8,58.4,78.7,2,HB,37,73.4,Bernard Scott,CIN,1,0,68.5,72.1
2009,4779,5,,,1,WR,19,,Maurice Purify,CIN,19,0,54.6,51.3
2009,4360,1,,,2,WR,8,,Jerome Simpson,CIN,7,0,55.3,55.2
2010,188,14,81.6,66.5,96,WR,521,48.9,Terrell Owens,CIN,455,3,69.9,69.4
2010,806,14,81.2,,28,WR,539,51.1,Chad Johnson,CIN,545,0,70.2,70.1
2010,5546,15,25.0,61.9,60,TE,378,40.3,Jermaine Gresham,CIN,14,327,64.6,59.8
2010,5608,15,79.5,,408,WR,428,86.9,Jordan Shipley,CIN,40,0,66.9,66.3
2010,4411,15,75.8,,75,WR,176,52.7,Andre Caldwell,CIN,105,0,66.0,64.3
2010,2221,16,36.9,65.7,1,HB,238,76.3,Cedric Benson,CIN,3,0,58.2,62.4
2010,4360,5,19.7,,4,WR,70,70.5,Jerome Simpson,CIN,66,0,82.6,83.7
2010,3668,11,77.0,75.8,8,HB,141,70.7,Brian Leonard,CIN,16,6,58.3,57.7
2010,5133,13,85.0,55.9,4,HB,85,60.6,Bernard Scott,CIN,4,2,69.2,49.3
2010,468,16,71.1,58.0,17,TE,151,78.0,Reggie Kelly,CIN,7,135,63.7,41.8
2010,5021,6,65.8,74.3,8,TE,28,70.5,Chase Coffman,CIN,2,22,70.6,71.6
2010,3051,7,64.0,70.5,23,TE,42,68.3,Garrett Mills,CIN,6,21,49.7,47.5
2010,5109,3,66.7,81.6,0,HB,18,64.7,Cedric Peerman,CIN,3,0,60.1,59.5
2010,5342,7,64.0,,5,WR,16,68.3,Quan Cosby,CIN,11,0,59.7,59.5
2010,5347,6,64.6,25.5,0,FB,12,64.7,Chris Pressley,CIN,0,0,50.7,57.3
2010,3000,16,61.2,81.3,0,T,10,64.7,Andrew Whitworth,CIN,0,14,90.9,61.7
2011,6156,16,81.9,,82,WR,544,64.0,A.J. Green,CIN,499,0,72.0,74.5
2011,4360,17,79.7,68.1,58,WR,569,34.5,Jerome Simpson,CIN,547,0,64.2,64.2
2011,5546,15,44.4,63.8,116,TE,441,59.6,Jermaine Gresham,CIN,33,405,73.9,75.4
2011,4411,13,77.7,68.1,229,WR,331,48.3,Andre Caldwell,CIN,123,0,54.2,54.0
2011,6125,14,76.8,,145,WR,155,85.3,Andrew Hawkins,CIN,16,0,80.2,76.9
2011,3668,14,80.6,70.1,2,HB,152,76.7,Brian Leonard,CIN,4,0,72.3,78.6
2011,2221,16,50.8,78.9,3,HB,200,28.5,Cedric Benson,CIN,8,0,66.1,30.9
2011,5133,17,89.6,41.5,0,HB,78,35.6,Bernard Scott,CIN,6,0,62.1,37.0
2011,1465,10,71.9,65.0,14,TE,93,79.4,Donald Lee,CIN,4,104,70.7,73.1
2011,6712,10,68.0,46.7,12,TE,48,73.4,Colin Cochart,CIN,1,62,60.0,55.4
2011,6319,4,68.8,68.1,47,WR,59,74.6,Ryan Whalen,CIN,16,0,62.1,60.2
2011,5608,2,15.2,,37,WR,37,72.1,Jordan Shipley,CIN,2,0,47.7,48.1
2011,5347,16,67.0,78.5,0,FB,59,72.1,Chris Pressley,CIN,0,0,77.0,59.4
2011,6187,17,79.2,,0,QB,1,,Andy Dalton,CIN,0,0,62.2,60.0
2012,6156,17,34.9,62.4,88,WR,615,58.8,A.J. Green,CIN,559,0,88.9,87.8
2012,5546,17,26.5,61.4,161,TE,511,37.7,Jermaine Gresham,CIN,55,419,65.1,62.4
2012,6125,15,54.4,,375,WR,412,73.0,Andrew Hawkins,CIN,54,1,67.6,66.3
2012,7158,11,75.9,68.1,43,WR,249,49.5,Marvin Jones Jr.,CIN,223,0,62.1,60.3
2012,4599,16,67.1,74.7,3,HB,250,63.4,BenJarvus Green-Ellis,CIN,8,0,63.5,53.5
2012,7084,8,25.5,,75,WR,111,82.2,Mohamed Sanu,CIN,39,1,71.7,69.1
2012,5006,16,72.9,71.5,37,WR,169,80.0,Brandon Tate,CIN,140,2,62.6,61.2
2012,3668,16,81.2,69.7,11,HB,117,43.8,Brian Leonard,CIN,7,5,58.5,43.8
2012,6319,7,69.5,,30,WR,54,75.6,Ryan Whalen,CIN,24,0,72.7,70.7
2012,5109,9,81.1,36.7,2,HB,42,77.3,Cedric Peerman,CIN,2,0,71.4,75.7
2012,7116,17,70.1,77.7,27,TE,98,76.5,Orson Charles,CIN,9,88,62.8,63.7
2012,5347,14,61.2,29.7,0,FB,34,28.9,Chris Pressley,CIN,0,0,52.3,36.1
2012,5662,6,,77.4,0,FB,10,,John Conner,CIN,1,0,51.9,52.9
2012,6570,3,61.2,,31,WR,42,28.9,Dane Sanzenbacher,CIN,13,0,48.8,48.6
2013,6156,17,58.4,,134,WR,674,58.9,A.J. Green,CIN,569,0,81.4,80.7
2013,7158,17,81.4,,76,WR,428,76.0,Marvin Jones Jr.,CIN,368,0,87.2,87.5
2013,7818,17,69.4,84.9,16,HB,342,66.2,Giovani Bernard,CIN,28,5,76.6,74.0
2013,7084,17,41.6,68.2,257,WR,481,49.3,Mohamed Sanu,CIN,247,1,63.0,60.7
2013,5546,15,21.0,65.7,118,TE,428,73.9,Jermaine Gresham,CIN,48,381,61.7,62.2
2013,7802,16,77.9,75.6,117,TE,302,49.3,Tyler Eifert,CIN,61,166,66.5,66.3
2013,6125,9,23.3,,109,WR,124,65.6,Andrew Hawkins,CIN,20,0,67.9,68.5
2013,6570,9,68.8,,45,WR,50,49.2,Dane Sanzenbacher,CIN,6,0,64.1,63.7
2013,5328,4,65.8,53.8,0,TE,20,36.8,Kevin Brock,CIN,1,31,53.0,58.4
2013,2288,15,13.9,72.8,11,TE,55,70.5,Alex Smith,CIN,3,53,52.5,30.7
2013,4599,17,69.0,70.5,0,HB,150,41.6,BenJarvus Green-Ellis,CIN,5,2,57.8,39.9
2013,5006,11,70.4,,3,WR,30,64.7,Brandon Tate,CIN,28,0,54.7,51.6
2013,7116,4,61.2,75.9,1,FB,11,64.7,Orson Charles,CIN,3,6,56.4,51.4
2014,6156,13,23.6,,57,WR,352,81.6,A.J. Green,CIN,322,1,84.7,86.8
2014,7084,17,82.1,70.6,369,WR,564,27.9,Mohamed Sanu,CIN,232,1,67.3,65.1
2014,5546,15,22.9,77.3,69,TE,354,90.0,Jermaine Gresham,CIN,26,369,68.4,63.3
2014,7818,14,90.6,69.2,22,HB,244,87.4,Giovani Bernard,CIN,20,2,70.9,85.4
2014,5006,16,52.7,65.6,29,WR,309,82.7,Brandon Tate,CIN,298,0,62.0,57.4
2014,8690,17,40.5,85.8,3,HB,178,66.9,Jeremy Hill,CIN,2,1,63.1,48.2
2014,9107,17,73.2,74.3,12,FB,132,64.4,Ryan Hewitt,CIN,15,114,74.2,55.3
2014,8873,11,70.9,,3,WR,110,73.4,James Wright,CIN,115,0,60.8,57.4
2014,6570,9,19.9,,114,WR,122,77.3,Dane Sanzenbacher,CIN,14,0,50.2,53.5
2014,6211,7,69.5,,7,WR,87,52.1,Greg Little,CIN,85,0,55.4,56.3
2014,7971,6,75.8,49.4,3,HB,23,78.0,Rex Burkhead,CIN,7,0,67.4,86.2
2014,5328,13,68.8,70.7,10,TE,48,49.7,Kevin Brock,CIN,1,53,54.8,42.8
2014,5109,7,75.8,81.9,0,HB,18,70.5,Cedric Peerman,CIN,1,0,56.4,64.8
2014,7802,1,65.8,,2,TE,6,70.5,Tyler Eifert,CIN,0,4,90.3,86.4
2014,7978,1,,,4,WR,26,,Cobi Hamilton,CIN,22,0,51.3,51.8
2014,6187,17,78.3,61.3,0,QB,3,64.7,Andy Dalton,CIN,1,0,66.5,82.1
2015,6156,17,50.4,,120,WR,586,88.9,A.J. Green,CIN,504,2,90.4,90.6
2015,7158,17,82.0,,80,WR,560,81.1,Marvin Jones Jr.,CIN,519,0,72.9,73.9
2015,7802,14,80.2,69.6,73,TE,402,50.5,Tyler Eifert,CIN,56,356,86.1,89.8
2015,7818,17,85.2,53.0,24,HB,280,45.2,Giovani Bernard,CIN,19,4,69.1,54.8
2015,7084,17,39.3,73.8,428,WR,445,81.3,Mohamed Sanu,CIN,52,0,57.0,55.4
2015,8690,17,45.4,68.0,4,HB,164,43.8,Jeremy Hill,CIN,9,0,58.2,47.1
2015,7971,13,23.1,73.0,22,WR,42,60.6,Rex Burkhead,CIN,14,0,59.5,71.4
2015,9518,16,72.2,81.4,21,TE,121,62.7,Tyler Kroft,CIN,11,130,64.9,57.8
2015,9107,15,70.1,75.2,15,TE,101,76.5,Ryan Hewitt,CIN,17,77,63.8,63.2
2015,9486,13,61.2,78.0,2,T,10,28.9,Jake Fisher,CIN,4,16,56.2,49.6
2015,5006,3,88.9,,0,WR,5,68.3,Brandon Tate,CIN,5,0,91.9,90.6
2015,9590,4,61.2,76.5,1,TE,11,64.7,C.J. Uzomah,CIN,2,13,56.1,64.7
2015,9671,1,61.2,,0,WR,2,64.7,Mario Alford,CIN,2,0,79.1,75.3
2016,5602,16,81.0,,96,WR,605,84.5,Brandon LaFell,CIN,535,4,69.5,69.1
2016,6156,10,81.0,,76,WR,337,73.5,A.J. Green,CIN,283,2,90.0,90.1
2016,10689,16,80.4,64.9,451,WR,481,74.0,Tyler Boyd,CIN,55,4,65.1,64.4
2016,7818,10,69.2,80.1,16,HB,218,76.3,Giovani Bernard,CIN,17,2,66.4,70.1
2016,7802,8,76.5,61.8,91,TE,240,77.5,Tyler Eifert,CIN,42,136,80.7,83.1
2016,9590,10,75.5,56.4,88,TE,222,43.3,C.J. Uzomah,CIN,27,145,63.0,63.3
2016,10833,8,73.6,,10,WR,135,68.0,Cody Core,CIN,128,0,60.7,60.3
2016,8690,15,90.9,40.3,6,HB,160,84.5,Jeremy Hill,CIN,8,2,63.4,64.1
2016,7971,11,62.3,73.7,5,HB,108,82.9,Rex Burkhead,CIN,6,3,75.9,67.5
2016,8873,12,73.6,,15,WR,114,64.7,James Wright,CIN,105,0,65.2,64.9
2016,9518,14,71.1,62.5,27,TE,112,58.5,Tyler Kroft,CIN,10,125,56.6,48.3
2016,11107,11,89.9,,37,WR,60,74.6,Alex Erickson,CIN,25,1,61.0,63.8
2016,9107,15,64.0,63.4,9,FB,38,68.3,Ryan Hewitt,CIN,5,24,72.3,49.8
2016,9486,14,18.4,46.8,1,T,4,64.7,Jake Fisher,CIN,0,17,47.7,26.3
2016,5109,2,70.6,53.5,0,HB,2,28.0,Cedric Peerman,CIN,0,0,46.0,25.8
2017,6156,16,27.8,,74,WR,517,71.7,A.J. Green,CIN,468,0,82.2,82.7
2017,5602,16,37.4,,197,WR,528,59.0,Brandon LaFell,CIN,345,11,57.8,57.7
2017,9518,16,78.3,66.6,200,TE,381,59.0,Tyler Kroft,CIN,21,243,60.4,62.7
2017,7818,16,89.7,81.8,15,HB,256,68.8,Giovani Bernard,CIN,14,1,67.3,69.8
2017,11803,14,50.9,48.5,5,HB,157,67.5,Joe Mixon,CIN,3,1,72.1,52.2
2017,10689,10,74.9,,191,WR,207,49.3,Tyler Boyd,CIN,27,1,62.0,61.5
2017,11883,11,70.6,,10,WR,151,74.6,Josh Malone,CIN,151,0,50.8,53.0
2017,11107,14,28.8,,87,WR,115,79.4,Alex Erickson,CIN,30,0,66.6,66.3
2017,9590,14,71.1,72.0,21,TE,75,58.5,C.J. Uzomah,CIN,5,59,68.1,58.0
2017,7802,2,68.0,75.8,36,TE,58,73.4,Tyler Eifert,CIN,3,23,65.4,65.1
2017,10833,7,,,3,WR,43,,Cody Core,CIN,41,0,49.0,49.3
2017,8690,7,35.3,81.4,0,HB,31,72.1,Jeremy Hill,CIN,0,0,57.6,68.1
2017,9107,13,64.0,66.5,3,TE,24,68.3,Ryan Hewitt,CIN,2,4,63.0,67.3
2017,11911,2,74.4,,0,HB,7,68.3,Brian Hill,CIN,1,0,64.6,76.5
2017,11764,3,16.2,,0,WR,9,,John Ross,CIN,10,0,38.1,54.1
2017,47149,6,62.8,77.4,3,TE,10,27.9,Cethan Carter,CIN,1,3,59.2,32.7
2018,10689,14,82.3,,394,WR,500,84.0,Tyler Boyd,CIN,132,8,84.5,85.7
2018,6156,9,23.9,,88,WR,290,63.2,A.J. Green,CIN,225,0,85.2,84.9
2018,9590,16,78.4,56.3,241,TE,450,52.6,C.J. Uzomah,CIN,47,232,56.8,54.4
2018,11764,13,76.0,,51,WR,368,27.1,John Ross,CIN,347,2,49.4,50.6
2018,11803,14,91.1,39.3,17,HB,274,60.5,Joe Mixon,CIN,21,0,77.8,60.3
2018,7818,12,86.0,63.3,12,HB,195,72.2,Giovani Bernard,CIN,25,0,68.1,67.4
2018,11107,15,89.7,65.7,100,WR,222,72.3,Alex Erickson,CIN,137,2,59.1,57.2
2018,10833,14,72.7,,29,WR,197,36.0,Cody Core,CIN,182,0,53.9,54.4
2018,7802,4,73.0,53.2,55,TE,95,65.6,Tyler Eifert,CIN,18,30,72.0,71.2
2018,48192,5,67.0,,12,WR,52,41.6,Auden Tate,CIN,46,0,53.5,56.5
2018,9884,10,67.0,72.8,4,TE,32,72.1,Matt Lengel,CIN,3,43,63.6,60.8
2018,45996,7,76.8,60.1,1,HB,57,46.3,Mark Walton,CIN,7,0,51.3,47.1
2018,9518,5,67.0,39.1,6,TE,32,41.6,Tyler Kroft,CIN,4,42,55.2,51.6
2018,11883,8,61.2,,7,WR,44,28.8,Josh Malone,CIN,39,0,51.0,51.0
2018,47206,5,64.0,,1,TE,9,68.3,Jordan Franks,CIN,4,5,64.4,64.7
2019,10689,16,30.0,65.3,435,WR,634,67.1,Tyler Boyd,CIN,238,2,73.0,72.2
2019,48192,12,78.1,81.3,116,WR,409,51.0,Auden Tate,CIN,320,1,70.5,70.0
2019,11107,16,40.6,70.5,127,WR,384,68.8,Alex Erickson,CIN,281,3,67.1,64.6
2019,7802,16,78.5,79.6,210,TE,356,60.5,Tyler Eifert,CIN,93,105,65.7,65.8
2019,11764,8,27.9,62.4,71,WR,260,29.0,John Ross,CIN,202,1,63.1,64.2
2019,7818,16,30.5,76.1,27,HB,262,59.5,Giovani Bernard,CIN,30,0,51.8,36.5
2019,11803,16,86.7,64.6,11,HB,241,72.0,Joe Mixon,CIN,30,0,75.3,68.3
2019,9590,16,75.9,55.8,35,TE,254,65.0,C.J. Uzomah,CIN,36,256,49.4,52.6
2019,61737,9,71.1,,54,WR,144,41.4,Damion Willis,CIN,101,0,52.2,51.7
2019,48110,9,65.8,72.5,25,WR,69,36.2,Stanley Morgan,CIN,43,3,45.2,44.1
2019,47259,9,68.0,70.2,5,TE,35,73.4,Drew Sample,CIN,6,47,55.8,55.8
2019,47149,7,64.0,59.5,6,TE,22,68.3,Cethan Carter,CIN,5,23,53.2,56.9
2019,6187,13,60.5,60.9,0,QB,0,,Andy Dalton,CIN,0,0,66.5,
2020,10689,15,53.8,62.2,452,WR,511,89.5,Tyler Boyd,CIN,83,2,75.8,75.5
2020,61211,16,50.5,79.6,145,WR,496,63.7,Tee Higgins,CIN,380,2,75.9,79.0
2020,6156,16,79.2,,113,WR,513,71.7,A.J. Green,CIN,425,0,66.3,65.7
2020,7818,16,74.8,73.0,37,HB,276,62.4,Giovani Bernard,CIN,48,0,63.4,59.4
2020,47259,16,29.7,72.6,69,TE,413,58.7,Drew Sample,CIN,79,365,61.4,52.8
2020,11803,6,71.0,60.6,18,HB,128,71.3,Joe Mixon,CIN,14,0,65.3,66.5
2020,10840,14,22.0,,30,WR,135,63.2,Mike Thomas,CIN,111,1,55.2,56.5
2020,48192,9,72.7,68.6,44,WR,93,64.7,Auden Tate,CIN,55,2,73.4,71.0
2020,11107,14,29.6,,77,WR,109,62.1,Alex Erickson,CIN,38,1,53.4,60.1
2020,9590,2,70.1,75.3,20,TE,65,76.5,C.J. Uzomah,CIN,9,43,58.8,61.2
2020,11869,10,85.2,59.2,10,HB,98,78.7,Samaje Perine,CIN,20,0,76.7,60.9
2020,47149,14,68.0,80.9,12,TE,79,45.8,Cethan Carter,CIN,11,75,52.8,49.6
2020,11764,2,64.0,62.3,23,WR,60,68.3,John Ross,CIN,39,0,48.2,49.7
2020,45775,5,28.7,69.7,2,HB,20,73.4,Trayveon Williams,CIN,1,0,67.2,65.1
2020,48080,1,61.2,,2,WR,5,64.7,Trenton Irwin,CIN,3,0,56.0,56.7
2020,10835,5,69.1,60.9,0,QB,1,,Brandon Allen,CIN,0,0,56.5,58.9
2020,12007,5,,64.9,1,TE,10,27.9,Mason Schreck,CIN,5,5,49.9,38.2
2021,84270,21,40.1,,145,WR,746,56.3,Ja'Marr Chase,CIN,637,1,85.3,86.1
2021,61211,18,55.5,62.2,142,WR,643,63.5,Tee Higgins,CIN,532,2,83.4,82.8
2021,10689,20,55.0,68.6,641,WR,678,90.1,Tyler Boyd,CIN,78,0,70.8,70.4
2021,9590,20,80.7,70.6,173,TE,570,65.7,C.J. Uzomah,CIN,94,342,63.6,62.0
2021,11803,20,83.2,37.3,36,HB,391,83.5,Joe Mixon,CIN,61,0,79.2,63.7
2021,11869,19,85.5,42.3,33,HB,202,58.8,Samaje Perine,CIN,23,0,60.1,59.9
2021,27303,15,82.3,84.1,20,HB,73,81.7,Chris Evans,CIN,14,0,75.6,82.3
2021,47259,21,71.9,73.4,17,TE,158,61.8,Drew Sample,CIN,30,175,56.1,43.9
2021,10840,14,68.8,62.3,19,WR,75,74.6,Mike Thomas,CIN,63,1,62.3,59.8
2021,48080,7,75.7,,25,WR,52,68.3,Trenton Irwin,CIN,33,0,58.3,55.5
2021,47234,12,65.8,74.5,6,TE,42,70.5,Mitchell Wilcox,CIN,7,34,44.2,46.8
2021,48110,11,69.8,67.5,17,WR,46,68.3,Stanley Morgan,CIN,31,1,55.2,50.5
2021,48192,7,67.0,62.3,16,WR,37,72.1,Auden Tate,CIN,23,3,69.6,72.0
2021,11932,4,83.4,66.2,21,WR,25,70.5,Trent Taylor,CIN,7,0,69.5,69.0
2021,45775,2,75.7,,1,HB,13,64.7,Trayveon Williams,CIN,1,0,68.4,53.9
2022,84270,15,37.9,,164,WR,644,79.1,Ja'Marr Chase,CIN,523,1,83.9,85.2
2022,61211,19,82.7,22.3,123,WR,655,81.8,Tee Higgins,CIN,567,2,78.4,78.8
2022,10689,19,81.3,54.6,586,WR,645,90.1,Tyler Boyd,CIN,103,3,70.2,70.4
2022,47294,16,45.9,41.0,149,TE,483,85.6,Hayden Hurst,CIN,95,273,64.5,66.0
2022,11803,17,91.3,34.9,19,HB,335,69.0,Joe Mixon,CIN,41,0,80.8,77.0
2022,11869,19,89.9,73.8,33,HB,308,77.3,Samaje Perine,CIN,22,1,72.9,62.7
2022,48080,12,75.2,,107,WR,240,67.7,Trenton Irwin,CIN,151,0,63.6,64.9
2022,47234,18,74.4,72.1,39,TE,226,58.1,Mitchell Wilcox,CIN,36,198,55.7,52.0
2022,11932,9,25.6,65.7,75,WR,79,74.6,Trent Taylor,CIN,12,0,53.8,53.4
2022,10840,10,65.8,,19,WR,116,28.0,Mike Thomas,CIN,108,0,49.2,47.4
2022,40294,9,66.8,58.6,3,TE,41,68.3,Devin Asiasi,CIN,3,54,45.9,41.8
2022,27303,8,76.2,77.5,7,HB,14,70.5,Chris Evans,CIN,7,0,72.5,75.0
2022,47259,2,64.0,56.4,0,TE,12,68.3,Drew Sample,CIN,4,14,52.3,53.9
2022,45775,6,81.1,80.9,2,HB,18,68.3,Trayveon Williams,CIN,3,0,82.3,81.6
2022,48110,8,,68.1,4,WR,14,,Stanley Morgan,CIN,11,2,65.3,51.8
2023,84270,16,58.8,,148,WR,600,85.7,Ja'Marr Chase,CIN,479,0,85.3,86.7
2023,10689,17,81.5,66.2,521,WR,577,73.8,Tyler Boyd,CIN,89,0,59.5,64.4
2023,61211,12,78.5,65.7,73,WR,396,45.9,Tee Higgins,CIN,345,1,72.1,70.9
2023,11803,17,91.3,29.7,16,HB,373,67.2,Joe Mixon,CIN,22,0,71.1,68.8
2023,66924,12,78.0,52.2,121,TE,225,81.8,Tanner Hudson,CIN,54,64,73.0,72.5
2023,48080,16,24.3,59.1,96,WR,262,86.1,Trenton Irwin,CIN,180,3,57.0,60.8
2023,47259,17,75.1,68.1,15,TE,190,61.5,Drew Sample,CIN,20,159,60.0,52.9
2023,42060,12,23.6,53.6,75,TE,227,55.9,Irv Smith Jr.,CIN,49,115,44.2,42.8
2023,109811,15,73.8,,27,WR,151,51.5,Andrei Iosivas,CIN,132,0,61.2,62.1
2023,77787,10,48.0,26.7,6,HB,35,64.7,Chase Brown,CIN,2,0,63.9,81.1
2023,47234,16,71.6,74.0,7,TE,69,56.7,Mitchell Wilcox,CIN,7,73,46.7,51.8
2023,55038,8,85.6,,21,WR,30,52.5,Charlie Jones,CIN,9,0,65.8,67.9
2023,45775,16,80.9,75.1,2,HB,96,75.6,Trayveon Williams,CIN,3,7,58.9,51.1
2023,23226,1,61.2,,0,WR,2,64.7,Kwamie Lassiter II,CIN,2,0,58.4,60.1
2023,84136,1,,65.4,1,WR,2,,Shedrick Jackson,CIN,2,0,60.7,58.8
2023,27303,7,70.1,13.6,4,HB,16,64.7,Chris Evans,CIN,10,0,51.9,52.0
2023,46401,9,54.6,60.9,0,QB,2,64.7,Jake Browning,CIN,0,0,79.3,59.8
2024,84270,10,81.1,,142,WR,386,67.2,Ja'Marr Chase,CIN,259,0,83.7,82.9
2024,47153,10,28.5,69.9,154,TE,222,70.1,Mike Gesicki,CIN,58,24,71.0,71.0
2024,61211,5,76.3,,39,WR,165,87.3,Tee Higgins,CIN,134,0,85.3,84.3
2024,77787,10,55.6,36.8,8,HB,158,57.8,Chase Brown,CIN,20,0,68.7,58.4
2024,109811,10,73.6,65.7,163,WR,331,54.3,Andrei Iosivas,CIN,191,0,51.7,53.0
2024,40341,8,37.0,50.6,6,HB,155,61.5,Zack Moss,CIN,6,8,58.2,66.2
2024,52595,9,74.4,77.7,27,TE,107,70.5,Erick All,CIN,11,74,59.9,63.3
2024,66924,6,20.5,60.7,26,TE,47,41.1,Tanner Hudson,CIN,11,11,60.3,58.8
2024,124017,7,67.9,,7,WR,64,70.5,Jermaine Burton,CIN,61,0,64.0,63.3
2024,48080,6,75.3,68.9,43,WR,69,70.5,Trenton Irwin,CIN,35,0,45.6,48.0
2024,47259,10,18.5,58.1,12,TE,114,76.5,Drew Sample,CIN,13,105,45.8,43.2
2024,41668,4,74.3,71.4,2,HB,9,68.3,Khalil Herbert,CIN,1,0,57.7,58.2
2024,40408,1,67.8,,1,WR,10,64.7,Kendric Pryor,CIN,9,0,65.2,64.5
2024,134552,1,61.2,,1,TE,2,64.7,Cam Grandy,CIN,0,1,67.7,58.9
2024,55038,6,21.7,,11,WR,17,64.7,Charlie Jones,CIN,6,0,51.6,52.7
2006,2220,16,81.0,,232,WR,582,30.2,Braylon Edwards,CLV,374,2,67.4,65.7
2006,1727,16,55.0,75.7,247,TE,519,77.5,Kellen Winslow,CLV,75,281,69.3,76.9
2006,365,13,78.1,,86,WR,370,66.2,Joe Jurevicius,CLV,299,1,73.8,72.4
2006,481,16,77.7,77.3,27,TE,160,72.6,Steve Heiden,CLV,5,229,79.0,71.7
2006,605,13,26.3,,67,WR,244,28.8,Dennis Northcutt,CLV,189,0,52.9,54.2
2006,640,14,33.6,45.7,5,HB,230,76.7,Reuben Droughns,CLV,12,1,50.2,64.2
2006,2544,14,21.5,46.5,23,WR,135,29.5,Joshua Cribbs,CLV,117,0,47.0,48.8
2006,3090,10,28.7,76.6,4,HB,73,41.1,Jerome Harrison,CLV,13,1,55.6,51.8
2006,651,16,74.6,84.5,4,FB,100,35.3,Terrelle Smith,CLV,6,4,57.3,37.9
2006,2212,9,53.8,62.4,3,HB,61,29.8,Jason Wright,CLV,6,1,48.5,42.5
2006,3125,11,71.8,81.1,2,FB,24,74.6,Lawrence Vickers,CLV,0,0,55.7,71.5
2006,3023,4,64.0,,6,WR,72,68.3,Travis Wilson,CLV,71,0,56.7,56.5
2006,1236,11,64.0,71.7,0,TE,27,30.0,Darnell Dinkins,CLV,1,27,60.1,51.2
2007,2220,16,28.8,,78,WR,571,27.6,Braylon Edwards,CLV,521,0,78.5,80.6
2007,1727,16,28.8,79.0,330,TE,542,80.0,Kellen Winslow,CLV,90,148,76.4,82.7
2007,365,16,79.6,72.7,196,WR,412,46.6,Joe Jurevicius,CLV,233,2,70.6,68.2
2007,583,14,67.7,56.7,5,HB,201,77.8,Jamal Lewis,CLV,2,0,59.9,65.8
2007,2212,16,59.0,80.2,9,HB,215,73.5,Jason Wright,CLV,5,0,71.8,64.3
2007,3125,16,77.8,47.2,16,FB,153,26.4,Lawrence Vickers,CLV,13,6,60.9,30.0
2007,481,16,72.3,79.6,67,TE,202,80.0,Steve Heiden,CLV,25,140,64.3,49.0
2007,1053,16,70.6,,67,WR,281,38.7,Tim Carter,CLV,227,0,49.3,49.6
2007,2544,11,74.5,,3,WR,28,70.5,Joshua Cribbs,CLV,24,0,65.7,59.2
2007,3090,4,78.4,78.3,0,HB,9,68.3,Jerome Harrison,CLV,0,0,91.1,77.5
2007,1236,2,61.2,,0,TE,2,64.7,Darnell Dinkins,CLV,0,2,55.6,59.8
2008,2220,16,80.2,,77,WR,518,25.9,Braylon Edwards,CLV,467,0,60.4,60.9
2008,1727,10,47.3,73.5,200,TE,280,54.6,Kellen Winslow,CLV,16,83,66.4,69.7
2008,481,14,75.1,73.7,79,TE,232,61.3,Steve Heiden,CLV,5,183,80.9,54.3
2008,1020,11,74.0,,69,WR,312,27.9,Donte' Stallworth,CLV,259,0,47.1,46.1
2008,3850,16,23.9,70.3,251,WR,325,29.3,Syndric Steptoe,CLV,90,0,46.7,43.6
2008,2212,15,80.7,73.2,5,HB,180,40.6,Jason Wright,CLV,0,0,57.5,41.1
2008,583,16,76.1,53.5,11,HB,167,40.0,Jamal Lewis,CLV,7,0,45.4,39.1
2008,3090,14,81.9,63.5,6,HB,55,61.8,Jerome Harrison,CLV,7,0,70.4,74.8
2008,3125,12,76.0,61.8,9,FB,101,78.7,Lawrence Vickers,CLV,10,2,73.4,57.9
2008,1236,10,68.4,53.1,11,TE,64,29.4,Darnell Dinkins,CLV,6,48,66.0,38.0
2008,2544,13,80.2,25.2,22,WR,60,29.9,Joshua Cribbs,CLV,41,0,62.8,51.9
2008,4187,9,67.0,76.6,4,FB,37,42.1,Charles Ali,CLV,0,1,72.0,55.3
2008,4425,4,64.0,73.0,7,TE,30,29.9,Martin Rucker,CLV,4,21,53.6,53.8
2008,4189,5,61.2,,13,WR,40,64.7,Steve Sanders,CLV,29,0,55.1,54.9
2008,3408,2,,,1,TE,3,27.9,John Madsen,CLV,2,0,32.8,39.6
2009,4973,16,28.7,,46,WR,394,44.3,Mohamed Massaquoi,CLV,362,0,66.9,64.4
2009,3851,15,77.0,,232,WR,284,28.5,Chansi Stuckey,CLV,58,1,57.0,54.4
2009,3090,14,67.7,61.1,7,HB,204,37.7,Jerome Harrison,CLV,10,0,47.8,47.3
2009,726,13,74.9,,180,WR,228,60.7,Mike Furrey,CLV,57,0,52.1,51.7
2009,2544,16,26.3,,47,WR,141,49.3,Joshua Cribbs,CLV,99,1,63.8,51.2
2009,1151,13,71.5,75.3,62,TE,203,26.9,Robert Royal,CLV,15,180,57.1,34.2
2009,4771,5,71.9,70.1,25,TE,86,62.1,Evan Moore,CLV,10,54,71.6,72.6
2009,4959,10,70.1,,20,WR,141,76.5,Brian Robiskie,CLV,126,0,56.3,55.7
2009,3125,16,18.7,54.7,1,FB,68,28.7,Lawrence Vickers,CLV,0,0,68.8,28.1
2009,481,7,20.1,77.8,17,TE,89,58.9,Steve Heiden,CLV,2,88,71.2,45.4
2009,5480,8,84.9,77.1,3,HB,44,58.5,Chris Jennings,CLV,4,0,56.2,57.9
2009,3597,6,67.0,74.6,30,TE,91,28.6,Greg Estandia,CLV,9,64,50.5,44.8
2009,583,9,90.1,76.2,1,HB,74,38.4,Jamal Lewis,CLV,1,0,48.8,45.5
2009,1946,9,68.0,33.0,5,TE,38,46.3,Michael Gaines,CLV,0,38,74.3,67.4
2009,5119,2,74.0,75.3,1,HB,11,72.1,James Davis,CLV,1,0,56.2,63.0
2009,4709,3,,,0,WR,13,,Jake Allen,CLV,14,0,53.5,53.8
2009,3638,10,80.8,,0,QB,1,64.7,Brady Quinn,CLV,0,0,54.4,90.6
2010,1753,16,81.4,70.9,143,TE,449,62.5,Benjamin Watson,CLV,6,374,76.5,73.2
2010,4973,15,29.6,68.1,54,WR,432,54.4,Mohamed Massaquoi,CLV,402,0,62.3,59.6
2010,4541,16,29.5,78.3,5,HB,316,83.3,Peyton Hillis,CLV,18,0,74.2,87.9
2010,3851,16,23.8,,252,WR,284,67.6,Chansi Stuckey,CLV,45,0,61.8,61.7
2010,4959,14,76.5,62.3,31,WR,341,58.1,Brian Robiskie,CLV,331,0,59.6,58.0
2010,2544,14,26.2,,20,WR,171,73.0,Joshua Cribbs,CLV,155,0,62.0,65.9
2010,4771,12,23.0,69.3,83,TE,153,52.8,Evan Moore,CLV,70,10,68.1,67.7
2010,1151,14,68.0,71.4,13,TE,56,26.5,Robert Royal,CLV,4,78,77.4,50.2
2010,3125,16,71.8,21.3,1,FB,92,28.6,Lawrence Vickers,CLV,2,0,56.9,32.6
2010,3225,12,31.7,38.0,1,HB,61,52.1,Mike Bell,CLV,3,0,45.6,38.4
2010,3056,2,,,0,WR,5,28.0,Demetrius Williams,CLV,6,0,41.5,41.8
2010,3690,1,66.2,,0,WR,2,68.3,Yamon Figurs,CLV,2,0,65.8,75.9
2010,1439,2,61.2,,0,WR,2,64.7,Sam Aiken,CLV,2,0,60.0,59.8
2010,2288,2,61.2,75.2,5,TE,9,64.7,Alex Smith,CLV,0,12,71.1,52.9
2010,1422,7,86.4,,0,QB,2,64.7,Seneca Wallace,CLV,1,0,66.2,60.0
2010,5700,2,61.9,,0,WR,2,,Carlton Mitchell,CLV,3,0,64.6,58.2
2010,5609,8,83.6,,0,QB,1,64.7,Colt McCoy,CLV,0,0,75.0,90.6
2011,6211,16,81.0,,369,WR,597,28.3,Greg Little,CLV,257,1,58.7,57.5
2011,1753,13,77.6,80.4,40,TE,346,39.3,Benjamin Watson,CLV,12,366,63.9,61.4
2011,4973,14,76.6,,82,WR,413,49.6,Mohamed Massaquoi,CLV,349,0,57.9,58.0
2011,2544,16,79.9,70.4,49,WR,351,52.5,Joshua Cribbs,CLV,323,1,73.2,71.8
2011,4771,16,77.1,58.2,42,TE,216,79.4,Evan Moore,CLV,52,147,73.0,77.3
2011,5358,14,75.1,,66,WR,168,73.0,Jordan Norwood,CLV,118,0,66.7,66.1
2011,4541,10,61.5,63.2,6,HB,200,74.9,Peyton Hillis,CLV,12,0,65.8,56.5
2011,5135,13,37.4,58.6,2,HB,149,72.1,Chris Ogbonnaya,CLV,18,0,54.2,63.1
2011,2288,14,73.0,60.2,7,TE,115,38.1,Alex Smith,CLV,9,125,68.5,65.1
2011,5584,10,63.8,45.3,2,HB,116,28.1,Montario Hardesty,CLV,4,0,51.2,44.8
2011,6254,6,68.8,72.6,10,TE,41,49.7,Jordan Cameron,CLV,13,22,56.2,54.9
2011,6276,14,19.6,46.2,0,FB,75,73.4,Owen Marecic,CLV,0,2,54.9,39.3
2011,5700,6,65.8,,2,WR,27,36.2,Carlton Mitchell,CLV,26,0,59.0,58.7
2011,5609,13,53.4,61.3,0,QB,0,,Colt McCoy,CLV,1,0,56.2,
2011,4944,16,,83.5,0,C,0,,Alex Mack,CLV,0,0,74.6,
2011,5145,3,66.7,77.3,0,FB,12,64.7,Eddie Williams,CLV,0,0,53.6,65.7
2011,3802,3,72.5,35.2,0,HB,7,64.7,Thomas Clayton,CLV,1,0,49.3,58.9
2011,1422,6,68.8,,0,QB,3,64.7,Seneca Wallace,CLV,3,0,62.4,73.6
2012,7618,16,38.5,,63,WR,505,62.4,Josh Gordon,CLV,460,0,69.5,68.1
2012,6211,16,80.0,67.6,230,WR,554,40.7,Greg Little,CLV,339,7,65.3,63.9
2012,1753,16,36.7,70.3,29,TE,376,72.2,Benjamin Watson,CLV,1,455,73.1,75.3
2012,7009,15,69.8,54.2,6,HB,317,52.9,Trent Richardson,CLV,12,0,73.0,62.7
2012,7100,14,26.5,,37,WR,217,57.1,Travis Benjamin,CLV,186,0,65.8,64.2
2012,4973,9,73.6,,93,WR,165,68.0,Mohamed Massaquoi,CLV,77,0,65.9,65.5
2012,6254,14,74.6,77.1,42,TE,176,71.3,Jordan Cameron,CLV,31,126,62.2,63.1
2012,5135,12,28.1,75.5,7,HB,97,62.5,Chris Ogbonnaya,CLV,2,0,61.3,58.9
2012,5358,2,72.9,,49,WR,59,63.5,Jordan Norwood,CLV,12,0,73.9,75.0
2012,2288,11,72.3,59.8,3,TE,67,47.7,Alex Smith,CLV,5,49,63.0,49.2
2012,7672,6,70.1,,55,WR,60,54.5,Josh Cooper,CLV,6,0,69.5,69.1
2012,2544,14,72.9,,1,WR,38,52.1,Joshua Cribbs,CLV,38,0,69.3,60.5
2012,5584,9,28.4,57.9,2,HB,62,29.9,Montario Hardesty,CLV,2,0,52.5,44.4
2012,6276,8,,70.7,0,FB,32,23.7,Owen Marecic,CLV,1,1,41.2,23.6
2012,3679,2,72.9,23.3,2,HB,19,68.3,Brandon Jackson,CLV,0,0,81.8,66.7
2012,7662,2,61.2,71.2,6,TE,10,64.7,Brad Smelley,CLV,1,6,49.4,52.7
2013,7618,14,83.1,,77,WR,614,40.9,Josh Gordon,CLV,555,0,82.7,81.0
2013,6254,15,51.5,58.2,395,TE,622,73.4,Jordan Cameron,CLV,54,219,70.6,71.6
2013,6211,16,80.2,,161,WR,666,29.9,Greg Little,CLV,529,1,53.6,52.9
2013,4694,14,82.3,67.6,348,WR,430,27.3,Davone Bess,CLV,96,3,54.0,54.4
2013,5135,16,36.7,75.3,17,HB,267,44.4,Chris Ogbonnaya,CLV,26,1,59.5,47.4
2013,8547,10,59.5,71.3,10,HB,112,37.3,Fozzy Whittaker,CLV,16,0,58.3,52.2
2013,4455,16,72.9,91.0,44,TE,102,81.4,Gary Barnidge,CLV,10,143,74.5,68.6
2013,7100,8,83.4,,20,WR,103,45.8,Travis Benjamin,CLV,87,0,59.1,56.0
2013,7672,4,71.1,,50,WR,78,78.0,Josh Cooper,CLV,30,1,67.9,67.3
2013,1339,12,72.2,72.3,1,HB,72,76.5,Willis McGahee,CLV,1,0,66.0,55.5
2013,7231,3,82.6,85.5,0,HB,42,76.5,Edwin Baker,CLV,1,0,70.0,68.7
2013,8286,9,71.6,74.4,28,TE,51,68.3,MarQueis Gray,CLV,3,18,52.7,46.8
2013,5613,4,72.4,,4,WR,22,64.7,Armanti Edwards,CLV,19,0,57.0,58.9
2013,7321,6,64.0,,8,WR,39,68.3,Brian Tyms,CLV,32,0,60.2,59.8
2013,6750,2,61.2,,0,WR,13,64.7,Tori Gurley,CLV,15,0,63.4,62.8
2014,6125,15,81.3,66.3,245,WR,406,72.8,Andrew Hawkins,CLV,177,2,83.5,81.9
2014,9002,16,79.4,,80,WR,333,56.5,Taylor Gabriel,CLV,273,1,74.7,72.6
2014,3211,12,79.2,64.9,83,WR,313,64.4,Miles Austin,CLV,243,4,75.3,74.9
2014,7100,16,47.4,,36,WR,190,28.0,Travis Benjamin,CLV,166,0,68.8,69.0
2014,7618,5,75.9,,14,WR,137,64.3,Josh Gordon,CLV,131,0,78.4,78.6
2014,6254,10,75.5,47.7,95,TE,220,74.2,Jordan Cameron,CLV,22,133,63.5,66.7
2014,5756,16,73.8,79.0,14,TE,172,68.5,Jim Dray,CLV,7,220,67.9,65.4
2014,4455,13,72.3,65.5,57,TE,174,80.0,Gary Barnidge,CLV,10,128,65.9,60.2
2014,9295,15,45.5,62.6,3,HB,156,78.0,Isaiah Crowell,CLV,11,0,52.4,54.8
2014,8729,14,62.0,87.9,6,HB,142,79.4,Terrance West,CLV,11,0,58.9,43.1
2014,9141,12,68.7,75.2,3,FB,72,36.2,Ray Agnew,CLV,10,3,54.1,41.7
2014,8165,1,,,0,WR,5,,Rodney Smith,CLV,5,0,56.3,56.1
2015,4455,16,81.9,37.7,404,TE,591,62.0,Gary Barnidge,CLV,47,213,74.6,78.8
2015,7100,16,66.8,,71,WR,587,57.4,Travis Benjamin,CLV,557,0,67.0,67.5
2015,5031,12,47.9,,125,WR,359,41.8,Brian Hartline,CLV,259,2,68.2,66.8
2015,9510,16,78.9,43.3,50,HB,341,77.6,Duke Johnson Jr.,CLV,32,0,71.5,83.6
2015,9002,13,27.7,,151,WR,273,42.1,Taylor Gabriel,CLV,140,1,56.6,55.1
2015,6125,8,27.0,,202,WR,263,76.9,Andrew Hawkins,CLV,81,3,59.7,59.0
2015,9295,16,90.6,70.0,4,HB,194,69.9,Isaiah Crowell,CLV,9,0,65.3,62.6
2015,10038,4,26.0,,71,WR,121,37.9,Darius Jennings,CLV,62,0,61.0,57.0
2015,5756,16,68.8,63.4,41,TE,158,29.8,Jim Dray,CLV,15,156,48.9,39.7
2015,3639,7,68.0,,4,WR,52,73.4,Dwayne Bowe,CLV,49,0,61.9,59.6
2015,5887,10,72.6,,43,WR,134,32.2,Marlon Moore,CLV,97,1,54.2,55.8
2015,6944,3,64.6,,7,WR,54,28.8,Terrelle Pryor Sr.,CLV,53,0,50.9,52.9
2015,9628,12,67.5,46.7,7,FB,55,43.3,Malcolm Johnson,CLV,12,5,37.8,43.0
2015,10034,7,61.2,40.4,14,,24,64.7,E.J. Bibbs,CLV,3,8,53.6,51.0
2016,6944,16,58.1,,95,WR,592,67.9,Terrelle Pryor Sr.,CLV,534,0,74.7,79.6
2016,4455,16,80.2,79.4,161,TE,509,69.4,Gary Barnidge,CLV,45,429,68.6,67.6
2016,9510,16,35.3,68.9,26,HB,277,74.0,Duke Johnson Jr.,CLV,21,0,64.6,71.0
2016,10649,10,77.5,,20,WR,360,51.9,Corey Coleman,CLV,359,0,61.7,61.9
2016,6125,16,77.5,62.3,421,WR,447,69.8,Andrew Hawkins,CLV,51,0,58.1,57.0
2016,9295,16,69.2,58.4,10,HB,212,52.0,Isaiah Crowell,CLV,9,1,67.5,72.2
2016,10748,14,27.4,66.1,48,WR,210,43.3,Ricardo Louis,CLV,174,0,57.9,57.1
2016,10806,15,69.5,,43,WR,109,52.1,Rashard Higgins,CLV,69,0,61.5,60.3
2016,10772,12,80.0,76.6,16,TE,55,78.0,Seth DeValve,CLV,6,40,75.7,77.5
2016,9628,7,17.0,74.1,4,FB,18,73.4,Malcolm Johnson,CLV,0,2,50.6,78.4
2016,9631,14,64.8,79.6,6,TE,52,31.6,Randall Telfer,CLV,7,99,53.7,36.1
2016,10831,9,67.0,83.6,2,FB,26,41.6,Danny Vitale,CLV,0,2,65.7,49.8
2016,10788,4,61.2,,6,WR,23,64.7,Jordan Payton,CLV,17,0,53.4,53.4
2016,9828,3,61.2,38.9,2,TE,12,64.7,Connor Hamlett,CLV,1,16,66.5,76.5
2017,9510,16,37.3,70.1,66,HB,333,77.6,Duke Johnson Jr.,CLV,17,0,78.2,89.4
2017,11784,16,77.1,32.8,71,TE,284,59.7,David Njoku,CLV,33,231,66.4,71.1
2017,10748,15,76.1,62.3,84,WR,371,27.5,Ricardo Louis,CLV,322,0,53.1,52.0
2017,10772,16,28.6,29.6,119,TE,331,54.6,Seth DeValve,CLV,18,248,59.2,61.5
2017,10649,9,75.5,61.6,23,WR,292,37.7,Corey Coleman,CLV,288,0,60.4,61.9
2017,10806,15,26.4,62.3,473,WR,471,65.2,Rashard Higgins,CLV,31,0,50.4,48.7
2017,7618,5,73.9,,42,WR,168,69.0,Josh Gordon,CLV,136,1,76.2,76.0
2017,9295,16,81.4,58.5,7,HB,214,76.1,Isaiah Crowell,CLV,2,0,61.2,65.8
2017,10195,7,70.6,,1,WR,80,57.0,Kasen Williams,CLV,86,0,61.9,60.4
2017,11278,6,76.7,,6,WR,113,45.8,Bryce Treggs,CLV,111,0,58.5,60.9
2017,9520,9,68.8,,4,WR,61,74.6,Sammie Coates,CLV,59,0,61.5,63.3
2017,12006,6,80.6,48.5,1,HB,25,72.1,Matt Dayes,CLV,1,0,59.8,59.9
2017,10831,15,67.9,86.5,1,FB,29,70.5,Danny Vitale,CLV,3,0,57.5,60.5
2017,9631,16,65.8,60.7,5,TE,60,70.5,Randall Telfer,CLV,2,130,47.5,52.4
2017,11995,1,,69.2,0,FB,3,28.0,Marquez Williams,CLV,1,0,38.0,27.9
2017,8825,3,61.2,,1,WR,6,64.7,Matt Hazel,CLV,5,0,57.7,57.6
2017,7032,16,62.3,81.8,0,G,0,67.6,Kevin Zeitler,CLV,0,0,73.2,66.9
2017,9897,2,61.2,,3,WR,16,64.7,Jordan Leslie,CLV,15,0,74.9,73.6
2018,8698,16,56.8,38.5,456,WR,596,69.6,Jarvis Landry,CLV,186,1,74.7,70.8
2018,11784,16,79.9,51.7,118,TE,498,42.3,David Njoku,CLV,48,420,66.3,65.3
2018,48101,16,46.8,,67,WR,490,40.6,Antonio Callaway,CLV,465,1,64.0,63.1
2018,9510,16,58.5,72.5,52,HB,300,70.5,Duke Johnson Jr.,CLV,56,0,72.1,74.0
2018,10806,13,22.5,,101,WR,318,65.5,Rashard Higgins,CLV,242,1,68.1,68.2
2018,45783,15,90.7,51.7,5,HB,142,48.0,Nick Chubb,CLV,10,0,86.4,54.2
2018,9459,10,75.4,,36,WR,134,82.7,Breshad Perriman,CLV,109,0,70.9,76.0
2018,48182,5,72.3,,47,WR,120,47.7,Damion Ratley,CLV,81,0,55.9,56.5
2018,8549,16,71.9,72.0,7,TE,95,79.4,Darren Fells,CLV,1,157,65.0,69.5
2018,45691,9,77.8,80.0,7,HB,34,77.3,Dontrell Hilliard,CLV,6,2,55.8,72.7
2018,10772,10,68.0,77.6,7,TE,47,73.4,Seth DeValve,CLV,4,36,61.8,60.9
2018,48345,3,13.9,,7,WR,20,70.5,Derrick Willies,CLV,13,0,61.5,60.9
2018,7116,13,69.5,82.2,3,TE,27,36.8,Orson Charles,CLV,1,10,44.2,42.8
2018,46518,14,70.2,,0,QB,3,64.7,Baker Mayfield,CLV,0,0,83.2,56.8
2019,8698,16,85.0,,387,WR,576,75.3,Jarvis Landry,CLV,236,0,78.2,80.0
2019,8647,16,53.2,,147,WR,572,61.7,Odell Beckham Jr.,CLV,481,0,68.7,69.4
2019,45783,16,68.7,77.8,11,HB,293,64.8,Nick Chubb,CLV,32,0,88.7,56.5
2019,11841,8,56.5,84.5,49,HB,190,81.8,Kareem Hunt,CLV,29,1,76.7,83.4
2019,8524,15,73.3,64.6,58,TE,223,29.8,Demetrius Harris,CLV,19,242,46.1,48.8
2019,48182,10,72.7,,36,WR,162,79.4,Damion Ratley,CLV,137,0,62.9,65.0
2019,12020,14,22.4,78.1,89,TE,168,51.5,Ricky Seals-Jones,CLV,23,79,56.8,57.9
2019,48101,4,70.1,,24,WR,99,54.5,Antonio Callaway,CLV,82,0,54.8,57.0
2019,45691,14,86.8,17.0,8,HB,82,63.2,Dontrell Hilliard,CLV,23,0,54.3,60.9
2019,26104,9,67.0,,33,WR,96,42.1,KhaDarel Hodge,CLV,70,0,54.3,54.0
2019,10806,7,69.5,,47,WR,104,46.3,Rashard Higgins,CLV,66,0,53.6,52.2
2019,11784,4,68.0,58.4,16,TE,52,29.2,David Njoku,CLV,6,45,49.8,48.3
2019,45734,5,77.6,19.9,0,HB,24,74.6,D'Ernest Johnson,CLV,2,1,56.6,78.4
2019,94365,9,69.5,77.3,14,TE,59,73.4,Stephen Carlson,CLV,8,65,61.2,65.3
2019,12247,8,67.0,72.0,9,TE,36,72.1,Pharaoh Brown,CLV,0,50,55.2,59.4
2019,11827,3,68.7,,7,WR,18,,Taywan Taylor,CLV,15,0,52.5,52.7
2019,46131,11,61.2,68.6,0,G,2,64.7,Wyatt Teller,CLV,0,1,56.7,60.6
2020,8698,17,55.6,76.3,290,WR,467,70.3,Jarvis Landry,CLV,209,2,84.8,81.8
2020,10715,15,79.9,63.2,109,TE,353,48.6,Austin Hooper,CLV,35,281,69.8,72.0
2020,10806,14,19.2,65.7,70,WR,359,68.8,Rashard Higgins,CLV,305,2,73.4,72.8
2020,11841,18,70.7,60.6,16,HB,279,50.6,Kareem Hunt,CLV,32,7,74.4,64.4
2020,8647,7,76.5,,28,WR,178,73.5,Odell Beckham Jr.,CLV,161,0,75.3,73.7
2020,26394,17,19.5,69.2,140,TE,265,62.3,Harrison Bryant,CLV,37,131,59.4,56.7
2020,11784,15,75.3,77.4,64,TE,199,51.8,David Njoku,CLV,28,156,70.1,67.6
2020,11440,12,75.6,,43,WR,243,29.2,Marvin Hall,CLV,215,0,57.4,56.8
2020,45783,14,82.4,91.4,8,HB,191,61.3,Nick Chubb,CLV,39,1,87.9,65.9
2020,61439,13,86.9,56.2,64,WR,183,67.7,Donovan Peoples-Jones,CLV,131,1,67.7,68.4
2020,26104,10,71.5,69.2,36,WR,134,78.7,KhaDarel Hodge,CLV,108,1,69.6,69.6
2020,27003,3,68.0,,6,WR,60,73.4,Ja'Marcus Bradley,CLV,58,1,56.6,59.0
2020,10810,16,71.8,90.0,0,FB,35,29.9,Andy Janovich,CLV,3,4,62.2,40.9
2020,45734,7,54.0,63.6,0,HB,29,36.2,D'Ernest Johnson,CLV,4,0,65.2,41.0
2020,46518,18,65.1,76.5,0,QB,2,64.7,Baker Mayfield,CLV,0,0,85.7,90.8
2020,11827,3,,,5,WR,11,27.9,Taywan Taylor,CLV,7,0,43.1,43.5
2020,94365,9,67.8,63.5,7,TE,26,64.7,Stephen Carlson,CLV,5,22,56.9,54.0
2020,10017,9,61.2,69.5,0,T,3,64.7,Kendall Lamm,CLV,0,4,66.7,87.6
2021,8698,12,21.4,68.1,203,WR,321,79.7,Jarvis Landry,CLV,127,1,66.3,68.0
2021,61439,14,25.2,72.1,86,WR,410,52.7,Donovan Peoples-Jones,CLV,348,0,65.7,67.0
2021,10715,16,78.0,56.6,125,TE,303,42.4,Austin Hooper,CLV,30,221,64.2,61.8
2021,11784,16,78.0,72.4,118,TE,305,72.6,David Njoku,CLV,47,207,70.9,70.0
2021,10806,15,75.3,61.6,130,WR,296,41.4,Rashard Higgins,CLV,181,2,54.7,56.3
2021,26394,16,74.6,64.2,51,TE,158,71.5,Harrison Bryant,CLV,37,79,64.8,71.3
2021,45783,14,71.2,80.5,20,HB,185,84.5,Nick Chubb,CLV,25,2,81.7,63.7
2021,11841,8,87.2,66.9,14,HB,109,72.3,Kareem Hunt,CLV,12,1,74.4,67.5
2021,45734,12,69.3,80.1,17,HB,152,33.5,D'Ernest Johnson,CLV,19,6,81.4,42.7
2021,84135,14,80.6,,41,WR,164,58.5,Anthony Schwartz,CLV,128,0,57.4,56.7
2021,40568,15,87.7,75.0,63,WR,82,55.6,Demetric Felton Jr.,CLV,15,4,78.1,78.4
2021,27003,2,70.1,66.2,6,WR,40,72.1,Ja'Marcus Bradley,CLV,41,0,64.7,62.9
2021,10810,13,72.6,52.7,0,FB,20,41.6,Andy Janovich,CLV,4,3,63.8,59.1
2021,46441,2,69.0,43.2,0,FB,4,68.3,Johnny Stanton,CLV,0,0,61.7,66.3
2022,9437,17,82.1,,150,WR,562,67.4,Amari Cooper,CLV,452,0,81.2,83.6
2022,61439,17,61.2,66.2,184,WR,573,77.5,Donovan Peoples-Jones,CLV,431,0,64.9,67.7
2022,11784,14,43.5,76.3,172,TE,405,70.2,David Njoku,CLV,54,251,73.7,78.7
2022,26394,17,77.1,76.8,116,TE,249,50.6,Harrison Bryant,CLV,40,136,59.3,54.9
2022,11841,17,73.7,54.6,16,HB,254,72.0,Kareem Hunt,CLV,23,25,67.0,66.4
2022,45783,17,87.7,61.8,11,HB,254,76.1,Nick Chubb,CLV,34,7,90.3,58.5
2022,97989,16,76.0,69.2,236,WR,305,63.4,David Bell,CLV,91,0,52.5,52.1
2022,12247,16,72.3,59.9,33,TE,113,47.7,Pharaoh Brown,CLV,13,103,59.1,58.1
2022,84117,10,68.8,75.6,35,WR,93,74.6,Michael Woods II,CLV,67,1,53.5,53.4
2022,84135,10,18.9,,30,WR,62,28.6,Anthony Schwartz,CLV,36,0,50.8,47.3
2022,40568,5,76.7,,17,WR,25,68.3,Demetric Felton Jr.,CLV,7,0,50.8,51.9
2022,45734,4,71.7,82.1,2,HB,19,70.5,D'Ernest Johnson,CLV,0,1,66.1,58.4
2022,61522,8,89.0,,17,WR,40,68.3,Jaelon Darden,CLV,26,0,52.9,57.2
2022,64309,1,64.0,,1,WR,5,68.3,Daylen Baldwin,CLV,4,0,83.3,81.2
2023,11784,17,29.4,67.5,225,TE,558,52.8,David Njoku,CLV,66,356,68.2,70.5
2023,9437,16,50.0,68.1,136,WR,592,55.4,Amari Cooper,CLV,491,0,79.9,79.6
2023,84302,18,51.1,0.0,285,WR,608,65.6,Elijah Moore,CLV,346,0,58.9,60.6
2023,83601,18,82.9,64.8,15,HB,349,30.8,Jerome Ford,CLV,17,40,68.3,55.3
2023,84434,14,75.0,76.4,147,WR,358,71.3,Cedric Tillman,CLV,224,11,55.5,55.4
2023,97989,16,74.9,78.0,86,WR,158,60.3,David Bell,CLV,79,3,63.6,63.6
2023,11841,16,90.2,58.4,4,HB,151,71.5,Kareem Hunt,CLV,5,25,69.8,67.0
2023,26394,18,25.8,80.2,48,TE,165,69.0,Harrison Bryant,CLV,13,108,57.0,59.4
2023,47050,18,73.0,43.5,47,TE,128,51.5,Jordan Akins,CLV,11,79,53.6,57.8
2023,7859,13,71.1,,35,WR,86,41.6,Marquise Goodwin,CLV,56,0,50.5,49.5
2023,66619,14,57.5,62.4,1,HB,73,46.3,Pierre Strong Jr.,CLV,8,9,60.6,49.1
2023,48037,3,89.0,,10,WR,34,,James Proche II,CLV,22,1,50.1,49.7
2023,45783,2,79.9,25.8,1,HB,16,72.1,Nick Chubb,CLV,2,1,81.6,65.4
2024,61103,9,77.5,,134,WR,377,53.4,Jerry Jeudy,CLV,268,0,64.7,65.5
2024,84302,9,77.0,65.8,216,WR,311,51.7,Elijah Moore,CLV,112,0,54.1,54.4
2024,11784,6,76.6,73.4,62,TE,185,58.8,David Njoku,CLV,29,111,64.3,64.9
2024,84434,9,76.0,63.6,69,WR,214,64.1,Cedric Tillman,CLV,164,0,63.5,66.6
2024,83601,7,84.6,35.0,11,HB,152,72.1,Jerome Ford,CLV,14,29,63.9,53.1
2024,47050,9,74.6,68.8,70,TE,158,84.1,Jordan Akins,CLV,18,89,66.3,68.2
2024,66619,7,80.8,43.8,11,HB,97,52.1,Pierre Strong Jr.,CLV,18,16,57.5,49.1
2024,11844,8,49.7,41.2,1,HB,34,74.6,D'Onta Foreman,CLV,1,2,60.2,65.9
2024,45783,3,82.0,67.2,1,HB,38,30.0,Nick Chubb,CLV,0,2,57.1,41.8
2024,77881,4,67.0,75.9,7,TE,26,72.1,Blake Whiteheart,CLV,5,22,64.3,64.5
2024,97989,1,65.8,,3,WR,5,70.5,David Bell,CLV,2,0,78.7,72.3
2024,9679,7,61.2,65.4,7,TE,44,64.7,Geoff Swaim,CLV,0,62,46.9,40.0
2024,61522,2,83.4,,2,WR,14,64.7,Jaelon Darden,CLV,13,0,54.7,54.8
2024,48037,3,79.9,,4,WR,6,64.7,James Proche II,CLV,1,0,57.7,57.3
2006,188,17,82.9,68.7,117,WR,580,29.0,Terrell Owens,DAL,503,6,80.8,82.0
2006,156,16,50.7,70.3,121,WR,517,70.8,Terry Glenn,DAL,428,2,77.4,77.9
2006,1384,17,48.1,68.2,149,TE,447,80.5,Jason Witten,DAL,32,422,82.5,77.6
2006,1932,17,29.5,71.5,165,WR,298,90.1,Patrick Crayton,DAL,143,7,76.8,74.5
2006,2326,17,90.1,70.6,9,HB,232,34.7,Marion Barber III,DAL,25,7,60.8,45.0
2006,2998,17,73.0,70.9,6,TE,138,81.1,Anthony Fasano,DAL,27,144,60.5,60.3
2006,1764,17,86.4,75.0,3,HB,180,47.7,Julius Jones,DAL,15,1,46.2,53.9
2006,3362,14,68.8,,11,WR,58,74.6,Sam Hurd,DAL,51,0,70.4,68.1
2006,2152,7,72.3,83.0,0,FB,30,29.9,Lousaka Polite,DAL,0,1,61.6,46.1
2006,3357,11,64.0,85.0,0,FB,48,68.3,Oliver Hoyte,DAL,3,2,76.4,49.8
2007,188,16,82.6,,144,WR,556,31.4,Terrell Owens,DAL,434,0,85.7,87.5
2007,1384,17,58.8,53.2,123,TE,512,77.9,Jason Witten,DAL,12,418,91.6,91.8
2007,1932,16,79.6,,238,WR,519,66.1,Patrick Crayton,DAL,304,2,72.9,70.6
2007,2326,17,65.2,85.2,1,HB,253,70.1,Marion Barber III,DAL,2,0,88.8,60.5
2007,3362,17,74.6,,36,WR,325,84.1,Sam Hurd,DAL,300,0,64.3,63.2
2007,1764,17,90.5,72.1,0,HB,197,74.2,Julius Jones,DAL,1,0,63.4,71.2
2007,2998,17,73.0,69.1,45,TE,189,51.5,Anthony Fasano,DAL,20,147,59.0,53.9
2007,3211,10,68.0,,4,WR,55,29.2,Miles Austin,DAL,55,0,61.0,60.5
2007,3811,5,68.8,33.1,0,FB,29,74.6,Deon Anderson,DAL,0,0,70.3,77.5
2007,156,2,64.0,,7,WR,18,68.3,Terry Glenn,DAL,14,0,65.3,68.5
2007,2552,13,65.8,80.8,3,TE,20,70.5,Tony Curtis,DAL,2,31,83.0,89.6
2007,3357,11,61.2,73.2,0,FB,46,28.8,Oliver Hoyte,DAL,0,0,53.9,35.5
2008,188,16,51.8,,185,WR,581,35.8,Terrell Owens,DAL,417,0,70.6,68.5
2008,1384,16,82.3,70.5,116,TE,469,79.5,Jason Witten,DAL,10,369,90.8,89.4
2008,1728,15,78.1,,57,WR,484,29.6,Roy Williams,DAL,449,0,55.0,55.2
2008,1932,16,44.1,,297,WR,445,49.2,Patrick Crayton,DAL,166,0,60.3,56.1
2008,2326,15,31.2,67.4,1,HB,308,79.6,Marion Barber III,DAL,5,0,52.6,48.6
2008,4436,11,88.0,49.3,0,HB,108,59.9,Tashard Choice,DAL,2,0,56.7,69.2
2008,4375,16,74.6,80.3,22,TE,158,71.1,Martellus Bennett,DAL,5,157,69.3,66.1
2008,3211,11,72.7,,22,WR,138,64.4,Miles Austin,DAL,123,0,73.0,71.4
2008,2552,15,18.7,43.0,10,TE,87,76.5,Tony Curtis,DAL,7,56,52.6,39.5
2008,3811,14,67.8,27.9,0,FB,50,29.9,Deon Anderson,DAL,0,0,66.6,41.5
2008,3719,3,64.0,,4,WR,15,68.3,Isaiah Stanback,DAL,11,0,66.3,62.6
2008,4336,6,80.1,35.5,4,HB,24,68.3,Felix Jones,DAL,2,0,61.5,54.0
2009,3211,18,57.0,,136,WR,560,87.9,Miles Austin,DAL,449,0,82.5,83.6
2009,1384,18,84.1,74.7,116,TE,582,74.7,Jason Witten,DAL,34,482,84.2,78.0
2009,1728,17,32.4,,81,WR,556,29.5,Roy Williams,DAL,501,0,59.7,58.1
2009,1932,18,36.3,,322,WR,421,60.5,Patrick Crayton,DAL,121,1,67.1,64.2
2009,2326,17,71.3,64.6,3,HB,209,76.3,Marion Barber III,DAL,5,0,52.7,52.4
2009,4375,16,74.3,63.0,39,TE,207,28.3,Martellus Bennett,DAL,52,190,64.0,46.1
2009,4336,16,64.6,65.0,4,HB,109,85.3,Felix Jones,DAL,3,0,69.6,79.1
2009,4436,18,87.1,62.8,1,HB,124,56.9,Tashard Choice,DAL,4,0,61.6,61.1
2009,3362,11,69.5,66.1,8,WR,52,31.8,Sam Hurd,DAL,45,0,70.9,66.6
2009,5132,18,70.1,81.5,6,FB,49,76.5,John Phillips,DAL,11,35,88.3,68.7
2009,5387,11,71.3,,5,WR,41,77.3,Kevin Ogletree,DAL,39,0,78.9,78.2
2009,3811,17,64.0,62.0,0,FB,49,30.0,Deon Anderson,DAL,2,0,74.0,38.0
2010,1384,16,57.2,74.3,83,TE,528,89.9,Jason Witten,DAL,9,509,90.3,86.7
2010,3211,16,82.3,,350,WR,599,36.5,Miles Austin,DAL,278,0,68.1,68.0
2010,5549,12,48.6,,6,WR,315,62.5,Dez Bryant,DAL,325,0,72.9,73.8
2010,1728,15,22.7,,69,WR,456,65.8,Roy Williams,DAL,410,0,61.8,60.1
2010,4336,16,81.2,73.3,7,HB,227,86.5,Felix Jones,DAL,1,0,67.1,87.0
2010,4375,16,37.3,65.5,45,TE,170,60.9,Martellus Bennett,DAL,23,164,78.7,59.8
2010,3362,15,72.7,59.8,45,WR,153,50.1,Sam Hurd,DAL,113,0,61.2,59.4
2010,4436,14,58.5,76.6,0,HB,88,67.7,Tashard Choice,DAL,1,0,54.3,48.3
2010,5926,14,72.9,30.1,0,FB,71,75.6,Chris Gronkowski,DAL,2,2,81.2,59.2
2010,2326,13,89.0,53.0,1,HB,95,61.8,Marion Barber III,DAL,3,0,57.4,59.1
2010,5387,4,65.8,,12,WR,29,36.2,Kevin Ogletree,DAL,19,0,54.5,57.4
2010,5153,2,61.2,,7,WR,35,28.8,Manuel Johnson,DAL,29,0,54.8,50.2
2011,1384,16,51.9,72.1,151,TE,560,84.1,Jason Witten,DAL,10,448,78.7,76.6
2011,5549,15,45.4,,22,WR,518,90.0,Dez Bryant,DAL,516,0,80.4,79.6
2011,3691,14,79.7,68.1,44,WR,399,53.5,Laurent Robinson,DAL,367,0,75.7,74.6
2011,3211,10,33.3,,253,WR,351,60.7,Miles Austin,DAL,110,0,71.8,72.1
2011,4336,12,28.7,73.4,1,HB,134,51.7,Felix Jones,DAL,0,0,72.2,52.1
2011,6223,13,82.2,67.3,1,HB,148,44.0,DeMarco Murray,DAL,1,0,71.5,58.5
2011,5387,13,24.0,,106,WR,194,81.7,Kevin Ogletree,DAL,93,0,62.1,62.5
2011,4375,14,73.6,73.8,48,TE,155,54.3,Martellus Bennett,DAL,19,135,77.8,58.5
2011,5132,14,73.0,43.4,5,TE,106,81.1,John Phillips,DAL,12,63,61.5,61.4
2011,3965,8,69.5,,6,WR,35,75.6,Jesse Holley,DAL,30,0,90.4,88.8
2011,678,3,79.7,53.1,0,HB,37,49.7,Sammy Morris,DAL,0,0,69.8,54.5
2011,5052,10,70.6,54.4,0,FB,41,28.0,Tony Fiammetta,DAL,0,0,55.9,37.6
2011,4527,1,66.2,74.7,0,HB,12,68.3,Chauncey Washington,DAL,0,0,64.2,69.7
2011,6420,4,77.9,73.9,1,HB,20,68.3,Phillip Tanner,DAL,0,0,68.9,55.9
2011,6372,1,61.2,70.4,0,FB,1,64.7,Shaun Chapas,DAL,0,0,59.9,65.7
2012,1384,16,84.1,66.6,286,TE,628,70.7,Jason Witten,DAL,6,416,84.5,82.8
2012,5549,16,30.0,49.9,13,WR,650,54.0,Dez Bryant,DAL,668,0,76.5,76.8
2012,3211,16,45.9,,414,WR,569,61.1,Miles Austin,DAL,187,0,76.1,75.4
2012,5387,15,77.6,,34,WR,341,52.5,Kevin Ogletree,DAL,327,0,64.1,63.6
2012,6223,10,49.4,69.5,4,HB,205,55.6,DeMarco Murray,DAL,2,0,70.2,58.0
2012,4336,16,71.0,75.9,3,HB,162,64.1,Felix Jones,DAL,6,5,60.3,63.3
2012,6328,13,73.9,,27,WR,191,68.7,Dwayne Harris,DAL,170,0,72.0,69.7
2012,7330,9,73.0,,114,WR,113,51.5,Cole Beasley,DAL,4,0,62.8,62.4
2012,3125,16,74.1,63.3,0,FB,88,64.4,Lawrence Vickers,DAL,0,0,64.2,67.8
2012,7332,7,78.5,64.8,1,HB,39,49.7,Lance Dunbar,DAL,0,0,61.6,53.4
2012,7175,14,70.1,68.2,36,TE,63,76.5,James Hanna,DAL,1,27,60.5,59.5
2012,5132,16,70.1,55.0,27,TE,99,76.5,John Phillips,DAL,3,102,65.3,51.6
2012,4855,4,65.8,,8,WR,47,26.5,Anthony Armstrong,DAL,43,0,41.7,40.9
2012,6420,7,78.9,74.3,1,HB,36,42.1,Phillip Tanner,DAL,0,2,58.1,49.2
2012,6489,2,64.0,,0,WR,14,68.3,Andre Holmes,DAL,15,0,53.5,54.1
2012,1693,16,82.5,,0,QB,0,,Tony Romo,DAL,0,0,73.9,
2013,5549,16,25.5,,73,WR,611,49.6,Dez Bryant,DAL,574,0,82.2,83.3
2013,1384,16,81.8,77.1,297,TE,540,61.2,Jason Witten,DAL,11,339,78.2,72.8
2013,7855,16,25.5,62.3,35,WR,490,53.9,Terrance Williams,DAL,486,0,66.2,64.9
2013,6223,14,64.0,83.5,7,HB,305,81.2,DeMarco Murray,DAL,16,0,79.8,70.6
2013,7330,14,45.7,,195,WR,198,74.3,Cole Beasley,DAL,13,0,77.7,77.9
2013,3211,11,75.5,84.2,206,WR,324,53.1,Miles Austin,DAL,138,1,58.5,54.2
2013,7828,16,80.1,75.6,84,TE,121,77.3,Gavin Escobar,DAL,23,25,63.7,62.4
2013,6328,9,89.3,68.8,69,WR,86,29.2,Dwayne Harris,DAL,23,1,63.9,55.0
2013,7175,16,72.2,71.9,24,TE,97,80.3,James Hanna,DAL,4,100,53.9,52.6
2013,7933,6,86.3,28.8,0,HB,44,28.7,Joseph Randle,DAL,1,0,53.0,35.0
2013,7332,8,34.2,40.4,1,HB,18,75.6,Lance Dunbar,DAL,1,0,71.6,49.7
2013,6420,4,21.9,85.5,1,HB,14,70.5,Phillip Tanner,DAL,0,2,53.4,64.7
2013,6124,6,13.4,81.3,0,FB,13,64.7,Tyler Clutts,DAL,0,1,63.6,25.8
2014,5549,18,66.7,,93,WR,551,79.3,Dez Bryant,DAL,489,0,90.1,90.0
2014,1384,18,84.0,81.1,335,TE,510,77.2,Jason Witten,DAL,7,261,83.6,79.8
2014,7855,18,78.1,,24,WR,517,66.5,Terrance Williams,DAL,524,0,66.0,65.0
2014,6223,18,51.2,65.3,15,HB,303,76.6,DeMarco Murray,DAL,3,0,83.1,66.7
2014,7330,18,24.4,,337,WR,347,78.1,Cole Beasley,DAL,32,0,70.6,70.3
2014,7332,18,84.6,50.9,24,HB,88,83.8,Lance Dunbar,DAL,9,3,68.9,80.4
2014,7828,18,70.6,69.6,109,TE,134,56.7,Gavin Escobar,DAL,18,17,62.5,59.3
2014,6328,18,66.7,65.5,9,WR,46,78.0,Dwayne Harris,DAL,39,1,75.5,76.9
2014,8781,17,65.8,,27,WR,78,70.5,Devin Street,DAL,60,0,52.2,48.9
2014,7175,18,67.5,50.6,17,TE,58,73.8,James Hanna,DAL,2,77,69.7,61.3
2014,7933,12,27.5,87.7,0,HB,25,73.4,Joseph Randle,DAL,0,0,75.6,70.6
2014,6124,13,64.0,71.6,0,FB,13,68.3,Tyler Clutts,DAL,0,0,62.8,65.9
2015,1384,16,50.4,77.4,345,TE,511,90.6,Jason Witten,DAL,11,246,66.5,64.3
2015,7855,16,82.8,,57,WR,509,61.3,Terrance Williams,DAL,490,1,69.9,69.4
2015,7330,16,56.0,,381,WR,408,66.6,Cole Beasley,DAL,57,0,64.3,64.4
2015,5549,9,76.6,,62,WR,293,32.5,Dez Bryant,DAL,249,0,68.7,67.0
2015,4318,16,62.6,37.5,10,HB,263,67.6,Darren McFadden,DAL,20,1,60.1,58.9
2015,7991,7,72.3,,15,WR,161,80.0,Brice Butler,DAL,159,0,68.0,67.8
2015,7332,4,79.6,42.6,17,HB,65,84.9,Lance Dunbar,DAL,10,2,80.2,90.8
2015,7175,14,70.6,74.7,15,TE,57,38.4,James Hanna,DAL,3,69,64.1,48.4
2015,7828,14,18.5,83.5,56,TE,97,76.5,Gavin Escobar,DAL,24,27,58.8,53.7
2015,8781,15,19.2,,9,WR,124,35.3,Devin Street,DAL,128,0,57.8,57.8
2015,7933,6,59.6,71.6,3,HB,38,78.7,Joseph Randle,DAL,0,1,74.2,82.4
2015,7106,10,83.7,68.9,1,HB,64,76.5,Robert Turbin,DAL,3,0,69.7,53.7
2015,9853,13,52.2,61.5,44,WR,58,74.6,Lucky Whitehead,DAL,16,6,60.5,55.2
2015,6124,15,61.2,79.6,0,FB,22,64.7,Tyler Clutts,DAL,0,0,67.7,53.9
2015,9556,1,,,0,WR,5,,Vince Mayle,DAL,5,0,53.8,55.0
2015,9679,2,61.2,69.3,0,TE,4,64.7,Geoff Swaim,DAL,0,5,38.5,55.6
2015,9996,6,66.7,79.9,1,HB,17,64.7,Rod Smith,DAL,10,0,57.3,51.8
2016,5549,14,35.6,,114,WR,452,83.3,Dez Bryant,DAL,366,0,83.5,83.4
2016,1384,17,50.8,57.4,275,TE,476,82.7,Jason Witten,DAL,32,273,68.8,69.1
2016,7330,17,84.2,61.6,388,WR,438,89.5,Cole Beasley,DAL,70,2,85.9,86.1
2016,7855,17,35.3,60.9,65,WR,484,78.4,Terrance Williams,DAL,439,5,73.0,71.5
2016,10638,16,63.6,56.9,27,HB,288,78.9,Ezekiel Elliott,DAL,15,1,77.2,62.4
2016,7991,17,73.6,,79,WR,237,54.3,Brice Butler,DAL,169,0,59.6,61.2
2016,7332,14,28.0,19.6,23,HB,102,54.8,Lance Dunbar,DAL,15,2,53.9,56.5
2016,9679,9,68.8,55.7,7,TE,27,74.6,Geoff Swaim,DAL,1,40,66.7,65.0
2016,7828,15,68.7,77.8,17,TE,43,72.1,Gavin Escobar,DAL,6,34,52.6,51.6
2016,7165,13,85.6,34.4,1,HB,42,70.5,Alfred Morris,DAL,3,0,51.5,56.6
2016,4318,4,78.9,77.6,3,HB,19,28.0,Darren McFadden,DAL,4,0,59.1,36.6
2016,9302,14,68.7,84.5,6,FB,26,70.5,Keith Smith,DAL,1,3,75.1,57.1
2016,9853,14,28.8,65.7,14,WR,30,72.1,Lucky Whitehead,DAL,14,3,54.7,62.9
2016,9996,2,65.3,,0,HB,4,64.7,Rod Smith,DAL,3,0,59.8,59.6
2017,5549,16,48.1,,124,WR,518,28.9,Dez Bryant,DAL,444,0,72.7,71.8
2017,1384,16,80.8,64.4,322,TE,478,85.1,Jason Witten,DAL,48,226,60.6,58.2
2017,7855,16,80.1,,39,WR,419,48.0,Terrance Williams,DAL,410,12,65.3,63.3
2017,7330,15,78.8,,359,WR,370,72.7,Cole Beasley,DAL,49,1,59.9,59.3
2017,10638,10,83.8,47.6,19,HB,267,75.5,Ezekiel Elliott,DAL,19,1,69.5,54.6
2017,7991,13,73.3,,51,WR,149,39.8,Brice Butler,DAL,106,1,65.9,64.8
2017,9996,15,84.7,86.6,21,HB,129,83.2,Rod Smith,DAL,8,1,67.7,68.8
2017,11993,12,67.0,,8,WR,43,41.6,Noah Brown,DAL,34,5,70.0,58.7
2017,7165,13,89.0,41.2,2,HB,60,76.5,Alfred Morris,DAL,2,0,64.5,63.3
2017,7175,16,67.0,80.5,19,TE,75,72.1,James Hanna,DAL,6,74,69.1,65.2
2017,11888,13,88.8,,48,WR,49,49.7,Ryan Switzer,DAL,4,1,61.4,64.7
2017,9302,11,68.8,31.2,8,FB,25,74.6,Keith Smith,DAL,0,2,58.7,71.2
2017,9679,12,64.0,72.8,4,TE,26,68.3,Geoff Swaim,DAL,2,28,77.0,62.1
2018,9437,17,25.4,,145,WR,613,73.3,Amari Cooper,DAL,513,0,76.7,75.4
2018,10638,17,53.8,62.4,44,HB,468,74.7,Ezekiel Elliott,DAL,18,0,75.7,69.0
2018,7330,18,86.4,,482,WR,513,87.1,Cole Beasley,DAL,69,0,74.6,73.8
2018,26075,18,78.3,,63,WR,487,51.8,Michael Gallup,DAL,466,0,62.7,62.2
2018,12320,18,77.0,55.0,170,TE,274,60.5,Blake Jarwin,DAL,12,119,66.8,65.3
2018,8931,17,25.1,65.7,46,WR,253,71.3,Allen Hurns,DAL,220,4,65.5,66.0
2018,9679,9,75.7,31.8,121,TE,244,86.1,Geoff Swaim,DAL,12,158,55.8,56.8
2018,47304,13,72.7,76.9,46,TE,144,80.6,Dalton Schultz,DAL,5,127,60.0,57.4
2018,7789,9,83.4,,31,WR,81,79.4,Tavon Austin,DAL,51,4,71.0,71.7
2018,11993,9,69.5,74.3,16,WR,40,75.6,Noah Brown,DAL,21,5,73.0,76.5
2018,9996,17,82.9,60.0,9,HB,77,77.3,Rod Smith,DAL,6,1,57.5,59.3
2018,10851,16,65.8,29.0,14,TE,48,36.2,Rico Gathers,DAL,5,40,51.8,48.7
2018,7572,18,65.8,83.6,4,FB,36,36.2,Jamize Olawale,DAL,1,1,49.7,43.8
2018,7855,3,64.0,,2,WR,18,68.3,Terrance Williams,DAL,16,1,62.8,61.1
2018,11846,4,72.9,,4,CB,4,,Jourdan Lewis,DAL,0,0,67.6,57.0
2018,10769,18,31.3,,0,QB,1,,Dak Prescott,DAL,0,0,74.8,58.9
2019,9437,16,82.3,,75,WR,519,63.1,Amari Cooper,DAL,474,0,84.2,84.2
2019,26075,14,80.8,,73,WR,512,29.1,Michael Gallup,DAL,468,0,74.0,74.4
2019,1384,16,45.4,55.4,226,TE,446,60.5,Jason Witten,DAL,43,253,59.4,57.7
2019,6216,15,34.2,68.6,458,WR,469,29.1,Randall Cobb,DAL,35,6,69.9,70.9
2019,10638,16,69.9,50.8,37,HB,465,54.6,Ezekiel Elliott,DAL,19,0,77.0,56.2
2019,12320,16,27.5,76.5,92,TE,201,77.8,Blake Jarwin,DAL,25,119,61.4,66.6
2019,7789,14,44.8,65.3,48,WR,151,80.6,Tavon Austin,DAL,117,0,59.9,62.4
2019,27126,15,67.8,19.4,23,HB,81,65.6,Tony Pollard,DAL,4,0,82.9,72.1
2019,48170,3,76.1,,15,WR,39,73.4,Cedrick Wilson Jr.,DAL,30,0,56.1,57.9
2019,9470,3,68.0,,21,WR,69,73.4,Devin Smith,DAL,54,0,63.7,64.5
2019,7572,14,,84.6,5,FB,36,,Jamize Olawale,DAL,6,1,52.2,48.5
2019,47304,13,66.8,65.3,2,TE,15,68.3,Dalton Schultz,DAL,1,21,69.4,51.7
2019,47959,4,61.2,,2,WR,7,64.7,Ventell Bryant,DAL,4,1,86.0,80.4
2020,9437,16,83.6,,172,WR,617,88.0,Amari Cooper,DAL,465,1,75.9,77.6
2020,61570,16,67.2,77.3,504,WR,516,48.2,CeeDee Lamb,DAL,35,0,71.6,72.6
2020,26075,16,80.3,,41,WR,631,45.3,Michael Gallup,DAL,614,0,66.3,67.1
2020,47304,16,44.4,35.2,314,TE,553,77.9,Dalton Schultz,DAL,65,241,63.9,63.8
2020,10638,15,31.3,64.1,26,HB,387,41.5,Ezekiel Elliott,DAL,31,2,65.3,49.1
2020,27126,16,90.3,54.6,20,HB,199,47.5,Tony Pollard,DAL,32,0,71.7,56.9
2020,48170,16,79.9,,103,WR,151,54.8,Cedrick Wilson Jr.,DAL,56,0,61.1,61.1
2020,11993,16,73.0,33.4,48,WR,135,65.9,Noah Brown,DAL,93,2,66.7,64.1
2020,9550,16,72.1,84.2,33,TE,109,78.7,Blake Bell,DAL,14,107,63.1,65.2
2020,6187,11,75.1,,0,QB,2,,Andy Dalton,DAL,0,0,69.9,60.0
2020,12320,1,61.2,72.7,6,TE,17,64.7,Blake Jarwin,DAL,1,12,52.0,60.9
2020,9243,1,,,0,S,1,28.0,C.J. Goodwin,DAL,0,0,41.7,42.5
2020,10769,5,74.1,,0,QB,1,64.7,Dak Prescott,DAL,0,0,85.2,91.2
2021,61570,17,87.7,67.8,253,WR,579,53.5,CeeDee Lamb,DAL,375,0,84.1,84.8
2021,9437,16,50.8,,173,WR,570,77.1,Amari Cooper,DAL,443,0,73.0,73.6
2021,47304,18,82.7,67.3,311,TE,589,86.9,Dalton Schultz,DAL,71,297,78.2,77.4
2021,48170,16,31.4,67.2,385,WR,391,65.6,Cedrick Wilson Jr.,DAL,42,0,71.7,71.6
2021,10638,18,85.6,40.2,20,HB,448,74.0,Ezekiel Elliott,DAL,65,12,69.3,55.3
2021,26075,9,77.7,,28,WR,325,64.1,Michael Gallup,DAL,322,0,73.4,73.1
2021,27126,16,63.8,50.3,24,HB,184,66.8,Tony Pollard,DAL,23,1,86.0,64.9
2021,11993,14,23.9,74.1,30,WR,167,45.1,Noah Brown,DAL,155,0,60.0,57.5
2021,12320,9,71.5,74.5,67,TE,137,60.2,Blake Jarwin,DAL,18,81,57.8,51.2
2021,48078,12,72.3,70.2,43,WR,65,80.0,Malik Turner,DAL,28,1,79.0,78.6
2021,12253,7,83.2,83.7,4,HB,24,49.2,Corey Clement,DAL,5,0,67.0,50.5
2021,42266,9,67.0,65.1,11,TE,30,72.1,Sean McKeon,DAL,2,28,54.9,58.5
2021,11909,13,65.8,84.6,6,TE,21,70.5,Jeremy Sprinkle,DAL,3,35,68.5,73.7
2021,39461,15,61.2,60.9,2,T,5,64.7,Terence Steele,DAL,0,5,64.6,84.2
2021,9243,1,61.2,,0,S,1,64.7,C.J. Goodwin,DAL,0,0,81.6,76.9
2022,61570,19,86.0,,425,WR,646,78.9,CeeDee Lamb,DAL,245,2,86.2,87.0
2022,47304,17,47.6,51.1,219,TE,488,63.2,Dalton Schultz,DAL,72,252,68.3,67.8
2022,26075,16,78.5,,41,WR,492,60.5,Michael Gallup,DAL,473,0,62.6,61.9
2022,11993,18,34.5,77.0,228,WR,476,63.2,Noah Brown,DAL,284,0,59.5,61.2
2022,27126,18,91.0,74.9,27,HB,271,84.3,Tony Pollard,DAL,41,0,90.2,76.0
2022,10638,17,91.2,61.1,5,HB,274,46.4,Ezekiel Elliott,DAL,22,11,68.3,38.4
2022,61081,18,74.9,56.8,28,TE,116,84.5,Jake Ferguson,DAL,12,126,66.1,75.2
2022,7092,5,71.1,,37,WR,79,29.5,T.Y. Hilton,DAL,46,0,69.6,69.0
2022,60915,18,21.7,51.4,61,TE,114,51.7,Peyton Hendershot,DAL,13,55,57.2,62.1
2022,57196,6,81.5,34.1,1,HB,31,74.6,Malik Davis,DAL,2,0,80.6,90.1
2022,61295,2,64.0,,4,WR,48,68.3,Dennis Houston,DAL,48,0,54.6,54.7
2022,84424,4,65.8,,9,WR,23,70.5,Simi Fehoko,DAL,15,0,55.7,59.5
2022,61637,7,64.0,62.3,5,WR,40,68.3,Jalen Tolbert,DAL,39,0,48.7,50.7
2022,47658,13,90.4,,24,WR,26,68.3,KaVontae Turpin,DAL,3,0,53.0,52.5
2022,42266,13,64.0,81.0,0,TE,22,68.3,Sean McKeon,DAL,2,22,47.8,58.9
2022,47792,2,,,0,WR,9,,James Washington,DAL,10,0,52.3,53.8
2023,61570,18,50.6,,435,WR,692,89.3,CeeDee Lamb,DAL,299,2,90.9,91.2
2023,61081,18,82.2,73.1,290,TE,573,74.1,Jake Ferguson,DAL,65,283,74.5,76.6
2023,8655,17,57.6,,228,WR,594,83.9,Brandin Cooks,DAL,407,0,68.8,69.9
2023,27126,18,66.9,70.6,37,HB,439,77.6,Tony Pollard,DAL,42,0,77.5,51.4
2023,26075,18,78.0,,49,WR,443,65.5,Michael Gallup,DAL,425,0,63.4,64.5
2023,61637,18,75.5,,116,WR,300,72.1,Jalen Tolbert,DAL,205,0,56.5,58.0
2023,40693,17,88.5,34.1,11,HB,122,56.9,Rico Dowdle,DAL,10,0,66.6,59.6
2023,47658,16,62.1,66.2,76,WR,96,31.0,KaVontae Turpin,DAL,22,0,67.7,69.8
2023,84005,18,70.6,58.1,30,TE,115,27.8,Luke Schoonmaker,DAL,10,121,49.8,43.6
2023,122624,6,80.8,35.7,1,HB,20,75.6,Deuce Vaughn,DAL,3,0,46.4,76.0
2023,60915,9,68.3,85.1,37,TE,65,28.6,Peyton Hendershot,DAL,5,31,44.2,41.4
2023,111284,6,68.8,,3,WR,33,29.8,Jalen Brooks,DAL,32,0,65.1,62.3
2023,91319,17,73.7,20.2,3,FB,39,70.5,Hunter Luepke,DAL,3,3,56.7,56.0
2023,42266,9,,79.2,1,TE,31,,Sean McKeon,DAL,7,29,54.8,43.3
2024,61570,9,49.2,67.1,192,WR,327,70.4,CeeDee Lamb,DAL,158,1,75.1,76.9
2024,61081,8,19.8,34.9,174,TE,263,83.0,Jake Ferguson,DAL,28,85,55.9,58.8
2024,61637,9,77.3,,106,WR,345,70.9,Jalen Tolbert,DAL,265,0,61.6,63.3
2024,40693,8,64.2,73.5,12,HB,130,85.3,Rico Dowdle,DAL,7,0,76.4,82.0
2024,97774,9,22.1,,91,WR,185,45.7,Jonathan Mingo,DAL,105,0,46.8,49.7
2024,47658,9,27.2,,83,WR,99,41.6,KaVontae Turpin,DAL,21,0,59.0,62.0
2024,111284,9,70.1,,30,WR,182,76.5,Jalen Brooks,DAL,166,0,54.3,54.6
2024,8655,4,72.0,,40,WR,135,57.0,Brandin Cooks,DAL,112,0,55.5,55.8
2024,91319,9,74.0,70.1,17,FB,107,77.3,Hunter Luepke,DAL,6,16,59.0,59.8
2024,84005,9,70.1,41.4,29,TE,63,76.5,Luke Schoonmaker,DAL,10,35,54.6,58.5
2024,10638,8,49.1,64.8,10,HB,83,75.6,Ezekiel Elliott,DAL,7,0,60.6,61.5
2024,84006,8,64.0,57.1,28,TE,57,68.3,Brevyn Spann-Ford,DAL,7,32,50.0,48.8
2024,122624,3,72.7,3.6,0,HB,8,70.5,Deuce Vaughn,DAL,1,0,56.1,70.1
2024,159617,5,13.3,,9,WR,27,68.3,Ryan Flournoy,DAL,19,0,54.7,52.6
2024,9243,1,,,0,CB,1,,C.J. Goodwin,DAL,0,0,58.5,58.2
2024,98385,9,62.3,73.0,0,G,0,67.6,Tyler Smith,DAL,0,0,68.4,66.9
2024,11796,2,72.5,78.8,2,HB,10,64.7,Dalvin Cook,DAL,0,0,53.3,64.4
2006,1027,16,82.3,,44,WR,444,56.4,Javon Walker,DEN,416,0,84.2,83.3
2006,111,16,24.8,,225,WR,427,52.3,Rod Smith,DEN,219,0,61.9,60.4
2006,3064,14,25.7,,26,WR,155,60.5,Brandon Marshall,DEN,139,0,74.0,72.9
2006,362,16,73.9,63.6,19,TE,241,82.7,Stephen Alexander,DEN,20,318,65.1,56.8
2006,3006,13,74.3,79.6,45,TE,179,32.2,Tony Scheffler,DEN,25,135,75.7,71.9
2006,1762,13,47.5,77.3,0,HB,167,62.3,Tatum Bell,DEN,4,10,52.6,50.4
2006,3225,15,76.3,60.1,1,HB,118,59.5,Mike Bell,DEN,2,5,59.1,63.1
2006,1480,16,72.5,,34,WR,164,27.8,David Kircus,DEN,138,0,55.9,56.3
2006,1695,11,75.4,60.7,0,FB,35,54.5,Cecil Sapp,DEN,0,0,56.1,57.1
2006,1138,13,72.9,84.4,0,FB,65,52.1,Kyle Johnson,DEN,1,1,62.4,54.1
2006,1259,6,68.0,71.8,0,TE,36,73.4,Nate Jackson,DEN,6,34,68.6,67.0
2006,2359,3,77.6,62.8,0,HB,28,46.3,Damian Nash,DEN,0,0,60.3,58.9
2006,1668,8,64.0,74.1,3,TE,31,68.3,Chad Mustard,DEN,1,61,62.4,52.8
2006,1596,1,,,1,WR,4,,Todd Devoe,DEN,3,0,55.7,56.6
2007,3064,16,27.9,,34,WR,532,58.5,Brandon Marshall,DEN,514,3,91.3,90.8
2007,498,13,78.2,,192,WR,305,74.0,Brandon Stokley,DEN,125,1,78.8,79.4
2007,3006,14,79.2,76.2,79,TE,257,86.2,Tony Scheffler,DEN,49,157,85.2,89.9
2007,1027,8,76.5,62.4,38,WR,208,55.3,Javon Walker,DEN,177,0,64.3,65.7
2007,4109,15,65.0,73.1,3,HB,230,45.7,Selvin Young,DEN,14,2,69.5,48.2
2007,1028,15,75.5,52.0,58,TE,291,63.2,Daniel Graham,DEN,10,327,69.5,56.4
2007,2112,12,72.7,65.7,55,WR,205,49.8,Glenn Martinez,DEN,158,0,53.8,54.8
2007,1695,16,78.6,62.7,3,FB,113,36.0,Cecil Sapp,DEN,4,1,61.9,39.7
2007,825,12,60.6,70.6,0,HB,157,54.9,Travis Henry,DEN,4,1,60.7,46.4
2007,1360,5,67.4,,24,WR,82,28.0,Taylor Jacobs,DEN,60,0,49.8,49.6
2007,1668,7,68.0,78.6,7,TE,45,45.8,Chad Mustard,DEN,1,71,75.0,56.5
2007,1259,5,65.8,36.4,10,TE,27,70.5,Nate Jackson,DEN,0,24,54.9,58.7
2007,3333,5,42.4,63.9,1,HB,31,70.5,Andre Hall,DEN,1,0,68.6,71.3
2007,3225,4,18.4,77.1,0,HB,16,64.7,Mike Bell,DEN,0,0,33.7,55.1
2007,669,1,,,0,HB,1,,Paul Smith,DEN,0,0,44.2,60.0
2008,3064,15,24.8,,164,WR,598,31.1,Brandon Marshall,DEN,470,0,78.0,75.1
2008,4356,15,60.4,,125,WR,561,83.8,Eddie Royal,DEN,467,0,73.7,73.2
2008,498,15,79.2,,292,WR,326,57.4,Brandon Stokley,DEN,49,2,70.6,68.9
2008,3006,13,30.2,53.0,163,TE,246,42.7,Tony Scheffler,DEN,26,81,74.5,71.0
2008,1028,16,77.2,60.7,76,TE,437,44.2,Daniel Graham,DEN,13,484,68.3,50.4
2008,639,11,72.3,67.0,54,WR,136,29.0,Darrell Jackson,DEN,90,0,58.6,58.5
2008,4541,10,85.6,66.8,2,FB,148,51.8,Peyton Hillis,DEN,3,0,70.5,61.2
2008,1259,9,71.5,72.5,33,TE,80,29.9,Nate Jackson,DEN,9,43,60.4,53.3
2008,1762,7,83.0,74.4,7,HB,114,78.0,Tatum Bell,DEN,20,1,56.5,52.0
2008,382,8,86.1,74.4,2,HB,129,60.6,Michael Pittman,DEN,2,0,57.6,51.4
2008,4109,8,52.2,47.8,2,HB,75,41.6,Selvin Young,DEN,15,0,63.2,55.2
2008,3467,2,76.7,73.0,0,HB,11,70.5,P.J. Pope,DEN,0,0,63.2,78.8
2008,2112,2,65.8,,17,WR,22,70.5,Glenn Martinez,DEN,6,0,66.0,65.3
2008,1174,3,,,1,TE,17,25.6,Jeb Putzier,DEN,2,15,30.4,28.8
2008,3333,8,23.7,31.5,0,HB,56,72.1,Andre Hall,DEN,2,0,43.7,58.1
2008,1090,2,,,0,WR,3,,Cliff Russell,DEN,4,0,41.2,45.2
2008,2981,4,61.2,,7,WR,18,64.7,Chad Jackson,DEN,11,0,59.9,59.6
2009,3064,15,84.4,,132,WR,482,62.8,Brandon Marshall,DEN,364,4,80.9,81.7
2009,1040,16,79.8,67.4,224,WR,462,67.4,Jabar Gaffney,DEN,262,0,70.3,68.6
2009,4356,14,78.0,,62,WR,351,81.5,Eddie Royal,DEN,303,0,64.8,65.4
2009,3006,15,76.6,73.0,92,TE,232,68.1,Tony Scheffler,DEN,53,133,75.2,72.3
2009,4935,16,51.9,74.6,1,HB,259,56.1,Knowshon Moreno,DEN,11,0,58.0,38.9
2009,1028,16,76.6,63.9,131,TE,346,50.0,Daniel Graham,DEN,14,372,65.8,51.1
2009,869,14,37.8,35.5,4,HB,199,68.2,Correll Buckhalter,DEN,10,0,60.3,61.9
2009,498,16,74.4,,182,WR,192,46.6,Brandon Stokley,DEN,21,0,59.7,60.1
2009,1436,2,70.6,,14,WR,82,56.7,Brandon Lloyd,DEN,73,0,68.3,66.0
2009,4541,10,75.6,73.9,3,FB,21,41.6,Peyton Hillis,DEN,3,2,48.3,48.5
2009,819,7,78.4,33.4,0,HB,18,,Lamont Jordan,DEN,0,0,31.1,46.8
2009,4987,8,,75.0,5,TE,11,,Richard Quinn,DEN,3,10,69.5,50.1
2010,1436,16,81.9,73.3,53,WR,571,82.8,Brandon Lloyd,DEN,557,0,90.7,90.6
2010,1040,16,56.5,75.9,141,WR,536,60.8,Jabar Gaffney,DEN,432,0,68.7,67.8
2010,4356,16,29.1,48.7,381,WR,424,83.9,Eddie Royal,DEN,69,0,70.6,69.3
2010,4935,13,53.8,47.2,2,HB,207,81.5,Knowshon Moreno,DEN,7,0,65.5,80.5
2010,869,15,59.6,73.9,1,HB,182,38.4,Correll Buckhalter,DEN,9,0,53.4,47.0
2010,5547,10,25.9,65.7,20,WR,101,60.3,Demaryius Thomas,DEN,84,0,79.2,82.7
2010,1028,16,23.8,81.5,55,TE,332,55.6,Daniel Graham,DEN,3,453,58.4,33.9
2010,5179,12,70.1,80.8,20,TE,97,54.5,Dan Gronkowski,DEN,6,115,67.6,49.7
2010,5611,10,20.8,67.4,55,WR,71,50.6,Eric Decker,DEN,20,0,62.2,57.4
2010,2966,4,39.1,71.7,0,HB,35,27.0,Laurence Maroney,DEN,2,0,46.2,28.7
2010,4808,6,38.2,47.4,0,HB,29,36.2,Lance Ball,DEN,1,0,63.8,49.3
2010,4497,11,70.9,44.9,2,FB,30,73.4,Spencer Larsen,DEN,2,1,62.7,76.8
2010,3908,8,,74.7,0,FB,11,,Daniel Coats,DEN,1,2,56.5,50.0
2010,4987,10,61.2,72.1,2,TE,31,64.7,Richard Quinn,DEN,4,45,68.5,44.4
2010,4283,2,61.2,,0,WR,10,64.7,Matt Willis,DEN,10,0,66.0,64.9
2011,5611,17,35.9,,339,WR,478,28.3,Eric Decker,DEN,165,0,63.2,61.0
2011,5547,13,78.6,,37,WR,315,40.3,Demaryius Thomas,DEN,294,0,75.9,76.5
2011,4356,14,77.8,,37,WR,290,42.9,Eddie Royal,DEN,266,0,55.9,52.8
2011,4283,18,74.6,,65,WR,265,37.3,Matt Willis,DEN,212,0,61.7,59.2
2011,3309,18,18.8,67.6,113,TE,319,62.4,Daniel Fells,DEN,6,349,65.3,53.1
2011,4808,18,56.0,53.9,9,HB,200,43.8,Lance Ball,DEN,7,0,62.9,44.3
2011,1339,16,34.4,64.9,2,HB,143,49.8,Willis McGahee,DEN,6,0,76.0,38.9
2011,4935,6,42.3,45.1,3,HB,89,61.8,Knowshon Moreno,DEN,8,0,65.5,60.3
2011,3771,16,69.5,75.9,21,TE,92,75.6,Dante Rosario,DEN,13,76,63.8,65.3
2011,5484,7,77.6,26.3,8,HB,32,52.1,Jeremiah Johnson,DEN,7,0,66.0,58.8
2011,4497,14,76.9,74.6,2,FB,45,77.3,Spencer Larsen,DEN,4,1,65.2,73.3
2011,6281,4,64.0,76.9,10,TE,28,29.9,Julius Thomas,DEN,3,17,51.6,49.1
2011,6356,13,65.8,74.8,4,TE,38,70.5,Virgil Green,DEN,4,73,66.0,59.4
2011,5550,15,29.0,72.2,0,QB,2,,Tim Tebow,DEN,2,0,49.5,58.2
2012,5547,17,31.3,,49,WR,616,42.2,Demaryius Thomas,DEN,605,0,85.1,83.5
2012,5611,17,55.5,68.1,139,WR,635,39.9,Eric Decker,DEN,537,0,76.6,75.8
2012,4441,17,80.0,79.2,202,TE,303,88.7,Jacob Tamme,DEN,51,109,80.2,81.4
2012,2415,17,79.0,82.9,134,TE,317,70.3,Joel Dreessen,DEN,19,306,74.4,64.5
2012,498,16,79.2,,420,WR,416,79.0,Brandon Stokley,DEN,26,1,76.2,76.4
2012,1339,10,28.0,69.9,0,HB,157,43.3,Willis McGahee,DEN,7,0,70.7,54.3
2012,4935,9,76.1,68.4,2,HB,133,73.5,Knowshon Moreno,DEN,9,0,75.3,84.3
2012,4283,16,71.5,,57,WR,106,78.7,Matt Willis,DEN,54,0,65.5,62.2
2012,7069,15,67.9,75.1,2,HB,95,50.1,Ronnie Hillman,DEN,5,0,61.4,54.7
2012,4808,12,43.2,43.2,0,HB,66,35.7,Lance Ball,DEN,1,0,57.4,30.1
2012,6356,11,68.0,39.6,5,TE,16,73.4,Virgil Green,DEN,3,28,80.2,83.9
2012,4411,4,64.6,,3,WR,31,28.9,Andre Caldwell,DEN,30,0,56.9,54.3
2012,4383,4,79.1,71.4,0,FB,27,68.3,Jacob Hester,DEN,3,0,61.4,58.0
2012,5720,2,64.0,,0,WR,5,68.3,Trindon Holliday,DEN,0,0,66.0,76.0
2012,6031,4,61.2,66.5,0,DI,3,64.7,Mitch Unrein,DEN,0,1,78.0,77.1
2012,5926,4,61.2,71.9,0,FB,4,64.7,Chris Gronkowski,DEN,0,0,54.9,74.4
2013,5547,19,42.1,,113,WR,772,62.3,Demaryius Thomas,DEN,707,0,84.2,82.2
2013,5611,19,43.8,66.2,272,WR,760,65.3,Eric Decker,DEN,538,0,77.2,74.1
2013,2204,16,85.0,,540,WR,598,44.8,Wes Welker,DEN,92,0,74.3,73.2
2013,6281,17,53.9,73.9,169,TE,537,70.1,Julius Thomas,DEN,76,450,79.6,81.2
2013,4935,19,78.5,64.6,9,HB,396,61.9,Knowshon Moreno,DEN,33,0,73.6,75.0
2013,7839,18,43.7,69.9,6,HB,166,44.2,Montee Ball,DEN,22,1,72.7,46.9
2013,4411,17,82.0,,35,WR,164,43.5,Andre Caldwell,DEN,141,0,69.0,66.5
2013,4441,16,75.5,78.0,114,TE,163,85.7,Jacob Tamme,DEN,30,31,72.7,72.3
2013,7069,8,27.1,77.1,2,HB,76,79.4,Ronnie Hillman,DEN,6,0,61.3,70.9
2013,6356,18,71.7,70.6,25,TE,69,58.9,Virgil Green,DEN,7,84,64.1,47.3
2013,2415,9,69.5,80.2,12,TE,55,75.6,Joel Dreessen,DEN,9,55,55.5,58.6
2013,8101,3,73.1,,0,HB,12,28.9,C.J. Anderson,DEN,0,0,71.2,30.2
2014,5547,17,84.7,,128,WR,630,56.9,Demaryius Thomas,DEN,546,0,87.9,87.7
2014,5606,17,63.1,,243,WR,621,90.4,Emmanuel Sanders,DEN,418,0,86.4,88.3
2014,6281,14,36.4,77.4,62,TE,366,57.1,Julius Thomas,DEN,129,287,74.7,70.5
2014,2204,15,82.8,,484,WR,512,80.1,Wes Welker,DEN,62,0,60.9,59.0
2014,8101,16,82.6,82.6,12,HB,245,65.8,C.J. Anderson,DEN,26,0,85.8,60.0
2014,7069,9,69.7,62.9,11,HB,157,37.3,Ronnie Hillman,DEN,16,0,51.3,40.0
2014,4441,15,23.0,80.3,76,TE,170,67.0,Jacob Tamme,DEN,43,81,56.5,53.8
2014,4411,13,83.4,,18,WR,102,27.5,Andre Caldwell,DEN,89,0,48.9,47.4
2014,7839,5,53.1,64.8,1,HB,90,56.7,Montee Ball,DEN,9,0,62.1,52.7
2014,6356,14,71.1,64.6,11,TE,86,52.1,Virgil Green,DEN,19,115,71.0,52.1
2014,8955,12,49.7,50.9,2,HB,42,41.6,Juwan Thompson,DEN,3,0,66.0,45.6
2014,8691,5,66.8,,5,WR,15,68.3,Cody Latimer,DEN,12,0,63.0,62.3
2014,9300,3,24.6,,2,WR,7,28.0,Isaiah Burse,DEN,6,0,42.0,43.4
2015,5547,19,36.6,,162,WR,680,42.4,Demaryius Thomas,DEN,551,2,76.4,75.5
2015,5606,18,88.9,,141,WR,634,68.1,Emmanuel Sanders,DEN,520,0,84.4,84.2
2015,3043,19,79.3,62.5,99,TE,502,65.5,Owen Daniels,DEN,44,453,65.2,66.5
2015,2951,18,77.7,70.4,65,TE,356,60.1,Vernon Davis,DEN,67,257,61.6,59.1
2015,8101,18,70.7,79.5,22,HB,282,70.3,C.J. Anderson,DEN,29,0,63.6,56.7
2015,5358,14,81.5,,278,WR,322,74.2,Jordan Norwood,DEN,54,0,55.6,54.1
2015,7069,19,72.3,63.7,8,HB,251,56.1,Ronnie Hillman,DEN,19,0,57.4,44.9
2015,8914,17,74.1,65.8,133,WR,186,56.9,Bennie Fowler,DEN,68,0,66.8,64.2
2015,4411,17,77.8,,75,WR,173,49.8,Andre Caldwell,DEN,108,0,55.5,52.6
2015,6356,19,73.3,73.2,22,TE,129,81.7,Virgil Green,DEN,5,181,72.8,77.6
2015,8691,14,72.0,,33,WR,103,38.4,Cody Latimer,DEN,78,0,61.3,58.3
2015,8955,8,77.5,65.8,2,HB,32,49.7,Juwan Thompson,DEN,2,0,56.0,51.3
2016,5547,16,29.8,,122,WR,549,68.2,Demaryius Thomas,DEN,466,2,80.4,78.6
2016,5606,16,51.6,,135,WR,539,90.6,Emmanuel Sanders,DEN,440,0,81.5,81.4
2016,10770,16,36.5,74.0,5,HB,227,78.0,Devontae Booker,DEN,9,0,55.3,53.5
2016,6356,12,75.0,68.5,39,TE,222,50.0,Virgil Green,DEN,12,236,67.4,61.9
2016,5358,14,28.4,,271,WR,318,72.1,Jordan Norwood,DEN,70,1,51.5,51.7
2016,4547,9,42.4,66.0,3,HB,130,60.3,Justin Forsett,DEN,5,0,53.2,54.5
2016,9793,16,22.8,,77,WR,170,67.0,Jordan Taylor,DEN,101,0,62.1,62.1
2016,8914,13,71.5,,98,WR,153,43.8,Bennie Fowler,DEN,61,0,53.2,53.4
2016,8101,7,89.1,83.0,8,HB,146,54.5,C.J. Anderson,DEN,2,0,61.9,62.5
2016,9635,7,22.8,77.7,15,TE,131,66.7,A.J. Derby,DEN,16,108,58.5,55.9
2016,8691,11,76.1,,48,WR,125,76.5,Cody Latimer,DEN,83,1,60.5,58.4
2016,9525,12,70.6,69.1,17,TE,90,77.3,Jeff Heuerman,DEN,6,107,75.2,75.8
2016,10810,10,71.6,83.9,2,FB,67,73.4,Andy Janovich,DEN,4,0,67.4,63.5
2016,8906,8,80.7,84.0,1,HB,43,68.3,Kapri Bibbs,DEN,1,0,58.7,63.6
2016,11028,2,27.2,,4,WR,8,,Kalif Raymond,DEN,6,0,54.4,54.5
2016,11020,2,61.2,71.7,1,TE,8,64.7,Henry Krieger-Coble,DEN,0,9,65.3,68.9
2016,8955,4,72.5,87.5,0,HB,8,64.7,Juwan Thompson,DEN,0,0,56.8,75.5
2017,5547,16,53.1,,106,WR,546,45.0,Demaryius Thomas,DEN,475,1,74.1,73.0
2017,5606,12,79.6,,119,WR,411,41.5,Emmanuel Sanders,DEN,314,2,68.1,67.1
2017,8914,16,76.8,,265,WR,358,47.7,Bennie Fowler,DEN,114,0,56.0,56.8
2017,10770,13,47.8,79.3,14,HB,168,78.0,Devontae Booker,DEN,22,0,64.4,67.4
2017,8101,16,84.7,88.0,5,HB,241,49.9,C.J. Anderson,DEN,8,0,78.2,57.4
2017,8691,11,27.8,,137,WR,231,71.5,Cody Latimer,DEN,108,1,70.0,68.1
2017,4387,14,35.4,83.7,5,HB,104,62.3,Jamaal Charles,DEN,6,0,59.4,67.4
2017,6356,16,72.7,74.0,38,TE,140,28.1,Virgil Green,DEN,11,178,53.6,46.0
2017,9525,14,70.6,62.6,61,TE,131,56.7,Jeff Heuerman,DEN,21,82,66.4,62.7
2017,9793,9,80.6,,33,WR,165,80.0,Jordan Taylor,DEN,140,0,62.8,61.6
2017,11927,10,28.9,,67,WR,84,42.1,Isaiah McKenzie,DEN,20,0,46.2,46.5
2017,11411,7,70.1,74.0,62,TE,134,76.5,Austin Traylor,DEN,21,76,58.6,54.9
2017,10810,16,73.6,57.8,2,FB,29,73.4,Andy Janovich,DEN,0,4,63.8,71.0
2017,11958,2,73.9,,2,HB,14,68.3,De'Angelo Henderson Sr.,DEN,2,0,62.9,67.4
2017,9840,5,,66.4,2,TE,16,,Matt LaCosse,DEN,2,14,46.5,47.5
2018,5606,12,82.2,73.4,276,WR,409,70.8,Emmanuel Sanders,DEN,163,0,81.1,80.1
2018,48164,16,78.6,,93,WR,532,29.4,Courtland Sutton,DEN,481,0,64.0,62.6
2018,10770,16,57.8,30.0,21,HB,226,82.6,Devontae Booker,DEN,23,15,64.6,67.2
2018,45416,14,78.7,,185,WR,277,67.3,DaeSean Hamilton,DEN,100,7,60.1,60.4
2018,12660,15,90.9,63.1,29,HB,185,48.0,Phillip Lindsay,DEN,16,3,82.4,63.1
2018,9525,11,76.9,64.1,84,TE,246,60.0,Jeff Heuerman,DEN,41,196,61.3,56.3
2018,12087,16,26.6,62.0,79,WR,245,41.4,Tim Patrick,DEN,172,10,60.2,60.0
2018,9840,13,76.0,63.4,94,TE,204,74.2,Matt LaCosse,DEN,45,112,57.1,59.8
2018,6489,14,72.3,,31,WR,176,33.5,Andre Holmes,DEN,151,0,54.2,52.2
2018,45747,14,72.3,74.0,6,HB,119,39.8,Royce Freeman,DEN,8,0,63.0,43.5
2018,11900,3,70.1,50.6,19,TE,51,76.5,Jake Butt,DEN,11,25,67.1,68.3
2018,10810,16,72.7,30.7,14,FB,66,77.6,Andy Janovich,DEN,7,20,68.5,71.1
2018,10135,10,68.8,43.0,21,TE,69,74.6,Brian Parker,DEN,13,51,61.8,53.7
2018,47417,6,29.1,,12,WR,19,64.7,River Cracraft,DEN,7,1,68.2,65.2
2019,48164,16,28.0,,108,WR,535,82.1,Courtland Sutton,DEN,467,1,83.1,80.5
2019,42388,16,30.9,27.2,119,TE,369,65.7,Noah Fant,DEN,50,263,52.0,61.4
2019,45416,16,76.3,66.2,332,WR,392,47.7,DaeSean Hamilton,DEN,85,1,56.4,54.4
2019,45747,16,90.2,73.7,9,HB,278,76.8,Royce Freeman,DEN,52,1,65.8,61.8
2019,12660,16,91.1,19.5,17,HB,211,39.3,Phillip Lindsay,DEN,27,0,71.3,50.7
2019,12087,8,74.2,72.2,57,WR,185,67.7,Tim Patrick,DEN,143,3,66.7,65.9
2019,9525,14,72.7,72.2,18,TE,145,64.7,Jeff Heuerman,DEN,12,164,60.0,56.9
2019,47121,16,71.8,64.7,5,TE,83,56.7,Andrew Beck,DEN,18,29,58.8,62.5
2019,10770,9,74.7,78.7,2,HB,22,49.2,Devontae Booker,DEN,6,0,65.8,63.6
2019,47333,11,68.8,65.1,18,TE,71,49.2,Troy Fumagalli,DEN,15,50,48.6,48.5
2019,91248,10,40.6,,17,WR,42,75.6,Diontae Spencer,DEN,22,0,52.0,50.1
2019,10810,7,69.1,74.9,1,FB,45,73.4,Andy Janovich,DEN,14,6,67.6,54.4
2019,23172,10,69.0,78.1,7,WR,40,72.1,Fred Brown,DEN,39,2,60.1,60.3
2020,61103,16,38.1,,182,WR,515,28.5,Jerry Jeudy,DEN,363,0,65.2,64.8
2020,42388,15,80.6,28.7,72,TE,410,77.5,Noah Fant,DEN,27,367,71.2,80.3
2020,12087,15,79.5,65.6,87,WR,433,86.9,Tim Patrick,DEN,362,6,74.5,75.6
2020,61590,13,41.7,,233,WR,326,29.2,KJ Hamler,DEN,117,1,55.9,55.4
2020,45416,16,25.6,65.7,104,WR,306,51.8,DaeSean Hamilton,DEN,220,1,58.4,57.9
2020,9448,15,45.3,41.7,4,HB,290,59.7,Melvin Gordon III,DEN,16,0,72.5,36.4
2020,10728,15,72.7,59.2,9,TE,110,80.6,Nick Vannett,DEN,1,144,57.2,59.0
2020,47333,8,70.1,60.9,9,TE,49,76.5,Troy Fumagalli,DEN,3,46,70.6,73.7
2020,41933,4,71.5,75.7,13,TE,53,60.2,Albert Okwuegbunam,DEN,6,43,83.2,81.5
2020,45747,14,81.5,36.7,1,HB,83,79.4,Royce Freeman,DEN,9,1,66.4,67.6
2020,12660,11,89.2,35.8,4,HB,98,28.4,Phillip Lindsay,DEN,6,0,69.8,32.8
2020,42134,7,76.7,,5,WR,31,74.6,Tyrie Cleveland,DEN,28,0,76.2,75.4
2020,91248,9,87.1,,29,WR,36,70.5,Diontae Spencer,DEN,13,0,56.2,54.5
2020,48164,1,65.8,,3,WR,20,36.2,Courtland Sutton,DEN,17,1,72.9,71.9
2020,11900,5,64.0,28.3,5,TE,41,68.3,Jake Butt,DEN,2,47,43.7,42.8
2020,45854,1,69.4,,0,HB,5,64.7,LeVante Bellamy,DEN,0,0,63.7,74.1
2021,48164,17,80.5,,78,WR,542,89.9,Courtland Sutton,DEN,495,1,71.2,71.0
2021,42388,16,81.1,39.5,116,TE,442,86.1,Noah Fant,DEN,36,336,61.6,69.5
2021,12087,16,79.6,58.1,136,WR,497,59.5,Tim Patrick,DEN,381,9,71.2,71.8
2021,61103,10,30.0,,207,WR,253,73.7,Jerry Jeudy,DEN,63,1,68.7,70.5
2021,77803,17,69.7,63.3,6,HB,262,61.4,Javonte Williams,DEN,24,0,75.9,64.8
2021,41933,14,28.2,69.3,40,TE,170,56.9,Albert Okwuegbunam,DEN,15,159,67.3,72.5
2021,9448,16,53.0,41.4,3,HB,247,55.9,Melvin Gordon III,DEN,17,0,77.8,52.9
2021,34045,15,76.3,62.4,115,WR,154,81.7,Kendall Hinton,DEN,53,1,66.5,66.2
2021,11929,16,72.0,77.8,16,TE,74,58.5,Eric Saubert,DEN,3,93,67.8,49.3
2021,61590,3,68.0,,32,WR,59,45.8,KJ Hamler,DEN,28,0,65.4,65.1
2021,91248,13,88.4,,22,WR,29,28.8,Diontae Spencer,DEN,9,0,43.1,46.0
2021,31615,3,70.0,21.2,3,HB,12,68.3,Mike Boone,DEN,1,0,58.7,63.8
2021,42134,5,,,2,WR,16,,Tyrie Cleveland,DEN,14,0,51.9,52.5
2021,39517,6,40.5,,0,QB,2,64.7,Drew Lock,DEN,1,0,60.0,60.7
2021,84137,2,61.2,,6,WR,27,28.9,Seth Williams,DEN,23,0,54.3,55.2
2022,48164,15,81.0,,65,WR,537,60.7,Courtland Sutton,DEN,510,1,69.3,69.7
2022,61103,15,81.5,,259,WR,452,62.8,Jerry Jeudy,DEN,220,0,78.4,77.9
2022,84068,10,77.4,27.7,201,TE,316,62.9,Greg Dulcich,DEN,29,116,60.4,67.6
2022,34045,12,78.3,,164,WR,286,41.4,Kendall Hinton,DEN,150,0,58.5,59.1
2022,7962,13,90.5,43.6,13,HB,191,87.3,Latavius Murray,DEN,9,2,82.5,65.6
2022,9448,10,22.8,39.9,10,HB,153,52.7,Melvin Gordon III,DEN,4,0,49.1,50.5
2022,11929,17,74.3,55.1,87,TE,189,51.2,Eric Saubert,DEN,15,118,50.4,49.0
2022,45851,13,85.7,29.3,28,HB,163,27.8,Chase Edmonds,DEN,13,0,50.8,36.1
2022,77803,4,49.7,60.3,3,HB,69,67.0,Javonte Williams,DEN,2,0,64.5,68.0
2022,41933,7,71.1,29.8,75,TE,137,41.1,Albert Okwuegbunam,DEN,26,52,55.4,51.9
2022,61590,7,71.1,,31,WR,156,75.6,KJ Hamler,DEN,133,0,57.5,55.4
2022,31615,9,79.3,42.1,6,HB,73,38.4,Mike Boone,DEN,11,0,53.2,47.1
2022,9786,17,70.6,58.6,8,TE,97,77.3,Eric Tomlinson,DEN,3,150,58.2,54.3
2022,40666,7,70.3,,17,WR,128,74.6,Brandon Johnson,DEN,120,1,51.8,51.4
2022,47121,11,70.0,61.3,8,FB,50,46.3,Andrew Beck,DEN,2,30,48.4,53.3
2022,64310,14,36.4,,36,WR,52,42.1,Montrell Washington,DEN,16,0,56.6,48.4
2022,11898,5,77.9,83.9,1,HB,34,76.5,Marlon Mack,DEN,0,0,86.2,78.4
2022,42134,4,68.7,,13,WR,40,29.9,Tyrie Cleveland,DEN,33,1,52.0,51.9
2022,26448,4,16.4,,51,WR,67,72.1,Freddie Swain,DEN,18,0,61.8,61.6
2022,41991,8,14.3,,10,WR,43,68.3,Jalen Virgil,DEN,35,0,59.1,58.5
2022,7077,15,85.5,,0,QB,0,,Russell Wilson,DEN,0,0,66.2,
2022,45903,3,68.2,74.4,0,HB,5,64.7,Devine Ozigbo,DEN,0,0,53.5,61.5
2022,83714,1,64.6,,0,HB,4,64.7,Tyler Badie,DEN,1,0,61.2,68.9
2023,48164,16,21.7,80.7,110,WR,468,52.3,Courtland Sutton,DEN,391,5,75.6,75.2
2023,61103,16,40.4,,291,WR,460,67.2,Jerry Jeudy,DEN,196,0,67.8,68.1
2023,77803,16,83.3,27.8,3,HB,170,63.0,Javonte Williams,DEN,3,4,63.3,61.9
2023,11869,17,61.8,31.1,14,HB,218,86.5,Samaje Perine,DEN,18,3,71.3,81.0
2023,138346,16,87.0,34.6,11,HB,98,88.3,Jaleel McLaughlin,DEN,27,1,86.2,85.2
2023,109795,17,75.1,62.1,147,TE,348,72.8,Adam Trautman,DEN,69,218,53.2,49.2
2023,122937,16,62.8,,75,WR,245,73.7,Marvin Mims Jr.,DEN,187,0,63.1,64.6
2023,40666,13,74.4,,54,WR,217,46.6,Brandon Johnson,DEN,178,0,64.1,64.6
2023,42247,17,72.3,46.2,154,WR,222,63.2,Lil'Jordan Humphrey,DEN,83,5,60.4,58.8
2023,83962,7,70.6,19.5,63,TE,130,77.3,Lucas Krull,DEN,19,57,60.5,60.0
2023,87625,10,67.0,40.7,7,TE,25,72.1,Nate Adkins,DEN,7,16,55.0,59.2
2023,84068,2,65.8,83.7,13,TE,20,70.5,Greg Dulcich,DEN,2,8,66.9,67.8
2023,9462,2,,,6,WR,21,,Phillip Dorsett,DEN,15,0,46.2,46.4
2023,10211,16,66.8,73.1,18,TE,64,68.3,Chris Manhertz,DEN,6,103,56.5,44.2
2023,9601,17,73.7,84.0,3,FB,49,70.5,Michael Burton,DEN,13,8,64.2,49.7
2024,48164,10,32.7,62.4,50,WR,335,46.1,Courtland Sutton,DEN,308,0,71.7,71.6
2024,77803,10,50.9,59.3,1,HB,171,78.9,Javonte Williams,DEN,6,2,62.0,75.8
2024,42247,10,25.3,63.8,141,WR,195,72.8,Lil'Jordan Humphrey,DEN,69,2,57.2,56.5
2024,146567,9,74.2,,54,WR,139,52.8,Troy Franklin,DEN,97,0,53.0,55.1
2024,100637,6,75.3,,118,WR,143,73.5,Devaughn Vele,DEN,32,1,70.2,71.0
2024,122937,10,86.7,,34,WR,94,63.2,Marvin Mims Jr.,DEN,61,1,56.2,54.9
2024,11872,5,71.9,,32,WR,128,79.4,Josh Reynolds,DEN,103,0,66.3,67.9
2024,138346,10,51.1,19.4,9,HB,99,81.7,Jaleel McLaughlin,DEN,15,2,63.7,50.0
2024,83962,6,71.1,70.3,43,TE,105,78.0,Lucas Krull,DEN,20,44,55.3,54.1
2024,109795,10,70.1,70.8,33,TE,112,76.5,Adam Trautman,DEN,24,113,62.8,64.5
2024,84068,4,68.8,39.4,42,TE,87,29.7,Greg Dulcich,DEN,20,40,38.4,42.9
2024,87625,10,68.0,62.4,16,TE,67,45.8,Nate Adkins,DEN,10,69,47.8,43.2
2024,9601,10,70.0,82.7,1,FB,39,73.4,Michael Burton,DEN,6,8,63.6,55.8
2024,83714,3,23.2,,0,HB,6,70.5,Tyler Badie,DEN,0,0,62.0,26.5
2024,97790,10,90.0,,0,QB,2,64.7,Bo Nix,DEN,1,0,68.1,90.3
2006,1728,16,28.7,65.7,76,WR,607,74.3,Roy Williams,DET,566,0,88.4,87.8
2006,726,16,57.4,,387,WR,640,75.8,Mike Furrey,DET,283,0,76.3,77.3
2006,1751,12,32.3,65.8,10,HB,313,59.7,Kevin Jones,DET,12,2,45.0,70.7
2006,488,16,75.6,67.4,23,TE,235,86.5,Dan Campbell,DET,5,373,79.2,79.2
2006,1621,9,83.9,67.9,6,HB,143,69.9,Arlen Harris,DET,3,0,55.7,60.2
2006,400,9,22.4,,23,WR,218,51.2,Corey Bradford,DET,206,0,55.9,55.3
2006,2227,8,71.1,,108,WR,151,28.1,Mike Williams,DET,52,0,51.3,52.1
2006,151,13,71.9,81.0,15,TE,95,46.0,Marcus Pollard,DET,4,97,66.6,49.6
2006,141,12,70.4,83.5,0,FB,65,77.6,Cory Schlesinger,DET,2,1,65.1,54.7
2006,491,6,72.0,48.4,3,FB,34,77.3,Shawn Bryson,DET,2,0,71.9,90.5
2006,1237,6,66.2,,35,WR,61,27.3,Eddie Drummond,DET,29,0,45.1,46.3
2006,1607,8,69.5,71.6,13,TE,39,75.6,Casey Fitzsimmons,DET,8,16,65.0,64.8
2006,3303,8,69.4,,38,WR,92,72.1,Devale Ellis,DET,58,0,55.6,53.6
2006,945,6,79.0,64.1,0,HB,50,45.8,Aveion Cason,DET,1,0,52.5,46.9
2006,1955,6,65.8,75.4,1,TE,28,70.5,Sean McHugh,DET,3,9,64.8,60.2
2006,1085,2,65.8,,2,QB,14,70.5,Josh McCown,DET,15,0,52.2,56.9
2006,3019,5,20.6,34.9,1,HB,9,68.3,Brian Calhoun,DET,0,0,44.1,65.4
2006,913,1,,,1,WR,23,,Kevin Kasper,DET,22,0,50.1,50.5
2007,1418,16,53.1,,353,WR,537,68.6,Shaun McDonald,DET,207,0,68.4,69.0
2007,1728,12,28.6,,44,WR,448,60.8,Roy Williams,DET,430,0,71.1,70.7
2007,3618,15,79.8,,68,WR,431,56.0,Calvin Johnson,DET,380,0,76.3,74.3
2007,726,16,80.6,,373,WR,539,77.7,Mike Furrey,DET,190,2,68.7,67.1
2007,1751,13,66.4,70.5,6,HB,262,53.1,Kevin Jones,DET,9,3,70.4,56.1
2007,1955,15,73.6,67.0,14,TE,178,54.5,Sean McHugh,DET,5,273,66.3,67.4
2007,1762,5,48.2,46.3,1,HB,100,51.5,Tatum Bell,DET,3,0,50.4,48.1
2007,945,10,27.0,87.9,9,HB,85,66.7,Aveion Cason,DET,6,0,61.9,54.9
2007,682,10,70.6,,14,WR,62,77.3,Troy Walters,DET,50,0,72.6,71.5
2007,1607,16,70.6,67.7,8,TE,63,77.3,Casey Fitzsimmons,DET,5,37,74.2,77.7
2007,2123,4,70.1,,55,WR,60,76.5,Brandon Middleton,DET,7,0,66.6,65.9
2007,1025,11,85.0,73.3,1,HB,56,47.8,T.J. Duckett,DET,6,0,66.1,54.2
2007,3019,3,73.3,70.4,2,HB,26,73.4,Brian Calhoun,DET,1,0,63.5,69.5
2007,1993,15,22.0,70.6,0,FB,59,68.3,Jon Bradley,DET,0,0,68.2,53.5
2007,1133,12,64.0,80.0,1,TE,21,68.3,John Owens,DET,2,41,55.4,56.5
2007,217,16,29.6,,0,QB,0,,Jon Kitna,DET,0,0,66.5,
2007,488,2,61.2,31.5,3,TE,18,64.7,Dan Campbell,DET,0,24,53.6,46.3
2008,3618,16,26.9,,94,WR,542,37.2,Calvin Johnson,DET,482,0,73.9,73.9
2008,1418,12,28.6,,170,WR,323,38.9,Shaun McDonald,DET,169,0,57.3,57.2
2008,4378,16,77.0,65.0,3,HB,347,74.7,Kevin Smith,DET,12,0,63.6,57.7
2008,726,9,74.1,,183,WR,203,45.4,Mike Furrey,DET,27,1,56.2,54.3
2008,1946,16,14.4,43.3,16,TE,199,30.2,Michael Gaines,DET,2,230,50.1,40.2
2008,2183,9,22.6,,64,WR,194,81.1,John Standeford,DET,145,0,60.5,59.4
2008,1783,13,71.9,,65,WR,227,45.7,Keary Colbert,DET,176,0,51.6,48.0
2008,1607,13,72.7,39.7,15,TE,135,64.4,Casey Fitzsimmons,DET,2,111,61.3,54.2
2008,1133,15,70.1,64.5,1,TE,87,76.5,John Owens,DET,0,121,73.4,49.6
2008,857,14,68.3,37.1,0,HB,123,79.4,Rudi Johnson,DET,5,0,59.2,64.3
2008,4460,11,72.0,81.9,0,FB,51,77.3,Jerome Felton,DET,1,0,64.6,67.6
2008,865,10,68.3,73.1,0,FB,77,72.1,Moran Norris,DET,0,0,85.1,50.5
2008,945,6,71.4,20.3,0,HB,38,73.8,Aveion Cason,DET,1,0,48.4,57.2
2008,2123,7,61.2,,18,WR,31,28.8,Brandon Middleton,DET,13,0,51.5,51.7
2008,3129,4,,,4,WR,12,27.9,Adam Jennings,DET,8,0,40.0,42.4
2008,488,1,61.2,,0,TE,3,64.7,Dan Campbell,DET,0,4,79.3,85.0
2009,3618,14,23.8,,109,WR,527,68.4,Calvin Johnson,DET,439,0,73.8,72.9
2009,1333,16,77.4,,47,WR,635,31.0,Bryant Johnson,DET,617,0,53.0,50.5
2009,605,15,77.4,,304,WR,383,46.4,Dennis Northcutt,DET,99,0,56.7,55.8
2009,4378,13,59.9,77.0,6,HB,280,58.7,Kevin Smith,DET,4,0,56.2,64.3
2009,4943,11,76.6,45.0,21,TE,247,32.7,Brandon Pettigrew,DET,2,279,69.0,64.5
2009,1623,16,76.3,63.3,18,TE,285,38.8,Will Heller,DET,2,335,58.3,49.0
2009,1061,14,73.6,50.3,4,HB,164,55.9,Maurice Morris,DET,3,0,52.7,57.1
2009,1607,10,27.1,78.3,55,TE,107,55.6,Casey Fitzsimmons,DET,12,43,65.3,58.9
2009,4460,13,77.9,64.3,1,FB,93,80.8,Jerome Felton,DET,1,0,73.3,67.5
2009,5116,13,80.0,52.4,8,HB,62,78.0,Aaron Brown,DET,10,0,63.6,63.8
2009,5005,10,69.8,,14,WR,98,49.2,Derrick Williams,DET,89,0,51.6,54.8
2009,651,6,64.0,75.0,0,FB,25,29.9,Terrelle Smith,DET,0,0,54.8,35.5
2009,5179,2,61.2,71.9,0,TE,10,28.9,Dan Gronkowski,DET,0,13,42.5,30.6
2009,2183,2,61.2,,2,WR,11,64.7,John Standeford,DET,12,0,57.6,62.7
2009,4245,4,65.8,0.0,2,FB,24,70.5,Jake Nordin,DET,2,16,60.4,79.4
2009,4218,3,,75.6,1,TE,4,,Michael Matthews,DET,0,11,57.5,52.4
2010,3618,15,54.2,,138,WR,623,73.7,Calvin Johnson,DET,514,0,83.2,82.4
2010,4943,16,81.4,71.8,57,TE,488,32.1,Brandon Pettigrew,DET,2,504,65.0,55.5
2010,1386,14,26.8,,321,WR,524,62.4,Nate Burleson,DET,229,0,65.8,63.6
2010,5555,16,80.5,47.1,28,HB,302,64.4,Jahvid Best,DET,27,0,60.3,60.4
2010,3006,15,34.9,58.1,136,TE,286,77.3,Tony Scheffler,DET,27,139,67.7,67.6
2010,1333,14,74.1,,22,WR,475,27.5,Bryant Johnson,DET,471,0,48.8,47.4
2010,1061,11,72.8,31.8,7,HB,133,85.7,Maurice Morris,DET,9,0,59.2,71.6
2010,4378,6,81.5,73.0,6,HB,83,62.1,Kevin Smith,DET,8,0,66.6,69.3
2010,4460,16,29.1,39.6,0,FB,58,28.7,Jerome Felton,DET,2,0,43.8,34.5
2010,5116,5,77.5,77.6,2,HB,55,35.7,Aaron Brown,DET,4,0,50.2,37.9
2010,1623,13,67.0,74.7,5,TE,46,72.1,Will Heller,DET,3,40,74.6,53.6
2010,5005,6,65.8,,28,WR,120,36.2,Derrick Williams,DET,97,0,45.5,45.3
2010,3271,2,,,1,WR,3,,Brian Clark,DET,2,0,30.9,37.9
2010,4909,8,75.7,,5,WR,15,27.9,Stefan Logan,DET,5,0,64.3,40.6
2011,3618,17,60.0,,152,WR,729,79.5,Calvin Johnson,DET,614,0,91.2,91.0
2011,4943,17,82.6,75.7,54,TE,596,60.8,Brandon Pettigrew,DET,6,659,69.8,67.7
2011,1386,17,58.0,,406,WR,675,53.7,Nate Burleson,DET,294,0,62.5,61.7
2011,6196,17,80.2,,33,WR,521,47.4,Titus Young,DET,511,0,63.4,65.1
2011,3006,16,27.5,75.2,154,TE,213,49.1,Tony Scheffler,DET,27,49,76.3,76.9
2011,5555,6,87.4,30.5,23,HB,162,45.6,Jahvid Best,DET,14,0,69.2,71.1
2011,1061,15,65.3,76.2,15,HB,187,65.2,Maurice Morris,DET,7,0,57.1,58.3
2011,4378,8,62.7,85.0,5,HB,180,41.6,Kevin Smith,DET,7,0,66.0,39.2
2011,1623,17,69.5,79.6,3,TE,85,75.6,Will Heller,DET,0,76,65.2,54.8
2011,5794,10,28.4,55.4,3,HB,41,76.5,Keiland Williams,DET,7,0,56.5,60.2
2011,2554,10,67.0,,20,WR,42,72.1,Rashied Davis,DET,24,0,71.3,69.1
2011,3035,11,61.2,,11,WR,29,28.8,Maurice Stovall,DET,18,0,51.9,55.4
2011,3090,4,75.3,75.3,4,HB,18,64.7,Jerome Harrison,DET,1,0,62.1,52.8
2011,5116,1,64.6,,1,HB,2,64.7,Aaron Brown,DET,0,0,62.6,69.9
2011,4909,6,73.1,,2,HB,8,64.7,Stefan Logan,DET,1,0,70.5,61.8
2012,3618,16,40.8,,229,WR,770,54.3,Calvin Johnson,DET,567,0,89.8,89.4
2012,4943,14,18.3,73.3,46,TE,479,38.2,Brandon Pettigrew,DET,4,475,60.8,55.4
2012,3006,15,78.3,43.3,286,TE,422,51.4,Tony Scheffler,DET,80,70,64.5,64.2
2012,5797,15,68.3,70.7,23,HB,245,72.8,Joique Bell,DET,18,24,72.6,73.5
2012,6196,10,77.5,,28,WR,408,60.4,Titus Young,DET,394,0,58.6,59.7
2012,6209,14,58.9,80.4,8,HB,220,53.6,Mikel Leshoure,DET,8,1,69.4,57.5
2012,1386,6,78.2,,116,WR,241,66.2,Nate Burleson,DET,132,0,63.4,62.4
2012,5030,16,76.4,61.6,180,WR,295,29.0,Mike Thomas,DET,131,0,47.4,45.6
2012,7057,10,74.9,,125,WR,191,60.7,Ryan Broyles,DET,66,0,71.8,72.6
2012,1623,16,74.1,80.4,16,TE,194,69.6,Will Heller,DET,7,193,68.2,57.4
2012,6259,4,70.1,,5,WR,147,54.9,Kris Durham,DET,148,0,61.4,60.0
2012,4378,12,81.8,81.2,6,HB,103,41.1,Kevin Smith,DET,5,11,63.4,52.7
2012,4909,8,71.3,,4,HB,19,74.6,Stefan Logan,DET,10,0,67.4,68.9
2012,4959,5,67.0,,2,WR,59,42.1,Brian Robiskie,DET,58,0,60.3,59.7
2012,6372,2,61.2,70.4,0,FB,5,64.7,Shaun Chapas,DET,0,2,58.1,59.0
2012,4924,16,77.9,,0,QB,0,,Matthew Stafford,DET,0,0,73.6,
2013,3618,14,53.2,,148,WR,545,53.7,Calvin Johnson,DET,417,0,89.9,89.5
2013,6259,16,35.1,,66,WR,567,28.3,Kris Durham,DET,520,0,55.4,54.1
2013,2947,14,39.3,70.4,59,HB,302,34.6,Reggie Bush,DET,41,18,72.4,73.2
2013,5797,16,49.3,77.2,13,HB,288,62.0,Joique Bell,DET,8,27,76.0,83.7
2013,4943,14,29.7,73.3,131,TE,421,58.4,Brandon Pettigrew,DET,3,394,64.0,57.5
2013,1386,9,30.1,65.6,200,WR,293,56.9,Nate Burleson,DET,104,1,65.0,64.8
2013,5387,16,75.2,,67,WR,221,37.3,Kevin Ogletree,DET,165,0,63.4,63.9
2013,8478,16,74.1,49.2,65,TE,172,69.9,Joseph Fauria,DET,21,110,81.0,80.4
2013,7057,6,71.3,,82,WR,111,28.7,Ryan Broyles,DET,31,2,50.0,49.4
2013,3006,5,69.5,,44,TE,57,28.3,Tony Scheffler,DET,3,12,59.7,58.6
2013,6476,11,88.5,,76,WR,101,29.7,Jeremy Ross,DET,24,1,61.7,55.1
2013,7463,4,68.8,,5,WR,89,49.7,Patrick Edwards,DET,88,0,57.3,55.8
2013,7980,11,74.6,62.7,15,HB,32,41.6,Theo Riddick,DET,4,0,66.9,65.7
2013,5750,4,67.9,23.1,2,TE,12,28.0,Dorin Dickerson,DET,0,9,62.6,37.6
2014,5585,17,61.4,,414,WR,670,78.3,Golden Tate,DET,280,12,80.0,80.5
2014,3618,14,81.8,,76,WR,512,61.4,Calvin Johnson,DET,461,0,89.5,88.2
2014,2947,12,67.4,49.6,37,HB,187,75.5,Reggie Bush,DET,14,14,71.6,70.4
2014,7980,14,81.7,41.5,34,HB,147,72.7,Theo Riddick,DET,1,11,79.1,87.1
2014,5797,16,50.4,57.8,11,HB,287,58.1,Joique Bell,DET,2,16,66.1,69.4
2014,8645,14,76.3,55.9,169,TE,312,47.7,Eric Ebron,DET,30,131,56.2,53.0
2014,6476,17,28.0,,154,WR,495,62.5,Jeremy Ross,DET,360,5,58.8,55.9
2014,7953,17,73.3,,29,WR,258,53.3,Corey Fuller,DET,249,0,59.4,58.0
2014,4943,15,71.5,57.6,104,TE,213,60.6,Brandon Pettigrew,DET,19,193,54.8,47.2
2014,8478,7,69.8,56.0,33,TE,56,53.8,Joseph Fauria,DET,6,27,68.0,66.1
2014,4743,17,74.3,66.4,0,FB,73,46.3,Jed Collins,DET,1,16,69.5,51.0
2014,8123,8,87.7,29.1,4,HB,26,26.5,George Winn,DET,0,1,55.0,28.7
2014,4472,6,,62.9,25,TE,46,28.0,Kellen Davis,DET,1,45,51.0,39.7
2014,7057,5,64.0,,9,WR,25,68.3,Ryan Broyles,DET,16,0,64.5,63.7
2014,6722,1,61.2,,0,S,1,64.7,Isa Abdul-Quddus,DET,0,0,61.3,60.7
2014,9399,2,,,4,TE,7,28.0,Jordan Thompson,DET,1,2,38.0,39.1
2015,3618,16,57.7,,88,WR,655,77.4,Calvin Johnson,DET,600,0,88.6,86.0
2015,5585,16,68.4,61.6,378,WR,646,78.5,Golden Tate,DET,296,2,77.4,75.8
2015,7980,16,65.0,72.3,28,HB,300,90.0,Theo Riddick,DET,13,17,82.8,94.1
2015,8645,14,79.0,50.1,248,TE,393,48.9,Eric Ebron,DET,27,162,65.1,65.7
2015,2718,14,28.1,65.9,180,WR,442,87.3,Lance Moore,DET,282,1,56.8,56.6
2015,9487,16,29.3,70.0,19,HB,170,74.2,Ameer Abdullah,DET,16,7,64.2,77.4
2015,5797,13,67.8,51.1,0,HB,87,72.1,Joique Bell,DET,2,2,66.5,87.2
2015,8824,6,80.9,,52,WR,107,58.9,T.J. Jones,DET,59,0,62.1,58.8
2015,8392,9,70.6,79.5,73,TE,122,29.2,Tim Wright,DET,14,50,47.7,51.5
2015,4943,8,69.5,64.8,38,TE,99,32.2,Brandon Pettigrew,DET,4,104,58.2,52.2
2015,7953,12,68.0,,19,WR,110,45.8,Corey Fuller,DET,95,0,54.9,57.1
2015,9601,16,72.0,82.9,1,FB,44,74.6,Michael Burton,DET,4,9,84.3,69.0
2015,9761,3,77.1,81.7,0,HB,18,68.3,Zach Zenner,DET,0,0,61.0,57.0
2015,4924,16,87.8,,0,QB,0,,Matthew Stafford,DET,0,0,65.7,
2016,5585,17,42.5,,182,WR,641,64.6,Golden Tate,DET,493,1,70.6,71.5
2016,7158,16,80.3,,64,WR,615,44.3,Marvin Jones Jr.,DET,593,0,72.5,71.3
2016,1369,17,81.4,74.4,516,WR,582,69.4,Anquan Boldin,DET,107,2,64.9,66.3
2016,8645,14,80.9,80.8,163,TE,495,42.7,Eric Ebron,DET,59,333,65.4,71.4
2016,7980,10,89.2,77.2,21,HB,254,67.4,Theo Riddick,DET,16,4,72.0,80.1
2016,9761,11,68.0,60.6,2,HB,166,85.3,Zach Zenner,DET,8,0,61.6,70.7
2016,5612,17,64.9,,76,WR,175,64.4,Andre Roberts,DET,109,0,60.3,61.7
2016,8824,4,68.0,,9,WR,42,29.2,T.J. Jones,DET,35,0,59.0,58.6
2016,10870,11,87.6,55.2,0,HB,101,41.4,Dwayne Washington,DET,5,0,52.8,50.5
2016,9487,2,77.6,85.5,0,HB,26,73.4,Ameer Abdullah,DET,2,0,78.9,89.2
2016,11139,4,64.0,,2,TE,14,68.3,Cole Wick,DET,1,12,69.3,61.7
2016,5648,11,65.8,72.5,12,TE,56,70.5,Clay Harbor,DET,9,46,56.2,45.4
2016,4701,9,64.8,74.0,1,TE,22,70.6,Matthew Mulligan,DET,0,72,68.8,44.2
2016,9601,12,,37.3,0,FB,11,,Michael Burton,DET,1,2,70.1,49.2
2016,10018,7,,47.3,3,TE,28,,Khari Lee,DET,1,33,61.3,39.9
2016,5797,2,68.2,,0,HB,4,64.7,Joique Bell,DET,0,0,60.1,61.9
2017,5585,16,59.5,,454,WR,531,83.2,Golden Tate,DET,120,1,82.9,82.4
2017,7158,16,80.6,65.0,76,WR,626,71.4,Marvin Jones Jr.,DET,596,2,76.3,75.8
2017,8645,16,38.8,70.5,181,TE,401,53.5,Eric Ebron,DET,55,194,69.7,69.9
2017,7980,16,69.5,78.8,22,HB,271,67.9,Theo Riddick,DET,16,2,71.0,75.9
2017,11851,11,76.6,65.7,79,WR,288,56.8,Kenny Golladay,DET,235,4,68.0,68.1
2017,8824,14,80.6,,93,WR,270,59.0,T.J. Jones,DET,194,0,74.4,73.2
2017,9487,14,65.1,42.3,4,HB,157,86.1,Ameer Abdullah,DET,20,0,53.5,81.5
2017,8549,16,74.2,74.8,30,TE,167,68.0,Darren Fells,DET,1,250,69.0,68.5
2017,8811,7,65.8,62.4,15,WR,67,70.5,Jared Abbrederis,DET,56,0,57.9,58.0
2017,11882,14,67.0,74.6,1,TE,37,41.6,Michael Roberts,DET,0,62,71.2,56.3
2017,11920,4,88.0,,3,CB,5,68.3,Jamal Agnew,DET,2,0,74.7,70.8
2017,12185,5,81.9,40.7,1,HB,33,68.3,Tion Green,DET,0,0,59.0,53.3
2017,10870,5,78.2,39.4,0,HB,24,68.3,Dwayne Washington,DET,1,0,51.1,67.3
2017,6515,1,61.2,76.1,0,LB,1,64.7,Nick Bellore,DET,0,0,77.6,81.0
2017,9761,8,76.9,87.0,1,HB,19,64.7,Zach Zenner,DET,1,0,64.1,60.6
2017,9670,5,62.3,37.5,0,T,0,67.6,Brian Mihalik,DET,0,0,52.1,66.9
2018,11851,15,49.4,,182,WR,568,81.9,Kenny Golladay,DET,419,8,81.0,81.3
2018,7980,14,85.2,81.2,41,HB,272,64.1,Theo Riddick,DET,22,16,72.3,73.2
2018,7158,9,77.7,,59,WR,344,81.3,Marvin Jones Jr.,DET,306,0,71.9,71.5
2018,8741,7,78.6,,116,WR,175,60.9,Bruce Ellington,DET,72,0,68.3,68.3
2018,34455,10,72.4,69.7,4,HB,169,88.3,Kerryon Johnson,DET,18,0,80.2,80.6
2018,8824,15,81.3,,157,WR,321,83.6,T.J. Jones,DET,189,0,50.4,50.7
2018,7915,16,74.9,87.0,27,TE,180,84.5,Levine Toilolo,DET,9,229,66.1,69.3
2018,11123,8,71.5,55.1,42,WR,130,43.8,Andy Jones,DET,100,0,61.2,58.0
2018,7940,14,73.8,71.3,49,TE,196,47.7,Luke Willson,DET,18,154,54.6,43.8
2018,11882,8,70.6,71.1,9,TE,93,56.7,Michael Roberts,DET,3,89,55.6,58.9
2018,48036,5,75.8,,46,WR,66,78.7,Brandon Powell,DET,22,0,63.0,64.5
2018,5863,16,58.7,80.7,0,HB,82,41.1,LeGarrette Blount,DET,3,0,45.5,30.6
2018,9761,8,84.5,68.6,0,HB,42,32.6,Zach Zenner,DET,2,0,72.4,45.5
2018,6515,13,68.3,82.1,4,FB,27,72.1,Nick Bellore,DET,9,1,59.9,57.4
2018,10960,3,64.0,,13,TE,25,68.3,Hakeem Valles,DET,0,13,48.6,47.5
2018,10650,16,61.2,80.6,0,T,1,64.7,Taylor Decker,DET,0,0,70.6,90.4
2018,9400,3,61.2,73.2,3,TE,15,64.7,Jerome Cunningham,DET,1,15,60.3,49.9
2018,29726,1,,,3,WR,12,,Chris Lacy,DET,9,0,53.6,52.5
2019,11851,16,46.5,48.3,100,WR,585,61.5,Kenny Golladay,DET,526,0,79.9,79.3
2019,4717,15,84.9,,371,WR,450,66.6,Danny Amendola,DET,104,1,71.5,70.7
2019,7158,13,80.6,,187,WR,509,77.7,Marvin Jones Jr.,DET,355,3,72.9,74.6
2019,40912,12,76.8,35.2,147,TE,287,78.5,T.J. Hockenson,DET,36,161,60.5,62.1
2019,11047,16,83.8,54.1,30,HB,154,89.7,J.D. McKissic,DET,42,0,72.4,78.1
2019,45769,16,60.7,25.8,14,HB,188,62.3,Ty Johnson,DET,28,0,51.2,41.3
2019,8755,16,73.6,61.7,105,TE,163,54.8,Logan Thomas,DET,21,75,55.1,60.2
2019,9593,16,73.3,48.3,46,TE,172,53.3,Jesse James,DET,14,208,53.7,55.9
2019,34455,8,69.0,70.9,3,HB,104,41.1,Kerryon Johnson,DET,11,0,66.7,50.5
2019,11440,9,74.3,,29,WR,68,75.6,Marvin Hall,DET,42,0,85.4,84.0
2019,29726,7,67.9,62.4,32,WR,85,36.8,Chris Lacy,DET,59,0,50.2,50.4
2019,27413,9,67.0,87.1,5,FB,32,72.1,Nick Bawden,DET,4,0,46.5,57.3
2019,11104,2,77.5,83.1,0,HB,17,72.1,Tra Carson,DET,2,0,58.6,61.3
2019,47119,5,64.0,77.1,0,TE,8,29.9,Isaac Nauta,DET,1,0,55.7,58.4
2019,48023,3,,70.6,10,WR,34,25.6,Travis Fulgham,DET,27,2,49.0,40.7
2019,30228,1,73.9,80.1,0,HB,8,68.3,Wes Hills,DET,0,0,59.8,63.1
2019,11920,3,87.7,,3,CB,6,64.7,Jamal Agnew,DET,4,0,60.0,55.9
2019,45731,6,61.7,48.3,4,HB,45,64.7,Bo Scarbrough,DET,0,0,72.1,48.2
2019,10783,2,74.9,77.0,0,HB,6,64.7,Paul Perkins,DET,2,0,56.1,64.1
2019,46508,5,73.5,,0,QB,1,64.7,David Blough,DET,0,0,57.2,91.2
2019,10841,3,66.5,,0,QB,0,,Jeff Driskel,DET,0,0,51.3,
2020,7158,16,81.8,65.6,209,WR,620,77.6,Marvin Jones Jr.,DET,453,5,73.6,75.3
2020,40912,16,47.7,50.9,214,TE,460,62.7,T.J. Hockenson,DET,78,246,75.5,76.3
2020,4717,14,80.9,72.1,304,WR,330,76.8,Danny Amendola,DET,45,3,74.9,75.4
2020,57212,13,56.4,44.9,10,HB,226,62.4,D'Andre Swift,DET,41,1,69.4,69.4
2020,11851,5,75.0,,27,WR,137,46.8,Kenny Golladay,DET,123,0,81.6,79.8
2020,29614,13,74.6,68.1,40,WR,216,48.0,Quintez Cephus,DET,190,1,64.8,66.0
2020,34455,16,53.1,84.8,10,HB,159,45.4,Kerryon Johnson,DET,18,0,61.6,51.7
2020,7084,10,75.1,76.2,71,WR,179,69.6,Mohamed Sanu,DET,126,0,65.5,65.9
2020,9593,16,72.7,70.5,24,TE,159,80.6,Jesse James,DET,13,200,61.2,56.0
2020,11920,14,34.2,64.5,105,WR,123,63.2,Jamal Agnew,DET,23,0,56.7,54.2
2020,3623,16,90.3,67.6,2,HB,110,45.7,Adrian Peterson,DET,1,0,59.6,50.1
2020,10790,2,17.3,80.7,0,HB,21,72.1,Jonathan Williams,DET,3,0,52.0,62.6
2020,61072,4,61.2,,2,TE,12,64.7,Hunter Bryant,DET,2,10,72.1,75.0
2020,50714,15,69.8,57.9,0,FB,21,68.3,Jason Cabinda,DET,4,4,56.0,52.0
2020,47119,7,61.2,74.9,2,TE,17,64.7,Isaac Nauta,DET,2,22,61.6,46.7
2020,4924,16,77.8,,0,QB,1,,Matthew Stafford,DET,0,0,82.0,58.4
2021,84470,17,84.1,68.6,425,WR,523,91.0,Amon-Ra St. Brown,DET,115,1,79.4,79.4
2021,40912,12,80.7,65.4,237,TE,395,90.1,T.J. Hockenson,DET,50,157,68.1,73.6
2021,57212,13,65.0,28.2,28,HB,320,58.9,D'Andre Swift,DET,35,14,58.0,58.5
2021,11028,16,87.7,68.3,167,WR,469,70.5,Kalif Raymond,DET,328,1,60.5,60.6
2021,11872,12,76.7,,47,WR,277,66.6,Josh Reynolds,DET,244,0,65.9,66.9
2021,11889,13,76.0,70.4,2,HB,115,64.3,Jamaal Williams,DET,10,1,69.8,68.0
2021,26104,13,73.0,,11,WR,158,65.6,KhaDarel Hodge,DET,153,2,68.1,66.7
2021,29614,5,73.3,,18,WR,130,81.7,Quintez Cephus,DET,123,0,71.7,70.9
2021,94356,8,71.1,,41,WR,176,29.5,Trinity Benson,DET,150,0,46.9,47.6
2021,60994,10,71.9,35.5,36,TE,89,61.8,Brock Wright,DET,9,73,53.5,64.8
2021,94379,11,73.7,,57,WR,93,75.6,Tom Kennedy,DET,41,0,57.3,55.2
2021,49166,10,26.7,65.6,1,HB,70,75.6,Godwin Igwebuike,DET,15,4,66.6,58.4
2021,94383,5,83.9,58.3,0,HB,48,75.6,Craig Reynolds,DET,1,1,76.5,67.9
2021,50714,13,71.1,52.8,10,FB,39,41.6,Jason Cabinda,DET,7,14,58.5,47.5
2021,83740,5,76.9,30.9,0,HB,15,72.1,Jermar Jefferson,DET,4,1,69.3,70.4
2021,143786,3,65.8,71.5,25,TE,42,70.5,Shane Zylstra,DET,9,12,53.5,58.8
2021,10154,1,64.0,,6,WR,23,68.3,Tyrell Williams,DET,19,0,58.7,58.8
2021,10650,9,64.8,84.0,0,T,1,70.6,Taylor Decker,DET,0,0,75.5,90.5
2021,11141,3,,,0,WR,30,,Geronimo Allison,DET,30,0,50.7,50.9
2021,91112,3,61.2,,0,CB,3,64.7,Bobby Price,DET,0,0,69.9,72.6
2021,48584,13,,45.8,0,T,2,,Matt Nelson,DET,0,17,50.8,31.3
2022,84470,16,84.9,64.9,306,WR,483,88.1,Amon-Ra St. Brown,DET,198,2,90.7,90.4
2022,57212,14,71.7,73.9,16,HB,236,56.6,D'Andre Swift,DET,27,0,78.1,66.0
2022,11028,17,40.8,72.0,159,WR,322,90.3,Kalif Raymond,DET,181,2,72.1,72.7
2022,11872,14,77.9,70.0,148,WR,384,73.2,Josh Reynolds,DET,257,0,64.1,64.2
2022,47702,11,76.5,,89,WR,341,57.8,DJ Chark Jr.,DET,262,0,69.6,69.6
2022,60994,17,73.9,56.7,39,TE,168,43.3,Brock Wright,DET,30,184,54.2,63.6
2022,29539,12,86.6,65.5,10,HB,100,28.7,Justin Jackson,DET,26,4,58.6,47.0
2022,11889,17,62.1,72.3,0,HB,119,31.0,Jamaal Williams,DET,9,0,73.4,39.7
2022,94379,7,71.1,65.7,69,WR,125,77.3,Tom Kennedy,DET,69,0,59.3,62.8
2022,143786,12,73.2,25.3,47,TE,131,60.6,Shane Zylstra,DET,56,38,59.2,55.2
2022,77885,13,71.5,82.7,15,TE,75,78.7,James Mitchell,DET,23,51,66.9,76.3
2022,94383,8,79.2,44.5,0,HB,52,58.9,Craig Reynolds,DET,4,0,68.9,69.5
2022,101701,6,66.2,,10,WR,37,27.3,Jameson Williams,DET,30,0,63.4,57.5
2022,29614,4,64.0,,7,WR,21,68.3,Quintez Cephus,DET,17,0,68.0,63.6
2022,50714,8,64.6,52.1,6,FB,23,28.9,Jason Cabinda,DET,6,3,48.5,39.5
2022,81788,17,61.2,74.2,2,T,1,64.7,Penei Sewell,DET,0,1,80.6,76.3
2022,33465,3,72.9,,1,WR,5,64.7,Maurice Alexander,DET,5,0,57.2,57.5
2022,10635,17,64.3,,0,QB,0,,Jared Goff,DET,0,0,72.4,58.4
2023,84470,19,67.4,39.2,401,WR,691,88.5,Amon-Ra St. Brown,DET,316,0,91.2,91.3
2023,101690,20,84.3,59.9,177,TE,601,74.6,Sam LaPorta,DET,182,324,77.0,81.8
2023,122474,18,61.2,26.8,40,HB,372,65.4,Jahmyr Gibbs,DET,45,0,76.3,67.4
2023,11872,20,35.3,61.6,212,WR,580,56.7,Josh Reynolds,DET,396,0,70.1,69.2
2023,101701,15,28.6,61.8,121,WR,332,41.3,Jameson Williams,DET,221,0,62.9,61.8
2023,11028,17,89.7,28.2,121,WR,236,79.9,Kalif Raymond,DET,121,2,75.4,75.8
2023,45719,17,73.5,29.7,7,HB,209,50.4,David Montgomery,DET,11,0,79.6,58.4
2023,61439,17,83.6,79.4,90,WR,261,80.0,Donovan Peoples-Jones,DET,196,0,52.7,53.3
2023,60994,16,72.7,64.0,32,TE,155,64.7,Brock Wright,DET,37,140,48.0,50.1
2023,7158,6,16.0,72.7,27,WR,93,45.8,Marvin Jones Jr.,DET,74,0,43.8,44.3
2023,94383,14,45.9,24.0,3,HB,64,73.4,Craig Reynolds,DET,10,0,76.5,69.9
2023,77885,13,64.0,74.4,10,TE,51,29.9,James Mitchell,DET,10,47,41.2,42.2
2023,77985,9,61.2,,24,WR,57,64.7,Antoine Green,DET,35,0,53.5,49.1
2023,97432,2,70.7,76.7,0,HB,4,64.7,Zonovan Knight,DET,0,0,62.1,62.6
2023,12307,13,61.2,58.3,1,G,10,64.7,Dan Skipper,DET,0,28,60.0,47.9
2023,45903,1,68.2,,0,HB,2,64.7,Devine Ozigbo,DET,0,0,66.5,80.1
2023,51837,3,61.2,72.7,6,TE,11,64.7,Anthony Firkser,DET,1,7,57.8,52.3
2023,50714,7,64.6,26.9,1,FB,14,64.7,Jason Cabinda,DET,3,1,43.2,52.6
2023,27819,1,76.9,,0,CB,1,64.7,Khalil Dorsey,DET,0,0,76.0,76.9
2023,60731,4,65.3,82.0,1,LB,5,64.7,Malcolm Rodriguez,DET,1,1,59.7,57.4
2024,84470,9,79.9,62.3,142,WR,253,87.9,Amon-Ra St. Brown,DET,122,0,81.5,82.5
2024,101701,7,76.2,,65,WR,203,72.1,Jameson Williams,DET,146,0,72.3,72.7
2024,101690,9,75.5,47.4,56,TE,205,85.7,Sam LaPorta,DET,48,122,71.7,78.7
2024,122474,9,89.8,23.0,10,HB,135,84.9,Jahmyr Gibbs,DET,13,0,79.0,69.5
2024,45719,9,52.9,51.1,3,HB,84,82.7,David Montgomery,DET,3,0,80.4,82.6
2024,11028,9,85.0,,48,WR,109,80.6,Kalif Raymond,DET,65,0,70.2,69.8
2024,12087,8,71.9,67.3,31,WR,122,79.4,Tim Patrick,DET,97,0,64.4,64.7
2024,60994,9,70.6,74.9,11,TE,77,77.3,Brock Wright,DET,11,84,53.9,55.6
2024,8696,4,61.2,,9,WR,19,64.7,Allen Robinson II,DET,10,0,57.7,59.5
2024,97156,1,66.8,,2,WR,3,68.3,Isaiah Williams,DET,1,0,60.2,60.3
2024,158505,3,64.6,,0,HB,6,64.7,Sione Vaki,DET,1,0,68.1,83.9
2024,10650,8,,70.4,0,T,1,,Taylor Decker,DET,0,1,70.1,58.1
2024,10635,9,52.0,62.2,0,QB,1,64.7,Jared Goff,DET,0,0,67.6,90.7
2024,94379,2,68.7,,2,WR,9,,Tom Kennedy,DET,7,0,53.4,54.4
2006,533,16,58.8,,407,WR,619,65.3,Donald Driver,GB,238,1,80.7,81.0
2006,2997,14,33.8,,57,WR,495,55.6,Greg Jennings,GB,460,0,62.9,62.2
2006,374,14,65.2,78.1,6,HB,246,29.9,Ahman Green,GB,8,10,42.0,34.7
2006,592,16,19.4,61.6,31,TE,335,27.9,Bubba Franks,GB,10,355,50.8,32.3
2006,2111,12,74.6,,31,WR,282,71.5,Ruvell Martin,GB,258,0,62.6,61.3
2006,916,11,74.6,74.0,53,TE,184,71.5,David Martin,GB,14,129,68.0,70.5
2006,2461,15,49.5,84.7,2,HB,118,76.1,Noah Herron,GB,2,6,65.0,64.0
2006,1465,14,71.1,82.5,39,TE,125,27.1,Donald Lee,GB,10,85,54.7,46.3
2006,2290,13,65.9,51.5,3,HB,86,67.7,Vernand Morency,GB,6,0,53.1,67.3
2006,134,12,72.3,83.9,0,FB,80,47.7,William Henderson,GB,3,2,56.7,49.0
2006,2640,7,71.6,,8,WR,104,78.0,Carlyle Holiday,GB,103,0,63.8,63.7
2006,2864,3,70.1,,9,WR,46,54.9,Koren Robinson,GB,44,0,70.9,69.9
2006,811,4,68.0,,7,WR,106,73.4,Robert Ferguson,GB,102,0,50.4,50.2
2006,1961,10,70.6,87.7,0,FB,71,38.4,Brandon Miree,GB,2,0,48.1,42.3
2006,3313,7,64.0,,0,WR,21,68.3,Chris Francies,GB,24,0,58.1,57.9
2007,533,17,83.0,,488,WR,582,77.3,Donald Driver,GB,122,1,81.4,80.8
2007,2997,15,80.4,,187,WR,496,51.8,Greg Jennings,GB,335,0,76.9,74.8
2007,3694,18,21.4,62.3,35,WR,530,45.0,James Jones,GB,518,1,62.9,61.4
2007,1465,17,39.8,89.0,93,TE,342,60.1,Donald Lee,GB,27,230,77.2,74.2
2007,2290,15,58.4,87.0,3,HB,113,78.4,Vernand Morency,GB,4,2,72.0,72.9
2007,2864,11,76.0,,49,WR,142,64.5,Koren Robinson,GB,97,0,74.5,71.5
2007,2609,16,72.0,73.7,6,HB,164,79.9,Ryan Grant,GB,1,0,68.5,58.8
2007,592,10,74.4,81.4,27,TE,143,70.7,Bubba Franks,GB,1,132,76.8,70.5
2007,2111,17,26.3,,50,WR,254,40.3,Ruvell Martin,GB,216,0,61.4,58.4
2007,3679,13,87.1,72.4,0,HB,87,57.1,Brandon Jackson,GB,4,4,73.6,68.7
2007,3844,7,83.5,79.0,1,HB,44,41.4,Deshawn Wynn,GB,3,1,68.6,54.4
2007,3807,16,70.6,72.5,0,FB,88,77.3,Korey Hall,GB,1,3,83.7,60.3
2007,2686,15,64.0,87.8,1,FB,36,68.3,John Kuhn,GB,1,0,73.0,60.1
2007,1887,9,65.8,79.2,12,TE,30,70.5,Ryan Krause,GB,1,25,55.1,48.1
2007,3235,2,61.2,,0,WR,11,64.7,Shaun Bodiford,GB,11,0,64.1,63.4
2008,2997,16,82.1,,166,WR,562,42.0,Greg Jennings,GB,420,0,75.8,75.1
2008,533,16,82.1,,450,WR,552,45.7,Donald Driver,GB,128,0,69.0,67.1
2008,4350,16,77.4,66.1,53,WR,333,63.0,Jordy Nelson,GB,294,0,63.3,62.0
2008,1465,16,78.1,72.2,119,TE,371,58.4,Donald Lee,GB,10,259,60.2,50.2
2008,3679,13,55.5,74.5,3,HB,185,51.7,Brandon Jackson,GB,1,0,62.0,50.4
2008,3694,10,74.4,,25,WR,137,35.9,James Jones,GB,116,0,70.9,69.0
2008,2111,13,73.3,,31,WR,145,52.8,Ruvell Martin,GB,118,0,67.2,63.8
2008,2609,16,62.7,53.8,1,HB,175,44.9,Ryan Grant,GB,3,0,50.5,44.4
2008,2644,16,71.5,80.1,39,TE,129,78.7,Tory Humphrey,GB,3,79,69.9,68.8
2008,4405,13,69.5,74.0,9,TE,46,32.2,Jermichael Finley,GB,13,27,62.2,58.7
2008,3807,10,69.5,65.4,0,FB,60,75.6,Korey Hall,GB,0,0,70.8,68.8
2008,2686,16,73.5,82.8,1,FB,52,42.1,John Kuhn,GB,0,2,80.2,50.4
2008,3844,3,21.3,80.1,0,HB,26,70.5,Deshawn Wynn,GB,2,0,51.1,33.6
2008,4714,1,67.4,,0,HB,6,70.5,Kregg Lumpkin,GB,0,0,69.4,78.0
2009,2997,17,81.9,,158,WR,591,78.0,Greg Jennings,GB,474,0,80.4,79.2
2009,533,17,28.0,,509,WR,618,54.5,Donald Driver,GB,150,0,67.1,67.4
2009,4405,14,80.6,60.5,120,TE,319,71.5,Jermichael Finley,GB,72,153,81.9,84.4
2009,3694,17,77.6,,35,WR,441,28.0,James Jones,GB,438,0,55.6,54.5
2009,1465,17,78.0,58.1,96,TE,360,30.4,Donald Lee,GB,20,300,52.5,42.1
2009,2609,17,87.4,70.6,8,HB,258,55.9,Ryan Grant,GB,11,0,57.4,46.3
2009,4350,14,75.3,75.2,16,WR,153,51.8,Jordy Nelson,GB,146,1,76.0,72.0
2009,3679,13,58.8,87.3,2,HB,153,61.5,Brandon Jackson,GB,3,0,55.6,66.2
2009,3345,16,71.5,46.8,21,TE,66,60.2,Spencer Havner,GB,14,44,78.8,83.8
2009,2686,13,75.4,82.5,0,FB,71,76.5,John Kuhn,GB,1,0,60.6,64.0
2009,3807,11,68.0,27.4,0,FB,32,46.3,Korey Hall,GB,0,0,48.9,52.8
2009,3844,4,71.6,70.7,2,HB,32,25.9,Deshawn Wynn,GB,0,0,46.9,26.9
2009,5069,8,64.0,80.8,0,FB,26,27.3,Quinn Johnson,GB,0,2,52.9,28.5
2009,374,9,82.2,73.9,1,HB,26,36.2,Ahman Green,GB,3,0,60.2,49.7
2009,4531,2,,,0,HB,5,,Brett Swain,GB,5,0,56.4,56.5
2009,705,9,62.3,65.1,0,T,0,67.6,Mark Tauscher,GB,0,0,66.9,66.9
2010,2997,20,56.9,,262,WR,722,67.5,Greg Jennings,GB,496,0,75.0,74.6
2010,533,19,44.9,68.1,431,WR,574,54.0,Donald Driver,GB,175,0,61.7,60.9
2010,3694,20,26.1,,41,WR,504,42.6,James Jones,GB,490,0,64.4,63.6
2010,4350,20,46.3,70.5,177,WR,414,37.6,Jordy Nelson,GB,255,0,74.7,72.3
2010,3679,20,85.5,78.4,3,HB,259,78.4,Brandon Jackson,GB,8,1,71.7,83.5
2010,5677,17,29.9,79.9,114,TE,254,34.7,Andrew Quarless,GB,25,132,57.7,53.2
2010,2686,20,72.1,81.8,3,HB,128,48.0,John Kuhn,GB,0,1,63.1,57.4
2010,4405,5,74.9,75.8,50,TE,114,84.5,Jermichael Finley,GB,24,55,81.3,82.2
2010,1465,19,72.7,62.2,26,TE,93,64.7,Donald Lee,GB,6,92,56.6,59.9
2010,4531,13,68.8,,6,WR,75,49.2,Brett Swain,GB,71,0,56.1,55.9
2010,5458,20,68.8,72.6,15,TE,90,49.2,Tom Crabtree,GB,5,102,58.0,50.9
2010,5716,7,88.7,70.3,1,HB,43,73.4,James Starks,GB,1,0,68.2,67.5
2010,5069,14,67.0,88.5,0,FB,23,72.1,Quinn Johnson,GB,0,0,77.8,75.1
2010,5783,6,80.9,76.0,3,HB,20,70.5,Dimitri Nance,GB,5,0,56.1,62.4
2010,3807,11,64.0,75.9,0,FB,28,68.3,Korey Hall,GB,1,0,78.2,60.6
2011,2997,14,81.5,,273,WR,488,70.2,Greg Jennings,GB,249,0,77.9,78.4
2011,4350,17,81.3,,44,WR,473,74.8,Jordy Nelson,GB,461,0,86.7,85.8
2011,4405,17,80.4,74.9,159,TE,536,28.2,Jermichael Finley,GB,142,298,67.0,69.7
2011,533,17,78.1,,267,WR,395,29.9,Donald Driver,GB,152,0,62.3,62.0
2011,3694,17,29.8,,35,WR,347,42.6,James Jones,GB,340,0,65.5,65.4
2011,5716,14,64.0,76.7,2,HB,209,53.4,James Starks,GB,5,1,77.0,59.0
2011,6216,16,28.3,,126,WR,186,57.8,Randall Cobb,GB,78,0,66.4,66.9
2011,2609,16,57.5,68.2,1,HB,141,49.5,Ryan Grant,GB,1,0,65.9,47.9
2011,2686,17,38.7,72.2,2,FB,139,40.6,John Kuhn,GB,1,1,55.6,51.4
2011,6756,6,78.3,26.6,2,HB,36,78.0,Brandon Saine,GB,1,0,63.5,70.5
2011,5458,17,68.8,65.1,14,TE,93,29.8,Tom Crabtree,GB,10,92,51.0,47.4
2011,5677,10,65.8,81.0,14,TE,46,36.8,Andrew Quarless,GB,6,45,72.2,56.3
2011,6293,9,64.0,28.8,8,TE,24,68.3,D.J. Williams Jr.,GB,2,13,47.7,49.7
2011,6370,4,61.2,74.9,1,TE,6,28.8,Ryan Taylor,GB,0,4,50.1,51.2
2011,6248,2,68.2,,0,HB,2,64.7,Alex Green,GB,0,0,59.1,77.0
2012,6216,17,66.8,65.8,436,WR,481,46.2,Randall Cobb,GB,43,0,79.2,77.3
2012,3694,18,81.6,,51,WR,690,76.5,James Jones,GB,693,0,73.2,71.8
2012,4405,18,46.3,77.2,171,TE,498,50.4,Jermichael Finley,GB,81,295,67.4,65.8
2012,4350,14,80.2,,37,WR,447,44.6,Jordy Nelson,GB,447,0,75.5,73.2
2012,2997,10,78.8,,199,WR,352,69.3,Greg Jennings,GB,178,0,72.8,72.0
2012,6248,10,73.2,80.7,0,HB,105,57.8,Alex Green,GB,0,0,62.1,44.0
2012,2686,16,80.5,83.4,3,FB,160,69.4,John Kuhn,GB,1,2,62.1,58.2
2012,2221,5,59.3,83.6,1,HB,84,65.6,Cedric Benson,GB,1,0,61.5,65.0
2012,6293,13,69.5,80.6,33,TE,86,28.4,D.J. Williams Jr.,GB,6,49,63.5,50.0
2012,533,13,70.6,,94,WR,108,29.1,Donald Driver,GB,23,0,53.3,51.2
2012,5458,16,70.1,66.3,34,TE,103,35.7,Tom Crabtree,GB,2,83,57.4,54.4
2012,6595,5,84.7,79.0,0,HB,49,56.7,DuJuan Harris,GB,2,0,70.0,61.6
2012,5716,6,56.7,25.0,0,HB,36,28.6,James Starks,GB,0,0,60.2,30.9
2012,7363,10,68.0,,3,WR,51,73.4,Jarrett Boykin,GB,52,0,52.6,53.9
2012,2609,6,36.6,68.0,0,HB,24,68.3,Ryan Grant,GB,1,0,61.3,66.4
2012,6370,14,64.0,71.5,12,TE,19,68.3,Ryan Taylor,GB,2,13,68.1,60.1
2012,2241,18,77.4,,0,QB,0,,Aaron Rodgers,GB,0,0,89.1,
2013,4350,17,87.0,,376,WR,676,79.1,Jordy Nelson,GB,338,1,86.0,85.3
2013,3694,15,25.9,,70,WR,557,76.9,James Jones,GB,518,0,67.9,66.4
2013,7363,15,79.2,62.4,27,WR,423,64.5,Jarrett Boykin,GB,427,0,73.1,72.0
2013,5677,17,77.0,66.9,111,TE,328,60.5,Andrew Quarless,GB,60,198,66.2,61.1
2013,7842,16,88.3,88.4,2,HB,252,63.6,Eddie Lacy,GB,3,0,88.9,62.5
2013,6216,7,81.8,,228,WR,231,88.7,Randall Cobb,GB,7,0,78.3,77.2
2013,4405,6,75.7,28.9,54,TE,152,64.3,Jermichael Finley,GB,26,86,73.1,77.5
2013,2686,15,28.4,89.9,0,FB,116,65.9,John Kuhn,GB,0,1,72.2,56.1
2013,5716,14,64.7,62.8,1,HB,95,60.2,James Starks,GB,3,0,79.8,63.6
2013,7605,8,69.5,84.5,40,TE,78,28.4,Brandon Bostick,GB,19,22,59.7,61.1
2013,8243,7,70.6,,61,WR,71,56.7,Myles White,GB,15,0,60.2,60.3
2013,6370,13,68.8,83.5,21,TE,64,29.8,Ryan Taylor,GB,9,33,50.0,48.9
2013,7907,5,20.7,82.9,0,HB,30,72.1,Johnathan Franklin,GB,1,0,53.1,72.8
2014,4350,18,85.6,,158,WR,643,46.3,Jordy Nelson,GB,527,1,86.9,85.5
2014,6216,18,50.0,,602,WR,647,64.4,Randall Cobb,GB,62,0,84.6,86.7
2014,8688,18,79.0,,45,WR,538,63.3,Davante Adams,GB,530,0,63.2,62.8
2014,7842,18,71.2,90.6,7,HB,340,84.4,Eddie Lacy,GB,7,0,83.0,79.6
2014,5677,18,77.3,60.9,152,TE,355,71.2,Andrew Quarless,GB,83,140,63.7,63.2
2014,8733,18,75.7,78.8,104,TE,229,75.1,Richard Rodgers,GB,31,105,63.0,63.2
2014,5716,18,66.2,82.1,7,HB,149,35.7,James Starks,GB,7,0,54.7,45.0
2014,7363,14,65.8,,7,WR,137,26.5,Jarrett Boykin,GB,142,0,44.3,42.7
2014,2686,17,79.6,64.1,0,FB,45,50.6,John Kuhn,GB,7,0,69.9,45.1
2014,7605,5,64.0,74.4,6,TE,16,30.0,Brandon Bostick,GB,2,8,51.4,50.1
2014,8870,3,64.0,,2,WR,9,68.3,Jeff Janis,GB,7,0,68.0,66.6
2014,6595,4,82.8,41.0,0,HB,11,64.7,DuJuan Harris,GB,0,0,59.0,65.0
2014,1010,1,,,0,ED,1,27.9,Julius Peppers,GB,1,0,29.2,39.8
2014,8007,2,61.2,,3,WR,4,64.7,Kevin Dorsey,GB,0,0,58.0,59.0
2015,6216,18,85.9,33.2,646,WR,683,34.7,Randall Cobb,GB,74,3,68.5,67.1
2015,3694,18,44.9,,66,WR,715,66.3,James Jones,GB,733,1,69.7,69.1
2015,8733,18,81.1,61.5,364,TE,501,86.0,Richard Rodgers,GB,53,123,70.7,70.7
2015,8688,14,82.8,69.7,57,WR,493,30.3,Davante Adams,GB,493,0,59.1,58.9
2015,5716,18,28.9,81.2,12,HB,284,64.5,James Starks,GB,5,2,60.4,59.4
2015,8811,9,24.1,,117,WR,121,39.8,Jared Abbrederis,GB,16,0,61.3,59.0
2015,7842,17,35.1,79.8,8,HB,179,73.0,Eddie Lacy,GB,10,0,69.2,57.9
2015,8870,12,80.2,69.8,6,WR,100,58.9,Jeff Janis,GB,103,2,70.4,69.8
2015,9527,6,77.8,,27,WR,140,66.7,Ty Montgomery,GB,127,1,56.7,57.4
2015,9248,10,71.5,81.8,49,TE,67,78.7,Justin Perillo,GB,7,17,72.0,70.2
2015,2686,18,81.6,75.3,1,FB,109,56.7,John Kuhn,GB,15,4,60.7,51.4
2015,5677,6,67.0,73.6,27,TE,51,72.1,Andrew Quarless,GB,5,24,55.9,55.4
2015,9639,5,61.2,73.0,0,FB,4,64.7,Aaron Ripkowski,GB,1,1,70.5,67.1
2015,9926,2,68.6,,0,HB,3,28.0,Alonzo Harris,GB,0,0,45.5,26.1
2016,4350,18,58.8,,209,WR,729,78.1,Jordy Nelson,GB,564,0,82.2,81.1
2016,8688,19,30.1,,158,WR,746,53.8,Davante Adams,GB,609,1,72.6,72.6
2016,6216,16,58.7,73.0,487,WR,584,91.2,Randall Cobb,GB,112,2,74.4,74.6
2016,5012,13,34.5,77.6,178,TE,317,56.3,Jared Cook,GB,53,109,76.1,76.2
2016,9527,17,59.1,75.0,70,HB,307,81.4,Ty Montgomery,GB,32,0,76.0,70.7
2016,8733,19,85.4,72.0,206,TE,354,42.8,Richard Rodgers,GB,33,166,57.2,55.2
2016,7843,18,60.7,76.7,7,HB,178,51.0,Christine Michael,GB,25,0,58.3,40.4
2016,11141,13,73.6,,109,WR,213,82.2,Geronimo Allison,GB,115,1,66.5,67.0
2016,5716,9,58.0,71.1,5,HB,140,57.1,James Starks,GB,3,0,50.5,41.6
2016,8870,13,77.6,43.3,50,WR,171,60.2,Jeff Janis,GB,129,0,52.1,51.7
2016,9639,17,47.2,75.9,5,FB,123,64.4,Aaron Ripkowski,GB,7,0,64.3,58.3
2016,10797,11,27.7,,3,WR,74,28.0,Trevor Davis,GB,76,1,54.0,53.5
2016,7842,5,85.5,79.6,0,HB,67,72.1,Eddie Lacy,GB,5,0,74.7,55.1
2016,9248,8,67.0,76.8,29,TE,60,72.1,Justin Perillo,GB,4,30,54.4,52.7
2016,8811,3,61.2,,13,WR,16,64.7,Jared Abbrederis,GB,5,0,52.1,52.5
2017,8688,14,81.6,,103,WR,504,65.0,Davante Adams,GB,433,2,80.5,79.4
2017,6216,15,51.5,76.0,405,WR,479,80.4,Randall Cobb,GB,81,5,64.4,64.8
2017,4350,15,79.6,,157,WR,506,80.1,Jordy Nelson,GB,380,2,68.6,67.2
2017,11141,15,23.9,70.2,112,WR,261,40.2,Geronimo Allison,GB,168,1,50.9,52.3
2017,11889,14,90.3,89.5,6,HB,200,52.7,Jamaal Williams,GB,40,0,61.9,52.0
2017,6199,15,73.9,71.5,112,TE,218,31.9,Lance Kendricks,GB,28,128,49.2,48.1
2017,9527,7,86.2,66.3,23,HB,148,85.9,Ty Montgomery,GB,18,0,72.5,76.7
2017,8733,14,72.3,69.1,89,TE,156,48.0,Richard Rodgers,GB,19,77,56.5,55.5
2017,12107,2,67.0,,10,WR,48,42.1,Michael Clark,GB,43,0,55.1,56.7
2017,11937,10,86.4,46.3,11,HB,109,77.3,Aaron Jones,GB,10,0,78.8,58.6
2017,9639,16,72.9,62.1,1,FB,52,75.6,Aaron Ripkowski,GB,5,0,65.5,62.3
2017,10797,12,88.8,,12,WR,71,74.6,Trevor Davis,GB,63,0,59.0,58.6
2017,8870,3,70.2,66.2,8,WR,26,68.3,Jeff Janis,GB,22,0,61.8,58.7
2017,11994,2,11.0,68.5,0,HB,9,70.5,Devante Mays,GB,0,0,27.9,66.2
2017,25432,1,64.0,,6,TE,8,68.3,Emanuel Byrd,GB,0,2,67.8,68.2
2017,9580,11,63.7,,0,QB,1,64.7,Brett Hundley,GB,0,0,64.8,91.2
2017,11408,1,61.2,,0,FB,1,64.7,Joe Kerridge,GB,0,0,61.8,65.0
2018,8688,15,84.3,,144,WR,653,85.1,Davante Adams,GB,550,0,87.8,87.5
2018,5619,16,80.0,51.7,380,TE,559,75.1,Jimmy Graham,GB,89,142,59.6,60.2
2018,47809,16,78.5,68.0,236,WR,476,56.2,Marquez Valdes-Scantling,GB,267,4,60.4,62.1
2018,6216,9,42.6,,317,WR,339,56.7,Randall Cobb,GB,33,8,60.2,62.3
2018,47967,11,75.0,,73,WR,251,84.1,Equanimeous St. Brown,GB,189,3,64.3,63.8
2018,11889,16,90.0,76.6,10,HB,275,86.9,Jamaal Williams,GB,11,0,67.5,63.6
2018,11937,12,73.4,87.6,8,HB,204,64.1,Aaron Jones,GB,8,0,80.7,62.6
2018,11141,5,24.5,,20,WR,170,46.6,Geronimo Allison,GB,159,0,61.4,62.2
2018,6199,16,74.1,61.5,43,TE,149,44.9,Lance Kendricks,GB,15,96,59.6,50.6
2018,8906,9,47.7,43.8,7,HB,128,66.7,Kapri Bibbs,GB,14,0,58.6,49.8
2018,9883,5,70.1,,6,WR,103,76.5,Jake Kumerow,GB,105,0,58.9,58.5
2018,12193,11,67.0,72.1,28,TE,44,41.6,Robert Tonyan,GB,7,14,60.3,56.1
2018,48316,6,17.9,,5,WR,55,68.3,J'Mon Moore,GB,51,0,53.5,53.5
2018,2973,16,65.8,49.5,3,TE,43,70.5,Marcedes Lewis,GB,3,64,51.1,49.1
2018,10831,3,61.2,84.2,0,FB,4,64.7,Danny Vitale,GB,0,0,56.9,61.8
2018,48135,1,61.2,,0,WR,1,64.7,Allen Lazard,GB,1,0,62.4,61.5
2019,8688,14,31.9,,145,WR,497,61.6,Davante Adams,GB,386,0,88.0,88.8
2019,11937,18,77.1,67.5,23,HB,351,70.9,Aaron Jones,GB,56,5,84.6,84.3
2019,5619,18,32.9,71.5,222,TE,440,69.3,Jimmy Graham,GB,87,189,58.0,56.9
2019,11141,18,22.5,48.3,372,WR,453,56.9,Geronimo Allison,GB,122,2,54.4,51.9
2019,47809,18,76.5,,62,WR,335,65.2,Marquez Valdes-Scantling,GB,298,1,57.0,56.5
2019,48135,17,78.3,77.2,141,WR,341,64.8,Allen Lazard,GB,222,8,69.5,69.1
2019,11889,16,89.8,87.3,12,HB,217,83.0,Jamaal Williams,GB,25,9,74.9,87.0
2019,9883,15,72.3,62.3,51,WR,211,63.2,Jake Kumerow,GB,173,1,62.7,58.2
2019,2973,18,73.9,71.3,14,TE,166,69.0,Marcedes Lewis,GB,16,220,72.0,64.7
2019,12193,13,71.1,61.7,27,TE,91,78.0,Robert Tonyan,GB,5,84,55.0,62.1
2019,10831,15,70.3,71.4,5,FB,67,52.1,Danny Vitale,GB,16,7,49.3,53.7
2019,8777,2,67.0,,24,WR,56,42.1,Ryan Grant,GB,33,0,47.6,52.9
2019,10753,7,86.9,74.4,13,HB,28,70.5,Tyler Ervin,GB,10,0,64.0,52.7
2019,47081,7,65.8,78.8,3,TE,30,70.5,Jace Sternberger,GB,1,31,60.1,55.7
2019,29347,4,28.1,,36,WR,36,28.8,Darrius Shepherd,GB,2,1,44.5,44.6
2020,8688,16,64.8,,194,WR,548,91.0,Davante Adams,GB,382,0,92.0,91.9
2020,47809,18,32.8,,184,WR,525,35.9,Marquez Valdes-Scantling,GB,372,3,60.6,61.9
2020,11937,16,53.0,39.1,29,HB,288,58.8,Aaron Jones,GB,50,6,75.6,62.3
2020,12193,18,80.3,58.0,182,TE,431,90.7,Robert Tonyan,GB,82,229,68.6,71.8
2020,48135,12,78.4,73.9,178,WR,331,29.7,Allen Lazard,GB,152,22,72.4,69.7
2020,11889,16,90.3,58.5,10,HB,232,71.6,Jamaal Williams,GB,37,7,76.9,60.0
2020,2973,17,72.7,67.2,5,TE,151,29.2,Marcedes Lewis,GB,13,204,66.9,51.4
2020,47967,14,71.3,,62,WR,125,29.1,Equanimeous St. Brown,GB,65,5,59.5,57.8
2020,47081,11,72.7,24.6,25,TE,81,45.7,Jace Sternberger,GB,16,50,56.8,57.6
2020,10753,8,84.2,,59,HB,71,61.8,Tyler Ervin,GB,13,0,65.9,62.0
2020,29347,7,28.3,,63,WR,84,73.4,Darrius Shepherd,GB,29,0,52.6,52.2
2020,94375,10,77.3,,23,WR,78,73.4,Malik Taylor,GB,61,0,57.5,58.7
2020,7789,4,24.8,,13,WR,12,73.4,Tavon Austin,GB,0,0,66.3,66.2
2020,57165,9,50.2,71.0,1,HB,47,49.2,AJ Dillon,GB,2,0,78.3,51.3
2020,47034,2,61.2,52.8,4,TE,14,64.7,Josiah Deguara,GB,0,4,56.6,57.0
2020,62825,7,66.8,61.3,13,TE,35,68.3,Dominique Dafney,GB,10,14,63.3,60.2
2020,2241,18,88.1,,0,QB,0,,Aaron Rodgers,GB,0,0,95.1,
2021,8688,17,85.4,,204,WR,584,90.5,Davante Adams,GB,413,1,92.7,92.8
2021,11937,16,69.2,67.5,29,HB,342,64.5,Aaron Jones,GB,58,29,82.0,72.6
2021,48135,16,79.1,75.0,205,WR,461,58.3,Allen Lazard,GB,263,20,64.7,63.9
2021,47809,11,75.7,61.6,100,WR,301,86.1,Marquez Valdes-Scantling,GB,220,4,66.1,64.6
2021,6216,13,76.9,,223,WR,275,86.9,Randall Cobb,GB,60,8,70.1,71.8
2021,57165,18,67.8,57.7,2,HB,207,79.4,AJ Dillon,GB,22,12,86.2,64.8
2021,47034,17,75.5,35.4,100,TE,237,63.2,Josiah Deguara,GB,47,101,55.6,52.6
2021,2973,18,18.7,76.7,2,TE,154,85.3,Marcedes Lewis,GB,9,205,75.1,63.0
2021,12193,8,73.9,16.3,98,TE,193,69.0,Robert Tonyan,GB,36,77,54.6,58.6
2021,47967,13,74.1,73.1,56,WR,157,78.0,Equanimeous St. Brown,GB,103,6,56.2,55.1
2021,38275,7,11.2,,25,WR,75,54.5,Juwann Winfree,GB,53,0,48.2,50.5
2021,61212,11,53.3,65.9,30,WR,41,41.6,Amari Rodgers,GB,13,2,60.6,58.3
2021,62825,11,64.0,77.3,18,TE,57,68.3,Dominique Dafney,GB,5,40,68.4,52.8
2021,47743,11,67.0,69.4,12,TE,57,42.1,Tyler Davis,GB,8,52,57.5,46.5
2021,94375,4,73.5,,4,WR,13,68.3,Malik Taylor,GB,9,0,57.8,63.1
2021,11981,2,71.2,,15,WR,16,,David Moore,GB,1,0,51.8,51.9
2021,57306,3,78.7,77.2,1,HB,11,64.7,Kylin Hill,GB,2,0,55.5,55.4
2021,40448,5,78.3,75.7,0,HB,22,70.5,Patrick Taylor,GB,3,3,79.0,60.7
2021,2241,17,88.5,,0,QB,0,,Aaron Rodgers,GB,0,0,89.4,
2022,48135,15,80.8,69.8,195,WR,488,69.7,Allen Lazard,GB,303,19,69.0,73.9
2022,11937,17,37.4,50.6,43,HB,316,57.2,Aaron Jones,GB,48,21,86.1,64.6
2022,66581,14,80.1,,89,WR,270,50.7,Christian Watson,GB,189,3,77.1,77.8
2022,84329,13,23.5,,74,WR,312,51.5,Romeo Doubs,GB,257,0,62.6,62.0
2022,12193,17,79.8,35.3,151,TE,370,88.0,Robert Tonyan,GB,78,171,57.7,60.5
2022,6216,13,79.1,36.3,209,WR,249,70.1,Randall Cobb,GB,49,0,70.1,71.3
2022,57165,17,79.5,70.3,13,HB,252,39.8,AJ Dillon,GB,18,8,81.4,50.6
2022,47034,17,73.4,34.3,53,TE,102,80.6,Josiah Deguara,GB,14,34,57.2,62.8
2022,25276,10,16.0,,55,WR,80,73.4,Samori Toure,GB,31,1,49.3,50.8
2022,2973,17,69.5,72.9,4,TE,114,52.1,Marcedes Lewis,GB,6,185,65.6,51.9
2022,47743,17,67.0,53.9,11,TE,47,72.1,Tyler Davis,GB,14,42,56.7,50.8
2022,38275,3,64.0,,16,WR,26,29.9,Juwann Winfree,GB,12,0,52.1,52.3
2022,40448,5,73.6,24.2,0,HB,11,64.7,Patrick Taylor,GB,1,2,61.6,74.9
2022,7891,11,,87.8,0,T,1,,David Bakhtiari,GB,0,0,79.8,60.0
2023,84329,19,47.6,,92,WR,555,74.5,Romeo Doubs,GB,495,0,73.6,74.0
2023,78171,18,88.6,62.4,336,WR,424,81.1,Jayden Reed,GB,105,3,73.3,74.4
2023,99711,17,23.0,,117,WR,312,74.3,Dontayvion Wicks,GB,208,3,77.8,77.0
2023,66581,11,77.5,65.5,108,WR,298,67.3,Christian Watson,GB,201,7,68.2,70.3
2023,98499,13,78.3,45.7,131,TE,296,82.2,Luke Musgrave,GB,28,174,68.1,69.6
2023,104034,19,77.4,70.3,94,TE,336,71.6,Tucker Kraft,GB,38,265,60.4,65.1
2023,11937,13,66.0,63.2,13,HB,202,38.6,Aaron Jones,GB,19,13,80.9,56.4
2023,57165,15,90.5,56.0,2,HB,216,72.1,AJ Dillon,GB,17,9,75.7,68.2
2023,61610,7,75.3,,32,WR,91,69.6,Bo Melton,GB,61,1,83.4,82.6
2023,124173,13,73.7,28.9,39,WR,117,51.2,Malik Heath,GB,80,2,60.1,59.2
2023,25276,11,71.8,,38,WR,83,56.7,Samori Toure,GB,47,4,60.6,61.0
2023,40448,13,81.6,59.6,4,HB,136,78.7,Patrick Taylor,GB,17,14,60.4,53.4
2023,47034,16,70.1,29.1,46,TE,76,76.5,Josiah Deguara,GB,7,27,51.7,55.0
2023,77918,16,68.0,68.7,0,TE,54,73.4,Ben Sims,GB,5,72,60.5,58.3
2023,154173,8,79.6,,0,HB,22,73.4,Emanuel Wilson,GB,3,0,80.0,66.3
2023,10707,3,15.3,15.8,0,HB,10,68.3,Kenyan Drake,GB,0,0,37.3,28.8
2023,22425,1,64.6,,0,HB,2,64.7,James Robinson,GB,0,1,59.1,63.1
2024,78171,9,54.6,66.2,199,WR,236,31.7,Jayden Reed,GB,42,2,71.6,70.1
2024,84329,8,76.5,,39,WR,248,58.0,Romeo Doubs,GB,225,0,64.9,67.9
2024,99711,9,73.3,,61,WR,159,27.6,Dontayvion Wicks,GB,108,0,57.2,57.3
2024,104034,9,21.2,67.8,94,TE,255,68.1,Tucker Kraft,GB,38,156,61.9,62.5
2024,66581,8,74.0,,54,WR,151,82.2,Christian Watson,GB,106,2,66.8,68.8
2024,45953,9,61.2,33.6,5,HB,161,83.2,Josh Jacobs,GB,12,3,83.9,67.7
2024,61610,8,72.2,,14,WR,44,45.8,Bo Melton,GB,34,0,64.2,60.7
2024,154173,9,83.9,67.7,6,HB,68,79.4,Emanuel Wilson,GB,9,0,80.0,64.2
2024,98499,4,68.8,22.5,12,TE,45,74.6,Luke Musgrave,GB,11,27,47.0,49.5
2024,83644,4,76.0,85.4,0,HB,16,49.7,Chris Brooks,GB,2,2,57.5,47.2
2024,124173,4,67.0,,4,WR,32,72.1,Malik Heath,GB,30,0,48.7,53.2
2024,77918,7,65.8,66.3,7,TE,36,70.5,Ben Sims,GB,4,26,68.0,65.0
2024,124247,1,71.1,,2,HB,3,64.7,MarShawn Lloyd,GB,0,0,53.3,59.7
2006,1319,16,84.0,,153,WR,516,58.6,Andre Johnson,HST,383,3,79.9,79.6
2006,165,16,41.3,61.6,152,WR,478,88.6,Eric Moulds,HST,346,0,65.6,64.5
2006,3043,14,77.2,25.3,22,TE,370,80.0,Owen Daniels,HST,22,454,59.6,64.0
2006,3115,12,73.5,68.6,1,HB,195,71.9,Wali Lundy,HST,42,0,50.5,60.2
2006,904,11,18.2,57.9,1,FB,150,83.2,Jameel Cook,HST,18,2,55.8,43.0
2006,2599,9,54.5,84.5,0,HB,85,43.3,Sam Gado,HST,6,0,51.5,46.3
2006,1549,16,24.0,16.3,122,WR,235,82.7,Kevin Walter,HST,115,6,59.5,57.0
2006,1174,14,72.3,37.9,13,TE,141,48.0,Jeb Putzier,HST,26,124,52.4,57.2
2006,589,11,74.7,88.2,0,HB,104,80.6,Ron Dayne,HST,7,0,59.5,59.9
2006,125,13,70.6,64.8,0,TE,59,77.3,Mark Bruener,HST,0,99,71.0,61.5
2006,2100,10,68.8,74.9,0,FB,41,74.6,Vonta Leach,HST,2,0,96.5,76.4
2006,1304,7,68.7,,8,WR,18,70.5,Edell Shepherd,HST,13,0,59.8,55.5
2006,3529,3,79.4,21.3,1,HB,17,70.5,Chris Taylor,HST,1,0,49.4,65.5
2006,1272,5,61.2,,5,WR,11,64.7,Derrick Lewis,HST,6,0,55.5,55.0
2006,3196,5,61.2,,0,WR,6,64.7,David Anderson,HST,8,0,78.4,76.6
2007,1549,16,81.6,35.7,189,WR,498,79.2,Kevin Walter,HST,324,4,78.3,76.2
2007,3043,16,19.0,66.2,83,TE,472,64.9,Owen Daniels,HST,18,432,71.7,74.3
2007,1319,9,42.9,,61,WR,265,76.7,Andre Johnson,HST,211,0,90.2,89.3
2007,1054,14,29.1,,51,WR,362,56.4,Andre' Davis,HST,325,0,68.5,67.3
2007,2100,16,19.8,71.6,0,FB,174,52.9,Vonta Leach,HST,2,3,65.2,30.4
2007,3689,14,23.8,,74,WR,121,51.8,Jacoby Jones,HST,50,0,61.7,60.3
2007,589,13,80.2,75.1,0,HB,147,68.7,Ron Dayne,HST,2,0,56.2,62.1
2007,374,6,85.7,74.3,0,HB,88,64.7,Ahman Green,HST,7,0,66.4,57.5
2007,3196,6,71.9,,87,WR,126,79.4,David Anderson,HST,42,0,69.4,67.6
2007,4248,4,84.5,51.6,0,HB,81,80.0,Darius Walker,HST,8,0,60.3,66.1
2007,1174,7,68.8,66.3,12,TE,55,49.2,Jeb Putzier,HST,16,28,52.1,52.4
2007,904,5,74.6,74.6,3,FB,37,76.5,Jameel Cook,HST,6,0,58.6,63.8
2007,2415,11,67.0,80.3,1,TE,45,72.1,Joel Dreessen,HST,2,56,75.9,69.7
2007,1924,6,26.1,82.3,1,HB,26,68.3,Adimchinobe Echemandu,HST,4,0,58.9,53.9
2007,2331,2,61.2,,2,WR,11,64.7,Jerome Mathis,HST,9,0,65.4,65.0
2007,125,13,,72.7,2,TE,16,,Mark Bruener,HST,0,55,75.0,33.0
2008,1319,16,68.3,,157,WR,581,59.5,Andre Johnson,HST,445,1,88.2,85.9
2008,3043,16,29.1,66.2,72,TE,517,87.3,Owen Daniels,HST,7,521,78.8,77.5
2008,1549,16,80.9,74.6,210,WR,512,77.3,Kevin Walter,HST,310,14,74.4,72.3
2008,4403,16,66.5,64.0,6,HB,355,90.5,Steve Slaton,HST,32,0,70.3,72.2
2008,1054,12,72.3,,36,WR,150,63.2,Andre' Davis,HST,118,1,69.4,65.8
2008,3196,16,74.1,61.4,161,WR,191,57.1,David Anderson,HST,38,0,63.6,62.6
2008,2100,16,72.5,55.7,0,FB,172,45.7,Vonta Leach,HST,2,0,78.4,41.3
2008,374,8,86.0,70.5,0,HB,90,29.9,Ahman Green,HST,3,0,63.8,32.1
2008,2415,16,24.0,46.4,5,TE,131,78.7,Joel Dreessen,HST,3,168,58.4,45.0
2008,3689,6,67.4,,4,WR,16,36.8,Jacoby Jones,HST,12,0,65.3,67.3
2008,2294,4,79.4,78.7,0,HB,18,70.5,Ryan Moats,HST,1,0,54.7,60.6
2009,1319,16,58.5,69.9,98,WR,620,67.1,Andre Johnson,HST,534,3,87.9,85.8
2009,1549,14,80.3,19.0,68,WR,460,87.2,Kevin Walter,HST,399,7,68.3,67.6
2009,3043,8,44.0,49.7,24,TE,239,82.6,Owen Daniels,HST,9,236,80.9,88.5
2009,4403,11,22.9,44.0,7,HB,212,84.7,Steve Slaton,HST,29,0,60.6,78.2
2009,3196,16,77.7,70.1,245,WR,285,81.5,David Anderson,HST,48,2,69.2,67.2
2009,2415,16,76.0,72.4,34,TE,299,65.7,Joel Dreessen,HST,4,345,67.2,57.5
2009,3689,14,76.8,68.7,84,WR,181,36.4,Jacoby Jones,HST,100,2,76.3,75.2
2009,2100,16,74.4,30.1,0,FB,170,58.1,Vonta Leach,HST,2,0,56.4,53.3
2009,1407,14,62.3,58.2,2,HB,116,66.7,Chris Brown,HST,2,0,53.4,53.2
2009,2294,8,28.8,79.9,3,HB,72,80.0,Ryan Moats,HST,5,0,59.0,71.6
2009,5076,11,68.8,50.0,10,TE,84,74.6,James Casey,HST,4,79,64.0,58.6
2009,1054,12,69.5,68.7,26,WR,76,52.1,Andre' Davis,HST,52,2,55.7,55.5
2009,5398,4,49.5,56.3,0,HB,56,76.5,Arian Foster,HST,4,0,64.8,50.1
2009,5046,3,61.2,69.5,0,TE,4,64.7,Anthony Hill,HST,0,6,62.9,82.4
2010,1319,13,63.6,,130,WR,496,76.4,Andre Johnson,HST,391,3,84.9,84.1
2010,5398,16,75.7,62.4,4,HB,363,69.2,Arian Foster,HST,23,0,73.7,83.7
2010,3689,15,51.8,,158,WR,372,45.7,Jacoby Jones,HST,233,0,64.1,63.4
2010,1549,16,79.5,70.7,101,WR,495,86.9,Kevin Walter,HST,417,7,67.8,64.9
2010,3043,11,77.7,78.4,57,TE,327,56.1,Owen Daniels,HST,9,286,69.7,68.5
2010,2415,16,29.4,67.3,36,TE,298,72.9,Joel Dreessen,HST,9,361,74.5,70.9
2010,3196,9,71.5,,124,WR,148,44.2,David Anderson,HST,33,0,57.3,54.0
2010,5076,14,70.4,73.7,20,TE,80,55.7,James Casey,HST,11,60,64.9,58.9
2010,2100,16,70.4,54.6,0,FB,106,56.1,Vonta Leach,HST,0,1,75.3,55.3
2010,1949,13,83.2,44.9,0,HB,47,32.2,Derrick Ward,HST,3,0,73.4,38.3
2010,4403,5,77.3,78.2,1,HB,28,70.5,Steve Slaton,HST,1,0,66.2,59.9
2010,5750,4,,,2,WR,10,,Dorin Dickerson,HST,8,0,55.4,46.4
2011,3043,17,80.2,42.3,90,TE,456,82.4,Owen Daniels,HST,26,364,80.2,84.7
2011,1319,9,79.2,,33,WR,224,56.3,Andre Johnson,HST,198,0,87.2,87.0
2011,5398,15,40.1,76.8,10,HB,305,70.7,Arian Foster,HST,26,0,82.5,74.4
2011,1549,17,78.4,54.5,167,WR,399,60.0,Kevin Walter,HST,252,2,69.1,66.6
2011,3689,18,77.7,65.9,70,WR,413,49.8,Jacoby Jones,HST,361,1,63.7,61.3
2011,2415,18,76.1,77.9,28,TE,232,66.0,Joel Dreessen,HST,2,323,87.3,74.9
2011,271,12,74.1,,113,WR,207,29.2,Derrick Mason,HST,100,0,56.8,55.5
2011,5076,16,74.9,81.4,24,FB,147,83.2,James Casey,HST,23,51,73.5,77.4
2011,5583,17,36.0,68.2,3,HB,108,64.4,Ben Tate,HST,6,0,75.1,59.6
2011,1333,16,69.8,67.2,14,WR,83,74.6,Bryant Johnson,HST,73,0,66.0,60.8
2011,3125,12,68.3,83.3,0,FB,53,27.0,Lawrence Vickers,HST,0,0,62.1,28.7
2011,6706,1,,,4,WR,3,28.0,Jeff Maehl,HST,0,0,37.3,40.1
2011,1949,3,82.2,70.7,0,HB,14,,Derrick Ward,HST,2,0,73.8,52.0
2011,5642,4,61.2,69.1,0,TE,7,64.7,Garrett Graham,HST,0,9,69.9,75.9
2012,1319,18,85.0,,133,WR,622,75.7,Andre Johnson,HST,516,0,91.6,91.5
2012,3043,17,82.0,60.4,158,TE,512,56.9,Owen Daniels,HST,25,402,74.8,75.5
2012,1549,18,35.7,69.4,270,WR,530,77.8,Kevin Walter,HST,279,6,63.1,61.1
2012,5398,18,80.2,57.5,14,HB,429,48.5,Arian Foster,HST,44,0,75.4,52.5
2012,5076,18,78.0,80.2,65,FB,254,72.6,James Casey,HST,23,75,68.9,72.0
2012,5642,17,77.0,68.6,51,TE,253,69.5,Garrett Graham,HST,7,275,76.3,71.0
2012,7121,15,73.9,,43,WR,162,27.1,Keshawn Martin,HST,125,0,51.9,48.4
2012,7070,11,71.7,,23,WR,138,29.5,DeVier Posey,HST,120,1,55.5,55.2
2012,6705,15,69.5,,25,WR,98,32.6,Lestar Jean,HST,78,0,61.6,59.3
2012,5583,11,57.3,67.7,1,HB,50,78.7,Ben Tate,HST,2,0,80.1,71.2
2012,4547,9,84.4,63.5,1,HB,35,70.5,Justin Forsett,HST,3,0,90.5,80.5
2012,1811,18,81.2,,0,QB,0,,Matt Schaub,HST,0,0,73.1,
2013,1319,16,84.0,,150,WR,612,64.8,Andre Johnson,HST,483,2,89.4,88.7
2013,7808,16,38.5,,122,WR,629,79.7,DeAndre Hopkins,HST,528,2,68.7,69.0
2013,5642,13,24.3,58.1,129,TE,420,72.8,Garrett Graham,HST,19,339,64.1,64.0
2013,5583,14,29.9,59.5,9,HB,212,61.5,Ben Tate,HST,17,2,67.3,41.4
2013,3043,5,75.3,61.4,69,TE,206,62.7,Owen Daniels,HST,13,142,70.5,73.2
2013,7121,14,50.8,,213,WR,285,45.3,Keshawn Martin,HST,83,0,56.3,56.1
2013,5398,8,89.9,75.3,8,HB,158,40.4,Arian Foster,HST,19,0,73.6,52.1
2013,7982,13,74.4,47.8,33,TE,195,70.7,Ryan Griffin,HST,6,194,67.0,68.5
2013,7070,12,73.0,61.6,85,WR,165,81.1,DeVier Posey,HST,87,0,59.2,59.7
2013,1776,16,80.7,62.9,0,FB,93,73.4,Greg Jones II,HST,5,4,73.2,53.0
2013,8070,8,84.7,48.6,0,HB,49,54.9,Dennis Johnson,HST,4,0,59.2,59.8
2013,6705,8,67.0,,37,WR,65,42.1,Lestar Jean,HST,28,1,53.2,53.2
2013,7585,2,27.5,86.1,1,HB,27,74.6,Jonathan Grimes,HST,3,0,62.8,46.1
2013,5703,2,77.0,66.5,0,HB,18,64.7,Deji Karim,HST,0,0,77.1,55.9
2013,8380,1,69.4,72.4,0,HB,4,64.7,Ray Graham,HST,1,0,63.8,64.5
2014,1319,15,24.8,,95,WR,485,55.5,Andre Johnson,HST,417,2,75.3,74.2
2014,7808,16,28.6,83.2,174,WR,534,84.6,DeAndre Hopkins,HST,399,3,84.0,83.6
2014,5398,13,75.4,59.9,41,HB,269,56.1,Arian Foster,HST,33,0,71.7,63.8
2014,7530,16,47.8,,305,WR,338,32.7,Damaris Johnson,HST,47,0,54.4,53.7
2014,5642,11,74.4,65.3,153,TE,259,83.6,Garrett Graham,HST,16,155,57.4,54.6
2014,8816,16,90.6,33.9,6,HB,110,67.5,Alfred Blue,HST,13,0,55.1,60.7
2014,7982,14,71.5,65.0,70,TE,146,43.8,Ryan Griffin,HST,32,75,52.8,48.0
2014,7121,16,86.0,,50,WR,103,75.6,Keshawn Martin,HST,60,0,56.1,55.8
2014,7585,10,81.8,85.9,9,HB,91,74.6,Jonathan Grimes,HST,5,1,60.7,58.6
2014,8700,15,67.0,64.9,43,TE,108,72.1,C.J. Fiedorowicz,HST,6,136,50.1,49.1
2014,8845,13,61.2,69.1,0,FB,23,28.8,Jay Prosch,HST,12,1,68.5,43.5
2014,6163,4,65.8,,1,DI,4,70.5,J.J. Watt,HST,1,2,98.6,96.4
2014,7070,1,61.2,,1,WR,30,64.7,DeVier Posey,HST,32,0,58.8,59.9
2015,7808,17,61.4,66.2,111,WR,699,77.5,DeAndre Hopkins,HST,626,1,90.6,90.7
2015,2832,15,79.1,,191,WR,497,28.7,Nate Washington,HST,332,1,64.5,63.0
2015,6266,12,30.5,,353,WR,388,45.9,Cecil Shorts,HST,56,2,60.4,61.1
2015,7982,10,75.1,50.9,171,TE,244,30.2,Ryan Griffin,HST,30,63,55.0,54.8
2015,7585,14,85.8,84.4,15,HB,174,86.9,Jonathan Grimes,HST,7,0,63.0,69.9
2015,9608,13,36.2,,74,,219,36.0,Keith Mumphery,HST,156,0,48.4,47.6
2015,5398,4,58.1,81.4,23,HB,107,49.1,Arian Foster,HST,3,0,65.9,86.8
2015,8700,17,23.6,78.7,89,TE,217,62.3,C.J. Fiedorowicz,HST,37,182,62.6,48.5
2015,7532,15,88.1,52.2,16,HB,127,40.6,Chris Polk,HST,10,0,53.4,48.4
2015,9503,11,73.0,75.8,90,WR,178,65.9,Jaelen Strong,HST,96,4,64.8,64.0
2015,5642,8,68.0,65.9,103,TE,181,25.6,Garrett Graham,HST,38,67,40.2,37.8
2015,8816,15,67.4,75.7,5,HB,133,81.1,Alfred Blue,HST,15,0,60.9,58.4
2015,9839,8,78.5,72.4,7,HB,25,77.3,Akeem Hunt,HST,1,0,75.5,94.0
2015,10028,3,19.7,,22,WR,28,36.8,Chandler Worthy,HST,7,0,52.0,52.1
2015,8020,6,77.2,,6,WR,10,68.3,B.J. Daniels,HST,3,1,64.1,65.6
2015,6163,1,61.9,,0,DI,1,,J.J. Watt,HST,1,0,54.9,59.1
2015,10017,12,62.3,69.2,0,T,0,67.6,Kendall Lamm,HST,0,39,49.8,90.5
2016,7808,18,82.9,,161,WR,686,81.9,DeAndre Hopkins,HST,570,0,77.8,76.8
2016,10655,16,87.1,62.3,115,WR,584,53.5,Will Fuller V,HST,512,0,61.6,61.7
2016,8700,17,43.3,78.9,168,TE,324,51.1,C.J. Fiedorowicz,HST,20,207,78.5,78.5
2016,7982,18,40.0,65.0,220,TE,319,61.3,Ryan Griffin,HST,26,108,57.1,56.0
2016,7097,16,79.4,75.3,10,HB,283,89.7,Lamar Miller,HST,14,1,61.0,66.6
2016,10719,10,76.7,,161,WR,231,52.8,Braxton Miller,HST,80,0,50.8,50.9
2016,9503,8,72.7,,138,WR,191,64.7,Jaelen Strong,HST,64,0,55.1,53.7
2016,7585,11,81.1,74.9,6,HB,123,68.7,Jonathan Grimes,HST,5,0,69.4,66.1
2016,11160,15,71.5,,70,TE,91,60.2,Stephen Anderson,HST,17,11,62.8,60.2
2016,8816,15,46.3,74.5,0,HB,92,79.4,Alfred Blue,HST,4,0,64.3,62.4
2016,9608,12,71.5,61.6,154,,235,60.6,Keith Mumphery,HST,102,1,48.4,46.5
2016,11174,3,67.0,,2,WR,19,72.1,Wendall Williams,HST,18,0,87.4,84.4
2016,9839,10,23.7,83.3,4,HB,38,49.7,Akeem Hunt,HST,11,0,51.3,57.2
2016,10753,6,56.6,,8,HB,22,36.2,Tyler Ervin,HST,10,0,49.2,47.1
2016,8845,16,71.5,64.1,1,FB,33,64.7,Jay Prosch,HST,7,0,71.6,54.4
2016,7059,17,59.3,,0,QB,0,,Brock Osweiler,HST,0,0,51.7,
2017,7808,15,57.1,,99,WR,576,80.4,DeAndre Hopkins,HST,530,0,90.2,90.3
2017,7968,12,81.6,73.0,64,HB,249,66.3,Andre Ellington,HST,46,2,61.8,62.9
2017,11160,15,75.5,77.9,166,TE,291,42.9,Stephen Anderson,HST,19,140,59.1,59.7
2017,8741,11,29.8,,248,WR,328,57.0,Bruce Ellington,HST,109,2,57.0,55.9
2017,10655,10,80.3,,82,WR,300,56.1,Will Fuller V,HST,238,2,67.2,68.6
2017,7097,16,84.5,66.9,17,HB,336,90.1,Lamar Miller,HST,41,0,68.9,75.1
2017,10719,11,77.0,,100,WR,242,83.6,Braxton Miller,HST,167,1,55.2,54.9
2017,7982,7,73.2,64.4,65,TE,123,66.7,Ryan Griffin,HST,11,82,58.9,61.4
2017,8700,5,72.7,65.7,73,TE,110,49.8,C.J. Fiedorowicz,HST,14,42,59.8,58.7
2017,10753,3,80.3,20.7,40,WR,54,77.3,Tyler Ervin,HST,12,0,62.5,63.1
2017,8816,7,85.4,86.3,2,HB,63,75.6,Alfred Blue,HST,11,0,66.0,63.6
2017,11844,10,33.0,83.4,3,HB,47,74.6,D'Onta Foreman,HST,6,0,59.9,65.7
2017,7978,2,61.2,,5,WR,26,64.7,Cobi Hamilton,HST,23,0,56.5,56.4
2017,12330,7,29.2,,10,WR,61,45.8,Chris Thompson,HST,57,0,62.3,63.5
2017,9697,2,70.3,,50,WR,60,26.5,DeAndrew White,HST,12,0,46.0,45.5
2017,8845,13,67.0,79.0,1,FB,42,72.1,Jay Prosch,HST,7,0,60.0,60.8
2017,9115,1,61.2,,0,CB,1,64.7,Marcus Williams,HST,0,0,81.4,79.3
2017,11247,2,61.2,,3,TE,6,64.7,Ryan Malleck,HST,0,3,56.9,56.5
2018,7808,17,42.1,,144,WR,684,92.1,DeAndre Hopkins,HST,588,0,92.0,92.1
2018,5547,15,80.3,,164,WR,459,51.3,Demaryius Thomas,HST,329,2,71.5,71.3
2018,47698,7,78.5,62.4,167,WR,217,64.8,Keke Coutee,HST,60,0,68.0,68.8
2018,7982,15,75.7,55.2,251,TE,403,64.3,Ryan Griffin,HST,33,213,55.0,54.5
2018,7097,15,82.6,79.2,18,HB,313,80.4,Lamar Miller,HST,64,0,74.5,53.7
2018,10655,7,77.1,65.7,56,WR,225,89.0,Will Fuller V,HST,193,1,81.2,81.1
2018,47050,17,74.1,30.6,143,TE,211,83.2,Jordan Akins,HST,23,61,61.5,60.4
2018,8816,17,90.3,60.6,12,HB,215,72.8,Alfred Blue,HST,57,0,62.6,53.4
2018,9859,12,25.9,,118,WR,175,84.5,DeAndre Carter,HST,61,0,63.6,63.1
2018,42062,17,74.6,55.5,74,TE,160,71.3,Jordan Thomas,HST,7,162,53.5,72.2
2018,66957,7,68.0,,56,WR,172,29.2,Vyncint Smith,HST,126,0,53.0,51.9
2018,11844,2,18.7,79.1,1,HB,21,30.0,D'Onta Foreman,HST,2,0,31.0,43.9
2018,10753,5,85.1,68.4,26,HB,37,72.1,Tyler Ervin,HST,9,0,58.5,60.3
2018,5722,2,64.0,,17,WR,21,68.3,Joe Webb III,HST,6,0,53.3,53.2
2018,9520,2,61.2,,8,WR,21,64.7,Sammie Coates,HST,14,0,53.4,59.8
2019,7808,17,62.9,,272,WR,682,83.2,DeAndre Hopkins,HST,452,0,87.8,88.1
2019,10655,12,39.4,64.5,130,WR,387,48.1,Will Fuller V,HST,280,0,75.2,73.9
2019,9510,18,69.4,54.3,15,HB,403,86.9,Duke Johnson Jr.,HST,111,0,75.9,71.2
2019,7926,15,79.1,71.8,188,WR,463,70.5,Kenny Stills,HST,302,0,70.4,70.4
2019,8549,17,78.1,65.0,164,TE,395,35.9,Darren Fells,HST,16,323,56.6,60.4
2019,47050,16,77.7,61.7,178,TE,390,72.6,Jordan Akins,HST,73,163,55.1,56.2
2019,47698,9,26.0,,175,WR,230,40.4,Keke Coutee,HST,66,1,53.1,52.3
2019,8692,18,53.3,56.5,0,HB,244,65.6,Carlos Hyde,HST,48,1,74.2,49.0
2019,9859,10,26.1,,88,WR,161,63.2,DeAndre Carter,HST,81,0,59.1,57.8
2019,47508,2,64.0,,9,WR,51,68.3,Steven Mitchell Jr.,HST,45,0,52.9,56.6
2019,42062,7,64.0,25.1,14,TE,46,29.9,Jordan Thomas,HST,10,31,43.8,44.7
2019,6277,3,73.7,25.3,0,HB,9,70.5,Taiwan Jones,HST,2,0,83.0,94.1
2019,11767,17,37.4,60.9,0,QB,2,64.7,Deshaun Watson,HST,0,0,82.7,89.7
2020,8655,15,82.3,,173,WR,560,74.5,Brandin Cooks,HST,410,0,81.1,80.5
2020,10655,11,80.8,,99,WR,385,81.2,Will Fuller V,HST,307,0,86.2,85.0
2020,47050,13,77.8,37.1,185,TE,297,81.0,Jordan Akins,HST,35,81,71.8,74.6
2020,6216,10,77.9,,213,WR,268,81.3,Randall Cobb,HST,64,0,71.6,72.4
2020,9519,12,60.3,51.5,24,HB,333,51.7,David Johnson,HST,66,0,62.9,45.5
2020,47698,8,18.6,69.8,171,WR,218,70.8,Keke Coutee,HST,56,1,68.2,67.6
2020,9510,11,28.2,47.5,14,HB,204,76.3,Duke Johnson Jr.,HST,44,0,62.6,66.7
2020,8549,16,74.6,68.9,106,TE,243,84.1,Darren Fells,HST,8,199,69.5,66.1
2020,11896,5,73.9,,50,WR,200,55.9,Chad Hansen,HST,159,0,60.7,59.9
2020,12247,12,73.0,78.2,22,TE,110,81.1,Pharaoh Brown,HST,19,85,81.3,80.0
2020,47508,5,68.0,,27,WR,53,73.4,Steven Mitchell Jr.,HST,27,0,63.6,64.7
2020,48182,5,15.0,,10,WR,88,72.1,Damion Ratley,HST,84,0,48.8,51.3
2020,37213,6,65.8,,13,TE,46,36.2,Kahale Warring,HST,13,21,51.6,51.6
2020,10724,6,27.0,77.9,3,HB,29,74.6,C.J. Prosise,HST,4,0,46.3,62.3
2020,12888,5,76.0,73.4,1,HB,19,64.7,Buddy Howell,HST,4,0,63.4,52.6
2020,45691,2,77.6,,4,HB,13,64.7,Dontrell Hilliard,HST,0,0,71.3,53.7
2020,83711,1,73.3,,0,HB,2,64.7,Scottie Phillips,HST,0,0,61.2,64.4
2020,38844,2,61.2,,0,HB,2,64.7,Cullen Gillaspia,HST,0,0,62.9,65.1
2021,8655,16,83.1,,193,WR,528,82.5,Brandin Cooks,HST,370,0,77.4,77.3
2021,61441,14,77.1,,63,WR,361,70.3,Nico Collins,HST,320,0,65.6,65.1
2021,9519,13,61.9,34.4,10,HB,176,68.8,David Johnson,HST,40,0,60.4,70.6
2021,4717,8,26.9,,119,WR,155,85.7,Danny Amendola,HST,42,1,63.1,67.1
2021,9509,16,75.2,74.0,118,WR,335,60.3,Chris Conley,HST,245,1,60.5,60.4
2021,12247,15,25.3,44.4,36,TE,198,61.3,Pharaoh Brown,HST,7,234,48.0,46.0
2021,7971,16,72.3,45.3,9,HB,189,86.5,Rex Burkhead,HST,35,0,65.4,75.7
2021,47050,13,19.1,32.6,64,TE,200,62.5,Jordan Akins,HST,25,144,52.5,57.1
2021,77887,9,74.6,77.5,37,TE,149,84.1,Brevin Jordan,HST,8,116,66.6,69.3
2021,10741,10,74.6,72.6,89,WR,131,71.3,Chris Moore,HST,48,2,68.3,67.5
2021,9462,6,70.3,,28,WR,66,75.6,Phillip Dorsett,HST,42,0,62.9,63.4
2021,45747,12,84.4,58.9,4,HB,115,58.5,Royce Freeman,HST,22,0,58.0,49.3
2021,24606,16,69.5,43.1,6,TE,54,73.4,Antony Auclair,HST,3,91,55.7,60.4
2021,47297,2,72.3,,0,HB,10,36.8,Jaylen Samuels,HST,0,0,52.3,37.1
2021,83711,2,71.6,29.7,1,HB,9,68.3,Scottie Phillips,HST,0,0,49.4,61.9
2021,33158,2,61.2,,13,WR,17,64.7,Davion Davis,HST,5,0,60.9,60.6
2022,8655,13,80.6,,111,WR,427,57.2,Brandin Cooks,HST,337,1,72.3,71.9
2022,10741,16,79.5,70.0,302,WR,441,70.9,Chris Moore,HST,157,5,63.2,64.2
2022,61441,10,77.6,,30,WR,286,90.0,Nico Collins,HST,275,0,72.4,72.0
2022,47050,15,29.3,61.3,131,TE,303,81.8,Jordan Akins,HST,39,156,72.4,74.3
2022,7971,16,82.5,47.5,35,HB,189,81.5,Rex Burkhead,HST,19,0,59.1,61.9
2022,9462,15,74.9,,58,WR,288,59.2,Phillip Dorsett,HST,248,0,55.7,56.6
2022,83659,13,46.0,32.3,10,HB,192,50.6,Dameon Pierce,HST,12,0,78.9,55.4
2022,77887,11,72.7,55.3,52,TE,141,64.4,Brevin Jordan,HST,25,86,53.7,58.9
2022,12329,11,83.8,89.6,12,HB,100,84.5,Dare Ogunbowale,HST,11,0,65.0,67.8
2022,61212,13,24.3,,114,WR,162,68.0,Amari Rodgers,HST,57,1,62.1,64.1
2022,11774,13,71.1,47.5,16,TE,124,78.0,O.J. Howard,HST,12,133,56.2,62.6
2022,84036,9,69.5,55.4,31,TE,123,75.6,Teagan Quitoriano,HST,7,128,49.4,59.9
2022,45747,4,41.0,80.3,5,HB,32,74.6,Royce Freeman,HST,2,0,59.2,61.3
2022,65088,16,68.0,53.6,0,FB,33,45.8,Troy Hairston,HST,0,0,48.4,44.6
2022,12007,3,64.0,66.0,1,TE,23,68.3,Mason Schreck,HST,2,29,53.6,48.0
2022,10841,6,80.7,,0,QB,5,64.7,Jeff Driskel,HST,5,0,68.0,57.3
2022,34427,4,65.7,,0,WR,18,64.7,Tyron Billy-Johnson,HST,19,0,54.2,53.6
2022,40986,2,61.2,,3,WR,7,64.7,Jalen Camp,HST,5,0,67.0,67.8
2023,61441,17,83.3,,100,WR,470,83.5,Nico Collins,HST,396,1,91.4,91.2
2023,47304,17,45.4,61.1,175,TE,473,60.6,Dalton Schultz,HST,63,288,71.5,72.6
2023,7822,16,83.7,39.3,266,WR,448,59.9,Robert Woods,HST,202,2,60.7,61.0
2023,78874,11,85.5,,97,WR,320,64.5,Tank Dell,HST,237,0,83.4,83.3
2023,11993,11,77.6,66.9,129,WR,297,39.3,Noah Brown,HST,198,1,73.0,73.6
2023,40485,19,85.0,34.3,30,HB,329,81.8,Devin Singletary,HST,31,0,75.1,61.2
2023,97400,18,75.5,65.3,90,WR,214,46.6,John Metchie III,HST,136,0,57.8,58.6
2023,122518,16,74.7,,73,WR,190,63.2,Xavier Hutchinson,HST,127,0,47.3,47.2
2023,77887,15,73.9,61.9,47,TE,156,68.7,Brevin Jordan,HST,18,119,69.9,74.8
2023,83659,13,75.5,87.8,12,HB,111,64.4,Dameon Pierce,HST,10,0,65.9,63.3
2023,47121,17,24.5,63.6,25,FB,109,79.4,Andrew Beck,HST,13,69,50.7,48.8
2023,31615,9,23.7,14.5,17,HB,74,52.1,Mike Boone,HST,11,0,41.5,51.3
2023,12329,10,74.8,29.0,15,HB,85,70.5,Dare Ogunbowale,HST,5,0,46.6,49.8
2023,84036,7,64.0,59.4,3,TE,26,68.3,Teagan Quitoriano,HST,3,49,60.1,62.9
2023,11929,8,65.8,34.2,1,TE,26,70.5,Eric Saubert,HST,1,39,52.2,45.5
2023,48341,3,79.5,,0,WR,9,70.5,Steven Sims,HST,9,0,54.3,68.3
2023,129759,17,52.1,61.3,0,QB,1,,C.J. Stroud,HST,0,0,83.2,58.9
2024,9579,8,79.7,,152,WR,270,85.8,Stefon Diggs,HST,130,0,79.0,79.7
2024,78874,9,79.9,,80,WR,300,64.1,Tank Dell,HST,234,0,68.5,69.9
2024,47304,10,76.5,53.3,111,TE,311,87.6,Dalton Schultz,HST,38,212,61.4,60.9
2024,61441,5,77.0,62.4,30,WR,162,78.9,Nico Collins,HST,141,0,92.1,92.4
2024,11803,7,90.3,51.6,10,HB,111,66.7,Joe Mixon,HST,3,0,76.4,74.1
2024,12329,10,80.4,38.8,16,HB,133,66.7,Dare Ogunbowale,HST,8,0,58.8,63.6
2024,122518,10,70.1,,62,WR,166,54.9,Xavier Hutchinson,HST,116,0,56.0,55.6
2024,7822,8,81.1,67.4,48,WR,102,54.5,Robert Woods,HST,60,0,59.5,57.3
2024,97400,7,70.6,,45,WR,93,77.3,John Metchie III,HST,55,0,65.3,67.2
2024,101486,10,70.1,22.2,12,TE,91,35.3,Cade Stover,HST,12,89,50.7,46.2
2024,77887,2,64.0,59.0,2,TE,18,68.3,Brevin Jordan,HST,4,17,65.7,61.1
2024,25512,4,73.9,30.5,1,HB,17,29.9,J.J. Taylor,HST,2,0,59.5,36.8
2024,129759,10,65.8,,0,QB,3,,C.J. Stroud,HST,1,0,73.5,55.7
2024,83659,4,76.9,41.7,3,HB,19,64.7,Dameon Pierce,HST,1,0,74.8,53.7
2006,162,20,36.4,,21,WR,731,70.5,Marvin Harrison,IND,738,0,83.2,83.2
2006,800,20,58.6,,140,WR,729,59.1,Reggie Wayne,IND,617,0,89.1,88.9
2006,1340,16,79.3,70.8,402,TE,540,58.3,Dallas Clark,IND,11,164,74.0,68.7
2006,2975,20,71.1,86.3,1,HB,322,84.6,Joseph Addai,IND,1,0,80.1,89.5
2006,2199,19,31.5,58.0,9,TE,273,61.1,Ben Utecht,IND,2,419,70.3,65.5
2006,979,20,52.2,77.3,3,HB,245,76.3,Dominic Rhodes,IND,0,0,55.4,69.7
2006,1184,17,25.0,80.3,34,TE,148,50.0,Bryan Fletcher,IND,3,181,65.5,66.9
2006,1665,14,72.3,,8,WR,130,63.2,Aaron Moorehead,IND,125,0,57.2,56.8
2006,498,4,70.6,,54,WR,53,29.1,Brandon Stokley,IND,3,0,55.5,54.7
2006,11,2,65.8,,59,WR,57,70.5,Ricky Proehl,IND,0,0,53.4,52.4
2006,1429,3,64.0,76.1,0,DI,2,68.3,Dan Klecko,IND,0,0,79.2,90.5
2006,3144,7,,25.7,0,T,4,28.0,Charlie Johnson,IND,0,6,41.6,28.7
2007,800,17,26.8,,150,WR,590,79.2,Reggie Wayne,IND,462,0,91.6,91.5
2007,1340,16,81.1,62.8,323,TE,501,29.7,Dallas Clark,IND,35,180,76.6,72.0
2007,2975,16,91.4,70.8,5,HB,339,79.1,Joseph Addai,IND,4,0,79.6,72.8
2007,3648,14,78.3,,62,WR,300,51.8,Anthony Gonzalez,IND,252,0,77.1,76.4
2007,2199,15,17.9,59.1,35,TE,228,88.3,Ben Utecht,IND,2,283,73.0,75.2
2007,162,6,25.2,,7,WR,176,84.5,Marvin Harrison,IND,172,0,73.2,73.5
2007,1184,13,74.6,58.3,48,TE,178,84.1,Bryan Fletcher,IND,5,162,61.8,61.7
2007,4131,17,71.4,46.3,1,HB,131,26.7,Kenton Keith,IND,6,0,60.8,29.2
2007,1665,6,70.1,,14,WR,140,28.8,Aaron Moorehead,IND,134,0,52.9,49.6
2007,2333,4,71.9,,3,WR,77,79.4,Craphonso Thorpe,IND,79,0,68.1,68.0
2007,3178,7,70.6,,18,WR,104,57.0,Devin Aromashodu,IND,89,0,62.3,61.6
2007,3923,5,79.7,79.5,1,HB,31,29.9,Clifton Dawson,IND,1,0,51.1,42.6
2007,2099,7,72.2,82.7,0,FB,34,73.4,Luke Lawton,IND,4,0,56.7,61.3
2008,800,17,82.6,,224,WR,614,70.9,Reggie Wayne,IND,415,0,84.4,81.7
2008,1340,16,54.6,72.6,182,TE,483,60.3,Dallas Clark,IND,6,342,81.3,79.1
2008,162,16,45.8,,32,WR,597,60.4,Marvin Harrison,IND,590,0,65.4,63.9
2008,3648,17,80.6,,266,WR,465,58.8,Anthony Gonzalez,IND,218,0,70.3,68.2
2008,979,16,90.5,67.2,5,HB,232,70.3,Dominic Rhodes,IND,11,0,64.3,69.5
2008,2975,13,78.6,58.8,4,HB,215,41.2,Joseph Addai,IND,9,0,56.4,57.2
2008,4056,16,74.4,35.0,10,TE,150,58.1,Gijon Robinson,IND,1,215,70.6,58.8
2008,4510,5,71.1,13.5,3,TE,32,78.0,Tom Santi,IND,0,34,60.0,70.1
2008,3785,2,61.2,,9,WR,17,64.7,Roy Hall,IND,9,0,62.1,58.8
2008,4441,2,65.8,74.5,14,TE,31,70.5,Jacob Tamme,IND,0,24,66.2,61.7
2008,4519,4,67.0,,3,WR,36,72.1,Pierre Garcon,IND,33,0,60.1,59.9
2008,1131,2,74.4,69.6,0,HB,20,72.1,Najeh Davenport,IND,0,0,59.0,78.1
2008,4692,3,28.6,,0,HB,22,70.5,Chad Simpson,IND,0,0,54.1,59.2
2008,4516,2,18.0,,0,HB,5,64.7,Mike Hart,IND,0,0,42.3,26.2
2008,3144,17,62.3,60.7,0,G,0,67.6,Charlie Johnson,IND,0,0,75.5,39.1
2008,4808,1,22.9,,0,HB,11,64.7,Lance Ball,IND,0,0,52.3,56.8
2008,2758,5,,75.0,0,DI,3,,Darrell Reid,IND,0,0,80.0,55.6
2009,800,19,68.3,,100,WR,699,90.5,Reggie Wayne,IND,631,0,86.2,85.6
2009,1340,19,62.5,71.9,145,TE,604,64.4,Dallas Clark,IND,26,539,84.4,87.2
2009,4519,17,59.5,,32,WR,642,64.3,Pierre Garcon,IND,639,0,67.4,66.5
2009,5051,19,82.2,,536,WR,605,72.6,Austin Collie,IND,96,1,72.7,69.9
2009,2975,18,72.7,78.7,19,HB,387,70.8,Joseph Addai,IND,17,0,65.2,70.8
2009,4950,14,66.8,73.5,6,HB,116,81.1,Donald Brown,IND,3,0,55.6,71.7
2009,4056,16,70.6,61.0,5,TE,68,56.7,Gijon Robinson,IND,0,133,59.4,47.1
2009,3220,8,68.0,,13,WR,89,45.8,Hank Baskett,IND,79,0,55.9,56.9
2009,4510,3,18.7,22.9,1,TE,30,54.9,Tom Santi,IND,0,35,58.7,65.6
2009,4441,8,65.8,71.3,33,TE,47,70.5,Jacob Tamme,IND,5,9,49.9,49.2
2009,4516,8,81.0,79.4,2,HB,50,49.7,Mike Hart,IND,2,0,51.1,60.3
2009,4692,6,76.4,76.9,0,HB,20,70.5,Chad Simpson,IND,0,0,74.4,58.8
2009,4687,1,,,0,WR,20,,Samuel Giguere,IND,20,0,52.1,52.0
2009,5308,1,61.2,,5,TE,13,64.7,Colin Cloherty,IND,0,8,53.0,50.8
2010,800,17,61.0,72.6,114,WR,712,66.7,Reggie Wayne,IND,624,0,75.7,74.9
2010,4519,15,81.6,,43,WR,618,29.5,Pierre Garcon,IND,597,0,67.1,65.9
2010,4441,13,81.4,59.6,95,TE,374,58.9,Jacob Tamme,IND,22,299,79.5,81.7
2010,5051,9,42.2,66.1,249,WR,285,68.8,Austin Collie,IND,44,0,77.4,74.1
2010,5970,13,78.3,,274,WR,352,83.0,Blair White,IND,91,0,69.1,68.7
2010,1340,6,77.6,77.4,56,TE,222,55.4,Dallas Clark,IND,22,182,71.7,66.7
2010,4950,13,90.0,46.7,7,HB,211,47.8,Donald Brown,IND,7,0,54.7,46.5
2010,2975,9,60.6,74.0,5,HB,188,46.4,Joseph Addai,IND,9,0,64.7,51.8
2010,5965,2,68.8,,3,WR,35,29.7,Brandon James,IND,33,0,46.3,47.1
2010,5962,8,46.0,80.3,2,HB,74,77.3,Javarris James,IND,2,0,57.6,48.3
2010,5685,14,68.0,62.4,3,TE,67,45.8,Brody Eldridge,IND,0,120,54.5,39.4
2010,3648,2,68.0,,37,WR,43,73.4,Anthony Gonzalez,IND,8,0,63.8,62.6
2010,4516,5,82.9,80.1,1,HB,77,75.6,Mike Hart,IND,0,0,71.7,56.7
2010,4056,9,65.8,78.3,3,TE,27,70.5,Gijon Robinson,IND,2,43,50.9,58.5
2010,979,4,46.5,80.1,1,HB,45,29.9,Dominic Rhodes,IND,1,0,51.0,41.8
2011,4519,16,26.6,,16,WR,570,68.6,Pierre Garcon,IND,571,0,66.6,65.4
2011,800,16,81.6,,73,WR,577,88.2,Reggie Wayne,IND,521,0,76.3,76.2
2011,5051,16,79.7,64.5,427,WR,442,73.5,Austin Collie,IND,30,0,67.6,66.8
2011,1340,11,28.2,55.4,64,TE,293,29.0,Dallas Clark,IND,9,261,62.3,61.3
2011,4441,15,74.1,55.7,29,TE,185,83.2,Jacob Tamme,IND,1,162,64.9,63.8
2011,2975,12,70.8,67.1,4,HB,142,51.5,Joseph Addai,IND,5,0,65.4,51.9
2011,4950,13,90.0,79.5,3,HB,171,66.7,Donald Brown,IND,2,0,68.8,50.0
2011,5685,13,70.6,46.6,2,TE,45,57.0,Brody Eldridge,IND,0,98,56.4,53.5
2011,4460,13,70.3,48.6,1,FB,45,41.6,Jerome Felton,IND,1,0,60.6,46.3
2011,6271,13,28.3,49.3,1,HB,90,46.3,Delone Carter,IND,1,0,54.1,43.5
2011,5046,5,64.0,75.2,0,TE,6,68.3,Anthony Hill,IND,0,15,61.5,56.2
2011,3648,5,,,9,WR,25,28.0,Anthony Gonzalez,IND,16,0,43.9,44.0
2011,6660,5,61.2,76.9,0,FB,7,64.7,Ryan Mahaffey,IND,0,0,74.7,81.6
2012,800,17,68.5,56.9,479,WR,745,59.5,Reggie Wayne,IND,310,6,88.6,85.6
2012,4347,17,47.7,65.6,166,WR,703,28.3,Donnie Avery,IND,583,1,60.1,60.4
2012,7092,16,81.1,68.1,234,WR,526,28.5,T.Y. Hilton,IND,321,2,65.5,64.9
2012,7066,17,39.6,75.2,100,TE,396,78.8,Dwayne Allen,IND,14,392,85.9,77.6
2012,7038,13,76.4,58.7,27,TE,276,48.2,Coby Fleener,IND,19,266,66.3,60.7
2012,7162,17,47.5,72.0,22,HB,192,29.2,Vick Ballard,IND,23,0,71.4,55.4
2012,7191,15,71.9,,35,WR,174,31.6,LaVon Brazill,IND,150,0,57.6,58.1
2012,4950,10,88.8,49.5,10,HB,106,29.2,Donald Brown,IND,11,0,63.8,40.3
2012,1840,10,25.8,65.2,11,HB,76,29.8,Mewelde Moore,IND,9,0,56.0,59.7
2012,6557,3,64.0,,20,WR,70,68.3,Kris Adams,IND,55,0,53.8,52.4
2012,6496,9,64.0,60.9,2,TE,31,68.3,Weslye Saunders,IND,2,50,73.0,52.7
2012,7277,3,61.2,,7,WR,16,64.7,Nathan Palmer,IND,9,0,53.6,54.2
2012,6271,6,29.6,59.5,1,HB,17,29.9,Delone Carter,IND,1,0,72.6,25.9
2012,6564,5,64.6,78.0,0,FB,9,64.7,Robert Hughes,IND,1,0,63.1,58.7
2012,6988,4,61.2,71.9,0,TE,6,64.7,Dominique Jones,IND,0,6,65.9,56.3
2012,5051,1,61.2,,5,WR,12,64.7,Austin Collie,IND,8,0,54.5,55.0
2013,7092,18,87.2,,321,WR,621,70.4,T.Y. Hilton,IND,338,0,82.0,82.0
2013,7038,18,56.5,84.6,323,TE,556,85.0,Coby Fleener,IND,62,254,68.0,68.3
2013,4930,17,77.6,,67,WR,382,28.0,Darrius Heyward-Bey,IND,341,2,54.0,50.8
2013,800,7,78.4,70.2,193,WR,254,58.6,Reggie Wayne,IND,78,3,81.0,79.2
2013,7351,10,82.8,,142,WR,265,69.1,Griff Whalen,IND,135,0,73.1,71.0
2013,7009,18,54.5,71.0,7,HB,256,54.8,Trent Richardson,IND,33,0,62.6,61.5
2013,7191,12,87.4,,26,WR,251,55.6,LaVon Brazill,IND,234,0,64.7,63.3
2013,4950,18,73.5,65.5,3,HB,192,59.9,Donald Brown,IND,20,0,72.2,68.7
2013,8444,7,73.5,,19,WR,165,38.4,Da'Rick Rogers,IND,152,0,58.4,57.2
2013,6392,14,76.7,77.5,4,FB,117,57.8,Stanley Havili,IND,15,9,63.6,62.5
2013,4436,12,85.5,81.1,1,HB,45,29.2,Tashard Choice,IND,1,0,62.5,34.2
2013,6496,7,67.0,84.4,43,TE,65,28.6,Weslye Saunders,IND,4,31,49.6,49.5
2013,8520,14,68.8,81.8,28,TE,61,74.6,Jack Doyle,IND,7,43,52.3,46.4
2013,3866,3,82.0,89.0,3,HB,34,75.6,Ahmad Bradshaw,IND,6,0,66.1,62.5
2013,5679,5,83.4,,6,WR,47,68.3,David Reed,IND,43,0,49.9,50.1
2013,7066,1,61.2,73.0,2,TE,10,64.7,Dwayne Allen,IND,1,11,72.2,79.7
2013,6564,1,61.2,63.1,0,FB,3,64.7,Robert Hughes,IND,1,0,57.3,60.2
2013,3676,15,62.3,79.9,0,C,0,67.6,Samson Satele,IND,0,0,66.6,66.9
2013,8037,1,61.2,73.7,2,TE,3,64.7,Justice Cunningham,IND,0,0,68.9,59.8
2013,7179,1,90.5,69.8,0,HB,4,64.7,Dan Herron,IND,0,0,68.4,86.2
2013,7162,1,74.9,86.4,0,HB,12,64.7,Vick Ballard,IND,3,0,65.0,54.7
2014,7092,18,25.9,,280,WR,676,53.9,T.Y. Hilton,IND,435,1,83.2,82.1
2014,800,18,44.9,,420,WR,647,42.8,Reggie Wayne,IND,266,0,61.7,61.1
2014,7038,19,80.4,36.0,251,TE,556,48.8,Coby Fleener,IND,64,306,72.1,74.5
2014,4952,19,78.6,,38,WR,460,61.2,Hakeem Nicks,IND,453,0,62.2,61.9
2014,7066,16,29.9,78.0,164,TE,353,51.7,Dwayne Allen,IND,27,215,73.6,68.2
2014,8725,19,78.6,,84,WR,330,72.7,Donte Moncrief,IND,269,0,71.2,69.9
2014,7179,14,29.2,27.6,7,HB,199,67.6,Dan Herron,IND,25,0,62.5,58.3
2014,3866,10,29.4,75.1,9,HB,177,48.1,Ahmad Bradshaw,IND,17,0,75.5,70.3
2014,7009,16,62.0,88.9,5,HB,196,47.7,Trent Richardson,IND,16,0,61.3,56.2
2014,8520,19,75.8,77.8,23,TE,138,86.9,Jack Doyle,IND,13,91,73.6,66.7
2014,9164,5,87.3,30.6,2,HB,37,78.0,Zurlon Tipton,IND,2,0,61.5,82.7
2014,7351,5,26.6,,6,WR,18,70.5,Griff Whalen,IND,17,0,71.0,70.5
2014,8913,1,,,0,S,1,27.9,Dewey McDonald,IND,0,0,41.3,42.5
2014,6174,19,62.3,90.8,0,T,0,67.6,Anthony Castonzo,IND,0,2,84.4,29.8
2014,2544,1,28.6,,0,WR,4,64.7,Joshua Cribbs,IND,4,0,57.3,57.8
2015,7092,16,82.8,,179,WR,619,81.2,T.Y. Hilton,IND,474,1,78.9,77.8
2015,8725,16,81.1,,80,WR,531,66.7,Donte Moncrief,IND,482,0,72.1,71.2
2015,7038,16,79.9,75.7,239,TE,451,67.9,Coby Fleener,IND,46,235,64.5,61.3
2015,1319,16,78.4,,277,WR,464,45.3,Andre Johnson,IND,207,6,66.2,64.2
2015,2282,16,51.1,75.5,11,HB,291,45.6,Frank Gore,IND,42,0,61.6,52.0
2015,9462,11,77.2,,71,WR,148,69.0,Phillip Dorsett,IND,79,0,60.5,61.7
2015,7066,13,74.0,64.2,78,TE,194,82.2,Dwayne Allen,IND,16,172,57.1,53.1
2015,7351,12,19.9,,105,WR,112,84.1,Griff Whalen,IND,14,0,70.3,69.7
2015,8520,15,80.1,56.2,14,TE,74,81.4,Jack Doyle,IND,7,62,73.7,77.7
2015,3866,6,80.8,65.9,4,HB,91,29.9,Ahmad Bradshaw,IND,9,0,54.1,47.8
2015,7179,8,32.2,80.6,5,HB,46,77.3,Dan Herron,IND,4,0,61.2,67.2
2015,9164,6,72.6,27.7,1,HB,33,49.7,Zurlon Tipton,IND,10,0,54.5,53.9
2015,9638,5,19.5,59.1,2,HB,27,74.6,Josh Robinson,IND,4,0,40.5,59.3
2015,4789,16,61.9,78.0,0,T,1,,Joe Reitz,IND,0,8,73.0,60.0
2015,9712,3,73.5,80.2,1,HB,8,64.7,Tyler Varga,IND,2,1,69.2,67.8
2016,7092,16,83.9,,374,WR,615,54.8,T.Y. Hilton,IND,284,1,86.7,85.9
2016,8520,16,43.4,57.0,217,TE,371,77.0,Jack Doyle,IND,37,167,75.1,75.5
2016,9462,15,28.9,70.2,161,WR,525,51.7,Phillip Dorsett,IND,402,4,56.5,55.1
2016,8725,9,76.9,,73,WR,295,68.2,Donte Moncrief,IND,234,1,73.4,71.2
2016,7066,14,29.1,38.6,164,TE,295,72.0,Dwayne Allen,IND,24,180,64.6,66.0
2016,2282,16,75.1,58.9,11,HB,263,82.2,Frank Gore,IND,38,0,59.6,65.4
2016,7106,15,55.0,90.0,12,HB,166,54.2,Robert Turbin,IND,13,0,66.1,55.2
2016,10918,13,83.2,,69,WR,288,71.3,Chester Rogers,IND,246,0,59.2,61.8
2016,10907,10,79.9,22.2,8,HB,93,46.6,Josh Ferguson,IND,14,1,49.2,55.0
2016,9303,16,73.0,77.3,38,TE,95,51.2,Erik Swoope,IND,20,50,74.3,79.5
2016,8781,4,61.2,,20,WR,46,28.8,Devin Street,IND,28,0,46.7,47.9
2016,9700,3,80.4,,7,WR,23,70.5,Quan Bray,IND,18,0,57.3,59.6
2017,7092,16,25.5,,214,WR,555,69.0,T.Y. Hilton,IND,371,0,68.9,69.2
2017,8520,15,28.6,61.8,287,TE,454,74.0,Jack Doyle,IND,67,150,70.8,68.3
2017,8725,12,75.7,,66,WR,384,44.0,Donte Moncrief,IND,336,1,61.1,61.6
2017,6671,15,73.6,70.6,198,WR,354,26.5,Kamar Aiken,IND,170,4,47.0,44.8
2017,10918,11,81.3,62.2,114,WR,270,51.8,Chester Rogers,IND,170,0,58.1,59.4
2017,2282,16,63.4,72.6,7,HB,198,66.6,Frank Gore,IND,13,0,70.4,67.0
2017,11898,14,67.8,57.7,6,HB,161,38.5,Marlon Mack,IND,14,0,68.0,53.8
2017,10320,14,17.7,65.9,34,TE,75,52.1,Ross Travis,IND,19,26,57.6,57.4
2017,7876,14,72.3,59.2,32,TE,80,63.2,Brandon Williams,IND,3,86,57.8,64.0
2017,12122,12,65.8,43.0,35,TE,72,36.8,Darrell Daniels,IND,5,38,45.7,43.3
2017,7106,6,79.2,69.4,8,HB,69,78.0,Robert Turbin,IND,7,0,70.6,71.2
2017,10907,3,73.4,54.0,1,HB,24,36.2,Josh Ferguson,IND,0,0,49.9,38.4
2017,9700,6,44.0,,21,WR,33,70.5,Quan Bray,IND,14,0,60.5,61.0
2017,11349,5,,,1,WR,8,,K.J. Brent,IND,8,0,53.5,53.3
2018,7092,16,82.9,,169,WR,573,81.5,T.Y. Hilton,IND,442,0,87.6,87.0
2018,8645,18,50.9,72.6,326,TE,520,54.7,Eric Ebron,IND,100,135,66.2,70.5
2018,10918,17,90.1,,434,WR,455,36.4,Chester Rogers,IND,41,1,63.1,62.9
2018,48103,18,71.7,70.1,35,HB,371,66.1,Nyheim Hines,IND,69,2,70.9,75.2
2018,8777,14,77.6,66.5,51,WR,396,63.4,Ryan Grant,IND,370,1,59.1,57.7
2018,12303,18,82.3,45.6,128,WR,306,77.8,Zach Pascal,IND,196,5,59.1,56.8
2018,6597,11,77.4,,98,WR,277,71.6,Dontrelle Inman,IND,196,0,72.3,70.6
2018,8520,6,26.2,74.4,77,TE,159,74.9,Jack Doyle,IND,16,85,72.5,66.7
2018,11898,14,71.2,29.6,2,HB,214,46.4,Marlon Mack,IND,2,0,69.5,33.0
2018,26618,15,31.6,76.2,5,HB,102,81.7,Jordan Wilkins,IND,5,0,64.2,38.9
2018,12078,11,70.1,72.6,17,TE,62,35.7,Mo Alie-Cox,IND,5,75,69.1,73.1
2018,9303,7,70.1,72.5,24,TE,52,76.5,Erik Swoope,IND,4,29,72.1,74.2
2018,11074,5,70.9,,14,WR,65,49.2,Marcus Johnson,IND,53,0,61.1,61.4
2018,7007,18,90.2,,0,QB,2,64.7,Andrew Luck,IND,1,0,91.2,80.0
2018,7106,2,16.6,69.2,1,HB,15,64.7,Robert Turbin,IND,0,0,41.0,55.7
2018,10652,14,,75.1,0,C,0,67.6,Ryan Kelly,IND,0,0,74.3,57.5
2018,10790,3,68.2,76.2,0,HB,10,64.7,Jonathan Williams,IND,0,0,58.9,56.5
2018,9107,13,61.2,79.9,7,TE,42,64.7,Ryan Hewitt,IND,6,50,55.8,50.4
2019,12303,16,81.4,76.2,163,WR,418,74.8,Zach Pascal,IND,283,2,73.7,71.4
2019,8520,16,34.1,78.3,167,TE,366,77.0,Jack Doyle,IND,48,211,69.2,65.7
2019,7092,10,78.6,,85,WR,276,76.5,T.Y. Hilton,IND,213,0,75.1,75.4
2019,48103,16,67.6,47.6,31,HB,223,49.2,Nyheim Hines,IND,37,3,63.3,63.4
2019,8645,11,76.8,59.4,144,TE,211,33.8,Eric Ebron,IND,47,42,71.1,69.4
2019,11074,8,74.2,,31,WR,236,30.0,Marcus Johnson,IND,218,0,59.8,59.0
2019,10918,11,49.9,74.0,212,WR,224,28.5,Chester Rogers,IND,29,1,50.5,52.1
2019,47940,7,16.6,,59,WR,119,68.7,Parris Campbell,IND,65,0,54.7,54.0
2019,6597,7,71.9,,64,WR,127,31.3,Dontrelle Inman,IND,72,0,62.9,63.5
2019,11898,14,91.1,24.4,8,HB,177,49.6,Marlon Mack,IND,5,0,69.5,43.5
2019,12078,16,70.1,70.3,11,TE,86,76.5,Mo Alie-Cox,IND,8,108,67.3,59.8
2019,26618,13,83.7,28.4,7,HB,85,32.2,Jordan Wilkins,IND,4,0,69.8,40.4
2019,9474,1,65.8,,1,WR,21,70.5,Devin Funchess,IND,20,0,68.9,68.1
2019,10790,5,82.9,19.8,4,HB,34,73.4,Jonathan Williams,IND,2,0,87.3,91.6
2019,91479,9,71.3,,25,WR,46,72.1,Ashton Dulin,IND,25,0,59.3,59.2
2019,10725,15,55.6,61.3,0,QB,0,,Jacoby Brissett,IND,0,0,59.2,
2019,11853,1,,,0,WR,5,,Chad Williams,IND,5,0,54.4,55.4
2020,7092,16,80.4,,92,WR,472,63.9,T.Y. Hilton,IND,412,0,75.9,75.2
2020,48103,17,90.9,28.9,27,HB,284,79.5,Nyheim Hines,IND,50,3,82.4,91.7
2020,12303,17,79.8,66.2,410,WR,514,56.7,Zach Pascal,IND,129,7,62.9,62.3
2020,29049,14,37.0,,109,WR,412,61.5,Michael Pittman Jr.,IND,322,0,62.8,62.3
2020,9185,14,77.7,79.0,133,TE,235,59.5,Trey Burton,IND,42,77,69.9,66.0
2020,57488,16,85.8,19.4,9,HB,219,64.8,Jonathan Taylor,IND,2,0,80.7,65.1
2020,8520,15,25.6,77.7,99,TE,247,88.0,Jack Doyle,IND,22,153,73.7,67.9
2020,12078,16,28.4,81.8,59,TE,204,80.1,Mo Alie-Cox,IND,38,143,80.9,79.0
2020,11074,9,72.7,,21,WR,178,50.1,Marcus Johnson,IND,167,0,63.0,63.3
2020,26618,13,87.2,52.1,2,HB,67,61.8,Jordan Wilkins,IND,5,0,67.8,62.4
2020,84418,8,74.9,,41,WR,54,78.7,De'Michael Harris,IND,13,0,71.4,70.0
2020,47940,2,70.6,,41,WR,40,74.6,Parris Campbell,IND,2,0,72.8,73.4
2020,91479,12,21.6,68.5,14,WR,32,70.5,Ashton Dulin,IND,19,1,57.2,61.4
2020,11898,1,70.6,,0,HB,7,70.5,Marlon Mack,IND,0,0,72.6,76.2
2020,48181,5,64.0,,6,WR,34,68.3,Daurice Fountain,IND,29,0,61.1,61.0
2020,47282,3,,69.2,8,TE,15,27.9,Noah Togiai,IND,1,6,48.2,38.2
2021,29049,17,57.1,66.3,113,WR,555,77.6,Michael Pittman Jr.,IND,488,1,78.0,79.9
2021,12303,16,29.9,,411,WR,494,64.3,Zach Pascal,IND,106,15,52.7,52.5
2021,48103,17,73.0,47.1,60,HB,204,66.9,Nyheim Hines,IND,35,2,72.7,74.3
2021,57488,17,62.6,31.2,8,HB,292,66.2,Jonathan Taylor,IND,9,0,87.1,62.5
2021,8520,16,77.3,68.3,126,TE,264,58.0,Jack Doyle,IND,26,167,71.2,65.8
2021,12078,17,26.2,64.0,122,TE,247,64.1,Mo Alie-Cox,IND,21,160,66.4,59.4
2021,7092,10,75.1,,47,WR,223,84.9,T.Y. Hilton,IND,191,0,70.1,69.3
2021,91479,17,77.8,,28,WR,117,48.3,Ashton Dulin,IND,100,1,59.9,61.4
2021,47940,6,71.1,,12,WR,120,41.1,Parris Campbell,IND,118,0,62.5,63.0
2021,40630,16,71.5,72.4,50,TE,94,78.7,Kylen Granson,IND,20,38,58.7,60.0
2021,11898,5,79.5,82.2,0,HB,21,68.3,Marlon Mack,IND,0,0,56.4,57.8
2021,48329,7,64.0,,4,WR,29,68.3,Dezmon Patmon,IND,25,0,65.2,62.5
2021,143358,5,64.0,,2,WR,38,68.3,Mike Strachan,IND,38,0,61.7,60.9
2021,47698,2,61.2,,23,WR,19,64.7,Keke Coutee,IND,1,0,51.4,51.7
2021,47339,7,61.2,46.0,0,C,1,64.7,Danny Pinter,IND,0,3,74.7,61.8
2022,29049,16,34.3,,183,WR,641,81.4,Michael Pittman Jr.,IND,490,1,70.6,70.3
2022,47940,17,81.3,,521,WR,603,71.3,Parris Campbell,IND,113,1,60.8,61.2
2022,78038,16,29.9,,34,WR,478,51.5,Alec Pierce,IND,467,0,61.3,61.1
2022,40630,13,28.8,47.8,133,TE,231,61.3,Kylen Granson,IND,27,97,58.5,65.1
2022,60509,15,26.2,33.1,87,TE,207,64.1,Jelani Woods,IND,46,92,64.9,68.0
2022,57189,12,61.2,53.1,3,HB,142,77.3,Deon Jackson,IND,18,0,62.9,69.3
2022,57488,11,53.6,28.5,8,HB,256,67.3,Jonathan Taylor,IND,11,0,67.6,57.7
2022,12078,17,23.9,65.7,107,TE,275,69.6,Mo Alie-Cox,IND,32,181,48.2,48.0
2022,91479,12,73.9,67.1,59,WR,120,81.1,Ashton Dulin,IND,69,3,71.6,69.6
2022,40341,11,64.9,62.3,3,HB,97,60.2,Zack Moss,IND,4,0,71.1,50.7
2022,143358,13,65.8,,5,WR,76,70.5,Mike Strachan,IND,73,0,61.7,60.1
2022,26618,3,76.0,59.5,2,HB,21,49.2,Jordan Wilkins,IND,2,0,59.1,52.2
2022,12660,3,77.2,68.8,0,HB,31,74.6,Phillip Lindsay,IND,3,0,64.3,60.3
2022,48329,1,64.0,,5,WR,15,29.9,Dezmon Patmon,IND,11,0,55.4,55.3
2022,47698,2,30.0,,2,WR,2,64.7,Keke Coutee,IND,0,0,37.5,43.9
2023,29049,16,60.4,75.1,155,WR,565,89.2,Michael Pittman Jr.,IND,439,12,77.7,80.0
2023,122832,17,84.6,,418,WR,483,87.4,Josh Downs,IND,91,1,70.3,71.0
2023,78038,17,77.0,66.3,85,WR,605,69.5,Alec Pierce,IND,564,0,58.1,56.6
2023,40630,15,76.7,63.8,136,TE,290,48.7,Kylen Granson,IND,34,146,56.8,59.3
2023,40341,14,90.6,60.4,12,HB,233,29.8,Zack Moss,IND,18,0,66.9,43.9
2023,57488,10,77.3,57.1,12,HB,178,71.3,Jonathan Taylor,IND,27,0,74.9,63.8
2023,77888,12,23.6,13.8,79,TE,128,82.7,Will Mallory,IND,17,37,66.9,66.6
2023,12078,17,72.7,56.7,25,TE,155,49.6,Mo Alie-Cox,IND,4,174,60.8,58.4
2023,138351,12,71.1,80.1,48,TE,131,58.9,Andrew Ogletree,IND,7,103,66.2,62.3
2023,11927,12,57.4,,46,WR,55,60.2,Isaiah McKenzie,IND,10,0,64.7,66.4
2023,101659,6,76.0,73.4,2,HB,32,29.8,Tyler Goodson,IND,4,0,57.3,41.5
2023,55003,6,65.8,,18,WR,62,36.2,D.J. Montgomery,IND,48,0,60.6,58.4
2023,57372,8,80.9,69.4,2,HB,43,26.5,Trey Sermon,IND,2,0,56.6,27.7
2023,61212,2,,,3,WR,21,27.9,Amari Rodgers,IND,18,0,44.0,45.2
2023,97302,1,66.2,,0,HB,5,68.3,Evan Hull,IND,0,0,65.7,64.6
2023,38275,3,,65.7,2,WR,10,,Juwann Winfree,IND,9,0,52.8,54.5
2023,45835,1,66.7,36.0,1,HB,8,64.7,Jake Funk,IND,0,0,63.5,66.5
2024,122832,8,83.3,,184,WR,205,76.3,Josh Downs,IND,29,0,84.3,84.3
2024,29049,9,76.5,66.1,67,WR,269,67.3,Michael Pittman Jr.,IND,216,1,66.7,67.0
2024,78038,10,75.7,68.1,58,WR,288,54.0,Alec Pierce,IND,251,0,73.0,73.8
2024,146712,10,25.0,,39,WR,134,56.9,Adonai Mitchell,IND,105,0,59.2,60.8
2024,57488,7,71.3,32.7,4,HB,130,49.6,Jonathan Taylor,IND,9,0,56.4,43.8
2024,101659,6,80.8,22.0,8,HB,62,58.5,Tyler Goodson,IND,8,0,59.5,53.0
2024,12078,10,69.5,75.5,29,TE,97,75.6,Mo Alie-Cox,IND,0,120,68.3,60.9
2024,57372,10,83.1,53.6,1,HB,80,78.7,Trey Sermon,IND,7,0,57.7,60.4
2024,40630,10,69.5,77.6,65,TE,124,75.6,Kylen Granson,IND,12,59,53.7,52.2
2024,138351,10,68.8,74.6,23,TE,58,74.6,Andrew Ogletree,IND,8,65,72.1,59.6
2024,91479,10,73.2,70.4,28,WR,52,70.5,Ashton Dulin,IND,27,3,58.7,59.6
2024,77888,7,65.8,,41,TE,57,70.5,Will Mallory,IND,11,7,48.4,51.6
2006,1730,16,43.7,62.3,204,WR,434,40.6,Reggie Williams,JAX,250,1,65.7,65.0
2006,2238,14,31.6,,35,WR,286,66.8,Matt Jones,JAX,258,0,76.3,78.0
2006,1841,16,29.1,62.3,51,WR,426,72.6,Ernest Wilford,JAX,394,0,69.4,67.3
2006,1417,16,78.0,75.1,44,TE,338,57.3,George Wrighster,JAX,16,318,66.1,61.3
2006,3005,16,78.9,63.9,2,HB,237,76.8,Maurice Jones-Drew,JAX,2,0,75.8,79.6
2006,333,15,56.8,64.7,0,HB,123,52.7,Fred Taylor,JAX,0,0,80.3,57.5
2006,2973,14,72.3,78.9,15,TE,122,63.2,Marcedes Lewis,JAX,7,117,65.1,61.5
2006,1618,12,68.8,,16,WR,91,74.6,Cortez Hankton,JAX,83,0,57.1,56.2
2006,118,16,68.0,74.8,1,TE,86,45.8,Kyle Brady,JAX,0,186,77.0,42.1
2006,2848,12,68.3,80.5,0,FB,38,72.1,Derrick Wimbush,JAX,1,1,55.3,59.7
2006,2344,4,77.1,79.0,0,HB,12,68.3,Alvin Pearman,JAX,0,0,59.4,68.8
2006,2402,1,,,2,WR,3,28.0,Chad Owens,JAX,1,0,34.3,40.0
2007,605,17,80.2,,185,WR,362,71.0,Dennis Northcutt,JAX,191,0,74.5,76.1
2007,1841,18,79.2,,71,WR,431,86.2,Ernest Wilford,JAX,376,0,77.0,75.6
2007,2973,18,78.5,74.1,50,TE,342,60.4,Marcedes Lewis,JAX,3,397,77.1,73.1
2007,1730,17,20.1,,54,WR,354,75.0,Reggie Williams,JAX,307,6,73.3,72.4
2007,3005,17,67.3,82.3,6,HB,269,71.0,Maurice Jones-Drew,JAX,14,0,81.2,79.1
2007,2238,14,75.9,,50,WR,183,36.2,Matt Jones,JAX,141,0,75.0,75.5
2007,1417,11,73.9,37.3,13,TE,120,55.6,George Wrighster,JAX,11,111,65.1,61.7
2007,1776,18,82.5,73.2,3,FB,169,61.8,Greg Jones II,JAX,8,6,80.2,58.1
2007,3597,9,70.6,80.1,5,TE,55,38.7,Greg Estandia,JAX,2,63,68.8,70.2
2007,333,17,72.5,67.6,0,HB,153,41.1,Fred Taylor,JAX,1,0,90.8,44.1
2007,1548,7,70.1,58.0,7,TE,81,54.5,Richard Angulo,JAX,2,96,56.3,49.2
2007,3845,8,67.0,,7,WR,54,42.1,John Broussard,JAX,51,0,69.9,68.6
2007,3515,7,64.0,76.3,1,TE,16,68.3,Isaac Smolko,JAX,3,19,63.8,48.9
2007,1443,1,75.3,77.4,1,HB,13,64.7,LaBrandon Toefield,JAX,0,0,52.7,56.4
2007,2402,1,,,9,WR,16,,Chad Owens,JAX,7,0,51.0,52.2
2008,2238,12,56.5,,38,WR,421,54.9,Matt Jones,JAX,399,0,77.9,76.8
2008,3005,16,39.6,65.6,4,HB,331,66.4,Maurice Jones-Drew,JAX,12,0,59.6,72.7
2008,605,14,48.0,,219,WR,288,62.0,Dennis Northcutt,JAX,78,0,72.9,71.9
2008,2973,16,78.4,63.6,148,TE,481,27.6,Marcedes Lewis,JAX,8,393,63.5,48.0
2008,1730,15,78.2,,67,WR,366,50.0,Reggie Williams,JAX,318,0,60.6,58.1
2008,3695,9,73.9,61.4,36,WR,148,31.9,Mike Sims-Walker,JAX,124,0,63.0,61.3
2008,617,10,72.3,,74,WR,215,28.9,Jerry Porter,JAX,153,0,57.3,54.4
2008,333,13,75.0,64.3,3,HB,118,52.8,Fred Taylor,JAX,2,0,61.2,37.3
2008,1776,12,73.3,71.1,0,FB,96,63.2,Greg Jones II,JAX,0,1,88.1,65.6
2008,2224,8,69.8,,20,WR,77,49.2,Troy Williamson,JAX,62,0,57.6,57.0
2008,3597,16,23.4,74.7,41,TE,101,58.9,Greg Estandia,JAX,17,52,58.8,54.1
2008,1548,15,70.1,30.5,8,TE,112,54.5,Richard Angulo,JAX,6,133,59.2,43.9
2008,1417,5,64.0,73.9,6,TE,19,68.3,George Wrighster,JAX,1,9,67.0,70.0
2008,3452,7,66.2,75.8,0,FB,7,68.3,Montell Owens,JAX,0,0,59.3,53.1
2008,1109,16,62.7,,0,QB,0,,David Garrard,JAX,0,0,76.3,
2008,2344,1,61.2,,0,HB,1,64.7,Alvin Pearman,JAX,0,0,66.2,81.5
2008,4527,2,70.0,,0,HB,5,68.3,Chauncey Washington,JAX,0,0,66.2,63.4
2009,3695,15,26.6,68.8,88,WR,498,84.6,Mike Sims-Walker,JAX,432,1,75.4,74.0
2009,441,15,39.2,,30,WR,481,80.0,Torry Holt,JAX,473,0,70.8,69.9
2009,3005,16,80.5,87.0,4,HB,333,88.4,Maurice Jones-Drew,JAX,13,0,74.5,81.9
2009,5030,14,81.1,,219,WR,281,85.4,Mike Thomas,JAX,75,0,70.2,71.5
2009,2973,15,37.3,70.8,47,TE,311,43.4,Marcedes Lewis,JAX,10,364,86.0,71.5
2009,5104,13,75.2,75.5,44,TE,107,60.3,Zach Miller,JAX,19,38,66.4,68.0
2009,5174,15,82.4,73.1,0,HB,88,81.7,Rashad Jennings,JAX,1,0,59.8,69.2
2009,1841,15,71.5,41.8,67,TE,165,60.2,Ernest Wilford,JAX,11,108,56.9,52.7
2009,4902,7,68.0,,47,WR,118,45.8,Nate Hughes,JAX,72,0,48.3,46.0
2009,1776,13,71.6,75.7,0,FB,92,45.8,Greg Jones II,JAX,0,2,56.7,43.7
2009,5068,6,68.8,,33,WR,49,74.6,Jarett Dillard,JAX,18,0,76.1,75.2
2009,2224,2,14.2,,1,WR,37,70.5,Troy Williamson,JAX,36,0,45.0,44.8
2009,3452,4,65.2,74.4,0,FB,6,27.9,Montell Owens,JAX,0,0,49.1,27.1
2009,5264,3,,76.1,0,FB,15,,Brock Bolen,JAX,2,0,47.3,52.8
2009,5302,1,61.2,70.0,0,TE,2,64.7,Zach Potter,JAX,0,4,53.3,59.8
2010,5030,16,82.6,,317,WR,468,73.6,Mike Thomas,JAX,173,0,73.9,72.7
2010,2973,16,25.8,73.7,126,TE,328,63.0,Marcedes Lewis,JAX,23,301,89.9,78.8
2010,3695,14,46.0,,42,WR,385,53.4,Mike Sims-Walker,JAX,366,0,73.1,72.0
2010,3005,14,68.8,73.5,4,HB,235,79.4,Maurice Jones-Drew,JAX,4,0,72.1,76.2
2010,5174,13,88.0,56.2,3,HB,164,66.0,Rashad Jennings,JAX,1,0,62.1,65.2
2010,5104,15,75.1,74.3,60,TE,158,83.6,Zach Miller,JAX,31,55,67.1,62.6
2010,5177,10,70.1,,15,WR,200,28.8,Tiquan Underwood,JAX,193,0,48.9,47.9
2010,3692,7,71.5,,20,WR,142,78.7,Jason Hill,JAX,129,0,64.4,64.1
2010,1676,15,68.8,,14,WR,126,74.6,Kassim Osgood,JAX,115,2,63.1,60.0
2010,1776,16,73.2,52.8,4,FB,96,78.7,Greg Jones II,JAX,8,8,77.3,55.9
2010,5703,5,33.7,63.7,0,HB,24,36.8,Deji Karim,JAX,0,0,50.1,39.1
2010,5302,11,67.0,75.1,1,TE,33,42.1,Zach Potter,JAX,5,40,63.8,53.1
2010,1841,2,64.0,,16,TE,20,68.3,Ernest Wilford,JAX,2,3,51.9,52.5
2010,5264,4,61.2,73.0,0,FB,15,64.7,Brock Bolen,JAX,12,0,71.4,64.1
2010,5306,2,,,5,WR,8,,John Matthews,JAX,3,0,54.1,54.2
2011,5030,15,79.4,,285,WR,414,61.5,Mike Thomas,JAX,148,1,61.6,61.0
2011,2973,15,77.9,74.3,119,TE,336,38.0,Marcedes Lewis,JAX,19,283,76.9,66.2
2011,3005,16,58.3,79.1,20,HB,302,68.2,Maurice Jones-Drew,JAX,13,0,74.5,62.8
2011,3692,10,75.9,62.3,18,WR,262,45.2,Jason Hill,JAX,263,0,65.1,64.7
2011,5068,13,76.3,,93,WR,321,47.8,Jarett Dillard,JAX,244,0,59.1,58.5
2011,3695,6,72.3,,43,WR,197,47.7,Mike Sims-Walker,JAX,166,0,56.4,55.6
2011,5944,12,72.7,,8,WR,131,80.6,Chastin West,JAX,126,0,67.2,68.2
2011,5703,12,85.1,53.2,5,HB,76,36.0,Deji Karim,JAX,5,0,57.2,48.7
2011,6266,9,64.0,65.5,20,WR,118,27.3,Cecil Shorts,JAX,103,0,46.6,47.1
2011,1676,11,68.0,62.3,18,WR,56,46.3,Kassim Osgood,JAX,42,1,61.4,58.4
2011,5308,4,67.0,73.3,22,TE,40,41.6,Colin Cloherty,JAX,0,22,67.2,60.2
2011,4959,6,65.8,,12,WR,93,70.5,Brian Robiskie,JAX,83,0,55.6,51.1
2011,5104,3,67.0,68.8,10,TE,39,72.1,Zach Miller,JAX,8,24,68.7,65.8
2011,1776,16,69.4,72.9,4,FB,81,72.1,Greg Jones II,JAX,2,5,74.8,51.3
2011,5302,14,68.0,75.1,18,TE,80,45.8,Zach Potter,JAX,5,93,61.9,41.4
2011,5614,5,64.0,,1,WR,25,68.3,Taylor Price,JAX,27,0,60.8,60.4
2011,5264,13,67.8,25.2,1,FB,46,68.3,Brock Bolen,JAX,17,4,58.2,48.7
2011,3452,6,73.9,41.8,1,HB,13,68.3,Montell Owens,JAX,0,0,68.0,54.7
2011,4425,2,,66.5,0,TE,8,,Martin Rucker,JAX,5,4,50.1,43.0
2011,3074,15,62.3,55.5,0,T,2,67.6,Guy Whimper,JAX,0,2,69.8,88.5
2011,6595,5,74.1,79.0,0,HB,25,64.7,DuJuan Harris,JAX,1,0,61.0,52.7
2011,6603,2,,,1,WR,13,,Jamar Newsome,JAX,12,0,53.9,52.6
2012,7011,16,27.0,34.9,314,WR,637,50.4,Justin Blackmon,JAX,367,2,65.7,64.3
2012,6266,14,41.3,,22,WR,422,43.3,Cecil Shorts,JAX,431,3,75.3,74.9
2012,2973,16,79.6,73.0,204,TE,389,52.8,Marcedes Lewis,JAX,39,231,78.9,71.0
2012,3691,7,25.9,,12,WR,185,42.9,Laurent Robinson,JAX,187,0,57.6,56.6
2012,5608,6,75.3,66.7,181,WR,185,62.3,Jordan Shipley,JAX,16,0,63.1,61.4
2012,5174,10,29.7,67.0,16,HB,119,59.5,Rashad Jennings,JAX,4,1,59.6,64.7
2012,3005,5,64.0,85.5,3,HB,101,49.8,Maurice Jones-Drew,JAX,4,0,65.8,49.9
2012,1776,12,74.1,79.8,18,FB,56,43.5,Greg Jones II,JAX,1,1,67.7,44.4
2012,3452,10,82.7,72.3,6,HB,111,57.0,Montell Owens,JAX,6,4,75.2,62.6
2012,4490,9,81.8,76.9,8,HB,65,52.1,Jalen Parmele,JAX,0,3,56.5,52.3
2012,7215,4,65.8,,3,WR,90,36.8,Toney Clemons,JAX,92,0,53.0,52.8
2012,5302,16,65.8,78.4,24,TE,53,36.8,Zach Potter,JAX,3,50,49.0,41.7
2012,5821,1,76.7,62.4,2,HB,23,70.5,Keith Toston,JAX,0,0,67.7,70.8
2012,3074,14,64.0,48.5,0,T,3,68.3,Guy Whimper,JAX,0,20,59.4,93.8
2012,7585,2,67.8,75.9,0,HB,3,68.3,Jonathan Grimes,JAX,0,0,67.4,67.0
2012,6493,1,61.2,68.7,1,TE,3,64.7,Allen Reisner,JAX,0,3,81.0,85.1
2012,6602,5,78.2,65.5,5,HB,28,,Richard Murphy,JAX,2,2,61.9,48.1
2012,3719,2,61.2,68.2,2,TE,4,64.7,Isaiah Stanback,JAX,0,3,83.3,57.3
2012,6335,1,68.2,,0,HB,3,64.7,Jordan Todman,JAX,0,0,59.0,61.5
2012,4371,10,62.1,,0,QB,0,,Chad Henne,JAX,0,0,53.1,
2012,7698,2,,61.6,7,WR,12,27.9,Mike Brown,JAX,6,0,41.6,43.8
2012,5226,4,61.2,28.1,1,FB,12,64.7,Will Ta'ufo'ou,JAX,1,1,58.3,55.5
2013,6266,13,80.9,,86,WR,471,38.6,Cecil Shorts,JAX,410,1,72.0,70.7
2013,7883,15,87.5,,281,WR,433,73.2,Ace Sanders,JAX,155,0,61.9,61.4
2013,3005,15,84.7,93.1,14,HB,266,76.3,Maurice Jones-Drew,JAX,22,0,73.0,68.8
2013,7698,11,20.9,,144,WR,361,50.8,Mike Brown,JAX,233,1,56.9,56.0
2013,2973,10,25.9,78.6,63,TE,262,43.3,Marcedes Lewis,JAX,16,281,66.6,64.6
2013,7011,4,76.6,,71,WR,158,66.8,Justin Blackmon,JAX,92,0,71.9,71.4
2013,5648,16,18.7,74.8,43,TE,185,73.5,Clay Harbor,JAX,26,155,63.2,64.5
2013,6760,8,76.8,,58,WR,196,60.5,Kerry Taylor,JAX,143,1,65.0,64.4
2013,6335,14,89.6,68.3,11,HB,136,40.3,Jordan Todman,JAX,19,0,57.9,45.8
2013,4547,9,25.7,79.2,5,HB,56,81.1,Justin Forsett,JAX,8,0,64.2,53.8
2013,5226,16,80.0,46.1,1,FB,79,58.9,Will Ta'ufo'ou,JAX,8,7,61.2,52.5
2013,6388,4,74.1,,18,WR,85,54.5,Stephen Burton,JAX,71,0,56.9,57.7
2013,6493,5,68.0,63.0,13,TE,109,45.8,Allen Reisner,JAX,9,119,46.3,36.1
2013,7219,5,65.8,,29,WR,45,70.5,Jeremy Ebert,JAX,19,0,52.2,50.5
2013,5880,5,,,5,WR,29,28.0,Stephen Williams,JAX,26,0,43.8,45.6
2013,7445,8,64.0,78.5,1,TE,18,30.0,Danny Noble,JAX,1,23,64.5,57.2
2013,8315,2,64.0,,2,WR,5,68.3,Lamaar Thomas,JAX,3,0,88.1,83.3
2013,627,16,61.2,79.2,0,C,1,64.7,Brad Meester,JAX,0,1,67.1,85.1
2013,7917,12,16.4,79.6,5,HB,20,27.9,Denard Robinson,JAX,6,0,29.5,40.2
2014,6266,13,25.5,,95,WR,476,47.9,Cecil Shorts,JAX,409,3,62.4,61.7
2014,8931,16,79.5,,349,WR,516,45.4,Allen Hurns,JAX,190,2,62.0,61.4
2014,8696,10,79.1,,45,WR,335,85.8,Allen Robinson II,JAX,312,0,69.4,68.2
2014,8674,13,78.3,,149,WR,330,39.5,Marqise Lee,JAX,199,0,61.4,61.1
2014,6335,16,88.5,83.3,3,HB,173,53.5,Jordan Todman,JAX,17,0,66.6,52.0
2014,5648,13,75.9,49.6,15,TE,233,65.0,Clay Harbor,JAX,14,273,65.3,59.5
2014,7917,13,56.8,68.6,6,HB,132,61.3,Denard Robinson,JAX,7,0,55.9,61.1
2014,2973,8,73.9,72.7,15,TE,222,43.8,Marcedes Lewis,JAX,12,254,57.1,51.7
2014,5576,14,67.7,58.7,1,HB,126,70.5,Toby Gerhart,JAX,9,0,48.3,66.9
2014,7698,5,24.3,62.5,29,WR,84,27.1,Mike Brown,JAX,57,0,48.6,48.7
2014,5226,16,69.5,52.5,1,FB,60,75.6,Will Ta'ufo'ou,JAX,2,2,69.6,64.8
2014,7883,11,85.6,,38,WR,43,54.5,Ace Sanders,JAX,5,1,56.4,55.9
2014,5737,3,,78.6,0,TE,44,,Mickey Shuler,JAX,2,60,42.1,40.0
2014,8946,11,64.0,36.5,2,TE,44,68.3,Nic Jacobs,JAX,2,64,55.1,60.2
2014,8856,6,79.8,28.0,0,HB,18,64.7,Storm Johnson,JAX,1,0,55.4,54.3
2014,8936,1,61.2,0.0,0,TE,11,64.7,Marcel Jensen,JAX,0,17,38.6,48.2
2014,7185,2,,,4,WR,6,,Tommy Streeter,JAX,2,0,54.1,55.2
2015,8696,16,82.2,,103,WR,645,58.6,Allen Robinson II,JAX,579,0,84.0,83.8
2015,8931,15,46.3,70.1,229,WR,578,73.6,Allen Hurns,JAX,376,6,78.8,78.6
2015,6281,12,79.2,71.1,184,TE,378,43.5,Julius Thomas,JAX,77,153,63.2,62.7
2015,9469,12,90.6,63.2,13,HB,287,72.2,T.J. Yeldon,JAX,14,0,69.4,65.7
2015,6139,11,82.9,65.6,187,WR,245,78.9,Bryan Walters,JAX,71,0,75.2,74.9
2015,9572,9,83.6,66.3,98,WR,125,33.5,Rashad Greene Sr.,JAX,35,1,56.3,56.0
2015,2973,16,73.6,77.4,65,TE,254,54.5,Marcedes Lewis,JAX,13,324,67.0,58.5
2015,8674,10,75.3,,24,WR,171,40.1,Marqise Lee,JAX,158,1,61.6,62.9
2015,7917,11,26.3,69.0,4,HB,132,47.8,Denard Robinson,JAX,9,1,56.1,58.3
2015,5648,15,73.0,75.0,45,TE,133,65.6,Clay Harbor,JAX,11,98,59.6,58.7
2015,7393,7,82.8,89.2,3,HB,59,52.1,Jonas Gray,JAX,4,0,78.7,55.8
2015,7085,4,72.0,54.6,2,HB,19,70.5,Bernard Pierce,JAX,0,0,59.3,59.3
2015,5576,4,77.6,79.4,2,HB,43,70.5,Toby Gerhart,JAX,2,0,55.3,54.7
2015,9827,5,24.3,,2,HB,9,29.9,Corey Grant,JAX,3,0,30.5,42.3
2015,8946,10,61.2,70.7,1,TE,12,28.8,Nic Jacobs,JAX,0,27,47.7,31.0
2015,5535,4,64.0,,0,DI,5,68.3,Tyson Alualu,JAX,0,0,70.3,84.3
2016,8696,16,49.3,,153,WR,665,44.0,Allen Robinson II,JAX,558,0,69.8,68.6
2016,8674,16,85.8,,59,WR,550,66.8,Marqise Lee,JAX,528,1,71.9,70.8
2016,8931,11,28.7,72.0,317,WR,420,30.0,Allen Hurns,JAX,130,7,57.1,56.9
2016,9469,15,60.5,63.7,3,HB,305,79.6,T.J. Yeldon,JAX,18,19,66.1,69.4
2016,6281,9,76.8,45.1,109,TE,296,69.0,Julius Thomas,JAX,44,186,61.8,63.2
2016,6139,10,50.0,,198,WR,220,73.5,Bryan Walters,JAX,32,0,62.9,63.2
2016,2973,10,74.4,71.3,34,TE,121,83.6,Marcedes Lewis,JAX,7,126,66.2,69.1
2016,6007,11,24.8,54.1,1,HB,140,70.5,Chris Ivory,JAX,8,6,53.3,66.0
2016,9662,12,74.1,76.2,34,TE,147,69.9,Ben Koyack,JAX,10,144,61.9,56.5
2016,9653,6,71.9,77.1,33,TE,95,62.1,Neal Sterling,JAX,8,77,59.0,63.0
2016,5564,12,71.8,,5,WR,51,29.2,Arrelious Benn,JAX,45,5,64.6,62.2
2016,9572,6,82.4,,38,WR,44,73.4,Rashad Greene Sr.,JAX,9,0,56.2,56.0
2016,7917,6,82.0,35.9,0,HB,39,36.2,Denard Robinson,JAX,2,0,56.2,44.4
2016,11326,6,65.8,74.2,10,TE,45,36.2,Alex Ellis,JAX,1,43,49.0,39.6
2016,9827,6,83.4,64.8,0,HB,53,72.1,Corey Grant,JAX,0,0,67.1,60.3
2016,9780,4,64.6,,9,WR,20,64.7,Shane Wynn,JAX,7,1,58.7,59.2
2016,8638,16,56.4,,0,QB,1,64.7,Blake Bortles,JAX,0,0,56.9,90.7
2016,9018,2,61.2,61.6,4,WR,14,64.7,Tony Washington,JAX,11,0,62.6,62.4
2017,8674,17,83.6,,67,WR,495,43.3,Marqise Lee,JAX,451,2,76.0,75.1
2017,51593,19,24.7,,181,WR,504,69.9,Keelan Cole Sr.,JAX,353,0,74.0,72.0
2017,8931,13,78.8,65.7,302,WR,373,77.1,Allen Hurns,JAX,89,1,73.9,72.7
2017,11865,10,28.9,,37,WR,308,52.5,Dede Westbrook,JAX,285,0,62.1,61.2
2017,11759,16,84.0,38.0,5,HB,267,68.3,Leonard Fournette,JAX,10,1,62.4,71.8
2017,2973,19,76.6,68.1,132,TE,428,58.7,Marcedes Lewis,JAX,30,369,67.5,58.9
2017,9469,12,34.9,46.3,2,HB,149,61.9,T.J. Yeldon,JAX,5,3,64.0,77.4
2017,6007,13,51.5,61.9,0,HB,119,73.0,Chris Ivory,JAX,1,2,58.5,81.5
2017,9606,19,73.3,73.2,65,TE,136,66.7,James O'Shaughnessy,JAX,12,66,66.5,66.2
2017,7997,19,74.0,52.2,0,FB,61,54.9,Tommy Bohanon,JAX,5,9,69.1,69.1
2017,11371,8,84.9,,62,WR,67,49.2,Jaydon Mickens,JAX,12,0,56.7,59.7
2017,9662,19,70.1,53.5,32,TE,119,54.5,Ben Koyack,JAX,5,121,56.0,48.3
2017,9827,10,52.7,69.0,3,HB,15,74.6,Corey Grant,JAX,2,0,92.0,92.5
2017,9503,2,65.8,,2,WR,41,70.5,Jaelen Strong,JAX,44,0,64.9,62.7
2017,5564,7,61.2,,2,WR,19,28.8,Arrelious Benn,JAX,17,0,54.7,53.6
2017,8696,1,61.2,,0,WR,1,64.7,Allen Robinson II,JAX,1,0,88.3,79.1
2017,9930,3,61.2,,0,WR,4,64.7,Larry Pinkard,JAX,3,0,57.7,57.6
2018,11865,16,43.8,61.6,511,WR,554,63.4,Dede Westbrook,JAX,65,0,71.3,70.0
2018,8725,16,50.9,,41,WR,546,64.4,Donte Moncrief,JAX,526,0,62.3,62.4
2018,9469,14,72.4,48.2,5,HB,310,41.7,T.J. Yeldon,JAX,9,1,56.0,56.3
2018,51593,16,22.1,61.6,104,WR,473,33.0,Keelan Cole Sr.,JAX,383,3,59.4,59.3
2018,9606,14,75.3,49.1,92,TE,278,73.5,James O'Shaughnessy,JAX,29,190,60.1,53.6
2018,47702,11,25.9,72.4,27,WR,193,28.1,DJ Chark Jr.,JAX,171,0,52.4,51.6
2018,11759,8,90.1,37.4,1,HB,99,72.1,Leonard Fournette,JAX,2,0,70.9,77.8
2018,8673,5,71.9,63.2,27,TE,118,62.1,Austin Seferian-Jenkins,JAX,8,103,69.1,62.7
2018,8692,14,62.1,33.1,3,HB,149,47.7,Carlos Hyde,JAX,1,3,50.4,41.4
2018,6307,5,72.6,27.1,28,TE,67,58.9,Niles Paul,JAX,8,35,55.2,56.3
2018,9827,5,77.0,73.7,7,HB,43,77.3,Corey Grant,JAX,2,0,67.9,86.7
2018,9550,10,71.1,79.5,28,TE,109,76.5,Blake Bell,JAX,10,85,55.8,54.3
2018,9572,8,15.6,,39,WR,62,52.5,Rashad Greene Sr.,JAX,27,0,44.3,45.3
2018,11148,3,68.8,20.1,15,TE,45,49.2,David Grinnage,JAX,4,28,49.2,53.7
2018,7997,14,70.9,81.5,0,FB,29,74.6,Tommy Bohanon,JAX,1,2,53.8,69.2
2018,4387,2,71.6,74.1,0,HB,11,30.0,Jamaal Charles,JAX,0,0,48.8,32.0
2019,47702,15,82.5,,157,WR,595,89.8,DJ Chark Jr.,JAX,480,2,75.2,75.8
2019,11865,15,67.8,,492,WR,550,74.8,Dede Westbrook,JAX,102,1,63.5,63.9
2019,11759,15,87.8,33.6,12,HB,483,71.9,Leonard Fournette,JAX,30,0,64.0,65.4
2019,9509,16,79.2,67.9,73,WR,584,43.8,Chris Conley,JAX,555,1,62.7,62.0
2019,51593,16,77.2,,143,WR,258,62.3,Keelan Cole Sr.,JAX,131,1,66.5,68.2
2019,45810,14,82.1,43.0,2,HB,89,36.3,Ryquell Armstead,JAX,3,0,55.4,48.1
2019,9606,5,73.0,77.8,55,TE,113,81.1,James O'Shaughnessy,JAX,7,68,62.5,66.3
2019,10772,12,72.3,82.4,57,TE,148,80.0,Seth DeValve,JAX,17,79,57.9,62.9
2019,9627,12,21.4,87.5,61,TE,138,63.2,Nick O'Leary,JAX,27,94,51.6,48.2
2019,9679,6,72.3,48.1,66,TE,93,80.0,Geoff Swaim,JAX,5,45,46.5,48.4
2019,47083,4,65.8,,36,TE,84,36.2,Josh Oliver,JAX,12,38,42.9,41.4
2019,45903,4,73.7,25.4,0,HB,16,36.8,Devine Ozigbo,JAX,1,0,54.4,43.8
2019,8674,6,67.4,,15,WR,38,70.5,Marqise Lee,JAX,23,2,67.7,61.7
2019,48213,3,20.5,,6,WR,8,68.3,Michael Walker,JAX,1,0,67.2,66.1
2019,12088,3,64.0,,2,WR,18,30.0,C.J. Board,JAX,17,0,54.3,54.0
2019,9662,11,65.8,78.7,16,TE,62,70.5,Ben Koyack,JAX,9,80,55.7,48.2
2019,47186,3,61.2,14.3,1,TE,4,64.7,Charles Jones II,JAX,1,3,52.4,58.7
2019,8458,2,61.2,63.8,0,S,1,64.7,Cody Davis,JAX,0,0,74.0,90.3
2020,47702,13,79.6,,120,WR,477,59.5,DJ Chark Jr.,JAX,377,0,71.3,71.2
2020,51593,16,84.7,66.6,413,WR,576,61.3,Keelan Cole Sr.,JAX,185,3,64.4,63.7
2020,61220,14,82.7,,111,WR,388,75.7,Laviska Shenault Jr.,JAX,277,4,71.5,71.8
2020,9509,15,29.7,,87,WR,306,50.7,Chris Conley,JAX,225,3,70.1,68.3
2020,22425,14,72.2,43.3,5,HB,286,71.7,James Robinson,JAX,26,0,72.9,64.1
2020,7802,15,77.4,48.8,219,TE,380,89.7,Tyler Eifert,JAX,57,141,62.2,61.3
2020,9606,15,76.1,61.0,72,TE,218,76.3,James O'Shaughnessy,JAX,24,168,57.7,63.5
2020,47808,14,74.1,,53,WR,170,69.6,Collin Johnson,JAX,126,1,73.4,71.7
2020,7936,8,76.7,28.1,6,HB,127,70.7,Chris Thompson,JAX,23,0,54.9,58.4
2020,12329,10,80.9,52.0,4,HB,121,60.2,Dare Ogunbowale,JAX,11,4,58.8,55.1
2020,45903,6,71.3,38.6,1,HB,21,77.3,Devine Ozigbo,JAX,3,2,69.4,81.5
2020,47946,3,67.4,,20,WR,40,36.2,Terry Godwin II,JAX,20,0,55.2,55.5
2020,11929,7,65.8,21.3,6,TE,27,70.5,Eric Saubert,JAX,6,27,49.2,51.4
2020,27766,7,64.0,80.8,7,TE,28,29.9,Ben Ellefson,JAX,3,38,55.0,52.9
2020,47743,4,,72.5,11,TE,22,,Tyler Davis,JAX,3,12,40.9,42.1
2020,6363,6,65.3,35.3,0,FB,13,28.8,Bruce Miller,JAX,2,2,34.2,39.7
2020,11865,1,21.7,,7,WR,11,64.7,Dede Westbrook,JAX,6,0,53.7,54.2
2020,94383,1,64.6,74.4,0,HB,1,64.7,Craig Reynolds,JAX,0,0,58.5,65.3
2020,41401,9,52.6,,0,QB,1,,Gardner Minshew,JAX,1,0,67.8,59.8
2021,7158,17,81.6,76.4,192,WR,625,82.2,Marvin Jones Jr.,JAX,473,2,68.3,70.4
2021,61220,16,50.9,77.7,283,WR,454,36.4,Laviska Shenault Jr.,JAX,196,2,63.7,62.6
2021,10657,12,77.1,75.2,75,WR,286,79.4,Laquon Treadwell,JAX,234,1,72.0,69.9
2021,51842,11,29.2,32.2,179,TE,254,72.0,Dan Arnold,JAX,37,63,62.5,68.5
2021,22425,14,35.4,53.0,9,HB,261,53.4,James Robinson,JAX,35,0,67.4,41.8
2021,7789,13,77.3,,107,WR,206,62.3,Tavon Austin,JAX,103,1,60.2,59.3
2021,11920,10,64.1,,136,WR,182,41.6,Jamal Agnew,JAX,56,0,65.6,62.8
2021,9606,7,75.5,73.7,109,TE,178,74.2,James O'Shaughnessy,JAX,18,66,62.8,63.4
2021,47702,4,69.5,,14,WR,110,31.8,DJ Chark Jr.,JAX,105,0,65.9,64.1
2021,12329,12,82.8,17.8,14,HB,107,33.8,Dare Ogunbowale,JAX,11,1,45.2,43.4
2021,8692,12,32.9,45.7,3,HB,159,45.7,Carlos Hyde,JAX,21,7,53.8,41.9
2021,12051,7,70.6,61.3,58,TE,95,56.7,Jacob Hollister,JAX,9,39,51.0,51.0
2021,42353,14,17.7,66.2,50,TE,101,31.8,Luke Farrell,JAX,9,61,48.0,39.3
2021,10211,17,68.8,64.2,14,TE,97,74.6,Chris Manhertz,JAX,12,147,62.6,52.0
2021,45810,2,76.4,,0,HB,13,36.2,Ryquell Armstead,JAX,1,0,58.8,44.8
2021,11371,4,26.1,,3,WR,9,68.3,Jaydon Mickens,JAX,8,0,63.3,64.6
2021,9470,1,,,1,WR,6,,Devin Smith,JAX,7,0,55.3,56.0
2021,83684,1,69.7,,0,HB,1,27.9,Mekhi Sargent,JAX,0,0,43.4,25.9
2022,47546,19,85.2,62.3,562,WR,707,65.9,Christian Kirk,JAX,174,2,72.9,75.3
2022,11792,18,83.6,75.6,239,WR,667,59.4,Zay Jones,JAX,467,0,66.5,67.1
2022,11778,19,82.8,59.4,280,TE,614,76.2,Evan Engram,JAX,157,229,67.6,68.3
2022,7158,18,79.3,67.4,79,WR,555,58.1,Marvin Jones Jr.,JAX,502,0,59.8,60.0
2022,57185,19,52.7,45.6,18,HB,369,66.8,Travis Etienne Jr.,JAX,30,0,76.7,56.7
2022,11920,16,70.0,68.8,59,WR,101,55.1,Jamal Agnew,JAX,48,0,67.6,64.1
2022,25582,17,84.6,71.2,13,HB,149,47.8,JaMycal Hasty,JAX,24,0,71.3,64.1
2022,41193,10,86.1,61.7,30,HB,200,82.7,Darrell Henderson,JAX,28,0,57.7,49.6
2022,51842,18,71.5,27.7,28,TE,67,60.2,Dan Arnold,JAX,12,36,60.1,66.5
2022,10211,19,70.1,80.5,2,TE,92,49.2,Chris Manhertz,JAX,2,149,56.4,38.9
2022,42353,12,67.0,78.7,4,TE,16,72.1,Luke Farrell,JAX,2,21,70.6,82.6
2022,61669,15,65.8,,15,WR,61,36.8,Tim Jones,JAX,50,1,50.8,49.6
2023,11778,17,27.2,61.8,367,TE,617,81.0,Evan Engram,JAX,134,174,71.6,73.2
2023,48262,17,54.8,,128,WR,647,62.1,Calvin Ridley,JAX,560,0,71.4,72.2
2023,47546,12,26.7,75.7,291,WR,380,68.2,Christian Kirk,JAX,114,0,71.1,72.7
2023,57185,17,91.3,52.2,27,HB,404,63.6,Travis Etienne Jr.,JAX,44,0,77.0,69.3
2023,11792,9,77.1,66.2,94,WR,307,79.4,Zay Jones,JAX,231,0,61.2,61.5
2023,11920,10,51.9,,78,WR,150,80.6,Jamal Agnew,JAX,78,0,59.9,62.5
2023,129799,7,34.4,,141,WR,177,66.7,Parker Washington,JAX,45,0,51.1,53.4
2023,61669,16,71.5,81.0,67,WR,184,78.7,Tim Jones,JAX,126,4,52.0,51.8
2023,42353,17,72.7,67.6,32,TE,114,80.6,Luke Farrell,JAX,3,129,58.1,68.4
2023,45734,14,83.6,43.7,9,HB,108,78.0,D'Ernest Johnson,JAX,16,0,57.5,65.7
2023,101694,14,68.0,55.8,49,TE,85,73.4,Brenton Strange,JAX,14,55,48.6,50.7
2023,123974,11,26.9,32.1,2,HB,39,25.9,Tank Bigsby,JAX,7,0,52.3,24.7
2023,61501,9,65.8,,10,WR,55,36.2,Elijah Cooks,JAX,46,0,53.0,54.0
2024,146760,10,78.6,,71,WR,273,57.5,Brian Thomas Jr.,JAX,215,0,78.4,79.0
2024,47546,8,76.1,,188,WR,220,56.1,Christian Kirk,JAX,42,0,67.9,68.2
2024,11778,6,28.0,82.7,68,TE,149,78.9,Evan Engram,JAX,32,64,73.4,70.0
2024,55410,9,23.9,55.6,45,WR,235,56.9,Gabe Davis,JAX,200,1,53.1,55.5
2024,101694,10,74.4,69.1,75,TE,143,58.3,Brenton Strange,JAX,20,69,65.3,64.3
2024,57185,8,59.6,17.7,2,HB,123,58.1,Travis Etienne Jr.,JAX,8,0,59.1,60.9
2024,129799,10,27.6,,46,WR,144,38.4,Parker Washington,JAX,105,0,52.7,53.3
2024,45734,9,79.9,20.5,4,HB,89,76.5,D'Ernest Johnson,JAX,4,0,63.4,62.0
2024,42353,10,70.1,82.4,4,TE,54,54.5,Luke Farrell,JAX,1,81,60.0,49.1
2024,123974,9,28.2,35.1,0,HB,73,36.2,Tank Bigsby,JAX,8,0,75.4,42.3
2024,61669,8,66.8,64.9,15,WR,42,68.3,Tim Jones,JAX,31,1,51.5,56.2
2024,52195,1,15.8,,15,WR,23,68.3,Austin Trammell,JAX,9,0,64.9,65.0
2024,47034,3,64.0,81.5,4,TE,13,68.3,Josiah Deguara,JAX,6,6,49.3,54.1
2024,40006,5,81.9,,11,WR,17,64.7,Devin Duvernay,JAX,7,1,59.3,52.8
2006,237,16,51.1,65.6,143,TE,452,73.0,Tony Gonzalez,KC,39,326,91.2,90.8
2006,161,17,80.4,,97,WR,487,66.8,Eddie Kennison,KC,404,1,73.4,73.7
2006,1343,17,86.3,72.0,5,HB,355,40.6,Larry Johnson,KC,3,0,57.0,53.7
2006,1826,17,78.9,,90,WR,472,59.1,Samie Parker,KC,398,0,65.7,64.6
2006,677,16,77.2,62.4,153,WR,232,46.5,Dante' Hall,KC,79,4,62.3,59.3
2006,1782,16,74.1,67.3,23,TE,142,33.8,Kris Wilson,KC,23,43,61.0,58.6
2006,797,12,81.8,80.8,4,HB,61,78.7,Michael Bennett,KC,2,0,67.8,71.2
2006,178,15,67.0,69.6,14,TE,61,25.9,Jason Dunn,KC,1,127,67.7,37.1
2006,785,13,64.0,,9,WR,59,30.0,Rod Gardner,KC,54,0,54.1,49.5
2006,3135,5,65.8,,0,WR,19,70.5,Jeff Webb,KC,19,0,61.4,61.0
2006,2024,5,70.9,64.7,1,FB,29,68.3,Ronnie Cruz,KC,0,0,71.6,68.9
2006,215,10,34.6,,0,QB,1,,Damon Huard,KC,0,0,70.4,58.9
2006,905,5,22.3,69.5,1,HB,15,68.3,Dee Brown,KC,1,0,37.1,58.3
2007,237,16,83.6,82.7,232,TE,564,85.9,Tony Gonzalez,KC,30,369,86.8,89.5
2007,3639,16,81.4,62.3,138,WR,556,69.6,Dwayne Bowe,KC,443,0,81.7,81.2
2007,3135,16,27.0,,35,WR,332,56.3,Jeff Webb,KC,316,0,58.9,57.4
2007,1782,16,20.2,71.6,54,FB,250,33.4,Kris Wilson,KC,47,56,43.5,36.5
2007,1343,8,81.4,39.3,4,HB,171,67.3,Larry Johnson,KC,4,0,56.9,63.7
2007,1826,15,76.2,62.3,156,WR,344,74.2,Samie Parker,KC,206,0,58.3,58.1
2007,3764,9,89.3,65.7,5,HB,173,50.4,Kolby Smith,KC,6,0,62.5,46.9
2007,161,7,73.5,,31,WR,164,64.4,Eddie Kennison,KC,141,0,55.3,56.4
2007,309,4,83.2,63.8,4,HB,51,75.9,Priest Holmes,KC,3,0,50.1,58.1
2007,3885,2,75.3,35.7,0,HB,25,28.8,Jackie Battle,KC,0,0,58.5,32.5
2007,4201,4,21.7,84.1,2,HB,24,28.0,Gilbert Harris,KC,0,0,29.4,29.1
2007,178,16,64.0,69.6,9,TE,56,30.0,Jason Dunn,KC,3,184,68.6,41.2
2007,2355,9,64.0,50.5,1,FB,26,30.0,Boomer Grigsby,KC,0,0,56.8,42.5
2007,1847,2,64.0,,0,ED,2,68.3,Jared Allen,KC,0,2,97.6,96.6
2008,3639,16,82.6,,68,WR,605,28.9,Dwayne Bowe,KC,558,0,70.2,69.5
2008,237,16,83.3,60.0,479,TE,580,84.8,Tony Gonzalez,KC,17,121,86.9,85.2
2008,2256,11,76.7,,30,WR,328,48.9,Mark Bradley,KC,314,0,59.2,57.0
2008,4387,16,36.4,78.8,3,HB,218,36.4,Jamaal Charles,KC,25,0,62.6,50.4
2008,1803,15,73.6,68.2,202,WR,340,82.2,Devard Darling,KC,147,1,53.4,52.0
2008,4419,13,69.5,,204,WR,214,52.1,Will Franklin,KC,17,0,46.6,46.5
2008,1343,12,52.4,77.0,2,HB,140,79.4,Larry Johnson,KC,2,0,59.4,54.6
2008,3135,5,68.0,,11,WR,88,73.4,Jeff Webb,KC,81,0,55.3,55.1
2008,4716,16,71.3,56.4,17,FB,137,77.3,Mike Cox,KC,9,6,69.7,48.1
2008,3764,6,81.5,75.6,0,HB,53,59.9,Kolby Smith,KC,0,0,56.8,51.9
2008,4390,16,69.5,48.9,45,TE,116,75.6,Brad Cottam,KC,3,98,68.0,49.7
2008,4822,2,75.9,49.2,0,HB,30,68.3,Dantrell Savage,KC,0,0,53.9,53.8
2008,3885,1,61.2,76.6,0,HB,2,64.7,Jackie Battle,KC,0,0,64.3,64.1
2008,3833,14,84.3,61.3,0,QB,1,64.7,Tyler Thigpen,KC,1,0,64.9,90.7
2008,3089,2,68.7,,3,QB,3,64.7,Marques Hagans,KC,0,0,73.9,74.8
2009,821,16,78.8,,59,WR,447,54.7,Chris Chambers,KC,407,0,72.3,71.4
2009,3639,11,36.4,66.4,64,WR,405,29.3,Dwayne Bowe,KC,375,0,67.6,67.0
2009,1448,12,78.6,,184,WR,363,29.9,Bobby Wade,KC,199,0,57.3,55.6
2009,4387,15,68.8,66.9,26,HB,293,68.6,Jamaal Charles,KC,16,0,80.0,60.6
2009,4648,8,74.8,,122,WR,176,29.4,Lance Long,KC,57,0,47.7,48.3
2009,3017,13,74.4,59.5,111,TE,234,58.1,Leonard Pope,KC,2,207,58.6,47.2
2009,1865,8,25.9,45.5,72,TE,177,29.5,Sean Ryan,KC,7,176,53.7,49.2
2009,4390,8,70.6,61.6,33,TE,79,56.7,Brad Cottam,KC,2,57,62.8,57.9
2009,4716,16,72.9,70.5,12,FB,103,58.9,Mike Cox,KC,2,1,61.2,52.0
2009,4822,5,75.2,73.8,1,HB,26,31.8,Dantrell Savage,KC,0,0,45.7,38.7
2009,5161,4,65.8,27.4,13,TE,27,28.0,Jake O'Connell,KC,6,14,40.4,36.5
2009,177,5,68.0,,71,WR,95,46.3,Bobby Engram,KC,31,0,56.4,54.4
2009,3906,6,25.0,55.7,2,FB,31,72.1,Tim Castille,KC,0,0,41.1,67.6
2009,2016,8,67.0,,5,WR,12,41.6,Terrance Copper,KC,10,0,65.0,61.9
2009,5099,2,66.7,,1,WR,14,64.7,Quinten Lawrence,KC,13,0,66.8,54.5
2009,3885,5,72.3,74.0,1,HB,7,68.3,Jackie Battle,KC,0,0,63.4,61.4
2009,3764,3,76.2,76.8,1,HB,16,68.3,Kolby Smith,KC,0,0,58.6,57.3
2009,5136,4,70.6,25.6,0,HB,13,,Javarris Williams,KC,0,0,43.7,54.0
2009,268,3,61.2,0.0,0,ED,3,64.7,Mike Vrabel,KC,0,4,59.5,82.6
2009,2447,15,66.5,61.3,0,QB,1,,Matt Cassel,KC,0,0,59.8,60.0
2010,3639,17,81.8,68.4,73,WR,520,49.3,Dwayne Bowe,KC,474,0,78.7,77.5
2010,5617,16,79.2,69.2,152,TE,359,57.2,Tony Moeaki,KC,29,290,83.0,74.1
2010,4387,17,59.5,82.2,24,HB,267,48.2,Jamaal Charles,KC,13,0,85.2,64.1
2010,821,13,74.9,,20,WR,274,60.5,Chris Chambers,KC,267,0,55.7,54.6
2010,5561,12,24.6,,143,WR,231,76.1,Dexter McCluster,KC,69,0,58.0,56.0
2010,2016,16,73.9,,110,WR,162,43.5,Terrance Copper,KC,62,0,61.4,52.5
2010,5935,10,69.5,,15,WR,119,52.1,Verran Tucker,KC,108,0,66.4,62.4
2010,585,17,76.1,86.7,2,HB,140,81.1,Thomas Jones,KC,2,0,50.0,69.2
2010,3017,17,71.5,70.1,28,TE,107,29.9,Leonard Pope,KC,0,204,60.3,43.5
2010,3906,10,73.9,72.6,3,FB,71,78.0,Tim Castille,KC,2,0,58.5,64.9
2010,4716,7,67.0,29.3,1,FB,29,72.1,Mike Cox,KC,1,1,64.6,60.1
2010,1389,3,66.2,,24,WR,62,68.3,Kevin Curtis,KC,40,0,51.7,50.1
2010,5161,12,65.8,57.2,2,TE,33,70.5,Jake O'Connell,KC,5,52,75.6,58.8
2010,3885,5,77.3,80.4,0,HB,17,28.9,Jackie Battle,KC,0,0,58.5,30.7
2010,268,6,61.2,,0,ED,5,64.7,Mike Vrabel,KC,1,5,46.1,49.2
2010,5852,1,,,1,WR,4,,Jeremy Horne,KC,3,0,55.3,56.4
2011,3639,16,52.9,71.9,38,WR,502,48.8,Dwayne Bowe,KC,489,0,84.3,84.4
2011,3758,16,80.7,,230,WR,485,77.8,Steve Breaston,KC,275,1,70.4,69.7
2011,5561,16,55.3,75.9,26,HB,234,62.5,Dexter McCluster,KC,22,0,68.9,58.2
2011,6178,11,75.1,71.2,90,WR,265,29.0,Jonathan Baldwin,KC,191,0,58.9,59.5
2011,3017,16,75.3,70.6,41,TE,158,32.2,Leonard Pope,KC,1,238,61.2,59.9
2011,3753,16,78.1,78.7,12,FB,96,52.6,Le'Ron McClain,KC,3,5,67.1,66.0
2011,1709,6,68.3,81.0,46,WR,77,72.1,Jerheme Urban,KC,31,3,54.2,50.7
2011,1783,7,19.4,,55,WR,84,77.3,Keary Colbert,KC,19,7,54.1,51.5
2011,5161,8,69.5,53.8,14,TE,87,75.6,Jake O'Connell,KC,2,128,58.5,53.5
2011,2016,11,70.1,,11,WR,48,76.5,Terrance Copper,KC,36,1,71.5,68.5
2011,3885,15,90.2,78.0,4,HB,72,56.7,Jackie Battle,KC,2,0,69.8,60.0
2011,585,16,90.2,80.3,3,HB,68,74.6,Thomas Jones,KC,0,0,58.4,56.4
2011,4387,1,24.0,73.4,0,HB,20,73.4,Jamaal Charles,KC,3,0,65.0,69.8
2011,602,9,65.8,73.8,7,TE,76,70.5,Anthony Becht,KC,0,129,65.0,41.7
2011,6028,4,61.2,72.4,0,T,8,64.7,Steve Maneri,KC,0,6,63.1,52.2
2011,5852,3,61.9,,0,WR,3,,Jeremy Horne,KC,2,0,56.5,56.7
2011,2447,9,69.5,,0,QB,0,,Matt Cassel,KC,0,0,64.1,
2012,3639,13,43.4,80.6,16,WR,399,58.4,Dwayne Bowe,KC,403,0,81.1,80.6
2012,5561,16,46.3,35.5,338,WR,369,59.6,Dexter McCluster,KC,45,0,62.0,61.2
2012,5617,15,77.1,71.2,267,TE,401,61.3,Tony Moeaki,KC,24,207,65.7,62.0
2012,6178,15,74.4,,31,WR,297,70.7,Jonathan Baldwin,KC,281,0,61.2,59.9
2012,4387,16,46.2,80.2,3,HB,204,54.6,Jamaal Charles,KC,8,0,77.5,58.0
2012,6440,14,58.4,21.4,0,HB,134,62.7,Shaun Draughn,KC,7,0,54.3,55.5
2012,3758,10,69.5,,38,WR,152,32.2,Steve Breaston,KC,121,0,51.3,48.2
2012,6603,6,68.0,,7,WR,85,27.5,Jamar Newsome,KC,83,0,57.8,54.3
2012,4541,13,38.2,79.2,0,HB,64,43.5,Peyton Hillis,KC,3,0,72.6,57.9
2012,2016,8,70.8,62.4,7,WR,70,76.5,Terrance Copper,KC,67,0,66.1,62.9
2012,7107,5,68.8,,9,WR,42,74.6,Devon Wylie,KC,34,0,58.7,58.5
2012,6028,13,68.8,75.3,39,TE,93,74.6,Steve Maneri,KC,2,106,73.7,58.0
2012,5161,3,65.8,74.1,7,TE,17,70.5,Jake O'Connell,KC,1,5,70.6,75.9
2012,3769,2,67.0,57.8,7,TE,18,72.1,Kevin Boss,KC,0,23,91.8,92.6
2012,7722,9,70.3,16.7,0,FB,33,28.9,Nate Eachus,KC,0,0,59.7,39.4
2012,7655,4,73.4,17.0,0,HB,14,30.0,Cyrus Gray,KC,0,0,59.9,33.6
2012,3638,10,76.7,,0,QB,1,,Brady Quinn,KC,0,0,50.9,59.9
2013,3639,16,80.9,71.6,177,WR,595,44.3,Dwayne Bowe,KC,445,6,74.8,71.7
2013,4387,16,57.9,77.6,10,HB,396,41.7,Jamaal Charles,KC,52,2,84.9,70.0
2013,5561,16,75.1,,382,WR,462,67.8,Dexter McCluster,KC,83,3,67.1,67.5
2013,4347,17,30.7,,62,WR,494,43.5,Donnie Avery,KC,460,3,58.6,58.1
2013,7515,17,75.7,63.5,84,TE,278,75.1,Sean McGrath,KC,31,239,68.4,62.3
2013,2998,10,75.7,67.7,60,TE,263,44.2,Anthony Fasano,KC,21,291,62.8,55.8
2013,5729,9,38.8,,41,WR,189,61.8,Kyle Williams,KC,156,0,52.9,51.3
2013,6288,17,25.4,79.5,16,FB,126,71.3,Anthony Sherman,KC,2,2,84.5,58.6
2013,7222,17,19.7,,72,WR,158,81.1,Junior Hemingway,KC,94,1,56.1,55.4
2013,7878,16,29.2,83.1,0,HB,99,69.0,Knile Davis,KC,7,0,59.8,52.0
2013,7034,16,72.0,,11,WR,137,38.7,A.J. Jenkins,KC,132,0,59.1,57.7
2013,7655,12,75.5,56.0,1,HB,45,52.5,Cyrus Gray,KC,4,0,56.3,56.7
2013,5523,7,68.2,,22,WR,27,70.5,Chad Hall,KC,6,0,63.4,62.9
2013,6988,7,64.0,45.0,8,TE,38,68.3,Dominique Jones,KC,4,24,62.0,54.9
2013,6333,1,61.2,0.8,1,TE,4,64.7,Richard Gordon,KC,0,6,38.4,57.5
2013,2218,16,69.5,,0,QB,0,,Alex Smith,KC,0,0,69.8,
2014,3639,15,46.5,,128,WR,479,51.9,Dwayne Bowe,KC,377,2,71.7,69.8
2014,7844,16,22.8,70.5,164,TE,379,74.6,Travis Kelce,KC,90,172,84.7,83.6
2014,3054,16,77.5,,157,WR,371,53.9,Jason Avant,KC,228,1,62.8,60.9
2014,4387,15,49.1,70.7,9,HB,334,43.4,Jamaal Charles,KC,22,9,71.7,48.8
2014,2998,15,75.9,58.4,80,TE,267,46.4,Anthony Fasano,KC,9,286,61.1,55.3
2014,8759,12,89.0,,62,HB,98,64.3,De'Anthony Thomas,KC,25,0,73.8,71.5
2014,8943,7,73.3,,23,WR,161,52.8,Albert Wilson,KC,149,0,68.4,69.4
2014,4347,5,23.0,,14,WR,143,67.0,Donnie Avery,KC,138,2,61.8,62.1
2014,7878,16,31.8,46.0,1,HB,125,39.8,Knile Davis,KC,1,9,45.2,45.4
2014,7222,13,71.9,,110,WR,145,31.0,Junior Hemingway,KC,40,0,53.1,53.2
2014,7034,9,20.8,,21,WR,155,77.3,A.J. Jenkins,KC,136,0,53.5,56.2
2014,6288,16,72.3,75.2,11,FB,71,58.9,Anthony Sherman,KC,3,11,88.0,66.8
2014,8156,16,80.8,,47,WR,151,28.7,Frankie Hammond,KC,110,0,46.4,47.6
2014,5636,1,72.8,,3,HB,11,74.6,Joe McKnight,KC,1,0,88.4,92.9
2014,8524,7,65.8,69.5,11,TE,24,70.5,Demetrius Harris,KC,6,11,67.3,56.5
2014,9047,2,,,0,HB,2,,Charcandrick West,KC,0,0,59.7,58.3
2014,6333,5,,78.0,1,TE,7,,Richard Gordon,KC,0,17,64.4,50.5
2015,4942,17,29.7,,190,WR,541,90.9,Jeremy Maclin,KC,388,2,78.3,80.1
2015,7844,18,29.5,57.0,247,TE,544,61.5,Travis Kelce,KC,81,318,73.7,76.9
2015,8943,16,79.8,,51,WR,467,66.9,Albert Wilson,KC,444,0,62.5,62.5
2015,9509,18,75.6,,52,WR,277,61.3,Chris Conley,KC,239,0,61.1,61.8
2015,9047,15,79.1,70.5,3,HB,278,42.9,Charcandrick West,KC,11,4,58.1,46.5
2015,4387,5,31.1,82.8,3,HB,142,73.7,Jamaal Charles,KC,10,2,70.1,60.8
2015,3054,18,74.4,68.1,227,WR,268,83.6,Jason Avant,KC,63,1,59.6,56.3
2015,8759,9,54.8,,67,WR,104,69.6,De'Anthony Thomas,KC,29,1,62.8,61.9
2015,8524,18,70.6,66.2,31,TE,131,38.4,Demetrius Harris,KC,18,140,59.7,52.0
2015,9606,7,68.8,69.8,19,TE,70,74.6,James O'Shaughnessy,KC,9,48,63.1,62.4
2015,7975,10,87.1,78.9,0,HB,59,74.6,Spencer Ware,KC,1,1,85.7,54.6
2015,6288,18,70.3,78.3,3,FB,55,75.6,Anthony Sherman,KC,0,4,67.9,58.7
2015,7878,11,56.7,54.8,0,HB,57,72.1,Knile Davis,KC,0,6,57.5,41.1
2015,8156,4,29.5,,12,WR,16,68.3,Frankie Hammond,KC,4,0,59.6,55.5
2015,10135,11,61.2,72.2,5,TE,27,64.7,Brian Parker,KC,7,20,66.5,48.1
2016,7844,17,82.9,74.8,246,TE,535,71.9,Travis Kelce,KC,157,204,88.9,88.5
2016,10799,17,75.4,,115,WR,285,72.8,Tyreek Hill,KC,170,0,79.5,78.7
2016,4942,13,79.1,67.5,198,WR,419,40.7,Jeremy Maclin,KC,241,1,61.8,64.5
2016,9509,17,32.9,,78,WR,540,69.2,Chris Conley,KC,489,1,61.5,59.8
2016,8943,17,77.8,,279,WR,337,51.6,Albert Wilson,KC,72,2,53.2,53.5
2016,7975,15,47.4,55.8,13,HB,276,80.4,Spencer Ware,KC,12,7,72.3,88.5
2016,9047,16,66.8,85.9,5,HB,228,77.8,Charcandrick West,KC,4,10,58.8,60.1
2016,8524,17,25.1,55.7,79,TE,195,28.2,Demetrius Harris,KC,45,129,47.3,44.9
2016,8759,10,79.8,,24,WR,40,52.1,De'Anthony Thomas,KC,12,0,50.9,57.6
2016,6288,16,68.0,80.6,1,FB,45,45.8,Anthony Sherman,KC,2,11,65.1,51.6
2016,7878,8,80.7,28.3,0,HB,27,45.8,Knile Davis,KC,1,0,45.7,53.4
2016,10320,6,65.8,65.9,13,TE,37,28.0,Ross Travis,KC,21,5,38.5,40.9
2016,4387,3,74.8,73.0,0,HB,12,68.3,Jamaal Charles,KC,3,1,60.6,61.5
2016,9606,14,64.0,73.1,4,TE,42,68.3,James O'Shaughnessy,KC,19,28,47.8,45.6
2016,2218,16,56.6,61.3,0,QB,0,,Alex Smith,KC,0,0,77.4,
2017,7844,16,83.0,51.2,271,TE,528,66.1,Travis Kelce,KC,138,174,83.3,87.1
2017,10799,16,88.6,61.6,208,WR,543,64.1,Tyreek Hill,KC,343,1,79.9,82.8
2017,11841,17,87.8,45.7,6,HB,328,75.0,Kareem Hunt,KC,16,2,82.1,76.8
2017,8943,14,79.6,68.6,236,WR,378,69.2,Albert Wilson,KC,141,20,73.8,73.6
2017,10760,17,76.1,62.4,76,WR,393,43.1,Demarcus Robinson,KC,334,1,54.5,53.9
2017,8524,17,74.4,62.0,90,TE,239,27.7,Demetrius Harris,KC,65,140,55.2,55.2
2017,9047,14,44.1,36.7,5,HB,173,87.6,Charcandrick West,KC,10,6,60.1,63.2
2017,8759,16,82.0,,90,WR,124,80.6,De'Anthony Thomas,KC,27,0,62.1,64.3
2017,9509,5,72.4,66.3,23,WR,168,78.7,Chris Conley,KC,155,1,63.1,61.3
2017,6288,16,76.8,24.7,2,FB,61,74.6,Anthony Sherman,KC,1,15,67.8,60.7
2017,9839,11,82.8,46.5,0,HB,37,28.6,Akeem Hunt,KC,20,0,50.7,39.5
2017,11894,4,70.2,,18,WR,46,68.3,Jehu Chesson,KC,28,1,59.3,54.9
2017,7116,6,64.0,72.2,10,TE,28,29.9,Orson Charles,KC,4,16,54.9,55.0
2017,5534,1,65.2,,0,HB,9,,C.J. Spiller,KC,0,0,52.5,54.1
2017,9452,8,,53.4,0,G,1,,Cameron Erving,KC,0,9,47.1,59.1
2018,7844,18,38.6,72.7,319,TE,655,60.7,Travis Kelce,KC,153,276,87.9,90.3
2018,10799,18,70.8,,312,WR,653,69.8,Tyreek Hill,KC,353,14,89.0,89.8
2018,8639,12,25.6,69.0,143,WR,365,65.6,Sammy Watkins,KC,247,4,71.2,71.8
2018,8663,15,75.7,,32,WR,331,34.7,Kelvin Benjamin,KC,321,0,57.8,57.8
2018,9509,18,21.9,71.9,305,WR,560,45.1,Chris Conley,KC,285,17,54.5,51.6
2018,9205,14,66.6,78.4,6,HB,169,79.9,Damien Williams,KC,30,1,80.6,72.1
2018,11841,11,90.6,69.8,11,HB,254,55.9,Kareem Hunt,KC,31,0,81.6,69.3
2018,10760,18,75.7,,54,WR,258,61.5,Demarcus Robinson,KC,221,1,60.2,61.9
2018,8524,17,74.0,73.2,30,TE,196,36.0,Demetrius Harris,KC,48,187,59.9,53.2
2018,7975,14,84.5,76.5,5,HB,147,59.5,Spencer Ware,KC,9,3,70.3,70.3
2018,6288,17,71.8,74.3,2,FB,34,54.5,Anthony Sherman,KC,2,19,79.4,87.6
2018,8759,5,73.1,,5,WR,25,72.1,De'Anthony Thomas,KC,21,1,75.5,71.0
2018,12163,6,64.0,,15,WR,22,68.3,Gehrig Dieter,KC,7,0,66.0,65.4
2018,13014,5,76.4,78.0,0,HB,23,70.5,Darrel Williams,KC,1,0,69.7,63.2
2018,9047,4,67.8,49.0,1,HB,29,68.3,Charcandrick West,KC,4,2,58.6,63.7
2018,12137,7,61.2,,6,WR,12,64.7,Marcus Kemp,KC,9,0,61.7,61.8
2019,7844,19,62.3,77.4,260,TE,669,64.9,Travis Kelce,KC,267,269,86.1,88.7
2019,10799,15,83.6,62.4,273,WR,477,71.2,Tyreek Hill,KC,235,7,84.5,86.8
2019,8639,17,27.1,80.8,343,WR,585,73.1,Sammy Watkins,KC,297,6,71.6,69.5
2019,10760,19,77.9,67.6,129,WR,533,41.5,Demarcus Robinson,KC,460,7,54.9,55.6
2019,9205,14,63.7,67.3,24,HB,298,75.8,Damien Williams,KC,18,1,65.7,64.2
2019,42683,19,47.2,,189,WR,333,79.4,Mecole Hardman Jr.,KC,183,3,68.1,68.7
2019,4976,14,29.7,63.0,16,HB,146,76.1,LeSean McCoy,KC,12,0,65.0,56.7
2019,13014,11,45.3,55.8,5,HB,104,65.6,Darrel Williams,KC,10,1,63.5,62.4
2019,42345,13,73.8,66.9,37,WR,78,47.7,Byron Pringle,KC,44,7,63.9,63.4
2019,9550,18,71.5,67.6,10,TE,163,29.9,Blake Bell,KC,36,213,50.3,42.6
2019,83791,13,82.3,25.9,8,HB,66,56.7,Darwin Thompson,KC,6,0,56.8,49.9
2019,7975,3,26.5,34.6,3,HB,41,74.6,Spencer Ware,KC,2,2,59.4,45.7
2019,29556,5,16.0,24.5,2,TE,18,73.4,Deon Yelder,KC,5,18,68.2,71.0
2019,6288,14,70.0,79.3,0,FB,20,29.9,Anthony Sherman,KC,0,15,65.3,51.9
2020,7844,18,65.4,53.1,223,TE,685,90.7,Travis Kelce,KC,281,266,93.8,93.6
2020,10799,18,86.3,66.3,447,WR,719,50.4,Tyreek Hill,KC,295,9,84.5,84.8
2020,42683,19,68.3,,230,WR,410,44.7,Mecole Hardman Jr.,KC,200,2,69.0,68.4
2020,10760,19,40.5,56.6,93,WR,582,78.2,Demarcus Robinson,KC,508,22,60.7,59.9
2020,57279,15,90.8,46.0,18,HB,325,66.2,Clyde Edwards-Helaire,KC,33,4,77.2,66.6
2020,8639,11,29.5,72.7,184,WR,358,64.3,Sammy Watkins,KC,195,2,64.5,62.4
2020,13014,19,86.0,41.8,8,HB,252,54.0,Darrel Williams,KC,10,1,65.3,55.6
2020,42345,14,80.2,75.6,127,WR,232,69.6,Byron Pringle,KC,118,8,59.7,55.3
2020,7829,12,87.0,47.0,10,HB,160,66.7,Le'Veon Bell,KC,15,0,72.6,68.7
2020,29556,15,69.5,75.8,31,TE,88,75.6,Deon Yelder,KC,30,40,58.0,51.8
2020,83791,4,22.6,79.9,2,HB,44,54.5,Darwin Thompson,KC,1,0,53.3,39.5
2020,66940,19,16.9,61.4,9,TE,87,49.2,Nick Keizer,KC,1,131,46.4,37.3
2020,12163,1,64.0,,9,WR,12,68.3,Gehrig Dieter,KC,5,0,57.5,54.1
2020,11765,18,67.3,,1,QB,3,,Patrick Mahomes,KC,1,0,91.8,55.0
2020,6288,9,68.2,78.2,1,FB,13,28.8,Anthony Sherman,KC,0,4,66.1,48.6
2020,7783,17,61.2,77.0,0,T,1,64.7,Eric Fisher,KC,0,1,80.1,90.4
2020,12020,4,,,2,TE,4,27.9,Ricky Seals-Jones,KC,1,1,31.3,37.6
2020,12137,6,65.3,60.9,11,WR,14,64.7,Marcus Kemp,KC,3,2,57.8,61.7
2021,10799,20,48.8,,407,WR,711,71.6,Tyreek Hill,KC,344,6,86.0,85.6
2021,7844,19,62.1,70.8,368,TE,740,77.2,Travis Kelce,KC,215,222,85.0,87.2
2021,42683,20,42.0,,265,WR,495,68.8,Mecole Hardman Jr.,KC,247,6,70.2,70.4
2021,42345,20,29.9,66.2,340,WR,505,47.0,Byron Pringle,KC,188,12,65.2,64.4
2021,13014,19,90.4,40.4,11,HB,353,85.4,Darrel Williams,KC,35,1,66.8,66.0
2021,10760,20,77.6,79.6,76,WR,559,76.7,Demarcus Robinson,KC,526,7,51.9,52.9
2021,8731,15,52.8,87.4,19,HB,236,75.5,Jerick McKinnon,KC,33,1,65.0,69.4
2021,57279,12,55.4,49.3,16,HB,194,84.5,Clyde Edwards-Helaire,KC,30,1,65.6,65.4
2021,60878,18,70.6,82.2,67,TE,155,29.1,Noah Gray,KC,34,77,51.8,43.0
2021,7618,12,68.0,,5,WR,139,29.2,Josh Gordon,KC,137,1,45.5,45.5
2021,9550,19,73.7,70.5,8,TE,103,60.2,Blake Bell,KC,7,133,69.1,52.5
2021,32342,9,83.8,75.2,3,HB,48,76.5,Derrick Gore,KC,10,0,76.0,76.0
2021,94384,6,68.0,73.2,11,TE,34,73.4,Jody Fortson,KC,10,18,78.8,70.6
2021,12137,17,64.0,,18,WR,36,29.9,Marcus Kemp,KC,18,2,50.7,49.8
2021,9601,16,75.6,85.8,0,FB,16,72.1,Michael Burton,KC,0,2,82.1,70.4
2021,39268,4,61.2,89.0,0,G,1,64.7,Nick Allegretti,KC,0,3,81.8,90.1
2021,7431,4,61.2,63.6,0,T,1,64.7,Mike Remmers,KC,0,2,64.5,60.8
2022,7844,20,51.7,73.1,343,TE,703,88.2,Travis Kelce,KC,226,202,91.3,91.6
2022,11817,19,24.7,71.3,270,WR,608,86.8,JuJu Smith-Schuster,KC,371,0,70.1,72.1
2022,47809,20,79.4,,271,WR,643,57.3,Marquez Valdes-Scantling,KC,408,3,64.8,65.6
2022,8731,20,70.9,28.6,21,HB,395,64.0,Jerick McKinnon,KC,28,11,57.5,69.9
2022,97116,18,84.4,,109,WR,208,75.5,Skyy Moore,KC,112,2,67.7,67.6
2022,60878,20,78.3,43.3,79,TE,338,78.4,Noah Gray,KC,44,272,60.7,61.0
2022,42683,9,81.0,,117,WR,209,55.1,Mecole Hardman Jr.,KC,106,1,68.2,66.5
2022,66915,19,78.5,83.1,107,WR,330,33.5,Justin Watson,KC,242,3,53.5,53.8
2022,61245,12,47.2,,42,WR,103,63.2,Kadarius Toney,KC,62,2,78.0,76.4
2022,57279,10,86.1,43.7,4,HB,124,67.7,Clyde Edwards-Helaire,KC,19,1,67.6,72.7
2022,83747,20,48.7,30.6,6,HB,194,83.2,Isiah Pacheco,KC,19,2,76.2,74.3
2022,94384,15,20.6,29.4,59,TE,118,78.0,Jody Fortson,KC,47,23,62.8,62.7
2022,9550,4,65.8,69.3,2,TE,16,70.5,Blake Bell,KC,1,14,60.7,61.7
2022,61324,5,14.4,70.2,10,WR,32,28.8,Ihmir Smith-Marsette,KC,25,1,44.0,42.1
2022,9601,12,72.8,67.5,0,FB,7,68.3,Michael Burton,KC,0,4,70.4,71.6
2022,34001,4,76.7,,1,HB,17,64.7,Ronald Jones,KC,0,0,69.1,61.9
2022,12137,3,61.2,,7,WR,19,64.7,Marcus Kemp,KC,13,0,61.8,61.0
2022,11765,20,81.0,,0,QB,0,,Patrick Mahomes,KC,0,0,92.0,
2023,7844,19,63.6,77.9,363,TE,662,76.7,Travis Kelce,KC,167,189,82.6,87.8
2023,97605,20,23.6,71.7,288,WR,542,90.2,Rashee Rice,KC,286,3,84.9,86.1
2023,83747,18,78.0,67.4,16,HB,365,88.9,Isiah Pacheco,KC,29,6,79.9,69.9
2023,66915,20,28.2,66.3,151,WR,463,36.1,Justin Watson,KC,337,2,61.7,61.6
2023,47809,20,27.2,,198,WR,569,57.8,Marquez Valdes-Scantling,KC,410,0,52.1,52.9
2023,60878,21,77.8,47.6,153,TE,379,80.8,Noah Gray,KC,89,193,62.9,63.7
2023,61245,13,38.3,,74,WR,152,37.4,Kadarius Toney,KC,76,1,62.5,62.9
2023,97116,14,26.3,,107,WR,289,72.8,Skyy Moore,KC,194,4,54.8,54.9
2023,8731,13,80.9,58.1,6,HB,190,65.0,Jerick McKinnon,KC,8,17,63.1,69.1
2023,42683,14,22.0,,85,WR,142,58.1,Mecole Hardman Jr.,KC,64,1,55.2,60.4
2023,57279,19,63.4,59.1,9,HB,155,71.3,Clyde Edwards-Helaire,KC,13,6,65.5,65.9
2023,28991,13,58.5,,67,WR,130,43.5,Richie James,KC,62,1,56.3,56.0
2023,78021,10,68.8,,18,WR,79,29.8,Justyn Ross,KC,67,0,48.7,51.0
2023,9550,21,16.0,46.5,16,TE,89,45.8,Blake Bell,KC,6,91,43.0,30.6
2023,26408,4,78.1,79.2,0,HB,31,36.8,La'Mical Perine,KC,4,0,64.4,48.3
2023,77761,7,81.1,60.8,4,HB,51,72.1,Keaontay Ingram,KC,8,0,64.7,55.0
2023,9467,16,62.3,62.2,0,T,0,67.6,Donovan Smith,KC,0,0,57.8,66.9
2024,7844,9,42.9,81.1,137,TE,318,83.3,Travis Kelce,KC,93,112,72.9,71.7
2024,144718,9,76.6,,102,WR,275,59.7,Xavier Worthy,KC,184,0,57.7,55.7
2024,7808,9,76.3,,55,WR,186,76.7,DeAndre Hopkins,KC,143,0,75.1,74.7
2024,97605,4,75.8,,50,WR,91,74.2,Rashee Rice,KC,49,0,85.1,85.5
2024,60878,9,75.4,72.1,49,TE,166,84.5,Noah Gray,KC,24,108,68.9,73.6
2024,66915,9,73.0,36.3,84,WR,231,81.1,Justin Watson,KC,155,5,53.9,54.1
2024,11869,9,78.3,65.7,5,HB,110,51.5,Samaje Perine,KC,2,3,64.1,60.2
2024,11841,6,90.0,62.5,5,HB,104,81.1,Kareem Hunt,KC,5,6,68.3,68.5
2024,11817,6,70.6,64.9,46,WR,93,77.3,JuJu Smith-Schuster,KC,55,1,61.4,64.5
2024,42683,7,83.8,69.4,23,WR,58,78.0,Mecole Hardman Jr.,KC,34,0,72.0,67.6
2024,83747,2,81.3,77.7,5,HB,40,54.5,Isiah Pacheco,KC,6,0,67.0,58.2
2024,145632,9,22.1,20.0,4,HB,58,70.5,Carson Steele,KC,4,2,52.3,48.4
2024,60915,2,64.0,70.2,0,TE,6,68.3,Peyton Hendershot,KC,0,7,90.5,91.1
2024,94384,3,61.2,,8,TE,16,64.7,Jody Fortson,KC,8,1,54.0,51.5
2024,97116,5,66.5,,12,WR,29,25.5,Skyy Moore,KC,19,0,39.7,39.3
2024,78021,2,,,4,WR,12,,Justyn Ross,KC,8,0,50.9,51.8
2024,98508,6,61.2,71.0,10,TE,25,64.7,Jared Wiley,KC,3,14,51.5,47.5
2024,11765,9,91.2,,0,QB,0,,Patrick Mahomes,KC,0,0,83.4,
2024,98247,8,61.2,58.1,0,T,1,64.7,Wanya Morris,KC,0,1,56.4,90.2
2016,4953,15,26.8,,73,WR,500,74.0,Kenny Britt,LA,456,0,74.0,74.8
2016,7789,15,55.0,74.8,279,WR,471,38.5,Tavon Austin,LA,195,18,61.3,58.3
2016,7037,16,78.4,65.7,157,WR,440,52.6,Brian Quick,LA,313,0,60.5,61.3
2016,6199,16,38.8,68.6,128,TE,356,40.7,Lance Kendricks,LA,48,322,63.7,61.6
2016,9443,16,76.9,71.8,8,HB,333,68.9,Todd Gurley II,LA,26,0,57.3,63.2
2016,10744,16,71.5,74.8,46,TE,191,29.9,Tyler Higbee,LA,27,158,45.3,39.0
2016,8283,11,51.5,80.8,6,HB,116,53.1,Benny Cunningham,LA,6,0,58.3,57.2
2016,10751,10,81.9,,106,WR,130,50.1,Pharoh Cooper,LA,24,8,52.8,54.4
2016,10840,14,75.0,,9,WR,55,28.0,Mike Thomas,LA,50,0,51.6,47.2
2016,9914,11,68.3,66.2,36,WR,53,42.1,Bradley Marquez,LA,18,3,49.4,54.9
2016,9902,8,25.7,90.2,2,HB,25,70.5,Malcolm Brown,LA,1,0,49.1,83.9
2016,6892,2,61.2,63.8,0,HB,1,64.7,Chase Reynolds,LA,0,0,78.8,90.3
2016,11192,2,61.2,,1,WR,13,64.7,Paul McRoberts,LA,12,0,55.4,55.0
2017,11824,16,49.0,77.7,297,WR,471,57.1,Cooper Kupp,LA,205,0,78.1,78.2
2017,7822,13,46.1,81.5,136,WR,405,78.6,Robert Woods,LA,286,6,81.0,79.7
2017,9443,16,54.5,71.0,8,HB,408,74.9,Todd Gurley II,LA,20,0,82.6,87.8
2017,8639,16,78.3,74.7,166,WR,501,82.2,Sammy Watkins,LA,360,0,69.2,66.8
2017,10744,17,75.7,54.7,28,TE,276,64.5,Tyler Higbee,LA,66,291,62.5,60.8
2017,11799,17,24.0,61.6,29,TE,213,43.8,Gerald Everett,LA,76,134,52.2,52.3
2017,11872,16,71.9,85.8,58,WR,155,62.1,Josh Reynolds,LA,104,2,58.4,56.6
2017,7789,16,69.6,,44,WR,77,63.2,Tavon Austin,LA,27,0,63.1,55.4
2017,10751,17,28.8,82.9,55,WR,85,60.2,Pharoh Cooper,LA,37,2,62.7,59.3
2017,7406,15,72.9,82.0,2,TE,39,54.9,Derek Carrier,LA,4,38,61.8,60.8
2017,9902,12,64.2,51.6,4,HB,67,56.7,Malcolm Brown,LA,2,0,60.1,54.9
2017,10840,7,69.5,,13,WR,59,73.4,Mike Thomas,LA,48,0,59.7,61.9
2017,7332,3,74.1,83.0,0,HB,15,64.7,Lance Dunbar,LA,0,0,59.5,54.9
2018,7822,19,85.9,79.5,427,WR,707,90.7,Robert Woods,LA,325,11,86.4,86.5
2018,8655,19,60.6,,212,WR,696,90.6,Brandin Cooks,LA,520,1,81.2,82.5
2018,9443,17,88.2,75.7,91,HB,485,39.3,Todd Gurley II,LA,21,0,76.7,62.0
2018,11872,19,78.9,79.8,137,WR,418,64.3,Josh Reynolds,LA,329,3,67.4,66.5
2018,11799,19,78.6,51.3,58,TE,312,82.8,Gerald Everett,LA,132,172,76.5,74.5
2018,11824,8,80.6,79.9,190,WR,250,75.0,Cooper Kupp,LA,80,1,77.3,79.1
2018,10744,19,27.5,64.3,37,TE,269,68.1,Tyler Higbee,LA,65,339,70.0,66.3
2018,8101,13,68.0,32.8,5,HB,76,28.8,C.J. Anderson,LA,4,0,72.1,37.3
2018,9902,11,82.2,89.2,11,HB,47,74.6,Malcolm Brown,LA,0,0,83.1,78.3
2018,8005,4,73.3,,31,WR,51,28.0,Nick Williams,LA,22,0,48.1,48.2
2018,26104,9,64.0,,9,WR,28,68.3,KhaDarel Hodge,LA,18,0,58.2,57.8
2018,34761,3,79.1,27.0,0,HB,11,29.9,John Kelly Jr.,LA,0,0,57.4,40.1
2018,5943,4,67.1,,0,CB,4,68.3,Sam Shields,LA,0,0,78.2,77.2
2018,12206,6,61.2,70.3,1,TE,2,64.7,Johnny Mundt,LA,0,3,77.2,60.7
2019,11824,16,22.6,72.0,416,WR,557,89.2,Cooper Kupp,LA,202,1,74.6,76.1
2019,7822,15,85.1,79.3,226,WR,602,90.4,Robert Woods,LA,427,2,82.2,80.4
2019,10744,15,81.4,63.6,38,TE,282,81.1,Tyler Higbee,LA,55,309,86.1,90.1
2019,8655,14,79.7,62.4,163,WR,452,53.1,Brandin Cooks,LA,319,0,68.1,66.8
2019,11799,12,77.7,44.3,42,TE,248,81.3,Gerald Everett,LA,104,152,76.0,78.9
2019,9443,15,47.0,70.6,65,HB,391,29.7,Todd Gurley II,LA,31,0,67.0,34.8
2019,11872,16,76.7,75.6,92,WR,264,61.3,Josh Reynolds,LA,196,2,65.9,65.6
2019,12206,11,67.0,77.1,14,TE,40,28.7,Johnny Mundt,LA,12,56,63.8,41.0
2019,9902,14,85.2,61.2,12,HB,98,36.2,Malcolm Brown,LA,12,0,64.4,40.8
2019,10840,6,67.1,,9,WR,19,68.3,Mike Thomas,LA,9,0,58.4,62.5
2019,41193,7,82.1,46.1,4,HB,38,41.6,Darrell Henderson,LA,2,0,61.8,48.4
2019,27377,1,,,0,CB,1,,David Long Jr.,LA,1,0,58.9,59.8
2019,49012,3,64.6,60.9,1,S,2,64.7,Nick Scott,LA,0,0,59.0,71.3
2020,7822,18,65.1,69.3,331,WR,645,76.8,Robert Woods,LA,341,2,71.4,72.2
2020,11824,16,65.3,73.1,350,WR,539,79.5,Cooper Kupp,LA,217,0,81.6,78.0
2020,11872,18,80.0,55.4,183,WR,544,73.9,Josh Reynolds,LA,380,1,65.5,65.9
2020,10744,17,79.2,62.0,65,TE,357,70.5,Tyler Higbee,LA,67,334,67.6,68.8
2020,11799,18,30.5,55.9,71,TE,319,44.1,Gerald Everett,LA,102,216,61.3,61.1
2020,9902,18,69.9,40.1,65,HB,284,63.4,Malcolm Brown,LA,48,0,57.8,47.8
2020,47447,16,76.5,,54,WR,182,64.5,Van Jefferson,LA,134,0,69.8,70.9
2020,41193,15,90.1,83.5,10,HB,147,81.7,Darrell Henderson,LA,24,0,80.4,67.9
2020,57206,14,79.2,44.8,14,HB,152,64.4,Cam Akers,LA,39,0,75.7,56.7
2020,12206,9,67.0,50.4,4,TE,27,72.1,Johnny Mundt,LA,5,32,64.8,63.5
2021,11824,21,76.3,40.2,545,WR,778,87.1,Cooper Kupp,LA,265,0,93.0,93.1
2021,8647,18,81.4,,108,WR,527,73.5,Odell Beckham Jr.,LA,445,0,74.8,75.0
2021,47447,21,80.9,66.8,281,WR,696,38.5,Van Jefferson,LA,448,1,58.5,59.5
2021,10744,18,48.3,72.0,143,TE,565,74.8,Tyler Higbee,LA,153,340,69.1,69.0
2021,7822,9,80.2,72.6,152,WR,319,61.9,Robert Woods,LA,184,2,75.7,72.1
2021,41193,13,90.3,79.1,62,HB,295,59.5,Darrell Henderson,LA,54,0,69.3,49.6
2021,27589,21,83.5,66.1,49,HB,304,63.2,Sony Michel,LA,51,1,63.1,42.7
2021,27948,14,75.4,,77,WR,140,29.5,Ben Skowronek,LA,72,0,53.7,52.7
2021,47311,13,20.6,65.5,24,TE,113,43.8,Kendall Blanton,LA,20,88,50.7,55.9
2021,57206,5,31.3,62.7,9,HB,76,62.1,Cam Akers,LA,8,0,43.7,63.4
2021,47338,5,68.0,30.8,4,TE,40,73.4,Brycen Hopkins,LA,27,21,60.9,68.6
2021,12206,5,61.2,78.3,6,TE,31,64.7,Johnny Mundt,LA,7,27,64.9,51.6
2021,4924,21,85.9,,0,QB,3,,Matthew Stafford,LA,0,0,86.1,52.8
2022,10744,17,81.8,61.1,73,TE,434,63.7,Tyler Higbee,LA,107,358,62.7,66.2
2022,11824,9,53.5,77.6,195,WR,338,90.4,Cooper Kupp,LA,152,0,86.3,88.1
2022,27948,14,78.1,78.7,195,WR,411,81.8,Ben Skowronek,LA,222,7,57.2,56.4
2022,8696,10,77.0,67.6,126,WR,364,69.5,Allen Robinson II,LA,249,0,65.8,64.8
2022,47447,11,75.7,,90,WR,299,74.9,Van Jefferson,LA,219,1,68.4,67.7
2022,77965,13,77.0,,101,WR,178,68.7,Tutu Atwell,LA,83,1,70.1,70.2
2022,48036,17,90.3,74.3,79,WR,145,85.7,Brandon Powell,LA,59,1,65.8,65.8
2022,57206,15,64.2,73.9,3,HB,165,80.0,Cam Akers,LA,11,0,80.7,61.5
2022,97118,8,81.2,26.0,6,HB,78,77.3,Kyren Williams,LA,5,0,67.2,61.5
2022,47338,13,69.5,57.7,10,TE,86,75.6,Brycen Hopkins,LA,30,53,63.6,64.0
2022,9902,9,77.3,75.7,6,HB,50,73.4,Malcolm Brown,LA,7,0,62.5,63.2
2022,57208,2,74.3,,0,HB,13,73.4,Ronnie Rivers,LA,0,0,64.6,80.6
2022,61478,8,,,6,WR,29,,Lance McCutcheon,LA,25,0,47.8,47.4
2022,52195,5,64.0,68.7,18,WR,30,68.3,Austin Trammell,LA,16,0,63.5,62.3
2022,47311,4,64.0,75.5,1,TE,9,68.3,Kendall Blanton,LA,2,10,70.1,83.4
2022,34255,2,61.2,,0,WR,2,64.7,Jacob Harris,LA,0,0,73.7,75.9
2022,49103,2,65.7,62.7,0,LB,1,64.7,Jake Gervase,LA,0,0,77.6,90.3
2023,100632,18,44.2,72.0,200,WR,607,51.7,Puka Nacua,LA,458,0,90.2,89.3
2023,11824,13,81.1,69.5,287,WR,432,61.3,Cooper Kupp,LA,174,0,71.5,71.1
2023,10744,16,79.2,67.6,153,TE,475,55.3,Tyler Higbee,LA,78,324,57.6,58.7
2023,77965,17,79.6,,192,WR,408,66.8,Tutu Atwell,LA,249,0,68.3,66.6
2023,97118,13,62.9,57.7,24,HB,341,43.2,Kyren Williams,LA,15,0,80.4,39.1
2023,10760,14,20.7,,65,WR,259,87.3,Demarcus Robinson,LA,206,0,70.0,69.2
2023,41193,4,82.9,69.0,13,HB,52,60.6,Darrell Henderson,LA,3,0,55.2,58.4
2023,27948,15,72.0,73.7,42,WR,88,77.3,Ben Skowronek,LA,52,2,55.9,56.7
2023,99697,12,72.3,75.5,14,TE,85,63.2,Davis Allen,LA,12,83,64.7,72.8
2023,57208,8,82.4,46.0,3,HB,44,78.0,Ronnie Rivers,LA,2,0,75.0,66.0
2023,47338,15,68.0,56.7,16,TE,52,73.4,Brycen Hopkins,LA,9,32,68.0,70.5
2023,52195,9,63.3,69.6,26,WR,34,72.1,Austin Trammell,LA,15,0,57.4,60.9
2023,48054,1,64.0,,4,WR,13,68.3,Tyler Johnson,LA,12,0,63.0,68.8
2023,45747,10,85.6,67.6,16,HB,80,64.7,Royce Freeman,LA,5,0,74.2,46.0
2024,11824,5,78.6,65.3,132,WR,182,82.6,Cooper Kupp,LA,62,0,76.5,76.8
2024,10760,9,75.1,,115,WR,306,84.9,Demarcus Robinson,LA,211,0,69.4,70.6
2024,77965,9,76.5,,63,WR,159,64.1,Tutu Atwell,LA,107,0,70.2,71.8
2024,52266,9,75.3,71.3,44,TE,219,73.5,Colby Parkinson,LA,27,187,62.6,65.7
2024,100632,4,75.7,76.1,24,WR,97,59.2,Puka Nacua,LA,79,0,74.0,76.3
2024,48054,9,74.9,73.5,51,WR,143,84.5,Tyler Johnson,LA,104,1,68.1,68.0
2024,97118,9,51.7,56.2,16,HB,228,74.2,Kyren Williams,LA,9,0,65.7,58.4
2024,97623,4,75.4,78.9,38,WR,95,82.7,Jordan Whittington,LA,63,1,77.3,74.8
2024,99697,6,68.8,77.1,9,TE,76,29.8,Davis Allen,LA,9,67,45.2,37.6
2024,60859,9,68.0,65.2,7,TE,36,73.4,Hunter Long,LA,3,43,63.2,62.2
2024,129574,4,80.4,44.5,0,HB,7,70.5,Blake Corum,LA,0,0,68.6,75.6
2024,102585,4,82.0,,6,WR,7,68.3,Xavier Smith,LA,1,0,75.5,69.1
2024,57208,4,73.6,53.1,0,HB,10,64.7,Ronnie Rivers,LA,0,0,74.6,58.2
2017,7857,16,58.7,67.4,287,WR,547,54.2,Keenan Allen,LAC,290,2,89.3,89.7
2017,9448,16,87.6,56.3,8,HB,320,62.4,Melvin Gordon III,LAC,38,1,72.2,71.7
2017,10154,16,32.9,66.4,211,WR,520,47.6,Tyrell Williams,LAC,342,0,62.0,62.4
2017,7100,16,88.4,,146,WR,379,53.7,Travis Benjamin,LAC,254,0,66.8,66.5
2017,10669,14,78.9,68.9,154,TE,283,68.8,Hunter Henry,LAC,42,128,87.2,86.7
2017,1609,16,76.5,53.0,220,TE,320,77.3,Antonio Gates,LAC,80,58,66.1,66.1
2017,12164,13,29.3,68.8,11,HB,122,65.2,Austin Ekeler,LAC,30,1,74.6,82.7
2017,11762,10,71.9,,32,WR,135,45.7,Mike Williams,LAC,113,0,52.6,51.8
2017,9286,8,81.1,49.1,4,HB,51,74.6,Branden Oliver,LAC,2,0,61.9,59.5
2017,7515,14,67.0,75.5,10,TE,41,72.1,Sean McGrath,LAC,2,63,72.6,63.8
2017,5861,7,64.0,77.5,11,TE,34,29.9,Jeff Cumberland,LAC,3,33,47.0,40.3
2017,10832,15,72.7,80.7,1,FB,22,70.5,Derek Watt,LAC,2,3,61.7,70.4
2018,7857,18,63.3,65.7,337,WR,563,87.4,Keenan Allen,LAC,262,2,89.3,89.7
2018,11762,18,80.7,,147,WR,456,72.9,Mike Williams,LAC,340,1,80.5,80.3
2018,10154,18,24.4,67.9,244,WR,528,63.9,Tyrell Williams,LAC,325,1,65.9,66.4
2018,9448,14,82.9,48.1,5,HB,273,47.9,Melvin Gordon III,LAC,40,0,83.6,60.6
2018,12164,16,90.0,57.9,26,HB,225,77.0,Austin Ekeler,LAC,43,3,82.8,84.6
2018,1609,18,29.5,74.2,201,TE,304,90.1,Antonio Gates,LAC,97,44,70.4,70.9
2018,6356,18,25.0,78.8,70,TE,254,38.7,Virgil Green,LAC,31,236,57.8,47.7
2018,7100,14,80.5,,96,WR,206,51.2,Travis Benjamin,LAC,123,0,61.3,61.4
2018,29539,10,84.3,27.9,3,HB,75,68.7,Justin Jackson,LAC,6,0,72.6,70.2
2018,45695,3,74.4,73.1,0,HB,14,68.3,Detrez Newsome,LAC,2,0,80.5,70.5
2018,10832,15,70.9,81.1,0,FB,25,68.3,Derek Watt,LAC,3,2,65.0,54.1
2018,10669,1,,65.5,3,TE,6,,Hunter Henry,LAC,1,4,53.3,53.8
2018,12037,14,61.2,72.1,10,TE,41,64.7,Sean Culkin,LAC,4,53,63.6,54.4
2019,7857,16,84.1,70.0,337,WR,596,82.4,Keenan Allen,LAC,304,2,80.8,81.7
2019,12164,16,65.7,56.6,53,HB,362,90.4,Austin Ekeler,LAC,61,0,85.2,93.6
2019,11762,15,79.4,64.5,206,WR,525,37.7,Mike Williams,LAC,361,0,74.1,74.6
2019,10669,12,41.2,57.3,224,TE,390,75.4,Hunter Henry,LAC,87,121,73.2,75.0
2019,9448,12,33.0,47.0,14,HB,208,60.5,Melvin Gordon III,LAC,23,0,66.0,50.7
2019,7100,5,68.8,,48,WR,135,27.9,Travis Benjamin,LAC,98,0,46.4,47.2
2019,12043,12,68.8,65.9,137,WR,303,29.7,Andre Patton,LAC,196,1,45.7,43.6
2019,6356,15,71.1,66.5,53,TE,142,78.0,Virgil Green,LAC,22,125,58.0,54.7
2019,29539,7,81.7,25.7,4,HB,44,78.7,Justin Jackson,LAC,3,0,84.4,74.4
2019,6199,9,65.8,69.6,40,TE,55,70.5,Lance Kendricks,LAC,9,10,60.2,57.3
2019,91472,8,64.0,,19,WR,49,68.3,Jason Moore,LAC,35,0,57.6,57.2
2019,10832,16,73.5,34.2,5,FB,37,41.6,Derek Watt,LAC,5,5,57.5,44.2
2019,11473,2,82.7,74.1,3,HB,14,29.9,Troymaine Pope,LAC,1,0,61.4,56.5
2019,9619,5,65.8,65.6,22,WR,52,70.5,Geremy Davis,LAC,34,0,58.2,57.8
2019,34164,3,,,5,WR,11,,Jalen Guyton,LAC,7,0,52.7,52.9
2019,12037,4,61.2,35.6,24,TE,43,28.8,Sean Culkin,LAC,6,26,50.7,47.3
2020,7857,14,58.1,73.3,287,WR,520,90.1,Keenan Allen,LAC,265,2,84.9,85.0
2020,10669,14,80.5,54.1,283,TE,480,77.2,Hunter Henry,LAC,71,232,69.3,67.4
2020,11762,15,79.3,,120,WR,485,71.1,Mike Williams,LAC,394,0,72.7,72.3
2020,12164,10,73.6,42.3,28,HB,235,80.4,Austin Ekeler,LAC,26,0,77.0,81.5
2020,34164,16,76.9,68.2,251,WR,581,30.0,Jalen Guyton,LAC,365,1,52.2,51.1
2020,45741,11,67.1,21.4,8,HB,143,57.0,Kalen Ballage,LAC,17,0,62.7,53.5
2020,34427,12,78.0,65.8,34,WR,163,83.6,Tyron Billy-Johnson,LAC,137,0,78.4,81.2
2020,29539,9,85.0,53.5,4,HB,90,71.3,Justin Jackson,LAC,7,0,78.0,78.3
2020,13750,14,51.3,46.7,9,HB,130,85.3,Joshua Kelley,LAC,15,0,63.1,73.2
2020,91014,13,71.1,69.3,53,TE,112,78.0,Donald Parham Jr.,LAC,14,69,64.5,69.2
2020,28025,11,83.0,,58,WR,93,52.1,K.J. Hill,LAC,42,0,55.0,53.7
2020,11473,5,77.4,35.8,0,HB,33,35.7,Troymaine Pope,LAC,7,0,62.4,44.6
2020,11160,13,70.1,67.8,17,TE,54,76.5,Stephen Anderson,LAC,4,50,87.0,87.0
2020,40117,14,70.0,82.9,0,FB,31,45.8,Gabe Nabers,LAC,2,0,56.8,56.4
2020,6356,6,65.8,69.3,2,TE,29,36.2,Virgil Green,LAC,1,50,75.1,69.6
2020,40221,5,81.4,,7,WR,10,,Joe Reed,LAC,4,0,58.2,53.4
2021,7857,16,59.9,,431,WR,641,60.6,Keenan Allen,LAC,250,2,77.5,77.5
2021,11762,16,82.0,,105,WR,582,62.3,Mike Williams,LAC,514,1,77.6,77.6
2021,12164,16,50.1,57.8,45,HB,417,69.9,Austin Ekeler,LAC,28,0,75.3,62.6
2021,5012,16,79.6,28.1,284,TE,477,46.1,Jared Cook,LAC,100,148,61.9,63.4
2021,34164,16,32.4,,124,WR,433,49.8,Jalen Guyton,LAC,335,2,57.4,59.6
2021,62979,17,77.0,71.8,122,WR,295,78.9,Joshua Palmer,LAC,189,3,62.6,63.6
2021,91014,14,75.4,54.4,52,TE,154,72.1,Donald Parham Jr.,LAC,9,157,69.2,70.8
2021,29539,13,60.3,23.4,10,HB,124,61.3,Justin Jackson,LAC,0,0,63.1,64.5
2021,11160,17,73.6,67.3,30,TE,114,82.2,Stephen Anderson,LAC,11,78,62.9,66.5
2021,60896,10,68.8,53.6,5,TE,57,74.6,Tre' McKitty,LAC,4,71,53.4,57.0
2021,13750,10,33.2,77.5,4,HB,75,73.4,Joshua Kelley,LAC,4,0,51.5,56.6
2021,91472,1,65.8,,2,WR,31,70.5,Jason Moore,LAC,33,0,64.1,63.8
2021,40117,6,70.3,8.8,2,FB,14,72.1,Gabe Nabers,LAC,0,4,59.0,72.8
2021,28025,3,78.1,,8,WR,9,70.5,K.J. Hill,LAC,2,0,67.0,65.6
2021,57308,8,82.7,48.5,0,HB,42,28.8,Larry Rountree III,LAC,1,0,45.1,35.4
2021,5612,4,34.8,,13,WR,22,64.7,Andre Roberts,LAC,11,0,58.4,58.9
2021,46445,1,,17.1,0,HB,4,27.9,Darius Bradwell,LAC,0,0,36.1,26.7
2021,91247,1,,,0,CB,1,,Tevaughn Campbell,LAC,0,0,46.0,44.0
2022,12164,18,48.5,29.5,47,HB,463,84.3,Austin Ekeler,LAC,17,0,79.9,79.8
2022,62979,17,50.1,64.9,175,WR,665,71.2,Joshua Palmer,LAC,513,1,64.6,65.6
2022,7857,11,48.0,72.2,270,WR,403,91.0,Keenan Allen,LAC,144,0,84.4,84.4
2022,11762,13,80.6,,72,WR,464,90.0,Mike Williams,LAC,409,0,78.9,79.3
2022,11799,17,80.8,76.5,204,TE,473,66.1,Gerald Everett,LAC,76,236,70.6,73.4
2022,9859,18,51.8,68.8,312,WR,514,77.9,DeAndre Carter,LAC,216,2,61.6,63.9
2022,13750,14,86.4,50.4,11,HB,148,39.8,Joshua Kelley,LAC,5,0,62.2,44.3
2022,91824,10,73.6,74.9,36,WR,164,58.9,Michael Bandy,LAC,136,0,52.7,53.2
2022,91014,7,73.0,35.4,32,TE,79,81.1,Donald Parham Jr.,LAC,20,47,76.6,82.2
2022,60896,18,20.9,48.7,78,TE,222,45.7,Tre' McKitty,LAC,21,199,32.2,36.8
2022,27589,10,81.4,72.7,12,HB,61,38.4,Sony Michel,LAC,0,0,58.5,45.5
2022,57384,15,71.6,40.7,4,FB,32,45.8,Zander Horvath,LAC,4,10,55.1,46.9
2022,60492,7,67.0,80.7,25,TE,48,72.1,Stone Smartt,LAC,15,10,51.6,54.0
2022,34164,3,64.0,,3,WR,19,68.3,Jalen Guyton,LAC,16,0,72.3,67.1
2022,99146,5,77.0,22.5,1,HB,22,70.5,Isaiah Spiller,LAC,0,0,49.8,63.6
2022,57308,3,75.5,73.0,0,HB,6,68.3,Larry Rountree III,LAC,0,0,55.1,75.6
2022,28237,18,74.0,,0,QB,1,,Justin Herbert,LAC,0,0,77.9,60.0
2022,91472,6,61.2,,6,WR,35,64.7,Jason Moore,LAC,31,1,50.1,50.3
2022,8733,10,61.2,82.3,2,TE,26,64.7,Richard Rodgers,LAC,6,35,44.8,46.7
2023,7857,13,35.7,77.5,331,WR,527,79.0,Keenan Allen,LAC,226,0,86.3,87.4
2023,11799,15,25.2,67.5,133,TE,326,80.3,Gerald Everett,LAC,47,183,65.6,68.1
2023,12164,14,29.6,29.3,21,HB,349,65.4,Austin Ekeler,LAC,31,0,60.2,57.4
2023,123085,17,78.6,,55,WR,488,64.3,Quentin Johnston,LAC,459,0,58.9,58.7
2023,62979,10,29.7,,143,WR,342,66.3,Joshua Palmer,LAC,225,0,67.6,67.6
2023,91014,14,75.9,78.3,101,TE,251,45.2,Donald Parham Jr.,LAC,37,162,59.7,64.0
2023,11107,8,74.0,67.9,111,WR,222,81.7,Alex Erickson,LAC,119,1,62.6,63.7
2023,11762,3,74.5,,32,WR,107,83.2,Mike Williams,LAC,80,1,74.6,73.5
2023,34164,8,71.1,,104,WR,179,29.5,Jalen Guyton,LAC,81,0,49.6,52.3
2023,60492,16,71.5,48.1,70,TE,159,60.2,Stone Smartt,LAC,25,77,44.1,50.9
2023,78196,16,69.1,,56,WR,73,65.6,Derius Davis,LAC,17,0,60.5,61.0
2023,13750,17,67.4,42.4,17,HB,173,38.4,Joshua Kelley,LAC,10,0,52.0,36.4
2023,48143,5,69.5,,42,WR,64,52.5,Keelan Doss,LAC,26,0,51.4,52.5
2023,99146,9,81.3,29.0,2,HB,49,74.6,Isaiah Spiller,LAC,3,0,58.8,61.0
2023,84424,2,61.2,66.2,4,WR,9,64.7,Simi Fehoko,LAC,6,0,60.4,65.0
2023,57394,2,70.0,,0,HB,5,68.3,Elijah Dotson,LAC,1,0,54.8,62.7
2023,28237,13,66.7,,0,QB,2,,Justin Herbert,LAC,0,0,85.5,55.2
2023,10728,8,61.2,73.8,6,TE,30,64.7,Nick Vannett,LAC,4,35,42.9,44.3
2024,124030,9,42.3,,174,WR,241,65.7,Ladd McConkey,LAC,75,2,77.3,78.3
2024,30762,9,77.0,63.8,43,TE,152,69.5,Will Dissly,LAC,26,107,68.5,71.9
2024,123085,7,75.8,,11,WR,154,83.6,Quentin Johnston,LAC,150,0,69.7,72.1
2024,62979,8,74.1,,68,WR,187,45.4,Joshua Palmer,LAC,134,0,65.2,67.0
2024,57366,9,90.1,59.7,13,HB,149,74.2,J.K. Dobbins,LAC,7,1,63.3,61.1
2024,84424,8,17.7,,26,WR,126,31.8,Simi Fehoko,LAC,107,0,55.2,56.2
2024,47294,7,69.5,,53,TE,91,31.8,Hayden Hurst,LAC,16,29,36.4,44.2
2024,61697,4,19.9,,19,WR,41,73.4,Jalen Reagor,LAC,24,0,61.9,63.6
2024,9786,7,64.0,78.0,1,TE,26,30.0,Eric Tomlinson,LAC,3,32,37.4,32.1
2024,123727,4,77.0,65.6,2,HB,30,70.5,Kimani Vidal,LAC,1,0,61.3,63.3
2024,60492,6,64.0,,6,TE,14,29.9,Stone Smartt,LAC,1,9,68.2,69.4
2024,82482,9,64.0,56.1,18,DI,22,30.0,Scott Matlock,LAC,1,21,41.4,50.8
2024,78196,5,83.9,,16,WR,24,68.3,Derius Davis,LAC,10,0,68.2,64.8
2024,46027,5,83.0,69.8,1,HB,25,64.7,Gus Edwards,LAC,0,0,58.9,52.6
2020,9637,16,34.2,58.2,128,TE,524,90.8,Darren Waller,LV,151,341,86.5,90.9
2020,9453,16,79.5,,155,WR,439,31.7,Nelson Agholor,LV,309,1,73.8,73.8
2020,47509,16,36.3,,255,WR,374,82.0,Hunter Renfrow,LV,146,0,74.8,75.0
2020,61102,13,23.6,,146,WR,343,53.8,Henry Ruggs III,LV,220,0,54.0,55.6
2020,45953,15,65.5,56.6,6,HB,231,52.5,Josh Jacobs,LV,24,0,76.3,56.2
2020,11395,13,42.9,66.9,3,HB,123,56.9,Jalen Richard,LV,14,3,57.8,52.4
2020,10770,16,65.6,64.0,1,HB,105,68.0,Devontae Booker,LV,14,0,68.7,58.0
2020,11792,16,73.0,,44,WR,161,49.6,Zay Jones,LV,126,0,62.9,58.6
2020,1384,16,72.3,47.9,26,TE,126,80.0,Jason Witten,LV,15,138,60.8,59.7
2020,34934,16,73.5,38.5,6,FB,76,45.7,Alec Ingold,LV,7,7,64.0,62.4
2020,28486,11,71.5,,31,WR,137,78.7,Bryan Edwards,LV,112,0,69.5,66.4
2020,47043,16,69.5,75.3,18,TE,94,75.6,Foster Moreau,LV,21,78,67.2,73.3
2020,7980,4,72.8,29.6,1,HB,26,73.4,Theo Riddick,LV,0,1,55.3,69.8
2020,29622,2,62.8,,3,WR,9,,Rico Gafford,LV,6,0,53.8,53.7
2020,7406,5,64.0,67.1,0,TE,3,68.3,Derek Carrier,LV,1,3,87.9,90.3
2021,47509,18,58.0,,402,WR,585,90.4,Hunter Renfrow,LV,219,0,78.8,80.3
2021,9637,12,80.7,74.2,141,TE,436,59.5,Darren Waller,LV,104,241,69.7,73.9
2021,11792,18,40.3,,137,WR,448,87.6,Zay Jones,LV,339,0,70.6,70.4
2021,45953,16,74.8,75.3,17,HB,329,64.0,Josh Jacobs,LV,26,0,79.5,63.0
2021,28486,17,29.6,66.2,156,WR,552,73.2,Bryan Edwards,LV,427,0,62.9,62.6
2021,47043,18,27.8,46.6,94,TE,333,59.0,Foster Moreau,LV,67,280,56.4,57.4
2021,10707,12,64.3,51.4,10,HB,170,78.0,Kenyan Drake,LV,26,0,73.1,82.0
2021,61102,7,77.9,,100,WR,218,62.7,Henry Ruggs III,LV,131,0,73.4,73.9
2021,4363,16,25.3,,54,WR,216,60.3,DeSean Jackson,LV,171,1,69.3,69.3
2021,11395,11,80.2,62.8,4,HB,101,80.6,Jalen Richard,LV,3,0,65.3,67.1
2021,10927,7,28.5,85.8,2,HB,44,58.5,Peyton Barber,LV,4,0,68.6,65.3
2021,34934,9,73.1,79.1,13,FB,46,58.5,Alec Ingold,LV,8,2,69.1,64.8
2021,34427,8,76.5,,9,WR,32,68.3,Tyron Billy-Johnson,LV,24,0,46.9,53.1
2021,7406,6,64.0,74.0,1,TE,23,68.3,Derek Carrier,LV,6,19,58.6,57.2
2021,42174,1,66.2,42.6,1,HB,6,68.3,Trey Ragas,LV,1,0,64.8,60.2
2021,47307,8,61.2,78.2,1,TE,8,64.7,Daniel Helm,LV,0,16,59.9,51.5
2022,8688,17,59.2,66.1,197,WR,618,76.9,Davante Adams,LV,457,0,90.1,90.5
2022,11873,17,80.7,77.9,92,WR,605,68.2,Mack Hollins,LV,553,1,63.8,61.4
2022,45953,17,73.8,56.3,5,HB,341,75.7,Josh Jacobs,LV,32,0,91.6,64.8
2022,47043,15,77.1,72.0,186,TE,343,70.1,Foster Moreau,LV,62,168,61.1,69.7
2022,47509,10,21.4,,265,WR,292,90.0,Hunter Renfrow,LV,42,0,65.6,64.8
2022,9637,9,76.3,36.0,164,TE,246,66.6,Darren Waller,LV,53,46,72.4,74.5
2022,9487,15,83.8,29.8,3,HB,134,86.1,Ameer Abdullah,LV,9,0,66.4,81.1
2022,51593,14,82.6,70.0,165,WR,243,41.1,Keelan Cole Sr.,LV,95,0,47.9,49.5
2022,7469,10,77.8,26.8,3,HB,57,77.3,Brandon Bolden,LV,4,0,50.9,67.1
2022,32565,17,69.5,77.3,0,FB,64,73.4,Jakob Johnson,LV,8,13,50.1,51.8
2022,91465,7,65.8,73.0,18,TE,26,70.5,Jesper Horsted,LV,5,12,59.6,57.1
2022,47663,6,75.0,,4,WR,8,27.9,DJ Turner,LV,4,0,41.8,42.0
2023,8688,17,83.6,,102,WR,582,67.6,Davante Adams,LV,496,0,79.1,80.0
2023,47468,16,82.1,71.8,157,WR,531,75.3,Jakobi Meyers,LV,403,0,69.9,71.8
2023,45953,13,61.0,50.9,18,HB,238,48.0,Josh Jacobs,LV,14,0,65.0,51.0
2023,122906,14,76.1,51.9,104,TE,273,66.0,Michael Mayer,LV,33,204,58.3,66.1
2023,47509,17,26.8,,248,WR,261,29.7,Hunter Renfrow,LV,22,0,48.6,50.4
2023,101106,16,77.4,,90,WR,224,69.6,Tre Tucker,LV,145,0,65.2,64.3
2023,10715,17,75.5,81.5,90,TE,268,74.2,Austin Hooper,LV,33,204,58.2,58.4
2023,9487,17,78.7,17.7,13,HB,143,83.6,Ameer Abdullah,LV,8,1,55.5,61.8
2023,83665,13,67.0,46.4,1,HB,90,81.1,Zamir White,LV,5,0,71.7,69.7
2023,9859,15,88.7,65.7,36,WR,49,41.6,DeAndre Carter,LV,14,0,50.2,50.4
2023,32565,12,61.2,83.1,4,FB,44,28.8,Jakob Johnson,LV,8,8,46.1,47.7
2023,91465,3,61.2,67.4,3,TE,6,64.7,Jesper Horsted,LV,1,3,56.3,56.0
2023,84070,2,61.2,12.9,2,TE,6,64.7,Cole Fotheringham,LV,0,6,55.5,74.7
2024,146715,9,80.4,47.2,174,TE,275,89.5,Brock Bowers,LV,60,71,86.7,88.0
2024,47468,7,78.5,66.3,107,WR,255,90.2,Jakobi Meyers,LV,167,0,75.1,76.6
2024,101106,9,80.6,66.2,90,WR,317,74.9,Tre Tucker,LV,249,0,57.6,57.7
2024,45817,9,88.2,32.2,6,HB,142,74.3,Alexander Mattison,LV,10,0,66.1,68.3
2024,47663,9,78.0,69.0,130,WR,169,78.0,DJ Turner,LV,47,0,52.9,54.1
2024,9487,7,36.2,62.7,9,HB,97,80.6,Ameer Abdullah,LV,7,0,61.5,73.8
2024,26394,7,70.6,38.8,24,TE,59,77.3,Harrison Bryant,LV,8,51,63.2,68.5
2024,83665,6,28.1,36.5,1,HB,47,74.6,Zamir White,LV,5,0,43.4,62.2
2024,122906,3,67.0,63.7,24,TE,55,72.1,Michael Mayer,LV,4,35,56.9,59.4
2024,28729,2,64.0,,3,WR,25,68.3,Kristian Wilkerson,LV,23,0,59.9,63.3
2024,47996,4,72.6,,25,WR,46,70.5,Alex Bachman,LV,26,0,53.8,56.8
2024,99204,1,61.2,,0,WR,21,64.7,Ramel Keyton,LV,23,0,59.3,59.0
2024,60854,5,61.2,58.6,10,TE,23,64.7,John Samuel Shenker,LV,2,18,54.5,49.0
2006,821,16,81.5,,49,WR,627,33.3,Chris Chambers,MIA,602,0,66.9,64.7
2006,2204,16,80.9,61.6,438,WR,485,61.2,Wes Welker,MIA,64,1,66.1,65.8
2006,1114,16,80.7,69.4,154,TE,477,47.8,Randy McMichael,MIA,12,391,65.0,65.1
2006,487,14,80.7,,32,WR,441,69.4,Marty Booker,MIA,430,0,73.1,71.7
2006,2219,13,61.4,80.3,5,HB,247,70.1,Ronnie Brown,MIA,2,1,58.2,65.2
2006,3027,16,74.6,61.6,74,WR,212,28.7,Derek Hagan,MIA,148,0,56.5,55.8
2006,678,12,28.6,86.3,0,HB,166,36.9,Sammy Morris,MIA,2,1,51.2,32.7
2006,1104,15,73.5,69.0,12,TE,79,82.4,Justin Peelle,MIA,8,89,76.2,70.9
2006,1216,14,65.8,37.1,0,FB,40,26.5,Darian Barnes,MIA,0,0,57.9,27.9
2006,846,6,77.3,81.6,0,HB,15,70.5,Travis Minor,MIA,0,0,58.8,62.1
2006,1090,2,64.0,,1,WR,3,68.3,Cliff Russell,MIA,2,0,60.5,60.3
2006,3541,1,,,4,QB,4,27.9,Marcus Vick,MIA,0,0,33.6,39.9
2007,487,15,37.7,,245,WR,520,44.1,Marty Booker,MIA,291,0,61.0,60.9
2007,3625,16,78.1,,65,WR,383,70.5,Ted Ginn Jr.,MIA,329,0,63.6,62.7
2007,3027,16,76.8,,39,WR,329,59.9,Derek Hagan,MIA,300,0,63.4,61.9
2007,916,15,77.6,50.0,166,TE,390,72.0,David Martin,MIA,29,217,58.1,57.7
2007,2219,7,90.0,76.7,0,HB,164,73.3,Ronnie Brown,MIA,2,0,89.0,90.1
2007,1104,16,76.5,59.0,62,TE,225,58.0,Justin Peelle,MIA,5,168,65.8,59.9
2007,3687,7,81.9,74.8,11,HB,106,67.3,Lorenzo Booker,MIA,4,0,71.9,83.2
2007,2861,12,73.0,72.0,1,HB,132,66.3,Jesse Chatman,MIA,2,1,76.7,61.9
2007,2599,8,51.5,79.1,3,HB,76,79.4,Sam Gado,MIA,2,0,61.7,51.3
2007,2523,10,70.1,,79,WR,103,76.5,Greg Camarillo,MIA,26,1,64.1,66.0
2007,3272,4,76.4,25.7,1,HB,23,36.8,Patrick Cobbs,MIA,1,1,43.9,39.9
2007,2619,3,64.0,74.4,0,TE,14,68.3,Aaron Halterman,MIA,2,14,59.0,63.6
2007,3797,16,17.4,82.0,0,FB,46,29.9,Reagan Mauia,MIA,3,1,58.5,28.2
2007,264,2,,,0,ED,2,,Jason Taylor,MIA,3,0,53.3,55.4
2008,3625,17,22.6,,39,WR,438,51.7,Ted Ginn Jr.,MIA,409,0,69.0,68.5
2008,4694,17,80.1,,145,WR,298,54.8,Davone Bess,MIA,162,0,82.8,77.8
2008,2523,11,80.1,,166,WR,329,80.8,Greg Camarillo,MIA,170,0,77.3,73.8
2008,2998,17,77.3,75.0,160,TE,386,45.2,Anthony Fasano,MIA,2,338,82.8,60.9
2008,916,17,28.7,57.9,85,TE,254,89.3,David Martin,MIA,60,121,85.6,73.1
2008,2219,17,75.8,69.7,28,HB,249,58.4,Ronnie Brown,MIA,22,0,62.4,54.4
2008,440,17,34.8,80.7,17,HB,184,57.8,Ricky Williams,MIA,8,1,52.6,62.5
2008,3272,16,29.2,76.7,21,HB,112,61.5,Patrick Cobbs,MIA,50,0,68.6,74.7
2008,3997,12,69.5,,12,WR,50,75.6,Brandon London,MIA,40,0,64.9,65.2
2008,2152,12,79.3,41.6,0,FB,63,49.2,Lousaka Polite,MIA,3,1,63.2,46.9
2008,1841,7,65.8,,12,WR,44,70.5,Ernest Wilford,MIA,33,0,58.3,58.2
2008,4711,6,17.1,74.5,6,TE,24,68.3,Joey Haynos,MIA,8,15,52.4,41.2
2009,4694,16,28.3,,157,WR,372,66.4,Davone Bess,MIA,232,0,83.4,84.4
2009,3625,16,79.3,,27,WR,343,28.5,Ted Ginn Jr.,MIA,329,0,61.2,60.9
2009,2523,16,79.2,,182,WR,402,90.4,Greg Camarillo,MIA,237,0,70.3,68.9
2009,5031,16,77.8,,73,WR,245,59.9,Brian Hartline,MIA,183,0,74.0,74.7
2009,2998,14,21.3,66.8,130,TE,319,60.5,Anthony Fasano,MIA,1,318,75.4,52.4
2009,440,16,51.2,74.4,16,HB,221,37.9,Ricky Williams,MIA,10,0,55.4,42.7
2009,4711,16,24.2,54.1,28,TE,185,56.9,Joey Haynos,MIA,16,188,70.1,57.1
2009,4518,7,80.5,43.1,11,HB,84,84.1,Lex Hilliard,MIA,8,0,69.8,76.0
2009,2219,9,75.6,71.9,9,HB,114,66.7,Ronnie Brown,MIA,3,1,60.7,58.8
2009,2152,16,42.8,73.5,3,FB,152,43.8,Lousaka Polite,MIA,4,7,77.7,45.8
2009,5369,7,65.8,76.4,5,TE,33,70.5,Kory Sperry,MIA,6,37,71.3,66.3
2009,3272,5,72.0,10.7,10,HB,22,70.5,Patrick Cobbs,MIA,4,0,58.5,60.6
2010,3064,14,63.4,,111,WR,494,36.1,Brandon Marshall,MIA,403,0,77.1,75.7
2010,4694,16,82.3,,191,WR,445,68.8,Davone Bess,MIA,270,0,77.9,77.5
2010,5031,12,34.4,,101,WR,389,60.8,Brian Hartline,MIA,303,0,69.8,67.8
2010,2998,15,78.0,69.4,93,TE,345,73.9,Anthony Fasano,MIA,0,407,81.3,72.0
2010,2219,16,57.0,77.0,7,HB,225,69.5,Ronnie Brown,MIA,11,0,62.3,61.9
2010,440,16,50.5,53.9,3,HB,154,70.5,Ricky Williams,MIA,18,0,55.5,57.3
2010,5887,9,70.6,,47,WR,137,27.9,Marlon Moore,MIA,93,0,53.5,50.4
2010,3272,13,72.5,,15,HB,65,57.0,Patrick Cobbs,MIA,29,1,68.8,74.2
2010,2152,16,80.0,66.3,1,FB,116,79.4,Lousaka Polite,MIA,0,1,69.3,61.5
2010,5888,12,68.8,,9,WR,42,29.7,Roberto Wallace,MIA,35,2,45.0,48.2
2010,5737,6,65.8,77.8,16,TE,59,36.2,Mickey Shuler,MIA,5,52,62.4,54.7
2010,4518,8,61.2,79.1,0,FB,10,64.7,Lex Hilliard,MIA,0,0,57.2,57.1
2011,3064,16,53.0,,114,WR,512,29.2,Brandon Marshall,MIA,420,0,77.1,77.5
2011,4694,16,24.9,,329,WR,390,58.2,Davone Bess,MIA,76,0,61.1,61.2
2011,5031,16,77.7,,25,WR,435,31.0,Brian Hartline,MIA,427,0,67.1,67.2
2011,2947,15,48.2,34.7,16,HB,252,68.0,Reggie Bush,MIA,14,0,62.6,64.3
2011,2998,15,77.0,72.6,61,TE,381,79.1,Anthony Fasano,MIA,20,416,80.3,73.6
2011,6326,14,73.3,67.5,34,TE,158,40.1,Charles Clay,MIA,31,88,71.1,67.1
2011,6214,13,60.4,84.0,0,HB,98,79.4,Daniel Thomas,MIA,1,0,55.7,67.3
2011,6263,14,66.2,,5,WR,64,29.9,Clyde Gates,MIA,63,0,56.3,54.9
2011,4518,16,77.1,70.9,2,FB,46,73.4,Lex Hilliard,MIA,2,0,58.7,58.0
2011,4403,6,78.8,44.7,1,HB,21,70.5,Steve Slaton,MIA,0,0,65.1,59.2
2011,5948,14,61.2,79.4,3,TE,22,64.7,Jeron Mastrud,MIA,0,38,75.9,44.6
2011,6480,2,,69.5,1,TE,7,,Will Yeatman,MIA,0,8,52.3,49.2
2012,5031,16,50.5,,29,WR,519,65.7,Brian Hartline,MIA,525,0,77.4,77.4
2012,4694,13,43.8,,321,WR,433,46.0,Davone Bess,MIA,135,0,74.4,73.2
2012,2998,16,78.3,73.3,156,TE,387,90.2,Anthony Fasano,MIA,22,270,71.4,66.8
2012,2947,16,53.3,49.0,40,HB,231,38.8,Reggie Bush,MIA,24,0,65.2,47.8
2012,6590,11,26.1,66.1,83,WR,250,63.2,Armon Binns,MIA,182,0,56.8,56.8
2012,6326,14,73.9,78.0,92,TE,154,29.1,Charles Clay,MIA,18,54,60.0,57.0
2012,6214,12,28.1,57.5,8,HB,132,52.1,Daniel Thomas,MIA,8,0,56.5,50.7
2012,7211,7,71.5,,23,WR,148,78.7,Rishard Matthews,MIA,137,0,60.1,59.7
2012,7002,16,19.7,64.1,1,FB,63,79.4,Jorvorskie Lane,MIA,2,0,55.9,57.7
2012,5887,13,70.6,,17,WR,94,29.7,Marlon Moore,MIA,83,0,58.5,57.5
2012,1040,3,67.0,,3,WR,68,28.7,Jabar Gaffney,MIA,68,0,56.3,55.9
2012,7097,10,83.4,77.0,3,HB,50,52.5,Lamar Miller,MIA,4,0,66.0,49.7
2012,3788,4,18.4,,14,WR,69,64.7,Legedu Naanee,MIA,59,0,44.8,43.9
2012,5488,3,64.6,,20,HB,18,64.7,Marcus Thigpen,MIA,1,0,59.7,58.0
2013,5007,16,81.9,,18,WR,642,37.9,Mike Wallace,MIA,640,0,69.9,68.6
2013,5031,16,51.5,,97,WR,620,72.7,Brian Hartline,MIA,539,0,77.9,76.4
2013,6326,16,86.6,71.2,243,TE,467,53.8,Charles Clay,MIA,47,226,76.3,76.9
2013,7211,16,78.1,61.6,336,WR,363,82.6,Rishard Matthews,MIA,41,1,68.4,67.6
2013,5118,7,76.5,,191,WR,195,58.1,Brandon Gibson,MIA,10,0,79.2,76.8
2013,7097,16,79.1,68.9,35,HB,279,75.5,Lamar Miller,MIA,12,0,69.8,55.4
2013,6214,15,88.8,70.3,8,HB,128,65.9,Daniel Thomas,MIA,5,0,74.5,55.5
2013,5887,13,70.3,,11,WR,94,32.2,Marlon Moore,MIA,86,0,57.0,53.9
2013,5488,10,90.3,,6,HB,24,54.5,Marcus Thigpen,MIA,7,0,61.6,70.4
2013,7080,16,69.5,72.0,42,TE,82,75.6,Michael Egnew,MIA,0,31,59.4,59.0
2013,7888,15,68.8,59.9,25,TE,80,49.7,Dion Sims,MIA,3,99,54.9,53.9
2013,8236,3,,,7,WR,16,,Ryan Spadola,MIA,10,0,52.0,52.2
2014,5007,16,27.4,,108,WR,500,67.5,Mike Wallace,MIA,422,1,72.6,74.0
2014,8698,16,30.0,,361,WR,432,90.2,Jarvis Landry,MIA,89,2,78.0,77.2
2014,6326,14,80.1,58.3,196,TE,387,75.4,Charles Clay,MIA,10,252,77.1,74.3
2014,5031,16,78.1,,71,WR,490,58.4,Brian Hartline,MIA,444,0,63.2,63.2
2014,7097,16,71.5,69.8,27,HB,290,34.6,Lamar Miller,MIA,21,0,73.9,42.5
2014,5118,14,20.8,,136,WR,314,49.8,Brandon Gibson,MIA,194,0,56.6,56.2
2014,7888,14,75.3,54.1,96,TE,218,62.5,Dion Sims,MIA,12,160,67.2,63.3
2014,9205,15,85.9,72.1,14,HB,89,60.3,Damien Williams,MIA,7,0,81.1,84.1
2014,7211,14,25.1,67.8,21,WR,106,46.0,Rishard Matthews,MIA,89,2,64.9,61.5
2014,6214,12,47.8,87.8,10,HB,120,80.6,Daniel Thomas,MIA,15,0,66.3,66.5
2014,9349,7,65.8,74.2,9,TE,22,70.5,Harold Hoskins,MIA,0,17,55.4,52.9
2014,7014,16,56.7,,0,QB,1,,Ryan Tannehill,MIA,0,0,75.6,58.4
2014,4935,3,79.8,35.1,2,HB,25,64.7,Knowshon Moreno,MIA,0,1,57.0,52.8
2014,7063,2,69.7,,0,HB,5,,LaMichael James,MIA,0,0,62.5,56.5
2015,8698,16,90.6,73.1,414,WR,567,76.2,Jarvis Landry,MIA,161,7,88.0,86.1
2015,6254,16,29.1,65.5,215,TE,396,63.7,Jordan Cameron,MIA,36,225,61.8,59.7
2015,7926,16,75.9,,95,WR,411,45.7,Kenny Stills,MIA,335,0,59.9,58.9
2015,7211,11,79.0,,65,WR,318,45.4,Rishard Matthews,MIA,272,1,74.0,73.2
2015,7097,16,70.1,87.5,37,HB,310,71.3,Lamar Miller,MIA,23,0,73.7,60.0
2015,9447,14,75.9,,41,WR,294,45.4,DeVante Parker,MIA,271,0,72.9,71.3
2015,2997,16,74.4,,87,WR,205,46.4,Greg Jennings,MIA,129,1,53.4,53.5
2015,9205,16,52.3,87.5,17,HB,117,72.1,Damien Williams,MIA,22,0,64.8,70.4
2015,7888,13,24.0,51.9,67,TE,149,57.6,Dion Sims,MIA,13,142,60.2,51.4
2015,9582,9,86.0,88.3,3,HB,77,35.3,Jay Ajayi,MIA,5,1,74.6,53.0
2015,8353,11,68.0,81.7,22,TE,46,73.4,Jake Stoneburner,MIA,4,33,65.0,68.5
2015,7014,16,39.8,61.3,0,QB,1,64.7,Ryan Tannehill,MIA,0,0,67.9,91.2
2015,8825,3,,,1,WR,10,,Matt Hazel,MIA,9,0,54.3,53.5
2015,9547,9,,34.3,0,G,0,,Jamil Douglas,MIA,0,0,40.6,41.8
2016,8698,17,31.4,,417,WR,546,84.1,Jarvis Landry,MIA,154,1,84.6,86.5
2016,9447,16,80.5,65.7,96,WR,472,90.0,DeVante Parker,MIA,403,0,75.1,75.1
2016,7926,17,79.1,,214,WR,514,70.9,Kenny Stills,MIA,322,0,68.8,70.0
2016,7888,15,76.6,58.5,41,TE,328,78.0,Dion Sims,MIA,65,341,60.8,59.2
2016,9582,16,56.1,68.6,1,HB,240,59.9,Jay Ajayi,MIA,15,0,77.3,58.4
2016,9205,16,50.0,45.3,8,HB,106,85.7,Damien Williams,MIA,19,1,74.9,82.0
2016,8286,15,73.4,59.4,21,TE,82,64.7,MarQueis Gray,MIA,8,76,70.3,73.4
2016,6254,3,70.1,76.3,7,TE,61,54.9,Jordan Cameron,MIA,5,55,60.5,59.9
2016,10707,15,86.6,84.4,4,HB,68,38.7,Kenyan Drake,MIA,10,0,65.6,47.7
2016,6988,9,70.1,66.4,6,TE,25,54.5,Dominique Jones,MIA,5,29,79.7,77.8
2016,5398,4,78.2,81.8,2,HB,52,49.2,Arian Foster,MIA,5,1,52.0,53.4
2016,10720,7,65.8,,25,WR,67,70.5,Leonte Carroo,MIA,43,0,54.2,55.4
2016,7053,2,73.1,66.3,0,HB,12,64.7,Isaiah Pead,MIA,1,0,70.3,57.5
2016,10820,2,48.1,,2,WR,3,27.9,Jakeem Grant Sr.,MIA,1,0,40.2,39.3
2017,8698,16,29.0,62.2,410,WR,600,76.6,Jarvis Landry,MIA,211,4,79.5,80.2
2017,7926,16,18.5,,302,WR,621,76.4,Kenny Stills,MIA,347,0,59.9,62.5
2017,9447,13,41.8,,92,WR,458,69.2,DeVante Parker,MIA,382,1,69.5,68.7
2017,6281,14,30.4,74.9,71,TE,316,67.4,Julius Thomas,MIA,109,243,62.5,66.9
2017,10707,14,60.4,78.4,7,HB,263,43.4,Kenyan Drake,MIA,31,0,74.4,53.7
2017,9635,11,25.1,82.4,138,TE,234,59.9,A.J. Derby,MIA,52,73,55.6,53.7
2017,9205,11,83.6,39.2,3,HB,110,83.6,Damien Williams,MIA,13,3,64.3,79.5
2017,10820,12,88.3,,19,WR,87,47.7,Jakeem Grant Sr.,MIA,68,0,70.7,74.2
2017,2998,16,21.7,72.9,19,TE,138,80.0,Anthony Fasano,MIA,27,217,58.9,50.7
2017,10720,8,69.5,,47,WR,100,52.5,Leonte Carroo,MIA,54,0,54.9,55.5
2017,45671,1,65.8,,0,HB,6,70.5,De'Veon Smith,MIA,0,0,66.9,78.2
2017,8286,13,70.9,54.3,3,TE,25,28.8,MarQueis Gray,MIA,5,21,40.4,44.1
2017,9035,3,78.2,15.6,0,HB,11,64.7,Senorise Perry,MIA,2,0,63.0,56.5
2018,4717,15,56.6,61.4,354,WR,415,82.8,Danny Amendola,MIA,87,2,66.6,66.1
2018,10707,16,57.3,33.2,20,HB,300,59.8,Kenyan Drake,MIA,38,0,65.6,65.1
2018,7926,15,79.0,,167,WR,435,64.1,Kenny Stills,MIA,299,0,64.4,66.3
2018,9447,11,75.5,65.5,49,WR,226,74.2,DeVante Parker,MIA,196,0,69.2,68.2
2018,8943,7,78.8,61.6,48,WR,129,77.8,Albert Wilson,MIA,93,0,82.5,82.7
2018,47153,16,25.0,42.4,66,TE,218,84.5,Mike Gesicki,MIA,64,143,50.2,54.0
2018,10820,10,85.7,,38,WR,164,71.3,Jakeem Grant Sr.,MIA,132,0,70.5,71.0
2018,2282,14,75.4,53.1,8,HB,128,81.1,Frank Gore,MIA,10,0,80.3,74.9
2018,45741,8,82.2,25.3,0,HB,42,60.2,Kalen Ballage,MIA,2,0,56.6,66.3
2018,7991,8,69.5,,22,WR,72,75.6,Brice Butler,MIA,55,0,56.9,60.7
2018,9627,12,70.1,61.6,18,TE,101,76.5,Nick O'Leary,MIA,25,124,63.2,59.2
2018,47257,15,70.1,67.1,7,TE,44,74.6,Durham Smythe,MIA,1,76,55.5,59.8
2018,9635,4,65.8,78.9,9,TE,56,70.5,A.J. Derby,MIA,12,51,60.3,61.5
2018,10720,3,66.2,,7,WR,25,68.3,Leonte Carroo,MIA,19,0,76.1,74.0
2018,7469,4,20.9,,3,HB,11,70.5,Brandon Bolden,MIA,7,0,76.2,75.5
2018,7014,11,38.2,60.9,0,QB,2,64.7,Ryan Tannehill,MIA,0,0,45.3,90.3
2018,11991,1,,66.2,8,WR,7,,Isaiah Ford,MIA,0,0,54.8,55.0
2019,9447,16,81.7,,155,WR,635,64.7,DeVante Parker,MIA,518,2,79.2,79.8
2019,47153,16,38.8,66.6,407,TE,521,80.5,Mike Gesicki,MIA,63,101,60.5,60.5
2019,8943,13,37.9,,267,WR,310,53.3,Albert Wilson,MIA,62,1,62.3,63.6
2019,38855,8,40.9,,15,WR,267,42.0,Preston Williams,MIA,273,0,67.7,69.4
2019,8931,14,26.1,,206,WR,381,60.4,Allen Hurns,MIA,198,1,57.0,57.0
2019,11991,8,75.8,39.9,57,WR,148,61.5,Isaiah Ford,MIA,101,1,68.9,67.8
2019,10820,10,84.1,,64,WR,148,59.2,Jakeem Grant Sr.,MIA,91,1,62.1,64.4
2019,28219,8,85.4,26.3,11,HB,158,52.7,Patrick Laird,MIA,35,0,52.4,66.4
2019,11873,15,71.9,67.6,75,WR,222,45.7,Mack Hollins,MIA,168,0,49.5,50.2
2019,45996,7,53.0,32.8,6,HB,105,81.1,Mark Walton,MIA,3,0,67.5,48.4
2019,45741,12,86.2,75.1,7,HB,111,29.5,Kalen Ballage,MIA,5,0,58.2,42.7
2019,47257,16,73.4,66.7,58,TE,153,52.1,Durham Smythe,MIA,25,166,52.7,42.9
2019,10797,8,38.7,,43,WR,111,77.3,Trevor Davis,MIA,71,0,49.3,49.7
2019,45914,7,81.4,35.3,1,HB,67,31.8,Myles Gaskin,MIA,10,0,57.4,41.6
2019,9501,7,67.0,57.2,28,TE,50,27.0,Clive Walford,MIA,10,23,57.9,51.9
2019,9761,2,69.0,46.8,3,HB,15,29.9,Zach Zenner,MIA,0,0,46.5,44.4
2019,38554,16,61.2,37.8,0,G,1,64.7,Michael Deiter,MIA,0,1,42.5,68.1
2019,29578,1,61.2,,1,K,1,64.7,Jason Sanders,MIA,0,0,89.5,78.8
2019,8512,1,,,1,LB,1,,Deon Lacey,MIA,0,0,53.5,59.4
2019,50293,2,18.4,,0,DI,2,64.7,Christian Wilkins,MIA,1,0,28.0,26.3
2020,9447,14,45.6,64.5,111,WR,454,58.9,DeVante Parker,MIA,372,1,76.4,77.0
2020,47153,15,79.8,45.7,319,TE,439,73.9,Mike Gesicki,MIA,93,61,78.1,79.4
2020,10820,14,88.0,,68,WR,235,54.4,Jakeem Grant Sr.,MIA,177,2,70.9,71.0
2020,45914,10,61.2,71.9,25,HB,208,66.2,Myles Gaskin,MIA,34,0,74.5,75.4
2020,11991,10,76.3,,182,WR,263,66.8,Isaiah Ford,MIA,91,1,61.1,60.7
2020,61361,10,78.8,68.8,166,WR,212,86.9,Lynn Bowden,MIA,54,1,68.8,65.1
2020,38855,8,74.4,,20,WR,208,46.4,Preston Williams,MIA,201,0,65.5,64.7
2020,47257,15,76.2,68.3,31,TE,137,74.9,Durham Smythe,MIA,15,161,68.7,74.6
2020,11873,13,22.8,73.9,32,WR,151,39.8,Mack Hollins,MIA,129,1,58.2,54.9
2020,11800,16,71.9,60.6,56,TE,116,46.0,Adam Shaheen,MIA,8,96,66.0,64.3
2020,46513,8,74.2,,69,WR,103,38.7,Malcolm Perry,MIA,43,0,57.6,56.6
2020,57472,6,86.0,34.4,9,HB,82,60.2,Salvon Ahmed,MIA,5,0,70.5,55.6
2020,28219,12,26.3,44.0,12,HB,91,78.7,Patrick Laird,MIA,20,0,55.5,60.3
2020,10777,4,80.2,62.9,5,HB,33,46.3,DeAndre Washington,MIA,4,0,63.6,55.8
2020,12271,10,28.4,55.0,5,HB,63,77.3,Matt Breida,MIA,3,0,67.0,70.6
2020,48101,4,69.2,,8,WR,38,68.3,Antonio Callaway,MIA,35,0,60.5,59.9
2020,45629,8,64.0,61.9,0,FB,20,68.3,Chandler Cox,MIA,0,0,42.1,63.0
2020,2467,9,90.9,,0,QB,0,,Ryan Fitzpatrick,MIA,0,0,75.1,
2021,84088,16,64.9,,374,WR,579,64.1,Jaylen Waddle,MIA,238,1,78.3,78.5
2021,47153,17,81.8,36.6,370,TE,539,82.5,Mike Gesicki,MIA,173,44,68.7,70.8
2021,9447,10,78.1,,49,WR,347,58.4,DeVante Parker,MIA,321,0,72.8,73.2
2021,45914,17,66.7,50.5,15,HB,288,79.1,Myles Gaskin,MIA,40,0,64.8,70.6
2021,47257,17,77.8,65.0,89,TE,286,80.1,Durham Smythe,MIA,44,242,59.5,62.7
2021,8943,14,77.6,,103,WR,218,64.1,Albert Wilson,MIA,135,0,59.3,57.1
2021,11873,16,73.0,67.1,42,WR,215,38.4,Mack Hollins,MIA,185,2,58.1,57.1
2021,57472,12,84.0,43.3,6,HB,87,45.7,Salvon Ahmed,MIA,11,0,56.6,63.5
2021,38855,8,68.8,,18,WR,105,49.2,Preston Williams,MIA,90,0,59.2,55.9
2021,11800,12,72.7,63.8,77,TE,152,49.6,Adam Shaheen,MIA,24,103,59.3,53.9
2021,11991,12,71.9,,36,WR,84,79.4,Isaiah Ford,MIA,53,0,69.4,71.3
2021,10655,2,68.8,,13,WR,49,29.8,Will Fuller V,MIA,40,0,61.4,61.0
2021,9510,5,85.6,85.6,1,HB,55,41.6,Duke Johnson Jr.,MIA,2,0,72.1,53.2
2021,12660,14,87.5,36.5,4,HB,42,46.3,Phillip Lindsay,MIA,4,0,53.9,52.7
2021,9902,7,80.5,91.7,4,HB,36,72.1,Malcolm Brown,MIA,2,0,61.5,54.5
2021,35096,1,61.2,,0,WR,8,28.8,Kirk Merritt,MIA,8,0,56.4,56.6
2021,28219,6,68.3,66.3,4,HB,27,72.1,Patrick Laird,MIA,0,0,67.5,79.0
2021,60859,6,61.2,35.0,3,TE,22,64.7,Hunter Long,MIA,2,22,46.0,45.2
2021,47149,8,64.0,77.0,10,TE,15,68.3,Cethan Carter,MIA,5,6,65.6,69.9
2021,11231,1,73.8,,2,WR,2,64.7,Tommylee Lewis,MIA,0,0,81.3,76.7
2021,50293,2,61.2,62.0,0,DI,1,64.7,Christian Wilkins,MIA,0,0,64.3,81.5
2022,10799,18,67.1,,260,WR,579,89.7,Tyreek Hill,MIA,334,7,92.1,92.0
2022,84088,18,53.1,65.7,155,WR,569,51.1,Jaylen Waddle,MIA,443,0,82.6,83.5
2022,47153,18,77.1,54.9,213,TE,379,70.1,Mike Gesicki,MIA,99,106,60.5,62.2
2022,48021,18,76.8,69.0,235,WR,438,78.4,Trent Sherfield,MIA,224,0,61.5,59.4
2022,29413,17,51.9,40.9,46,HB,275,61.5,Jeff Wilson Jr.,MIA,33,2,65.7,48.4
2022,9783,16,82.6,54.1,55,HB,294,68.1,Raheem Mostert,MIA,22,0,75.7,60.8
2022,34934,18,76.4,67.4,51,FB,150,51.2,Alec Ingold,MIA,33,46,58.3,52.7
2022,47257,17,75.3,59.2,50,TE,176,81.7,Durham Smythe,MIA,18,201,62.7,56.6
2022,48170,16,85.3,,70,WR,147,63.5,Cedrick Wilson Jr.,MIA,83,0,64.3,63.8
2022,47417,12,72.0,,30,WR,89,78.0,River Cracraft,MIA,61,0,75.1,73.5
2022,45914,2,74.4,75.0,3,HB,22,72.1,Myles Gaskin,MIA,3,0,66.5,62.1
2022,57472,7,76.9,27.0,13,HB,33,72.1,Salvon Ahmed,MIA,3,0,73.5,79.9
2022,61457,3,13.3,,5,WR,19,68.3,Braylon Sanders,MIA,14,0,50.6,48.6
2022,22777,6,,,1,TE,11,25.5,Tanner Conner,MIA,6,7,30.9,29.3
2022,78148,1,61.2,,2,WR,3,64.7,Erik Ezukanma,MIA,1,0,59.7,59.6
2022,60859,10,61.2,50.5,6,TE,21,64.7,Hunter Long,MIA,5,32,57.5,57.2
2023,10799,17,64.4,,195,WR,500,63.6,Tyreek Hill,MIA,315,5,93.4,93.8
2023,84088,15,82.2,,106,WR,415,60.6,Jaylen Waddle,MIA,318,1,90.3,90.6
2023,48170,16,78.6,,123,WR,303,85.7,Cedrick Wilson Jr.,MIA,193,2,65.3,66.3
2023,47257,17,29.5,61.2,260,TE,433,90.1,Durham Smythe,MIA,90,175,53.7,53.4
2023,124305,12,71.0,65.7,68,HB,187,88.0,De'Von Achane,MIA,22,0,92.1,77.7
2023,47961,17,90.1,69.3,208,WR,335,75.5,Braxton Berrios,MIA,140,0,57.6,57.4
2023,9783,16,45.6,66.0,56,HB,276,65.4,Raheem Mostert,MIA,32,2,84.7,48.7
2023,57472,8,79.7,36.4,30,HB,92,66.7,Salvon Ahmed,MIA,6,0,61.0,58.8
2023,42312,11,70.1,70.4,31,WR,117,54.5,Chase Claypool,MIA,92,0,55.1,58.1
2023,29413,10,82.6,27.1,21,HB,96,65.6,Jeff Wilson Jr.,MIA,5,0,59.5,50.0
2023,47417,11,71.5,,25,WR,93,60.2,River Cracraft,MIA,70,0,66.7,68.1
2023,34934,18,74.0,77.2,45,FB,148,63.5,Alec Ingold,MIA,34,49,47.1,52.0
2023,40692,6,80.9,73.9,2,HB,37,52.1,Darrynton Evans,MIA,2,1,63.8,64.0
2023,88685,16,16.9,41.2,57,TE,114,74.6,Julian Hill,MIA,17,79,41.8,46.2
2023,11254,8,67.0,,15,WR,65,72.1,Robbie Chosen,MIA,54,0,64.5,67.8
2023,78148,2,68.6,,5,WR,13,,Erik Ezukanma,MIA,7,0,60.3,55.5
2024,10799,9,79.4,,107,WR,268,81.3,Tyreek Hill,MIA,174,0,68.3,70.1
2024,124305,9,89.5,31.6,50,HB,184,90.2,De'Von Achane,MIA,25,0,78.9,83.6
2024,84088,9,77.2,,69,WR,268,41.0,Jaylen Waddle,MIA,211,1,62.9,62.4
2024,11855,9,77.2,63.6,117,TE,190,51.7,Jonnu Smith,MIA,48,40,72.5,76.9
2024,88685,8,17.7,55.4,26,TE,72,75.6,Julian Hill,MIA,5,71,47.2,44.5
2024,9783,6,27.7,72.5,17,HB,75,56.7,Raheem Mostert,MIA,9,0,71.1,63.1
2024,47257,9,67.0,46.8,34,TE,62,28.7,Durham Smythe,MIA,5,48,42.0,37.8
2024,8647,5,68.0,,31,WR,54,45.8,Odell Beckham Jr.,MIA,27,0,48.6,49.4
2024,34934,8,16.4,64.3,27,FB,55,75.6,Alec Ingold,MIA,7,13,50.0,56.5
2024,97108,6,75.6,64.9,30,WR,63,72.1,Malik Washington,MIA,32,2,52.4,55.6
2024,47961,6,82.3,,47,WR,79,64.7,Braxton Berrios,MIA,38,0,44.9,46.9
2024,11254,2,61.2,,8,WR,21,64.7,Robbie Chosen,MIA,13,0,51.8,52.8
2024,22777,5,65.8,,9,TE,18,70.5,Tanner Conner,MIA,4,4,49.0,53.4
2024,111276,2,61.2,,10,WR,26,64.7,Grant DuBose,MIA,18,0,53.8,51.4
2024,78148,1,,,3,WR,7,,Erik Ezukanma,MIA,5,0,54.6,55.0
2024,29573,4,71.4,,2,WR,17,68.3,D'Wayne Eskridge,MIA,18,0,72.8,72.4
2024,29413,3,73.4,79.9,6,HB,21,68.3,Jeff Wilson Jr.,MIA,3,0,60.0,54.7
2024,146934,8,82.4,79.7,12,HB,49,28.9,Jaylen Wright,MIA,5,0,78.3,38.5
2006,588,16,80.6,,268,WR,546,70.8,Travis Taylor,MIN,303,2,61.5,61.5
2006,2224,14,22.8,,20,WR,354,28.2,Troy Williamson,MIN,354,1,56.8,56.7
2006,576,16,33.2,84.5,79,TE,337,55.0,Jermaine Wiggins,MIN,13,287,57.8,54.3
2006,1840,16,82.6,48.1,6,HB,182,77.0,Mewelde Moore,MIN,5,1,70.6,84.3
2006,272,10,20.6,,6,WR,239,58.1,Marcus Robinson,MIN,242,0,64.4,64.2
2006,1182,15,50.3,80.3,5,HB,238,61.0,Chester Taylor,MIN,10,0,58.1,60.3
2006,1409,16,75.1,,165,WR,232,84.9,Billy McMullen,MIN,76,1,63.6,63.2
2006,1361,11,73.4,,21,WR,134,78.0,Bethel Johnson,MIN,119,0,62.1,62.6
2006,469,16,69.5,70.0,4,TE,116,28.4,Jim Kleinsasser,MIN,3,205,73.5,30.4
2006,110,9,74.9,69.6,0,FB,75,80.6,Tony Richardson,MIN,0,3,75.4,80.0
2006,1936,7,70.1,68.6,3,TE,73,54.5,Jeff Dugan,MIN,3,10,62.1,60.8
2006,2141,16,68.0,62.9,16,TE,102,73.4,Richard Owens,MIN,10,93,53.2,45.8
2006,3440,1,15.2,,3,WR,36,72.1,Martin Nance,MIN,34,0,53.1,53.2
2006,1412,9,39.2,31.0,1,HB,15,68.3,Artose Pinner,MIN,0,0,64.2,57.3
2006,2329,4,77.0,60.5,0,HB,17,70.5,Ciatrick Fason,MIN,0,0,75.6,61.0
2007,1448,16,40.2,,298,WR,438,74.0,Bobby Wade,MIN,159,1,71.9,69.3
2007,811,15,76.8,,28,WR,310,69.0,Robert Ferguson,MIN,296,1,66.3,64.2
2007,3660,13,77.0,,13,WR,220,68.2,Sidney Rice,MIN,215,1,82.5,78.2
2007,1182,14,27.7,71.6,1,HB,204,51.6,Chester Taylor,MIN,8,0,70.2,56.1
2007,1406,16,76.1,48.8,42,TE,317,66.2,Visanthe Shiancoe,MIN,12,306,55.7,52.0
2007,2224,11,74.9,,10,WR,166,28.6,Troy Williamson,MIN,162,0,65.6,63.7
2007,3623,14,52.0,54.5,3,HB,142,44.9,Adrian Peterson,MIN,4,0,90.8,66.5
2007,3762,10,20.3,,22,WR,100,54.9,Aundrae Allison,MIN,83,0,57.2,57.2
2007,110,14,74.9,69.1,0,FB,91,78.7,Tony Richardson,MIN,1,3,76.9,69.6
2007,1840,6,27.4,62.6,4,HB,45,49.2,Mewelde Moore,MIN,3,0,60.6,50.1
2007,469,16,68.0,76.0,12,TE,114,73.4,Jim Kleinsasser,MIN,7,222,81.6,48.0
2007,1936,13,19.0,54.6,1,FB,40,74.6,Jeff Dugan,MIN,6,22,64.0,37.7
2007,3051,1,64.0,,2,TE,8,68.3,Garrett Mills,MIN,2,5,79.1,82.5
2007,3526,2,71.1,,0,FB,4,64.7,Naufahu Tahi,MIN,0,0,47.5,62.1
2008,1799,17,80.1,,71,WR,521,51.4,Bernard Berrian,MIN,478,1,71.2,70.7
2008,1448,17,41.6,,339,WR,462,43.0,Bobby Wade,MIN,153,0,66.5,62.8
2008,1406,17,78.5,69.6,56,TE,371,60.4,Visanthe Shiancoe,MIN,33,329,83.2,74.9
2008,1182,17,56.8,63.5,2,HB,202,86.9,Chester Taylor,MIN,6,0,68.6,71.0
2008,3660,14,73.9,,28,WR,167,82.2,Sidney Rice,MIN,152,0,67.9,69.1
2008,3623,17,29.7,62.5,3,HB,239,29.0,Adrian Peterson,MIN,12,0,64.9,33.9
2008,3526,17,23.0,57.4,3,FB,101,40.1,Naufahu Tahi,MIN,2,2,64.9,31.7
2008,3762,16,72.9,,55,WR,165,80.0,Aundrae Allison,MIN,122,0,58.3,59.5
2008,469,17,70.1,74.8,13,TE,144,35.3,Jim Kleinsasser,MIN,8,231,90.4,48.1
2008,3051,8,68.0,31.9,8,TE,47,45.8,Garrett Mills,MIN,12,33,63.5,63.8
2008,811,4,65.8,,5,WR,14,70.5,Robert Ferguson,MIN,10,0,69.6,69.6
2008,1936,10,70.0,72.0,3,FB,50,68.3,Jeff Dugan,MIN,9,32,52.3,47.4
2008,1880,1,61.2,,0,FB,8,64.7,Thomas Tapeh,MIN,0,0,55.7,60.1
2009,3660,18,65.0,68.1,133,WR,607,89.7,Sidney Rice,MIN,505,5,89.6,88.7
2009,1799,18,48.0,,59,WR,576,80.0,Bernard Berrian,MIN,547,0,67.7,67.8
2009,4945,17,56.8,,345,WR,376,62.0,Percy Harvin,MIN,43,0,82.3,83.4
2009,1406,18,80.5,73.6,65,TE,417,46.8,Visanthe Shiancoe,MIN,54,355,77.7,83.9
2009,1182,18,59.0,74.0,11,HB,236,57.4,Chester Taylor,MIN,14,2,52.0,64.2
2009,3623,18,32.7,78.0,2,HB,302,35.6,Adrian Peterson,MIN,11,0,63.4,43.8
2009,469,18,71.9,78.3,27,TE,207,46.0,Jim Kleinsasser,MIN,15,269,74.7,39.8
2009,3526,17,73.2,40.0,2,FB,84,78.7,Naufahu Tahi,MIN,0,1,62.1,64.7
2009,1650,13,70.6,,52,WR,99,77.3,Greg Lewis,MIN,53,0,63.7,63.0
2009,1936,18,71.3,59.4,13,TE,85,74.6,Jeff Dugan,MIN,6,51,66.4,58.4
2009,4661,5,,,7,WR,12,,Darius Reynaud,MIN,6,0,52.8,52.4
2009,4507,2,61.2,,0,WR,8,64.7,Jaymar Johnson,MIN,8,0,56.7,56.8
2009,14,18,90.8,61.3,0,QB,0,,Brett Favre,MIN,0,0,90.6,
2010,4945,14,83.7,,274,WR,364,70.4,Percy Harvin,MIN,105,0,87.6,87.0
2010,1406,16,79.3,65.7,63,TE,370,64.9,Visanthe Shiancoe,MIN,44,320,57.8,62.1
2010,1799,14,76.4,,28,WR,349,65.8,Bernard Berrian,MIN,341,0,54.4,53.3
2010,3623,15,90.0,37.2,7,HB,264,39.6,Adrian Peterson,MIN,5,0,86.5,52.4
2010,3660,6,73.6,,8,WR,175,54.8,Sidney Rice,MIN,172,1,68.4,68.3
2010,1650,13,73.6,,82,WR,213,54.5,Greg Lewis,MIN,143,0,54.2,54.2
2010,2523,16,74.4,,96,WR,208,70.5,Greg Camarillo,MIN,117,2,60.8,59.9
2010,5576,14,27.9,42.3,1,HB,133,49.8,Toby Gerhart,MIN,5,0,57.4,30.0
2010,469,16,73.6,76.5,13,TE,113,82.2,Jim Kleinsasser,MIN,13,200,79.9,63.7
2010,3687,4,19.7,76.7,3,HB,35,73.4,Lorenzo Booker,MIN,2,0,61.6,67.2
2010,3526,15,70.3,67.5,0,FB,67,75.6,Naufahu Tahi,MIN,0,2,54.6,60.5
2010,1936,16,69.4,54.6,10,TE,71,72.1,Jeff Dugan,MIN,9,61,63.3,48.7
2010,3220,5,61.2,,1,WR,35,28.8,Hank Baskett,MIN,37,0,48.8,50.4
2010,4665,3,75.4,73.2,0,HB,7,70.5,Albert Young,MIN,1,0,58.4,65.2
2011,4945,16,68.3,74.9,254,WR,390,65.9,Percy Harvin,MIN,109,0,86.5,87.9
2011,3178,16,76.1,,29,WR,399,37.7,Devin Aromashodu,MIN,382,2,63.3,60.8
2011,1406,16,77.7,79.1,57,TE,377,48.3,Visanthe Shiancoe,MIN,18,347,69.4,68.1
2011,1750,11,29.1,65.7,64,WR,317,64.5,Michael Jenkins,MIN,266,0,66.3,65.9
2011,6195,15,75.9,80.5,45,TE,240,75.5,Kyle Rudolph,MIN,26,174,78.3,67.9
2011,5576,16,75.7,69.7,2,HB,157,73.5,Toby Gerhart,MIN,4,2,77.0,66.7
2011,2523,12,70.6,68.1,68,WR,159,56.7,Greg Camarillo,MIN,86,0,58.4,58.0
2011,3623,12,81.1,60.9,1,HB,165,68.7,Adrian Peterson,MIN,0,0,83.7,60.2
2011,1799,5,70.1,,7,WR,137,54.5,Bernard Berrian,MIN,136,0,55.9,54.0
2011,3687,11,17.5,58.1,9,HB,56,35.7,Lorenzo Booker,MIN,1,0,39.6,44.5
2011,469,16,61.2,53.2,5,FB,84,64.7,Jim Kleinsasser,MIN,1,86,82.8,43.0
2011,5722,9,53.2,,8,QB,25,29.9,Joe Webb III,MIN,18,0,43.9,47.6
2011,6388,2,64.0,,6,WR,31,68.3,Stephen Burton,MIN,26,0,60.5,61.1
2011,5760,12,64.0,28.4,1,FB,39,68.3,Ryan D'Imperio,MIN,4,3,58.1,53.6
2011,6129,3,61.2,,0,WR,15,28.9,Emmanuel Arceneaux,MIN,15,0,55.3,54.6
2011,6493,4,61.2,,1,TE,10,64.7,Allen Reisner,MIN,1,7,78.2,70.2
2012,6195,17,80.1,73.5,186,TE,460,56.1,Kyle Rudolph,MIN,23,302,76.0,73.4
2012,4945,9,29.4,70.0,165,WR,261,90.0,Percy Harvin,MIN,91,2,90.8,92.1
2012,1750,17,78.4,73.4,92,WR,467,75.3,Michael Jenkins,MIN,376,19,65.9,62.3
2012,4360,13,19.8,,19,WR,287,46.4,Jerome Simpson,MIN,279,1,62.3,59.4
2012,3623,17,68.7,66.9,9,HB,308,58.7,Adrian Peterson,MIN,15,0,92.4,54.3
2012,7118,8,76.0,68.2,119,WR,159,32.1,Jarius Wright,MIN,41,1,65.4,63.2
2012,5576,17,28.4,62.3,3,HB,127,59.7,Toby Gerhart,MIN,7,0,55.4,60.0
2012,3178,16,71.5,,13,WR,223,78.7,Devin Aromashodu,MIN,220,1,64.0,59.7
2012,4352,15,70.1,37.2,39,TE,113,35.7,John Carlson,MIN,14,73,56.6,47.7
2012,6388,11,68.0,,17,WR,65,29.2,Stephen Burton,MIN,45,4,52.7,47.3
2012,7128,17,69.5,79.9,9,FB,44,75.6,Rhett Ellison,MIN,2,39,91.1,63.2
2012,4460,17,65.8,66.1,10,FB,67,70.5,Jerome Felton,MIN,5,1,82.0,60.0
2012,6432,4,69.0,69.6,0,FB,2,68.3,Matt Asiata,MIN,0,0,56.4,66.9
2012,6164,16,76.1,,0,QB,0,,Christian Ponder,MIN,0,0,57.0,
2013,2997,15,81.1,,335,WR,494,68.2,Greg Jennings,MIN,165,8,73.8,73.4
2013,4360,16,38.9,,64,WR,447,56.2,Jerome Simpson,MIN,398,1,73.5,71.3
2013,7810,16,87.9,,54,WR,290,53.9,Cordarrelle Patterson,MIN,237,0,80.4,72.2
2013,4352,13,44.8,71.3,77,TE,217,78.4,John Carlson,MIN,26,121,78.5,75.4
2013,6195,8,76.6,87.9,97,TE,231,77.8,Kyle Rudolph,MIN,20,114,70.3,69.3
2013,7118,16,80.6,61.4,79,WR,309,74.9,Jarius Wright,MIN,242,1,70.9,68.7
2013,3623,14,48.4,73.7,0,HB,260,57.0,Adrian Peterson,MIN,10,1,79.7,54.3
2013,5576,14,74.5,69.2,1,HB,107,63.5,Toby Gerhart,MIN,5,0,71.4,57.1
2013,7528,9,88.5,61.6,25,TE,69,44.2,Chase Ford,MIN,4,44,70.6,69.5
2013,5722,16,68.0,70.8,41,WR,105,73.4,Joe Webb III,MIN,64,1,50.5,49.2
2013,7128,11,68.4,78.6,36,FB,90,47.3,Rhett Ellison,MIN,2,60,71.5,55.1
2013,4460,13,70.1,63.0,13,FB,67,74.6,Jerome Felton,MIN,0,5,88.8,64.5
2013,6432,3,44.4,50.1,0,HB,39,45.8,Matt Asiata,MIN,7,0,61.1,54.8
2013,8420,3,61.2,81.2,1,FB,16,64.7,Zach Line,MIN,0,2,66.1,55.0
2013,7361,3,61.2,65.9,0,HB,22,64.7,Joe Banyard,MIN,5,0,57.3,53.1
2013,1847,1,,,0,ED,1,,Jared Allen,MIN,0,1,58.8,58.1
2014,2997,16,43.4,,396,WR,564,64.7,Greg Jennings,MIN,199,0,71.9,71.2
2014,7118,16,79.4,,90,WR,361,52.3,Jarius Wright,MIN,290,2,70.8,69.8
2014,6432,15,83.3,78.7,7,HB,226,40.6,Matt Asiata,MIN,9,0,53.4,48.1
2014,7810,15,58.1,,56,WR,362,70.1,Cordarrelle Patterson,MIN,323,1,67.3,63.7
2014,7998,11,28.0,,44,WR,275,78.5,Charles Johnson,MIN,244,0,67.6,67.3
2014,8731,11,89.5,41.3,1,HB,154,49.3,Jerick McKinnon,MIN,7,0,68.4,64.1
2014,6195,9,75.3,67.4,171,TE,238,51.8,Kyle Rudolph,MIN,23,67,63.2,59.5
2014,7528,11,80.5,81.6,137,TE,219,62.7,Chase Ford,MIN,35,67,72.1,69.1
2014,7128,16,80.5,48.4,83,TE,177,70.7,Rhett Ellison,MIN,14,115,72.2,67.3
2014,8288,15,70.1,,21,WR,78,54.9,Adam Thielen,MIN,61,0,71.1,66.3
2014,7361,9,82.9,74.7,1,HB,52,78.3,Joe Banyard,MIN,4,0,69.9,71.4
2014,3623,1,78.2,81.1,0,HB,9,68.3,Adrian Peterson,MIN,1,0,58.3,61.9
2014,4460,13,82.0,83.6,0,FB,23,,Jerome Felton,MIN,1,0,86.5,50.3
2015,9579,14,26.6,,73,WR,423,81.8,Stefon Diggs,MIN,375,1,78.4,78.9
2015,5007,17,78.4,,174,WR,487,57.5,Mike Wallace,MIN,342,1,58.7,60.6
2015,6195,17,79.3,53.8,200,TE,425,75.7,Kyle Rudolph,MIN,42,243,71.4,69.2
2015,7118,17,28.7,,229,WR,309,61.9,Jarius Wright,MIN,100,0,68.3,66.5
2015,3623,17,28.3,52.6,0,HB,231,78.4,Adrian Peterson,MIN,21,0,65.7,48.8
2015,8731,17,85.0,62.7,2,HB,87,74.2,Jerick McKinnon,MIN,14,0,73.5,82.1
2015,6432,17,81.5,73.7,0,HB,100,61.4,Matt Asiata,MIN,5,0,64.7,64.0
2015,8288,14,80.4,,53,WR,107,61.8,Adam Thielen,MIN,56,0,65.2,60.7
2015,9576,17,80.0,62.8,17,TE,75,80.0,MyCole Pruitt,MIN,14,63,66.5,66.5
2015,7128,15,71.8,71.7,15,TE,94,61.2,Rhett Ellison,MIN,7,132,76.8,63.4
2015,7998,10,71.1,,21,WR,91,58.9,Charles Johnson,MIN,76,0,64.7,63.9
2015,8420,16,91.0,81.5,0,FB,41,35.7,Zach Line,MIN,7,1,68.5,54.7
2015,7810,8,53.9,,5,WR,18,68.3,Cordarrelle Patterson,MIN,13,0,67.6,62.9
2016,6195,16,84.4,77.5,229,TE,539,69.3,Kyle Rudolph,MIN,43,349,73.2,75.3
2016,9579,13,84.0,,313,WR,474,85.9,Stefon Diggs,MIN,180,5,79.1,78.9
2016,8288,16,29.0,36.3,153,WR,498,86.9,Adam Thielen,MIN,366,6,79.9,77.5
2016,7810,16,58.6,67.1,97,WR,360,80.1,Cordarrelle Patterson,MIN,287,1,64.5,64.0
2016,8731,15,90.5,78.5,5,HB,254,76.3,Jerick McKinnon,MIN,28,1,59.3,67.6
2016,6432,16,73.7,67.7,5,HB,179,44.4,Matt Asiata,MIN,6,1,59.3,59.7
2016,7998,16,75.0,,24,WR,265,70.7,Charles Johnson,MIN,246,1,60.4,60.1
2016,7118,8,71.9,,45,WR,72,61.8,Jarius Wright,MIN,27,2,61.1,60.8
2016,7128,15,71.7,77.5,13,TE,74,78.0,Rhett Ellison,MIN,2,91,69.3,55.2
2016,3623,3,34.5,84.7,1,HB,38,36.2,Adrian Peterson,MIN,0,0,45.5,39.7
2016,10657,7,65.3,,10,WR,46,64.7,Laquon Treadwell,MIN,39,0,56.4,52.8
2016,8420,15,72.7,88.0,0,FB,34,,Zach Line,MIN,8,1,63.3,49.8
2016,5526,15,79.8,,0,QB,1,,Sam Bradford,MIN,2,0,76.7,59.3
2016,10822,5,67.8,76.2,2,TE,7,64.7,David Morgan,MIN,1,9,61.3,53.9
2017,8288,18,27.4,66.8,338,WR,641,76.9,Adam Thielen,MIN,350,5,82.4,80.1
2017,9579,16,83.2,,132,WR,529,79.5,Stefon Diggs,MIN,432,6,82.6,84.0
2017,6195,18,80.6,61.9,247,TE,480,90.0,Kyle Rudolph,MIN,40,320,68.2,72.0
2017,8731,18,57.8,79.0,8,HB,345,86.4,Jerick McKinnon,MIN,44,1,79.6,83.6
2017,10657,18,24.5,,28,WR,318,70.5,Laquon Treadwell,MIN,316,0,53.3,53.8
2017,7118,18,75.6,,189,WR,220,85.3,Jarius Wright,MIN,40,5,72.3,72.9
2017,7962,18,83.5,70.3,1,HB,145,69.6,Latavius Murray,MIN,14,0,67.7,62.2
2017,7019,13,71.1,,22,WR,86,58.9,Michael Floyd,MIN,72,3,59.6,60.7
2017,11796,4,67.9,64.7,2,HB,57,28.4,Dalvin Cook,MIN,9,0,69.9,36.6
2017,10822,17,71.8,57.7,25,TE,85,79.6,David Morgan,MIN,1,109,85.5,78.3
2017,11347,18,74.4,89.1,4,FB,42,52.1,C.J. Ham,MIN,7,5,59.9,57.1
2017,9550,13,67.0,64.8,21,TE,54,72.1,Blake Bell,MIN,5,39,55.7,54.9
2017,11974,3,69.2,,3,WR,11,,Stacy Coley,MIN,9,0,53.1,53.2
2017,10115,2,73.8,72.4,0,HB,4,64.7,Mack Brown,MIN,1,0,68.4,71.2
2018,8288,16,62.9,77.7,393,WR,655,90.0,Adam Thielen,MIN,295,6,89.4,89.4
2018,9579,15,84.5,66.3,140,WR,595,91.2,Stefon Diggs,MIN,481,3,81.1,81.0
2018,6195,16,81.1,57.4,298,TE,546,90.1,Kyle Rudolph,MIN,56,293,63.6,65.9
2018,11796,11,43.2,84.1,13,HB,244,66.9,Dalvin Cook,MIN,9,4,72.6,67.7
2018,10657,15,77.3,,82,WR,368,45.1,Laquon Treadwell,MIN,304,0,51.3,52.1
2018,6330,14,74.2,,49,WR,175,54.3,Aldrick Robinson,MIN,138,0,61.8,61.4
2018,7962,16,90.2,71.7,2,HB,221,84.9,Latavius Murray,MIN,9,1,75.7,60.2
2018,11347,14,74.6,84.1,8,FB,59,43.5,C.J. Ham,MIN,5,3,50.9,52.7
2018,47124,16,68.0,76.4,13,TE,48,45.8,Tyler Conklin,MIN,12,48,59.0,60.6
2018,10822,11,68.0,73.4,5,TE,39,73.4,David Morgan,MIN,0,86,55.4,60.5
2018,21528,3,67.0,,32,WR,37,72.1,Chad Beebe,MIN,8,0,64.2,63.8
2018,9487,6,25.4,72.4,1,HB,13,70.5,Ameer Abdullah,MIN,3,0,63.5,68.1
2018,27875,5,73.6,,2,HB,18,68.3,Roc Thomas,MIN,4,0,58.5,46.9
2018,31615,5,74.8,5.2,2,HB,22,29.9,Mike Boone,MIN,4,0,51.8,41.0
2018,66438,7,72.8,,8,WR,9,64.7,Brandon Zylstra,MIN,1,0,71.0,67.4
2018,7102,16,61.1,,0,QB,0,,Kirk Cousins,MIN,0,0,79.3,
2019,9579,17,23.9,,84,WR,484,69.0,Stefon Diggs,MIN,436,0,78.3,77.6
2019,11796,16,50.0,37.3,7,HB,317,46.9,Dalvin Cook,MIN,18,3,76.1,59.7
2019,8288,12,35.4,,95,WR,287,59.9,Adam Thielen,MIN,213,0,75.4,78.3
2019,6195,17,79.2,59.3,53,TE,382,90.3,Kyle Rudolph,MIN,17,422,71.0,76.4
2019,42060,18,29.7,64.3,136,TE,343,74.4,Irv Smith Jr.,MIN,55,194,64.3,62.0
2019,47882,17,78.3,66.2,144,WR,321,70.8,Olabisi Johnson,MIN,196,0,63.7,62.0
2019,11347,18,27.9,82.1,3,FB,101,69.6,C.J. Ham,MIN,13,22,63.7,62.6
2019,9487,18,49.7,87.2,7,HB,93,82.2,Ameer Abdullah,MIN,14,1,58.5,64.2
2019,10657,14,70.6,,25,WR,83,77.3,Laquon Treadwell,MIN,61,0,71.3,74.8
2019,45817,15,68.2,27.7,1,HB,80,78.7,Alexander Mattison,MIN,8,0,70.0,66.9
2019,47124,17,70.6,69.5,11,TE,75,77.3,Tyler Conklin,MIN,4,94,52.8,56.5
2019,63664,6,64.0,,5,WR,34,27.3,Alexander Hollins,MIN,32,0,55.2,54.7
2019,31615,4,83.0,79.8,1,HB,20,36.2,Mike Boone,MIN,1,0,78.1,43.6
2019,46013,18,,41.4,0,C,1,70.6,Garrett Bradbury,MIN,0,0,57.8,69.2
2019,21528,3,79.1,,14,WR,19,68.3,Chad Beebe,MIN,8,0,66.4,71.1
2019,7102,17,42.7,70.7,0,QB,1,,Kirk Cousins,MIN,0,0,84.2,60.0
2020,61398,16,55.0,,171,WR,526,82.3,Justin Jefferson,MIN,392,0,90.4,90.5
2020,8288,15,82.2,,145,WR,498,77.6,Adam Thielen,MIN,389,2,87.4,87.9
2020,11796,14,60.9,45.5,9,HB,263,68.6,Dalvin Cook,MIN,22,2,89.0,62.1
2020,42060,13,77.0,29.2,75,TE,281,78.9,Irv Smith Jr.,MIN,32,215,70.0,75.4
2020,6195,12,27.0,73.8,21,TE,247,87.3,Kyle Rudolph,MIN,6,269,66.5,66.6
2020,21528,14,81.1,,161,WR,220,70.5,Chad Beebe,MIN,72,0,57.2,60.2
2020,47124,16,24.2,54.2,43,TE,212,69.6,Tyler Conklin,MIN,23,191,52.6,54.5
2020,47882,14,73.3,,23,WR,138,67.0,Olabisi Johnson,MIN,122,3,67.0,68.1
2020,45817,13,88.1,78.0,4,HB,96,64.4,Alexander Mattison,MIN,7,2,80.9,63.8
2020,11347,15,74.6,57.1,3,FB,108,54.5,C.J. Ham,MIN,15,22,60.1,52.6
2020,9487,11,80.7,14.6,8,HB,52,77.3,Ameer Abdullah,MIN,10,1,66.1,71.9
2020,10774,4,,,2,WR,13,,Tajae Sharpe,MIN,10,1,46.7,45.8
2020,31615,7,75.7,61.2,0,HB,10,68.3,Mike Boone,MIN,1,0,78.1,60.8
2020,91468,3,61.2,,1,TE,6,64.7,Brandon Dillon,MIN,0,5,55.7,55.2
2021,61398,17,60.9,,205,WR,623,69.4,Justin Jefferson,MIN,453,0,90.1,90.1
2021,8288,13,48.1,,116,WR,446,86.5,Adam Thielen,MIN,356,0,74.6,73.5
2021,47124,17,43.9,58.5,62,TE,480,90.0,Tyler Conklin,MIN,35,501,66.7,70.4
2021,23503,17,81.5,67.6,274,WR,504,80.1,K.J. Osborn,MIN,262,0,64.9,65.8
2021,11796,13,74.0,52.7,15,HB,263,44.4,Dalvin Cook,MIN,22,7,65.8,51.6
2021,45817,16,71.4,54.6,17,HB,196,68.8,Alexander Mattison,MIN,10,7,61.0,61.3
2021,11347,17,76.7,65.6,5,FB,90,83.6,C.J. Ham,MIN,6,52,69.9,81.4
2021,11865,15,52.0,,106,WR,165,78.7,Dede Westbrook,MIN,66,0,53.1,52.3
2021,47164,16,67.0,75.0,20,TE,91,28.6,Chris Herndon,MIN,13,71,52.6,47.9
2021,61324,6,72.7,,28,WR,67,73.4,Ihmir Smith-Marsette,MIN,43,0,64.3,65.5
2021,40547,4,82.2,69.4,0,HB,14,72.1,Kene Nwangwu,MIN,0,2,68.2,63.8
2021,6256,12,64.0,44.2,3,TE,25,68.3,Luke Stocker,MIN,0,45,46.0,45.6
2021,27766,5,,44.9,0,TE,16,27.9,Ben Ellefson,MIN,0,26,40.3,30.1
2021,46013,13,,43.7,0,C,0,67.6,Garrett Bradbury,MIN,0,0,60.2,70.8
2021,11895,6,79.7,19.9,0,HB,14,64.7,Wayne Gallman,MIN,1,0,63.2,63.2
2022,61398,18,86.0,,225,WR,729,83.1,Justin Jefferson,MIN,544,0,90.2,90.2
2022,40912,18,83.4,52.8,250,TE,604,75.5,T.J. Hockenson,MIN,117,342,73.2,76.4
2022,8288,18,81.7,65.0,252,WR,711,90.4,Adam Thielen,MIN,504,0,65.5,66.3
2022,23503,18,46.6,71.5,387,WR,622,90.9,K.J. Osborn,MIN,277,0,65.2,65.3
2022,11796,18,56.9,48.7,8,HB,424,55.9,Dalvin Cook,MIN,36,49,68.0,62.1
2022,42060,9,26.2,44.4,44,TE,181,64.1,Irv Smith Jr.,MIN,40,129,56.4,56.4
2022,12206,18,75.0,56.4,17,TE,155,58.1,Johnny Mundt,MIN,22,175,53.9,56.9
2022,45817,18,86.1,61.4,4,HB,160,39.8,Alexander Mattison,MIN,12,16,71.5,43.4
2022,61697,14,23.4,,21,WR,53,76.5,Jalen Reagor,MIN,33,0,68.2,68.2
2022,84292,6,70.6,,7,WR,31,77.3,Jalen Nailor,MIN,22,0,91.6,90.8
2022,11347,18,73.4,54.7,7,FB,47,78.0,C.J. Ham,MIN,4,16,59.8,77.7
2022,27766,4,65.8,72.2,0,TE,6,70.5,Ben Ellefson,MIN,1,18,79.1,89.5
2022,40547,3,84.9,11.2,0,HB,7,68.3,Kene Nwangwu,MIN,0,0,56.4,73.3
2022,7102,18,71.1,,0,QB,5,64.7,Kirk Cousins,MIN,0,0,79.3,53.6
2023,40912,15,56.6,65.6,215,TE,508,79.7,T.J. Hockenson,MIN,68,280,78.8,82.4
2023,123000,17,81.4,,185,WR,606,80.3,Jordan Addison,MIN,454,0,68.6,69.7
2023,61398,10,48.1,,118,WR,369,86.5,Justin Jefferson,MIN,272,0,91.1,91.2
2023,23503,16,79.0,73.6,210,WR,558,35.7,K.J. Osborn,MIN,384,0,53.9,54.3
2023,48036,13,64.2,76.7,194,WR,287,57.2,Brandon Powell,MIN,111,0,61.7,63.6
2023,45817,16,52.5,49.5,4,HB,278,37.2,Alexander Mattison,MIN,16,15,61.8,41.2
2023,47083,17,25.0,57.6,11,TE,142,72.1,Josh Oliver,MIN,9,204,75.1,67.9
2023,62942,12,89.0,49.3,5,HB,122,72.1,Ty Chandler,MIN,2,5,76.3,72.9
2023,12206,16,74.1,56.1,33,TE,115,69.9,Johnny Mundt,MIN,14,84,70.8,72.5
2023,57206,7,84.8,71.2,1,HB,46,79.4,Cam Akers,MIN,4,2,69.7,76.4
2023,11347,17,70.3,74.8,4,FB,90,52.1,C.J. Ham,MIN,5,22,57.6,43.8
2023,84292,4,65.8,,17,WR,53,36.2,Jalen Nailor,MIN,41,0,51.2,50.8
2023,41247,4,65.8,,18,WR,52,70.5,Trishton Jackson,MIN,35,0,54.7,54.3
2023,61079,1,61.2,,0,TE,1,64.7,Nick Muse,MIN,0,1,89.2,90.4
2024,61398,9,40.8,,93,WR,295,73.4,Justin Jefferson,MIN,226,0,85.9,86.6
2024,11937,9,74.9,79.3,4,HB,162,86.9,Aaron Jones,MIN,13,6,82.3,81.7
2024,123000,7,76.3,67.4,81,WR,212,85.3,Jordan Addison,MIN,153,0,67.1,69.4
2024,84292,9,75.5,,97,WR,194,67.7,Jalen Nailor,MIN,114,0,65.0,66.2
2024,12206,9,73.0,60.9,65,TE,155,51.2,Johnny Mundt,MIN,33,80,51.4,53.3
2024,47083,9,74.0,75.3,9,TE,119,81.7,Josh Oliver,MIN,5,137,75.9,73.1
2024,40912,2,71.9,71.1,21,TE,54,79.4,T.J. Hockenson,MIN,9,28,83.0,81.9
2024,57206,6,53.5,30.0,3,HB,58,75.6,Cam Akers,MIN,3,2,67.7,57.6
2024,48036,9,81.3,70.7,48,WR,90,72.1,Brandon Powell,MIN,49,0,59.5,59.5
2024,48021,9,68.8,65.7,19,WR,34,74.6,Trent Sherfield,MIN,17,0,69.3,70.4
2024,62942,8,83.2,44.3,1,HB,56,74.6,Ty Chandler,MIN,3,8,54.2,61.2
2024,11347,9,15.3,78.3,4,FB,33,68.3,C.J. Ham,MIN,2,8,54.8,29.9
2024,45914,1,73.0,,1,HB,2,64.7,Myles Gaskin,MIN,0,0,63.1,84.2
2006,1055,19,28.4,,84,WR,619,62.3,Reche Caldwell,NE,566,0,66.6,66.4
2006,1753,16,22.6,56.4,306,TE,450,39.4,Benjamin Watson,NE,25,193,66.6,65.0
2006,56,19,79.8,,343,WR,487,60.1,Troy Brown,NE,161,1,62.8,62.5
2006,470,18,84.7,79.9,24,HB,260,55.3,Kevin Faulk,NE,19,0,63.8,67.3
2006,1040,14,77.0,,67,WR,282,60.5,Jabar Gaffney,NE,229,0,66.9,66.6
2006,1028,15,26.1,66.6,122,TE,204,43.3,Daniel Graham,NE,3,210,78.1,66.3
2006,2966,16,72.2,78.3,3,HB,125,40.0,Laurence Maroney,NE,2,0,57.7,64.1
2006,2981,13,74.5,,46,WR,119,28.1,Chad Jackson,NE,78,0,59.4,58.8
2006,249,19,57.4,74.2,0,HB,111,81.7,Corey Dillon,NE,9,0,48.7,65.9
2006,3031,16,71.5,53.8,52,TE,109,78.7,Dave Thomas,NE,10,72,77.4,69.9
2006,843,17,35.1,59.5,1,FB,65,78.7,Heath Evans,NE,5,3,68.2,77.3
2006,2095,3,64.6,,4,WR,36,28.8,Kelvin Kight,NE,34,0,47.0,45.0
2006,709,2,19.1,75.8,0,HB,6,68.3,Patrick Pass,NE,1,0,40.5,85.9
2006,2532,2,64.0,,1,WR,7,68.3,Brandon Childress,NE,4,0,62.4,63.6
2006,268,3,,,0,ED,4,,Mike Vrabel,NE,0,4,50.8,47.4
2007,342,19,83.9,,102,WR,703,55.4,Randy Moss,NE,633,0,87.2,87.3
2007,2204,19,47.1,61.5,577,WR,637,87.7,Wes Welker,NE,88,0,88.4,86.2
2007,1020,19,80.0,,40,WR,492,60.6,Donte' Stallworth,NE,473,0,68.5,66.6
2007,470,19,68.1,71.4,38,HB,377,79.2,Kevin Faulk,NE,54,0,74.9,75.6
2007,1753,15,44.9,70.7,225,TE,325,43.5,Benjamin Watson,NE,24,140,68.7,67.5
2007,1040,19,78.1,84.7,199,WR,370,74.4,Jabar Gaffney,NE,185,1,68.6,69.3
2007,118,17,71.5,69.3,66,TE,150,78.7,Kyle Brady,NE,0,180,67.3,55.3
2007,2966,16,91.1,64.0,1,HB,112,56.7,Laurence Maroney,NE,1,0,86.5,64.1
2007,678,6,86.9,74.3,2,HB,64,75.6,Sammy Morris,NE,4,0,73.9,59.4
2007,843,17,81.2,72.5,2,FB,72,45.8,Heath Evans,NE,19,1,72.6,50.5
2007,268,8,64.0,65.0,0,ED,8,29.9,Mike Vrabel,NE,0,10,64.9,65.6
2007,981,3,,76.3,9,TE,13,27.9,Marcellus Rivers,NE,2,20,45.5,38.8
2007,2574,5,80.2,79.7,0,FB,8,64.7,Kyle Eckel,NE,0,0,57.6,58.5
2007,3031,1,61.2,,0,TE,1,64.7,Dave Thomas,NE,0,1,80.1,90.2
2007,2249,19,62.3,77.7,0,G,0,67.6,Logan Mankins,NE,0,0,92.2,66.9
2008,2204,16,61.8,,472,WR,550,75.2,Wes Welker,NE,94,0,74.9,74.9
2008,342,16,29.3,,126,WR,585,35.2,Randy Moss,NE,477,0,70.0,68.6
2008,470,15,88.5,27.4,21,HB,313,75.4,Kevin Faulk,NE,31,0,67.4,78.5
2008,1040,16,77.9,,184,WR,488,29.6,Jabar Gaffney,NE,320,0,57.9,54.7
2008,1753,14,25.3,64.8,191,TE,370,29.0,Benjamin Watson,NE,22,250,64.7,44.8
2008,678,13,75.9,50.7,6,HB,119,82.2,Sammy Morris,NE,23,0,67.1,74.7
2008,3031,14,70.6,39.7,63,TE,183,77.3,Dave Thomas,NE,7,143,61.2,50.3
2008,1439,12,70.1,,15,WR,85,54.5,Sam Aiken,NE,72,0,63.8,62.3
2008,4599,7,85.7,77.8,0,HB,41,28.0,BenJarvus Green-Ellis,NE,1,0,42.5,30.5
2008,843,12,74.6,44.2,4,FB,53,70.5,Heath Evans,NE,12,0,61.2,56.1
2008,1380,1,61.2,,5,WR,8,64.7,Kelley Washington,NE,3,0,61.2,56.5
2008,4467,4,,,0,WR,10,,Matthew Slater,NE,11,0,52.2,52.9
2008,4890,2,,68.6,6,TE,7,,Tyson DeVree,NE,0,1,52.9,53.4
2009,2204,14,85.3,,340,WR,449,83.5,Wes Welker,NE,130,0,90.6,90.6
2009,342,17,29.4,,134,WR,623,61.6,Randy Moss,NE,529,0,75.5,74.0
2009,5156,12,78.9,,212,WR,262,61.2,Julian Edelman,NE,66,0,69.5,68.9
2009,470,16,87.8,73.5,37,HB,317,61.2,Kevin Faulk,NE,41,0,62.4,58.4
2009,1439,13,74.6,,67,WR,272,71.5,Sam Aiken,NE,223,0,61.1,57.9
2009,1753,17,76.6,59.4,196,TE,368,49.8,Benjamin Watson,NE,49,196,64.9,60.1
2009,678,13,37.7,81.1,3,HB,106,40.2,Sammy Morris,NE,19,0,61.1,59.6
2009,1091,17,73.0,75.2,77,TE,197,81.1,Chris Baker,NE,16,233,73.1,54.0
2009,2966,16,39.9,35.1,3,HB,106,65.6,Laurence Maroney,NE,12,0,44.1,61.4
2009,3719,5,65.8,,10,WR,65,36.8,Isaiah Stanback,NE,59,0,52.3,49.5
2009,4599,7,79.1,70.6,1,HB,57,25.0,BenJarvus Green-Ellis,NE,1,0,37.0,26.2
2009,333,7,52.9,80.8,2,HB,46,30.0,Fred Taylor,NE,5,0,50.4,41.6
2009,5006,2,61.9,,1,WR,14,,Brandon Tate,NE,13,0,56.1,52.6
2009,4467,4,64.6,,4,WR,22,64.7,Matthew Slater,NE,21,0,62.9,61.7
2010,2204,16,83.1,75.3,343,WR,472,31.7,Wes Welker,NE,151,0,76.4,76.1
2010,1072,16,46.3,,107,WR,499,72.9,Deion Branch,NE,413,1,75.5,73.9
2010,5637,15,79.6,75.1,171,TE,309,30.0,Aaron Hernandez,NE,48,96,68.9,67.8
2010,5567,17,34.5,63.0,133,TE,316,70.5,Rob Gronkowski,NE,10,279,86.2,81.1
2010,4914,16,54.7,52.1,26,HB,278,82.6,Danny Woodhead,NE,39,0,74.1,76.6
2010,5006,17,27.8,,29,WR,324,51.8,Brandon Tate,NE,312,0,59.2,57.4
2010,4599,17,91.0,21.6,5,HB,137,65.6,BenJarvus Green-Ellis,NE,9,0,63.4,49.2
2010,805,17,71.9,62.7,35,TE,130,45.7,Alge Crumpler,NE,16,164,76.4,53.8
2010,5156,16,72.2,,44,WR,79,27.5,Julian Edelman,NE,35,0,57.3,48.7
2010,678,15,78.4,80.2,2,FB,51,32.2,Sammy Morris,NE,3,1,57.7,44.1
2010,470,2,74.1,81.8,4,HB,29,29.7,Kevin Faulk,NE,4,0,63.4,61.6
2010,5614,1,65.8,,2,WR,13,70.5,Taylor Price,NE,11,0,71.7,70.9
2010,333,5,82.3,33.3,0,HB,12,68.3,Fred Taylor,NE,2,0,68.4,59.1
2010,4467,5,,,3,WR,5,,Matthew Slater,NE,2,0,58.2,56.3
2011,2204,19,86.3,65.9,543,WR,718,49.7,Wes Welker,NE,205,0,89.2,87.8
2011,5567,19,84.1,61.4,367,TE,646,69.8,Rob Gronkowski,NE,40,338,92.9,91.9
2011,5637,17,39.2,60.0,265,TE,595,71.8,Aaron Hernandez,NE,169,142,81.7,83.9
2011,1072,18,80.2,,98,WR,627,75.9,Deion Branch,NE,557,0,68.2,66.6
2011,4914,18,88.5,52.9,20,HB,253,74.3,Danny Woodhead,NE,77,0,62.0,54.7
2011,806,17,73.6,,24,WR,250,67.7,Chad Johnson,NE,241,0,64.8,64.8
2011,4599,19,90.9,68.5,2,HB,146,45.7,BenJarvus Green-Ellis,NE,26,0,74.0,56.4
2011,5156,14,72.6,,64,WR,102,74.6,Julian Edelman,NE,41,0,56.0,55.7
2011,470,6,77.4,79.8,1,HB,53,52.1,Kevin Faulk,NE,9,0,57.8,53.3
2011,5177,8,65.8,,5,WR,48,36.2,Tiquan Underwood,NE,47,0,57.0,56.3
2011,6225,12,39.7,79.9,3,HB,66,72.1,Stevan Ridley,NE,26,0,58.5,37.8
2011,4467,6,61.2,,3,WR,22,28.8,Matthew Slater,NE,19,0,60.7,58.0
2011,5807,3,,71.2,0,LB,2,,Dane Fletcher,NE,0,0,53.8,56.6
2012,2204,18,43.8,64.9,621,WR,712,31.3,Wes Welker,NE,129,1,82.1,80.6
2012,1436,18,82.7,,66,WR,691,61.4,Brandon Lloyd,NE,666,0,77.0,74.2
2012,5637,12,81.5,75.1,237,TE,402,40.4,Aaron Hernandez,NE,99,92,73.0,74.6
2012,5567,12,40.6,71.3,247,TE,329,49.3,Rob Gronkowski,NE,14,157,90.9,87.2
2012,4914,17,66.6,79.3,9,HB,294,83.6,Danny Woodhead,NE,61,2,67.4,64.1
2012,5156,9,26.6,,46,WR,181,50.8,Julian Edelman,NE,145,0,62.9,63.5
2012,1072,12,73.9,,103,WR,336,68.7,Deion Branch,NE,250,0,53.5,50.8
2012,6208,15,59.5,69.4,2,HB,112,67.0,Shane Vereen,NE,39,0,73.3,69.7
2012,6225,18,51.8,68.1,4,HB,199,32.2,Stevan Ridley,NE,51,0,70.3,38.4
2012,3309,14,67.0,79.8,57,TE,80,41.6,Daniel Fells,NE,6,61,74.4,56.0
2012,5655,16,68.0,76.8,68,TE,79,73.4,Michael Hoomanawanui,NE,7,60,75.3,59.9
2012,1020,1,61.2,,2,WR,11,64.7,Donte' Stallworth,NE,11,0,82.7,80.6
2012,1727,1,61.2,,0,TE,3,28.9,Kellen Winslow,NE,0,3,54.6,52.5
2012,7469,6,83.7,31.9,0,HB,28,68.3,Brandon Bolden,NE,12,0,74.4,61.4
2012,1406,4,,70.4,11,TE,20,28.0,Visanthe Shiancoe,NE,3,9,47.5,40.2
2013,5156,18,58.1,68.9,351,WR,662,58.2,Julian Edelman,NE,346,5,81.2,80.8
2013,4717,14,83.1,73.6,352,WR,425,37.1,Danny Amendola,NE,104,2,72.7,69.8
2013,6208,10,64.2,89.7,20,HB,249,34.7,Shane Vereen,NE,49,0,75.3,81.8
2013,7840,13,29.5,,54,WR,327,28.7,Aaron Dobson,NE,301,1,64.1,62.6
2013,8126,13,76.8,,65,WR,370,42.1,Kenbrell Thompkins,NE,322,0,64.4,62.5
2013,5567,7,78.1,69.9,135,TE,215,74.4,Rob Gronkowski,NE,28,93,91.0,91.1
2013,7469,11,84.8,56.6,5,HB,152,39.3,Brandon Bolden,NE,18,2,57.2,46.7
2013,5655,15,73.2,63.7,111,TE,244,66.4,Michael Hoomanawanui,NE,27,264,58.5,54.8
2013,7884,9,76.9,,32,WR,122,28.1,Josh Boyce,NE,96,0,60.8,58.2
2013,5051,9,71.9,,26,WR,109,79.4,Austin Collie,NE,90,0,71.5,69.7
2013,6225,16,38.5,86.3,0,HB,92,78.0,Stevan Ridley,NE,2,1,77.5,43.6
2013,4701,16,65.8,65.3,6,TE,45,70.5,Matthew Mulligan,NE,2,109,66.7,54.9
2013,6142,18,71.8,54.8,21,FB,105,72.1,James Develin,NE,44,23,64.4,54.0
2013,5863,17,57.3,89.1,0,HB,72,68.3,LeGarrette Blount,NE,4,0,82.2,53.5
2013,6293,4,,75.1,6,TE,21,,D.J. Williams Jr.,NE,3,19,42.3,45.3
2013,698,18,67.5,,0,QB,0,,Tom Brady,NE,0,0,79.0,
2013,6169,17,,79.4,0,T,1,,Nate Solder,NE,0,7,84.9,57.8
2013,4467,3,62.8,,0,WR,7,,Matthew Slater,NE,7,0,57.9,54.7
2014,5156,17,28.9,73.3,288,WR,647,48.8,Julian Edelman,NE,400,5,78.0,77.6
2014,5567,18,83.5,76.9,285,TE,574,57.3,Rob Gronkowski,NE,153,241,91.3,91.4
2014,5602,19,56.8,61.6,127,WR,670,66.3,Brandon LaFell,NE,588,0,72.6,71.4
2014,6208,19,90.0,70.9,30,HB,476,82.2,Shane Vereen,NE,76,0,65.9,77.9
2014,4717,19,64.5,,333,WR,382,45.3,Danny Amendola,NE,74,1,58.9,59.6
2014,8392,19,76.0,73.0,181,TE,260,74.9,Tim Wright,NE,35,60,61.2,62.7
2014,7321,12,68.8,,15,WR,86,49.2,Brian Tyms,NE,77,0,58.0,56.7
2014,5863,19,78.8,68.7,4,HB,75,78.0,LeGarrette Blount,NE,0,1,82.3,66.3
2014,5655,19,71.6,63.6,65,TE,156,60.6,Michael Hoomanawanui,NE,41,140,51.9,49.8
2014,6142,17,80.5,78.7,8,FB,70,76.5,James Develin,NE,15,10,77.9,56.2
2014,7469,14,80.2,81.1,4,HB,43,70.5,Brandon Bolden,NE,2,0,60.4,55.8
2014,8765,3,74.3,75.0,0,HB,17,73.4,James White,NE,2,0,53.3,63.0
2014,7840,4,65.8,,6,WR,27,70.5,Aaron Dobson,NE,23,0,67.9,71.7
2014,6225,6,87.5,84.2,1,HB,55,72.1,Stevan Ridley,NE,3,1,63.0,52.1
2014,7393,7,87.3,80.9,0,HB,37,64.7,Jonas Gray,NE,1,0,72.8,54.9
2014,6028,1,,73.9,0,TE,6,27.9,Steve Maneri,NE,0,9,65.9,29.3
2014,6169,19,61.2,72.2,0,T,1,64.7,Nate Solder,NE,0,8,74.1,57.9
2015,5567,17,87.0,70.5,296,TE,599,82.6,Rob Gronkowski,NE,236,188,91.3,90.3
2015,5156,11,60.3,74.8,249,WR,445,48.9,Julian Edelman,NE,227,2,83.9,81.9
2015,4717,16,69.1,,442,WR,489,83.3,Danny Amendola,NE,74,1,75.2,76.1
2015,5602,13,78.6,,113,WR,478,28.5,Brandon LaFell,NE,390,0,56.4,55.1
2015,8765,13,62.8,75.4,17,HB,276,63.9,James White,NE,49,3,66.1,74.1
2015,6301,7,30.0,83.5,20,HB,191,38.6,Dion Lewis,NE,45,0,71.3,66.8
2015,3745,15,75.3,75.6,127,TE,227,29.2,Scott Chandler,NE,69,59,66.2,61.2
2015,7121,11,83.1,,142,WR,349,65.8,Keshawn Martin,NE,226,1,59.4,59.7
2015,7469,14,86.0,74.4,6,HB,109,49.1,Brandon Bolden,NE,26,0,59.3,72.8
2015,7840,6,72.3,,33,WR,142,63.5,Aaron Dobson,NE,120,0,60.4,60.5
2015,5863,12,76.1,46.9,1,HB,86,75.6,LeGarrette Blount,NE,9,1,70.0,58.1
2015,7993,17,69.5,63.7,71,TE,113,70.5,Michael Williams,NE,36,99,63.1,46.0
2015,9950,5,70.9,,17,WR,44,68.3,Christopher Harper,NE,32,0,60.2,57.9
2015,1745,4,80.3,78.4,0,HB,17,68.3,Steven Jackson,NE,1,0,65.2,65.1
2015,698,18,89.8,,0,QB,1,64.7,Tom Brady,NE,0,0,91.7,81.1
2015,4467,2,,,1,WR,2,,Matthew Slater,NE,1,0,59.2,56.9
2016,5156,19,40.0,60.5,412,WR,704,41.8,Julian Edelman,NE,343,2,80.3,80.4
2016,8765,19,87.1,76.5,23,HB,384,75.0,James White,NE,91,2,72.7,86.1
2016,4375,19,81.3,72.1,228,TE,464,73.5,Martellus Bennett,NE,98,282,75.5,77.7
2016,6468,18,42.6,66.8,252,WR,595,67.9,Chris Hogan,NE,385,0,65.8,65.6
2016,7019,16,78.0,86.4,141,WR,486,49.9,Michael Floyd,NE,389,0,65.6,63.4
2016,10746,16,78.0,66.8,58,WR,380,57.8,Malcolm Mitchell,NE,350,0,65.8,64.5
2016,4717,15,52.8,,258,WR,265,79.6,Danny Amendola,NE,26,1,68.7,68.0
2016,5567,8,75.5,80.3,97,TE,169,74.4,Rob Gronkowski,NE,43,74,90.2,91.0
2016,6301,10,46.1,58.4,3,HB,104,60.3,Dion Lewis,NE,28,0,64.8,67.0
2016,5863,19,70.2,62.2,2,HB,155,76.5,LeGarrette Blount,NE,3,0,58.5,54.8
2016,6142,18,71.8,71.6,13,FB,95,73.4,James Develin,NE,49,6,72.6,56.3
2016,7351,8,71.4,69.3,46,WR,80,68.3,Griff Whalen,NE,45,0,53.6,50.6
2016,7469,3,66.2,76.8,0,HB,7,27.3,Brandon Bolden,NE,0,0,50.9,26.5
2016,9884,8,64.0,71.4,13,TE,35,68.3,Matt Lengel,NE,2,24,60.9,58.7
2016,11214,2,72.2,72.4,0,HB,8,28.9,D.J. Foster,NE,1,0,39.8,29.9
2016,4467,3,8.4,,0,WR,5,,Matthew Slater,NE,5,0,60.2,55.1
2016,8697,6,50.7,,0,QB,0,,Jimmy Garoppolo,NE,0,0,73.8,
2017,8655,19,83.0,62.2,138,WR,713,60.6,Brandin Cooks,NE,633,0,70.7,71.5
2017,5567,17,54.4,70.3,321,TE,549,61.9,Rob Gronkowski,NE,117,229,90.5,90.7
2017,4717,18,69.4,,450,WR,509,77.2,Danny Amendola,NE,99,1,77.4,77.0
2017,8765,17,87.1,69.9,30,HB,346,79.3,James White,NE,73,2,69.1,77.6
2017,6468,12,79.7,,227,WR,495,60.0,Chris Hogan,NE,303,1,61.3,60.9
2017,6301,19,85.8,84.3,17,HB,206,90.4,Dion Lewis,NE,28,0,85.6,73.2
2017,4375,9,76.5,71.6,156,TE,234,57.8,Martellus Bennett,NE,45,87,59.2,57.0
2017,4953,12,74.9,,24,WR,253,29.9,Kenny Britt,NE,253,0,56.2,56.3
2017,7971,12,62.1,79.8,6,HB,111,68.2,Rex Burkhead,NE,29,0,70.6,85.1
2017,9462,17,73.2,,83,WR,242,64.4,Phillip Dorsett,NE,172,0,58.0,56.9
2017,7066,19,71.1,58.4,95,TE,186,28.1,Dwayne Allen,NE,20,138,55.6,40.3
2017,12051,13,69.1,71.3,15,TE,37,73.4,Jacob Hollister,NE,7,23,67.2,63.0
2017,6142,18,68.8,81.1,13,FB,104,29.8,James Develin,NE,49,16,65.2,40.1
2017,9228,5,83.3,,6,WR,9,68.3,Bernard Reedy,NE,4,0,62.1,65.9
2017,7469,4,76.4,64.0,1,HB,14,28.8,Brandon Bolden,NE,0,0,57.6,37.8
2017,698,19,87.6,,0,QB,2,28.0,Tom Brady,NE,0,0,94.1,28.2
2017,7946,9,66.5,58.2,1,HB,38,64.7,Mike Gillislee,NE,0,0,71.5,54.9
2018,8765,19,90.2,70.5,37,HB,482,79.3,James White,NE,75,4,71.3,83.9
2018,5156,15,89.9,,381,WR,561,48.4,Julian Edelman,NE,210,0,82.4,80.8
2018,5567,16,42.9,68.9,283,TE,510,70.3,Rob Gronkowski,NE,97,232,75.2,78.0
2018,6468,19,78.5,67.0,304,WR,610,60.7,Chris Hogan,NE,340,0,53.9,55.0
2018,7618,12,78.3,64.5,41,WR,379,51.5,Josh Gordon,NE,362,0,73.5,74.6
2018,9462,19,78.5,,60,WR,296,72.0,Phillip Dorsett,NE,253,0,65.9,65.2
2018,7810,18,64.2,,38,WR,127,64.3,Cordarrelle Patterson,NE,79,0,71.1,71.3
2018,7971,11,39.2,64.4,11,HB,102,84.5,Rex Burkhead,NE,16,0,61.1,70.4
2018,6142,19,77.1,77.0,10,FB,125,80.0,James Develin,NE,39,9,57.5,53.9
2018,27589,16,91.4,60.0,0,HB,76,35.3,Sony Michel,NE,3,0,77.0,45.5
2018,12051,6,67.0,72.2,15,TE,28,42.1,Jacob Hollister,NE,6,10,60.8,59.8
2018,7066,16,65.8,56.1,76,TE,128,70.5,Dwayne Allen,NE,12,81,50.5,43.2
2018,48033,1,71.2,,10,WR,9,,Riley McCarron,NE,0,0,50.8,51.5
2018,8690,1,69.4,74.1,0,HB,4,64.7,Jeremy Hill,NE,0,0,66.3,61.9
2018,698,19,78.9,,0,QB,2,64.7,Tom Brady,NE,1,0,90.7,59.8
2019,5156,17,39.6,71.4,457,WR,647,59.2,Julian Edelman,NE,236,2,71.4,72.4
2019,8765,16,88.7,71.9,30,HB,360,89.8,James White,NE,65,5,76.5,85.2
2019,7084,16,59.3,,346,WR,522,53.6,Mohamed Sanu,NE,214,1,58.5,58.6
2019,9462,15,77.6,65.7,107,WR,388,88.3,Phillip Dorsett,NE,304,0,65.6,64.6
2019,47468,15,76.1,,174,WR,271,55.9,Jakobi Meyers,NE,114,0,64.7,67.0
2019,7971,14,63.2,69.2,17,HB,159,77.8,Rex Burkhead,NE,33,3,69.8,67.2
2019,48297,8,75.5,,19,WR,149,38.1,N'Keal Harry,NE,142,0,65.1,62.8
2019,1753,11,74.9,65.7,165,TE,254,49.1,Benjamin Watson,NE,47,84,56.0,58.0
2019,27589,17,73.1,82.5,3,HB,109,29.2,Sony Michel,NE,9,0,66.5,48.3
2019,9840,12,72.3,59.5,87,TE,171,47.7,Matt LaCosse,NE,12,121,53.6,48.6
2019,7469,9,83.7,82.1,9,HB,51,56.7,Brandon Bolden,NE,11,3,68.3,72.0
2019,47327,6,68.8,55.4,54,TE,93,74.6,Ryan Izzo,NE,11,68,46.7,54.6
2019,5718,1,68.3,,9,WR,14,72.1,Antonio Brown,NE,8,0,90.0,86.9
2019,95015,4,85.7,,5,WR,43,68.3,Gunner Olszewski,NE,40,0,51.5,53.8
2019,32565,3,61.2,81.0,3,FB,29,64.7,Jakob Johnson,NE,7,2,62.2,51.1
2019,10848,5,64.6,77.9,0,LB,9,64.7,Elandon Roberts,NE,0,0,55.2,75.8
2020,47468,14,46.4,61.6,210,WR,325,78.0,Jakobi Meyers,NE,136,0,78.6,80.1
2020,9964,16,25.7,67.0,45,WR,469,55.5,Damiere Byrd,NE,451,0,61.4,63.3
2020,8765,14,55.9,26.7,21,HB,184,78.7,James White,NE,11,2,65.5,84.2
2020,48297,14,28.7,67.8,120,WR,318,70.5,N'Keal Harry,NE,211,1,57.8,61.4
2020,5156,6,75.8,,131,WR,167,36.9,Julian Edelman,NE,43,1,68.8,69.3
2020,7971,10,86.1,70.2,3,HB,123,75.1,Rex Burkhead,NE,5,0,78.2,81.1
2020,47327,12,21.4,49.5,116,TE,208,33.5,Ryan Izzo,NE,35,141,52.1,49.9
2020,32565,16,18.5,59.3,3,FB,81,76.5,Jakob Johnson,NE,11,13,45.1,42.6
2020,27589,8,86.2,73.2,1,HB,48,76.5,Sony Michel,NE,1,0,80.9,82.6
2020,40294,9,64.0,67.7,33,TE,80,30.0,Devin Asiasi,NE,13,63,51.6,49.8
2020,35134,10,71.8,78.9,0,HB,46,73.4,Damien Harris,NE,1,0,90.3,67.6
2020,95015,7,55.8,65.6,37,WR,58,73.4,Gunner Olszewski,NE,27,0,66.5,63.3
2020,61068,6,13.9,33.2,24,TE,75,70.5,Dalton Keene,NE,8,57,42.2,35.2
2020,25512,5,79.8,34.4,0,HB,14,28.8,J.J. Taylor,NE,2,0,61.2,33.5
2020,8725,4,74.3,,2,WR,16,64.7,Donte Moncrief,NE,14,0,66.1,61.7
2020,6153,15,76.0,61.2,0,QB,4,68.3,Cam Newton,NE,0,0,70.9,97.1
2020,26884,3,67.8,,9,WR,16,68.3,Isaiah Zuber,NE,7,0,76.2,69.4
2020,42062,3,61.2,,0,TE,5,64.7,Jordan Thomas,NE,2,3,71.7,73.8
2021,47468,18,83.7,75.5,405,WR,574,77.6,Jakobi Meyers,NE,208,1,74.7,74.6
2021,10669,17,79.8,52.2,321,TE,441,87.4,Hunter Henry,NE,58,138,72.0,73.3
2021,12270,18,51.6,,172,WR,436,84.4,Kendrick Bourne,NE,287,0,77.8,77.2
2021,9453,16,78.3,,46,WR,450,81.8,Nelson Agholor,NE,427,0,64.8,63.6
2021,7469,17,59.5,48.9,12,HB,228,69.2,Brandon Bolden,NE,16,4,74.2,78.8
2021,11855,17,30.2,51.9,63,TE,162,59.5,Jonnu Smith,NE,26,114,58.5,67.7
2021,35134,15,68.7,49.7,1,HB,120,83.2,Damien Harris,NE,10,0,86.6,69.9
2021,48297,12,73.4,,20,WR,143,61.8,N'Keal Harry,NE,133,0,68.7,64.1
2021,98689,13,57.1,50.3,2,HB,94,68.7,Rhamondre Stevenson,NE,3,0,81.1,61.8
2021,8765,3,76.4,70.2,1,HB,38,80.0,James White,NE,6,0,78.1,82.2
2021,28729,2,67.0,,3,WR,31,41.6,Kristian Wilkerson,NE,30,0,61.5,59.9
2021,32565,17,68.7,72.1,0,FB,65,41.6,Jakob Johnson,NE,7,9,61.1,46.4
2021,25512,5,27.0,67.1,0,HB,25,72.1,J.J. Taylor,NE,4,0,58.4,36.6
2021,95015,10,25.1,,10,WR,33,68.3,Gunner Olszewski,NE,24,0,62.5,64.6
2021,45903,2,66.7,69.4,0,HB,8,64.7,Devine Ozigbo,NE,0,0,60.9,69.3
2022,47468,14,48.3,,315,WR,423,90.3,Jakobi Meyers,NE,134,0,75.6,75.8
2022,98689,17,50.3,64.8,38,HB,339,69.4,Rhamondre Stevenson,NE,13,2,81.3,68.0
2022,10669,17,78.6,64.5,210,TE,419,66.9,Hunter Henry,NE,50,210,58.1,61.4
2022,9453,16,20.6,76.5,94,WR,295,49.8,Nelson Agholor,NE,218,0,56.4,57.7
2022,12270,16,23.4,,84,WR,296,64.1,Kendrick Bourne,NE,226,0,63.6,67.8
2022,9447,13,76.6,48.8,29,WR,316,88.0,DeVante Parker,NE,310,0,74.1,74.0
2022,78092,13,75.9,,84,WR,326,49.5,Tyquan Thornton,NE,264,0,55.2,54.3
2022,11855,14,25.6,71.2,58,TE,171,86.5,Jonnu Smith,NE,19,125,52.9,72.1
2022,35134,11,88.6,69.2,8,HB,96,55.6,Damien Harris,NE,5,0,75.8,55.7
2022,66619,5,77.5,76.5,4,HB,22,75.6,Pierre Strong Jr.,NE,2,0,80.5,67.4
2022,55717,5,89.8,,10,CB,11,73.4,Marcus Jones,NE,3,0,90.7,90.2
2022,9527,1,70.1,82.7,0,HB,11,70.5,Ty Montgomery,NE,0,0,63.9,71.8
2022,42247,5,64.0,,37,WR,44,68.3,Lil'Jordan Humphrey,NE,8,1,57.8,53.1
2022,60396,4,26.1,,0,QB,0,,Bailey Zappe,NE,0,0,67.1,
2022,25512,1,73.6,,0,HB,7,64.7,J.J. Taylor,NE,0,0,51.3,70.8
2023,104155,14,57.6,,228,WR,330,79.7,Demario Douglas,NE,106,0,74.4,75.6
2023,10669,14,31.2,74.8,199,TE,370,75.8,Hunter Henry,NE,34,180,69.3,72.2
2023,10638,17,55.2,37.1,29,HB,247,72.5,Ezekiel Elliott,NE,22,2,67.6,66.3
2023,12270,8,29.3,,75,WR,235,90.0,Kendrick Bourne,NE,172,0,67.2,69.7
2023,9447,13,77.1,,59,WR,348,61.3,DeVante Parker,NE,303,0,61.2,62.5
2023,98689,12,77.3,72.7,26,HB,251,55.9,Rhamondre Stevenson,NE,25,0,71.3,51.2
2023,11817,11,76.3,,111,WR,246,57.0,JuJu Smith-Schuster,NE,144,1,57.0,59.0
2023,47153,17,76.5,78.7,252,TE,339,87.6,Mike Gesicki,NE,66,36,55.7,58.3
2023,78092,9,73.8,,32,WR,137,47.7,Tyquan Thornton,NE,109,0,57.6,54.4
2023,61697,10,75.7,,27,WR,198,52.1,Jalen Reagor,NE,177,0,51.4,53.5
2023,12247,17,21.9,60.1,14,TE,114,80.6,Pharaoh Brown,NE,8,131,73.3,76.5
2023,9527,10,77.0,,19,WR,32,29.2,Ty Montgomery,NE,8,0,55.5,55.1
2023,124087,5,64.0,,10,WR,83,68.3,Kayshon Boutte,NE,75,0,47.1,47.4
2023,99141,4,76.9,77.3,0,HB,13,70.5,Kevin Harris,NE,0,0,76.5,84.6
2023,25582,2,,,0,HB,3,,JaMycal Hasty,NE,1,0,58.9,57.6
2024,10669,10,78.3,56.4,180,TE,301,83.2,Hunter Henry,NE,21,134,69.7,73.2
2024,104155,10,78.4,,217,WR,252,82.6,Demario Douglas,NE,52,0,69.3,68.6
2024,10715,10,24.3,63.1,40,TE,153,83.6,Austin Hooper,NE,25,110,68.5,68.0
2024,98689,9,39.5,71.2,12,HB,164,74.2,Rhamondre Stevenson,NE,16,9,70.3,64.9
2024,123153,9,72.1,74.3,35,WR,194,43.5,Ja'Lynn Polk,NE,175,0,44.4,46.8
2024,124087,8,73.9,,37,WR,224,43.5,Kayshon Boutte,NE,201,3,60.4,61.6
2024,23503,7,69.5,,43,WR,126,75.6,K.J. Osborn,NE,92,0,54.0,52.3
2024,78050,10,56.5,51.9,6,HB,75,64.4,Antonio Gibson,NE,10,5,68.3,67.2
2024,12270,5,70.6,,32,WR,128,56.7,Kendrick Bourne,NE,107,0,53.6,55.0
2024,25582,8,80.5,85.4,1,HB,54,76.5,JaMycal Hasty,NE,5,1,70.3,67.6
2024,78092,6,67.0,,9,WR,65,41.6,Tyquan Thornton,NE,60,0,53.5,53.0
2024,124225,4,61.2,62.3,5,TE,9,64.7,Jaheim Bell,NE,2,2,49.0,55.5
2024,102408,1,69.7,75.0,0,HB,8,,Terrell Jennings,NE,1,0,55.8,54.6
2006,3197,16,52.6,66.8,262,WR,535,47.8,Marques Colston,NO,292,0,78.4,77.5
2006,2947,18,59.9,61.1,99,HB,411,70.3,Reggie Bush,NO,82,1,66.3,79.5
2006,1771,15,77.9,,50,WR,370,38.4,Devery Henderson,NO,331,0,73.8,72.5
2006,199,10,78.2,,99,WR,331,57.7,Joe Horn,NO,247,0,77.3,76.0
2006,2016,15,20.3,,162,WR,370,76.3,Terrance Copper,NO,218,0,60.5,58.3
2006,793,17,65.5,59.8,1,HB,224,55.9,Deuce McAllister,NO,8,0,68.9,50.4
2006,534,12,25.5,70.2,50,TE,175,72.8,Billy Miller,NO,26,120,62.9,62.5
2006,545,16,75.0,77.2,31,TE,193,60.9,Mark Campbell,NO,11,215,66.7,58.1
2006,572,14,75.6,85.8,21,HB,99,34.0,Aaron Stecker,NO,51,1,59.9,60.7
2006,1875,17,77.4,62.5,17,FB,137,66.7,Mike Karney,NO,5,14,67.7,57.4
2006,180,7,70.6,69.8,14,TE,94,56.7,Ernie Conwell,NO,1,116,66.4,46.7
2006,2088,9,68.8,,34,WR,73,49.2,Jamal Jones,NO,42,0,61.1,60.0
2006,1133,7,68.0,79.8,1,TE,33,45.8,John Owens,NO,0,47,65.0,74.2
2006,3246,1,74.7,20.9,0,HB,14,73.4,Jamaal Branch,NO,0,0,57.3,79.9
2006,1899,6,61.2,63.2,5,TE,21,64.7,Nate Lawrie,NO,0,28,55.4,55.0
2006,2718,4,61.2,,8,WR,12,28.8,Lance Moore,NO,4,0,53.7,54.2
2007,3197,16,56.9,61.4,288,WR,548,61.0,Marques Colston,NO,285,0,82.1,81.2
2007,2947,12,26.1,25.5,66,HB,376,48.7,Reggie Bush,NO,59,0,59.5,71.0
2007,221,16,25.6,,83,WR,381,67.2,David Patten,NO,312,0,74.5,73.4
2007,929,14,36.3,67.3,175,TE,370,57.9,Eric Johnson,NO,40,243,58.1,55.6
2007,2718,16,77.3,,98,WR,306,69.0,Lance Moore,NO,226,0,63.8,64.3
2007,1771,16,75.1,,101,WR,352,25.3,Devery Henderson,NO,269,0,52.4,52.2
2007,534,16,76.0,59.6,51,TE,175,87.0,Billy Miller,NO,13,160,79.3,84.7
2007,572,15,60.8,66.4,23,HB,160,81.8,Aaron Stecker,NO,14,0,64.3,75.4
2007,4080,10,84.3,25.1,6,HB,88,82.7,Pierre Thomas,NO,6,0,82.1,72.2
2007,2016,14,73.0,,47,WR,123,65.9,Terrance Copper,NO,81,0,61.6,58.7
2007,1875,16,76.8,57.3,17,FB,143,50.1,Mike Karney,NO,1,9,52.6,44.0
2007,793,3,28.1,80.4,0,HB,22,28.7,Deuce McAllister,NO,1,0,37.7,29.4
2007,3216,3,66.2,,0,HB,4,68.3,Chris Barclay,NO,0,0,61.1,65.3
2007,802,16,88.3,,0,QB,0,,Drew Brees,NO,0,0,83.9,
2008,2718,16,82.1,,220,WR,485,78.5,Lance Moore,NO,281,0,76.3,74.1
2008,3197,11,36.4,65.5,221,WR,355,29.3,Marques Colston,NO,149,0,72.4,69.5
2008,2947,10,61.4,25.0,48,HB,252,47.6,Reggie Bush,NO,22,0,54.5,64.7
2008,1021,12,26.3,71.2,119,TE,286,51.5,Jeremy Shockey,NO,14,201,73.0,66.5
2008,534,15,78.9,48.2,108,TE,283,85.0,Billy Miller,NO,2,188,84.7,82.1
2008,1771,16,40.8,,196,WR,534,59.5,Devery Henderson,NO,357,0,60.3,58.7
2008,4080,13,73.8,65.2,4,HB,171,88.3,Pierre Thomas,NO,8,0,64.5,79.3
2008,3643,14,72.5,,42,WR,166,45.7,Robert Meachem,NO,137,0,63.4,61.8
2008,221,5,71.5,,34,WR,91,78.7,David Patten,NO,60,0,67.5,65.3
2008,793,12,88.7,80.8,2,HB,96,68.7,Deuce McAllister,NO,2,0,58.9,61.8
2008,545,9,71.9,37.4,8,TE,90,61.8,Mark Campbell,NO,1,95,60.6,64.0
2008,1875,12,74.9,32.5,3,FB,93,77.3,Mike Karney,NO,2,2,64.1,57.1
2008,572,6,74.9,79.2,2,HB,46,56.7,Aaron Stecker,NO,2,0,59.8,52.5
2008,1216,5,17.1,80.6,1,FB,18,29.9,Darian Barnes,NO,2,0,32.3,28.7
2008,4782,1,13.6,73.1,0,FB,8,68.3,Olaniyi Sobomehin,NO,0,0,43.8,27.4
2008,3448,8,61.2,55.4,3,TE,25,64.7,Buck Ortega,NO,2,21,56.9,42.7
2008,3225,2,74.9,28.1,0,HB,10,64.7,Mike Bell,NO,0,0,52.3,67.3
2009,3197,19,29.2,65.7,371,WR,597,45.0,Marques Colston,NO,253,0,79.4,78.5
2009,1771,19,81.6,65.7,158,WR,548,61.2,Devery Henderson,NO,412,0,66.8,67.0
2009,2947,17,52.2,66.7,30,HB,309,83.1,Reggie Bush,NO,48,0,68.5,76.3
2009,1021,16,80.0,71.5,117,TE,323,75.0,Jeremy Shockey,NO,46,240,82.3,85.7
2009,3643,19,25.6,67.3,101,WR,412,90.4,Robert Meachem,NO,329,0,76.6,74.1
2009,4080,17,68.7,36.9,2,HB,205,90.5,Pierre Thomas,NO,9,0,77.7,87.3
2009,3031,18,78.2,65.7,88,TE,297,90.1,Dave Thomas,NO,36,168,77.2,72.4
2009,2718,10,74.4,,34,WR,107,70.7,Lance Moore,NO,77,0,75.3,72.2
2009,843,6,74.3,60.2,1,FB,71,41.4,Heath Evans,NO,1,6,65.3,52.8
2009,4770,6,82.0,70.4,1,HB,19,45.8,Lynell Hamilton,NO,0,0,56.9,65.0
2009,1236,10,68.0,78.1,5,TE,42,73.4,Darnell Dinkins,NO,0,57,66.9,47.8
2009,3225,15,62.5,42.8,0,HB,68,72.1,Mike Bell,NO,0,0,42.8,51.4
2009,2574,9,67.8,74.9,0,FB,33,68.3,Kyle Eckel,NO,1,1,55.2,58.6
2009,802,18,62.9,,0,QB,0,,Drew Brees,NO,0,0,87.7,
2009,2644,1,61.2,68.7,3,TE,10,64.7,Tory Humphrey,NO,0,8,54.2,52.4
2009,2285,6,61.2,,5,WR,9,64.7,Courtney Roby,NO,5,0,52.9,53.5
2010,3197,16,82.8,66.8,415,WR,619,47.0,Marques Colston,NO,226,0,74.4,73.2
2010,2718,17,48.9,,132,WR,494,81.2,Lance Moore,NO,381,0,75.8,74.4
2010,1771,17,78.8,64.5,132,WR,451,29.9,Devery Henderson,NO,341,0,60.4,58.5
2010,3643,17,79.8,,49,WR,331,59.5,Robert Meachem,NO,295,0,73.2,72.0
2010,1021,14,78.4,60.8,115,TE,305,67.4,Jeremy Shockey,NO,50,207,67.2,66.2
2010,3031,14,77.1,56.2,86,TE,256,79.4,Dave Thomas,NO,33,156,68.0,62.0
2010,2947,9,84.2,42.1,23,HB,179,65.0,Reggie Bush,NO,38,0,64.9,65.6
2010,5619,14,39.4,74.9,60,TE,160,61.3,Jimmy Graham,NO,53,54,76.3,76.9
2010,1063,8,53.0,50.6,0,HB,168,62.3,Ladell Betts,NO,16,0,53.1,50.3
2010,4080,6,87.6,52.8,2,HB,100,87.6,Pierre Thomas,NO,4,0,70.8,89.9
2010,1764,13,39.8,32.3,0,HB,124,73.4,Julius Jones,NO,8,0,53.4,67.8
2010,843,17,72.7,41.0,6,FB,101,60.2,Heath Evans,NO,3,4,54.7,55.2
2010,4551,1,69.5,,31,TE,30,75.6,Adrian Arrington,NO,1,0,73.3,72.3
2010,2644,6,61.2,73.5,7,TE,41,64.7,Tory Humphrey,NO,10,32,55.0,43.5
2010,3155,15,,41.5,1,TE,47,,Zach Strief,NO,0,63,61.2,31.2
2010,6007,12,28.6,80.1,0,HB,35,64.7,Chris Ivory,NO,1,0,74.9,55.2
2010,802,17,83.1,,0,QB,0,,Drew Brees,NO,0,0,87.1,
2011,5619,18,60.5,55.6,281,TE,623,74.9,Jimmy Graham,NO,139,279,90.1,90.5
2011,2347,18,90.2,20.9,136,HB,433,64.4,Darren Sproles,NO,59,1,79.6,73.7
2011,3197,16,30.0,65.7,318,WR,569,83.9,Marques Colston,NO,281,0,89.5,88.3
2011,3643,18,79.9,,116,WR,509,56.7,Robert Meachem,NO,417,0,71.3,68.8
2011,2718,14,79.8,,138,WR,319,73.9,Lance Moore,NO,197,0,79.0,78.2
2011,4080,18,59.0,69.5,5,HB,231,75.2,Pierre Thomas,NO,2,0,88.0,85.4
2011,1771,18,78.2,67.8,121,WR,541,72.7,Devery Henderson,NO,444,0,61.1,58.3
2011,4743,18,75.0,65.0,11,FB,165,52.8,Jed Collins,NO,7,20,80.8,60.9
2011,6180,10,70.5,79.6,0,HB,72,78.7,Mark Ingram II,NO,0,0,69.1,67.7
2011,3031,5,68.0,69.5,9,TE,50,73.4,Dave Thomas,NO,11,44,42.6,38.9
2011,4551,6,67.0,,32,WR,56,72.1,Adrian Arrington,NO,26,0,60.1,59.6
2011,1176,14,65.8,79.4,2,TE,36,36.2,John Gilmore,NO,5,115,78.8,49.5
2011,6689,3,65.8,73.4,9,TE,26,70.5,Mike Higgins,NO,4,21,56.3,53.8
2011,6007,7,87.8,80.3,0,HB,28,,Chris Ivory,NO,0,0,76.3,49.5
2012,5619,15,53.1,73.3,364,TE,518,29.5,Jimmy Graham,NO,85,113,79.2,79.0
2012,3197,16,24.3,,360,WR,624,53.2,Marques Colston,NO,289,0,76.0,75.7
2012,2718,15,80.8,,176,WR,482,48.9,Lance Moore,NO,327,0,83.2,82.3
2012,2347,13,86.8,57.8,109,HB,335,44.4,Darren Sproles,NO,32,0,66.0,65.4
2012,4080,15,89.5,69.6,8,HB,220,90.0,Pierre Thomas,NO,2,0,82.5,89.5
2012,1771,15,75.2,74.1,71,WR,454,28.8,Devery Henderson,NO,401,3,50.5,47.1
2012,6696,14,72.3,68.8,18,WR,182,29.5,Joe Morgan,NO,172,0,76.0,69.8
2012,3031,15,71.5,50.9,53,TE,129,60.6,Dave Thomas,NO,24,83,61.3,53.6
2012,4743,15,21.9,63.4,4,FB,83,80.6,Jed Collins,NO,13,14,76.2,58.5
2012,6180,16,90.2,38.8,0,HB,71,74.6,Mark Ingram II,NO,1,0,77.6,61.4
2012,7457,6,69.1,,7,HB,21,73.4,Travaris Cadet,NO,13,0,87.2,79.8
2012,2523,3,67.0,,10,WR,35,72.1,Greg Camarillo,NO,26,0,67.0,66.2
2012,6007,6,81.6,73.2,0,HB,19,68.3,Chris Ivory,NO,0,0,90.3,63.3
2012,2285,5,61.2,67.2,13,WR,20,28.9,Courtney Roby,NO,9,0,55.7,52.0
2012,802,16,88.6,,0,QB,0,,Drew Brees,NO,0,0,84.7,
2012,6689,2,61.2,70.0,0,TE,4,64.7,Mike Higgins,NO,1,4,68.4,57.7
2013,5619,18,82.7,69.3,336,TE,607,72.0,Jimmy Graham,NO,165,166,81.3,84.3
2013,3197,17,82.9,,356,WR,599,83.1,Marques Colston,NO,276,2,85.3,83.8
2013,2347,17,80.3,59.9,124,HB,311,91.3,Darren Sproles,NO,32,0,83.1,91.7
2013,4080,16,79.6,73.8,27,HB,301,83.5,Pierre Thomas,NO,4,0,79.1,81.3
2013,2718,15,78.8,,197,WR,378,60.0,Lance Moore,NO,206,0,69.4,68.4
2013,7926,18,78.4,,96,WR,552,80.4,Kenny Stills,NO,489,3,62.1,61.4
2013,3643,17,74.9,78.4,43,WR,195,69.9,Robert Meachem,NO,156,5,73.8,69.9
2013,1753,17,80.4,68.2,31,TE,146,84.9,Benjamin Watson,NO,18,214,87.7,84.0
2013,4743,18,77.9,63.5,0,FB,119,64.4,Jed Collins,NO,14,28,65.5,47.8
2013,6180,13,67.3,64.1,0,HB,80,29.5,Mark Ingram II,NO,3,0,82.8,42.1
2013,8200,13,71.6,80.6,6,TE,74,39.8,Josh Hill,NO,16,83,58.5,53.0
2013,7122,8,68.0,,11,WR,128,27.5,Nick Toon,NO,124,1,51.7,49.9
2013,7457,5,76.1,76.1,3,HB,11,29.9,Travaris Cadet,NO,2,0,57.5,55.1
2013,8514,7,85.8,81.3,0,HB,10,64.7,Khiry Robinson,NO,0,0,84.2,67.9
2014,5619,16,54.8,62.9,247,TE,522,51.6,Jimmy Graham,NO,160,167,74.7,73.4
2014,3197,16,41.8,68.9,459,WR,579,32.6,Marques Colston,NO,153,1,65.3,64.3
2014,7926,15,56.3,,85,WR,456,71.3,Kenny Stills,NO,384,3,78.4,78.2
2014,8655,10,54.3,,113,WR,353,80.1,Brandin Cooks,NO,260,0,68.9,68.1
2014,4080,11,84.9,70.8,4,HB,206,84.7,Pierre Thomas,NO,6,3,76.4,90.1
2014,7457,15,27.9,24.1,35,HB,176,73.5,Travaris Cadet,NO,37,0,59.8,68.4
2014,6180,13,58.8,81.0,2,HB,165,87.3,Mark Ingram II,NO,0,0,71.2,47.4
2014,1753,16,80.3,69.7,58,TE,178,49.1,Benjamin Watson,NO,26,209,63.8,53.9
2014,7122,7,23.6,,25,WR,174,54.3,Nick Toon,NO,155,0,64.4,62.5
2014,8200,16,72.7,73.5,8,TE,77,65.3,Josh Hill,NO,14,84,72.6,76.1
2014,3643,11,69.5,,31,WR,136,52.1,Robert Meachem,NO,112,0,68.0,60.5
2014,6696,5,68.3,61.6,17,WR,83,41.6,Joe Morgan,NO,75,0,57.0,53.3
2014,5775,10,21.4,39.9,0,FB,37,77.3,Erik Lorig,NO,3,5,51.2,66.8
2014,8514,10,59.5,43.8,0,HB,54,76.5,Khiry Robinson,NO,1,0,79.5,73.6
2014,8438,7,72.9,87.0,0,FB,21,68.3,Austin Johnson,NO,3,3,71.4,63.5
2014,802,16,70.3,,0,QB,0,,Drew Brees,NO,0,0,89.1,
2014,3668,1,61.2,,0,HB,1,64.7,Brian Leonard,NO,0,0,66.2,81.3
2014,8739,2,80.2,,2,WR,2,64.7,Jalen Saunders,NO,0,0,60.1,59.7
2015,8655,16,83.7,65.7,203,WR,627,85.6,Brandin Cooks,NO,470,0,73.1,73.0
2015,1753,16,49.6,71.8,237,TE,519,60.4,Benjamin Watson,NO,92,293,75.1,76.3
2015,8999,15,29.8,67.8,175,WR,510,75.9,Willie Snead IV,NO,368,3,74.1,73.3
2015,3197,13,79.0,73.5,283,WR,386,49.1,Marques Colston,NO,130,3,62.8,62.8
2015,6180,12,66.7,57.1,14,HB,267,87.9,Mark Ingram II,NO,16,0,66.8,70.9
2015,9086,16,76.6,,79,WR,292,49.9,Brandon Coleman,NO,238,0,71.8,68.6
2015,5534,13,64.1,86.4,33,HB,140,89.3,C.J. Spiller,NO,24,0,66.7,86.4
2015,8200,16,80.1,77.4,20,TE,193,68.0,Josh Hill,NO,41,162,59.8,49.9
2015,7457,7,79.5,28.0,16,HB,87,68.7,Travaris Cadet,NO,10,0,61.1,72.7
2015,8514,8,88.9,83.0,1,HB,65,67.7,Khiry Robinson,NO,1,0,61.2,80.0
2015,5655,14,21.7,63.3,10,TE,86,60.6,Michael Hoomanawanui,NO,9,101,59.4,52.8
2015,4463,6,87.9,54.6,0,HB,56,80.0,Tim Hightower,NO,2,0,79.1,79.1
2015,8438,9,71.6,44.1,3,FB,37,29.2,Austin Johnson,NO,2,1,46.5,40.4
2015,7071,4,67.0,,4,WR,14,72.1,T.J. Graham,NO,11,0,60.3,64.3
2016,10681,15,29.7,,76,WR,556,83.6,Michael Thomas,NO,511,0,86.4,86.3
2016,8655,16,63.3,,238,WR,611,83.9,Brandin Cooks,NO,402,1,73.0,72.7
2016,8999,15,29.5,84.7,396,WR,487,71.0,Willie Snead IV,NO,103,11,79.6,76.7
2016,7038,16,24.5,82.5,293,TE,474,58.1,Coby Fleener,NO,106,114,61.2,59.2
2016,6180,16,70.8,69.2,16,HB,239,85.0,Mark Ingram II,NO,15,0,71.2,79.6
2016,7457,15,84.1,81.3,40,HB,213,59.9,Travaris Cadet,NO,74,1,65.4,68.1
2016,9086,16,75.7,82.5,97,WR,193,64.3,Brandon Coleman,NO,100,2,69.4,66.9
2016,4463,14,90.1,53.4,3,HB,102,72.1,Tim Hightower,NO,6,1,55.0,71.5
2016,8200,9,73.0,68.0,32,TE,135,51.2,Josh Hill,NO,25,122,57.9,53.6
2016,2686,16,78.8,83.8,1,FB,105,66.7,John Kuhn,NO,20,34,64.6,55.5
2016,5132,16,71.1,68.1,36,TE,111,78.0,John Phillips,NO,11,132,59.9,53.8
2016,11231,10,84.5,,8,WR,41,52.1,Tommylee Lewis,NO,33,0,64.8,66.4
2016,10871,5,74.4,24.8,1,HB,9,68.3,Daniel Lasco,NO,0,0,54.7,60.7
2016,9663,1,78.5,,0,HB,1,64.7,Marcus Murphy,NO,0,0,61.5,65.1
2017,10681,18,84.7,,154,WR,594,90.7,Michael Thomas,NO,467,0,91.4,91.6
2017,11822,18,81.4,59.6,82,HB,343,71.9,Alvin Kamara,NO,81,7,90.4,91.3
2017,3625,17,63.7,66.1,161,WR,478,79.5,Ted Ginn Jr.,NO,337,1,71.9,72.9
2017,6180,18,64.9,71.1,6,HB,263,71.4,Mark Ingram II,NO,4,0,70.5,69.8
2017,9086,17,15.4,78.5,258,WR,379,75.7,Brandon Coleman,NO,128,8,55.5,52.0
2017,8200,18,18.7,81.1,100,TE,264,73.7,Josh Hill,NO,62,167,61.6,54.2
2017,7038,11,74.9,80.5,135,TE,191,60.5,Coby Fleener,NO,45,21,63.2,63.3
2017,8999,13,73.6,73.1,98,WR,174,78.7,Willie Snead IV,NO,75,3,60.2,58.5
2017,11231,15,45.8,,25,WR,70,78.0,Tommylee Lewis,NO,47,0,67.5,65.4
2017,5655,16,68.8,81.1,44,TE,90,74.6,Michael Hoomanawanui,NO,9,123,53.2,49.6
2017,8420,14,73.2,83.2,0,FB,44,36.2,Zach Line,NO,8,11,69.4,40.1
2017,11439,3,67.8,76.5,3,TE,11,64.7,Garrett Griffin,NO,1,12,54.0,52.4
2018,10681,18,46.5,64.9,207,WR,610,91.3,Michael Thomas,NO,439,1,91.6,91.9
2018,11822,17,91.5,79.8,77,HB,389,75.1,Alvin Kamara,NO,71,2,84.1,89.4
2018,48228,17,76.7,66.1,118,WR,358,67.3,Tre'Quan Smith,NO,261,1,67.9,67.7
2018,1753,17,77.5,73.4,151,TE,263,72.0,Benjamin Watson,NO,47,123,71.0,71.2
2018,3625,7,28.0,,79,WR,198,52.7,Ted Ginn Jr.,NO,133,0,65.8,66.3
2018,6180,14,49.9,75.4,8,HB,158,74.4,Mark Ingram II,NO,9,1,78.9,55.3
2018,8200,18,74.4,59.9,61,TE,223,58.1,Josh Hill,NO,49,193,55.8,56.9
2018,48017,9,73.0,65.7,123,WR,165,65.6,Keith Kirkwood,NO,47,6,63.9,65.1
2018,3064,7,71.9,,10,WR,102,31.6,Brandon Marshall,NO,97,0,54.9,54.9
2018,51842,11,20.9,62.4,58,TE,106,61.8,Dan Arnold,NO,33,18,68.0,67.9
2018,12215,15,71.1,74.6,94,WR,162,78.0,Austin Carr,NO,77,0,54.9,54.8
2018,8420,17,75.3,51.6,4,FB,69,27.5,Zach Line,NO,19,6,62.1,33.5
2018,10008,6,19.2,,71,WR,83,77.3,Cameron Meredith,NO,18,1,57.0,56.3
2018,12112,16,87.4,76.0,16,QB,44,28.6,Taysom Hill,NO,15,16,67.2,43.1
2018,11231,7,25.9,,14,WR,41,70.5,Tommylee Lewis,NO,28,0,60.5,65.6
2018,11439,2,64.0,81.0,4,TE,17,68.3,Garrett Griffin,NO,6,16,61.5,60.8
2018,802,17,78.9,,0,QB,9,,Drew Brees,NO,9,0,94.0,54.1
2018,18348,1,61.2,,0,CB,1,64.7,Justin Hardee,NO,0,0,76.3,76.9
2018,7946,4,24.2,67.1,0,HB,8,64.7,Mike Gillislee,NO,0,0,46.1,59.0
2019,10681,17,67.8,,215,WR,636,90.3,Michael Thomas,NO,462,0,90.4,90.7
2019,11822,15,60.3,60.6,49,HB,374,83.0,Alvin Kamara,NO,60,0,68.9,69.1
2019,5012,15,79.1,44.7,267,TE,368,56.6,Jared Cook,NO,80,57,78.3,80.8
2019,3625,17,78.2,,108,WR,464,50.6,Ted Ginn Jr.,NO,385,1,56.7,56.7
2019,7962,17,90.4,64.0,5,HB,204,63.6,Latavius Murray,NO,3,0,73.9,69.4
2019,8200,17,76.3,66.4,51,TE,238,76.7,Josh Hill,NO,55,223,67.6,61.3
2019,48228,12,74.1,76.5,206,WR,314,69.9,Tre'Quan Smith,NO,127,5,63.3,60.3
2019,12112,17,82.8,76.5,65,QB,127,71.3,Taysom Hill,NO,29,38,88.7,74.3
2019,8420,12,73.6,83.7,2,FB,69,74.6,Zach Line,NO,24,8,62.2,49.9
2019,91470,12,69.0,,18,WR,40,75.6,Deonte Harty,NO,22,0,68.0,68.2
2019,12215,6,64.0,65.7,65,WR,93,68.3,Austin Carr,NO,34,0,50.5,50.8
2019,18348,2,,,0,CB,2,27.9,Justin Hardee,NO,0,0,42.0,42.9
2019,47053,2,65.3,71.3,1,FB,7,64.7,Ricky Ortiz,NO,1,2,79.0,75.8
2019,42247,6,,,24,WR,31,,Lil'Jordan Humphrey,NO,9,0,51.6,50.0
2019,10870,4,74.1,86.9,0,HB,1,64.7,Dwayne Washington,NO,0,0,79.3,65.1
2019,12014,7,61.2,,15,WR,26,64.7,Krishawn Hogan,NO,12,0,55.9,50.5
2020,11822,17,76.2,58.9,57,HB,396,67.7,Alvin Kamara,NO,50,0,82.0,84.5
2020,5606,16,47.7,,145,WR,423,74.3,Emmanuel Sanders,NO,295,0,74.4,74.6
2020,5012,17,23.7,3.2,225,TE,369,62.5,Jared Cook,NO,108,56,69.3,70.3
2020,10681,9,78.6,,78,WR,265,68.8,Michael Thomas,NO,200,0,79.6,78.9
2020,48228,15,29.1,76.7,242,WR,413,55.1,Tre'Quan Smith,NO,195,2,61.9,61.8
2020,91470,11,35.3,,71,WR,138,76.3,Deonte Harty,NO,68,0,79.9,79.5
2020,7962,16,75.5,60.5,1,HB,144,86.1,Latavius Murray,NO,2,1,81.5,83.0
2020,42295,12,83.4,,40,WR,157,84.5,Marquez Callaway,NO,123,0,68.0,68.2
2020,109795,17,73.3,62.8,59,TE,171,81.7,Adam Trautman,NO,35,105,76.9,61.8
2020,12112,17,20.0,66.5,45,QB,76,41.1,Taysom Hill,NO,19,15,67.7,54.5
2020,8200,15,19.2,50.1,10,TE,76,77.3,Josh Hill,NO,14,133,62.3,45.6
2020,28305,6,67.0,,11,WR,78,42.1,Juwan Johnson,NO,72,0,56.0,52.0
2020,9527,6,79.5,77.6,9,HB,36,41.6,Ty Montgomery,NO,3,0,62.0,48.1
2020,9601,17,74.3,56.4,7,FB,72,74.6,Michael Burton,NO,14,10,63.1,54.8
2020,42247,4,67.0,,33,WR,56,72.1,Lil'Jordan Humphrey,NO,24,0,65.1,67.5
2020,8914,5,64.0,,13,WR,32,30.0,Bennie Fowler,NO,21,0,48.0,51.0
2020,12215,5,70.0,65.9,14,WR,25,70.5,Austin Carr,NO,16,0,70.3,71.0
2020,11231,4,81.2,,4,WR,14,28.8,Tommylee Lewis,NO,9,0,53.2,45.5
2020,9883,3,61.2,,2,WR,6,64.7,Jake Kumerow,NO,4,0,71.6,70.4
2021,42295,17,80.0,,96,WR,457,56.0,Marquez Callaway,NO,382,3,69.3,69.6
2021,11822,13,91.2,12.3,41,HB,271,43.2,Alvin Kamara,NO,46,0,63.2,65.8
2021,91470,13,68.9,,78,WR,212,64.1,Deonte Harty,NO,135,1,87.8,86.7
2021,48228,11,28.0,,168,WR,302,78.9,Tre'Quan Smith,NO,151,4,62.7,62.0
2021,109795,13,26.4,58.6,96,TE,250,65.0,Adam Trautman,NO,43,194,62.7,60.0
2021,6180,14,77.0,85.2,6,HB,148,75.5,Mark Ingram II,NO,7,1,67.6,76.2
2021,9527,14,78.9,46.5,76,WR,176,29.8,Ty Montgomery,NO,53,2,51.4,45.8
2021,7926,13,70.3,68.5,45,WR,155,32.6,Kenny Stills,NO,122,0,54.7,54.6
2021,28305,14,72.3,70.7,91,TE,166,63.2,Juwan Johnson,NO,38,42,66.9,66.8
2021,42247,10,72.7,67.6,83,WR,136,80.6,Lil'Jordan Humphrey,NO,58,1,71.1,71.1
2021,10728,7,70.6,75.8,32,TE,88,27.8,Nick Vannett,NO,12,68,57.9,57.1
2021,40498,9,83.9,88.9,3,HB,50,73.4,Tony Jones Jr.,NO,0,0,63.9,58.0
2021,6468,5,67.0,,14,WR,29,72.1,Chris Hogan,NO,16,0,69.2,69.0
2021,12112,12,72.5,16.9,26,QB,52,72.1,Taysom Hill,NO,17,14,75.0,61.8
2021,9440,5,61.2,,10,WR,29,28.9,Kevin White,NO,20,0,55.6,55.3
2021,11439,13,15.2,59.8,7,TE,47,72.1,Garrett Griffin,NO,7,68,51.7,46.7
2021,35639,7,69.7,80.7,1,FB,35,70.5,Adam Prentice,NO,8,4,68.4,55.2
2021,47173,1,64.0,70.5,1,TE,5,68.3,Ethan Wolf,NO,0,6,55.3,57.2
2021,10870,5,73.1,85.8,1,HB,9,68.3,Dwayne Washington,NO,1,0,64.1,58.5
2021,61812,3,79.8,,3,WR,6,64.7,Easop Winston Jr.,NO,4,0,55.8,57.3
2022,84355,15,27.4,,152,WR,431,81.9,Chris Olave,NO,297,1,82.5,82.9
2022,11822,15,49.9,20.2,15,HB,295,61.9,Alvin Kamara,NO,23,0,72.7,65.4
2022,28305,16,78.3,65.6,202,TE,365,59.1,Juwan Johnson,NO,60,141,64.7,66.5
2022,8698,9,77.8,,155,WR,207,86.5,Jarvis Landry,NO,64,2,67.3,66.5
2022,63707,12,89.8,,50,WR,188,86.9,Rashid Shaheed,NO,142,0,80.8,78.6
2022,42295,13,77.1,,14,WR,188,52.8,Marquez Callaway,NO,183,0,59.7,58.8
2022,57136,14,87.9,57.5,33,HB,195,64.1,Eno Benjamin,NO,17,0,72.2,62.3
2022,48228,14,74.4,66.2,118,WR,178,70.5,Tre'Quan Smith,NO,71,1,69.0,69.1
2022,10681,3,73.9,,22,WR,104,68.7,Michael Thomas,NO,87,0,77.3,77.4
2022,109795,15,74.1,71.9,33,TE,139,83.2,Adam Trautman,NO,21,148,66.7,69.2
2022,6180,10,29.7,59.0,1,HB,86,82.2,Mark Ingram II,NO,1,0,63.3,54.4
2022,12112,16,49.1,80.6,36,TE,123,38.4,Taysom Hill,NO,56,35,75.6,52.2
2022,9440,7,64.0,,17,WR,75,29.9,Kevin White,NO,61,0,54.4,52.8
2022,9519,5,23.6,37.4,0,HB,30,72.1,David Johnson,NO,2,0,51.3,69.9
2022,48017,5,64.0,,47,WR,70,29.9,Keith Kirkwood,NO,25,1,54.5,47.4
2022,35639,10,18.2,76.5,2,FB,21,70.5,Adam Prentice,NO,3,3,54.0,33.6
2022,91470,4,26.0,,6,WR,16,68.3,Deonte Harty,NO,10,0,47.9,49.3
2022,10870,6,76.4,65.8,0,HB,11,64.7,Dwayne Washington,NO,1,0,64.2,57.0
2022,35096,3,,,3,WR,7,,Kirk Merritt,NO,5,0,55.0,55.3
2023,84355,16,82.7,,221,WR,542,71.2,Chris Olave,NO,336,0,82.5,82.9
2023,11822,13,90.8,19.2,18,HB,269,82.8,Alvin Kamara,NO,18,1,74.1,78.4
2023,63707,15,71.6,,210,WR,431,77.0,Rashid Shaheed,NO,233,0,69.0,69.4
2023,10681,10,77.9,,95,WR,324,81.8,Michael Thomas,NO,238,0,67.4,67.8
2023,28305,13,77.6,46.8,198,TE,309,63.4,Juwan Johnson,NO,53,93,58.8,66.3
2023,12112,16,67.7,60.1,114,TE,224,79.4,Taysom Hill,NO,64,55,75.3,66.4
2023,47043,15,75.2,52.3,51,TE,154,71.3,Foster Moreau,NO,34,119,55.3,61.8
2023,11889,13,68.2,38.0,0,HB,120,82.7,Jamaal Williams,NO,0,1,59.4,61.5
2023,77975,10,71.9,,54,WR,208,61.8,A.T. Perry,NO,161,0,61.0,61.5
2023,61361,14,28.3,65.6,51,WR,127,31.0,Lynn Bowden,NO,77,5,50.3,50.6
2023,123091,8,82.5,27.4,1,HB,54,58.5,Kendre Miller,NO,3,0,74.1,72.7
2023,48017,13,68.0,,41,WR,76,73.4,Keith Kirkwood,NO,40,4,52.4,53.8
2023,5619,12,68.8,27.0,39,TE,73,74.6,Jimmy Graham,NO,21,20,62.5,68.0
2023,35639,12,15.3,33.9,1,FB,37,29.9,Adam Prentice,NO,2,4,38.1,37.9
2023,57209,1,,,1,HB,3,,Jordan Mims,NO,1,0,56.2,56.1
2024,11822,10,79.9,41.0,43,HB,220,58.1,Alvin Kamara,NO,13,0,72.1,63.3
2024,84355,8,28.6,39.9,57,WR,188,80.4,Chris Olave,NO,143,0,82.4,83.0
2024,63707,6,82.6,,46,WR,171,83.6,Rashid Shaheed,NO,135,0,69.7,69.2
2024,28305,10,75.5,24.9,92,TE,207,63.6,Juwan Johnson,NO,35,115,63.7,68.7
2024,109617,10,73.7,,61,WR,218,51.8,Mason Tipton,NO,172,0,48.4,48.1
2024,47043,10,21.9,69.4,60,TE,152,80.6,Foster Moreau,NO,11,144,63.2,62.7
2024,98847,5,70.6,,31,WR,90,77.3,Bub Means,NO,67,0,59.9,62.2
2024,12112,6,80.0,75.6,33,TE,69,29.5,Taysom Hill,NO,18,15,69.7,58.8
2024,48170,8,21.7,74.3,49,WR,103,45.7,Cedrick Wilson Jr.,NO,63,0,61.4,63.3
2024,47809,8,68.8,,25,WR,100,74.6,Marquez Valdes-Scantling,NO,85,0,64.9,63.7
2024,57209,4,76.0,69.1,2,HB,17,73.4,Jordan Mims,NO,2,0,65.8,65.1
2024,11889,8,81.7,60.9,6,HB,41,73.4,Jamaal Williams,NO,1,1,65.8,57.5
2024,35639,10,,54.0,10,FB,34,,Adam Prentice,NO,7,10,50.7,47.9
2024,123091,2,75.0,35.5,0,HB,12,30.0,Kendre Miller,NO,0,0,71.9,32.5
2024,84345,1,64.0,,4,WR,13,68.3,Kevin Austin Jr.,NO,9,0,73.1,77.5
2024,48113,1,65.3,,1,WR,2,64.7,Dante Pettis,NO,1,0,59.3,58.8
2006,586,16,24.3,,98,WR,522,69.4,Plaxico Burress,NYG,450,0,79.8,80.7
2006,1021,16,81.1,75.6,194,TE,445,56.5,Jeremy Shockey,NYG,24,308,75.0,71.4
2006,245,17,75.0,58.5,7,HB,363,66.6,Tiki Barber,NYG,15,0,66.5,71.9
2006,169,8,77.2,,135,WR,276,88.7,Amani Toomer,NYG,153,0,74.7,75.3
2006,1053,17,19.4,62.4,28,WR,431,44.2,Tim Carter,NYG,427,1,50.5,49.3
2006,1511,10,74.1,5.4,142,WR,196,44.9,David Tyree,NYG,61,0,58.7,58.6
2006,541,17,72.7,67.4,4,FB,117,43.8,Jim Finn,NYG,15,0,74.9,44.1
2006,1406,17,21.4,75.5,32,TE,140,80.0,Visanthe Shiancoe,NYG,7,132,58.1,49.5
2006,2327,16,43.7,51.0,2,HB,66,60.2,Brandon Jacobs,NYG,4,0,70.0,68.6
2006,2989,7,68.8,,16,WR,29,29.7,Sinorice Moss,NYG,16,0,52.8,53.7
2006,1261,4,70.0,,2,WR,23,73.4,Michael Jennings,NYG,20,1,66.5,66.4
2006,3377,1,,70.2,1,TE,3,,Darcy Johnson,NYG,0,3,57.9,55.2
2006,483,4,,86.6,0,G,1,,Grey Ruegamer,NYG,0,2,85.4,59.6
2007,586,20,55.1,,101,WR,685,71.8,Plaxico Burress,NYG,615,0,79.3,79.8
2007,169,20,82.1,,361,WR,698,37.2,Amani Toomer,NYG,370,0,71.8,71.5
2007,1021,14,80.4,75.1,107,TE,423,69.9,Jeremy Shockey,NYG,30,355,78.8,75.5
2007,2327,15,35.1,76.8,4,HB,199,28.1,Brandon Jacobs,NYG,3,0,62.1,30.0
2007,3667,9,75.1,,55,WR,150,28.2,Steve Smith,NYG,99,1,64.0,62.9
2007,1949,8,54.7,90.9,4,HB,141,35.9,Derrick Ward,NYG,3,0,65.1,48.6
2007,2989,13,75.0,,9,WR,224,71.3,Sinorice Moss,NYG,229,0,58.2,58.1
2007,3769,15,72.7,68.0,25,TE,155,64.4,Kevin Boss,NYG,7,167,69.1,68.9
2007,4218,20,68.8,61.8,14,TE,96,26.8,Michael Matthews,NYG,9,115,52.6,29.0
2007,2468,20,71.1,66.9,2,FB,117,41.1,Madison Hedgecock,NYG,6,1,84.9,43.3
2007,640,16,62.8,56.6,1,HB,89,52.1,Reuben Droughns,NYG,4,1,55.4,44.6
2007,1511,11,70.1,73.0,5,WR,60,76.5,David Tyree,NYG,48,1,73.3,72.1
2007,3866,10,85.4,79.0,1,HB,46,49.2,Ahmad Bradshaw,NYG,6,0,85.2,65.5
2007,3075,8,64.6,,3,WR,15,64.7,Domenik Hixon,NYG,12,0,50.8,54.3
2008,169,17,37.8,,244,WR,490,38.8,Amani Toomer,NYG,283,0,59.0,58.2
2008,3667,17,26.1,,178,WR,356,46.0,Steve Smith,NYG,204,0,68.3,66.1
2008,3075,17,79.3,,48,WR,309,73.8,Domenik Hixon,NYG,283,0,75.9,75.6
2008,586,10,77.6,,61,WR,274,29.4,Plaxico Burress,NYG,239,0,65.0,63.6
2008,3769,16,77.6,61.2,84,TE,342,63.4,Kevin Boss,NYG,6,353,83.5,63.4
2008,1949,17,73.6,78.5,6,HB,246,40.7,Derrick Ward,NYG,17,0,73.9,59.5
2008,2468,17,71.3,51.4,5,FB,112,26.8,Madison Hedgecock,NYG,4,1,60.9,28.5
2008,2989,10,71.9,,14,WR,52,79.4,Sinorice Moss,NYG,40,0,79.9,78.2
2008,2327,14,62.3,82.7,3,HB,107,27.1,Brandon Jacobs,NYG,1,0,63.2,29.3
2008,3377,9,68.0,74.1,8,TE,41,73.4,Darcy Johnson,NYG,2,38,85.5,84.9
2008,3027,2,65.8,,6,WR,30,70.5,Derek Hagan,NYG,25,0,67.2,62.6
2008,4409,5,68.3,,2,WR,20,41.6,Mario Manningham,NYG,20,0,58.1,58.7
2008,3866,11,55.1,31.7,1,HB,38,73.4,Ahmad Bradshaw,NYG,2,0,47.9,71.1
2008,4218,17,64.0,59.5,13,TE,81,68.3,Michael Matthews,NYG,8,85,62.5,49.1
2009,3667,16,84.0,,411,WR,534,88.1,Steve Smith,NYG,153,0,82.2,81.7
2009,4409,14,52.9,,25,WR,408,43.2,Mario Manningham,NYG,406,0,75.9,75.4
2009,4952,14,50.3,,15,WR,344,63.8,Hakeem Nicks,NYG,348,0,75.8,74.4
2009,3769,15,78.7,59.1,115,TE,427,84.0,Kevin Boss,NYG,30,390,82.5,70.9
2009,2327,15,71.0,74.1,4,HB,158,29.5,Brandon Jacobs,NYG,1,0,42.8,42.3
2009,3866,15,46.7,87.6,1,HB,151,29.8,Ahmad Bradshaw,NYG,3,0,56.6,41.4
2009,3075,14,73.0,,36,WR,141,81.1,Domenik Hixon,NYG,118,0,70.4,65.0
2009,5023,10,70.1,,13,TE,42,76.5,Travis Beckum,NYG,21,8,73.4,73.5
2009,2468,16,68.8,78.8,3,FB,78,27.9,Madison Hedgecock,NYG,4,0,67.0,30.1
2009,3027,7,70.1,,4,WR,56,76.5,Derek Hagan,NYG,53,0,63.8,61.0
2009,3377,13,16.0,51.0,12,TE,102,45.8,Darcy Johnson,NYG,19,111,64.0,39.2
2009,4095,5,23.7,82.2,0,HB,30,70.5,Danny Ware,NYG,0,0,47.6,56.3
2009,2989,7,61.2,,6,WR,35,64.7,Sinorice Moss,NYG,31,0,58.8,58.5
2009,5008,2,61.2,,3,WR,18,64.7,Ramses Barden,NYG,16,0,52.3,52.6
2009,5058,3,75.5,70.9,0,HB,6,28.0,Gartrell Johnson,NYG,0,0,31.2,27.3
2009,5108,3,61.2,74.9,1,TE,5,64.7,Bear Pascoe,NYG,2,7,80.4,72.2
2009,3121,9,,76.2,0,G,3,,Kevin Boothe,NYG,0,3,68.6,50.1
2010,4952,13,61.3,,27,WR,453,65.6,Hakeem Nicks,NYG,451,0,80.6,79.4
2010,4409,16,44.0,,64,WR,417,77.0,Mario Manningham,NYG,380,0,73.4,74.3
2010,3667,9,79.2,68.1,200,WR,304,50.8,Steve Smith,NYG,123,0,71.4,70.3
2010,3769,15,77.3,71.0,79,TE,343,27.2,Kevin Boss,NYG,19,397,70.1,56.0
2010,3866,16,29.7,89.8,3,HB,262,49.3,Ahmad Bradshaw,NYG,15,0,76.6,62.9
2010,3027,7,75.5,,96,WR,166,53.1,Derek Hagan,NYG,76,0,68.1,66.6
2010,5023,16,72.7,36.1,70,TE,126,64.7,Travis Beckum,NYG,18,57,58.8,57.7
2010,2327,16,57.6,58.8,2,HB,97,31.8,Brandon Jacobs,NYG,0,0,66.5,43.5
2010,5108,14,70.6,75.5,3,FB,118,56.7,Bear Pascoe,NYG,7,35,67.8,49.2
2010,4095,7,78.1,40.6,0,HB,12,52.5,Danny Ware,NYG,2,0,66.1,77.9
2010,5008,4,68.8,,23,WR,27,49.7,Ramses Barden,NYG,5,0,69.3,68.6
2010,1736,6,64.0,,4,WR,44,68.3,Michael Clayton,NYG,42,0,61.3,58.2
2010,2468,4,64.0,30.1,0,FB,16,68.3,Madison Hedgecock,NYG,2,0,46.4,56.4
2010,5824,2,61.2,,0,WR,22,28.8,Duke Calhoun,NYG,23,0,43.7,46.5
2010,4348,3,,,3,WR,3,27.9,Devin Thomas,NYG,1,0,35.3,40.0
2011,4952,19,58.6,,44,WR,741,68.2,Hakeem Nicks,NYG,731,0,89.2,89.2
2011,5827,20,33.7,,494,WR,670,40.5,Victor Cruz,NYG,207,0,82.1,82.3
2011,4409,16,79.5,62.3,36,WR,502,52.3,Mario Manningham,NYG,491,0,68.6,68.2
2011,5822,18,78.5,68.6,113,TE,430,32.1,Jake Ballard,NYG,9,462,77.5,72.4
2011,3866,16,74.0,78.1,0,HB,242,59.3,Ahmad Bradshaw,NYG,10,0,74.2,69.6
2011,4095,20,57.6,67.7,4,HB,172,77.3,Danny Ware,NYG,26,0,66.5,71.8
2011,2327,18,52.4,61.0,0,HB,117,56.9,Brandon Jacobs,NYG,0,0,73.6,64.0
2011,5108,20,73.6,65.1,38,TE,181,82.2,Bear Pascoe,NYG,15,124,65.7,63.1
2011,5023,16,71.9,30.4,71,TE,125,61.8,Travis Beckum,NYG,17,66,63.2,58.7
2011,5008,8,70.6,62.3,10,WR,100,57.0,Ramses Barden,NYG,96,0,58.7,58.2
2011,6666,15,73.6,86.0,1,FB,97,82.2,Henry Hynoski,NYG,3,2,76.8,78.8
2011,3075,2,67.0,,22,WR,25,72.1,Domenik Hixon,NYG,4,0,71.9,68.8
2011,4348,11,65.8,,3,WR,22,70.5,Devin Thomas,NYG,20,0,60.6,60.8
2011,498,2,61.2,,22,WR,20,64.7,Brandon Stokley,NYG,0,0,51.1,51.7
2011,6235,4,,,2,WR,10,27.9,Jerrel Jernigan,NYG,8,0,41.5,42.7
2011,6373,5,18.3,70.7,0,HB,10,68.3,Da'Rel Scott,NYG,3,0,49.7,59.5
2011,1736,2,,,1,WR,2,,Michael Clayton,NYG,1,0,43.9,58.6
2012,5827,16,82.4,68.1,407,WR,536,39.8,Victor Cruz,NYG,172,0,77.5,77.9
2012,4952,13,79.8,,9,WR,398,80.8,Hakeem Nicks,NYG,415,0,80.1,79.3
2012,4375,16,80.2,75.2,257,TE,421,56.7,Martellus Bennett,NYG,6,292,81.3,73.0
2012,3075,13,78.1,,13,WR,252,66.3,Domenik Hixon,NYG,265,1,81.6,81.1
2012,7065,14,74.1,,10,WR,156,57.1,Rueben Randle,NYG,159,0,76.1,74.4
2012,3866,14,57.6,82.8,1,HB,185,61.5,Ahmad Bradshaw,NYG,4,0,79.9,68.2
2012,5008,11,73.0,,18,WR,142,81.1,Ramses Barden,NYG,137,0,64.8,66.1
2012,6666,16,74.1,85.2,1,FB,117,60.6,Henry Hynoski,NYG,1,6,75.8,55.9
2012,5053,8,86.1,74.8,1,HB,97,61.8,Andre Brown,NYG,7,0,74.2,51.6
2012,7036,11,55.9,40.0,2,HB,37,29.2,David Wilson,NYG,2,0,66.0,48.6
2012,5108,15,67.0,29.7,20,TE,79,28.7,Bear Pascoe,NYG,14,51,51.9,43.4
2012,6235,8,67.4,,9,WR,16,70.5,Jerrel Jernigan,NYG,7,0,64.1,61.4
2012,4983,16,,76.5,0,T,1,27.9,Will Beatty,NYG,0,4,80.7,28.3
2012,5023,4,,71.0,6,TE,9,,Travis Beckum,NYG,3,4,61.7,52.9
2012,4714,5,20.9,60.8,0,HB,15,28.9,Kregg Lumpkin,NYG,3,0,46.2,35.8
2013,5827,14,49.6,,359,WR,500,71.3,Victor Cruz,NYG,163,3,76.9,76.7
2013,4952,15,80.0,,37,WR,526,36.9,Hakeem Nicks,NYG,513,0,70.1,69.2
2013,7065,16,27.5,,15,WR,419,52.6,Rueben Randle,NYG,424,0,69.2,68.3
2013,5126,16,78.9,61.8,304,TE,441,69.9,Brandon Myers,NYG,9,239,67.1,63.4
2013,6235,15,43.2,68.5,96,WR,147,77.3,Jerrel Jernigan,NYG,55,0,86.5,79.7
2013,5053,8,28.6,70.5,2,HB,137,59.5,Andre Brown,NYG,4,0,62.7,43.4
2013,4541,7,33.9,78.0,1,HB,73,80.0,Peyton Hillis,NYG,1,0,57.4,59.2
2013,5108,16,72.5,57.4,13,TE,102,46.3,Bear Pascoe,NYG,15,61,72.6,58.7
2013,6373,5,78.9,80.3,0,HB,56,62.1,Da'Rel Scott,NYG,4,0,58.6,60.3
2013,5048,14,17.2,,5,WR,69,29.8,Louis Murphy Jr.,NYG,67,0,45.9,44.8
2013,5662,11,68.8,87.0,1,FB,51,74.6,John Conner,NYG,1,0,83.5,63.2
2013,2327,7,49.6,83.6,1,HB,46,27.3,Brandon Jacobs,NYG,0,0,62.3,30.3
2013,7638,13,65.8,31.5,22,TE,47,70.5,Larry Donnell,NYG,3,32,48.7,50.5
2013,7036,5,27.3,58.2,2,HB,36,68.3,David Wilson,NYG,1,0,63.7,53.1
2013,8036,3,84.0,78.2,0,HB,11,70.5,Michael Cox,NYG,0,0,63.9,72.8
2013,6666,3,64.6,83.1,0,FB,6,28.8,Henry Hynoski,NYG,0,0,48.0,28.6
2013,7501,2,,71.7,1,WR,9,28.0,Julian Talley,NYG,8,1,42.1,43.6
2014,8647,12,87.4,,104,WR,474,88.4,Odell Beckham Jr.,NYG,385,0,90.8,91.2
2014,7065,16,81.9,,31,WR,594,77.0,Rueben Randle,NYG,595,0,76.9,76.3
2014,7638,16,19.4,83.8,149,TE,514,72.3,Larry Donnell,NYG,30,361,66.6,63.6
2014,5950,15,28.6,,297,WR,407,56.2,Preston Parker,NYG,128,0,62.5,61.6
2014,5827,6,75.1,,188,WR,195,30.4,Victor Cruz,NYG,18,0,61.8,62.8
2014,5174,10,63.3,76.6,1,HB,172,39.8,Rashad Jennings,NYG,0,0,58.5,42.5
2014,8748,16,81.7,79.5,1,HB,203,55.9,Andre Williams,NYG,2,0,60.1,47.2
2014,3309,16,26.3,64.4,38,TE,129,81.7,Daniel Fells,NYG,9,98,78.9,74.7
2014,4541,5,79.8,60.5,0,HB,52,41.4,Peyton Hillis,NYG,0,0,54.1,55.6
2014,5387,7,68.0,,17,WR,62,73.4,Kevin Ogletree,NYG,47,0,56.5,57.8
2014,6235,2,69.8,,2,WR,68,49.2,Jerrel Jernigan,NYG,72,0,55.4,55.6
2014,9189,8,68.0,,0,WR,32,73.4,Corey Washington,NYG,34,0,74.1,73.1
2014,7127,9,68.0,64.9,3,TE,21,46.3,Adrien Robinson,NYG,0,21,76.9,76.5
2014,9173,4,74.7,52.3,0,HB,20,73.4,Orleans Darkwa,NYG,0,0,66.3,70.0
2014,8036,1,77.7,52.2,0,HB,12,68.3,Michael Cox,NYG,0,0,64.3,60.2
2014,5135,4,75.1,58.8,1,HB,17,28.0,Chris Ogbonnaya,NYG,0,0,54.6,29.9
2015,8647,15,40.9,,167,WR,598,84.2,Odell Beckham Jr.,NYG,467,0,88.1,90.1
2015,7065,16,80.1,,97,WR,609,75.3,Rueben Randle,NYG,554,0,63.9,63.2
2015,6208,16,90.2,84.1,26,HB,303,64.6,Shane Vereen,NYG,16,1,64.9,71.5
2015,10070,13,30.4,78.5,47,TE,304,52.5,Will Tye,NYG,10,267,67.4,67.6
2015,6328,15,90.0,,335,WR,401,48.0,Dwayne Harris,NYG,100,0,61.0,59.5
2015,7638,8,76.3,78.7,37,TE,206,66.8,Larry Donnell,NYG,20,162,58.4,60.8
2015,5174,16,67.6,79.9,4,HB,166,68.1,Rashad Jennings,NYG,5,1,71.0,60.8
2015,8243,12,70.1,,58,WR,107,35.3,Myles White,NYG,55,0,57.2,57.9
2015,9400,9,70.1,55.1,14,TE,88,35.7,Jerome Cunningham,NYG,3,77,51.1,38.7
2015,4952,6,69.5,,2,WR,108,52.1,Hakeem Nicks,NYG,113,0,51.8,52.1
2015,5950,2,68.0,,49,WR,61,26.4,Preston Parker,NYG,13,0,41.5,40.8
2015,3309,2,68.8,72.3,3,TE,24,74.6,Daniel Fells,NYG,1,22,85.3,90.6
2015,9840,2,65.8,,1,TE,17,70.5,Matt LaCosse,NYG,0,16,62.1,50.7
2015,9619,5,64.0,,1,WR,24,68.3,Geremy Davis,NYG,26,0,57.5,57.8
2015,8748,14,86.9,71.6,2,HB,47,26.4,Andre Williams,NYG,0,0,50.5,29.0
2015,9173,8,81.2,81.2,1,HB,31,70.5,Orleans Darkwa,NYG,0,0,63.1,59.9
2015,10067,2,65.3,,21,WR,20,64.7,Ben Edwards,NYG,0,0,51.7,51.7
2015,9442,15,62.3,50.5,0,T,0,67.6,Ereck Flowers,NYG,0,0,55.0,66.9
2016,8647,17,41.7,,104,WR,648,55.8,Odell Beckham Jr.,NYG,576,0,84.6,85.0
2016,10674,17,82.0,68.8,590,WR,657,53.3,Sterling Shepard,NYG,101,1,66.2,66.2
2016,10070,17,79.6,64.7,86,TE,401,73.2,Will Tye,NYG,18,330,57.9,57.8
2016,5827,16,29.9,65.5,31,WR,495,51.5,Victor Cruz,NYG,491,1,61.0,59.8
2016,5174,14,79.8,87.4,1,HB,198,71.6,Rashad Jennings,NYG,7,0,55.4,55.3
2016,10783,14,71.9,66.0,3,HB,152,69.6,Paul Perkins,NYG,9,0,63.2,61.4
2016,7511,12,83.1,83.8,1,HB,98,84.1,Bobby Rainey Jr.,NYG,3,0,73.0,84.7
2016,7638,9,22.4,77.9,16,TE,118,51.5,Larry Donnell,NYG,4,113,41.6,41.4
2016,10818,12,22.8,74.4,23,TE,110,81.7,Jerell Adams,NYG,5,95,55.1,55.9
2016,6208,5,20.6,49.4,1,HB,61,34.1,Shane Vereen,NYG,2,0,40.2,27.6
2016,11246,11,69.5,,5,WR,127,28.4,Roger Lewis Jr.,NYG,126,0,51.7,50.9
2016,7943,6,68.0,,3,WR,60,73.4,Tavarres King,NYG,61,0,67.9,67.5
2016,9173,4,79.7,81.3,1,HB,22,30.0,Orleans Darkwa,NYG,0,0,52.1,36.4
2016,6328,8,59.1,51.9,8,WR,12,68.3,Dwayne Harris,NYG,2,6,81.5,81.0
2017,11778,15,81.2,77.4,137,TE,498,29.8,Evan Engram,NYG,70,335,62.1,65.7
2017,10674,11,45.8,,389,WR,439,69.8,Sterling Shepard,NYG,73,2,70.7,70.6
2017,11246,15,77.6,70.7,14,WR,444,63.4,Roger Lewis Jr.,NYG,454,0,58.6,58.9
2017,6208,16,86.2,53.6,7,HB,228,84.3,Shane Vereen,NYG,3,0,57.9,66.8
2017,11895,13,35.2,85.7,2,HB,165,45.4,Wayne Gallman,NYG,4,0,70.0,54.3
2017,8647,4,76.5,,19,WR,144,29.5,Odell Beckham Jr.,NYG,134,0,69.2,70.0
2017,7943,8,74.9,,41,WR,249,69.6,Tavarres King,NYG,221,0,62.3,62.4
2017,3064,5,73.9,,7,WR,170,55.6,Brandon Marshall,NYG,176,0,62.2,60.5
2017,7128,16,75.5,68.4,31,TE,204,74.2,Rhett Ellison,NYG,11,221,74.6,69.4
2017,9173,15,77.5,63.5,0,HB,109,29.2,Orleans Darkwa,NYG,3,0,60.3,43.0
2017,47997,7,70.6,,115,WR,151,56.7,Travis Rudolph,NYG,48,0,48.1,46.7
2017,10818,15,70.1,44.2,14,TE,71,35.7,Jerell Adams,NYG,4,64,59.3,54.4
2017,11078,3,77.5,,11,WR,59,45.8,Hunter Sharp,NYG,55,0,60.4,60.0
2017,10783,6,82.4,56.5,0,HB,56,38.7,Paul Perkins,NYG,3,0,44.9,43.3
2017,11251,1,64.0,,0,WR,26,68.3,Darius Powe,NYG,27,0,52.6,52.1
2017,11429,1,,,1,WR,25,,Marquis Bundy,NYG,27,0,54.0,50.2
2017,11121,1,72.5,,2,WR,3,27.9,Ed Eagan,NYG,1,0,37.7,39.9
2017,11028,3,85.1,,3,WR,23,64.7,Kalif Raymond,NYG,20,0,54.7,57.1
2018,8647,12,84.7,,144,WR,465,84.0,Odell Beckham Jr.,NYG,343,1,90.0,89.9
2018,45791,16,91.5,54.0,8,HB,470,78.1,Saquon Barkley,NYG,35,1,85.2,86.3
2018,10674,16,81.4,42.3,368,WR,600,49.8,Sterling Shepard,NYG,254,5,67.3,66.2
2018,11778,11,79.5,70.4,157,TE,315,62.4,Evan Engram,NYG,52,135,76.3,75.7
2018,7128,14,75.7,62.6,87,TE,245,64.1,Rhett Ellison,NYG,12,219,64.4,56.3
2018,8914,10,23.0,,63,WR,244,66.7,Bennie Fowler,NYG,194,0,58.2,57.3
2018,11895,15,27.9,88.3,1,HB,77,49.8,Wayne Gallman,NYG,6,0,57.6,36.4
2018,8254,10,71.1,,42,WR,132,58.5,Russell Shepard,NYG,92,0,61.5,63.3
2018,8691,6,75.3,,19,WR,142,79.4,Cody Latimer,NYG,130,0,70.2,69.8
2018,8954,15,71.6,44.2,15,TE,95,77.3,Scott Simonson,NYG,8,106,57.1,62.8
2018,11300,11,74.2,74.5,0,FB,24,76.5,Elijhaa Penny,NYG,0,0,68.6,76.8
2018,22489,5,81.9,,14,WR,39,72.1,Jawill Davis,NYG,26,0,61.9,61.1
2018,10649,8,82.3,,3,WR,72,45.8,Corey Coleman,NYG,72,0,60.0,60.0
2018,11974,2,73.1,,1,WR,11,27.9,Stacy Coley,NYG,11,0,41.9,44.0
2018,10998,11,62.3,70.2,0,C,1,67.6,Spencer Pulley,NYG,0,3,58.3,65.4
2019,10674,10,81.1,67.1,195,WR,390,75.9,Sterling Shepard,NYG,217,4,75.8,73.8
2019,5585,11,84.0,,382,WR,423,72.5,Golden Tate,NYG,70,1,74.0,72.7
2019,25578,14,81.4,,22,WR,471,70.9,Darius Slayton,NYG,481,0,70.3,70.5
2019,45791,13,83.4,63.4,8,HB,377,72.9,Saquon Barkley,NYG,29,0,72.2,57.2
2019,11778,8,79.4,67.2,112,TE,294,69.3,Evan Engram,NYG,38,184,64.1,67.8
2019,40973,9,20.6,56.2,57,TE,240,68.4,Kaden Smith,NYG,19,196,54.5,56.0
2019,8691,15,83.0,,53,WR,251,63.2,Cody Latimer,NYG,214,1,68.4,67.5
2019,8914,8,75.8,,47,WR,230,63.2,Bennie Fowler,NYG,198,2,60.6,60.2
2019,7128,10,74.4,72.6,23,TE,127,58.1,Rhett Ellison,NYG,9,149,65.6,59.7
2019,11895,10,36.8,62.8,0,HB,93,61.8,Wayne Gallman,NYG,13,0,60.9,58.9
2019,8254,3,65.8,,31,WR,53,70.5,Russell Shepard,NYG,22,0,50.3,47.4
2019,8824,3,77.3,,5,WR,33,70.5,T.J. Jones,NYG,29,0,57.4,59.9
2019,45826,3,22.1,87.9,0,HB,46,70.5,Jon Hilliman,NYG,5,0,52.1,30.7
2019,10833,9,65.8,,7,WR,41,70.5,Cody Core,NYG,34,0,57.2,60.1
2019,39588,5,77.6,,5,WR,24,29.9,Da'Mari Scott,NYG,19,0,56.5,58.2
2019,11300,14,76.7,57.8,1,FB,44,70.5,Elijhaa Penny,NYG,2,7,57.7,52.3
2019,9558,5,73.9,82.9,0,HB,13,68.3,Javorius Allen,NYG,2,0,71.8,58.8
2019,8954,5,64.0,75.9,4,TE,22,68.3,Scott Simonson,NYG,1,22,51.9,58.2
2020,11778,16,49.5,58.6,263,TE,508,50.0,Evan Engram,NYG,82,222,60.6,61.4
2020,25578,16,38.4,,114,WR,549,51.4,Darius Slayton,NYG,469,0,67.8,67.4
2020,10674,12,82.1,,127,WR,370,86.8,Sterling Shepard,NYG,265,3,79.6,79.4
2020,5585,12,79.9,,271,WR,302,70.9,Golden Tate,NYG,46,1,66.0,66.3
2020,6301,16,24.6,37.4,19,HB,201,70.5,Dion Lewis,NYG,11,0,54.7,59.2
2020,11895,15,71.6,58.0,16,HB,160,49.1,Wayne Gallman,NYG,9,0,71.1,49.6
2020,40973,15,24.3,55.2,50,TE,139,68.7,Kaden Smith,NYG,6,147,66.9,59.4
2020,12088,12,74.4,,11,WR,109,60.6,C.J. Board,NYG,105,0,67.4,64.6
2020,28070,11,69.5,,21,WR,77,52.1,Austin Mack,NYG,59,1,62.5,60.3
2020,8738,5,83.9,15.1,3,HB,55,28.8,Devonta Freeman,NYG,1,0,55.0,44.3
2020,45791,2,77.5,27.0,10,HB,35,49.2,Saquon Barkley,NYG,4,0,60.3,62.8
2020,48113,6,20.4,62.4,27,WR,73,72.1,Dante Pettis,NYG,53,0,64.2,63.4
2020,7915,15,68.0,59.1,7,TE,44,45.8,Levine Toilolo,NYG,8,87,56.5,58.0
2020,7165,9,83.6,84.4,1,HB,32,70.5,Alfred Morris,NYG,2,0,69.1,63.8
2020,11300,10,71.6,82.2,0,FB,11,68.3,Elijhaa Penny,NYG,0,0,65.8,78.8
2020,29476,16,,63.1,0,C,1,,Nick Gates,NYG,0,0,59.7,60.0
2021,11851,14,77.7,,89,WR,423,81.3,Kenny Golladay,NYG,360,0,68.3,68.2
2021,11778,15,33.9,54.6,353,TE,459,61.9,Evan Engram,NYG,43,112,53.5,54.9
2021,45791,13,63.9,34.3,22,HB,257,44.3,Saquon Barkley,NYG,31,1,59.1,49.2
2021,25578,13,26.8,,64,WR,359,29.7,Darius Slayton,NYG,315,3,52.8,53.8
2021,10674,7,78.0,62.4,172,WR,221,48.1,Sterling Shepard,NYG,64,0,64.6,66.1
2021,61245,10,79.7,,131,WR,196,56.9,Kadarius Toney,NYG,83,2,72.8,74.4
2021,10770,16,90.3,48.9,20,HB,253,66.9,Devontae Booker,NYG,22,2,65.0,67.0
2021,6195,16,76.1,62.9,118,TE,216,86.9,Kyle Rudolph,NYG,28,151,63.5,63.4
2021,47808,12,72.3,,17,WR,128,80.0,Collin Johnson,NYG,123,1,62.3,61.5
2021,11764,10,72.9,,25,WR,144,78.7,John Ross,NYG,126,3,67.0,66.5
2021,48113,3,74.3,,35,WR,66,78.0,Dante Pettis,NYG,34,0,68.3,65.8
2021,10751,8,84.6,,82,WR,91,72.1,Pharoh Cooper,NYG,12,0,49.7,51.8
2021,11300,16,79.5,57.4,2,FB,43,77.3,Elijhaa Penny,NYG,2,1,64.4,73.1
2021,12088,6,80.4,,18,WR,48,73.4,C.J. Board,NYG,36,0,61.4,60.0
2021,34579,4,64.0,65.7,10,WR,44,29.9,David Sills V,NYG,38,0,51.3,50.7
2021,47358,8,65.8,74.4,9,TE,26,28.0,Chris Myarick,NYG,3,30,53.5,47.3
2021,40973,9,65.8,57.4,16,TE,54,70.5,Kaden Smith,NYG,0,71,66.1,52.3
2021,49454,1,,,0,CB,1,,Keion Crossen,NYG,0,0,58.5,58.2
2021,57133,3,64.6,63.8,0,HB,8,64.7,Gary Brightwell,NYG,0,0,54.7,58.2
2021,59701,13,61.2,82.1,0,T,1,64.7,Andrew Thomas,NYG,0,0,78.9,90.4
2021,39395,11,51.1,72.2,0,QB,4,64.7,Daniel Jones,NYG,1,0,71.1,92.6
2022,25578,18,24.7,67.3,139,WR,480,39.1,Darius Slayton,NYG,366,2,66.0,66.9
2022,45791,18,89.5,71.1,29,HB,443,56.0,Saquon Barkley,NYG,23,22,80.3,58.3
2022,28991,17,29.0,68.1,362,WR,404,80.4,Richie James,NYG,64,1,72.0,72.7
2022,52130,12,36.0,,63,WR,338,90.4,Isaiah Hodgins,NYG,292,0,76.9,76.1
2022,84041,14,28.6,53.0,99,TE,341,79.9,Daniel Bellinger,NYG,68,214,60.2,57.1
2022,101735,6,75.8,,113,WR,129,50.6,Wan'Dale Robinson,NYG,27,0,72.0,70.9
2022,12271,19,85.1,69.4,16,HB,155,71.3,Matt Breida,NYG,7,10,69.5,56.7
2022,11074,16,71.1,,26,WR,194,41.1,Marcus Johnson,NYG,181,0,55.0,54.7
2022,10674,3,72.3,,34,WR,99,47.7,Sterling Shepard,NYG,73,1,58.5,60.1
2022,34914,8,74.0,43.9,61,TE,131,51.5,Lawrence Cager,NYG,27,55,57.4,59.0
2022,11851,14,69.5,,32,WR,153,31.8,Kenny Golladay,NYG,134,0,55.6,54.7
2022,34579,9,71.9,75.1,27,WR,126,61.8,David Sills V,NYG,113,0,55.9,59.8
2022,66924,11,71.1,30.0,48,TE,165,78.0,Tanner Hudson,NYG,48,79,60.1,59.8
2022,10728,10,69.5,28.6,21,TE,87,75.6,Nick Vannett,NYG,13,72,44.3,52.2
2022,47358,15,69.5,44.9,11,TE,72,52.5,Chris Myarick,NYG,8,90,63.2,61.6
2022,57133,7,65.7,78.1,2,HB,49,73.4,Gary Brightwell,NYG,2,1,67.7,63.4
2023,25578,17,79.6,68.1,195,WR,558,71.4,Darius Slayton,NYG,388,1,67.5,68.2
2023,101735,15,81.6,,330,WR,402,76.2,Wan'Dale Robinson,NYG,82,6,65.5,67.0
2023,9637,12,79.5,57.6,206,TE,355,86.9,Darren Waller,NYG,85,103,69.4,73.1
2023,45791,14,74.1,76.6,38,HB,306,51.4,Saquon Barkley,NYG,36,7,70.2,60.6
2023,124282,17,26.2,,47,WR,388,44.0,Jalin Hyatt,NYG,356,0,59.7,58.5
2023,52130,17,25.0,73.8,52,WR,275,72.1,Isaiah Hodgins,NYG,244,0,56.4,56.6
2023,84041,17,75.8,45.4,93,TE,286,74.2,Daniel Bellinger,NYG,40,221,49.1,48.7
2023,47940,10,78.3,67.1,122,WR,141,71.3,Parris Campbell,NYG,26,2,51.4,50.9
2023,10674,13,76.3,,30,WR,90,29.8,Sterling Shepard,NYG,66,1,50.1,52.6
2023,12271,17,54.1,63.3,12,HB,156,54.3,Matt Breida,NYG,17,7,52.4,37.0
2023,99143,6,38.6,28.1,2,HB,40,74.6,Eric Gray,NYG,4,1,57.2,61.3
2023,57133,3,74.3,,2,HB,27,45.8,Gary Brightwell,NYG,0,1,64.4,72.1
2023,57189,1,18.2,6.0,0,HB,29,45.8,Deon Jackson,NYG,2,0,29.7,28.6
2023,34914,9,68.7,72.2,34,TE,49,72.1,Lawrence Cager,NYG,6,21,58.2,53.5
2023,83773,1,67.4,73.3,3,HB,10,70.5,Jashaun Corbin,NYG,0,0,76.7,79.3
2023,95015,6,17.5,,6,WR,9,64.7,Gunner Olszewski,NYG,4,0,33.4,36.7
2023,9567,12,,53.4,3,G,1,,Mark Glowinski,NYG,0,4,63.3,59.9
2023,27305,16,,42.4,0,G,0,67.6,Ben Bredeson,NYG,0,0,42.5,63.2
2024,146759,8,81.2,,78,WR,299,64.4,Malik Nabers,NYG,244,0,80.9,82.0
2024,101735,10,80.0,,281,WR,331,68.2,Wan'Dale Robinson,NYG,68,0,61.9,62.5
2024,25578,9,78.2,70.3,75,WR,324,29.9,Darius Slayton,NYG,275,0,66.4,66.8
2024,129787,10,75.1,73.8,173,TE,306,50.6,Theo Johnson,NYG,31,171,51.4,50.4
2024,84226,10,29.7,56.9,18,HB,171,43.5,Tyrone Tracy,NYG,29,0,64.1,41.5
2024,40485,8,35.8,73.2,8,HB,103,64.4,Devin Singletary,NYG,14,0,63.5,56.2
2024,124282,9,68.0,,15,WR,135,45.8,Jalin Hyatt,NYG,126,0,50.3,50.8
2024,99143,8,23.8,84.9,1,HB,37,49.2,Eric Gray,NYG,1,1,48.3,64.5
2024,84041,9,67.0,81.0,14,TE,36,72.1,Daniel Bellinger,NYG,7,21,61.8,62.0
2024,52130,3,64.0,,10,WR,26,68.3,Isaiah Hodgins,NYG,16,1,54.3,52.0
2024,10211,10,64.0,77.4,5,TE,28,68.3,Chris Manhertz,NYG,0,77,65.6,69.2
2006,638,17,58.3,,122,WR,554,90.6,Laveranues Coles,NYJ,461,1,82.3,81.2
2006,1829,17,82.9,,301,WR,550,71.0,Jerricho Cotchery,NYJ,261,1,79.1,77.9
2006,1091,17,77.4,84.4,107,TE,367,89.7,Chris Baker,NYJ,35,275,70.0,63.0
2006,872,17,75.5,62.4,88,WR,330,85.7,Justin McCareins,NYJ,258,1,59.5,59.3
2006,3062,16,62.6,65.3,5,HB,229,77.8,Leon Washington,NYJ,4,2,59.8,69.3
2006,390,9,74.2,,74,WR,119,67.0,Tim Dwight,NYJ,52,0,62.7,61.2
2006,3048,16,78.3,66.3,45,WR,110,79.4,Brad Smith,NYJ,57,6,62.9,62.9
2006,1400,14,74.6,64.0,4,FB,79,78.7,B.J. Askew,NYJ,14,4,63.0,65.1
2006,841,12,90.0,53.1,0,HB,34,28.8,Kevan Barlow,NYJ,3,0,37.2,32.2
2006,1865,16,16.9,48.8,13,TE,78,49.7,Sean Ryan,NYJ,19,66,49.3,38.5
2006,889,2,79.2,66.4,5,HB,53,73.4,Derrick Blaylock,NYJ,1,2,53.5,58.0
2006,2399,7,88.8,87.1,1,HB,31,54.5,Cedric Houston,NYJ,2,0,57.2,53.5
2006,554,6,64.0,87.6,2,FB,17,30.0,James Hodgins,NYJ,0,3,45.2,39.8
2006,3538,2,,,1,HB,11,,Stacy Tutt,NYJ,4,1,53.7,52.3
2006,530,2,,,0,LS,2,,James Dearth,NYJ,0,2,45.9,55.3
2007,1829,15,55.2,65.7,354,WR,525,56.7,Jerricho Cotchery,NYJ,185,1,77.3,77.4
2007,638,12,79.8,,43,WR,321,67.4,Laveranues Coles,NYJ,292,0,84.5,84.3
2007,3048,16,79.9,,130,WR,409,35.4,Brad Smith,NYJ,288,0,57.1,54.3
2007,1091,15,30.0,66.7,264,TE,388,66.5,Chris Baker,NYJ,35,189,74.4,69.6
2007,3062,16,64.1,90.3,30,HB,186,47.2,Leon Washington,NYJ,20,1,71.1,57.7
2007,872,16,74.1,,53,WR,336,29.8,Justin McCareins,NYJ,294,0,53.8,52.3
2007,585,16,69.1,84.2,4,HB,208,76.8,Thomas Jones,NYJ,12,0,65.8,65.6
2007,3563,9,68.8,,11,WR,54,74.6,Wallace Wright,NYJ,46,0,66.0,64.3
2007,3386,13,68.0,50.9,40,TE,81,46.3,Joseph Kowalewski,NYJ,8,40,54.7,45.8
2007,1865,7,65.8,54.7,11,TE,22,70.5,Sean Ryan,NYJ,0,25,67.3,72.7
2007,4144,1,64.6,,5,WR,6,64.7,Chris Davis,NYJ,1,0,60.0,55.9
2007,3538,6,,77.0,0,FB,10,,Stacy Tutt,NYJ,4,1,58.0,54.1
2007,2974,16,62.3,85.3,0,C,0,67.6,Nick Mangold,NYJ,0,0,83.6,66.9
2007,3095,4,61.2,69.3,1,TE,7,64.7,Jason Pociask,NYJ,2,6,57.2,56.4
2008,638,16,81.5,,62,WR,530,28.9,Laveranues Coles,NYJ,504,0,65.3,63.5
2008,1829,16,50.6,68.2,214,WR,543,76.3,Jerricho Cotchery,NYJ,364,2,70.1,69.1
2008,4344,16,79.3,76.2,156,TE,337,51.5,Dustin Keller,NYJ,36,180,73.1,70.7
2008,3062,16,67.3,61.2,50,HB,241,49.2,Leon Washington,NYJ,9,0,61.6,59.7
2008,3851,15,77.1,,283,WR,307,88.3,Chansi Stuckey,NYJ,47,0,60.3,61.2
2008,585,16,77.7,76.6,5,HB,183,72.0,Thomas Jones,NYJ,2,0,54.2,63.1
2008,1091,15,74.6,36.5,66,TE,207,71.5,Chris Baker,NYJ,7,184,73.7,52.8
2008,3048,15,77.2,,52,WR,127,79.4,Brad Smith,NYJ,84,0,58.9,52.8
2008,592,8,69.5,56.6,4,TE,51,53.3,Bubba Franks,NYJ,0,61,63.6,53.0
2008,110,16,73.6,69.0,2,FB,113,25.2,Tony Richardson,NYJ,4,0,74.2,28.6
2008,2861,2,70.9,71.3,0,HB,3,68.3,Jesse Chatman,NYJ,0,0,56.6,67.7
2008,3773,2,61.2,,2,WR,5,64.7,David Clowney,NYJ,3,0,89.1,83.4
2009,1829,17,81.7,,204,WR,435,86.9,Jerricho Cotchery,NYJ,244,1,86.5,85.1
2009,2220,19,38.7,,80,WR,513,52.7,Braylon Edwards,NYJ,454,0,71.2,71.2
2009,4344,19,43.4,69.2,145,TE,405,56.7,Dustin Keller,NYJ,43,242,66.7,68.5
2009,3062,7,59.8,77.1,12,HB,102,51.2,Leon Washington,NYJ,14,0,61.1,54.1
2009,3773,15,27.0,,41,WR,175,64.4,David Clowney,NYJ,142,0,53.1,52.6
2009,585,19,82.4,68.8,3,HB,214,46.0,Thomas Jones,NYJ,7,0,44.3,37.4
2009,3048,14,78.5,,24,WR,111,58.9,Brad Smith,NYJ,90,0,60.9,54.2
2009,4914,8,77.4,53.9,2,HB,50,56.7,Danny Woodhead,NYJ,6,0,53.8,72.3
2009,110,19,74.1,62.8,5,FB,144,49.7,Tony Richardson,NYJ,11,1,58.6,41.2
2009,1789,19,61.2,65.8,13,TE,96,64.7,Ben Hartsock,NYJ,10,128,81.6,40.2
2009,4988,15,29.4,79.9,1,HB,51,28.8,Shonn Greene,NYJ,2,0,56.0,36.5
2009,3563,8,65.8,,23,WR,27,70.5,Wallace Wright,NYJ,8,0,75.8,68.9
2009,4701,1,61.2,,0,TE,1,64.7,Matthew Mulligan,NYJ,0,1,54.8,62.6
2009,1388,12,,30.9,1,TE,24,27.9,Wayne Hunter,NYJ,0,28,56.2,30.3
2010,4344,18,81.3,79.4,215,TE,539,29.4,Dustin Keller,NYJ,38,303,66.9,63.5
2010,2970,15,28.4,,41,WR,447,53.3,Santonio Holmes,NYJ,420,1,77.3,80.1
2010,2220,19,26.5,68.7,88,WR,578,71.8,Braylon Edwards,NYJ,512,4,70.0,70.2
2010,1829,17,80.4,,312,WR,453,29.0,Jerricho Cotchery,NYJ,152,4,64.8,63.3
2010,777,18,74.9,55.3,18,HB,377,62.4,LaDainian Tomlinson,NYJ,16,0,54.0,54.9
2010,4988,18,62.5,45.9,3,HB,133,54.3,Shonn Greene,NYJ,2,0,67.9,44.8
2010,3048,17,43.5,66.0,58,WR,118,29.8,Brad Smith,NYJ,63,2,57.8,46.7
2010,1789,19,64.0,75.2,6,TE,86,29.9,Ben Hartsock,NYJ,22,117,63.0,35.0
2010,110,19,72.6,68.9,3,FB,103,74.6,Tony Richardson,NYJ,7,2,65.5,50.8
2010,5636,2,81.7,73.5,1,HB,16,70.5,Joe McKnight,NYJ,3,0,61.9,67.0
2010,5662,10,72.9,78.5,0,FB,22,68.3,John Conner,NYJ,1,0,50.8,50.0
2010,4701,9,,77.2,4,TE,17,27.9,Matthew Mulligan,NYJ,3,24,52.7,36.6
2010,5010,3,64.0,,8,WR,14,68.3,Patrick Turner,NYJ,6,0,63.3,62.8
2010,5861,1,61.2,70.4,1,TE,14,64.7,Jeff Cumberland,NYJ,2,12,49.2,48.6
2011,4344,16,44.9,66.7,211,TE,455,78.4,Dustin Keller,NYJ,28,266,68.7,70.8
2011,2970,16,25.5,72.0,190,WR,574,59.6,Santonio Holmes,NYJ,426,0,61.5,61.5
2011,586,16,78.9,,39,WR,515,69.8,Plaxico Burress,NYJ,508,0,71.3,71.9
2011,777,14,87.4,76.8,20,HB,237,51.5,LaDainian Tomlinson,NYJ,20,0,63.9,61.8
2011,6305,13,77.9,65.7,182,WR,223,58.1,Jeremy Kerley,NYJ,58,0,69.9,67.9
2011,4988,16,64.2,72.7,4,HB,183,33.8,Shonn Greene,NYJ,8,0,63.8,43.1
2011,5636,12,82.7,79.1,3,HB,53,80.0,Joe McKnight,NYJ,10,0,73.3,81.5
2011,5010,14,70.6,39.2,56,WR,103,56.7,Patrick Turner,NYJ,51,1,65.6,64.0
2011,4701,16,68.0,56.0,13,TE,68,46.3,Matthew Mulligan,NYJ,5,155,65.9,43.1
2011,5861,3,64.0,71.6,1,TE,16,29.9,Jeff Cumberland,NYJ,6,14,60.2,51.4
2011,5662,16,75.2,59.8,1,FB,89,29.9,John Conner,NYJ,1,0,68.2,37.8
2011,6514,8,65.8,68.2,1,FB,21,70.5,Josh Baker,NYJ,1,15,66.8,64.7
2011,6278,1,22.9,78.0,0,HB,6,64.7,Bilal Powell,NYJ,0,0,42.5,59.9
2011,5117,16,62.3,67.6,0,G,0,67.6,Matt Slauson,NYJ,0,0,68.9,42.8
2012,6305,16,26.2,,335,WR,436,68.3,Jeremy Kerley,NYJ,131,0,67.5,67.3
2012,5861,15,76.5,76.8,140,TE,275,77.3,Jeff Cumberland,NYJ,6,182,69.5,64.4
2012,7047,11,74.6,,23,WR,261,28.6,Stephen Hill,NYJ,259,1,56.6,56.8
2012,4540,14,27.0,,34,WR,239,66.0,Chaz Schilens,NYJ,217,2,63.1,62.0
2012,2970,4,24.5,,30,WR,121,46.4,Santonio Holmes,NYJ,105,0,71.3,71.6
2012,4344,8,76.3,70.1,137,TE,213,66.8,Dustin Keller,NYJ,11,87,67.0,68.8
2012,2220,13,73.9,,26,WR,176,62.3,Braylon Edwards,NYJ,165,0,67.4,64.3
2012,6263,11,73.8,,9,WR,151,67.0,Clyde Gates,NYJ,153,0,71.2,69.2
2012,6278,14,89.0,75.8,15,HB,173,43.5,Bilal Powell,NYJ,8,0,64.4,52.1
2012,4988,16,57.4,62.2,12,HB,169,48.0,Shonn Greene,NYJ,11,2,66.3,37.2
2012,6469,15,71.5,71.9,18,TE,103,60.6,Konrad Reuland,NYJ,7,74,61.5,59.5
2012,4518,13,74.0,41.9,2,FB,46,27.0,Lex Hilliard,NYJ,1,1,41.4,30.0
2012,5623,3,64.0,,7,WR,32,68.3,Mardy Gilyard,NYJ,27,0,55.9,53.7
2012,5010,1,,,1,WR,6,27.9,Patrick Turner,NYJ,6,0,39.2,42.5
2012,3692,3,64.0,,5,WR,28,29.9,Jason Hill,NYJ,24,0,54.5,57.2
2012,7226,2,61.2,,7,WR,20,64.7,Jordan White,NYJ,14,0,60.4,60.1
2012,5636,9,28.9,73.2,3,HB,17,28.8,Joe McKnight,NYJ,3,0,60.9,41.4
2012,2964,4,61.2,,0,CB,8,64.7,Antonio Cromartie,NYJ,7,0,60.7,55.6
2012,5550,8,80.7,75.7,5,QB,13,,Tim Tebow,NYJ,6,0,53.4,44.2
2012,7005,4,61.2,,3,TE,10,64.7,Hayden Smith,NYJ,0,8,65.1,65.1
2012,5758,3,18.6,20.9,0,TE,4,64.7,Dedrick Epps,NYJ,0,5,27.4,25.1
2013,6305,12,83.2,,259,WR,325,83.6,Jeremy Kerley,NYJ,75,0,73.4,74.8
2013,5862,12,77.4,,58,WR,298,71.4,David Nelson,NYJ,244,2,71.4,70.6
2013,2970,11,75.3,,73,WR,288,28.3,Santonio Holmes,NYJ,231,0,67.6,66.8
2013,7047,12,26.1,,50,WR,336,53.1,Stephen Hill,NYJ,298,1,60.6,59.8
2013,6278,16,79.4,71.9,12,HB,270,40.1,Bilal Powell,NYJ,18,6,64.5,51.7
2013,1727,12,76.8,58.7,143,TE,209,88.3,Kellen Winslow,NYJ,28,55,76.2,78.9
2013,5861,15,76.0,48.8,84,TE,246,56.0,Jeff Cumberland,NYJ,14,230,70.2,72.8
2013,6263,6,77.2,,10,WR,89,31.9,Clyde Gates,NYJ,80,0,60.1,59.6
2013,7997,16,78.0,48.9,0,FB,112,78.7,Tommy Bohanon,NYJ,4,13,59.7,68.7
2013,6264,8,70.6,,58,WR,83,77.3,Greg Salas,NYJ,29,0,66.0,66.6
2013,8313,13,68.0,78.2,37,TE,83,73.4,Zach Sudfeld,NYJ,6,52,53.7,50.4
2013,6007,14,67.1,55.0,0,HB,71,25.0,Chris Ivory,NYJ,4,2,73.7,28.0
2013,6469,4,61.2,50.4,1,TE,9,64.7,Konrad Reuland,NYJ,1,10,53.2,52.1
2013,5034,2,72.3,38.5,3,HB,12,68.3,Mike Goodson,NYJ,3,0,80.9,69.9
2013,6516,3,,,1,WR,20,,Michael Campbell,NYJ,19,0,53.4,53.2
2013,2544,6,85.2,,2,WR,6,68.3,Joshua Cribbs,NYJ,3,0,66.6,60.3
2013,6248,7,74.4,78.5,0,HB,17,68.3,Alex Green,NYJ,3,0,60.6,57.5
2013,4661,1,85.5,,1,HB,3,28.8,Darius Reynaud,NYJ,2,0,39.2,42.8
2013,6120,1,,,0,CB,1,,Isaiah Trufant,NYJ,0,0,58.7,58.2
2013,3194,1,61.2,,2,WR,27,64.7,Ben Obomanu,NYJ,27,0,48.0,52.7
2013,7334,1,65.2,,0,WR,2,,Saalim Hakim,NYJ,2,0,73.8,75.4
2013,7820,16,69.7,,0,QB,5,64.7,Geno Smith,NYJ,6,0,60.7,69.6
2014,5611,15,83.9,,73,WR,454,54.6,Eric Decker,NYJ,403,0,78.3,77.0
2014,4945,13,29.0,,118,WR,301,73.7,Percy Harvin,NYJ,173,3,75.9,74.9
2014,6305,16,85.9,,347,WR,419,41.6,Jeremy Kerley,NYJ,92,2,61.7,57.7
2014,8684,14,77.9,48.2,152,TE,244,41.2,Jace Amaro,NYJ,49,50,67.9,66.5
2014,5861,16,75.1,50.5,203,TE,368,51.0,Jeff Cumberland,NYJ,27,250,48.9,47.3
2014,4338,16,76.1,80.6,6,HB,163,52.7,Chris Johnson,NYJ,7,4,55.1,53.7
2014,6007,16,53.4,26.3,3,HB,149,63.0,Chris Ivory,NYJ,3,2,72.0,52.6
2014,6264,9,80.3,,13,WR,134,35.7,Greg Salas,NYJ,124,0,62.7,60.5
2014,5862,6,12.0,,16,WR,162,77.3,David Nelson,NYJ,154,1,47.0,47.5
2014,6278,15,81.6,72.1,1,HB,127,60.6,Bilal Powell,NYJ,7,5,61.6,60.8
2014,7071,11,73.6,,11,WR,88,36.8,T.J. Graham,NYJ,81,0,59.5,57.9
2014,8313,16,69.1,52.3,29,TE,54,75.9,Zach Sudfeld,NYJ,10,24,63.2,62.6
2014,7276,7,72.8,,26,WR,68,74.6,Chris Owusu,NYJ,44,0,70.2,67.0
2014,5662,12,81.3,72.8,0,FB,36,68.3,John Conner,NYJ,1,3,69.4,63.1
2014,7997,4,66.2,76.5,0,FB,22,68.3,Tommy Bohanon,NYJ,0,2,63.0,78.6
2014,7820,14,41.2,13.5,1,QB,3,,Geno Smith,NYJ,0,1,56.9,55.1
2015,3064,16,26.2,62.4,151,WR,639,56.1,Brandon Marshall,NYJ,514,0,85.4,85.8
2015,5611,15,54.8,,402,WR,567,58.1,Eric Decker,NYJ,178,8,78.0,79.7
2015,6278,11,44.0,78.2,46,HB,236,70.0,Bilal Powell,NYJ,29,2,67.3,67.0
2015,8843,12,75.1,66.6,264,WR,335,28.1,Quincy Enunwa,NYJ,43,43,53.3,50.5
2015,6007,15,50.3,84.8,17,HB,188,67.5,Chris Ivory,NYJ,28,0,70.4,55.2
2015,8126,7,74.2,65.8,31,WR,215,82.2,Kenbrell Thompkins,NYJ,190,0,60.5,59.3
2015,9470,10,20.0,,32,WR,232,38.4,Devin Smith,NYJ,208,0,52.3,51.6
2015,6305,15,90.1,,130,WR,171,66.7,Jeremy Kerley,NYJ,42,0,63.4,62.8
2015,5861,14,90.7,70.2,61,TE,103,45.8,Jeff Cumberland,NYJ,19,45,55.6,52.0
2015,7276,3,71.7,62.3,20,WR,73,75.6,Chris Owusu,NYJ,58,0,59.1,57.2
2015,7942,7,82.9,76.1,11,HB,79,77.3,Zac Stacy,NYJ,9,0,61.4,59.6
2015,4472,16,65.8,64.5,21,TE,110,36.2,Kellen Davis,NYJ,8,158,49.2,35.0
2015,7997,15,69.4,60.2,0,FB,52,41.6,Tommy Bohanon,NYJ,2,2,53.2,50.3
2015,6225,8,81.4,84.5,2,HB,31,72.1,Stevan Ridley,NYJ,3,0,61.2,55.6
2015,8808,3,,71.4,0,C,0,67.6,Wesley Johnson,NYJ,0,0,70.7,63.2
2016,3064,15,83.3,68.5,114,WR,547,52.3,Brandon Marshall,NYJ,465,1,69.2,68.5
2016,8843,16,80.5,76.7,426,WR,540,31.8,Quincy Enunwa,NYJ,111,28,70.0,68.9
2016,11254,16,34.3,,53,WR,455,39.2,Robbie Chosen,NYJ,413,8,58.0,56.4
2016,6278,16,76.0,63.3,41,HB,317,76.3,Bilal Powell,NYJ,33,3,77.8,63.7
2016,4358,14,82.4,76.0,26,HB,194,49.9,Matt Forte,NYJ,18,0,63.8,56.5
2016,10875,13,74.4,,184,WR,227,58.1,Charone Peake,NYJ,55,0,59.0,57.7
2016,11259,10,28.3,,68,WR,107,64.4,Jalin Marshall,NYJ,47,0,65.7,64.6
2016,8673,9,72.3,78.5,53,TE,108,48.0,Austin Seferian-Jenkins,NYJ,21,52,62.1,67.5
2016,5611,3,71.1,,80,WR,121,58.9,Eric Decker,NYJ,51,0,71.5,70.1
2016,5534,6,77.1,82.4,6,HB,39,25.9,C.J. Spiller,NYJ,7,1,34.0,27.6
2016,7605,16,70.1,71.2,10,TE,72,36.0,Brandon Bostick,NYJ,4,64,57.4,51.6
2016,9470,3,61.2,,2,WR,23,28.9,Devin Smith,NYJ,21,0,46.2,46.5
2016,11057,4,74.4,17.1,4,HB,17,68.3,Brandon Wilds,NYJ,1,0,50.6,60.7
2016,4472,8,,65.5,11,TE,63,,Kellen Davis,NYJ,8,104,51.5,39.0
2016,10904,1,,,6,TE,9,27.9,Braedon Bowman,NYJ,0,2,41.8,37.6
2017,11254,16,80.9,,146,WR,492,60.3,Robbie Chosen,NYJ,372,0,71.4,72.6
2017,7428,16,47.3,72.2,290,WR,530,80.6,Jermaine Kearse,NYJ,273,4,69.7,69.4
2017,8673,13,79.5,71.2,174,TE,377,79.6,Austin Seferian-Jenkins,NYJ,59,199,60.8,61.0
2017,4358,12,70.5,54.1,17,HB,191,73.0,Matt Forte,NYJ,31,1,66.1,85.9
2017,6278,15,79.0,74.6,7,HB,158,62.3,Bilal Powell,NYJ,11,0,67.3,53.3
2017,11943,14,67.0,79.1,5,HB,128,67.7,Elijah McGuire,NYJ,22,0,66.7,75.4
2017,6305,8,57.1,,147,WR,186,72.1,Jeremy Kerley,NYJ,43,0,66.4,65.7
2017,11896,14,70.6,,41,WR,227,77.3,Chad Hansen,NYJ,201,0,53.7,53.2
2017,9653,9,69.5,25.5,24,TE,56,52.1,Neal Sterling,NYJ,13,22,73.3,70.6
2017,11834,15,77.7,78.9,29,WR,104,74.6,ArDarius Stewart,NYJ,81,6,57.0,56.0
2017,9786,14,70.1,72.6,14,TE,95,54.5,Eric Tomlinson,NYJ,3,137,60.4,55.0
2017,11265,13,70.6,25.8,0,FB,40,49.7,Lawrence Thomas,NYJ,7,2,49.3,50.9
2017,10070,3,68.0,49.0,12,TE,47,46.3,Will Tye,NYJ,13,33,49.7,54.1
2017,12739,5,85.9,,11,WR,12,29.9,JoJo Natson,NYJ,2,0,52.2,55.4
2017,10875,3,61.2,,4,WR,10,64.7,Charone Peake,NYJ,8,0,57.8,62.6
2018,11254,14,24.8,,106,WR,437,71.8,Robbie Chosen,NYJ,346,0,68.3,70.8
2018,7428,14,77.6,47.5,315,WR,386,72.2,Jermaine Kearse,NYJ,89,0,62.7,61.7
2018,8843,11,22.5,67.6,161,WR,321,49.3,Quincy Enunwa,NYJ,174,1,68.0,65.9
2018,47164,16,34.5,70.0,160,TE,304,74.8,Chris Herndon,NYJ,43,166,74.8,78.7
2018,11943,8,44.0,63.4,4,HB,154,29.2,Elijah McGuire,NYJ,17,1,54.9,50.9
2018,9295,13,90.2,44.0,3,HB,145,60.5,Isaiah Crowell,NYJ,23,0,70.4,61.1
2018,66446,11,82.9,36.2,10,HB,101,30.0,Trenton Cannon,NYJ,17,0,55.1,50.3
2018,11905,15,72.7,63.8,59,TE,139,64.4,Jordan Leggett,NYJ,35,77,65.7,60.7
2018,5612,13,50.1,,41,WR,120,41.1,Andre Roberts,NYJ,80,0,58.1,56.1
2018,6278,7,61.2,50.1,3,HB,98,80.0,Bilal Powell,NYJ,24,0,65.7,64.6
2018,47477,5,71.1,61.8,29,WR,85,58.9,Deontay Burnett,NYJ,59,0,74.0,73.0
2018,9786,15,72.0,57.4,25,TE,94,41.4,Eric Tomlinson,NYJ,10,116,49.9,52.3
2018,7211,7,73.3,,55,WR,104,73.4,Rishard Matthews,NYJ,52,0,50.1,47.4
2018,9653,5,70.1,73.8,37,TE,61,74.6,Neal Sterling,NYJ,5,33,51.1,54.2
2018,10875,9,64.0,,6,WR,53,29.9,Charone Peake,NYJ,48,0,50.6,50.4
2018,66921,2,22.3,,1,WR,2,64.7,J.J. Jones,NYJ,1,0,52.4,60.7
2019,9538,16,82.2,,432,WR,529,62.7,Jamison Crowder,NYJ,130,0,73.0,73.9
2019,11254,16,42.4,,120,WR,569,75.5,Robbie Chosen,NYJ,495,0,68.7,68.6
2019,7829,15,86.1,62.5,26,HB,391,80.6,Le'Veon Bell,NYJ,38,0,74.1,77.3
2019,5547,11,78.1,62.4,107,WR,288,48.0,Demaryius Thomas,NYJ,204,0,65.9,67.9
2019,7982,13,77.4,63.5,72,TE,285,62.9,Ryan Griffin,NYJ,64,268,61.9,63.4
2019,66957,13,21.7,,47,WR,170,57.1,Vyncint Smith,NYJ,136,0,62.4,62.6
2019,9527,16,85.0,20.1,31,WR,76,81.1,Ty Montgomery,NYJ,6,1,58.5,64.0
2019,6278,12,84.4,36.3,5,HB,65,31.8,Bilal Powell,NYJ,5,1,54.8,37.1
2019,47961,11,89.2,,52,WR,64,49.2,Braxton Berrios,NYJ,12,0,56.1,57.5
2019,10144,14,70.6,62.2,28,TE,102,75.6,Daniel Brown,NYJ,23,88,49.2,55.2
2019,10320,3,15.0,,12,TE,18,72.1,Ross Travis,NYJ,6,1,56.0,56.0
2019,7472,4,64.0,,10,WR,33,29.9,Josh Bellamy,NYJ,27,0,47.1,51.5
2019,42018,15,66.2,29.4,6,TE,21,68.3,Trevon Wesco,NYJ,4,45,64.4,66.8
2019,8843,1,61.2,,13,WR,45,64.7,Quincy Enunwa,NYJ,35,0,55.7,53.7
2019,47164,1,64.0,3.9,6,TE,11,68.3,Chris Herndon,NYJ,5,3,61.3,64.9
2019,48055,1,61.2,,4,WR,8,64.7,Jeff Smith,NYJ,4,0,59.6,59.4
2020,9538,12,80.8,,298,WR,390,82.9,Jamison Crowder,NYJ,112,1,75.3,76.2
2020,9459,12,76.9,,101,WR,370,58.8,Breshad Perriman,NYJ,291,1,63.6,63.1
2020,47961,15,87.9,,143,WR,185,55.3,Braxton Berrios,NYJ,46,0,72.4,71.8
2020,47164,16,20.8,76.1,81,TE,329,42.1,Chris Herndon,NYJ,66,291,57.6,53.2
2020,47800,9,75.3,,65,WR,247,73.5,Denzel Mims,NYJ,198,1,69.4,70.4
2020,48055,9,73.9,,54,WR,208,41.6,Jeff Smith,NYJ,167,0,52.1,53.9
2020,6468,5,76.2,,42,WR,171,80.6,Chris Hogan,NYJ,143,0,56.1,56.0
2020,45769,11,85.0,50.4,8,HB,100,81.7,Ty Johnson,NYJ,13,1,69.1,66.2
2020,2282,15,78.8,64.0,4,HB,136,82.2,Frank Gore,NYJ,13,2,60.8,59.8
2020,26408,9,85.2,60.5,2,HB,86,60.2,La'Mical Perine,NYJ,8,0,58.0,55.9
2020,7982,15,71.1,54.3,33,TE,127,58.5,Ryan Griffin,NYJ,17,107,56.1,46.0
2020,45662,6,79.9,29.9,0,HB,34,49.2,Josh Adams,NYJ,4,0,77.7,53.1
2020,34914,2,64.0,,3,WR,24,68.3,Lawrence Cager,NYJ,22,0,62.5,61.7
2020,11883,2,75.0,,15,WR,44,42.1,Josh Malone,NYJ,34,0,52.8,51.9
2020,66957,4,67.8,,12,WR,30,64.7,Vyncint Smith,NYJ,19,0,60.3,55.5
2020,42018,12,64.6,50.1,1,TE,26,28.8,Trevon Wesco,NYJ,2,29,41.3,34.3
2020,10144,4,66.8,70.2,2,TE,7,68.3,Daniel Brown,NYJ,1,2,78.1,81.9
2020,48097,1,61.2,,1,WR,3,64.7,Jaleel Scott,NYJ,2,0,78.3,74.9
2021,84302,11,79.4,65.7,93,WR,308,76.5,Elijah Moore,NYJ,233,1,71.2,73.8
2021,9538,12,39.2,70.7,330,WR,389,79.6,Jamison Crowder,NYJ,87,1,64.9,65.1
2021,47961,16,90.2,,207,WR,263,85.2,Braxton Berrios,NYJ,67,2,74.0,74.3
2021,11760,9,21.3,70.6,77,WR,282,36.3,Corey Davis,NYJ,220,4,68.8,66.4
2021,45769,15,37.9,38.1,13,HB,256,29.1,Ty Johnson,NYJ,24,11,56.0,50.5
2021,57337,14,76.3,42.7,18,HB,220,48.0,Michael Carter,NYJ,23,11,71.0,58.9
2021,51593,15,79.3,66.1,60,WR,343,76.1,Keelan Cole Sr.,NYJ,305,2,61.3,62.4
2021,7982,14,27.3,52.9,101,TE,266,57.2,Ryan Griffin,NYJ,24,216,55.8,51.9
2021,9518,9,73.3,59.5,60,TE,187,29.7,Tyler Kroft,NYJ,22,144,57.6,54.3
2021,47800,11,70.1,72.3,43,WR,188,35.3,Denzel Mims,NYJ,153,3,48.7,51.3
2021,48055,11,71.3,70.1,46,WR,132,38.4,Jeff Smith,NYJ,94,1,57.9,58.9
2021,9506,11,88.3,59.0,3,HB,58,60.2,Tevin Coleman,NYJ,8,0,74.1,59.9
2021,55003,3,65.8,,7,WR,39,70.5,D.J. Montgomery,NYJ,34,0,58.0,55.7
2021,42018,12,65.8,55.0,2,TE,54,70.5,Trevon Wesco,NYJ,5,50,61.8,48.4
2021,45038,4,78.9,82.5,2,HB,20,68.3,Austin Walter,NYJ,0,0,61.1,62.2
2021,42196,3,64.0,77.2,11,TE,30,30.0,Kenny Yeboah,NYJ,4,18,59.7,64.8
2021,61442,1,61.2,,2,WR,13,28.8,Tarik Black,NYJ,11,0,56.2,56.1
2021,10144,6,64.0,69.5,12,TE,24,68.3,Daniel Brown,NYJ,0,13,57.9,56.7
2021,27413,7,61.2,73.6,4,FB,18,64.7,Nick Bawden,NYJ,5,9,73.2,63.0
2021,66957,2,,,6,WR,19,,Vyncint Smith,NYJ,14,0,51.5,51.8
2021,82096,13,69.3,74.2,0,QB,2,,Zach Wilson,NYJ,1,0,59.3,56.9
2021,11966,5,61.2,73.7,0,T,4,64.7,Conor McDermott,NYJ,0,8,68.4,85.6
2022,97405,17,28.2,35.6,222,WR,595,90.1,Garrett Wilson,NYJ,385,8,82.7,85.9
2022,47124,17,43.1,37.6,168,TE,487,69.3,Tyler Conklin,NYJ,53,347,58.6,60.6
2022,84302,16,78.7,,255,WR,495,90.0,Elijah Moore,NYJ,258,1,57.5,58.1
2022,11760,13,77.0,79.8,76,WR,396,60.5,Corey Davis,NYJ,334,6,65.9,67.9
2022,57337,16,72.7,30.2,16,HB,267,82.6,Michael Carter,NYJ,13,44,61.3,65.4
2022,47961,16,70.3,,115,WR,180,70.7,Braxton Berrios,NYJ,70,1,62.8,60.2
2022,97636,7,62.9,68.9,9,HB,109,29.4,Breece Hall,NYJ,12,12,69.8,48.8
2022,9590,15,74.6,53.1,72,TE,225,71.3,C.J. Uzomah,NYJ,26,165,62.3,60.8
2022,47800,10,71.5,,38,WR,164,43.8,Denzel Mims,NYJ,128,1,59.8,60.1
2022,45769,11,81.9,55.3,10,HB,99,45.7,Ty Johnson,NYJ,3,31,71.2,43.3
2022,97432,7,40.6,69.7,0,HB,73,63.5,Zonovan Knight,NYJ,6,2,71.8,54.2
2022,22425,11,68.6,81.5,7,HB,106,78.7,James Robinson,NYJ,12,0,59.7,57.5
2022,48055,11,70.1,,19,WR,75,76.5,Jeff Smith,NYJ,54,2,70.2,71.3
2022,84029,3,61.2,78.5,2,TE,14,28.8,Jeremy Ruckert,NYJ,1,13,56.1,37.1
2022,82096,9,80.6,,0,QB,1,64.7,Zach Wilson,NYJ,0,0,46.6,90.6
2023,97405,17,32.1,,222,WR,674,64.1,Garrett Wilson,NYJ,490,0,72.9,73.5
2023,97636,17,74.4,53.9,10,HB,336,78.3,Breece Hall,NYJ,43,14,82.4,88.9
2023,47124,17,80.5,66.6,309,TE,473,89.9,Tyler Conklin,NYJ,48,179,65.6,66.9
2023,48135,14,75.3,74.9,107,WR,455,31.7,Allen Lazard,NYJ,375,1,52.7,52.6
2023,104136,14,40.1,38.3,223,WR,343,72.8,Xavier Gipson,NYJ,137,0,56.2,56.5
2023,84029,14,73.3,36.3,52,TE,137,66.7,Jeremy Ruckert,NYJ,15,98,57.5,62.2
2023,6216,11,70.3,,118,WR,151,29.7,Randall Cobb,NYJ,40,0,47.6,50.0
2023,9590,12,70.6,48.9,24,TE,103,56.7,C.J. Uzomah,NYJ,11,98,66.4,60.0
2023,122999,6,29.0,59.0,1,HB,47,31.8,Israel Abanikanda,NYJ,4,3,59.0,41.8
2023,121451,6,68.8,,39,WR,191,74.6,Jason Brownlee,NYJ,162,1,47.7,50.7
2023,42196,5,64.0,54.8,6,TE,35,68.3,Kenny Yeboah,NYJ,2,36,57.0,51.9
2023,94375,3,64.0,,20,WR,41,68.3,Malik Taylor,NYJ,23,0,51.4,51.6
2023,27413,16,68.7,55.3,0,FB,35,70.5,Nick Bawden,NYJ,7,7,50.8,55.9
2023,98900,1,61.2,,0,CB,1,64.7,Brandin Echols,NYJ,0,0,77.5,76.9
2024,97405,10,46.0,,140,WR,385,78.9,Garrett Wilson,NYJ,265,0,82.0,82.6
2024,8688,7,78.1,,111,WR,260,48.4,Davante Adams,NYJ,166,0,63.1,64.3
2024,97636,10,32.6,52.1,12,HB,250,50.7,Breece Hall,NYJ,35,6,56.6,51.6
2024,48135,7,76.5,36.3,123,WR,255,31.4,Allen Lazard,NYJ,139,5,67.9,69.2
2024,47124,10,76.5,76.9,172,TE,317,87.6,Tyler Conklin,NYJ,38,147,58.0,61.2
2024,145159,10,84.7,40.8,4,HB,72,29.5,Braelon Allen,NYJ,11,0,73.6,49.3
2024,84029,10,71.9,81.2,25,TE,90,79.4,Jeremy Ruckert,NYJ,8,71,56.7,64.8
2024,104136,10,51.3,,46,WR,84,41.6,Xavier Gipson,NYJ,46,0,49.9,50.0
2024,66272,3,12.1,66.1,5,WR,14,68.3,Malachi Corley,NYJ,10,0,48.4,61.5
2024,42196,2,64.0,,0,TE,2,68.3,Kenny Yeboah,NYJ,0,2,78.1,89.1
2024,138299,1,75.5,,0,HB,1,64.7,Isaiah Davis,NYJ,0,0,62.1,79.7
2006,342,13,78.4,,82,WR,401,27.6,Randy Moss,OAK,342,0,60.5,61.1
2006,1199,16,80.9,,234,WR,355,84.0,Ronald Curry,OAK,138,0,80.5,80.5
2006,411,14,27.0,76.8,57,WR,422,56.1,Alvis Whitted,OAK,388,0,56.7,55.9
2006,1003,16,20.1,86.5,52,TE,261,47.5,Randal Williams,OAK,14,230,51.6,50.8
2006,1473,15,27.5,,19,WR,267,49.9,Doug Gabriel,OAK,263,0,63.7,63.0
2006,1959,16,26.4,54.1,38,TE,242,35.9,Courtney Anderson,OAK,2,291,55.5,52.9
2006,1647,15,35.1,90.0,7,FB,114,84.5,Reshard Lee,OAK,0,0,64.1,72.0
2006,1410,16,82.6,73.5,0,HB,83,47.7,Justin Fargas,OAK,0,0,55.9,55.0
2006,3408,11,71.9,54.1,21,TE,118,61.8,John Madsen,OAK,35,71,51.1,53.1
2006,136,16,25.3,69.7,4,FB,89,60.6,Zack Crockett,OAK,0,2,56.6,49.1
2006,819,9,69.0,71.2,0,HB,98,78.0,Lamont Jordan,OAK,1,1,62.1,46.7
2006,1855,9,11.2,,14,WR,130,54.5,Johnnie Morant,OAK,123,0,48.1,48.5
2006,617,4,61.2,,0,WR,11,64.7,Jerry Porter,OAK,12,0,69.9,71.4
2006,1554,2,61.2,,2,TE,15,64.7,James Adkisson,OAK,3,11,55.7,49.4
2006,762,11,,67.1,0,T,1,,Chad Slaughter,OAK,0,3,51.6,60.0
2006,3259,1,61.2,,1,WR,2,64.7,Will Buchanon,OAK,1,0,83.9,77.4
2007,1199,16,80.5,70.9,253,WR,471,38.3,Ronald Curry,OAK,251,4,68.8,70.9
2007,617,16,78.5,,56,WR,466,90.2,Jerry Porter,OAK,446,1,73.4,72.9
2007,3654,16,24.4,63.2,66,TE,369,57.8,Zach Miller,OAK,23,423,65.1,58.7
2007,819,12,72.6,54.1,1,HB,145,68.0,Lamont Jordan,OAK,6,0,57.6,67.9
2007,1433,16,77.7,81.3,2,FB,170,64.5,Justin Griffith,OAK,23,7,70.3,54.6
2007,1410,14,70.4,68.4,1,HB,167,35.0,Justin Fargas,OAK,7,0,65.8,47.6
2007,979,6,59.6,57.1,0,HB,66,44.2,Dominic Rhodes,OAK,1,0,63.1,48.3
2007,390,6,70.6,,21,WR,103,49.7,Tim Dwight,OAK,87,0,55.8,55.8
2007,3408,16,70.1,80.7,25,TE,98,35.3,John Madsen,OAK,22,64,56.2,55.3
2007,3715,15,70.6,,15,WR,86,74.6,Johnnie Lee Higgins,OAK,78,0,50.9,49.8
2007,4236,3,61.2,69.3,0,WR,8,28.9,Chris McFoy,OAK,7,3,46.8,44.1
2007,3791,11,61.2,78.7,1,FB,29,64.7,Oren O'Neal,OAK,2,0,78.5,52.3
2008,3654,16,80.2,62.4,69,TE,374,50.2,Zach Miller,OAK,6,377,81.3,76.5
2008,1199,12,74.4,,118,WR,202,33.8,Ronald Curry,OAK,92,2,60.1,55.9
2008,3715,16,75.9,,103,WR,205,49.1,Johnnie Lee Higgins,OAK,110,0,59.1,57.7
2008,1026,13,71.5,,37,WR,236,29.9,Ashley Lelie,OAK,211,0,54.8,50.8
2008,4318,13,46.3,45.6,6,HB,117,88.0,Darren McFadden,OAK,27,0,54.3,87.1
2008,4540,16,73.5,,73,WR,217,81.1,Chaz Schilens,OAK,150,1,60.0,59.7
2008,1027,8,73.0,,11,WR,176,65.9,Javon Walker,OAK,169,1,61.6,61.3
2008,3716,14,73.2,86.7,5,HB,128,45.1,Michael Bush,OAK,7,1,57.3,47.1
2008,887,16,71.5,45.9,12,TE,90,60.6,Tony Stewart,OAK,11,90,55.4,54.0
2008,1410,14,68.7,67.3,0,HB,123,41.4,Justin Fargas,OAK,2,0,53.7,41.7
2008,1433,7,72.0,64.0,2,FB,74,56.7,Justin Griffith,OAK,10,2,60.9,56.0
2008,2099,12,69.1,73.0,2,FB,59,75.9,Luke Lawton,OAK,5,1,75.3,62.1
2008,3617,15,28.8,80.0,0,QB,1,27.9,JaMarcus Russell,OAK,0,0,53.2,41.6
2008,3163,7,61.2,,11,WR,49,64.7,Todd Watkins,OAK,42,0,51.0,49.4
2009,3654,15,81.1,56.6,73,TE,418,74.1,Zach Miller,OAK,6,434,77.4,81.6
2009,5048,16,78.9,,173,WR,428,31.7,Louis Murphy Jr.,OAK,285,0,62.7,62.8
2009,4540,8,76.5,,87,WR,270,58.0,Chaz Schilens,OAK,203,0,66.4,63.0
2009,3715,14,75.1,,67,WR,226,27.6,Johnnie Lee Higgins,OAK,177,0,57.4,55.8
2009,4930,11,72.0,,13,WR,323,26.1,Darrius Heyward-Bey,OAK,326,0,47.6,44.3
2009,4318,12,24.2,75.3,0,HB,135,65.1,Darren McFadden,OAK,47,0,52.8,73.0
2009,1410,12,72.4,59.9,0,HB,100,68.7,Justin Fargas,OAK,4,0,57.9,62.4
2009,3163,11,70.1,43.9,76,WR,98,54.5,Todd Watkins,OAK,26,0,60.3,59.3
2009,3716,15,54.1,84.0,0,HB,121,71.4,Michael Bush,OAK,5,0,56.6,45.7
2009,4059,9,73.5,34.7,1,FB,36,45.7,Gary Russell,OAK,0,0,59.9,63.7
2009,887,15,71.1,48.0,22,TE,102,58.9,Tony Stewart,OAK,8,132,57.1,50.6
2009,2099,10,69.5,36.3,1,FB,28,28.3,Luke Lawton,OAK,0,0,46.9,29.7
2009,5126,7,67.0,76.0,7,TE,36,72.1,Brandon Myers,OAK,0,40,63.3,48.0
2009,4702,2,64.0,,0,FB,6,68.3,Marcel Reece,OAK,4,0,77.2,78.5
2010,3654,15,56.2,57.9,87,TE,393,66.3,Zach Miller,OAK,24,384,82.8,79.8
2010,5048,14,27.1,66.1,158,WR,426,56.0,Louis Murphy Jr.,OAK,301,0,60.8,59.7
2010,4930,15,27.7,,16,WR,393,27.9,Darrius Heyward-Bey,OAK,405,0,52.8,51.2
2010,4318,13,53.3,76.0,9,HB,202,70.3,Darren McFadden,OAK,8,0,69.2,75.7
2010,5632,16,78.7,,174,WR,302,35.9,Jacoby Ford,OAK,152,0,66.5,64.3
2010,4702,16,44.4,51.8,18,FB,120,53.1,Marcel Reece,OAK,30,1,66.0,68.4
2010,3715,11,71.6,,70,WR,233,58.9,Johnnie Lee Higgins,OAK,183,0,51.0,49.3
2010,3716,14,90.3,69.8,0,HB,108,69.7,Michael Bush,OAK,1,0,67.6,76.0
2010,5126,15,71.9,80.1,21,TE,95,46.0,Brandon Myers,OAK,1,93,59.0,47.6
2010,4540,5,68.0,,7,WR,40,73.4,Chaz Schilens,OAK,35,0,72.3,68.3
2010,5206,4,65.8,,11,WR,22,36.8,Nick Miller,OAK,13,0,58.5,58.0
2010,1211,4,72.5,,2,HB,7,26.4,Rock Cartwright,OAK,1,0,49.7,26.6
2010,797,1,67.8,,0,HB,4,68.3,Michael Bennett,OAK,0,0,56.3,65.9
2010,2269,16,64.0,48.0,2,TE,34,68.3,Khalif Barnes,OAK,0,57,52.6,51.2
2011,4930,15,46.3,,23,WR,431,47.3,Darrius Heyward-Bey,OAK,439,0,77.9,77.6
2011,6300,13,78.6,64.5,67,WR,333,79.1,Denarius Moore,OAK,290,0,76.7,73.5
2011,3716,16,85.9,71.7,5,HB,241,82.2,Michael Bush,OAK,1,0,70.0,79.6
2011,3769,13,75.9,49.9,35,TE,226,75.7,Kevin Boss,OAK,3,258,70.1,73.4
2011,4702,12,35.1,84.1,30,FB,153,86.9,Marcel Reece,OAK,21,5,74.6,75.7
2011,4540,15,75.3,62.3,90,WR,223,62.5,Chaz Schilens,OAK,151,0,67.7,66.1
2011,5048,10,75.5,,105,WR,157,51.8,Louis Murphy Jr.,OAK,61,0,54.8,53.7
2011,5632,8,25.5,,51,WR,115,69.6,Jacoby Ford,OAK,68,0,72.8,74.5
2011,5126,16,73.6,57.5,17,TE,131,67.7,Brandon Myers,OAK,2,158,68.6,69.7
2011,4318,7,70.2,59.7,4,HB,104,84.1,Darren McFadden,OAK,8,0,78.7,89.1
2011,921,9,71.5,,56,WR,87,60.2,T.J. Houshmandzadeh,OAK,34,0,60.9,60.8
2011,1211,7,70.3,60.3,1,HB,26,41.6,Rock Cartwright,OAK,1,0,50.4,42.1
2011,5922,7,68.3,85.3,1,FB,43,41.6,Manase Tonga,OAK,2,2,72.4,44.0
2011,6277,4,77.1,75.1,0,HB,7,30.0,Taiwan Jones,OAK,0,0,78.5,39.0
2011,6393,9,67.4,,7,TE,37,70.5,David Ausberry,OAK,13,19,54.4,58.7
2011,6333,5,61.2,40.7,2,FB,10,64.7,Richard Gordon,OAK,0,8,58.4,53.0
2012,6300,15,38.9,,256,WR,495,33.5,Denarius Moore,OAK,264,0,68.6,67.6
2012,5126,16,81.9,65.0,155,TE,478,56.5,Brandon Myers,OAK,9,442,72.5,77.8
2012,4930,15,78.7,30.5,128,WR,509,44.1,Darrius Heyward-Bey,OAK,407,1,68.9,66.1
2012,7416,16,23.1,,120,WR,377,44.4,Rod Streater,OAK,285,0,67.4,66.5
2012,4702,16,64.2,77.8,106,FB,375,73.0,Marcel Reece,OAK,41,33,80.5,74.6
2012,4318,12,71.1,54.9,1,HB,258,30.0,Darren McFadden,OAK,19,0,52.7,39.0
2012,3027,13,74.6,,24,WR,166,59.7,Derek Hagan,OAK,156,0,68.5,67.1
2012,7160,12,23.2,61.6,31,WR,121,67.7,Juron Criner,OAK,96,1,72.4,71.0
2012,5034,11,82.2,62.3,0,HB,75,82.2,Mike Goodson,OAK,14,0,83.5,89.2
2012,6393,16,69.5,74.1,13,TE,53,75.6,David Ausberry,OAK,8,38,73.8,76.8
2012,7534,4,79.4,77.8,0,HB,33,76.5,Jeremy Stewart,OAK,1,0,73.7,81.9
2012,6333,8,64.0,76.5,3,TE,22,30.0,Richard Gordon,OAK,2,32,51.7,46.4
2012,6944,3,30.6,,0,QB,1,64.7,Terrelle Pryor Sr.,OAK,0,0,56.5,90.6
2012,6277,3,71.1,15.0,0,HB,7,64.7,Taiwan Jones,OAK,0,0,58.8,58.6
2013,7416,16,59.2,76.8,241,WR,489,65.3,Rod Streater,OAK,274,2,74.4,74.1
2013,6300,13,78.9,,26,WR,371,35.1,Denarius Moore,OAK,362,0,73.7,74.2
2013,7965,16,81.8,73.5,121,TE,338,58.2,Mychal Rivera,OAK,15,234,68.8,72.6
2013,4702,16,84.5,91.1,72,FB,267,53.0,Marcel Reece,OAK,55,26,66.7,56.9
2013,6489,10,75.5,,25,WR,249,63.6,Andre Holmes,OAK,236,0,74.5,72.2
2013,5174,15,90.7,67.0,9,HB,212,90.1,Rashad Jennings,OAK,22,0,78.6,82.0
2013,4318,10,75.6,37.6,8,HB,125,55.3,Darren McFadden,OAK,12,0,57.8,49.2
2013,5632,14,20.5,,43,WR,153,63.5,Jacoby Ford,OAK,116,0,55.7,54.2
2013,7991,9,70.6,,107,WR,140,29.1,Brice Butler,OAK,38,0,56.7,55.7
2013,5948,16,69.1,81.8,28,TE,152,50.6,Jeron Mastrud,OAK,6,194,59.9,47.0
2013,7572,15,80.7,80.3,14,FB,53,53.3,Jamize Olawale,OAK,7,3,62.4,54.4
2013,7160,1,65.8,,7,WR,46,70.5,Juron Criner,OAK,41,0,61.9,59.5
2013,7954,9,61.2,71.3,13,TE,44,64.7,Nick Kasa,OAK,1,32,53.6,51.6
2013,7534,3,74.1,81.8,0,HB,3,72.4,Jeremy Stewart,OAK,1,0,73.0,67.9
2013,6277,2,25.1,,3,CB,7,68.3,Taiwan Jones,OAK,2,0,80.9,91.4
2013,8049,1,26.1,,0,WR,1,,Greg Jenkins,OAK,1,0,59.1,60.0
2013,6265,1,61.2,,0,CB,1,64.7,Chimdi Chekwa,OAK,0,0,77.5,76.9
2014,3694,16,27.5,,324,WR,522,67.3,James Jones,OAK,222,1,65.7,66.0
2014,7965,16,21.5,68.2,255,TE,494,57.4,Mychal Rivera,OAK,37,265,53.1,56.5
2014,6489,16,79.3,52.1,60,WR,473,58.1,Andre Holmes,OAK,436,1,63.9,62.7
2014,4702,15,45.0,76.2,80,FB,213,48.0,Marcel Reece,OAK,34,30,54.3,57.3
2014,8126,13,81.3,,57,WR,264,50.8,Kenbrell Thompkins,OAK,215,0,60.2,59.5
2014,4318,16,78.0,74.2,8,HB,203,80.5,Darren McFadden,OAK,27,0,60.2,65.7
2014,7991,14,74.6,,75,WR,186,59.7,Brice Butler,OAK,120,0,70.1,68.7
2014,6300,8,78.7,,16,WR,156,29.3,Denarius Moore,OAK,148,0,51.7,51.7
2014,7962,10,68.4,78.0,1,HB,133,56.3,Latavius Murray,OAK,3,1,65.3,49.3
2014,6234,7,71.9,,15,WR,101,79.4,Vincent Brown,OAK,91,0,61.1,60.6
2014,7416,3,70.6,,37,WR,58,56.7,Rod Streater,OAK,23,0,62.6,64.0
2014,3005,12,45.1,68.3,4,HB,111,60.6,Maurice Jones-Drew,OAK,5,0,47.8,53.6
2014,8083,12,68.8,73.9,12,TE,72,74.6,Brian Leonhardt,OAK,4,90,54.9,49.0
2014,7572,11,70.0,74.8,7,FB,25,73.4,Jamize Olawale,OAK,3,5,67.9,67.2
2014,6393,4,64.0,71.7,21,TE,26,68.3,David Ausberry,OAK,0,9,53.7,51.7
2014,8716,13,65.5,85.6,0,G,0,72.8,Gabe Jackson,OAK,0,0,70.0,51.3
2014,2269,14,15.5,63.9,0,T,0,67.6,Khalif Barnes,OAK,0,0,57.7,25.7
2014,3459,16,61.2,90.2,0,T,1,64.7,Donald Penn,OAK,0,0,88.6,90.4
2015,4933,16,53.1,,168,WR,565,59.7,Michael Crabtree,OAK,427,0,77.2,75.9
2015,9437,16,54.3,69.4,105,WR,581,27.3,Amari Cooper,OAK,502,0,71.2,71.1
2015,9079,16,77.8,,384,WR,422,29.8,Seth Roberts,OAK,62,0,59.9,57.7
2015,9501,16,76.1,50.5,122,TE,230,56.4,Clive Walford,OAK,23,98,71.7,70.8
2015,7962,16,65.4,79.3,16,HB,274,66.8,Latavius Murray,OAK,36,1,64.5,54.0
2015,7965,16,22.4,86.4,144,TE,267,79.9,Mychal Rivera,OAK,15,61,54.3,53.1
2015,4702,15,82.7,64.8,29,FB,158,77.3,Marcel Reece,OAK,63,12,73.5,74.2
2015,6489,16,72.7,66.1,103,WR,201,28.1,Andre Holmes,OAK,101,4,57.8,57.0
2015,6476,6,30.3,,34,WR,60,56.7,Jeremy Ross,OAK,26,0,65.3,63.0
2015,6311,15,72.2,75.9,32,TE,116,80.3,Lee Smith,OAK,10,177,69.3,50.1
2015,6257,8,90.2,85.6,3,HB,58,57.0,Roy Helu,OAK,7,0,59.4,67.9
2015,7572,14,79.5,69.1,8,FB,41,77.3,Jamize Olawale,OAK,6,0,73.4,64.9
2015,6277,8,27.3,65.8,4,HB,41,52.1,Taiwan Jones,OAK,19,0,82.0,80.0
2015,7416,1,61.2,,1,WR,7,64.7,Rod Streater,OAK,7,0,68.0,66.5
2015,3459,16,62.3,85.6,0,T,0,67.6,Donald Penn,OAK,0,0,83.8,66.9
2016,4933,17,56.3,,171,WR,559,37.0,Michael Crabtree,OAK,437,1,78.6,79.0
2016,9437,17,55.1,,102,WR,634,74.4,Amari Cooper,OAK,576,0,76.7,77.3
2016,9079,17,78.4,61.4,476,WR,540,28.7,Seth Roberts,OAK,88,26,56.1,52.8
2016,9501,16,77.4,82.8,168,TE,358,46.1,Clive Walford,OAK,48,193,58.2,56.9
2016,11395,17,91.0,83.6,14,HB,135,58.7,Jalen Richard,OAK,38,0,79.6,82.4
2016,7962,15,69.8,85.8,4,HB,230,80.4,Latavius Murray,OAK,26,2,66.7,64.7
2016,7965,14,75.1,80.8,111,TE,189,50.6,Mychal Rivera,OAK,25,65,64.9,63.8
2016,6489,17,73.9,,60,WR,147,69.0,Andre Holmes,OAK,95,5,74.6,73.5
2016,10777,15,65.3,75.4,8,HB,127,54.3,DeAndre Washington,OAK,17,0,65.2,51.1
2016,7572,17,78.3,85.8,29,FB,110,79.4,Jamize Olawale,OAK,23,11,60.1,59.6
2016,6311,4,68.8,76.8,10,TE,34,74.6,Lee Smith,OAK,3,48,63.0,55.9
2016,11354,10,19.1,,20,WR,33,30.0,Johnny Holton,OAK,17,0,49.5,57.9
2016,6277,7,75.6,71.0,3,HB,13,72.1,Taiwan Jones,OAK,5,0,72.2,84.4
2016,3459,16,61.2,82.7,0,T,1,64.7,Donald Penn,OAK,0,1,90.0,90.2
2017,4933,14,43.9,,86,WR,381,59.2,Michael Crabtree,OAK,325,0,72.0,71.7
2017,9437,14,52.4,,104,WR,441,29.7,Amari Cooper,OAK,366,1,63.6,62.9
2017,5012,16,39.4,79.8,303,TE,457,54.4,Jared Cook,OAK,93,130,63.2,64.7
2017,9079,15,23.6,,423,WR,478,54.6,Seth Roberts,OAK,87,4,54.0,54.6
2017,10777,15,37.4,83.8,5,HB,123,61.5,DeAndre Washington,OAK,10,2,58.2,55.0
2017,7810,16,23.0,62.4,93,WR,273,77.8,Cordarrelle Patterson,OAK,195,0,65.5,65.4
2017,11395,16,30.2,61.9,18,HB,130,75.5,Jalen Richard,OAK,12,2,68.9,75.0
2017,3628,15,81.4,91.5,9,HB,182,47.8,Marshawn Lynch,OAK,17,1,74.6,49.5
2017,11354,15,12.9,66.2,30,WR,134,27.8,Johnny Holton,OAK,112,0,48.6,50.2
2017,9501,12,70.6,74.2,42,TE,62,77.3,Clive Walford,OAK,7,21,56.7,63.0
2017,6311,16,70.1,75.1,18,TE,72,76.5,Lee Smith,OAK,4,104,58.6,61.5
2017,7572,9,23.5,87.9,6,FB,39,74.6,Jamize Olawale,OAK,5,7,64.8,62.6
2017,12251,1,,,0,WR,2,,Isaac Whitney,OAK,2,0,47.5,58.7
2018,5012,16,81.2,50.1,179,TE,490,68.4,Jared Cook,OAK,109,250,75.5,81.4
2018,4350,15,81.6,73.0,191,WR,525,90.2,Jordy Nelson,OAK,365,0,70.7,70.2
2018,11395,16,46.2,55.1,11,HB,269,85.7,Jalen Richard,OAK,27,0,66.6,82.5
2018,9079,15,79.4,70.9,305,WR,375,54.5,Seth Roberts,OAK,70,26,62.1,61.8
2018,23670,7,73.0,,41,WR,222,51.2,Marcell Ateman,OAK,191,0,53.5,54.2
2018,8753,8,25.4,,19,WR,145,58.1,Martavis Bryant,OAK,134,0,63.7,62.0
2018,7035,16,48.3,87.8,4,HB,135,68.7,Doug Martin,OAK,6,0,66.6,63.0
2018,3628,6,87.5,83.2,1,HB,79,29.8,Marshawn Lynch,OAK,6,0,74.1,49.8
2018,5602,6,72.5,65.8,44,WR,131,79.4,Brandon LaFell,OAK,91,0,64.5,65.2
2018,7406,16,70.1,58.9,16,TE,95,76.5,Derek Carrier,OAK,13,82,59.1,52.9
2018,6311,16,71.1,72.7,1,TE,45,78.0,Lee Smith,OAK,2,103,78.4,77.5
2018,9302,15,69.1,81.3,0,FB,36,45.8,Keith Smith,OAK,3,2,59.8,57.5
2018,6328,10,31.9,,10,WR,27,74.6,Dwayne Harris,OAK,17,1,61.6,60.4
2018,9637,4,69.8,64.9,5,TE,29,74.6,Darren Waller,OAK,10,15,70.4,71.2
2018,12249,2,61.2,,1,WR,6,64.7,Keon Hatcher,OAK,5,0,56.5,57.1
2018,10777,8,28.6,70.9,1,HB,25,64.7,DeAndre Washington,OAK,4,0,62.0,56.9
2018,8671,16,46.7,,0,QB,0,,Derek Carr,OAK,0,0,73.2,
2018,11354,1,,,1,WR,4,,Johnny Holton,OAK,3,0,54.4,55.5
2019,9637,16,56.9,57.5,171,TE,474,78.5,Darren Waller,OAK,137,249,83.2,86.8
2019,47509,13,81.9,67.0,218,WR,290,57.5,Hunter Renfrow,OAK,85,0,75.5,76.5
2019,10154,14,78.3,65.6,125,WR,412,51.4,Tyrell Williams,OAK,303,0,66.5,66.7
2019,11792,15,76.2,44.9,137,WR,370,86.5,Zay Jones,OAK,257,0,53.7,52.1
2019,11395,16,62.0,69.8,10,HB,204,80.4,Jalen Richard,OAK,19,0,66.1,68.0
2019,10777,16,89.4,77.2,0,HB,127,71.4,DeAndre Washington,OAK,10,0,76.5,80.8
2019,45953,13,83.9,73.6,3,HB,147,47.8,Josh Jacobs,OAK,16,0,87.1,55.4
2019,47043,13,74.6,55.4,10,TE,129,84.1,Foster Moreau,OAK,16,149,70.8,80.8
2019,7406,15,73.2,77.1,15,TE,81,64.4,Derek Carrier,OAK,22,58,65.4,60.6
2019,48143,8,20.9,66.2,54,WR,96,61.8,Keelan Doss,OAK,48,0,58.6,59.0
2019,23670,10,16.0,,19,WR,82,45.8,Marcell Ateman,OAK,66,0,58.3,57.4
2019,34934,15,74.9,87.1,0,FB,44,74.6,Alec Ingold,OAK,2,10,67.5,64.0
2019,9592,2,67.0,,11,WR,34,72.1,J.J. Nelson,OAK,23,0,57.1,56.6
2019,29622,4,64.0,,14,WR,30,68.3,Rico Gafford,OAK,16,0,62.2,62.6
2019,9786,6,61.2,50.7,2,TE,18,64.7,Eric Tomlinson,OAK,0,25,62.7,48.4
2019,6328,2,75.8,,3,WR,5,64.7,Dwayne Harris,OAK,2,0,58.3,58.5
2006,1094,17,78.4,72.4,47,HB,445,48.2,Brian Westbrook,PHI,39,2,68.6,64.6
2006,2252,18,80.6,71.0,103,WR,594,28.8,Reggie Brown,PHI,495,16,67.1,65.6
2006,1020,14,78.5,,16,WR,443,32.1,Donte' Stallworth,PHI,439,0,73.2,72.4
2006,1376,18,79.7,71.8,73,TE,376,47.0,L.J. Smith,PHI,31,415,71.1,71.1
2006,3220,18,75.6,65.8,222,WR,369,41.6,Hank Baskett,PHI,159,5,59.0,59.1
2006,1650,18,25.6,,102,WR,189,62.3,Greg Lewis,PHI,91,0,72.8,72.0
2006,869,18,45.9,65.0,4,HB,143,74.9,Correll Buckhalter,PHI,2,2,58.5,70.3
2006,1880,18,75.8,84.2,0,FB,204,31.7,Thomas Tapeh,PHI,0,3,59.5,34.5
2006,1074,18,73.3,81.7,21,TE,128,52.8,Matt Schobel,PHI,15,129,59.0,59.4
2006,3054,7,18.5,69.9,74,WR,100,76.5,Jason Avant,PHI,31,2,56.7,55.0
2006,1654,4,19.6,84.8,3,HB,20,73.4,Reno Mahe,PHI,3,0,46.3,40.7
2006,2294,5,77.7,35.2,2,HB,16,,Ryan Moats,PHI,1,0,55.7,50.5
2007,1389,16,81.8,,26,WR,616,55.4,Kevin Curtis,PHI,608,2,77.1,76.6
2007,1094,15,88.5,81.0,46,HB,464,52.6,Brian Westbrook,PHI,37,1,77.7,67.4
2007,2252,16,57.6,,76,WR,596,71.4,Reggie Brown,PHI,527,13,70.0,67.6
2007,1376,10,25.2,71.4,59,TE,224,49.5,L.J. Smith,PHI,14,197,55.1,52.6
2007,3054,15,75.6,,184,WR,184,73.7,Jason Avant,PHI,6,2,74.4,72.8
2007,3778,16,73.5,54.2,42,TE,156,82.4,Brent Celek,PHI,4,211,69.3,70.2
2007,3220,16,73.6,70.6,119,WR,164,82.2,Hank Baskett,PHI,44,10,62.4,58.7
2007,1650,15,72.7,,121,WR,147,80.0,Greg Lewis,PHI,32,0,67.6,69.4
2007,869,14,84.8,62.1,2,HB,100,27.6,Correll Buckhalter,PHI,1,1,67.9,35.2
2007,1074,15,72.2,81.6,18,TE,121,80.3,Matt Schobel,PHI,8,115,63.7,63.6
2007,1880,16,73.3,64.2,4,FB,161,54.5,Thomas Tapeh,PHI,2,5,69.2,45.1
2007,1654,3,61.2,18.0,0,HB,6,64.7,Reno Mahe,PHI,3,1,63.8,75.4
2007,2890,1,,,2,WR,2,28.0,Michael Gasperson,PHI,0,0,30.1,39.6
2008,4363,19,83.8,,125,WR,611,45.5,DeSean Jackson,PHI,491,3,71.0,69.8
2008,1094,17,81.2,74.9,29,HB,440,77.4,Brian Westbrook,PHI,42,0,58.4,56.1
2008,1389,12,78.8,,29,WR,390,47.8,Kevin Curtis,PHI,371,0,66.1,64.2
2008,3054,18,78.4,,378,WR,403,75.6,Jason Avant,PHI,34,0,69.7,66.5
2008,1376,15,78.2,58.3,56,TE,326,50.6,L.J. Smith,PHI,16,324,60.7,56.8
2008,3220,17,39.2,69.3,163,WR,340,37.2,Hank Baskett,PHI,179,10,62.8,60.0
2008,3778,19,78.8,69.9,54,TE,276,40.8,Brent Celek,PHI,11,298,71.0,67.5
2008,1650,15,74.4,,46,WR,149,46.6,Greg Lewis,PHI,110,0,61.0,59.6
2008,2252,12,74.8,,22,WR,186,35.5,Reggie Brown,PHI,167,1,63.6,60.6
2008,869,17,87.9,40.2,10,HB,165,67.3,Correll Buckhalter,PHI,1,1,73.7,85.3
2008,3687,9,78.0,60.2,4,HB,47,29.7,Lorenzo Booker,PHI,12,0,43.8,40.6
2008,1429,14,70.1,57.8,2,FB,90,76.5,Dan Klecko,PHI,0,1,54.7,61.6
2008,3706,6,20.6,58.9,1,FB,44,51.1,Tony Hunt,PHI,0,0,45.1,33.8
2008,1074,5,65.8,73.5,6,TE,29,70.5,Matt Schobel,PHI,3,26,49.2,47.8
2008,2343,19,61.2,79.7,0,G,2,64.7,Todd Herremans,PHI,0,3,84.4,89.0
2009,4363,16,28.3,,120,WR,537,67.5,DeSean Jackson,PHI,442,1,70.4,69.1
2009,3778,17,82.1,69.2,193,TE,465,57.6,Brent Celek,PHI,27,346,80.2,78.0
2009,4942,16,81.1,,93,WR,521,66.3,Jeremy Maclin,PHI,459,0,70.4,69.4
2009,3054,17,34.1,68.4,423,WR,453,77.0,Jason Avant,PHI,56,2,71.7,69.5
2009,4976,17,64.4,62.2,30,HB,309,60.4,LeSean McCoy,PHI,25,0,53.3,52.3
2009,1094,9,85.5,58.3,17,HB,131,86.1,Brian Westbrook,PHI,18,1,60.9,61.3
2009,2835,17,61.2,78.3,23,FB,181,32.2,Leonard Weaver,PHI,0,12,61.2,45.6
2009,2252,15,71.7,,14,WR,179,58.5,Reggie Brown,PHI,178,0,59.2,58.6
2009,1389,3,69.5,,1,WR,82,31.8,Kevin Curtis,PHI,84,0,60.0,55.7
2009,2288,17,67.0,66.2,34,TE,70,41.6,Alex Smith,PHI,12,64,65.3,50.6
2009,438,15,62.2,62.2,0,QB,1,,Donovan McNabb,PHI,2,0,71.1,59.9
2010,4942,17,51.5,73.3,121,WR,664,49.0,Jeremy Maclin,PHI,579,0,70.2,68.6
2010,4363,15,57.7,65.7,99,WR,568,27.7,DeSean Jackson,PHI,492,2,61.5,60.9
2010,4976,16,64.3,67.0,41,HB,452,79.5,LeSean McCoy,PHI,17,1,67.1,62.7
2010,3054,17,80.3,65.7,433,WR,510,60.5,Jason Avant,PHI,104,1,70.3,68.7
2010,3778,16,79.3,70.1,91,TE,423,50.3,Brent Celek,PHI,23,453,64.5,59.5
2010,4477,16,74.6,57.8,26,FB,158,84.1,Owen Schmitt,PHI,1,21,57.4,66.1
2010,5682,14,70.6,65.7,18,WR,170,57.0,Riley Cooper,PHI,162,0,56.2,56.5
2010,5523,8,75.7,74.5,33,WR,85,60.2,Chad Hall,PHI,50,0,65.7,64.3
2010,5648,10,70.6,51.0,16,TE,82,38.7,Clay Harbor,PHI,12,70,51.5,45.5
2010,3090,12,41.1,41.9,6,HB,90,80.3,Jerome Harrison,PHI,4,0,52.2,67.3
2010,3900,7,26.4,80.4,2,HB,14,64.7,Eldra Buckley,PHI,1,0,51.2,28.3
2010,2343,16,61.2,65.9,0,G,1,64.7,Todd Herremans,PHI,0,2,80.3,90.1
2010,4423,17,62.3,67.2,0,C,0,67.6,Mike McGlynn,PHI,0,0,66.6,66.9
2011,4363,15,81.3,,97,WR,544,38.4,DeSean Jackson,PHI,467,1,70.3,69.1
2011,3778,16,80.5,68.1,67,TE,426,58.7,Brent Celek,PHI,25,482,79.5,80.1
2011,4942,13,45.5,60.9,69,WR,459,51.1,Jeremy Maclin,PHI,413,0,75.4,74.0
2011,3054,16,24.9,,424,WR,467,73.0,Jason Avant,PHI,63,0,67.5,66.6
2011,4976,15,76.9,48.0,18,HB,388,56.9,LeSean McCoy,PHI,26,3,73.8,52.9
2011,5682,15,73.6,,18,WR,210,30.0,Riley Cooper,PHI,199,0,59.0,59.7
2011,3667,9,71.5,67.5,31,WR,90,29.9,Steve Smith,PHI,67,0,56.8,56.2
2011,5648,16,72.7,63.1,25,TE,113,64.4,Clay Harbor,PHI,11,116,69.8,69.8
2011,4477,16,70.6,54.9,4,FB,69,70.5,Owen Schmitt,PHI,0,4,48.9,62.3
2011,5523,7,69.7,,19,WR,41,70.5,Chad Hall,PHI,21,0,49.6,55.7
2011,2219,16,29.8,51.3,8,HB,52,27.9,Ronnie Brown,PHI,4,0,50.1,38.4
2011,6301,6,78.1,21.6,1,HB,10,64.7,Dion Lewis,PHI,1,0,60.7,55.5
2012,4942,15,46.8,,211,WR,627,45.8,Jeremy Maclin,PHI,450,0,62.1,61.8
2012,3778,15,41.8,64.0,99,TE,393,44.4,Brent Celek,PHI,23,411,71.5,68.2
2012,4363,11,36.9,,83,WR,446,84.8,DeSean Jackson,PHI,386,2,76.2,75.7
2012,3054,14,79.6,70.8,402,WR,440,90.5,Jason Avant,PHI,56,1,78.6,76.7
2012,4976,12,47.1,68.3,5,HB,280,74.0,LeSean McCoy,PHI,19,0,77.9,76.4
2012,5682,11,75.5,,11,WR,319,63.4,Riley Cooper,PHI,323,1,60.6,59.3
2012,5648,14,26.4,54.2,66,TE,159,55.4,Clay Harbor,PHI,11,132,61.6,57.7
2012,7530,13,75.7,,32,WR,160,84.1,Damaris Johnson,PHI,133,0,77.7,76.6
2012,7213,16,26.4,60.3,2,HB,147,35.8,Bryce Brown,PHI,9,0,65.0,43.8
2012,6392,15,73.5,71.3,14,FB,102,52.1,Stanley Havili,PHI,7,4,60.1,42.4
2012,4771,13,61.2,72.9,23,TE,57,25.2,Evan Moore,PHI,21,20,32.0,35.3
2012,6301,7,75.5,81.7,3,HB,30,68.3,Dion Lewis,PHI,0,0,75.2,58.2
2012,7182,4,,,1,WR,11,,Marvin McNutt,PHI,11,0,53.1,53.7
2012,5681,1,,,0,G,1,,Matt Tennant,PHI,0,1,58.5,57.8
2013,4363,17,64.8,,160,WR,577,76.2,DeSean Jackson,PHI,432,0,84.4,85.0
2013,5682,17,82.8,,103,WR,560,61.9,Riley Cooper,PHI,489,2,71.8,71.5
2013,3054,17,25.4,,404,WR,495,68.5,Jason Avant,PHI,114,3,61.2,59.1
2013,4976,17,90.6,45.3,18,HB,428,74.5,LeSean McCoy,PHI,3,0,87.0,76.8
2013,7816,17,85.4,76.6,111,TE,259,66.5,Zach Ertz,PHI,55,125,80.2,81.8
2013,3778,17,28.6,70.7,119,TE,333,62.1,Brent Celek,PHI,13,294,78.8,70.8
2013,7213,17,86.1,75.7,4,HB,80,76.5,Bryce Brown,PHI,0,0,66.4,65.0
2013,6706,15,67.0,,20,WR,67,28.7,Jeff Maehl,PHI,50,0,50.7,50.1
2013,5076,13,81.1,66.6,11,TE,37,72.1,James Casey,PHI,1,29,76.0,61.9
2013,7532,8,81.6,77.6,3,HB,23,41.6,Chris Polk,PHI,0,0,69.8,54.7
2013,7530,9,83.4,,9,WR,29,68.3,Damaris Johnson,PHI,20,0,50.1,49.6
2013,3048,5,23.6,,4,WR,8,68.3,Brad Smith,PHI,4,0,48.3,78.1
2014,4942,16,83.0,,138,WR,622,90.8,Jeremy Maclin,PHI,513,1,80.3,80.3
2014,8677,16,81.0,,474,WR,485,67.5,Jordan Matthews,PHI,33,3,72.2,72.8
2014,5682,16,40.0,,63,WR,563,74.4,Riley Cooper,PHI,521,2,59.1,57.7
2014,7816,16,44.7,45.8,192,TE,397,76.2,Zach Ertz,PHI,50,198,80.9,81.1
2014,2347,15,61.3,80.9,22,HB,234,50.7,Darren Sproles,PHI,9,0,66.5,80.8
2014,3778,16,28.0,66.8,72,TE,299,78.9,Brent Celek,PHI,17,288,76.7,59.9
2014,4976,16,59.4,65.1,12,HB,363,59.7,LeSean McCoy,PHI,6,1,57.9,43.7
2014,8721,12,28.1,,27,WR,106,27.8,Josh Huff,PHI,87,0,58.3,52.4
2014,6706,8,68.0,,5,WR,41,73.4,Jeff Maehl,PHI,40,0,56.4,60.1
2014,7532,9,51.0,83.9,0,HB,30,68.3,Chris Polk,PHI,1,0,64.6,57.9
2014,5076,16,81.1,68.2,11,TE,35,72.1,James Casey,PHI,2,37,83.2,66.1
2014,3048,11,65.3,,5,WR,20,26.5,Brad Smith,PHI,17,0,51.9,46.0
2015,8677,16,33.5,,563,WR,574,47.9,Jordan Matthews,PHI,42,1,65.5,64.5
2015,7816,15,51.3,58.2,172,TE,477,66.9,Zach Ertz,PHI,24,336,82.1,79.6
2015,2347,16,90.8,78.9,33,HB,256,69.3,Darren Sproles,PHI,25,1,65.4,66.6
2015,6223,15,68.8,74.1,2,HB,242,48.2,DeMarco Murray,PHI,15,0,56.2,62.2
2015,9453,13,29.2,,78,WR,404,40.4,Nelson Agholor,PHI,351,1,48.7,48.5
2015,5682,16,85.9,,62,WR,332,49.3,Riley Cooper,PHI,294,1,58.2,57.0
2015,8721,15,82.4,,49,WR,319,55.9,Josh Huff,PHI,292,0,64.2,60.8
2015,3778,16,26.4,57.5,46,TE,215,86.5,Brent Celek,PHI,12,203,83.2,78.5
2015,3211,11,72.3,,59,WR,234,29.0,Miles Austin,PHI,185,0,55.5,52.1
2015,5537,13,48.7,69.6,1,HB,108,38.7,Ryan Mathews,PHI,8,0,63.0,52.7
2015,7963,6,28.6,82.8,0,HB,39,29.1,Kenjon Barner,PHI,5,0,47.9,30.3
2015,9185,6,65.8,73.0,7,TE,27,70.5,Trey Burton,PHI,1,21,60.3,64.2
2015,6035,4,61.2,,2,WR,6,64.7,Seyi Ajirotutu,PHI,4,0,54.9,55.5
2015,9017,2,64.0,,0,WR,12,68.3,Jonathan Krause,PHI,13,0,56.4,56.3
2016,8677,14,58.8,,346,WR,490,58.6,Jordan Matthews,PHI,170,6,67.7,69.6
2016,7816,14,82.3,63.5,280,TE,492,90.0,Zach Ertz,PHI,46,234,70.9,72.8
2016,9473,15,77.7,,29,WR,422,40.4,Dorial Green-Beckham,PHI,417,0,59.9,60.5
2016,2347,15,90.4,77.6,31,HB,318,66.0,Darren Sproles,PHI,28,0,67.8,66.9
2016,9453,15,35.3,65.9,125,WR,531,33.0,Nelson Agholor,PHI,438,2,52.6,52.4
2016,9185,15,77.8,61.0,144,TE,223,48.7,Trey Burton,PHI,31,56,65.7,66.0
2016,3778,16,23.4,63.4,43,TE,126,67.5,Brent Celek,PHI,4,141,65.4,61.8
2016,5537,13,43.2,57.3,1,HB,91,63.5,Ryan Mathews,PHI,5,0,62.7,63.9
2016,11082,4,71.6,,60,WR,111,57.0,Paul Turner,PHI,52,0,61.2,60.1
2016,11278,8,68.7,,17,WR,85,70.5,Bryce Treggs,PHI,71,0,57.2,56.9
2016,10787,11,62.0,56.6,3,HB,66,49.7,Wendell Smallwood,PHI,3,0,45.0,47.5
2016,7963,12,82.5,50.5,1,HB,52,29.8,Kenjon Barner,PHI,4,0,47.3,45.4
2016,11076,2,78.3,78.8,7,HB,45,70.5,Byron Marshall,PHI,2,0,56.7,59.2
2016,9889,1,73.1,,0,HB,3,64.7,Terrell Watson,PHI,0,0,67.4,63.1
2016,10636,16,50.3,,0,QB,1,,Carson Wentz,PHI,0,0,69.9,58.9
2017,7048,19,81.5,,105,WR,651,81.8,Alshon Jeffery,PHI,586,0,77.3,77.7
2017,7816,17,29.7,66.1,233,TE,493,83.1,Zach Ertz,PHI,96,243,80.6,88.2
2017,9453,19,82.5,65.7,518,WR,569,66.5,Nelson Agholor,PHI,72,4,74.9,74.0
2017,6210,19,79.5,65.9,93,WR,512,43.3,Torrey Smith,PHI,448,1,56.7,56.8
2017,9582,17,50.7,52.3,5,HB,271,31.4,Jay Ajayi,PHI,13,0,66.9,45.3
2017,9185,18,76.4,75.1,115,TE,196,74.9,Trey Burton,PHI,37,65,73.4,72.6
2017,3778,19,74.0,65.8,34,TE,155,64.7,Brent Celek,PHI,6,207,53.1,53.3
2017,12253,18,87.3,80.9,8,HB,163,71.3,Corey Clement,PHI,8,0,74.1,71.5
2017,11873,19,73.6,64.9,64,WR,184,54.3,Mack Hollins,PHI,132,2,63.5,60.8
2017,10787,7,84.4,29.5,4,HB,83,63.2,Wendell Smallwood,PHI,3,0,61.2,64.8
2017,2347,3,78.8,49.9,7,HB,60,54.9,Darren Sproles,PHI,0,0,62.0,69.7
2017,11074,10,68.8,,10,WR,61,74.6,Marcus Johnson,PHI,55,0,65.7,64.7
2017,5863,19,80.3,51.3,2,HB,124,76.5,LeGarrette Blount,PHI,3,0,63.5,57.1
2017,7963,13,88.8,25.7,4,HB,47,73.4,Kenjon Barner,PHI,13,0,59.4,66.9
2017,11921,2,64.0,,0,WR,10,68.3,Shelton Gibson,PHI,10,0,56.2,56.4
2017,7089,9,29.7,,0,QB,1,64.7,Nick Foles,PHI,0,1,73.2,90.0
2018,7816,18,62.7,72.2,362,TE,642,83.9,Zach Ertz,PHI,136,230,75.7,79.3
2018,5585,17,31.4,,342,WR,444,64.4,Golden Tate,PHI,122,2,71.1,70.9
2018,7048,15,50.4,,101,WR,554,66.7,Alshon Jeffery,PHI,479,0,79.0,77.9
2018,9453,18,51.4,66.2,384,WR,665,75.7,Nelson Agholor,PHI,308,7,64.7,63.4
2018,47272,18,77.4,59.9,83,TE,254,71.7,Dallas Goedert,PHI,47,191,75.4,71.1
2018,10787,17,70.5,56.2,9,HB,221,59.7,Wendell Smallwood,PHI,28,1,56.7,53.3
2018,8677,16,74.9,62.4,50,WR,227,72.1,Jordan Matthews,PHI,193,1,66.9,66.1
2018,2347,8,87.3,28.9,6,HB,129,59.5,Darren Sproles,PHI,11,0,60.6,67.4
2018,12253,11,45.2,66.3,6,HB,125,84.5,Corey Clement,PHI,13,0,57.8,71.9
2018,45662,12,69.8,46.4,2,HB,98,32.2,Josh Adams,PHI,1,0,67.1,42.6
2018,11051,8,68.0,75.4,23,TE,49,29.2,Joshua Perkins,PHI,21,12,61.8,56.9
2018,6671,5,68.8,,18,WR,79,74.6,Kamar Aiken,PHI,68,0,53.3,52.9
2018,9582,4,44.6,40.0,1,HB,58,73.4,Jay Ajayi,PHI,2,0,62.4,57.4
2018,11921,9,69.5,,2,WR,40,64.7,Shelton Gibson,PHI,42,0,58.4,58.5
2018,5007,2,61.2,,10,WR,38,64.7,Mike Wallace,PHI,34,0,53.9,53.5
2018,10636,11,44.9,,0,QB,0,,Carson Wentz,PHI,0,0,79.4,
2018,7089,7,53.8,,0,QB,1,64.7,Nick Foles,PHI,0,0,76.6,90.6
2018,8733,5,61.2,74.3,3,TE,13,64.7,Richard Rodgers,PHI,3,12,51.3,49.6
2019,7816,16,55.5,62.0,272,TE,574,78.3,Zach Ertz,PHI,125,238,72.7,75.6
2019,47272,16,27.0,71.6,175,TE,401,67.9,Dallas Goedert,PHI,46,261,82.7,79.1
2019,7048,10,78.4,,36,WR,286,52.3,Alshon Jeffery,PHI,269,0,74.8,75.0
2019,40555,17,60.2,59.7,20,HB,337,59.5,Miles Sanders,PHI,21,0,61.5,69.1
2019,9453,11,23.4,,285,WR,407,61.6,Nelson Agholor,PHI,151,1,54.4,54.9
2019,12258,7,84.1,,147,WR,228,68.8,Greg Ward,PHI,92,0,73.1,71.3
2019,39462,8,28.9,59.6,18,HB,98,75.5,Boston Scott,PHI,3,0,69.6,85.3
2019,35014,15,71.9,,42,WR,312,61.8,J.J. Arcega-Whiteside,PHI,289,0,54.6,53.3
2019,10784,10,89.5,75.6,6,HB,93,41.1,Jordan Howard,PHI,6,0,69.0,51.0
2019,11051,5,70.6,79.5,39,TE,78,77.3,Joshua Perkins,PHI,21,24,59.1,60.6
2019,2347,6,84.0,73.2,9,HB,66,31.8,Darren Sproles,PHI,13,0,47.0,35.8
2019,4363,3,70.6,,18,WR,38,56.7,DeSean Jackson,PHI,22,0,81.7,83.0
2019,11964,7,65.8,,10,WR,105,70.5,Robert Davis,PHI,99,0,54.8,53.9
2019,47477,2,65.8,,2,WR,18,70.5,Deontay Burnett,PHI,16,0,67.9,66.8
2019,9582,3,73.8,73.1,0,HB,7,27.9,Jay Ajayi,PHI,0,0,57.1,27.9
2020,12258,16,41.3,54.5,471,WR,501,73.5,Greg Ward,PHI,72,0,58.8,58.6
2020,7816,11,77.8,68.3,204,TE,364,55.3,Zach Ertz,PHI,62,158,57.3,57.7
2020,47272,11,78.8,57.4,140,TE,322,77.0,Dallas Goedert,PHI,37,213,79.6,76.4
2020,48023,13,77.7,66.0,67,WR,360,56.2,Travis Fulgham,PHI,318,2,71.2,70.9
2020,61697,11,80.5,,67,WR,304,68.8,Jalen Reagor,PHI,253,1,64.0,64.2
2020,40555,12,34.4,50.1,19,HB,295,28.3,Miles Sanders,PHI,32,0,63.0,33.9
2020,39462,16,52.2,51.7,15,HB,211,86.1,Boston Scott,PHI,16,0,68.2,68.1
2020,84142,12,72.0,,30,WR,231,28.4,John Hightower,PHI,220,0,50.5,52.4
2020,8733,12,76.0,58.7,37,TE,130,74.2,Richard Rodgers,PHI,21,116,88.6,90.5
2020,4363,5,74.7,,26,WR,131,49.8,DeSean Jackson,PHI,108,0,66.8,65.6
2020,7048,7,69.5,,29,WR,142,32.2,Alshon Jeffery,PHI,124,0,51.3,52.9
2020,61664,6,69.5,,13,WR,80,31.8,Quez Watkins,PHI,70,0,61.1,60.5
2020,35014,8,68.0,67.1,26,WR,74,73.4,J.J. Arcega-Whiteside,PHI,58,0,65.9,63.6
2020,12253,12,78.8,17.5,4,HB,53,49.2,Corey Clement,PHI,1,0,56.4,56.7
2020,47477,2,65.8,,22,WR,36,70.5,Deontay Burnett,PHI,17,0,55.0,54.6
2020,45693,3,73.0,30.1,5,HB,16,64.7,Jason Huntley,PHI,1,0,55.1,53.3
2020,10784,6,30.6,81.4,1,HB,22,64.7,Jordan Howard,PHI,0,0,41.6,27.7
2020,42425,1,64.6,,2,WR,3,64.7,Adrian Killins Jr.,PHI,1,0,52.9,59.1
2020,40291,12,23.3,,1,QB,7,64.7,Jalen Hurts,PHI,2,0,56.2,55.4
2020,12145,3,61.2,77.1,1,TE,4,64.7,Jason Croom,PHI,1,6,77.6,79.3
2020,47928,1,,,0,TE,1,,Hakeem Butler,PHI,1,0,57.2,59.0
2021,61100,18,49.1,,72,WR,563,81.5,DeVonta Smith,PHI,522,1,77.7,77.6
2021,47272,16,47.6,66.1,192,TE,395,61.5,Dallas Goedert,PHI,47,219,90.7,91.1
2021,61664,18,81.1,66.2,347,WR,452,85.4,Quez Watkins,PHI,121,13,68.2,71.8
2021,61697,18,69.4,,107,WR,486,53.4,Jalen Reagor,PHI,401,0,55.1,54.1
2021,77737,17,45.2,75.8,11,HB,197,49.9,Kenneth Gainwell,PHI,36,1,72.0,75.9
2021,40555,13,75.2,47.3,4,HB,203,76.7,Miles Sanders,PHI,8,0,70.2,66.0
2021,39462,11,63.8,52.4,1,HB,87,64.7,Boston Scott,PHI,8,1,71.9,62.5
2021,12258,17,74.4,62.3,134,WR,142,52.1,Greg Ward,PHI,19,0,54.9,55.4
2021,46481,8,65.8,63.5,30,TE,64,36.8,Tyree Jackson,PHI,13,32,54.5,46.4
2021,42058,17,67.0,84.2,11,TE,71,72.1,Jack Stoll,PHI,7,87,54.4,41.7
2021,35014,12,64.0,78.3,34,WR,56,27.3,J.J. Arcega-Whiteside,PHI,33,4,53.0,46.5
2021,10784,8,86.6,44.3,0,HB,57,36.8,Jordan Howard,PHI,1,0,75.6,46.6
2021,8733,4,64.0,72.4,4,TE,19,68.3,Richard Rodgers,PHI,3,17,62.1,60.4
2021,40291,16,72.2,,0,QB,1,,Jalen Hurts,PHI,0,0,77.1,60.0
2021,45693,1,76.7,67.1,0,HB,13,,Jason Huntley,PHI,0,0,52.4,53.1
2021,7786,14,61.2,82.6,0,T,1,64.7,Lane Johnson,PHI,0,0,83.3,89.0
2022,48327,20,34.4,,181,WR,665,68.5,A.J. Brown,PHI,520,0,87.7,88.9
2022,61100,20,84.7,,184,WR,697,79.8,DeVonta Smith,PHI,552,0,80.4,81.1
2022,47272,15,50.3,57.0,230,TE,470,87.7,Dallas Goedert,PHI,54,227,78.2,83.5
2022,61664,20,30.7,66.2,360,WR,452,70.8,Quez Watkins,PHI,117,0,52.7,54.2
2022,77737,20,88.1,46.7,18,HB,236,60.5,Kenneth Gainwell,PHI,29,4,63.5,58.8
2022,40555,20,66.7,37.7,21,HB,294,59.2,Miles Sanders,PHI,30,0,71.1,35.4
2022,12303,20,74.3,48.8,126,WR,188,68.7,Zach Pascal,PHI,52,18,61.1,59.9
2022,42058,20,73.1,55.6,70,TE,232,80.0,Jack Stoll,PHI,19,191,49.7,45.3
2022,60997,15,68.0,73.3,34,TE,79,46.3,Grant Calcaterra,PHI,12,45,60.9,56.8
2022,39462,18,87.6,60.8,7,HB,102,75.6,Boston Scott,PHI,13,0,62.3,52.5
2022,47282,1,,20.4,0,TE,2,27.9,Noah Togiai,PHI,0,4,26.7,28.1
2023,48327,17,35.4,80.3,145,WR,577,88.3,A.J. Brown,PHI,460,1,90.0,90.4
2023,61100,17,55.3,,208,WR,636,76.7,DeVonta Smith,PHI,456,0,75.4,77.1
2023,47272,15,80.9,79.7,267,TE,470,79.2,Dallas Goedert,PHI,67,178,71.0,67.7
2023,57212,17,62.0,48.9,30,HB,301,83.9,D'Andre Swift,PHI,44,0,66.5,53.5
2023,77737,17,29.3,47.2,21,HB,232,78.4,Kenneth Gainwell,PHI,41,6,55.3,60.4
2023,61664,9,74.5,,146,WR,225,82.7,Quez Watkins,PHI,93,0,59.2,59.3
2023,6158,12,22.2,,92,WR,170,64.4,Julio Jones,PHI,84,0,55.0,54.8
2023,44920,18,74.7,,233,WR,337,61.8,Olamide Zaccheaus,PHI,115,0,51.1,51.8
2023,42058,18,68.8,51.2,37,TE,152,49.2,Jack Stoll,PHI,6,141,50.8,39.4
2023,39462,10,36.3,35.1,3,HB,32,41.6,Boston Scott,PHI,7,0,60.8,50.5
2023,32933,8,56.2,,33,WR,37,72.1,Britain Covey,PHI,4,0,57.8,60.5
2023,60997,13,67.0,65.9,24,TE,47,72.1,Grant Calcaterra,PHI,9,20,64.2,63.1
2023,41933,4,,,27,TE,38,,Albert Okwuegbunam,PHI,5,8,47.6,48.1
2023,27414,2,74.1,18.0,0,HB,12,64.7,Rashaad Penny,PHI,0,0,44.5,57.4
2024,61100,9,78.1,,153,WR,275,66.3,DeVonta Smith,PHI,135,1,77.3,78.9
2024,48327,7,77.0,,40,WR,191,88.7,A.J. Brown,PHI,159,0,90.3,90.8
2024,47272,7,21.0,53.9,81,TE,179,68.1,Dallas Goedert,PHI,20,86,63.8,68.1
2024,45791,10,80.1,59.2,15,HB,195,61.3,Saquon Barkley,PHI,11,0,81.9,67.8
2024,60997,10,73.6,57.8,82,TE,157,82.2,Grant Calcaterra,PHI,15,79,56.9,63.8
2024,84375,10,70.6,,72,WR,237,77.3,Jahan Dotson,PHI,176,0,56.0,55.8
2024,77737,10,84.0,28.7,4,HB,65,76.5,Kenneth Gainwell,PHI,14,0,52.3,61.0
2024,76366,10,65.8,82.4,26,WR,72,36.2,Johnny Wilson,PHI,50,2,50.4,51.1
2024,32933,3,75.2,,23,WR,26,77.3,Britain Covey,PHI,6,0,71.5,70.5
2024,47940,4,69.5,,44,WR,65,75.6,Parris Campbell,PHI,23,0,54.8,54.7
2024,99207,4,68.3,,8,WR,9,72.1,Ainias Smith,PHI,2,0,56.7,59.4
2024,42058,7,64.0,63.8,20,TE,42,68.3,Jack Stoll,PHI,4,33,46.2,46.1
2024,11764,1,61.2,,2,WR,10,64.7,John Ross,PHI,9,0,55.9,56.2
2024,82523,1,61.2,,0,LB,2,64.7,Ben VanSumeren,PHI,0,0,67.1,64.3
2006,380,14,27.6,65.9,241,WR,514,81.9,Hines Ward,PIT,280,5,84.2,81.3
2006,2970,16,79.3,,39,WR,382,78.4,Santonio Holmes,PIT,356,0,80.1,78.2
2006,901,15,22.7,,51,WR,415,56.2,Cedrick Wilson,PIT,377,0,64.2,63.8
2006,2832,16,78.4,81.1,321,WR,397,54.6,Nate Washington,PIT,89,2,64.8,64.3
2006,2247,16,77.1,57.4,75,TE,309,52.7,Heath Miller,PIT,16,267,68.8,63.9
2006,2142,16,43.1,72.6,17,HB,216,58.8,Willie Parker,PIT,3,0,49.1,61.2
2006,1156,7,28.9,74.3,1,HB,94,69.0,Verron Haynes,PIT,2,0,62.1,65.6
2006,1131,12,54.7,88.0,1,HB,92,65.6,Najeh Davenport,PIT,1,0,60.5,82.9
2006,749,16,70.8,53.0,1,FB,111,35.3,Dan Kreider,PIT,0,2,72.3,42.2
2006,513,15,69.8,82.6,10,TE,52,76.8,Jerame Tuman,PIT,1,71,71.8,74.2
2006,538,4,65.8,,8,WR,28,70.5,Sean Morey,PIT,20,0,58.5,58.3
2006,2686,1,66.7,,0,FB,1,64.7,John Kuhn,PIT,0,0,70.6,81.8
2006,1524,2,61.2,,6,WR,7,64.7,Walter Young,PIT,1,0,67.9,67.0
2007,380,14,82.8,85.7,256,WR,444,70.2,Hines Ward,PIT,202,3,89.7,87.1
2007,2970,14,43.8,,72,WR,425,61.2,Santonio Holmes,PIT,369,0,84.7,84.4
2007,2247,17,79.9,70.8,99,TE,410,88.4,Heath Miller,PIT,18,327,87.1,83.4
2007,2832,17,76.7,46.8,177,WR,402,40.0,Nate Washington,PIT,241,2,62.1,62.3
2007,901,17,75.2,,37,WR,237,57.4,Cedrick Wilson,PIT,209,0,65.5,63.6
2007,1131,16,89.7,80.2,12,HB,154,27.5,Najeh Davenport,PIT,3,1,64.1,41.8
2007,2142,15,59.8,73.9,12,HB,166,62.6,Willie Parker,PIT,9,3,53.5,55.6
2007,2029,16,79.2,87.4,3,FB,84,50.7,Carey Davis,PIT,0,4,61.1,49.2
2007,3693,15,68.8,53.1,7,TE,96,49.2,Matt Spaeth,PIT,1,128,58.9,47.0
2007,3040,5,67.0,,18,WR,34,42.1,Willie Reid,PIT,16,0,61.0,60.6
2007,749,8,64.6,70.2,1,FB,11,28.9,Dan Kreider,PIT,0,2,50.4,35.7
2007,513,5,61.2,53.8,1,TE,16,64.7,Jerame Tuman,PIT,0,22,71.9,60.3
2007,4059,2,73.6,79.9,1,HB,11,64.7,Gary Russell,PIT,2,0,54.1,60.9
2007,1156,1,61.2,82.5,0,HB,3,64.7,Verron Haynes,PIT,0,0,69.4,77.1
2008,2970,18,29.7,,100,WR,603,47.1,Santonio Holmes,PIT,525,0,74.9,73.6
2008,380,19,64.0,67.5,541,WR,616,52.9,Hines Ward,PIT,101,1,80.7,79.2
2008,2832,19,80.2,,236,WR,534,43.1,Nate Washington,PIT,320,0,66.8,64.1
2008,2247,17,44.3,68.7,170,TE,447,65.2,Heath Miller,PIT,4,350,83.1,74.8
2008,1840,19,76.9,46.7,48,HB,298,61.2,Mewelde Moore,PIT,11,0,57.9,61.2
2008,3693,19,73.9,62.9,30,TE,186,55.9,Matt Spaeth,PIT,1,202,65.6,45.6
2008,4367,13,70.1,,21,WR,90,28.8,Limas Sweed,PIT,74,0,53.5,56.6
2008,2142,14,86.0,72.2,18,HB,122,27.5,Willie Parker,PIT,8,0,46.3,34.0
2008,2029,15,26.0,49.3,8,FB,48,58.9,Carey Davis,PIT,3,2,60.7,38.5
2008,1955,14,65.8,30.8,0,FB,30,70.5,Sean McHugh,PIT,0,21,80.8,57.2
2008,4337,3,77.1,13.0,1,HB,8,29.9,Rashard Mendenhall,PIT,0,0,54.2,44.5
2008,3843,5,61.2,,18,WR,17,28.8,Dallas Baker,PIT,1,0,43.3,44.9
2008,4059,9,80.4,80.2,1,HB,16,64.7,Gary Russell,PIT,0,0,57.4,54.5
2009,380,16,29.9,70.6,473,WR,567,68.7,Hines Ward,PIT,132,1,77.3,74.2
2009,2970,16,82.7,,74,WR,588,58.3,Santonio Holmes,PIT,553,0,81.7,80.1
2009,2247,16,28.2,64.6,181,TE,487,73.1,Heath Miller,PIT,13,380,79.6,72.6
2009,5007,16,33.3,68.2,107,WR,443,57.0,Mike Wallace,PIT,368,1,68.7,67.9
2009,4337,14,61.3,53.6,32,HB,198,54.0,Rashard Mendenhall,PIT,7,0,64.4,53.6
2009,1840,16,82.5,65.4,14,HB,146,72.3,Mewelde Moore,PIT,5,0,58.6,70.1
2009,117,3,69.5,,16,WR,114,31.8,Joey Galloway,PIT,104,0,49.7,49.4
2009,2142,14,65.3,68.1,10,HB,60,74.6,Willie Parker,PIT,4,0,55.4,61.5
2009,3693,16,19.7,58.5,13,TE,83,73.4,Matt Spaeth,PIT,2,116,60.2,35.7
2009,4367,5,61.2,,5,WR,23,28.8,Limas Sweed,PIT,21,0,44.7,45.5
2009,5165,12,64.0,75.4,0,FB,18,29.9,David Johnson,PIT,0,13,61.1,32.5
2009,5230,2,61.2,,11,WR,11,28.8,Tyler Grisham,PIT,1,0,52.8,53.6
2009,4909,5,61.2,,4,WR,6,64.7,Stefan Logan,PIT,2,0,57.0,57.4
2010,5007,19,82.5,,108,WR,634,59.5,Mike Wallace,PIT,558,0,76.9,76.8
2010,380,19,27.7,70.6,413,WR,567,58.8,Hines Ward,PIT,183,3,74.7,70.0
2010,2247,17,39.6,69.7,104,TE,410,88.1,Heath Miller,PIT,16,345,80.8,74.9
2010,5606,16,77.4,,116,WR,331,62.9,Emmanuel Sanders,PIT,233,1,74.7,72.1
2010,1069,18,76.6,,109,WR,260,62.7,Antwaan Randle El,PIT,168,0,62.8,61.5
2010,4337,19,72.4,48.5,15,HB,228,36.0,Rashard Mendenhall,PIT,5,0,74.9,49.8
2010,1840,18,83.8,72.1,11,HB,140,76.0,Mewelde Moore,PIT,12,0,74.1,74.3
2010,5718,12,74.6,,15,WR,87,84.1,Antonio Brown,PIT,74,0,83.7,82.0
2010,3693,17,71.1,58.0,21,TE,140,41.4,Matt Spaeth,PIT,0,185,62.0,46.9
2010,5233,19,62.8,72.1,4,HB,58,78.7,Isaac Redman,PIT,4,0,74.0,70.5
2010,5165,17,67.0,79.0,3,FB,51,72.1,David Johnson,PIT,0,60,74.2,62.1
2010,1499,2,,,3,WR,6,,Arnaz Battle,PIT,4,0,54.6,55.4
2011,5718,17,54.1,,82,WR,468,65.6,Antonio Brown,PIT,417,0,88.8,87.7
2011,5007,17,82.4,,86,WR,599,71.0,Mike Wallace,PIT,544,0,78.4,77.2
2011,2247,17,42.5,70.5,80,TE,490,59.7,Heath Miller,PIT,13,475,88.2,81.5
2011,380,16,32.9,68.1,217,WR,299,69.3,Hines Ward,PIT,96,1,66.4,63.8
2011,5606,12,76.3,66.1,179,WR,258,66.0,Emmanuel Sanders,PIT,93,0,73.0,72.8
2011,1829,13,74.5,,166,WR,217,56.9,Jerricho Cotchery,PIT,60,0,72.6,68.4
2011,4337,15,82.8,76.0,20,HB,162,70.7,Rashard Mendenhall,PIT,1,0,81.5,65.3
2011,5233,17,55.3,67.9,22,HB,131,70.5,Isaac Redman,PIT,4,0,86.0,63.9
2011,5165,17,72.3,69.7,3,TE,117,47.7,David Johnson,PIT,2,117,74.1,45.6
2011,1840,12,22.4,81.5,14,HB,55,62.1,Mewelde Moore,PIT,2,0,68.9,56.2
2011,6496,16,68.0,78.1,3,TE,47,73.4,Weslye Saunders,PIT,0,62,77.1,61.5
2011,5711,2,76.0,74.4,0,HB,3,64.7,Jonathan Dwyer,PIT,0,0,59.1,63.2
2011,1499,1,,,4,WR,4,,Arnaz Battle,PIT,0,0,55.2,56.4
2012,5007,15,27.3,,67,WR,547,54.7,Mike Wallace,PIT,504,0,67.3,67.7
2012,5718,13,27.8,,38,WR,435,73.1,Antonio Brown,PIT,411,0,79.6,80.8
2012,2247,15,81.7,65.0,67,TE,456,76.9,Heath Miller,PIT,11,513,87.1,89.7
2012,5606,16,24.0,,296,WR,420,68.8,Emmanuel Sanders,PIT,135,9,69.1,67.4
2012,1829,14,73.6,,72,WR,150,54.8,Jerricho Cotchery,PIT,80,4,65.0,65.8
2012,5711,13,60.1,86.1,3,HB,143,56.6,Jonathan Dwyer,PIT,2,0,69.7,57.4
2012,7639,16,74.2,67.7,4,FB,129,52.8,Will Johnson,PIT,10,38,66.6,62.0
2012,5233,14,31.3,83.6,11,HB,112,58.1,Isaac Redman,PIT,1,0,75.8,74.4
2012,7152,15,19.7,71.9,10,HB,96,28.6,Chris Rainey,PIT,8,0,50.9,26.6
2012,4337,6,23.2,76.2,3,HB,42,77.3,Rashard Mendenhall,PIT,0,0,54.2,77.4
2012,7660,16,17.7,51.1,6,TE,99,75.6,David Paulson,PIT,3,144,51.7,37.7
2012,586,3,65.8,,1,WR,22,70.5,Plaxico Burress,PIT,25,0,71.5,70.4
2012,6384,8,78.9,84.5,4,HB,44,41.6,Baron Batch,PIT,0,0,57.4,51.3
2012,3017,10,65.8,72.5,0,TE,14,70.5,Leonard Pope,PIT,0,36,69.5,76.1
2012,6782,2,61.9,,1,WR,18,,David Gilreath,PIT,18,0,54.9,52.1
2013,5718,16,90.0,,76,WR,604,71.0,Antonio Brown,PIT,551,0,89.1,89.8
2013,5606,16,53.7,,79,WR,537,62.0,Emmanuel Sanders,PIT,477,0,71.3,69.3
2013,1829,16,79.1,77.1,358,WR,438,62.7,Jerricho Cotchery,PIT,81,15,74.9,71.0
2013,2247,14,42.9,68.0,137,TE,474,69.7,Heath Miller,PIT,14,410,68.7,62.7
2013,7829,13,85.0,65.6,64,HB,328,49.7,Le'Veon Bell,PIT,24,0,71.6,59.7
2013,7860,12,71.2,,34,WR,107,29.8,Markus Wheaton,PIT,75,0,55.1,52.3
2013,4336,15,58.6,69.1,12,HB,63,57.0,Felix Jones,PIT,2,0,58.1,50.6
2013,7660,8,17.2,79.4,6,TE,96,49.2,David Paulson,PIT,3,109,46.2,39.5
2013,5711,15,90.2,82.4,5,HB,59,56.7,Jonathan Dwyer,PIT,0,0,81.3,63.6
2013,7639,14,70.1,80.9,2,FB,50,76.5,Will Johnson,PIT,4,24,76.0,80.5
2013,5165,5,67.0,63.1,1,TE,18,42.1,David Johnson,PIT,0,35,88.7,85.8
2013,7397,6,64.0,,11,WR,41,29.9,Derek Moye,PIT,31,0,60.9,58.5
2013,5233,3,22.9,77.4,2,HB,28,72.1,Isaac Redman,PIT,0,0,49.4,63.2
2013,5164,1,72.5,25.2,0,HB,6,29.9,LaRod Stephens-Howling,PIT,0,0,37.2,30.2
2013,3693,4,61.2,80.5,9,TE,34,64.7,Matt Spaeth,PIT,0,45,58.7,50.8
2013,5784,10,61.2,75.9,1,TE,7,64.7,Michael Palmer,PIT,0,14,58.2,54.3
2014,5718,17,74.3,,131,WR,690,90.2,Antonio Brown,PIT,589,2,91.1,91.1
2014,7829,16,91.6,83.4,80,HB,493,80.3,Le'Veon Bell,PIT,42,2,80.8,77.1
2014,2247,17,28.0,54.6,128,TE,549,62.1,Heath Miller,PIT,13,580,72.6,69.2
2014,7860,17,85.0,,151,WR,524,82.1,Markus Wheaton,PIT,401,0,69.6,68.5
2014,8753,11,77.7,60.9,41,WR,243,49.9,Martavis Bryant,PIT,213,2,75.1,74.7
2014,2718,14,73.0,71.9,166,WR,195,51.5,Lance Moore,PIT,42,2,57.2,57.0
2014,7967,6,21.4,,128,WR,157,48.3,Justin Brown,PIT,36,2,46.4,46.1
2014,8732,13,80.0,16.3,13,HB,65,60.2,Dri Archer,PIT,18,0,56.0,54.2
2014,5583,12,71.1,59.2,4,HB,121,62.7,Ben Tate,PIT,16,0,42.1,50.9
2014,7639,15,71.1,68.5,5,FB,57,52.1,Will Johnson,PIT,8,52,72.5,62.2
2014,4930,14,15.2,,53,WR,83,42.1,Darrius Heyward-Bey,PIT,34,0,44.8,46.3
2014,3693,15,65.8,69.3,3,TE,76,70.5,Matt Spaeth,PIT,4,142,64.4,49.1
2014,9076,2,76.9,75.1,0,HB,10,68.3,Josh Harris,PIT,0,0,61.3,61.1
2014,5784,6,61.2,66.4,1,TE,3,28.8,Michael Palmer,PIT,0,5,55.6,49.5
2014,7362,1,61.2,,0,CB,1,64.7,Valentino Blake,PIT,0,0,77.7,76.9
2014,1832,2,,,0,S,1,,Will Allen,PIT,0,0,60.0,60.0
2014,5543,17,62.3,85.4,0,C,0,67.6,Maurkice Pouncey,PIT,0,0,76.3,66.9
2015,5718,17,59.5,,144,WR,672,90.1,Antonio Brown,PIT,581,0,92.5,92.6
2015,8753,13,49.3,62.4,56,WR,434,29.0,Martavis Bryant,PIT,422,0,72.6,69.8
2015,7860,18,46.7,,394,WR,530,66.1,Markus Wheaton,PIT,177,0,68.4,68.1
2015,2247,17,81.1,69.9,131,TE,526,85.3,Heath Miller,PIT,15,535,67.2,64.1
2015,2972,15,57.7,92.7,37,HB,375,75.3,DeAngelo Williams,PIT,25,0,74.4,60.6
2015,4930,18,75.1,,104,WR,287,73.0,Darrius Heyward-Bey,PIT,203,1,60.7,60.1
2015,7829,6,89.4,72.8,15,HB,138,85.7,Le'Veon Bell,PIT,12,0,89.2,83.5
2015,9593,10,71.1,64.9,9,TE,96,78.0,Jesse James,PIT,5,116,71.6,65.2
2015,9244,4,46.7,53.1,10,HB,66,54.5,Fitzgerald Toussaint,PIT,0,0,57.2,59.7
2015,9520,4,65.8,,8,WR,44,70.5,Sammie Coates,PIT,38,0,66.4,65.7
2015,7639,12,71.1,77.3,4,FB,28,72.1,Will Johnson,PIT,0,33,59.7,59.4
2015,3693,15,65.8,85.8,4,TE,50,36.2,Matt Spaeth,PIT,0,97,61.7,37.8
2015,10269,12,65.8,46.3,1,FB,22,70.5,Roosevelt Nix,PIT,0,5,80.4,60.0
2015,9091,16,,71.3,0,T,2,,Alejandro Villanueva,PIT,1,2,61.4,34.5
2015,9912,1,61.2,,4,WR,6,64.7,Tyler Murphy,PIT,3,0,56.8,57.2
2016,5718,18,90.0,,99,WR,667,90.3,Antonio Brown,PIT,611,1,88.4,89.0
2016,7829,15,65.3,86.7,63,HB,439,68.2,Le'Veon Bell,PIT,58,2,78.2,66.5
2016,9878,16,27.3,,428,WR,474,77.3,Eli Rogers,PIT,71,0,65.6,66.3
2016,9593,19,79.5,64.2,155,TE,470,58.8,Jesse James,PIT,18,407,64.8,56.5
2016,9520,16,79.9,,30,WR,229,26.4,Sammie Coates,PIT,210,1,58.1,58.1
2016,7978,14,77.0,,50,WR,281,84.1,Cobi Hamilton,PIT,248,2,63.0,62.5
2016,2972,10,89.4,71.9,22,HB,175,64.3,DeAngelo Williams,PIT,13,0,67.8,63.3
2016,7110,6,73.9,75.3,34,TE,101,68.7,Ladarius Green,PIT,8,72,78.4,82.8
2016,4930,12,70.8,66.6,80,WR,171,35.3,Darrius Heyward-Bey,PIT,101,1,55.3,51.2
2016,9092,14,71.9,56.8,57,TE,130,61.8,Xavier Grimble,PIT,13,84,60.2,60.1
2016,10863,4,72.3,,6,WR,65,58.5,De'Marcus Ayers,PIT,63,0,67.1,68.2
2016,5165,19,70.6,70.0,13,TE,65,77.3,David Johnson,PIT,2,71,68.6,64.1
2016,7860,3,68.0,,52,WR,70,45.8,Markus Wheaton,PIT,25,0,54.1,53.9
2016,9244,7,81.2,49.0,1,HB,15,36.2,Fitzgerald Toussaint,PIT,1,0,56.8,56.3
2016,10269,11,64.0,52.9,0,FB,13,30.0,Roosevelt Nix,PIT,0,1,80.1,33.1
2017,5718,15,28.7,,78,WR,586,79.7,Antonio Brown,PIT,548,1,91.3,91.3
2017,7829,16,83.4,79.1,76,HB,557,83.2,Le'Veon Bell,PIT,55,0,72.2,77.0
2017,8753,16,82.8,,62,WR,481,68.2,Martavis Bryant,PIT,451,1,68.9,69.4
2017,11817,15,82.6,,301,WR,483,77.2,JuJu Smith-Schuster,PIT,204,7,73.1,73.5
2017,9593,17,78.5,60.8,149,TE,453,68.3,Jesse James,PIT,30,361,57.2,55.8
2017,9878,15,82.9,,283,WR,285,51.8,Eli Rogers,PIT,19,0,54.2,53.4
2017,7836,11,75.5,79.1,74,TE,171,33.1,Vance McDonald,PIT,20,95,76.8,68.4
2017,7815,7,67.0,,9,WR,49,72.1,Justin Hunter,PIT,42,0,56.1,56.2
2017,9092,14,70.1,64.0,21,TE,62,74.6,Xavier Grimble,PIT,5,46,69.4,54.6
2017,4930,13,67.8,,8,WR,44,68.3,Darrius Heyward-Bey,PIT,34,0,62.3,55.1
2017,9244,4,76.9,44.3,2,HB,18,68.3,Fitzgerald Toussaint,PIT,0,0,59.0,58.7
2017,10269,17,69.0,21.9,7,FB,36,68.3,Roosevelt Nix,PIT,3,3,55.8,55.5
2018,5718,15,84.1,,147,WR,670,91.3,Antonio Brown,PIT,569,0,79.3,79.0
2018,11817,16,60.6,,444,WR,684,80.2,JuJu Smith-Schuster,PIT,284,0,81.8,81.2
2018,11860,13,49.6,64.0,46,HB,380,69.7,James Conner,PIT,31,0,72.1,60.8
2018,7836,15,24.3,66.5,96,TE,405,64.9,Vance McDonald,PIT,40,308,69.3,69.6
2018,11888,16,90.3,,190,WR,242,72.0,Ryan Switzer,PIT,49,0,63.0,62.4
2018,9593,16,76.5,75.8,73,TE,285,67.3,Jesse James,PIT,11,255,65.2,62.3
2018,47792,14,73.9,,55,WR,381,68.7,James Washington,PIT,341,6,49.2,50.5
2018,47297,11,85.3,58.6,27,HB,130,86.1,Jaylen Samuels,PIT,21,0,68.8,73.0
2018,9878,3,22.0,,73,WR,77,80.0,Eli Rogers,PIT,10,0,61.6,63.3
2018,7815,5,67.0,,12,WR,83,42.1,Justin Hunter,PIT,76,0,53.1,53.1
2018,9092,15,16.9,74.9,15,TE,49,74.6,Xavier Grimble,PIT,9,35,53.8,60.2
2018,10269,14,69.8,,4,FB,22,72.1,Roosevelt Nix,PIT,4,2,71.0,80.0
2018,6225,9,22.1,74.2,4,HB,24,70.5,Stevan Ridley,PIT,3,0,52.6,44.0
2018,4930,9,64.6,,13,WR,41,64.7,Darrius Heyward-Bey,PIT,29,0,55.3,53.9
2018,1732,16,73.8,,0,QB,1,,Ben Roethlisberger,PIT,0,0,78.2,58.9
2018,9091,16,61.2,83.9,0,T,1,64.7,Alejandro Villanueva,PIT,0,0,81.2,90.3
2019,33441,16,23.1,,57,WR,422,76.6,Diontae Johnson,PIT,396,0,67.9,68.8
2019,47792,15,32.1,73.1,118,WR,417,53.7,James Washington,PIT,324,6,69.3,68.5
2019,11817,12,31.2,,271,WR,371,45.9,JuJu Smith-Schuster,PIT,132,3,63.1,63.0
2019,47297,14,65.2,63.1,35,HB,206,56.0,Jaylen Samuels,PIT,19,1,54.4,55.5
2019,7836,14,29.8,65.7,32,TE,394,57.7,Vance McDonald,PIT,32,385,45.3,44.6
2019,11860,10,72.7,43.4,8,HB,153,79.6,James Conner,PIT,8,0,73.6,89.8
2019,10728,16,73.6,43.9,40,TE,188,67.7,Nick Vannett,PIT,14,165,48.2,48.9
2019,13597,13,70.6,,17,WR,192,38.7,Deon Cain,PIT,194,0,55.6,55.1
2019,11354,15,71.6,,26,WR,96,28.1,Johnny Holton,PIT,80,1,47.4,43.3
2019,11888,7,83.9,,57,WR,67,76.5,Ryan Switzer,PIT,12,0,51.8,52.8
2019,11163,5,67.0,,91,WR,93,28.6,Tevin Jones,PIT,7,0,53.3,52.1
2019,38329,8,78.9,25.1,1,HB,39,74.6,Trey Edmunds,PIT,1,0,51.0,66.5
2019,45954,9,66.8,46.9,0,HB,31,72.1,Benny Snell Jr.,PIT,0,0,68.6,66.5
2019,9092,3,61.2,75.6,4,TE,26,28.8,Xavier Grimble,PIT,2,24,43.8,46.5
2019,10269,2,64.0,,0,FB,6,68.3,Roosevelt Nix,PIT,0,0,50.8,64.4
2019,26392,6,38.2,72.3,0,HB,5,68.3,Kerrith Whyte Jr.,PIT,1,0,64.4,26.9
2019,36049,3,61.2,70.6,2,TE,22,64.7,Zach Gentry,PIT,0,23,58.0,56.0
2020,33441,16,63.0,,83,WR,584,35.6,Diontae Johnson,PIT,538,0,70.4,70.1
2020,11817,17,37.4,55.9,648,WR,709,90.5,JuJu Smith-Schuster,PIT,112,0,70.0,69.6
2020,42312,17,24.0,,119,WR,491,74.5,Chase Claypool,PIT,411,2,75.5,75.8
2020,8645,16,45.4,64.6,195,TE,508,43.3,Eric Ebron,PIT,61,322,57.6,59.8
2020,47792,17,77.3,,61,WR,322,53.6,James Washington,PIT,280,5,63.8,63.9
2020,11860,14,66.4,64.7,32,HB,313,59.3,James Conner,PIT,19,0,69.4,54.9
2020,47895,14,90.5,,58,WR,97,70.5,Ray-Ray McCloud III,PIT,48,0,69.9,64.1
2020,7836,15,73.0,45.1,23,TE,235,81.1,Vance McDonald,PIT,8,239,44.5,39.1
2020,45954,14,47.9,55.4,17,HB,112,78.7,Benny Snell Jr.,PIT,6,0,57.0,52.7
2020,47297,13,75.2,14.9,18,HB,85,38.4,Jaylen Samuels,PIT,15,2,44.5,46.1
2020,57289,10,80.8,74.0,3,HB,44,49.2,Anthony McFarland Jr.,PIT,12,0,56.5,59.2
2020,30887,1,,70.9,0,TE,5,,Kevin Rader,PIT,0,7,43.1,31.3
2020,10757,9,,73.9,0,T,2,,Jerald Hawkins,PIT,0,12,67.2,55.7
2021,33441,17,35.9,,49,WR,654,64.7,Diontae Johnson,PIT,651,1,73.2,73.8
2021,42312,16,82.6,,106,WR,530,53.5,Chase Claypool,PIT,459,2,67.2,68.4
2021,57121,18,90.0,67.0,58,HB,479,62.1,Najee Harris,PIT,44,0,69.6,62.5
2021,84085,17,45.9,81.2,153,TE,414,79.2,Pat Freiermuth,PIT,32,287,72.6,75.2
2021,47895,16,39.5,67.4,331,WR,348,59.7,Ray-Ray McCloud III,PIT,41,5,58.0,57.7
2021,47792,16,27.1,,145,WR,356,65.2,James Washington,PIT,232,1,52.9,53.4
2021,11817,6,76.0,,152,WR,184,70.5,JuJu Smith-Schuster,PIT,35,3,58.0,59.0
2021,36049,18,75.1,78.2,11,TE,182,84.9,Zach Gentry,PIT,5,234,66.0,60.5
2021,8645,8,72.5,76.1,39,TE,172,46.0,Eric Ebron,PIT,9,136,48.4,46.8
2021,48160,3,69.5,,53,WR,66,75.6,Anthony Miller,PIT,20,0,61.9,61.3
2021,45741,10,76.6,56.5,11,HB,50,27.3,Kalen Ballage,PIT,2,0,48.6,31.1
2021,45954,14,81.4,53.1,6,HB,71,45.8,Benny Snell Jr.,PIT,6,0,55.5,45.6
2021,61448,7,68.0,,22,WR,37,45.8,Cody White,PIT,17,0,60.1,56.2
2021,10832,11,67.4,70.4,3,FB,13,70.5,Derek Watt,PIT,1,7,76.4,67.4
2021,30887,4,64.0,67.1,0,TE,15,68.3,Kevin Rader,PIT,1,15,58.8,49.4
2021,57289,2,72.7,,0,HB,10,64.7,Anthony McFarland Jr.,PIT,1,0,51.0,55.9
2022,33441,17,57.4,,86,WR,614,57.6,Diontae Johnson,PIT,573,0,69.6,69.9
2022,84085,16,80.8,72.3,180,TE,435,78.8,Pat Freiermuth,PIT,26,288,75.5,78.3
2022,99229,17,80.6,,81,WR,580,67.8,George Pickens,PIT,536,2,68.8,69.3
2022,57121,17,76.0,64.4,16,HB,297,59.0,Najee Harris,PIT,21,7,73.5,61.9
2022,98692,16,63.8,43.4,10,HB,172,67.5,Jaylen Warren,PIT,8,12,73.8,79.8
2022,36049,17,74.1,53.6,19,TE,185,69.6,Zach Gentry,PIT,3,234,47.5,48.0
2022,48341,12,88.6,,116,WR,151,80.6,Steven Sims,PIT,40,2,55.0,53.4
2022,57301,14,73.0,31.6,33,TE,81,62.1,Connor Heyward,PIT,5,52,74.1,77.6
2022,95015,12,29.4,,67,WR,80,73.4,Gunner Olszewski,PIT,15,1,57.6,54.5
2022,10832,9,74.3,73.9,3,FB,16,73.4,Derek Watt,PIT,1,6,73.4,69.5
2022,48209,11,64.0,62.1,8,WR,29,68.3,Miles Boykin,PIT,21,2,63.1,57.1
2022,57289,1,72.3,,1,HB,11,68.3,Anthony McFarland Jr.,PIT,0,0,71.5,65.4
2022,45954,3,78.6,35.6,0,HB,13,68.3,Benny Snell Jr.,PIT,0,0,84.0,74.2
2022,61448,1,61.2,,1,WR,1,64.7,Cody White,PIT,0,0,71.1,61.0
2023,99229,18,20.4,,101,WR,581,86.4,George Pickens,PIT,516,0,74.1,74.7
2023,33441,14,41.5,,97,WR,403,81.6,Diontae Johnson,PIT,336,0,77.9,79.1
2023,98692,18,38.2,25.1,26,HB,273,66.6,Jaylen Warren,PIT,17,16,78.5,72.2
2023,84085,13,29.1,77.5,169,TE,306,90.0,Pat Freiermuth,PIT,28,143,65.8,68.8
2023,8696,18,77.6,61.3,309,WR,415,90.0,Allen Robinson II,PIT,132,4,52.8,51.6
2023,57121,18,64.3,58.8,13,HB,223,68.8,Najee Harris,PIT,12,4,76.2,58.5
2023,57301,18,76.3,72.1,55,TE,207,62.3,Connor Heyward,PIT,19,156,55.5,57.2
2023,61418,18,88.2,,108,WR,248,69.0,Calvin Austin III,PIT,153,1,56.6,56.1
2023,124044,18,69.5,66.7,18,TE,145,52.5,Darnell Washington,PIT,6,171,47.4,43.8
2023,48209,16,65.8,68.5,6,WR,35,70.5,Miles Boykin,PIT,30,2,50.9,52.3
2023,63718,7,,66.3,4,TE,16,27.9,Rodney Williams,PIT,0,13,45.8,33.0
2023,57289,2,74.1,68.5,1,HB,5,68.3,Anthony McFarland Jr.,PIT,1,0,64.9,68.3
2024,99229,9,32.3,,74,WR,247,46.0,George Pickens,PIT,194,0,82.6,83.2
2024,84085,9,76.5,31.6,116,TE,227,77.3,Pat Freiermuth,PIT,53,83,65.5,72.6
2024,61418,9,85.1,,115,WR,180,67.7,Calvin Austin III,PIT,75,0,62.4,63.5
2024,57121,9,90.3,67.2,2,HB,123,41.9,Najee Harris,PIT,4,8,77.7,54.0
2024,47447,9,73.0,69.6,69,WR,208,65.6,Van Jefferson,PIT,162,1,56.5,57.5
2024,11762,10,72.7,,60,WR,222,49.8,Mike Williams,PIT,176,0,57.1,58.7
2024,98692,7,54.4,29.1,2,HB,86,64.7,Jaylen Warren,PIT,4,4,52.9,65.4
2024,124044,9,71.9,64.3,8,TE,82,79.4,Darnell Washington,PIT,12,120,73.5,79.3
2024,7810,5,78.7,74.8,7,HB,22,73.4,Cordarrelle Patterson,PIT,10,0,68.7,65.5
2024,57301,8,67.0,84.8,7,TE,29,72.1,Connor Heyward,PIT,3,10,56.0,61.1
2024,47481,7,64.0,,10,WR,49,68.3,Scott Miller,PIT,41,0,61.5,60.9
2024,9576,5,65.8,81.2,9,TE,30,70.5,MyCole Pruitt,PIT,2,37,48.9,46.6
2024,40666,3,61.2,,1,WR,9,64.7,Brandon Johnson,PIT,9,0,65.2,64.2
2024,60649,1,,,0,CB,1,27.9,James Pierre,PIT,0,0,41.5,42.5
2006,1609,17,81.8,70.9,242,TE,490,82.9,Antonio Gates,SD,96,178,84.7,85.8
2006,777,17,83.5,63.1,14,HB,373,64.0,LaDainian Tomlinson,SD,33,0,76.4,71.0
2006,1292,16,79.8,,39,WR,328,71.4,Eric Parker,SD,297,0,83.6,83.0
2006,2278,17,77.3,64.5,84,WR,357,67.3,Vincent Jackson,SD,281,1,69.0,67.9
2006,19,15,41.9,,141,WR,295,72.0,Keenan McCardell,SD,162,1,70.5,69.9
2006,2044,12,73.0,,14,WR,118,65.6,Malcom Floyd,SD,110,0,75.2,74.2
2006,47,17,25.4,77.7,6,FB,144,44.9,Lorenzo Neal,SD,18,8,66.8,33.3
2006,383,6,73.6,,78,WR,126,82.2,Az-Zahir Hakim,SD,46,0,61.2,61.0
2006,876,17,73.6,84.7,37,TE,167,82.2,Brandon Manumaleuna,SD,24,129,73.5,54.3
2006,1873,13,86.3,87.6,0,HB,22,70.5,Michael Turner,SD,0,0,81.1,76.3
2006,1676,9,,,7,WR,29,27.9,Kassim Osgood,SD,22,0,43.5,45.6
2007,821,19,82.9,,65,WR,589,81.2,Chris Chambers,SD,543,1,86.0,85.5
2007,1609,19,82.1,64.4,238,TE,529,73.5,Antonio Gates,SD,98,206,86.7,89.6
2007,2278,19,80.4,74.1,121,WR,549,70.4,Vincent Jackson,SD,437,2,79.6,78.2
2007,777,19,90.2,59.6,8,HB,357,84.7,LaDainian Tomlinson,SD,9,0,75.0,81.1
2007,3646,16,75.9,,119,WR,251,60.7,Craig Davis,SD,139,0,63.1,60.4
2007,2347,10,82.5,66.7,1,HB,66,80.6,Darren Sproles,SD,0,0,73.0,86.8
2007,876,19,72.7,78.5,20,TE,169,80.6,Brandon Manumaleuna,SD,7,168,81.7,52.9
2007,3788,14,70.6,,49,WR,77,77.3,Legedu Naanee,SD,26,2,66.4,66.8
2007,2044,6,69.5,,16,WR,94,75.6,Malcom Floyd,SD,78,0,65.2,62.7
2007,47,14,25.4,76.0,0,FB,76,35.3,Lorenzo Neal,SD,7,1,73.3,29.7
2007,1873,15,67.9,83.9,0,HB,43,45.8,Michael Turner,SD,1,0,54.0,46.7
2007,1527,7,69.4,85.8,0,FB,28,64.7,Andrew Pinnock,SD,0,0,86.0,51.3
2007,1676,7,64.0,,1,WR,9,68.3,Kassim Osgood,SD,9,0,74.8,66.4
2008,2278,18,47.2,,181,WR,582,64.9,Vincent Jackson,SD,430,0,80.9,77.2
2008,1609,18,58.8,78.4,269,TE,524,69.9,Antonio Gates,SD,37,245,74.6,72.3
2008,777,17,90.2,28.8,3,HB,338,46.2,LaDainian Tomlinson,SD,5,0,50.6,50.7
2008,821,16,78.6,,160,WR,476,83.6,Chris Chambers,SD,337,0,67.4,67.2
2008,2347,17,50.7,61.9,0,HB,147,82.6,Darren Sproles,SD,2,0,75.6,80.0
2008,2044,10,76.1,,34,WR,174,66.0,Malcom Floyd,SD,152,0,82.7,82.1
2008,876,18,73.9,29.3,33,TE,196,68.7,Brandon Manumaleuna,SD,5,197,81.2,54.0
2008,4383,11,29.0,65.9,1,FB,61,66.7,Jacob Hester,SD,0,0,68.6,72.2
2008,3788,13,71.1,,76,WR,103,41.1,Legedu Naanee,SD,23,3,62.0,61.1
2008,4740,11,77.4,62.6,3,FB,70,64.3,Mike Tolbert,SD,0,0,54.8,66.0
2008,3646,3,67.0,,22,WR,37,41.6,Craig Davis,SD,14,0,65.2,64.6
2008,797,3,75.4,,0,HB,7,70.5,Michael Bennett,SD,0,0,50.4,76.6
2009,1609,17,54.6,50.2,265,TE,509,60.8,Antonio Gates,SD,50,230,86.5,88.1
2009,2278,16,82.0,,160,WR,542,88.0,Vincent Jackson,SD,406,0,89.2,87.7
2009,2044,17,79.1,,61,WR,392,63.9,Malcom Floyd,SD,343,0,83.7,81.6
2009,2347,17,89.3,67.7,2,HB,223,78.8,Darren Sproles,SD,27,0,60.3,78.3
2009,3788,16,76.5,67.3,147,WR,206,73.5,Legedu Naanee,SD,64,1,66.2,66.0
2009,777,15,72.3,53.1,3,HB,201,73.0,LaDainian Tomlinson,SD,22,0,47.6,49.3
2009,4740,16,36.0,66.5,7,FB,96,43.3,Mike Tolbert,SD,8,0,59.0,48.9
2009,4383,16,28.7,81.1,6,FB,68,78.0,Jacob Hester,SD,7,0,43.6,59.2
2009,797,3,78.7,80.5,0,HB,27,74.6,Michael Bennett,SD,4,0,56.7,68.7
2009,3646,1,69.8,,18,WR,39,74.6,Craig Davis,SD,21,0,73.1,72.4
2009,1782,11,68.0,76.7,12,TE,38,45.8,Kris Wilson,SD,0,29,69.1,66.5
2009,876,17,68.0,64.7,8,TE,112,73.4,Brandon Manumaleuna,SD,3,156,65.1,42.9
2009,1676,4,61.2,,9,WR,30,64.7,Kassim Osgood,SD,20,1,56.8,55.8
2010,2044,11,40.9,68.1,63,WR,341,81.0,Malcom Floyd,SD,290,0,80.3,80.2
2010,2347,16,63.5,71.0,2,HB,275,77.0,Darren Sproles,SD,24,0,69.6,81.2
2010,1609,10,79.3,74.5,196,TE,336,72.0,Antonio Gates,SD,64,94,84.9,86.9
2010,3788,10,26.8,,74,WR,305,73.7,Legedu Naanee,SD,238,1,67.6,65.8
2010,1932,9,76.5,,66,WR,196,57.0,Patrick Crayton,SD,143,0,79.3,78.1
2010,3646,7,74.6,,81,WR,159,37.6,Craig Davis,SD,83,1,64.4,63.9
2010,4740,15,42.6,76.3,0,HB,121,62.9,Mike Tolbert,SD,6,0,58.1,66.4
2010,1114,16,74.4,60.9,82,TE,223,70.5,Randy McMichael,SD,8,207,77.0,69.4
2010,5537,12,28.2,42.1,1,HB,88,49.3,Ryan Mathews,SD,7,0,61.8,46.8
2010,4383,15,81.6,63.9,12,FB,112,84.5,Jacob Hester,SD,10,1,65.0,70.3
2010,6035,10,72.7,,44,WR,151,80.6,Seyi Ajirotutu,SD,113,0,67.3,67.7
2010,2278,5,73.5,,36,WR,115,65.6,Vincent Jackson,SD,81,0,81.4,79.0
2010,1380,6,72.3,,53,WR,84,80.0,Kelley Washington,SD,32,0,75.8,74.1
2010,1782,13,17.2,58.5,9,TE,81,49.7,Kris Wilson,SD,14,54,53.1,40.0
2010,5369,5,67.0,70.1,4,TE,20,72.1,Kory Sperry,SD,0,17,70.9,81.6
2010,4862,2,61.2,,5,WR,26,64.7,Gary Banks,SD,25,0,54.2,51.0
2010,6039,2,18.4,,9,WR,25,64.7,Richard Goodman,SD,17,0,45.0,46.3
2011,2278,16,80.8,,144,WR,574,51.8,Vincent Jackson,SD,463,0,75.9,73.8
2011,1609,13,80.9,39.4,333,TE,477,90.2,Antonio Gates,SD,49,130,79.6,80.3
2011,4740,15,58.3,61.7,5,HB,272,54.0,Mike Tolbert,SD,14,0,68.2,59.7
2011,2044,12,78.5,,63,WR,336,83.9,Malcom Floyd,SD,295,0,89.2,89.9
2011,5537,14,38.5,62.4,0,HB,229,71.9,Ryan Mathews,SD,19,0,73.0,79.4
2011,6234,14,74.1,,36,WR,225,57.1,Vincent Brown,SD,199,0,69.5,68.6
2011,1114,16,76.5,77.1,38,TE,222,58.0,Randy McMichael,SD,14,235,80.3,74.7
2011,1932,14,28.9,68.2,169,WR,253,40.0,Patrick Crayton,SD,95,2,56.4,56.5
2011,4383,15,24.1,54.1,14,FB,87,63.2,Jacob Hester,SD,15,1,52.1,30.9
2011,5514,4,80.3,77.7,0,HB,23,76.5,Curtis Brinkley,SD,1,0,63.8,78.5
2011,6139,2,65.8,,18,WR,55,36.2,Bryan Walters,SD,40,0,52.9,51.5
2011,5369,13,61.2,74.8,14,TE,48,64.7,Kory Sperry,SD,5,39,50.4,42.9
2011,6039,5,,,2,WR,29,,Richard Goodman,SD,28,0,46.9,46.9
2012,2044,14,80.1,,117,WR,523,82.0,Malcom Floyd,SD,432,0,79.0,78.8
2012,1609,15,79.2,67.1,350,TE,523,57.7,Antonio Gates,SD,71,134,65.5,65.3
2012,2219,14,85.3,53.7,0,HB,218,90.4,Ronnie Brown,SD,10,0,70.5,87.2
2012,6106,10,77.9,,58,WR,313,64.1,Danario Alexander,SD,271,0,78.9,80.6
2012,5537,12,66.9,72.0,0,HB,173,73.5,Ryan Mathews,SD,9,0,73.3,80.1
2012,4356,10,76.3,,125,WR,189,62.5,Eddie Royal,SD,79,0,65.7,65.0
2012,3643,13,73.2,,50,WR,246,28.6,Robert Meachem,SD,210,1,55.7,54.7
2012,3517,12,75.3,,126,WR,152,52.0,Micheal Spurlock,SD,38,0,62.4,62.7
2012,3771,12,20.1,74.7,51,TE,90,58.5,Dante Rosario,SD,17,30,56.8,50.9
2012,3885,9,87.9,79.2,0,HB,36,81.1,Jackie Battle,SD,7,0,58.2,90.2
2012,5514,6,45.2,80.5,1,HB,45,80.0,Curtis Brinkley,SD,5,0,56.5,78.8
2012,1114,16,19.2,72.7,21,TE,84,56.7,Randy McMichael,SD,3,109,67.1,42.2
2012,3753,16,76.7,84.5,7,FB,63,76.5,Le'Ron McClain,SD,18,7,56.1,58.0
2012,7110,4,67.0,67.6,20,TE,30,72.1,Ladarius Green,SD,4,10,63.5,62.7
2012,6035,3,67.0,,41,WR,55,72.1,Seyi Ajirotutu,SD,16,1,66.5,62.9
2012,1725,16,72.0,61.2,0,QB,0,,Philip Rivers,SD,0,0,64.1,
2012,3132,14,62.3,66.3,0,T,0,67.6,Jeromey Clary,SD,0,0,72.8,66.9
2012,6039,4,,,0,WR,6,27.9,Richard Goodman,SD,6,0,39.7,42.8
2013,1609,18,33.4,69.0,372,TE,597,59.9,Antonio Gates,SD,76,216,68.7,68.3
2013,7857,17,63.3,,78,WR,561,73.5,Keenan Allen,SD,522,0,86.8,86.4
2013,4914,18,81.0,68.4,33,HB,323,84.4,Danny Woodhead,SD,41,0,80.8,91.5
2013,4356,17,82.5,,421,WR,480,72.0,Eddie Royal,SD,88,0,74.5,71.7
2013,6234,18,78.3,,105,WR,545,83.2,Vincent Brown,SD,475,0,63.6,62.2
2013,7110,18,75.3,71.0,104,TE,168,62.5,Ladarius Green,SD,18,68,84.9,82.9
2013,5537,16,78.0,59.9,4,HB,133,66.6,Ryan Mathews,SD,9,0,71.5,74.7
2013,2219,16,85.4,88.6,2,HB,74,80.6,Ronnie Brown,SD,6,0,61.6,71.0
2013,2044,2,68.8,,10,WR,53,49.7,Malcom Floyd,SD,47,0,79.3,74.9
2013,5132,14,67.0,74.2,7,TE,36,72.1,John Phillips,SD,0,46,64.7,52.1
2013,6035,8,65.8,,8,WR,43,70.5,Seyi Ajirotutu,SD,36,0,69.7,69.3
2013,3753,11,74.8,84.1,0,FB,11,68.3,Le'Ron McClain,SD,0,0,66.8,60.4
2014,7857,14,58.4,,80,WR,495,83.4,Keenan Allen,SD,447,0,76.1,74.9
2014,1609,16,47.6,58.9,362,TE,523,80.8,Antonio Gates,SD,95,119,72.4,73.4
2014,4356,16,55.8,,472,WR,516,58.6,Eddie Royal,SD,72,1,72.4,71.4
2014,2044,16,79.6,,123,WR,597,87.4,Malcom Floyd,SD,516,0,74.6,73.9
2014,9286,14,90.5,71.5,8,HB,158,90.0,Branden Oliver,SD,4,0,75.3,87.6
2014,4950,13,89.6,90.0,3,HB,187,49.1,Donald Brown,SD,7,0,56.5,47.6
2014,7110,14,74.6,74.9,77,TE,123,71.1,Ladarius Green,SD,13,56,78.6,76.6
2014,6597,2,71.9,70.2,7,WR,82,61.8,Dontrelle Inman,SD,80,1,74.7,72.6
2014,6035,11,67.0,,47,WR,99,28.6,Seyi Ajirotutu,SD,59,0,48.8,51.1
2014,5537,6,60.6,81.6,2,HB,64,58.5,Ryan Mathews,SD,5,0,66.8,69.2
2014,2219,8,78.0,67.0,1,HB,58,74.6,Ronnie Brown,SD,1,0,59.7,61.3
2014,4914,2,76.5,75.0,1,HB,38,46.3,Danny Woodhead,SD,8,0,57.9,62.7
2014,5132,15,61.2,80.8,6,TE,24,64.7,John Phillips,SD,1,32,55.2,53.8
2014,5165,12,64.0,34.0,1,TE,16,68.3,David Johnson,SD,0,14,72.3,59.1
2015,4914,16,90.3,42.4,41,HB,396,80.3,Danny Woodhead,SD,47,0,72.6,90.8
2015,7857,8,51.6,,64,WR,335,69.2,Keenan Allen,SD,294,1,79.2,78.8
2015,1609,11,80.3,41.7,265,TE,350,76.3,Antonio Gates,SD,84,40,77.9,77.5
2015,2044,15,27.5,,103,WR,527,53.2,Malcom Floyd,SD,456,0,61.7,59.2
2015,4538,10,33.3,70.2,345,WR,373,54.1,Steve Johnson,SD,59,2,63.2,64.6
2015,6597,14,21.6,,141,WR,434,37.2,Dontrelle Inman,SD,331,2,57.4,56.7
2015,7110,13,78.4,57.6,287,TE,401,67.7,Ladarius Green,SD,35,125,66.7,65.2
2015,9448,14,25.1,74.0,5,HB,157,79.1,Melvin Gordon III,SD,19,0,54.6,66.4
2015,9191,7,84.2,66.3,104,WR,188,43.1,Javontee Herndon,SD,101,1,59.7,58.6
2015,9286,6,82.9,45.3,0,HB,39,81.1,Branden Oliver,SD,2,0,74.9,90.0
2015,4950,6,84.6,83.0,1,HB,45,35.7,Donald Brown,SD,0,0,73.2,43.3
2015,5132,13,88.5,68.3,59,TE,80,78.7,John Phillips,SD,7,35,73.9,72.3
2015,10154,3,64.0,,10,WR,22,30.0,Tyrell Williams,SD,14,0,53.1,53.3
2015,6234,1,61.2,,2,WR,26,64.7,Vincent Brown,SD,24,0,64.1,63.2
2015,9066,3,61.2,,8,TE,16,64.7,Asante Cleveland,SD,4,3,61.3,53.0
2015,5165,14,14.3,83.6,7,TE,38,64.7,David Johnson,SD,6,39,50.2,32.8
2016,10154,16,81.3,,140,WR,567,46.6,Tyrell Williams,SD,458,1,75.6,75.8
2016,6597,16,80.6,67.2,379,WR,577,70.3,Dontrelle Inman,SD,231,2,72.3,70.7
2016,1609,14,38.1,56.6,253,TE,389,52.7,Antonio Gates,SD,88,90,73.2,71.1
2016,7100,14,36.4,,137,WR,397,55.3,Travis Benjamin,SD,274,0,67.2,67.3
2016,9448,13,75.3,68.8,8,HB,310,83.6,Melvin Gordon III,SD,25,0,68.9,70.9
2016,10669,15,27.0,79.0,118,TE,241,71.6,Hunter Henry,SD,47,125,83.0,85.7
2016,10988,9,29.0,64.5,1,HB,91,63.2,Kenneth Farrow,SD,3,0,42.8,41.9
2016,7069,8,82.1,25.6,3,HB,68,52.5,Ronnie Hillman,SD,10,0,56.5,51.1
2016,5561,6,81.8,76.2,2,HB,33,54.9,Dexter McCluster,SD,9,0,64.7,72.2
2016,7857,1,68.8,,5,WR,16,74.6,Keenan Allen,SD,13,0,88.3,85.3
2016,4914,2,77.9,59.2,2,HB,30,75.6,Danny Woodhead,SD,6,0,56.3,63.0
2016,10832,15,69.4,51.8,1,FB,29,72.1,Derek Watt,SD,4,4,55.4,67.9
2016,9300,4,83.6,,21,WR,32,,Isaiah Burse,SD,11,0,49.6,49.6
2016,7515,16,64.0,78.9,18,TE,54,68.3,Sean McGrath,SD,10,66,56.8,53.5
2016,8748,1,76.5,79.6,0,HB,4,27.9,Andre Williams,SD,0,0,81.1,26.4
2016,9080,3,64.0,,1,WR,11,68.3,Jeremy Butler,SD,10,0,56.9,56.7
2016,9619,2,62.8,,2,WR,7,,Geremy Davis,SD,5,0,55.5,54.9
2006,639,15,46.7,,177,WR,499,44.2,Darrell Jackson,SEA,336,1,73.2,73.5
2006,1072,16,81.2,61.6,61,WR,539,29.2,Deion Branch,SEA,506,0,65.7,65.9
2006,1876,15,78.9,,191,WR,264,77.4,D.J. Hackett,SEA,89,0,84.0,83.4
2006,1035,13,27.2,70.0,19,TE,233,48.9,Jerramy Stevens,SEA,8,251,56.7,60.4
2006,177,9,77.1,,169,WR,188,69.0,Bobby Engram,SEA,24,0,79.3,79.7
2006,66,18,50.6,78.0,8,FB,366,32.5,Mack Strong,SEA,9,10,51.9,30.0
2006,1386,18,74.1,,33,WR,312,45.1,Nate Burleson,SEA,288,0,55.9,53.6
2006,597,12,46.5,79.2,5,HB,246,48.0,Shaun Alexander,SEA,24,0,51.4,34.6
2006,1061,18,76.8,37.4,5,HB,183,43.8,Maurice Morris,SEA,34,0,35.8,41.4
2006,284,9,71.1,75.8,13,TE,110,78.0,Itula Mili,SEA,6,108,57.4,53.7
2006,1623,15,69.5,76.7,0,TE,54,75.6,Will Heller,SEA,2,45,58.8,59.9
2006,974,6,61.2,81.2,0,FB,18,64.7,Josh Parry,SEA,0,0,60.5,62.4
2006,1422,8,26.1,60.9,1,QB,2,64.7,Seneca Wallace,SEA,1,0,50.2,60.0
2007,177,18,58.1,,474,WR,553,81.5,Bobby Engram,SEA,91,1,88.1,88.1
2007,1386,18,44.1,,84,WR,585,70.7,Nate Burleson,SEA,517,0,69.8,70.2
2007,1072,12,79.1,,67,WR,379,64.2,Deion Branch,SEA,321,0,71.2,71.2
2007,1876,8,78.0,,78,WR,234,82.2,D.J. Hackett,SEA,166,0,74.6,73.0
2007,2835,18,83.9,74.7,2,FB,299,50.6,Leonard Weaver,SEA,11,2,68.3,55.0
2007,151,16,27.3,74.2,19,TE,253,31.8,Marcus Pollard,SEA,14,278,59.3,53.2
2007,3194,15,73.6,,59,WR,215,30.4,Ben Obomanu,SEA,160,1,61.4,60.8
2007,1061,16,75.3,79.2,5,HB,216,73.6,Maurice Morris,SEA,59,0,57.3,57.6
2007,597,15,70.8,44.2,5,HB,210,28.1,Shaun Alexander,SEA,16,0,48.5,30.8
2007,1623,17,72.3,78.7,2,TE,159,34.3,Will Heller,SEA,9,170,52.7,39.5
2007,66,5,73.1,86.0,0,FB,73,77.3,Mack Strong,SEA,1,0,70.8,70.0
2007,3813,7,68.0,,6,WR,43,73.4,Courtney Taylor,SEA,39,0,61.3,63.1
2007,1422,10,28.0,,8,QB,22,68.3,Seneca Wallace,SEA,14,0,48.9,70.8
2007,2344,1,61.2,69.2,0,HB,7,64.7,Alvin Pearman,SEA,4,0,58.4,56.9
2007,938,4,,72.3,0,T,2,,Tom Ashworth,SEA,0,5,61.6,52.9
2008,4352,16,79.8,27.4,62,TE,353,60.9,John Carlson,SEA,5,326,81.5,80.6
2008,177,13,34.9,,265,WR,316,34.9,Bobby Engram,SEA,59,0,63.0,61.1
2008,1072,8,76.5,,30,WR,246,67.5,Deion Branch,SEA,224,0,74.2,72.3
2008,2864,12,76.9,,87,WR,359,29.9,Koren Robinson,SEA,282,0,63.7,61.5
2008,2835,14,42.5,31.6,4,FB,209,71.8,Leonard Weaver,SEA,5,0,56.4,61.3
2008,1061,13,73.6,47.0,1,HB,152,70.5,Maurice Morris,SEA,11,0,59.8,61.3
2008,3813,10,70.6,,17,WR,144,29.1,Courtney Taylor,SEA,131,0,51.3,50.3
2008,1764,15,49.4,34.8,2,HB,166,51.5,Julius Jones,SEA,17,0,52.3,44.4
2008,1409,4,21.4,,11,WR,87,52.1,Billy McMullen,SEA,80,0,53.2,51.8
2008,4477,8,72.6,21.5,0,FB,41,74.6,Owen Schmitt,SEA,0,0,44.2,59.4
2008,4618,3,68.0,,31,WR,34,73.4,Michael Bumpus,SEA,3,0,67.9,66.6
2008,1386,1,68.0,,15,WR,30,45.8,Nate Burleson,SEA,17,0,73.0,72.1
2008,1623,12,18.7,75.8,0,TE,46,72.1,Will Heller,SEA,5,52,61.4,39.4
2008,3826,5,,,11,WR,45,27.9,Jordan Kent,SEA,34,0,43.0,43.2
2008,4037,2,14.2,,26,WR,32,70.5,Logan Payne,SEA,7,0,50.3,54.1
2008,1025,12,84.3,78.3,0,HB,22,,T.J. Duckett,SEA,2,0,56.2,50.2
2009,921,16,30.7,66.4,405,WR,644,78.5,T.J. Houshmandzadeh,SEA,260,1,66.0,65.6
2009,1386,13,46.0,,51,WR,480,59.0,Nate Burleson,SEA,442,0,70.8,70.3
2009,4352,16,79.5,44.9,123,TE,526,65.6,John Carlson,SEA,20,434,60.3,53.1
2009,1072,14,48.0,,154,WR,445,53.9,Deion Branch,SEA,310,0,55.4,54.8
2009,4547,16,73.2,66.6,1,HB,249,66.5,Justin Forsett,SEA,15,0,69.3,71.7
2009,5014,16,73.0,,11,WR,207,38.1,Deon Butler,SEA,205,0,56.6,54.2
2009,1764,14,90.6,55.9,0,HB,221,72.2,Julius Jones,SEA,8,0,59.3,58.5
2009,1433,13,25.7,57.3,2,FB,123,69.6,Justin Griffith,SEA,20,8,64.9,47.7
2009,4477,13,68.8,63.4,1,FB,53,49.2,Owen Schmitt,SEA,10,5,49.1,43.4
2009,4590,5,22.3,75.0,0,HB,11,45.8,Louis Rankin,SEA,1,0,38.0,56.9
2009,1133,16,65.8,67.5,10,TE,61,28.0,John Owens,SEA,7,74,57.6,35.8
2009,3194,7,67.0,,6,WR,21,42.1,Ben Obomanu,SEA,15,0,78.8,71.2
2009,1422,11,56.9,60.9,0,QB,3,68.3,Seneca Wallace,SEA,4,0,52.3,92.7
2009,439,7,55.2,57.5,0,HB,30,70.5,Edgerrin James,SEA,4,0,30.1,58.9
2009,5172,2,61.2,,1,TE,4,64.7,Cameron Morrah,SEA,1,2,57.2,56.9
2010,2227,15,81.7,,61,WR,448,59.0,Mike Williams,SEA,409,0,75.4,75.2
2010,5014,13,78.0,62.4,85,WR,341,39.6,Deon Butler,SEA,270,0,60.4,59.9
2010,3194,16,78.8,,117,WR,355,67.4,Ben Obomanu,SEA,257,0,70.9,69.5
2010,498,13,78.6,,210,WR,224,84.3,Brandon Stokley,SEA,29,0,82.3,81.0
2010,4352,17,77.4,65.3,98,TE,391,46.4,John Carlson,SEA,41,356,58.5,51.2
2010,4547,18,90.1,78.0,4,HB,255,65.0,Justin Forsett,SEA,26,0,71.1,57.8
2010,5585,13,76.4,,18,WR,152,73.0,Golden Tate,SEA,142,0,64.5,65.4
2010,3628,18,59.7,68.9,3,HB,182,61.3,Marshawn Lynch,SEA,5,0,68.5,38.2
2010,5172,14,72.3,79.2,26,TE,119,29.0,Cameron Morrah,SEA,38,85,61.6,57.8
2010,1091,16,70.6,81.9,14,TE,139,56.7,Chris Baker,SEA,3,192,57.9,39.6
2010,3045,13,76.9,82.5,3,FB,74,29.3,Michael Robinson,SEA,10,0,65.0,32.9
2010,3062,18,80.9,83.6,1,HB,72,78.7,Leon Washington,SEA,5,0,68.2,66.9
2010,2111,7,70.6,65.9,61,WR,76,77.3,Ruvell Martin,SEA,22,1,72.3,73.7
2010,4498,12,62.3,67.8,0,G,0,67.6,Mike Gibson,SEA,0,0,71.5,66.9
2011,6615,16,79.6,65.9,319,WR,354,52.3,Doug Baldwin,SEA,46,0,80.3,80.4
2011,3194,16,77.8,70.4,51,WR,346,29.4,Ben Obomanu,SEA,308,0,59.1,58.2
2011,3660,9,28.5,68.1,46,WR,276,50.8,Sidney Rice,SEA,243,0,68.1,70.7
2011,5585,16,78.4,,130,WR,287,89.3,Golden Tate,SEA,168,1,74.6,74.8
2011,3654,15,75.5,71.1,34,TE,338,52.9,Zach Miller,SEA,26,406,59.9,46.0
2011,3628,15,66.7,58.3,7,HB,185,58.1,Marshawn Lynch,SEA,8,0,76.4,56.2
2011,2227,12,73.9,67.5,22,WR,258,43.5,Mike Williams,SEA,253,0,59.3,59.1
2011,4547,16,83.9,61.6,7,HB,155,73.0,Justin Forsett,SEA,5,0,64.5,67.4
2011,5708,16,72.3,39.4,29,TE,152,27.0,Anthony McCoy,SEA,7,179,48.5,42.0
2011,3062,16,84.1,83.3,3,HB,64,43.8,Leon Washington,SEA,2,0,61.0,49.5
2011,5172,8,70.3,77.8,7,TE,77,28.3,Cameron Morrah,SEA,10,73,53.7,45.0
2011,3045,13,22.2,80.5,0,FB,38,78.0,Michael Robinson,SEA,1,0,52.6,76.2
2011,5014,5,69.5,,6,WR,26,75.6,Deon Butler,SEA,21,0,82.5,83.4
2011,6259,3,65.8,,2,WR,21,70.5,Kris Durham,SEA,21,0,64.3,67.2
2011,6622,2,64.0,,0,WR,9,68.3,Ricardo Lockette,SEA,10,0,93.3,92.3
2012,3660,18,80.6,,189,WR,484,61.3,Sidney Rice,SEA,329,1,81.6,81.0
2012,5585,17,80.7,,64,WR,444,82.1,Golden Tate,SEA,403,3,82.8,82.4
2012,3654,18,37.4,66.0,97,TE,376,79.8,Zach Miller,SEA,23,386,84.9,82.6
2012,6615,16,77.1,,215,WR,286,61.5,Doug Baldwin,SEA,83,5,72.6,69.9
2012,3628,18,36.3,69.5,5,HB,246,55.1,Marshawn Lynch,SEA,22,0,84.4,51.0
2012,7106,18,87.8,41.4,4,HB,109,49.3,Robert Turbin,SEA,11,0,72.8,73.7
2012,5708,18,74.1,55.0,45,TE,200,57.1,Anthony McCoy,SEA,35,165,67.4,70.8
2012,3045,18,77.5,65.4,3,FB,79,65.6,Michael Robinson,SEA,1,0,69.1,81.6
2012,3194,8,68.3,,33,WR,63,72.1,Ben Obomanu,SEA,32,0,59.5,53.4
2012,3062,11,78.9,80.9,0,HB,28,27.0,Leon Washington,SEA,1,0,62.2,28.4
2012,7428,9,65.8,,16,WR,40,26.5,Jermaine Kearse,SEA,28,0,49.0,47.9
2012,5366,4,67.0,,35,WR,43,72.1,Charly Martin,SEA,12,0,58.3,58.0
2013,5585,19,63.4,,100,WR,521,77.4,Golden Tate,SEA,450,1,79.9,79.4
2013,6615,19,82.2,,348,WR,496,84.4,Doug Baldwin,SEA,161,15,82.7,82.6
2013,3654,17,85.4,66.2,102,TE,346,82.3,Zach Miller,SEA,28,338,73.6,70.1
2013,7428,18,24.2,,107,WR,285,67.3,Jermaine Kearse,SEA,194,4,74.2,71.3
2013,3628,19,65.5,82.0,6,HB,315,81.8,Marshawn Lynch,SEA,31,1,90.7,62.5
2013,3660,8,22.8,61.6,85,WR,196,81.7,Sidney Rice,SEA,128,0,68.0,66.9
2013,7940,19,80.4,66.4,45,TE,194,50.6,Luke Willson,SEA,37,148,67.9,68.0
2013,7106,19,66.8,83.9,1,HB,106,57.0,Robert Turbin,SEA,17,0,67.6,50.4
2013,7377,11,20.7,67.1,0,FB,28,76.5,Derrick Coleman,SEA,1,0,55.4,53.9
2013,6622,10,69.8,,10,WR,43,74.6,Ricardo Lockette,SEA,34,0,74.2,74.7
2013,4945,3,72.7,,30,WR,35,45.8,Percy Harvin,SEA,7,0,71.4,68.3
2013,3045,12,81.4,85.5,0,FB,34,70.5,Michael Robinson,SEA,4,1,74.3,70.2
2013,4472,15,65.8,68.5,4,TE,41,36.2,Kellen Davis,SEA,3,46,54.3,57.1
2014,6615,19,60.6,66.5,362,WR,583,71.6,Doug Baldwin,SEA,243,6,78.4,76.9
2014,7428,18,82.4,71.0,254,WR,516,61.4,Jermaine Kearse,SEA,285,6,67.4,67.0
2014,3628,19,67.1,81.2,12,HB,361,75.5,Marshawn Lynch,SEA,37,13,90.7,64.8
2014,7940,18,81.2,67.2,65,TE,299,29.3,Luke Willson,SEA,47,256,69.5,63.8
2014,8680,16,40.7,,31,WR,308,78.5,Paul Richardson Jr.,SEA,291,0,67.7,66.9
2014,7737,11,80.0,33.4,30,TE,128,61.8,Cooper Helfet,SEA,18,99,71.9,73.4
2014,6622,18,74.7,,14,WR,129,69.0,Ricardo Lockette,SEA,117,2,69.8,70.7
2014,7106,19,63.3,72.0,4,HB,131,54.5,Robert Turbin,SEA,17,1,65.2,64.0
2014,5617,8,70.6,39.3,12,TE,88,56.7,Tony Moeaki,SEA,8,98,67.6,65.5
2014,6139,14,86.0,,45,WR,66,49.7,Bryan Walters,SEA,22,0,58.3,59.0
2014,8758,10,71.1,,50,WR,78,78.0,Kevin Norwood,SEA,32,0,66.9,70.6
2014,3654,3,68.8,73.2,26,TE,69,74.6,Zach Miller,SEA,3,65,65.2,72.0
2014,6820,5,67.0,,4,WR,21,72.1,Chris Matthews,SEA,17,0,91.0,90.6
2014,7764,12,66.2,86.2,0,FB,23,30.0,Will Tukuafu,SEA,3,1,66.5,42.1
2014,7377,4,64.0,76.5,0,FB,8,68.3,Derrick Coleman,SEA,0,0,71.0,79.4
2014,7843,9,30.8,80.3,0,HB,16,64.7,Christine Michael,SEA,0,1,62.8,56.4
2014,9137,9,61.2,64.1,0,T,1,64.7,Garry Gilliam,SEA,0,9,73.4,90.9
2014,7077,19,32.6,,0,QB,1,64.7,Russell Wilson,SEA,0,0,74.5,91.3
2015,6615,18,63.9,71.8,502,WR,598,88.2,Doug Baldwin,SEA,95,25,88.2,86.8
2015,7428,18,55.7,,81,WR,570,65.8,Jermaine Kearse,SEA,510,1,71.1,69.2
2015,9502,18,76.4,,168,WR,500,67.1,Tyler Lockett,SEA,342,5,75.9,76.4
2015,5619,11,79.1,48.5,113,TE,336,78.2,Jimmy Graham,SEA,57,198,79.0,82.9
2015,3368,18,43.2,63.6,8,HB,201,63.7,Fred Jackson,SEA,48,1,58.2,60.8
2015,7940,15,74.8,51.6,58,TE,204,71.9,Luke Willson,SEA,26,179,70.1,71.2
2015,3628,8,89.6,62.3,3,HB,157,65.9,Marshawn Lynch,SEA,21,3,85.2,58.1
2015,7737,13,72.3,63.2,39,TE,135,47.7,Cooper Helfet,SEA,23,99,57.4,52.8
2015,5021,3,70.1,74.5,29,TE,56,76.5,Chase Coffman,SEA,10,25,67.9,73.3
2015,9993,12,74.6,65.0,2,HB,92,38.7,Thomas Rawls,SEA,9,0,83.5,49.0
2015,9065,9,69.7,,25,WR,80,73.4,Kevin Smith,SEA,56,4,59.9,55.8
2015,6622,8,67.0,,3,WR,36,41.6,Ricardo Lockette,SEA,34,0,64.4,65.6
2015,7843,8,85.7,86.2,0,HB,43,41.6,Christine Michael,SEA,5,0,70.2,49.2
2015,7213,3,78.6,83.4,0,HB,14,,Bryce Brown,SEA,2,0,56.1,37.4
2015,8680,1,61.2,,0,WR,3,64.7,Paul Richardson Jr.,SEA,4,0,90.1,84.8
2015,7377,11,72.5,46.7,2,FB,26,64.7,Derrick Coleman,SEA,2,0,63.4,51.0
2015,10195,3,64.6,,1,WR,18,64.7,Kasen Williams,SEA,17,0,58.3,53.7
2015,7764,14,17.4,61.6,0,FB,25,68.3,Will Tukuafu,SEA,2,13,60.2,56.7
2016,6615,18,60.1,79.2,506,WR,652,84.3,Doug Baldwin,SEA,151,35,86.1,84.7
2016,5619,18,27.2,79.2,174,TE,531,69.5,Jimmy Graham,SEA,75,354,85.4,85.6
2016,7428,18,78.9,78.1,184,WR,597,70.0,Jermaine Kearse,SEA,451,0,55.5,55.3
2016,9502,15,90.0,,131,WR,394,69.3,Tyler Lockett,SEA,287,2,68.9,65.1
2016,8680,17,78.3,,43,WR,262,66.0,Paul Richardson Jr.,SEA,230,1,76.2,76.1
2016,7940,13,74.6,66.3,35,TE,167,81.7,Luke Willson,SEA,30,145,60.6,58.0
2016,9993,11,90.2,87.0,5,HB,142,64.4,Thomas Rawls,SEA,10,2,75.2,55.8
2016,10724,6,81.4,57.3,6,HB,82,68.7,C.J. Prosise,SEA,10,0,70.7,83.9
2016,10805,12,27.9,68.0,3,HB,82,65.3,Alex Collins,SEA,8,0,61.0,67.9
2016,11288,14,71.1,74.3,22,WR,64,29.1,Tanner McEvoy,SEA,41,5,64.9,61.7
2016,4702,6,72.2,82.1,9,FB,38,76.5,Marcel Reece,SEA,14,0,67.9,74.0
2016,10728,9,65.8,75.3,4,TE,28,36.2,Nick Vannett,SEA,0,36,58.1,46.6
2016,11047,3,70.1,,0,WR,14,70.5,J.D. McKissic,SEA,9,0,56.2,56.8
2016,7876,17,80.4,47.8,6,TE,33,68.3,Brandon Williams,SEA,3,50,62.3,66.3
2016,9842,2,64.6,73.1,1,HB,23,28.8,George Farmer,SEA,4,0,48.8,39.7
2016,7077,18,78.8,,0,QB,2,64.7,Russell Wilson,SEA,1,0,83.8,90.3
2016,11473,4,74.5,75.0,0,HB,15,28.8,Troymaine Pope,SEA,1,0,53.9,31.5
2016,7764,5,65.2,81.9,0,FB,4,,Will Tukuafu,SEA,1,0,55.1,55.5
2017,6615,16,81.8,79.6,434,WR,543,90.5,Doug Baldwin,SEA,141,24,84.4,83.3
2017,5619,16,80.3,65.0,240,TE,466,38.6,Jimmy Graham,SEA,151,147,66.0,65.3
2017,8680,16,78.9,,100,WR,544,35.1,Paul Richardson Jr.,SEA,494,1,66.9,66.1
2017,9502,16,90.5,68.1,273,WR,481,86.5,Tyler Lockett,SEA,242,2,67.3,67.2
2017,11047,13,84.3,24.8,27,HB,219,71.1,J.D. McKissic,SEA,80,1,67.4,75.0
2017,7940,16,74.9,53.8,46,TE,144,51.2,Luke Willson,SEA,28,123,60.1,58.8
2017,9559,6,85.7,70.4,1,HB,75,66.7,Mike Davis,SEA,4,0,64.1,75.6
2017,10728,15,72.7,68.1,20,TE,88,31.3,Nick Vannett,SEA,15,109,58.8,56.7
2017,9993,12,52.2,60.4,0,HB,104,41.4,Thomas Rawls,SEA,4,1,51.5,51.6
2017,11861,16,70.6,,8,WR,91,77.3,Amara Darboh,SEA,90,0,56.5,55.9
2017,10724,5,75.3,83.0,3,HB,52,29.7,C.J. Prosise,SEA,14,0,63.0,66.0
2017,11288,15,16.8,66.8,71,WR,111,29.2,Tanner McEvoy,SEA,53,1,47.9,53.0
2017,12004,4,83.2,44.9,2,HB,71,75.6,Chris Carson,SEA,10,0,73.1,58.9
2017,7842,9,85.2,70.0,0,HB,47,74.6,Eddie Lacy,SEA,0,0,62.6,68.7
2017,11286,7,64.0,84.1,3,FB,20,68.3,Tre Madden,SEA,5,3,60.6,56.8
2018,6615,14,79.7,69.9,266,WR,380,87.7,Doug Baldwin,SEA,133,10,80.6,80.5
2018,9502,17,73.0,,262,WR,487,90.8,Tyler Lockett,SEA,256,5,82.3,84.7
2018,11981,17,21.7,,18,WR,331,64.3,David Moore,SEA,337,0,64.5,64.4
2018,9559,16,90.0,57.1,5,HB,196,72.6,Mike Davis,SEA,17,0,74.6,68.4
2018,10728,16,27.5,48.4,102,TE,237,77.8,Nick Vannett,SEA,43,141,63.0,64.6
2018,12004,15,63.5,60.7,0,HB,146,61.3,Chris Carson,SEA,4,0,82.4,64.6
2018,8128,17,72.7,77.5,67,WR,164,80.6,Jaron Brown,SEA,112,1,65.1,62.7
2018,5595,11,73.5,51.2,87,TE,159,82.4,Ed Dickson,SEA,34,90,62.6,66.7
2018,30762,4,70.1,75.2,31,TE,67,76.5,Will Dissly,SEA,8,36,72.7,77.2
2018,27414,12,88.1,70.8,0,HB,77,38.7,Rashaad Penny,SEA,6,0,61.2,45.3
2018,11286,13,69.0,50.6,0,FB,23,68.3,Tre Madden,SEA,1,0,72.8,62.3
2018,11047,5,70.9,,1,HB,10,36.2,J.D. McKissic,SEA,6,0,65.7,77.1
2018,10724,4,67.4,22.8,0,HB,24,70.5,C.J. Prosise,SEA,2,0,54.6,57.4
2018,48078,4,64.0,,0,WR,12,68.3,Malik Turner,SEA,13,0,67.5,69.1
2018,7077,17,47.8,,0,QB,1,,Russell Wilson,SEA,0,0,89.1,58.9
2018,12267,1,61.2,68.3,9,TE,12,64.7,Tyrone Swoopes,SEA,2,5,65.8,61.5
2018,11282,15,61.2,74.2,0,T,14,64.7,George Fant,SEA,0,63,73.8,45.1
2019,9502,18,70.3,,482,WR,644,84.5,Tyler Lockett,SEA,209,6,81.9,83.2
2019,47864,18,23.1,,74,WR,612,46.6,D.K. Metcalf,SEA,586,1,73.4,73.2
2019,12051,13,79.8,45.2,215,TE,350,78.7,Jacob Hollister,SEA,41,154,64.0,64.5
2019,12004,15,29.3,52.6,26,HB,307,64.8,Chris Carson,SEA,17,0,77.9,61.6
2019,7618,11,76.4,,49,WR,299,54.9,Josh Gordon,SEA,267,0,63.7,66.1
2019,11981,16,46.6,,65,WR,229,70.5,David Moore,SEA,181,0,67.4,67.6
2019,8128,15,23.2,63.4,98,WR,203,54.5,Jaron Brown,SEA,126,4,57.1,56.8
2019,30762,6,25.6,66.9,49,TE,105,85.3,Will Dissly,SEA,16,72,79.6,87.1
2019,48078,16,73.3,80.7,70,WR,142,29.7,Malik Turner,SEA,82,9,64.9,62.0
2019,45859,5,47.2,62.8,9,HB,86,65.9,Travis Homer,SEA,4,0,57.7,61.8
2019,10724,8,29.3,42.6,7,HB,76,78.0,C.J. Prosise,SEA,13,0,56.0,64.2
2019,7940,10,70.6,75.1,21,TE,89,77.3,Luke Willson,SEA,16,108,62.6,65.9
2019,27414,10,56.3,55.5,3,HB,63,76.5,Rashaad Penny,SEA,8,0,74.6,80.0
2019,3628,3,79.7,38.0,1,HB,35,68.3,Marshawn Lynch,SEA,1,0,59.2,57.7
2019,6515,7,64.0,78.1,0,FB,6,68.3,Nick Bellore,SEA,0,1,69.2,83.9
2019,12267,5,61.2,63.3,4,TE,25,64.7,Tyrone Swoopes,SEA,5,27,42.3,45.8
2019,26586,2,61.2,,8,WR,10,64.7,John Ursua,SEA,2,0,65.9,64.7
2020,9502,17,58.3,,421,WR,662,71.9,Tyler Lockett,SEA,269,8,76.5,77.6
2020,47864,17,48.6,68.7,117,WR,667,51.3,D.K. Metcalf,SEA,588,1,82.5,82.5
2020,11981,17,86.2,56.5,90,WR,320,80.8,David Moore,SEA,241,3,66.0,66.4
2020,12004,13,77.9,34.0,14,HB,228,65.5,Chris Carson,SEA,13,0,77.3,80.1
2020,12051,17,76.2,37.0,117,TE,219,29.5,Jacob Hollister,SEA,38,86,58.8,58.2
2020,3647,12,76.0,65.2,189,TE,285,52.9,Greg Olsen,SEA,45,89,61.3,59.5
2020,30762,17,76.4,71.6,76,TE,230,52.9,Will Dissly,SEA,16,231,63.8,59.8
2020,26448,17,76.9,69.0,91,WR,239,81.1,Freddie Swain,SEA,163,3,55.3,56.4
2020,8692,11,87.2,32.1,11,HB,132,66.7,Carlos Hyde,SEA,5,0,67.1,58.0
2020,55632,8,81.6,24.4,4,HB,85,82.2,DeeJay Dallas,SEA,9,0,72.1,83.3
2020,45859,9,82.5,52.4,2,HB,68,77.3,Travis Homer,SEA,3,0,58.0,66.8
2020,7940,4,61.2,73.8,27,TE,35,28.9,Luke Willson,SEA,3,15,49.2,43.3
2020,10805,3,76.7,14.9,0,HB,26,64.7,Alex Collins,SEA,0,0,66.3,52.7
2020,52266,5,64.0,75.3,7,TE,19,68.3,Colby Parkinson,SEA,1,16,68.4,69.5
2020,13534,8,64.6,,1,WR,21,64.7,Penny Hart,SEA,22,0,53.2,53.3
2020,6515,6,67.2,13.2,0,FB,6,64.7,Nick Bellore,SEA,2,0,42.7,64.7
2021,47864,17,50.0,65.4,104,WR,499,77.2,D.K. Metcalf,SEA,426,0,80.9,82.5
2021,9502,16,82.1,71.9,219,WR,500,90.5,Tyler Lockett,SEA,310,1,81.0,82.1
2021,11799,15,24.6,76.8,139,TE,356,63.6,Gerald Everett,SEA,72,197,63.5,64.5
2021,26448,17,88.4,82.4,257,WR,366,63.4,Freddie Swain,SEA,139,0,50.3,51.4
2021,30762,15,24.6,64.5,78,TE,196,48.0,Will Dissly,SEA,32,147,63.8,58.2
2021,55632,13,61.2,61.5,17,HB,106,84.1,DeeJay Dallas,SEA,9,0,62.6,56.0
2021,45859,14,80.3,67.4,11,HB,95,66.7,Travis Homer,SEA,13,0,65.7,61.1
2021,29573,10,74.9,,66,WR,108,78.7,D'Wayne Eskridge,SEA,46,0,58.3,55.4
2021,13534,16,70.1,,25,WR,68,76.5,Penny Hart,SEA,46,0,62.7,62.3
2021,10805,11,67.1,69.0,3,HB,107,77.3,Alex Collins,SEA,21,0,66.0,50.1
2021,52266,11,69.5,65.7,27,TE,59,73.4,Colby Parkinson,SEA,13,40,60.5,55.6
2021,27414,10,89.3,71.0,5,HB,98,49.7,Rashaad Penny,SEA,11,0,80.5,49.5
2021,12004,4,49.1,35.0,5,HB,55,75.6,Chris Carson,SEA,8,0,70.7,58.1
2021,3623,4,36.3,78.6,0,HB,24,72.1,Adrian Peterson,SEA,0,0,61.1,59.2
2021,6515,6,61.2,79.1,0,FB,5,64.7,Nick Bellore,SEA,1,1,67.7,57.6
2022,47864,18,32.2,,108,WR,614,81.4,D.K. Metcalf,SEA,545,0,77.7,78.7
2022,9502,17,33.7,65.3,252,WR,568,87.7,Tyler Lockett,SEA,343,5,77.9,77.7
2022,42388,18,79.6,54.9,182,TE,370,90.5,Noah Fant,SEA,63,177,64.5,68.2
2022,7859,13,76.7,65.8,187,WR,299,65.8,Marquise Goodwin,SEA,128,1,64.5,64.5
2022,30762,15,77.5,65.6,65,TE,254,70.1,Will Dissly,SEA,27,201,70.8,70.8
2022,52266,18,76.5,71.3,88,TE,227,86.9,Colby Parkinson,SEA,31,142,68.1,67.0
2022,97199,16,91.1,29.5,26,HB,268,77.3,Kenneth Walker III,SEA,49,0,76.9,54.6
2022,55632,14,89.2,65.7,10,HB,129,82.2,DeeJay Dallas,SEA,11,0,64.9,67.9
2022,45859,10,29.5,59.2,10,HB,98,82.2,Travis Homer,SEA,9,2,63.2,56.3
2022,29573,9,76.1,62.4,63,WR,93,75.6,D'Wayne Eskridge,SEA,37,1,54.1,57.5
2022,10657,7,68.8,,23,WR,78,49.2,Laquon Treadwell,SEA,58,0,55.9,54.7
2022,42109,3,68.0,62.4,56,WR,69,73.4,Cade Johnson,SEA,16,2,61.7,60.9
2022,40498,4,74.7,66.1,2,HB,40,29.2,Tony Jones Jr.,SEA,3,0,50.8,38.6
2022,27414,5,50.8,43.9,7,HB,73,73.4,Rashaad Penny,SEA,12,0,70.2,55.6
2022,13534,7,65.8,,14,WR,20,70.5,Penny Hart,SEA,9,0,55.5,59.1
2022,111900,11,67.0,71.9,14,WR,37,72.1,Dareke Young,SEA,28,0,58.4,60.6
2022,49166,1,79.6,,0,HB,1,64.7,Godwin Igwebuike,SEA,0,0,66.4,65.4
2022,25705,2,61.2,65.8,0,TE,2,64.7,Tyler Mabry,SEA,1,1,80.9,84.6
2023,9502,17,82.3,,210,WR,556,74.6,Tyler Lockett,SEA,384,1,78.1,77.6
2023,47864,16,81.0,,94,WR,545,56.0,D.K. Metcalf,SEA,491,0,80.0,82.3
2023,129758,17,80.6,65.4,350,WR,477,47.1,Jaxon Smith-Njigba,SEA,157,0,63.3,63.9
2023,42388,17,76.8,72.1,143,TE,320,69.0,Noah Fant,SEA,41,166,62.9,64.2
2023,97630,16,89.5,61.1,22,HB,276,78.9,Zach Charbonnet,SEA,22,7,69.8,63.2
2023,97199,15,86.0,40.7,26,HB,200,67.5,Kenneth Walker III,SEA,31,5,83.5,71.0
2023,52266,17,76.2,69.8,94,TE,224,53.8,Colby Parkinson,SEA,36,114,57.6,53.7
2023,77997,17,75.5,59.8,54,WR,150,71.5,Jake Bobo,SEA,101,1,73.5,70.7
2023,30762,16,73.6,83.5,29,TE,145,67.7,Will Dissly,SEA,6,132,71.3,60.3
2023,55632,10,62.7,49.9,4,HB,49,75.6,DeeJay Dallas,SEA,5,5,63.8,65.3
2023,29573,1,75.1,,1,WR,6,,D'Wayne Eskridge,SEA,6,0,60.4,55.6
2023,7820,15,68.8,,0,QB,1,,Geno Smith,SEA,1,0,82.9,58.9
2023,48152,6,61.2,,1,WR,7,64.7,Cody Thompson,SEA,6,0,56.2,55.8
2024,129758,9,39.9,,342,WR,360,80.8,Jaxon Smith-Njigba,SEA,54,0,72.6,74.5
2024,47864,7,22.3,,52,WR,287,65.0,D.K. Metcalf,SEA,262,2,72.4,73.2
2024,9502,9,77.3,,101,WR,320,70.8,Tyler Lockett,SEA,253,0,72.7,71.9
2024,97199,7,88.7,36.2,10,HB,151,87.6,Kenneth Walker III,SEA,36,1,84.5,74.2
2024,42388,8,76.3,49.6,144,TE,229,66.6,Noah Fant,SEA,44,71,62.8,65.6
2024,97630,9,85.5,67.1,12,HB,156,85.7,Zach Charbonnet,SEA,34,6,68.5,65.0
2024,129433,9,72.7,55.8,61,TE,112,64.4,AJ Barner,SEA,13,64,65.3,64.7
2024,77997,9,70.6,65.7,33,WR,106,56.7,Jake Bobo,SEA,85,0,56.0,55.3
2024,61220,8,26.3,,17,WR,21,45.8,Laviska Shenault Jr.,SEA,5,0,54.8,61.6
2024,12247,7,65.8,43.1,12,TE,36,70.5,Pharaoh Brown,SEA,2,39,45.7,48.8
2024,61448,1,64.0,,1,WR,20,68.3,Cody White,SEA,21,0,72.7,71.7
2024,111900,3,,,0,WR,5,,Dareke Young,SEA,6,0,56.6,57.2
2006,1070,14,78.5,,39,WR,414,76.0,Antonio Bryant,SF,400,0,71.9,71.1
2006,2282,16,53.3,73.7,3,HB,269,70.9,Frank Gore,SF,15,1,66.7,77.5
2006,1499,16,45.8,46.8,239,WR,443,90.8,Arnaz Battle,SF,224,7,76.1,74.4
2006,929,13,77.3,75.2,38,TE,241,80.1,Eric Johnson,SF,18,234,72.0,71.1
2006,2951,10,25.5,76.4,27,TE,174,37.8,Vernon Davis,SF,7,173,68.0,67.7
2006,727,16,22.9,,103,WR,327,76.5,Bryan Gilmore,SF,237,1,50.8,49.1
2006,1253,13,80.6,80.4,2,HB,46,80.0,Maurice Hicks,SF,0,1,64.1,90.4
2006,3045,12,81.5,81.6,2,HB,51,77.3,Michael Robinson,SF,2,0,52.1,70.6
2006,1360,7,67.0,,3,WR,56,72.1,Taylor Jacobs,SF,54,0,59.8,59.3
2006,865,14,70.0,83.5,0,FB,58,45.8,Moran Norris,SF,7,2,81.7,54.2
2006,3120,6,65.8,,3,TE,19,70.5,Delanie Walker,SF,3,13,62.6,62.4
2006,214,2,64.0,77.3,0,FB,12,68.3,Chris Hetherington,SF,1,0,80.4,59.5
2006,2466,15,,70.8,0,TE,29,28.0,Billy Bajema,SF,1,73,76.7,30.5
2007,639,15,47.9,,37,WR,448,41.9,Darrell Jackson,SF,427,0,63.1,62.8
2007,1499,16,22.3,,282,WR,544,65.6,Arnaz Battle,SF,279,3,63.7,63.2
2007,2951,14,40.4,62.9,56,TE,457,67.4,Vernon Davis,SF,26,419,64.9,65.9
2007,2282,15,54.9,66.4,20,HB,264,47.0,Frank Gore,SF,13,1,55.2,50.1
2007,3120,16,75.1,84.3,64,TE,228,50.6,Delanie Walker,SF,34,135,55.6,54.4
2007,1026,13,19.8,,20,WR,217,58.9,Ashley Lelie,SF,207,0,47.4,48.0
2007,727,9,70.3,,39,WR,124,52.5,Bryan Gilmore,SF,88,0,58.7,57.4
2007,1253,16,29.6,74.2,4,HB,73,64.7,Maurice Hicks,SF,1,0,66.4,62.6
2007,3045,11,29.8,87.7,7,HB,52,78.7,Michael Robinson,SF,2,1,64.5,68.4
2007,865,15,73.6,58.1,4,FB,48,49.7,Moran Norris,SF,0,1,66.8,61.9
2007,3692,4,61.2,,6,WR,24,64.7,Jason Hill,SF,18,0,47.5,51.4
2007,1201,16,62.3,78.6,0,C,0,67.6,Eric Heitmann,SF,0,0,65.6,42.5
2007,2466,12,,72.7,4,TE,33,,Billy Bajema,SF,0,35,49.3,41.5
2008,80,16,80.8,,181,WR,583,90.0,Isaac Bruce,SF,437,0,68.0,68.3
2008,1333,16,78.9,,249,WR,493,62.5,Bryant Johnson,SF,276,0,64.6,63.4
2008,2282,14,40.7,64.9,16,HB,326,54.6,Frank Gore,SF,19,0,53.5,57.6
2008,2951,16,24.8,64.1,30,TE,289,29.6,Vernon Davis,SF,6,372,65.3,46.5
2008,3692,13,27.8,,199,WR,231,77.5,Jason Hill,SF,41,0,65.8,64.3
2008,4488,12,74.6,,38,WR,241,48.0,Josh Morgan,SF,215,0,61.8,60.9
2008,1499,8,75.8,,158,WR,179,52.7,Arnaz Battle,SF,34,0,69.3,69.9
2008,3045,12,29.5,76.5,2,FB,80,82.2,Michael Robinson,SF,5,0,55.0,83.5
2008,1041,14,36.7,50.6,4,HB,94,67.0,DeShaun Foster,SF,4,0,47.4,70.1
2008,3120,15,21.8,73.8,10,TE,75,60.6,Delanie Walker,SF,5,61,72.5,76.7
2008,4111,6,68.0,,7,WR,39,45.8,Dominique Zeigler,SF,36,0,67.7,66.9
2008,1865,7,65.8,39.8,2,FB,22,70.5,Sean Ryan,SF,0,11,63.0,57.3
2008,2466,16,64.0,55.6,3,TE,30,68.3,Billy Bajema,SF,0,60,72.7,57.0
2008,2674,6,15.0,70.0,0,FB,29,72.1,Zak Keasey,SF,2,0,50.6,33.5
2008,377,1,64.6,,0,CB,1,64.7,Allen Rossum,SF,1,0,68.7,60.8
2009,2951,16,81.9,56.1,254,TE,521,29.5,Vernon Davis,SF,17,329,70.0,70.3
2009,4933,11,36.4,,49,WR,398,56.9,Michael Crabtree,SF,367,0,71.7,70.6
2009,4488,16,80.5,,240,WR,528,66.8,Josh Morgan,SF,309,0,59.4,58.1
2009,2282,14,62.5,65.9,17,HB,318,87.2,Frank Gore,SF,16,0,61.4,71.1
2009,80,9,75.2,,51,WR,210,39.1,Isaac Bruce,SF,168,1,63.8,63.1
2009,3120,16,26.6,76.1,108,TE,242,73.5,Delanie Walker,SF,58,99,62.9,57.2
2009,3692,10,70.6,,17,WR,141,77.3,Jason Hill,SF,131,0,58.8,58.1
2009,4997,12,86.7,34.6,3,HB,97,46.0,Glen Coffee,SF,4,0,41.6,49.6
2009,865,16,76.8,65.4,0,FB,55,52.5,Moran Norris,SF,2,1,55.5,48.9
2009,3045,10,71.3,79.4,4,HB,41,49.2,Michael Robinson,SF,2,0,56.8,51.1
2009,1499,6,68.8,,54,WR,65,74.6,Arnaz Battle,SF,14,0,61.9,61.6
2009,2313,6,64.0,,4,WR,17,68.3,Brandon Jones,SF,14,0,62.6,66.2
2009,2218,11,76.7,,0,QB,0,,Alex Smith,SF,0,0,70.3,
2010,4933,16,79.9,,247,WR,543,42.5,Michael Crabtree,SF,316,2,66.2,66.3
2010,2951,16,80.3,65.5,286,TE,469,57.0,Vernon Davis,SF,24,241,79.9,75.6
2010,4488,16,78.9,76.3,117,WR,506,53.4,Josh Morgan,SF,408,2,64.3,62.8
2010,2282,11,62.7,67.1,12,HB,271,50.1,Frank Gore,SF,16,0,61.3,51.3
2010,3120,14,28.1,53.3,97,TE,194,47.7,Delanie Walker,SF,24,75,69.4,65.9
2010,3625,13,73.0,,26,WR,186,28.7,Ted Ginn Jr.,SF,165,0,46.0,46.5
2010,1094,13,86.5,49.4,11,HB,146,67.0,Brian Westbrook,SF,21,0,66.3,56.6
2010,4111,10,71.1,70.7,16,WR,107,78.0,Dominique Zeigler,SF,102,0,61.4,60.1
2010,865,16,70.3,53.2,0,FB,65,28.7,Moran Norris,SF,2,0,54.2,30.9
2010,5705,12,68.0,58.7,10,TE,42,45.8,Nate Byham,SF,0,26,56.1,40.9
2010,5696,9,85.3,77.4,2,HB,31,73.4,Anthony Dixon,SF,1,0,60.0,77.8
2010,5729,2,61.2,,5,WR,7,64.7,Kyle Williams,SF,2,0,55.6,56.3
2010,2311,9,,81.5,0,G,7,,Adam Snyder,SF,0,8,70.8,47.5
2011,4933,17,82.1,,197,WR,487,46.1,Michael Crabtree,SF,313,1,75.7,73.8
2011,2951,18,24.1,51.1,132,TE,516,69.7,Vernon Davis,SF,33,446,81.1,78.8
2011,2282,18,72.1,67.1,8,HB,260,29.4,Frank Gore,SF,11,0,63.5,36.5
2011,5729,15,75.8,69.1,66,WR,221,61.3,Kyle Williams,SF,166,0,70.2,67.7
2011,3120,16,31.2,66.5,72,TE,250,51.6,Delanie Walker,SF,31,154,65.5,52.1
2011,2220,9,73.0,,14,WR,149,51.2,Braylon Edwards,SF,142,0,59.7,60.6
2011,3625,15,77.4,,60,WR,238,42.2,Ted Ginn Jr.,SF,192,0,63.6,62.3
2011,6267,17,89.6,42.9,3,HB,131,54.3,Kendall Hunter,SF,14,0,77.5,67.3
2011,4488,5,73.0,,48,WR,135,81.1,Josh Morgan,SF,96,0,72.3,72.9
2011,6363,15,23.1,45.7,6,FB,84,79.4,Bruce Miller,SF,11,8,63.5,61.1
2011,4531,5,64.0,,3,WR,53,68.3,Brett Swain,SF,50,0,54.7,54.2
2011,1104,15,64.0,62.5,10,TE,46,30.0,Justin Peelle,SF,3,51,64.0,49.4
2011,1825,4,61.2,,0,DI,5,64.7,Isaac Sopoaga,SF,0,3,85.9,65.5
2011,3644,18,62.3,71.1,0,T,3,67.6,Joe Staley,SF,0,3,77.9,64.0
2011,6473,1,,,4,WR,13,,Joe Hastings,SF,9,0,48.0,54.0
2011,5696,5,80.0,75.3,0,HB,4,64.7,Anthony Dixon,SF,0,0,63.2,62.5
2012,4933,19,59.3,,191,WR,522,64.7,Michael Crabtree,SF,352,1,91.3,91.1
2012,2951,19,80.0,63.4,171,TE,510,75.0,Vernon Davis,SF,41,379,81.9,78.0
2012,342,19,77.3,,48,WR,281,62.1,Randy Moss,SF,245,0,75.2,74.5
2012,4409,12,25.4,,47,WR,248,83.0,Mario Manningham,SF,214,0,78.3,75.0
2012,3120,19,26.2,84.0,105,TE,306,26.3,Delanie Walker,SF,66,163,67.0,53.2
2012,2282,19,79.4,72.8,2,HB,321,48.6,Frank Gore,SF,12,2,78.2,54.6
2012,5729,11,23.8,,82,WR,148,64.7,Kyle Williams,SF,71,0,60.3,60.9
2012,6363,19,74.8,69.5,8,FB,170,61.8,Bruce Miller,SF,32,19,81.2,48.6
2012,6267,11,86.0,57.5,0,HB,54,78.0,Kendall Hunter,SF,11,1,81.8,66.5
2012,7063,7,24.6,79.0,1,HB,40,73.4,LaMichael James,SF,8,0,65.3,61.2
2012,7274,13,67.0,74.9,2,TE,32,41.6,Garrett Celek,SF,2,39,64.3,59.3
2012,3625,10,67.4,,8,WR,40,70.5,Ted Ginn Jr.,SF,34,0,62.0,59.7
2012,5523,1,,,1,WR,1,,Chad Hall,SF,0,0,56.4,58.9
2012,7034,4,,,5,WR,24,27.9,A.J. Jenkins,SF,19,0,48.2,45.1
2013,1369,19,83.9,,276,WR,556,67.3,Anquan Boldin,SF,304,2,90.5,90.5
2013,2951,18,40.6,65.8,190,TE,493,49.3,Vernon Davis,SF,70,274,72.5,72.4
2013,4933,8,28.4,,51,WR,225,61.3,Michael Crabtree,SF,191,0,72.7,73.3
2013,6363,14,28.8,64.2,14,FB,175,63.2,Bruce Miller,SF,30,23,69.2,52.8
2013,2282,19,69.3,92.7,3,HB,294,69.6,Frank Gore,SF,16,0,69.8,51.9
2013,4409,6,71.1,,11,WR,102,41.1,Mario Manningham,SF,97,0,61.3,59.9
2013,7836,18,70.6,63.3,61,TE,220,29.2,Vance McDonald,SF,22,166,55.4,43.1
2013,6178,6,65.8,,3,WR,67,70.5,Jonathan Baldwin,SF,65,0,54.7,54.1
2013,7910,9,71.2,,15,WR,78,46.3,Quinton Patton,SF,71,0,56.4,54.1
2013,7274,13,15.0,47.7,6,TE,41,72.1,Garrett Celek,SF,4,38,50.8,48.3
2013,5696,7,84.3,78.6,0,HB,28,72.1,Anthony Dixon,SF,5,3,55.2,71.9
2013,6267,19,65.4,62.5,3,HB,86,30.0,Kendall Hunter,SF,9,0,65.2,44.0
2013,7063,9,90.5,43.4,0,HB,17,30.0,LaMichael James,SF,6,0,60.6,55.2
2013,1676,11,61.2,67.1,4,WR,15,64.7,Kassim Osgood,SF,10,2,67.7,62.0
2013,7764,4,61.2,27.8,0,DI,7,64.7,Will Tukuafu,SF,0,1,85.0,58.7
2013,3644,19,61.2,87.4,0,T,1,64.7,Joe Staley,SF,0,4,84.7,90.4
2014,1369,16,84.7,,370,WR,544,55.0,Anquan Boldin,SF,214,5,79.3,79.2
2014,4933,16,81.2,,109,WR,473,37.1,Michael Crabtree,SF,394,2,66.1,65.6
2014,4538,13,81.3,,73,WR,203,71.7,Steve Johnson,SF,151,1,83.5,82.6
2014,2951,14,76.9,76.3,209,TE,416,32.5,Vernon Davis,SF,31,248,53.8,48.2
2014,1436,14,72.7,,24,WR,231,80.6,Brandon Lloyd,SF,226,0,63.3,63.8
2014,6363,16,26.9,66.8,8,FB,144,69.6,Bruce Miller,SF,16,35,83.1,77.2
2014,8692,14,65.6,74.2,5,HB,113,64.7,Carlos Hyde,SF,7,3,65.1,49.3
2014,2282,16,72.8,71.0,8,HB,217,79.4,Frank Gore,SF,19,2,62.7,51.3
2014,7406,9,20.2,75.9,24,TE,83,77.3,Derek Carrier,SF,6,69,69.2,59.0
2014,8741,10,89.8,,18,WR,55,75.6,Bruce Ellington,SF,37,0,67.1,64.6
2014,7910,4,16.4,,10,WR,41,70.5,Quinton Patton,SF,36,0,51.8,55.3
2014,7836,8,13.6,80.8,21,TE,75,30.0,Vance McDonald,SF,7,62,62.2,33.6
2014,5877,3,72.7,80.7,0,HB,16,36.2,Alfonso Smith,SF,1,0,51.5,43.3
2014,7274,3,64.0,75.0,1,TE,9,68.3,Garrett Celek,SF,0,13,91.8,91.6
2014,1676,3,,,1,WR,10,,Kassim Osgood,SF,9,0,52.9,53.3
2014,9066,3,,72.0,1,TE,10,27.9,Asante Cleveland,SF,3,10,39.9,33.1
2015,1369,14,48.1,,336,WR,499,74.4,Anquan Boldin,SF,183,0,72.0,70.5
2015,6210,16,77.4,,48,WR,509,38.6,Torrey Smith,SF,485,0,62.8,63.0
2015,7910,16,89.7,,65,WR,310,42.3,Quinton Patton,SF,254,1,65.7,66.7
2015,7836,14,76.5,80.0,108,TE,226,39.8,Vance McDonald,SF,12,148,65.9,59.9
2015,6440,9,65.2,72.0,1,HB,146,86.5,Shaun Draughn,SF,5,0,61.7,80.0
2015,7274,11,74.1,83.9,49,TE,157,83.2,Garrett Celek,SF,5,155,66.9,61.4
2015,9550,14,73.3,49.0,121,TE,198,66.7,Blake Bell,SF,12,99,50.4,51.0
2015,4360,5,68.0,,0,WR,66,29.2,Jerome Simpson,SF,69,0,55.2,56.6
2015,8741,13,34.8,,27,WR,86,63.2,Bruce Ellington,SF,62,0,63.1,63.4
2015,6595,4,46.6,74.4,0,HB,30,77.3,DuJuan Harris,SF,1,0,70.6,89.4
2015,8692,7,50.2,70.8,0,HB,103,60.6,Carlos Hyde,SF,2,0,72.2,57.9
2015,6363,16,80.8,64.1,5,FB,89,58.5,Bruce Miller,SF,3,21,71.9,73.1
2015,9559,6,81.4,79.5,0,HB,57,75.6,Mike Davis,SF,1,1,55.3,62.7
2015,8390,5,77.3,70.8,0,HB,43,35.3,Kendall Gaskins,SF,2,0,56.3,42.8
2015,2947,5,75.1,27.1,1,HB,30,72.1,Reggie Bush,SF,2,0,54.6,61.6
2015,10255,6,30.0,70.0,0,HB,35,75.9,Jarryd Hayne,SF,1,0,66.7,65.2
2015,9697,2,20.6,,3,WR,22,68.3,DeAndrew White,SF,19,0,52.6,52.9
2015,8083,3,61.2,24.5,2,TE,5,64.7,Brian Leonhardt,SF,0,8,57.3,55.2
2016,6305,16,33.4,,473,WR,498,78.5,Jeremy Kerley,SF,47,0,68.9,67.1
2016,7910,14,29.7,61.6,108,WR,399,55.9,Quinton Patton,SF,308,1,62.2,58.7
2016,7274,16,20.1,55.5,72,TE,280,30.1,Garrett Celek,SF,5,238,58.3,55.6
2016,6210,12,75.2,,67,WR,365,27.8,Torrey Smith,SF,313,0,53.9,52.2
2016,7836,11,75.3,68.8,51,TE,234,51.6,Vance McDonald,SF,4,207,68.7,70.0
2016,6440,14,62.8,43.1,4,HB,182,58.0,Shaun Draughn,SF,17,4,61.1,57.2
2016,8692,13,32.7,70.7,4,HB,229,75.5,Carlos Hyde,SF,19,2,63.6,55.6
2016,7416,16,74.1,,36,WR,159,57.1,Rod Streater,SF,130,0,65.3,63.9
2016,9950,9,72.3,,29,WR,128,63.2,Christopher Harper,SF,104,0,60.4,58.8
2016,10847,14,80.4,,28,WR,129,52.1,Aaron Burbridge,SF,111,0,55.5,56.7
2016,6595,6,25.4,71.4,0,HB,59,76.5,DuJuan Harris,SF,2,0,54.0,61.3
2016,9550,12,67.0,74.5,18,TE,48,28.6,Blake Bell,SF,0,38,48.6,49.7
2016,9559,5,27.1,83.3,2,HB,34,28.1,Mike Davis,SF,1,0,41.6,29.7
2016,8981,3,64.0,74.1,8,TE,30,68.3,Je'Ron Hamm,SF,1,23,56.8,55.2
2016,6162,6,90.2,,0,QB,0,,Blaine Gabbert,SF,0,0,46.2,
2016,9565,2,64.0,,8,WR,26,68.3,DeAndre Smelter,SF,20,0,65.8,64.8
2017,7859,16,80.5,,128,WR,494,48.3,Marquise Goodwin,SF,378,0,77.1,76.5
2017,8692,16,75.1,46.9,20,HB,376,39.3,Carlos Hyde,SF,49,5,58.0,41.3
2017,4519,8,78.3,,70,WR,279,90.2,Pierre Garcon,SF,222,0,77.5,76.3
2017,11901,15,78.5,50.7,129,TE,363,60.1,George Kittle,SF,39,234,65.8,67.5
2017,11932,15,32.2,69.6,294,WR,362,61.2,Trent Taylor,SF,85,0,68.4,66.6
2017,6330,16,74.1,,88,WR,265,33.8,Aldrick Robinson,SF,187,3,55.9,56.2
2017,7912,14,22.7,39.3,17,FB,151,78.9,Kyle Juszczyk,SF,14,13,70.4,65.4
2017,12271,16,70.1,28.9,10,HB,159,29.0,Matt Breida,SF,20,0,63.9,51.0
2017,12270,11,73.6,70.6,48,WR,202,67.7,Kendrick Bourne,SF,163,1,62.6,63.8
2017,7274,16,74.6,55.3,49,TE,214,59.5,Garrett Celek,SF,27,212,73.0,73.1
2017,5048,7,70.1,,26,WR,104,76.5,Louis Murphy Jr.,SF,78,3,63.7,61.1
2017,5795,13,,76.7,1,TE,32,,Logan Paulsen,SF,3,43,52.2,34.8
2017,12276,3,64.0,,9,TE,28,68.3,Cole Hikutini,SF,7,12,56.5,56.5
2017,8697,6,72.9,,0,QB,0,,Jimmy Garoppolo,SF,0,0,86.6,
2017,11357,3,65.7,,5,WR,8,64.7,Max McCaffrey,SF,3,0,73.3,68.0
2018,11901,16,83.1,55.7,179,TE,489,68.4,George Kittle,SF,52,336,89.7,90.4
2018,12270,16,45.4,72.9,101,WR,366,52.6,Kendrick Bourne,SF,292,4,66.6,65.5
2018,4519,8,75.3,66.2,58,WR,226,41.9,Pierre Garcon,SF,181,1,64.3,62.1
2018,7859,11,20.1,,59,WR,249,73.5,Marquise Goodwin,SF,203,1,62.7,63.8
2018,48113,11,80.3,,110,WR,261,65.2,Dante Pettis,SF,172,1,68.5,69.8
2018,11932,14,82.0,62.3,189,WR,241,65.0,Trent Taylor,SF,68,0,56.2,56.5
2018,7912,16,22.4,73.2,43,FB,261,77.3,Kyle Juszczyk,SF,45,30,69.1,65.5
2018,12271,13,76.0,49.0,16,HB,160,86.5,Matt Breida,SF,25,2,75.8,90.1
2018,29413,6,24.9,83.7,5,HB,106,61.8,Jeff Wilson Jr.,SF,16,0,54.7,56.2
2018,28991,10,85.6,,59,WR,120,58.5,Richie James,SF,67,2,57.8,58.6
2018,7165,10,54.5,68.1,3,HB,99,76.5,Alfred Morris,SF,19,1,60.0,64.5
2018,7274,15,68.0,60.1,2,TE,55,45.8,Garrett Celek,SF,4,94,62.7,60.0
2018,9783,8,34.0,75.3,4,HB,37,74.6,Raheem Mostert,SF,5,0,72.1,58.8
2018,20994,4,64.0,70.3,5,TE,14,68.3,Ross Dwelley,SF,0,11,61.6,64.4
2018,3644,16,61.2,83.8,0,T,1,64.7,Joe Staley,SF,0,0,84.7,61.1
2019,11901,17,58.5,66.3,110,TE,391,90.6,George Kittle,SF,73,294,94.4,94.3
2019,5606,20,81.7,62.4,209,WR,556,90.4,Emmanuel Sanders,SF,381,2,77.0,77.9
2019,48274,18,29.6,75.8,127,WR,450,40.3,Deebo Samuel,SF,350,4,77.5,75.3
2019,12270,19,77.9,75.9,176,WR,309,56.7,Kendrick Bourne,SF,162,2,69.8,71.1
2019,9506,17,90.5,60.9,14,HB,180,62.3,Tevin Coleman,SF,17,0,71.5,63.0
2019,7912,15,76.4,73.1,25,FB,142,72.8,Kyle Juszczyk,SF,24,52,74.9,74.8
2019,9783,18,78.9,60.9,8,HB,180,54.5,Raheem Mostert,SF,19,1,82.9,61.0
2019,48113,11,72.0,,68,WR,150,60.2,Dante Pettis,SF,89,0,56.4,54.5
2019,12271,14,37.4,50.4,4,HB,101,56.9,Matt Breida,SF,15,0,68.3,65.9
2019,7859,8,72.5,,39,WR,131,28.7,Marquise Goodwin,SF,102,1,59.6,58.0
2019,20994,17,73.3,51.8,45,TE,146,81.7,Ross Dwelley,SF,14,94,56.9,58.9
2019,8677,2,67.0,,16,WR,97,41.6,Jordan Matthews,SF,86,0,52.8,52.5
2019,28991,17,90.3,,50,WR,101,49.7,Richie James,SF,55,0,62.8,61.7
2019,29413,9,79.5,57.0,2,HB,14,41.6,Jeff Wilson Jr.,SF,0,0,70.4,50.0
2019,7915,15,64.0,66.3,1,TE,33,68.3,Levine Toilolo,SF,0,57,61.2,50.5
2020,84109,12,82.1,67.5,110,WR,432,69.8,Brandon Aiyuk,SF,345,0,80.1,80.8
2020,12270,15,79.5,80.9,220,WR,448,65.4,Kendrick Bourne,SF,253,3,72.0,72.9
2020,11901,8,79.5,75.1,86,TE,223,36.6,George Kittle,SF,17,159,84.9,87.7
2020,8731,15,89.3,34.8,23,HB,213,71.4,Jerick McKinnon,SF,9,1,73.7,76.9
2020,48274,6,79.2,70.2,54,WR,173,60.5,Deebo Samuel,SF,121,2,79.8,81.1
2020,7866,10,75.9,72.4,125,TE,176,55.1,Jordan Reed,SF,29,36,66.2,70.0
2020,28991,11,34.6,79.4,66,WR,232,50.6,Richie James,SF,181,0,64.5,62.9
2020,7912,16,29.4,53.6,34,FB,151,57.1,Kyle Juszczyk,SF,26,45,65.7,53.3
2020,29413,11,52.3,44.8,12,HB,133,28.9,Jeff Wilson Jr.,SF,18,0,69.1,48.9
2020,20994,16,74.7,50.3,51,TE,181,83.2,Ross Dwelley,SF,11,172,61.3,70.3
2020,11932,10,82.9,73.8,100,WR,143,78.0,Trent Taylor,SF,54,0,53.9,54.5
2020,9783,8,68.3,60.2,3,HB,91,82.2,Raheem Mostert,SF,8,0,79.3,76.1
2020,47417,7,75.9,,35,WR,82,74.6,River Cracraft,SF,49,0,53.5,52.1
2020,25582,7,42.7,33.7,4,HB,42,75.6,JaMycal Hasty,SF,5,0,58.9,66.1
2020,9506,8,79.6,79.5,2,HB,26,73.4,Tevin Coleman,SF,3,0,58.7,83.8
2020,42257,9,65.8,71.5,0,TE,25,70.5,Charlie Woerner,SF,2,36,56.3,66.9
2020,45038,1,72.7,6.2,0,HB,8,64.7,Austin Walter,SF,0,0,50.9,79.0
2021,48274,19,39.8,60.1,170,WR,532,37.5,Deebo Samuel,SF,377,3,90.2,87.8
2021,11901,17,28.3,76.4,166,TE,464,77.7,George Kittle,SF,51,325,90.7,91.2
2021,84109,20,67.2,66.0,149,WR,559,79.5,Brandon Aiyuk,SF,443,1,75.9,78.3
2021,48027,19,27.7,,165,WR,250,32.7,Jauan Jennings,SF,99,0,66.2,62.6
2021,7912,20,79.3,80.4,84,FB,305,78.4,Kyle Juszczyk,SF,64,54,64.0,63.6
2021,25582,14,25.9,19.9,13,HB,120,85.7,JaMycal Hasty,SF,14,5,61.3,68.2
2021,57272,14,91.2,69.2,19,HB,185,86.1,Elijah Mitchell,SF,25,4,76.8,65.7
2021,7084,8,76.4,,134,WR,171,51.5,Mohamed Sanu,SF,50,0,63.0,64.4
2021,48021,19,70.6,68.1,20,WR,123,57.0,Trent Sherfield,SF,106,0,56.8,60.2
2021,29413,10,60.0,86.7,8,HB,75,77.3,Jeff Wilson Jr.,SF,9,1,60.8,55.2
2021,42257,19,68.0,75.1,17,TE,76,73.4,Charlie Woerner,SF,6,77,71.3,59.6
2021,7100,10,25.8,,5,WR,23,28.8,Travis Benjamin,SF,20,0,46.8,52.5
2021,20994,12,68.7,26.3,35,TE,74,72.1,Ross Dwelley,SF,9,46,53.0,50.8
2021,57372,4,81.9,39.6,1,HB,41,36.2,Trey Sermon,SF,7,1,64.6,44.0
2021,5529,18,,82.7,0,T,1,,Trent Williams,SF,0,1,96.6,57.7
2022,84109,20,54.5,,161,WR,618,70.7,Brandon Aiyuk,SF,493,0,78.7,79.5
2022,11763,20,89.4,51.8,74,HB,479,89.7,Christian McCaffrey,SF,41,5,90.4,92.4
2022,48274,16,26.7,78.7,131,WR,456,68.4,Deebo Samuel,SF,291,2,74.1,81.6
2022,11901,18,49.7,42.7,178,TE,517,88.1,George Kittle,SF,65,337,84.7,87.8
2022,48027,19,29.6,57.0,202,WR,351,52.8,Jauan Jennings,SF,171,0,68.1,68.6
2022,7912,19,77.3,64.9,69,FB,228,70.5,Kyle Juszczyk,SF,50,54,62.6,59.2
2022,47895,19,53.1,62.4,84,WR,172,53.1,Ray-Ray McCloud III,SF,100,0,68.9,69.6
2022,9518,13,67.0,46.2,10,TE,60,72.1,Tyler Kroft,SF,7,61,64.9,52.5
2022,121926,14,64.6,,7,WR,32,64.7,Danny Gray,SF,26,0,53.5,52.0
2022,57272,7,85.0,72.4,5,HB,34,73.4,Elijah Mitchell,SF,2,0,81.7,83.4
2022,20994,8,65.8,53.5,24,TE,48,70.5,Ross Dwelley,SF,8,21,60.3,62.9
2022,9506,4,75.4,29.4,4,HB,17,70.5,Tevin Coleman,SF,2,0,68.1,83.1
2022,42257,13,,68.6,12,TE,36,27.9,Charlie Woerner,SF,6,38,44.1,37.2
2022,99169,4,80.4,,3,HB,28,,Tyrion Davis-Price,SF,4,1,53.6,49.3
2023,84109,19,53.9,66.8,146,WR,563,86.1,Brandon Aiyuk,SF,446,1,91.5,91.7
2023,48274,18,64.7,65.9,164,WR,459,76.9,Deebo Samuel,SF,296,0,85.4,87.0
2023,11763,19,65.8,28.4,103,HB,525,90.8,Christian McCaffrey,SF,57,18,90.3,86.5
2023,11901,19,81.7,70.6,180,TE,568,54.4,George Kittle,SF,56,395,87.7,85.2
2023,48027,16,76.8,73.0,188,WR,303,76.7,Jauan Jennings,SF,138,0,74.1,72.4
2023,7912,20,76.8,74.8,75,FB,256,82.7,Kyle Juszczyk,SF,60,106,56.0,54.9
2023,47895,14,59.1,,54,WR,143,80.6,Ray-Ray McCloud III,SF,100,0,63.1,59.8
2023,84288,14,79.9,,18,WR,78,49.7,Ronnie Bell,SF,61,0,61.1,62.5
2023,57272,11,86.4,43.5,3,HB,53,49.2,Elijah Mitchell,SF,6,1,70.2,52.4
2023,9509,10,68.0,66.1,21,WR,72,45.8,Chris Conley,SF,51,0,65.4,60.9
2023,62946,7,82.1,23.8,2,HB,35,70.5,Jordan Mason,SF,3,0,84.7,62.0
2023,42257,19,65.8,38.4,21,TE,104,70.5,Charlie Woerner,SF,13,91,63.5,45.1
2023,8999,4,64.0,,13,WR,24,68.3,Willie Snead IV,SF,13,0,60.9,59.0
2023,20994,10,61.2,69.6,9,TE,21,64.7,Ross Dwelley,SF,3,10,52.8,58.2
2024,11901,8,78.5,61.4,83,TE,233,83.9,George Kittle,SF,31,165,90.0,90.9
2024,48027,7,76.8,,99,WR,187,68.8,Jauan Jennings,SF,101,0,84.3,84.8
2024,84109,7,75.9,,44,WR,215,55.1,Brandon Aiyuk,SF,181,0,74.6,74.1
2024,48274,8,82.2,,79,WR,215,67.5,Deebo Samuel,SF,123,2,78.4,82.6
2024,7912,9,74.5,74.4,28,FB,145,80.0,Kyle Juszczyk,SF,18,73,59.1,53.4
2024,100660,3,72.5,66.2,36,WR,85,79.4,Ricky Pearsall,SF,57,0,66.5,64.7
2024,62946,9,55.1,44.5,15,HB,153,78.0,Jordan Mason,SF,12,3,72.9,54.4
2024,11763,1,76.0,82.3,1,HB,33,74.6,Christian McCaffrey,SF,4,0,70.2,83.6
2024,9509,7,61.2,66.8,20,WR,78,64.7,Chris Conley,SF,64,1,50.9,47.7
2024,11929,9,67.0,25.6,22,TE,65,72.1,Eric Saubert,SF,6,48,54.2,58.3
2024,83806,8,25.0,26.6,4,HB,41,42.1,Isaac Guerendo,SF,2,1,53.8,29.7
2024,84288,7,66.8,,22,WR,66,27.3,Ronnie Bell,SF,50,1,46.1,46.0
2024,100894,4,81.6,,7,WR,15,68.3,Jacob Cowing,SF,9,0,72.9,73.7
2024,40448,2,75.7,,0,HB,9,64.7,Patrick Taylor,SF,0,0,59.5,68.3
2006,441,16,29.9,,92,WR,640,69.6,Torry Holt,SL,581,0,80.7,80.5
2006,80,16,81.7,62.3,62,WR,587,76.5,Isaac Bruce,SL,559,0,74.0,74.6
2006,1745,16,67.0,73.4,4,HB,401,62.5,Steven Jackson,SL,2,1,66.7,66.6
2006,1389,16,78.9,,313,WR,383,82.3,Kevin Curtis,SL,87,1,65.0,65.2
2006,2991,16,74.4,65.9,34,TE,338,70.5,Joe Klopfenstein,SL,9,377,55.7,47.3
2006,1418,16,22.6,,158,WR,165,64.7,Shaun McDonald,SL,16,0,51.3,51.9
2006,1241,8,75.5,86.4,0,HB,38,65.9,Tony Fisher,SL,1,0,62.3,82.5
2006,192,15,43.0,71.4,1,HB,59,61.8,Stephen Davis,SL,0,0,58.5,63.3
2006,2468,15,70.3,78.8,1,FB,77,52.5,Madison Hedgecock,SL,0,8,69.0,43.2
2006,1469,16,68.0,77.5,5,TE,63,45.8,Aaron Walker,SL,1,135,66.0,44.6
2006,3038,4,64.0,67.1,1,TE,15,68.3,Dominique Byrd,SL,6,10,72.9,75.6
2006,669,9,,71.7,1,FB,29,,Paul Smith,SL,0,0,64.8,49.0
2006,2630,1,68.2,,0,HB,3,64.7,Kay-Jay Harris,SL,0,0,60.1,62.8
2006,755,8,61.9,,12,WR,17,,Dane Looker,SL,3,1,55.5,51.5
2007,441,16,37.5,,56,WR,600,90.5,Torry Holt,SL,575,0,84.3,85.3
2007,80,14,53.6,,64,WR,419,74.5,Isaac Bruce,SL,376,0,77.8,77.3
2007,941,14,38.3,,196,WR,339,52.7,Drew Bennett,SL,158,1,65.6,65.1
2007,1114,16,78.1,82.1,73,TE,396,42.9,Randy McMichael,SL,5,459,67.9,61.2
2007,1745,12,39.2,75.0,20,HB,240,57.3,Steven Jackson,SL,3,0,69.4,47.6
2007,3668,16,66.2,62.9,5,FB,196,69.1,Brian Leonard,SL,6,3,64.0,56.4
2007,846,7,78.5,45.8,0,HB,44,47.7,Travis Minor,SL,1,0,60.5,60.5
2007,3089,3,71.5,,53,WR,79,35.3,Marques Hagans,SL,30,0,62.6,62.5
2007,755,13,68.8,,78,WR,91,74.6,Dane Looker,SL,15,0,50.3,52.0
2007,677,6,70.9,,34,WR,47,27.5,Dante' Hall,SL,15,0,54.2,47.9
2007,3723,10,81.2,76.2,0,HB,29,36.2,Antonio Pittman,SL,0,0,57.4,43.7
2007,3038,3,67.0,70.3,20,TE,27,41.6,Dominique Byrd,SL,2,7,66.7,64.8
2007,2991,16,64.0,52.9,2,TE,84,29.9,Joe Klopfenstein,SL,5,84,57.8,46.1
2007,1469,7,64.0,57.4,0,TE,11,68.3,Aaron Walker,SL,1,32,70.6,79.6
2007,3865,1,61.9,,0,WR,5,,Derek Stanley,SL,5,0,53.7,55.0
2007,3029,3,,,1,WR,11,,Brandon Williams,SL,10,0,52.2,53.8
2007,2141,9,61.2,70.6,0,FB,32,64.7,Richard Owens,SL,2,6,61.2,54.3
2008,441,16,80.8,,59,WR,489,60.9,Torry Holt,SL,454,0,68.7,67.9
2008,4347,15,81.3,,73,WR,403,80.4,Donnie Avery,SL,346,0,72.4,72.8
2008,1745,12,46.7,57.4,19,HB,250,38.3,Steven Jackson,SL,17,0,53.3,60.8
2008,755,13,19.9,,229,WR,296,52.0,Dane Looker,SL,85,0,50.3,49.0
2008,4442,13,73.8,,103,WR,190,63.5,Keenan Burton,SL,96,0,52.2,50.6
2008,3723,10,86.7,57.9,1,HB,113,29.0,Antonio Pittman,SL,2,0,49.0,31.1
2008,3862,9,44.3,85.8,3,HB,84,83.6,Kenneth Darby,SL,2,0,58.9,59.8
2008,1114,4,71.9,79.0,49,TE,99,46.0,Randy McMichael,SL,4,59,58.4,57.3
2008,677,8,74.3,,85,WR,97,61.8,Dante' Hall,SL,16,0,62.2,60.2
2008,2991,15,20.6,75.2,75,TE,198,29.9,Joe Klopfenstein,SL,5,191,54.4,40.7
2008,3865,8,18.1,,4,WR,43,49.7,Derek Stanley,SL,41,0,52.8,60.2
2008,3309,10,69.5,72.7,15,TE,43,52.5,Daniel Fells,SL,1,24,55.0,60.2
2008,602,16,68.8,53.2,14,TE,125,49.7,Anthony Becht,SL,2,143,62.7,33.5
2008,846,5,75.5,77.9,4,HB,22,45.8,Travis Minor,SL,2,0,49.5,50.4
2008,749,11,61.9,49.8,0,FB,51,25.5,Dan Kreider,SL,3,0,43.1,28.9
2008,684,15,68.5,72.6,0,QB,2,68.3,Marc Bulger,SL,2,0,56.1,75.9
2008,161,3,,,13,WR,24,,Eddie Kennison,SL,13,0,49.1,49.9
2008,941,1,61.2,,2,WR,3,64.7,Drew Bennett,SL,1,0,59.0,59.2
2008,2599,1,68.2,70.7,0,HB,2,64.7,Sam Gado,SL,0,0,47.1,63.2
2009,4347,16,39.7,,93,WR,493,43.3,Donnie Avery,SL,420,0,61.2,60.0
2009,1745,15,80.9,67.4,21,HB,355,66.5,Steven Jackson,SL,18,0,62.3,62.6
2009,5118,10,21.7,66.0,9,WR,301,53.9,Brandon Gibson,SL,302,2,63.4,62.8
2009,4717,14,49.4,,296,WR,309,69.3,Danny Amendola,SL,24,1,58.6,58.0
2009,1114,16,28.8,73.4,73,TE,348,30.5,Randy McMichael,SL,11,333,56.3,40.0
2009,4442,9,75.7,66.1,80,WR,243,86.1,Keenan Burton,SL,177,0,67.7,66.1
2009,3309,14,24.3,52.0,52,TE,173,46.8,Daniel Fells,SL,20,111,59.7,57.4
2009,3862,16,80.7,59.2,3,HB,94,56.3,Kenneth Darby,SL,7,0,56.6,58.5
2009,3691,3,73.0,,11,WR,82,65.9,Laurent Robinson,SL,78,0,74.6,73.2
2009,2111,8,69.5,,61,WR,97,52.5,Ruvell Martin,SL,35,3,58.9,56.8
2009,2466,15,70.1,69.7,9,TE,63,54.9,Billy Bajema,SL,1,66,65.6,54.0
2009,1875,14,71.5,52.2,0,FB,89,54.5,Mike Karney,SL,0,0,67.6,44.8
2009,1053,2,61.2,,2,WR,29,28.8,Tim Carter,SL,28,0,45.0,45.4
2009,2599,11,76.0,56.0,0,HB,25,72.1,Sam Gado,SL,2,0,44.6,63.0
2009,3826,2,61.2,,1,WR,14,64.7,Jordan Kent,SL,13,0,58.8,55.3
2009,5135,2,74.1,68.3,0,HB,17,64.7,Chris Ogbonnaya,SL,1,0,59.2,61.7
2010,4717,16,57.5,,392,WR,438,71.4,Danny Amendola,SL,62,0,72.1,71.6
2010,5118,14,80.2,67.4,47,WR,422,46.9,Brandon Gibson,SL,391,2,66.8,66.6
2010,3691,14,77.8,,86,WR,442,61.9,Laurent Robinson,SL,381,0,58.0,56.8
2010,1745,16,90.5,57.3,10,HB,372,57.4,Steven Jackson,SL,18,0,62.2,52.3
2010,3309,16,78.1,55.3,121,TE,320,58.4,Daniel Fells,SL,30,265,61.5,59.8
2010,2239,5,75.4,27.4,27,WR,162,30.4,Mark Clayton,SL,142,1,68.8,70.4
2010,6106,8,74.4,,16,WR,137,58.3,Danario Alexander,SL,129,0,69.8,72.0
2010,5655,8,72.7,54.3,17,TE,75,80.6,Michael Hoomanawanui,SL,4,51,70.2,76.1
2010,2466,13,15.4,61.8,15,TE,110,51.2,Billy Bajema,SL,6,149,56.2,51.6
2010,5623,9,68.8,,41,WR,105,74.6,Mardy Gilyard,SL,68,1,59.5,59.4
2010,3862,14,81.3,67.6,8,HB,108,58.5,Kenneth Darby,SL,4,2,56.8,59.3
2010,1875,12,72.8,54.0,0,FB,55,73.4,Mike Karney,SL,0,1,48.2,54.8
2010,5693,3,64.0,,4,TE,11,68.3,Fendi Onobun,SL,4,5,64.5,65.4
2010,3377,4,,67.3,5,TE,19,27.9,Darcy Johnson,SL,0,36,51.7,31.2
2010,5821,5,77.7,27.4,1,HB,12,68.3,Keith Toston,SL,0,0,52.3,66.8
2011,1436,15,59.4,,44,WR,482,58.9,Brandon Lloyd,SL,468,0,82.4,83.1
2011,5118,15,77.9,66.8,89,WR,373,29.2,Brandon Gibson,SL,304,0,66.0,62.7
2011,1745,14,75.5,72.7,24,HB,292,74.8,Steven Jackson,SL,23,0,69.7,57.3
2011,6106,10,75.7,,39,WR,266,29.5,Danario Alexander,SL,244,0,70.4,64.9
2011,6199,15,27.0,61.5,41,TE,301,27.0,Lance Kendricks,SL,14,323,58.5,43.4
2011,6230,12,76.2,5.9,198,WR,238,55.1,Austin Pettis,SL,48,0,60.3,60.0
2011,6264,6,20.3,,124,WR,137,46.7,Greg Salas,SL,15,0,63.1,60.3
2011,2222,11,64.5,72.9,1,HB,127,38.4,Cadillac Williams,SL,7,0,65.0,41.0
2011,5655,8,69.5,76.1,22,TE,135,52.1,Michael Hoomanawanui,SL,15,172,66.5,47.4
2011,2466,16,70.6,56.6,11,TE,99,38.4,Billy Bajema,SL,7,211,53.9,39.1
2011,4717,1,68.0,,18,WR,22,45.8,Danny Amendola,SL,6,0,66.4,61.8
2011,2239,2,65.8,,24,WR,29,36.2,Mark Clayton,SL,7,0,57.1,57.5
2011,5340,12,71.4,54.6,1,FB,24,70.5,Brit Miller,SL,4,0,49.5,63.7
2011,2789,8,64.0,68.5,0,TE,17,68.3,Stephen Spach,SL,4,27,66.3,45.1
2011,5941,1,,,0,HB,1,28.0,Quinn Porter,SL,0,1,29.8,28.8
2011,5206,3,61.2,,6,WR,8,64.7,Nick Miller,SL,2,0,56.7,56.8
2011,3024,6,78.5,26.5,0,HB,15,64.7,Jerious Norwood,SL,0,0,36.2,64.6
2011,2994,3,57.9,61.3,0,QB,0,,Kellen Clemens,SL,0,0,55.1,
2012,4717,11,26.9,,274,WR,324,85.4,Danny Amendola,SL,67,1,86.5,85.3
2012,7096,15,79.0,,60,WR,367,52.2,Chris Givens,SL,325,2,71.4,70.3
2012,5118,16,79.7,,42,WR,474,60.2,Brandon Gibson,SL,457,1,76.9,77.4
2012,6199,16,78.4,68.6,180,TE,383,52.5,Lance Kendricks,SL,14,236,68.4,63.5
2012,1745,16,91.3,77.0,9,HB,323,59.3,Steven Jackson,SL,21,0,75.2,57.9
2012,6230,14,76.8,,168,WR,270,78.4,Austin Pettis,SL,113,1,69.1,68.3
2012,7233,15,29.6,40.2,5,HB,148,62.5,Daryl Richardson,SL,10,0,56.9,48.7
2012,7037,15,71.5,,10,WR,117,43.8,Brian Quick,SL,114,0,59.2,57.4
2012,3667,9,73.0,,75,WR,135,38.6,Steve Smith,SL,67,0,57.0,58.2
2012,4701,16,70.1,74.7,9,TE,89,76.5,Matthew Mulligan,SL,5,122,78.1,64.6
2012,6787,13,67.0,75.5,35,TE,84,72.1,Mike McNeill,SL,15,35,54.6,51.4
2012,7053,13,22.5,75.5,5,HB,25,70.5,Isaiah Pead,SL,7,1,55.0,35.2
2012,7306,3,61.2,,6,TE,12,64.7,Cory Harkey,SL,0,6,68.0,65.1
2012,5340,9,,34.6,0,FB,33,27.9,Brit Miller,SL,2,0,55.1,32.5
2013,5012,16,50.1,77.7,221,TE,400,38.3,Jared Cook,SL,50,150,65.2,68.6
2013,7096,16,29.5,,64,WR,438,30.0,Chris Givens,SL,401,0,61.0,60.2
2013,7789,13,44.7,,257,WR,303,51.4,Tavon Austin,SL,61,0,70.0,65.3
2013,6230,16,78.6,49.8,167,WR,376,73.0,Austin Pettis,SL,227,5,66.7,66.0
2013,6199,15,77.0,78.5,52,TE,182,69.5,Lance Kendricks,SL,7,166,77.6,75.8
2013,7037,16,73.9,,25,WR,220,32.2,Brian Quick,SL,209,0,62.4,61.5
2013,7942,14,84.3,86.9,4,HB,215,55.1,Zac Stacy,SL,12,1,69.6,53.4
2013,7873,10,74.7,,21,WR,117,82.7,Stedman Bailey,SL,103,0,70.9,71.0
2013,7233,8,85.8,55.8,7,HB,90,40.1,Daryl Richardson,SL,8,1,56.4,56.1
2013,7306,15,72.3,80.3,3,FB,69,48.0,Cory Harkey,SL,5,29,67.7,68.4
2013,7053,7,77.5,65.9,6,HB,63,79.4,Isaiah Pead,SL,14,0,65.4,71.2
2013,8283,11,29.5,49.8,1,HB,58,75.9,Benny Cunningham,SL,5,0,54.8,60.3
2013,6787,6,61.2,75.4,0,TE,3,64.7,Mike McNeill,SL,0,4,58.7,57.7
2014,5012,16,80.3,73.2,245,TE,403,62.4,Jared Cook,SL,38,152,72.5,70.8
2014,4953,16,79.5,,57,WR,465,71.1,Kenny Britt,SL,442,1,74.6,74.8
2014,8283,16,54.2,56.8,11,HB,235,90.3,Benny Cunningham,SL,8,2,65.0,81.2
2014,7789,15,69.8,,187,WR,324,61.3,Tavon Austin,SL,155,0,59.3,56.0
2014,7873,14,81.4,,136,WR,274,70.3,Stedman Bailey,SL,153,2,74.8,73.5
2014,7037,7,75.8,,15,WR,194,63.4,Brian Quick,SL,190,0,72.6,73.9
2014,6199,16,75.9,56.6,75,TE,206,75.5,Lance Kendricks,SL,6,175,71.1,70.0
2014,8710,12,64.2,61.1,1,HB,120,55.6,Tre Mason,SL,5,0,65.8,57.1
2014,7942,12,35.8,83.7,2,HB,93,57.1,Zac Stacy,SL,0,0,63.6,65.9
2014,6230,5,72.9,,94,WR,112,45.7,Austin Pettis,SL,22,0,63.1,62.5
2014,7096,14,76.1,,26,WR,120,80.6,Chris Givens,SL,104,0,56.2,55.0
2014,7306,16,70.1,41.9,3,FB,73,76.5,Cory Harkey,SL,4,7,70.1,72.5
2014,8950,5,72.7,,1,HB,7,70.5,Trey Watts,SL,1,0,59.7,68.6
2014,5601,1,61.2,,1,WR,1,64.7,Damian Williams,SL,0,0,88.1,78.3
2014,1255,8,36.1,,0,QB,0,,Shaun Hill,SL,0,0,60.3,
2015,7789,16,76.1,73.0,95,WR,416,53.5,Tavon Austin,SL,336,1,69.5,63.1
2015,4953,16,77.6,,28,WR,365,47.3,Kenny Britt,SL,359,0,72.6,73.3
2015,5012,16,22.9,59.0,182,TE,363,29.9,Jared Cook,SL,33,178,57.4,56.6
2015,6199,15,75.5,72.9,44,TE,170,42.9,Lance Kendricks,SL,3,164,62.7,56.5
2015,8283,16,36.2,73.5,0,HB,156,55.1,Benny Cunningham,SL,6,0,61.0,75.5
2015,7037,13,71.1,,12,WR,161,28.1,Brian Quick,SL,157,0,53.9,51.4
2015,9443,13,62.2,52.2,1,HB,146,84.1,Todd Gurley II,SL,9,0,72.9,69.1
2015,9914,12,72.7,,94,WR,120,80.6,Bradley Marquez,SL,24,2,63.3,60.2
2015,7873,8,71.9,,120,WR,149,45.7,Stedman Bailey,SL,33,2,59.4,56.6
2015,8710,12,26.3,69.6,1,HB,71,69.0,Tre Mason,SL,2,0,60.1,68.3
2015,2204,8,74.0,,72,WR,73,63.2,Wes Welker,SL,5,1,66.4,65.8
2015,7306,16,68.0,67.9,3,FB,50,73.4,Cory Harkey,SL,7,25,67.2,57.1
2015,8458,4,61.2,,0,S,2,28.9,Cody Davis,SL,0,0,59.4,56.9
2015,9902,1,69.4,69.4,0,HB,3,64.7,Malcolm Brown,SL,0,0,58.4,62.8
2006,117,16,80.9,67.5,126,WR,563,41.1,Joey Galloway,TB,455,0,71.4,72.1
2006,382,16,85.5,69.1,24,HB,268,37.4,Michael Pittman,TB,56,0,58.0,57.6
2006,1736,12,22.5,62.3,110,WR,354,61.3,Michael Clayton,TB,260,0,63.0,63.2
2006,2288,14,28.4,79.4,55,TE,347,70.8,Alex Smith,TB,44,343,59.9,54.8
2006,233,16,28.9,,213,WR,325,80.4,Ike Hilliard,TB,118,1,61.2,61.4
2006,2222,14,71.4,66.7,8,HB,197,39.8,Cadillac Williams,TB,15,0,55.8,44.8
2006,170,16,57.0,81.0,2,FB,155,30.4,Mike Alstott,TB,16,4,55.0,46.3
2006,602,16,23.9,72.4,25,TE,191,83.2,Anthony Becht,TB,11,269,55.3,43.3
2006,3035,7,71.5,,18,WR,90,54.5,Maurice Stovall,TB,75,0,64.5,59.9
2006,2442,6,68.0,,12,WR,32,73.4,Paris Warren,TB,20,0,72.7,71.9
2006,1613,8,74.1,83.1,1,HB,16,64.7,Earnest Graham,TB,0,3,65.0,54.0
2006,1062,11,61.2,57.7,2,TE,23,64.7,Doug Jolley,TB,9,18,51.4,50.0
2006,294,8,61.2,78.3,0,FB,8,64.7,Jerald Sowell,TB,0,0,52.1,59.0
2006,30,6,18.4,75.7,3,TE,9,64.7,Dave Moore,TB,1,12,46.7,28.5
2007,117,16,80.4,,100,WR,481,62.3,Joey Galloway,TB,401,0,77.4,78.2
2007,233,16,46.9,71.0,228,WR,435,61.8,Ike Hilliard,TB,221,2,75.1,72.9
2007,1613,16,85.0,75.9,7,HB,300,41.8,Earnest Graham,TB,13,1,62.5,49.4
2007,2288,15,77.4,53.4,51,TE,341,53.9,Alex Smith,TB,32,327,66.5,64.7
2007,1736,15,27.5,,46,WR,280,33.6,Michael Clayton,TB,245,0,60.8,58.1
2007,382,11,62.3,77.1,5,HB,137,68.2,Michael Pittman,TB,16,2,60.2,61.0
2007,1035,15,24.3,77.8,63,TE,219,83.6,Jerramy Stevens,TB,42,136,60.6,60.1
2007,1400,14,74.8,81.5,7,FB,124,70.7,B.J. Askew,TB,13,9,88.2,83.8
2007,797,13,29.5,57.3,7,HB,73,54.3,Michael Bennett,TB,3,0,58.9,55.7
2007,3035,13,71.5,,57,WR,143,78.7,Maurice Stovall,TB,91,0,60.2,59.0
2007,602,17,68.0,49.1,5,TE,82,45.8,Anthony Becht,TB,8,107,69.3,43.9
2007,3271,5,18.7,,14,WR,26,72.1,Brian Clark,TB,12,1,41.9,42.1
2007,2109,2,68.0,65.3,6,WR,27,73.4,Chad Lucas,TB,23,0,73.0,72.0
2007,2222,4,26.6,30.5,2,HB,27,28.0,Cadillac Williams,TB,0,0,45.7,24.4
2007,3862,1,67.8,69.4,0,HB,8,68.3,Kenneth Darby,TB,2,0,61.8,68.3
2007,4125,5,64.0,46.3,0,FB,24,30.0,Byron Storer,TB,1,4,70.0,36.0
2007,3517,2,,,5,WR,19,,Micheal Spurlock,TB,14,0,47.6,53.1
2008,1070,16,54.0,,177,WR,550,48.5,Antonio Bryant,TB,397,0,82.9,82.0
2008,236,15,90.7,53.6,10,HB,300,49.1,Warrick Dunn,TB,10,0,58.1,54.8
2008,1736,15,30.1,68.2,174,WR,455,34.0,Michael Clayton,TB,297,1,63.4,56.8
2008,1035,14,77.4,42.4,49,TE,319,46.4,Jerramy Stevens,TB,46,247,56.1,54.1
2008,233,16,50.2,,284,WR,329,86.2,Ike Hilliard,TB,63,0,72.7,72.9
2008,2288,14,75.0,51.8,39,TE,238,28.9,Alex Smith,TB,21,207,68.6,59.8
2008,1613,10,57.2,86.1,10,HB,195,40.4,Earnest Graham,TB,11,0,60.5,43.9
2008,117,9,72.3,,66,WR,140,63.5,Joey Galloway,TB,82,0,58.0,56.1
2008,1176,16,73.0,77.2,15,TE,137,65.6,John Gilmore,TB,4,156,85.0,59.2
2008,1400,10,75.6,64.2,7,FB,98,49.6,B.J. Askew,TB,5,4,63.8,47.5
2008,2222,6,33.3,78.2,0,HB,29,75.6,Cadillac Williams,TB,0,0,55.0,48.6
2008,3035,4,14.2,,14,WR,18,28.0,Maurice Stovall,TB,5,0,41.1,36.7
2008,4854,7,14.7,72.9,4,HB,25,41.6,Clifton Smith,TB,5,0,39.8,38.6
2008,904,4,65.8,75.6,1,FB,23,36.2,Jameel Cook,TB,0,2,58.5,47.9
2008,3271,3,61.2,,8,WR,14,64.7,Brian Clark,TB,6,0,62.3,61.8
2009,1727,16,82.1,70.3,232,TE,509,69.8,Kellen Winslow,TB,31,295,73.1,75.1
2009,1070,13,78.0,,46,WR,427,42.4,Antonio Bryant,TB,403,0,65.1,64.8
2009,5157,13,76.6,,202,WR,247,58.7,Sammie Stroughter,TB,56,0,68.4,68.0
2009,2256,13,76.2,,78,WR,264,27.6,Mark Bradley,TB,204,0,52.9,51.3
2009,1736,12,73.6,,114,WR,386,28.6,Michael Clayton,TB,298,0,53.3,51.5
2009,3035,11,75.3,,52,WR,308,51.8,Maurice Stovall,TB,266,1,63.4,61.9
2009,2222,16,81.8,55.8,2,HB,246,58.3,Cadillac Williams,TB,5,0,60.0,57.0
2009,1035,16,73.0,29.0,46,TE,182,51.5,Jerramy Stevens,TB,24,155,46.2,47.9
2009,1949,14,70.1,71.4,0,HB,135,83.6,Derrick Ward,TB,5,0,58.0,64.6
2009,1613,13,77.7,73.0,1,FB,87,49.6,Earnest Graham,TB,1,1,70.8,48.2
2009,3271,13,68.8,,28,WR,77,29.8,Brian Clark,TB,53,0,51.4,52.1
2009,1176,11,65.8,79.0,2,TE,28,70.5,John Gilmore,TB,1,47,72.9,46.5
2009,4854,4,16.4,72.3,0,HB,19,68.3,Clifton Smith,TB,4,0,40.6,55.9
2009,1400,5,66.2,79.0,1,FB,24,68.3,B.J. Askew,TB,0,1,57.8,55.4
2009,3690,5,64.6,,1,WR,11,64.7,Yamon Figurs,TB,10,0,51.5,54.7
2009,5347,6,64.6,77.2,0,FB,22,64.7,Chris Pressley,TB,0,1,58.6,52.9
2009,3459,16,62.3,70.6,0,T,0,67.6,Donald Penn,TB,0,0,73.9,91.3
2010,5625,16,23.5,,32,WR,549,32.5,Mike Williams,TB,539,1,74.7,72.7
2010,1727,16,57.3,61.4,240,TE,464,80.0,Kellen Winslow,TB,26,235,74.7,79.6
2010,2222,16,74.9,67.3,8,HB,276,55.2,Cadillac Williams,TB,13,0,63.5,59.7
2010,5157,12,76.0,,238,WR,296,74.9,Sammie Stroughter,TB,68,0,60.4,59.5
2010,5564,14,28.0,,26,WR,169,74.2,Arrelious Benn,TB,151,0,81.0,76.0
2010,3517,16,74.5,,34,WR,254,68.7,Micheal Spurlock,TB,235,0,64.6,64.2
2010,1613,12,30.1,45.5,2,FB,79,67.7,Earnest Graham,TB,1,0,55.7,61.6
2010,1176,16,72.9,55.1,16,TE,84,65.3,John Gilmore,TB,0,138,78.1,80.2
2010,3035,7,69.5,65.7,7,WR,34,75.6,Maurice Stovall,TB,29,0,77.2,71.0
2010,5950,6,68.3,,52,WR,69,72.1,Preston Parker,TB,23,0,53.9,55.6
2010,5863,13,56.7,51.4,1,HB,90,45.8,LeGarrette Blount,TB,5,0,86.4,33.8
2010,5403,10,68.0,60.8,9,TE,28,73.4,Ryan Purvis,TB,1,25,71.4,74.4
2010,5714,2,68.8,,6,WR,38,74.6,Dezmon Briscoe,TB,33,0,76.4,75.4
2010,1035,5,67.0,71.9,20,TE,37,42.1,Jerramy Stevens,TB,3,21,48.1,49.1
2010,5414,3,69.4,46.5,3,HB,4,64.7,Kareem Huggins,TB,0,0,64.3,75.0
2010,5775,6,61.2,42.3,0,FB,24,64.7,Erik Lorig,TB,0,1,59.5,59.2
2010,3459,16,62.3,67.4,0,T,1,67.6,Donald Penn,TB,0,1,73.3,91.0
2010,4474,10,76.3,60.9,0,QB,5,,Josh Johnson,TB,4,0,65.7,54.5
2010,4714,3,64.6,,2,HB,4,64.7,Kregg Lumpkin,TB,0,0,90.8,92.7
2011,5625,16,27.3,,46,WR,628,40.0,Mike Williams,TB,627,0,62.5,63.2
2011,1727,16,28.6,79.3,182,TE,538,74.6,Kellen Winslow,TB,34,390,67.4,69.2
2011,5950,16,78.5,,372,WR,382,59.3,Preston Parker,TB,35,0,63.9,64.8
2011,5564,14,78.1,68.1,55,WR,278,28.6,Arrelious Benn,TB,245,1,61.4,60.6
2011,5714,16,77.4,,34,WR,371,71.4,Dezmon Briscoe,TB,362,0,61.3,60.8
2011,4714,15,83.3,35.2,2,HB,197,75.6,Kregg Lumpkin,TB,4,0,58.4,69.8
2011,1613,7,27.5,85.5,0,HB,106,66.0,Earnest Graham,TB,2,1,69.1,55.9
2011,5863,14,28.5,66.2,1,HB,116,67.7,LeGarrette Blount,TB,1,0,71.0,40.6
2011,6256,14,72.3,69.7,9,TE,91,48.0,Luke Stocker,TB,1,129,68.5,55.1
2011,6730,5,77.3,41.9,0,HB,38,78.0,Mossis Madu,TB,0,0,67.0,66.6
2011,5775,15,68.8,52.6,1,FB,59,74.6,Erik Lorig,TB,2,0,69.3,61.2
2011,5157,6,67.0,,51,WR,51,42.1,Sammie Stroughter,TB,5,0,53.3,52.1
2011,3517,9,65.7,,19,WR,34,68.3,Micheal Spurlock,TB,15,0,48.3,47.9
2011,6681,10,67.0,74.2,11,TE,33,72.1,Zack Pianalto,TB,1,30,63.6,60.7
2011,4474,6,80.8,,0,QB,4,,Josh Johnson,TB,4,0,59.7,56.3
2011,6915,2,,68.2,0,TE,7,,Collin Franklin,TB,0,8,51.4,47.7
2012,2278,16,81.5,,223,WR,587,70.4,Vincent Jackson,TB,392,0,89.6,89.6
2012,5625,16,80.9,,44,WR,568,54.9,Mike Williams,TB,550,3,78.8,77.5
2012,1340,16,79.0,57.9,234,TE,381,70.6,Dallas Clark,TB,19,161,69.3,68.8
2012,7035,16,89.5,61.6,5,HB,334,46.4,Doug Martin,TB,13,1,79.1,69.8
2012,5177,14,76.4,,167,WR,328,46.5,Tiquan Underwood,TB,176,0,62.8,62.2
2012,6256,16,73.3,65.5,50,TE,151,66.7,Luke Stocker,TB,10,186,77.3,60.0
2012,4095,16,76.8,80.0,2,HB,76,35.8,Danny Ware,TB,4,0,63.0,49.8
2012,5775,16,72.3,74.4,4,FB,109,63.2,Erik Lorig,TB,10,1,61.5,60.1
2012,5564,7,70.9,,18,WR,50,46.3,Arrelious Benn,TB,33,2,60.4,61.4
2012,5705,11,65.8,78.3,1,TE,20,70.5,Nate Byham,TB,0,44,89.5,80.0
2012,7276,3,61.2,,1,WR,10,64.7,Chris Owusu,TB,9,0,72.9,65.5
2012,5950,2,61.9,,19,WR,18,,Preston Parker,TB,0,0,54.2,51.3
2012,5157,1,61.2,,5,WR,9,64.7,Sammie Stroughter,TB,4,0,64.7,64.0
2012,5863,11,82.0,63.2,0,HB,23,64.7,LeGarrette Blount,TB,2,0,62.9,52.6
2013,2278,16,56.0,,222,WR,551,31.6,Vincent Jackson,TB,366,3,79.1,79.5
2013,8392,16,79.8,64.4,272,TE,386,66.9,Tim Wright,TB,4,159,66.7,69.5
2013,5177,12,75.5,,86,WR,354,52.7,Tiquan Underwood,TB,292,0,65.8,65.2
2013,5625,6,74.9,,21,WR,226,72.1,Mike Williams,TB,219,0,62.2,64.2
2013,3668,16,84.6,83.0,3,HB,150,78.3,Brian Leonard,TB,3,6,79.2,81.1
2013,7035,6,71.7,61.6,1,HB,105,29.0,Doug Martin,TB,9,0,60.0,42.8
2013,7276,9,72.3,,80,WR,192,80.0,Chris Owusu,TB,123,1,53.5,54.0
2013,7511,12,77.3,59.5,1,HB,106,82.4,Bobby Rainey Jr.,TB,1,1,80.5,75.7
2013,5775,15,71.8,77.8,6,FB,72,79.6,Erik Lorig,TB,10,13,74.0,54.3
2013,7970,6,85.1,81.4,1,HB,55,58.5,Mike James,TB,2,0,87.6,55.1
2013,8539,9,44.6,,10,WR,40,42.1,Eric Page,TB,32,0,63.4,59.1
2013,8453,7,73.3,,19,WR,54,70.5,Skye Dawson,TB,41,0,60.6,57.6
2013,5458,7,67.0,64.0,21,TE,44,41.6,Tom Crabtree,TB,5,53,59.3,52.3
2013,5705,4,65.8,67.0,15,TE,30,70.5,Nate Byham,TB,7,27,66.0,65.5
2013,7760,2,73.4,,2,HB,8,70.5,Jeff Demps,TB,1,0,79.0,86.5
2013,8302,1,74.1,79.7,0,HB,6,68.3,Michael Hill,TB,0,0,56.9,66.1
2013,3459,16,61.2,75.9,0,T,1,64.7,Donald Penn,TB,0,0,78.7,58.5
2014,2278,16,48.1,,150,WR,579,57.5,Vincent Jackson,TB,471,0,75.7,75.1
2014,8642,15,81.3,,151,WR,510,80.8,Mike Evans,TB,393,0,84.6,84.0
2014,5048,11,29.4,,204,WR,326,48.1,Louis Murphy Jr.,TB,149,0,60.5,60.7
2014,7511,12,35.1,52.0,3,HB,189,61.6,Bobby Rainey Jr.,TB,4,0,57.5,54.4
2014,8673,9,24.6,62.9,116,TE,237,59.2,Austin Seferian-Jenkins,TB,42,138,61.6,58.2
2014,5126,14,75.2,38.5,135,TE,242,73.4,Brandon Myers,TB,40,93,55.0,50.3
2014,8704,8,32.8,60.2,6,HB,115,59.2,Charles Sims,TB,7,0,52.5,64.2
2014,7035,11,90.0,38.9,4,HB,121,81.1,Doug Martin,TB,6,0,58.7,64.4
2014,6256,11,69.5,19.1,64,TE,150,75.6,Luke Stocker,TB,22,72,56.2,47.0
2014,8820,7,69.8,,55,WR,86,28.0,Robert Herron,TB,42,0,46.7,47.5
2014,8254,7,68.3,,38,WR,81,72.1,Russell Shepard,TB,46,0,64.2,58.9
2014,7943,2,64.0,,2,WR,21,29.9,Tavarres King,TB,20,0,54.3,53.7
2014,7970,7,26.0,23.5,1,HB,18,68.3,Mike James,TB,1,0,56.2,28.4
2014,7002,8,68.2,64.0,3,FB,30,64.7,Jorvorskie Lane,TB,3,0,69.0,50.7
2014,9207,2,61.2,,5,TE,14,64.7,Cameron Brate,TB,2,6,64.3,63.5
2015,8642,15,81.8,,109,WR,506,28.9,Mike Evans,TB,443,0,83.6,85.7
2015,8704,16,61.2,87.8,19,HB,246,87.9,Charles Sims,TB,36,3,85.5,90.7
2015,2278,10,81.3,,81,WR,285,80.4,Vincent Jackson,TB,228,4,79.8,77.6
2015,7035,16,47.9,65.6,4,HB,209,69.6,Doug Martin,TB,1,0,84.0,59.9
2015,10075,13,76.1,70.1,224,WR,290,66.0,Adam Humphries,TB,81,12,63.5,61.9
2015,8673,7,74.6,76.0,94,TE,143,37.3,Austin Seferian-Jenkins,TB,25,43,76.5,78.4
2015,9207,14,75.5,63.7,147,TE,206,85.7,Cameron Brate,TB,28,53,66.8,67.0
2015,10074,9,73.5,62.3,49,WR,249,31.6,Donteea Dye Jr.,TB,222,1,53.7,52.8
2015,5048,6,71.1,,82,WR,138,58.5,Louis Murphy Jr.,TB,64,4,64.3,62.4
2015,5126,11,71.9,66.7,79,TE,143,46.3,Brandon Myers,TB,13,80,60.2,52.3
2015,6256,14,70.6,75.3,31,TE,111,56.7,Luke Stocker,TB,11,131,66.0,51.0
2015,8254,12,68.0,,48,WR,102,29.2,Russell Shepard,TB,61,1,58.0,51.6
2015,7511,11,30.4,84.7,1,HB,13,70.5,Bobby Rainey Jr.,TB,3,0,50.3,72.0
2015,7002,15,67.4,61.9,0,FB,34,70.5,Jorvorskie Lane,TB,1,1,67.2,53.4
2016,8642,16,83.5,,123,WR,579,66.9,Mike Evans,TB,507,0,91.7,91.5
2016,9207,15,41.8,74.8,285,TE,403,82.5,Cameron Brate,TB,46,129,80.5,81.1
2016,10075,15,68.1,67.8,364,WR,440,76.7,Adam Humphries,TB,107,7,66.0,65.8
2016,8254,14,75.6,,59,WR,227,73.7,Russell Shepard,TB,174,7,78.4,75.5
2016,2278,5,73.6,,53,WR,200,41.9,Vincent Jackson,TB,166,2,60.8,57.0
2016,8704,7,55.2,66.4,8,HB,123,75.0,Charles Sims,TB,20,1,58.7,68.0
2016,6266,9,72.4,,51,WR,162,60.6,Cecil Shorts,TB,130,0,60.7,60.3
2016,8721,10,80.3,,48,WR,83,54.5,Josh Huff,TB,41,0,63.6,65.0
2016,7035,8,73.8,82.7,3,HB,106,66.1,Doug Martin,TB,3,0,61.7,58.9
2016,6297,10,89.9,67.7,2,HB,142,80.6,Jacquizz Rodgers,TB,3,0,72.8,62.5
2016,5126,16,70.6,73.8,51,TE,139,56.7,Brandon Myers,TB,12,133,52.2,50.5
2016,9292,13,70.1,,17,WR,86,76.5,Freddie Martino,TB,79,1,66.2,66.9
2016,5440,3,15.9,75.6,1,HB,35,49.7,Antone Smith,TB,15,0,48.1,51.2
2016,6256,11,68.0,44.3,8,TE,70,73.4,Luke Stocker,TB,2,82,55.1,54.8
2016,10931,13,68.8,77.1,6,TE,60,74.6,Alan Cross,TB,9,32,66.1,52.8
2016,10927,10,84.0,47.2,0,HB,50,46.3,Peyton Barber,TB,12,0,59.4,43.9
2016,7970,3,71.1,79.1,0,HB,36,41.6,Mike James,TB,7,0,52.5,43.7
2017,8642,15,81.7,,132,WR,591,77.0,Mike Evans,TB,496,0,79.3,78.7
2017,4363,14,79.9,,93,WR,436,86.6,DeSean Jackson,TB,371,0,76.8,76.8
2017,10075,16,50.3,,438,WR,499,70.3,Adam Humphries,TB,88,3,63.0,62.4
2017,9207,16,79.1,35.6,245,TE,393,70.9,Cameron Brate,TB,65,124,73.6,74.8
2017,11839,16,77.5,,53,WR,259,70.5,Chris Godwin,TB,217,4,81.9,80.3
2017,8704,16,45.6,58.5,11,HB,240,64.2,Charles Sims,TB,43,3,57.3,61.0
2017,11774,14,15.4,63.5,97,TE,233,75.5,O.J. Howard,TB,17,215,61.4,64.8
2017,10927,13,48.2,39.4,2,HB,90,67.0,Peyton Barber,TB,10,0,67.4,59.2
2017,7035,11,73.3,75.4,0,HB,91,28.4,Doug Martin,TB,6,0,53.3,41.6
2017,6297,13,86.5,57.4,1,HB,68,57.0,Jacquizz Rodgers,TB,3,0,59.7,60.7
2017,10931,8,68.0,27.4,9,FB,47,45.8,Alan Cross,TB,6,12,60.6,60.2
2017,9292,7,68.0,,2,WR,28,73.4,Freddie Martino,TB,27,0,76.5,76.6
2017,24606,7,64.0,32.2,3,TE,43,68.3,Antony Auclair,TB,2,56,50.7,57.8
2017,12067,3,68.2,,3,WR,6,64.7,Bobo Wilson,TB,3,0,63.9,69.4
2017,10944,5,61.2,67.4,0,T,2,64.7,Leonard Wester,TB,0,7,71.2,89.6
2018,8642,16,53.8,65.9,120,WR,637,55.7,Mike Evans,TB,558,1,84.3,84.2
2018,10075,16,87.5,,507,WR,567,84.2,Adam Humphries,TB,92,2,75.2,74.0
2018,11839,16,18.7,,133,WR,451,90.0,Chris Godwin,TB,348,2,80.4,79.6
2018,4363,12,81.0,,59,WR,341,74.8,DeSean Jackson,TB,301,0,79.4,80.8
2018,9207,16,27.7,70.1,226,TE,368,59.7,Cameron Brate,TB,43,132,53.1,52.4
2018,11774,10,77.3,75.4,145,TE,253,70.8,O.J. Howard,TB,23,123,88.9,90.0
2018,6297,16,52.6,49.7,0,HB,234,90.0,Jacquizz Rodgers,TB,6,1,65.1,68.5
2018,10927,16,81.4,59.7,4,HB,270,59.2,Peyton Barber,TB,21,0,66.8,49.1
2018,34001,8,78.8,70.8,0,HB,54,31.8,Ronald Jones,TB,16,0,48.8,41.5
2018,24606,16,71.7,61.0,11,TE,84,75.6,Antony Auclair,TB,2,124,45.2,44.8
2018,45993,5,76.6,,0,HB,16,70.5,Shaun Wilson,TB,5,0,58.0,58.0
2018,12067,5,76.4,,17,WR,44,72.1,Bobo Wilson,TB,32,0,59.5,59.4
2018,10931,14,64.0,55.9,5,TE,36,29.9,Alan Cross,TB,1,3,47.7,42.9
2018,66915,10,61.2,,9,WR,30,64.7,Justin Watson,TB,24,0,54.4,51.2
2018,9292,3,,,1,WR,11,,Freddie Martino,TB,10,0,54.6,54.1
2019,8642,13,81.4,69.6,158,WR,502,58.9,Mike Evans,TB,380,1,85.7,85.2
2019,11839,14,82.8,73.2,402,WR,596,90.8,Chris Godwin,TB,221,10,90.7,90.4
2019,9459,14,77.9,,113,WR,449,80.4,Breshad Perriman,TB,359,0,72.8,72.3
2019,11774,14,28.4,54.5,151,TE,377,53.4,O.J. Howard,TB,34,286,54.7,58.8
2019,9207,16,77.6,56.6,113,TE,291,67.9,Cameron Brate,TB,49,151,66.3,66.1
2019,12329,16,26.3,51.3,9,HB,223,70.8,Dare Ogunbowale,TB,23,1,60.3,62.6
2019,34001,16,47.4,38.4,6,HB,170,68.8,Ronald Jones,TB,8,0,67.6,59.8
2019,66915,8,77.5,66.3,75,WR,146,51.2,Justin Watson,TB,76,2,63.9,62.5
2019,47481,9,73.3,,46,WR,137,80.0,Scott Miller,TB,103,0,63.3,62.1
2019,10927,16,75.7,59.6,8,HB,110,81.7,Peyton Barber,TB,2,0,64.9,66.2
2019,12067,5,81.6,,10,WR,68,70.5,Bobo Wilson,TB,59,1,57.7,58.4
2019,66924,8,64.0,74.6,24,TE,64,27.3,Tanner Hudson,TB,14,33,44.4,40.3
2019,28621,2,64.0,,9,WR,40,29.9,Ishmael Hyman,TB,31,0,57.4,57.6
2019,24606,8,61.2,58.2,0,TE,31,64.7,Antony Auclair,TB,0,65,38.0,47.7
2019,11935,8,83.5,,0,HB,11,68.3,T.J. Logan,TB,7,0,55.4,60.0
2019,66966,1,61.2,,0,TE,2,64.7,Codey McElroy,TB,1,1,93.0,92.6
2019,48956,2,61.2,66.4,0,DI,1,64.7,Vita Vea,TB,0,1,65.2,81.0
2019,12077,2,61.2,,0,WR,4,64.7,Cyril Grayson,TB,4,0,58.1,58.2
2020,8642,20,82.1,,280,WR,696,47.1,Mike Evans,TB,459,0,74.9,75.1
2020,11839,16,52.9,68.4,395,WR,568,53.7,Chris Godwin,TB,197,9,76.0,75.4
2020,5567,20,40.3,59.0,78,TE,477,73.9,Rob Gronkowski,TB,40,491,70.9,78.4
2020,5718,11,81.0,,66,WR,293,87.4,Antonio Brown,TB,246,0,82.2,82.6
2020,11759,16,90.6,28.4,10,HB,318,47.0,Leonard Fournette,TB,29,0,65.5,58.9
2020,47481,20,78.5,,89,WR,345,67.9,Scott Miller,TB,283,0,68.2,67.9
2020,9207,19,29.9,49.5,81,TE,241,90.2,Cameron Brate,TB,51,126,69.2,76.7
2020,34001,17,71.2,46.8,15,HB,203,30.1,Ronald Jones,TB,19,0,74.6,29.6
2020,48054,18,73.0,65.9,87,WR,193,38.1,Tyler Johnson,TB,115,2,59.0,59.9
2020,11774,4,71.5,76.2,21,TE,61,60.2,O.J. Howard,TB,11,39,80.1,85.3
2020,4976,11,76.7,53.8,3,HB,72,51.2,LeSean McCoy,TB,11,0,58.9,63.9
2020,66915,6,72.6,70.2,57,WR,89,75.6,Justin Watson,TB,39,1,59.6,58.8
2020,45866,6,23.0,84.3,1,HB,51,27.5,Ke'Shawn Vaughn,TB,2,0,55.0,26.3
2020,11371,4,89.0,,21,WR,37,75.6,Jaydon Mickens,TB,21,0,73.5,71.3
2020,66924,10,65.8,73.2,9,TE,35,70.5,Tanner Hudson,TB,9,20,58.0,65.0
2020,12077,3,62.8,,5,WR,23,27.9,Cyril Grayson,TB,21,0,34.7,41.3
2020,10789,12,,39.2,0,G,4,,Joe Haeg,TB,0,37,57.3,49.4
2020,7963,1,81.3,,1,HB,4,,Kenjon Barner,TB,0,0,58.3,56.3
2020,24606,7,,28.3,2,TE,8,,Antony Auclair,TB,2,21,43.3,50.9
2021,8642,18,83.0,,256,WR,719,72.5,Mike Evans,TB,491,0,75.4,75.1
2021,11839,14,33.9,69.6,411,WR,560,80.7,Chris Godwin,TB,168,3,81.3,79.4
2021,5567,14,80.7,70.1,142,TE,473,65.6,Rob Gronkowski,TB,66,307,75.9,83.4
2021,11759,15,83.0,56.3,7,HB,404,62.1,Leonard Fournette,TB,49,1,75.1,64.8
2021,48054,19,78.5,,209,WR,460,43.4,Tyler Johnson,TB,267,1,53.9,54.2
2021,5718,7,78.6,,42,WR,195,75.5,Antonio Brown,TB,160,0,87.4,87.1
2021,9207,19,77.1,48.3,166,TE,359,70.1,Cameron Brate,TB,70,127,57.2,57.8
2021,7818,14,47.5,64.5,10,HB,136,65.8,Giovani Bernard,TB,15,0,65.1,62.2
2021,11774,19,73.6,31.4,31,TE,158,82.2,O.J. Howard,TB,15,142,50.1,63.0
2021,9459,7,72.5,,17,WR,143,31.3,Breshad Perriman,TB,130,0,57.2,56.5
2021,47481,10,73.6,,47,WR,155,78.0,Scott Miller,TB,112,0,56.1,53.3
2021,12077,5,73.1,,19,WR,72,78.0,Cyril Grayson,TB,55,0,72.5,72.5
2021,34001,16,45.0,12.4,4,HB,92,60.2,Ronald Jones,TB,10,0,62.3,55.3
2021,61522,10,88.2,,14,WR,62,74.6,Jaelon Darden,TB,49,0,52.0,50.6
2021,45866,7,83.7,79.3,3,HB,71,29.7,Ke'Shawn Vaughn,TB,0,0,65.2,34.2
2021,7829,8,82.1,57.5,4,HB,81,45.8,Le'Veon Bell,TB,9,0,63.3,52.6
2021,8549,9,67.0,83.8,19,TE,58,72.1,Darren Fells,TB,11,48,56.9,51.9
2021,8726,5,,,9,WR,18,,John Brown,TB,9,0,51.6,51.8
2021,29556,1,61.2,0.0,0,TE,5,64.7,Deon Yelder,TB,2,3,41.6,56.0
2022,11839,16,38.7,73.9,498,WR,640,85.9,Chris Godwin,TB,182,1,75.7,76.8
2022,8642,16,82.4,,189,WR,688,75.1,Mike Evans,TB,540,0,74.2,75.7
2022,11759,17,90.9,27.0,6,HB,419,76.7,Leonard Fournette,TB,17,0,66.4,77.9
2022,44771,14,40.0,,144,WR,404,61.2,Russell Gage,TB,280,0,65.3,64.5
2022,61071,17,79.8,79.3,283,TE,510,64.5,Cade Otton,TB,60,225,58.2,56.6
2022,131633,18,49.3,48.9,10,HB,291,81.4,Rachaad White,TB,15,0,68.2,71.6
2022,6158,11,78.0,,81,WR,280,88.3,Julio Jones,TB,220,0,66.0,65.3
2022,47481,15,75.4,,49,WR,195,72.8,Scott Miller,TB,157,0,55.6,55.1
2022,9207,12,74.6,79.1,153,TE,261,59.2,Cameron Brate,TB,54,70,53.4,54.5
2022,9459,11,19.9,,45,WR,138,56.7,Breshad Perriman,TB,100,0,51.7,54.7
2022,41372,17,70.6,68.6,0,TE,66,31.8,Ko Kieft,TB,1,65,62.7,58.6
2022,84480,5,43.1,,7,WR,45,73.4,Deven Thompkins,TB,38,0,58.8,55.7
2022,6195,9,65.8,67.6,5,TE,41,36.2,Kyle Rudolph,TB,3,35,40.0,49.7
2022,45866,7,76.9,69.5,1,HB,14,72.1,Ke'Shawn Vaughn,TB,1,0,57.4,68.2
2022,7818,1,22.1,31.1,1,HB,13,68.3,Giovani Bernard,TB,0,0,48.1,57.0
2022,698,18,75.1,,0,QB,1,,Tom Brady,TB,1,0,77.5,59.9
2023,8642,19,82.9,,195,WR,622,62.4,Mike Evans,TB,468,0,81.5,83.0
2023,11839,19,83.5,73.3,257,WR,640,83.9,Chris Godwin,TB,423,6,77.5,77.9
2023,61071,19,80.6,47.4,316,TE,651,71.1,Cade Otton,TB,128,304,56.8,58.8
2023,131633,19,70.5,53.5,48,HB,504,74.3,Rachaad White,TB,68,0,67.5,64.4
2023,99248,19,19.7,,298,WR,500,67.4,Trey Palmer,TB,238,1,53.3,54.8
2023,84480,19,45.8,,97,WR,141,69.9,Deven Thompkins,TB,51,1,59.3,56.9
2023,45851,15,85.2,63.4,8,HB,98,55.6,Chase Edmonds,TB,12,0,58.2,54.6
2023,11981,9,71.1,52.8,29,WR,72,76.5,David Moore,TB,46,1,72.9,75.0
2023,84037,15,68.8,70.7,25,TE,67,29.8,Payne Durham,TB,13,42,59.5,59.7
2023,129519,10,68.3,,15,WR,51,72.1,Rakim Jarrett,TB,41,0,55.9,58.4
2023,41372,18,61.2,68.2,7,TE,54,64.7,Ko Kieft,TB,6,53,53.9,39.7
2023,45866,5,78.9,39.8,2,HB,21,29.9,Ke'Shawn Vaughn,TB,2,0,53.6,34.9
2023,34985,5,13.3,79.3,2,TE,11,68.3,David Wells,TB,2,10,47.5,37.8
2023,123056,3,76.2,73.0,1,HB,13,68.3,Sean Tucker,TB,0,0,55.8,59.6
2024,61071,10,24.1,54.2,133,TE,346,63.9,Cade Otton,TB,69,202,63.0,62.2
2024,11839,7,38.3,71.5,164,WR,244,90.5,Chris Godwin,TB,101,0,86.3,85.7
2024,8642,7,75.7,,64,WR,196,54.0,Mike Evans,TB,143,0,74.9,72.8
2024,131633,9,65.9,71.5,22,HB,190,90.0,Rachaad White,TB,7,0,72.6,77.3
2024,144970,10,68.7,46.9,13,HB,133,75.5,Bucky Irving,TB,13,0,84.2,85.1
2024,10674,8,75.9,62.3,89,WR,206,67.7,Sterling Shepard,TB,130,0,57.2,57.8
2024,131905,6,76.3,,47,WR,169,29.9,Jalen McMillan,TB,125,0,49.6,50.1
2024,99248,8,79.7,,40,WR,136,77.3,Trey Palmer,TB,102,0,59.0,59.9
2024,78734,4,68.8,62.4,40,WR,81,74.6,Ryan Miller,TB,46,0,62.0,60.6
2024,129519,3,68.8,,13,WR,69,74.6,Rakim Jarrett,TB,60,0,63.1,63.1
2024,123056,5,81.4,79.5,1,HB,29,75.6,Sean Tucker,TB,0,0,87.5,89.6
2024,165866,3,68.8,,4,WR,17,27.9,Kameron Johnson,TB,14,0,47.4,44.5
2024,84037,9,61.2,81.6,16,TE,37,64.7,Payne Durham,TB,1,31,55.6,45.7
2006,941,16,23.7,,66,WR,447,48.2,Drew Bennett,TEN,399,1,70.6,70.4
2006,1448,16,77.0,29.2,244,WR,265,60.5,Bobby Wade,TEN,36,1,72.2,71.0
2006,2396,14,27.5,69.2,46,TE,246,57.8,Bo Scaife,TEN,6,283,65.6,68.4
2006,2313,16,76.2,,64,WR,322,36.0,Brandon Jones,TEN,276,0,63.8,64.4
2006,1761,10,72.7,33.7,30,TE,137,35.8,Ben Troupe,TEN,16,142,57.2,64.1
2006,825,14,74.8,76.7,0,HB,216,68.7,Travis Henry,TEN,9,1,64.8,48.1
2006,2353,14,70.1,,6,WR,105,54.5,Roydell Williams,TEN,104,0,59.7,59.1
2006,1210,5,70.8,,32,WR,134,76.5,David Givens,TEN,107,0,60.0,60.7
2006,3336,14,25.4,37.6,3,FB,85,81.1,Ahmard Hall,TEN,5,2,71.6,63.5
2006,2990,13,85.1,91.3,1,HB,95,52.8,LenDale White,TEN,2,0,48.3,53.3
2006,1789,6,68.8,61.6,12,TE,72,27.9,Ben Hartsock,TEN,2,86,65.2,51.7
2006,2285,10,66.2,,12,WR,64,68.3,Courtney Roby,TEN,53,0,56.0,57.4
2006,1407,5,82.0,90.9,0,HB,42,29.9,Chris Brown,TEN,3,0,52.0,39.2
2006,1942,7,64.0,24.7,3,TE,10,68.3,Casey Cramer,TEN,1,4,61.0,61.4
2006,2223,4,16.5,,4,CB,4,68.3,Adam Jones,TEN,0,0,87.2,86.1
2006,3546,2,61.2,67.1,0,TE,5,64.7,Cooper Wallace,TEN,1,5,73.8,55.4
2007,1452,17,40.6,,199,WR,448,55.4,Justin Gage,TEN,259,1,77.1,75.5
2007,2353,16,80.2,,17,WR,386,81.4,Roydell Williams,TEN,378,0,77.5,78.1
2007,2396,16,24.1,82.8,187,TE,337,56.7,Bo Scaife,TEN,22,183,70.3,69.6
2007,165,17,77.6,,148,WR,418,72.3,Eric Moulds,TEN,279,1,61.0,59.6
2007,2313,9,25.7,,13,WR,145,49.1,Brandon Jones,TEN,135,0,68.2,68.0
2007,2990,17,49.9,75.8,0,HB,249,59.2,LenDale White,TEN,7,1,56.9,47.0
2007,2227,8,19.4,,44,WR,120,27.2,Mike Williams,TEN,85,0,51.7,49.0
2007,1407,13,29.6,90.2,0,HB,127,83.2,Chris Brown,TEN,0,1,72.6,73.0
2007,1789,17,73.0,84.0,33,TE,164,81.1,Ben Hartsock,TEN,4,177,73.1,58.5
2007,3336,11,73.7,90.0,2,FB,58,78.7,Ahmard Hall,TEN,2,1,66.0,72.7
2007,1761,16,70.8,44.0,38,TE,89,54.5,Ben Troupe,TEN,14,51,65.4,62.7
2007,3744,8,20.1,,63,WR,65,52.1,Chris Davis,TEN,5,0,54.2,50.6
2007,3666,7,80.6,73.0,0,HB,49,74.6,Chris Henry,TEN,3,0,60.6,72.5
2007,4252,4,65.8,,0,WR,20,36.8,Biren Ealy,TEN,21,0,60.4,60.0
2007,1942,5,,43.0,2,FB,15,,Casey Cramer,TEN,3,0,63.5,50.4
2007,3191,1,,,0,FB,3,27.9,Quinton Ganther,TEN,0,0,34.8,26.0
2008,1452,13,78.5,,33,WR,382,32.3,Justin Gage,TEN,365,0,76.3,73.8
2008,2396,17,45.8,60.9,155,TE,386,72.3,Bo Scaife,TEN,12,251,73.8,68.5
2008,872,15,21.7,,76,WR,354,29.7,Justin McCareins,TEN,299,0,59.0,57.9
2008,2313,17,78.9,25.7,207,WR,360,68.0,Brandon Jones,TEN,173,0,67.9,65.3
2008,4338,16,89.2,47.4,6,HB,280,45.9,Chris Johnson,TEN,5,0,69.1,50.1
2008,805,16,21.0,68.8,24,TE,261,29.6,Alge Crumpler,TEN,6,274,72.1,40.8
2008,3336,17,26.0,66.2,0,FB,92,51.5,Ahmard Hall,TEN,0,0,57.3,59.1
2008,2990,17,68.1,78.3,0,HB,102,27.8,LenDale White,TEN,0,0,41.2,27.2
2008,4440,8,70.1,,19,WR,84,54.5,Lavelle Hawkins,TEN,69,0,64.8,63.7
2008,3191,4,74.9,78.6,0,HB,23,74.6,Quinton Ganther,TEN,0,0,48.3,65.0
2008,3744,4,64.0,,8,WR,24,68.3,Chris Davis,TEN,18,0,69.8,69.3
2008,3696,4,61.2,,3,WR,20,64.7,Paul Williams,TEN,17,0,52.3,52.5
2008,1942,6,64.0,31.2,0,FB,13,68.3,Casey Cramer,TEN,3,3,74.5,70.3
2008,4399,7,61.2,29.9,2,TE,25,64.7,Craig Stevens,TEN,0,26,49.5,34.8
2009,2832,16,79.3,,44,WR,483,48.4,Nate Washington,TEN,449,3,70.8,67.7
2009,4953,16,30.7,,19,WR,377,59.1,Kenny Britt,TEN,370,0,76.2,75.1
2009,4338,16,74.9,56.2,7,HB,369,52.6,Chris Johnson,TEN,5,0,73.5,60.1
2009,2396,14,33.3,58.6,121,TE,321,76.5,Bo Scaife,TEN,5,204,69.9,65.5
2009,1452,12,76.3,66.4,186,WR,336,30.4,Justin Gage,TEN,162,0,63.9,62.4
2009,805,16,26.7,71.4,20,TE,206,75.5,Alge Crumpler,TEN,1,242,73.7,53.8
2009,3336,16,15.3,55.2,0,FB,72,48.0,Ahmard Hall,TEN,1,0,59.7,44.1
2009,5012,13,70.6,,29,TE,62,77.3,Jared Cook,TEN,11,22,67.1,68.6
2009,4440,8,70.1,,78,WR,92,76.5,Lavelle Hawkins,TEN,18,0,67.1,66.9
2009,2990,12,52.8,69.5,0,HB,38,36.8,LenDale White,TEN,0,0,39.4,39.9
2009,1922,1,61.2,,0,WR,7,64.7,Mark Jones,TEN,7,0,55.5,56.0
2010,2832,16,78.5,,43,WR,487,59.0,Nate Washington,TEN,472,0,68.2,66.6
2010,4953,12,32.4,68.1,22,WR,256,56.8,Kenny Britt,TEN,255,0,86.0,86.5
2010,342,16,76.7,,30,WR,388,28.4,Randy Moss,TEN,380,0,56.7,55.3
2010,4338,16,74.4,28.5,1,HB,349,58.5,Chris Johnson,TEN,2,0,74.8,44.2
2010,2396,13,23.6,64.5,97,TE,267,54.3,Bo Scaife,TEN,1,160,56.7,52.7
2010,5012,13,76.3,25.8,94,TE,153,57.0,Jared Cook,TEN,19,51,71.5,73.2
2010,1452,11,74.4,,171,WR,239,28.4,Justin Gage,TEN,79,1,60.8,57.3
2010,5601,13,74.0,,84,WR,133,82.2,Damian Williams,TEN,59,0,69.7,69.3
2010,4399,15,71.5,67.5,10,TE,142,44.8,Craig Stevens,TEN,1,199,72.2,55.4
2010,3336,16,73.5,27.1,1,FB,74,51.2,Ahmard Hall,TEN,0,0,37.6,62.6
2010,5097,15,83.5,33.4,0,HB,65,75.6,Javon Ringer,TEN,0,0,63.0,61.9
2010,4440,3,68.0,,17,WR,31,73.4,Lavelle Hawkins,TEN,16,0,75.7,74.5
2010,5745,4,,,7,WR,10,27.9,Marc Mariani,TEN,3,0,45.0,42.2
2011,2832,16,82.0,,377,WR,558,77.4,Nate Washington,TEN,204,0,76.7,76.0
2011,5601,15,78.6,,66,WR,463,53.9,Damian Williams,TEN,415,0,65.3,65.3
2011,4338,16,67.2,68.1,6,HB,328,69.2,Chris Johnson,TEN,37,0,64.1,57.2
2011,5012,16,24.7,79.9,392,TE,480,79.6,Jared Cook,TEN,57,46,64.5,63.4
2011,4440,16,35.3,,129,WR,449,71.1,Lavelle Hawkins,TEN,334,0,61.7,60.5
2011,5097,12,59.5,67.1,5,HB,137,87.6,Javon Ringer,TEN,8,0,65.4,77.3
2011,4953,3,23.2,,17,WR,93,82.2,Kenny Britt,TEN,79,0,89.5,88.1
2011,4399,14,70.6,71.4,34,TE,114,77.3,Craig Stevens,TEN,9,99,68.2,57.9
2011,3336,12,22.8,51.3,2,FB,54,77.3,Ahmard Hall,TEN,6,0,56.5,69.6
2011,5745,16,69.1,,22,WR,47,45.8,Marc Mariani,TEN,28,0,50.3,47.9
2011,4347,8,65.8,,15,WR,82,28.0,Donnie Avery,TEN,69,0,51.4,51.1
2011,6282,7,25.6,45.2,3,HB,27,72.1,Jamie Harper,TEN,6,0,49.4,61.7
2011,1028,14,64.0,77.6,2,TE,38,29.9,Daniel Graham,TEN,4,48,63.5,49.3
2011,5069,4,65.8,75.3,0,FB,15,70.5,Quinn Johnson,TEN,0,0,58.7,68.6
2011,1953,16,62.3,79.7,0,C,0,67.6,Eugene Amano,TEN,0,0,64.8,79.9
2011,3839,5,,50.1,0,T,3,,Mike Otto,TEN,0,3,59.7,51.2
2012,7026,15,46.4,,57,WR,398,48.5,Kendall Wright,TEN,360,0,67.7,67.7
2012,2832,16,47.3,,347,WR,540,47.6,Nate Washington,TEN,216,0,64.4,63.6
2012,4953,14,23.9,65.6,64,WR,395,42.4,Kenny Britt,TEN,351,0,62.5,63.2
2012,5012,13,33.8,54.6,296,TE,359,55.3,Jared Cook,TEN,15,69,67.1,66.1
2012,5601,13,76.8,,56,WR,248,60.0,Damian Williams,TEN,204,0,63.7,63.4
2012,4338,16,48.5,64.4,4,HB,366,72.2,Chris Johnson,TEN,19,0,62.3,41.5
2012,4399,15,18.8,73.7,92,TE,212,62.5,Craig Stevens,TEN,9,153,62.7,53.7
2012,7140,16,68.8,72.4,23,TE,77,49.2,Taylor Thompson,TEN,13,46,68.3,37.8
2012,4440,6,68.0,,21,WR,38,73.4,Lavelle Hawkins,TEN,19,0,58.9,58.6
2012,4661,13,77.1,81.3,9,HB,53,73.4,Darius Reynaud,TEN,14,0,59.1,59.0
2012,5069,15,71.6,82.5,0,FB,66,29.2,Quinn Johnson,TEN,2,3,61.1,37.7
2012,6413,4,68.0,,5,WR,29,73.4,Mike Preston,TEN,24,0,70.8,69.2
2012,5097,2,68.7,45.8,0,HB,14,36.2,Javon Ringer,TEN,0,0,54.7,37.2
2012,6282,9,77.0,42.6,0,HB,18,64.7,Jamie Harper,TEN,1,0,64.5,54.7
2013,7026,16,38.3,,382,WR,536,60.5,Kendall Wright,TEN,180,0,81.5,80.4
2013,2832,16,80.2,,141,WR,556,76.0,Nate Washington,TEN,441,2,77.9,76.0
2013,3120,15,80.4,49.3,200,TE,481,57.8,Delanie Walker,TEN,30,278,68.0,64.2
2013,4338,16,67.3,70.7,8,HB,379,59.9,Chris Johnson,TEN,48,0,62.4,47.3
2013,7815,14,73.9,,35,WR,212,32.2,Justin Hunter,TEN,184,0,68.5,67.8
2013,4953,12,71.5,,37,WR,201,25.4,Kenny Britt,TEN,178,0,44.1,44.4
2013,5601,9,77.6,70.2,36,WR,128,51.5,Damian Williams,TEN,99,1,70.0,67.9
2013,6413,7,68.0,,12,WR,41,73.4,Mike Preston,TEN,30,0,66.5,62.6
2013,4988,10,86.4,59.1,2,HB,53,52.1,Shonn Greene,TEN,15,0,65.5,49.8
2013,7140,15,65.8,83.1,16,TE,70,70.5,Taylor Thompson,TEN,7,60,66.9,46.3
2013,7256,8,69.5,28.4,0,FB,22,75.6,Collin Mooney,TEN,1,1,87.4,70.0
2013,4399,15,64.0,77.1,25,TE,89,29.9,Craig Stevens,TEN,3,105,65.8,35.8
2013,3885,10,81.0,89.8,2,HB,39,72.1,Jackie Battle,TEN,3,0,57.8,56.6
2013,1406,1,65.8,,10,TE,18,70.5,Visanthe Shiancoe,TEN,0,8,57.7,61.6
2013,2467,11,39.2,,0,QB,0,,Ryan Fitzpatrick,TEN,0,0,68.0,
2013,5069,4,,69.2,0,FB,8,28.0,Quinn Johnson,TEN,0,0,50.2,27.8
2014,3120,15,26.2,72.4,299,TE,481,53.1,Delanie Walker,TEN,72,153,74.1,70.1
2014,7026,14,44.5,,356,WR,455,89.0,Kendall Wright,TEN,119,0,70.8,70.6
2014,2832,16,78.4,,92,WR,515,59.9,Nate Washington,TEN,448,0,64.8,63.1
2014,7815,12,76.3,,68,WR,377,30.2,Justin Hunter,TEN,331,0,62.9,61.3
2014,5561,14,87.4,34.2,26,HB,165,87.3,Dexter McCluster,TEN,21,0,66.9,76.4
2014,3027,16,74.1,74.3,104,WR,198,45.1,Derek Hagan,TEN,107,2,58.9,57.9
2014,3062,16,29.6,66.2,2,HB,167,84.5,Leon Washington,TEN,6,1,60.4,68.8
2014,8689,16,62.1,30.6,3,HB,146,82.7,Bishop Sankey,TEN,5,0,64.7,68.3
2014,5021,13,68.8,36.5,44,TE,81,49.2,Chase Coffman,TEN,12,37,59.8,57.8
2014,6259,4,68.8,,17,WR,82,74.6,Kris Durham,TEN,68,0,56.0,55.6
2014,3885,12,80.8,54.3,0,FB,20,73.4,Jackie Battle,TEN,1,0,77.3,82.4
2014,7140,3,64.0,,10,TE,19,68.3,Taylor Thompson,TEN,1,8,64.6,69.1
2014,4399,5,64.0,76.1,8,TE,19,68.3,Craig Stevens,TEN,2,16,71.3,60.5
2014,9014,3,72.4,71.8,0,HB,4,68.3,Antonio Andrews,TEN,0,0,77.6,89.8
2014,4988,11,63.0,27.7,0,HB,41,64.7,Shonn Greene,TEN,1,0,46.0,51.0
2014,7889,11,62.3,64.7,0,C,0,67.6,Brian Schwenke,TEN,0,0,63.6,66.9
2014,6294,2,61.2,,0,DI,1,64.7,Karl Klug,TEN,0,0,91.3,78.9
2015,3120,15,83.2,77.2,288,TE,482,79.0,Delanie Walker,TEN,94,138,88.0,84.8
2015,4398,14,42.7,78.2,121,WR,432,72.9,Harry Douglas,TEN,342,2,60.1,59.3
2015,9473,16,77.3,66.3,41,WR,406,61.9,Dorial Green-Beckham,TEN,390,1,71.1,70.6
2015,7026,10,78.7,,188,WR,266,63.4,Kendall Wright,TEN,102,0,69.6,69.1
2015,2998,16,76.0,62.6,105,TE,270,45.9,Anthony Fasano,TEN,34,169,69.3,58.5
2015,5561,11,59.2,70.0,13,HB,189,61.3,Dexter McCluster,TEN,12,0,61.6,73.3
2015,7815,9,74.9,,52,WR,238,60.5,Justin Hunter,TEN,200,0,63.1,61.6
2015,9014,14,76.1,84.3,3,HB,174,71.3,Antonio Andrews,TEN,4,1,68.3,62.7
2015,8689,11,29.0,81.2,4,HB,95,28.1,Bishop Sankey,TEN,4,0,51.3,33.8
2015,4399,16,71.9,69.8,18,TE,88,79.4,Craig Stevens,TEN,0,138,88.9,70.6
2015,9541,14,73.8,67.7,2,FB,32,73.4,Jalston Fowler,TEN,0,0,85.2,69.0
2015,7324,8,13.9,72.7,4,TE,12,36.8,Phillip Supernaw,TEN,2,6,53.0,45.0
2015,8216,3,,,12,WR,32,,Rico Richardson,TEN,22,0,50.4,50.7
2015,9678,4,76.3,,20,WR,37,29.9,Tre McBride,TEN,20,0,52.0,50.7
2015,9571,7,83.2,69.7,0,HB,32,28.8,David Cobb,TEN,0,0,55.8,34.0
2015,10112,2,64.0,,6,WR,17,68.3,Andrew Turzilli,TEN,12,0,60.2,61.3
2015,9435,12,31.3,,0,QB,1,64.7,Marcus Mariota,TEN,1,0,62.0,78.5
2016,7211,16,45.9,61.6,124,WR,444,90.2,Rishard Matthews,TEN,351,0,81.4,79.5
2016,3120,15,46.9,76.4,273,TE,427,73.5,Delanie Walker,TEN,95,111,76.0,77.1
2016,10774,16,78.5,,42,WR,483,74.8,Tajae Sharpe,TEN,479,1,60.8,60.4
2016,6223,16,69.2,83.6,23,HB,355,87.6,DeMarco Murray,TEN,16,6,69.5,70.4
2016,7026,11,77.5,65.4,213,WR,226,76.7,Kendall Wright,TEN,27,0,72.1,71.5
2016,1319,8,71.5,,31,WR,102,60.2,Andre Johnson,TEN,84,0,55.0,52.8
2016,4398,10,73.3,,119,WR,157,81.7,Harry Douglas,TEN,48,0,66.3,66.6
2016,10679,15,89.0,81.4,1,HB,83,63.2,Derrick Henry,TEN,5,3,67.0,68.1
2016,2998,16,70.1,77.9,48,TE,116,76.5,Anthony Fasano,TEN,9,130,78.6,53.6
2016,7324,15,67.0,83.7,24,TE,69,72.1,Phillip Supernaw,TEN,7,60,57.2,56.0
2016,8684,2,65.8,,12,TE,18,70.5,Jace Amaro,TEN,4,3,80.6,75.2
2016,8646,15,61.2,85.1,0,T,4,64.7,Taylor Lewan,TEN,0,7,87.0,83.8
2016,9435,15,50.1,61.2,0,QB,1,,Marcus Mariota,TEN,1,0,66.8,59.3
2016,9541,16,64.6,85.0,1,FB,28,64.7,Jalston Fowler,TEN,1,7,67.1,52.3
2017,3120,18,29.1,67.8,296,TE,509,80.5,Delanie Walker,TEN,93,182,78.0,77.5
2017,5611,18,80.9,79.5,261,WR,484,58.9,Eric Decker,TEN,252,3,69.4,67.3
2017,7211,16,80.3,,186,WR,538,63.0,Rishard Matthews,TEN,380,2,71.9,70.9
2017,11760,13,31.2,,48,WR,411,76.0,Corey Davis,TEN,388,0,63.2,64.7
2017,6223,15,80.5,81.8,19,HB,292,75.0,DeMarco Murray,TEN,15,8,63.3,64.3
2017,11855,18,75.2,66.0,54,TE,170,59.2,Jonnu Smith,TEN,18,162,53.6,54.2
2017,11827,18,76.7,,117,WR,185,69.0,Taywan Taylor,TEN,72,0,55.9,56.9
2017,10679,18,69.1,76.5,9,HB,193,42.1,Derrick Henry,TEN,14,1,73.0,43.1
2017,7324,14,67.0,60.2,6,TE,35,72.1,Phillip Supernaw,TEN,5,38,48.8,60.1
2017,6256,14,67.0,74.3,2,TE,40,72.1,Luke Stocker,TEN,1,36,61.3,55.9
2017,4398,3,61.2,21.1,13,WR,13,64.7,Harry Douglas,TEN,3,0,45.0,53.3
2017,4097,4,72.1,,1,WR,5,64.7,Eric Weems,TEN,4,0,61.4,68.8
2017,9435,17,87.0,,0,QB,1,,Marcus Mariota,TEN,0,0,76.2,60.0
2017,9184,4,70.1,72.4,0,HB,4,,David Fluellen,TEN,1,0,55.4,57.2
2017,11773,3,66.0,,2,CB,6,28.0,Adoree' Jackson,TEN,3,0,48.2,40.2
2018,11760,16,48.2,,154,WR,486,72.2,Corey Davis,TEN,358,3,76.4,75.8
2018,6301,16,79.1,64.8,23,HB,315,77.3,Dion Lewis,TEN,24,0,65.3,72.5
2018,11827,13,29.3,,46,WR,249,48.1,Taywan Taylor,TEN,221,0,70.0,68.4
2018,10774,16,76.0,67.6,172,WR,328,64.3,Tajae Sharpe,TEN,179,0,61.7,61.6
2018,11855,13,24.3,53.9,63,TE,252,46.4,Jonnu Smith,TEN,38,207,55.1,54.2
2018,6256,16,73.8,77.9,6,TE,112,81.7,Luke Stocker,TEN,8,110,76.1,77.8
2018,51837,12,74.1,81.5,73,TE,122,83.2,Anthony Firkser,TEN,35,31,69.6,70.4
2018,10679,16,82.4,83.7,7,HB,115,66.7,Derrick Henry,TEN,8,0,85.3,48.4
2018,10038,16,82.1,65.7,86,WR,100,60.2,Darius Jennings,TEN,23,0,55.5,54.6
2018,9576,13,70.6,79.6,9,TE,50,77.3,MyCole Pruitt,TEN,7,45,80.6,82.4
2018,47669,10,74.5,,27,WR,109,77.3,Cameron Batson,TEN,88,0,62.3,64.1
2018,3120,1,67.0,,9,TE,26,72.1,Delanie Walker,TEN,5,12,79.4,81.2
2018,11139,2,,,0,TE,3,27.9,Cole Wick,TEN,1,2,33.8,30.3
2018,9435,14,48.9,,0,QB,2,64.7,Marcus Mariota,TEN,1,0,76.8,88.3
2018,25546,1,61.2,,0,S,1,64.7,Dane Cruikshank,TEN,0,0,81.4,79.3
2019,48327,19,44.4,66.2,61,WR,461,69.4,A.J. Brown,TEN,426,0,81.8,80.9
2019,11760,18,37.4,68.1,136,WR,470,72.4,Corey Davis,TEN,365,4,70.4,70.6
2019,10075,13,86.4,69.4,251,WR,276,83.0,Adam Humphries,TEN,43,0,71.4,72.2
2019,11855,19,79.4,43.5,96,TE,279,83.0,Jonnu Smith,TEN,26,255,70.9,79.3
2019,10774,18,75.7,71.3,85,WR,261,86.1,Tajae Sharpe,TEN,195,0,72.3,72.3
2019,6301,19,57.4,65.4,30,HB,214,54.9,Dion Lewis,TEN,11,0,59.8,49.1
2019,3120,7,25.0,23.3,73,TE,142,72.1,Delanie Walker,TEN,32,51,64.0,66.2
2019,10679,18,58.1,65.0,7,HB,226,50.4,Derrick Henry,TEN,6,0,79.2,50.6
2019,51837,18,74.5,30.8,102,TE,156,55.6,Anthony Firkser,TEN,31,36,72.3,73.2
2019,11028,10,85.1,,44,WR,61,78.0,Kalif Raymond,TEN,18,0,81.3,82.5
2019,9576,19,71.1,79.0,13,TE,115,78.0,MyCole Pruitt,TEN,6,124,66.4,66.6
2019,10038,9,77.0,,9,WR,25,29.9,Darius Jennings,TEN,18,0,61.0,57.9
2019,44889,9,67.0,84.5,0,FB,18,72.1,Khari Blasingame,TEN,1,1,60.0,73.6
2019,12052,1,64.0,,1,WR,2,68.3,Cody Hollister,TEN,1,0,60.9,61.8
2019,7146,13,64.0,75.2,0,T,5,68.3,Dennis Kelly,TEN,0,7,71.7,91.5
2019,10698,3,61.2,60.9,0,S,2,64.7,Kevin Byard,TEN,0,0,71.5,88.6
2019,25546,3,,,0,S,3,,Dane Cruikshank,TEN,0,0,56.3,56.0
2019,51378,3,61.2,,0,S,3,64.7,Amani Hooker,TEN,0,0,77.7,80.6
2019,7957,2,61.2,65.9,0,T,1,64.7,David Quessenberry,TEN,0,2,91.4,90.2
2019,39541,2,73.8,74.9,1,HB,6,28.0,Dalyn Dawkins,TEN,0,0,55.3,28.0
2019,38044,1,74.8,,1,WR,1,64.7,Rashard Davis,TEN,0,0,90.2,79.6
2020,48327,15,27.8,,75,WR,433,54.8,A.J. Brown,TEN,379,3,90.4,90.4
2020,11760,15,46.5,,92,WR,400,79.1,Corey Davis,TEN,318,8,85.3,85.6
2020,11855,16,78.9,36.4,118,TE,319,75.8,Jonnu Smith,TEN,51,205,74.0,77.3
2020,51837,17,78.1,46.6,188,TE,243,90.1,Anthony Firkser,TEN,45,28,78.6,77.7
2020,10075,7,75.3,,136,WR,155,72.8,Adam Humphries,TEN,32,0,69.9,69.7
2020,10679,17,75.4,57.0,10,HB,239,84.5,Derrick Henry,TEN,5,0,91.8,55.3
2020,11028,15,88.2,,51,WR,122,29.2,Kalif Raymond,TEN,81,0,52.2,52.8
2020,11917,17,83.5,60.1,9,HB,154,63.2,Jeremy McNichols,TEN,5,0,58.1,44.9
2020,9679,11,71.1,49.1,14,TE,81,41.1,Geoff Swaim,TEN,5,117,60.1,63.5
2020,47669,13,28.4,,76,WR,164,80.0,Cameron Batson,TEN,92,0,58.7,59.2
2020,47861,15,68.8,,12,WR,70,74.6,Nick Westbrook-Ikhine,TEN,60,0,64.7,62.9
2020,9576,12,68.8,52.9,11,TE,50,49.2,MyCole Pruitt,TEN,1,74,69.5,60.7
2020,44889,16,68.7,78.8,0,FB,32,41.6,Khari Blasingame,TEN,0,2,53.0,49.6
2020,40692,6,80.2,48.7,4,HB,16,68.3,Darrynton Evans,TEN,2,0,56.9,62.8
2020,7014,17,68.8,,0,QB,1,,Ryan Tannehill,TEN,0,0,90.6,58.9
2020,46014,7,,66.2,0,G,2,,Aaron Brewer,TEN,0,2,76.2,48.2
2020,11844,4,77.8,78.4,0,HB,4,64.7,D'Onta Foreman,TEN,0,0,66.6,61.5
2020,12052,2,61.2,,3,WR,10,64.7,Cody Hollister,TEN,10,0,62.4,63.2
2021,48327,14,81.6,,131,WR,372,45.4,A.J. Brown,TEN,259,2,86.3,88.8
2021,47861,17,29.4,64.5,140,WR,348,81.5,Nick Westbrook-Ikhine,TEN,226,2,68.0,67.6
2021,6158,11,77.7,,58,WR,270,64.5,Julio Jones,TEN,221,0,76.5,76.8
2021,51837,16,28.2,33.1,192,TE,279,61.3,Anthony Firkser,TEN,68,38,54.3,57.5
2021,10918,17,69.0,,267,WR,323,69.5,Chester Rogers,TEN,73,0,57.0,57.4
2021,9679,17,76.6,57.0,49,TE,198,58.8,Geoff Swaim,TEN,12,234,55.7,56.7
2021,11917,14,83.9,27.7,2,HB,149,76.1,Jeremy McNichols,TEN,11,8,60.4,73.8
2021,45691,8,32.9,31.7,10,HB,120,49.3,Dontrell Hilliard,TEN,8,5,59.9,44.3
2021,10679,9,84.0,54.4,11,HB,128,72.1,Derrick Henry,TEN,8,0,77.3,68.5
2021,9576,16,73.6,62.6,34,TE,134,82.2,MyCole Pruitt,TEN,17,139,71.5,74.3
2021,11074,7,77.3,,16,WR,93,56.7,Marcus Johnson,TEN,85,0,63.0,64.9
2021,11844,10,72.9,60.7,3,HB,66,56.7,D'Onta Foreman,TEN,3,2,72.1,76.6
2021,42349,4,68.0,,7,WR,59,73.4,Dez Fitzpatrick,TEN,53,0,64.7,64.9
2021,12052,3,67.0,,10,WR,65,72.1,Cody Hollister,TEN,57,0,59.3,58.8
2021,47669,3,73.6,,8,WR,27,68.3,Cameron Batson,TEN,22,0,65.2,62.4
2021,61401,10,13.3,,10,WR,47,68.3,Racey McMath,TEN,37,1,48.7,47.4
2021,47412,4,65.8,80.2,3,TE,16,70.5,Tommy Hudson,TEN,9,12,76.0,78.7
2021,44889,11,17.6,75.2,0,FB,24,29.9,Khari Blasingame,TEN,0,3,48.4,35.4
2021,40692,1,69.4,73.0,0,HB,3,68.3,Darrynton Evans,TEN,1,0,60.8,74.4
2021,51378,1,61.2,,0,S,1,64.7,Amani Hooker,TEN,0,0,89.6,90.3
2022,7822,17,57.3,,131,WR,464,66.6,Robert Woods,TEN,354,2,68.0,66.0
2022,10715,17,78.7,24.2,186,TE,320,83.5,Austin Hooper,TEN,47,119,68.8,74.6
2022,99218,11,78.1,,55,WR,254,79.6,Treylon Burks,TEN,209,1,74.1,73.9
2022,47861,17,75.9,38.3,245,WR,419,55.1,Nick Westbrook-Ikhine,TEN,197,0,59.8,57.9
2022,84000,17,77.6,67.6,67,TE,172,61.2,Chigoziem Okonkwo,TEN,27,85,75.4,84.6
2022,10679,16,46.9,66.9,6,HB,191,54.3,Derrick Henry,TEN,15,1,85.9,46.8
2022,45691,12,81.2,56.7,19,HB,130,50.6,Dontrell Hilliard,TEN,17,8,67.1,59.3
2022,9679,17,71.9,58.2,21,TE,113,45.7,Geoff Swaim,TEN,6,161,58.5,48.5
2022,84463,4,76.3,,33,WR,48,54.5,Kyle Philips,TEN,19,0,63.7,63.7
2022,83701,14,84.2,52.3,4,HB,81,60.2,Hassan Haskins,TEN,4,10,59.2,54.7
2022,9509,9,67.0,,15,WR,75,42.1,Chris Conley,TEN,67,0,53.8,53.5
2022,61401,4,66.2,,8,WR,47,68.3,Racey McMath,TEN,41,0,56.1,58.3
2022,12052,10,65.8,65.2,8,WR,49,70.5,Cody Hollister,TEN,47,0,61.7,60.7
2022,25859,2,71.9,,0,HB,5,68.3,Jonathan Ward,TEN,1,0,73.1,71.5
2022,109239,3,78.3,72.4,1,HB,18,70.5,Julius Chestnut,TEN,0,0,63.4,71.6
2022,115664,1,72.9,,8,WR,9,64.7,Mason Kinsey,TEN,1,0,55.8,55.9
2022,7618,2,,,4,WR,9,,Josh Gordon,TEN,6,0,47.0,53.2
2022,12088,1,28.7,,2,WR,10,64.7,C.J. Board,TEN,8,0,54.4,54.6
2023,7808,17,82.1,62.3,110,WR,505,77.4,DeAndre Hopkins,TEN,429,0,81.0,82.3
2023,84000,17,80.0,63.9,273,TE,403,46.8,Chigoziem Okonkwo,TEN,45,130,62.1,63.2
2023,97195,17,74.8,79.6,33,HB,303,87.4,Tyjae Spears,TEN,37,13,77.0,74.6
2023,47861,14,76.5,79.6,189,WR,328,40.0,Nick Westbrook-Ikhine,TEN,173,0,59.4,61.9
2023,10741,17,30.0,73.6,108,WR,305,72.8,Chris Moore,TEN,222,0,64.9,64.9
2023,10679,17,91.4,79.1,7,HB,175,66.8,Derrick Henry,TEN,9,0,90.1,70.7
2023,99218,11,75.7,74.6,89,WR,266,31.9,Treylon Burks,TEN,197,0,52.4,52.6
2023,84463,9,76.3,,93,WR,111,65.6,Kyle Philips,TEN,24,1,72.8,71.9
2023,54037,11,70.6,79.0,33,TE,58,56.7,Josh Whyle,TEN,1,41,62.0,76.9
2023,30887,14,61.2,50.1,5,TE,32,28.9,Kevin Rader,TEN,0,39,35.6,33.4
2023,63721,7,61.2,,2,WR,17,64.7,Colton Dowell,TEN,16,0,54.4,54.6
2023,42018,15,61.2,61.2,8,TE,47,28.8,Trevon Wesco,TEN,2,142,48.9,40.9
2023,43742,2,61.2,64.9,0,DI,1,64.7,Jeffery Simmons,TEN,0,2,80.5,90.2
2023,115664,4,80.8,,3,WR,6,64.7,Mason Kinsey,TEN,3,0,56.9,58.1
2023,7014,9,70.5,60.9,0,QB,3,,Ryan Tannehill,TEN,1,0,68.7,53.9
2024,48262,9,28.8,,64,WR,284,33.6,Calvin Ridley,TEN,236,0,63.6,64.9
2024,27126,9,90.4,64.2,16,HB,187,58.8,Tony Pollard,TEN,15,1,79.0,64.5
2024,10689,9,75.2,39.1,211,WR,232,71.3,Tyler Boyd,TEN,42,0,57.0,58.0
2024,84000,9,24.6,71.8,86,TE,200,71.3,Chigoziem Okonkwo,TEN,40,92,48.7,53.7
2024,47861,9,72.3,73.9,33,WR,160,80.0,Nick Westbrook-Ikhine,TEN,138,0,64.7,64.8
2024,54037,9,72.7,76.2,37,TE,100,64.4,Josh Whyle,TEN,17,64,65.4,70.7
2024,97195,6,83.0,54.1,4,HB,67,81.1,Tyjae Spears,TEN,6,3,66.7,67.2
2024,10728,9,71.5,61.5,2,TE,55,78.7,Nick Vannett,TEN,4,77,62.8,73.9
2024,99218,5,70.7,,17,WR,79,41.6,Treylon Burks,TEN,64,0,52.2,53.3
2024,101135,5,22.0,,10,WR,15,68.3,Jha'Quan Jackson,TEN,5,0,70.5,68.9
2024,84248,2,64.0,,0,WR,3,68.3,Bryce Oliver,TEN,3,0,75.4,73.6
2024,109239,5,77.0,83.3,1,HB,12,64.7,Julius Chestnut,TEN,1,0,68.4,63.8
2006,786,14,26.1,,75,WR,396,81.2,Santana Moss,WAS,335,0,77.3,79.7
2006,1802,16,80.3,77.3,127,TE,375,57.2,Chris Cooley,WAS,29,329,76.7,78.5
2006,1063,16,31.8,86.0,9,HB,279,80.4,Ladell Betts,WAS,9,0,55.1,66.4
2006,1069,16,43.8,72.9,172,WR,301,80.1,Antwaan Randle El,WAS,149,0,66.9,64.6
2006,1436,15,25.9,,38,WR,350,53.1,Brandon Lloyd,WAS,337,0,60.2,59.6
2006,1058,8,89.9,76.4,1,HB,86,55.9,Clinton Portis,WAS,3,0,55.3,57.6
2006,432,16,36.9,86.0,18,FB,128,82.7,Michael Sellers,WAS,6,20,78.0,55.8
2006,323,16,72.3,72.9,29,WR,121,80.0,James Thrash,WAS,93,15,66.4,64.5
2006,221,4,61.2,,11,WR,20,64.7,David Patten,WAS,10,0,70.8,71.4
2006,772,8,61.2,65.1,5,TE,25,64.7,Todd Yoder,WAS,2,37,58.1,54.7
2006,62,3,61.2,74.5,1,TE,8,64.7,Brian Kozlowski,WAS,0,9,56.3,50.9
2006,130,9,64.0,55.2,10,TE,37,68.3,Christian Fauria,WAS,2,88,54.5,53.9
2006,1025,10,37.5,29.3,0,HB,27,68.3,T.J. Duckett,WAS,0,0,40.8,59.7
2007,786,15,27.2,,65,WR,502,39.1,Santana Moss,WAS,454,0,73.9,74.2
2007,1802,17,48.2,82.2,239,TE,502,58.8,Chris Cooley,WAS,44,314,77.5,78.0
2007,1069,16,81.7,,255,WR,456,78.5,Antwaan Randle El,WAS,214,1,82.6,82.8
2007,1058,17,55.4,78.2,2,HB,307,58.7,Clinton Portis,WAS,2,0,58.9,66.2
2007,1063,17,67.9,68.7,0,HB,144,62.5,Ladell Betts,WAS,0,0,60.7,67.1
2007,19,10,74.9,,60,WR,156,60.5,Keenan McCardell,WAS,101,0,73.3,73.1
2007,1055,9,73.3,,10,WR,176,81.7,Reche Caldwell,WAS,170,0,61.6,60.9
2007,432,15,51.8,67.4,10,FB,128,43.5,Michael Sellers,WAS,4,84,54.3,49.4
2007,323,12,71.1,,22,WR,146,78.0,James Thrash,WAS,130,0,58.7,54.7
2007,772,16,70.1,75.4,19,TE,89,54.5,Todd Yoder,WAS,3,76,66.6,63.3
2007,1436,8,67.0,,6,WR,62,72.1,Brandon Lloyd,WAS,59,0,53.6,53.3
2007,3436,3,65.8,,3,WR,20,70.5,Anthony Mix,WAS,20,0,66.5,66.9
2007,62,3,61.2,77.8,0,TE,11,64.7,Brian Kozlowski,WAS,1,3,53.4,56.1
2008,786,16,61.1,,123,WR,527,36.6,Santana Moss,WAS,432,0,73.2,70.9
2008,1802,16,24.8,56.5,94,TE,460,80.9,Chris Cooley,WAS,11,432,81.6,83.6
2008,1069,16,80.4,,369,WR,524,54.2,Antwaan Randle El,WAS,188,0,63.2,60.2
2008,1058,16,72.5,79.7,10,HB,250,30.1,Clinton Portis,WAS,22,0,68.5,46.2
2008,1063,13,57.7,70.4,6,HB,138,61.3,Ladell Betts,WAS,12,0,55.8,56.7
2008,4348,16,75.1,,17,WR,188,43.8,Devin Thomas,WAS,185,0,54.0,53.0
2008,323,16,70.6,,31,WR,224,38.4,James Thrash,WAS,203,0,50.6,47.9
2008,432,16,24.6,70.9,5,FB,112,45.7,Michael Sellers,WAS,1,4,76.9,55.9
2008,4365,5,65.8,,5,WR,60,28.0,Malcolm Kelly,WAS,58,0,48.1,46.7
2008,772,12,70.1,23.8,9,TE,44,76.5,Todd Yoder,WAS,2,47,54.7,59.3
2008,4362,10,67.4,76.6,7,TE,45,36.8,Fred Davis,WAS,4,47,59.4,44.5
2008,163,16,15.5,79.6,0,G,0,67.6,Pete Kendall,WAS,0,0,87.3,36.2
2008,1211,5,70.3,0.0,0,HB,8,64.7,Rock Cartwright,WAS,2,0,43.5,57.8
2008,597,2,74.5,70.7,0,HB,3,64.7,Shaun Alexander,WAS,0,0,58.3,74.6
2008,2476,4,,68.4,0,DI,2,,Lorenzo Alexander,WAS,0,4,73.9,52.5
2009,786,16,27.6,,131,WR,576,46.9,Santana Moss,WAS,465,1,61.1,60.7
2009,1069,16,39.1,37.2,345,WR,390,59.1,Antwaan Randle El,WAS,59,0,70.2,69.1
2009,4362,16,79.0,64.3,39,TE,333,35.7,Fred Davis,WAS,9,352,69.4,71.0
2009,4348,14,76.8,,32,WR,295,45.7,Devin Thomas,WAS,277,0,65.4,64.7
2009,1802,7,27.3,61.4,35,TE,178,77.4,Chris Cooley,WAS,8,161,74.8,74.9
2009,4365,16,75.5,,57,WR,336,85.7,Malcolm Kelly,WAS,291,0,61.0,59.1
2009,1211,11,85.8,55.7,4,HB,138,86.5,Rock Cartwright,WAS,10,0,61.8,79.6
2009,432,15,23.0,50.1,12,FB,124,67.0,Michael Sellers,WAS,0,74,64.4,61.0
2009,1063,10,84.5,65.0,8,HB,108,69.6,Ladell Betts,WAS,8,0,64.0,69.0
2009,3191,8,84.7,59.5,3,HB,71,77.3,Quinton Ganther,WAS,5,0,66.9,62.7
2009,1058,8,71.0,82.4,4,HB,85,77.3,Clinton Portis,WAS,3,0,57.9,61.2
2009,5167,9,67.0,,1,WR,35,41.6,Marko Mitchell,WAS,35,0,58.0,57.5
2009,4256,9,80.6,44.9,2,HB,39,74.6,Marcus Mason,WAS,3,0,55.0,63.9
2009,772,8,67.0,38.8,3,TE,32,72.1,Todd Yoder,WAS,1,33,77.3,85.3
2010,786,16,27.2,71.2,308,WR,627,63.8,Santana Moss,WAS,346,6,76.1,75.4
2010,1802,16,25.2,41.4,153,TE,562,44.2,Chris Cooley,WAS,13,463,67.6,62.6
2010,4855,15,33.3,26.7,45,WR,523,46.7,Anthony Armstrong,WAS,500,2,65.4,64.1
2010,5794,15,70.4,59.8,6,HB,264,65.7,Keiland Williams,WAS,28,0,63.2,50.3
2010,117,10,71.9,,70,WR,252,46.0,Joey Galloway,WAS,194,0,54.6,53.5
2010,432,16,76.0,60.6,5,FB,155,29.6,Michael Sellers,WAS,3,11,61.4,50.9
2010,4362,16,74.6,68.6,16,TE,170,29.7,Fred Davis,WAS,1,189,65.1,60.0
2010,4453,10,66.5,43.0,1,HB,130,69.0,Ryan Torain,WAS,4,0,70.8,63.5
2010,2353,15,70.1,,69,WR,212,76.5,Roydell Williams,WAS,153,0,49.5,47.9
2010,1058,5,83.9,85.7,3,HB,53,73.4,Clinton Portis,WAS,4,0,77.6,76.6
2010,5119,4,77.5,17.2,1,HB,32,41.6,James Davis,WAS,3,0,46.7,46.1
2010,5742,5,65.8,,14,WR,37,70.5,Terrence Austin,WAS,23,0,73.2,72.2
2010,6053,8,69.0,,1,WR,11,68.3,Brandon Banks,WAS,9,0,61.4,65.8
2010,5795,6,64.0,66.5,0,TE,13,68.3,Logan Paulsen,WAS,0,13,64.4,64.1
2010,5438,2,69.4,16.9,0,FB,1,64.7,Darrel Young,WAS,0,0,50.2,81.3
2011,1040,16,48.5,65.7,103,WR,567,87.3,Jabar Gaffney,WAS,496,0,76.0,75.3
2011,786,12,79.0,,211,WR,390,49.3,Santana Moss,WAS,202,0,70.2,69.5
2011,4362,12,43.0,71.7,144,TE,411,77.1,Fred Davis,WAS,12,322,77.7,80.7
2011,6257,15,62.9,84.8,9,HB,276,57.0,Roy Helu,WAS,26,0,65.0,50.6
2011,1020,11,75.6,65.7,65,WR,214,60.3,Donte' Stallworth,WAS,166,0,68.2,68.4
2011,4855,13,71.5,,64,WR,183,28.8,Anthony Armstrong,WAS,129,0,51.9,49.5
2011,5742,11,20.9,,96,WR,147,45.7,Terrence Austin,WAS,56,0,54.9,53.6
2011,6231,4,72.7,,14,WR,91,80.6,Leonard Hankerson,WAS,81,0,74.4,73.7
2011,5438,13,75.5,50.2,0,FB,90,65.9,Darrel Young,WAS,7,0,68.0,62.6
2011,5795,16,71.5,54.3,11,TE,126,78.7,Logan Paulsen,WAS,2,157,62.6,61.4
2011,3196,6,69.5,,83,WR,94,31.8,David Anderson,WAS,17,0,57.2,56.4
2011,4463,5,86.9,86.5,0,HB,79,58.9,Tim Hightower,WAS,6,0,68.0,59.8
2011,6329,6,84.1,83.2,1,HB,72,77.3,Evan Royster,WAS,8,0,73.0,62.7
2011,1802,5,71.5,57.6,4,TE,58,76.5,Chris Cooley,WAS,0,44,58.0,58.4
2011,4453,8,54.6,81.5,1,HB,57,29.7,Ryan Torain,WAS,6,0,58.9,35.7
2011,6307,12,66.2,64.5,34,WR,74,68.3,Niles Paul,WAS,41,1,58.9,57.1
2011,6053,2,66.2,,2,WR,1,64.7,Brandon Banks,WAS,0,0,96.4,78.1
2011,432,6,61.2,20.9,0,FB,13,64.7,Michael Sellers,WAS,1,4,68.6,60.9
2012,4488,17,39.1,65.8,60,WR,407,37.7,Josh Morgan,WAS,353,1,68.2,65.7
2012,4519,11,79.4,,35,WR,230,63.2,Pierre Garcon,WAS,203,0,84.4,83.6
2012,786,17,24.0,,286,WR,345,46.8,Santana Moss,WAS,62,2,68.6,69.0
2012,6231,17,78.6,62.3,53,WR,310,58.4,Leonard Hankerson,WAS,274,1,75.0,75.1
2012,5795,17,76.2,44.9,87,TE,275,56.6,Logan Paulsen,WAS,11,213,70.9,63.8
2012,4362,7,76.0,58.1,54,TE,165,64.3,Fred Davis,WAS,8,128,75.4,82.7
2012,6329,15,79.8,42.6,1,HB,161,40.3,Evan Royster,WAS,7,0,56.2,43.1
2012,6330,14,72.1,,13,WR,104,29.9,Aldrick Robinson,WAS,95,0,69.3,68.1
2012,7165,17,62.5,82.3,0,HB,202,60.2,Alfred Morris,WAS,4,0,91.0,49.4
2012,6307,17,70.8,38.2,20,TE,84,35.7,Niles Paul,WAS,19,50,62.0,64.4
2012,5438,17,77.3,79.9,0,FB,69,41.1,Darrel Young,WAS,16,2,74.7,54.8
2012,6053,8,22.9,,13,WR,27,76.5,Brandon Banks,WAS,6,0,60.9,53.5
2012,6257,3,71.1,77.9,0,HB,31,75.6,Roy Helu,WAS,5,0,62.5,66.7
2012,5714,5,66.2,,1,WR,23,29.9,Dezmon Briscoe,WAS,22,0,62.5,60.1
2012,1802,8,61.2,69.2,3,TE,20,64.7,Chris Cooley,WAS,1,18,63.4,50.5
2012,5794,3,67.8,76.2,0,HB,22,68.3,Keiland Williams,WAS,4,7,53.7,52.4
2012,7008,16,27.5,,0,QB,1,,Robert Griffin III,WAS,0,0,81.4,60.0
2013,4519,16,60.9,,119,WR,613,58.2,Pierre Garcon,WAS,513,0,82.2,81.2
2013,786,16,53.0,,364,WR,454,31.3,Santana Moss,WAS,104,0,58.1,56.1
2013,7866,9,78.9,74.7,80,TE,226,61.8,Jordan Reed,WAS,20,126,89.0,87.1
2013,6231,10,76.6,72.4,42,WR,269,58.8,Leonard Hankerson,WAS,232,1,68.2,68.2
2013,6330,15,75.3,,50,WR,265,57.1,Aldrick Robinson,WAS,223,0,66.9,66.2
2013,5795,16,23.8,63.4,74,TE,345,56.8,Logan Paulsen,WAS,9,304,58.3,46.4
2013,6257,16,26.6,86.7,11,HB,301,60.4,Roy Helu,WAS,41,0,60.5,38.8
2013,4488,14,42.6,72.6,43,WR,190,46.6,Josh Morgan,WAS,142,5,63.7,58.6
2013,4362,10,70.1,72.6,36,TE,104,28.8,Fred Davis,WAS,0,87,51.0,44.8
2013,7165,16,42.8,76.6,0,HB,173,39.5,Alfred Morris,WAS,13,0,80.4,45.2
2013,5438,13,75.2,78.9,0,FB,48,27.0,Darrel Young,WAS,10,1,62.5,29.8
2013,8005,5,76.6,,17,WR,38,73.4,Nick Williams,WAS,23,0,64.1,63.6
2013,6307,10,80.1,82.5,3,TE,45,73.8,Niles Paul,WAS,5,29,59.9,57.6
2013,6329,2,66.7,74.4,0,HB,2,64.7,Evan Royster,WAS,0,0,48.3,64.2
2014,4519,16,81.3,,83,WR,543,90.3,Pierre Garcon,WAS,500,0,70.4,70.0
2014,4363,15,81.0,,140,WR,479,68.7,DeSean Jackson,WAS,369,0,74.9,76.6
2014,5612,16,45.7,40.6,347,WR,462,32.2,Andre Roberts,WAS,144,4,61.2,59.0
2014,7866,11,37.1,48.1,94,TE,246,79.0,Jordan Reed,WAS,74,104,70.2,71.5
2014,6307,16,30.5,63.2,75,TE,278,50.6,Niles Paul,WAS,21,214,64.8,67.5
2014,6257,14,29.7,59.6,3,HB,217,75.9,Roy Helu,WAS,14,9,66.5,64.2
2014,7165,16,74.1,73.8,1,HB,202,28.8,Alfred Morris,WAS,4,0,62.8,38.9
2014,5795,16,21.6,65.3,11,TE,115,64.0,Logan Paulsen,WAS,3,144,52.7,37.6
2014,8777,13,69.5,,29,WR,110,52.1,Ryan Grant,WAS,85,0,54.5,55.7
2014,786,10,71.1,,77,WR,96,58.5,Santana Moss,WAS,22,0,57.2,56.8
2014,5438,16,81.3,85.8,0,FB,57,78.7,Darrel Young,WAS,3,1,81.5,85.0
2014,8900,6,30.8,84.6,0,HB,24,76.5,Silas Redd,WAS,0,0,63.5,89.4
2014,7936,2,71.3,39.5,1,HB,22,74.6,Chris Thompson,WAS,3,0,66.0,70.9
2014,6330,5,61.2,,2,WR,16,64.7,Aldrick Robinson,WAS,14,0,48.3,53.3
2015,7866,15,25.5,74.0,193,TE,435,84.2,Jordan Reed,WAS,98,208,90.1,91.0
2015,4519,17,86.5,,117,WR,546,68.5,Pierre Garcon,WAS,467,0,75.1,75.4
2015,9538,17,89.4,,405,WR,497,72.8,Jamison Crowder,WAS,115,6,69.5,69.4
2015,7936,14,57.7,35.2,15,HB,204,70.3,Chris Thompson,WAS,32,1,64.3,70.1
2015,4363,10,27.4,,89,WR,286,88.7,DeSean Jackson,WAS,213,0,74.8,73.6
2015,8777,17,75.1,65.3,62,WR,252,40.2,Ryan Grant,WAS,202,3,60.9,59.1
2015,9528,13,26.8,50.3,5,HB,128,33.8,Matt Jones,WAS,4,2,46.9,43.4
2015,5612,9,76.2,67.1,64,WR,150,43.5,Andre Roberts,WAS,101,1,51.3,50.7
2015,7406,12,73.9,79.3,44,TE,144,68.7,Derek Carrier,WAS,12,133,63.8,61.9
2015,8061,13,83.7,,10,WR,62,56.7,Rashad Ross,WAS,54,0,67.8,67.5
2015,7165,17,90.8,59.0,2,HB,125,78.0,Alfred Morris,WAS,3,0,58.0,56.7
2015,4080,5,78.5,57.8,5,HB,44,77.3,Pierre Thomas,WAS,7,0,58.4,73.8
2015,5438,14,21.4,50.8,0,FB,24,74.6,Darrel Young,WAS,4,0,56.6,64.8
2015,2288,4,61.2,18.5,1,TE,22,28.8,Alex Smith,WAS,0,28,49.8,42.1
2016,4519,16,82.0,,103,WR,532,89.5,Pierre Garcon,WAS,458,0,85.5,84.2
2016,9538,16,41.6,67.9,414,WR,523,79.3,Jamison Crowder,WAS,130,5,67.0,66.1
2016,4363,15,79.9,,159,WR,493,61.2,DeSean Jackson,WAS,361,0,73.0,72.0
2016,7866,12,81.0,60.4,125,TE,348,90.2,Jordan Reed,WAS,87,178,83.6,88.0
2016,2951,16,78.8,64.0,61,TE,284,69.3,Vernon Davis,WAS,43,253,76.0,82.5
2016,7936,16,50.0,68.0,12,HB,309,70.9,Chris Thompson,WAS,33,0,63.2,57.7
2016,8777,15,72.4,,38,WR,120,60.2,Ryan Grant,WAS,88,2,54.3,54.2
2016,11090,12,90.4,55.9,4,HB,110,27.6,Rob Kelley,WAS,2,0,59.7,31.2
2016,11035,10,72.9,36.3,14,WR,68,76.5,Maurice Harris,WAS,55,1,68.5,65.1
2016,9528,7,44.0,64.1,1,HB,79,77.3,Matt Jones,WAS,4,0,67.2,62.8
2016,10656,2,64.0,,3,WR,24,68.3,Josh Doctson,WAS,22,0,57.7,57.8
2016,6307,8,66.8,83.7,6,TE,33,68.3,Niles Paul,WAS,2,23,61.5,54.4
2016,7406,7,64.0,74.5,3,TE,16,68.3,Derek Carrier,WAS,2,18,53.2,50.4
2016,8061,5,65.3,,3,WR,7,64.7,Rashad Ross,WAS,6,0,56.2,55.8
2016,10073,1,61.2,,0,CB,1,64.7,Quinton Dunbar,WAS,0,0,81.3,79.3
2016,10115,1,73.1,,0,HB,5,64.7,Mack Brown,WAS,0,0,64.8,61.0
2017,9538,15,41.1,67.8,348,WR,453,55.0,Jamison Crowder,WAS,113,5,72.7,72.5
2017,10656,16,77.5,60.5,94,WR,456,62.1,Josh Doctson,WAS,374,2,62.5,62.5
2017,2951,16,23.0,58.0,96,TE,389,52.3,Vernon Davis,WAS,61,308,61.9,68.5
2017,8777,16,78.9,,141,WR,392,69.9,Ryan Grant,WAS,256,5,69.2,68.5
2017,7936,10,42.5,63.1,11,HB,218,82.2,Chris Thompson,WAS,24,0,74.2,89.9
2017,6944,9,74.6,,40,WR,236,29.6,Terrelle Pryor Sr.,WAS,207,0,57.9,57.4
2017,7866,6,26.7,36.2,63,TE,141,75.7,Jordan Reed,WAS,31,68,64.9,64.8
2017,11869,12,64.1,58.3,0,HB,136,60.5,Samaje Perine,WAS,2,1,58.8,71.6
2017,6307,14,75.2,82.1,22,TE,97,63.5,Niles Paul,WAS,20,79,51.3,57.9
2017,8906,3,80.0,55.9,1,HB,63,64.7,Kapri Bibbs,WAS,2,0,61.0,66.3
2017,11076,3,76.7,75.8,0,HB,38,49.7,Byron Marshall,WAS,2,1,51.6,50.4
2017,7037,7,68.8,,13,WR,54,74.6,Brian Quick,WAS,39,2,76.5,75.7
2017,11035,6,71.3,,15,WR,42,72.1,Maurice Harris,WAS,30,1,71.0,70.8
2017,11090,7,84.8,41.9,0,HB,46,41.6,Rob Kelley,WAS,2,0,51.2,48.1
2017,11909,8,64.0,58.8,7,TE,29,68.3,Jeremy Sprinkle,WAS,4,37,53.0,54.3
2018,7866,13,40.2,32.8,165,TE,341,81.6,Jordan Reed,WAS,76,129,73.1,75.2
2018,10656,15,78.9,,112,WR,512,69.8,Josh Doctson,WAS,436,0,63.3,63.2
2018,7936,10,57.1,53.0,15,HB,206,66.8,Chris Thompson,WAS,35,4,58.8,60.0
2018,9538,9,79.1,,222,WR,266,58.8,Jamison Crowder,WAS,66,1,60.9,61.4
2018,11035,11,79.2,,146,WR,288,76.1,Maurice Harris,WAS,148,4,55.9,56.0
2018,2951,14,75.7,66.7,63,TE,197,64.1,Vernon Davis,WAS,34,147,61.0,73.1
2018,8680,7,74.8,,77,WR,237,83.6,Paul Richardson Jr.,WAS,175,0,64.7,64.1
2018,3623,16,62.4,38.7,1,HB,158,70.5,Adrian Peterson,WAS,2,0,76.2,64.3
2018,7019,13,71.5,,73,WR,199,29.9,Michael Floyd,WAS,138,3,50.0,49.7
2018,38276,3,76.4,,59,WR,73,78.0,Trey Quinn,WAS,17,0,57.3,58.7
2018,11909,16,69.5,64.1,23,TE,111,73.4,Jeremy Sprinkle,WAS,13,123,45.7,48.1
2018,11076,6,75.6,23.8,1,HB,29,72.1,Byron Marshall,WAS,5,0,56.5,66.8
2018,11869,3,73.2,75.7,3,HB,19,70.5,Samaje Perine,WAS,1,0,66.9,56.8
2018,7037,5,65.8,,12,WR,47,70.5,Brian Quick,WAS,37,0,60.1,57.4
2018,11894,2,67.2,,0,WR,3,64.7,Jehu Chesson,WAS,2,0,58.0,63.4
2018,23254,1,61.2,,4,WR,9,64.7,Darvin Kidsy,WAS,5,0,67.5,66.5
2018,47298,3,61.2,79.5,0,TE,15,64.7,Matt Flanagan,WAS,2,13,73.7,67.9
2019,48229,14,80.4,,114,WR,449,51.9,Terry McLaurin,WAS,371,0,85.7,86.5
2019,7936,11,54.7,54.6,17,HB,221,83.5,Chris Thompson,WAS,20,4,65.1,66.1
2019,48341,15,35.1,,177,WR,213,53.4,Steven Sims,WAS,52,0,63.6,64.7
2019,38276,12,46.8,68.2,245,WR,295,75.5,Trey Quinn,WAS,69,1,54.1,52.8
2019,47931,16,76.7,70.0,72,WR,290,87.6,Kelvin Harmon,WAS,238,5,63.9,64.6
2019,8680,10,76.1,,65,WR,260,66.0,Paul Richardson Jr.,WAS,215,0,59.7,58.8
2019,11909,16,26.2,68.5,63,TE,304,64.1,Jeremy Sprinkle,WAS,55,256,49.8,50.0
2019,3623,15,56.2,21.2,1,HB,127,68.7,Adrian Peterson,WAS,3,0,67.6,58.7
2019,2951,4,71.5,55.1,49,TE,124,60.2,Vernon Davis,WAS,25,74,49.4,52.9
2019,47150,11,70.1,60.6,10,TE,61,35.3,Hale Hentges,WAS,10,54,63.8,63.5
2019,10787,11,79.3,39.5,4,HB,87,78.0,Wendell Smallwood,WAS,5,0,58.8,66.6
2019,45664,5,82.3,83.0,0,HB,39,52.1,Derrius Guice,WAS,0,0,76.0,61.9
2019,47908,6,64.0,,11,WR,37,68.3,Cam Sims,WAS,28,0,58.3,60.7
2019,9601,7,,78.8,2,FB,14,27.9,Michael Burton,WAS,1,0,57.8,31.1
2020,48229,16,56.8,,212,WR,649,89.1,Terry McLaurin,WAS,466,0,78.5,77.6
2020,8755,17,82.6,57.1,476,TE,655,67.5,Logan Thomas,WAS,96,144,65.2,64.8
2020,11047,17,38.6,59.4,69,HB,425,79.6,J.D. McKissic,WAS,93,0,62.4,68.5
2020,47908,15,78.1,,96,WR,444,48.9,Cam Sims,WAS,368,1,62.5,62.4
2020,78050,15,66.8,21.5,6,HB,203,72.7,Antonio Gibson,WAS,25,0,78.6,62.3
2020,48341,13,34.8,,266,WR,304,41.2,Steven Sims,WAS,50,1,57.6,57.2
2020,40113,14,48.2,,206,WR,243,76.1,Isaiah Wright,WAS,49,0,57.5,57.4
2020,6597,10,23.6,,52,WR,228,68.7,Dontrelle Inman,WAS,188,0,61.5,59.1
2020,10927,15,87.3,54.3,0,HB,51,41.6,Peyton Barber,WAS,5,0,58.3,42.0
2020,39993,6,64.6,62.3,19,WR,83,64.7,Antonio Gandy-Golden,WAS,69,0,44.6,43.8
2020,48230,4,64.0,,5,WR,17,29.9,Robert Foster,WAS,13,0,66.2,65.5
2020,11909,16,64.0,75.5,15,TE,50,29.9,Jeremy Sprinkle,WAS,6,67,51.9,34.5
2020,10811,5,61.2,49.6,4,TE,17,64.7,Temarrick Hemingway,WAS,3,16,42.2,60.5
2020,7097,1,64.0,,0,HB,5,68.3,Lamar Miller,WAS,0,0,61.9,65.1
2020,48309,3,,,4,WR,19,,Jeff Badet,WAS,15,0,46.4,51.4
2020,47131,8,61.2,77.1,8,TE,21,64.7,Marcus Baugh,WAS,4,15,53.8,49.8
2021,48229,17,82.0,,170,WR,582,88.9,Terry McLaurin,WAS,451,0,78.3,78.3
2021,10075,17,78.6,,356,WR,440,74.8,Adam Humphries,WAS,111,1,58.1,58.6
2021,78050,16,33.2,45.4,13,HB,247,60.5,Antonio Gibson,WAS,31,0,63.3,57.8
2021,11047,11,85.1,66.3,38,HB,219,75.6,J.D. McKissic,WAS,40,0,69.5,76.2
2021,12020,13,77.0,67.0,193,TE,283,51.7,Ricky Seals-Jones,WAS,45,75,62.3,63.9
2021,9859,17,47.3,,103,WR,262,52.9,DeAndre Carter,WAS,178,0,63.7,64.6
2021,8755,6,23.6,65.7,118,TE,151,69.0,Logan Thomas,WAS,17,37,63.4,67.9
2021,47908,14,73.5,,34,WR,171,51.5,Cam Sims,WAS,148,0,62.6,62.3
2021,77986,15,72.9,,60,WR,201,63.2,Dyami Brown,WAS,153,0,55.5,56.9
2021,42275,16,25.0,55.4,139,TE,210,72.3,John Bates,WAS,17,107,70.7,61.6
2021,84147,13,19.9,,32,WR,89,77.3,Dax Milne,WAS,61,3,57.8,55.6
2021,77745,14,56.9,51.2,2,HB,56,78.7,Jaret Patterson,WAS,4,0,62.4,73.3
2021,11795,5,72.0,,19,WR,37,74.6,Curtis Samuel,WAS,19,0,66.0,66.0
2021,10790,5,76.9,24.0,6,HB,29,72.1,Jonathan Williams,WAS,3,0,74.6,63.4
2021,10787,2,71.8,45.1,1,HB,14,72.1,Wendell Smallwood,WAS,1,0,50.9,64.5
2021,9896,16,61.8,,0,QB,0,,Taylor Heinicke,WAS,0,0,59.4,
2021,11948,7,72.4,74.8,4,FB,17,64.7,Alex Armah,WAS,9,2,57.4,51.9
2022,48229,17,52.7,,130,WR,583,82.8,Terry McLaurin,WAS,490,0,79.9,83.0
2022,11795,17,61.0,69.2,389,WR,511,79.6,Curtis Samuel,WAS,138,1,70.5,70.2
2022,78050,15,80.0,75.1,22,HB,238,70.5,Antonio Gibson,WAS,35,0,76.3,80.5
2022,8755,14,78.3,34.1,265,TE,366,75.1,Logan Thomas,WAS,43,107,52.0,57.6
2022,84375,12,78.0,,106,WR,376,63.4,Jahan Dotson,WAS,297,0,70.5,74.0
2022,11047,8,80.9,43.7,30,HB,154,57.2,J.D. McKissic,WAS,22,0,54.2,54.4
2022,42275,16,22.4,52.4,72,TE,128,65.6,John Bates,WAS,8,117,57.0,47.7
2022,47908,17,70.1,,42,WR,177,76.5,Cam Sims,WAS,140,1,50.4,53.0
2022,57120,12,71.6,46.9,2,HB,83,56.7,Brian Robinson,WAS,2,0,82.5,65.2
2022,77986,15,69.1,,27,WR,87,73.4,Dyami Brown,WAS,63,0,65.8,68.3
2022,10790,8,81.6,81.6,21,HB,52,52.5,Jonathan Williams,WAS,1,0,62.0,50.3
2022,84330,9,64.0,64.4,54,TE,72,68.3,Cole Turner,WAS,14,26,52.9,47.1
2022,84147,12,90.3,,20,WR,35,74.6,Dax Milne,WAS,17,0,60.8,61.8
2022,40034,11,70.0,23.8,31,TE,61,73.4,Armani Rogers,WAS,8,22,59.4,65.3
2022,77745,1,78.1,,0,HB,10,64.7,Jaret Patterson,WAS,1,0,60.9,56.5
2023,48229,17,82.1,,103,WR,643,84.3,Terry McLaurin,WAS,572,1,75.1,74.5
2023,11795,16,81.7,75.0,302,WR,402,71.3,Curtis Samuel,WAS,114,4,69.7,70.4
2023,84375,17,79.2,66.1,284,WR,635,64.3,Jahan Dotson,WAS,391,0,57.7,58.5
2023,8755,16,25.9,73.9,307,TE,515,75.7,Logan Thomas,WAS,144,116,57.1,56.1
2023,78050,16,25.8,71.9,11,HB,318,63.0,Antonio Gibson,WAS,22,7,66.6,64.5
2023,57120,15,38.0,61.9,14,HB,219,63.4,Brian Robinson,WAS,2,1,75.3,71.4
2023,42275,17,75.0,79.0,69,TE,203,46.4,John Bates,WAS,29,177,51.8,47.4
2023,77986,17,72.9,,58,WR,166,45.7,Dyami Brown,WAS,120,0,59.0,58.6
2023,42345,16,26.3,61.6,56,WR,104,80.6,Byron Pringle,WAS,55,1,67.9,69.0
2023,9538,12,58.8,,84,WR,91,66.7,Jamison Crowder,WAS,11,0,70.5,70.8
2023,84330,12,71.5,17.1,42,TE,83,60.2,Cole Turner,WAS,25,23,64.7,62.1
2023,11948,7,65.8,74.1,2,FB,16,70.5,Alex Armah,WAS,1,4,56.4,59.8
2023,83689,6,45.7,82.7,2,HB,29,68.3,Chris Rodriguez Jr.,WAS,1,0,75.9,52.4
2023,10790,1,61.9,82.1,1,HB,8,,Jonathan Williams,WAS,0,0,59.0,53.1
2023,97599,17,81.3,,0,QB,1,64.7,Sam Howell,WAS,0,0,60.2,62.0
2024,48229,11,36.2,,62,WR,323,78.2,Terry McLaurin,WAS,284,0,80.5,83.4
2024,7816,11,33.8,59.0,191,TE,310,69.9,Zach Ertz,WAS,40,103,63.2,68.6
2024,11993,9,75.9,,43,WR,223,75.5,Noah Brown,WAS,194,0,68.2,68.5
2024,12164,10,43.8,25.9,59,HB,176,68.1,Austin Ekeler,WAS,11,1,69.7,74.0
2024,44920,11,45.8,,80,WR,150,63.2,Olamide Zaccheaus,WAS,77,0,67.4,67.5
2024,77986,11,73.0,,26,WR,141,51.2,Dyami Brown,WAS,125,0,63.8,64.2
2024,101634,11,72.3,65.8,164,WR,183,63.2,Luke McCaffrey,WAS,30,0,54.3,55.6
2024,57120,8,89.2,53.7,17,HB,102,78.0,Brian Robinson,WAS,5,0,80.6,74.0
2024,42275,11,68.0,53.0,16,TE,81,73.4,John Bates,WAS,2,107,51.8,46.6
2024,122616,11,65.8,80.4,20,TE,61,70.5,Ben Sinnott,WAS,12,40,55.1,50.6
2024,11917,9,82.0,45.4,16,HB,65,68.3,Jeremy McNichols,WAS,2,0,69.1,47.0
2024,24481,5,61.2,47.6,0,T,1,64.7,Trent Scott,WAS,0,3,49.0,90.6
2024,9538,2,65.7,,9,WR,9,64.7,Jamison Crowder,WAS,0,0,55.5,55.9
2024,84425,1,61.2,,0,WR,2,64.7,Brycen Tremayne,WAS,2,0,59.1,59.2
