season,player,pfr_id,tm,age,pos,g,gs,int,tgt,cmp,cmp_percent,yds,yds_cmp,yds_tgt,td,rat,dadot,air,yac,bltz,hrry,qbkd,sk,prss,comb,m_tkl,m_tkl_percent,loaded
2024,Robert Spillane,SpilRo00,LV,29.0,LB,8.0,8.0,1.0,28.0,24.0,0.857,229.0,9.5,8.2,2.0,109.7,5.2,111.0,118.0,29.0,0.0,0.0,1.0,1.0,79.0,8.0,0.092,2024-10-31
2024,EJ Speed,SpeeEJ00,IND,29.0,LB,7.0,7.0,0.0,28.0,21.0,0.75,208.0,9.9,7.4,0.0,95.5,2.8,84.0,124.0,26.0,1.0,1.0,0.0,2.0,70.0,6.0,0.079,2024-10-31
2024,Budda Baker,BakeBu00,ARI,28.0,S,8.0,8.0,0.0,35.0,26.0,0.743,329.0,12.7,9.4,2.0,122.2,8.1,215.0,114.0,10.0,0.0,0.0,0.0,0.0,79.0,9.0,0.102,2024-10-31
2024,Germaine Pratt,PratGe00,CIN,28.0,LB,8.0,8.0,1.0,33.0,24.0,0.727,202.0,8.4,6.1,1.0,85.7,2.3,47.0,155.0,24.0,0.0,3.0,0.0,3.0,80.0,7.0,0.08,2024-10-31
2024,Nick Cross,CrosNi00,IND,23.0,S,8.0,8.0,1.0,33.0,23.0,0.6970000000000001,314.0,13.7,9.5,3.0,117.5,11.6,208.0,106.0,5.0,0.0,0.0,0.0,0.0,76.0,7.0,0.084,2024-10-31
2024,Zack Baun,BaunZa00,PHI,28.0,LB,7.0,7.0,0.0,31.0,22.0,0.71,177.0,8.0,5.7,0.0,85.0,2.0,56.0,121.0,32.0,1.0,0.0,2.0,3.0,69.0,3.0,0.042,2024-10-31
2024,Roquan Smith,SmitRo07,BAL,27.0,LB,8.0,8.0,1.0,42.0,31.0,0.738,398.0,12.8,9.5,1.0,101.1,4.5,154.0,244.0,29.0,3.0,0.0,0.0,3.0,82.0,3.0,0.035,2024-10-31
2024,Dorian Williams,WillDo04,BUF,23.0,LB,8.0,8.0,0.0,37.0,27.0,0.73,234.0,8.7,6.3,1.0,98.3,4.3,76.0,158.0,16.0,1.0,1.0,0.0,2.0,72.0,8.0,0.1,2024-10-31
2024,Paulson Adebo,AdebPa00,NO,25.0,CB,7.0,7.0,3.0,65.0,39.0,0.6,529.0,13.6,8.1,1.0,71.9,11.2,299.0,230.0,1.0,0.0,1.0,0.0,1.0,52.0,4.0,0.071,2024-10-31
2024,Jamien Sherwood,SherJa00,NYJ,24.0,LB,8.0,7.0,0.0,25.0,18.0,0.72,143.0,7.9,5.7,1.0,99.2,3.7,37.0,106.0,17.0,1.0,0.0,0.0,1.0,73.0,5.0,0.064,2024-10-31
2024,Zaire Franklin,FranZa00,IND,28.0,LB,8.0,8.0,0.0,32.0,27.0,0.8440000000000001,202.0,7.5,6.3,0.0,93.0,3.6,105.0,97.0,26.0,2.0,1.0,0.0,3.0,87.0,4.0,0.044000000000000004,2024-10-31
2024,Julian Love,LoveJu00,SEA,26.0,FS,8.0,8.0,2.0,29.0,20.0,0.69,228.0,11.4,7.9,4.0,103.2,8.0,111.0,117.0,2.0,0.0,0.0,0.0,0.0,59.0,6.0,0.092,2024-10-31
2024,Kyle Hamilton,HamiKy00,BAL,23.0,S,8.0,8.0,0.0,35.0,27.0,0.7709999999999999,221.0,8.2,6.3,0.0,92.7,5.1,113.0,108.0,29.0,1.0,3.0,2.0,6.0,57.0,6.0,0.095,2024-10-31
2024,Bobby Wagner,WagnBo00,WAS,34.0,MLB,8.0,8.0,0.0,23.0,16.0,0.696,127.0,7.9,5.5,1.0,97.6,3.2,4.0,123.0,28.0,3.0,2.0,2.0,8.0,69.0,4.0,0.055,2024-10-31
2024,Logan Wilson,WilsLo00,CIN,28.0,LB,8.0,8.0,0.0,30.0,26.0,0.867,221.0,8.5,7.4,1.0,108.5,3.0,85.0,136.0,27.0,1.0,4.0,0.0,5.0,78.0,6.0,0.071,2024-10-31
2024,Fred Warner,WarnFr00,SF,28.0,LB,8.0,8.0,2.0,25.0,20.0,0.8,158.0,7.9,6.3,1.0,73.0,4.5,74.0,84.0,13.0,0.0,1.0,1.0,2.0,66.0,4.0,0.057,2024-10-31
2024,Brandon Jones,JoneBr06,DEN,26.0,S,8.0,8.0,1.0,30.0,21.0,0.7,159.0,7.6,5.3,0.0,68.6,5.2,67.0,92.0,6.0,0.0,0.0,0.0,0.0,61.0,4.0,0.062,2024-10-31
2024,Jeremiah Owusu-Koramoah,OwusJe00,CLE,25.0,LB,8.0,8.0,1.0,16.0,11.0,0.688,141.0,12.8,8.8,0.0,70.1,4.1,42.0,99.0,43.0,0.0,1.0,3.0,4.0,61.0,7.0,0.10300000000000001,2024-10-31
2024,Quay Walker,WalkQu00,GB,24.0,LB,7.0,7.0,0.0,26.0,20.0,0.769,178.0,8.9,6.8,0.0,94.7,5.6,87.0,91.0,17.0,3.0,0.0,1.5,5.0,52.0,5.0,0.08800000000000001,2024-10-31
2024,DeShon Elliott,ElliDe02,PIT,27.0,S,8.0,8.0,1.0,28.0,20.0,0.7140000000000001,122.0,6.1,4.4,2.0,88.7,4.1,53.0,69.0,11.0,0.0,1.0,0.0,1.0,58.0,3.0,0.049,2024-10-31
2024,Ventrell Miller,MillVe00,JAX,25.0,LB,8.0,4.0,0.0,20.0,16.0,0.8,125.0,7.8,6.3,0.0,92.7,2.0,35.0,90.0,6.0,1.0,0.0,0.0,1.0,54.0,7.0,0.115,2024-10-31
2024,Quincy Williams,WillQu01,NYJ,28.0,LB,8.0,8.0,0.0,25.0,20.0,0.8,155.0,7.8,6.2,1.0,105.8,4.8,100.0,55.0,30.0,1.0,0.0,0.0,1.0,56.0,5.0,0.08199999999999999,2024-10-31
2024,Nick Bolton,BoltNi00,KC,24.0,LB,7.0,7.0,0.0,23.0,22.0,0.9570000000000001,217.0,9.9,9.4,1.0,120.5,3.9,63.0,154.0,38.0,0.0,2.0,0.0,2.0,53.0,6.0,0.102,2024-10-31
2024,Nakobe Dean,DeanNa00,PHI,24.0,LB,7.0,7.0,0.0,26.0,23.0,0.885,211.0,9.2,8.1,0.0,100.5,1.8,35.0,176.0,24.0,0.0,3.0,2.0,5.0,58.0,6.0,0.094,2024-10-31
2024,Kaden Elliss,ElliKa00,ATL,29.0,LB,8.0,8.0,0.0,26.0,23.0,0.885,209.0,9.1,8.0,1.0,113.0,3.4,75.0,134.0,23.0,2.0,5.0,0.0,7.0,65.0,3.0,0.044000000000000004,2024-10-31
2024,Mike Hughes,HughMi00,ATL,27.0,CB,8.0,8.0,0.0,36.0,27.0,0.75,250.0,9.3,6.9,0.0,93.5,10.2,144.0,106.0,3.0,1.0,0.0,0.0,1.0,44.0,4.0,0.083,2024-10-31
2024,Jaylon Jones,JoneJa13,IND,22.0,CB,8.0,8.0,2.0,54.0,33.0,0.611,421.0,12.8,7.8,0.0,70.1,10.0,287.0,134.0,0.0,0.0,0.0,0.0,0.0,52.0,5.0,0.08800000000000001,2024-10-31
2024,Jaylon Jones,JoneJa12,IND,22.0,CB,8.0,8.0,2.0,54.0,33.0,0.611,421.0,12.8,7.8,0.0,70.1,10.0,287.0,134.0,0.0,0.0,0.0,0.0,0.0,52.0,5.0,0.08800000000000001,2024-10-31
2024,Montaric Brown,BrowMo00,JAX,25.0,CB,8.0,5.0,0.0,45.0,33.0,0.733,331.0,10.0,7.4,2.0,108.7,8.0,222.0,109.0,1.0,0.0,0.0,0.0,0.0,49.0,6.0,0.109,2024-10-31
2024,Ernest Jones,JoneEr01,2TM,25.0,,7.0,6.0,0.0,16.0,13.0,0.813,148.0,11.4,9.3,0.0,105.2,5.7,72.0,76.0,17.0,0.0,1.0,0.0,1.0,59.0,4.0,0.063,2024-10-31
2024,Riley Moss,MossRi00,DEN,24.0,CB,8.0,8.0,1.0,62.0,37.0,0.597,423.0,11.4,6.8,2.0,84.3,12.5,329.0,94.0,2.0,1.0,0.0,0.0,1.0,50.0,4.0,0.07400000000000001,2024-10-31
2024,DeAundre Alford,AlfoDe00,ATL,27.0,CB,8.0,6.0,0.0,42.0,32.0,0.762,258.0,8.1,6.1,3.0,115.0,6.7,195.0,63.0,11.0,0.0,0.0,1.0,1.0,45.0,10.0,0.182,2024-10-31
2024,Julian Blackmon,BlacJu01,IND,26.0,S,7.0,7.0,1.0,18.0,14.0,0.778,220.0,15.7,12.2,1.0,113.0,15.8,178.0,42.0,7.0,0.0,0.0,0.5,1.0,49.0,3.0,0.057999999999999996,2024-10-31
2024,Lavonte David,DaviLa00,TB,34.0,LB,8.0,8.0,1.0,35.0,30.0,0.857,280.0,9.3,8.0,0.0,88.1,4.4,105.0,175.0,31.0,2.0,0.0,3.0,5.0,56.0,6.0,0.09699999999999999,2024-10-31
2024,Daiyan Henley,HenlDa00,LAC,25.0,LB,7.0,7.0,0.0,35.0,28.0,0.8,266.0,9.5,7.6,1.0,107.9,2.3,48.0,218.0,20.0,0.0,0.0,0.0,0.0,54.0,6.0,0.1,2024-10-31
2024,Trevon Moehrig,MoehTr00,LV,25.0,S,8.0,8.0,2.0,19.0,16.0,0.8420000000000001,167.0,10.4,8.8,2.0,98.8,8.7,117.0,50.0,21.0,0.0,1.0,0.0,1.0,52.0,4.0,0.071,2024-10-31
2024,Jalen Thompson,ThomJa04,ARI,26.0,S,8.0,8.0,0.0,29.0,22.0,0.759,249.0,11.3,8.6,2.0,124.1,8.1,156.0,93.0,5.0,0.0,2.0,0.0,2.0,54.0,2.0,0.036000000000000004,2024-10-31
2024,Quandre Diggs,DiggQu00,TEN,31.0,FS,7.0,7.0,0.0,17.0,13.0,0.765,175.0,13.5,10.3,2.0,147.9,11.3,85.0,90.0,2.0,0.0,0.0,0.0,0.0,39.0,2.0,0.049,2024-10-31
2024,Tyrel Dodson,DodsTy01,SEA,26.0,LB,8.0,8.0,0.0,27.0,21.0,0.778,165.0,7.9,6.1,0.0,92.1,2.3,31.0,134.0,17.0,0.0,0.0,2.0,2.0,62.0,6.0,0.08800000000000001,2024-10-31
2024,Minkah Fitzpatrick,FitzMi00,PIT,28.0,S,8.0,8.0,0.0,23.0,18.0,0.7829999999999999,289.0,16.1,12.6,2.0,147.7,12.8,204.0,85.0,1.0,0.0,0.0,0.0,0.0,47.0,1.0,0.021,2024-10-31
2024,Damar Hamlin,HamlDa00,BUF,26.0,S,8.0,8.0,2.0,29.0,19.0,0.655,271.0,14.3,9.3,2.0,89.9,12.0,214.0,57.0,4.0,0.0,0.0,0.0,0.0,47.0,1.0,0.021,2024-10-31
2024,Quentin Lake,LakeQu00,LA,25.0,DB,7.0,7.0,0.0,21.0,14.0,0.667,177.0,12.6,8.4,0.0,92.8,10.5,120.0,57.0,3.0,0.0,1.0,1.0,2.0,54.0,6.0,0.1,2024-10-31
2024,Tyler Nubin,NubiTy00,NYG,23.0,S,8.0,8.0,0.0,20.0,12.0,0.6,137.0,11.4,6.9,0.0,80.6,8.0,106.0,31.0,4.0,0.0,0.0,0.0,0.0,52.0,1.0,0.019,2024-10-31
2024,AJ Terrell,TerrAJ00,ATL,26.0,CB,8.0,8.0,2.0,41.0,31.0,0.7559999999999999,366.0,11.8,8.9,3.0,106.4,8.5,228.0,138.0,1.0,0.0,0.0,0.0,0.0,40.0,6.0,0.13,2024-10-31
2024,Xavier Woods,WoodXa00,CAR,29.0,S,8.0,8.0,1.0,22.0,15.0,0.682,199.0,13.3,9.0,2.0,108.0,11.1,124.0,75.0,2.0,1.0,0.0,0.0,1.0,56.0,4.0,0.067,2024-10-31
2024,Jamel Dean,DeanJa00,TB,28.0,CB,6.0,6.0,0.0,41.0,29.0,0.7070000000000001,330.0,11.4,8.0,0.0,94.6,10.7,221.0,109.0,2.0,0.0,0.0,0.0,0.0,43.0,2.0,0.044000000000000004,2024-10-31
2024,Michael Jackson,JackMi01,CAR,27.0,CB,8.0,8.0,1.0,56.0,38.0,0.679,466.0,12.3,8.3,4.0,109.7,9.8,320.0,146.0,1.0,0.0,0.0,0.0,0.0,43.0,4.0,0.085,2024-10-31
2024,Jessie Bates,BateJe00,ATL,27.0,S,8.0,8.0,2.0,24.0,17.0,0.708,151.0,8.9,6.3,2.0,80.4,7.2,70.0,81.0,8.0,1.0,0.0,0.0,1.0,50.0,4.0,0.07400000000000001,2024-10-31
2024,TJ Edwards,EdwaTJ02,CHI,28.0,LB,7.0,7.0,0.0,31.0,24.0,0.774,149.0,6.2,4.8,0.0,86.6,3.1,43.0,106.0,22.0,0.0,0.0,1.0,1.0,53.0,2.0,0.036000000000000004,2024-10-31
2024,Alontae Taylor,TaylAl01,NO,26.0,CB,8.0,6.0,0.0,42.0,28.0,0.667,303.0,10.8,7.2,2.0,103.6,8.0,158.0,145.0,14.0,1.0,1.0,4.0,7.0,45.0,9.0,0.16699999999999998,2024-10-31
2024,Cam Taylor-Britt,TaylCa01,CIN,25.0,CB,8.0,8.0,1.0,52.0,35.0,0.6729999999999999,508.0,14.5,9.8,4.0,116.5,13.3,391.0,117.0,0.0,0.0,0.0,0.0,0.0,44.0,4.0,0.083,2024-10-31
2024,Alex Anzalone,AnzaAl00,DET,30.0,LB,6.0,6.0,0.0,33.0,27.0,0.818,163.0,6.0,4.9,1.0,97.3,2.6,42.0,121.0,24.0,1.0,2.0,1.0,4.0,41.0,5.0,0.109,2024-10-31
2024,Brian Branch,BranBr00,DET,23.0,DB,6.0,6.0,4.0,31.0,16.0,0.516,165.0,10.3,5.3,0.0,27.7,7.2,93.0,72.0,7.0,1.0,2.0,0.0,3.0,38.0,6.0,0.136,2024-10-31
2024,Jordyn Brooks,BrooJo01,MIA,27.0,LB,7.0,7.0,0.0,21.0,14.0,0.667,148.0,10.6,7.0,0.0,87.0,6.6,53.0,95.0,21.0,4.0,2.0,1.0,7.0,55.0,1.0,0.018000000000000002,2024-10-31
2024,Javon Bullard,BullJa00,GB,22.0,S,8.0,6.0,0.0,26.0,20.0,0.769,226.0,11.3,8.7,1.0,115.2,5.9,90.0,136.0,7.0,0.0,0.0,0.0,0.0,45.0,7.0,0.135,2024-10-31
2024,Grant Delpit,DelpGr00,CLE,26.0,S,7.0,7.0,0.0,16.0,12.0,0.75,94.0,7.8,5.9,0.0,89.1,2.8,20.0,74.0,15.0,0.0,1.0,0.0,1.0,46.0,4.0,0.08,2024-10-31
2024,Jartavius Martin,MartJa04,WAS,24.0,DB,8.0,8.0,0.0,8.0,6.0,0.75,135.0,22.5,16.9,0.0,116.7,15.1,60.0,75.0,3.0,0.0,0.0,0.0,0.0,44.0,3.0,0.064,2024-10-31
2024,DeMarvion Overshown,OverDe00,DAL,24.0,LB,7.0,6.0,0.0,29.0,26.0,0.897,287.0,11.0,9.9,2.0,130.9,4.1,85.0,202.0,15.0,1.0,1.0,2.0,4.0,49.0,2.0,0.039,2024-10-31
2024,Mike Sainristil,SainMi00,WAS,24.0,CB,8.0,7.0,1.0,33.0,23.0,0.6970000000000001,313.0,13.6,9.5,4.0,126.6,9.8,217.0,96.0,4.0,0.0,0.0,0.0,0.0,40.0,1.0,0.024,2024-10-31
2024,Brandon Stephens,StepBr01,BAL,27.0,DB,8.0,8.0,0.0,47.0,32.0,0.6809999999999999,443.0,13.8,9.4,2.0,112.3,14.8,339.0,104.0,1.0,0.0,0.0,0.0,0.0,35.0,2.0,0.054000000000000006,2024-10-31
2024,Jordan Whitehead,WhitJo03,TB,27.0,S,8.0,8.0,0.0,29.0,19.0,0.655,250.0,13.2,8.6,3.0,127.1,8.0,133.0,117.0,16.0,0.0,1.0,0.0,1.0,50.0,3.0,0.057,2024-10-31
2024,Martin Emerson,EmerMa00,CLE,24.0,CB,8.0,7.0,0.0,48.0,28.0,0.583,362.0,12.9,7.5,3.0,103.0,10.6,265.0,97.0,0.0,0.0,0.0,0.0,0.0,39.0,5.0,0.114,2024-10-31
2024,Christian Gonzalez,GonzCh00,NE,22.0,CB,8.0,8.0,1.0,49.0,28.0,0.5710000000000001,266.0,9.5,5.4,2.0,77.4,11.4,202.0,64.0,0.0,0.0,0.0,0.0,0.0,37.0,3.0,0.075,2024-10-31
2024,Antonio Johnson,JohnAn07,JAX,23.0,S,8.0,6.0,0.0,25.0,20.0,0.8,304.0,15.2,12.2,2.0,144.0,10.2,195.0,109.0,3.0,0.0,0.0,0.0,0.0,42.0,5.0,0.106,2024-10-31
2024,Deommodore Lenoir,LenoDe00,SF,25.0,DB,8.0,8.0,2.0,49.0,28.0,0.5710000000000001,280.0,10.0,5.7,1.0,63.3,8.5,134.0,146.0,7.0,0.0,0.0,0.0,0.0,46.0,5.0,0.098,2024-10-31
2024,Denzel Perryman,PerrDe00,LAC,32.0,LB,7.0,7.0,0.0,12.0,9.0,0.75,48.0,5.3,4.0,0.0,81.2,1.9,22.0,26.0,11.0,0.0,2.0,1.0,3.0,42.0,9.0,0.17600000000000002,2024-10-31
2024,Jalen Pitre,PitrJa00,HOU,25.0,S,8.0,8.0,1.0,35.0,20.0,0.5710000000000001,174.0,8.7,5.0,2.0,77.6,6.6,94.0,80.0,33.0,0.0,1.0,0.0,1.0,39.0,10.0,0.204,2024-10-31
2024,Devon Witherspoon,WithDe00,SEA,24.0,CB,8.0,8.0,0.0,41.0,29.0,0.7070000000000001,336.0,11.6,8.2,1.0,103.3,4.0,78.0,258.0,14.0,1.0,1.0,0.0,2.0,44.0,11.0,0.2,2024-10-31
2024,Reed Blankenship,BlanRe00,PHI,25.0,S,7.0,7.0,2.0,21.0,14.0,0.667,145.0,10.4,6.9,0.0,46.8,7.2,82.0,63.0,0.0,0.0,0.0,0.0,0.0,40.0,7.0,0.149,2024-10-31
2024,JiAyir Brown,BrowJi01,SF,24.0,S,8.0,8.0,1.0,31.0,16.0,0.516,153.0,9.6,4.9,1.0,63.0,12.7,90.0,63.0,7.0,0.0,0.0,0.0,0.0,42.0,2.0,0.045,2024-10-31
2024,Cam Lewis,LewiCa00,BUF,27.0,DB,8.0,4.0,0.0,41.0,31.0,0.7559999999999999,299.0,9.6,7.3,1.0,103.6,4.9,123.0,176.0,16.0,0.0,0.0,0.0,0.0,44.0,7.0,0.13699999999999998,2024-10-31
2024,JaQuan McMillian,McMiJa00,DEN,24.0,CB,8.0,4.0,1.0,46.0,29.0,0.63,236.0,8.1,5.1,0.0,66.9,6.7,122.0,114.0,13.0,1.0,0.0,1.0,2.0,37.0,4.0,0.098,2024-10-31
2024,Byron Murphy,MurpBy00,MIN,26.0,CB,7.0,7.0,2.0,60.0,40.0,0.667,450.0,11.3,7.5,3.0,91.7,10.6,293.0,157.0,2.0,0.0,0.0,0.0,0.0,35.0,6.0,0.146,2024-10-31
2024,Byron Murphy,MurpBy01,MIN,26.0,CB,7.0,7.0,2.0,60.0,40.0,0.667,450.0,11.3,7.5,3.0,91.7,10.6,293.0,157.0,2.0,0.0,0.0,0.0,0.0,35.0,6.0,0.146,2024-10-31
2024,Kenneth Murray,MurrKe00,TEN,26.0,LB,7.0,7.0,0.0,27.0,22.0,0.815,193.0,8.8,7.1,3.0,133.5,3.8,98.0,95.0,14.0,1.0,0.0,2.0,3.0,47.0,1.0,0.021,2024-10-31
2024,Azeez Al-Shaair,AlShAz00,HOU,27.0,LB,6.0,6.0,0.0,18.0,10.0,0.556,130.0,13.0,7.2,1.0,97.0,7.4,35.0,95.0,23.0,0.0,5.0,1.0,6.0,40.0,2.0,0.048,2024-10-31
2024,Christian Benford,BenfCh00,BUF,24.0,CB,8.0,8.0,1.0,32.0,20.0,0.625,169.0,8.5,5.3,2.0,84.0,6.6,36.0,133.0,2.0,0.0,0.0,0.0,0.0,35.0,1.0,0.027999999999999997,2024-10-31
2024,Kevin Byard,ByarKe01,CHI,31.0,DB,7.0,7.0,1.0,24.0,14.0,0.583,179.0,12.8,7.5,3.0,104.0,12.9,121.0,58.0,1.0,0.0,0.0,0.0,0.0,44.0,3.0,0.064,2024-10-31
2024,Jeremy Chinn,ChinJe00,WAS,26.0,S,8.0,8.0,0.0,13.0,9.0,0.6920000000000001,105.0,11.7,8.1,2.0,133.0,8.8,75.0,30.0,10.0,1.0,0.0,0.0,1.0,41.0,2.0,0.047,2024-10-31
2024,Kamren Curl,CurlKa00,LA,25.0,DB,7.0,7.0,0.0,17.0,12.0,0.706,189.0,15.8,11.1,2.0,146.4,11.4,125.0,64.0,14.0,3.0,0.0,0.0,3.0,41.0,5.0,0.109,2024-10-31
2024,Carlton Davis,DaviCa02,DET,28.0,CB,7.0,7.0,0.0,49.0,30.0,0.612,393.0,13.1,8.0,1.0,93.3,9.4,262.0,131.0,1.0,0.0,0.0,0.0,0.0,36.0,4.0,0.1,2024-10-31
2024,Christian Izien,IzieCh00,TB,24.0,S,7.0,5.0,1.0,27.0,18.0,0.667,164.0,9.1,6.1,0.0,67.5,4.9,71.0,93.0,11.0,2.0,0.0,0.0,2.0,40.0,6.0,0.13,2024-10-31
2024,Eric Kendricks,KendEr00,DAL,32.0,MLB,6.0,6.0,1.0,15.0,9.0,0.6,174.0,19.3,11.6,1.0,94.9,6.3,55.0,119.0,15.0,1.0,0.0,2.0,3.0,61.0,5.0,0.076,2024-10-31
2024,Bobby Okereke,OkerBo00,NYG,28.0,LB,8.0,8.0,0.0,37.0,24.0,0.649,228.0,9.5,6.2,1.0,90.8,1.9,38.0,190.0,15.0,0.0,0.0,2.0,3.0,55.0,6.0,0.098,2024-10-31
2024,Benjamin St-Juste,StJuBe00,WAS,27.0,CB,8.0,8.0,0.0,50.0,32.0,0.64,434.0,13.6,8.7,3.0,111.6,10.9,283.0,151.0,1.0,0.0,0.0,0.0,0.0,36.0,3.0,0.077,2024-10-31
2024,Justin Strnad,StrnJu00,DEN,28.0,LB,8.0,4.0,0.0,17.0,13.0,0.765,76.0,5.8,4.5,0.0,84.4,1.9,-3.0,79.0,20.0,3.0,0.0,3.0,6.0,38.0,1.0,0.026000000000000002,2024-10-31
2024,Mack Wilson,WilsMa03,ARI,26.0,LB,8.0,8.0,1.0,16.0,13.0,0.813,111.0,8.5,6.9,0.0,69.5,2.8,23.0,88.0,15.0,1.0,0.0,1.0,2.0,47.0,4.0,0.078,2024-10-31
2024,Bryan Cook,CookBr02,KC,25.0,S,7.0,7.0,1.0,22.0,12.0,0.545,188.0,15.7,8.5,2.0,94.5,13.3,147.0,41.0,1.0,0.0,0.0,0.0,0.0,33.0,3.0,0.083,2024-10-31
2024,Ronald Darby,DarbRo00,JAX,30.0,CB,8.0,8.0,0.0,38.0,28.0,0.737,341.0,12.2,9.0,2.0,118.4,8.0,166.0,175.0,3.0,0.0,0.0,0.0,0.0,34.0,0.0,0.0,2024-10-31
2024,Demario Davis,DaviDe00,NO,35.0,LB,7.0,7.0,0.0,23.0,16.0,0.696,135.0,8.4,5.9,0.0,84.5,3.2,25.0,110.0,16.0,1.0,0.0,1.0,2.0,51.0,4.0,0.073,2024-10-31
2024,Tremaine Edmunds,EdmuTr01,CHI,26.0,LB,7.0,7.0,1.0,27.0,16.0,0.593,124.0,7.8,4.6,0.0,55.2,3.7,28.0,96.0,14.0,0.0,1.0,1.0,2.0,44.0,2.0,0.043,2024-10-31
2024,Jaycee Horn,HornJa00,CAR,25.0,CB,8.0,8.0,1.0,38.0,17.0,0.447,259.0,15.2,6.8,4.0,91.9,12.8,198.0,61.0,3.0,0.0,0.0,0.0,0.0,34.0,3.0,0.081,2024-10-31
2024,Marlon Humphrey,HumpMa00,BAL,28.0,CB,7.0,7.0,4.0,43.0,28.0,0.6509999999999999,258.0,9.2,6.0,3.0,65.8,6.9,174.0,84.0,9.0,0.0,1.0,0.0,1.0,33.0,0.0,0.0,2024-10-31
2024,Frankie Luvu,LuvuFr00,WAS,28.0,LB,8.0,8.0,0.0,14.0,10.0,0.7140000000000001,72.0,7.2,5.1,0.0,83.0,3.4,16.0,56.0,46.0,4.0,0.0,4.0,9.0,49.0,3.0,0.057999999999999996,2024-10-31
2024,Micah McFadden,McFaMi01,NYG,24.0,LB,7.0,7.0,0.0,18.0,16.0,0.889,113.0,7.1,6.3,1.0,111.3,2.1,50.0,63.0,20.0,2.0,2.0,2.0,7.0,47.0,7.0,0.13,2024-10-31
2024,Patrick Queen,QueePa00,PIT,25.0,LB,8.0,8.0,0.0,35.0,26.0,0.743,208.0,8.0,5.9,2.0,107.8,3.4,54.0,154.0,17.0,1.0,1.0,0.0,2.0,55.0,5.0,0.083,2024-10-31
2024,Justin Reid,ReidJu00,KC,27.0,S,7.0,7.0,1.0,27.0,23.0,0.852,273.0,11.9,10.1,2.0,118.1,7.1,141.0,132.0,14.0,0.0,0.0,0.0,0.0,39.0,2.0,0.049,2024-10-31
2024,Harrison Smith,SmitHa00,MIN,35.0,S,7.0,7.0,1.0,29.0,22.0,0.759,324.0,14.7,11.2,3.0,132.0,10.9,226.0,98.0,25.0,3.0,0.0,1.0,4.0,45.0,6.0,0.11800000000000001,2024-10-31
2024,Troy Andersen,AndeTr00,ATL,25.0,LB,4.0,3.0,1.0,13.0,9.0,0.6920000000000001,43.0,4.8,3.3,0.0,41.5,2.4,25.0,18.0,14.0,0.0,0.0,0.0,0.0,44.0,2.0,0.043,2024-10-31
2024,Jack Campbell,CampJa04,DET,24.0,LB,7.0,7.0,0.0,13.0,12.0,0.9229999999999999,158.0,13.2,12.2,1.0,142.9,6.8,85.0,73.0,18.0,1.0,0.0,1.0,2.0,49.0,3.0,0.057999999999999996,2024-10-31
2024,Kyle Dugger,DuggKy00,NE,28.0,S,6.0,6.0,0.0,21.0,15.0,0.7140000000000001,185.0,12.3,8.8,1.0,114.2,5.0,85.0,100.0,14.0,0.0,0.0,1.0,1.0,35.0,2.0,0.054000000000000006,2024-10-31
2024,Rayshawn Jenkins,JenkRa00,SEA,30.0,SS,6.0,6.0,0.0,19.0,16.0,0.8420000000000001,149.0,9.3,7.8,1.0,116.9,5.7,71.0,78.0,14.0,0.0,0.0,0.0,0.0,38.0,4.0,0.095,2024-10-31
2024,Devin Lloyd,LloyDe00,JAX,26.0,LB,7.0,7.0,0.0,23.0,16.0,0.696,104.0,6.5,4.5,3.0,118.5,3.1,20.0,84.0,17.0,0.0,1.0,1.0,2.0,50.0,2.0,0.038,2024-10-31
2024,PJ Locke,LockPJ00,DEN,27.0,S,7.0,7.0,0.0,23.0,18.0,0.7829999999999999,200.0,11.1,8.7,2.0,131.9,8.8,122.0,78.0,8.0,0.0,0.0,1.0,1.0,37.0,3.0,0.075,2024-10-31
2024,David Long,LongDa04,MIA,28.0,LB,6.0,6.0,0.0,23.0,20.0,0.87,225.0,11.3,9.8,1.0,121.9,3.7,86.0,139.0,6.0,1.0,0.0,0.0,1.0,38.0,5.0,0.11599999999999999,2024-10-31
2024,Tyrann Mathieu,MathTy00,NO,32.0,S,8.0,8.0,2.0,16.0,13.0,0.813,259.0,19.9,16.2,0.0,79.2,11.1,125.0,134.0,7.0,1.0,0.0,0.0,1.0,33.0,6.0,0.154,2024-10-31
2024,Isaiah McDuffie,McDuIs00,GB,25.0,LB,8.0,8.0,0.0,30.0,24.0,0.8,191.0,8.0,6.4,2.0,115.4,2.8,60.0,131.0,11.0,1.0,2.0,0.5,4.0,50.0,9.0,0.153,2024-10-31
2024,Xavier McKinney,McKiXa00,GB,26.0,S,8.0,8.0,6.0,18.0,9.0,0.5,165.0,18.3,9.2,0.0,42.4,16.4,108.0,57.0,6.0,1.0,0.0,1.0,2.0,36.0,2.0,0.053,2024-10-31
2024,Max Melton,MeltMa00,ARI,22.0,CB,8.0,1.0,0.0,26.0,22.0,0.846,302.0,13.7,11.6,0.0,115.1,9.0,211.0,91.0,0.0,0.0,0.0,0.0,0.0,32.0,2.0,0.059000000000000004,2024-10-31
2024,Keisean Nixon,NixoKe00,GB,27.0,CB,8.0,6.0,0.0,31.0,21.0,0.677,178.0,8.5,5.7,2.0,104.0,6.9,134.0,44.0,7.0,0.0,1.0,2.0,3.0,36.0,4.0,0.1,2024-10-31
2024,Troy Reeder,ReedTr01,LA,30.0,LB,6.0,6.0,0.0,19.0,14.0,0.737,160.0,11.4,8.4,0.0,98.6,3.1,37.0,123.0,10.0,0.0,0.0,0.0,0.0,46.0,6.0,0.115,2024-10-31
2024,Charvarius Ward,WardCh01,SF,28.0,CB,7.0,7.0,0.0,34.0,19.0,0.5589999999999999,240.0,12.6,7.1,1.0,87.9,10.6,177.0,63.0,0.0,0.0,0.0,0.0,0.0,35.0,2.0,0.054000000000000006,2024-10-31
2024,Tony Adams,AdamTo03,NYJ,25.0,S,7.0,7.0,0.0,26.0,14.0,0.5379999999999999,199.0,14.2,7.7,0.0,78.8,11.7,124.0,75.0,8.0,0.0,0.0,1.0,1.0,48.0,5.0,0.094,2024-10-31
2024,Terrion Arnold,ArnoTe00,DET,21.0,CB,7.0,7.0,0.0,46.0,26.0,0.565,310.0,11.9,6.7,2.0,91.8,10.3,244.0,66.0,0.0,0.0,0.0,0.0,0.0,27.0,2.0,0.069,2024-10-31
2024,Camryn Bynum,BynuCa00,MIN,26.0,S,7.0,7.0,2.0,21.0,11.0,0.524,137.0,12.5,6.5,1.0,49.2,9.1,83.0,54.0,2.0,0.0,0.0,0.0,0.0,43.0,3.0,0.065,2024-10-31
2024,DeVondre Campbell,CampDe00,SF,31.0,LB,8.0,7.0,0.0,30.0,25.0,0.833,217.0,8.7,7.2,1.0,107.9,0.7,32.0,185.0,14.0,0.0,1.0,0.0,1.0,45.0,5.0,0.1,2024-10-31
2024,Rasul Douglas,DougRa00,BUF,29.0,CB,8.0,8.0,0.0,32.0,19.0,0.594,207.0,10.9,6.5,2.0,99.3,9.4,123.0,84.0,3.0,0.0,0.0,0.0,0.0,33.0,1.0,0.028999999999999998,2024-10-31
2024,Nate Hobbs,HobbNa00,LV,25.0,CB,8.0,6.0,1.0,36.0,21.0,0.583,240.0,11.4,6.7,2.0,85.4,5.1,92.0,148.0,17.0,0.0,1.0,0.0,1.0,38.0,8.0,0.174,2024-10-31
2024,Amani Hooker,HookAm00,TEN,26.0,S,7.0,7.0,1.0,20.0,9.0,0.45,69.0,7.7,3.5,2.0,66.5,9.0,25.0,44.0,6.0,0.0,1.0,0.0,1.0,35.0,2.0,0.054000000000000006,2024-10-31
2024,Derwin James,JameDe00,LAC,28.0,S,6.0,6.0,0.0,21.0,15.0,0.7140000000000001,80.0,5.3,3.8,1.0,93.4,2.3,30.0,50.0,27.0,1.0,0.0,1.0,2.0,38.0,3.0,0.073,2024-10-31
2024,Kerby Joseph,JoseKe03,DET,24.0,S,7.0,7.0,5.0,21.0,9.0,0.429,117.0,13.0,5.6,0.0,21.4,14.1,95.0,22.0,3.0,1.0,0.0,0.0,1.0,39.0,2.0,0.049,2024-10-31
2024,Ivan Pace,PaceIv00,MIN,24.0,LB,5.0,5.0,0.0,17.0,14.0,0.8240000000000001,157.0,11.2,9.2,2.0,144.4,3.8,62.0,95.0,29.0,3.0,3.0,2.0,8.0,44.0,5.0,0.102,2024-10-31
2024,Jason Pinnock,PinnJa01,NYG,25.0,S,8.0,8.0,0.0,14.0,9.0,0.643,127.0,14.1,9.1,0.0,93.5,9.9,103.0,24.0,8.0,0.0,0.0,3.0,3.0,38.0,7.0,0.156,2024-10-31
2024,Christian Rozeboom,RozeCh00,LA,27.0,LB,7.0,5.0,0.0,24.0,19.0,0.792,184.0,9.7,7.7,2.0,126.4,3.6,48.0,136.0,3.0,0.0,0.0,0.0,0.0,54.0,6.0,0.1,2024-10-31
2024,Andrew Van Ginkel,VanGAn00,MIN,29.0,OLB,7.0,7.0,2.0,10.0,10.0,1.0,40.0,4.0,4.0,1.0,77.1,0.0,0.0,40.0,59.0,2.0,4.0,5.0,11.0,33.0,2.0,0.057,2024-10-31
2024,Trevin Wallace,WallTr00,CAR,21.0,LB,8.0,4.0,0.0,12.0,12.0,1.0,168.0,14.0,14.0,1.0,146.5,2.8,34.0,134.0,9.0,0.0,0.0,0.0,0.0,38.0,3.0,0.073,2024-10-31
2024,Deonte Banks,BankDe00,NYG,23.0,CB,8.0,8.0,0.0,44.0,31.0,0.705,389.0,12.5,8.8,4.0,127.9,8.8,255.0,134.0,2.0,0.0,0.0,0.0,0.0,32.0,3.0,0.086,2024-10-31
2024,Cody Barton,BartCo00,DEN,28.0,LB,8.0,5.0,0.0,19.0,15.0,0.789,147.0,9.8,7.7,1.0,116.4,4.6,45.0,102.0,30.0,1.0,0.0,1.0,2.0,48.0,4.0,0.077,2024-10-31
2024,KJ Britt,BritKJ00,TB,25.0,LB,8.0,8.0,0.0,21.0,17.0,0.81,205.0,12.1,9.8,1.0,123.2,4.1,74.0,131.0,18.0,1.0,0.0,0.5,2.0,49.0,5.0,0.09300000000000001,2024-10-31
2024,Chamarri Conner,ConnCh01,KC,24.0,DB,7.0,2.0,1.0,25.0,18.0,0.72,183.0,10.2,7.3,0.0,75.9,5.1,63.0,120.0,13.0,0.0,1.0,1.0,2.0,34.0,6.0,0.15,2024-10-31
2024,Edgerrin Cooper,CoopEd00,GB,23.0,LB,8.0,1.0,0.0,12.0,7.0,0.583,83.0,11.9,6.9,0.0,79.5,4.8,23.0,60.0,10.0,0.0,1.0,2.5,4.0,38.0,4.0,0.095,2024-10-31
2024,Zyon McCollum,McCoZy02,TB,25.0,CB,8.0,8.0,2.0,45.0,21.0,0.467,318.0,15.1,7.1,4.0,81.5,12.2,189.0,129.0,3.0,1.0,0.0,0.0,1.0,38.0,5.0,0.11599999999999999,2024-10-31
2024,Josh Metellus,MeteJo00,MIN,26.0,S,7.0,4.0,1.0,36.0,25.0,0.6940000000000001,263.0,10.5,7.3,0.0,78.8,4.9,130.0,133.0,27.0,2.0,3.0,0.0,5.0,41.0,0.0,0.0,2024-10-31
2024,Jahlani Tavai,TavaJa00,NE,28.0,LB,8.0,8.0,0.0,33.0,24.0,0.727,295.0,12.3,8.9,1.0,110.0,5.8,135.0,160.0,24.0,3.0,0.0,0.0,3.0,48.0,3.0,0.059000000000000004,2024-10-31
2024,Drue Tranquill,TranDr00,KC,29.0,LB,7.0,7.0,0.0,19.0,14.0,0.737,129.0,9.2,6.8,0.0,91.8,1.7,20.0,109.0,41.0,2.0,3.0,1.0,6.0,38.0,8.0,0.174,2024-10-31
2024,TJ Watt,WattT.00,PIT,30.0,LB,8.0,8.0,0.0,2.0,2.0,1.0,9.0,4.5,4.5,0.0,85.4,1.5,3.0,6.0,14.0,1.0,8.0,6.5,16.0,33.0,2.0,0.057,2024-10-31
2024,Kyzir White,WhitKy00,ARI,28.0,LB,8.0,8.0,1.0,23.0,17.0,0.7390000000000001,188.0,11.1,8.2,0.0,79.6,1.7,21.0,167.0,15.0,0.0,3.0,0.0,3.0,62.0,4.0,0.061,2024-10-31
2024,Terrel Bernard,BernTe00,BUF,25.0,LB,5.0,5.0,1.0,21.0,12.0,0.5710000000000001,101.0,8.4,4.8,0.0,49.9,3.3,56.0,45.0,10.0,1.0,1.0,0.0,2.0,32.0,4.0,0.111,2024-10-31
2024,Jaquan Brisker,BrisJa01,CHI,25.0,DB,5.0,5.0,1.0,12.0,9.0,0.75,120.0,13.3,10.0,0.0,71.5,9.8,81.0,39.0,3.0,0.0,0.0,1.0,1.0,40.0,3.0,0.07,2024-10-31
2024,Andre Cisco,CiscAn00,JAX,24.0,S,8.0,8.0,1.0,34.0,23.0,0.6759999999999999,480.0,20.9,14.1,3.0,127.7,12.0,273.0,207.0,4.0,0.0,0.0,0.0,0.0,39.0,5.0,0.114,2024-10-31
2024,Trevon Diggs,DiggTr00,DAL,26.0,CB,7.0,7.0,1.0,30.0,17.0,0.5670000000000001,222.0,13.1,7.4,1.0,77.4,10.6,88.0,134.0,1.0,0.0,0.0,0.0,0.0,28.0,6.0,0.17600000000000002,2024-10-31
2024,Sam Hubbard,HubbSa00,CIN,29.0,DE,8.0,8.0,1.0,2.0,1.0,0.5,16.0,16.0,8.0,0.0,37.5,1.0,0.0,16.0,0.0,0.0,4.0,2.0,6.0,33.0,2.0,0.057,2024-10-31
2024,Anfernee Jennings,JennAn00,NE,27.0,LB,7.0,7.0,0.0,0.0,0.0,,0.0,,,0.0,,,0.0,0.0,10.0,1.0,1.0,0.5,3.0,40.0,2.0,0.048,2024-10-31
2024,Josey Jewell,JeweJo00,CAR,30.0,LB,5.0,5.0,0.0,17.0,13.0,0.765,107.0,8.2,6.3,1.0,111.6,5.5,59.0,48.0,6.0,0.0,0.0,0.0,0.0,40.0,3.0,0.07,2024-10-31
2024,Tyrique Stevenson,StevTy01,CHI,24.0,DB,6.0,5.0,1.0,44.0,25.0,0.568,414.0,16.6,9.4,2.0,94.3,13.3,315.0,99.0,0.0,0.0,0.0,0.0,0.0,35.0,4.0,0.10300000000000001,2024-10-31
2024,Geno Stone,StonGe00,CIN,25.0,S,8.0,8.0,1.0,15.0,9.0,0.6,76.0,8.4,5.1,2.0,85.0,12.9,52.0,24.0,9.0,1.0,2.0,0.0,3.0,42.0,8.0,0.16,2024-10-31
2024,Henry TooToo,TooTHe00,HOU,23.0,LB,6.0,6.0,0.0,15.0,13.0,0.867,99.0,7.6,6.6,2.0,133.7,3.4,48.0,51.0,23.0,1.0,0.0,1.0,2.0,46.0,6.0,0.115,2024-10-31
2024,Payton Wilson,WilsPa00,PIT,24.0,LB,8.0,3.0,0.0,16.0,14.0,0.875,99.0,7.1,6.2,0.0,92.4,1.1,8.0,91.0,6.0,0.0,2.0,0.0,2.0,39.0,3.0,0.071,2024-10-31
2024,Zach Allen,AlleZa01,DEN,27.0,DE,8.0,8.0,0.0,1.0,0.0,0.0,0.0,,0.0,0.0,39.6,-6.0,0.0,0.0,0.0,6.0,13.0,4.0,24.0,35.0,2.0,0.054000000000000006,2024-10-31
2024,Stephon Gilmore,GilmSt00,MIN,34.0,CB,7.0,7.0,1.0,47.0,31.0,0.66,346.0,11.2,7.4,2.0,93.0,8.2,221.0,125.0,0.0,0.0,0.0,0.0,0.0,29.0,3.0,0.094,2024-10-31
2024,Malik Hooker,HookMa00,DAL,28.0,S,7.0,7.0,0.0,18.0,10.0,0.556,168.0,16.8,9.3,1.0,105.8,13.4,77.0,91.0,2.0,1.0,0.0,0.0,1.0,31.0,4.0,0.114,2024-10-31
2024,Jack Jones,JoneJa10,LV,27.0,CB,8.0,7.0,0.0,35.0,23.0,0.657,250.0,10.9,7.1,3.0,115.2,8.9,168.0,82.0,1.0,0.0,0.0,0.0,0.0,30.0,10.0,0.25,2024-10-31
2024,Marcus Jones,JoneMa06,NE,26.0,CB,8.0,5.0,1.0,39.0,26.0,0.667,366.0,14.1,9.4,3.0,111.7,11.6,269.0,97.0,3.0,0.0,0.0,0.0,0.0,28.0,2.0,0.067,2024-10-31
2024,Marshon Lattimore,LattMa01,NO,28.0,CB,7.0,7.0,0.0,22.0,12.0,0.545,114.0,9.5,5.2,0.0,69.1,9.0,31.0,83.0,3.0,1.0,0.0,0.0,1.0,30.0,0.0,0.0,2024-10-31
2024,Raekwon McMillan,McMiRa02,NE,28.0,LB,8.0,4.0,0.0,8.0,6.0,0.75,71.0,11.8,8.9,0.0,101.6,7.1,51.0,20.0,5.0,2.0,1.0,0.0,3.0,41.0,1.0,0.024,2024-10-31
2024,Darius Slay,SlayDa00,PHI,33.0,CB,7.0,7.0,0.0,33.0,20.0,0.606,212.0,10.6,6.4,2.0,99.6,8.5,161.0,51.0,1.0,0.0,0.0,0.0,0.0,27.0,1.0,0.036000000000000004,2024-10-31
2024,Tykee Smith,SmitTy05,TB,23.0,S,7.0,3.0,1.0,37.0,25.0,0.6759999999999999,260.0,10.4,7.0,3.0,103.4,7.1,161.0,99.0,20.0,1.0,2.0,0.0,3.0,33.0,2.0,0.057,2024-10-31
2024,Derek Stingley,StinDe00,HOU,23.0,CB,8.0,8.0,1.0,47.0,25.0,0.532,255.0,10.2,5.4,1.0,67.2,12.4,155.0,100.0,1.0,0.0,0.0,0.0,0.0,28.0,5.0,0.152,2024-10-31
2024,Jerome Baker,BakeJe00,SEA,28.0,LB,5.0,5.0,0.0,17.0,14.0,0.8240000000000001,97.0,6.9,5.7,0.0,90.4,-0.2,-19.0,116.0,8.0,1.0,0.0,1.0,2.0,37.0,3.0,0.075,2024-10-31
2024,Brian Burns,BurnBr00,NYG,26.0,OLB,8.0,8.0,0.0,3.0,1.0,0.33299999999999996,5.0,5.0,1.7,0.0,42.4,4.7,5.0,0.0,11.0,3.0,6.0,5.0,14.0,32.0,1.0,0.03,2024-10-31
2024,Leo Chenal,ChenLe00,KC,24.0,LB,7.0,6.0,0.0,8.0,5.0,0.625,18.0,3.6,2.3,1.0,106.2,2.1,-1.0,19.0,16.0,3.0,0.0,1.0,4.0,27.0,2.0,0.069,2024-10-31
2024,Rodney McLeod,McLeRo00,CLE,34.0,S,8.0,2.0,0.0,23.0,12.0,0.522,163.0,13.6,7.1,1.0,89.6,8.2,63.0,100.0,3.0,0.0,0.0,0.0,0.0,27.0,4.0,0.129,2024-10-31
2024,Quinyon Mitchell,MitcQu00,PHI,23.0,CB,7.0,7.0,0.0,37.0,19.0,0.514,237.0,12.5,6.4,0.0,71.6,14.1,190.0,47.0,0.0,0.0,0.0,0.0,0.0,26.0,2.0,0.071,2024-10-31
2024,Andru Phillips,PhilAn02,NYG,23.0,CB,7.0,3.0,0.0,19.0,16.0,0.8420000000000001,174.0,10.9,9.2,1.0,122.4,5.2,90.0,84.0,2.0,1.0,0.0,1.0,2.0,36.0,2.0,0.053,2024-10-31
2024,Isaiah Pola-Mao,PolaIs00,LV,25.0,S,8.0,5.0,0.0,10.0,8.0,0.8,67.0,8.4,6.7,0.0,94.6,5.2,24.0,43.0,8.0,1.0,0.0,1.0,2.0,31.0,3.0,0.08800000000000001,2024-10-31
2024,Joey Porter,PortJo02,PIT,24.0,CB,8.0,8.0,1.0,40.0,25.0,0.625,305.0,12.2,7.6,0.0,75.5,10.3,208.0,97.0,0.0,0.0,0.0,0.0,0.0,32.0,6.0,0.158,2024-10-31
2024,Trenton Simpson,SimpTr00,BAL,23.0,LB,8.0,8.0,0.0,18.0,14.0,0.778,92.0,6.6,5.1,2.0,125.0,2.1,22.0,70.0,23.0,0.0,1.0,0.5,2.0,42.0,5.0,0.106,2024-10-31
2024,Baylon Spector,SpecBa00,BUF,26.0,LB,8.0,3.0,0.0,18.0,13.0,0.722,169.0,13.0,9.4,0.0,101.4,5.6,112.0,57.0,6.0,0.0,0.0,1.0,1.0,34.0,2.0,0.055999999999999994,2024-10-31
2024,Jaylen Watson,WatsJa02,KC,26.0,CB,6.0,6.0,0.0,30.0,16.0,0.5329999999999999,208.0,13.0,6.9,0.0,75.4,11.0,112.0,96.0,4.0,0.0,0.0,0.0,0.0,32.0,6.0,0.158,2024-10-31
2024,Will Anderson,AndeWi01,HOU,23.0,DE,8.0,8.0,0.0,0.0,0.0,,0.0,,,0.0,,,0.0,0.0,1.0,9.0,2.0,7.5,19.0,27.0,3.0,0.1,2024-10-31
2024,Beanie Bishop,BishBe00,PIT,25.0,CB,8.0,3.0,3.0,39.0,22.0,0.564,233.0,10.6,6.0,2.0,59.0,6.5,114.0,119.0,4.0,0.0,0.0,0.5,1.0,25.0,2.0,0.07400000000000001,2024-10-31
2024,Adam Butler,ButlAd00,LV,30.0,DT,8.0,7.0,0.0,3.0,3.0,1.0,18.0,6.0,6.0,0.0,91.7,-3.7,-11.0,29.0,0.0,1.0,2.0,0.0,3.0,31.0,4.0,0.114,2024-10-31
2024,Blake Cashman,CashBl00,MIN,28.0,LB,5.0,5.0,0.0,22.0,14.0,0.636,151.0,10.8,6.9,1.0,98.9,6.4,57.0,94.0,41.0,3.0,3.0,1.0,7.0,40.0,1.0,0.024,2024-10-31
2024,Zaven Collins,CollZa00,ARI,25.0,OLB,8.0,8.0,0.0,4.0,3.0,0.75,17.0,5.7,4.3,0.0,82.3,-0.5,-5.0,22.0,10.0,2.0,0.0,1.0,3.0,31.0,1.0,0.031,2024-10-31
2024,Cordale Flott,FlotCo00,NYG,23.0,CB,7.0,6.0,0.0,26.0,19.0,0.731,223.0,11.7,8.6,1.0,111.5,8.3,148.0,75.0,1.0,0.0,0.0,0.0,0.0,30.0,4.0,0.11800000000000001,2024-10-31
2024,Alohi Gilman,GilmAl00,LAC,27.0,S,6.0,6.0,0.0,21.0,15.0,0.7140000000000001,272.0,18.1,13.0,1.0,129.6,10.8,163.0,109.0,0.0,0.0,0.0,1.0,1.0,33.0,6.0,0.154,2024-10-31
2024,Kyler Gordon,GordKy00,CHI,25.0,DB,6.0,5.0,0.0,22.0,16.0,0.727,174.0,10.9,7.9,0.0,95.6,4.6,74.0,100.0,15.0,1.0,0.0,0.5,2.0,33.0,4.0,0.10800000000000001,2024-10-31
2024,Daxton Hill,HillDa04,CIN,24.0,CB,5.0,5.0,0.0,20.0,13.0,0.65,125.0,9.6,6.3,1.0,99.0,8.3,83.0,42.0,2.0,0.0,0.0,1.0,1.0,25.0,4.0,0.138,2024-10-31
2024,Troy Hill,HillTr01,CAR,33.0,CB,6.0,2.0,0.0,17.0,15.0,0.882,135.0,9.0,7.9,1.0,119.4,5.2,71.0,64.0,6.0,0.0,0.0,0.0,0.0,32.0,5.0,0.135,2024-10-31
2024,Jonathan Jones,JoneJo03,NE,31.0,CB,8.0,7.0,0.0,24.0,17.0,0.708,236.0,13.9,9.8,1.0,116.0,9.3,169.0,67.0,1.0,0.0,0.0,0.0,0.0,28.0,2.0,0.067,2024-10-31
2024,Kenny Moore,MoorKe03,IND,29.0,CB,6.0,6.0,0.0,31.0,19.0,0.613,142.0,7.5,4.6,3.0,104.5,8.7,69.0,73.0,5.0,1.0,1.0,0.5,3.0,35.0,7.0,0.16699999999999998,2024-10-31
2024,Jordan Poyer,PoyeJo00,MIA,33.0,S,6.0,6.0,0.0,15.0,11.0,0.733,181.0,16.5,12.1,0.0,113.5,13.5,137.0,44.0,3.0,1.0,0.0,0.0,1.0,35.0,4.0,0.10300000000000001,2024-10-31
2024,Amik Robertson,RobeAm00,DET,26.0,CB,7.0,1.0,0.0,35.0,25.0,0.7140000000000001,308.0,12.3,8.8,1.0,107.8,9.3,163.0,145.0,9.0,0.0,0.0,0.0,0.0,23.0,4.0,0.14800000000000002,2024-10-31
2024,Eric Wilson,WilsEr00,GB,30.0,LB,8.0,5.0,1.0,12.0,9.0,0.75,101.0,11.2,8.4,1.0,92.7,4.7,29.0,72.0,6.0,0.0,0.0,2.0,2.0,29.0,4.0,0.121,2024-10-31
2024,Nick Bosa,BosaNi00,SF,27.0,DL,8.0,8.0,1.0,4.0,4.0,1.0,21.0,5.3,5.3,0.0,49.0,-0.3,-1.0,22.0,0.0,10.0,10.0,4.5,25.0,28.0,7.0,0.2,2024-10-31
2024,Dexter Lawrence,LawrDe03,NYG,27.0,DL,8.0,8.0,0.0,0.0,0.0,,0.0,,,0.0,,,0.0,0.0,0.0,2.0,4.0,9.0,16.0,28.0,1.0,0.034,2024-10-31
2024,Eric Murray,MurrEr00,HOU,30.0,S,8.0,7.0,1.0,29.0,13.0,0.44799999999999995,181.0,13.9,6.2,3.0,85.6,13.6,105.0,76.0,9.0,0.0,0.0,1.0,1.0,26.0,8.0,0.235,2024-10-31
2024,Greg Newsome,NewsGr00,CLE,24.0,CB,8.0,3.0,0.0,41.0,25.0,0.61,381.0,15.2,9.3,3.0,116.0,9.6,187.0,194.0,5.0,1.0,0.0,0.0,1.0,20.0,5.0,0.2,2024-10-31
2024,Gregory Rousseau,RousGr00,BUF,24.0,DE,8.0,8.0,0.0,5.0,3.0,0.6,51.0,17.0,10.2,0.0,94.6,3.2,13.0,38.0,1.0,5.0,10.0,3.5,19.0,26.0,3.0,0.10300000000000001,2024-10-31
2024,LJarius Sneed,SneeLJ00,TEN,27.0,CB,5.0,5.0,0.0,24.0,13.0,0.542,177.0,13.6,7.4,1.0,91.8,13.1,126.0,51.0,0.0,0.0,0.0,0.0,0.0,23.0,4.0,0.14800000000000002,2024-10-31
2024,Shaq Thompson,ThomSh01,CAR,30.0,LB,4.0,4.0,0.0,10.0,9.0,0.9,47.0,5.2,4.7,0.0,86.2,1.1,9.0,38.0,9.0,1.0,1.0,0.0,2.0,35.0,8.0,0.18600000000000003,2024-10-31
2024,DJ Turner,TurnDJ01,CIN,24.0,CB,8.0,3.0,0.0,31.0,16.0,0.516,205.0,12.8,6.6,0.0,72.6,11.4,136.0,69.0,0.0,0.0,0.0,0.0,0.0,22.0,3.0,0.12,2024-10-31
2024,Pete Werner,WernPe00,NO,25.0,LB,5.0,5.0,0.0,19.0,16.0,0.8420000000000001,113.0,7.1,5.9,0.0,91.4,2.7,31.0,82.0,11.0,0.0,0.0,0.0,0.0,30.0,1.0,0.032,2024-10-31
2024,Keion White,WhitKe03,NE,25.0,DE,8.0,8.0,0.0,8.0,8.0,1.0,55.0,6.9,6.9,0.0,95.3,-0.4,-3.0,58.0,1.0,5.0,7.0,4.0,17.0,34.0,1.0,0.028999999999999998,2024-10-31
2024,Marcus Williams,WillMa06,BAL,28.0,S,7.0,7.0,0.0,17.0,11.0,0.647,236.0,21.5,13.9,2.0,147.3,14.4,197.0,39.0,1.0,0.0,0.0,0.0,0.0,25.0,2.0,0.07400000000000001,2024-10-31
2024,Jarvis Brownlee,BrowJa09,TEN,23.0,CB,7.0,4.0,0.0,27.0,12.0,0.444,147.0,12.3,5.4,0.0,61.8,9.8,66.0,81.0,1.0,0.0,0.0,0.0,0.0,24.0,5.0,0.172,2024-10-31
2024,Devin Bush,BushDe01,CLE,26.0,LB,8.0,4.0,0.0,3.0,2.0,0.667,22.0,11.0,7.3,0.0,88.2,2.0,7.0,15.0,21.0,3.0,0.0,0.0,3.0,30.0,2.0,0.063,2024-10-31
2024,Ahmad Gardner,GardSa00,NYJ,24.0,CB,8.0,8.0,0.0,32.0,19.0,0.594,334.0,17.6,10.4,1.0,105.5,12.8,263.0,71.0,3.0,1.0,0.0,1.0,2.0,25.0,7.0,0.21899999999999997,2024-10-31
2024,Carl Granderson,GranCa01,NO,28.0,DE,8.0,8.0,0.0,0.0,0.0,,0.0,,,0.0,,,0.0,0.0,1.0,12.0,2.0,3.0,18.0,30.0,3.0,0.091,2024-10-31
2024,Cameron Heyward,HeywCa01,PIT,35.0,DT,8.0,8.0,0.0,0.0,0.0,,0.0,,,0.0,,,0.0,0.0,0.0,3.0,7.0,3.0,14.0,33.0,0.0,0.0,2024-10-31
2024,Mike Hilton,HiltMi01,CIN,30.0,CB,7.0,3.0,0.0,23.0,14.0,0.609,91.0,6.5,4.0,0.0,69.3,1.7,13.0,78.0,17.0,0.0,1.0,0.0,1.0,24.0,2.0,0.077,2024-10-31
2024,Jevon Holland,HollJe02,MIA,24.0,S,6.0,6.0,0.0,16.0,8.0,0.5,157.0,19.6,9.8,1.0,105.5,9.5,75.0,82.0,7.0,0.0,0.0,0.0,0.0,26.0,1.0,0.037000000000000005,2024-10-31
2024,Noah Igbinoghene,IgbiNo00,WAS,25.0,CB,8.0,4.0,0.0,33.0,20.0,0.606,156.0,7.8,4.7,2.0,92.5,7.5,84.0,72.0,2.0,0.0,0.0,0.0,0.0,26.0,2.0,0.071,2024-10-31
2024,Eddie Jackson,JackEd01,BAL,31.0,FS,8.0,4.0,0.0,25.0,15.0,0.6,243.0,16.2,9.7,3.0,132.2,15.6,200.0,43.0,1.0,0.0,1.0,0.0,1.0,30.0,3.0,0.091,2024-10-31
2024,DJ Reed,ReedD.00,NYJ,28.0,CB,6.0,6.0,0.0,25.0,10.0,0.4,66.0,6.6,2.6,0.0,47.9,13.0,40.0,26.0,1.0,0.0,0.0,0.0,0.0,24.0,3.0,0.111,2024-10-31
2024,AShawn Robinson,RobiAS00,CAR,29.0,DE,7.0,7.0,0.0,1.0,1.0,1.0,3.0,3.0,3.0,0.0,79.2,-5.0,-5.0,8.0,0.0,0.0,1.0,2.0,3.0,32.0,3.0,0.086,2024-10-31
2024,Evan Williams,WillEv00,GB,23.0,S,8.0,3.0,1.0,16.0,8.0,0.5,108.0,13.5,6.8,0.0,45.8,13.2,67.0,41.0,0.0,0.0,0.0,0.0,0.0,28.0,4.0,0.125,2024-10-31
2024,Vonn Bell,BellVo00,CIN,30.0,S,8.0,8.0,1.0,19.0,11.0,0.579,144.0,13.1,7.6,2.0,95.1,8.4,85.0,59.0,11.0,0.0,1.0,0.0,1.0,41.0,6.0,0.128,2024-10-31
2024,Tre Brown,BrowTr03,SEA,27.0,CB,6.0,3.0,0.0,20.0,12.0,0.6,196.0,16.3,9.8,1.0,109.6,12.6,186.0,10.0,1.0,0.0,0.0,0.0,0.0,19.0,1.0,0.05,2024-10-31
2024,Calais Campbell,CampCa99,MIA,38.0,DT,7.0,7.0,0.0,0.0,0.0,,0.0,,,0.0,,,0.0,0.0,0.0,1.0,3.0,2.0,6.0,22.0,4.0,0.154,2024-10-31
2024,Chuck Clark,ClarCh00,NYJ,29.0,S,6.0,6.0,0.0,6.0,4.0,0.667,53.0,13.3,8.8,0.0,94.4,4.5,22.0,31.0,3.0,0.0,0.0,1.0,1.0,32.0,2.0,0.059000000000000004,2024-10-31
2024,Jonathon Cooper,CoopJo02,DEN,26.0,OLB,8.0,8.0,0.0,4.0,4.0,1.0,12.0,3.0,3.0,0.0,79.2,-3.5,-14.0,26.0,53.0,3.0,5.0,5.5,14.0,31.0,1.0,0.031,2024-10-31
2024,Dennis Gardeck,GardDe01,ARI,30.0,OLB,7.0,3.0,1.0,4.0,3.0,0.75,18.0,6.0,4.5,0.0,43.7,4.0,9.0,9.0,10.0,1.0,1.0,3.0,5.0,22.0,1.0,0.043,2024-10-31
2024,Myles Garrett,GarrMy00,CLE,29.0,DE,8.0,8.0,0.0,0.0,0.0,,0.0,,,0.0,,,0.0,0.0,0.0,8.0,8.0,4.0,20.0,18.0,1.0,0.053,2024-10-31
2024,Trey Hendrickson,HendTr00,CIN,30.0,DE,8.0,8.0,0.0,1.0,1.0,1.0,9.0,9.0,9.0,0.0,104.2,7.0,7.0,2.0,0.0,5.0,8.0,7.0,20.0,21.0,2.0,0.087,2024-10-31
2024,Grady Jarrett,JarrGr00,ATL,31.0,DL,8.0,8.0,0.0,1.0,1.0,1.0,8.0,8.0,8.0,0.0,100.0,4.0,4.0,4.0,0.0,2.0,5.0,1.5,9.0,28.0,2.0,0.067,2024-10-31
2024,Kamari Lassiter,LassKa00,HOU,21.0,CB,6.0,6.0,1.0,30.0,11.0,0.36700000000000005,197.0,17.9,6.6,1.0,57.2,15.7,118.0,79.0,1.0,0.0,0.0,0.0,0.0,22.0,3.0,0.12,2024-10-31
2024,Foyesade Oluokun,OluoFo00,JAX,29.0,LB,4.0,4.0,0.0,10.0,8.0,0.8,46.0,5.8,4.6,0.0,85.8,2.9,10.0,36.0,7.0,2.0,0.0,1.0,3.0,31.0,0.0,0.0,2024-10-31
2024,Amani Oruwariye,OruwAm00,DAL,28.0,CB,4.0,2.0,1.0,24.0,17.0,0.708,219.0,12.9,9.1,1.0,95.7,13.1,146.0,73.0,0.0,0.0,0.0,0.0,0.0,20.0,2.0,0.091,2024-10-31
2024,Taylor Rapp,RappTa00,BUF,27.0,S,7.0,7.0,0.0,15.0,8.0,0.5329999999999999,144.0,18.0,9.6,1.0,108.7,11.5,85.0,59.0,6.0,0.0,0.0,0.0,0.0,33.0,1.0,0.028999999999999998,2024-10-31
2024,Alex Singleton,SingAl00,DEN,31.0,LB,3.0,3.0,1.0,8.0,7.0,0.875,70.0,10.0,8.8,1.0,103.1,2.9,10.0,60.0,12.0,0.0,1.0,0.0,1.0,31.0,4.0,0.114,2024-10-31
2024,Jared Verse,VersJa00,LA,24.0,OLB,7.0,7.0,0.0,2.0,2.0,1.0,15.0,7.5,7.5,0.0,97.9,4.5,9.0,6.0,32.0,9.0,9.0,2.5,21.0,29.0,7.0,0.19399999999999998,2024-10-31
2024,Garrett Williams,WillGa00,ARI,23.0,CB,7.0,6.0,1.0,27.0,15.0,0.556,142.0,9.5,5.3,2.0,79.6,7.6,45.0,97.0,2.0,0.0,0.0,0.0,0.0,22.0,5.0,0.185,2024-10-31
2024,Coby Bryant,BryaCo01,SEA,25.0,CB,8.0,2.0,1.0,9.0,6.0,0.667,76.0,12.7,8.4,1.0,90.3,9.9,59.0,17.0,2.0,0.0,0.0,0.0,0.0,24.0,2.0,0.077,2024-10-31
2024,Calen Bullock,BullCa00,HOU,21.0,S,8.0,5.0,3.0,13.0,6.0,0.462,49.0,8.2,3.8,2.0,56.2,20.2,33.0,16.0,1.0,0.0,0.0,0.0,0.0,23.0,3.0,0.115,2024-10-31
2024,Maxx Crosby,CrosMa00,LV,27.0,DE,7.0,7.0,0.0,1.0,0.0,0.0,0.0,,0.0,0.0,39.6,-4.0,0.0,0.0,1.0,6.0,4.0,6.5,17.0,26.0,2.0,0.071,2024-10-31
2024,Divine Deablo,DeabDi00,LV,26.0,LB,5.0,5.0,0.0,16.0,13.0,0.813,147.0,11.3,9.2,1.0,125.8,4.7,56.0,91.0,13.0,1.0,0.0,1.0,2.0,26.0,8.0,0.235,2024-10-31
2024,Marcus Epps,EppsMa00,LV,28.0,S,3.0,3.0,0.0,13.0,10.0,0.769,105.0,10.5,8.1,0.0,99.8,5.0,53.0,52.0,3.0,0.0,0.0,0.0,0.0,19.0,7.0,0.26899999999999996,2024-10-31
2024,Kendall Fuller,FullKe00,MIA,29.0,CB,6.0,6.0,0.0,18.0,11.0,0.611,130.0,11.8,7.2,0.0,83.1,10.9,93.0,37.0,0.0,0.0,0.0,0.0,0.0,23.0,1.0,0.042,2024-10-31
2024,CJ Gardner-Johnson,GardCh00,PHI,27.0,S,7.0,7.0,1.0,19.0,12.0,0.632,230.0,19.2,12.1,4.0,122.8,10.1,113.0,117.0,1.0,1.0,1.0,0.0,2.0,29.0,5.0,0.147,2024-10-31
2024,Jaylinn Hawkins,HawkJa00,NE,27.0,S,8.0,3.0,0.0,11.0,8.0,0.727,97.0,12.1,8.8,2.0,139.0,8.6,71.0,26.0,7.0,0.0,0.0,0.0,0.0,24.0,2.0,0.077,2024-10-31
2024,Neville Hewitt,HewiNe00,HOU,31.0,LB,8.0,2.0,1.0,6.0,3.0,0.5,15.0,5.0,2.5,0.0,16.7,10.3,5.0,10.0,5.0,0.0,0.0,0.0,0.0,25.0,2.0,0.07400000000000001,2024-10-31
2024,Ronnie Hickman,HickRo00,CLE,23.0,S,5.0,4.0,0.0,10.0,6.0,0.6,86.0,14.3,8.6,0.0,87.9,20.5,65.0,21.0,0.0,0.0,0.0,0.0,0.0,17.0,1.0,0.055999999999999994,2024-10-31
2024,Donte Jackson,JackDo02,PIT,29.0,CB,8.0,8.0,3.0,41.0,21.0,0.512,277.0,13.2,6.8,0.0,42.4,13.0,148.0,129.0,0.0,0.0,0.0,0.0,0.0,24.0,5.0,0.172,2024-10-31
2024,Javon Kinlaw,KinlJa00,NYJ,27.0,DT,8.0,8.0,0.0,0.0,0.0,,0.0,,,0.0,,,0.0,0.0,2.0,4.0,1.0,1.5,7.0,22.0,1.0,0.043,2024-10-31
2024,Trent McDuffie,McDuTr00,KC,24.0,CB,7.0,7.0,0.0,36.0,21.0,0.583,199.0,9.5,5.5,0.0,73.7,9.7,121.0,78.0,8.0,0.0,3.0,0.0,3.0,26.0,2.0,0.071,2024-10-31
2024,Elijah Molden,MoldEl00,LAC,25.0,CB,7.0,4.0,2.0,13.0,12.0,0.9229999999999999,178.0,14.8,13.7,1.0,104.8,7.7,100.0,78.0,0.0,0.0,0.0,0.0,0.0,28.0,0.0,0.0,2024-10-31
2024,Jalen Ramsey,RamsJa00,MIA,30.0,CB,7.0,7.0,0.0,23.0,14.0,0.609,159.0,11.4,6.9,2.0,110.6,8.1,107.0,52.0,7.0,3.0,2.0,0.0,5.0,28.0,2.0,0.067,2024-10-31
2024,Malcolm Rodriguez,RodrMa00,DET,25.0,LB,7.0,3.0,0.0,13.0,12.0,0.9229999999999999,83.0,6.9,6.4,0.0,93.3,3.8,44.0,39.0,25.0,0.0,0.0,2.0,2.0,26.0,2.0,0.071,2024-10-31
2024,Eric Stokes,StokEr00,GB,25.0,CB,8.0,5.0,0.0,35.0,23.0,0.657,299.0,13.0,8.5,2.0,111.5,11.8,212.0,87.0,0.0,0.0,0.0,0.0,0.0,23.0,2.0,0.08,2024-10-31
2024,Donovan Wilson,WilsDo01,DAL,29.0,S,7.0,7.0,1.0,16.0,12.0,0.75,211.0,17.6,13.2,3.0,130.2,8.3,93.0,118.0,9.0,0.0,0.0,1.0,1.0,35.0,4.0,0.10300000000000001,2024-10-31
2024,Isaac Yiadom,YiadIs00,SF,28.0,CB,8.0,2.0,0.0,25.0,13.0,0.52,174.0,13.4,7.0,1.0,87.7,10.6,111.0,63.0,0.0,0.0,0.0,0.0,0.0,18.0,0.0,0.0,2024-10-31
2024,Jaire Alexander,AlexJa00,GB,27.0,CB,6.0,6.0,2.0,30.0,17.0,0.5670000000000001,231.0,13.6,7.7,3.0,86.9,9.8,143.0,88.0,0.0,0.0,0.0,0.0,0.0,16.0,2.0,0.111,2024-10-31
2024,Krys Barnes,BarnKr00,ARI,26.0,LB,8.0,0.0,0.0,8.0,8.0,1.0,83.0,10.4,10.4,1.0,149.5,4.3,34.0,49.0,3.0,0.0,0.0,2.0,2.0,24.0,1.0,0.04,2024-10-31
2024,Percy Butler,ButlPe00,WAS,24.0,S,8.0,3.0,0.0,11.0,9.0,0.818,103.0,11.4,9.4,1.0,136.0,9.5,75.0,28.0,1.0,0.0,0.0,0.0,0.0,26.0,1.0,0.037000000000000005,2024-10-31
2024,YaYa Diaby,DiabYa00,TB,25.0,OLB,8.0,8.0,0.0,3.0,2.0,0.667,9.0,4.5,3.0,0.0,70.1,-1.0,4.0,5.0,55.0,7.0,6.0,2.0,15.0,21.0,2.0,0.087,2024-10-31
2024,Jonathan Greenard,GreeJo04,MIN,27.0,OLB,7.0,7.0,0.0,4.0,3.0,0.75,21.0,7.0,5.3,0.0,86.5,-4.0,-8.0,29.0,47.0,11.0,6.0,5.0,22.0,21.0,4.0,0.16,2024-10-31
2024,Derick Hall,HallDe04,SEA,23.0,OLB,8.0,6.0,0.0,2.0,1.0,0.5,1.0,1.0,0.5,0.0,56.2,0.5,1.0,0.0,11.0,5.0,7.0,5.0,17.0,24.0,2.0,0.077,2024-10-31
2024,Jordan Howden,HowdJo00,NO,24.0,DB,8.0,3.0,1.0,8.0,6.0,0.75,72.0,12.0,9.0,0.0,62.5,4.9,26.0,46.0,2.0,0.0,0.0,0.0,0.0,32.0,0.0,0.0,2024-10-31
2024,Jaylon Johnson,JohnJa13,CHI,25.0,DB,7.0,7.0,2.0,26.0,14.0,0.5379999999999999,175.0,12.5,6.7,0.0,42.9,12.2,102.0,73.0,0.0,0.0,0.0,0.0,0.0,19.0,1.0,0.05,2024-10-31
2024,Tyrice Knight,KnigTy00,SEA,24.0,LB,7.0,2.0,0.0,8.0,8.0,1.0,76.0,9.5,9.5,0.0,106.2,2.4,14.0,62.0,2.0,0.0,0.0,0.0,0.0,23.0,2.0,0.08,2024-10-31
2024,Nate Landman,LandNa01,ATL,26.0,LB,4.0,4.0,0.0,10.0,8.0,0.8,70.0,8.8,7.0,1.0,129.2,1.0,3.0,67.0,4.0,1.0,0.0,0.0,1.0,26.0,0.0,0.0,2024-10-31
2024,Harold Landry,LandHa00,TEN,28.0,OLB,7.0,7.0,0.0,3.0,2.0,0.667,10.0,5.0,3.3,0.0,71.5,-4.0,-12.0,22.0,11.0,3.0,4.0,4.0,11.0,30.0,6.0,0.16699999999999998,2024-10-31
2024,Jourdan Lewis,LewiJo01,DAL,29.0,CB,7.0,4.0,0.0,25.0,17.0,0.68,121.0,7.1,4.8,0.0,78.9,5.8,64.0,57.0,3.0,0.0,0.0,0.0,0.0,26.0,3.0,0.10300000000000001,2024-10-31
2024,Roger McCreary,McCrRo01,TEN,24.0,CB,7.0,2.0,0.0,29.0,22.0,0.759,170.0,7.7,5.9,1.0,101.2,2.7,16.0,154.0,9.0,0.0,1.0,1.0,2.0,18.0,4.0,0.182,2024-10-31
2024,Nick Scott,ScotNi01,CAR,29.0,S,7.0,4.0,0.0,17.0,14.0,0.8240000000000001,186.0,13.3,10.9,1.0,131.9,10.2,101.0,85.0,2.0,1.0,0.0,0.0,1.0,28.0,6.0,0.17600000000000002,2024-10-31
2024,Justin Simmons,SimmJu00,ATL,31.0,S,7.0,7.0,1.0,20.0,12.0,0.6,111.0,9.3,5.6,0.0,54.4,7.8,60.0,51.0,5.0,0.0,0.0,0.0,0.0,28.0,4.0,0.125,2024-10-31
2024,Starling Thomas,ThomSt01,ARI,24.0,CB,8.0,8.0,0.0,29.0,17.0,0.586,253.0,14.9,8.7,2.0,110.3,11.3,151.0,102.0,0.0,0.0,0.0,0.0,0.0,22.0,2.0,0.083,2024-10-31
2024,Antoine Winfield,WinfAn00,TB,26.0,S,4.0,4.0,0.0,5.0,3.0,0.6,56.0,18.7,11.2,1.0,138.3,14.2,29.0,27.0,12.0,0.0,1.0,1.0,2.0,28.0,1.0,0.034,2024-10-31
2024,Jaylon Carlies,CarlJa01,IND,23.0,LB,7.0,3.0,0.0,7.0,6.0,0.857,79.0,13.2,11.3,1.0,153.3,0.3,5.0,74.0,5.0,0.0,0.0,1.0,1.0,21.0,0.0,0.0,2024-10-31
2024,Caelen Carson,CarsCa01,DAL,22.0,CB,3.0,3.0,0.0,16.0,10.0,0.625,143.0,14.3,8.9,1.0,112.2,9.6,68.0,75.0,0.0,0.0,0.0,0.0,0.0,15.0,3.0,0.16699999999999998,2024-10-31
2024,Damone Clark,ClarDa02,DAL,24.0,LB,7.0,2.0,0.0,10.0,3.0,0.3,18.0,6.0,1.8,0.0,39.6,6.9,5.0,13.0,2.0,0.0,0.0,0.5,1.0,24.0,0.0,0.0,2024-10-31
2024,SirVocea Dennis,DennSi00,TB,24.0,LB,4.0,0.0,0.0,11.0,10.0,0.909,92.0,9.2,8.4,0.0,101.5,1.5,23.0,69.0,12.0,1.0,0.0,1.0,2.0,22.0,2.0,0.083,2024-10-31
2024,Cobie Durant,DuraDe01,LA,26.0,DB,7.0,7.0,1.0,28.0,15.0,0.536,152.0,10.1,5.4,0.0,54.5,11.1,128.0,24.0,2.0,0.0,1.0,1.0,2.0,22.0,1.0,0.043,2024-10-31
2024,Christian Elliss,ElliCh00,NE,25.0,LB,8.0,1.0,0.0,7.0,3.0,0.429,40.0,13.3,5.7,0.0,61.6,6.3,15.0,25.0,3.0,1.0,1.0,1.5,4.0,31.0,0.0,0.0,2024-10-31
2024,Davon Godchaux,GodcDa00,NE,30.0,DT,8.0,8.0,0.0,0.0,0.0,,0.0,,,0.0,,,0.0,0.0,0.0,0.0,1.0,0.0,1.0,29.0,0.0,0.0,2024-10-31
2024,Cam Hart,HartCa00,LAC,24.0,CB,7.0,3.0,0.0,15.0,8.0,0.5329999999999999,80.0,10.0,5.3,0.0,68.7,11.4,55.0,25.0,0.0,0.0,0.0,0.0,0.0,17.0,1.0,0.055999999999999994,2024-10-31
2024,Jordan Hicks,HickJo00,CLE,32.0,LB,5.0,5.0,0.0,10.0,6.0,0.6,50.0,8.3,5.0,0.0,72.9,2.2,0.0,50.0,10.0,1.0,2.0,1.0,4.0,24.0,1.0,0.04,2024-10-31
2024,Travis Jones,JoneTr00,BAL,25.0,DT,8.0,7.0,0.0,1.0,1.0,1.0,0.0,0.0,0.0,0.0,79.2,-8.0,-8.0,8.0,0.0,2.0,1.0,1.0,4.0,20.0,0.0,0.0,2024-10-31
2024,Boye Mafe,MafeBo00,SEA,26.0,LB,6.0,3.0,0.0,3.0,3.0,1.0,31.0,10.3,10.3,0.0,109.7,0.7,2.0,29.0,7.0,5.0,4.0,4.0,13.0,20.0,2.0,0.091,2024-10-31
2024,Kool-Aid McKinstry,McKiKo00,NO,22.0,CB,8.0,2.0,0.0,21.0,14.0,0.667,184.0,13.1,8.8,0.0,94.1,10.1,118.0,66.0,2.0,0.0,0.0,0.0,0.0,18.0,1.0,0.053,2024-10-31
2024,Emmanuel Ogbah,OgbaEm00,MIA,31.0,LB,6.0,6.0,1.0,2.0,0.0,0.0,0.0,,0.0,0.0,0.0,2.5,0.0,0.0,0.0,2.0,3.0,2.0,7.0,21.0,1.0,0.045,2024-10-31
2024,Isaiah Oliver,OlivIs00,NYJ,28.0,CB,8.0,1.0,0.0,15.0,10.0,0.667,101.0,10.1,6.7,0.0,85.7,7.7,47.0,54.0,12.0,0.0,1.0,1.0,2.0,20.0,2.0,0.091,2024-10-31
2024,Anfernee Orji,OrjiAn00,NO,24.0,LB,8.0,1.0,0.0,8.0,8.0,1.0,64.0,8.0,8.0,0.0,100.0,2.6,21.0,43.0,1.0,0.0,0.0,0.0,0.0,23.0,6.0,0.207,2024-10-31
2024,ZaDarius Smith,SmitZa00,CLE,32.0,DE,8.0,8.0,0.0,1.0,1.0,1.0,12.0,12.0,12.0,0.0,116.7,-1.0,-1.0,13.0,0.0,3.0,1.0,5.0,9.0,22.0,1.0,0.043,2024-10-31
2024,Grover Stewart,StewGr00,IND,31.0,DT,8.0,8.0,0.0,1.0,1.0,1.0,28.0,28.0,28.0,0.0,118.7,-3.0,-3.0,31.0,0.0,4.0,1.0,0.5,6.0,32.0,5.0,0.135,2024-10-31
2024,Kobie Turner,TurnKo00,LA,25.0,DE,7.0,7.0,0.0,2.0,2.0,1.0,16.0,8.0,8.0,0.0,100.0,-3.0,-6.0,22.0,0.0,5.0,0.0,3.0,8.0,28.0,2.0,0.067,2024-10-31
2024,Lukas Van Ness,VanNLu00,GB,23.0,DL,8.0,0.0,0.0,2.0,1.0,0.5,8.0,8.0,4.0,0.0,60.4,-5.5,-6.0,14.0,0.0,2.0,1.0,1.0,4.0,18.0,2.0,0.1,2024-10-31
2024,Kyle Van Noy,VanNKy00,BAL,33.0,OLB,8.0,8.0,0.0,2.0,2.0,1.0,10.0,5.0,5.0,0.0,87.5,-0.5,-1.0,11.0,5.0,1.0,5.0,7.0,13.0,18.0,3.0,0.14300000000000002,2024-10-31
2024,ArDarius Washington,WashAr00,BAL,25.0,S,8.0,1.0,0.0,22.0,16.0,0.727,114.0,7.1,5.2,1.0,99.4,6.0,89.0,25.0,9.0,0.0,0.0,1.0,1.0,18.0,1.0,0.053,2024-10-31
2024,Byron Young,YounBy01,LA,26.0,OLB,7.0,7.0,0.0,4.0,2.0,0.5,9.0,4.5,2.3,0.0,56.2,4.3,2.0,7.0,34.0,6.0,4.0,3.0,13.0,25.0,6.0,0.19399999999999998,2024-10-31
2024,Jonathan Allen,AlleJo01,WAS,29.0,DT,6.0,6.0,0.0,0.0,0.0,,0.0,,,0.0,,,0.0,0.0,0.0,1.0,4.0,2.0,7.0,15.0,1.0,0.063,2024-10-31
2024,Folorunso Fatukasi,FatuFo00,HOU,29.0,DT,8.0,8.0,0.0,2.0,2.0,1.0,-3.0,-1.5,-1.5,0.0,79.2,-4.0,-8.0,5.0,0.0,3.0,2.0,1.0,6.0,19.0,1.0,0.05,2024-10-31
2024,Willie Gay,GayJWi00,NO,26.0,LB,7.0,5.0,0.0,9.0,4.0,0.444,81.0,20.3,9.0,1.0,113.7,3.0,-5.0,86.0,11.0,1.0,0.0,1.0,2.0,18.0,1.0,0.053,2024-10-31
2024,DaShawn Hand,HandDa00,MIA,29.0,DT,7.0,1.0,0.0,0.0,0.0,,0.0,,,0.0,,,0.0,0.0,0.0,0.0,2.0,1.0,3.0,19.0,1.0,0.05,2024-10-31
2024,Jaylon Jones,JoneJa13,CHI,27.0,DB,7.0,1.0,0.0,10.0,7.0,0.7,76.0,10.9,7.6,0.0,92.1,7.8,63.0,13.0,0.0,0.0,0.0,0.0,0.0,15.0,0.0,0.0,2024-10-31
2024,Jaylon Jones,JoneJa12,CHI,27.0,DB,7.0,1.0,0.0,10.0,7.0,0.7,76.0,10.9,7.6,0.0,92.1,7.8,63.0,13.0,0.0,0.0,0.0,0.0,0.0,15.0,0.0,0.0,2024-10-31
2024,Kader Kohou,KohoKa00,MIA,26.0,CB,6.0,3.0,1.0,26.0,15.0,0.5770000000000001,161.0,10.7,6.2,0.0,59.9,7.4,101.0,60.0,6.0,0.0,0.0,0.0,0.0,17.0,3.0,0.15,2024-10-31
2024,CJ Mosley,MoslC.00,NYJ,32.0,LB,4.0,3.0,0.0,5.0,5.0,1.0,44.0,8.8,8.8,0.0,103.3,4.6,23.0,21.0,3.0,0.0,0.0,0.0,0.0,17.0,0.0,0.0,2024-10-31
2024,Malik Mustapha,MustMa00,SF,22.0,S,8.0,4.0,1.0,11.0,2.0,0.182,6.0,3.0,0.5,0.0,1.7,12.1,-4.0,10.0,2.0,0.0,0.0,0.0,0.0,30.0,5.0,0.14300000000000002,2024-10-31
2024,Odafe Oweh,OwehJa00,BAL,26.0,OLB,8.0,8.0,0.0,2.0,2.0,1.0,31.0,15.5,15.5,0.0,118.7,0.0,0.0,31.0,5.0,3.0,5.0,4.5,13.0,20.0,3.0,0.13,2024-10-31
2024,Elandon Roberts,RobeEl00,PIT,30.0,LB,8.0,5.0,0.0,8.0,7.0,0.875,93.0,13.3,11.6,0.0,115.1,-1.1,-5.0,98.0,11.0,0.0,1.0,1.0,2.0,20.0,2.0,0.091,2024-10-31
2024,Tim Settle,SettTi00,HOU,27.0,DT,8.0,2.0,0.0,1.0,1.0,1.0,-3.0,-3.0,-3.0,0.0,79.2,-3.0,-3.0,0.0,0.0,2.0,3.0,4.0,9.0,14.0,2.0,0.125,2024-10-31
2024,Jeffery Simmons,SimmJe01,TEN,27.0,DT,6.0,6.0,0.0,0.0,0.0,,0.0,,,0.0,,,0.0,0.0,0.0,0.0,0.0,2.0,2.0,21.0,3.0,0.125,2024-10-31
2024,Vita Vea,VeaxVi00,TB,29.0,NT,7.0,7.0,0.0,0.0,0.0,,0.0,,,0.0,,,0.0,0.0,0.0,1.0,0.0,3.0,4.0,20.0,1.0,0.048,2024-10-31
2024,DeMarcus Walker,WalkDe03,CHI,30.0,DL,7.0,7.0,0.0,0.0,0.0,,0.0,,,0.0,,,0.0,0.0,0.0,4.0,6.0,1.5,12.0,27.0,0.0,0.0,2024-10-31
2024,Denzel Ward,WardDe02,CLE,27.0,CB,8.0,8.0,0.0,41.0,17.0,0.415,257.0,15.1,6.3,1.0,70.9,15.0,158.0,99.0,0.0,0.0,1.0,0.0,1.0,15.0,9.0,0.375,2024-10-31
2024,Jimmie Ward,WardJi01,HOU,33.0,S,4.0,4.0,0.0,16.0,9.0,0.563,181.0,20.1,11.3,2.0,135.7,12.9,130.0,51.0,1.0,0.0,0.0,0.0,0.0,17.0,0.0,0.0,2024-10-31
2024,Quinnen Williams,WillQu00,NYJ,27.0,DL,8.0,8.0,0.0,3.0,2.0,0.667,0.0,0.0,0.0,0.0,70.1,-1.7,-2.0,2.0,0.0,4.0,5.0,3.5,13.0,18.0,4.0,0.182,2024-10-31
2024,Darrell Baker,BakeDa02,TEN,26.0,CB,7.0,2.0,0.0,10.0,5.0,0.5,21.0,4.2,2.1,2.0,95.8,5.1,0.0,21.0,1.0,0.0,0.0,0.0,0.0,13.0,1.0,0.071,2024-10-31
2024,Ashtyn Davis,DaviAs00,NYJ,28.0,S,7.0,0.0,0.0,6.0,5.0,0.833,74.0,14.8,12.3,1.0,157.6,7.5,37.0,37.0,3.0,0.0,0.0,0.0,0.0,15.0,2.0,0.11800000000000001,2024-10-31
2024,Gervon Dexter,DextGe00,CHI,23.0,DL,7.0,7.0,0.0,0.0,0.0,,0.0,,,0.0,,,0.0,0.0,0.0,3.0,7.0,4.0,15.0,21.0,0.0,0.0,2024-10-31
2024,Arnold Ebiketie,EbikAr00,ATL,25.0,OLB,8.0,0.0,0.0,3.0,2.0,0.667,8.0,4.0,2.7,0.0,70.1,-0.7,1.0,7.0,8.0,2.0,4.0,0.0,6.0,18.0,1.0,0.053,2024-10-31
2024,Brandin Echols,EchoBr00,NYJ,27.0,CB,8.0,2.0,2.0,16.0,9.0,0.563,120.0,13.3,7.5,2.0,80.2,18.9,82.0,38.0,0.0,0.0,0.0,0.0,0.0,17.0,2.0,0.105,2024-10-31
2024,Daniel Ekuale,EkuaDa00,NE,30.0,DT,7.0,7.0,0.0,1.0,1.0,1.0,-1.0,-1.0,-1.0,0.0,79.2,-5.0,-5.0,4.0,0.0,0.0,0.0,1.0,2.0,23.0,2.0,0.08,2024-10-31
2024,Kristian Fulton,FultKr00,LAC,26.0,CB,7.0,6.0,1.0,19.0,9.0,0.474,102.0,11.3,5.4,1.0,59.5,10.3,82.0,20.0,0.0,0.0,0.0,0.0,0.0,16.0,1.0,0.059000000000000004,2024-10-31
2024,Will Harris,HarrWi02,NO,29.0,CB,5.0,5.0,1.0,15.0,9.0,0.6,150.0,16.7,10.0,0.0,66.0,5.9,27.0,123.0,7.0,0.0,0.0,0.0,0.0,16.0,3.0,0.158,2024-10-31
2024,Aidan Hutchinson,HutcAi00,DET,24.0,DL,5.0,5.0,0.0,3.0,2.0,0.667,29.0,14.5,9.7,0.0,97.9,-0.7,1.0,28.0,2.0,10.0,9.0,7.5,27.0,19.0,2.0,0.095,2024-10-31
2024,Taron Johnson,JohnTa01,BUF,28.0,CB,4.0,4.0,1.0,19.0,15.0,0.789,145.0,9.7,7.6,0.0,76.5,6.8,62.0,83.0,4.0,0.0,0.0,0.0,0.0,24.0,0.0,0.0,2024-10-31
2024,Matthew Judon,JudoMa00,ATL,32.0,OLB,8.0,8.0,0.0,3.0,1.0,0.33299999999999996,7.0,7.0,2.3,0.0,42.4,6.3,-7.0,14.0,15.0,2.0,1.0,1.5,5.0,26.0,2.0,0.071,2024-10-31
2024,Will McDonald,McDoWi00,NYJ,25.0,DE,8.0,6.0,0.0,0.0,0.0,,0.0,,,0.0,,,0.0,0.0,0.0,9.0,4.0,8.0,22.0,15.0,2.0,0.11800000000000001,2024-10-31
2024,Sean Murphy-Bunting,BuntSe00,ARI,27.0,CB,7.0,7.0,1.0,23.0,17.0,0.7390000000000001,197.0,11.6,8.6,1.0,95.7,9.1,158.0,39.0,1.0,1.0,0.0,0.0,1.0,24.0,3.0,0.111,2024-10-31
2024,George Odum,OdumGe00,SF,31.0,S,8.0,2.0,0.0,11.0,7.0,0.636,211.0,30.1,19.2,2.0,146.8,17.7,129.0,82.0,0.0,0.0,0.0,0.0,0.0,14.0,1.0,0.067,2024-10-31
2024,Clark Phillips,PhilCl00,ATL,23.0,CB,8.0,0.0,1.0,16.0,14.0,0.875,103.0,7.4,6.4,1.0,88.3,5.3,71.0,32.0,0.0,0.0,0.0,0.0,0.0,14.0,2.0,0.125,2024-10-31
2024,Jarran Reed,ReedJa02,SEA,32.0,NT,8.0,5.0,0.0,1.0,1.0,1.0,2.0,2.0,2.0,0.0,79.2,-3.0,-3.0,5.0,0.0,2.0,5.0,2.0,9.0,25.0,1.0,0.038,2024-10-31
2024,Grant Stuard,StuaGr00,IND,26.0,LB,8.0,2.0,0.0,6.0,5.0,0.833,50.0,10.0,8.3,0.0,101.4,1.8,6.0,44.0,2.0,0.0,0.0,0.0,0.0,21.0,1.0,0.045,2024-10-31
2024,Juan Thornhill,ThorJu00,CLE,29.0,S,3.0,3.0,0.0,7.0,4.0,0.5710000000000001,48.0,12.0,6.9,1.0,117.9,13.4,39.0,9.0,1.0,0.0,0.0,0.0,0.0,15.0,3.0,0.16699999999999998,2024-10-31
2024,Levi Wallace,WallLe00,DEN,29.0,CB,8.0,1.0,0.0,12.0,10.0,0.833,79.0,7.9,6.6,0.0,94.1,3.2,20.0,59.0,1.0,0.0,0.0,0.0,0.0,15.0,0.0,0.0,2024-10-31
2024,Yasir Abdullah,AbduYa00,JAX,24.0,LB,7.0,3.0,0.0,2.0,1.0,0.5,16.0,16.0,8.0,0.0,77.1,-1.0,-2.0,18.0,3.0,0.0,0.0,0.0,0.0,13.0,0.0,0.0,2024-10-31
2024,Jakorian Bennett,BennJa00,LV,24.0,CB,8.0,5.0,0.0,39.0,19.0,0.48700000000000004,208.0,10.9,5.3,0.0,64.9,11.9,149.0,59.0,0.0,0.0,0.0,0.0,0.0,20.0,5.0,0.2,2024-10-31
2024,Nik Bonitto,BoniNi00,DEN,25.0,OLB,8.0,6.0,0.0,2.0,2.0,1.0,23.0,11.5,11.5,0.0,114.6,9.0,18.0,5.0,44.0,6.0,5.0,6.0,17.0,18.0,3.0,0.14300000000000002,2024-10-31
2024,Lorenzo Carter,CartLo01,ATL,29.0,OLB,6.0,5.0,0.0,4.0,4.0,1.0,30.0,7.5,7.5,0.0,97.9,1.8,7.0,23.0,8.0,1.0,2.0,0.0,3.0,15.0,3.0,0.16699999999999998,2024-10-31
2024,Michael Carter,CartMi02,NYJ,25.0,CB,6.0,1.0,0.0,16.0,8.0,0.5,65.0,8.1,4.1,0.0,60.7,8.9,48.0,17.0,6.0,1.0,0.0,0.0,1.0,14.0,2.0,0.125,2024-10-31
2024,Kenny Clark,ClarKe01,GB,29.0,DL,8.0,8.0,0.0,0.0,0.0,,0.0,,,0.0,,,0.0,0.0,0.0,4.0,2.0,0.0,6.0,20.0,4.0,0.16699999999999998,2024-10-31
2024,Mohamoud Diabate,DiabMo00,CLE,23.0,LB,4.0,2.0,0.0,3.0,2.0,0.667,13.0,6.5,4.3,0.0,75.7,0.7,-1.0,14.0,10.0,1.0,0.0,0.0,1.0,22.0,6.0,0.214,2024-10-31
2024,AJ Epenesa,EpenAJ00,BUF,26.0,DE,8.0,5.0,0.0,1.0,0.0,0.0,0.0,,0.0,0.0,39.6,-2.0,0.0,0.0,0.0,3.0,3.0,4.0,10.0,16.0,0.0,0.0,2024-10-31
2024,Davon Hamilton,HamiDa02,JAX,27.0,DT,8.0,5.0,0.0,2.0,2.0,1.0,19.0,9.5,9.5,0.0,106.2,-2.5,-5.0,24.0,1.0,2.0,1.0,0.0,3.0,21.0,1.0,0.045,2024-10-31
2024,Johnathan Hankins,HankJo00,SEA,32.0,DT,8.0,7.0,0.0,0.0,0.0,,0.0,,,0.0,,,0.0,0.0,0.0,0.0,1.0,0.0,1.0,21.0,1.0,0.045,2024-10-31
2024,Shelby Harris,HarrSh00,CLE,33.0,DT,8.0,7.0,0.0,0.0,0.0,,0.0,,,0.0,,,0.0,0.0,0.0,3.0,2.0,1.0,6.0,22.0,1.0,0.043,2024-10-31
2024,Elijah Hicks,HickEl00,CHI,25.0,DB,7.0,2.0,0.0,7.0,4.0,0.5710000000000001,57.0,14.3,8.1,1.0,123.2,14.7,56.0,1.0,0.0,0.0,0.0,0.0,0.0,17.0,0.0,0.0,2024-10-31
2024,Alex Highsmith,HighAl02,PIT,27.0,LB,5.0,5.0,0.0,2.0,2.0,1.0,13.0,6.5,6.5,0.0,93.7,1.0,2.0,11.0,13.0,2.0,6.0,3.0,11.0,19.0,0.0,0.0,2024-10-31
2024,Michael Hoecht,HoecMi00,LA,27.0,OLB,7.0,1.0,0.0,5.0,5.0,1.0,33.0,6.6,6.6,0.0,94.2,4.8,24.0,9.0,12.0,3.0,1.0,2.5,7.0,23.0,2.0,0.08,2024-10-31
2024,Danielle Hunter,HuntDa01,HOU,30.0,DE,8.0,8.0,0.0,0.0,0.0,,0.0,,,0.0,,,0.0,0.0,1.0,6.0,6.0,5.5,18.0,19.0,2.0,0.095,2024-10-31
2024,DreMont Jones,JoneDr00,SEA,27.0,DE,8.0,7.0,0.0,3.0,1.0,0.33299999999999996,12.0,12.0,4.0,0.0,46.5,6.7,6.0,6.0,5.0,2.0,5.0,3.0,10.0,17.0,1.0,0.055999999999999994,2024-10-31
2024,Jarrian Jones,JoneJa14,JAX,23.0,CB,8.0,1.0,1.0,23.0,15.0,0.652,170.0,11.3,7.4,0.0,69.1,5.3,40.0,130.0,3.0,1.0,0.0,0.0,1.0,15.0,1.0,0.063,2024-10-31
2024,Patrick Jones,JonePa00,MIN,26.0,OLB,7.0,1.0,0.0,1.0,1.0,1.0,8.0,8.0,8.0,0.0,100.0,0.0,0.0,8.0,44.0,3.0,2.0,5.0,10.0,22.0,2.0,0.083,2024-10-31
2024,Arden Key,KeyxAr00,TEN,28.0,OLB,7.0,6.0,0.0,4.0,1.0,0.25,9.0,9.0,2.3,0.0,39.6,-2.0,-5.0,14.0,5.0,0.0,3.0,3.0,6.0,17.0,3.0,0.15,2024-10-31
2024,Jeremiah Ledbetter,LedbJe00,JAX,30.0,DT,6.0,3.0,0.0,1.0,1.0,1.0,3.0,3.0,3.0,0.0,79.2,-1.0,-1.0,4.0,0.0,0.0,1.0,1.0,2.0,17.0,0.0,0.0,2024-10-31
2024,Marist Liufau,LiufMa00,DAL,23.0,LB,7.0,4.0,0.0,4.0,2.0,0.5,26.0,13.0,6.5,0.0,70.8,12.0,21.0,5.0,11.0,0.0,0.0,0.0,0.0,15.0,0.0,0.0,2024-10-31
2024,Chad Muma,MumaCh00,JAX,25.0,LB,8.0,2.0,0.0,9.0,9.0,1.0,73.0,8.1,8.1,1.0,137.5,2.9,26.0,47.0,4.0,0.0,0.0,0.0,0.0,28.0,1.0,0.034,2024-10-31
2024,Azeez Ojulari,OjulAz00,NYG,24.0,OLB,8.0,3.0,0.0,2.0,2.0,1.0,14.0,7.0,7.0,0.0,95.8,5.0,10.0,4.0,5.0,1.0,0.0,6.0,8.0,24.0,3.0,0.111,2024-10-31
2024,Micah Parsons,ParsMi00,DAL,25.0,LB,4.0,4.0,0.0,1.0,1.0,1.0,2.0,2.0,2.0,0.0,79.2,-4.0,-4.0,6.0,14.0,6.0,5.0,1.0,12.0,14.0,4.0,0.222,2024-10-31
2024,Kwity Paye,PayeKw00,IND,26.0,DE,6.0,6.0,0.0,1.0,1.0,1.0,5.0,5.0,5.0,0.0,87.5,3.0,3.0,2.0,0.0,6.0,3.0,1.5,11.0,15.0,0.0,0.0,2024-10-31
2024,DaRon Payne,PaynDa00,WAS,27.0,DT,8.0,8.0,0.0,0.0,0.0,,0.0,,,0.0,,,0.0,0.0,0.0,5.0,1.0,1.5,8.0,15.0,3.0,0.16699999999999998,2024-10-31
2024,Jabrill Peppers,PeppJa00,NE,29.0,S,4.0,4.0,1.0,10.0,5.0,0.5,59.0,11.8,5.9,0.0,28.7,9.1,45.0,14.0,7.0,0.0,0.0,0.0,0.0,23.0,1.0,0.042,2024-10-31
2024,Asante Samuel,SamuAs00,LAC,25.0,CB,4.0,4.0,0.0,18.0,12.0,0.667,138.0,11.5,7.7,0.0,89.6,7.6,84.0,54.0,0.0,0.0,0.0,0.0,0.0,13.0,3.0,0.188,2024-10-31
2024,Darnell Savage,SavaDa00,JAX,27.0,S,5.0,5.0,0.0,20.0,11.0,0.55,175.0,15.9,8.8,2.0,117.7,8.7,94.0,81.0,1.0,0.0,0.0,0.0,0.0,14.0,2.0,0.125,2024-10-31
2024,Mazi Smith,SmitMa06,DAL,23.0,DT,7.0,7.0,0.0,0.0,0.0,,0.0,,,0.0,,,0.0,0.0,0.0,0.0,0.0,0.0,0.0,16.0,1.0,0.059000000000000004,2024-10-31
2024,James Smith-Williams,SmitJa08,ATL,27.0,DL,8.0,3.0,0.0,5.0,4.0,0.8,5.0,1.3,1.0,0.0,79.2,-3.0,-17.0,22.0,3.0,0.0,1.0,1.0,2.0,23.0,0.0,0.0,2024-10-31
2024,Darrell Taylor,TaylDa00,CHI,27.0,DL,7.0,0.0,0.0,0.0,0.0,,0.0,,,0.0,,,0.0,0.0,2.0,3.0,4.0,2.0,9.0,15.0,1.0,0.063,2024-10-31
2024,Shy Tuttle,TuttSh00,CAR,29.0,DT,6.0,6.0,0.0,0.0,0.0,,0.0,,,0.0,,,0.0,0.0,0.0,0.0,0.0,0.0,0.0,23.0,1.0,0.042,2024-10-31
2024,Travon Walker,WalkTr03,JAX,24.0,DE,8.0,8.0,0.0,1.0,1.0,1.0,0.0,0.0,0.0,0.0,79.2,-7.0,-7.0,7.0,1.0,3.0,3.0,6.5,13.0,26.0,4.0,0.133,2024-10-31
2024,Christian Wilkins,WilkCh00,LV,29.0,DT,5.0,5.0,0.0,1.0,1.0,1.0,4.0,4.0,4.0,0.0,83.3,-7.0,-7.0,11.0,0.0,1.0,3.0,2.0,7.0,17.0,2.0,0.105,2024-10-31
2024,Tariq Woolen,WoolTa00,SEA,25.0,CB,6.0,6.0,1.0,16.0,7.0,0.43799999999999994,56.0,8.0,3.5,2.0,66.7,8.3,30.0,26.0,3.0,1.0,0.0,0.0,1.0,17.0,2.0,0.105,2024-10-31
2024,Chase Young,YounCh04,NO,25.0,DE,8.0,0.0,0.0,2.0,2.0,1.0,14.0,7.0,7.0,0.0,95.8,-5.0,-10.0,24.0,1.0,3.0,9.0,2.0,15.0,18.0,1.0,0.053,2024-10-31
2024,Johnathan Abram,AbraJo01,NO,28.0,S,3.0,0.0,1.0,7.0,4.0,0.5710000000000001,55.0,13.8,7.9,1.0,82.4,5.1,10.0,45.0,4.0,0.0,0.0,0.0,0.0,18.0,3.0,0.14300000000000002,2024-10-31
2024,Austin Booker,BookAu00,CHI,22.0,DL,7.0,0.0,0.0,1.0,1.0,1.0,13.0,13.0,13.0,0.0,118.7,-2.0,-2.0,15.0,0.0,1.0,2.0,1.0,3.0,12.0,0.0,0.0,2024-10-31
2024,Jonathan Bullard,BullJo00,MIN,31.0,DL,7.0,7.0,0.0,1.0,1.0,1.0,3.0,3.0,3.0,0.0,79.2,-4.0,-4.0,7.0,1.0,0.0,2.0,0.0,2.0,18.0,1.0,0.053,2024-10-31
2024,Maliek Collins,CollMa00,SF,29.0,DL,8.0,8.0,0.0,2.0,2.0,1.0,16.0,8.0,8.0,0.0,100.0,-0.5,-1.0,17.0,0.0,3.0,4.0,3.0,11.0,19.0,2.0,0.095,2024-10-31
2024,Cooper DeJean,DeJeCo00,PHI,21.0,DB,7.0,2.0,0.0,15.0,11.0,0.733,81.0,7.4,5.4,0.0,85.7,5.1,26.0,55.0,3.0,0.0,0.0,0.5,1.0,13.0,2.0,0.133,2024-10-31
2024,Leonard Floyd,FloyLe00,SF,32.0,DL,8.0,8.0,0.0,1.0,1.0,1.0,5.0,5.0,5.0,0.0,87.5,3.0,3.0,2.0,0.0,3.0,5.0,3.0,12.0,24.0,2.0,0.077,2024-10-31
2024,Dante Fowler,FowlDa00,WAS,30.0,LB,8.0,4.0,1.0,3.0,2.0,0.667,18.0,9.0,6.0,0.0,43.1,-4.7,-6.0,24.0,10.0,3.0,0.0,4.5,8.0,14.0,3.0,0.17600000000000002,2024-10-31
2024,Morgan Fox,FoxxMo00,LAC,30.0,DL,7.0,1.0,0.0,0.0,0.0,,0.0,,,0.0,,,0.0,0.0,0.0,1.0,1.0,1.5,4.0,13.0,1.0,0.071,2024-10-31
2024,Rashan Gary,GaryRa00,GB,27.0,DL,8.0,8.0,0.0,0.0,0.0,,0.0,,,0.0,,,0.0,0.0,5.0,8.0,5.0,2.0,15.0,20.0,1.0,0.048,2024-10-31
2024,Jake Hansen,HansJa01,HOU,26.0,LB,7.0,2.0,0.0,9.0,7.0,0.778,52.0,7.4,5.8,1.0,127.8,1.0,-6.0,58.0,7.0,0.0,0.0,1.0,1.0,16.0,2.0,0.111,2024-10-31
2024,BJ Hill,HillB.00,CIN,29.0,DT,6.0,6.0,0.0,0.0,0.0,,0.0,,,0.0,,,0.0,0.0,0.0,0.0,3.0,0.0,3.0,23.0,3.0,0.115,2024-10-31
2024,Josh Hines-Allen,AlleJo03,JAX,27.0,DE,8.0,8.0,0.0,6.0,5.0,0.833,46.0,9.2,7.7,1.0,138.2,-4.2,-17.0,63.0,2.0,5.0,7.0,3.0,16.0,21.0,2.0,0.087,2024-10-31
2024,Tyquan Lewis,LewiTy00,IND,29.0,DE,4.0,4.0,0.0,0.0,0.0,,0.0,,,0.0,,,0.0,0.0,0.0,3.0,1.0,1.5,6.0,17.0,4.0,0.19,2024-10-31
2024,Khalil Mack,MackKh00,LAC,33.0,OLB,7.0,7.0,0.0,1.0,1.0,1.0,2.0,2.0,2.0,0.0,79.2,2.0,2.0,0.0,2.0,2.0,3.0,3.5,9.0,22.0,2.0,0.083,2024-10-31
2024,Luke Masterson,MastLu00,LV,26.0,LB,4.0,2.0,0.0,8.0,5.0,0.625,65.0,13.0,8.1,0.0,88.0,9.9,41.0,24.0,6.0,0.0,0.0,0.0,0.0,17.0,1.0,0.055999999999999994,2024-10-31
2024,Marcus Maye,MayeMa00,MIA,31.0,S,7.0,2.0,0.0,10.0,5.0,0.5,31.0,6.2,3.1,0.0,56.7,12.6,4.0,27.0,3.0,0.0,0.0,0.0,0.0,24.0,2.0,0.077,2024-10-31
2024,Nick McCloud,McClNi00,NYG,26.0,CB,6.0,4.0,0.0,12.0,10.0,0.833,179.0,17.9,14.9,1.0,146.5,13.6,146.0,33.0,3.0,0.0,0.0,0.0,0.0,14.0,1.0,0.067,2024-10-31
2024,Anthony Nelson,NelsAn01,TB,27.0,OLB,8.0,0.0,0.0,3.0,3.0,1.0,19.0,6.3,6.3,0.0,93.1,1.0,3.0,16.0,22.0,1.0,4.0,2.0,7.0,17.0,3.0,0.15,2024-10-31
2024,Osa Odighizuwa,OdigOs00,DAL,26.0,DT,7.0,7.0,0.0,2.0,1.0,0.5,14.0,14.0,7.0,0.0,72.9,-0.5,-4.0,18.0,0.0,2.0,5.0,0.5,8.0,20.0,1.0,0.048,2024-10-31
2024,Larry Ogunjobi,OgunLa00,PIT,30.0,DT,8.0,8.0,0.0,0.0,0.0,,0.0,,,0.0,,,0.0,0.0,0.0,2.0,4.0,1.5,8.0,22.0,2.0,0.083,2024-10-31
2024,Owen Pappoe,PappOw00,ARI,24.0,LB,7.0,0.0,0.0,7.0,5.0,0.7140000000000001,37.0,7.4,5.3,0.0,83.6,4.3,11.0,26.0,4.0,1.0,0.0,0.0,1.0,15.0,1.0,0.063,2024-10-31
2024,DAngelo Ross,RossDA03,HOU,28.0,CB,7.0,2.0,0.0,10.0,10.0,1.0,117.0,11.7,11.7,1.0,148.7,7.0,70.0,47.0,1.0,0.0,0.0,0.0,0.0,13.0,2.0,0.133,2024-10-31
2024,Tarheeb Still,StilTa00,LAC,22.0,CB,4.0,3.0,0.0,22.0,13.0,0.591,131.0,10.1,6.0,1.0,91.3,8.5,89.0,42.0,2.0,0.0,0.0,0.5,1.0,14.0,3.0,0.17600000000000002,2024-10-31
2024,Chazz Surratt,SurrCh00,NYJ,27.0,LB,8.0,4.0,0.0,3.0,3.0,1.0,35.0,11.7,11.7,0.0,115.3,3.0,9.0,26.0,7.0,0.0,1.0,0.0,1.0,13.0,1.0,0.071,2024-10-31
2024,Montez Sweat,SweaMo00,CHI,28.0,DL,7.0,7.0,0.0,0.0,0.0,,0.0,,,0.0,,,0.0,0.0,0.0,6.0,3.0,3.5,13.0,15.0,0.0,0.0,2024-10-31
2024,Josh Uche,UcheJo00,NE,26.0,LB,7.0,1.0,0.0,4.0,4.0,1.0,49.0,12.3,12.3,0.0,117.7,3.8,15.0,34.0,9.0,2.0,1.0,2.0,5.0,13.0,3.0,0.188,2024-10-31
2024,Deatrich Wise,WiseDe00,NE,30.0,DE,8.0,2.0,0.0,0.0,0.0,,0.0,,,0.0,,,0.0,0.0,0.0,3.0,1.0,2.0,6.0,17.0,0.0,0.0,2024-10-31
2024,Dane Belton,BeltDa00,NYG,24.0,S,8.0,1.0,0.0,11.0,9.0,0.818,77.0,8.6,7.0,0.0,95.8,1.4,12.0,65.0,1.0,0.0,0.0,0.0,0.0,14.0,2.0,0.125,2024-10-31
2024,Keeanu Benton,BentKe00,PIT,23.0,DL,8.0,5.0,0.0,3.0,2.0,0.667,6.0,3.0,2.0,0.0,70.1,-3.3,-8.0,14.0,0.0,0.0,4.0,0.0,4.0,16.0,4.0,0.2,2024-10-31
2024,Bryan Bresee,BresBr00,NO,23.0,DT,8.0,7.0,0.0,0.0,0.0,,0.0,,,0.0,,,0.0,0.0,0.0,1.0,2.0,4.0,7.0,12.0,2.0,0.14300000000000002,2024-10-31
2024,Jadeveon Clowney,ClowJa00,CAR,31.0,OLB,6.0,6.0,0.0,2.0,2.0,1.0,30.0,15.0,15.0,0.0,118.7,4.5,9.0,21.0,7.0,4.0,1.0,1.0,6.0,19.0,3.0,0.136,2024-10-31
2024,Bud Dupree,DuprAl00,LAC,31.0,OLB,7.0,0.0,1.0,4.0,3.0,0.75,18.0,6.0,4.5,0.0,43.7,-0.3,-8.0,26.0,8.0,0.0,1.0,3.0,4.0,12.0,5.0,0.294,2024-10-31
2024,Jonah Elliss,ElliJo03,DEN,21.0,OLB,8.0,0.0,0.0,3.0,2.0,0.667,17.0,8.5,5.7,0.0,81.2,4.0,12.0,5.0,33.0,1.0,0.0,2.0,4.0,17.0,0.0,0.0,2024-10-31
2024,Braden Fiske,FiskBr00,LA,24.0,DE,7.0,3.0,0.0,0.0,0.0,,0.0,,,0.0,,,0.0,0.0,0.0,7.0,1.0,1.0,9.0,22.0,5.0,0.185,2024-10-31
2024,Dallis Flowers,FlowDa00,IND,27.0,CB,4.0,0.0,0.0,7.0,7.0,1.0,125.0,17.9,17.9,1.0,158.3,7.7,54.0,71.0,0.0,0.0,0.0,0.0,0.0,9.0,3.0,0.25,2024-10-31
2024,John Franklin-Myers,FranJo02,DEN,28.0,DE,8.0,7.0,0.0,0.0,0.0,,0.0,,,0.0,,,0.0,0.0,1.0,1.0,4.0,3.0,8.0,18.0,0.0,0.0,2024-10-31
2024,Chauncey Golston,GolsCh00,DAL,26.0,DE,7.0,3.0,0.0,0.0,0.0,,0.0,,,0.0,,,0.0,0.0,2.0,2.0,0.0,2.0,5.0,23.0,0.0,0.0,2024-10-31
2024,Brandon Graham,GrahBr99,PHI,36.0,DE,7.0,1.0,0.0,0.0,0.0,,0.0,,,0.0,,,0.0,0.0,0.0,2.0,1.0,1.0,4.0,12.0,1.0,0.077,2024-10-31
2024,JT Gray,GrayJ.00,NO,28.0,DB,8.0,0.0,0.0,1.0,1.0,1.0,36.0,36.0,36.0,1.0,158.3,2.0,2.0,34.0,1.0,0.0,0.0,0.0,0.0,15.0,1.0,0.063,2024-10-31
2024,Shaquill Griffin,GrifSh00,MIN,29.0,CB,7.0,0.0,1.0,23.0,11.0,0.478,140.0,12.7,6.1,1.0,63.7,10.5,82.0,58.0,0.0,0.0,0.0,0.0,0.0,14.0,1.0,0.067,2024-10-31
2024,Charles Harris,HarrCh03,CAR,29.0,OLB,7.0,6.0,0.0,3.0,3.0,1.0,38.0,12.7,12.7,0.0,118.7,2.7,8.0,30.0,9.0,1.0,2.0,2.0,5.0,14.0,4.0,0.222,2024-10-31
2024,DJ Johnson,JohnDJ00,CAR,26.0,OLB,8.0,1.0,0.0,1.0,1.0,1.0,3.0,3.0,3.0,1.0,118.7,2.0,2.0,1.0,8.0,0.0,0.0,0.5,1.0,25.0,2.0,0.07400000000000001,2024-10-31
2024,DJ Jones,JoneD.01,DEN,29.0,DT,8.0,8.0,0.0,0.0,0.0,,0.0,,,0.0,,,0.0,0.0,0.0,2.0,1.0,0.0,3.0,17.0,0.0,0.0,2024-10-31
2024,Sebastian Joseph-Day,JoseSe00,TEN,29.0,DL,7.0,5.0,0.0,0.0,0.0,,0.0,,,0.0,,,0.0,0.0,0.0,0.0,2.0,2.0,4.0,19.0,2.0,0.095,2024-10-31
2024,George Karlaftis,KarlGe00,KC,23.0,DE,7.0,7.0,0.0,3.0,1.0,0.33299999999999996,9.0,9.0,3.0,0.0,42.4,3.3,3.0,6.0,0.0,3.0,8.0,3.0,14.0,18.0,0.0,0.0,2024-10-31
2024,Chris Lammons,LammCh00,IND,28.0,CB,7.0,1.0,0.0,10.0,9.0,0.9,101.0,11.2,10.1,1.0,142.1,4.5,46.0,55.0,2.0,1.0,0.0,1.0,2.0,11.0,3.0,0.214,2024-10-31
2024,Laiatu Latu,LatuLa00,IND,24.0,DE,8.0,1.0,0.0,1.0,1.0,1.0,4.0,4.0,4.0,0.0,83.3,4.0,4.0,0.0,0.0,7.0,4.0,2.0,13.0,14.0,1.0,0.067,2024-10-31
2024,Nnamdi Madubuike,MaduJu00,BAL,27.0,DT,8.0,8.0,0.0,0.0,0.0,,0.0,,,0.0,,,0.0,0.0,0.0,1.0,5.0,2.0,9.0,15.0,0.0,0.0,2024-10-31
2024,JerZhan Newton,NewtJe00,WAS,22.0,DT,7.0,2.0,0.0,0.0,0.0,,0.0,,,0.0,,,0.0,0.0,0.0,1.0,4.0,0.0,5.0,14.0,0.0,0.0,2024-10-31
2024,Rakeem Nunez-Roches,NuneRa00,NYG,31.0,DL,8.0,8.0,0.0,0.0,0.0,,0.0,,,0.0,,,0.0,0.0,0.0,0.0,2.0,1.0,4.0,28.0,2.0,0.067,2024-10-31
2024,Dayo Odeyingbo,OdeyDa00,IND,25.0,DE,8.0,5.0,0.0,1.0,1.0,1.0,-1.0,-1.0,-1.0,0.0,79.2,-2.0,-2.0,1.0,0.0,1.0,6.0,3.0,11.0,15.0,1.0,0.063,2024-10-31
2024,Sam Okuayinonu,OkuaSa00,SF,26.0,DL,7.0,0.0,0.0,3.0,3.0,1.0,15.0,5.0,5.0,0.0,87.5,-4.0,-12.0,27.0,0.0,1.0,3.0,3.0,7.0,12.0,1.0,0.077,2024-10-31
2024,David Onyemata,OnyeDa00,ATL,32.0,DL,8.0,8.0,0.0,1.0,1.0,1.0,-2.0,-2.0,-2.0,0.0,79.2,-8.0,-8.0,6.0,0.0,2.0,0.0,1.0,3.0,21.0,2.0,0.087,2024-10-31
2024,LaBryan Ray,RayxLa02,CAR,27.0,DE,7.0,5.0,0.0,0.0,0.0,,0.0,,,0.0,,,0.0,0.0,0.0,0.0,0.0,1.0,1.0,18.0,0.0,0.0,2024-10-31
2024,Roy Robertson-Harris,RobeRo00,2TM,31.0,,8.0,2.0,0.0,1.0,0.0,0.0,0.0,,0.0,0.0,39.6,-7.0,0.0,0.0,0.0,1.0,2.0,2.0,5.0,14.0,3.0,0.17600000000000002,2024-10-31
2024,Jaquelin Roy,RoyxJa00,NE,24.0,DT,4.0,1.0,0.0,0.0,0.0,,0.0,,,0.0,,,0.0,0.0,0.0,0.0,0.0,2.0,2.0,14.0,1.0,0.067,2024-10-31
2024,Nathan Shepherd,ShepNa00,NO,31.0,DT,8.0,8.0,0.0,0.0,0.0,,0.0,,,0.0,,,0.0,0.0,0.0,3.0,1.0,0.0,4.0,19.0,0.0,0.0,2024-10-31
2024,Zach Sieler,SielZa00,MIA,29.0,DT,6.0,6.0,1.0,1.0,0.0,0.0,0.0,,0.0,0.0,0.0,3.0,0.0,0.0,0.0,2.0,3.0,2.0,7.0,18.0,2.0,0.1,2024-10-31
2024,Charles Snowden,SnowCh00,LV,26.0,DE,8.0,6.0,0.0,4.0,3.0,0.75,17.0,5.7,4.3,0.0,82.3,3.5,12.0,5.0,8.0,0.0,4.0,1.5,6.0,23.0,1.0,0.042,2024-10-31
2024,Dante Stills,StilDa01,ARI,25.0,DL,7.0,1.0,0.0,1.0,1.0,1.0,3.0,3.0,3.0,0.0,79.2,-7.0,-7.0,10.0,0.0,0.0,1.0,3.0,4.0,22.0,0.0,0.0,2024-10-31
2024,Patrick Surtain,SurtPa01,DEN,24.0,CB,7.0,7.0,3.0,20.0,13.0,0.65,114.0,8.8,5.7,1.0,57.1,8.4,84.0,30.0,2.0,1.0,0.0,0.0,1.0,15.0,0.0,0.0,2024-10-31
2024,Josh Sweat,SweaJo00,PHI,27.0,OLB,7.0,6.0,0.0,1.0,1.0,1.0,13.0,13.0,13.0,0.0,118.7,6.0,6.0,7.0,7.0,2.0,3.0,3.0,8.0,14.0,0.0,0.0,2024-10-31
2024,TVondre Sweat,SweaTV01,TEN,23.0,NT,7.0,7.0,0.0,0.0,0.0,,0.0,,,0.0,,,0.0,0.0,0.0,2.0,0.0,0.0,2.0,21.0,0.0,0.0,2024-10-31
2024,JaSir Taylor,TaylJa04,LAC,25.0,DB,5.0,2.0,0.0,13.0,8.0,0.615,68.0,8.5,5.2,1.0,100.8,5.4,49.0,19.0,6.0,0.0,0.0,0.0,0.0,13.0,0.0,0.0,2024-10-31
2024,Tuli Tuipulotu,TuipTu00,LAC,22.0,OLB,7.0,4.0,0.0,2.0,1.0,0.5,25.0,25.0,12.5,0.0,95.8,7.0,10.0,15.0,5.0,2.0,0.0,1.0,3.0,17.0,3.0,0.15,2024-10-31
2024,KVon Wallace,WallKV00,SEA,27.0,S,8.0,0.0,0.0,5.0,5.0,1.0,72.0,14.4,14.4,0.0,118.7,8.6,43.0,29.0,0.0,0.0,0.0,0.0,0.0,14.0,1.0,0.067,2024-10-31
2024,TreDavious White,WhitTr01,LA,29.0,DB,4.0,4.0,0.0,18.0,12.0,0.667,178.0,14.8,9.9,4.0,138.4,11.9,144.0,34.0,1.0,0.0,0.0,0.0,0.0,12.0,4.0,0.25,2024-10-31
2024,Nate Wiggins,WiggNa00,BAL,21.0,CB,6.0,3.0,0.0,24.0,12.0,0.5,208.0,17.3,8.7,0.0,79.9,14.0,147.0,61.0,0.0,0.0,0.0,0.0,0.0,13.0,2.0,0.133,2024-10-31
2024,Leonard Williams,WillLe02,SEA,30.0,DE,7.0,7.0,0.0,0.0,0.0,,0.0,,,0.0,,,0.0,0.0,0.0,2.0,9.0,2.5,14.0,16.0,3.0,0.158,2024-10-31
2024,Felix Anudike-Uzomah,AnudFe00,KC,22.0,DE,7.0,2.0,0.0,1.0,1.0,1.0,7.0,7.0,7.0,0.0,95.8,3.0,3.0,4.0,0.0,0.0,4.0,1.0,5.0,12.0,2.0,0.14300000000000002,2024-10-31
2024,Arik Armstead,ArmsAr01,JAX,31.0,DE,8.0,0.0,0.0,0.0,0.0,,0.0,,,0.0,,,0.0,0.0,0.0,1.0,1.0,1.0,3.0,11.0,0.0,0.0,2024-10-31
2024,Derrick Barnes,BarnDe02,DET,25.0,LB,3.0,3.0,0.0,2.0,2.0,1.0,14.0,7.0,7.0,0.0,95.8,4.5,9.0,5.0,24.0,0.0,0.0,0.0,0.0,10.0,2.0,0.16699999999999998,2024-10-31
2024,Jordan Battle,BattJo00,CIN,24.0,S,8.0,0.0,0.0,4.0,3.0,0.75,81.0,27.0,20.3,1.0,156.2,18.8,69.0,12.0,1.0,0.0,0.0,0.0,0.0,10.0,1.0,0.091,2024-10-31
2024,Nick Bellore,BellNi01,WAS,35.0,LB,8.0,0.0,0.0,1.0,1.0,1.0,2.0,2.0,2.0,0.0,79.2,-2.0,-2.0,4.0,0.0,0.0,0.0,0.0,0.0,14.0,0.0,0.0,2024-10-31
2024,Andrew Billings,BillAn00,CHI,29.0,DL,7.0,7.0,0.0,0.0,0.0,,0.0,,,0.0,,,0.0,0.0,0.0,4.0,2.0,1.0,7.0,10.0,1.0,0.091,2024-10-31
2024,Taven Bryan,BryaTa00,IND,28.0,DT,8.0,6.0,0.0,0.0,0.0,,0.0,,,0.0,,,0.0,0.0,0.0,0.0,0.0,1.0,1.0,12.0,0.0,0.0,2024-10-31
2024,DeWayne Carter,CartDe03,BUF,24.0,DT,7.0,2.0,0.0,1.0,1.0,1.0,-2.0,-2.0,-2.0,0.0,79.2,-3.0,-3.0,1.0,0.0,0.0,2.0,0.0,2.0,9.0,0.0,0.0,2024-10-31
2024,KLavon Chaisson,ChaiKL00,LV,25.0,DE,6.0,1.0,0.0,3.0,3.0,1.0,17.0,5.7,5.7,0.0,90.3,-2.3,-7.0,24.0,0.0,0.0,1.0,1.0,2.0,12.0,4.0,0.25,2024-10-31
2024,Michael Danna,DannMi00,KC,27.0,DE,4.0,4.0,0.0,1.0,0.0,0.0,0.0,,0.0,0.0,39.6,7.0,0.0,0.0,1.0,1.0,2.0,0.5,4.0,14.0,0.0,0.0,2024-10-31
2024,Jamin Davis,DaviJa11,WAS,26.0,DE,5.0,0.0,0.0,2.0,2.0,1.0,13.0,6.5,6.5,0.0,93.7,4.0,8.0,5.0,1.0,0.0,0.0,0.0,0.0,13.0,0.0,0.0,2024-10-31
2024,Akeem Davis-Gaither,DaviAk01,CIN,27.0,LB,8.0,1.0,1.0,8.0,4.0,0.5,16.0,4.0,2.0,0.0,16.7,5.4,-2.0,18.0,7.0,1.0,0.0,0.0,1.0,19.0,2.0,0.095,2024-10-31
2024,Storm Duck,DuckSt00,MIA,24.0,CB,6.0,1.0,0.0,7.0,4.0,0.5710000000000001,16.0,4.0,2.3,0.0,62.2,5.0,5.0,11.0,0.0,0.0,0.0,0.0,0.0,11.0,0.0,0.0,2024-10-31
2024,Mario Edwards,EdwaMa01,HOU,30.0,DT,6.0,6.0,0.0,0.0,0.0,,0.0,,,0.0,,,0.0,0.0,0.0,4.0,3.0,2.0,9.0,18.0,4.0,0.182,2024-10-31
2024,Jordan Fuller,FullJo01,CAR,26.0,S,3.0,3.0,0.0,4.0,4.0,1.0,46.0,11.5,11.5,0.0,114.6,-0.3,-1.0,47.0,0.0,0.0,0.0,0.0,0.0,15.0,1.0,0.063,2024-10-31
2024,Tyrek Funderburk,FundTy00,TB,24.0,CB,6.0,2.0,0.0,14.0,13.0,0.929,163.0,12.5,11.6,2.0,154.8,10.4,98.0,65.0,0.0,0.0,0.0,0.0,0.0,11.0,3.0,0.214,2024-10-31
2024,Jack Gibbens,GibbJa00,TEN,26.0,LB,7.0,2.0,0.0,6.0,5.0,0.833,44.0,8.8,7.3,0.0,97.2,5.2,22.0,22.0,3.0,1.0,0.0,0.0,1.0,15.0,0.0,0.0,2024-10-31
2024,Renardo Green,GreeRe00,SF,24.0,CB,8.0,0.0,1.0,16.0,7.0,0.43799999999999994,123.0,17.6,7.7,2.0,84.1,11.2,71.0,52.0,0.0,0.0,0.0,0.0,0.0,15.0,0.0,0.0,2024-10-31
2024,Logan Hall,HallLo00,TB,24.0,DL,7.0,4.0,0.0,0.0,0.0,,0.0,,,0.0,,,0.0,0.0,0.0,0.0,3.0,3.0,6.0,13.0,1.0,0.071,2024-10-31
2024,Josh Jobe,JobeJo00,SEA,26.0,CB,2.0,1.0,1.0,14.0,6.0,0.429,113.0,18.8,8.1,0.0,41.7,11.8,103.0,10.0,0.0,0.0,0.0,0.0,0.0,13.0,1.0,0.071,2024-10-31
2024,DaQuan Jones,JoneDa04,BUF,33.0,DT,8.0,8.0,0.0,1.0,0.0,0.0,0.0,,0.0,0.0,39.6,-4.0,0.0,0.0,0.0,0.0,2.0,2.0,4.0,12.0,1.0,0.077,2024-10-31
2024,Calijah Kancey,KancCa00,TB,23.0,DL,3.0,3.0,0.0,0.0,0.0,,0.0,,,0.0,,,0.0,0.0,0.0,0.0,1.0,1.0,2.0,10.0,1.0,0.091,2024-10-31
2024,Josh Paschal,PascJo00,DET,25.0,DL,6.0,2.0,0.0,1.0,1.0,1.0,3.0,3.0,3.0,0.0,79.2,-1.0,-1.0,4.0,0.0,1.0,1.0,1.0,3.0,9.0,0.0,0.0,2024-10-31
2024,Harrison Phillips,PhilHa00,MIN,28.0,DL,7.0,7.0,0.0,0.0,0.0,,0.0,,,0.0,,,0.0,0.0,0.0,3.0,2.0,2.0,7.0,23.0,4.0,0.14800000000000002,2024-10-31
2024,Sheldon Rankins,RankSh00,CIN,30.0,DT,5.0,5.0,0.0,0.0,0.0,,0.0,,,0.0,,,0.0,0.0,0.0,1.0,0.0,1.0,2.0,15.0,3.0,0.16699999999999998,2024-10-31
2024,Demani Richardson,RichDe03,CAR,24.0,S,5.0,1.0,0.0,5.0,3.0,0.6,28.0,9.3,5.6,0.0,75.4,19.2,19.0,9.0,2.0,1.0,0.0,0.0,1.0,12.0,0.0,0.0,2024-10-31
2024,Malcolm Roach,RoacMa01,DEN,26.0,DT,8.0,0.0,0.0,1.0,0.0,0.0,0.0,,0.0,0.0,39.6,13.0,0.0,0.0,0.0,0.0,3.0,0.5,4.0,18.0,2.0,0.1,2024-10-31
2024,Nolan Smith,SmitNo02,PHI,23.0,OLB,7.0,1.0,0.0,3.0,2.0,0.667,12.0,6.0,4.0,1.0,113.9,5.0,9.0,3.0,10.0,1.0,0.0,2.5,4.0,17.0,1.0,0.055999999999999994,2024-10-31
2024,Chau Smith-Wade,SmitCh05,CAR,22.0,CB,7.0,1.0,0.0,6.0,5.0,0.833,28.0,5.6,4.7,1.0,125.7,3.8,10.0,18.0,2.0,1.0,0.0,0.0,1.0,16.0,1.0,0.059000000000000004,2024-10-31
2024,Dawuane Smoot,SmooDa00,BUF,29.0,DE,6.0,3.0,0.0,0.0,0.0,,0.0,,,0.0,,,0.0,0.0,0.0,1.0,2.0,1.5,5.0,12.0,0.0,0.0,2024-10-31
2024,Kayvon Thibodeaux,ThibKa00,NYG,24.0,OLB,5.0,5.0,0.0,0.0,0.0,,0.0,,,0.0,,,0.0,0.0,7.0,0.0,4.0,2.0,7.0,12.0,1.0,0.077,2024-10-31
2024,Anthony Walker,WalkAn01,MIA,29.0,LB,7.0,1.0,0.0,5.0,5.0,1.0,44.0,8.8,8.8,0.0,103.3,5.2,26.0,18.0,6.0,1.0,0.0,0.0,1.0,17.0,1.0,0.055999999999999994,2024-10-31
2024,Chris Williams,WillCh08,CHI,26.0,DT,7.0,0.0,0.0,0.0,0.0,,0.0,,,0.0,,,0.0,0.0,0.0,0.0,0.0,1.0,1.0,9.0,1.0,0.1,2024-10-31
2024,Darious Williams,WillDa09,LA,31.0,DB,3.0,2.0,0.0,13.0,10.0,0.769,174.0,17.4,13.4,1.0,143.9,7.2,82.0,92.0,0.0,0.0,0.0,0.0,0.0,9.0,2.0,0.182,2024-10-31
2024,Devonte Wyatt,WyatDe00,GB,26.0,DL,5.0,0.0,0.0,0.0,0.0,,0.0,,,0.0,,,0.0,0.0,0.0,1.0,2.0,3.0,6.0,10.0,4.0,0.28600000000000003,2024-10-31
2024,JaWhaun Bentley,BentJa00,NE,28.0,LB,2.0,2.0,0.0,6.0,6.0,1.0,45.0,7.5,7.5,0.0,97.9,2.3,14.0,31.0,7.0,0.0,0.0,0.5,1.0,12.0,0.0,0.0,2024-10-31
2024,JD Bertrand,BertJD00,ATL,24.0,LB,8.0,0.0,0.0,4.0,3.0,0.75,31.0,10.3,7.8,0.0,96.9,2.8,8.0,23.0,0.0,0.0,0.0,0.0,0.0,10.0,0.0,0.0,2024-10-31
2024,Josh Blackwell,BlacJo00,CHI,25.0,DB,7.0,1.0,1.0,7.0,5.0,0.7140000000000001,60.0,12.0,8.6,0.0,57.7,6.0,19.0,41.0,6.0,1.0,0.0,0.0,1.0,8.0,1.0,0.111,2024-10-31
2024,Joey Bosa,BosaJo00,LAC,29.0,OLB,4.0,3.0,0.0,0.0,0.0,,0.0,,,0.0,,,0.0,0.0,0.0,1.0,1.0,2.0,4.0,9.0,1.0,0.1,2024-10-31
2024,DeForest Buckner,BuckDe00,IND,30.0,DT,3.0,2.0,0.0,0.0,0.0,,0.0,,,0.0,,,0.0,0.0,0.0,1.0,1.0,2.5,5.0,10.0,1.0,0.091,2024-10-31
2024,Jalen Carter,CartJa05,PHI,23.0,DT,7.0,6.0,0.0,0.0,0.0,,0.0,,,0.0,,,0.0,0.0,0.0,3.0,5.0,3.0,11.0,14.0,2.0,0.125,2024-10-31
2024,Micheal Clemons,ClemMi03,NYJ,27.0,DL,8.0,8.0,0.0,1.0,1.0,1.0,9.0,9.0,9.0,0.0,104.2,-2.0,-2.0,11.0,0.0,5.0,2.0,2.5,10.0,14.0,0.0,0.0,2024-10-31
2024,Junior Colson,ColsJu00,LAC,22.0,LB,5.0,0.0,0.0,11.0,6.0,0.545,72.0,12.0,6.5,0.0,74.8,7.0,41.0,31.0,6.0,1.0,0.0,0.0,1.0,14.0,0.0,0.0,2024-10-31
2024,Jordan Elliott,ElliJo02,SF,27.0,DL,7.0,5.0,0.0,0.0,0.0,,0.0,,,0.0,,,0.0,0.0,0.0,0.0,1.0,0.0,1.0,8.0,0.0,0.0,2024-10-31
2024,Poona Ford,FordPo00,LAC,29.0,DT,7.0,7.0,1.0,1.0,0.0,0.0,0.0,,0.0,0.0,0.0,-5.0,0.0,0.0,0.0,0.0,2.0,1.0,3.0,15.0,0.0,0.0,2024-10-31
2024,Richie Grant,GranRi00,ATL,27.0,S,8.0,1.0,0.0,6.0,2.0,0.33299999999999996,48.0,24.0,8.0,0.0,63.2,16.2,26.0,22.0,1.0,0.0,0.0,0.0,0.0,8.0,0.0,0.0,2024-10-31
2024,Kamu Grugier-Hill,GrugKa00,MIN,30.0,LB,7.0,0.0,2.0,11.0,4.0,0.364,18.0,4.5,1.6,0.0,5.3,3.3,-2.0,20.0,8.0,0.0,0.0,0.0,0.0,10.0,2.0,0.16699999999999998,2024-10-31
2024,Chris Jones,JoneCh09,KC,30.0,DT,7.0,7.0,0.0,0.0,0.0,,0.0,,,0.0,,,0.0,0.0,0.0,10.0,6.0,3.0,19.0,15.0,0.0,0.0,2024-10-31
2024,Damontae Kazee,KazeDa00,PIT,31.0,S,6.0,0.0,1.0,9.0,7.0,0.778,138.0,19.7,15.3,0.0,79.2,11.7,90.0,48.0,0.0,0.0,0.0,0.0,0.0,9.0,0.0,0.0,2024-10-31
2024,Kamren Kinchens,KincKa00,LA,22.0,DB,7.0,0.0,0.0,6.0,6.0,1.0,95.0,15.8,15.8,2.0,158.3,12.7,76.0,19.0,1.0,0.0,0.0,0.0,0.0,14.0,1.0,0.067,2024-10-31
2024,Marshawn Kneeland,KneeMa00,DAL,23.0,DE,5.0,1.0,0.0,0.0,0.0,,0.0,,,0.0,,,0.0,0.0,1.0,2.0,3.0,0.0,5.0,10.0,1.0,0.091,2024-10-31
2024,DeMarcus Lawrence,LawrDe00,DAL,32.0,DE,4.0,4.0,0.0,0.0,0.0,,0.0,,,0.0,,,0.0,0.0,0.0,4.0,3.0,3.0,10.0,14.0,3.0,0.17600000000000002,2024-10-31
2024,Roy Lopez,LopeRo00,ARI,27.0,DL,7.0,7.0,0.0,0.0,0.0,,0.0,,,0.0,,,0.0,0.0,0.0,0.0,1.0,1.0,2.0,17.0,1.0,0.055999999999999994,2024-10-31
2024,Marte Mapu,MapuMa00,NE,25.0,S,4.0,4.0,0.0,9.0,4.0,0.444,52.0,13.0,5.8,0.0,63.2,13.8,28.0,24.0,6.0,1.0,0.0,0.5,2.0,20.0,0.0,0.0,2024-10-31
2024,Isaiah McGuire,McGuIs00,CLE,23.0,DE,7.0,0.0,0.0,1.0,0.0,0.0,0.0,,0.0,0.0,39.6,5.0,0.0,0.0,1.0,0.0,0.0,0.5,1.0,14.0,0.0,0.0,2024-10-31
2024,Alim McNeill,McNeAl00,DET,24.0,DL,7.0,7.0,0.0,1.0,1.0,1.0,15.0,15.0,15.0,0.0,118.7,2.0,2.0,13.0,2.0,3.0,1.0,2.5,7.0,10.0,1.0,0.091,2024-10-31
2024,Darius Muasau,MuasDa00,NYG,23.0,LB,7.0,1.0,1.0,4.0,3.0,0.75,17.0,5.7,4.3,0.0,42.7,-0.8,-6.0,23.0,2.0,0.0,0.0,0.0,0.0,10.0,2.0,0.16699999999999998,2024-10-31
2024,Byron Murphy,MurpBy00,SEA,22.0,DT,5.0,1.0,0.0,1.0,1.0,1.0,11.0,11.0,11.0,0.0,112.5,2.0,2.0,9.0,0.0,2.0,0.0,0.5,3.0,14.0,0.0,0.0,2024-10-31
2024,Byron Murphy,MurpBy01,SEA,22.0,DT,5.0,1.0,0.0,1.0,1.0,1.0,11.0,11.0,11.0,0.0,112.5,2.0,2.0,9.0,0.0,2.0,0.0,0.5,3.0,14.0,0.0,0.0,2024-10-31
2024,Myles Murphy,MurpMy00,CIN,22.0,DE,4.0,0.0,0.0,2.0,1.0,0.5,4.0,4.0,2.0,0.0,56.2,-2.5,-6.0,10.0,0.0,3.0,0.0,0.0,3.0,11.0,0.0,0.0,2024-10-31
2024,Ogbonnia Okoronkwo,OkorOg00,CLE,29.0,DE,8.0,0.0,0.0,0.0,0.0,,0.0,,,0.0,,,0.0,0.0,3.0,0.0,1.0,2.0,3.0,10.0,1.0,0.091,2024-10-31
2024,Ed Oliver,OlivEd00,BUF,27.0,DT,6.0,6.0,0.0,0.0,0.0,,0.0,,,0.0,,,0.0,0.0,0.0,1.0,3.0,1.0,5.0,12.0,0.0,0.0,2024-10-31
2024,Joseph Ossai,OssaJo00,CIN,24.0,DE,8.0,0.0,0.0,5.0,4.0,0.8,28.0,7.0,5.6,0.0,90.0,0.0,-4.0,32.0,2.0,1.0,3.0,0.0,4.0,18.0,3.0,0.14300000000000002,2024-10-31
2024,Winston Reid,ReidWi01,CLE,25.0,LB,7.0,0.0,0.0,0.0,0.0,,0.0,,,0.0,,,0.0,0.0,4.0,0.0,0.0,0.5,1.0,12.0,1.0,0.077,2024-10-31
2024,Khalen Saunders,SaunKh00,NO,28.0,DT,4.0,1.0,1.0,1.0,1.0,1.0,6.0,6.0,6.0,0.0,52.1,4.0,4.0,2.0,1.0,1.0,0.0,1.0,2.0,14.0,1.0,0.067,2024-10-31
2024,Solomon Thomas,ThomSo00,NYJ,29.0,DL,8.0,0.0,0.0,1.0,0.0,0.0,0.0,,0.0,0.0,39.6,-1.0,0.0,0.0,0.0,3.0,1.0,1.5,6.0,15.0,5.0,0.25,2024-10-31
2024,Casey Toohill,ToohCa00,BUF,28.0,DE,8.0,0.0,0.0,0.0,0.0,,0.0,,,0.0,,,0.0,0.0,0.0,0.0,0.0,1.0,1.0,10.0,0.0,0.0,2024-10-31
2024,Joe Tryon-Shoyinka,TryoJo00,TB,25.0,OLB,8.0,8.0,0.0,8.0,5.0,0.625,9.0,1.8,1.1,0.0,66.7,1.6,-16.0,25.0,47.0,4.0,2.0,1.0,7.0,14.0,3.0,0.17600000000000002,2024-10-31
2024,Brent Urban,UrbaBr00,BAL,33.0,DE,6.0,0.0,0.0,0.0,0.0,,0.0,,,0.0,,,0.0,0.0,0.0,1.0,0.0,0.0,1.0,12.0,0.0,0.0,2024-10-31
2024,Tershawn Wharton,WharTe00,KC,26.0,DT,7.0,2.0,0.0,0.0,0.0,,0.0,,,0.0,,,0.0,0.0,0.0,6.0,2.0,2.5,11.0,13.0,1.0,0.071,2024-10-31
2024,Ahkello Witherspoon,WithAh00,LA,29.0,CB,4.0,1.0,0.0,11.0,8.0,0.727,116.0,14.5,10.5,0.0,106.6,10.8,75.0,41.0,0.0,0.0,0.0,0.0,0.0,7.0,1.0,0.125,2024-10-31
2024,Samuel Womack,WomaSa00,IND,25.0,CB,8.0,4.0,0.0,17.0,7.0,0.41200000000000003,100.0,14.3,5.9,1.0,80.5,10.5,66.0,34.0,0.0,0.0,0.0,0.0,0.0,9.0,2.0,0.182,2024-10-31
2024,Ugo Amadi,AmadUg00,NO,27.0,S,2.0,0.0,0.0,6.0,4.0,0.667,39.0,9.8,6.5,1.0,124.3,6.5,22.0,17.0,4.0,0.0,0.0,1.0,1.0,6.0,0.0,0.0,2024-10-31
2024,Derek Barnett,BarnDe01,HOU,28.0,DE,7.0,0.0,0.0,1.0,0.0,0.0,0.0,,0.0,0.0,39.6,-7.0,0.0,0.0,0.0,1.0,0.0,2.0,3.0,11.0,0.0,0.0,2024-10-31
2024,Robert Beal,BealRo00,SF,25.0,DL,8.0,0.0,0.0,1.0,1.0,1.0,13.0,13.0,13.0,0.0,118.7,-4.0,-4.0,17.0,0.0,0.0,0.0,0.0,0.0,9.0,0.0,0.0,2024-10-31
2024,DAnthony Bell,BellDA03,CLE,28.0,S,8.0,1.0,0.0,1.0,1.0,1.0,6.0,6.0,6.0,0.0,91.7,4.0,4.0,2.0,4.0,0.0,1.0,0.0,1.0,11.0,1.0,0.083,2024-10-31
2024,Cole Bishop,BishCo00,BUF,22.0,S,7.0,1.0,0.0,7.0,5.0,0.7140000000000001,68.0,13.6,9.7,0.0,102.1,5.3,15.0,53.0,1.0,0.0,0.0,0.0,0.0,15.0,3.0,0.16699999999999998,2024-10-31
2024,Thomas Booker,BookTh00,PHI,25.0,DT,7.0,0.0,0.0,0.0,0.0,,0.0,,,0.0,,,0.0,0.0,0.0,0.0,0.0,0.5,1.0,12.0,0.0,0.0,2024-10-31
2024,CJ Brewer,BrewCJ00,TB,27.0,DL,7.0,0.0,0.0,0.0,0.0,,0.0,,,0.0,,,0.0,0.0,0.0,0.0,1.0,2.0,3.0,10.0,3.0,0.231,2024-10-31
2024,Karl Brooks,BrooKa00,GB,24.0,DL,8.0,0.0,0.0,0.0,0.0,,0.0,,,0.0,,,0.0,0.0,0.0,3.0,2.0,1.5,7.0,12.0,1.0,0.077,2024-10-31
2024,Tyson Campbell,CampTy01,JAX,24.0,CB,3.0,3.0,0.0,11.0,3.0,0.273,30.0,10.0,2.7,0.0,39.6,16.2,22.0,8.0,0.0,0.0,0.0,0.0,0.0,9.0,1.0,0.1,2024-10-31
2024,DJ Davidson,DaviDJ00,NYG,25.0,DL,8.0,1.0,0.0,0.0,0.0,,0.0,,,0.0,,,0.0,0.0,0.0,1.0,0.0,2.0,3.0,16.0,2.0,0.111,2024-10-31
2024,Jordan Davis,DaviJo03,PHI,24.0,DT,7.0,7.0,0.0,0.0,0.0,,0.0,,,0.0,,,0.0,0.0,0.0,0.0,0.0,1.0,1.0,10.0,2.0,0.16699999999999998,2024-10-31
2024,Khalil Davis,DaviKh00,HOU,28.0,DT,8.0,0.0,0.0,1.0,1.0,1.0,14.0,14.0,14.0,0.0,118.7,2.0,2.0,12.0,0.0,0.0,1.0,1.0,2.0,8.0,2.0,0.2,2024-10-31
2024,Clelin Ferrell,FerrCl00,WAS,27.0,DE,5.0,5.0,0.0,2.0,2.0,1.0,16.0,8.0,8.0,0.0,100.0,-1.5,-3.0,19.0,1.0,2.0,2.0,2.0,6.0,10.0,1.0,0.091,2024-10-31
2024,Demetrius Flannigan-Fowles,FlanDe00,SF,28.0,LB,6.0,3.0,1.0,5.0,5.0,1.0,83.0,16.6,16.6,0.0,79.2,2.4,12.0,71.0,4.0,0.0,0.0,0.0,0.0,10.0,3.0,0.231,2024-10-31
2024,Nick Herbig,HerbNi00,PIT,23.0,LB,5.0,2.0,0.0,1.0,1.0,1.0,25.0,25.0,25.0,0.0,118.7,14.0,14.0,11.0,8.0,2.0,1.0,2.5,6.0,8.0,0.0,0.0,2024-10-31
2024,Maurice Hurst,HursMa00,CLE,29.0,DT,4.0,2.0,0.0,0.0,0.0,,0.0,,,0.0,,,0.0,0.0,0.0,0.0,0.0,0.5,1.0,9.0,0.0,0.0,2024-10-31
2024,Thomas Incoom,IncoTh00,CAR,25.0,OLB,5.0,0.0,0.0,1.0,1.0,1.0,4.0,4.0,4.0,0.0,83.3,4.0,4.0,0.0,2.0,0.0,1.0,0.0,1.0,6.0,0.0,0.0,2024-10-31
2024,JaMarcus Ingram,IngrJa00,BUF,27.0,CB,8.0,0.0,2.0,12.0,5.0,0.41700000000000004,79.0,15.8,6.6,0.0,24.7,11.0,40.0,39.0,2.0,0.0,0.0,1.0,1.0,8.0,0.0,0.0,2024-10-31
2024,John Jenkins,JenkJo00,LV,35.0,DT,8.0,8.0,0.0,0.0,0.0,,0.0,,,0.0,,,0.0,0.0,0.0,1.0,0.0,0.5,2.0,22.0,2.0,0.083,2024-10-31
2024,Nazeeh Johnson,JohnNa01,KC,26.0,S,7.0,1.0,0.0,9.0,3.0,0.33299999999999996,43.0,14.3,4.8,1.0,86.8,17.2,40.0,3.0,1.0,0.0,0.0,0.0,0.0,14.0,0.0,0.0,2024-10-31
2024,Naquan Jones,JoneNa01,ARI,26.0,DT,4.0,0.0,0.0,0.0,0.0,,0.0,,,0.0,,,0.0,0.0,0.0,1.0,1.0,2.0,4.0,14.0,1.0,0.067,2024-10-31
2024,Avonte Maddox,MaddAv00,PHI,28.0,CB,7.0,2.0,0.0,20.0,10.0,0.5,98.0,9.8,4.9,1.0,80.8,5.8,19.0,79.0,1.0,0.0,0.0,0.0,0.0,14.0,1.0,0.067,2024-10-31
2024,Jaylen McCollough,McCoJa02,LA,24.0,DB,7.0,0.0,3.0,4.0,1.0,0.25,18.0,18.0,4.5,0.0,6.2,8.0,6.0,12.0,1.0,0.0,0.0,0.0,0.0,7.0,0.0,0.0,2024-10-31
2024,Jalen Mills,MillJa02,NYJ,30.0,S,3.0,2.0,0.0,10.0,3.0,0.3,39.0,13.0,3.9,0.0,43.3,12.4,22.0,17.0,2.0,0.0,0.0,0.0,0.0,12.0,3.0,0.2,2024-10-31
2024,Cameron Mitchell,MitcCa01,CLE,23.0,CB,8.0,0.0,0.0,12.0,9.0,0.75,94.0,10.4,7.8,1.0,125.0,5.3,44.0,50.0,1.0,0.0,0.0,0.0,0.0,7.0,6.0,0.462,2024-10-31
2024,Bilal Nichols,NichBi00,ARI,28.0,DL,6.0,5.0,0.0,0.0,0.0,,0.0,,,0.0,,,0.0,0.0,0.0,0.0,1.0,0.0,1.0,10.0,2.0,0.16699999999999998,2024-10-31
2024,Trevor Nowaske,NowaTr00,DET,26.0,LB,5.0,1.0,1.0,2.0,1.0,0.5,1.0,1.0,0.5,0.0,16.7,-0.5,0.0,1.0,2.0,1.0,0.0,2.0,3.0,8.0,0.0,0.0,2024-10-31
2024,Otito Ogbonnia,OgboOt00,LAC,23.0,DT,7.0,7.0,0.0,0.0,0.0,,0.0,,,0.0,,,0.0,0.0,0.0,0.0,1.0,0.0,1.0,16.0,0.0,0.0,2024-10-31
2024,Levi Onwuzurike,OnwuLe00,DET,26.0,DL,7.0,4.0,0.0,1.0,1.0,1.0,7.0,7.0,7.0,0.0,95.8,-6.0,-6.0,13.0,0.0,4.0,5.0,1.5,12.0,14.0,1.0,0.067,2024-10-31
2024,Dell Pettus,PettDe00,NE,23.0,S,8.0,1.0,0.0,4.0,2.0,0.5,31.0,15.5,7.8,0.0,76.0,12.8,29.0,2.0,1.0,0.0,0.0,0.0,0.0,14.0,0.0,0.0,2024-10-31
2024,James Pierre,PierJa01,PIT,28.0,CB,6.0,0.0,0.0,5.0,2.0,0.4,35.0,17.5,7.0,0.0,64.6,8.2,26.0,9.0,0.0,0.0,0.0,0.0,0.0,7.0,0.0,0.0,2024-10-31
2024,Jalen Reeves-Maybin,ReevJa00,DET,29.0,LB,7.0,0.0,0.0,2.0,2.0,1.0,18.0,9.0,9.0,0.0,104.2,5.5,11.0,7.0,8.0,0.0,0.0,0.0,0.0,9.0,0.0,0.0,2024-10-31
2024,Jack Sanborn,SanbJa00,CHI,24.0,LB,7.0,1.0,0.0,4.0,3.0,0.75,49.0,16.3,12.3,0.0,115.6,9.8,31.0,18.0,6.0,1.0,1.0,1.0,3.0,11.0,1.0,0.083,2024-10-31
2024,Isaiah Simmons,SimmIs00,NYG,26.0,S,8.0,0.0,0.0,6.0,5.0,0.833,56.0,11.2,9.3,0.0,105.6,2.0,9.0,47.0,10.0,1.0,0.0,0.0,1.0,8.0,2.0,0.2,2024-10-31
2024,Preston Smith,SmitPr00,GB,32.0,DL,8.0,8.0,0.0,0.0,0.0,,0.0,,,0.0,,,0.0,0.0,0.0,7.0,1.0,2.5,11.0,16.0,1.0,0.059000000000000004,2024-10-31
2024,Juanyeh Thomas,ThomJu03,DAL,24.0,S,7.0,0.0,0.0,0.0,0.0,,0.0,,,0.0,,,0.0,0.0,2.0,0.0,0.0,0.0,0.0,7.0,1.0,0.125,2024-10-31
2024,Dalvin Tomlinson,TomlDa00,CLE,30.0,DT,8.0,8.0,0.0,0.0,0.0,,0.0,,,0.0,,,0.0,0.0,0.0,0.0,2.0,1.5,4.0,12.0,2.0,0.14300000000000002,2024-10-31
2024,Dee Winters,WintDe00,SF,24.0,LB,6.0,4.0,0.0,6.0,5.0,0.833,28.0,5.6,4.7,0.0,86.1,5.2,10.0,18.0,7.0,0.0,0.0,0.0,0.0,11.0,2.0,0.154,2024-10-31
2024,Montravius Adams,AdamMo00,PIT,29.0,DT,7.0,0.0,0.0,0.0,0.0,,0.0,,,0.0,,,0.0,0.0,0.0,1.0,0.0,1.0,2.0,8.0,0.0,0.0,2024-10-31
2024,Jalyn Armour-Davis,ArmoJa00,BAL,25.0,CB,4.0,2.0,0.0,11.0,8.0,0.727,89.0,11.1,8.1,1.0,126.7,6.5,54.0,35.0,0.0,0.0,0.0,0.0,0.0,7.0,1.0,0.125,2024-10-31
2024,Dorance Armstrong,ArmsDo00,WAS,27.0,DE,7.0,7.0,0.0,3.0,3.0,1.0,20.0,6.7,6.7,0.0,94.4,1.7,5.0,15.0,0.0,7.0,5.0,3.0,16.0,14.0,2.0,0.125,2024-10-31
2024,Andrew Booth,BootAn00,DAL,24.0,CB,3.0,1.0,0.0,3.0,3.0,1.0,46.0,15.3,15.3,0.0,118.7,11.3,34.0,12.0,0.0,0.0,0.0,0.0,0.0,6.0,0.0,0.0,2024-10-31
2024,Chris Braswell,BrasCh01,TB,23.0,OLB,8.0,0.0,0.0,2.0,2.0,1.0,14.0,7.0,7.0,0.0,95.8,2.0,4.0,10.0,20.0,2.0,4.0,0.5,7.0,11.0,0.0,0.0,2024-10-31
2024,Elijah Campbell,CampEl00,MIA,29.0,DB,7.0,0.0,0.0,3.0,2.0,0.667,20.0,10.0,6.7,0.0,85.4,9.3,16.0,4.0,1.0,1.0,0.0,0.0,1.0,6.0,0.0,0.0,2024-10-31
2024,Elijah Chatman,ChatEl00,NYG,24.0,DT,8.0,1.0,0.0,0.0,0.0,,0.0,,,0.0,,,0.0,0.0,0.0,0.0,1.0,1.0,2.0,8.0,0.0,0.0,2024-10-31
2024,Claudin Cherelus,CherCl00,CAR,26.0,LB,7.0,1.0,0.0,7.0,4.0,0.5710000000000001,39.0,9.8,5.6,0.0,72.9,3.6,20.0,19.0,0.0,0.0,1.0,0.0,1.0,14.0,4.0,0.222,2024-10-31
2024,Terrell Edmunds,EdmuTe00,2TM,27.0,,6.0,0.0,0.0,6.0,3.0,0.5,50.0,16.7,8.3,0.0,78.5,6.3,41.0,9.0,3.0,0.0,0.0,0.0,0.0,7.0,0.0,0.0,2024-10-31
2024,Tommy Eichenberg,EichTo00,LV,23.0,LB,5.0,1.0,0.0,5.0,5.0,1.0,53.0,10.6,10.6,1.0,150.4,-1.8,-9.0,62.0,3.0,1.0,0.0,0.0,1.0,7.0,1.0,0.125,2024-10-31
2024,Kingsley Enagbare,EnagKi00,GB,24.0,DL,8.0,0.0,0.0,2.0,2.0,1.0,14.0,7.0,7.0,0.0,95.8,-0.5,-1.0,15.0,2.0,3.0,1.0,1.5,6.0,15.0,5.0,0.25,2024-10-31
2024,AJ Finley,FinlAJ00,LAC,23.0,S,7.0,0.0,0.0,4.0,3.0,0.75,51.0,17.0,12.8,0.0,116.7,10.0,30.0,21.0,1.0,0.0,0.0,0.0,0.0,8.0,0.0,0.0,2024-10-31
2024,Neville Gallimore,GallNe00,LA,27.0,NT,7.0,3.0,0.0,0.0,0.0,,0.0,,,0.0,,,0.0,0.0,0.0,0.0,1.0,0.0,1.0,16.0,0.0,0.0,2024-10-31
2024,Kevin Givens,GiveKe01,SF,27.0,DL,7.0,1.0,0.0,0.0,0.0,,0.0,,,0.0,,,0.0,0.0,0.0,1.0,2.0,3.5,7.0,10.0,1.0,0.091,2024-10-31
2024,TaQuon Graham,GrahTa00,ATL,26.0,DL,8.0,0.0,0.0,0.0,0.0,,0.0,,,0.0,,,0.0,0.0,0.0,1.0,0.0,0.0,1.0,10.0,2.0,0.16699999999999998,2024-10-31
2024,Malik Herring,HerrMa02,KC,27.0,DE,7.0,0.0,0.0,1.0,1.0,1.0,7.0,7.0,7.0,0.0,95.8,4.0,4.0,3.0,0.0,0.0,3.0,0.0,3.0,7.0,0.0,0.0,2024-10-31
2024,Talanoa Hufanga,HufaTa00,SF,25.0,S,2.0,2.0,0.0,3.0,3.0,1.0,58.0,19.3,19.3,0.0,118.7,9.3,28.0,30.0,1.0,0.0,0.0,0.0,0.0,8.0,2.0,0.2,2024-10-31
2024,Adoree Jackson,JackAd00,NYG,29.0,CB,5.0,0.0,0.0,8.0,5.0,0.625,61.0,12.2,7.6,0.0,85.9,10.1,41.0,20.0,0.0,0.0,0.0,0.0,0.0,5.0,0.0,0.0,2024-10-31
2024,DMarco Jackson,JackDM00,NO,26.0,LB,5.0,0.0,0.0,3.0,2.0,0.667,15.0,7.5,5.0,0.0,78.5,4.3,8.0,7.0,2.0,0.0,0.0,0.0,0.0,9.0,1.0,0.1,2024-10-31
2024,Austin Johnson,JohnAu01,BUF,30.0,DT,7.0,0.0,1.0,0.0,0.0,,0.0,,,0.0,,,0.0,0.0,0.0,1.0,1.0,0.0,2.0,8.0,0.0,0.0,2024-10-31
2024,Linval Joseph,JoseLi99,DAL,36.0,DT,7.0,0.0,0.0,1.0,1.0,1.0,3.0,3.0,3.0,0.0,79.2,-2.0,-2.0,5.0,0.0,0.0,0.0,1.0,1.0,10.0,0.0,0.0,2024-10-31
2024,Eku Leota,LeotEk00,2TM,25.0,,3.0,1.0,0.0,2.0,2.0,1.0,8.0,4.0,4.0,0.0,83.3,0.0,0.0,8.0,3.0,0.0,0.0,1.0,1.0,5.0,0.0,0.0,2024-10-31
2024,Isaiahh Loudermilk,LoudIs00,PIT,27.0,DT,8.0,0.0,0.0,1.0,1.0,1.0,12.0,12.0,12.0,0.0,116.7,-6.0,-6.0,18.0,0.0,0.0,0.0,0.0,0.0,6.0,1.0,0.14300000000000002,2024-10-31
2024,Jesse Luketa,LukeJe00,ARI,25.0,OLB,4.0,0.0,0.0,0.0,0.0,,0.0,,,0.0,,,0.0,0.0,3.0,0.0,0.0,0.0,0.0,8.0,2.0,0.2,2024-10-31
2024,Jeremy McNichols,McNiJe00,WAS,29.0,RB,8.0,1.0,0.0,0.0,0.0,,0.0,,,0.0,,,0.0,0.0,0.0,0.0,0.0,0.0,0.0,9.0,1.0,0.1,2024-10-31
2024,Von Miller,MillVo00,BUF,35.0,LB,4.0,0.0,0.0,0.0,0.0,,0.0,,,0.0,,,0.0,0.0,3.0,2.0,1.0,3.0,6.0,5.0,0.0,0.0,2024-10-31
2024,Michael Pierce,PierMi00,BAL,32.0,NT,7.0,1.0,0.0,1.0,0.0,0.0,0.0,,0.0,0.0,39.6,-1.0,0.0,0.0,0.0,2.0,1.0,1.0,5.0,15.0,1.0,0.063,2024-10-31
2024,DJ Reader,ReadD.00,DET,30.0,DL,6.0,6.0,0.0,0.0,0.0,,0.0,,,0.0,,,0.0,0.0,0.0,1.0,2.0,1.0,4.0,9.0,0.0,0.0,2024-10-31
2024,Chop Robinson,RobiCh00,MIA,21.0,LB,7.0,1.0,0.0,4.0,1.0,0.25,-1.0,-1.0,-0.3,0.0,39.6,-2.0,-9.0,8.0,6.0,1.0,1.0,0.0,2.0,10.0,1.0,0.091,2024-10-31
2024,Brady Russell,RussBr00,SEA,26.0,TE,8.0,0.0,0.0,1.0,0.0,0.0,0.0,,0.0,0.0,39.6,3.0,0.0,0.0,0.0,0.0,0.0,0.0,0.0,7.0,0.0,0.0,2024-10-31
2024,Javon Solomon,SoloJa00,BUF,23.0,DE,6.0,0.0,0.0,0.0,0.0,,0.0,,,0.0,,,0.0,0.0,1.0,0.0,2.0,2.0,4.0,5.0,0.0,0.0,2024-10-31
2024,Rodney Thomas,ThomRo07,IND,26.0,S,8.0,1.0,0.0,1.0,1.0,1.0,15.0,15.0,15.0,0.0,118.7,13.0,13.0,2.0,0.0,0.0,0.0,0.0,0.0,7.0,1.0,0.125,2024-10-31
2024,Nick Thurman,ThurNi00,CAR,29.0,DT,8.0,4.0,0.0,0.0,0.0,,0.0,,,0.0,,,0.0,0.0,0.0,0.0,0.0,0.0,0.0,13.0,2.0,0.133,2024-10-31
2024,Dondrea Tillman,TillDo00,DEN,26.0,OLB,4.0,0.0,0.0,0.0,0.0,,0.0,,,0.0,,,0.0,0.0,17.0,1.0,1.0,2.0,4.0,6.0,1.0,0.14300000000000002,2024-10-31
2024,Tyrus Wheat,WheaTy02,DAL,25.0,DE,5.0,0.0,0.0,0.0,0.0,,0.0,,,0.0,,,0.0,0.0,0.0,3.0,1.0,0.5,5.0,11.0,0.0,0.0,2024-10-31
2024,Milton Williams,WillMi08,PHI,25.0,DT,7.0,5.0,0.0,0.0,0.0,,0.0,,,0.0,,,0.0,0.0,0.0,0.0,0.0,2.0,3.0,10.0,1.0,0.091,2024-10-31
2024,Marco Wilson,WilsMa04,NE,25.0,CB,7.0,0.0,0.0,9.0,6.0,0.667,69.0,11.5,7.7,0.0,89.6,5.7,23.0,46.0,0.0,0.0,0.0,0.0,0.0,8.0,1.0,0.111,2024-10-31
2024,Tyree Wilson,WilsTy01,LV,24.0,DE,7.0,1.0,0.0,0.0,0.0,,0.0,,,0.0,,,0.0,0.0,0.0,1.0,3.0,1.0,5.0,8.0,1.0,0.111,2024-10-31
2024,Alex Wright,WrigAl01,CLE,24.0,DE,4.0,0.0,0.0,3.0,2.0,0.667,22.0,11.0,7.3,0.0,88.2,-2.0,-6.0,28.0,0.0,0.0,0.0,1.0,1.0,8.0,1.0,0.111,2024-10-31
2024,Adetomiwa Adebawore,AdebAd00,IND,23.0,DT,8.0,0.0,0.0,0.0,0.0,,0.0,,,0.0,,,0.0,0.0,0.0,0.0,1.0,1.0,2.0,6.0,1.0,0.14300000000000002,2024-10-31
2024,Corey Ballentine,BallCo00,GB,28.0,CB,7.0,1.0,0.0,4.0,2.0,0.5,43.0,21.5,10.8,1.0,128.1,15.5,32.0,11.0,0.0,0.0,0.0,0.0,0.0,4.0,0.0,0.0,2024-10-31
2024,Tyus Bowser,BowsTy00,2TM,29.0,,5.0,2.0,0.0,3.0,3.0,1.0,34.0,11.3,11.3,0.0,113.9,5.0,15.0,19.0,8.0,1.0,0.0,0.0,1.0,6.0,1.0,0.14300000000000002,2024-10-31
2024,Bobby Brown,BrowBo04,LA,24.0,NT,7.0,6.0,0.0,0.0,0.0,,0.0,,,0.0,,,0.0,0.0,0.0,0.0,1.0,0.0,1.0,21.0,1.0,0.045,2024-10-31
2024,Myles Bryant,BryaMy01,HOU,26.0,CB,6.0,0.0,0.0,1.0,1.0,1.0,6.0,6.0,6.0,0.0,91.7,6.0,6.0,0.0,0.0,0.0,0.0,0.0,0.0,5.0,0.0,0.0,2024-10-31
2024,Zachary Carter,CartZa00,CIN,25.0,DT,4.0,2.0,0.0,0.0,0.0,,0.0,,,0.0,,,0.0,0.0,0.0,1.0,0.0,0.5,2.0,9.0,0.0,0.0,2024-10-31
2024,Byron Cowart,CowaBy00,CHI,28.0,DT,6.0,0.0,0.0,0.0,0.0,,0.0,,,0.0,,,0.0,0.0,0.0,1.0,0.0,0.5,2.0,6.0,1.0,0.14300000000000002,2024-10-31
2024,Mike Ford,FordMi01,CLE,29.0,CB,8.0,0.0,0.0,1.0,1.0,1.0,16.0,16.0,16.0,0.0,118.7,9.0,9.0,7.0,0.0,0.0,0.0,0.0,0.0,5.0,1.0,0.16699999999999998,2024-10-31
2024,Adam Gotsis,GotsAd00,IND,32.0,DT,5.0,0.0,0.0,1.0,1.0,1.0,0.0,0.0,0.0,0.0,79.2,-6.0,-6.0,6.0,0.0,0.0,2.0,0.0,2.0,8.0,2.0,0.2,2024-10-31
2024,Javon Hargrave,HargJa00,SF,31.0,DL,3.0,3.0,0.0,0.0,0.0,,0.0,,,0.0,,,0.0,0.0,0.0,2.0,0.0,1.0,3.0,7.0,0.0,0.0,2024-10-31
2024,Tre Hawkins,HawkTr00,NYG,24.0,CB,2.0,0.0,0.0,1.0,0.0,0.0,0.0,,0.0,0.0,39.6,5.0,0.0,0.0,0.0,0.0,0.0,0.0,0.0,4.0,1.0,0.2,2024-10-31
2024,Marquis Haynes,HaynMa01,CAR,31.0,OLB,2.0,1.0,0.0,0.0,0.0,,0.0,,,0.0,,,0.0,0.0,3.0,1.0,0.0,0.0,1.0,5.0,0.0,0.0,2024-10-31
2024,Jaden Hicks,HickJa01,KC,22.0,DB,7.0,0.0,1.0,1.0,0.0,0.0,0.0,,0.0,0.0,0.0,7.0,0.0,0.0,0.0,0.0,0.0,0.0,0.0,4.0,0.0,0.0,2024-10-31
2024,Bryce Huff,HuffBr00,PHI,26.0,DE,7.0,5.0,0.0,2.0,2.0,1.0,18.0,9.0,9.0,0.0,104.2,1.0,2.0,16.0,2.0,2.0,1.0,1.5,5.0,8.0,3.0,0.273,2024-10-31
2024,Theo Jackson,JackTh00,MIN,26.0,S,7.0,0.0,0.0,0.0,0.0,,0.0,,,0.0,,,0.0,0.0,2.0,0.0,0.0,0.0,0.0,5.0,0.0,0.0,2024-10-31
2024,Jermaine Johnson,JohnJe07,NYJ,25.0,LB,2.0,2.0,0.0,1.0,1.0,1.0,7.0,7.0,7.0,0.0,95.8,-3.0,-3.0,10.0,4.0,1.0,0.0,0.0,1.0,4.0,1.0,0.2,2024-10-31
2024,John Johnson,JohnJo10,LA,29.0,S,2.0,1.0,1.0,4.0,3.0,0.75,17.0,5.7,4.3,0.0,42.7,4.8,9.0,8.0,0.0,0.0,0.0,0.0,0.0,8.0,1.0,0.111,2024-10-31
2024,Phidarian Mathis,MathPh00,WAS,26.0,DT,8.0,0.0,0.0,0.0,0.0,,0.0,,,0.0,,,0.0,0.0,0.0,1.0,0.0,0.0,1.0,10.0,0.0,0.0,2024-10-31
2024,Tristin McCollum,McCoTr00,PHI,25.0,S,7.0,0.0,0.0,2.0,1.0,0.5,14.0,14.0,7.0,0.0,72.9,5.0,1.0,13.0,0.0,0.0,0.0,0.0,0.0,8.0,1.0,0.111,2024-10-31
2024,Takkarist McKinley,McKiTa00,NYJ,29.0,DL,7.0,0.0,0.0,0.0,0.0,,0.0,,,0.0,,,0.0,0.0,0.0,0.0,1.0,0.5,2.0,9.0,1.0,0.1,2024-10-31
2024,Segun Olubi,OlubSe00,IND,25.0,LB,8.0,0.0,0.0,1.0,1.0,1.0,25.0,25.0,25.0,0.0,118.7,13.0,13.0,12.0,0.0,0.0,0.0,0.0,0.0,8.0,0.0,0.0,2024-10-31
2024,Mike Pennel,PennMi00,KC,33.0,DT,7.0,5.0,0.0,0.0,0.0,,0.0,,,0.0,,,0.0,0.0,0.0,0.0,0.0,2.0,2.0,9.0,0.0,0.0,2024-10-31
2024,Jeremiah Pharms,PharJe00,NE,28.0,DT,7.0,1.0,0.0,0.0,0.0,,0.0,,,0.0,,,0.0,0.0,0.0,1.0,1.0,0.0,2.0,10.0,0.0,0.0,2024-10-31
2024,Nehemiah Pritchett,PritNe00,SEA,23.0,CB,7.0,1.0,0.0,13.0,9.0,0.6920000000000001,111.0,12.3,8.5,1.0,121.0,10.9,67.0,44.0,0.0,0.0,0.0,0.0,0.0,6.0,5.0,0.455,2024-10-31
2024,John Ridgeway,RidgJo00,NO,25.0,DT,6.0,0.0,0.0,0.0,0.0,,0.0,,,0.0,,,0.0,0.0,0.0,1.0,0.0,0.0,1.0,8.0,1.0,0.111,2024-10-31
2024,Tavius Robinson,RobiTa00,BAL,25.0,OLB,8.0,0.0,0.0,1.0,1.0,1.0,7.0,7.0,7.0,0.0,95.8,-2.0,-2.0,9.0,0.0,0.0,5.0,1.5,7.0,11.0,0.0,0.0,2024-10-31
2024,Isaiah Rodgers,RodgIs00,PHI,26.0,CB,5.0,0.0,0.0,3.0,1.0,0.33299999999999996,2.0,2.0,0.7,0.0,42.4,22.7,-2.0,4.0,0.0,0.0,0.0,0.0,0.0,6.0,0.0,0.0,2024-10-31
2024,Christian Roland-Wallace,RolaCh00,KC,23.0,CB,7.0,0.0,1.0,6.0,4.0,0.667,37.0,9.3,6.2,1.0,83.3,10.0,31.0,6.0,5.0,1.0,2.0,0.0,3.0,4.0,0.0,0.0,2024-10-31
2024,Tedarrell Slaton,SlatTe00,GB,27.0,DL,8.0,8.0,0.0,0.0,0.0,,0.0,,,0.0,,,0.0,0.0,0.0,0.0,2.0,0.0,2.0,13.0,3.0,0.188,2024-10-31
2024,Cam Smith,SmitCa02,MIA,24.0,CB,1.0,0.0,0.0,5.0,4.0,0.8,57.0,14.3,11.4,0.0,114.2,14.0,54.0,3.0,1.0,0.0,0.0,0.0,0.0,4.0,0.0,0.0,2024-10-31
2024,Keidron Smith,SmitKe05,DEN,25.0,DB,7.0,0.0,0.0,1.0,1.0,1.0,17.0,17.0,17.0,0.0,118.7,5.0,5.0,12.0,1.0,0.0,0.0,0.0,0.0,6.0,1.0,0.14300000000000002,2024-10-31
2024,Maason Smith,SmitMa07,JAX,22.0,DT,5.0,0.0,0.0,1.0,1.0,1.0,5.0,5.0,5.0,0.0,87.5,0.0,0.0,5.0,0.0,1.0,1.0,1.0,3.0,5.0,0.0,0.0,2024-10-31
2024,Teair Tart,TartTe00,LAC,27.0,DT,7.0,0.0,1.0,0.0,0.0,,0.0,,,0.0,,,0.0,0.0,0.0,0.0,1.0,0.0,1.0,11.0,1.0,0.083,2024-10-31
2024,Tavierre Thomas,ThomTa01,TB,28.0,CB,8.0,0.0,0.0,0.0,0.0,,0.0,,,0.0,,,0.0,0.0,0.0,0.0,0.0,0.0,0.0,5.0,1.0,0.16699999999999998,2024-10-31
2024,Jerry Tillery,TillJe00,MIN,28.0,DL,7.0,6.0,0.0,0.0,0.0,,0.0,,,0.0,,,0.0,0.0,0.0,2.0,3.0,0.0,5.0,13.0,0.0,0.0,2024-10-31
2024,Khyiris Tonga,TongKh00,ARI,28.0,DL,7.0,1.0,0.0,1.0,1.0,1.0,5.0,5.0,5.0,0.0,87.5,5.0,5.0,0.0,0.0,0.0,0.0,0.0,0.0,15.0,1.0,0.063,2024-10-31
2024,Jay Tufele,TufeJa00,CIN,25.0,DT,5.0,3.0,0.0,0.0,0.0,,0.0,,,0.0,,,0.0,0.0,0.0,1.0,0.0,0.5,2.0,10.0,2.0,0.16699999999999998,2024-10-31
2024,Dallas Turner,TurnDa01,MIN,21.0,OLB,6.0,0.0,0.0,2.0,1.0,0.5,6.0,6.0,3.0,0.0,56.2,10.0,5.0,1.0,8.0,1.0,0.0,1.0,2.0,6.0,0.0,0.0,2024-10-31
2024,Payton Turner,TurnPa02,NO,25.0,DE,7.0,0.0,0.0,0.0,0.0,,0.0,,,0.0,,,0.0,0.0,0.0,2.0,0.0,1.0,3.0,7.0,1.0,0.125,2024-10-31
2024,Mykal Walker,WalkMy00,WAS,27.0,OLB,8.0,0.0,0.0,2.0,2.0,1.0,12.0,6.0,6.0,0.0,91.7,3.0,6.0,6.0,2.0,0.0,0.0,0.0,0.0,12.0,0.0,0.0,2024-10-31
2024,Kristian Welch,WelcKr00,2TM,26.0,,7.0,1.0,0.0,2.0,1.0,0.5,12.0,12.0,6.0,0.0,68.7,-1.5,-1.0,13.0,0.0,0.0,0.0,0.0,0.0,8.0,0.0,0.0,2024-10-31
2024,Chandler Wooten,WootCh00,CAR,25.0,LB,3.0,0.0,0.0,2.0,2.0,1.0,15.0,7.5,7.5,0.0,97.9,6.5,13.0,2.0,3.0,0.0,0.0,0.0,0.0,7.0,1.0,0.125,2024-10-31
2024,Chidobe Awuzie,AwuzCh00,TEN,29.0,CB,3.0,3.0,0.0,3.0,1.0,0.33299999999999996,19.0,19.0,6.3,0.0,56.2,10.3,17.0,2.0,0.0,0.0,0.0,0.0,0.0,4.0,0.0,0.0,2024-10-31
2024,Quinton Bell,BellQu00,MIA,28.0,LB,7.0,0.0,0.0,2.0,0.0,0.0,0.0,,0.0,0.0,39.6,7.0,0.0,0.0,0.0,0.0,0.0,0.0,0.0,8.0,0.0,0.0,2024-10-31
2024,Julius Brents,BrenJu00,IND,24.0,CB,1.0,1.0,0.0,6.0,4.0,0.667,79.0,19.8,13.2,0.0,109.7,15.3,67.0,12.0,0.0,0.0,0.0,0.0,0.0,7.0,1.0,0.125,2024-10-31
2024,Mike Brown,BrowMi02,TEN,25.0,S,7.0,0.0,0.0,1.0,1.0,1.0,25.0,25.0,25.0,0.0,118.7,24.0,24.0,1.0,1.0,0.0,0.0,0.0,0.0,8.0,0.0,0.0,2024-10-31
2024,KeiTrel Clark,ClarKe02,ARI,23.0,CB,6.0,0.0,0.0,4.0,3.0,0.75,41.0,13.7,10.3,0.0,107.3,8.3,27.0,14.0,1.0,0.0,0.0,1.0,1.0,5.0,1.0,0.16699999999999998,2024-10-31
2024,Brandon Codrington,CodrBr00,BUF,24.0,DB,8.0,0.0,0.0,3.0,2.0,0.667,10.0,5.0,3.3,0.0,71.5,3.7,1.0,9.0,0.0,0.0,0.0,0.0,0.0,3.0,0.0,0.0,2024-10-31
2024,Khalil Dorsey,DorsKh00,DET,26.0,CB,7.0,0.0,0.0,1.0,0.0,0.0,0.0,,0.0,0.0,39.6,5.0,0.0,0.0,0.0,0.0,0.0,0.0,0.0,7.0,1.0,0.125,2024-10-31
2024,Troy Dye,DyexTr00,LAC,28.0,LB,7.0,0.0,0.0,3.0,2.0,0.667,17.0,8.5,5.7,0.0,81.2,-0.7,0.0,17.0,1.0,0.0,0.0,0.5,1.0,6.0,0.0,0.0,2024-10-31
2024,Samuel Eguavoen,EguaSa00,NYJ,31.0,LB,8.0,0.0,0.0,0.0,0.0,,0.0,,,0.0,,,0.0,0.0,0.0,0.0,0.0,0.0,0.0,3.0,1.0,0.25,2024-10-31
2024,Kaiir Elam,ElamKa00,BUF,23.0,CB,8.0,0.0,0.0,3.0,2.0,0.667,0.0,0.0,0.0,0.0,70.1,1.0,-3.0,3.0,0.0,0.0,0.0,0.0,0.0,4.0,1.0,0.2,2024-10-31
2024,Tre Flowers,FlowTr01,JAX,29.0,CB,4.0,0.0,0.0,3.0,3.0,1.0,25.0,8.3,8.3,0.0,101.4,4.7,14.0,11.0,1.0,0.0,0.0,0.0,0.0,3.0,1.0,0.25,2024-10-31
2024,Isaiah Foskey,FoskIs00,NO,24.0,DE,8.0,0.0,0.0,0.0,0.0,,0.0,,,0.0,,,0.0,0.0,2.0,0.0,0.0,0.0,0.0,11.0,0.0,0.0,2024-10-31
2024,Tomon Fox,FoxxTo00,NYG,26.0,OLB,3.0,0.0,0.0,0.0,0.0,,0.0,,,0.0,,,0.0,0.0,1.0,0.0,1.0,1.0,2.0,3.0,0.0,0.0,2024-10-31
2024,William Gholston,GholWi00,TB,33.0,DL,8.0,3.0,0.0,0.0,0.0,,0.0,,,0.0,,,0.0,0.0,0.0,0.0,1.0,1.0,2.0,7.0,0.0,0.0,2024-10-31
2024,Eddie Goldman,GoldEd00,ATL,30.0,DL,8.0,3.0,0.0,0.0,0.0,,0.0,,,0.0,,,0.0,0.0,0.0,0.0,2.0,0.0,2.0,4.0,0.0,0.0,2024-10-31
2024,Antonio Hamilton,HamiAn01,ATL,31.0,CB,5.0,0.0,0.0,3.0,3.0,1.0,48.0,16.0,16.0,2.0,158.3,13.7,41.0,7.0,3.0,0.0,0.0,0.0,0.0,5.0,1.0,0.16699999999999998,2024-10-31
2024,Jaylen Harrell,HarrJa05,TEN,22.0,OLB,7.0,0.0,0.0,1.0,1.0,1.0,6.0,6.0,6.0,0.0,91.7,-1.0,-1.0,7.0,0.0,1.0,0.0,0.0,1.0,6.0,0.0,0.0,2024-10-31
2024,Malik Harrison,HarrMa06,BAL,26.0,LB,6.0,0.0,0.0,4.0,3.0,0.75,49.0,16.3,12.3,0.0,115.6,2.0,-3.0,52.0,0.0,0.0,0.0,0.0,0.0,13.0,2.0,0.133,2024-10-31
2024,Jalyn Holmes,HolmJa01,2TM,28.0,,7.0,0.0,0.0,0.0,0.0,,0.0,,,0.0,,,0.0,0.0,0.0,0.0,1.0,1.0,2.0,6.0,0.0,0.0,2024-10-31
2024,Khaleke Hudson,HudsKh00,2TM,27.0,,8.0,0.0,0.0,0.0,0.0,,0.0,,,0.0,,,0.0,0.0,1.0,0.0,0.0,0.0,0.0,5.0,0.0,0.0,2024-10-31
2024,Jake Hummel,HummJa00,LA,25.0,LB,7.0,0.0,0.0,2.0,2.0,1.0,35.0,17.5,17.5,1.0,158.3,4.5,9.0,26.0,0.0,0.0,0.0,0.0,0.0,3.0,0.0,0.0,2024-10-31
2024,Javontae Jean-Baptiste,JeanJa00,WAS,24.0,DE,6.0,0.0,0.0,0.0,0.0,,0.0,,,0.0,,,0.0,0.0,1.0,2.0,1.0,1.0,4.0,5.0,0.0,0.0,2024-10-31
2024,Caleb Johnson,JohnCa04,JAX,26.0,LB,8.0,0.0,0.0,0.0,0.0,,0.0,,,0.0,,,0.0,0.0,1.0,0.0,0.0,0.0,0.0,4.0,0.0,0.0,2024-10-31
2024,Justin Jones,JoneJu03,ARI,28.0,DL,3.0,3.0,0.0,1.0,0.0,0.0,0.0,,0.0,0.0,39.6,-8.0,0.0,0.0,0.0,0.0,1.0,0.0,1.0,4.0,1.0,0.2,2024-10-31
2024,Cameron Jordan,JordCa00,NO,35.0,DE,8.0,8.0,1.0,1.0,1.0,1.0,8.0,8.0,8.0,0.0,60.4,1.0,1.0,7.0,0.0,2.0,1.0,0.0,3.0,9.0,0.0,0.0,2024-10-31
2024,Devon Key,KeyxDe00,DEN,27.0,DB,8.0,0.0,0.0,5.0,2.0,0.4,17.0,8.5,3.4,1.0,89.2,15.0,4.0,13.0,1.0,0.0,0.0,1.0,1.0,10.0,0.0,0.0,2024-10-31
2024,Deane Leonard,LeonDe00,LAC,25.0,DB,4.0,0.0,0.0,2.0,1.0,0.5,6.0,6.0,3.0,0.0,56.2,4.5,2.0,4.0,0.0,0.0,0.0,0.0,0.0,4.0,0.0,0.0,2024-10-31
2024,Jeremiah Moon,MoonJe00,PIT,26.0,LB,4.0,1.0,0.0,0.0,0.0,,0.0,,,0.0,,,0.0,0.0,3.0,0.0,0.0,0.0,0.0,5.0,0.0,0.0,2024-10-31
2024,Mike Morris,MorrMi00,SEA,23.0,DE,7.0,0.0,0.0,0.0,0.0,,0.0,,,0.0,,,0.0,0.0,0.0,1.0,0.0,0.0,1.0,4.0,0.0,0.0,2024-10-31
2024,Ben Niemann,NiemBe00,DET,29.0,LB,7.0,0.0,0.0,2.0,1.0,0.5,18.0,18.0,9.0,0.0,81.2,7.5,2.0,16.0,7.0,0.0,0.0,0.0,0.0,7.0,1.0,0.125,2024-10-31
2024,Amen Ogbongbemiga,OgboAm00,CHI,26.0,LB,7.0,0.0,0.0,2.0,1.0,0.5,0.0,0.0,0.0,0.0,56.2,4.5,-5.0,5.0,0.0,0.0,0.0,1.0,1.0,7.0,0.0,0.0,2024-10-31
2024,David Ojabo,OjabDa00,BAL,24.0,OLB,7.0,0.0,0.0,3.0,1.0,0.33299999999999996,25.0,25.0,8.3,0.0,64.6,-0.3,-1.0,26.0,7.0,1.0,2.0,1.0,4.0,5.0,1.0,0.16699999999999998,2024-10-31
2024,Rico Payton,PaytRi00,NO,25.0,CB,8.0,0.0,0.0,2.0,0.0,0.0,0.0,,0.0,0.0,39.6,23.0,0.0,0.0,0.0,0.0,0.0,0.0,0.0,4.0,0.0,0.0,2024-10-31
2024,Ennis Rakestraw,RakeEn00,DET,22.0,CB,5.0,0.0,0.0,5.0,3.0,0.6,25.0,8.3,5.0,0.0,72.9,11.6,11.0,14.0,0.0,0.0,0.0,0.0,0.0,5.0,0.0,0.0,2024-10-31
2024,Duke Riley,RileDu00,MIA,30.0,LB,7.0,2.0,0.0,1.0,1.0,1.0,4.0,4.0,4.0,0.0,83.3,1.0,1.0,3.0,1.0,1.0,0.0,0.0,1.0,6.0,0.0,0.0,2024-10-31
2024,Jordon Riley,RileJo00,NYG,26.0,DL,7.0,0.0,0.0,0.0,0.0,,0.0,,,0.0,,,0.0,0.0,0.0,1.0,0.0,0.0,1.0,4.0,1.0,0.2,2024-10-31
2024,Kelee Ringo,RingKe00,PHI,22.0,CB,7.0,0.0,0.0,3.0,2.0,0.667,42.0,21.0,14.0,0.0,109.7,11.7,32.0,10.0,1.0,0.0,0.0,0.0,0.0,5.0,0.0,0.0,2024-10-31
2024,JJ Russell,RussJJ00,TB,26.0,LB,8.0,0.0,0.0,3.0,3.0,1.0,15.0,5.0,5.0,0.0,87.5,0.0,0.0,15.0,1.0,0.0,0.0,0.0,0.0,6.0,0.0,0.0,2024-10-31
2024,Leonard Taylor,TaylLe01,NYJ,25.0,DL,5.0,0.0,0.0,0.0,0.0,,0.0,,,0.0,,,0.0,0.0,0.0,0.0,1.0,1.5,3.0,9.0,1.0,0.1,2024-10-31
2024,Sione Vaki,VakiSi00,DET,23.0,RB,7.0,0.0,0.0,1.0,0.0,0.0,0.0,,0.0,0.0,39.6,0.0,0.0,0.0,0.0,0.0,0.0,0.0,0.0,3.0,0.0,0.0,2024-10-31
2024,Nick Vigil,VigiNi00,DAL,31.0,LB,6.0,0.0,0.0,0.0,0.0,,0.0,,,0.0,,,0.0,0.0,2.0,0.0,0.0,0.0,0.0,4.0,1.0,0.2,2024-10-31
2024,DeShawn Williams,WillDe04,CAR,32.0,DT,5.0,0.0,0.0,0.0,0.0,,0.0,,,0.0,,,0.0,0.0,0.0,0.0,2.0,0.0,2.0,7.0,0.0,0.0,2024-10-31
2024,Joshua Williams,WillJo03,KC,25.0,CB,7.0,0.0,0.0,4.0,3.0,0.75,23.0,7.7,5.8,1.0,128.1,12.3,9.0,14.0,0.0,0.0,0.0,0.0,0.0,4.0,1.0,0.2,2024-10-31
2024,Jamal Adams,AdamJa00,TEN,29.0,SS,3.0,1.0,0.0,2.0,2.0,1.0,26.0,13.0,13.0,0.0,118.7,-2.0,-4.0,30.0,0.0,0.0,0.0,0.0,0.0,4.0,1.0,0.2,2024-10-31
2024,Joe Andreessen,AndrJo02,BUF,24.0,LB,4.0,0.0,0.0,2.0,1.0,0.5,8.0,8.0,4.0,0.0,60.4,1.0,2.0,6.0,0.0,0.0,0.0,0.0,0.0,4.0,0.0,0.0,2024-10-31
2024,LJ Collier,CollLJ00,ARI,29.0,DL,8.0,6.0,0.0,0.0,0.0,,0.0,,,0.0,,,0.0,0.0,0.0,2.0,2.0,0.0,4.0,13.0,0.0,0.0,2024-10-31
2024,Jalen Davis,DaviJa06,CIN,28.0,CB,2.0,0.0,0.0,5.0,3.0,0.6,29.0,9.7,5.8,0.0,76.2,16.4,24.0,5.0,3.0,0.0,0.0,0.0,0.0,3.0,1.0,0.25,2024-10-31
2024,Kalia Davis,DaviKa01,SF,26.0,DL,4.0,0.0,1.0,1.0,0.0,0.0,2.0,,2.0,0.0,0.0,2.0,2.0,0.0,0.0,0.0,0.0,0.0,0.0,2.0,0.0,0.0,2024-10-31
2024,Victor Dimukeje,DimuVi00,ARI,25.0,OLB,4.0,0.0,0.0,2.0,1.0,0.5,4.0,4.0,2.0,0.0,56.2,-5.5,-3.0,7.0,0.0,0.0,4.0,0.0,4.0,6.0,0.0,0.0,2024-10-31
2024,Emmanuel Forbes,ForbEm00,WAS,23.0,CB,5.0,1.0,1.0,8.0,6.0,0.75,75.0,12.5,9.4,0.0,64.1,13.4,58.0,17.0,0.0,0.0,0.0,0.0,0.0,7.0,3.0,0.3,2024-10-31
2024,Greg Gaines,GainGr00,TB,28.0,DL,7.0,3.0,0.0,1.0,1.0,1.0,1.0,1.0,1.0,0.0,79.2,-5.0,-5.0,6.0,0.0,1.0,2.0,0.0,3.0,6.0,1.0,0.14300000000000002,2024-10-31
2024,Zach Harrison,HarrZa00,ATL,23.0,DL,8.0,0.0,0.0,0.0,0.0,,0.0,,,0.0,,,0.0,0.0,0.0,1.0,0.0,0.0,1.0,10.0,1.0,0.091,2024-10-31
2024,Josh Hayes,HayeJo01,TB,25.0,DB,7.0,0.0,0.0,1.0,1.0,1.0,8.0,8.0,8.0,0.0,100.0,4.0,4.0,4.0,1.0,0.0,0.0,0.0,0.0,6.0,0.0,0.0,2024-10-31
2024,Dylan Horton,HortDy00,HOU,24.0,DE,4.0,0.0,0.0,0.0,0.0,,0.0,,,0.0,,,0.0,0.0,0.0,1.0,2.0,0.0,3.0,3.0,0.0,0.0,2024-10-31
2024,Dane Jackson,JackDa02,CAR,28.0,CB,1.0,0.0,0.0,4.0,3.0,0.75,25.0,8.3,6.3,1.0,130.2,8.0,20.0,5.0,0.0,0.0,0.0,0.0,0.0,4.0,1.0,0.2,2024-10-31
2024,Kevin King,KingKe01,ATL,29.0,CB,8.0,0.0,0.0,2.0,2.0,1.0,38.0,19.0,19.0,0.0,118.7,18.0,36.0,2.0,2.0,0.0,0.0,0.0,0.0,5.0,0.0,0.0,2024-10-31
2024,Tyler Lacy,LacyTy00,JAX,25.0,DT,6.0,4.0,0.0,1.0,0.0,0.0,9.0,,9.0,0.0,64.6,-4.0,-4.0,13.0,0.0,0.0,1.0,0.0,1.0,7.0,0.0,0.0,2024-10-31
2024,Carl Lawson,LawsCa00,DAL,29.0,DE,5.0,2.0,0.0,0.0,0.0,,0.0,,,0.0,,,0.0,0.0,2.0,1.0,4.0,0.5,6.0,7.0,0.0,0.0,2024-10-31
2024,DeMarvin Leal,LealDe00,PIT,24.0,DE,5.0,0.0,0.0,0.0,0.0,,0.0,,,0.0,,,0.0,0.0,2.0,1.0,1.0,0.0,2.0,4.0,0.0,0.0,2024-10-31
2024,Israel Mukuamu,MukuIs00,DAL,25.0,S,7.0,0.0,0.0,1.0,0.0,0.0,0.0,,0.0,0.0,39.6,34.0,0.0,0.0,0.0,0.0,0.0,0.0,0.0,3.0,0.0,0.0,2024-10-31
2024,Josh Newton,NewtJo00,CIN,24.0,CB,8.0,0.0,0.0,3.0,2.0,0.667,19.0,9.5,6.3,0.0,84.0,4.0,8.0,11.0,1.0,0.0,0.0,0.0,0.0,3.0,0.0,0.0,2024-10-31
2024,Maema Njongmeta,NjonMa00,CIN,23.0,LB,8.0,0.0,0.0,1.0,1.0,1.0,7.0,7.0,7.0,0.0,95.8,5.0,5.0,2.0,0.0,0.0,0.0,0.0,0.0,4.0,0.0,0.0,2024-10-31
2024,Derrick Nnadi,NnadDe00,KC,28.0,DT,7.0,0.0,0.0,0.0,0.0,,0.0,,,0.0,,,0.0,0.0,0.0,0.0,0.0,0.0,0.0,3.0,1.0,0.25,2024-10-31
2024,Uchenna Nwosu,NwosUc00,SEA,28.0,LB,1.0,0.0,0.0,0.0,0.0,,0.0,,,0.0,,,0.0,0.0,1.0,1.0,0.0,0.0,1.0,3.0,0.0,0.0,2024-10-31
2024,Moro Ojomo,OjomMo00,PHI,23.0,DT,7.0,0.0,0.0,0.0,0.0,,0.0,,,0.0,,,0.0,0.0,0.0,1.0,1.0,0.0,2.0,4.0,0.0,0.0,2024-10-31
2024,Julian Okwara,OkwaJu00,ARI,27.0,OLB,7.0,0.0,0.0,7.0,4.0,0.5710000000000001,56.0,14.0,8.0,0.0,83.0,5.7,14.0,42.0,5.0,1.0,1.0,0.0,2.0,7.0,2.0,0.222,2024-10-31
2024,Ruke Orhorhoro,OrhoRu00,ATL,23.0,DT,4.0,0.0,0.0,0.0,0.0,,0.0,,,0.0,,,0.0,0.0,0.0,1.0,1.0,0.0,2.0,5.0,0.0,0.0,2024-10-31
2024,Jayden Peevy,PeevJa00,CAR,25.0,DT,4.0,0.0,0.0,0.0,0.0,,0.0,,,0.0,,,0.0,0.0,0.0,0.0,2.0,1.5,4.0,6.0,0.0,0.0,2024-10-31
2024,Jaelan Phillips,PhilJa02,MIA,25.0,LB,4.0,3.0,0.0,3.0,2.0,0.667,11.0,5.5,3.7,0.0,72.9,1.0,-1.0,12.0,3.0,1.0,0.0,1.0,2.0,6.0,1.0,0.14300000000000002,2024-10-31
2024,Jeremy Reaves,ReavJe00,WAS,28.0,S,8.0,0.0,0.0,1.0,1.0,1.0,16.0,16.0,16.0,0.0,118.7,-2.0,-2.0,18.0,0.0,0.0,0.0,0.0,0.0,4.0,0.0,0.0,2024-10-31
2024,Jammie Robinson,RobiJa03,CAR,23.0,S,6.0,0.0,0.0,1.0,1.0,1.0,9.0,9.0,9.0,0.0,104.2,-1.0,-1.0,10.0,0.0,0.0,0.0,0.0,0.0,3.0,0.0,0.0,2024-10-31
2024,Janarius Robinson,RobiJa04,LV,25.0,DE,6.0,1.0,0.0,0.0,0.0,,0.0,,,0.0,,,0.0,0.0,0.0,1.0,0.0,0.5,2.0,3.0,1.0,0.25,2024-10-31
2024,Nesta Jade Silvera,JadeNe00,LV,24.0,DT,7.0,0.0,0.0,0.0,0.0,,0.0,,,0.0,,,0.0,0.0,0.0,0.0,0.0,0.0,0.0,8.0,1.0,0.111,2024-10-31
2024,Christopher Smith,SmitCh04,LV,24.0,S,8.0,0.0,0.0,1.0,1.0,1.0,7.0,7.0,7.0,0.0,95.8,-2.0,-2.0,9.0,0.0,0.0,0.0,0.0,0.0,4.0,0.0,0.0,2024-10-31
2024,Tremon Smith,SmitTr04,DEN,28.0,CB,8.0,0.0,0.0,1.0,0.0,0.0,0.0,,0.0,0.0,39.6,11.0,0.0,0.0,0.0,0.0,0.0,0.0,0.0,2.0,0.0,0.0,2024-10-31
2024,MJ Stewart,StewM.00,HOU,29.0,S,6.0,0.0,0.0,0.0,0.0,,0.0,,,0.0,,,0.0,0.0,1.0,0.0,0.0,0.0,0.0,3.0,0.0,0.0,2024-10-31
2024,Qwantez Stiggers,StigQw00,NYJ,22.0,CB,8.0,0.0,0.0,1.0,1.0,1.0,8.0,8.0,8.0,0.0,100.0,7.0,7.0,1.0,0.0,0.0,0.0,0.0,0.0,2.0,1.0,0.33299999999999996,2024-10-31
2024,Greg Stroman,StroGr00,NYG,28.0,CB,1.0,0.0,0.0,3.0,2.0,0.667,17.0,8.5,5.7,0.0,81.2,15.3,4.0,13.0,0.0,0.0,0.0,0.0,0.0,2.0,0.0,0.0,2024-10-31
2024,Dadrion Taylor-Demerson,TaylDa02,ARI,23.0,S,8.0,0.0,0.0,5.0,2.0,0.4,12.0,6.0,2.4,0.0,47.9,7.6,6.0,6.0,0.0,0.0,0.0,0.0,0.0,4.0,0.0,0.0,2024-10-31
2024,Drake Thomas,ThomDr00,SEA,24.0,LB,8.0,0.0,0.0,3.0,2.0,0.667,16.0,8.0,5.3,0.0,79.9,4.3,8.0,8.0,1.0,0.0,0.0,0.0,0.0,8.0,1.0,0.111,2024-10-31
2024,Cory Trice,TricCo00,PIT,24.0,DB,3.0,0.0,1.0,3.0,1.0,0.33299999999999996,31.0,31.0,10.3,0.0,33.3,6.3,13.0,18.0,0.0,0.0,0.0,0.0,0.0,2.0,0.0,0.0,2024-10-31
2024,Jeremiah Trotter,TrotJe01,PHI,22.0,LB,7.0,0.0,0.0,1.0,1.0,1.0,5.0,5.0,5.0,0.0,87.5,3.0,3.0,2.0,1.0,0.0,0.0,0.0,0.0,4.0,0.0,0.0,2024-10-31
2024,Isaac Ukwu,UkwuIs00,DET,25.0,DL,2.0,1.0,0.0,0.0,0.0,,0.0,,,0.0,,,0.0,0.0,0.0,2.0,0.0,0.0,2.0,3.0,0.0,0.0,2024-10-31
2024,Kindle Vildor,VildKi00,DET,27.0,CB,7.0,0.0,0.0,2.0,1.0,0.5,0.0,0.0,0.0,0.0,56.2,18.5,0.0,0.0,0.0,0.0,0.0,0.0,0.0,3.0,0.0,0.0,2024-10-31
2024,Josh Wallace,WallJo00,LA,24.0,DB,7.0,2.0,0.0,9.0,3.0,0.33299999999999996,25.0,8.3,2.8,0.0,42.4,7.0,1.0,24.0,3.0,0.0,0.0,0.0,0.0,2.0,2.0,0.5,2024-10-31
2024,Jay Ward,WardJa00,MIN,24.0,S,7.0,0.0,0.0,0.0,0.0,,0.0,,,0.0,,,0.0,0.0,4.0,0.0,1.0,0.0,1.0,3.0,0.0,0.0,2024-10-31
2024,Eric Watts,WattEr00,NYJ,24.0,DL,5.0,0.0,0.0,0.0,0.0,,0.0,,,0.0,,,0.0,0.0,0.0,1.0,0.0,0.0,1.0,6.0,0.0,0.0,2024-10-31
2024,Devin White,WhitDe02,HOU,26.0,LB,1.0,0.0,0.0,2.0,0.0,0.0,0.0,,0.0,0.0,39.6,19.0,0.0,0.0,6.0,3.0,0.0,0.0,3.0,3.0,1.0,0.25,2024-10-31
2024,Colby Wooden,WoodCo01,GB,24.0,DL,5.0,0.0,0.0,0.0,0.0,,0.0,,,0.0,,,0.0,0.0,0.0,0.0,1.0,0.0,1.0,7.0,2.0,0.222,2024-10-31
2024,Matthew Adams,AdamMa00,NYG,29.0,LB,4.0,0.0,0.0,0.0,0.0,,0.0,,,0.0,,,0.0,0.0,1.0,0.0,0.0,0.0,0.0,2.0,1.0,0.33299999999999996,2024-10-31
2024,Myles Adams,AdamMy00,SEA,26.0,DE,3.0,0.0,0.0,0.0,0.0,,0.0,,,0.0,,,0.0,0.0,0.0,1.0,0.0,0.0,1.0,3.0,0.0,0.0,2024-10-31
2024,Kwon Alexander,AlexKw00,DEN,30.0,LB,2.0,1.0,0.0,1.0,1.0,1.0,12.0,12.0,12.0,0.0,116.7,-2.0,-2.0,14.0,0.0,0.0,0.0,0.0,0.0,3.0,1.0,0.25,2024-10-31
2024,Evan Anderson,AndeEv00,SF,22.0,DL,3.0,0.0,0.0,0.0,0.0,,0.0,,,0.0,,,0.0,0.0,0.0,0.0,0.0,1.0,1.0,5.0,0.0,0.0,2024-10-31
2024,Daijahn Anthony,AnthDa00,CIN,24.0,S,7.0,0.0,0.0,1.0,0.0,0.0,0.0,,0.0,0.0,39.6,17.0,0.0,0.0,0.0,0.0,0.0,0.0,0.0,1.0,0.0,0.0,2024-10-31
2024,Joe Bachie,BachJo01,CIN,26.0,LB,8.0,0.0,0.0,0.0,0.0,,0.0,,,0.0,,,0.0,0.0,4.0,1.0,0.0,0.0,1.0,1.0,0.0,0.0,2024-10-31
2024,Angelo Blackson,BlacAn00,ARI,32.0,DL,1.0,0.0,0.0,0.0,0.0,,0.0,,,0.0,,,0.0,0.0,0.0,1.0,0.0,0.0,1.0,1.0,0.0,0.0,2024-10-31
2024,Christian Braswell,BrasCh00,JAX,25.0,CB,3.0,0.0,0.0,2.0,2.0,1.0,13.0,6.5,6.5,0.0,93.7,-3.0,-6.0,19.0,0.0,0.0,0.0,0.0,0.0,5.0,2.0,0.28600000000000003,2024-10-31
2024,Sydney Brown,BrowSy00,PHI,24.0,S,2.0,0.0,0.0,1.0,0.0,0.0,0.0,,0.0,0.0,39.6,21.0,0.0,0.0,0.0,0.0,0.0,0.0,0.0,1.0,0.0,0.0,2024-10-31
2024,Baron Browning,BrowBa01,DEN,25.0,OLB,4.0,2.0,0.0,2.0,1.0,0.5,1.0,1.0,0.5,0.0,56.2,-4.0,-5.0,6.0,7.0,0.0,0.0,0.0,0.0,6.0,0.0,0.0,2024-10-31
2024,Amari Burney,BurnAm00,LV,24.0,LB,8.0,0.0,0.0,2.0,2.0,1.0,39.0,19.5,19.5,0.0,118.7,3.0,6.0,33.0,1.0,1.0,0.0,0.0,1.0,2.0,1.0,0.33299999999999996,2024-10-31
2024,Artie Burns,BurnAr00,SEA,29.0,CB,1.0,0.0,0.0,3.0,1.0,0.33299999999999996,7.0,7.0,2.3,0.0,42.4,5.7,5.0,2.0,0.0,0.0,0.0,0.0,0.0,1.0,0.0,0.0,2024-10-31
2024,Myles Cole,ColeMy00,JAX,24.0,DE,2.0,0.0,0.0,0.0,0.0,,0.0,,,0.0,,,0.0,0.0,0.0,0.0,0.0,0.0,0.0,1.0,1.0,0.5,2024-10-31
2024,Marcus Davenport,DaveMa00,DET,28.0,DL,2.0,1.0,0.0,0.0,0.0,,0.0,,,0.0,,,0.0,0.0,0.0,2.0,3.0,0.5,6.0,2.0,0.0,0.0,2024-10-31
2024,Marcellas Dial,DialMa00,NE,24.0,DB,8.0,0.0,0.0,0.0,0.0,,0.0,,,0.0,,,0.0,0.0,0.0,0.0,0.0,0.0,0.0,2.0,2.0,0.5,2024-10-31
2024,Mike Edwards,EdwaMi01,BUF,28.0,S,3.0,0.0,0.0,2.0,1.0,0.5,5.0,5.0,2.5,0.0,56.2,11.5,4.0,1.0,0.0,0.0,0.0,0.0,0.0,1.0,0.0,0.0,2024-10-31
2024,Caleb Farley,FarlCa00,CAR,26.0,CB,1.0,0.0,0.0,1.0,1.0,1.0,9.0,9.0,9.0,0.0,104.2,9.0,9.0,0.0,0.0,0.0,0.0,0.0,0.0,1.0,0.0,0.0,2024-10-31
2024,Tony Fields,FielTo00,CLE,25.0,LB,1.0,0.0,0.0,0.0,0.0,,0.0,,,0.0,,,0.0,0.0,1.0,0.0,0.0,0.0,0.0,2.0,0.0,0.0,2024-10-31
2024,Joe Gaziano,GaziJo01,JAX,28.0,DE,2.0,0.0,0.0,0.0,0.0,,0.0,,,0.0,,,0.0,0.0,0.0,1.0,0.0,0.0,1.0,2.0,0.0,0.0,2024-10-31
2024,Joe Giles-Harris,GileJo01,NE,27.0,LB,1.0,0.0,0.0,1.0,1.0,1.0,7.0,7.0,7.0,0.0,95.8,-4.0,-4.0,11.0,0.0,0.0,0.0,0.0,0.0,2.0,0.0,0.0,2024-10-31
2024,CJ Goodwin,GoodC.00,DAL,34.0,CB,7.0,0.0,0.0,0.0,0.0,,0.0,,,0.0,,,0.0,0.0,1.0,0.0,0.0,0.0,0.0,1.0,0.0,0.0,2024-10-31
2024,Yetur Gross-Matos,GrosYe00,SF,26.0,DL,3.0,0.0,0.0,0.0,0.0,,0.0,,,0.0,,,0.0,0.0,0.0,0.0,1.0,0.0,1.0,1.0,1.0,0.5,2024-10-31
2024,Michael Hall,HallMi00,CLE,21.0,DT,3.0,0.0,0.0,0.0,0.0,,0.0,,,0.0,,,0.0,0.0,1.0,5.0,1.0,0.0,6.0,3.0,0.0,0.0,2024-10-31
2024,Demone Harris,HarrDe06,ATL,29.0,DL,2.0,0.0,0.0,0.0,0.0,,0.0,,,0.0,,,0.0,0.0,0.0,0.0,1.0,0.0,1.0,2.0,0.0,0.0,2024-10-31
2024,KJ Henry,HenrKJ00,2TM,25.0,,4.0,0.0,0.0,0.0,0.0,,0.0,,,0.0,,,0.0,0.0,0.0,0.0,0.0,1.0,1.0,3.0,0.0,0.0,2024-10-31
2024,Kurt Hinish,HiniKu00,HOU,25.0,DT,2.0,0.0,0.0,0.0,0.0,,0.0,,,0.0,,,0.0,0.0,0.0,0.0,0.0,0.0,0.0,2.0,1.0,0.33299999999999996,2024-10-31
2024,Kadar Hollman,HollKa00,2TM,30.0,,6.0,0.0,0.0,1.0,0.0,0.0,0.0,,0.0,0.0,39.6,-6.0,0.0,0.0,0.0,0.0,0.0,0.0,0.0,2.0,0.0,0.0,2024-10-31
2024,Jalyx Hunt,HuntJa02,PHI,23.0,OLB,6.0,0.0,0.0,0.0,0.0,,0.0,,,0.0,,,0.0,0.0,0.0,0.0,0.0,1.0,1.0,1.0,0.0,0.0,2024-10-31
2024,Brennan Jackson,JackBr02,LA,24.0,OLB,2.0,0.0,0.0,0.0,0.0,,0.0,,,0.0,,,0.0,0.0,2.0,0.0,0.0,0.0,0.0,1.0,0.0,0.0,2024-10-31
2024,McKinnley Jackson,JackMc00,CIN,23.0,DT,4.0,0.0,0.0,0.0,0.0,,0.0,,,0.0,,,0.0,0.0,0.0,1.0,0.0,0.0,1.0,1.0,0.0,0.0,2024-10-31
2024,Quinton Jefferson,JeffQu00,CLE,31.0,DT,5.0,0.0,0.0,0.0,0.0,,0.0,,,0.0,,,0.0,0.0,0.0,0.0,1.0,1.0,2.0,6.0,0.0,0.0,2024-10-31
2024,Desjuan Johnson,JohnDe08,LA,25.0,DE,2.0,0.0,0.0,0.0,0.0,,0.0,,,0.0,,,0.0,0.0,0.0,0.0,0.0,0.0,0.0,4.0,1.0,0.2,2024-10-31
2024,Patrick Johnson,JohnPa02,2TM,26.0,,7.0,0.0,0.0,0.0,0.0,,0.0,,,0.0,,,0.0,0.0,0.0,0.0,1.0,0.0,1.0,1.0,1.0,0.5,2024-10-31
2024,Benito Jones,JoneBe03,MIA,27.0,DT,7.0,5.0,0.0,0.0,0.0,,0.0,,,0.0,,,0.0,0.0,0.0,0.0,1.0,0.0,1.0,9.0,0.0,0.0,2024-10-31
2024,Isaiah Land,LandIs00,IND,24.0,DE,7.0,0.0,0.0,0.0,0.0,,0.0,,,0.0,,,0.0,0.0,0.0,0.0,0.0,0.0,0.0,1.0,2.0,0.667,2024-10-31
2024,James Lynch,LyncJa00,TEN,25.0,DL,7.0,0.0,0.0,0.0,0.0,,0.0,,,0.0,,,0.0,0.0,0.0,1.0,0.0,0.0,1.0,6.0,0.0,0.0,2024-10-31
2024,Jacob Martin,MartJa02,CHI,29.0,DL,1.0,0.0,0.0,0.0,0.0,,0.0,,,0.0,,,0.0,0.0,0.0,2.0,1.0,0.0,2.0,3.0,0.0,0.0,2024-10-31
2024,Ochaun Mathis,MathOc00,NE,25.0,OLB,3.0,0.0,0.0,0.0,0.0,,0.0,,,0.0,,,0.0,0.0,1.0,0.0,0.0,0.0,0.0,1.0,0.0,0.0,2024-10-31
2024,Scott Matlock,MatlSc00,LAC,24.0,DL,7.0,4.0,0.0,1.0,0.0,0.0,0.0,,0.0,0.0,39.6,-5.0,0.0,0.0,0.0,0.0,0.0,1.0,1.0,2.0,0.0,0.0,2024-10-31
2024,Kaevon Merriweather,MerrKa00,TB,25.0,S,7.0,0.0,0.0,2.0,2.0,1.0,54.0,27.0,27.0,1.0,158.3,6.5,13.0,41.0,0.0,0.0,0.0,0.0,0.0,3.0,1.0,0.25,2024-10-31
2024,Caleb Murphy,MurpCa00,TEN,25.0,OLB,2.0,0.0,0.0,0.0,0.0,,0.0,,,0.0,,,0.0,0.0,0.0,1.0,0.0,0.0,1.0,1.0,0.0,0.0,2024-10-31
2024,Yannick Ngakoue,NgakYa00,BAL,29.0,DE,4.0,0.0,0.0,0.0,0.0,,0.0,,,0.0,,,0.0,0.0,0.0,2.0,1.0,1.5,5.0,4.0,0.0,0.0,2024-10-31
2024,Kyle Peko,PekoKy00,DET,31.0,DL,5.0,1.0,0.0,0.0,0.0,,0.0,,,0.0,,,0.0,0.0,0.0,0.0,2.0,0.0,2.0,2.0,0.0,0.0,2024-10-31
2024,Deantre Prince,PrinDe01,JAX,24.0,CB,7.0,0.0,0.0,4.0,2.0,0.5,62.0,31.0,15.5,1.0,135.4,10.0,33.0,29.0,0.0,0.0,0.0,0.0,0.0,2.0,3.0,0.6,2024-10-31
2024,Jalen Redmond,RedmJa01,MIN,25.0,DL,4.0,0.0,0.0,0.0,0.0,,0.0,,,0.0,,,0.0,0.0,0.0,0.0,0.0,1.0,1.0,2.0,0.0,0.0,2024-10-31
2024,Decamerion Richardson,RichDe01,LV,23.0,CB,3.0,0.0,0.0,1.0,1.0,1.0,7.0,7.0,7.0,0.0,95.8,2.0,2.0,5.0,0.0,0.0,0.0,0.0,0.0,1.0,0.0,0.0,2024-10-31
2024,Kendall Sheffield,ShefKe00,NYJ,28.0,CB,1.0,0.0,0.0,1.0,1.0,1.0,7.0,7.0,7.0,0.0,95.8,4.0,4.0,3.0,0.0,0.0,0.0,0.0,0.0,2.0,1.0,0.33299999999999996,2024-10-31
2024,Duke Shelley,ShelDu00,NYG,28.0,CB,1.0,0.0,0.0,1.0,1.0,1.0,6.0,6.0,6.0,0.0,91.7,4.0,4.0,2.0,0.0,0.0,0.0,0.0,0.0,1.0,0.0,0.0,2024-10-31
2024,Ben Skowronek,SkowBe00,PIT,27.0,WR,2.0,0.0,0.0,0.0,0.0,,0.0,,,0.0,,,0.0,0.0,1.0,0.0,0.0,0.0,0.0,1.0,0.0,0.0,2024-10-31
2024,Ben Stille,StilBe00,2TM,27.0,,5.0,0.0,0.0,0.0,0.0,,0.0,,,0.0,,,0.0,0.0,0.0,0.0,0.0,1.0,1.0,2.0,0.0,0.0,2024-10-31
2024,Xavier Thomas,ThomXa01,ARI,25.0,OLB,5.0,0.0,0.0,1.0,1.0,1.0,7.0,7.0,7.0,0.0,95.8,-6.0,-6.0,13.0,4.0,0.0,0.0,0.0,0.0,2.0,0.0,0.0,2024-10-31
2024,Mekhi Wingo,WingMe00,DET,21.0,DL,7.0,0.0,0.0,0.0,0.0,,0.0,,,0.0,,,0.0,0.0,0.0,1.0,1.0,0.0,2.0,5.0,0.0,0.0,2024-10-31
2024,DeVon Achane,AchaDe00,MIA,23.0,RB,7.0,6.0,0.0,1.0,1.0,1.0,6.0,6.0,6.0,1.0,131.2,6.0,6.0,0.0,0.0,0.0,0.0,0.0,0.0,0.0,0.0,,2024-10-31
2024,Brian Asamoah,AsamBr00,MIN,24.0,LB,7.0,0.0,0.0,1.0,1.0,1.0,9.0,9.0,9.0,0.0,104.2,3.0,3.0,6.0,7.0,0.0,0.0,0.0,0.0,1.0,0.0,0.0,2024-10-31
2024,Alex Austin,AustAl00,NE,23.0,CB,3.0,0.0,0.0,1.0,1.0,1.0,10.0,10.0,10.0,1.0,147.9,-1.0,-1.0,11.0,0.0,0.0,0.0,0.0,0.0,0.0,1.0,1.0,2024-10-31
2024,Denico Autry,AutrDe00,HOU,34.0,DE,2.0,0.0,0.0,0.0,0.0,,0.0,,,0.0,,,0.0,0.0,0.0,0.0,2.0,0.0,2.0,0.0,2.0,1.0,2024-10-31
2024,Braxton Berrios,BerrBr00,MIA,29.0,WR,6.0,0.0,0.0,0.0,0.0,,0.0,,,0.0,,,0.0,0.0,1.0,0.0,0.0,0.0,0.0,0.0,1.0,1.0,2024-10-31
2024,Tank Bigsby,BigsTa00,JAX,23.0,RB,8.0,1.0,0.0,0.0,0.0,,0.0,,,0.0,,,0.0,0.0,1.0,0.0,0.0,0.0,0.0,0.0,0.0,,2024-10-31
2024,Ethan Bonner,BonnEt00,MIA,25.0,CB,2.0,0.0,0.0,0.0,0.0,,0.0,,,0.0,,,0.0,0.0,1.0,0.0,0.0,0.0,0.0,0.0,0.0,,2024-10-31
2024,AJ Cole,ColeAJ01,LV,29.0,P,8.0,0.0,0.0,0.0,0.0,,0.0,,,0.0,,,0.0,0.0,1.0,0.0,0.0,0.0,0.0,0.0,0.0,,2024-10-31
2024,Drew Dalman,DalmDr00,ATL,26.0,OL,3.0,3.0,0.0,1.0,0.0,0.0,0.0,,0.0,0.0,39.6,14.0,0.0,0.0,0.0,0.0,0.0,0.0,0.0,0.0,0.0,,2024-10-31
2024,Michael Davis,DaviMi03,WAS,29.0,CB,8.0,1.0,0.0,6.0,3.0,0.5,62.0,20.7,10.3,0.0,86.8,3.8,11.0,51.0,0.0,0.0,0.0,0.0,0.0,4.0,3.0,0.429,2024-10-31
2024,Branson Deen,DeenBr00,BUF,24.0,DT,1.0,0.0,0.0,0.0,0.0,,0.0,,,0.0,,,0.0,0.0,0.0,0.0,0.0,0.0,0.0,0.0,1.0,1.0,2024-10-31
2024,Cam Gill,GillCa00,CAR,27.0,OLB,1.0,0.0,0.0,0.0,0.0,,0.0,,,0.0,,,0.0,0.0,3.0,0.0,0.0,0.0,0.0,0.0,0.0,,2024-10-31
2024,Trevis Gipson,GipsTr00,SEA,27.0,LB,5.0,0.0,0.0,2.0,2.0,1.0,16.0,8.0,8.0,1.0,139.6,1.5,3.0,13.0,2.0,0.0,0.0,0.0,0.0,0.0,2.0,1.0,2024-10-31
2024,Art Green,GreeAr01,NYG,24.0,CB,1.0,0.0,0.0,1.0,0.0,0.0,0.0,,0.0,0.0,39.6,17.0,0.0,0.0,0.0,0.0,0.0,0.0,0.0,1.0,0.0,0.0,2024-10-31
2024,Mike Greene,GreeMi01,TB,25.0,DL,3.0,0.0,0.0,0.0,0.0,,0.0,,,0.0,,,0.0,0.0,0.0,1.0,0.0,0.0,1.0,2.0,0.0,0.0,2024-10-31
2024,Lawrence Guy,GuyxLa00,CIN,34.0,DT,4.0,2.0,0.0,0.0,0.0,,0.0,,,0.0,,,0.0,0.0,0.0,0.0,0.0,0.0,0.0,2.0,1.0,0.33299999999999996,2024-10-31
2024,Bryce Hall,HallBr02,TB,27.0,CB,1.0,0.0,0.0,3.0,1.0,0.33299999999999996,5.0,5.0,1.7,0.0,42.4,12.3,-3.0,8.0,0.0,0.0,0.0,0.0,0.0,0.0,0.0,,2024-10-31
2024,Parker Hesse,HessPa00,DET,29.0,TE,5.0,1.0,0.0,1.0,1.0,1.0,0.0,0.0,0.0,0.0,79.2,0.0,0.0,0.0,2.0,0.0,0.0,0.0,0.0,0.0,1.0,1.0,2024-10-31
2024,Darnay Holmes,HolmDa01,LV,26.0,CB,8.0,0.0,0.0,3.0,2.0,0.667,14.0,7.0,4.7,0.0,77.1,10.7,4.0,10.0,0.0,0.0,0.0,0.0,0.0,1.0,1.0,0.5,2024-10-31
2024,James Houston,HousJa01,DET,26.0,LB,4.0,0.0,0.0,1.0,1.0,1.0,8.0,8.0,8.0,0.0,100.0,3.0,3.0,5.0,4.0,0.0,1.0,0.0,1.0,2.0,0.0,0.0,2024-10-31
2024,Keenan Isaac,IsaaKe00,TB,24.0,CB,3.0,0.0,0.0,0.0,0.0,,0.0,,,0.0,,,0.0,0.0,1.0,0.0,0.0,0.0,0.0,0.0,0.0,,2024-10-31
2024,Tarron Jackson,JackTa02,CAR,26.0,OLB,3.0,0.0,0.0,0.0,0.0,,0.0,,,0.0,,,0.0,0.0,2.0,0.0,0.0,0.0,0.0,0.0,1.0,1.0,2024-10-31
2024,Gabe Jeudy-Lally,JeudGa00,TEN,23.0,CB,2.0,0.0,0.0,0.0,0.0,,0.0,,,0.0,,,0.0,0.0,1.0,0.0,0.0,0.0,0.0,0.0,0.0,,2024-10-31
2024,Kingsley Jonathan,JonaKi00,BUF,26.0,DE,1.0,0.0,0.0,0.0,0.0,,0.0,,,0.0,,,0.0,0.0,0.0,0.0,1.0,0.0,1.0,0.0,0.0,,2024-10-31
2024,Mohamed Kamara,KamaMo00,MIA,25.0,LB,1.0,0.0,0.0,0.0,0.0,,0.0,,,0.0,,,0.0,0.0,0.0,1.0,1.0,0.0,2.0,1.0,0.0,0.0,2024-10-31
2024,Vederian Lowe,LoweVe00,NE,25.0,T,5.0,4.0,0.0,1.0,1.0,1.0,1.0,1.0,1.0,0.0,79.2,-2.0,-2.0,3.0,1.0,0.0,0.0,0.0,0.0,0.0,0.0,,2024-10-31
2024,Damarri Mathis,MathDa00,DEN,25.0,CB,2.0,0.0,0.0,2.0,0.0,0.0,0.0,,0.0,0.0,39.6,13.0,0.0,0.0,0.0,0.0,0.0,0.0,0.0,1.0,0.0,0.0,2024-10-31
2024,Arthur Maulet,MaulAr00,BAL,31.0,CB,1.0,0.0,0.0,1.0,1.0,1.0,17.0,17.0,17.0,0.0,118.7,15.0,15.0,2.0,3.0,0.0,0.0,0.0,0.0,1.0,1.0,0.5,2024-10-31
2024,Bobby McCain,McCaBo01,MIN,31.0,S,2.0,0.0,0.0,2.0,1.0,0.5,5.0,5.0,2.5,0.0,56.2,2.5,5.0,0.0,0.0,0.0,0.0,0.0,0.0,0.0,0.0,,2024-10-31
2024,Kendre Miller,MillKe01,NO,22.0,RB,2.0,0.0,0.0,1.0,0.0,0.0,0.0,,0.0,0.0,39.6,0.0,0.0,0.0,0.0,0.0,0.0,0.0,0.0,0.0,0.0,,2024-10-31
2024,Nicholas Morrow,MorrNi00,BUF,29.0,LB,8.0,0.0,0.0,2.0,2.0,1.0,14.0,7.0,7.0,1.0,135.4,0.0,0.0,14.0,0.0,0.0,0.0,0.0,0.0,1.0,0.0,0.0,2024-10-31
2024,Al-Quadin Muhammad,MuhaAl00,DET,29.0,LB,1.0,1.0,0.0,0.0,0.0,,0.0,,,0.0,,,0.0,0.0,0.0,2.0,0.0,0.0,2.0,0.0,0.0,,2024-10-31
2024,Tanner Muse,MuseTa00,JAX,28.0,LB,3.0,0.0,0.0,1.0,1.0,1.0,0.0,0.0,0.0,0.0,79.2,0.0,0.0,0.0,0.0,0.0,0.0,0.0,0.0,1.0,0.0,0.0,2024-10-31
2024,Pat OConnor,OConPa00,DET,31.0,DL,2.0,0.0,0.0,1.0,1.0,1.0,5.0,5.0,5.0,0.0,87.5,5.0,5.0,0.0,0.0,1.0,0.0,0.0,1.0,4.0,1.0,0.2,2024-10-31
2024,Adetokunbo Ogundeji,OgunAd01,PIT,26.0,OLB,3.0,0.0,0.0,0.0,0.0,,0.0,,,0.0,,,0.0,0.0,3.0,0.0,0.0,0.0,0.0,0.0,0.0,,2024-10-31
2024,Esezi Otomewo,OtomEs00,JAX,26.0,DT,4.0,2.0,0.0,0.0,0.0,,0.0,,,0.0,,,0.0,0.0,0.0,1.0,1.0,0.5,3.0,4.0,0.0,0.0,2024-10-31
2024,Jordan Phillips,PhilJo01,DAL,32.0,DT,2.0,0.0,0.0,0.0,0.0,,0.0,,,0.0,,,0.0,0.0,0.0,1.0,1.0,0.0,2.0,1.0,0.0,0.0,2024-10-31
2024,Alec Pierce,PierAl00,IND,24.0,WR,8.0,8.0,0.0,1.0,0.0,0.0,0.0,,0.0,0.0,39.6,0.0,0.0,0.0,0.0,0.0,0.0,0.0,0.0,0.0,0.0,,2024-10-31
2024,Jackson Powers-Johnson,PoweJa00,LV,21.0,OG,6.0,5.0,0.0,0.0,0.0,,0.0,,,0.0,,,0.0,0.0,1.0,0.0,0.0,0.0,0.0,0.0,0.0,,2024-10-31
2024,Haason Reddick,ReddHa00,NYJ,30.0,LB,1.0,0.0,0.0,0.0,0.0,,0.0,,,0.0,,,0.0,0.0,6.0,0.0,0.0,0.0,0.0,0.0,0.0,,2024-10-31
2024,Trey Sermon,SermTr00,IND,25.0,RB,8.0,3.0,0.0,1.0,0.0,0.0,0.0,,0.0,0.0,39.6,21.0,0.0,0.0,0.0,0.0,0.0,0.0,0.0,0.0,0.0,,2024-10-31
2024,Jamie Sheriff,SherJa01,2TM,24.0,,2.0,0.0,0.0,0.0,0.0,,0.0,,,0.0,,,0.0,0.0,5.0,0.0,0.0,0.0,0.0,0.0,0.0,,2024-10-31
2024,Joey Slye,SlyeJo00,NE,28.0,K,8.0,0.0,0.0,1.0,0.0,0.0,0.0,,0.0,0.0,39.6,6.0,0.0,0.0,0.0,0.0,0.0,0.0,0.0,0.0,0.0,,2024-10-31
2024,TJ Smith,SmitTJ00,CAR,27.0,DT,3.0,0.0,0.0,0.0,0.0,,0.0,,,0.0,,,0.0,0.0,0.0,1.0,0.0,0.0,1.0,2.0,0.0,0.0,2024-10-31
2024,Terell Smith,SmitTe05,CHI,25.0,DB,4.0,1.0,0.0,1.0,0.0,0.0,0.0,,0.0,0.0,39.6,21.0,0.0,0.0,0.0,0.0,0.0,0.0,0.0,0.0,0.0,,2024-10-31
2024,Loren Strickland,StriLo00,DET,24.0,S,3.0,0.0,0.0,1.0,1.0,1.0,0.0,0.0,0.0,0.0,79.2,0.0,0.0,0.0,0.0,0.0,0.0,0.0,0.0,0.0,0.0,,2024-10-31
2024,Courtland Sutton,SuttCo00,DEN,29.0,WR,8.0,6.0,0.0,1.0,0.0,0.0,0.0,,0.0,0.0,39.6,0.0,0.0,0.0,0.0,0.0,0.0,0.0,0.0,0.0,0.0,,2024-10-31
2024,Sione Takitaki,TakiSi00,NE,29.0,LB,2.0,0.0,0.0,0.0,0.0,,0.0,,,0.0,,,0.0,0.0,2.0,0.0,0.0,0.0,0.0,1.0,0.0,0.0,2024-10-31
2024,TJ Tampa,TampTJ00,BAL,22.0,CB,4.0,0.0,0.0,0.0,0.0,,0.0,,,0.0,,,0.0,0.0,0.0,0.0,0.0,0.0,0.0,1.0,1.0,0.5,2024-10-31
2024,Adam Thielen,ThieAd00,CAR,34.0,WR,3.0,3.0,0.0,1.0,0.0,0.0,0.0,,0.0,0.0,39.6,33.0,0.0,0.0,0.0,0.0,0.0,0.0,0.0,0.0,0.0,,2024-10-31
2024,Cameron Thomas,ThomCa03,KC,24.0,DE,3.0,0.0,0.0,0.0,0.0,,0.0,,,0.0,,,0.0,0.0,0.0,0.0,0.0,0.0,0.0,0.0,1.0,1.0,2024-10-31
2024,Eyioma Uwazurike,UwazEy00,DEN,26.0,DL,1.0,0.0,0.0,0.0,0.0,,0.0,,,0.0,,,0.0,0.0,0.0,0.0,0.0,0.0,0.0,4.0,1.0,0.2,2024-10-31
2024,Carrington Valentine,ValeCa00,GB,23.0,CB,6.0,0.0,0.0,3.0,2.0,0.667,25.0,12.5,8.3,0.0,92.4,17.7,15.0,10.0,0.0,0.0,0.0,0.0,0.0,3.0,1.0,0.25,2024-10-31
2024,Jihad Ward,WardJi02,MIN,30.0,OLB,7.0,0.0,0.0,0.0,0.0,,0.0,,,0.0,,,0.0,0.0,30.0,3.0,7.0,0.0,10.0,0.0,0.0,,2024-10-31
2024,Broderick Washington,WashBr01,BAL,28.0,DT,6.0,0.0,0.0,0.0,0.0,,0.0,,,0.0,,,0.0,0.0,0.0,3.0,0.0,0.0,3.0,4.0,3.0,0.429,2024-10-31
2024,Carlos Watkins,WatkCa00,2TM,31.0,,6.0,0.0,0.0,0.0,0.0,,0.0,,,0.0,,,0.0,0.0,0.0,1.0,0.0,0.0,1.0,2.0,0.0,0.0,2024-10-31
2024,Blake Watson,WatsBl00,DEN,25.0,RB,1.0,0.0,0.0,0.0,0.0,,0.0,,,0.0,,,0.0,0.0,2.0,0.0,0.0,0.0,0.0,0.0,0.0,,2024-10-31
2024,Markees Watts,WattMa00,TB,25.0,OLB,5.0,0.0,0.0,0.0,0.0,,0.0,,,0.0,,,0.0,0.0,3.0,1.0,0.0,0.0,1.0,0.0,0.0,,2024-10-31
2024,James Williams,WillJa15,TEN,21.0,LB,3.0,0.0,0.0,1.0,0.0,0.0,0.0,,0.0,0.0,39.6,0.0,0.0,0.0,0.0,0.0,0.0,0.0,0.0,0.0,0.0,,2024-10-31
2024,Jonah Williams,WillJo16,2TM,29.0,,3.0,0.0,0.0,0.0,0.0,,0.0,,,0.0,,,0.0,0.0,0.0,1.0,1.0,0.0,2.0,1.0,0.0,0.0,2024-10-31
2024,Oshane Ximines,XimiOs00,NE,28.0,OLB,2.0,0.0,0.0,1.0,1.0,1.0,3.0,3.0,3.0,0.0,79.2,0.0,0.0,3.0,0.0,0.0,0.0,0.0,0.0,1.0,1.0,0.5,2024-10-31
